word,count
di,21030
nakeuh,20771
bak,17945
acèh,17483
nyoe,13102
gampông,12103
gunong,11863
data,11093
nyang,8667
lam,7733
laman,7392
nè,7263
saboh,6260
nibak,4898
drosophila,4719
seuneubeuet,4238
na,4197
kabupatèn,3937
ngon,3697
lumbôi,3577
keu,3573
peumeurèntah,3565
lé,3487
bab,3144
manga,3114
nyan,3056
propinsi,3034
la,2897
keucamatan,2668
pidie,2445
rayek,2425
of,2347
ôt,2338
da,2236
luwa,2212
irah,2183
timu,2134
global,2131
spèsiès,2131
information,2125
life,2124
encyclopedia,2121
biodiversity,2120
takson,2118
facility,2118
peunawôt,2111
dètèktif,2074
conan,2074
manyang,2020
babah,1918
ateuh,1911
com,1890
mètè,1885
teunom,1879
daerah,1868
cuaca,1854
koordinat,1854
matauroe,1849
layer,1847
openstreetmap,1847
geonames,1847
wikidata,1847
nasa,1847
teubiet,1847
sunrisesunset,1847
bireuen,1630
pulo,1530
teunggara,1334
thôn,1235
indonesia,1228
jeupun,1174
seulatan,1173
ureuëng,1147
banda,1139
jaya,1138
bahsa,1125
ngön,1114
kabupaten,1098
ka,1095
atawa,1065
provinsi,1051
volume,1044
geuseumurat,1037
gosho,1037
aoyama,1037
shogakkukan,1037
geupeuteubiet,1027
ureueng,990
wilayah,963
that,934
nang,889
scaptodrosophila,840
barat,836
mukim,827
al,812
teungöh,804
nan,788
scaptomyza,786
nyoë,782
boh,769
cit,739
surat,739
hana,690
nanggroë,688
barôh,679
neugara,661
jih,633
blang,620
raya,602
nabi,586
allah,557
sidroe,544
masa,542
nanggroe,540
simeulue,537
eungkôt,536
dari,535
prang,530
islam,524
én,519
kuta,512
le,505
jeuet,503
glé,472
amirika,470
keurajeuën,460
jeuët,458
darul,452
cöt,448
dayah,427
aceh,418
ban,418
buleuën,411
padum,407
an,402
barô,402
aktor,399
phôn,398
keuh,383
utara,373
jeunèh,365
indônèsia,364
simpang,355
tunong,351
uroe,351
kota,339
rusia,333
lom,332
beulanda,329
uroë,325
nanggroejih,323
rumania,323
kuala,321
dua,320
dan,312
blah,302
meunasah,302
alue,302
raja,301
lawe,299
bansa,298
watèe,298
droë,294
krueng,294
geukheun,290
teungoh,288
leubèh,286
paléng,285
meu,285
aneuk,284
asia,283
arab,281
the,280
meriah,279
asay,278
sukèë,277
kayém,276
bener,276
gobnyan,276
lagèe,271
geu,270
teuntra,268
tiga,266
teumpat,264
inggréh,257
tanoh,257
deungon,257
subulussalam,257
mandum,256
bandar,251
cot,247
agama,245
syarikat,245
peusangan,244
burni,241
meuseujid,239
ta,235
salah,235
sampoë,230
kawan,230
ayat,230
muhammad,229
geupeunan,228
teuka,228
dalam,225
peureulak,225
pih,224
jawa,223
bukét,221
yang,221
ie,221
kuwasa,219
antara,217
kitab,217
kayèe,217
langsa,215
jeut,214
laôt,213
ië,211
lheuëh,208
padang,206
timur,206
malaysia,205
paya,203
panté,202
qur,201
batèe,201
droe,200
mantong,199
lhôkseumawe,197
rot,195
rôh,194
viètnam,194
km,193
seubagoë,189
sidroë,189
darussalam,188
cicém,187
buleuen,187
seubagoe,186
peukan,186
china,185
asai,184
duwa,184
makmur,184
alam,183
duëk,182
bin,182
filipina,182
dônya,179
teunuléh,179
afrika,179
nagan,179
meunan,177
thon,177
baru,174
iërupa,173
dum,173
haji,172
latèn,171
india,168
udép,168
cina,168
sultan,167
lhôk,167
idi,167
oh,167
bintang,167
kawasan,166
tarèh,163
as,163
indra,163
lhôksukôn,162
portugéh,160
awai,159
jeupang,158
luwah,157
muangthai,156
sumatra,155
kruëng,155
neuduëk,153
bumoë,153
de,151
teungku,149
mesjid,149
prefektur,149
tanjông,149
abad,148
gopnyan,147
meulayu,146
kapai,146
cut,146
geungui,145
lahé,144
ulama,143
mongolia,142
lheueh,142
basa,141
abu,141
laén,140
jumeulah,139
ubeut,138
ôn,138
dairah,137
jinoe,136
sôleutan,136
saban,135
kawôm,135
mata,135
tiji,135
narit,134
panyang,134
dapeuta,134
genus,134
kluet,133
pusat,131
pasi,130
bandara,130
manusia,130
bukit,130
korèa,129
siblah,129
sakti,129
ulim,129
lagèë,127
sabang,127
teuma,127
han,126
ji,124
at,124
rumoh,123
hukôm,123
seunurat,123
awak,123
universitas,123
seumayang,122
disinan,121
jameun,121
singké,121
jeumpa,120
sampoe,120
buet,119
mutiara,119
muda,118
ne,118
haraih,118
ii,118
bungong,118
oblast,117
geurapèe,117
meunatang,116
lumpur,116
jinoë,115
seureuta,115
raseumi,115
and,115
geujak,114
aman,114
hindia,113
yôh,113
agam,113
labuhan,113
gampong,113
geulumpang,113
riwayat,112
reusam,112
peurancih,112
rakyat,111
peukara,111
mangat,111
laju,111
indrapuri,111
republik,110
utama,110
samalanga,110
gajah,109
jitamong,109
lhèe,109
timue,109
pidië,108
bhaih,108
peudada,108
puasa,108
nyakni,107
itam,107
bhah,107
gubernur,107
ingin,107
beunagi,106
keujadian,106
ra,106
geudrop,106
sa,105
ma,104
eu,104
meuhat,104
ulèe,104
juli,104
neu,104
teupah,104
seulat,103
inong,103
tuha,103
jangka,102
ujông,101
sabab,101
ah,101
babul,100
maté,99
in,98
jak,98
seubab,98
cara,97
dudoë,97
tiro,97
matang,96
mirah,96
peunténg,96
salang,96
malaka,95
rayeuk,95
sikula,95
jagong,95
delima,95
ali,94
duek,94
maghribi,94
kembang,94
seulimum,94
meuceuë,93
keurajeuen,93
geupeubloe,93
meunyo,92
ala,92
madinah,92
meuhasé,92
rèpublik,91
èn,91
hasé,91
peuët,91
meujangeun,91
umu,90
jakarta,90
rantau,90
peunajôh,89
bah,89
hikayat,89
seuneubôk,89
peunula,89
asoe,89
gayo,88
gandapura,88
bur,88
tiep,87
pisang,87
aseuli,87
muara,87
umar,86
geuturi,86
peuet,86
wareuna,86
ara,86
wajéb,85
trôh,85
baro,85
saw,84
geupeugot,84
geupuphôn,84
geupeudong,84
keunira,83
macam,83
makkiyah,83
alas,82
rab,81
watèë,81
sabé,81
kri,81
gamba,81
chik,81
montasik,81
röt,80
binèh,80
turuki,80
geucok,80
go,80
malam,80
keurija,80
bani,80
bagi,79
tujôh,79
siblaih,79
gala,79
tinggai,78
haba,78
deungön,78
web,78
sigala,78
jeumeulah,77
akhé,77
brasil,77
bagian,77
rasul,77
julôk,77
ekonomi,76
keunan,76
buët,76
ramèe,76
peuneudong,76
meunyoe,75
èleumèe,75
kalimantan,75
daya,74
biasa,74
ramadhan,74
sifeut,74
udara,74
seunagan,74
famili,74
bambel,74
juta,73
trép,73
putéh,73
itali,73
tanda,73
meuiman,73
lahe,73
tapi,72
sistem,72
bada,72
bulan,72
hasan,71
lhok,71
nara,71
sukamakmur,71
abdul,70
van,70
gata,70
trumon,70
nurussalam,70
geunguy,69
australia,69
ibrahim,69
sungai,69
imarah,69
filem,69
album,69
ateuëh,68
selatan,68
peu,68
timor,68
ék,68
lheuh,68
tangsé,68
tokyo,68
silih,68
taman,67
carékat,67
otonomi,67
kon,67
bumoe,67
pasè,67
nanggroëjih,66
pegasing,66
en,65
rupa,65
meuseubab,65
syah,65
babussalam,65
jitimoh,65
donya,64
ceuë,64
kareueng,64
glie,64
meula,63
chit,63
kamboja,63
brat,63
malaikat,63
beuna,63
alamnyoe,63
tenggara,63
hadih,62
referensi,62
meurah,62
goh,62
kaphé,62
khalifah,62
bhan,62
kode,62
madat,62
bayeun,62
leuser,61
nyankeuh,61
badan,61
seujarah,61
rayeuek,61
geuh,61
samadua,61
samudra,60
darat,60
kecamatan,60
panglima,60
lhông,60
yèe,60
rahmah,60
ruja,59
tiëp,59
on,59
bangsa,59
gaki,59
si,59
jeureuman,59
naleueng,59
hasanah,59
mantöng,58
hudép,58
abdullah,58
keudèe,58
linge,58
mat,57
ureung,57
situs,57
keuneuk,57
tom,57
geumat,57
neuh,57
polinesia,57
badar,57
kira,56
kureuëng,56
uni,56
watee,56
tamong,56
meuninggai,56
plôh,56
dali,56
to,56
uëh,56
lhôknga,56
meunurôt,55
sama,55
geupeugah,55
meumacam,55
dilèe,55
meuyub,55
batu,55
geurija,55
lueng,55
gunung,55
deleng,55
bireum,55
trôk,54
limong,54
teumiëng,54
sagoë,54
musa,54
sipak,54
latin,54
baroh,54
peuta,54
bidari,54
toquinho,54
ketambe,54
bebesen,54
geubôh,53
rasulullah,53
galak,53
no,53
bideuëng,53
nam,53
gam,53
tengah,53
trienggadéng,53
ketol,53
sinan,52
kayèë,52
syiah,52
latén,52
jipeugot,52
saudi,52
neuduek,52
pucôk,52
biasajih,52
keunong,52
meurumpok,52
grông,52
abeujad,52
jalan,51
lagee,51
ahli,51
lawan,51
lapan,51
ôh,51
anggèta,51
tusam,51
seupanyo,50
leste,50
peuneugah,50
abéh,50
musibah,50
geumpa,50
seugolom,50
geurakan,50
neupeutrön,50
city,50
kuasa,49
saweuëb,49
thailand,49
http,49
ubat,49
aseuka,49
geubri,49
ibadah,49
distrik,49
ummat,49
mila,49
meukek,49
meulaka,49
geupeudöng,48
bacut,48
barang,48
kiamat,48
masyarakat,48
meunyoë,48
mongol,48
juang,48
beu,48
kunèng,48
hijriyah,48
sigli,48
rundeng,48
trok,47
adat,47
romawi,47
pasifik,47
banuwa,47
kazakhstan,47
meurdèka,47
ratu,47
presiden,47
meukah,47
garéh,46
sit,46
geupeugöt,46
meupadum,46
peulimbang,46
ateueh,46
turki,46
mu,46
id,46
nusantara,46
kuril,46
kareung,46
palôh,46
budé,46
iskandar,45
makmu,45
lhèë,45
asy,45
fakultas,45
siplôh,45
asan,45
tabeue,45
semadam,45
leupah,44
utsmani,44
budaya,44
akan,44
meuceue,44
masehi,44
pandrah,44
meuniaga,44
peuë,44
woyla,44
me,44
pokhkisen,44
ujong,43
teuku,43
uteuën,43
myanmar,43
www,43
muka,43
departemen,43
teutap,43
neubri,43
soviet,43
toë,43
ihsan,43
daulat,43
film,43
administrasijih,43
suak,43
nnyang,43
rata,42
peureuté,42
zat,42
meutamah,42
ladôm,42
laos,42
meuphôm,42
ubit,42
mon,42
nanjih,42
eropa,42
kulét,42
new,42
keumawé,42
letjen,42
kebayakan,42
meuhubông,41
phon,41
siti,41
suci,41
daud,41
alat,41
leumo,41
buleun,41
paleng,41
administratif,41
keubit,41
blanda,41
krai,41
seulawah,41
with,41
dong,40
tuhan,40
peunyakét,40
singkil,40
meukeusud,40
untuk,40
kayem,40
kute,40
sumur,40
po,39
göt,39
iman,39
teuk,39
tanggai,39
curak,39
peugot,39
wangsa,39
bu,39
ulèë,39
away,39
ho,39
sakét,39
wih,39
guha,39
asyura,39
samatiga,39
kumbang,39
epinephelus,39
iran,38
meujan,38
geuduëk,38
kamal,38
saweub,38
kalon,38
geupuga,38
chi,38
lampôh,38
diwan,38
uteuen,38
dubai,38
pante,38
serbajadi,38
peudawa,38
selamat,38
teupin,38
su,37
miseuë,37
karu,37
keuneubah,37
vietnam,37
calitra,37
org,37
hai,37
maséng,37
ramè,37
makkah,37
ba,37
pustaka,37
tasék,37
mèe,37
keutapang,37
leubiem,37
tapaktuan,36
mula,36
bhutan,36
singapura,36
sya,36
leumah,36
lama,36
mita,36
ubah,36
teudong,36
urueng,36
mulia,36
geuneuk,36
aluë,36
suriyah,36
sunda,36
dengan,36
panton,36
miao,36
leubeh,35
maroko,35
geupimpin,35
kalimat,35
hareutoejih,35
ot,35
istilah,35
keuluarga,35
militè,35
talô,35
balang,35
sikureuëng,35
beuet,35
karang,35
lamuri,35
luah,35
quraisy,35
polandia,35
hak,35
limöng,35
pahlawan,35
mas,35
jangeun,35
thoen,35
drien,35
timang,34
keuduwa,34
chili,34
saweueb,34
peungarôh,34
peugah,34
umum,34
èleumèë,34
ujung,34
timoh,34
titék,34
sigom,34
balèe,34
peudong,34
dr,34
ayah,34
beunantu,34
honshu,34
ijô,34
wisata,34
beutong,34
bangka,34
ng,34
do,34
jeundran,34
pintu,34
laen,33
saböh,33
jan,33
man,33
jitamöng,33
iseulam,33
kheun,33
hayeuë,33
papua,33
yunani,33
bupati,33
ahmad,33
syafi,33
seugohlom,33
karena,33
kalheuh,33
sagoe,33
pada,33
suka,33
bakôngan,33
jipeugah,33
lagu,33
mana,33
kiri,33
mekkah,32
resmi,32
tubôh,32
bandum,32
sahbat,32
geuweuëk,32
meubida,32
teluk,32
areuti,32
tinggi,32
waki,32
tingkat,32
ke,32
khan,32
ibnu,32
internasional,32
bakar,32
sulawèsi,32
johan,32
bahagia,32
permata,32
you,32
paus,32
cm,32
geografi,31
tanöh,31
atlantik,31
ceunatat,31
siyasat,31
asoë,31
meuh,31
taréh,31
bayu,31
sagai,31
langsông,31
jakeuët,31
arôn,31
rimueng,31
pue,31
lembah,31
dudoe,31
neujak,31
bri,31
airlines,31
kampung,31
jiba,31
baitussalam,31
aweueh,31
ben,31
salahuddin,31
hubôngan,30
ar,30
kala,30
nacit,30
langèt,30
minyeuk,30
geupeuna,30
neubeuët,30
john,30
sm,30
gla,30
jijak,30
janji,30
ceue,30
bèk,30
organisasi,30
awaknyan,30
wafeuët,30
meuntroë,30
kisah,30
tanah,30
seulamat,30
bali,30
sakhalin,30
sawang,30
sukajaya,30
trieng,30
peurentah,30
drama,30
snouck,30
napolèon,30
salib,30
penanggalan,30
tor,30
jantho,30
pirak,29
geupeugèt,29
gurèe,29
irlandia,29
mulai,29
jaroë,29
ubéna,29
yusuf,29
meuntroe,29
isa,29
geuplah,29
katolik,29
for,29
kubu,29
prèsidèn,29
utôsan,29
tuanku,29
bala,29
arôngan,29
lambalék,29
pasie,29
versi,29
mancang,29
pala,29
putih,28
irak,28
meubileuëng,28
keulayi,28
haté,28
beunileuëng,28
quran,28
tamöng,28
bida,28
nasional,28
britania,28
modern,28
meusapat,28
meuprang,28
takalon,28
sukôn,28
hareuta,28
maka,28
ulee,28
moto,28
ayatjih,28
neupeunan,28
nakhon,28
kayee,28
air,28
sri,28
hapé,28
panga,28
nikobar,28
alos,28
teuduek,27
musém,27
pt,27
jama,27
sunnah,27
makhluk,27
angèn,27
kanada,27
keurajeun,27
sukèe,27
lagè,27
makna,27
periode,27
mamplam,27
mungkén,27
geutuléh,27
geuthèe,27
jeu,27
tugaih,27
breuëh,27
iii,27
parlemen,27
ukeu,27
jirat,27
atol,27
malik,27
melanesia,27
fiji,27
geulayang,27
ladang,27
madaniyah,27
banten,27
toe,27
sigohlom,27
kanan,27
panah,27
acara,27
jawi,27
pesam,27
tropis,26
lhokseumawe,26
adam,26
kareuna,26
get,26
miet,26
jroh,26
populasi,26
spesies,26
bohjih,26
tgk,26
rukôn,26
beuët,26
peujuang,26
neucok,26
ngui,26
soë,26
sahabat,26
peudana,26
yat,26
geupinah,26
meunara,26
droëneuhnyan,26
industri,26
divisi,26
malaya,26
sira,26
saint,26
batèë,26
glumpang,26
jabatan,26
tanjung,26
bengkulu,26
airport,26
agustus,26
bulat,26
almanak,26
kulu,26
barôna,26
nessen,26
neolissochilus,26
rime,26
keuadaan,25
pabrék,25
negeri,25
geuatô,25
seu,25
dilee,25
parsi,25
lues,25
university,25
bahasa,25
kön,25
united,25
maseukapè,25
geulawan,25
manok,25
buya,25
medan,25
glah,25
ya,25
éleumèe,25
kolonial,25
sulaiman,25
neupeugot,25
beuleuën,25
gop,25
from,25
bagah,25
wilayahjih,25
geuyue,25
atra,25
satu,25
tan,25
poh,25
milyar,25
paris,25
aleuh,25
klang,25
hikmah,25
falah,25
musyrék,25
duet,25
pocut,25
region,25
ketua,25
kusuih,24
teuduëk,24
bireuën,24
government,24
meukeumang,24
meukat,24
maladewa,24
inöng,24
pat,24
by,24
peukakaih,24
tutông,24
peutheun,24
pusaka,24
paih,24
pèng,24
pakat,24
éh,24
sidröe,24
geupiléh,24
ash,24
qubah,24
pintô,24
nuraka,24
ri,24
kulam,24
umayyah,24
georgia,24
geupeutalô,24
bileuëng,24
balkan,24
awé,24
bakti,24
keudè,24
adalah,24
salar,24
klub,24
jeuneh,24
hagu,24
aktris,24
penyanyi,24
keudéh,23
adak,23
putroë,23
dilèë,23
geuba,23
geutanyoë,23
deuh,23
bôh,23
majeulih,23
jikheun,23
rimba,23
maju,23
meurunoë,23
fiqah,23
sabi,23
geubagi,23
soe,23
pangkat,23
teuga,23
lapang,23
jithèe,23
sing,23
yahudi,23
pa,23
monarki,23
pka,23
meuneu,23
tii,23
terjemahan,23
beutôi,23
jôk,23
nyak,23
ugama,23
nga,23
dana,23
geubuka,23
gantoe,23
iata,23
minh,23
michael,23
aimag,23
geudông,23
sunat,23
sampoiniet,23
nyo,23
der,23
james,23
lada,23
tv,23
sisék,23
udeuëng,23
alur,23
kaya,22
payah,22
universitaih,22
luwaih,22
takheun,22
cukôp,22
un,22
aziz,22
punca,22
dimeuyub,22
geumarit,22
meujampu,22
archive,22
keudroë,22
asé,22
piyôh,22
khusuih,22
ranto,22
teuningkat,22
neumat,22
sumatera,22
imum,22
gèt,22
world,22
kong,22
dabeuëh,22
peumerèntah,22
tim,22
atau,22
seumatéh,22
kadang,22
ukraina,22
pinang,22
penerbangan,22
dolar,22
pulau,22
meunang,22
meusaban,22
jernih,22
mukaddimah,22
bili,22
jimeu,22
hassan,22
tuwi,22
keude,22
longkib,22
karab,21
sipanyang,21
meusaboh,21
gurôn,21
lagak,21
ujeuën,21
jidrop,21
cok,21
meuma,21
syit,21
bagoe,21
geulanggang,21
ija,21
beulanja,21
udep,21
pariwisata,21
meumakna,21
peunutôh,21
mahmud,21
jawoë,21
geupeuphôn,21
teutapi,21
miseu,21
syuruga,21
syahid,21
https,21
sarah,21
mak,21
gadoh,21
et,21
kyrgyzstan,21
bicah,21
jazirah,21
peureulèe,21
meujak,21
gabuëk,21
kajeuët,21
bibeuëh,21
yup,21
jipeudong,21
wèh,21
tapeugah,21
musôh,21
karya,21
special,21
us,21
tho,21
ni,21
peyasan,21
khaih,21
pasir,21
jrat,21
zhuang,21
kandang,21
alauddin,21
leupung,21
genting,21
mandiraja,21
barito,21
tureuki,20
wa,20
qanun,20
turkmènistan,20
beunuwa,20
mali,20
jadi,20
kutôb,20
peunjajah,20
masén,20
peuingat,20
online,20
london,20
jicok,20
syèdara,20
lingka,20
lawét,20
sigra,20
jikuwasa,20
geupajôh,20
seumaw,20
prof,20
history,20
èh,20
meusé,20
yoh,20
patông,20
il,20
leubéh,20
taiwan,20
museum,20
yunus,20
neupeugah,20
dijak,20
wali,20
wahyu,20
federasi,20
mikronesia,20
dengon,20
kilang,20
uruëng,20
pakiban,20
ha,20
qinghai,20
surabaya,20
sampé,20
undang,20
dimulai,20
bersama,20
tibet,20
sosial,20
tahun,20
setia,20
sukakarya,20
rambong,20
dongxiang,20
elizabeth,20
binatang,20
jr,20
keunarang,20
rambông,20
meulaôt,20
thunnus,20
rapper,20
pantéraja,20
yakni,19
minangkabau,19
gaih,19
meulabôh,19
meureudu,19
mi,19
roh,19
masalah,19
kana,19
thô,19
guinea,19
gadéng,19
wal,19
ad,19
geutamah,19
yaman,19
sah,19
luwahjih,19
mamalia,19
tutô,19
wikipèdia,19
hulu,19
arah,19
bagoë,19
teujadi,19
bahwa,19
surè,19
peumeurintah,19
pendidikan,19
abèe,19
ibadat,19
daar,19
bideueng,19
seumah,19
neupeutrang,19
international,19
tujuan,19
galeri,19
nations,19
seumbahyang,19
maluku,19
spanyol,19
neumeusifeut,19
lua,19
geudong,19
batavia,19
apui,19
umat,19
denmark,19
swèdia,19
nusa,19
angkatan,19
sudangkan,19
budha,19
meuligoë,19
selangor,19
sabee,19
kotamadya,19
johor,19
lang,19
madura,19
majapahit,19
kampong,19
grup,19
bakjih,19
kunyèt,19
ônjih,19
kampông,19
ordo,19
tubôhjih,19
iku,19
indah,19
flensburg,19
rambeue,19
gantheuep,19
seupat,19
lae,19
éseulam,18
geupula,18
padé,18
seula,18
kamèng,18
jithèë,18
uëm,18
mesir,18
syeikh,18
neuweuëk,18
meubagoë,18
trang,18
beudé,18
tibèt,18
cham,18
lugat,18
mark,18
ngen,18
official,18
madeuhab,18
jibantu,18
akibat,18
niaga,18
ilé,18
naleuëng,18
tafsir,18
geupimpén,18
amin,18
atôran,18
yayasan,18
jurông,18
imeum,18
lôn,18
silsilah,18
komputer,18
roma,18
muslim,18
geutanyoe,18
desember,18
hud,18
min,18
abi,18
apuy,18
ak,18
brunei,18
tapajôh,18
manyak,18
kata,18
siprus,18
droëneuh,18
mp,18
tengku,18
darah,18
thön,18
simacam,18
website,18
icaonya,18
destinasi,18
belanda,18
turônan,18
seri,18
hubong,18
symbian,18
beutông,18
nibông,18
jambô,18
tualang,18
dagang,18
batee,18
makheuluk,18
tingkeum,18
buket,18
asam,18
besar,18
muzakir,18
partai,18
bulôh,18
william,18
armada,18
fathimah,18
pantön,18
pantan,18
um,17
dvd,17
watè,17
haram,17
keuneulheuëh,17
portal,17
simeuluë,17
cabeueng,17
ubé,17
isbn,17
administrasi,17
ir,17
rhôt,17
sigo,17
ulang,17
syarat,17
pajôh,17
meuteumpat,17
ôseuha,17
planet,17
geubantu,17
geupeurunoë,17
meukawén,17
hadits,17
geuteurimong,17
nuh,17
binti,17
ismail,17
nyawong,17
keubeue,17
geupeutrôn,17
hasjmy,17
bata,17
swiss,17
geumpang,17
keumala,17
peuneujeut,17
até,17
luar,17
sejarah,17
oleh,17
semarang,17
putôh,17
apa,17
leuh,17
dia,17
konstruksinya,17
coklat,17
geupeubuët,17
bosnia,17
pinyin,17
joseph,17
pula,17
sikureueng,17
meubarô,17
operasi,17
melayu,17
khutubah,17
pesisir,17
peutunyok,17
sang,17
rawa,17
uteun,17
rabo,17
abeh,17
teurawèh,17
love,17
din,17
knil,17
yiruma,17
ambông,17
lutjanus,17
cephalopholis,17
banjarnegara,17
iléh,17
tawar,16
meuceuhu,16
sari,16
beuntuk,16
teudöng,16
keutrangan,16
hat,16
likôt,16
aljazair,16
tauhid,16
ul,16
peudöng,16
meuubah,16
najih,16
dara,16
paul,16
geupeunyata,16
eumpeuën,16
yum,16
geukira,16
miët,16
rangkang,16
lè,16
surah,16
pineung,16
tém,16
nu,16
tokoh,16
jipoh,16
jibril,16
hajar,16
untôk,16
tsunami,16
geukalon,16
skala,16
reuloh,16
tanaman,16
merdeka,16
kyushu,16
isra,16
meuagama,16
utsman,16
peumimpin,16
amerika,16
rahmat,16
malék,16
miseue,16
pakriban,16
baharu,16
geuduek,16
ca,16
adoë,16
riau,16
lhee,16
bangkok,16
thani,16
geutamöng,16
geuboh,16
paneuk,16
pasar,16
tun,16
seni,16
meuasai,16
raka,16
os,16
virus,16
neuyue,16
wareunajih,16
hani,16
buyei,16
pasukan,16
bahia,16
rasyidin,16
meuriam,16
langa,16
keutuha,16
panjang,16
punti,16
anoe,16
alapan,16
mesidah,16
jamur,16
meukuta,15
danau,15
miseuëjih,15
baiturrahman,15
kupi,15
böh,15
sië,15
meunye,15
jai,15
semenanjung,15
peunoh,15
meugah,15
hareutoe,15
uröe,15
baca,15
ilmu,15
meksiko,15
sastra,15
durie,15
banyak,15
mumacam,15
golom,15
atô,15
leupië,15
puncak,15
meuneugoë,15
meulatang,15
jareuëng,15
kureubeuën,15
bahan,15
eut,15
neukheun,15
geusatoh,15
teumuléh,15
beureu,15
neunguy,15
lakseumana,15
geupeu,15
brôk,15
system,15
peuneugot,15
geujôk,15
hokkaido,15
ileumèe,15
kristèn,15
syu,15
word,15
khattab,15
yatsrib,15
geuritan,15
keulompok,15
meusikutu,15
mediterania,15
koloni,15
meuwareuna,15
lee,15
kayu,15
musyawarah,15
jén,15
syi,15
meusyeuhu,15
blaih,15
schleswig,15
holstein,15
ateuk,15
austria,15
th,15
oktober,15
fir,15
san,15
geunantoë,15
ujeuen,15
geupeusah,15
kantô,15
harapan,15
java,15
hindu,15
koleksi,15
syèh,15
mè,15
meubagoe,15
gansu,15
hui,15
suro,15
kanto,15
windows,15
del,15
masam,15
bue,15
meulagu,15
phu,15
it,15
sp,15
damai,15
cinta,15
park,15
peut,15
geupubloe,15
buloh,15
rafly,15
pucok,15
geunténg,15
umue,15
enerji,15
bale,15
kelipah,15
arul,15
peuteubiet,15
dusun,15
rasbora,15
peundidikan,14
bangunan,14
lawang,14
meusambông,14
geuseubôt,14
para,14
pah,14
silingka,14
hamba,14
honduras,14
saud,14
geografis,14
jiteubiët,14
cabeuëng,14
runtôh,14
abuya,14
peumeurintahan,14
meudagang,14
sajan,14
non,14
meuteuntèe,14
bajèe,14
keudroe,14
idah,14
karim,14
toh,14
zakaria,14
ierupa,14
smong,14
meugrak,14
kacang,14
fitrah,14
japan,14
kristen,14
du,14
az,14
tambô,14
kareuëng,14
wasé,14
peue,14
gohlom,14
kawômgeuh,14
vi,14
yub,14
ata,14
seumeunanjông,14
jeurat,14
putra,14
jaroe,14
ngoen,14
keuluwarga,14
iëropa,14
thai,14
siuroe,14
sithôn,14
azèrbaijan,14
kamchatka,14
federal,14
geupeukeumang,14
jajahan,14
media,14
jiduëk,14
mön,14
gulè,14
buju,14
we,14
jim,14
jireubôt,14
hanoi,14
mie,14
sidom,14
pulitek,14
bapluëng,14
parang,14
meuria,14
trueng,14
siribèe,14
can,14
ilmiah,14
keupula,14
jipimpin,14
geureubôt,14
reudeup,14
mee,14
keudua,14
drop,14
music,14
jimita,14
karieng,14
geusurat,14
sepakat,14
uning,14
atu,14
lintang,14
ficus,14
seulaén,13
dit,13
pemerintah,13
terusan,13
meutuléh,13
sahara,13
areutijih,13
hijriah,13
mansur,13
sifeuët,13
taturi,13
hancô,13
guatemala,13
yordania,13
arabia,13
arktik,13
eurasia,13
xinjiang,13
meupisah,13
andaman,13
harah,13
siuroë,13
acehnese,13
national,13
kluët,13
laut,13
meucurak,13
bantu,13
manfa,13
rusa,13
jipajôh,13
biru,13
peuget,13
manosia,13
lon,13
geubeuët,13
meuklèh,13
kimia,13
geutamong,13
titi,13
carong,13
rabi,13
adnan,13
iy,13
maryam,13
imran,13
geukirém,13
meulaboh,13
damèe,13
fitri,13
korea,13
press,13
hijrah,13
bintéh,13
geuangkèe,13
geutém,13
geupeutheun,13
konstitusional,13
ikôt,13
tu,13
neuseubôt,13
seumangat,13
portugal,13
seunong,13
manè,13
luth,13
harun,13
ilyas,13
èleuëmè,13
maha,13
pubuet,13
gob,13
geumeu,13
geunantoe,13
arif,13
geulakèe,13
geupeuturi,13
peugèt,13
amai,13
dhiën,13
sichuan,13
jambi,13
lampung,13
revolusi,13
asean,13
ini,13
meutumèe,13
jiprang,13
moskow,13
niët,13
gibraltar,13
jimat,13
keumbeuë,13
york,13
melaka,13
ankara,13
muharram,13
peunaron,13
drs,13
shaanxi,13
guangxi,13
hunan,13
unoe,13
li,13
seuleusoë,13
muslimin,13
giang,13
geumeuprang,13
geumita,13
program,13
my,13
best,13
thomas,13
david,13
club,13
day,13
ab,13
richard,13
seunambông,13
master,13
ashida,13
dama,13
seuneubok,13
cornelis,13
houtman,13
hadiah,13
sebagai,13
tibang,13
negara,13
nilam,13
guci,13
alga,13
meurak,13
whitley,13
keumunèng,13
lusignan,13
raymond,13
decapterus,13
panjoe,13
meusjid,13
singgah,13
jerango,13
prodi,13
elvis,13
mughal,12
peutugéh,12
stain,12
kuwah,12
phang,12
afghanistan,12
emirat,12
pakistan,12
ruëng,12
teunong,12
unta,12
ghana,12
tawhid,12
kalam,12
bahrain,12
meusaneut,12
tabeuë,12
marit,12
bukhari,12
sharaf,12
pihak,12
bubiri,12
raseuki,12
fisik,12
dasar,12
peulandôk,12
seulimeum,12
falaq,12
pimpén,12
cuco,12
geujaga,12
anggèeta,12
meubahsa,12
gléh,12
meunyöe,12
tapak,12
hanjeuët,12
leungkap,12
meunikah,12
waréh,12
shah,12
ishaq,12
mil,12
puga,12
peurintah,12
jiwa,12
okhotsk,12
his,12
treuk,12
wah,12
jipeunan,12
jipeutalô,12
ana,12
masjidil,12
yatim,12
ku,12
geukeurija,12
teujeumah,12
tumpôk,12
qub,12
esa,12
seluruh,12
singapore,12
abbas,12
peundidékan,12
geumaséh,12
geupeulaku,12
ras,12
yogyakarta,12
buri,12
maret,12
aun,12
diyub,12
xi,12
manila,12
subjèk,12
anggota,12
albania,12
kroasia,12
geupeuhancô,12
leumbah,12
timah,12
seulingka,12
sensus,12
jawoe,12
syawwal,12
numbôi,12
meureubo,12
meutia,12
hebei,12
guizhou,12
south,12
aisyah,12
khabomai,12
geupeupaneuk,12
ranté,12
daftar,12
meubak,12
ga,12
juara,12
actress,12
campli,12
meutapi,12
queen,12
punah,12
selat,12
kureueng,12
mughayat,12
skema,12
keadaan,12
geulinggang,12
tanjong,12
cicem,12
jonathan,12
ngom,12
papeun,12
seuleumak,12
lancôk,12
hamid,12
husén,12
daendels,12
hejden,12
mercusuar,12
mahadi,12
musyrikin,12
geupeutubiët,12
fajar,12
minas,12
gerais,12
puuk,12
itikeud,12
ikan,12
kruet,12
lipéh,12
kaup,12
jeulutông,12
wakil,12
carcharhinus,12
jiduek,11
arun,11
gunongan,11
baja,11
asaijih,11
öh,11
neuduëkjih,11
lidah,11
tapubuët,11
tari,11
kuwait,11
qatar,11
daratan,11
neuweuek,11
brunai,11
per,11
asèë,11
jaga,11
tamiang,11
meurunoe,11
ret,11
seunang,11
karap,11
naga,11
teunimoh,11
seunjata,11
naseukah,11
hara,11
reuda,11
meurdéka,11
keubiri,11
padat,11
meusigo,11
sipheuet,11
hareuëm,11
jareueng,11
syèkh,11
palestina,11
teuleubèh,11
pasti,11
meurdeka,11
sikutu,11
jiteuka,11
neupiyôh,11
grak,11
iem,11
idris,11
suriah,11
hi,11
shikoku,11
meuhareutoe,11
ue,11
fatihah,11
nur,11
shiddiq,11
rayeuëk,11
neupuga,11
rhet,11
keuë,11
meususôn,11
solomon,11
sép,11
neupeugöt,11
miyup,11
turi,11
hajat,11
iv,11
keuphôn,11
beasa,11
italia,11
manoe,11
buta,11
sekejap,11
republic,11
hakim,11
cv,11
geupeutamöng,11
geupubuet,11
euncit,11
beukah,11
keunöng,11
pinah,11
jerman,11
slovenia,11
finlandia,11
qu,11
samut,11
hong,11
peulisi,11
otonom,11
chubu,11
beijing,11
shanghai,11
holland,11
rame,11
beuthat,11
genghis,11
geutôp,11
altai,11
swedia,11
geupeuhah,11
meuri,11
guangdong,11
lot,11
musik,11
april,11
israil,11
syari,11
ulu,11
triëng,11
geutah,11
henan,11
hubei,11
jiangxi,11
zhejiang,11
dakwah,11
bulèe,11
bình,11
andalusia,11
fuji,11
salak,11
thanh,11
long,11
são,11
geuhey,11
bonan,11
kabupatén,11
meusipreuek,11
limèng,11
nyum,11
pruët,11
jipeuteubiet,11
quoc,11
diskografi,11
occitan,11
murông,11
meujaya,11
jipeuturi,11
arongan,11
meucat,11
anguilla,11
kra,11
manèe,11
aneuek,11
ulum,11
bentuk,11
kayèm,11
jikirém,11
sd,11
guy,11
bagok,11
dalông,11
kakap,11
kutablang,11
musara,11
dolok,11
seurukan,11
siam,11
lambarô,11
meujangeunasai,11
ag,11
acéh,11
tasmania,11
zombie,11
zombies,11
leumbaga,10
malikussaleh,10
miliar,10
eswatini,10
sudan,10
kiyamat,10
panama,10
el,10
dada,10
lu,10
bt,10
chamic,10
bawah,10
teuntang,10
gö,10
language,10
school,10
australian,10
dialek,10
geupakèk,10
alaih,10
hilir,10
inggreh,10
seupôt,10
geuteumèe,10
harô,10
studi,10
cangguëk,10
militer,10
tulô,10
pondok,10
tambang,10
ch,10
seuëh,10
mujahidin,10
golongan,10
bandéng,10
bilék,10
munawwarah,10
moderen,10
pukok,10
pahla,10
tamah,10
nyöe,10
lakoe,10
live,10
saleh,10
geulumbang,10
cré,10
droejih,10
cambridge,10
uk,10
academy,10
be,10
federation,10
am,10
yerusalem,10
geuyakin,10
israel,10
jipuga,10
aus,10
khazraj,10
trôn,10
makanan,10
keluarga,10
meubacut,10
hotel,10
pi,10
èk,10
hase,10
metropolitan,10
semi,10
tashréf,10
kedua,10
mayang,10
mudah,10
suara,10
yuta,10
toha,10
neuraka,10
khilafah,10
azeub,10
gaza,10
akô,10
manaf,10
dhabi,10
sayang,10
geumeukeusud,10
ph,10
muang,10
soeharto,10
peunajoh,10
liga,10
geurugok,10
udépjih,10
osaka,10
seoul,10
garuda,10
geupeusaboh,10
konstitusi,10
your,10
qing,10
manchu,10
juni,10
nova,10
pertuan,10
agong,10
klasifikasi,10
lageè,10
leungka,10
tutong,10
meureumpok,10
lut,10
nokia,10
karam,10
pu,10
dewan,10
mane,10
birem,10
geupeutrang,10
yunnan,10
anhui,10
geukalön,10
adab,10
pranala,10
reubôt,10
meulawan,10
merah,10
geuminah,10
rabat,10
paulo,10
bakteri,10
geupeubuet,10
biologi,10
miyub,10
awe,10
kléng,10
baidha,10
sala,10
is,10
jingui,10
ceubrék,10
putroe,10
linkin,10
studio,10
politik,10
gle,10
robert,10
adang,10
köhler,10
lhoksukon,10
dheuen,10
bujok,10
payông,10
map,10
bandua,10
separatis,10
syahir,10
leiden,10
geuprang,10
bijeh,10
voc,10
jeura,10
aweuëh,10
korps,10
dusôn,10
kritik,10
pauh,10
telah,10
labu,10
faham,10
auxis,10
caranx,10
tersebut,10
beliau,10
kepala,10
kuyun,10
gabungan,10
latènjih,10
peurte,10
abba,10
paroe,10
ladom,9
breueh,9
mm,9
deungôn,9
mèdan,9
nyoëkeuh,9
meuneumat,9
geupeutamong,9
tajikistan,9
president,9
jituri,9
libya,9
malawi,9
meunyö,9
sila,9
meututô,9
pasang,9
masjid,9
bangladesh,9
ural,9
sub,9
meunurot,9
seulandia,9
bit,9
champa,9
garôt,9
nasihat,9
research,9
pacific,9
seucara,9
nahu,9
lambang,9
löm,9
naggroë,9
geulindông,9
peumeurèntahan,9
tunjak,9
meulingka,9
rimuëng,9
teupat,9
peureulèë,9
tajak,9
murah,9
geuteugah,9
bahya,9
sumber,9
geupeusapat,9
geuhon,9
got,9
spèsies,9
meununtut,9
geurasi,9
seumeubeuët,9
jami,9
meuseunjata,9
barisan,9
neubuët,9
jamèe,9
hantom,9
luëng,9
furu,9
tundôk,9
baqarah,9
beunda,9
hadist,9
mazeuhab,9
geuriwayat,9
neuba,9
gantoë,9
peubuët,9
internèt,9
bizantium,9
nias,9
meukeurija,9
kg,9
ainu,9
jay,9
kazakh,9
geuweuek,9
geutunyok,9
nisa,9
saba,9
ath,9
rahman,9
laot,9
affan,9
damaskus,9
ueh,9
king,9
meuseujarah,9
theun,9
indo,9
pulang,9
maya,9
cahya,9
jigalak,9
abèë,9
huruf,9
amè,9
aneuëk,9
droëjih,9
hamzah,9
palèstina,9
frank,9
geupeusaho,9
aib,9
bahpih,9
buku,9
hanjeut,9
geupeujeut,9
éleumèë,9
jeuheut,9
nya,9
tjoet,9
sapeuë,9
football,9
geukeubah,9
jilid,9
peumurah,9
geupeutrön,9
taloe,9
jipeugöt,9
peurumoh,9
damsyik,9
rôm,9
kaukasus,9
drah,9
bèlarusia,9
kupang,9
chiang,9
meubeudoh,9
november,9
meulakèe,9
dinasti,9
tincu,9
chongqing,9
guangzhou,9
game,9
bulgaria,9
bubé,9
vladimir,9
siberia,9
santeut,9
niet,9
komunis,9
rhöt,9
ai,9
sipil,9
peurté,9
petronas,9
yap,9
puliték,9
angen,9
meusén,9
fujian,9
times,9
rajab,9
rupajih,9
sunnat,9
tivi,9
khuëng,9
xvi,9
éseukanda,9
nipah,9
ceureumèn,9
tni,9
baktiya,9
luas,9
jameuen,9
neuteurimöng,9
asahan,9
perlis,9
blogger,9
peurunoe,9
jiangsu,9
pang,9
dasa,9
èt,9
janèng,9
kita,9
bung,9
geupeucaya,9
timbak,9
èkuador,9
singkohor,9
phan,9
mau,9
nascar,9
hepatitis,9
antar,9
harga,9
festival,9
tour,9
gasa,9
khanduri,9
peukayan,9
tingkap,9
meubataih,9
saboeh,9
kalön,9
peter,9
kulet,9
hinan,9
black,9
sabe,9
khulafa,9
unsyiah,9
kolonel,9
perang,9
forum,9
ibôih,9
who,9
awards,9
he,9
meukék,9
keulabèe,9
eumpung,9
lancang,9
seupeng,9
mayjen,9
willem,9
teureubang,9
paku,9
pusông,9
cd,9
muko,9
damè,9
mate,9
soh,9
sayyidina,9
manèh,9
haleuba,9
ukheue,9
marsosé,9
nurhaliza,9
sejahtera,9
pks,9
lan,9
road,9
helena,9
dumna,9
ao,9
proses,9
meuuboe,9
matt,9
poaceae,9
itikeuëd,9
timon,9
terutung,9
osteochilus,9
seuridéng,9
gro,9
blok,9
tujuh,9
lampanah,9
teumeureue,9
puntius,9
leube,9
tè,9
deupa,9
putik,9
tangké,9
wind,9
suku,8
bakông,8
dirundeng,8
jabal,8
meuseukat,8
rasa,8
all,8
hindi,8
hari,8
maja,8
sibagoë,8
jipeuna,8
tunisia,8
suhu,8
demokratik,8
ahlussunnah,8
ariyah,8
anggèëta,8
sipheuët,8
meuatô,8
salvador,8
oman,8
ibn,8
jitém,8
meupeungarôh,8
nepal,8
uzbèkistan,8
nyata,8
austronesia,8
umpama,8
vol,8
pp,8
neupeutrôn,8
éndônèsiya,8
geupeuleumah,8
kha,8
jilakèe,8
peuniléh,8
ikeulim,8
keubeuë,8
peugöt,8
organisme,8
iet,8
modèrèn,8
tuan,8
pajan,8
angkèe,8
madrasah,8
geupeuguna,8
meujama,8
utôh,8
kawom,8
wahab,8
saman,8
kutaraja,8
murid,8
geutaguën,8
mamèh,8
tsanawiyah,8
budi,8
fata,8
multimedia,8
contoh,8
hikeumah,8
deungo,8
abc,8
baghdad,8
syam,8
hijaz,8
dönya,8
geususôn,8
alaihi,8
muhafazhah,8
isma,8
meugantoë,8
ruweuëng,8
jeuëm,8
peuseulamat,8
house,8
washington,8
tujoh,8
taubah,8
luqman,8
thalib,8
jeddah,8
meukawan,8
neupeudong,8
jiteurimong,8
neuatô,8
seurang,8
hasyim,8
amir,8
ekspor,8
jép,8
tuléh,8
treaty,8
series,8
mumat,8
eleumee,8
luka,8
muprang,8
yaitu,8
wate,8
sie,8
kiblat,8
awwal,8
seusat,8
jiseumah,8
piasan,8
balè,8
meubuju,8
ceudaih,8
teunamah,8
neupeujeuet,8
teuh,8
leumoh,8
peuteuntèe,8
lagi,8
aneu,8
lima,8
suboh,8
bi,8
qs,8
peunyata,8
bandung,8
useuha,8
jipatéh,8
ingat,8
dèsya,8
mamluk,8
yah,8
lakab,8
status,8
bèlgia,8
armenia,8
lokal,8
son,8
bueng,8
pattani,8
phuket,8
dili,8
reformasi,8
pertanian,8
hingga,8
peulara,8
or,8
meuligoe,8
badanjih,8
kansai,8
sapporo,8
swt,8
intan,8
karibia,8
rayék,8
jeureunèh,8
meukuwasa,8
puteh,8
èropa,8
meucawoë,8
st,8
tatar,8
links,8
gobi,8
peundita,8
meuthôn,8
geupoh,8
sibagoe,8
eksekutif,8
formula,8
jitrôn,8
meujumeulah,8
kursi,8
jasa,8
petaling,8
one,8
los,8
geuparèntah,8
faja,8
ub,8
geupuasa,8
keureuna,8
bungkôh,8
idul,8
hu,8
riayat,8
kruët,8
peunasoë,8
manuskrip,8
reuncana,8
seunyata,8
darurat,8
north,8
facebook,8
ningxia,8
jilin,8
shanxi,8
hainan,8
shandong,8
edisi,8
beatles,8
neupeujeut,8
parèntah,8
bantayan,8
hayeue,8
tutuë,8
ukeuë,8
bineh,8
noemi,8
linteung,8
tidak,8
pakpak,8
kerajaan,8
glap,8
perguruan,8
lai,8
pleiku,8
sur,8
halôh,8
bajèë,8
geupluëng,8
karel,8
geuchik,8
gapu,8
rio,8
utsmaniyah,8
rampak,8
kuah,8
masak,8
peng,8
maria,8
meuakhé,8
now,8
hoa,8
karimata,8
géografi,8
heart,8
oaxaca,8
meureukaih,8
fas,8
murrakusy,8
kraków,8
night,8
will,8
rock,8
uram,8
bungongjih,8
september,8
meusep,8
ur,8
rèktor,8
mante,8
duson,8
zürich,8
seutui,8
linteueng,8
movie,8
award,8
definisi,8
neutamong,8
itek,8
bluek,8
leubôk,8
geuingat,8
heutsz,8
kevin,8
meurimueng,8
reumpah,8
amm,8
kaisar,8
burông,8
mada,8
jeunamè,8
jikeurija,8
peel,8
namiët,8
iliëk,8
hj,8
jumadil,8
bugak,8
sidadu,8
herzegovina,8
vida,8
mr,8
baih,8
jeuôh,8
bataih,8
pagodinho,8
sibak,8
saya,8
vinícius,8
meulinteung,8
universidade,8
doors,8
seumideuen,8
scad,8
ciriek,8
tikôh,8
variola,8
parupeneus,8
abeuk,8
bungo,8
weu,8
buluh,8
bunga,8
wakie,8
mapesa,8
abeueng,8
nguy,8
laèn,8
dècha,8
zea,8
googlebot,8
pokémon,8
anime,8
miriek,8
ték,8
depik,8
banggali,7
khatulistiwa,7
miseujih,7
raniry,7
driën,7
kautsar,7
meunankeuh,7
baréh,7
madagaskar,7
jiteumeung,7
niger,7
tanzania,7
mozambik,7
meukeusudjih,7
rifah,7
tikeuët,7
yakin,7
akhirah,7
guyana,7
mekah,7
nabawi,7
sutra,7
meuikôt,7
bukti,7
osèania,7
meuih,7
kingdom,7
pasai,7
struktur,7
meuhi,7
ijaan,7
islamic,7
linguistics,7
land,7
control,7
lage,7
bayan,7
sampéng,7
guna,7
seungap,7
dar,7
buddha,7
maharaja,7
peumimpén,7
east,7
meureubôt,7
peujabat,7
manyangjih,7
kulétjih,7
planèt,7
keulhèe,7
rueng,7
terpadu,7
lembaga,7
ampôn,7
birah,7
geuseudia,7
jihad,7
peunasihat,7
meuribèe,7
kupiah,7
marwah,7
meutôp,7
meurata,7
péng,7
pré,7
geumeurunoë,7
statistik,7
huda,7
project,7
informasi,7
meusuci,7
bahwasajih,7
neukalon,7
tacok,7
poteu,7
tika,7
husôh,7
zulhijjah,7
lë,7
malém,7
tarikh,7
jalur,7
qadar,7
ijmak,7
internet,7
tunggara,7
mihrab,7
konstantinopel,7
gaya,7
teunaga,7
hawaii,7
center,7
indonesian,7
jakeuet,7
meuneukat,7
pokok,7
geupeuwajéb,7
dabeuh,7
transportasi,7
ryukyu,7
èkonomi,7
ubeuet,7
geupeutimang,7
geupeulara,7
delhi,7
faidah,7
mukarramah,7
geugantoë,7
pangiran,7
mohammad,7
wafeut,7
teubai,7
ceudah,7
syarif,7
istanbul,7
teumimbak,7
neukirém,7
total,7
pipa,7
serikat,7
meunom,7
geupubuët,7
meutugaih,7
ong,7
dom,7
baytul,7
geupeurintah,7
ulat,7
teukeuséh,7
hukum,7
kebudayaan,7
bendahara,7
neubôh,7
tarian,7
galah,7
tunang,7
batah,7
geupeuteutap,7
meureumpök,7
grah,7
teh,7
tempat,7
but,7
golomna,7
nong,7
tamil,7
meulindông,7
meuseubôt,7
jahiliyah,7
tangga,7
sunni,7
bhasa,7
asli,7
syekh,7
datuk,7
anatolia,7
nuruddin,7
imarat,7
parisi,7
wikipedia,7
px,7
lahè,7
politék,7
hongaria,7
lithuania,7
norwègia,7
mataram,7
sosialis,7
indôchina,7
tak,7
trep,7
misi,7
ain,7
lagée,7
barbar,7
istana,7
bré,7
tanyoe,7
charles,7
tuva,7
weuëk,7
serbia,7
sèrbia,7
nomad,7
geupeumaklumat,7
sukee,7
ulèëbalang,7
rèvolusi,7
teu,7
aya,7
idin,7
putrajaya,7
teumadôn,7
loy,7
samad,7
geunabuëk,7
teunubôh,7
brôh,7
piléhan,7
bank,7
peukeumang,7
usaha,7
dunia,7
tugu,7
meubeulanja,7
plaza,7
arsitektur,7
awal,7
beunalah,7
ula,7
geupeuingat,7
sumpah,7
teukeubi,7
batak,7
palembang,7
etnis,7
geupiyôh,7
bubon,7
nomor,7
janthoë,7
geupeureulèe,7
puta,7
tentang,7
samudera,7
net,7
lombok,7
pahang,7
geuteurimöng,7
kureung,7
heilongjiang,7
thoë,7
morrison,7
tsamud,7
neuriwayat,7
peurèntah,7
geumèe,7
tamon,7
agung,7
jipeutamong,7
heut,7
don,7
bharat,7
home,7
over,7
ninh,7
hà,7
vinh,7
gia,7
norte,7
oriental,7
balai,7
gukèe,7
keumong,7
pham,7
duwaplôh,7
abidin,7
vincent,7
dile,7
camat,7
bireun,7
cordoba,7
gulèë,7
breuh,7
keubeu,7
rambôt,7
soekarno,7
rukok,7
perusahaan,7
proyèk,7
sun,7
tanggal,7
sumbangan,7
sibansa,7
avril,7
happy,7
vung,7
tau,7
mia,7
single,7
solo,7
saket,7
are,7
peurlak,7
barieh,7
panyangjih,7
other,7
varicella,7
profil,7
sel,7
art,7
baplueng,7
energi,7
taylor,7
aleran,7
sarjana,7
ayôn,7
ceurih,7
lt,7
ubi,7
damar,7
megawati,7
tamat,7
nicah,7
bijèh,7
swieten,7
antilles,7
tiongkok,7
meukeumat,7
deuë,7
guru,7
meunyè,7
amèrika,7
geupeutubit,7
ibôh,7
mission,7
umpung,7
pawôh,7
geunteut,7
leukat,7
rundéng,7
melawan,7
zainuddin,7
droeneuhnyan,7
neugisa,7
jitheun,7
lanang,7
saka,7
jipeutheun,7
keudawông,7
peuja,7
pati,7
dewi,7
tani,7
utc,7
mitigasi,7
vivo,7
zeca,7
seumantok,7
vinicius,7
krek,7
damon,7
hattin,7
ayyubi,7
yui,7
trans,7
ahlus,7
ariy,7
ranup,7
euthynnus,7
biléh,7
bruchum,7
reumöng,7
bunot,7
rp,7
peulumat,7
tua,7
buntul,7
telaga,7
ambassis,7
gele,7
tingkem,7
reje,7
tangke,7
weh,7
kabu,7
meulu,7
insekta,7
né,7
neuhön,7
gapeueh,7
kreueh,7
ateuek,7
schils,7
also,7
mays,7
atot,7
mj,7
barker,7
majid,7
geupeumaté,7
onmyoji,7
safawi,6
nasi,6
microsoft,6
corporation,6
kureu,6
sebelum,6
hal,6
pimpin,6
silingkajih,6
meusaho,6
meuluwah,6
iklém,6
beunua,6
pbb,6
ethiopia,6
mauritania,6
ari,6
kuru,6
sunniy,6
jalal,6
éb,6
yaumul,6
aléh,6
seuhingga,6
pegunungan,6
argentina,6
kolombia,6
suriname,6
belize,6
lôk,6
meupawôt,6
seunaman,6
peuluwah,6
rap,6
srilanka,6
keucuali,6
teori,6
inti,6
geumeututô,6
geuseubarô,6
dah,6
asian,6
america,6
mar,6
het,6
jamèë,6
komunikasi,6
english,6
lungkiëk,6
meusampoë,6
sarakata,6
jimeuprang,6
jeuheuët,6
akibatjih,6
banduwa,6
geukuwasa,6
sipakat,6
kreuëh,6
minah,6
mo,6
meulingkeuë,6
iték,6
eumpeuënjih,6
rakan,6
pangkai,6
meukheuluk,6
jiudép,6
teuplah,6
aktif,6
objek,6
kali,6
produk,6
subang,6
mirahpati,6
jiteumèe,6
salafiyah,6
geuteujeumah,6
meusipreuëk,6
peumeréntah,6
areuta,6
alaidin,6
hasballah,6
syamtalira,6
jalil,6
lumat,6
kalé,6
banmandum,6
leumak,6
tajhizi,6
ibtidaiyah,6
kiban,6
seubeutôijih,6
geupeuteubiët,6
istiqamatuddin,6
aziziyah,6
taubat,6
peulajaran,6
meureuhôm,6
meutuah,6
seudeukah,6
hajj,6
ubiet,6
hareuëta,6
geubloe,6
biaya,6
lhueh,6
patéh,6
fèderal,6
back,6
khusus,6
kurdi,6
kabinet,6
teukhém,6
sireutôh,6
geurasa,6
metè,6
geubaca,6
geurancang,6
richter,6
meupulo,6
vatikan,6
tateumèe,6
khon,6
kaen,6
thu,6
october,6
osh,6
nakeu,6
furqan,6
rum,6
ahzab,6
yasin,6
qaf,6
syams,6
tin,6
fil,6
ikhlash,6
kelurahan,6
state,6
meugoë,6
abin,6
meuteumeung,6
neuubah,6
binéh,6
geumeuduëk,6
endatu,6
jiangkèe,6
laguna,6
indian,6
basah,6
bawang,6
produksi,6
geutrôn,6
fèderasi,6
relating,6
shafa,6
jithee,6
bulèë,6
jipeugèt,6
vanuatu,6
tanggay,6
fi,6
isém,6
nyoekeuh,6
wustha,6
peuna,6
mayor,6
geupeuduëk,6
walad,6
miseuejih,6
dèelat,6
meubeunteuëng,6
aséng,6
jinguy,6
tareh,6
keuneulheueh,6
seukè,6
dröe,6
pertama,6
meususon,6
kalimah,6
jikalon,6
geupeujeuet,6
sanggup,6
lapangan,6
biëk,6
datar,6
atas,6
matan,6
beungoh,6
terjemahnya,6
peuhah,6
neubeuet,6
meusidroe,6
haleue,6
meurumpök,6
neulakèe,6
kaspia,6
diantara,6
lamno,6
lintô,6
rumöh,6
eleumèe,6
uma,6
meuguna,6
geupisah,6
gaséh,6
monakô,6
latvia,6
pekanbaru,6
peunadat,6
nh,6
tr,6
trung,6
vientiane,6
southeast,6
keumang,6
pemerintahan,6
ora,6
nagasaki,6
februari,6
fukuoka,6
taipei,6
tianjin,6
busan,6
march,6
page,6
about,6
novgorod,6
srang,6
lawétjih,6
rod,6
meubanja,6
kunashir,6
anoë,6
januari,6
sekitar,6
meurandéh,6
george,6
budhisme,6
demokrasi,6
bube,6
khovd,6
beusoë,6
biara,6
madika,6
peugléh,6
dukông,6
meurupa,6
jadèh,6
jiran,6
meukureuëng,6
external,6
edward,6
mahkamah,6
sepang,6
inggris,6
jepang,6
mandarin,6
meuduëk,6
keadilan,6
keubôn,6
jipeuduëk,6
conto,6
perdana,6
ribèe,6
musafir,6
jithèi,6
dausa,6
jumadal,6
buluen,6
tuëng,6
bateuë,6
buka,6
uleh,6
banggalang,6
puri,6
meutheun,6
laksamana,6
ayam,6
linteuëng,6
peujak,6
geudukông,6
badung,6
sarawak,6
northern,6
borneo,6
komunitas,6
linguistik,6
pikéran,6
twitter,6
liaoning,6
victoria,6
phoen,6
shaleh,6
geukeumeung,6
sabôh,6
neupeuancô,6
syaitan,6
sampo,6
jituléh,6
neupeunyata,6
koh,6
biet,6
neuk,6
kyoto,6
chiba,6
kanji,6
geuklaim,6
onekotan,6
bom,6
peuteutap,6
kampus,6
jarak,6
geupeumeunang,6
sovyèt,6
eh,6
karo,6
kera,6
sir,6
tohoku,6
subjek,6
yên,6
đông,6
biên,6
hòa,6
sulu,6
pematang,6
suwah,6
batang,6
èndatu,6
peusipé,6
salyr,6
turkmen,6
ia,6
antigua,6
barbuda,6
bek,6
reuleut,6
janeiro,6
keureuma,6
indicus,6
mangifera,6
indica,6
truëng,6
pliëk,6
sunti,6
gadông,6
klat,6
jipeulaku,6
sèl,6
jitren,6
lampuyang,6
hei,6
perancis,6
vita,6
tujia,6
plan,6
again,6
amor,6
pete,6
bío,6
komun,6
iberia,6
thanjah,6
leumiek,6
leuen,6
geupeuget,6
made,6
star,6
tuba,6
gerakan,6
peunutoh,6
pisika,6
sao,6
geuti,6
actor,6
metal,6
joe,6
meusép,6
peunyaket,6
galue,6
jatoë,6
meudèelat,6
ed,6
marzuki,6
rektor,6
rèfèrènsi,6
kedokteran,6
documentary,6
biography,6
chicago,6
roger,6
yohanes,6
paulus,6
patrick,6
meupulitek,6
khôp,6
rudolf,6
jikuasa,6
paru,6
mother,6
ntv,6
duablah,6
universal,6
beureuleuëng,6
sentosa,6
lah,6
meudang,6
konflik,6
uleue,6
beurandang,6
xii,6
krak,6
jenderal,6
pieter,6
rhéng,6
jitubiet,6
lanun,6
news,6
hurgronje,6
hitam,6
hanjeuet,6
neukeurija,6
aleuë,6
kelapa,6
payung,6
militèr,6
meugit,6
peulakan,6
aki,6
bengalensis,6
bppd,6
acehprov,6
adah,6
nurul,6
tarbiyah,6
habéh,6
latihan,6
frederick,6
pruet,6
monitoring,6
people,6
meuramiën,6
bathutah,6
jeunéh,6
jipeukaru,6
euntèe,6
meuhai,6
pujangga,6
aduën,6
jogjakarta,6
jurusan,6
sijeunèh,6
khulafaur,6
jigisa,6
seureungga,6
bonaparté,6
cahaya,6
dokumenter,6
paksa,6
pông,6
cidra,6
jiseurang,6
bira,6
piyeueng,6
henry,6
stevens,6
sarajevo,6
aktivis,6
scott,6
peuntèng,6
kepada,6
artileri,6
jiboh,6
em,6
asmara,6
pandak,6
himbèë,6
nie,6
lubuk,6
moharriadi,6
pengurus,6
totaljih,6
zutto,6
mg,6
teupeugöt,6
tiberia,6
shalahuddin,6
biheuë,6
napoli,6
bayang,6
jessica,6
hatiku,6
ganteng,6
kupula,6
waido,6
tok,6
maturidiyah,6
keubiru,6
chanos,6
eunggeuk,6
brinchék,6
bandi,6
bayeuen,6
siganus,6
sirön,6
jambèe,6
empat,6
sialang,6
loning,6
kisam,6
penosan,6
bulu,6
nosar,6
ayu,6
bayam,6
pius,6
kareng,6
badak,6
leuleu,6
demam,6
keumalahayati,6
fakta,6
beureumbang,6
bugéng,6
reuteuek,6
karabin,6
neurôk,6
peutjut,6
meninggai,6
secara,6
mantéq,6
tungkeue,6
bicolor,6
ring,6
kirè,6
linong,6
geudeu,6
sophia,6
peurusahaan,5
lhôkseumawè,5
gah,5
serambi,5
neupeujeuët,5
baitul,5
aden,5
firdaus,5
sinai,5
leuhnyan,5
nil,5
eritrea,5
somalia,5
geupeurôh,5
kacho,5
hisab,5
wujud,5
mubida,5
qudrah,5
iradah,5
hayah,5
bashar,5
qadirun,5
muridun,5
alimun,5
hayyun,5
ine,5
bolivia,5
peru,5
nikaragua,5
hawa,5
pakon,5
langsong,5
tulông,5
takalön,5
buy,5
pra,5
ngo,5
geuteuliti,5
rumpun,5
èndônèsiya,5
asoëjih,5
hay,5
studies,5
proto,5
doi,5
meuhubôngan,5
taseuréh,5
sigulai,5
haloban,5
fungsi,5
hanya,5
sidéh,5
dataran,5
nad,5
redelong,5
sos,5
lho,5
geuteumeung,5
akhéjih,5
jaringan,5
company,5
usé,5
thn,5
meujanji,5
rah,5
peuneujeuët,5
kadra,5
jeunieb,5
tareumpok,5
meukarat,5
geuubah,5
musem,5
dang,5
meuteumèe,5
sikhan,5
siwah,5
wab,5
khusuihjih,5
tradisional,5
dinas,5
thaliban,5
standar,5
kan,5
diseulingka,5
jikeuneuk,5
geupeumeuklèh,5
maguën,5
nahwu,5
aliyah,5
mudi,5
hareutoëjih,5
ulah,5
pantang,5
hambali,5
meudeuhab,5
diwa,5
geupeutrôh,5
ishak,5
geutanyong,5
maliki,5
peutimang,5
beureutôih,5
singoh,5
jibri,5
sagay,5
aidul,5
sanggôp,5
gantang,5
kurma,5
meumusôh,5
suklat,5
asoejih,5
natural,5
buffalo,5
wilson,5
pl,5
kul,5
tapatéh,5
protestan,5
kahfi,5
zumar,5
qamar,5
qadr,5
qari,5
lahab,5
iblih,5
neupinah,5
hejaz,5
peusawat,5
peungeuh,5
peuancô,5
peuduëk,5
seutia,5
geukeupông,5
rahsia,5
sayyid,5
husen,5
libanon,5
gulèe,5
meugantung,5
binoë,5
palèng,5
kopenhagen,5
jipisah,5
agreement,5
geupeuluwah,5
asyiy,5
palau,5
guam,5
pajoh,5
maseuhi,5
geuwoë,5
neujaga,5
habsyi,5
sia,5
fa,5
sipeuë,5
penduduk,5
noh,5
pekan,5
geuprèh,5
irwandi,5
binasa,5
beurandéh,5
samoa,5
bellona,5
tonga,5
tuvalu,5
zaid,5
peureulè,5
meuwatèe,5
keue,5
lat,5
lapéh,5
uneun,5
bukon,5
puléh,5
peujeut,5
kaleuh,5
meuasoe,5
ahad,5
bangai,5
neudeungo,5
geupeuteuntèe,5
neupeuget,5
jahal,5
meusikula,5
peurangeui,5
aneukgeuh,5
djam,5
batjoet,5
services,5
meutujuan,5
pautan,5
siradjuddin,5
catatan,5
beungèh,5
idang,5
jipeubuet,5
umatgeuh,5
teuneugah,5
israèl,5
aegea,5
neujôk,5
kamöe,5
geunap,5
tunöng,5
abdi,5
hasyém,5
mazhab,5
meukusud,5
samarqand,5
bubông,5
meubatah,5
azerbaijan,5
tasawôh,5
almarhum,5
ish,5
keumalön,5
shan,5
liechtenstein,5
èstonia,5
belitung,5
manado,5
sulawesi,5
peuseunang,5
uyun,5
seumenanjung,5
mai,5
phön,5
nyawöng,5
keunalon,5
demografi,5
geupeurunoe,5
dollar,5
regional,5
dabeueh,5
syaikh,5
wadi,5
egypt,5
teumadon,5
gerbang,5
dicok,5
plueng,5
tajam,5
berlin,5
jude,5
meuceu,5
nagoya,5
merupakan,5
nippon,5
airways,5
incheon,5
taoyuan,5
changchun,5
francisco,5
akita,5
kagoshima,5
kumamoto,5
aomori,5
deurjat,5
more,5
antillen,5
skandinavia,5
kiev,5
wafeuet,5
bering,5
cucoë,5
alexander,5
volga,5
meupadang,5
jarôm,5
geupeudeuh,5
akeulém,5
peubileuëng,5
termasuk,5
dènmark,5
monténègrô,5
hèrzègovina,5
makèdonia,5
ulan,5
xiongnu,5
yuan,5
khalkha,5
geupeukong,5
gisa,5
ottawa,5
persen,5
meugabông,5
great,5
port,5
group,5
kuli,5
gombak,5
lanka,5
oposisi,5
jipinah,5
centre,5
post,5
jipeuleumah,5
bahthat,5
tasik,5
unsur,5
sambông,5
geutham,5
shafar,5
noinclude,5
urôh,5
manyèt,5
jilôp,5
lakoë,5
arafah,5
geupeutubiet,5
kuto,5
takeubi,5
geusambông,5
salim,5
hp,5
lg,5
indatu,5
banjar,5
bubôn,5
tungkôp,5
biek,5
biëng,5
ton,5
pajak,5
laba,5
putu,5
mobil,5
langkahan,5
nisam,5
cayé,5
punoh,5
neujamin,5
between,5
july,5
demi,5
wales,5
meudo,5
raj,5
aqsha,5
ayyub,5
geupatéh,5
peubida,5
antarajih,5
dat,5
amur,5
saitama,5
geupeutunyok,5
shikotan,5
iturup,5
antsiferov,5
abah,5
geugla,5
jipeuluwah,5
agresi,5
uea,5
geuwèh,5
jiwèh,5
natom,5
walter,5
keureuja,5
serdang,5
pos,5
waktu,5
chugoku,5
geubalah,5
peubuet,5
tali,5
uléh,5
lop,5
geulantoe,5
pradesh,5
rajasthan,5
siem,5
fernando,5
saleuëm,5
troh,5
jipeu,5
ek,5
lipat,5
rumawi,5
persia,5
meukawen,5
éhwai,5
tajik,5
utsul,5
geupeumulia,5
geuduk,5
tôp,5
zainal,5
lahee,5
ru,5
jimmie,5
johnson,5
capa,5
roman,5
meunè,5
meubungong,5
halia,5
seulanga,5
solanum,5
lampoh,5
meunyum,5
neungui,5
sagu,5
tateumeung,5
aplikasi,5
hoi,5
meulinggé,5
bunta,5
meuraksa,5
wib,5
gregorian,5
isya,5
first,5
woman,5
up,5
buon,5
thuot,5
cam,5
ranh,5
lak,5
marco,5
bunkyō,5
stadion,5
guyui,5
tangkueng,5
murrakush,5
miknas,5
tithuan,5
za,5
seumiké,5
pura,5
omar,5
geulinyuëng,5
lagang,5
california,5
fishes,5
zoster,5
nama,5
menyo,5
saja,5
reaksi,5
familia,5
senna,5
vang,5
nèjih,5
bima,5
band,5
lagôt,5
fc,5
ummu,5
mahasiswa,5
dukôngan,5
sebab,5
aquitaine,5
leu,5
story,5
illinois,5
johannes,5
bernard,5
open,5
herbert,5
benediktus,5
pas,5
die,5
kalee,5
february,5
jok,5
buga,5
harmen,5
nederlands,5
geutimbak,5
daalen,5
lb,5
bungkôk,5
kecil,5
princess,5
marumo,5
okite,5
piala,5
episode,5
television,5
nhk,5
cx,5
jazz,5
treunggiléng,5
beuluka,5
halôih,5
php,5
burung,5
pilok,5
ham,5
kande,5
visi,5
keudee,5
sukon,5
payong,5
merbo,5
reuhat,5
keureutoe,5
jurong,5
hendrik,5
benjamin,5
puntông,5
meunjèe,5
reuba,5
meusajan,5
falkland,5
europa,5
zambia,5
marie,5
strategi,5
peuneulah,5
frid,5
gunci,5
pulôt,5
gaspar,5
neukeubah,5
teunamon,5
piano,5
yellow,5
ekosistem,5
sanè,5
jeulanga,5
pangwa,5
bie,5
napôh,5
ikhlas,5
bustanul,5
peujuangan,5
neupeuingat,5
jipeunyata,5
ekspedisi,5
mideuën,5
ada,5
neuheun,5
geukarang,5
meukeunong,5
peunaga,5
jenis,5
potallah,5
risalah,5
kuliah,5
meucré,5
paduka,5
janggôt,5
likèn,5
pupu,5
doktor,5
habib,5
tiông,5
glee,5
jeffrey,5
primata,5
lutông,5
indië,5
jijajah,5
tuleueng,5
sumatrana,5
jitimbak,5
ken,5
tubiët,5
nègèri,5
jikrah,5
beunayeuë,5
napoleon,5
kurikulum,5
teubang,5
weue,5
lhang,5
mameh,5
aneuh,5
ratéb,5
xxii,5
kanon,5
smith,5
khartoum,5
jidukông,5
piet,5
benda,5
meutarèh,5
sriwijaya,5
geuraseumi,5
train,5
ayahjih,5
waterloo,5
organik,5
kinanah,5
marjorie,5
husain,5
dzulka,5
dzulhijjah,5
super,5
pop,5
sineuk,5
dpr,5
gapah,5
geusong,5
meusifeuët,5
fungi,5
keubah,5
demak,5
kompas,5
fred,5
beusa,5
pange,5
pandan,5
malee,5
bilie,5
música,5
guri,5
dpw,5
rosie,5
sapue,5
belo,5
feira,5
santana,5
educação,5
petuh,5
raynald,5
jibungka,5
rusip,5
rèh,5
chola,5
bhom,5
see,5
habeh,5
awan,5
video,5
sumboe,5
kuneng,5
kelompok,5
teumanyong,5
palem,5
steven,5
katsuwonus,5
affinis,5
bleeker,5
geuruntông,5
cromileptes,5
macan,5
anyperodon,5
microdon,5
musang,5
aethaloperca,5
sumpueng,5
lutjanidae,5
geulima,5
leicester,5
mangki,5
seupeung,5
kebun,5
api,5
permintaan,5
baik,5
keudeh,5
anthony,5
namplôh,5
thompson,5
jambo,5
seuntang,5
sawah,5
gadeng,5
mbelang,5
mulie,5
biak,5
muli,5
mbulan,5
desky,5
tenembak,5
cyprinidae,5
mukti,5
sawa,5
subfamili,5
keureulieng,5
pepanyi,5
gading,5
lane,5
lampahan,5
meurandeh,5
puntong,5
sapek,5
sayeung,5
bintah,5
item,5
eumpèe,5
mulieng,5
alang,5
jaloh,5
linot,5
bhôm,5
naléh,5
herald,5
dawson,5
dikenal,5
zaini,5
lubôk,5
baét,5
bunie,5
jeuréng,5
limo,5
nak,5
pangè,5
mubungong,5
gun,5
phui,5
kruep,5
skopje,5
lampisang,5
buni,5
amorphophallus,5
tiba,5
mpd,5
sekolah,5
rupia,5
mutlak,5
rogers,5
terjadi,5
hibrida,5
peuleupeuk,5
peureulee,5
laten,5
karbohidrat,5
komandan,5
jw,5
direktur,5
carpenters,5
olimpiade,5
julok,5
rèn,5
qaitbay,5
ukeue,5
sulôtan,5
cisticola,5
baji,5
lijeuë,5
cyclocheilichthys,5
daruet,5
keululu,5
meukarang,5
timohan,5
divine,5
nakhuda,5
meugunong,4
pupuk,4
geukubu,4
keureutah,4
sinabang,4
reubôh,4
geuthèë,4
forbes,4
éndatu,4
syeuruga,4
kemudian,4
mèditerania,4
jiakô,4
nigeria,4
namibia,4
djibouti,4
lungkè,4
ahlussunah,4
seutot,4
maturidi,4
ètikeuët,4
geupeuhubông,4
peujeuët,4
qidam,4
baqa,4
mukhalafatuhu,4
lil,4
qiyamuhu,4
neumarit,4
sami,4
bashirun,4
antartika,4
meulaén,4
uruguay,4
kosta,4
rika,4
beda,4
palsu,4
muhajirin,4
èmirat,4
teudapeuta,4
pdb,4
muhafazah,4
alaska,4
norwegia,4
geuteupeu,4
likot,4
pungo,4
australasia,4
ayeuen,4
jipeumeuklèh,4
pantôn,4
calendar,4
so,4
jstor,4
balaghah,4
google,4
benggali,4
jong,4
meupaké,4
tandajaroë,4
jipiléh,4
jibôh,4
likok,4
rrc,4
abda,4
posisi,4
keulabèë,4
tapeulahra,4
keulimong,4
mideuen,4
orbit,4
lempeng,4
ié,4
jeue,4
interaksi,4
gravitasi,4
bidang,4
alami,4
diplomasi,4
ceurita,4
lhè,4
meubulèe,4
meunapha,4
dèah,4
geupeusaban,4
rabithah,4
final,4
eun,4
meubansa,4
tasawuf,4
geupeubeuët,4
fikih,4
pidana,4
filsafat,4
kompi,4
teutra,4
area,4
meuulang,4
geuseu,4
fiqih,4
fiqh,4
jeulaih,4
database,4
ruhul,4
amal,4
teknologi,4
penerbit,4
hareutoë,4
ay,4
raga,4
disinöe,4
geukheuen,4
nibaknyan,4
kanun,4
santa,4
jum,4
leumöh,4
geumeurunoe,4
rasyid,4
geureumpok,4
göpnyan,4
budiman,4
kasèt,4
keturunan,4
qadha,4
hireuen,4
kamoe,4
union,4
rangkaian,4
family,4
kurdistan,4
sunggôh,4
haid,4
beutôy,4
alqur,4
padahai,4
miét,4
geudeungo,4
sara,4
massa,4
jigantoë,4
dai,4
geukeumang,4
disinoe,4
early,4
meudukông,4
tindakan,4
habitat,4
teurimong,4
geunaséh,4
jagông,4
jp,4
jibayeuë,4
jiteubiet,4
beudoh,4
peusan,4
cuma,4
tarék,4
water,4
co,4
animal,4
rumen,4
feed,4
development,4
reference,4
bishkek,4
bandajih,4
talas,4
taurat,4
raf,4
nahl,4
minun,4
ankabut,4
shaffat,4
shad,4
syura,4
ahqaf,4
adz,4
hadid,4
thalaq,4
buruj,4
ôhjih,4
titek,4
meugang,4
insan,4
salèh,4
meuareuti,4
amman,4
seutasiôn,4
peulindông,4
jilingka,4
ikat,4
meuheut,4
meubalék,4
jipeuhancô,4
meuyum,4
lheuë,4
keuladi,4
dhaalu,4
alifu,4
kabinèt,4
kepresidenan,4
nyaw,4
mungkar,4
kaway,4
independence,4
act,4
tripoli,4
kaledonia,4
tradisi,4
nol,4
kunjông,4
nauru,4
kiribati,4
sijeuneh,4
teuntrajih,4
tatupeuë,4
lafai,4
mim,4
bismi,4
zaman,4
geusambôt,4
prèh,4
meuplôh,4
geupeuriwang,4
ranub,4
geudeue,4
safiatuddin,4
patôt,4
asasi,4
luksèmburg,4
andorra,4
martin,4
atwa,4
beureutôh,4
lamiët,4
astronomi,4
poli,4
droegeuh,4
bèntèng,4
rabu,4
meutumpôk,4
jumlah,4
abdurrahman,4
aqidah,4
meukareuna,4
sedia,4
arti,4
dudo,4
wie,4
supaya,4
neuteupeu,4
klo,4
jideungo,4
teupeu,4
neupeuna,4
landsdrukkerij,4
department,4
bola,4
lawas,4
koto,4
keagungan,4
madzhab,4
taqrib,4
seubôt,4
geupeuseuleusoë,4
neuparèntah,4
qul,4
pujoë,4
kamoë,4
shawi,4
islamiyah,4
meuaneuk,4
meubri,4
neucalitra,4
jizat,4
nasrani,4
riba,4
uhud,4
makajih,4
kubra,4
munafèk,4
uh,4
madzeuhab,4
seumenanjông,4
arkeologi,4
geuhubông,4
secunda,4
peurayeuk,4
thalibin,4
tajeuwid,4
meusabab,4
uleë,4
geumeukawén,4
himalaya,4
marmara,4
bladéh,4
jmpl,4
urumqi,4
purba,4
pangkal,4
gorontalô,4
makassar,4
ambon,4
ternate,4
baginda,4
seudang,4
abul,4
lubnan,4
kuwasajih,4
krung,4
thep,4
nonthaburi,4
pathum,4
prakan,4
pathom,4
sakhon,4
bua,4
roi,4
udon,4
narathiwat,4
songkhla,4
yala,4
louang,4
geupulang,4
neukuwasa,4
keuneulheuh,4
pires,4
syédara,4
ramé,4
peumeréntahan,4
pinto,4
maghreb,4
praseujarah,4
sikin,4
sampe,4
keumeuntrian,4
sekretaris,4
sigolom,4
kampa,4
bieng,4
dalamjih,4
kusuihjih,4
ti,4
chile,4
reut,4
setelah,4
komersial,4
efisien,4
dapat,4
pudong,4
southern,4
denpasar,4
jeju,4
matsuyama,4
miyazaki,4
niigata,4
oita,4
nikmat,4
neusurôh,4
jannatul,4
ice,4
big,4
grande,4
bien,4
vous,4
aréh,4
teuleuëng,4
beunileueng,4
baltik,4
tsar,4
mikhail,4
tundra,4
kara,4
geupeudakwa,4
stepa,4
gareh,4
orthodox,4
stockholm,4
kapita,4
paling,4
hasil,4
geuakô,4
meukeubôk,4
teubéng,4
iklim,4
arôih,4
musim,4
bosna,4
greece,4
madrid,4
lisbon,4
meuhareutoë,4
bator,4
geupeujeuët,4
bayankhongor,4
qin,4
uyghur,4
manchuria,4
ming,4
hayeu,4
geupuduëk,4
hohhot,4
peuhancô,4
meuseureuta,4
geupeuteubit,4
baha,4
sarta,4
umomjih,4
caröng,4
teritori,4
jaminan,4
canada,4
jendral,4
columbia,4
mèksikô,4
meurdéhka,4
konfederasi,4
cities,4
jipeuhah,4
meutanggông,4
jaweuëb,4
asap,4
konstruksi,4
meutuka,4
madum,4
jamek,4
klcc,4
kuil,4
geureubak,4
neuteumèe,4
diateuëh,4
meutingkat,4
rumah,4
bambang,4
west,4
casablanca,4
begawan,4
belait,4
temburong,4
meuzina,4
seungaja,4
batén,4
keuturônan,4
geupasoe,4
geutheun,4
teubiët,4
tapuasa,4
khutbah,4
kakeuh,4
info,4
poroh,4
sangkar,4
mèrèk,4
lain,4
seuramoë,4
geubi,4
aleuhad,4
neuplah,4
xv,4
sabil,4
glië,4
meuasoë,4
rôndô,4
klah,4
arang,4
uap,4
sibôk,4
peuniyôh,4
penelitian,4
syahbanda,4
perwakilan,4
asyi,4
perkebunan,4
pubuët,4
terjemahannya,4
geucalitra,4
dalil,4
peuglah,4
seribu,4
serang,4
kelantan,4
accord,4
geupeuseudiya,4
community,4
cah,4
xining,4
shenyang,4
tonkin,4
sydney,4
benua,4
artis,4
tahap,4
hukôman,4
neupeutrôh,4
tamsélan,4
hijr,4
meureutôh,4
juj,4
thaha,4
ôk,4
saksi,4
meuca,4
amfibi,4
reudeuëp,4
lincah,4
meutuwah,4
aju,4
peunteng,4
kobe,4
chishima,4
atlasov,4
makanrushi,4
chirpoy,4
meukeuë,4
jiseubôt,4
gura,4
sisat,4
keuna,4
geutarék,4
nikosia,4
niccolò,4
cusano,4
amsterdam,4
rencana,4
josé,4
kuba,4
hubông,4
dairi,4
deli,4
langkat,4
syedara,4
bila,4
gurah,4
gadung,4
latong,4
sikap,4
saga,4
khabarovsk,4
krasnoyarsk,4
perm,4
stavropol,4
eumpueng,4
rambideuen,4
lingkajih,4
nurdin,4
teupông,4
leupie,4
mumbai,4
thái,4
vĩnh,4
phú,4
nha,4
tuy,4
davao,4
samar,4
occidental,4
huang,4
witir,4
muslém,4
pamiri,4
jareung,4
geuangkee,4
haséjih,4
warna,4
lokasi,4
târgu,4
konsep,4
bahama,4
albert,4
pangeran,4
hans,4
grand,4
carl,4
peumeurentahan,4
tuboh,4
legislatif,4
nikah,4
mary,4
kaur,4
racing,4
keupala,4
cocos,4
phoenix,4
panicoideae,4
kuwini,4
bèë,4
foetida,4
rheue,4
teunaguen,4
pliek,4
nyumjih,4
maguen,4
nyangkeuh,4
seureng,4
geupakek,4
geutaguen,4
kleueng,4
alba,4
alexandria,4
operating,4
memang,4
wap,4
geujala,4
urat,4
bui,4
bo,4
peugeut,4
bang,4
lapéng,4
nancowry,4
abong,4
eumpeuen,4
peupaih,4
disidéh,4
langkah,4
laylatul,4
ganda,4
meuseudeukah,4
istimewa,4
neupeubuët,4
beukai,4
muakkadah,4
re,4
come,4
chu,4
lien,4
khuong,4
rach,4
sulla,4
pelle,4
ep,4
profesor,4
meuranté,4
telong,4
joan,4
sumedang,4
buah,4
keumbeue,4
geutinggai,4
chiyoda,4
light,4
musical,4
keith,4
quintanilla,4
republika,4
pilem,4
bucue,4
uké,4
lamkuta,4
peuguna,4
nasionalisme,4
hamra,4
kulmim,4
gharb,4
syawiyah,4
wardighah,4
zammur,4
dukkalah,4
abdah,4
husaimah,4
lingkungan,4
fosfat,4
tengoh,4
sufi,4
mal,4
molôd,4
malopolska,4
kind,4
jackson,4
tony,4
lintaih,4
kajian,4
jimeuaneuk,4
jitôh,4
lumba,4
ueb,4
fish,4
good,4
freshwater,4
american,4
kayap,4
kasus,4
peumerintah,4
wibawa,4
gatai,4
allamah,4
alumni,4
karier,4
corinthians,4
sirép,4
sumba,4
lamdaya,4
darôl,4
jiôh,4
mideun,4
pupôk,4
hybrid,4
theory,4
mike,4
peureute,4
seubeutoijih,4
airbase,4
thiet,4
peukateuen,4
geupakat,4
zaza,4
sajak,4
works,4
rukun,4
kahar,4
white,4
books,4
since,4
kopelma,4
letnan,4
sikureung,4
keudoktoran,4
berikut,4
sc,4
teknik,4
agen,4
polandball,4
jiseutot,4
coritiba,4
klieng,4
sgm,4
str,4
phil,4
wickiana,4
johann,4
senator,4
june,4
wartawan,4
agnes,4
kilat,4
meugantoe,4
alamat,4
domain,4
acehblogger,4
giovanni,4
cang,4
den,4
variasi,4
modèrn,4
geulingkeuë,4
rubek,4
grong,4
leubok,4
guda,4
kepulauan,4
flores,4
geuikôt,4
perjuangan,4
time,4
short,4
broadcasting,4
sayonara,4
bokutachi,4
youchien,4
jiputa,4
ghost,4
arms,4
jewelpet,4
mori,4
kaoru,4
ashita,4
mama,4
inai,4
hati,4
nekeuh,4
titik,4
arctic,4
beureujuëk,4
seumeunanjung,4
sma,4
geusambong,4
girek,4
lubok,4
gerard,4
simon,4
kambuek,4
reudeuep,4
banja,4
atlas,4
masen,4
tariq,4
ziyad,4
europe,4
tata,4
original,4
ceubeuëh,4
rugoë,4
lanes,4
pohroh,4
tufah,4
tabi,4
sava,4
kupa,4
library,4
pengembangan,4
river,4
room,4
they,4
muliëng,4
balék,4
kumba,4
diviyan,4
keliya,4
ploh,4
jikurông,4
lesser,4
glueh,4
raudhatul,4
bp,4
syuhada,4
madinatuddiniyah,4
halimon,4
geurilla,4
neuangkèe,4
politikus,4
geuseurang,4
sumatraensis,4
tempo,4
institute,4
bè,4
pancong,4
nuwi,4
meusyèdara,4
khmer,4
polo,4
peureudèe,4
công,4
baluëm,4
pawang,4
two,4
walid,4
peulawanan,4
uii,4
beureueh,4
sastroamidjojo,4
sampai,4
orang,4
woë,4
fotosintesis,4
meuyup,4
dokumen,4
louis,4
herman,4
jimeunyeurah,4
dutch,4
seunamaki,4
chrysopogon,4
jeunaweuëb,4
beujeuët,4
minggu,4
mahathir,4
pembangunan,4
puë,4
torren,4
lampu,4
garot,4
dilib,4
daroh,4
datu,4
teumon,4
meukhanduri,4
leumiëk,4
umrah,4
wakeuëh,4
meuseuraya,4
sôsah,4
nelson,4
seiran,4
flower,4
beuneuri,4
barcelona,4
abdus,4
kudin,4
jurnalis,4
shalat,4
oil,4
bot,4
korsika,4
jibeuôt,4
meukhianat,4
menurut,4
meubaro,4
rumôh,4
kafilah,4
sufyan,4
estiano,4
peundapat,4
gét,4
seunyawa,4
pasangan,4
iain,4
jipeusaho,4
gani,4
seumupoh,4
lhong,4
staf,4
peristiwa,4
cura,4
ukôran,4
layan,4
peunalom,4
malo,4
jeumeurang,4
beungga,4
tangse,4
bideung,4
supôt,4
hadis,4
lhan,4
independen,4
jipo,4
girang,4
harian,4
keurajeuë,4
rubék,4
gigantea,4
amigos,4
mabôk,4
peusiëp,4
wasiët,4
jeh,4
sundak,4
suwak,4
tarok,4
aron,4
bakat,4
lagan,4
empeuk,4
violão,4
poeta,4
anos,4
ukheuë,4
alaidinsyah,4
gelora,4
alternative,4
kosovô,4
apôh,4
apah,4
bought,4
zoo,4
makén,4
dylan,4
bloe,4
duncan,4
kelly,4
ferris,4
geusangka,4
kadus,4
seukèe,4
horizonte,4
cefet,4
geupeudiyeung,4
abe,4
days,4
bungsberg,4
okseø,4
aragaki,4
matthew,4
tikrit,4
wu,4
nisan,4
sevilla,4
bruce,4
bush,4
siceue,4
taleuek,4
plah,4
itu,4
jambu,4
aneukjih,4
rambayan,4
rumpong,4
tutue,4
geupeubeudoh,4
alus,4
rheum,4
arecaceae,4
goiás,4
kari,4
cuvier,4
perairan,4
rastrelliger,4
selar,4
bawai,4
lethrinus,4
scomberomorus,4
sphyraena,4
bambangan,4
kuréng,4
karèt,4
tubai,4
bibi,4
scolopsis,4
kawét,4
pterocaesio,4
lipah,4
meunèng,4
naleung,4
keumudèe,4
samuti,4
tampu,4
calok,4
tingkeuem,4
lebih,4
kedai,4
bujur,4
reuling,4
leubu,4
bugeng,4
dingin,4
keumumu,4
durian,4
cingkam,4
perapat,4
mamas,4
langsat,4
meubèe,4
seumatang,4
maplandia,4
siprage,4
serena,4
spp,4
channa,4
sinar,4
panji,4
jabi,4
apogon,4
cicak,4
bakôi,4
naziritor,4
chen,4
mcclelland,4
ilang,4
keramat,4
sejuk,4
mulo,4
tunyang,4
bumi,4
gosong,4
mungkur,4
cermin,4
bayern,4
ligan,4
right,4
anu,4
bulen,4
sembuang,4
gantung,4
gegarang,4
bayur,4
calong,4
reuleung,4
siron,4
reuleuet,4
usi,4
ukèe,4
seubun,4
aek,4
peparik,4
edirne,4
punteut,4
rincông,4
pemerintahannya,4
beukaih,4
bass,4
please,4
beuluru,4
eumpeuek,4
salix,4
niréh,4
pik,4
rambèe,4
bruek,4
ura,4
plants,4
arèe,4
komando,4
sten,4
kurueng,4
kumer,4
gallery,4
lampuuk,4
mureu,4
ilie,4
lambunot,4
lambada,4
dèyah,4
panca,4
keumangan,4
situih,4
syamsuar,4
erizar,4
geumuprang,4
seumeubeuet,4
meukeuseud,4
shamadiyah,4
haul,4
meusabah,4
hyporhamphus,4
nawawi,4
baranggasoe,4
sibaranggasoe,4
kekhalifahan,4
slims,4
fauzi,4
mengurangi,4
ékheutiyeu,4
struktural,4
lamlagang,4
sallalahu,4
wasalam,4
ocasio,4
cortez,4
ssp,4
intensif,4
kultivar,4
tapula,4
ngat,4
gr,4
prancis,4
sementara,4
glauca,4
then,4
christmas,4
presley,4
memphis,4
agnetha,4
fältskog,4
desktop,4
bakongan,4
peran,4
geumeugah,4
peugampong,4
peudeudiek,4
urot,4
sphyrna,4
isurus,4
tangiroe,4
tamèh,4
crah,4
shahih,4
geusurôt,4
penjabat,4
tih,4
sardinella,4
taleuëng,4
tawarensis,4
clarias,4
zam,4
konstatinopèl,4
minang,4
puëh,4
khueng,4
presipitasi,4
barbonymus,4
scarus,4
ramphak,4
uboe,4
saruek,4
meuhiem,4
pusu,4
heian,4
age,4
winds,4
mechanic,4
both,4
saôh,4
brito,4
kerkhof,3
meubukét,3
politeknik,3
zawiyah,3
swasta,3
venezuela,3
timphan,3
rights,3
jasad,3
thursina,3
berita,3
gaib,3
teumeureuhôm,3
dèëlat,3
nakueh,3
uzbekistan,3
manusiya,3
subtropis,3
burkina,3
faso,3
bissau,3
togo,3
botswana,3
burundi,3
kongo,3
rwanda,3
uganda,3
gama,3
tapeusapat,3
peubeudoh,3
gurèë,3
sampôreuna,3
nangeuh,3
jamal,3
mukmin,3
harôih,3
akhirat,3
gha,3
bagöe,3
akai,3
laphai,3
tabôh,3
sempurna,3
neumeudeungo,3
ekuador,3
rusok,3
seujati,3
anshar,3
riyadh,3
greenland,3
islandia,3
svalbard,3
sinoë,3
kajeut,3
kirgiztan,3
karnivora,3
domestikasi,3
fosil,3
bulèëjih,3
teupeue,3
malayo,3
laku,3
baroë,3
melbourne,3
kamus,3
passive,3
koninklijk,3
mid,3
towards,3
journal,3
issn,3
dur,3
ani,3
devayan,3
niëh,3
sialit,3
identitas,3
sarana,3
alah,3
keubudayaan,3
jimarit,3
jinöe,3
druk,3
yul,3
sanskerta,3
ngn,3
teuninggai,3
beunteuëng,3
namgyal,3
peutalô,3
behar,3
british,3
kula,3
seunipat,3
ceureulông,3
seudia,3
meusayeuëp,3
eungkong,3
ruslan,3
seulaku,3
tabloë,3
hiweuën,3
mugèë,3
faidahjih,3
bahkan,3
énjih,3
taloë,3
atmosfer,3
reproduksi,3
lapisan,3
magnet,3
meujuta,3
deungen,3
angkasa,3
terutama,3
sumbu,3
satelit,3
mineral,3
perdagangan,3
tanyöe,3
geuhiro,3
protein,3
kleuët,3
gakijih,3
surôt,3
rumpét,3
éleumèè,3
akheulak,3
siyasah,3
falsafah,3
harbi,3
geuteumanyong,3
neupeurunoë,3
laskar,3
ditiro,3
karéng,3
meununtôt,3
meubintéh,3
muhadharah,3
krông,3
siluweuë,3
geusôk,3
aurat,3
meureunoë,3
teuntèe,3
neutamah,3
meudum,3
pembinaan,3
arrif,3
ateuëk,3
jeumala,3
dewantara,3
najah,3
peumeurentah,3
amalan,3
syara,3
qa,3
khabar,3
mampu,3
syawal,3
culture,3
god,3
walker,3
hilal,3
hambaliy,3
hanafi,3
cet,3
binoe,3
deungö,3
sampöe,3
peutamong,3
tukang,3
zalém,3
syits,3
peucaya,3
untông,3
give,3
geuteubiet,3
teupeuë,3
meungandung,3
meulahé,3
mul,3
della,3
meukeujadian,3
jiubah,3
meuapuy,3
jisurôt,3
angén,3
detik,3
minèt,3
geurakam,3
apông,3
northwest,3
network,3
jipeuteubiët,3
support,3
calang,3
sahèh,3
teugajih,3
relief,3
sabah,3
meuteuntèë,3
seunukat,3
lamiet,3
maru,3
prime,3
minister,3
cabinet,3
murtad,3
geupeulheuëh,3
geudöng,3
almaty,3
astana,3
bubalis,3
geusie,3
mammals,3
oxford,3
book,3
myers,3
diversity,3
male,3
annual,3
nguyen,3
living,3
jersey,3
inc,3
use,3
local,3
resources,3
viii,3
species,3
edition,3
santeuët,3
rayekjih,3
batken,3
naryn,3
shuhuf,3
olah,3
anfal,3
qashash,3
sajadah,3
sajdah,3
dukhan,3
tahrim,3
qiyamah,3
balad,3
lail,3
kafirun,3
crown,3
bahri,3
sedangkan,3
suez,3
ureuêng,3
gadöh,3
geukunjông,3
quba,3
qiblat,3
railway,3
tren,3
oasis,3
meucahya,3
disampéng,3
khurafat,3
geupeugadoh,3
ubay,3
seubabnyan,3
meusitrèe,3
jikeupông,3
fakhri,3
hussein,3
meunyeurah,3
jipeusapat,3
ziarah,3
jimeuduëk,3
meuboh,3
neupulang,3
divehi,3
haa,3
alif,3
peujeuet,3
uthuru,3
medhu,3
dhekunu,3
ganjé,3
geucitak,3
mohamed,3
tugaihgeuh,3
euë,3
ridwan,3
luwaihjih,3
ramee,3
jipajoh,3
kecuali,3
meusangkôt,3
teunaman,3
marshall,3
meubulèë,3
aminah,3
muththalib,3
abrahah,3
ababil,3
naypyidaw,3
maf,3
iëk,3
phuy,3
susu,3
sibeunajih,3
geupèh,3
oseania,3
sigö,3
gaharu,3
peubangkét,3
geukeuneuk,3
jammu,3
tadeungö,3
palang,3
bantuan,3
filas,3
īn,3
république,3
française,3
utamajih,3
monako,3
meubagi,3
sint,3
channel,3
teuneungoh,3
france,3
se,3
meuuké,3
laweuëng,3
tungkat,3
titeuë,3
prancih,3
sesuai,3
sapha,3
tenda,3
firman,3
teugah,3
yahya,3
peunan,3
zubair,3
jeumulah,3
meubah,3
selama,3
dll,3
meudarah,3
geulinyueng,3
bisu,3
sanggop,3
meudeungo,3
serta,3
ajaran,3
kilometer,3
gateway,3
chief,3
meule,3
plastik,3
kıbrıs,3
sirajul,3
insya,3
iyah,3
keagamaan,3
hidup,3
gayam,3
geunaréh,3
rashid,3
transliterasi,3
syarri,3
maa,3
ulôn,3
balasan,3
teuntrageuh,3
tupeue,3
tipèe,3
jalalain,3
lônseumah,3
tapéh,3
leubèhjih,3
hijeurah,3
neuparéntah,3
peutrôn,3
mutasyabihat,3
ilahi,3
jalaluddin,3
peuji,3
ortodoks,3
daripada,3
assad,3
jordan,3
ditimu,3
mesopotamia,3
prima,3
aleppo,3
phoenicia,3
wahé,3
manök,3
tilam,3
bungka,3
meurô,3
ket,3
tubiet,3
hakikat,3
utang,3
takôt,3
juz,3
yazid,3
além,3
meuchuhu,3
tajwid,3
fasèh,3
fardhu,3
kifayah,3
tabaca,3
takengon,3
ibu,3
meucéh,3
bashrah,3
teupileh,3
geulantik,3
keuphon,3
geuseumiyup,3
yém,3
beuntôk,3
alim,3
tumin,3
meukurông,3
bibeueh,3
rifqah,3
urdun,3
karak,3
peudeuh,3
lazém,3
slowakia,3
palèmbang,3
pontianak,3
banjarmasin,3
samarinda,3
selor,3
gorontalo,3
manokwari,3
peutakôt,3
eseulam,3
ibarat,3
syahadat,3
simalam,3
geumumat,3
teumanyöng,3
sifeuëtjih,3
tambon,3
pari,3
ang,3
thong,3
kanchanaburi,3
nayok,3
phetchaburi,3
phra,3
ayutthaya,3
prachuap,3
khiri,3
ratchaburi,3
songkhram,3
saraburi,3
chachoengsao,3
chanthaburi,3
rayong,3
kaeo,3
trat,3
rai,3
kamphaeng,3
phet,3
lampang,3
lamphun,3
mae,3
sawan,3
phayao,3
phetchabun,3
phichit,3
phitsanulok,3
phrae,3
sukhothai,3
uthai,3
uttaradit,3
amnat,3
charoen,3
chaiyaphum,3
kalasin,3
loei,3
sarakham,3
mukdahan,3
phanom,3
ratchasima,3
lamphu,3
khai,3
sakon,3
surin,3
ubon,3
ratchathani,3
yasothon,3
chumphon,3
krabi,3
thammarat,3
phatthalung,3
ranong,3
satun,3
luang,3
namtha,3
phongsali,3
salavan,3
savannakhet,3
phnom,3
sangkat,3
geupeurèntah,3
piléh,3
neutém,3
akö,3
pimpénan,3
langsöng,3
administration,3
meuntröe,3
association,3
huböngan,3
ntt,3
bandéngan,3
jadid,3
anggeeta,3
meuhubong,3
tunisian,3
artijih,3
kôp,3
lisék,3
jitamah,3
munisipalitas,3
komune,3
santiagô,3
central,3
aichi,3
geubangun,3
ise,3
mengambil,3
yen,3
namun,3
hampir,3
helsinki,3
fukushima,3
naha,3
sendai,3
tokushima,3
geuhareutoe,3
royal,3
heritage,3
cia,3
part,3
les,3
dikheun,3
groningen,3
teubagi,3
overheid,3
netherlands,3
slavia,3
varangia,3
ivan,3
kaliningrad,3
brang,3
astrakhan,3
romanov,3
simeutaran,3
banta,3
bolshevik,3
franz,3
meuribèë,3
baikal,3
geupeubarô,3
taiga,3
lamjih,3
buryat,3
mari,3
katholik,3
ireland,3
dalèh,3
mayoritas,3
geuseutot,3
presidèn,3
county,3
ionia,3
hercegovina,3
españa,3
es,3
gobierno,3
sot,3
peureutèë,3
dornod,3
geumeurumpok,3
geupeukira,3
gab,3
tian,3
tanohjih,3
mangkat,3
dayan,3
khüree,3
bogd,3
jeulajah,3
sigoë,3
choibalsan,3
geukawai,3
rèfèrèndum,3
maklumat,3
khot,3
ölgii,3
bulgan,3
darkhan,3
sükhbaatar,3
uvs,3
site,3
trön,3
bureau,3
angka,3
kirajih,3
umujih,3
meuhareukat,3
boga,3
brazil,3
states,3
migrasi,3
bill,3
usa,3
ontario,3
territories,3
presidency,3
oe,3
que,3
commonwealth,3
council,3
seumentara,3
lau,3
rapa,3
bunyamin,3
study,3
geutunyum,3
sèdaga,3
perak,3
meucok,3
anwar,3
titiwangsa,3
peumeuklèh,3
keundran,3
jimeututô,3
bandaraya,3
meudong,3
bisnis,3
asuransi,3
domestik,3
rm,3
peuluweuëng,3
makam,3
sains,3
moor,3
rancangan,3
dawôk,3
hektar,3
keurani,3
botani,3
simpan,3
besi,3
peuleumah,3
angeles,3
tèhran,3
sabilillah,3
woe,3
peubinasa,3
peuneujeuet,3
syèedara,3
satoh,3
kreuëng,3
meudèëca,3
jipeubuët,3
meureunoe,3
kekaisaran,3
geupakoë,3
shaum,3
nafsu,3
nazar,3
kafarah,3
sihat,3
tuwo,3
imsak,3
jeuneujép,3
muntah,3
peubateuë,3
terminal,3
kementerian,3
waly,3
tipe,3
klaim,3
lansông,3
makèë,3
meukkah,3
pasé,3
geumè,3
beungöh,3
meubeunteueng,3
keulurahan,3
neuyuë,3
xvii,3
unga,3
xiv,3
reu,3
leupuëng,3
biluy,3
midan,3
patra,3
seurangan,3
malahayati,3
om,3
rubiah,3
vulkanik,3
sinbad,3
neuwèh,3
neutuléh,3
geukuëh,3
jikeubah,3
jipiyôh,3
uu,3
pelabuhan,3
meuputa,3
basis,3
teumieng,3
mungken,3
menteri,3
walikota,3
sinoe,3
girék,3
geureudông,3
keuramat,3
ayé,3
geukueh,3
html,3
ampônan,3
text,3
ultimatum,3
neupeuphôn,3
neubalah,3
neubuet,3
rauh,3
salam,3
kedah,3
terengganu,3
britain,3
list,3
norway,3
fadli,3
harbin,3
macau,3
bohai,3
shijiazhuang,3
hangzhou,3
nanjing,3
jinan,3
queensland,3
terletak,3
rolling,3
stone,3
majalah,3
mei,3
halaman,3
tina,3
mccartney,3
seruway,3
kejuruan,3
tenggulun,3
izin,3
neupiléh,3
taufik,3
asa,3
neumeujanji,3
hareuem,3
neuteugah,3
ayeum,3
meunarit,3
bullgallery,3
neupubuet,3
maqdis,3
céng,3
ashabul,3
adé,3
phônjih,3
neuteupue,3
anbiya,3
seumeungeut,3
geutrön,3
timplak,3
kandéh,3
leubéng,3
lawet,3
hiroshima,3
geupeuaséng,3
yuzhno,3
sakhalinsk,3
sahaliyan,3
shumshu,3
paramushir,3
kharimkotan,3
broutona,3
urup,3
habomai,3
seugohlomnyan,3
raden,3
meupakat,3
jihukôm,3
jipeuphôn,3
jitulak,3
meurupah,3
maktoum,3
real,3
jimeurunoë,3
jitôp,3
lindông,3
dibanda,3
meurasa,3
emiratnyan,3
jipeuseuleusoë,3
pageuë,3
municipality,3
sareng,3
hec,3
lefkoşa,3
shinjuku,3
baku,3
jipulang,3
canberra,3
gereja,3
griffin,3
mexico,3
vènèzuèla,3
pdf,3
nègosiasi,3
anggap,3
administratifjih,3
geupeuklèh,3
geupujoë,3
labuhanbatu,3
trök,3
krenitsyn,3
bps,3
pulonas,3
kemiri,3
yamaguchi,3
dagestan,3
krasnodar,3
primorsky,3
zabaykalsky,3
jipeurintah,3
hiweuen,3
siteungöh,3
omsk,3
urang,3
buriram,3
cukop,3
geuplueng,3
suphanburi,3
sebagoe,3
khas,3
goa,3
gujarat,3
cao,3
lào,3
cai,3
quang,3
dak,3
lâm,3
quy,3
tam,3
vũng,3
tàu,3
thi,3
rang,3
trà,3
isabela,3
adana,3
mediterranea,3
adıyaman,3
cruz,3
surigao,3
zamboanga,3
hanzi,3
abee,3
ceumeukam,3
gukèë,3
meunanoh,3
meuda,3
geumeunarit,3
geupeuseulamat,3
takheuën,3
geuyuë,3
teuba,3
geumeukat,3
sinuiju,3
gaeseong,3
hareukat,3
meulampôh,3
gandôm,3
ford,3
foundation,3
oseuha,3
nilai,3
song,3
tsat,3
oghuz,3
xunhua,3
tang,3
sulôh,3
sekulèr,3
heijden,3
mare,3
neamţ,3
geuanut,3
meung,3
majelis,3
mohammed,3
kitts,3
nevis,3
selandia,3
juan,3
carlos,3
ide,3
teukeudi,3
iddah,3
zainab,3
mimbar,3
pembalap,3
ferrari,3
reutoh,3
nicholas,3
jamik,3
meubèë,3
meuduroë,3
jruek,3
teumurui,3
geurubhak,3
ruda,3
caw,3
seulimèng,3
kulah,3
beum,3
tông,3
klayu,3
udeueng,3
rd,3
sakura,3
rumpuën,3
pabrèk,3
ui,3
sentuh,3
microsystem,3
seuneulheuëh,3
bangon,3
gizi,3
jantông,3
ruhuëng,3
kahwa,3
cunto,3
neutham,3
untok,3
tapajoh,3
didalam,3
tragulidae,3
nhat,3
icao,3
hiburan,3
persero,3
maskapai,3
rinon,3
gugôp,3
deudap,3
lamténg,3
lumpat,3
car,3
konsèrvasi,3
teressa,3
katchal,3
kutacane,3
memey,3
bangsawan,3
model,3
giri,3
siklus,3
seuliséh,3
seugolomnyan,3
neuyakin,3
fadhilat,3
neuteurimong,3
geuniët,3
neubut,3
pagé,3
meuramèe,3
riyôh,3
geuseumayang,3
lavigne,3
let,3
gone,3
buffon,3
nhon,3
con,3
ria,3
schumacher,3
kien,3
rossonoemi,3
amore,3
oficial,3
youtube,3
arca,3
penyebaran,3
singkat,3
yi,3
lambri,3
ramni,3
lembu,3
usitanyo,3
assalamu,3
tarum,3
ubak,3
arakawa,3
corbin,3
bleu,3
concert,3
geuhei,3
ikatan,3
red,3
jeff,3
gordon,3
selena,3
astudillo,3
estado,3
talcahuano,3
curitiba,3
vii,3
kemukiman,3
kumot,3
jeureula,3
leupeuem,3
balue,3
gabuek,3
agadir,3
asfi,3
dzahab,3
lakuwirah,3
bujdur,3
saqiyah,3
samarah,3
sus,3
masah,3
syarardah,3
hussain,3
tansift,3
hauz,3
syarqiyah,3
tadlah,3
azilal,3
tafilalt,3
bulman,3
tazah,3
taunat,3
peurahô,3
kulit,3
guedra,3
tambo,3
anggun,3
keureusék,3
bai,3
landasan,3
emas,3
chance,3
artists,3
what,3
lie,3
alone,3
sonny,3
dream,3
eros,3
tungkiëk,3
doto,3
tulesan,3
pengetahuan,3
centers,3
disease,3
nation,3
usia,3
remaja,3
ribee,3
kesehatan,3
naggroe,3
kadeuh,3
bercak,3
geulembong,3
doa,3
manteng,3
december,3
lezgi,3
almukarram,3
pimpinan,3
umumjih,3
angers,3
kasey,3
kahne,3
awam,3
grandiflora,3
syn,3
leuën,3
bugis,3
jeremy,3
peunöh,3
khayali,3
tulésan,3
chester,3
bennington,3
manajer,3
end,3
kesatuan,3
nyatajih,3
tasek,3
hóa,3
tatuleh,3
gyeonggi,3
taim,3
nasab,3
albani,3
türk,3
thôk,3
eungkot,3
rafah,3
terminalia,3
papeuen,3
aswad,3
talang,3
geucuba,3
geunareh,3
badr,3
jauhar,3
ricklefs,3
pelajar,3
kesultanan,3
geupeuresmi,3
hewan,3
kelautan,3
eng,3
fm,3
akhe,3
komik,3
jitunyok,3
kariëng,3
malem,3
puklat,3
siëm,3
kab,3
darôy,3
reung,3
lheu,3
bayi,3
harold,3
holbrook,3
ganganagar,3
meuumu,3
fox,3
atlet,3
tenis,3
tènis,3
hamza,3
andrew,3
samuel,3
stephen,3
milton,3
jakob,3
wick,3
thèe,3
heinrich,3
grossmünster,3
zentralbibliothek,3
harry,3
roberts,3
karir,3
thatcher,3
pemilu,3
phillip,3
buraq,3
blog,3
bace,3
baroe,3
ridha,3
geujok,3
università,3
degli,3
univeresitas,3
pango,3
indische,3
leger,3
iep,3
kéh,3
tayang,3
fatih,3
geusampôh,3
babur,3
akbar,3
jahan,3
mundo,3
geudubang,3
sentang,3
pupanji,3
beuringen,3
meucatat,3
striata,3
peulhara,3
equus,3
westminster,3
asahi,3
usagi,3
manami,3
deng,3
magic,3
liar,3
alice,3
sweets,3
dance,3
mako,3
sasakura,3
summer,3
tbs,3
rain,3
miu,3
kinoshita,3
tompi,3
spesialis,3
geomagnetik,3
speciosa,3
manis,3
javanica,3
glang,3
ac,3
malabaricus,3
meuakibat,3
datok,3
daka,3
anou,3
hukom,3
peungalaman,3
pengusaha,3
leuhob,3
ceumpeudak,3
jeulikat,3
bantan,3
kock,3
wijck,3
wilyah,3
stanley,3
angola,3
maputo,3
strait,3
virgin,3
angkôt,3
patroli,3
teumakôt,3
proposal,3
minyak,3
sea,3
leupèe,3
beunot,3
mamprèe,3
beurunyong,3
pande,3
european,3
proyek,3
geukaji,3
kuëh,3
keumeung,3
dki,3
zona,3
pramuka,3
lancong,3
das,3
flows,3
may,3
purcell,3
hot,3
around,3
memory,3
gabôngan,3
rhiëng,3
beurawang,3
kiran,3
meuko,3
adan,3
kuthang,3
tampui,3
nyông,3
reuntang,3
beuringèn,3
catô,3
pulijudam,3
demala,3
kucing,3
malay,3
mujadid,3
nidhamul,3
markaz,3
kalheuëh,3
kamil,3
langgeuëm,3
peumeurdèka,3
sutradara,3
jipimpén,3
peace,3
daily,3
keudidi,3
geucatat,3
muroe,3
bro,3
nja,3
ummi,3
siteungoh,3
geusingkat,3
qadhi,3
zahir,3
deureuham,3
luncéng,3
salih,3
imuem,3
peuringgi,3
meugaki,3
upah,3
neupeucaya,3
beunoë,3
teungeut,3
rafael,3
lham,3
duroë,3
geumeuhôi,3
ruweueng,3
kristal,3
meurakan,3
sebuah,3
berperang,3
puluhan,3
neugalak,3
khalid,3
galông,3
meuhasè,3
jawatan,3
geumeujak,3
beundahara,3
seberang,3
kulat,3
ganggang,3
khasiet,3
krab,3
ian,3
meuseunipat,3
tunggéng,3
meubinték,3
geuparéksa,3
ummul,3
minin,3
khadijah,3
jipeucaya,3
phét,3
lakèe,3
tiong,3
weuk,3
mawaih,3
reungkah,3
himbèe,3
jajah,3
jirasi,3
keunoe,3
bakong,3
jipula,3
jijaga,3
korupsi,3
peunjara,3
indies,3
war,3
apiyun,3
camcuruih,3
jeumuju,3
keusani,3
parkia,3
timoriana,3
ganti,3
barueh,3
peundang,3
unit,3
anti,3
jikira,3
saho,3
senjata,3
keundali,3
lèrèk,3
mambangkakan,3
seuratu,3
jiteuntang,3
jijôk,3
jiyuë,3
smp,3
beujeut,3
backpacking,3
lhat,3
backpacker,3
meujeunajah,3
geutumèe,3
sinja,3
separatisme,3
cirih,3
kunyet,3
geuhidang,3
jimeukat,3
seudati,3
adaan,3
xxvi,3
sadum,3
arthur,3
matong,3
theatre,3
picture,3
daniel,3
munich,3
full,3
meupangkat,3
dauh,3
geuseumiyub,3
chinese,3
jirakam,3
peuneuyum,3
darmono,3
teuhah,3
jitudôh,3
ilèe,3
slamet,3
rumi,3
ejaan,3
keunoë,3
gas,3
pertamina,3
keusaboh,3
bounaparté,3
jidapeuta,3
brienne,3
école,3
joséphine,3
keusultanan,3
kabisat,3
kinetik,3
potensial,3
jioh,3
biogah,3
patahan,3
seuningoh,3
guglielmo,3
marconi,3
sunah,3
jihoreumat,3
beurhala,3
filmography,3
fonseca,3
lailatul,3
mètode,3
geupeurayek,3
kandran,3
geupeuhareum,3
tajaga,3
batalion,3
ramasamy,3
geupeujôk,3
surya,3
seorang,3
putro,3
canden,3
langit,3
kerukunan,3
atjeh,3
keterangan,3
rapat,3
rakjat,3
eratosthènès,3
geomatika,3
tutut,3
peureumeuen,3
kawa,3
mubagoe,3
top,3
bangön,3
singèt,3
imam,3
naisaburi,3
autotrof,3
pigmen,3
jati,3
lukman,3
patah,3
opera,3
apocynaceae,3
silva,3
feliz,3
dos,3
mtv,3
bangkèh,3
leupu,3
fairuz,3
ayéb,3
kh,3
nv,3
kréh,3
mutia,3
pase,3
terdiri,3
bidok,3
peuraho,3
hampa,3
panggong,3
lango,3
rambot,3
manggie,3
mugo,3
tamping,3
geudeubang,3
seumeureung,3
reusak,3
gaseu,3
sipot,3
tungkop,3
kajeung,3
perlak,3
murong,3
kb,3
leuhop,3
kaju,3
kuyuen,3
antonio,3
sonora,3
clara,3
paulinho,3
sempre,3
bella,3
canções,3
gravado,3
pukat,3
dhoë,3
sirông,3
jeureunggèë,3
araceae,3
uröt,3
syafari,3
pilkada,3
calon,3
saat,3
show,3
armènia,3
tima,3
meukeu,3
kawômneuh,3
rugoe,3
sagôp,3
geuôseuha,3
jimeusu,3
geudeungö,3
walt,3
peubloe,3
rubah,3
jones,3
crystal,3
tomodachi,3
teue,3
suzuki,3
yu,3
recôncavo,3
keisuke,3
strange,3
flamengo,3
universität,3
sturm,3
frisia,3
okseøerne,3
akkra,3
galilia,3
jerusalem,3
sibilla,3
yordan,3
balian,3
busu,3
jiteubôh,3
geubayeue,3
bayeue,3
fan,3
balbek,3
jeunampu,3
mufti,3
gada,3
leuntie,3
nitrogen,3
ceupé,3
pingan,3
pandé,3
zayéd,3
juraj,3
dobrila,3
fumec,3
spotting,3
penulis,3
seunuddon,3
urusan,3
munafék,3
seuribèe,3
jeumeu,3
galong,3
albeum,3
sebagaimana,3
shadiq,3
alias,3
sulét,3
luho,3
asha,3
meugreb,3
langet,3
gabriele,3
annunzio,3
sinetron,3
anak,3
miko,3
serigala,3
berduri,3
calvin,3
kabat,3
teumiki,3
sunniyah,3
rumusan,3
łobez,3
steve,3
sativus,3
sexo,3
jason,3
aku,3
pukeue,3
albacares,3
pelamis,3
thazard,3
tongkol,3
turok,3
alalunga,3
obesus,3
maccoyii,3
rochei,3
tertangkap,3
jeunara,3
kanagurta,3
sexfasciatus,3
langguran,3
fowler,3
sparks,3
leiognathus,3
secutor,3
geumulôh,3
carangidae,3
macracanthus,3
coioides,3
fasciatus,3
boenak,3
sexmaculata,3
formosa,3
areolatus,3
longispinis,3
nigritus,3
altivelis,3
fuscoguttatus,3
leucogrammicus,3
coeruleopunctatus,3
sonnerati,3
argus,3
merra,3
albimarginata,3
louti,3
rogaa,3
flavocaeruleus,3
radiatus,3
polyphekadion,3
typus,3
vittatus,3
cabéh,3
seurindang,3
myripristis,3
adusta,3
pasèh,3
udeung,3
mampree,3
arsenal,3
seunöng,3
geurundông,3
glée,3
tunông,3
panitia,3
memenuhi,3
pasaran,3
bogor,3
sehingga,3
reutôh,3
rungkom,3
williams,3
seumira,3
burnley,3
kim,3
norman,3
bakau,3
apha,3
rukam,3
rasian,3
bangun,3
nunang,3
hakhapen,3
kuning,3
rikit,3
mbakhu,3
rambung,3
mekar,3
perdamaian,3
simpur,3
peseluk,3
naru,3
jeroh,3
lesung,3
bunin,3
mude,3
vitex,3
pinnata,3
seurunè,3
šiprage,3
srpska,3
bacé,3
abeuek,3
iboih,3
baung,3
salur,3
jampak,3
kapi,3
periophthalmus,3
valenciennes,3
hamilton,3
weber,3
baet,3
bahgie,3
mara,3
sidodadi,3
meluem,3
tenang,3
bujang,3
delung,3
kenawat,3
cemparam,3
kemuning,3
pajar,3
linung,3
pea,3
riman,3
ketapang,3
pr,3
seumot,3
anyar,3
preh,3
neulop,3
liverpool,3
münchen,3
xxiii,3
giuseppe,3
patek,3
ceunamprong,3
ghon,3
lamme,3
lamtui,3
sango,3
kabong,3
jang,3
kemuneng,3
ceuraceu,3
teubee,3
pleung,3
perya,3
jeureungeh,3
mataie,3
kleng,3
abông,3
bipak,3
berawang,3
kapal,3
lumut,3
pepanji,3
akul,3
ramasan,3
keruh,3
celala,3
bies,3
telege,3
tampur,3
jerat,3
jeget,3
seumileuek,3
butik,3
tige,3
umang,3
rajawali,3
bae,3
angkup,3
loyang,3
sinengoh,3
manjang,3
bakoh,3
pawoh,3
lamtéh,3
kuali,3
ayun,3
seupeueng,3
leubue,3
taleue,3
gue,3
kliet,3
ueng,3
glanggang,3
nibong,3
sagi,3
jatoe,3
cabang,3
ulue,3
saril,3
gapuy,3
riwat,3
jumpa,3
kerobokan,3
loba,3
putin,3
dekat,3
calais,3
costa,3
woodard,3
riseh,3
syèedarajih,3
dabôh,3
cari,3
teungôh,3
geumeuto,3
jangak,3
budidaya,3
mpu,3
nyong,3
gureb,3
peulawi,3
lokop,3
jering,3
pipefishes,3
pîlhî,3
tijdak,3
kamahariyun,3
peulitek,3
generation,3
med,3
leumboi,3
keuneubahjih,3
balok,3
gabôh,3
adè,3
indicum,3
racemosa,3
alternata,3
lobata,3
bileueng,3
ceungai,3
geuneu,3
jeruk,3
plumeria,3
rubra,3
jiem,3
kachueng,3
minima,3
keusumba,3
lambéng,3
layèe,3
leuki,3
meurinya,3
sambô,3
peugaga,3
peuték,3
peureuya,3
asèe,3
sawôh,3
speciosus,3
merr,3
teubèe,3
microcos,3
tomentosa,3
tutu,3
takaatsur,3
aska,3
teumpeun,3
bius,3
wihni,3
kemili,3
tumpi,3
lamlhom,3
groet,3
lambaro,3
lamgeu,3
pantee,3
ceukok,3
ajèe,3
santan,3
bileu,3
loire,3
gapui,3
leubeue,3
peudaya,3
inayatillah,3
jaja,3
brevis,3
lateristriga,3
voice,3
peurtahanan,3
watèenyan,3
iriansyah,3
cunda,3
punteuet,3
sirul,3
mubtadin,3
buena,3
gurè,3
peutubiet,3
deungan,3
known,3
geutupeue,3
tagusuek,3
anatuth,3
shallallahu,3
jipubuet,3
siulah,3
syarah,3
fat,3
hul,3
himne,3
kampuih,3
loka,3
peuneulitian,3
identifikasi,3
tuwanku,3
hasè,3
abèh,3
kurubeuen,3
meucakarat,3
sebago,3
geulanteue,3
dengön,3
geubangon,3
tamadön,3
iki,3
ing,3
wis,3
sopo,3
nyataaken,3
rasullalahi,3
carter,3
gen,3
rendah,3
itamong,3
mannyang,3
padi,3
pannyang,3
produktif,3
komposit,3
varietas,3
transgenik,3
fase,3
tumbuhan,3
othman,3
muammar,3
palermo,3
serie,3
dina,3
ki,3
díaz,3
juárez,3
elongata,3
bateueng,3
lasso,3
marsha,3
hunt,3
aldi,3
taher,3
petarukan,3
hard,3
yesterday,3
goes,3
only,3
daltrey,3
arrival,3
voulez,3
trouper,3
visitors,3
voyage,3
anni,3
lyngstad,3
peuubat,3
smartphone,3
robots,3
txt,3
salman,3
pokhisen,3
chuy,3
panyoe,3
meujud,3
utamua,3
peunah,3
meunah,3
jupiter,3
gôgasi,3
safawiyyah,3
rungkha,3
qalawun,3
meuk,3
asqalani,3
ifk,3
dipeuget,3
diemen,3
blora,3
jeum,3
seunipatjih,3
ketepeng,3
kuek,3
pèh,3
leuek,3
tôk,3
tamban,3
gerres,3
marmorata,3
scombridae,3
timphiek,3
lalat,3
cangkadak,3
reunèk,3
clupeiformes,3
sipasang,3
lijeue,3
meuduroe,3
tangkè,3
bèe,3
kulèt,3
pueh,3
jasminum,3
siôn,3
sicupak,3
encountered,3
after,3
small,3
elite,3
windbreak,3
main,3
them,3
manuel,3
keuereubeuen,3
keumeujak,3
munsyi,3
peumarèntah,3
neudeuk,2
jiwoe,2
ujeun,2
jumulah,2
makuta,2
musium,2
peulabôhan,2
muhammadiyah,2
ghafur,2
dean,2
samporeuna,2
geubeuntuk,2
geupruh,2
baitullah,2
khurasan,2
ustadz,2
peuputôh,2
pashtun,2
kashmir,2
suèz,2
africa,2
terra,2
intang,2
meugurôn,2
piramid,2
meuhalak,2
jameuën,2
kilimanjaro,2
benin,2
gambia,2
liberia,2
senegal,2
sierra,2
leone,2
lesotho,2
chad,2
kenya,2
geucök,2
tapeubeutôy,2
husna,2
bumöe,2
geutanyöe,2
mahsyar,2
jaza,2
geuanggap,2
geumeusipheuët,2
kamalat,2
meuhimpôn,2
keukai,2
binafsihi,2
wahdaniyah,2
meukheundak,2
neumeukalon,2
neutupeue,2
mutakallimun,2
soria,2
león,2
amazon,2
mississippi,2
plata,2
bathat,2
florida,2
andes,2
tornado,2
paraguay,2
seujak,2
tuleung,2
beutoi,2
menurot,2
ilmee,2
wallahu,2
meulayang,2
dempet,2
khali,2
mintaqah,2
peuradaban,2
peuudép,2
indus,2
ceuntô,2
taywan,2
familiaris,2
dna,2
peunyakèt,2
lét,2
seuneungui,2
suasa,2
meukeuliléng,2
usui,2
panè,2
nit,2
maseng,2
polynèsia,2
moken,2
teuntè,2
meukuseud,2
jeulah,2
kheuën,2
diftong,2
languages,2
called,2
linguistic,2
society,2
available,2
stable,2
verhandelingen,2
instituut,2
voor,2
taal,2
volkenkunde,2
foris,2
publications,2
vowels,2
decontrol,2
issue,2
published,2
august,2
grammatical,2
relations,2
sl,2
michigan,2
sidwell,2
sopan,2
badi,2
tameureunoë,2
boang,2
tateupeuë,2
peunyeubaranjih,2
kongrèh,2
tapeugöt,2
translator,2
bangladèsh,2
seugöh,2
seubagöe,2
geulanteuë,2
drukpa,2
peumandangan,2
dinanggroë,2
lagoina,2
ceundana,2
jipeungarôh,2
cooch,2
jibalah,2
duar,2
anatar,2
rahib,2
meuakô,2
jitinggai,2
meusalju,2
kangri,2
topografi,2
meunaleuëng,2
geupeulhara,2
chhu,2
dpl,2
gatéh,2
meuiku,2
sigolomjih,2
muktar,2
kibaih,2
domba,2
geubloë,2
geupeulahra,2
bloë,2
tanguy,2
hèk,2
tamita,2
syèëdara,2
peulahra,2
sangkira,2
biosfer,2
geupeumungkén,2
geologi,2
permukaan,2
teutôb,2
kutub,2
beuso,2
geupeusiblah,2
meukuasa,2
aksi,2
vertebrata,2
kureuëngjih,2
udèp,2
puyôh,2
siëjih,2
leuëk,2
pesantren,2
geusatöh,2
seuderhana,2
sirajuddin,2
keuneu,2
lambhuk,2
meubaca,2
muamalah,2
cëit,2
jinayah,2
munakahat,2
akay,2
teologi,2
perkasa,2
taktik,2
neusatoh,2
jibagi,2
landschap,2
geupeutalo,2
geubeudoh,2
peuristiwa,2
marhaban,2
sederhana,2
haréh,2
lheëh,2
geutubiët,2
neuseu,2
kupiyah,2
biyasa,2
geumeupakat,2
geumeuripèe,2
ripèe,2
peukateuën,2
geuploh,2
peujeulaih,2
mantèq,2
ushul,2
meubaréh,2
tameumat,2
mesra,2
inshafuddin,2
ulumul,2
babun,2
modernisasi,2
hasbi,2
bicara,2
jinayat,2
puja,2
thaharah,2
geupeuteuntèë,2
neugaséh,2
ci,2
tapeusuci,2
yumjih,2
geulatih,2
cabeung,2
ucapan,2
situëk,2
meuteuntè,2
zulqa,2
thought,2
neudeuëk,2
anul,2
ijma,2
qiyas,2
fôn,2
hanifah,2
tsabit,2
kufah,2
geukheuën,2
peureumoh,2
wakaf,2
harta,2
mayet,2
simak,2
tip,2
parintah,2
jipaksa,2
ideurih,2
geuteumuléh,2
taikôt,2
shiraz,2
fars,2
him,2
maps,2
left,2
meusidroë,2
geupeulahé,2
rahim,2
ambiya,2
sajih,2
peureumöh,2
napeuneugah,2
lagènyan,2
geuëh,2
hamè,2
sikureuêng,2
geupeutaklôk,2
italy,2
runtôhan,2
mekanisme,2
seismik,2
pôt,2
warning,2
meupusat,2
bmkg,2
decision,2
bahaya,2
vision,2
care,2
meubantu,2
kureuma,2
fithrah,2
taboh,2
buluën,2
sha,2
ataupun,2
rijang,2
meujiran,2
okinawa,2
yamato,2
tèknologi,2
ngeun,2
kantei,2
imperial,2
kunaicho,2
dzimmi,2
söe,2
peukaru,2
peungarohjih,2
akim,2
gubérnur,2
teuikat,2
jagat,2
geupasang,2
keureupuk,2
publishing,2
january,2
buffaloes,2
swamp,2
wanapat,2
congress,2
second,2
chui,2
issyk,2
injil,2
prosedur,2
naseurani,2
aliran,2
hijri,2
fathir,2
fath,2
hujurat,2
thur,2
jumu,2
taghabun,2
qalam,2
arij,2
muzammil,2
naba,2
abasa,2
insyiqaq,2
adh,2
adiyat,2
humazah,2
nas,2
quranacademy,2
gmina,2
office,2
emir,2
prince,2
ahmar,2
ibrani,2
geusië,2
beutaturi,2
geuharap,2
rameè,2
neuwafeuët,2
qiblatain,2
syria,2
istambul,2
haifa,2
éhtisa,2
jiyakin,2
geujanji,2
meubandéng,2
geupeuancô,2
meusebab,2
geutakôt,2
meuphôn,2
menan,2
aqabah,2
meujaga,2
geuteuka,2
neuriwang,2
keupeuët,2
pasha,2
geumeudong,2
didônya,2
geukeuliléng,2
sinhalese,2
laamu,2
meukulét,2
kaléng,2
kau,2
sabôn,2
malé,2
mathi,2
gaafu,2
rekor,2
scuba,2
neubuka,2
duta,2
virtual,2
konferensi,2
kampanye,2
droëgeuh,2
jipubuët,2
geubantah,2
hafazhah,2
izrail,2
amay,2
paréksa,2
paksina,2
susôn,2
geususon,2
diateuh,2
sampôh,2
unggeuëh,2
turôt,2
infeksi,2
seumanoë,2
bismarck,2
norfolk,2
torres,2
kewajiban,2
geuwakeuëh,2
mariana,2
wake,2
felis,2
catus,2
silvestris,2
meulata,2
yahgeuh,2
kandông,2
meuntuy,2
meuninggay,2
ribèë,2
pakri,2
jirhom,2
aseulijih,2
mubtada,2
ôy,2
zharaf,2
makan,2
seuni,2
geuhijrah,2
thala,2
reubana,2
peurdana,2
ét,2
azh,2
syarqiyyah,2
keupeuet,2
keulimöng,2
syama,2
kodam,2
geugalak,2
meucén,2
peurayek,2
tema,2
péyasan,2
peusunat,2
manoë,2
gaséng,2
muzakkir,2
peuneugèt,2
baluchistan,2
punjab,2
islamabad,2
azad,2
kasymir,2
rhine,2
geometris,2
ideologi,2
deklarasi,2
belgia,2
peulancong,2
nato,2
nuklir,2
listrék,2
jermanik,2
peuranci,2
euro,2
gouvernement,2
sarjani,2
seugolomjih,2
subur,2
geunië,2
labui,2
keumbang,2
polinèsia,2
anuta,2
cook,2
kapingamarangi,2
mikronèsia,2
mele,2
niue,2
nuguria,2
nukumanu,2
nukuoro,2
ontong,2
pileni,2
pitcairn,2
rennell,2
rotuma,2
sikaiana,2
takuu,2
tikopia,2
tokelau,2
wallis,2
futuna,2
kheundak,2
peutrôh,2
ribè,2
khaidir,2
ilyasa,2
zulkifli,2
felidae,2
töm,2
meusigöe,2
ustman,2
geujamin,2
thalhah,2
awwam,2
auf,2
sasteura,2
bapak,2
jipeujröh,2
tanyo,2
tambahan,2
ariyyah,2
lawanjih,2
alamnyoepakiban,2
kekal,2
meuseuneulheuh,2
fana,2
beut,2
meutuboeh,2
meubentuk,2
merupa,2
peuhana,2
hawadist,2
perkara,2
binafsih,2
wahdaniah,2
permulaan,2
geupeuhana,2
berkehendak,2
neupeuteuntèe,2
laloe,2
gepeu,2
ilmun,2
diteupeu,2
neuteupeue,2
setiap,2
ruhung,2
geudeunge,2
dipeuhana,2
beserta,2
keumalon,2
pernah,2
mutakalimun,2
geupeuiman,2
meubeuet,2
seumurat,2
jitupeue,2
jakalèë,2
interactive,2
statistics,2
economic,2
board,2
meucuhu,2
cumhuriyeti,2
bengkawas,2
bén,2
husein,2
puluh,2
zein,2
qasim,2
teumeuëng,2
munir,2
qurän,2
kumpulan,2
ghayah,2
wat,2
dakwa,2
meungadu,2
mishary,2
afasy,2
teks,2
idzaa,2
droeneuh,2
pruh,2
nèkmat,2
hasyiah,2
allahu,2
slogan,2
lahi,2
rahmani,2
rahimi,2
lahu,2
ahadun,2
gobnyankeuh,2
teuman,2
uem,2
poma,2
neupeuhah,2
peumeuphôm,2
neuingat,2
manfaat,2
mina,2
syètan,2
jis,2
katrôh,2
keumeunangan,2
meurôn,2
rôn,2
lakè,2
syirék,2
keuji,2
geubie,2
ikot,2
meukeumah,2
wajèb,2
meujihad,2
hatay,2
assuriya,2
neolitikum,2
taurus,2
halab,2
dimasyq,2
bunda,2
upat,2
dijih,2
nap,2
nafakah,2
èleuemè,2
bateue,2
tatanda,2
zém,2
malè,2
lihat,2
geulakap,2
asqalan,2
geuhafai,2
ib,2
taparéksa,2
usman,2
manduwa,2
abuwa,2
keuturunan,2
quréh,2
syatha,2
juzu,2
namblah,2
dituri,2
peungaroh,2
peujroh,2
beusesuai,2
èjaan,2
honda,2
pameuë,2
tanyoë,2
leuëh,2
meuasay,2
makhdum,2
soleutan,2
beureukat,2
nanta,2
nek,2
xizang,2
lhasa,2
meungklèh,2
bosphorus,2
ashgabat,2
etrap,2
pinneberg,2
hanafiy,2
malikiy,2
abdur,2
rauf,2
syamsuddin,2
khalidiy,2
syèikh,2
golèk,2
abôn,2
umm,2
raseumijih,2
uzbèk,2
tashkent,2
beureukaih,2
svg,2
ènsiklopèdia,2
wulumuqi,2
satöh,2
dô,2
neanderthal,2
depresi,2
guernsey,2
cèkô,2
moldova,2
aland,2
faroe,2
mayen,2
ibukota,2
palangkaraya,2
palu,2
mamuju,2
kendari,2
jayapura,2
geuutôh,2
teucok,2
surôh,2
rukon,2
nabathiyyah,2
jubayl,2
jbeil,2
biqa,2
akkar,2
yisrā,2
isrā,2
īl,2
thành,2
xã,2
amphoe,2
chiangmai,2
changwat,2
mueang,2
champasak,2
xaignabouli,2
xekong,2
xiangkhouang,2
penh,2
geujajah,2
lemos,2
fretilin,2
meugaböng,2
keureubeuen,2
cuköp,2
deuek,2
referendum,2
ladöm,2
peumerèntahan,2
fdtl,2
peunawaran,2
nanggröe,2
geularang,2
stabil,2
komoditi,2
neupeuguna,2
usd,2
tutö,2
saudagar,2
tamadun,2
keureu,2
teuweuek,2
kafr,2
bor,2
qahirah,2
egyptian,2
jazair,2
carthaginia,2
vandal,2
muwahhidun,2
paleolithik,2
neolithik,2
meutimoh,2
dominan,2
klasik,2
sūdān,2
rèpublék,2
jèndral,2
kekuasaan,2
diduek,2
guerugui,2
sinankeuh,2
deutschland,2
baden,2
bavaria,2
judeţe,2
consiliu,2
abjad,2
slovakia,2
pomorskie,2
zachodniopomorskie,2
hispaniski,2
república,2
version,2
pantai,2
dibuka,2
cathay,2
continental,2
honolulu,2
saipan,2
suvarnabhumi,2
korean,2
frankfurt,2
philippine,2
hakodate,2
narita,2
wakkanai,2
kushiro,2
surga,2
marjan,2
darus,2
yakut,2
nugini,2
ashanti,2
search,2
tourism,2
illustrated,2
nature,2
parks,2
factbook,2
brussèl,2
votre,2
je,2
noord,2
brabant,2
aruba,2
minsk,2
jipeusaboh,2
rus,2
meuakhe,2
geuwaréh,2
meuphon,2
lègènda,2
geujeumeurang,2
geurawoh,2
kazan,2
geupeugantoë,2
diktator,2
josef,2
stalin,2
gorbachev,2
meulayeuë,2
khazar,2
meuhad,2
neumbôi,2
karbon,2
dioksida,2
geubië,2
boinah,2
okrug,2
petersburg,2
chuvash,2
chechen,2
karelia,2
ossetia,2
udmurt,2
uzbek,2
kapéta,2
jeuma,2
buryatia,2
kalmykia,2
yakutia,2
general,2
riset,2
inggrèh,2
geulingkeue,2
dublin,2
teuneungöh,2
parlementer,2
adriatik,2
seubeutôi,2
malta,2
dibarôh,2
weather,2
forecast,2
marino,2
rouran,2
jimuprang,2
meurdehka,2
uroëjih,2
agui,2
baratjih,2
tamadôn,2
ulaangom,2
hayeuëk,2
geusak,2
gökturk,2
jurchen,2
cucoëjih,2
meuhië,2
batumöngke,2
keucuwali,2
uliastai,2
geurawôh,2
ungern,2
ulaanbaatar,2
èhwai,2
khorloogiin,2
peusapat,2
biksu,2
geutrimöng,2
geupeusabab,2
arkhangai,2
uul,2
dornogovi,2
dundgovi,2
govi,2
govisümber,2
khentii,2
khövsgöl,2
ömnögovi,2
orkhon,2
övörkhangai,2
selenge,2
töv,2
zavkhan,2
sijuëk,2
meuplah,2
ratajih,2
census,2
social,2
euntèë,2
tungus,2
daléh,2
mubuet,2
harôk,2
pakta,2
warsawa,2
geupeulheuh,2
discover,2
jeung,2
gasien,2
paramaribô,2
johnny,2
geumula,2
meuseuliséh,2
meureudéhka,2
amandemen,2
geumigrasi,2
gov,2
quebec,2
jipeulheueh,2
hoalm,2
elsavador,2
liberal,2
dèmokrat,2
wallah,2
est,2
encule,2
par,2
territory,2
ceunatèt,2
peujeunajah,2
peusema,2
muran,2
pangulèe,2
moresby,2
diet,2
peunuman,2
jeumeujak,2
geugaséh,2
geusayang,2
kl,2
persekutuan,2
dilè,2
meusekutu,2
geubayeuë,2
waba,2
kapitan,2
meupat,2
kit,2
bahru,2
ubông,2
ubin,2
peuneujak,2
street,2
peumeurètah,2
meusuebab,2
yudikatif,2
sebagoë,2
jilingkeuë,2
sibuleuën,2
meutrôn,2
persentase,2
kanton,2
burma,2
bugéh,2
malayalam,2
tanggông,2
meukalon,2
geuangkè,2
dato,2
properti,2
komisi,2
peuwaki,2
infrastruktur,2
bruto,2
pribadi,2
sektor,2
mall,2
disinoë,2
suria,2
meubloë,2
imbi,2
berjaya,2
wang,2
sogo,2
bangsar,2
valley,2
screen,2
power,2
bunoë,2
pandangan,2
sugohlom,2
teumèe,2
tong,2
kompleks,2
iréng,2
tinggay,2
institut,2
permaisuri,2
sabaoh,2
artefak,2
kubah,2
filharmonik,2
orkestra,2
klpac,2
chennai,2
shadôm,2
yue,2
seumeuntara,2
dawôt,2
tapubuet,2
geupeujeulah,2
mulayi,2
geubileuëng,2
akhir,2
dzul,2
hijjah,2
duwageuh,2
peureuloh,2
putoe,2
tatinggay,2
tuto,2
meugréb,2
shiyam,2
seumajôh,2
paneukjih,2
geupham,2
hukômjih,2
meukrôh,2
seumeupoh,2
zihar,2
meupeugah,2
balèh,2
nifas,2
taniet,2
meumada,2
sibuleuen,2
jimak,2
peubagah,2
peuteulat,2
sipeue,2
ruhueng,2
mani,2
teupèh,2
akkad,2
geupeugalak,2
meurdèhka,2
taseumayang,2
luhô,2
iftitah,2
ihram,2
jumeu,2
adha,2
bus,2
peuhubông,2
tulôt,2
format,2
sms,2
philip,2
sony,2
ericson,2
window,2
mobile,2
linux,2
protèstan,2
tionghoa,2
hudep,2
langue,2
samarkand,2
tripa,2
seuneu,2
seumayam,2
peraturan,2
mukammil,2
geupeuteuka,2
meugeula,2
keujruën,2
carak,2
susôh,2
tangan,2
paroë,2
meucica,2
bante,2
jitôt,2
maktab,2
naskah,2
seulako,2
peunegah,2
penang,2
canton,2
gudang,2
geupeusaneut,2
impor,2
laksana,2
meulaksana,2
duane,2
sk,2
neubloë,2
balohan,2
au,2
ja,2
tingöh,2
meuceuhue,2
pasèe,2
jibeudöh,2
sh,2
pim,2
kka,2
seunuddôn,2
sawét,2
gasiën,2
riya,2
jipeulahra,2
ceu,2
bismillah,2
neuwoe,2
tabuk,2
sura,2
khalifa,2
mushaf,2
rā,2
peuneugöt,2
neukalön,2
kisaran,2
keulileng,2
sembilan,2
registered,2
philippnes,2
iindonesia,2
implementation,2
self,2
governing,2
member,2
norge,2
kongeriket,2
bokmål,2
noreg,2
nynorsk,2
koordinator,2
pakön,2
lanzhou,2
chengdu,2
kunming,2
nanning,2
haikou,2
guiyang,2
taiyuan,2
kuasajih,2
jidöng,2
changsha,2
wuhan,2
zhengzhou,2
nanchang,2
fuzhou,2
hefei,2
koral,2
ralph,2
lennon,2
hendrix,2
eric,2
luwes,2
peumerintahan,2
payéd,2
sekerak,2
meuriya,2
sunnatullah,2
neuudép,2
geupeuköng,2
ancôe,2
aduengeuh,2
reudôk,2
geuseumah,2
neupeudöng,2
peumaté,2
meuteurimöng,2
peutanggông,2
neupeuwajéb,2
peuayeum,2
peugadöh,2
kahf,2
neupeumeu,2
peureulöh,2
tateupue,2
geuda,2
neubeu,2
meunyawöng,2
dawôd,2
jrôh,2
akhérat,2
meuudép,2
peutrôk,2
shalèh,2
taseumah,2
dipike,2
seulawet,2
lancok,2
rusép,2
wilayahnyan,2
manchukuo,2
karafuto,2
tsugaru,2
yokohama,2
iwate,2
geupeupisah,2
puto,2
meubileueng,2
minami,2
shumushu,2
araido,2
paramushiru,2
shirinki,2
ekarma,2
chirinkotan,2
shiashkotan,2
raikoke,2
matua,2
rasshua,2
ushishir,2
ketoy,2
simushir,2
buroton,2
uruppu,2
etorofu,2
shotō,2
dongguan,2
meusigoë,2
teumpatjih,2
yeè,2
kua,2
jung,2
jikeumunjông,2
gompeuni,2
rayeu,2
meuberontak,2
demokrat,2
meuneuntang,2
jipeuancô,2
mallaby,2
seurah,2
uleè,2
meuingat,2
geucatèt,2
arek,2
seubarô,2
sabohjih,2
veto,2
estate,2
geusumbang,2
bakri,2
venesia,2
jikunjông,2
dokumentasi,2
parék,2
sassaniyah,2
falasa,2
falasi,2
yas,2
shèikh,2
deira,2
sharjah,2
talipun,2
doha,2
sakola,2
ngagaduhan,2
kusuh,2
tokyô,2
ramèë,2
geupeuluah,2
pyotr,2
wina,2
hèlsinki,2
fiorella,2
mannoia,2
tham,2
lisboa,2
geupuphon,2
arsitek,2
dâmbovi,2
danube,2
tbilisi,2
district,2
document,2
jamaika,2
russia,2
alheuh,2
tem,2
damee,2
poih,2
lopatka,2
talo,2
oyakoba,2
atlasova,2
island,2
geupeuthèë,2
leumpéng,2
ito,2
batubara,2
seumpét,2
luzhina,2
kaptèn,2
teubing,2
geupajoh,2
keumbeu,2
morioka,2
yamagata,2
url,2
barésan,2
piku,2
dewa,2
toyama,2
fukui,2
nagano,2
gifu,2
shizuoka,2
hyogo,2
wakayama,2
tottori,2
okayama,2
kochi,2
bashkortostan,2
kabardino,2
karachay,2
khakassia,2
beyaz,2
arkhangelsk,2
bryansk,2
chelyabinsk,2
naml,2
alquran,2
qarun,2
peumeunang,2
jipeulindông,2
seumanyang,2
peuturôt,2
neuujoe,2
irkutsk,2
ivanovo,2
kaluga,2
kemerovo,2
kirov,2
kostroma,2
kurgan,2
kursk,2
lipetsk,2
magadan,2
murmansk,2
nizhny,2
novosibirsk,2
orenburg,2
oryol,2
penza,2
pskov,2
rostov,2
ryazan,2
samara,2
smolensk,2
saratov,2
tambov,2
tomsk,2
tver,2
tula,2
tyumen,2
ulyanovsk,2
volgograd,2
vologda,2
voronezh,2
yaroslavl,2
sitellu,2
everest,2
sisaket,2
chon,2
prachin,2
matangglumpangdua,2
acheh,2
chainat,2
peutibiet,2
vista,2
basic,2
chandigarh,2
meanchey,2
battambang,2
chhnang,2
speu,2
thom,2
kampot,2
kep,2
kratié,2
pursat,2
prey,2
veng,2
reap,2
stung,2
treng,2
svay,2
rieng,2
takéo,2
tĩnh,2
hoá,2
nguyên,2
tuyên,2
đi,2
bái,2
hoà,2
châu,2
kontum,2
ngãi,2
bà,2
nai,2
tháp,2
chàm,2
tây,2
liêu,2
cà,2
sóc,2
trăng,2
attapeu,2
sam,2
prabang,2
sainyabuli,2
sekong,2
tapanuli,2
agusan,2
jose,2
batangas,2
trinidad,2
cagayan,2
camarines,2
cebu,2
oro,2
cotabato,2
mati,2
ilocos,2
iloilo,2
lanao,2
leyte,2
afyonkarahisar,2
masbate,2
misamis,2
nueva,2
negros,2
ağrı,2
puerto,2
mindoro,2
amasya,2
romblon,2
rizal,2
siquijor,2
sorsogon,2
tarlac,2
tawi,2
antalya,2
binjai,2
artvin,2
aydın,2
tebing,2
balıkesir,2
bilecik,2
bingöl,2
bitlis,2
bolu,2
burdur,2
salat,2
paulista,2
shi,2
jipeutaklok,2
tembok,2
jampu,2
infèksi,2
jitimöh,2
jipuphon,2
nanoh,2
tabileueng,2
pahala,2
geupeuhina,2
depag,2
duh,2
vibrio,2
pyeongyang,2
hamheung,2
cheongjin,2
nampo,2
wonsan,2
pyeongseong,2
sariwon,2
anju,2
haeju,2
ganggye,2
gimchaek,2
hyesan,2
songrim,2
hoeryeong,2
daegu,2
common,2
geupiké,2
mongkén,2
meuniyaga,2
peureumadani,2
geupeubandéng,2
kamuih,2
teumuleh,2
irani,2
sarikoli,2
lughat,2
geuhöi,2
tameurumpok,2
tumbak,2
haraman,2
ganjiatan,2
geuseutöt,2
guide,2
basô,2
aqman,2
qaraman,2
khwarizm,2
tarèkat,2
prentah,2
timişoara,2
cluj,2
brăila,2
bacău,2
arad,2
sibiu,2
mureş,2
buzău,2
râmnicu,2
vâlcea,2
suceava,2
turnu,2
severin,2
tulcea,2
sijineh,2
trias,2
politica,2
absolut,2
meuikot,2
geupileh,2
barbados,2
beatrix,2
margrethe,2
grenada,2
luxemburg,2
duke,2
henri,2
lucia,2
grenadines,2
bhumibol,2
adulyadej,2
peupisah,2
sagaing,2
bago,2
mandalay,2
yangon,2
aktobe,2
atyrau,2
meuseukutu,2
teuladan,2
keuseuneulheuh,2
tujan,2
adopsi,2
peusakét,2
karagandy,2
kostanay,2
kyzylorda,2
pavlodar,2
ahal,2
anau,2
daşoguz,2
seumeujid,2
alonso,2
jawara,2
renault,2
team,2
career,2
teukueh,2
hunedoara,2
vaslui,2
giurgiu,2
lala,2
famagusta,2
katedral,2
geupeusuci,2
nakbah,2
saléb,2
shibuya,2
konstantin,2
djenné,2
reconquista,2
etlingera,2
reubông,2
nucifera,2
puwasa,2
suum,2
sirôn,2
sirèn,2
hibiscus,2
tapè,2
odorata,2
rheuë,2
geucang,2
curcuma,2
murraya,2
koenigii,2
teunaguën,2
zingiber,2
officinale,2
ukheuejih,2
nyeum,2
pade,2
torvum,2
tapih,2
geupeugléh,2
geuadèe,2
meugeutah,2
talôn,2
wak,2
secuiesc,2
rom,2
ieropa,2
sălaj,2
peuhasé,2
hatta,2
mudawali,2
ipomoea,2
azadirachta,2
khi,2
peuteubiët,2
watéë,2
peukeuh,2
keudèë,2
fitur,2
layeuë,2
teuntèë,2
gosling,2
seudeurana,2
oak,2
sirosis,2
fibrosis,2
doë,2
löt,2
lagéë,2
uten,2
watenyan,2
manteung,2
dc,2
deungeun,2
beunggala,2
lhôh,2
situngkôh,2
seurapông,2
tuangku,2
seulatanjih,2
indira,2
camorta,2
trinket,2
tillangchong,2
megapod,2
batèëkeubeu,2
perkison,2
lebar,2
meuen,2
jruëk,2
neupeusampoë,2
tôt,2
bé,2
meuladôm,2
bahih,2
geupeuta,2
lok,2
peudeuëng,2
peungikôt,2
geuampôn,2
geulipat,2
lomba,2
bk,2
jiniët,2
sampôrna,2
meubahgia,2
meubeuët,2
geupeutamat,2
lheè,2
meuteukeubi,2
based,2
visibility,2
lunar,2
crescent,2
juventus,2
under,2
skin,2
er,2
tell,2
shania,2
twain,2
jihey,2
posisijih,2
goy,2
sujarah,2
meubenteuëng,2
dad,2
dao,2
khanh,2
cxr,2
phù,2
cát,2
binh,2
cat,2
tác,2
lahir,2
asal,2
dirinya,2
scuderia,2
tutta,2
sono,2
parole,2
stadio,2
diego,2
noemiofficial,2
arcadinoemi,2
wenshan,2
yao,2
xianfan,2
logogram,2
qiandongnan,2
qiannan,2
qianxinan,2
gelao,2
wuchuan,2
zhenning,2
ziyun,2
guanling,2
jinping,2
tre,2
tuleuëng,2
leumbab,2
wateè,2
meiseuëjih,2
hulusekelam,2
kerecieng,2
sangkilat,2
auvergnat,2
gascon,2
umom,2
haloih,2
va,2
te,2
dison,2
puyuh,2
indonèsia,2
waktéë,2
jisrang,2
geutem,2
geumeugatib,2
weuëh,2
jime,2
huesca,2
limpok,2
timujih,2
concepcion,2
adachi,2
édô,2
nikkō,2
katsushika,2
sumida,2
meupuliték,2
bibie,2
toshima,2
asosiasi,2
another,2
side,2
speed,2
push,2
high,2
corbinbleuofficial,2
jimeuhei,2
syeedara,2
sebastian,2
bull,2
dreaming,2
singer,2
fall,2
used,2
missing,2
felipe,2
como,2
bidi,2
cèkia,2
burgas,2
tay,2
chelsea,2
stamford,2
rodrigues,2
carvalho,2
departmen,2
canték,2
niwa,2
riweuek,2
eumpéh,2
mamlakah,2
rhôh,2
morocco,2
morroch,2
urdu,2
peuturi,2
neupimpén,2
mediterranian,2
shawirah,2
muhammadiah,2
wajdah,2
angkée,2
ramah,2
prinsip,2
peugadoh,2
meupeundapat,2
zardah,2
neutinggai,2
neubaca,2
sapai,2
fez,2
meureunèk,2
seulop,2
irama,2
pot,2
kanot,2
kameng,2
teungkurak,2
diapit,2
geupon,2
hue,2
dikeulola,2
geulayani,2
rute,2
janjôngan,2
lugo,2
galicia,2
villa,2
valparaíso,2
anastacia,2
forever,2
sosa,2
saturday,2
jean,2
bad,2
champions,2
welcome,2
moody,2
belong,2
