word,count
на,256176
катэгорыя,196785
году,128718
да,100745
годзе,90765
па,68392
за,67727
ад,64924
год,56923
зь,52613
што,51930
крыніцы,50009
быў,49446
таксама,46060
беларусі,43762
вобласьці,42666
як,42362
для,41882
вёска,39939
раёну,39068
які,36803
спасылкі,35441
вонкавыя,35378
не,33925
пасьля,32814
аб,31902
раёне,31069
якія,30529
насельніцтва,30018
яго,29351
склад,28520
чалавек,27404
пад,26572
ён,26044
была,25530
паводле,24503
пры,23302
былі,23007
пункты,22696
сельсавет,22339
населеныя,22201
але,22185
км,21573
іх,21273
клюбу,20780
гісторыя,20653
час,20637
сельсавету,20205
пра,20192
беларусь,19651
было,19161
якая,18795
складзе,18707
гадоў,18253
рэспублікі,18084
літаратура,17872
каля,17711
футбалісты,17610
ня,17115
дзе,16875
імя,16239
студзеня,16031
або,15923
беларускай,15737
тым,15728
року,15640
беларускі,15479
гэта,15314
толькі,15108
калі,14791
яе,14347
ст,14078
раён,14001
зьяўляецца,13953
аднак,13586
больш,13536
ва,13413
жыхароў,13405
міні,12979
вайны,12923
мае,12716
ліпеня,12690
ды,12524
мовы,12474
цэнтар,12225
стаў,12219
яна,12035
беларускія,11538
зша,11522
жніўня,11506
праз,11502
пкс,11479
знаходзіцца,11409
сакавіка,11402
нарадзіліся,11383
расейскай,11348
кастрычніка,11262
гады,11232
верасьня,11059
чэрвеня,11006
сьнежня,10972
траўня,10816
чал,10796
горад,10748
менскай,10574
ці,10569
разам,10368
значак,10240
вёскі,10228
са,10227
яны,10151
іншых,10099
лютага,10052
вобласьць,10041
пачатку,9955
якіх,9946
стагодзьдзя,9944
расеі,9861
імпэрыі,9857
таго,9704
адзін,9665
атрымаў,9559
падчас,9463
супраць,9460
тэрыторыі,9407
паміж,9332
першы,9296
вялікага,9292
княства,9266
красавіка,9228
яшчэ,9215
места,9198
лістапада,9090
менску,9017
сярод,8906
месца,8879
маюць,8860
ссср,8847
уваходзіць,8751
выніку,8717
клюб,8657
якой,8601
ліку,8567
польшчы,8520
гэты,8427
глядзіце,8413
гэтага,8375
беларускага,8215
краіны,8192
гэтым,8185
тут,8155
павету,8120
той,8070
бсср,8065
каб,7950
стала,7872
гораду,7846
пазьней,7758
ваяводзтва,7721
гарадзенскай,7696
назву,7664
адміністрацыйна,7639
ёсьць,7611
іншыя,7364
частка,7348
нарадзіўся,7328
сям,7291
над,7277
менск,7170
царква,7097
гісторыі,7068
якога,7006
працы,6986
га,6985
ім,6974
сьмерці,6915
двароў,6889
так,6886
можа,6850
некалькі,6798
тыс,6791
назва,6714
літоўскага,6658
сусьветнай,6655
мова,6651
колькасьць,6594
цяпер,6593
якое,6574
першай,6562
касьцёл,6560
адміністрацыйны,6537
мове,6477
сайт,6477
якім,6415
другой,6379
беларуская,6377
сваёй,6358
памерлі,6349
стагодзьдзі,6289
права,6273
чалавекі,6202
два,6172
культуры,6112
сваю,6097
часу,5996
навук,5972
адным,5915
працаваў,5907
адзінка,5898
жа,5882
афіцыйны,5850
жыхары,5827
сьвету,5801
стагодзьдзе,5754
часам,5751
зборнай,5744
то,5729
якасьці,5690
млн,5676
мястэчка,5594
складае,5593
вялікі,5530
бо,5528
дзяржаўны,5515
аляксандар,5474
сельсаветы,5453
дзень,5431
згодна,5422
віцебскай,5400
царквы,5363
сьвятога,5359
падзеі,5357
меў,5357
зьявіліся,5313
паспалітай,5294
рэчы,5284
дзяржавы,5282
войска,5278
таму,5237
польскай,5224
архітэктуры,5160
ракі,5158
плошча,5141
ўкраіны,5129
тры,5122
першым,5094
быць,5054
губэрні,5023
тэрытарыяльная,4996
напрыклад,4988
найбольш,4982
гадох,4966
дзяяч,4966
берасьцейскай,4946
цэнтрам,4942
партыі,4896
зьлева,4881
дзяржаўнага,4839
месцы,4831
гадах,4826
чынам,4812
зямлі,4787
беларускіх,4779
свайго,4766
біяграфія,4762
асобы,4757
дзейнасьць,4743
усе,4732
эўропы,4708
пачаў,4707
нацыянальнай,4682
скончыў,4680
арганізацыі,4663
тое,4618
інш,4613
помнік,4600
гэтай,4593
вельмі,4592
пэрыяд,4583
сувязі,4583
возера,4571
сябе,4562
канцы,4531
акрамя,4514
новы,4511
францыі,4497
гг,4473
празь,4453
перад,4424
амаль,4401
кубка,4395
ян,4378
сваіх,4373
ўнівэрсытэту,4365
літаратуры,4350
творы,4338
зьяўляюцца,4337
яму,4335
сельсавеце,4314
вёсцы,4308
сайце,4305
розных,4297
кар,4297
жыцьця,4286
мн,4285
менскага,4265
гарады,4245
такім,4244
альбо,4235
ўлады,4232
маці,4230
свой,4227
свае,4223
частцы,4185
створаны,4183
акадэміі,4150
рады,4142
можна,4142
суд,4133
заснаваны,4127
чым,4124
уладальнік,4119
сваім,4105
потым,4100
ўсіх,4090
атрымала,4090
часткі,4049
вуліцы,4043
таварыства,4042
сталі,4034
сьпіс,3991
заходняй,3984
боку,3942
ўжо,3932
працягу,3920
дэ,3901
могуць,3888
князь,3886
войскі,3869
большасьць,3866
адной,3865
некаторыя,3864
шмат,3850
слова,3788
гульні,3787
вільні,3785
без,3779
ер,3775
гэтыя,3765
матчы,3758
аўтар,3756
першыя,3753
руху,3746
нават,3744
якую,3707
паэт,3706
мела,3701
захадзе,3678
дзейнасьці,3673
мову,3667
пісьменьнік,3666
прэміі,3666
ля,3663
дом,3654
дзеля,3623
ёй,3623
захад,3618
лігі,3617
народнай,3616
адна,3608
будынак,3604
ўсход,3597
звычайна,3592
сьвеце,3592
дзякуючы,3590
князя,3587
сын,3587
складаецца,3575
школа,3563
футбаліст,3563
моваў,3562
ўсе,3559
статус,3556
сср,3542
кнігі,3539
рака,3539
расейскі,3534
першая,3513
вялікай,3510
іншымі,3504
ўсё,3502
прэм,3496
мастацтва,3494
школы,3494
чалавека,3494
гомельскай,3472
роду,3469
сыстэмы,3468
людзей,3446
вядомы,3432
мелі,3418
горадзе,3408
асноўным,3399
старшыня,3393
знаходзілася,3391
жыцьцё,3387
дзьве,3382
уладзімер,3382
ўлада,3370
павет,3367
вкл,3364
замак,3363
павеце,3350
чаго,3346
двух,3338
мора,3335
аднаго,3330
частку,3328
фільм,3326
поўначы,3321
музэй,3316
савету,3281
гэтых,3280
раней,3275
упершыню,3270
магілёўскай,3270
нацыянальнага,3268
арміі,3260
нямеччыны,3258
другі,3256
кароль,3238
прэзыдэнта,3225
чэмпіён,3224
ужо,3211
бок,3211
паўночнай,3210
фільмы,3197
мікалай,3196
станцыі,3193
часта,3187
акругі,3185
ўваходзіць,3168
імёны,3160
цэнтры,3150
расейскія,3142
пачалі,3139
групы,3129
караля,3123
дзяржаўнай,3121
удзел,3113
аддзел,3097
воласьці,3096
паселішча,3091
лініі,3088
гонар,3082
песьні,3081
дзяцей,3079
нараджэньні,3077
віленскага,3076
нацыянальны,3073
пасаду,3072
паходжаньня,3065
назвы,3056
герб,3045
двары,3045
галоўны,3044
ўдзел,3030
газэты,3023
трох,3015
часткай,3009
пачатак,2995
міністэрства,2995
нямецкай,2994
зьвестак,2983
беларускае,2981
чэмпіянату,2979
менш,2974
ўваходзяць,2972
былая,2968
канца,2967
ера,2966
каманды,2956
справаў,2949
саюзу,2947
вялікае,2941
справы,2938
тады,2924
кіраваньня,2919
колькасьці,2919
жыцьцяпіс,2919
даўжыня,2918
абароны,2917
памёр,2905
заўвагі,2895
асабліва,2891
некаторых,2889
інстытут,2887
затым,2877
прэзыдэнт,2876
хоць,2875
першага,2874
кампаніі,2872
пераважна,2866
гістарычных,2864
войскаў,2856
паходжаньне,2852
галоўным,2849
лічыцца,2845
вайну,2834
украіны,2833
камітэту,2831
паходзіць,2825
беларусаў,2822
генэрал,2819
разьмешчаны,2816
паўстаньня,2815
нар,2813
вытворчасьці,2809
краінаў,2805
будзе,2803
шэраг,2799
гэтая,2789
іван,2787
падзел,2787
пасёлак,2785
перайшоў,2784
ўваходзіла,2775
старонка,2774
адпаведнасьці,2759
зьвесткі,2752
савецкай,2751
профіль,2743
вялікім,2728
там,2723
цалкам,2722
польскі,2710
існуе,2709
тысячаў,2692
сяргей,2687
перапісу,2677
межах,2674
выкарыстоўваецца,2674
адбыўся,2672
рэкі,2656
польскага,2655
вершы,2653
вялікая,2648
аляксандра,2647
тэрмін,2643
знаходзяцца,2642
сьцяг,2635
сябры,2617
між,2614
нью,2609
будаўніцтва,2608
ролю,2598
створаныя,2597
неўзабаве,2593
літоўскі,2583
расея,2574
гурт,2572
новага,2571
працу,2569
сэзоне,2553
атрымалі,2551
паўночны,2545
тэрыторыя,2543
група,2539
альбом,2530
алімпійскіх,2526
беларускую,2520
завод,2519
сабой,2518
сам,2515
відаў,2514
галерэя,2513
ступені,2512
сябра,2504
зноў,2503
стане,2502
асноўныя,2502
сыстэма,2494
выглядзе,2491
прызначаны,2491
поўдні,2481
вядомыя,2478
выступаў,2475
савецкі,2469
італіі,2468
прадпрыемства,2466
андрэй,2461
менавіта,2452
бацька,2450
аснове,2445
гміны,2440
беларусы,2439
месьціцца,2428
вайна,2426
палове,2422
мастак,2421
знаходзіўся,2417
выканаўчая,2417
камітэт,2415
партыя,2404
гісторык,2400
часы,2398
хто,2396
ўсходняй,2394
чатыры,2390
звыш,2389
раман,2388
прыкладна,2379
першую,2378
міністар,2374
афіцыйная,2360
вуліца,2360
інфармацыя,2355
мэтраў,2355
палітыкі,2354
кантракт,2351
другога,2347
вярнуўся,2347
летувы,2345
старшыні,2341
нягледзячы,2335
эўропе,2335
ягоны,2330
мм,2320
назвай,2313
вайне,2312
некалькіх,2311
гішпаніі,2311
падпісаў,2308
каманда,2305
года,2304
рок,2301
разьвіцьця,2300
геаграфія,2299
рацэ,2297
беразе,2297
усіх,2296
часоў,2289
самым,2288
выйшаў,2284
цэнтральнай,2283
амэрыканскі,2280
дзён,2279
розныя,2277
расейская,2277
ўнівэрсытэт,2274
раз,2273
ліпені,2273
замест,2273
такіх,2261
кіраўнік,2261
замежных,2255
галіне,2253
сэзону,2253
маскоўскай,2250
адбылася,2249
наступныя,2246
твораў,2245
музыкі,2241
маёнтку,2236
чале,2234
правёў,2233
другім,2232
стагодзьдзяў,2229
сучаснай,2229
студзені,2223
адукацыі,2222
паўднёвы,2222
савецкія,2220
статыстыка,2215
былыя,2214
спачатку,2213
лютым,2213
паўднёвай,2212
прозьвішча,2205
значна,2202
творчасьць,2200
гэтак,2199
мы,2199
гэтае,2198
самых,2198
вялікабрытаніі,2198
краіне,2197
рух,2194
помнікі,2193
незалежнасьці,2193
мяжы,2193
прадстаўнікоў,2189
род,2188
стварэньня,2188
вады,2184
такія,2182
правы,2179
князёў,2169
улады,2165
інстытуту,2160
двор,2158
менская,2156
людзі,2152
складала,2150
мястэчку,2136
дасягненьні,2133
ўрад,2131
польскія,2128
асобаў,2126
дынама,2121
жніўні,2117
справа,2117
палац,2113
уладай,2113
новай,2110
вялікія,2102
бнр,2100
паўночным,2099
тыпу,2097
павал,2097
апісаньне,2097
юры,2092
ўсходзе,2089
сьнежні,2087
маскве,2086
радыё,2085
падзелу,2085
былы,2085
сілы,2082
рада,2081
апошні,2073
рэспубліка,2072
каралеўства,2071
кніга,2071
часе,2070
абраны,2068
збудавалі,2067
германскага,2059
сьвяты,2053
працавала,2052
палітычны,2051
сваё,2048
пункт,2046
ўпершыню,2044
бібліятэка,2044
санкт,2043
поўдзень,2041
першапачаткова,2041
выйшла,2040
пачала,2037
футбольны,2036
цягам,2034
краінах,2033
адбылося,2031
маёнтак,2030
мінск,2027
новая,2027
сан,2027
беларускім,2026
латвіі,2026
падляскага,2025
сярэдзіне,2024
сэзон,2018
новыя,2013
лізе,2013
жыў,2010
сына,2009
плошчы,2000
артыкулы,2000
літоўскае,1999
паўночна,1996
гульняў,1996
паўднёва,1995
першае,1992
млрд,1992
школе,1991
вядома,1990
побач,1977
стварэньне,1965
тых,1964
віленскай,1962
дзяржаўных,1957
факультэт,1957
выпускнікі,1952
дэбютаваў,1949
сакавіку,1948
крыніцах,1940
ўраду,1939
см,1939
прычыны,1938
матч,1936
гаспадаркі,1933
адрозьненьне,1929
паўднёвым,1928
прыватнасьці,1928
краю,1928
хутка,1924
першых,1923
ангельшчыны,1923
твор,1919
цела,1917
сярэдняя,1914
праект,1912
поўнач,1909
нямецкі,1907
выпадку,1906
кіраўніцтва,1905
працавалі,1904
мэтай,1902
адразу,1900
менскі,1898
афіцыйна,1898
царкву,1896
бацькі,1896
літаратары,1896
мясцовых,1893
расейскага,1889
марыі,1888
прыняў,1888
ўпамінаецца,1884
басэйн,1876
гульнях,1876
формы,1875
выкананьня,1874
службы,1871
мікалая,1870
дэпутатаў,1867
сьвятой,1866
імёнаў,1865
займае,1863
нямеччыне,1859
мовах,1858
гулец,1855
носьбіты,1854
станіслаў,1852
верасьні,1852
гербу,1851
значэньне,1850
зборнік,1847
хутар,1847
разьвіцьцё,1845
купалы,1843
шматлікія,1841
славутасьці,1840
станцыя,1838
удзельнікі,1837
бясьпекі,1835
землі,1834
віды,1830
скасаваны,1830
васіль,1829
вытворчасьць,1829
польшча,1828
існавала,1828
шэрагу,1828
масква,1825
дзейнічае,1825
школу,1823
культура,1817
літоўскіх,1815
складу,1814
раёны,1810
кожны,1809
чыгуначнай,1807
фэдэрацыі,1804
францускі,1804
лікам,1803
сяло,1800
выбарах,1798
правінцыі,1797
пунктаў,1794
магчымасьць,1793
міністраў,1791
кіраўніцтвам,1790
пачынаецца,1790
наступным,1790
сьв,1789
вул,1787
галоўнага,1787
народны,1786
намесьнік,1785
прыток,1783
комплекс,1782
архітэктура,1782
эстоніі,1779
адначасова,1778
клюбам,1778
маскоўскага,1771
могілках,1771
імі,1770
момант,1770
справах,1770
напісаў,1769
новых,1769
гістарычнай,1766
швэцыі,1766
савецкага,1763
чэрвені,1763
ні,1761
пераклад,1759
вялікую,1758
гістарычныя,1749
пасады,1749
самы,1749
ордэн,1749
дзяржаваў,1749
гміне,1748
пісьменьнікаў,1742
мовай,1740
мяжуе,1736
банк,1732
міхаіл,1731
пракуратура,1727
вакол,1726
словаў,1726
гэтую,1725
шлях,1721
сёньня,1717
савет,1716
касьцёла,1712
усходзе,1709
адпаведна,1706
усё,1702
жанчыны,1702
камісіі,1701
сем,1700
іншага,1699
сярэдняй,1694
другая,1694
кастрычніку,1693
сьвет,1693
ордэна,1691
няма,1690
кляштар,1688
праходзіць,1688
выдаў,1687
прэзыдэнтам,1687
гарадоў,1686
лік,1686
вёску,1686
цяперашні,1685
гісторыка,1685
фон,1684
мінуўшчына,1683
вярхоўнага,1676
фармант,1676
грамадзкі,1675
менскім,1674
сабе,1669
магчыма,1667
горадні,1667
музыка,1667
цэнтру,1666
чаргу,1666
нямецкія,1665
рсфср,1656
азіі,1656
народаў,1655
гоцкага,1655
большасьці,1653
стылі,1651
арганізацыя,1651
паверхні,1649
навукова,1649
апошнія,1647
сьвята,1647
становішча,1645
бду,1645
выбараў,1645
словы,1643
шматлікіх,1643
рашэньне,1643
раёнаў,1642
усяго,1641
ўкраіне,1641
прамысловасьці,1638
тэрытарыяльны,1637
дапамогай,1637
хакеісты,1636
выкарыстаньне,1635
народная,1634
шляхам,1634
пастановай,1632
віцебская,1632
народу,1629
актор,1627
сілаў,1627
жонка,1627
памяць,1625
знак,1625
заснаваная,1620
далей,1617
прадстаўнікі,1616
віктар,1615
перадачы,1613
пятра,1612
парк,1612
войскамі,1612
эканоміка,1610
зьявілася,1608
трэцяга,1601
чэмпіёнаў,1596
міністра,1595
івана,1593
азначае,1592
месьце,1592
красавіку,1592
сэрыі,1592
належыць,1589
мастацтваў,1588
сталіца,1587
дня,1586
працуе,1585
край,1585
лістападзе,1581
бітва,1581
марыя,1580
міжнародных,1578
гурту,1578
інфармацыі,1577
ягоныя,1574
выданьне,1572
газэта,1570
нямеччына,1568
доктар,1567
добра,1567
жыве,1563
дамовы,1559
існуюць,1558
суды,1557
ляўрэат,1555
ангельскай,1555
гомель,1553
прафэсар,1550
варыянты,1547
узнагароды,1547
разоў,1546
рэгіёну,1546
траўні,1546
эўра,1546
аховы,1542
раённы,1541
праца,1541
ягонай,1540
акруга,1538
футболе,1535
расейскіх,1534
рэвалюцыі,1534
новым,1533
суду,1533
тыя,1528
кампанія,1526
стары,1524
даляраў,1523
агульнай,1520
ўсёй,1518
сямейства,1518
правіла,1517
тэрыторыю,1515
пакінуў,1514
выбары,1513
пабудаваны,1512
загінулі,1507
берасьце,1505
служыў,1503
амэрыкі,1503
занялі,1501
кошт,1501
заснаваў,1499
дзеяч,1498
гісторыю,1497
ліквідаванага,1496
будынку,1495
францыя,1495
чэмпіянаце,1490
памяці,1485
сродкаў,1484
паўла,1483
гістарычна,1483
берасьцейскага,1482
тэатру,1481
пяць,1479
палітычных,1477
прадпрыемстваў,1476
правоў,1476
заняў,1474
імпэрыя,1474
спадчына,1471
кнігу,1468
міхал,1467
пакуль,1465
многія,1464
лінія,1464
від,1463
песьня,1463
нарадзілася,1463
палітык,1460
сталіцы,1459
ўсім,1457
варшаве,1456
рублёў,1454
трэцяй,1453
пачалася,1452
францускай,1451
здымкі,1450
музэю,1449
афіцыйным,1448
яно,1447
бітвы,1447
дні,1446
ролі,1445
зьезду,1443
найноўшы,1441
іншым,1439
незалежнасьць,1436
трэці,1435
пётар,1434
палітыка,1431
удзельнік,1431
наша,1430
пэрыяду,1430
тэатар,1429
выгляд,1429
кодэкс,1428
кіно,1427
перамогу,1427
слоўнік,1427
вільня,1426
даволі,1426
янкі,1420
праекту,1420
міжнародная,1418
часопіс,1417
пазыцыі,1417
паколькі,1417
часткова,1416
навукі,1411
бітве,1410
пісаў,1408
канец,1406
рэспубліцы,1404
парадку,1404
яднаньня,1403
прадпрыемствы,1402
спадчыны,1400
сродкі,1399
стварыў,1398
перададзеная,1396
далучыўся,1392
знаходзіліся,1391
украіна,1391
думку,1389
дзейнічала,1388
цк,1388
аляксей,1387
чатырох,1387
ўсяго,1387
праваслаўныя,1384
вэрсіі,1380
літоўскай,1379
катэдры,1378
барока,1377
адно,1376
кп,1376
станіслава,1376
творчасьці,1375
склаў,1374
стану,1372
паэзіі,1372
музэі,1371
зрабіў,1371
сузор,1370
агульная,1369
клясы,1367
вайсковай,1367
зьявіўся,1365
вершаў,1365
перамогі,1362
краіна,1361
востраў,1358
літоўскім,1356
аддзелу,1356
дзеяньні,1355
вынікі,1354
екты,1351
адносна,1346
хх,1345
працэс,1345
белы,1345
пастановы,1345
савецкая,1343
праграмы,1342
вядомая,1342
забіў,1341
удзельнічаў,1341
яднаньне,1339
супэркубка,1339
ягоная,1338
дняпра,1337
закон,1335
кніг,1335
по,1333
гурта,1332
органаў,1332
выкарыстаньня,1331
плян,1329
гарадзенскага,1329
еру,1329
сакратар,1328
трэба,1326
дзеяньняў,1325
працаваць,1325
згаданыя,1325
арганізацыяў,1324
пляне,1323
зьяўляўся,1322
налічвалася,1321
службу,1321
міжнароднай,1320
годам,1319
ўвайшлі,1319
вялікіх,1316
сьвятых,1315
ўплыў,1315
адміністрацыі,1314
мноства,1314
часамі,1313
алесь,1313
называюць,1313
найсьвяцейшай,1312
граматай,1312
сонца,1312
ан,1311
сябрам,1310
аан,1308
зямля,1308
кіраўніком,1308
чырвонай,1307
дзяржава,1307
зьмены,1307
арыштаваны,1304
артыкулаў,1303
артыкул,1303
ўнутраных,1303
пачалося,1303
вучыўся,1303
жыхар,1303
апынуўся,1302
грамадзка,1302
інстытуце,1302
грэцыі,1302
польскіх,1301
галоўнай,1301
канстытуцыі,1300
гарадзенская,1300
герой,1299
пераможца,1299
наш,1298
зборную,1298
апынулася,1297
міжнароднага,1297
здолеў,1297
мільёнаў,1296
савецкіх,1294
банку,1293
сучасных,1292
ўвайшла,1292
месяцаў,1292
чэмпіянат,1291
паступіў,1291
рэдактар,1290
крыж,1290
дачыненьні,1289
унівэрсытэце,1289
варта,1287
званьне,1284
штат,1281
брат,1281
індыі,1281
янка,1280
ніва,1280
займаўся,1280
уэфа,1278
месцаў,1277
ганна,1277
асноўных,1277
рэгіёне,1277
грамадзтва,1276
загад,1276
дачка,1276
сельскай,1275
сусьветную,1274
каралём,1274
азёры,1274
сядзіба,1273
галоўная,1272
адбываецца,1272
мужчынскія,1272
вікіпэдыя,1271
гітара,1271
шырока,1270
фактычна,1269
гарадзкога,1269
выдадзены,1269
віцебск,1268
будынкаў,1268
культурных,1267
дзяржаўным,1266
славаччыны,1266
ангельскі,1265
маглі,1265
форма,1264
каталіцкай,1264
гімназіі,1263
сваімі,1263
вынікаў,1262
польская,1261
ніжэй,1261
магілёўская,1260
народнага,1258
аат,1257
паловы,1256
сталіцай,1256
актыўна,1256
ягоным,1256
другую,1255
складаюць,1254
вайсковы,1254
двойчы,1253
вугоршчыны,1253
наступны,1251
павінна,1249
міжнародны,1248
такі,1246
стан,1245
артыкула,1245
выступае,1244
пахаваны,1244
іі,1243
берасьцейская,1241
захаваліся,1240
іншай,1240
капліца,1240
кубак,1239
пераехаў,1239
газэце,1236
лукашэнкі,1236
нацыянальным,1236
дзьвюх,1235
альбомы,1233
міру,1231
адзіны,1229
пецярбургу,1228
ект,1228
перададзены,1227
напрыканцы,1227
сіці,1226
дасьледаваньняў,1225
народных,1221
грошы,1221
жыцьці,1220
мог,1220
паэты,1220
аўстрыі,1219
рымскай,1218
царкве,1217
урад,1216
сучаснага,1215
апроч,1214
нацыянальная,1214
бакоў,1214
зьмяшчае,1214
дзяржаўныя,1213
асобных,1213
саюз,1213
пракуратуры,1213
дзейнічалі,1211
далучаны,1211
скасаваныя,1210
эканомікі,1209
спорту,1207
сярэдзіны,1206
навуковых,1206
вялейскага,1206
становіцца,1205
ягонага,1205
здароўя,1204
земляў,1203
практычна,1203
заявіў,1203
існавалі,1202
ўзроўню,1201
нараджэньня,1201
казімер,1200
тонаў,1199
мужчынскае,1198
грузіі,1198
фільму,1198
замку,1196
існаваньня,1196
сярэдні,1194
парыжы,1194
ўладамі,1192
стварэньні,1191
займаў,1191
сустракаецца,1191
ляўрэаты,1191
кіраваньне,1189
моцна,1189
матэрыялы,1189
старажытнага,1188
заканадаўства,1188
паўстаньне,1188
дзяржаўная,1187
новае,1186
беларуска,1186
збор,1186
кампазытар,1184
зброі,1184
кг,1184
грамадзянскай,1183
польскім,1183
фронту,1182
тэкст,1182
назваў,1180
адну,1180
сьмерць,1179
падтрымку,1178
ягоных,1178
гістарычны,1177
сялянаў,1177
прэмія,1176
палітычныя,1175
літвы,1174
стагодзьдзях,1173
мясцовага,1173
мець,1173
корпус,1171
трэнэр,1171
кіраўніка,1171
цячэ,1170
штогод,1168
міжваенны,1168
сучасныя,1168
ём,1168
інфраструктура,1167
нямецкіх,1167
паступова,1166
грамады,1166
значэньня,1164
характар,1163
навучаўся,1162
шырыня,1162
чырвоны,1161
працуюць,1159
справе,1158
моладзі,1157
анатоль,1157
тытул,1157
віцебску,1156
хіх,1154
форме,1153
вежы,1151
склала,1151
выкарыстоўваюцца,1150
многіх,1150
другое,1150
астравы,1149
рэжыму,1148
свабода,1147
гара,1147
гістарычная,1146
баяраў,1145
палітычнай,1145
утвораны,1145
багародзіцы,1144
летувіскай,1144
асноўнай,1141
праваслаўнай,1141
рэжысэр,1140
сэрбіі,1140
належала,1139
кіраваў,1138
стварылі,1136
унутраных,1136
расейскае,1135
нямецкага,1135
галасоў,1135
асноўны,1135
найлепшы,1134
францускія,1133
традыцыі,1133
гары,1131
увайшоў,1131
вёсак,1131
наваградзкага,1131
аўстраліі,1131
бразыліі,1131
чэхіі,1130
джон,1128
біскуп,1127
раёнах,1126
выкананьнем,1125
павінен,1124
лічыць,1122
францішка,1122
манастыр,1120
скліканьня,1120
элемэнты,1120
старога,1119
істотныя,1119
згадваецца,1119
вайсковыя,1117
лёндан,1117
бы,1117
аддзяленьне,1117
клімат,1116
новую,1113
заўсёды,1113
падставе,1112
ігар,1112
кіеўскага,1111
поле,1110
шляхты,1109
акупацыяй,1108
каталіцкі,1108
старшынём,1108
баку,1108
баярын,1108
рынку,1106
парку,1106
драўляны,1106
рэд,1106
матэрыялаў,1105
полі,1104
кіраўнікоў,1103
харватыі,1103
жыгімонт,1102
загінуў,1102
імпэратар,1101
дазваляе,1101
атрымаць,1100
дзеячы,1100
перададзеныя,1099
правядзеньня,1098
гандлю,1098
інтэрнэт,1098
эўрапейскіх,1095
браў,1094
вядомых,1094
адкрыты,1094
перайменаваны,1094
карл,1093
нацыянальных,1092
залежнасьці,1090
студэнтаў,1089
песень,1089
віленскі,1088
пачаткам,1088
пытаньні,1088
перадусім,1087
транспарт,1086
папа,1085
заслужаны,1084
менскае,1083
расьлінаў,1083
пачаўся,1083
літоўскія,1082
палітычная,1081
рэгіён,1081
каманду,1081
дапамогу,1080
нацыянальна,1079
доўгі,1079
паэта,1079
немцы,1078
агульныя,1078
вышэй,1078
створаная,1078
зв,1077
рымскі,1077
крыжа,1076
полк,1076
вышыня,1075
дагэтуль,1074
еры,1073
божай,1072
выканаўчы,1071
русі,1070
радзівіл,1068
жан,1067
спраў,1067
набыў,1066
адукацыю,1065
установаў,1065
будынкі,1065
дае,1063
ўкраінскай,1063
гурты,1063
праводзіць,1062
праблемы,1062
нумар,1062
сабор,1061
адказ,1060
ордэну,1059
асобныя,1058
друку,1058
межы,1056
гуляў,1055
ектаў,1054
гомельская,1054
адміністрацыйным,1053
мясцовыя,1053
імпэратара,1053
сыстэму,1052
сходу,1052
юнайтэд,1052
дэпутаты,1051
міхала,1051
алег,1051
каштоўнасьцяў,1050
жылі,1050
чыгункі,1049
заснаваныя,1049
японіі,1048
прадстаўнік,1048
былога,1047
адам,1047
францішак,1047
парыж,1046
рамках,1046
адпавядае,1044
прывяло,1044
барацьбе,1043
трэцім,1042
дамоў,1041
турыстычная,1041
кантроль,1041
магілёў,1040
населеных,1040
павінны,1040
казімера,1040
армія,1039
намесьнікам,1038
гл,1038
проста,1037
землях,1036
большая,1035
акупацыі,1034
дэмаграфія,1034
залаты,1034
музычныя,1034
сувязь,1033
грамадзянаў,1032
волі,1032
вэрсія,1031
чалец,1031
тэорыі,1031
публіцыст,1030
кірунку,1030
існаваньне,1030
дарогі,1028
іншае,1028
валожынскага,1027
айчыннай,1026
ажаніўся,1025
ёрк,1025
цэнтральны,1024
лукашэнка,1024
галоўныя,1022
міжнародныя,1022
пагадненьне,1022
клюбе,1022
гульцоў,1022
журналіст,1021
грамадзкіх,1021
налічвала,1021
заходняя,1021
вайсковых,1020
калгас,1020
значыць,1019
устаўной,1019
мікола,1019
верш,1019
мясцовай,1018
бачына,1018
муж,1016
дарозе,1016
навучаньня,1015
чорны,1015
названы,1014
расейскім,1013
адзінкі,1012
яўген,1012
частак,1012
вядзе,1011
ліст,1008
разьмяшчаецца,1008
сустрэчы,1007
бяз,1006
шляху,1006
ўправа,1004
ордэнам,1004
пружанскага,1004
ўваходзілі,1003
панны,1002
савецкім,1001
антон,1000
нямецка,1000
заходняга,1000
зьвязу,998
велічыні,995
будуць,995
тысяч,995
стаць,994
часьцей,994
захавалася,993
заснавальнік,991
заснавалі,990
нашага,990
жывуць,990
супольнасьці,990
апошнім,989
пытаньне,989
варыянт,988
кнізе,987
галіны,987
імём,986
мар,986
адукацыя,985
дырэктар,985
кубку,983
во,983
стварыць,983
уніі,982
гульня,982
астатнія,982
мясцовасьці,981
украінскія,981
заканчэньня,981
нобэлеўскай,980
дзейнасьцю,980
летуве,980
дапамогі,979
вышыні,979
ніколі,978
доме,978
фільме,978
аль,978
абодва,977
пераклады,977
полацкай,976
літаратурнай,976
пахаваныя,976
лёндане,975
самай,975
магчымасьці,974
законаў,974
тэмпэратура,973
двума,973
крама,972
памеры,971
брата,971
колеру,970
паўночная,970
рокаў,969
улетку,968
збудаваньні,968
закону,968
адносіны,967
складалі,966
скарыны,966
слабада,965
князем,964
свабоды,964
навука,963
адміністрацыйных,963
сыстэме,963
правінцыя,962
карысьць,960
гол,960
канфэрэнцыі,960
апэрацыі,959
атрыманьня,958
філязофіі,958
болей,957
паліцыі,956
расеяй,956
трапіў,955
клюбы,954
ягонае,953
горадам,953
эпохі,951
апынуліся,951
адзінай,951
гульцом,951
адносіцца,950
украінскі,950
напачатку,950
народ,949
гарадзенскім,948
бібліятэкі,947
абласнога,947
выданьні,946
бібліі,946
захаду,945
удзельнікаў,945
мост,945
летніх,944
роках,944
леў,943
бнф,943
тысячы,943
прынамсі,943
верагодна,943
гульца,943
галоўных,942
дынастыі,940
ашмянскага,940
раённыя,940
праваслаўных,939
прэмію,939
разглядае,939
мэтрапалітэну,938
украінскай,938
сучасны,938
сустракаюцца,937
гаспадарак,937
разы,936
ноч,936
баранавічы,936
польскае,936
дывізіі,935
лідзкага,935
зоне,934
паўабаронца,934
літары,934
адбыліся,933
навучаньне,932
дарога,931
забойства,931
барысаўскага,931
сюжэт,931
зьезд,930
зьвяз,929
сьвятар,928
віцебскага,928
штаб,928
кантролю,927
расейцы,927
займаецца,927
функцыі,926
нацыянальную,926
шатляндыі,926
рым,925
дзейнічаць,924
леніна,924
выданьня,923
супрацоўнікаў,923
партугаліі,923
жаўнераў,922
мая,922
клюбаў,920
разьмешчаная,920
мяжу,919
вышэйшай,919
працаў,918
жывёлаў,918
фінляндыі,918
храм,918
прыроды,917
існаваў,917
выступіў,917
могілкі,916
зямлю,916
месяц,916
хрысьціянства,915
дадзеных,915
сьпісе,914
якуба,914
жонкі,914
наступных,914
губэрня,914
форму,913
пісьменьніка,913
скончыла,912
дасьледніка,912
трапіла,911
вымушаны,911
язэп,910
помнікаў,909
нашай,909
выходзіць,908
зьяўлялася,908
даў,908
падобныя,907
абаронца,907
мапе,907
міхась,907
беластоцкага,907
чырвонага,906
прымусовага,906
румыніі,906
манэты,906
інтэр,906
разьвівае,906
паўнамоцтвы,905
веры,904
рыгор,904
горадня,904
каталіцкія,904
андрэя,904
працягваў,904
этымалёгію,904
вежа,903
пункту,903
масквы,903
даніі,903
ўзросьце,902
абвясьціў,901
левы,901
орган,900
войскам,900
вялікабрытанія,900
нідэрляндаў,900
мастакі,899
прапанаваў,899
базе,898
ваяводы,897
грэка,897
дзяржаўнае,897
марка,896
полацкага,895
млын,894
захаваўся,894
асацыяцыі,894
буда,894
кожнай,893
часопісе,892
грамадзкага,891
нас,891
германскую,891
веку,890
паўночнага,890
створана,890
пачынаючы,890
прыняты,890
дасьледаваньні,889
заходнім,889
ўправы,889
ўстановы,888
зьміцер,888
матчаў,888
начальнік,887
сама,887
ты,887
дапамозе,886
найбольшая,885
адкрыцьцё,884
тройцы,884
дзьмітры,883
васіля,882
сымбаль,882
чырвоная,881
навуковец,881
шляхецкі,881
выйшлі,881
народныя,881
ізноў,881
зоркі,881
немцаў,881
україни,881
пасадзе,880
забесьпячэньня,880
мэдаль,880
коласа,879
мапа,878
буйных,877
кіеве,877
прайшоў,876
лі,876
маецца,874
стаіць,874
барыс,874
месяцы,874
забудова,873
маскоўскі,873
зрабіць,873
імем,873
кіеўскай,872
цэнтральнага,872
гміна,872
фальварак,871
бібліяграфія,871
пецярбург,870
забесьпячэньне,870
вітаўт,869
клясыцызму,869
справу,869
турыстаў,867
кандыдат,867
міжваеннай,866
кожнага,866
абодвух,865
віцэ,865
хрыста,865
пары,865
дайліды,865
праходзіў,864
ваявода,864
эўрапейскай,864
турэччыны,864
якімі,863
правапісу,863
перакладзе,863
сеткі,862
чальцоў,862
ўладу,862
роды,862
уплывам,861
адраджэньня,861
перамог,861
канчаткова,860
страты,860
дома,860
спробы,860
афрыкі,860
замка,859
перадалі,859
бога,859
ўстанова,859
параўнаньні,859
страчаная,858
ёрку,857
вадазбору,856
юрыя,856
алёхны,856
ведаў,855
сацыялістычнай,855
братоў,854
порт,853
прамысловасьць,853
карла,853
ірляндыі,853
выніках,853
дрэва,853
усходнегерманскую,853
большай,852
тэатры,852
расейскую,852
паветра,851
барацьбы,851
італія,851
максім,850
кілямэтраў,850
самая,850
сьпісу,850
суда,850
мір,849
эўрапейскага,849
называецца,849
кола,849
сэрца,848
адзіным,848
акрузе,848
фіналу,848
фізыкі,847
дзеяньне,847
зьмест,847
абавязкі,847
пераход,846
францускага,845
межамі,844
агулам,843
застаецца,843
суб,842
бел,841
кіеў,840
рэчышча,840
памер,840
акторы,840
аўстра,839
дзеці,838
вы,837
парадак,837
сойм,837
дамы,837
белага,837
куды,837
матчах,837
шэсьць,836
выпадках,836
вайскоўцаў,836
ўвесь,836
слуцкага,836
горада,835
сур,835
старажытных,834
горы,834
міністрам,833
вырашыў,833
мастацкі,832
ідэі,832
мядзельскага,832
зараз,831
сынам,831
ежы,830
жыгімонта,830
прыйшоў,830
адмовіўся,830
паведаміў,830
агульны,829
валоданьні,829
нямецкая,829
пяці,829
асноўная,829
пэдагог,828
камень,828
заняла,828
летува,827
небудзь,827
працэсуальны,827
княстве,826
полацку,826
акторка,826
швайцарыі,826
паэмы,826
лічаць,825
фільмаў,824
кіраўнікі,823
такой,822
паразу,822
пабудовы,821
леанід,821
выкарыстоўваць,821
бгкт,821
германскія,821
узроўнем,820
конкурсу,820
іншы,820
разьдзел,819
бэльгіі,819
ступень,819
адсутнасьць,819
рэгіёнаў,819
канады,819
заснавальнікаў,818
адносяцца,818
белая,818
ўладзімера,817
іўеўскага,816
патрыярхату,815
старыя,815
увесь,815
каталіцкая,814
часопісу,813
адначасна,813
апошняга,813
та,813
зорка,812
ідзе,812
левым,811
падрыхтоўкі,811
структуры,811
генэрала,811
ўдзелу,811
зьвязаныя,811
гаспадарка,811
стылю,810
расейска,810
памерла,810
плыні,810
тэхнікі,809
пэўны,809
кпсс,809
выпуск,808
ганны,808
касьцёле,808
пастанову,808
ліга,807
аснову,807
італьянскі,807
жонкай,807
лісьце,806
мовамі,806
лета,805
лес,805
лігу,805
некаторы,804
атрад,804
рэдка,804
вызваленьня,804
зоны,802
дзейнічаў,801
філёзаф,801
зноўку,801
рыме,799
польска,799
алена,799
скончылася,799
сябраў,799
робіць,799
падзеяў,798
складалася,798
нападнік,798
выкладаў,798
агульнага,797
роднай,797
удзелам,797
значную,796
акадэмію,796
дамову,796
раду,795
прызэр,795
койданаўскага,795
хваробы,795
выкарыстоўваюць,795
карціны,795
відаць,794
яў,794
бюро,794
сабою,794
вышынёй,793
пана,792
грошай,791
навукоўцы,791
непасрэдна,791
гандаль,790
правым,790
уваходзіў,790
баўгарыі,790
ўяўляе,790
афіцыйнай,790
аповесьці,789
музыку,789
колішнія,789
маладэчна,788
гісторыкі,788
сярэднім,788
минск,788
дзяржавай,788
раку,787
батальён,787
музычны,786
мужчын,786
прасторы,786
староства,785
вучэльні,784
артыкулам,784
сыноў,783
конкурсе,783
малая,782
працягласьць,782
органы,782
гета,782
дэмакратычнай,782
мадэлі,781
дадатковыя,781
аповесьць,781
бабруйск,780
канал,780
лясы,780
эз,780
зборная,779
працоўных,778
амэрыцы,778
сьцягу,778
пачынае,778
фронт,777
рысы,777
пытаньнях,777
рэдакцыі,777
будынка,776
мірнай,775
мастацкая,775
застаўся,775
палаты,775
зусім,775
грамадзянскія,775
жыдоў,774
сьведчыць,774
грамада,773
рукі,772
сяброў,772
магілёўскага,772
рост,772
дазволіла,771
часопіса,771
мастакоў,770
чыгуначная,770
наяўнасьць,769
навуковай,769
узнагароджаны,769
ўзровень,769
бас,769
прымае,769
украінская,769
габрэяў,768
чырвона,768
мужчыны,768
рынак,767
пачаліся,767
акадэмія,767
выспы,767
фізыка,767
войску,767
смі,767
меры,765
сеціве,765
заходніх,764
камісія,764
большую,763
брытанскі,763
складаўся,762
астравоў,762
манчэстэр,762
мастака,761
захоўваецца,761
валоданьне,761
перайшлі,761
парлямэнт,761
гарадок,760
распаду,760
пісьменьніца,759
выдавецтва,759
атрымаўшы,759
належаў,759
аддзелы,758
артыкуле,758
лёс,757
арганізацыямі,757
сьпявак,756
штату,756
прусіі,755
цэнтральная,755
асновы,755
гістарычнага,754
датуецца,754
сад,754
хутчэй,754
найлепшых,754
вымярэньня,754
вітаўта,753
энцыклапедыя,753
камандзе,753
ка,752
войны,752
падобны,752
перш,751
каталікоў,750
высокі,749
ўвагу,749
абарону,749
купала,748
войнаў,748
гарадзкі,747
паўднёвага,747
курс,747
рэформы,747
валодаў,747
служба,747
нёман,746
сьцяга,746
міжнародным,745
ваяводзтве,745
іл,744
сход,744
кдб,744
оскар,743
асноўнага,743
заснаваньня,742
належаць,742
берасьці,742
гарадзішча,742
паўднёвая,742
прыход,742
задачы,742
чальцы,742
напісаны,742
батэ,741
падзеле,740
ваенных,740
шлюб,740
вызвольнага,739
баявых,739
выкананьні,739
пан,738
вынікам,737
фонду,737
пражывала,737
жанчына,737
народнае,736
адлегласьці,736
палякаў,735
тыдзень,734
сучасная,734
прымаў,734
міністры,734
відэа,734
прынялі,733
плошчу,733
тэрыторыяў,733
адзінак,733
падзяляецца,732
рэшткі,732
гістарычнае,732
сьледзтва,732
цэлым,731
драматург,731
віцебскае,731
воднай,731
магдэбурскае,730
дакумэнтаў,729
перайшла,729
выключэньнем,729
выява,728
аўгуста,728
сьледчага,728
эміграцыі,727
чальцом,727
зьвязаных,727
вільню,726
выключна,726
месцам,726
парлямэнту,726
пакараньня,726
начальніка,726
літаратурны,725
артыст,725
формай,725
ўзброеных,725
кітай,725
малы,724
зьніклі,724
сс,724
гарадзенскі,723
узроўні,723
колер,723
грамадзкія,722
адама,722
мяжой,722
выхаду,722
праводзіліся,721
работы,721
камандаў,720
амэрыканская,720
сапега,719
сойму,719
элемэнтаў,719
азэрбайджану,719
сіламі,718
падарожжа,718
ны,718
паэзія,718
рэспубліканскага,718
складаў,717
асаблівасьці,717
неаднаразова,716
высокай,716
сэн,716
крыху,716
значэньні,716
праграма,716
сынагога,715
людзьмі,715
месцах,714
паказвае,714
абвешчана,714
дзяржаўную,713
сьпявачка,713
чэмпіёнам,713
сфэры,713
групу,711
архітэктар,711
фонд,711
ван,711
рэдактарам,711
выхад,711
аўтараў,710
вну,710
традыцыйна,710
этнічныя,710
вялейскім,710
ііі,709
перадаў,709
аршанскага,709
віч,709
дамова,709
кітаю,709
шчучынскага,709
заходні,708
прыблізна,708
зорак,708
ўмовах,707
рамана,707
дзяцінства,707
літара,707
падзяляюцца,707
сакратаром,707
крамы,706
ўсю,706
сьцены,706
якому,706
мэтах,706
сельская,706
ма,706
афіцыйных,705
такая,705
дахам,705
брытанскія,705
чорнага,704
падтрымкі,704
дэпутат,704
ажыцьцяўляе,704
такога,704
сэрыя,704
назоў,703
беларуску,703
плянэты,703
ніжняй,703
тэорыя,703
ашмянскім,703
лідэр,702
арэнду,702
антоні,701
рэчыцкага,701
міліцыі,701
апавяданьні,701
служыць,701
мер,701
спорт,700
незалежнай,700
мастацкай,700
правядзеньне,700
юзэф,700
фінансаў,700
вуліцаў,699
палякі,699
нацыянальныя,699
кн,699
графства,699
астравецкага,699
гомельскага,698
найлепшым,698
праходзілі,697
дому,697
птушак,697
жанчын,697
якуб,697
песьню,697
асобнікаў,697
паэткі,697
правілаў,697
буйныя,696
перакладчык,695
спаборніцтвы,695
будучы,695
гук,695
энэргіі,695
высокім,694
значныя,694
былой,694
вырабаў,694
дывізіён,694
міхаіла,694
знайсьці,694
самога,694
мяжа,694
адзначаецца,693
мэты,693
прыклад,693
палітычнага,692
пагадненьня,692
стадыён,691
агульным,691
лад,691
саветаў,691
канстанцін,691
найвышэйшы,691
рэпрэсаваныя,691
маса,691
моманту,690
называлі,690
перапіс,690
аддзяленьня,690
дзеяньня,690
выклікала,690
раёна,690
комі,690
поля,689
маёмасьці,689
краі,688
адрозьніваецца,688
акцыі,688
назад,688
уладзіслаў,687
до,687
варшава,686
кароткі,686
адкуль,686
супрацоўніцтва,686
палітыку,686
ўдзельнічаў,686
ходзе,685
пружанскім,685
транспарту,684
чаму,684
сьпеў,684
гішпанія,684
выкарыстаньнем,684
мала,684
вострава,683
апошніх,682
гарадах,682
палкоўнік,682
парафіі,682
найвышэйшай,682
біржы,682
вучэльня,681
ўмовы,681
выкарыстоўваўся,681
зьвязаны,681
разьмешчана,681
дакумэнты,680
кляштару,680
праўда,680
том,680
ўключае,680
часопісы,680
берасьця,679
лацінскай,679
маскву,678
радзівілаў,678
крыніца,678
стст,678
значнай,678
верхняй,678
запіс,678
перакладчыкі,678
сі,678
вытворнае,678
мураваны,677
пакінуць,677
фронце,677
належалі,676
вікіпэдыі,676
ісьляндыі,676
структура,675
колькасьцю,675
пісаць,675
аўтарам,675
адзначае,675
маладых,675
грамадзянскіх,675
царства,675
мэтро,674
вядомым,674
пасёлку,674
паэма,674
польшчу,674
валожынскім,674
партыяў,673
рознымі,673
формаў,673
прычым,673
заводу,672
есы,672
робэрт,672
асьветы,671
зважаючы,671
валодае,670
дачкой,670
посьпех,669
славянскіх,668
настаўнікам,668
полацак,668
прылады,668
палацы,667
заслугі,667
тавараў,667
старэйшы,667
канада,666
самыя,666
выкананьне,665
тур,664
нічога,664
су,664
расейскімі,663
райху,663
хуткасьць,663
навасёлкі,663
газу,663
эканамічных,662
палон,662
рыма,662
дняпро,662
асноўнымі,662
апошняя,662
аэс,662
забіты,661
ўладальнік,661
рэк,661
беларускімі,661
паўстанцаў,660
нёману,660
барацьбу,659
берасьцейскім,659
моры,659
уваходзіла,659
прыхільнікаў,659
рэал,659
спалілі,658
полацкі,658
сымбалі,658
культурнай,657
манастыра,657
выконваў,657
апублікаваў,657
радзівіла,657
таа,657
крытыка,657
падтрымцы,657
майстар,656
партрэт,656
аршанскім,656
пасьпяхова,656
галіна,656
баі,656
македоніі,656
загадаў,655
сусьветная,655
браму,655
моц,655
рэжым,655
напярэдадні,654
альфабэт,654
правапарушэньнях,654
фінале,654
шчучынскім,654
чыгунка,653
засталіся,653
дасягнула,653
сябар,653
сацыяльнай,653
фінал,653
аблвыканкаму,653
жывёлы,653
цэркваў,652
кв,652
вызначаецца,652
зімовых,652
нагоды,652
прэзыдэнты,652
храмы,652
альгерд,651
уключаючы,651
інтэрвію,651
сетка,650
значная,650
палова,650
вярхоўны,650
пабудаваная,650
працэсе,649
оф,649
катэгорыі,648
максіма,648
зьвязвае,648
ўтварылася,647
уладаў,647
камуністычнай,647
перамога,647
адбываліся,647
аўгуст,647
падпісалі,647
турніру,647
магілёве,646
зацьвердзіў,646
вайскоўцы,646
нарвэгіі,646
прысьвечаны,646
ўсходніх,644
шляхецкія,644
дырэктарам,644
празе,644
гімн,644
ред,644
меней,644
берасьцейскае,643
дыялект,643
органамі,643
тэмпэратуры,642
ягоную,642
дасягнуў,642
француская,642
аўтара,642
нскі,642
паселішчы,641
захапілі,641
вялі,641
парадкам,641
краіну,641
востраве,641
нахіл,641
драўляная,640
характару,640
вяртаньне,639
літва,639
сацыяльна,638
пераехала,638
скончыўся,638
раённага,638
вэб,638
сумесна,638
выкарыстоўвалі,638
брыгады,638
адносінах,637
правялі,637
вада,637
эканамічнай,637
культурна,636
папярэдняга,636
маладэчанскай,636
літоўская,635
налічваў,635
генадзь,635
пінскага,635
бог,635
дж,635
вяртаньня,635
старых,634
праваслаўная,634
стадыёне,634
надаў,633
эканамічнага,633
абарона,633
пашырэньне,633
навуковы,632
супрацоўнікі,632
мяса,632
дзьвіны,632
навуковыя,632
брытанскай,632
разьмешчаныя,632
парушэньне,632
кастрычнік,631
лявон,631
ра,631
вольга,630
вынік,630
армэніі,630
склалі,629
збору,629
заставаўся,629
савета,629
аэрапорт,628
крытык,628
дзейнічаюць,628
плэй,628
вучняў,628
апошняй,628
займацца,628
вячаслаў,627
тып,627
нка,627
ідэя,627
афрыцы,627
чылі,627
калгасу,627
кожная,627
вайскова,626
юстыцыі,626
паслугі,626
золата,626
камітэты,625
ўсходнім,625
невялікія,625
прадстаўлены,625
палову,625
ворша,625
палку,624
ураду,624
раёнамі,624
ўпамінаюцца,624
атрымлівае,624
беластоку,624
тэксты,624
ўскі,624
юнэско,624
рб,623
ваўкавыскага,623
вярэнаўскага,623
інтарэсаў,622
прызначэньня,622
зрабілі,622
полымя,621
вёў,621
вылучаецца,620
ангельшчына,620
сяргея,620
зычных,620
нафты,620
футболу,620
фізык,619
надвор,619
насельніцтвам,619
братам,618
ёму,618
носьбітаў,618
сыноду,617
піва,617
бацькоў,617
прайшлі,617
працэсу,617
гарадзенскае,617
прынята,617
абласны,616
корпусу,616
віленскім,616
згуляў,616
галасаваньня,616
турнір,616
далі,615
кожным,615
найбуйнейшы,615
спрабаваў,615
футбольнай,615
гледжаньня,615
маскоўскім,614
рэччу,614
жанчынаў,614
паставілі,614
такое,614
голас,614
пб,614
прэзыдэнцкіх,613
злотых,613
маёр,613
спэцыяльнасьці,613
распачаў,613
празаік,612
мяне,612
касьцёлу,611
турніры,611
мясцовы,611
штаце,611
правілы,611
асоба,611
вывучаў,611
чэлсі,611
хроніка,610
тэхналёгіі,610
ліквідацыі,610
біскупа,610
перамовы,610
магіла,610
малдовы,610
мі,610
князі,609
сацыял,609
знаходжаньня,609
калёніі,609
сельскае,608
аднойчы,607
асяродзьдзя,607
нацыянальнае,607
ду,607
сілу,607
гішпанскі,607
абраз,607
альбому,607
дыялекты,607
пухавіцкага,607
даўняе,606
дата,606
росту,606
вышэйшая,606
аднаўленьне,606
акадэмік,606
зьвязана,606
кракаве,606
рымска,605
работнікаў,605
крыніцаў,605
браты,605
воршы,605
камуны,605
старажытнай,604
ваеннай,604
арганізаваны,604
рэспублікай,604
маючы,604
инфо,604
сыстэмаў,603
уяўляе,603
даведнік,603
канадзе,603
вярнулі,602
выданьняў,602
законам,602
праводзіцца,602
старым,602
згадкі,602
беларус,601
сялянскай,601
канфлікт,601
нямецкім,601
бэрліне,601
тэксту,601
клюбная,601
лагойскага,601
факультэту,600
сёньняшні,600
адсутнасьці,600
студыі,600
прайшла,599
школах,599
назваю,599
астатніх,599
наведаў,599
умовах,599
мадэль,598
тарпэда,598
белай,598
мядзельскім,598
сталася,597
опэры,597
групаў,597
выкарыстоўваліся,597
раману,597
вызвалены,597
апазыцыі,597
прыходу,597
культурны,596
магутнасьць,596
рашэньнем,596
парафія,596
наступ,595
кодэксу,595
гульцы,595
кіева,594
абароне,594
урэшце,594
статут,594
маюцца,594
савецкімі,593
найбуйнейшых,593
займаюць,593
беласток,593
заснаванае,593
конкурс,593
рашэньні,593
ўнівэрсытэце,593
моцны,592
рыскай,592
гарадзкой,592
выкарыстоўвалася,591
расею,591
самой,591
лічыў,591
харчаваньня,591
газ,591
стыль,591
русь,590
управа,590
паразы,590
плошчай,590
галоў,590
вайсковая,589
правах,589
неба,589
малой,589
досыць,589
дырэктара,589
ле,589
акіяна,589
эканамічны,588
выступаць,588
загінула,588
думкі,588
значны,588
знакі,588
раённай,588
браслаўскім,588
ападкаў,587
бярэ,587
белыя,587
налічвае,586
літаратурная,586
нідэрлянды,586
галосных,586
навуковая,585
вайсковага,585
генэральны,585
дыплямат,585
койданава,585
лос,585
попісе,585
рэч,584
верхняга,584
далейшым,584
папы,584
запісаў,584
вугоршчына,583
стаўшы,583
старажытны,582
мясцовым,582
зьяўляліся,582
сканчэньня,582
выконваць,582
ла,582
вывучэньня,581
генэральнага,581
ўздоўж,581
годзьдзя,581
працякае,581
сюды,581
літаратурнага,581
асуджаны,581
крупскага,581
капітан,580
сьнежань,580
рабіць,580
жанаты,580
усходняй,579
крамаў,579
сьмерцю,579
код,579
мэдалём,579
колеры,579
бронзавы,579
катастрофы,579
словах,579
адзначыў,579
цяжка,579
чырвоным,578
дачку,578
глыбіня,578
дывізія,578
нарэшце,578
карыстаюцца,578
апавяданьняў,578
вярнуцца,578
рэжысэра,578
сусьветнага,577
віталь,577
гістарычным,577
комплексу,576
граніцы,576
кацярына,576
ўвайшоў,576
дыскаграфія,576
вусьце,576
раньнія,575
адраджэньне,575
дзяржаве,575
пошта,575
босьніі,575
швэцыя,575
расьліны,575
бакі,575
ігуменскага,575
асабіста,573
соф,573
ліпень,573
старая,573
сучаснае,573
распрацоўкі,573
даўжынёй,573
апосталаў,572
колішняга,572
самі,572
разьвіцьці,572
прызнаны,572
пяхоты,572
эўрабачаньне,572
актыўны,571
пагоня,571
масы,571
тэрытарыяльнай,570
вага,570
намесьніка,570
уладзімера,570
жыла,570
наконт,570
карціна,570
гульню,570
замену,570
пляцы,569
нкус,569
пляну,568
аўтамабіляў,568
шасьці,568
ўдзельнікі,568
малады,568
банкаў,568
роля,568
машыны,568
начальнікам,568
стаўпецкага,568
залі,567
сярэднюю,567
культурныя,567
дыялектаў,567
драўлянай,566
хаця,566
былых,566
шашы,566
фёдар,566
лагойскім,566
колішні,565
бор,565
здолелі,565
замкі,565
этап,565
афіцэраў,565
вядомасьць,565
мужа,565
ўжываецца,564
віцебскі,564
героя,564
галава,564
арганізацыю,564
радзіму,564
зьнішчылі,563
гадамі,563
зборах,563
атрымалася,563
наваградзкім,563
шоў,563
вызначае,563
даўжыні,563
сярэднявечча,562
этнічнай,562
сельсаве,562
адміністрацыйная,561
сацыяльных,561
пісьменьнікі,561
вернікаў,561
традыцыйнай,560
ўкраіну,560
ўсходу,560
дзіцячы,560
набыла,560
алімпійскія,560
найболей,560
стаўся,560
сэнсе,560
зброя,560
казкі,559
студзень,559
хрысьціянскі,559
мазырскага,559
адпачынку,558
літаратурныя,558
граф,558
арт,558
пакаленьня,558
магла,557
гомельскае,557
канстытуцыя,557
рэчываў,557
дазвол,556
навучальных,556
гарадзкіх,556
меркаваньне,556
каталікі,556
бацьку,556
заводзе,556
сакавік,556
слуцкім,556
вучэльню,555
эўрапейскі,555
вадасховішча,555
дзесяць,555
летам,554
лейтэнант,554
казахстану,554
забілі,553
саюза,553
выконвае,553
прапанову,553
накіраваны,553
свайму,552
саборы,552
энцыкляпэдыя,552
белым,552
праграму,552
узброеных,552
публікацыі,552
чалавекам,552
кандыдатаў,552
школаў,551
дакладна,551
лягер,551
бэрлін,551
тэрмінам,551
грамадзкай,551
паліва,551
дэпартамэнт,551
чэмпіёны,551
старажытныя,550
цара,550
нацыяў,550
тэкстаў,550
швайцарыя,550
барысаўскім,550
народа,549
захаваньня,549
прытокі,549
зрабіла,549
данецкай,549
мэтал,548
тэрміну,548
ляжыць,548
штабу,548
ўзначаліў,548
местаў,547
ўзвышша,547
расейцаў,547
сэмінарыі,547
названая,547
амэрыканскага,547
тэхніка,546
цэнтраў,546
ваенна,546
пухавіцкім,546
слуцак,545
кітаі,545
крыві,545
тэмы,545
альфабэту,545
браслаўскага,545
вайсковую,544
духоўнай,544
уздоўж,544
тэхнічных,544
важным,544
часова,544
урадам,544
поўны,544
іванавіч,544
прыняць,544
абавязкаў,544
будаваньне,543
зацьверджаны,543
верасень,543
летапіс,543
аўстрыя,543
асманскай,543
супрацы,543
узнагароджаныя,543
москва,543
пабудавана,543
манастыры,542
цвк,542
тэрміны,542
крэпасьць,542
порту,542
заснавана,542
швэдзкі,542
польскую,541
сяляне,541
закона,541
самалёт,541
невялікі,540
карныя,540
партыю,540
шлюбе,540
зямель,539
месты,539
адкрыў,539
нямецкімі,539
табліцы,539
карных,539
магілёўскі,538
выканаўчыя,538
піша,538
маладэчанскага,538
зьмяніў,538
упадае,538
вывучае,537
чыгуначны,537
судзьдзя,537
брама,537
камандзір,537
паўстала,537
адкрыта,537
кватэры,537
кавалеры,537
запісу,536
палітычным,536
летувіскі,536
ізраілю,536
бачыне,536
ініцыятывы,535
свабоду,535
прычынай,535
доля,535
самага,535
чэрвень,535
актаў,535
лякарня,534
марцін,534
выявы,534
бацькам,534
цэрквы,533
нан,533
вёскай,533
драўляныя,533
абсталяваньне,533
царквой,533
ангельскага,533
ўладзімер,533
дадзены,533
дзяржаўнымі,532
гэтаму,532
асобны,532
кпб,532
тадэвуш,532
вялейскай,532
народы,532
прыводзіць,532
папулярнасьць,532
дамовай,531
берасьцейскі,531
палескага,531
замуж,531
рэлігійных,531
смаленскай,531
хвілінаў,531
лістапад,531
акцыяў,531
гадзіны,531
мус,530
ко,530
зачынілі,530
кухня,530
унівэрсытэт,530
альбаніі,530
управы,530
го,529
ладу,528
троцкага,528
весьці,528
палаца,528
адзіная,528
дзяржавамі,528
пер,528
раманы,528
трэнэрам,528
кампаніяй,527
суседніх,527
краінамі,527
югаславіі,527
прыняла,527
трыма,527
возеры,527
бязь,526
факт,526
рэльеф,526
ажыцьцяўляецца,526
лісты,526
сакратара,526
маркі,526
перавагу,526
баранавіцкага,526
ўласнасьць,525
мой,525
дачкі,525
рымскага,525
паўлу,525
элемэнт,525
камуна,525
інжынэр,524
белэн,524
вацлаў,524
малюнак,524
мяч,524
нямецкае,523
разьмяшчэньне,523
сястра,523
надпіс,523
дэрбі,523
адкрылася,522
недалёка,522
грамадзяне,522
статусу,522
праводзілася,522
каханьне,522
скасаванага,522
кары,522
пісьмовы,521
непадалёк,521
краін,521
пісьмовых,521
адзінства,521
барысаў,521
раманаў,521
адстаўку,521
цар,521
кажа,521
летувіскія,521
староста,520
герцаг,520
пратэсту,520
рашэньня,520
патрабаваньні,520
прыкладам,519
эканамічныя,519
вось,519
абвясьціла,519
нямеччыну,519
ангельскія,519
спроба,518
праходзіла,518
польшчай,518
захаваньне,518
бераг,518
чарнагорыі,518
натальля,518
ўзнагароды,518
паходзіў,518
вера,517
прынятая,517
пакінулі,517
белоруссии,517
прызначыў,517
фабрыка,516
амэрыканскай,516
кіеўскі,516
вясна,516
сысуноў,516
ангельшчыне,516
жыць,516
курсы,516
дадатак,516
магутнасьцю,516
вакал,516
ўзьнікла,515
ўрадавага,515
спадчыну,515
аднаўленьня,515
праваслаўны,515
настаўнік,515
велічыня,515
навіны,515
страціў,515
дэмакратычная,515
пераклаў,515
крытыкі,515
вырабы,515
сьвятла,515
цкі,515
сапегаў,514
белсэ,514
першымі,514
галоўную,514
кампазыцыі,514
суп,514
адказнасьці,514
доктара,514
супрацоўнік,514
бальшавікоў,513
каштоўнасьці,513
пражывалі,513
злачыннасьцю,513
фармаваньне,512
ансамбль,512
невялікая,512
прадукцыі,512
малыя,512
глыбіні,512
журналісты,512
разьмяшчаюцца,511
каталіцкага,511
судна,511
выдавец,510
ваколіцах,509
месьцілася,509
дзяржаву,509
спб,509
глебы,509
часьцяком,508
грэцкай,508
літаратурна,508
ісуса,508
ізраіль,508
пінску,508
забясьпечвае,508
апублікаваны,508
падляскім,508
зялёны,507
супраціву,507
колас,507
журналістаў,507
пераходу,507
сіл,507
эспэранта,507
дысэртацыю,507
вярхоўнай,507
сямі,506
абсталяваньня,506
матэматыкі,506
шляхецкага,506
красавік,506
панаваньня,506
правам,506
флёту,506
паветаў,506
веды,506
гаворкі,506
разглядаць,506
камянецкага,506
нам,505
кашталян,505
ангельская,505
дэбют,505
межаў,504
суполкі,504
шырынёй,504
валюты,504
эсэ,504
ры,504
этнічных,503
рэканструкцыі,503
месяца,503
адбывалася,503
выкарыстоўвае,503
археалёгіі,503
фальварку,503
партал,503
неабходна,503
рэдкал,503
праходзяць,502
гуляць,502
намінацыі,502
прызнаньне,502
адрозьніваюцца,502
пайшоў,502
паселішчаў,502
шлюбу,502
выкарыстоўвацца,501
іншая,501
гуляе,501
конрад,501
газэту,501
бібліятэцы,501
сэнт,501
губэрняў,500
хвалі,500
зроблены,500
адкрыцьця,500
спыніць,500
рэсурсаў,500
смаргонскага,500
зьдзецельскага,500
рэлігійны,499
ваенныя,499
посьпеху,499
ўзьбярэжжа,499
фасад,499
язэпа,498
ліквідаваны,498
сымон,498
здабыў,498
купалам,498
параўнальна,498
інфармацыю,498
травень,498
дывізіёне,498
правінцыяў,498
каналізаванае,498
ейны,497
нібыта,497
алеся,497
працягвалі,497
белару,497
крымінальна,497
хв,497
лесу,496
ль,496
узросьце,496
распаўсюджаны,496
ірану,496
валодалі,495
татары,495
буйны,495
маладога,495
бралі,495
стэфан,495
памяшканьні,495
рэгіёнах,495
літаратуру,495
распаўсюджаныя,495
жнівень,495
мілян,495
акт,494
хуткасьці,494
мяркуецца,494
амэрыканскіх,494
сяле,494
дасягае,494
сьвятара,494
ўтварэньня,493
ўільям,493
зьняты,493
выпуску,493
завецца,493
гішпанскай,493
прыйшлі,493
супольнасьць,492
здушэньні,492
канцэрт,492
увагу,492
адлегласьць,492
запавету,492
жамойці,492
крэпасьці,491
перакладу,491
судоў,491
паход,491
мовазнаўства,491
спосаб,491
пераходзіць,491
графа,491
люты,490
наступнымі,490
гаспадар,490
фрыдрых,490
італьянскія,490
каралева,490
пост,490
смаргонскім,490
ціску,489
сцэнарыст,489
барацьба,489
лягеры,489
дастаткова,489
палка,489
мастачкі,489
бакавыя,489
антонія,488
займалі,488
каліноўскага,488
кастусь,488
песьняў,488
даліна,488
птушкі,488
юр,488
бабруйску,488
тыпы,488
выступы,488
дэпутатам,488
азёраў,488
тая,488
мапы,487
полацкім,487
паўстаньні,487
маршалак,487
ўкраінскага,487
пастаўлены,487
штатаў,487
заходнюю,487
залежыць,486
канфэдэрацыі,486
артылерыі,486
адноўлены,486
вярнуць,486
перавароту,486
выступала,485
вырас,485
сучасным,485
вобраз,485
музычных,485
казахстан,485
пэўныя,485
думка,484
рыбы,484
батальёну,484
вядомага,484
маладэчанскім,484
мэтаю,484
вузел,483
даць,483
ўдзельнікаў,483
лічылася,483
займалася,483
катэдра,483
сказаў,483
наваградку,482
зруйнавалі,482
этнограф,482
эпоху,482
сышоў,482
славаччыне,482
сканчэньні,482
пушчы,482
багдановіча,481
валеры,481
камбінат,481
патрэбы,481
увосень,481
сьледчы,481
выкладчыкі,481
славеніі,481
сьпявачкі,481
брамы,480
прыняцьця,480
уключае,480
правесьці,480
трэцяя,480
гарадзкія,480
перакладаў,480
папам,480
канфлікту,480
аўтаномнай,480
распрацаваў,479
каталіцтва,479
канстантын,479
міцкевіча,479
падаткаў,479
пражываюць,479
доступ,478
сяброўства,478
сьпісы,478
магілёва,478
адрасе,478
рэлігіі,478
арэнды,477
засталася,477
падатках,477
малодшы,477
сьпярша,476
помніка,476
хіміі,476
матэматык,476
законы,476
джэймз,476
праводзіў,476
бельскага,476
арсэнал,476
уладу,475
далучыліся,475
званіца,475
его,475
дзьвюма,475
складаюцца,475
погляды,475
злучаных,475
архітэктара,474
ўкраінскіх,474
прадстаўніцтва,474
гледачоў,474
чэскі,474
джордж,474
ратуша,473
групай,473
наступнага,473
воля,473
баявыя,473
вольны,473
стасункі,473
пазнаёміўся,473
падрыхтоўка,473
храма,473
трэцяе,472
ўся,472
дыяцэзіі,472
стэфана,472
пінск,472
кветкі,472
зборнікі,472
ваенны,472
абараніў,472
выклікае,472
сьвятыя,472
іўеўскім,472
пятро,471
выраб,471
сытуацыі,471
мясцовымі,471
бой,471
тэму,471
напісаная,471
жанры,471
творах,471
напрамку,471
кірмашы,470
указ,470
ўплыву,470
абвешчаны,470
стварае,470
наяўнасьці,470
асобна,470
пастаўскага,470
зн,470
летувіску,470
караблі,469
эры,468
льва,468
чорным,468
армію,468
душы,468
навукоўцаў,467
маёмасьць,467
лідэраў,467
берагі,467
самалётаў,467
нападу,466
нямеччынай,466
месцамі,466
усср,466
малых,466
зьехаў,466
аўтары,466
такімі,466
заставалася,466
стаяць,466
бою,466
архіў,465
стаяў,465
масавай,465
хрысьціянскія,465
сапегі,465
распрацаваны,465
карабель,465
вяртаецца,465
сапраўды,465
сябрамі,465
восем,465
гадзінаў,465
варшаўскага,464
легенды,464
аўтамабільнай,464
мне,464
прафэсійны,464
ліда,464
нашых,464
характарыстыкі,464
кароны,464
пераможцы,464
но,464
службе,464
рэспублік,464
шпіталь,463
палескай,463
латвія,463
арганізацыяй,463
філіп,463
культурнага,463
адчынілі,463
мэта,463
капліцы,463
інспэкцыя,463
шляхта,462
грамадзкая,462
ўласнасьці,462
прывялі,462
працай,462
адкрытая,462
крым,462
высокія,462
камянецкім,462
продажу,462
маскоўскія,461
зьяўленьня,461
басэйне,461
агенцтва,461
выехаў,461
віктара,461
ўзроўні,460
езуітаў,460
палітычную,460
прапановы,460
паэтаў,460
групе,460
месьцяцца,460
ўпамін,459
засталося,459
поўдня,459
вызваленьне,459
туры,459
тройчы,459
судовая,459
сельскіх,459
баранавіцкім,459
касьцёлы,458
кі,458
радзей,458
камандай,458
горкі,458
базы,458
узяў,458
база,458
зборніку,458
камандаваньнем,458
татараў,457
ўліку,457
прыродных,457
нагляд,457
пэўнай,457
санта,457
высокіх,457
астравецкім,457
асновай,456
паўстанцы,456
выдала,456
аддзяленьні,456
прызнаў,456
сэрбскай,456
графіка,456
сыстэмай,456
ўзялі,455
жыды,455
шляхоў,455
праектаў,455
слонімскага,455
аддадзены,455
пасад,454
аднайменнай,454
высокая,454
князю,454
вывучэньне,454
злачынства,454
злучае,454
працягнуў,454
згоды,454
фірмы,454
марк,453
каралеўскага,453
напалеона,453
вадой,453
замежныя,452
пашырэньня,452
кляштары,452
юзэфа,452
каралеўскі,452
воласьць,452
вярнулася,452
тэхналёгіяў,452
цэнтральным,452
атраду,452
захоўваюцца,452
аляксандрам,452
поп,451
пляц,451
мэтады,451
эўропа,451
польскімі,451
пачало,451
філялягічных,451
немцамі,451
асобнай,451
поўнай,451
распаўсюджаная,451
кандыдаты,451
ат,451
словарь,451
сьледчыя,451
лінію,450
паседжаньні,450
слуцку,450
вядомай,450
загадчык,450
абласьцей,450
лічацца,449
уплыў,449
ваду,449
зброю,449
вугоршчыне,449
зьмена,449
агляд,449
выдадзеная,449
вугорскай,449
называлася,448
тэрыторыях,448
мінулым,448
ганаровы,448
радок,448
выканаўчага,448
мары,448
джона,448
мастацкага,448
рэфэрэндуму,448
прадстаўляе,448
бар,448
дакумэнтах,447
працоўнага,447
рокі,447
прадусар,447
ўласныя,447
радзе,447
дактары,447
знакаў,447
скарочана,447
пасялковы,447
ўласнага,446
аддзелаў,446
прыбыў,446
факультэце,446
хрысьціянскай,446
бачыць,446
грамадзянства,446
матчу,446
барсэлёна,446
шчыт,446
мужчынскага,445
паэтка,445
сталіцу,445
набор,445
хрысьціянаў,445
лясной,445
канструкцыі,445
ўдзельнічалі,445
біскупы,445
мадрыд,445
юдэяў,444
сядзібы,444
займаліся,444
варшавы,444
абедзьве,444
каталіцкіх,444
руках,444
летувіская,444
апошняе,444
паблізу,443
фармальна,443
мастацтве,443
прадуктаў,443
фоне,443
наступнае,443
пэўных,443
ахова,443
пам,443
нельга,443
сабору,443
майстэрні,442
галоўнае,442
віцебскім,442
фэдэрацыя,442
сапраўднае,442
львове,442
сума,442
пар,442
інспэкцыі,442
падпісаньня,441
чыкага,441
ўваходзіў,441
кампанію,441
францускіх,441
вызначэньня,441
біржа,441
адсюль,440
мастацкіх,440
каштоўных,440
пратэстаў,440
улікам,440
марскіх,440
дазволіў,440
добры,440
населены,440
судом,440
выплаты,440
ніхто,439
фармаваньні,439
аналіз,439
майкл,439
прыхільнікі,439
матэрыял,439
частках,438
адзначыць,438
балтыйскага,438
напісаньня,438
хронікі,438
мастацкія,438
унівэрсытэту,438
самае,438
стравы,438
туды,438
днём,438
гуку,438
ўвайшло,437
гімназію,437
прафэсара,437
названыя,437
разьмяшчалася,437
агонь,437
рэчыва,437
блізу,437
псэўданімам,437
брамнік,437
зьменаў,437
жамойць,437
праёмамі,437
датычна,436
будаўнічых,436
харчовай,436
археалягічныя,436
каралевы,436
поўнае,436
мужчына,436
заводы,435
вільгельм,435
старой,435
мастацкім,435
прынцып,435
перадаць,435
падтрымаў,435
ак,435
заснаваньне,434
адміністрацыя,434
рэгулярна,434
сытуацыя,434
жлобін,434
лекар,434
яднаных,434
займала,434
суполка,434
краінай,434
гал,434
прэс,434
трэнэра,434
палітычнае,433
далейшае,433
пісар,433
ўдалося,433
мужчынаў,433
сьведчаць,433
грамадзян,433
выпадкаў,433
дэмакратыі,433
літаратурных,433
выканаў,433
італьянскай,433
пражывае,433
маскоўская,432
атрыманьне,432
плаціць,432
сьвятая,432
эўразьвязу,432
будучага,432
мэтрапалітэн,431
друкарні,431
дзіцячыя,431
зьвярнуўся,431
нацыі,431
арміяй,431
самастойна,431
жыхарамі,431
мэтад,431
плямёнаў,431
пагатоў,431
падтрымліваў,431
пагадненьні,431
засьценак,431
запар,431
рэлігія,430
прыпяці,430
тэрыторыямі,430
юрыдычных,430
атлетыка,430
здолела,430
караль,430
брытаніі,430
міліцыя,430
душ,430
алімэнты,430
ўва,429
масты,429
камандаваньне,429
сьцяпан,429
славы,429
рэгіёны,429
дасьледаваньне,429
чарнобыльскай,429
продаж,429
колькі,429
эгіпту,429
вырашылі,429
назвалі,428
футбол,428
замежнай,428
чэскай,428
пераведзены,428
надзвычай,428
ацэнкі,428
музычная,427
імаверна,427
родаў,427
баях,427
др,427
прадстаўнікамі,427
будучыні,427
старосты,427
працягвала,426
высокае,426
гандлёвыя,426
губэрнатара,426
апрача,426
герояў,426
чэхаславаччыны,426
трапілі,426
рабіў,426
ціск,426
пол,426
хуткім,426
запісаны,426
біскупам,426
вяртаньні,425
бальшавікі,425
буйным,425
вышэйшую,425
карчма,425
абслугоўваньня,425
ўнёсак,425
наогул,425
судзе,425
раньняга,425
будаўніцтве,425
гадовы,425
зьняволеньня,425
разьмяшчаліся,425
бізнэс,425
жаночага,424
тэхнічнай,424
тэлебачаньне,424
падрыхтоўцы,424
рэлігійныя,424
история,424
ірына,424
самакіраваньня,424
усталяваны,424
літаральна,424
захопу,424
смаленску,423
сцэне,423
перакладнік,423
збудаваны,423
царкоўнай,423
падрыхтоўку,423
літоўска,423
гербы,423
шырокі,423
знойдзены,423
зьдзейсьніў,423
срэбра,423
ускраіне,422
віленская,422
цягнік,422
пэру,422
гарадзкая,421
истории,421
заканчэньні,421
апэрацыя,421
справаздачы,421
апісвае,421
пражываньня,421
ўтварэньне,420
налічваецца,420
найперш,420
ліцьвіны,420
паслугаў,420
ахове,420
георгі,420
вызначэньне,420
праблемаў,420
сіла,420
падобных,420
тапонім,419
княствам,419
асабістыя,419
маёнткі,419
беларусьсю,419
заля,419
клясаў,419
іншую,419
меншай,419
апавяданьне,419
носіць,419
японія,419
кандыдата,419
знайшоў,419
ўзяў,419
караблёў,419
германскіх,419
дыялектам,419
ваеннага,418
абвяшчэньня,418
лацінскага,418
жаўнеры,418
распрацоўка,418
вышыню,418
ўэст,418
порна,418
вырабу,417
зьвязваюць,417
старшыню,417
прыватных,417
станкевіч,417
зьезьдзе,417
томас,417
со,417
пазыцыю,417
уключаны,417
басэйну,417
магілеўскае,417
касьцёлам,416
из,416
зона,416
літаратар,416
спрабавалі,416
мусіў,416
вайсковае,416
дазволу,416
лівэрпул,416
усёй,415
летувісаў,415
школ,415
папулярных,415
мэтаў,415
зборы,415
кангрэсу,414
дасьледаваньня,414
вайсковец,414
танкаў,414
ані,414
лідэрам,414
каралеўскай,414
безь,414
паветы,414
славацкай,414
хаты,414
галяктыкі,414
установы,413
супраціў,413
авіяцыі,413
спаборніцтва,413
вадзе,413
евіч,413
жывапісу,413
капыльскага,413
пацярпеў,412
залатая,412
разьмяшчэньня,412
асобамі,412
камітэта,412
эканамічнае,412
зьмену,412
их,412
культуру,412
рымскім,412
заказьнік,412
італьянскага,412
значных,412
прац,412
незалежна,412
лепшы,412
усю,411
дзесяцігодзьдзі,411
знайшлі,411
адбываюцца,411
гімназія,411
этнічна,411
роўная,411
бярэзінскага,411
нейкі,411
люксэмбургу,411
сусьветнае,411
аргентыны,411
хацеў,411
энциклопедия,411
дапамог,411
рудня,411
выявай,410
рук,410
нярэдка,410
сярэдняга,410
сеціва,410
рахунак,410
плямёны,409
палітыцы,409
старажытнасьці,409
паўночную,409
львоў,409
вуліцу,409
пасажыраў,409
пінскім,409
званы,409
прыз,409
тыпаў,409
селішча,409
акторкі,409
валянцін,408
скульптар,408
нарыс,408
выступалі,408
прысьвечаная,408
вене,408
сельскагаспадарчых,408
каляндар,408
аднайменнага,408
працаўнікоў,408
вічы,408
нумары,407
уліку,407
дарослых,407
камэдыі,407
падтрымлівае,407
карэспандэнт,406
дыяспары,406
выбар,406
сонечнай,406
палесься,406
схілы,406
павярховы,406
каралі,406
прозы,406
сусьветны,406
наадварот,406
арла,406
футбольныя,405
зьяўленьне,405
вяршыні,405
сымбаляў,405
марына,405
элемэнтамі,405
здольнасьці,405
сьвятары,405
праўленьня,405
коўна,405
фармаваньня,404
вольнага,404
музычнай,404
тэлебачаньня,404
праекты,404
сьвятло,404
грамадзтве,404
адлюстроўвае,404
пытаньняў,404
тон,404
міжнароднае,404
уласнасьць,404
нашчадкі,403
істотна,403
чалавецтва,403
правага,403
вядзецца,403
юнацтва,403
настаўнікаў,403
двара,403
літ,403
бразылія,403
эль,403
белаз,403
дарог,402
от,402
абаронцы,402
манэта,402
фэстывалю,402
брытанскага,402
старонках,402
выказаў,402
лікаў,402
фіна,402
акадэміяй,402
раўнд,402
рф,402
мовазнаўца,401
паранены,401
прастора,401
міс,401
дымоў,401
павялічылася,401
мусіць,401
характарызуецца,401
набылі,401
героі,401
эстонія,401
ліцьвінаў,401
лясоў,401
бярэзінскім,401
асяродзьдзі,400
чырвоную,400
паўнамоцтваў,400
эўропу,400
бэн,400
гукаў,400
дарагічынскага,400
лініяў,399
паркавы,399
прэзыдыюму,399
адтуль,399
тамах,399
пачатковай,399
праекце,399
асацыяцыя,399
дзесяцін,399
асабістае,399
сустрэча,398
ру,398
усходу,398
пляны,398
забітыя,398
ўласных,398
рыгора,398
лёгкай,398
фота,398
бэльгія,398
любоў,398
дывізіёну,398
старонкі,397
крыніцай,397
сьцьвярджае,397
складзены,397
узначальваў,397
асср,397
загадам,397
судовую,397
слонім,397
паўднёвую,397
мэдыцыны,396
покрыва,396
невядомы,396
абвяшчалася,396
рэвалюцыя,396
ўзьбярэжжы,396
удзелу,396
выступілі,396
прывёў,396
дадзеныя,396
прывілей,395
станцыяў,395
залатой,395
уласна,395
бабруйскага,395
радзіма,395
гаспадарцы,395
аддзела,395
шчыльнасьць,395
сутнасьці,395
этапе,395
фрагмэнты,394
шматлікімі,394
правядзеньні,394
ставіцца,394
прымаюць,394
выбраныя,394
паказаў,394
ўзросту,394
гарадоцкага,394
пачатковая,393
сярэднія,393
каледж,393
прызначэньне,393
зьяўляцца,393
далучэньня,393
альбома,393
фінансавых,393
найлепшую,393
пач,392
сотні,392
магілёўскім,392
захапіў,392
прадпрымальнікаў,392
зьместу,392
запісы,392
падтрымліваюць,392
бытаваньне,392
выбарчая,392
фасады,392
абмен,391
збудаваў,391
дзяячка,391
баяры,391
прымалі,391
васьмі,391
мітрапаліт,391
забітых,391
паперы,391
тытулам,391
дзісенскага,391
вагонаў,390
масавых,390
страціла,390
вусьці,390
напалеон,390
выяўленыя,390
люі,390
ндр,390
лёгка,390
навуковым,390
хакеіст,390
ўладаньні,390
нхл,390
фэстываль,389
баранавічах,389
абвясьцілі,389
фальклёру,389
прывяла,389
скарына,389
слуцкі,389
усходняя,389
зьмешчаны,389
прынцыпы,389
гран,389
адказнасьць,389
пабудавалі,389
надпісам,388
заснавальнікам,388
патрабуе,388
працэсаў,388
ўласнай,388
адзначалася,388
жаданьне,388
пунктам,387
увайшлі,387
кастуся,387
кракаў,387
прыладаў,387
распавядае,387
каханьня,387
аўстралія,387
цікавасьць,387
сыны,387
рахунку,387
адкрытым,387
ужываецца,386
пацярпела,386
снд,386
танк,386
ўлік,386
сымбалем,386
імпэратарам,386
лесе,386
саветы,386
рэспубліку,386
спрабуе,386
прымаць,386
францускім,386
сцэнар,386
установах,385
гор,385
каналаў,385
яднаньні,385
вылучаюцца,385
ектам,385
паўстаў,385
рукапіс,385
ахвяраў,385
працягвае,385
грэцкага,385
клясыфікацыя,385
невядома,385
корпуса,385
фільмаграфія,385
сярэдніх,384
мяшчанаў,384
танка,384
некалькімі,384
археоляг,384
рэканструкцыя,384
чорная,384
адкрылі,384
перавозкі,384
савецкае,384
францыю,384
радзіме,384
капыльскім,384
беларуси,384
паведамляе,384
ваўкавыскім,384
галерэі,383
немагчыма,383
збольшага,383
спрэчкі,383
праводзяцца,383
грамадзкае,383
гомелю,383
сьвятароў,383
міцкевіч,383
марскі,383
шляхі,383
нашчадкаў,383
судовых,383
духа,382
япархіі,382
барыса,382
самім,382
словамі,382
выд,382
эгіпет,382
мэксыкі,382
органам,382
злачынствах,382
срэбны,381
суму,381
вырасла,381
уласных,381
дакумэнт,381
прозьвішчы,381
фільмах,381
фунтаў,381
шырокім,381
статуту,381
шлюбам,381
тэлебачаньні,381
базыліка,381
зорная,381
навакольнага,380
прастакутны,380
назіраецца,380
тэхнічныя,380
эдуард,380
мураваную,380
пінскай,380
залатым,380
падтрымка,380
гэс,380
матэрыялу,380
высока,380
скуры,380
супрацоўнічаў,380
каліфорнія,380
баварыя,380
выступ,380
спаборніцтвах,380
беларускамоўныя,379
прамысловых,379
гетмана,379
пакараньне,379
прыехаў,379
рэалізацыі,379
аднайменны,379
кот,379
рухавік,379
ігуменскім,379
граматы,378
ува,378
змог,378
працах,378
заходняе,378
выпушчаны,378
ўсходняга,378
дадатковы,378
франка,378
падаў,378
пасьмяротна,378
знакам,378
ўнутры,378
аўтаноміі,378
рэпрэсіяў,377
смаленск,377
пазьбегнуць,377
арганізаваў,377
перавышае,377
звычайны,377
паштовая,377
капітана,377
київ,377
выканаўца,376
разьмяшчаўся,376
шырокае,376
карысталіся,376
грамадзянская,376
індыя,376
аналізу,376
ніна,376
гаворак,376
летувіскіх,376
зварот,376
відавочна,376
дамэн,376
невялікай,375
раўніны,375
жаночы,375
адзінага,375
вып,375
сетку,375
прыклады,375
дзіця,375
выпусьцілі,375
увогуле,374
упамінаецца,374
невялікіх,374
працэсы,374
ракой,374
фэстывалі,374
выпусьціў,374
гукі,374
турмы,374
партызан,374
падзеньня,374
прыгоды,374
конга,374
глядзі,374
прага,374
амбасадары,374
месьціўся,373
вышэйшых,373
падзелены,373
лесам,373
стваральнік,373
кнігаў,373
выставы,373
паставіў,373
некаторымі,373
размаўляюць,373
пераможцам,373
сталец,372
дэпартамэнту,372
сэзоны,372
уваходзяць,372
далучылася,372
кобрынскага,372
найбольшую,372
кірунак,372
ту,372
апрацоўкі,372
эўрапейскім,372
спыніла,372
тэатра,372
ил,372
кампазытары,372
дызайн,372
мо,372
галавы,372
віду,372
пашыранага,372
герцагавіны,372
тыдняў,371
назовам,371
кантролем,371
мясцовасьць,371
палкоўніка,371
гетман,371
кацярыны,371
ставіць,371
сэрыю,371
успаміны,371
агульную,371
разьвіцьцю,371
прыбытак,371
карнае,371
уласнасьці,370
міколы,370
высьпе,370
нато,370
адрозьненьні,370
чын,370
старэйшага,370
янам,370
турме,370
лічылі,370
правяла,370
мабільныя,370
санкцыі,370
брагінскага,370
славутасьцяў,369
перанесены,369
аднавілі,369
вялікімі,369
гаспадара,369
дух,369
галінах,369
пашыраны,369
арышту,369
твору,369
падпарадкаваны,369
кваліфікацыі,369
слонімскім,369
хвойнікі,369
падляску,369
раённых,368
вікторыя,368
юдэйскія,368
хвіліне,368
ўжываньне,368
эстонскай,368
праведзены,368
клясыфікацыі,368
акругаў,368
фундацыі,368
мэдалі,368
рыму,368
поўнага,367
імпэрыяй,367
футбольных,367
энцыкляпэдыі,367
кітайскай,367
падае,367
мазыр,367
вызначыць,367
забіць,367
дамініканаў,366
аблічча,366
аўстрыйскі,366
баранавіцкай,366
банка,366
швэдзкай,366
беластоцкім,366
аўтамабілі,366
духу,365
ільля,365
ейныя,365
затокі,365
дазволілі,365
верхняя,365
мястэчкі,365
ейнай,365
місіі,365
пісьма,365
любы,365
кароткія,365
чэскія,365
здольнасьць,365
пэдагагічны,364
жылыя,364
палякамі,364
мураўёўка,364
канфэрэнцыя,364
законамі,364
выбуху,364
надзея,364
ўка,364
аконнымі,364
дасьледаваў,363
зьнішчаныя,363
гаспадарчых,363
сэзонаў,363
званьні,363
турэччына,363
захоўваньня,363
блёк,363
журы,363
фасаду,363
адпаведных,362
выявіў,362
жылых,362
напад,362
нямецкую,362
прававых,362
ёю,362
малака,362
вар,362
троцкі,362
алякса,362
неабходнасьць,361
стаяла,361
лясная,361
увесну,361
вугорскі,361
брытанская,361
даўжыню,361
сястры,361
хрысьціянскіх,361
бі,361
беларусамі,361
міталёгіі,361
афіцыйнага,360
пэдагагічнага,360
падпарадкаваньня,360
губэрнатар,360
марак,360
дзіцячая,360
рабілі,360
дойлідзтва,360
такую,360
яднаныя,360
часовага,360
фартэпіяна,360
гвалтоўна,360
рыю,360
рабочых,359
рэвізіі,359
ку,359
ідуць,359
чацьверты,359
папярэдніх,359
наваградак,359
напісаныя,359
аляксея,359
судзьдзі,359
шахцёр,359
прызначаецца,359
агню,359
парп,359
ніякіх,358
ўтвараюць,358
уся,358
камандаваў,358
мячоў,358
працягвалася,358
дасьледнікі,357
тэрыторыяй,357
літве,357
савецка,357
духавенства,357
ніжні,357
меч,357
тэлефоны,357
бюджэту,357
слоўніка,357
дыплём,357
выспа,357
заклікаў,357
ін,357
дзесяці,357
перамагла,357
унутраная,357
кіруе,357
статистики,357
горкага,356
паветраных,356
старое,356
абласьцях,356
вясны,356
тэрытарыяльныя,356
пачаць,356
пастаўскім,356
поўнасьцю,355
дрэваў,355
аршанскі,355
паводзіны,355
намер,355
фізычных,355
супрацоўнікам,355
працяг,355
гаспадарчыя,355
разгляд,355
аднавіць,355
ўсімі,354
неабходнасьці,354
гэтымі,354
нарвэгія,354
гішпанскія,354
кампаніяў,354
сяла,354
белае,354
выкананы,354
паўночнае,354
галяктыка,354
праваслаўнага,353
архітэктурныя,353
цэнтральнае,353
найвышэйшым,353
яраслаў,353
заняпад,353
дах,353
палесьсе,353
горных,353
памеру,353
зьвязаная,353
маладыя,353
лічыўся,353
уведзены,352
ўкраіна,352
драмы,352
раства,352
ба,352
карыстаўся,352
сабраў,352
белых,352
выканаўцаў,352
таронта,352
парнаграфія,352
паралельна,351
злучаныя,351
збудаваньняў,351
амэрыканскім,351
зьнішчэньня,351
артур,351
сацыяльныя,351
імкненьне,351
апарат,351
век,351
здольны,351
выкарыстаньні,351
амэрыка,351
пачынаюць,351
захаваць,351
шатляндзкай,351
карэліцкага,351
таварыскі,351
знаходзіць,350
культурным,350
тамака,350
сямён,350
мацей,350
жывых,350
ёзэф,350
рэдактара,350
грэцыя,350
андрэ,350
колераў,350
крытыкаў,350
народным,349
прычынаў,349
адмовіліся,349
зьвязку,349
гандлёвых,349
заходнія,349
структуру,349
ўрада,349
іва,349
уладальнікам,349
зносінаў,349
камандзіра,349
поўныя,349
вінцэнт,348
арханёла,348
арганізатараў,348
ві,348
ажыцьцяўляюць,348
ўдзеле,348
нумароў,348
наук,348
рэзка,348
рэгістрацыі,348
парыжу,348
паўночных,348
хатнія,347
рэшце,347
мірных,347
тыдні,347
ўлетку,347
дзед,347
сталіна,347
правапіс,347
імю,347
ўдзельнічаюць,347
будова,347
сыбіры,347
сэрбія,347
левага,347
брыгада,347
ўладзіслава,347
сьпевакі,347
асабовых,347
кангрэс,346
дасьледнік,346
вылучаюць,346
мерапрыемстваў,346
ягайлы,346
славянскай,346
лінгвіст,346
тагачаснай,346
ейным,346
рэпрэсіі,346
нагадвае,346
чы,346
дубровенскага,346
цяперашняга,345
фізычнай,345
казак,345
выданьнях,345
выяўлены,345
магіле,345
пінскі,345
найбуйнейшым,345
канцэпцыі,345
пара,345
рэшт,345
ленінскі,344
паняцьце,344
скульптуры,344
чэхія,344
ен,344
хасэ,344
савецкую,344
лябараторыі,344
ідэю,344
кроў,344
смаргонь,344
прадукты,344
скі,344
унутры,344
валожынскі,344
эдвард,343
пацьвердзіў,343
антона,343
дрэвы,343
асноўную,343
загаду,343
вітольд,343
вытворцы,343
сярэднявеччы,343
лідзкім,343
дачок,343
меркаваньні,342
багдановіч,342
слава,342
мянушку,342
занадта,342
традыцыя,342
рызе,342
клясычнай,342
поруч,342
афіцэр,342
манака,342
магутнасьці,342
флёт,342
раус,342
кляса,341
тэлефон,341
наваградзкі,341
рэфэрэндум,341
ірляндыя,341
характарыстыка,341
ўласьцівасьці,341
паліцыя,341
адмыслова,340
наступнай,340
найбольшым,340
расьце,340
афіцыйнае,340
ніжняя,340
магло,340
вобласьцю,340
зборнікаў,340
славацкі,340
галы,340
штаты,340
грамадзкім,340
паўшар,340
іменаслоў,340
футбалістаў,340
напісана,339
вакзал,339
вайсковым,339
каліноўскі,339
балота,339
даніны,339
апэрацыяў,339
под,339
мільёны,339
вучыцца,339
сукупнасьць,339
перадае,339
агульнае,339
францыска,339
адсутнічае,339
фільма,339
юрыдычныя,339
водгукі,339
рэспубліканскі,338
спадарожнік,338
дзясяткаў,338
германскае,338
паверсе,338
турэцкай,338
наступствы,338
сувязяў,338
нівы,338
абмену,338
пабудоваў,338
найбольшай,338
гандлёвы,337
афіцыйныя,337
адносінаў,337
карона,337
адзіную,337
сойме,337
давыд,337
ўварваньня,337
горныя,337
найчасьцей,337
сыну,337
сельскага,337
цёмна,337
практыку,337
знаходжаньне,337
рэкорд,337
валкавыцкі,337
аляксандр,337
заканадаўствам,337
прыпадае,336
умовы,336
пушкіна,336
даліне,336
рэлігійнай,336
словам,336
вярнуліся,336
агульных,336
бубны,336
выходзіў,336
ейнага,336
хімічныя,336
мужам,336
разнастайныя,336
акіян,336
птушка,336
этымалягічны,336
руб,336
чачэрскага,336
паёў,336
карыстацца,335
падатку,335
спрыяла,335
атрады,335
ахоплівае,335
кінарэжысэр,335
вусьця,335
спосабам,335
максымальная,335
сэнс,335
канстытуцыю,335
маладым,335
стаўленьне,335
жанру,335
морам,335
сьцягі,335
аўтамабіль,335
пытаньня,335
калектыў,335
тэхнічнага,335
робіцца,335
ягайла,334
тэўтонскага,334
прадугледжвалася,334
палацу,334
геаграфічных,334
антоніё,334
тлумачыцца,334
выдаецца,334
большасьцю,334
сельскагаспадарчай,334
прадстаўніком,334
еса,334
данія,334
перадачу,334
біблія,334
восі,334
казакі,333
изд,333
перабудовы,333
ўласна,333
гомельскі,333
саступіў,333
вугорскія,333
абвешчаная,333
ўзнагароду,333
ўзбраеньне,333
прадметаў,333
зроблена,333
львоўскай,333
умоваў,333
сьцяны,333
пружаны,333
вырашана,333
пажар,332
калегіюм,332
карыстаньня,332
раёнам,332
капітанам,332
мясцовае,332
хімічных,332
суперніка,332
волю,332
выйсьці,332
дзеячоў,331
усімі,331
варшаву,331
аддаў,331
пэн,331
дапамогаю,331
дала,331
родны,331
настаўніка,331
дзеяслоў,331
прызнаньня,331
ксёндз,331
гп,331
яновіч,331
перадача,331
выспаў,331
камун,331
перайшло,330
разгляду,330
генрых,330
надзеі,330
падпісаны,330
ўзор,330
аўтарства,330
падабенства,330
настолькі,330
стварыла,330
украінскіх,330
сант,330
украіне,330
глава,330
анг,330
бачная,330
экз,330
уп,329
ўдар,329
даліны,329
хімік,329
пушча,329
пілястрамі,329
зьяўляючыся,329
славаччына,329
музыцы,329
ўключаюць,329
ўкраінскі,329
вашынгтон,329
энэргія,329
гадовым,329
нясьвіскага,329
полу,329
местам,328
пажару,328
літаратуразнаўца,328
крыму,328
музычнага,328
друкарня,328
гарадамі,328
цягнікоў,328
рамане,328
ўзначальваў,328
дробных,328
румынія,328
ўступіў,328
альбомаў,328
націск,328
мікалаевіч,328
факты,328
парлямэнцкіх,328
рускіх,327
сьвіслач,327
алімпійскі,327
прыём,327
памераў,327
юзаф,327
паверхня,327
веру,327
ўласную,327
папулярным,327
пастановаў,327
карэі,327
створанай,327
джэрзі,327
лекцыі,327
уступіў,327
прафэсарам,327
страцілі,327
зьявы,327
робяць,327
запусьцілі,327
паслуг,327
музыкаў,327
машына,327
впс,327
выклікаў,327
ганаровай,327
дазваляюць,326
маршрут,326
гербам,326
раённая,326
эўрапейская,326
прыйшла,326
грузаў,326
нская,326
ледзь,326
арэал,326
памерам,326
нумарам,326
зьнішчэньне,325
станам,325
моладзевай,325
змаганьне,325
летувіскага,325
задачаў,325
дадаткова,325
арол,325
сэк,325
асобай,324
пагоні,324
хваля,324
купал,324
прадпрыемствам,324
тадэвуша,324
эўрапейскія,324
ажно,324
жонку,324
дацэнт,324
сацыяльнага,324
выбарчай,324
трымаў,324
традыцыйных,324
падобная,324
створанае,324
філязофія,323
адкрыўся,323
швэдзкія,323
узровень,323
перамоваў,323
спалучэньні,323
зьнішчаны,323
грамадзянін,323
забясьпечыць,323
адносяць,323
македонія,323
баварыі,323
іраку,323
ўдзельнічала,323
грамадзянамі,323
членаў,323
міхайлавіч,323
апэратыўна,323
роўна,323
пісьмовасьць,323
пэрсанажы,323
шаркоўшчынскім,323
сьвіслацкага,323
перайменавалі,322
зьмяшчаецца,322
культурная,322
руіны,322
адзінае,322
расьліннасьць,322
асобным,322
масавыя,322
матэматычных,322
захоплены,322
яднаньняў,322
выдавалася,322
зьверху,322
рэжысэрам,322
вырашае,322
танцы,322
заставаліся,322
дзецьмі,322
далучана,322
палкі,322
наперад,322
славацкая,322
прыбылі,322
узначаліў,322
галосныя,322
аптэка,321
нарысы,321
калегіі,321
наклад,321
рычард,321
распаўсюджаньне,321
аркадзь,321
прадметы,321
адзначыўся,321
гадз,321
лістоў,321
фрыдрыха,321
высновы,321
абавязкова,321
арабскай,321
мёрскага,321
пасялковага,321
лякарні,320
турызму,320
важную,320
бываюць,320
асьпірантуру,320
склады,320
ход,320
наступу,320
выдаткі,320
кобрынскім,320
прапаганды,319
чыгуначнага,319
мусілі,319
чарговы,319
дадому,319
ствараць,319
індывідуальных,319
падзеленая,319
доўга,319
доўгія,319
крызіс,319
уладальнікі,319
далучаная,319
ўжываньня,319
жалеза,319
любой,319
буэнас,319
праграме,319
прызначае,319
рабства,319
выявілі,318
хор,318
генэральнай,318
божага,318
алі,318
аўтамабільныя,318
зямлёй,318
ангельскую,318
грошаў,318
старапольскіх,318
тэхнічны,317
камісію,317
вёсках,317
поўным,317
вугорская,317
душу,317
віна,317
гітарыст,317
пакістану,317
канцэрты,317
разглядаецца,317
хлеб,317
пятровіч,317
атмасфэры,317
народную,317
доступу,317
языка,317
адмысловыя,317
незалежных,317
нясьвіжы,317
здабычы,317
праваслаўе,317
вязьняў,317
гістарычную,316
рэзыдэнцыя,316
рухам,316
юлія,316
нацысцкай,316
мас,316
паходзяць,316
стаялі,316
гомлі,316
валянціна,316
крыжы,316
кіраваць,316
дало,316
мастаком,316
мальты,316
залатога,316
людвік,316
былым,316
абставінах,316
кавалерыі,316
маёнтка,316
выступіла,316
пазбаўленьня,316
ладзіць,316
срэбраны,316
пераважаюць,315
краязнаўчы,315
высокага,315
машынаў,315
адпаведныя,315
практыцы,315
хата,315
рэдакцыя,315
фінляндыя,315
вучэньне,315
люксэмбург,315
навіч,315
сілай,315
гадзін,315
чорныя,315
муніцыпалітэту,315
гаспадарча,315
ўтварыўся,314
цэнтральных,314
магчымых,314
зат,314
легенда,314
крыніц,314
дапамагае,314
ліс,314
далёка,314
прадставіў,314
прыхільнікам,314
пляцоўцы,314
аўтаномная,314
пашкоў,314
дыямэтар,313
называўся,313
тамаш,313
рыга,313
мінулага,313
марока,313
крыжам,313
рэформаў,313
вучобы,313
лепшых,313
берагавой,313
навуковага,313
солі,313
самалёты,313
якасьць,313
дзяцінстве,313
падразьдзяленьні,313
паўднёвых,312
прыватнай,312
вагоны,312
напалі,312
гарматы,312
спалучэньне,312
адмовіцца,312
ёган,312
сон,312
надрукаваны,312
пакінула,312
прэзыдыюм,312
сэрбаў,312
сусьветных,312
савеце,312
месцазнаходжаньне,312
уцвк,312
гарах,312
карную,312
гандбалісты,312
атрымліваюць,311
канале,311
рота,311
спаборніцтваў,311
касьцюшкі,311
расстраляныя,311
выпадак,311
працоўнай,311
абраў,311
турнірах,311
любанскага,311
марской,311
схільным,311
хвойніцкага,311
навучальныя,310
канцлер,310
смаленскі,310
спраўляць,310
жыткавіцкага,310
блёку,310
сэмінарыю,310
вугорскага,310
ваяваў,310
асабісты,310
запрасіў,310
называе,310
прылада,310
мазыры,310
дасьледчыкі,310
бярозаўскага,310
літаратурным,310
важных,310
рэспубліканскай,310
вока,310
гайнаўскім,310
маскоўскае,309
найбольшы,309
называюцца,309
ўказам,309
роўны,309
генэральным,309
фэст,309
партызанскага,309
прырода,309
парушэньні,309
карыстальнікаў,309
двое,309
распрацоўку,309
сходзе,309
каменка,309
лука,309
быццам,309
наведваў,309
ейная,309
спэктаклі,309
трэнэры,309
дапамагчы,309
мастоўскага,309
менскую,308
станцыю,308
плянавалася,308
кватэра,308
раньніх,308
брытанскіх,308
падобна,308
склалася,308
кампазыцыя,308
разнастайных,308
лідзкі,308
сцэны,308
ціскам,308
сакрат,308
выйграў,308
атлянтычнага,307
млыны,307
становішчы,307
рэктар,307
кім,307
царкоўна,307
захапіць,307
джорджа,307
праграмаваньня,307
атакі,307
журналістыкі,307
рэакцыі,307
актуальны,307
кантакты,307
зноскі,307
поўная,306
вадзім,306
бяроза,306
загінулых,306
гуртоў,306
дзяўчына,306
удзельнікам,306
калекцыі,306
праграмаў,306
спрыяе,306
выкладчык,306
хоры,306
пісьмовасьці,306
выпраменьваньня,305
драматычны,305
бровар,305
кшталту,305
прамысловай,305
сьвятлана,305
ядзернай,305
сэрыял,305
гі,305
дзьверы,305
токіё,305
калекцыя,305
дар,305
пасада,305
тавары,305
жыткавіцкім,305
экспэдыцыі,305
паказваюць,305
стадыі,305
верхнім,305
нацыянальнасьці,304
валер,304
годнасьці,304
восені,304
прапануе,304
этнаграфіі,304
ігнат,304
маёра,304
суднаў,304
рамонт,304
духоўную,304
трапляе,304
абраду,304
слуцкай,304
каралёў,304
тэрытарыяльных,304
пастаянна,304
карыстаньне,304
глыбоцкім,304
кадраў,303
рэнэсансу,303
старажытная,303
характэрныя,303
георгія,303
барысаўскі,303
простых,303
панізілі,303
дамэну,303
выходзіла,303
родным,303
хаце,303
выканаўцы,303
рэйтынг,303
іслам,303
збожжа,303
выяўляецца,303
палажэньні,303
прывілеі,302
фабрыкі,302
ота,302
уласны,302
сялянскіх,302
пачынаў,302
насамрэч,302
распаўсюджваньне,302
геаграфіі,302
досьвед,302
вочы,302
часовы,302
пазначэньня,302
сынгл,302
хутары,302
камандзірам,302
караецца,302
глеб,301
земскі,301
захопнікі,301
эканаміст,301
жаночая,301
далучэньне,301
бібліятэку,301
партыяй,301
валыні,301
расейску,301
філёзафы,301
дубль,301
пабудаваў,301
традыцыйная,300
забудовы,300
горка,300
ўвазе,300
утварэньне,300
патрэбаў,300
каналу,300
рускай,300
амэрыканскія,300
адсутнічаюць,300
рэчывы,300
існаваць,300
бліжэй,300
этымалёгія,300
літараў,300
ночы,300
ўзнагароджаны,300
адзеньне,300
злучэньні,300
амбасадарам,300
разьмясьцілі,300
калёнія,299
дзяніс,299
тысячагодзьдзя,299
хі,299
палі,299
тацяна,299
вадзяны,299
даюць,299
кааліцыі,299
каралю,299
ўмоваў,299
эканоміцы,299
літаратурную,299
інтэлігенцыі,299
перайсьці,299
узьбярэжжы,299
інтарэсы,299
самалёта,299
мэтры,299
гвалту,299
ішла,299
сэрыялу,299
песьняй,299
адборачны,299
рэфармацыі,298
разовы,298
інструмэнтаў,298
прыбытку,298
кухні,298
выразна,298
дон,298
сучасную,298
фатаздымкі,298
хрыстос,298
клясе,298
ляхавіцкага,298
эпізод,298
капліцу,297
ваза,297
мартын,297
арэна,297
графік,297
маёнткаў,297
акіяну,297
цэглы,297
родам,297
завуць,297
ейных,297
выдавецтве,297
адкрытыя,297
добрыя,297
тэорыю,297
загадчыкам,297
назваць,297
дробныя,297
пабудова,297
мюнхэн,297
прыходзіць,297
перамогай,297
усходнегерманскія,297
глыбоцкага,297
литвин,296
дзіцячай,296
гасподняга,296
драўляных,296
транспартныя,296
меншасьцяў,296
міхася,296
найлепшыя,296
спосабы,296
пэрсанажаў,296
славацкія,296
паслом,296
раўндзе,296
марскога,295
гісторыкаў,295
абласных,295
ўсходні,295
абласной,295
мэталаў,295
прысутнасьці,295
скарб,295
ядноўвае,295
чырвонае,295
дзяржаўнасьці,295
казахстане,295
койданаўскім,295
студэнты,295
адкрыцьці,295
крыштап,295
бульбы,295
гімну,295
хвілін,295
грамаў,295
сьведчаньні,294
бе,294
асаблівасьцяў,294
хатнім,294
ёсіф,294
прайшло,294
пайшла,294
мясцовая,294
рэчыцкі,294
распрацоўцы,294
глёбус,294
вайной,294
харватыя,294
здымак,294
работу,294
розуму,294
сусьвету,294
земляробства,294
рухавіка,294
царкоўны,293
давялося,293
грамата,293
апостала,293
ўсходняя,293
часопісах,293
аднавіў,293
варшаўскай,293
псэўданім,293
цяжкія,293
жлобінскага,293
значным,292
дзіцячых,292
эвангельле,292
ідэяў,292
корань,292
банкі,292
бары,292
вёскамі,292
зрэшты,292
блізкім,292
зброяй,292
замяніў,292
верша,292
прадаў,292
прызнала,292
прадстаўленыя,292
крымінальнага,292
галоўнымі,292
выйшаўшы,292
пераўтварылі,291
вялося,291
дасягнулі,291
астраном,291
адміністрацыйнага,291
насупраць,291
бабруйскай,291
вынаходнік,291
віленшчыны,291
прадстаўніка,291
праезд,291
герцагства,291
партызаны,291
майстэрства,291
італію,291
сыбір,291
кіеўскім,291
племя,291
сацыялістычная,291
замацаваўся,291
нароўні,291
роты,291
блізкіх,290
трыбуналу,290
местах,290
вазы,290
фартэцыі,290
берагоў,290
дзеліцца,290
філія,290
паданьня,290
праводзілі,290
мастацкае,290
залатыя,290
вызначаны,290
людзям,290
індэкс,290
сэктар,290
франц,290
лацінскі,290
ўчастак,290
ноўгарад,290
кнігах,290
баўгарыя,290
альбэрт,290
актыўных,290
каштоўнасьць,290
хрысьціянская,290
заменены,290
сродак,290
апсыдай,290
духоўнага,289
праспэкт,289
звычайных,289
бацькаўшчына,289
атрымлівалі,289
краёвай,289
вольная,289
паверхню,289
пяты,289
юрыст,289
інфармацыйных,289
сядзібу,289
коней,289
часопісаў,289
радай,289
сьцягам,289
акты,289
літаратаркі,289
вялейскі,289
вядзеньня,289
грамадзянска,289
віленскае,288
злучэньне,288
знакаміты,288
спыніў,288
працоўныя,288
гандлёвым,288
моцным,288
чвэрці,288
ушанаваньне,288
рэчаіснасьці,288
хімічны,288
захады,288
фінансавай,288
ліквідаваная,288
арэне,288
аляксандравіч,288
дно,288
утварыўся,287
тую,287
кашталяна,287
будаваць,287
палёту,287
берагах,287
знойдзеныя,287
драўляную,287
погляд,287
грэцкі,287
тлумачыць,287
герба,287
асоб,287
бачны,287
ежу,287
значнасьці,287
цеста,287
эфэкт,287
выдатак,287
падзеленыя,286
сьцьвярджаў,286
горны,286
ўзьнікненьня,286
бабруйскім,286
смаленскага,286
карані,286
зьмянілася,286
дыск,286
ракеты,286
сродкамі,286
ухваліў,286
моладзь,286
дружына,286
косава,286
гербе,286
спаганяе,286
апсыда,286
навязкі,286
спартовых,285
часткаю,285
росквіту,285
люблінскай,285
марш,285
позьняга,285
запасы,285
турызм,285
найбуйнейшыя,285
партугалія,285
выдаткаў,285
перадумовы,285
дваццаць,285
даты,285
павелічэньне,285
зьмяняецца,285
снк,285
кампазыцыю,285
апісаў,285
цэнтра,285
пазыкаў,285
бераставіцкага,285
дружыны,284
верхні,284
жамойцкай,284
мітрапаліта,284
запрошаны,284
прыналежнасьць,284
рэчаў,284
гомельскім,284
рэспу,284
адмовілася,284
заваяваў,284
узброеныя,284
імкнуўся,284
пакой,284
галаву,284
цяжкасьці,284
дзі,284
паведамленьні,284
дыялекту,284
славацкага,284
нагляду,284
паведамленьне,283
сьценаў,283
сыстэм,283
заняткі,283
зялёная,283
геранім,283
асобнага,283
ста,283
прыналежнасьці,283
нормы,283
нізкія,283
выносіць,283
украінцы,282
гадзіне,282
шырокія,282
карысныя,282
намесьніцтва,282
выняткам,282
рашэньняў,282
скасаваньня,282
ісьляндыя,282
ўтварылі,282
далучаецца,282
папярэдні,282
вольным,282
зьнешні,282
выканаўчай,282
соль,282
вярэнаўскім,282
паўфінале,282
ўшчына,282
бэрнардынаў,281
засьведчыў,281
ўрочышчы,281
забарона,281
беластоцкай,281
альфрэд,281
вядуць,281
вецер,281
паўторна,281
інструмэнты,281
прэміяй,281
посьпехам,281
выкарыстоўваў,281
друкаваўся,281
адрас,281
вязьні,281
ціхага,281
станавіўся,281
іхныя,280
культурнае,280
паказалі,280
утварылася,280
пакаленьне,280
долю,280
зьмяніць,280
франкаў,280
меншасьці,280
грузія,280
выкладчыкам,280
пакінуўшы,280
ніжнім,280
бачыў,280
аж,280
флёра,280
гаворка,280
канструкцыя,280
нідэрляндах,280
разьвіцьцём,280
працэсуальна,280
монт,280
фіфа,280
смалявічы,280
калгасе,280
накіраваў,279
фк,279
невялікім,279
дзясяткі,279
чорнай,279
дамогся,279
чыгунцы,279
нясьвіж,279
найвышэйшая,279
чалавечага,279
ранейшаму,279
эканамічным,279
макс,279
канцэртаў,279
радзімы,279
пэрсанаж,279
екта,279
мастоўскім,279
крылы,279
лёгкіх,279
ювэнтус,279
мпз,279
менска,278
мінулае,278
панятак,278
забаронена,278
фальклярыст,278
он,278
экзархату,278
рухаў,278
літаратуразнаўства,278
старонак,278
вырашыла,278
важныя,278
паўвостраў,278
павелічэньня,278
славянаў,278
традыцыйныя,278
прыродзе,278
сумы,278
паходу,278
вартасьць,278
найлепшая,278
цэнтральную,277
эксплюатацыю,277
транспартных,277
разьдзелы,277
жаночай,277
жылы,277
дзевяць,277
ўрадам,277
праве,277
пратэсты,277
глыбокае,277
сто,277
абарачэньне,277
эгіпце,277
арцыбіскуп,277
сабраныя,277
казакоў,277
пабудаваныя,277
зрабіўся,277
апісаньня,277
зычныя,277
пазначае,277
хадкевіч,277
фінансавыя,277
радовішчы,277
рэчыцкім,277
вяла,277
дубровенскім,277
ўсталявалі,276
галінаў,276
указам,276
годнасьць,276
жыхарства,276
якаў,276
узьнікла,276
ўзяць,276
прыродныя,276
кароткая,276
здабыча,276
навуцы,276
казка,276
нідэрляндзкі,276
паведаміла,276
ліста,276
танкі,276
сусьветным,276
навучалася,276
рэабілітаваны,276
цябе,276
сьвіслацкім,276
зэльвенскага,276
падвойныя,276
змаганьня,275
абвяшчаўся,275
спаса,275
россии,275
кампазытара,275
прадстаўлена,275
нядаўна,275
дзіцяці,275
манахаў,275
выраблялі,275
жывёл,275
чорнае,275
вядомымі,275
зборніка,275
абіраўся,275
мак,275
старэйшым,275
дэйвід,275
лукі,275
гішпанскага,275
кожныя,275
зарэчча,275
камуне,275
схіленьне,275
адміністрацыйнай,274
спэцыяльных,274
прэзыдэнце,274
дз,274
молатава,274
швэдзкая,274
адмысловы,274
выстава,274
партызанаў,274
аўтамабільная,274
заяву,274
папулярнай,274
прыроднага,274
пашаны,274
жанр,274
манархіі,274
расстраляны,274
перавагі,274
амсьціслаўскага,274
урочышча,274
дэбютны,274
моцы,274
хатніх,274
забавы,274
напісаньне,273
дунін,273
сакратарыяту,273
традыцыяў,273
каналы,273
дыпляматычныя,273
ураджэнцы,273
сьвядомасьці,273
выдадзеныя,273
выкліканы,273
асобе,273
адмысловых,273
групоўкі,273
мэтадаў,273
газэтах,273
нізкай,273
усім,273
пайшлі,273
яга,273
адносін,273
пас,273
бка,273
разьдзелаў,273
артысты,273
стакгольм,273
барусія,273
разьмешчаных,272
старонцы,272
каштоўныя,272
спартовыя,272
валодаюць,272
мусіла,272
прадметам,272
баёў,272
летнія,272
кастрычніцкага,272
шырокую,272
цераз,272
руды,272
распаўсюд,272
падрыхтаваў,272
іран,272
гадовага,272
павел,272
канчатковым,272
швэдзкага,272
крызісу,272
выведкі,272
ас,272
збораў,272
хоча,272
карабля,272
камяні,272
аўтамабільных,271
навуковую,271
прадмесьце,271
аплаты,271
бізнэсу,271
пасол,271
мужнасьць,271
калісьці,271
навукоўца,271
маршалка,271
прысьвечаныя,271
сацыяльная,271
аўстрыйскай,271
судовай,271
ерусалім,271
ўласны,271
цяжкіх,271
адлюстраваньне,271
белоруссия,271
электраэнэргіі,271
складаныя,271
простыя,271
кітайскі,271
пісала,271
грамадзянскага,271
адпаведнікі,271
ўлучала,271
транспарце,271
івацэвіцкага,271
вышэйшы,270
дык,270
восень,270
восеньню,270
клясу,270
габрэі,270
райвыканкаму,270
высокую,270
дэмакратычных,270
трон,270
мясьціны,270
балаў,270
шырыні,270
прымала,270
пану,270
уваходзілі,270
пэнальці,270
таварыскім,270
спа,270
замкаў,269
мескі,269
вышэйшыя,269
асобам,269
паловай,269
завяршаецца,269
цягнікі,269
вэрсію,269
шырокай,269
малдова,269
францыяй,269
шляхціч,269
твора,269
шаўчэнкі,269
пагрозай,269
сэрбскі,269
пружанскі,269
амбасадар,269
выхаваньне,269
выставе,269
заўважыў,269
асноўнае,269
сапраўдны,269
вырабляецца,269
абедзьвюх,269
магістра,269
зносіны,269
атрымліваў,269
грамадзянскую,269
асобную,269
розыгрышу,269
пагрозы,269
перанесьлі,268
сэсіі,268
пастанова,268
ўвялі,268
прытым,268
сымона,268
запісаныя,268
кіеўская,268
пароды,268
узімку,268
аблогі,268
падтрымалі,268
суполак,268
партрэты,268
лексыкі,268
мітраполіі,268
гарадзкім,268
вацлава,268
выбітны,268
франсуа,268
паэтам,268
груп,268
граматыка,268
блізкі,268
ангельскім,268
варыянтаў,268
сэрбская,268
кіраваньні,268
палёт,267
мэдычных,267
манголіі,267
ахвяры,267
салдат,267
сп,267
міністэрстве,267
гурток,267
грае,267
ленінскага,267
пошук,267
літаратуразнавец,267
афіцэры,267
вылучаўся,267
пагранічнай,267
называцца,267
драма,267
друкаваліся,267
марціна,267
злучэньня,267
мэталу,267
звольнены,267
інстанцыі,267
мёрскім,267
бацькамі,267
баранавіцкі,267
часткамі,267
кісьлі,267
заслужаныя,267
аблогу,266
перадала,266
алены,266
важны,266
прадукт,266
ўкраінская,266
ева,266
фатаграфіі,266
вод,266
дынастыя,266
унія,266
азэрбайджан,266
вярхоўным,266
францускае,266
зэляндыі,266
спартовы,265
мэдыцыне,265
дзецям,265
дзеяньнях,265
славянскага,265
работ,265
падразьдзяленьне,265
гадзіну,265
паляваньне,265
драўлянага,265
усходняга,265
меркаваньня,265
наука,265
рак,265
адносілася,265
салідарнасьці,265
вена,265
прускай,265
спробу,265
пітэр,265
сайту,265
праблема,265
роднага,265
прафэсійнай,265
продкаў,265
шэрагі,265
справамі,265
выдаваў,265
плятформы,265
дасягненьня,265
памяшканьне,265
апісаньні,265
барсэлёны,265
про,265
стандарт,264
асобная,264
вядомае,264
дасьледчык,264
маскоўскіх,264
моцныя,264
хімічнай,264
давід,264
канстантына,264
ньне,264
рэгіянальных,264
фігуры,264
ўзброеныя,264
аўтарка,264
людвіка,264
літар,264
францускую,264
мовазнаўцы,264
герцага,264
прыняцьце,264
пошуку,264
зьява,264
завода,264
дыямэтрам,264
мэсье,264
ўключаныя,264
захворваньні,264
шаркоўшчынскага,264
ельскага,263
чыгуначных,263
усход,263
выключаны,263
невялікую,263
княгіні,263
магутны,263
аснова,263
дазволіць,263
абвяшчаліся,263
малодшага,263
зробленыя,263
малюнкі,263
перайменаваная,263
сымбалізуе,263
разбураны,263
інакш,263
культураў,263
чэ,263
манэтаў,263
дзядзька,263
паступіла,263
сіні,263
анджэлес,263
зону,262
выдадзена,262
папярэднія,262
асабістага,262
археалягічных,262
папулярны,262
казаў,262
аляксандру,262
разглядаюць,262
беларускаму,262
абралі,262
прынц,262
кнігазбор,262
акіяне,262
злучэньняў,262
любіць,262
судзьдзяў,262
лёндану,262
сельсаветаў,262
зборныя,262
любую,262
заявіла,262
моўнай,261
рэформай,261
бярэзіны,261
абмежаваньні,261
ліквідавалі,261
месьціліся,261
найстарэйшых,261
рымская,261
фармуюць,261
выданьнем,261
зьмяніла,261
тэма,261
павышэньне,261
называў,261
аднаму,261
мікала,261
японскай,261
адправіўся,261
мэт,261
нясьвіскім,261
ганаровага,261
нечакана,261
забіўшы,261
патрабаваньняў,261
турэччыне,261
магілёўскае,260
застаюцца,260
трохі,260
нквд,260
міндоўга,260
ейнае,260
славянскія,260
чальцамі,260
цэлы,260
практыкі,260
называць,260
прызналі,260
абалона,260
выдае,260
веткаўскага,260
рэйтынгу,260
выцякае,260
задачамі,260
сьвіслачы,259
кіраваньнем,259
дапамога,259
абласныя,259
надалей,259
богам,259
акту,259
цэх,259
балоты,259
залю,259
філялягічны,259
закладзены,259
гарадку,259
пунктамі,259
ангельску,259
рэакцыя,259
пакоі,259
думы,259
пагадзіўся,259
пералік,259
канстанціна,259
ваўкавыск,259
нізіны,259
ўсходнюю,259
паветры,259
узьведзены,259
пазыкі,259
розыгрыш,259
марскія,259
патрапіў,259
ганнай,259
ратушы,258
змаглі,258
мэдыцына,258
выдаваць,258
хваробаў,258
рэчыца,258
асобнымі,258
карысных,258
прыватныя,258
фэдэральнай,258
пастаўлена,258
спыненьня,258
выбух,258
каго,258
гвардыі,258
жыцьцём,258
ўвогуле,258
маладосьць,258
украінскага,258
фінскай,258
айцец,258
хуткасьцю,258
мазырскім,258
боль,258
капітал,258
панарама,257
ваколіцаў,257
прамысловыя,257
разьвіваецца,257
германскаму,257
унр,257
футбольнага,257
звычайная,257
мескае,257
зруйнаваны,257
арышт,257
паўплывала,257
пляцоўкі,257
дошка,257
шпіталі,257
адчынены,257
цесна,257
мэры,257
вучоны,257
актыўнай,257
павышэньня,257
блізкія,257
ужываньне,257
зямной,257
мэдалёў,257
нафтан,257
моваю,257
накшталт,257
пісьмо,257
адзеньня,257
гайнаўскі,257
абазначэньня,257
пагражае,257
газета,256
жывапісец,256
некалі,256
габрэйскай,256
вежаў,256
ашмянскі,256
пісьменства,256
кузьня,256
адрозьніваюць,256
прусія,256
дамінік,256
маладая,256
стэнлі,256
ібн,256
рубель,256
ворага,256
выраз,256
вымаўленьне,256
паўвострава,256
скарачэньне,256
зрэдку,256
продажы,256
дэль,256
ца,256
редкол,256
атлетык,256
геаграфічныя,255
прадмесьці,255
прыгонных,255
барбары,255
вас,255
плято,255
яраслава,255
жаночыя,255
алега,255
клімату,255
старажытным,255
пэўную,255
вызначаных,255
літаратурнае,255
інстытута,255
сваякоў,255
зімовыя,255
гішпанская,255
габрэйскага,255
проза,255
дакумэнтальны,255
каменны,255
спыненьне,255
ісус,255
блізкага,255
распрацаваная,255
складаць,255
захоп,255
характэрны,255
вярнуўшыся,255
нба,255
ролях,255
само,254
старабеларускай,254
просьбу,254
выпусьціла,254
ўпадае,254
асабістых,254
спартак,254
дзялянкі,254
ўнутранага,254
скарацілася,254
прынесла,254
сьвятым,254
парлямэнце,254
тбілісі,254
наступстваў,254
народам,254
іране,254
бранскай,254
гаспадарчае,254
маленькі,254
царкоўных,254
прынятыя,254
бу,254
ўандэрэрз,254
кажуць,254
згарэў,254
сырыі,254
самымі,254
прысьвяціў,254
адэскай,254
алімпік,254
асабовы,254
янаўскага,254
фёдара,253
азначэньне,253
зацьвердзілі,253
рухавікоў,253
людміла,253
сялянскага,253
пацярпелі,253
абслугоўваньне,253
складаньня,253
сялян,253
уваход,253
актывісты,253
сфармаваны,253
нацыянал,253
каталёг,253
дазваляла,253
об,253
войцех,253
паўсталі,253
ведае,253
заняць,253
салігорскага,253
таўн,253
алімпіяды,253
кандыдатам,253
добрай,253
нёмана,253
расстралялі,252
усходні,252
хрысьціцеля,252
бывае,252
спартовая,252
януш,252
бальшавікамі,252
ствараецца,252
заснавала,252
увайшла,252
чачэніі,252
пераварот,252
увагі,252
чатырма,252
чытаць,252
пэўнага,252
апазыцыя,252
дамоваў,252
прысутнічае,252
агінскі,252
жэрмэн,252
карт,252
ішлі,252
цукру,252
ўдзельнічаць,252
гарадоцкім,252
стамбул,252
плянэта,251
гомля,251
працягваецца,251
ўзоры,251
фізыцы,251
ўкраінскія,251
нанб,251
рэспубліканскіх,251
мужчынскі,251
зямянін,251
тышкевіч,251
вернасьць,251
задача,251
традыцыйны,251
адзначаны,251
ўсталяваны,251
плацілі,251
ствараюць,251
выступаюць,251
мянушка,251
самотнік,251
поўную,251
бірмінггэм,251
любанскім,251
фрагмэнт,250
вынікае,250
кантынэнтальны,250
мячэт,250
тлумачэньне,250
архітэктары,250
тэадор,250
радыёстанцыі,250
настаўнікі,250
чырвоныя,250
юрыдычны,250
канцэпцыя,250
спэктакль,250
ска,250
вымушаныя,250
пару,250
рысаў,250
выхаваньня,249
рос,249
канала,249
заявы,249
звязда,249
вытоку,249
вартасьці,249
апублікаваная,249
працоўны,249
службовых,249
пакідае,249
міжнародную,249
курсу,249
айчынную,249
насілі,249
віла,249
шэрагам,249
ўжываюцца,249
вучобу,249
ўрадзе,249
праціўніка,249
грамадаў,249
талачынскага,249
меская,248
нізкі,248
генэральная,248
утварае,248
дзеячаў,248
тагачаснага,248
янаў,248
армэнія,248
пасля,248
аргентына,248
японскі,248
матэматыцы,248
ідэалёгіі,248
моцнага,248
ператвораны,248
хвост,248
экспарт,248
бакавых,248
палотнішча,248
вобл,248
найбольшых,247
прыпадала,247
тэатральны,247
вольных,247
ўзьніклі,247
незалежная,247
запаведнік,247
аддзеле,247
ўклад,247
крымінальнай,247
друк,247
стварэньнем,247
адзначаў,247
нешта,247
выяўленьня,247
хлопчык,247
рана,247
стандарту,247
вэнэцыі,247
ляхавіцкім,247
актывістаў,247
траўмы,247
эксплюатацыі,247
пухавіцкі,247
лунінецкага,247
сэкс,247
жыхара,246
выдалі,246
выходзяць,246
адноўленая,246
азначала,246
замежная,246
адзінку,246
уладаньне,246
наданьне,246
ажыцьцяўленьня,246
яну,246
польску,246
двухразовы,246
бельскі,246
выпускаў,246
зьмяшчаў,246
ўтрыманьне,246
братамі,246
старшы,246
іхнія,246
сыходу,246
намаляваны,246
іслач,246
базу,246
сеньненскага,246
жодзін,246
інтэрнацыянале,246
зьнішчыў,245
выпадкова,245
бальшавіцкай,245
апостал,245
сэкцыі,245
выклікалі,245
даху,245
лірыка,245
паказаны,245
дэлегацыі,245
паўабаронцы,245
званыя,245
сумесь,245
кабінэт,245
арабскіх,245
пасяліўся,245
ягонымі,245
лідзе,245
рэжыме,245
пячоры,245
ыя,245
багаты,245
вучэньня,245
краснае,245
праблем,245
бургундзкага,245
аўганістану,245
акушэрскі,245
нібы,245
алтары,245
мікалаеўскай,245
будынкам,244
маз,244
вал,244
прыватная,244
апэрацыю,244
выступу,244
ўкраінскае,244
новымі,244
рабоце,244
граў,244
ўкраінскую,244
кавалер,244
царкоўныя,244
выконвалі,244
мін,244
кароткіх,244
бюджэт,244
хвароба,244
танец,244
становяцца,244
доўгае,244
каралеўскім,244
страва,244
крупскім,244
паверх,244
баскетбалісты,244
паэму,243
дэпо,243
дзевяці,243
лічбы,243
камісар,243
падпалкоўнік,243
паноў,243
паўднёвыя,243
капіталу,243
іна,243
цыя,243
караткевіча,243
заняўся,243
праводзіўся,243
перарабілі,243
лясных,243
даўно,243
сь,243
выкарыстоўваючы,243
алей,243
шукаць,243
першынства,243
дарожнага,243
рэйк,243
слоўніку,242
адрозьненьня,242
акругу,242
форт,242
адольф,242
ваеннапалонных,242
філіі,242
каленкавічы,242
ўшацкім,242
браніслаў,242
нараджэньне,242
апублікаваныя,242
дырыгент,242
багата,242
патрыярх,242
грэцкія,242
чарнігаўскай,242
кулі,242
азначэньня,241
прамысловы,241
пасьлядоўна,241
галіцка,241
эканамічная,241
разьмешчанае,241
лякаматыў,241
магілы,241
бела,241
крыжакоў,241
гандлёвай,241
бабруйскі,241
цяжкай,241
пісьмовыя,241
перасьледу,241
столінскага,241
абвесьціў,241
маст,241
кліп,241
карэя,241
асамблеі,241
бэнэдыкт,241
ўласным,241
эстонская,241
прыйшлося,241
катэдру,241
грамадзкімі,241
валынскай,241
ўключаны,241
бамбардзірам,241
пружанаў,241
забароны,241
ўваход,241
белавежа,241
камандаваньня,241
званіцы,241
стартавым,241
мэмарыяльная,240
раскопкі,240
выкапняў,240
плянуецца,240
заводаў,240
кірава,240
пастаўкі,240
дзьмітрыя,240
унебаўзяцьця,240
уласныя,240
кубкаў,240
коўне,240
згадка,240
ўтварае,240
фармаце,240
індыйскага,240
дапамагаў,240
праўды,240
павінныя,240
камуністаў,240
выгляду,240
перададзена,240
выглядае,240
музычную,240
сыравіны,240
блакітны,240
ігара,240
зьнішчыць,240
фізычныя,240
вагі,240
вокны,240
мелася,240
гандлі,240
тарас,239
перавялі,239
распрацавалі,239
рэарганізаваны,239
захавала,239
вэрсіяў,239
баявой,239
яднаны,239
прымяненьне,239
групамі,239
прыкметы,239
франтах,239
абавязаны,239
саюзе,239
гіпотэзы,239
спосабаў,239
чачэнскай,239
дасягнуць,239
падтрымкай,239
просты,239
грузінскай,239
успамінаў,239
напісала,239
банкноты,239
поглядаў,239
насуперак,239
плод,239
сеньненскім,239
хворых,238
перабудавалі,238
водаў,238
вялікаму,238
штодня,238
рэчыцы,238
белшына,238
навакольных,238
іванам,238
ўтвораная,238
скаргі,238
гістарыяграфіі,238
ўяўляюць,238
злачынствы,238
прастору,238
гісторыяй,238
сушы,238
складаных,238
розум,238
ажыцьцяўленьні,238
адышлі,238
пазначаецца,238
запазычаньне,238
травы,238
адабралі,238
аркавымі,238
прытулак,237
аўтобусы,237
зіма,237
красны,237
далучыцца,237
мастацкую,237
ўтрымлівае,237
сельскія,237
матывы,237
джэк,237
садружнасьці,237
глыбокім,237
календары,237
выяўлена,237
пошуках,237
возерам,237
ядро,237
выклікаць,237
мэханізм,237
старшынёй,237
атрада,237
оўруцкага,237
францішканаў,236
дасьледнікаў,236
берагу,236
сьляды,236
форум,236
сакратарыят,236
здароўе,236
літарамі,236
тагачасных,236
койданаўскі,236
драматычныя,236
творам,236
паўночныя,236
сканаў,236
пачатковую,236
абмежаваньне,236
рысамі,236
зьменены,236
астан,236
ўтворана,236
разглядзе,236
кантракту,236
прамое,236
ворагаў,236
зьвестках,236
ярусная,236
геаграфічнага,235
колаў,235
ніводнага,235
мескай,235
уклад,235
гай,235
асабістай,235
фэрдынанд,235
тэлеканал,235
адміністрацыйныя,235
зямельных,235
сядзібе,235
дамове,235
падзея,235
армянскай,235
пазбаўлены,235
хатняй,235
белавескай,235
твар,235
брытанскім,235
рухі,235
азёр,235
біятляністкі,235
біятляністы,235
франтонам,235
значыцца,234
ліцьвінамі,234
скрыжаваньні,234
займаюцца,234
мерапрыемствы,234
сумленьня,234
пасадаў,234
жыло,234
брамай,234
канфліктаў,234
памяшканьняў,234
пскоўскай,234
актыўную,234
залежнасьць,234
пазыцыя,234
бельск,234
забівае,234
нашы,234
патрыярха,234
талачынскім,234
аграгарадку,234
фасадзе,234
запрашэньне,233
актора,233
выпускае,233
дэмакратычнага,233
пастанавіў,233
блакітным,233
паспалітая,233
роўныя,233
навакольлі,233
зімой,233
малако,233
згарэла,233
папулярныя,233
іхных,233
туру,233
гаспадарку,233
работнікі,233
густаў,233
ніл,233
дуб,233
мэксыка,233
леанарда,233
пахаваньня,233
падтрымліваць,233
германскім,233
пэрсыдзкай,233
дзёньнік,233
філіпа,233
рэформа,233
сказаць,233
папярэджаньне,233
адказны,233
генэралы,233
готыкі,232
альфа,232
прынцыпаў,232
працяглы,232
чэмпіёнка,232
тэалёгіі,232
хімічная,232
багдан,232
стол,232
дыега,232
большы,232
падатак,232
астраноміі,232
эпоха,232
рукапісы,232
советская,232
ісьці,232
выканалі,232
улада,232
амэрыку,232
лепш,232
камітэтам,232
салігорскім,232
этапу,232
калюмбіі,232
чорна,232
ых,232
дасьледчыкаў,232
намесьнікі,232
ўпраўленьня,232
прызначаная,232
набажэнствы,232
мескія,231
захадаў,231
мэдыя,231
стваральнікаў,231
выкапні,231
кампазытараў,231
перамаглі,231
грунтуецца,231
працягласьцю,231
манахі,231
каталіцкую,231
уласную,231
сапраўдным,231
роднае,231
архіве,231
бэк,231
еў,231
сялянства,231
запавет,231
знаходзячыся,231
ініцыятыве,231
згадвалася,231
сьвятаром,231
пісьменьніцы,231
папулярнасьці,231
ажыцьцяўляць,231
фэльчарска,231
атрымліваць,231
сілах,231
лекаў,231
спадарожнікі,231
гогенштайну,231
пасланьне,231
гаворцы,230
ваколіцы,230
навучэнцаў,230
веравызнаньня,230
чыгуначныя,230
палесьсі,230
лясныя,230
выпадкі,230
распачалі,230
навуковае,230
сустракаліся,230
лясны,230
лідэра,230
ліцэй,230
тураўскага,230
мікіта,230
растуць,230
наваполацак,230
напр,230
канфлікты,230
суседняй,230
драматургі,230
вызначаюцца,230
дзеі,230
узяты,230
крок,230
прывесьці,230
амбасады,230
падляскі,230
дадзенай,230
сыр,230
прадугледжвае,230
інструмэнт,230
бераставіцкім,230
экспарту,230
накіраваўся,230
выхаванец,230
музычным,230
атрыманыя,230
цягнецца,230
рагачоўскага,230
мабільны,230
выбарчых,230
структураў,229
русіфікацыі,229
губэрнях,229
намаганьні,229
удзельнічала,229
аддзелам,229
тураў,229
пані,229
жорстка,229
літву,229
кірмаш,229
партызанскі,229
падаецца,229
чарнагорыя,229
выдаваўся,229
язык,229
дацкі,229
асяродзьдзе,229
майстры,229
абу,229
сутнасьць,229
чытаў,229
пахаваньні,229
зьняў,229
заключыў,229
каліфорніі,229
арыштавалі,229
гадзіна,229
жоўты,229
пабудаваць,229
графікі,229
валенсія,229
мукі,229
фільмам,229
простае,229
кашалёўскага,229
калегіюму,228
выконваюць,228
ручай,228
уладаньняў,228
агінскага,228
палацава,228
бяруць,228
галасы,228
распаўсюджваньня,228
аднайменным,228
звон,228
чалавеку,228
імпэрыю,228
вучылішча,228
вэтэранаў,228
сфср,228
вільгельма,228
алтар,228
рэлігійнага,228
пазыцыяў,228
мазырскі,228
панядзелак,228
анатоля,228
этнаграфічнага,228
ўладаў,227
мэмарыяльны,227
булак,227
творчай,227
справочник,227
ільлі,227
надае,227
гаспадарчы,227
аршанскай,227
рознага,227
клецкага,227
сядзібнага,227
нормаў,227
вывучэньні,227
майстра,227
просьбай,227
давалі,227
лікі,227
гомелі,227
чыну,227
уласнай,227
малдаўскай,227
зьвязанае,227
двухбаковая,227
захоўвалася,226
гама,226
замкавая,226
кіравалі,226
нацысты,226
швэцыяй,226
нашыя,226
памежных,226
паласы,226
багушэвіча,226
роляў,226
альбэрта,226
вечар,226
вырашэньня,226
спрыяў,226
адказаў,226
талін,226
пераможцаў,226
кампутарныя,226
каталіцкім,226
відамі,226
кропка,226
слабодка,226
папярэдняе,226
здабыла,226
рушыў,226
групавы,226
упа,226
галасаваньне,226
храму,226
катлавіны,226
прыналежалі,226
нова,225
артыстка,225
адкрытага,225
доказы,225
брала,225
выкарыстаны,225
служаць,225
ўбачыць,225
гітары,225
цырымоніі,225
партугальскі,225
яўгена,225
маладэчне,225
асаблівую,225
белымі,225
дарогу,225
сетак,225
памылкі,225
прысутнічаюць,225
доктарскую,225
рускага,225
палата,225
член,225
масіў,225
сродкам,225
прафэсійных,225
вядзеньне,225
сафія,225
вучылася,225
уваходам,225
органах,225
кожнае,224
ўзяла,224
трамвай,224
вывучэньнем,224
атрадаў,224
ўдзельнік,224
мураванага,224
характэрна,224
арцём,224
самакіраваньне,224
апошнюю,224
кобрынь,224
кірыла,224
сытуацыю,224
выявілася,224
ай,224
хрысьціяне,224
рыка,224
матэматыка,224
абазначае,224
моўных,224
пасьпеў,224
выкарыстаць,224
ранейшых,224
хан,224
водных,224
карыстаецца,224
выхадцы,224
бярозаўскім,224
перакладаецца,224
фармат,224
ндар,224
рэлігійнымі,224
камянёў,224
падачы,224
архіпэлягу,224
трое,224
адзнакі,224
заказьніка,224
навучальнай,223
направа,223
гатэль,223
вежамі,223
рэсурсы,223
унівэрсытэтаў,223
дзеяча,223
крыла,223
прыпяць,223
тэхнікум,223
адлюстроўваюць,223
колерам,223
выдатна,223
робэрта,223
небе,223
адмовы,223
штаба,223
сьпевы,223
сярэдзіна,223
прынятае,223
цыкль,223
чэскага,223
цывілізацыі,223
футбольная,223
салігорск,223
хрысьціянскага,223
падразьдзяленьняў,223
актыўным,223
дадзеным,223
вызвалілі,222
міхалова,222
спадарожнікаў,222
схема,222
вуліцах,222
прэсы,222
ўзбраеньня,222
віленскую,222
важнае,222
полацкае,222
сучаснасьць,222
вясной,222
пахаваньне,222
выбітных,222
маёнткам,222
побыту,222
дэклярацыі,222
захоўвае,222
пісьме,222
прызначаныя,222
забаронены,222
нядзеля,222
штатах,222
ро,222
паказаць,222
ладзіліся,222
сутак,222
трывала,221
сетцы,221
геаграфічнае,221
тв,221
берага,221
воды,221
вучні,221
воінаў,221
плынь,221
папярэднім,221
расьлін,221
прадмет,221
віленскія,221
зьбіраецца,221
багацьце,221
высокімі,221
столькі,221
крыло,221
слонімскі,221
абмежаваны,221
падставы,221
разьвівацца,221
эмі,221
спэцыяльна,221
моўнае,221
гаспадарчага,221
мюнхэне,221
важнай,221
зялёныя,221
зьдзецельскі,221
рухавікі,221
глеба,220
ўспамінаў,220
мэдычны,220
базылянаў,220
удзельніца,220
чыноўнікаў,220
фэлікс,220
сабора,220
рэгіянальнага,220
падтрымлівалі,220
дзіцячага,220
розьніца,220
вызваленьні,220
чэмпіянатаў,220
размаўляе,220
вучань,220
кнігай,220
прыхільнікамі,220
цяжкі,220
бярэзінскі,220
назоўнікаў,220
банкам,220
рухавіком,220
пасьпяховым,220
найменьне,220
напоі,220
даходаў,220
застацца,220
востраву,220
ізраілі,220
калёны,220
якутск,220
ваеннае,219
невялікімі,219
кастрычніцкі,219
сядзібна,219
браць,219
сэнат,219
хііі,219
каралеўстве,219
місія,219
сотняў,219
рэгіянальнай,219
мячом,219
скончылі,219
прыродны,219
ёме,219
заснаванай,219
паводзінаў,219
горная,219
супрацоўніцтве,219
прайсьці,219
горадню,219
опэра,219
усярэдзіне,219
прыкладу,219
найвышэйшую,219
ангельскае,219
рамантызму,219
вобласьцяў,219
цска,219
турму,219
захаваў,219
будаўнічыя,219
бадэн,219
ха,219
звычайнай,219
беластоцкі,219
насеньне,219
мураваныя,218
ацэнак,218
спэцыяльнай,218
арыгінальны,218
абвяшчэньне,218
пажары,218
доўгіх,218
колішняя,218
ішоў,218
мэханікі,218
таварыстваў,218
служылі,218
адпавядаюць,218
камітэтаў,218
згуртаваньня,218
прызнаныя,218
скласьці,218
пастаўленая,218
чырвоных,218
пісьменнікі,218
карэспандэнтам,218
вярнуў,218
камітэце,218
прадстаўленая,218
акупацыя,218
буйной,218
імкнецца,218
падляшша,218
вяршэнства,218
абразы,218
гіт,218
эвангельля,218
пункце,218
дуброва,218
івацэвіцкім,218
украінскае,218
прысутнасьць,218
вугорскіх,218
дадаў,218
законнасьці,218
часьцінак,217
завулак,217
фартэцыя,217
парыскай,217
адабрала,217
напояў,217
прыгажосьці,217
вуліцай,217
філязофскіх,217
захоўваліся,217
анры,217
здольныя,217
абіраецца,217
амбасада,217
жанчынам,217
чэская,217
ар,217
юрысдыкцыі,217
электронная,217
завершаны,217
хлеба,217
пошукі,217
туркі,217
ведалі,217
лепельскім,217
арабіі,217
мячы,217
аўтадарогі,217
прызэры,217
землямі,217
пагрозу,217
антарыё,217
малітвы,217
інжынэрам,217
хакейнай,217
каталёга,217
уус,217
магчымым,216
украінцаў,216
клюбнага,216
далучаныя,216
асіпавічы,216
правай,216
слаба,216
выгнаньні,216
рог,216
доўгага,216
мільён,216
выбітныя,216
зоркай,216
лепшым,216
падпольля,216
партале,216
альбанія,216
лідэры,216
страта,216
ногі,216
как,216
колы,216
паслоў,216
вяртае,216
папярэдне,216
граніт,216
пастаяннай,216
ленінградзкай,216
члены,216
прыгатаваньня,216
круг,216
даляр,216
зялёнага,216
рэ,216
ўрады,216
стральбы,216
лоеўскага,216
аркестар,215
гвалт,215
ганаровыя,215
старажытнае,215
званых,215
рознай,215
абласная,215
славу,215
збудаваная,215
ўмацаваньні,215
гарматаў,215
ёмам,215
вырабілі,215
клясычны,215
караткевіч,215
дакумэнце,215
падзелена,215
прынесьлі,215
швайцарскі,215
набывае,215
камуністычная,215
гіпотэза,215
публікацыяў,215
легіёну,215
бэрліну,215
адпраўлены,215
карцінаў,215
міністэрствам,215
навучаліся,215
працягваць,215
вызначаныя,215
саманазва,215
камянец,215
кампазыцыяў,215
пляцоўка,215
мур,215
перасьлед,215
джо,215
стандартаў,215
разьмеркаваньне,215
гульнёй,215
раўнду,215
баявы,215
функцыю,215
абшчыны,215
законных,215
току,215
далучылі,214
мітынг,214
ўсебеларускага,214
сельскагаспадарчага,214
рэвіскіх,214
зьвяртае,214
будучай,214
вызначыў,214
навінаў,214
княгіня,214
левыя,214
інтэрнат,214
баршчэўскі,214
лясах,214
могілак,214
скульптура,214
функцыяў,214
нарвэскі,214
актораў,214
фінскі,214
цэнтр,214
чалавечай,214
шатляндзкі,214
пратэст,214
змагацца,214
пратакол,214
рымскіх,214
летувісы,214
летувіскую,214
жамойтаў,214
замяніць,214
подпісаў,214
шырокага,214
трагедыі,214
вырабляць,214
барбара,214
бельскім,214
ўваходу,214
ву,214
кашталяны,214
мінулых,213
захапіла,213
вольскі,213
сапр,213
прынёс,213
ўвядзеньня,213
лячэньня,213
пераходзе,213
зьмяненьні,213
пэдагогі,213
інвэнтару,213
камандуючы,213
дамініка,213
агнём,213
баторыя,213
дзяржавах,213
мэдалямі,213
дэклярацыю,213
скончыўшы,213
адпаведны,213
жук,213
вучэньні,213
удзельнічаюць,213
калектыву,213
нясе,213
сустрэўся,213
пабудове,213
вяльлі,213
менскіх,212
найбольшыя,212
вытворцаў,212
рэвалюцыйнага,212
акадэмічнага,212
ваенную,212
юрыдычнай,212
праведзена,212
жалезнага,212
помнікам,212
камуністычнага,212
узялі,212
маршал,212
ўхваліў,212
рэзыдэнцыяй,212
статуя,212
канстытуцыйнага,212
электронных,212
прыхільнік,212
літаратуразнаўцы,212
турэцкі,212
пецярбурскага,212
домам,212
перакладам,212
памочнікам,212
замянілі,212
прэзыдэнту,212
адышоў,212
рома,212
любога,212
блізка,212
республики,212
скаўтаў,212
луганскай,212
мядзельскі,212
лёгкаатлеткі,212
вк,212
чыгуначным,211
бібліятэк,211
каледжы,211
спэцыяльныя,211
маршрутаў,211
вінцэнта,211
адпаведнай,211
канцлера,211
езуса,211
хакей,211
майстроў,211
замкавай,211
пэрыяды,211
імкнуліся,211
надрукаваў,211
левай,211
сярэднявечнай,211
арлоў,211
узьнік,211
ўсяе,211
актыўнасьці,211
замежнымі,211
ніве,211
вобразы,211
айчыны,211
ўшацкага,211
ордэнамі,211
прад,211
арганізмаў,211
тэхніцы,211
посьпехаў,211
рукапісаў,211
чытачоў,211
эрык,211
ўнутранай,211
цкая,211
бізантыі,211
павялічваецца,211
набыць,211
пэўным,211
жабінкаўскага,211
адмову,211
ўсталяваньня,211
формулы,211
прынца,211
сайты,211
арэндзе,211
канчатак,211
рас,211
нэфавая,211
повету,210
каталікам,210
гуманітарных,210
лук,210
вызваліць,210
украінай,210
ідыш,210
крычаў,210
салдатаў,210
першамайскі,210
зьвесткамі,210
асобнае,210
распаўсюджваецца,210
найвышэйшага,210
навучальная,210
палітычнымі,210
георг,210
любым,210
лягатып,210
чорных,210
багоў,210
харвацкі,210
мэмарыял,210
лёсу,210
божая,210
малога,210
ядра,210
зьнешняй,210
скарбу,210
хана,210
корпусе,210
мядзел,210
аркестру,210
вартасьцю,210
кс,210
лацінскім,210
зорных,210
лёгкаатлеты,210
брагін,210
разу,209
менскія,209
гадзіньнік,209
грамадзянскае,209
інфарматыкі,209
музэяў,209
губэрнатарам,209
набыцьцё,209
хіі,209
каралеўская,209
адпаведнага,209
росквіт,209
разьбіў,209
канцылярыі,209
апсыды,209
падараваў,209
зьмянілі,209
вагаецца,209
ўвосень,209
паехаў,209
носяць,209
хвіліны,209
прызнаць,209
поль,209
відам,209
вымаўляецца,209
лю,209
замены,209
тамоў,209
разуменьне,209
згадваюцца,209
жаночую,209
губэрнатарства,209
мяча,209
гэм,209
прававой,209
сельсавета,209
футбаліста,209
брацтва,208
забарону,208
абавязак,208
слоніме,208
летапісу,208
правыя,208
драўлянымі,208
замежжа,208
электроннай,208
значнае,208
філязофію,208
біскупства,208
зьнік,208
правапарадку,208
вядучых,208
італьянская,208
памятная,208
аматараў,208
быкава,208
праявы,208
маладосьці,208
генрыха,208
кіравала,208
марсэль,208
горацкага,208
фаўна,208
нападаў,208
ская,208
падыход,208
турэцкага,208
масла,208
надпісы,208
зборных,208
бцр,208
жамойцкі,208
докшыцкім,208
прыгонныя,208
буйнымі,207
абаронцаў,207
зара,207
япіскап,207
харчовая,207
альгерда,207
студыя,207
ўспаміны,207
майстэрня,207
ўлучае,207
дваццаці,207
сэрыяле,207
барысава,207
аўстрыйскія,207
яднанай,207
фэдэральнага,207
разьдзеле,207
абавязковыя,207
малі,207
адзначылі,207
адзначана,207
выдаць,207
ўільяма,207
мастацтвазнаўства,207
літарай,207
календара,207
неабходныя,207
праграмнае,207
паўвостраве,207
астравах,207
жамойцкага,207
базавых,207
выканкаму,207
ладзіцца,207
адбываўся,207
людовіка,207
лы,207
выйграла,207
баўгарскай,207
вольна,207
пазначэньне,207
выбаршчыкаў,207
гоцкія,207
насіў,206
мураваная,206
схілах,206
доказаў,206
амстэрдам,206
сацыялістаў,206
рэльефу,206
тбм,206
палажэньне,206
ахову,206
сьведчаньняў,206
гародні,206
прадпрымальнік,206
інтэрнэце,206
спынілі,206
бясьпецы,206
лепшыя,206
гаспадароў,206
дадаюць,206
назьве,206
увёў,206
мусульмане,206
саудаўскай,206
фальклёр,206
біялягічных,206
лепельскага,206
асабістым,206
ве,206
льскі,206
крашэўскага,206
падобнае,206
галавой,206
гарнізон,206
нарматыўных,206
муніцыпалітэт,206
харкаўскай,206
месту,205
мястэчак,205
захавалі,205
вольныя,205
аблога,205
прапанавалі,205
пагост,205
прафсаюзаў,205
электрастанцыі,205
французы,205
сувэрэнітэту,205
гатункаў,205
пісьменьнікам,205
пецярбурскай,205
сястрой,205
накладам,205
кампутарных,205
паведамленьняў,205
барысаўскай,205
іхняга,205
скончыць,205
падзеньне,205
дакладным,205
даніла,205
маладой,205
рымскія,205
кляштарны,205
праверкі,205
рэзыдэнцыі,205
падобным,205
выпрабаваньні,205
сэрбскія,205
мзс,205
тамаша,204
мэдычнай,204
юдэі,204
датуюцца,204
пружанах,204
ваенным,204
усходніх,204
найважнейшых,204
захворваньняў,204
вяшчаньне,204
праваслаўнае,204
заснавальніка,204
сустрэў,204
прызнае,204
сафіі,204
герман,204
выконваецца,204
закончыў,204
стар,204
скончыліся,204
невядомыя,204
хуан,204
башкартастану,204
біялёгіі,204
пазьняк,204
акцыя,204
крыстыян,204
паспалітае,204
неадкладна,204
атрымліваецца,204
стакгольме,204
хуткі,204
паветраныя,204
зэльвенскім,204
асаблівасьцю,204
браслаўскі,204
абараняў,204
арыентацыі,204
бардо,204
пракурора,204
афрыка,204
стадыёну,204
лягеру,204
дрысенскім,204
здаецца,204
трэк,204
прадстаўляў,204
дрысенскага,204
дзесяціны,204
кашалёўскім,204
футбалісткі,204
выяўляе,203
мескіх,203
палонных,203
арганізатар,203
падпісаная,203
прынцыпу,203
арабскага,203
каралеўствам,203
фрн,203
памірае,203
генрык,203
добрым,203
згадвае,203
простай,203
грэцкіх,203
ўварваньне,203
высланы,203
малое,203
кансэрваторыі,203
бакавымі,203
докшыцкага,203
цікава,203
футбалістам,203
кнр,203
дадатковых,203
прафэсійную,203
дэпартамэнтаў,203
змагаўся,203
парнаграфіі,203
карэліі,203
давала,202
прызначылі,202
акупанты,202
ветру,202
уладзімеравіч,202
пераўтварэньні,202
старэйшых,202
насельнікаў,202
будовы,202
дадзенага,202
паказ,202
ігнацы,202
малдове,202
югаславія,202
патрабуецца,202
кандыдацкую,202
тацьцяна,202
удзельнічалі,202
ваенная,202
французаў,202
тэрмінаў,202
гектараў,202
злачынстваў,202
вышэйшага,202
пашкоджаньні,202
розыгрышы,202
заняўшы,202
ачоліў,202
адзнаку,202
тоні,202
выкананьню,202
тэлесэрыялы,202
вежу,201
назвамі,201
рэстаўрацыі,201
ваяроў,201
гарэцкі,201
мікрараён,201
ўсходнія,201
аднаўленьні,201
мяркуюць,201
рагу,201
накіраваныя,201
канстытуцыяй,201
уладзіслава,201
тэхналёгія,201
коштам,201
ластоўскі,201
энэргетыкі,201
ўзору,201
мікалаем,201
гарадох,201
абраная,201
дайшоў,201
адказвае,201
просіць,201
складаліся,201
наяўнасьцю,201
курсаў,201
суаўтарстве,201
сьмяротнае,201
кошту,201
ўтвараюцца,201
прыходам,201
формах,201
зьнікла,201
запыт,201
трубы,201
лёнданскага,201
мадыфікацыі,201
ўчасткі,201
цмокі,201
скляпеньнямі,201
глыбока,200
знаку,200
ганаровае,200
ўтварэньні,200
пачатковых,200
дзесяцінаў,200
прадугледжваў,200
вядоўца,200
эканоміку,200
малюнку,200
падтрымлівала,200
закрыцьця,200
выходзілі,200
наданьні,200
ўстановамі,200
чыньнікі,200
зьбіраліся,200
имя,200
сталым,200
сэктару,200
сапраўднай,200
карпарацыі,200
перапынку,200
уладзі,200
таліне,200
падпарадкаваньне,200
посьпехі,200
пік,200
камунізму,200
альманах,200
жанчынай,200
рушылі,200
рыцары,200
фармантаў,200
храмаў,200
будучыню,200
чэхаславаччына,200
ўключаная,200
інфраструктуры,200
летувой,200
футболам,200
захоўваць,200
зьмяненьне,200
схемы,200
заўзятараў,200
лекі,200
кветкавых,200
ваўкавыскі,200
падоўжыў,200
стральцоў,199
кінастудыі,199
хрыстова,199
продкі,199
перавозак,199
ўмове,199
выконвала,199
езуіты,199
дзяржынскага,199
рэчкі,199
карціну,199
штогадовы,199
функцыя,199
грамадзяніна,199
паспрабаваў,199
найбуйнейшая,199
чуткі,199
фінансавы,199
смаленская,199
пэдра,199
параўнаньня,199
при,199
сустрэчу,199
акупаванай,199
рыба,199
казань,199
квт,199
падставай,199
ангельскіх,199
спэцыялістаў,199
фактараў,199
заўжды,199
шкоды,199
фінальны,199
кут,199
шкоду,199
рагачоўскім,199
цэнтарам,199
кодэксам,199
грамаце,198
пратэстантаў,198
балету,198
акадэмічны,198
эўфрасіньні,198
гербаў,198
каталіцкае,198
выдатны,198
тутэйшыя,198
рэчыцкай,198
інстытуты,198
орда,198
слове,198
пісьмовай,198
нацыянальнасьцяў,198
маладэчанскі,198
гняздо,198
чарлз,198
кастрычніцкай,198
ўвёў,198
лячэньне,198
творамі,198
выступаючы,198
вывучаць,198
леаніда,198
нападніка,198
альжыры,198
гу,198
павялічыць,198
працягнуць,198
сьцьвярджаюць,198
розны,198
затрыманы,198
строга,198
дзіва,198
мозгу,198
панк,198
мг,198
карты,198
кажучы,198
сакольскім,198
прастакутнымі,198
вілейск,198
пасольства,197
мірны,197
аўтамабільны,197
материалы,197
выкарыстаў,197
адэса,197
гедзіміна,197
іхны,197
дагавор,197
дзяўчыны,197
раньнім,197
публіцысты,197
тэлеканале,197
паўлаў,197
запас,197
спрэчак,197
дасягненьне,197
беларусам,197
званая,197
граматыкі,197
воўк,197
зьяваў,197
ўзаемадзеяньня,197
радкоў,197
формула,197
сыстэмах,197
абвінавачаньне,197
блюз,197
заключылі,197
харчаваньне,197
задач,197
гіндзі,197
трылёгіі,197
муніцыпалітэце,197
адсутнасьцю,196
латвійскай,196
мільёну,196
лейтэнанта,196
зімы,196
пашырылася,196
вярхоўі,196
найбольшае,196
крыжакі,196
падобнага,196
целы,196
меліся,196
найвялікшых,196
прэсе,196
самагубства,196
тараса,196
тамсама,196
праведзеныя,196
тузін,196
мішэль,196
дапаможнік,196
даваў,196
патрабаваньне,196
міжземнага,196
архіпэляг,196
камісараў,196
роўнай,196
вядучы,196
паветах,196
папераў,196
сыходзіць,196
звароту,196
паласа,196
янства,196
залесьсе,196
замошша,196
затока,196
праёмы,196
эклектыкі,196
ашмяны,195
фізычнага,195
адмыслоўцаў,195
пераважная,195
журналістка,195
сэнату,195
рыцараў,195
разьвівалася,195
жак,195
завяршылася,195
моцнай,195
кантэксьце,195
унію,195
асабістую,195
значэньнем,195
габсбургаў,195
вылучыць,195
ўдзельнічае,195
мусульманаў,195
эстонскі,195
чалавечых,195
рэнэ,195
грашовых,195
пункта,195
долі,195
паседжаньне,195
жадаў,195
рэдкіх,195
парушэньня,195
здабыць,195
сталага,195
мінімум,195
паставіць,195
перабраўся,195
мадэляў,195
набраў,195
дзеясловаў,195
ўзьнікае,195
званай,195
вернікі,195
меркавалася,195
накрыты,195
населення,195
супольна,194
аўтобусаў,194
меркаваньняў,194
накіравалі,194
прадукцыя,194
гандлёвага,194
мовазнавец,194
кожную,194
падпісала,194
людовік,194
трымалі,194
бацькаўшчыны,194
грыбы,194
ксяндза,194
абсалютна,194
буйная,194
паказчык,194
рад,194
гарадзея,194
трымае,194
каўказу,194
мага,194
ігуменскі,194
кап,194
падпарадкаванымі,194
комплексы,193
ўжывалася,193
дэмакратыя,193
намаганьнямі,193
броўкі,193
сфармавалася,193
будучым,193
рэдакцыяй,193
зьмяшчаюць,193
рускі,193
лекара,193
інфармацыйна,193
заняпаду,193
кірылы,193
маркса,193
малым,193
адмысловай,193
сярэдняе,193
луцкевіч,193
босьнія,193
ядналіся,193
атамнай,193
сэм,193
эўрапейскае,193
радкі,193
рэспубліканскім,193
апублікавала,193
падзей,193
даваць,193
італьянскім,193
лютэра,193
познані,193
праваслаўным,193
багатыя,193
пуцін,193
нядзелю,193
тае,193
электрычны,193
экспэртаў,193
стэрлінгаў,193
арміяў,193
ўтрыманьня,193
плянэт,193
задачай,193
прадугледжаных,193
краснапольскім,193
аналізуе,193
пракуроры,193
невядомая,192
гандлёва,192
разбору,192
мужчынскай,192
факта,192
захопнікаў,192
халоднай,192
мястэчкам,192
жонцы,192
забесьпячэньні,192
простага,192
абарончыя,192
крывічы,192
пакістан,192
рытм,192
звычайныя,192
пасярод,192
чарлі,192
марыяй,192
шчыльна,192
зьліцьця,192
забясьпечваюць,192
богу,192
асаблівай,192
прысуд,192
індаэўрапейскіх,192
трлн,192
хору,192
паездкі,192
анёл,192
моў,192
аўганістане,192
брамнікам,192
се,192
гонцы,192
гаворыць,192
спажываньня,192
расьліна,192
павета,192
крылаў,192
турын,192
памочнік,192
вылучаны,192
прымяненьня,192
статыстыку,192
службовымі,192
чарнігаўскага,191
эўразіі,191
дачыненьне,191
рыбэнтропа,191
грамадзкасьці,191
заявілі,191
падпісаньне,191
пляцу,191
прадстаўляюць,191
аўтаномію,191
доўгая,191
сынагогі,191
палітыкай,191
здабылі,191
невялікага,191
падмурак,191
ажыцьцяўленьне,191
ініцыятарам,191
зрабілася,191
прафэсійным,191
марках,191
сцэна,191
рр,191
масавага,191
спосабу,191
ангельшчыну,191
назіраньня,191
дал,191
энцыкл,191
пазьнейшых,191
прагі,191
атрыманы,191
кінафэстывалі,191
зьмітра,191
працоўная,191
абраньня,191
саксоніі,191
складанай,191
краем,191
сустракае,191
азэрбайджанскай,191
смалявіцкага,191
збірник,191
заклік,190
падаткі,190
пісалі,190
губэрню,190
перасякае,190
пушкін,190
прыватны,190
далейшага,190
пётра,190
практыка,190
мазырскай,190
ровэрз,190
фэдэральная,190
лютэр,190
памятны,190
родную,190
партыйны,190
тоны,190
электронны,190
акупаваная,190
прысутнічалі,190
выканаць,190
іхняя,190
англа,190
паштовай,190
азэрбайджане,190
варшаўскім,190
вушы,190
камэры,190
адмысловага,190
галосны,190
выпраменьваньне,190
інжынэраў,190
штата,190
афрыканскіх,190
заснаваньні,190
назірае,190
ўладаньне,190
шырокая,190
зялёным,190
уніяцкай,190
намесьнікаў,190
пяхотны,190
сул,190
стакгольму,190
кармэлітаў,189
інстытутаў,189
ростам,189
пр,189
города,189
шырыню,189
летні,189
дашкольная,189
пайсьці,189
прадалі,189
ставіліся,189
нарач,189
марская,189
паштовых,189
выпрабаваньняў,189
аварыі,189
экспазыцыі,189
індыйскі,189
электрычнага,189
адзінкай,189
камсамолу,189
выпускаць,189
прэзыдэнцкія,189
шчучынскі,189
пастаноўкі,189
выбарцаў,189
гэнры,189
дыялекце,189
квартал,189
атрыманых,189
выканаўчымі,189
зьмяшчала,189
падарожжы,188
вывезьлі,188
алімпійскага,188
ўжываюць,188
курган,188
падзялялася,188
вызначаюць,188
агінскіх,188
фундаваў,188
прагноз,188
збудаваньне,188
плюс,188
палёў,188
куба,188
загадзя,188
кватэру,188
пахавалі,188
пляцоўку,188
руская,188
сэрыяў,188
актыўнасьць,188
летуву,188
царкоўнаславянскай,188
талент,188
сангушка,188
парады,188
любові,188
родная,188
стаўкі,188
складанасьці,188
паляпшэньня,188
адваротным,188
лагойскі,188
вузы,188
ўзбраеньні,188
споры,188
паданьне,187
вежай,187
маршруты,187
кан,187
паэме,187
пакрыцьця,187
адкрытае,187
януша,187
полацкая,187
усевалад,187
прыватным,187
пародаў,187
пятром,187
хлопцы,187
ніякага,187
генры,187
сьцяна,187
нідэрляндзкія,187
натуральных,187
хлопец,187
студэнтам,187
пракурор,187
раніцы,187
урбан,187
крымінальныя,187
элізабэт,187
вяскоўцаў,187
конь,187
службаў,187
мікалаю,187
біскупаў,187
хлопчыкаў,187
журналістам,187
пахаваная,187
саксонія,187
перамагчы,187
энэргетык,187
сэвільля,187
масавае,187
прыёму,187
даходы,187
ну,187
суадносіны,187
шча,187
назоўнікі,186
складзеная,186
праводзіла,186
шляхецкай,186
праіснавала,186
патрабавалі,186
пілсудзкага,186
навакольлях,186
вераб,186
відах,186
прыстань,186
лёгкая,186
затрымалі,186
гарадзкое,186
драўляным,186
чэмпіянатах,186
пошты,186
войнах,186
пераважае,186
стужка,186
расстрэлу,186
граць,186
мэтру,186
коста,186
эндру,186
дыску,186
заклаў,186
запісе,186
фэсьце,186
мэдычнага,186
ўвагі,186
кілямэтры,186
кітайская,186
адных,186
сялец,186
націскам,186
распад,186
мэту,186
гулялі,186
люблінскага,186
хуткага,186
марскім,186
прэміяў,186
канстантынопальскага,186
хваста,186
афіцэра,186
дэталі,186
наміналам,186
улучаў,186
разводу,186
шасі,186
адзначаюць,185
клясычнага,185
падаць,185
султан,185
пабудову,185
сьнег,185
моста,185
агляду,185
мэдычнае,185
шчыта,185
зладзіў,185
ахвярам,185
фармаваньняў,185
ленін,185
порта,185
койданаў,185
валынскага,185
дыялектах,185
вугорцы,185
пасадах,185
загадзе,185
акадэмікі,185
кампутараў,185
студэнцкага,185
пэрыядам,185
недахоп,185
рэдактары,185
кампутара,185
міграцыі,185
стужкі,185
падручнікаў,185
старостам,185
добрую,185
валокі,185
памылак,185
увечары,185
імені,185
прагляду,185
нерухомасьці,185
сьветла,185
заняты,185
незадоўга,185
статыстыкі,185
саўгасу,185
вузаў,185
целаў,185
вагой,185
лясамі,185
намінаваны,185
перакрываецца,185
тэатраў,184
грэцка,184
абсэ,184
замежнага,184
манах,184
доўгай,184
жыдоўскага,184
дэталяў,184
лепель,184
нава,184
нацыяналістаў,184
заставацца,184
гатункі,184
русо,184
жывой,184
перанёс,184
канадзкі,184
уладзімерам,184
сьміт,184
нададзены,184
сацыяльнае,184
карткі,184
лекарам,184
карціне,184
мільярдаў,184
азначаць,184
камэдыя,184
ўзрост,184
фракцыі,184
зьдзецельскім,184
папярэдняй,184
казані,184
заключэньня,184
ісламу,184
кур,184
рыскага,184
выратаваць,184
склону,184
адстаўкі,184
кубы,184
вылучылі,184
татарстану,184
ведамства,184
бешанковіцкага,184
тэль,184
палтаўскай,184
канадзкія,184
хлебазапасная,184
батальёны,184
дбя,184
летапісы,183
выклікаюць,183
камэрцыйны,183
прафэсійна,183
кірунках,183
ракета,183
неўскага,183
сходы,183
няхай,183
архітэктарам,183
грэкі,183
багдана,183
паркі,183
турыстычны,183
прыгнёт,183
ул,183
музыкай,183
культур,183
самотнікі,183
кавалёў,183
міха,183
шарль,183
грэцкая,183
генэралам,183
мірнага,183
зацьвердзіла,183
раніцай,183
перадаецца,183
пашкевіч,183
каранёў,183
война,183
вугаль,183
узрост,183
інданэзіі,183
рамонту,183
ўзьнікаюць,183
ракетаў,183
бізантыйскай,183
сьвяткаваньня,183
чная,183
паходжаньні,183
сабака,183
сава,183
айрэс,183
злучаецца,183
вестак,183
вішнеўскі,183
паляваньня,183
зарэгістраваны,183
бешанковіцкім,183
зялёнай,183
шкі,183
карае,183
спрыялі,182
цьвёрдых,182
ларыса,182
тэкстах,182
саміх,182
звалі,182
масквой,182
насіць,182
люди,182
харкаў,182
імпэратарскай,182
паўлам,182
хаўрусьнікаў,182
сэрбы,182
перакладзены,182
ўдзельнікамі,182
гучыць,182
брусэль,182
бразыльскі,182
малюнкаў,182
лет,182
душа,182
радзівілам,182
набыцьця,182
прадпрыемстве,182
казаць,182
прыехалі,182
ме,182
удалося,182
газэтаў,182
абвінавачваньні,182
азія,182
актыўныя,182
зьняволеных,182
браціславе,182
яйкі,182
арбіты,182
разнастайнасьць,182
пазьнейшыя,182
цягніка,182
дэпутата,182
ток,182
судамі,182
тотэнгэм,182
мядзьведзь,181
дваранства,181
калёна,181
абласным,181
тканіны,181
ляжаць,181
тысячу,181
заняткаў,181
цяперашняй,181
інжынэра,181
кірункі,181
дуброўна,181
природа,181
тб,181
культурай,181
арганізацыях,181
выбару,181
рыгі,181
голасу,181
магістар,181
зразумець,181
вальтэр,181
загадваў,181
вясельле,181
помніку,181
руку,181
прызнаная,181
сьвяткаваньне,181
адмаўляецца,181
атэны,181
арганізаваць,181
рэжысэры,181
магазын,181
этнасу,181
праектам,181
ўчыненьне,181
абмежаваньняў,181
залатых,181
бізантыйскага,181
адпавядала,181
служыла,181
саха,181
прадпрымальнікамі,181
водныя,180
самаабароны,180
кінатэатар,180
дасьледчы,180
прысьвечаных,180
прарока,180
ніжняга,180
актывіст,180
бярэзіна,180
адсоткаў,180
далейшы,180
парэшткі,180
факультэты,180
праваслаўя,180
карлам,180
адкрытых,180
справядлівасьці,180
эвалюцыі,180
горнай,180
пасьведчаньне,180
родныя,180
узораў,180
названа,180
уладзімір,180
патрабаваў,180
іхніх,180
табліца,180
прыведзены,180
дзель,180
антанты,180
столінскім,180
саветам,180
карта,180
супернікаў,180
ўжываць,180
калёніяў,180
нарадзіла,180
бэ,180
вокнамі,180
завочна,180
расьліннасьці,180
гаспадарчай,180
экіпажу,180
фолк,180
патрон,180
тэлесэрыял,180
наўка,180
січня,180
стагоддзя,179
лацінская,179
валынь,179
правадыр,179
інфармацыйны,179
тэрытарыяльна,179
мужчынская,179
камісара,179
ўжывацца,179
вянок,179
ўмацаваньне,179
бітваў,179
пэдагагічным,179
рамёстваў,179
спартовай,179
працягласьці,179
панаваньне,179
ўнутраны,179
копія,179
джозэф,179
анджэлесе,179
юрка,179
рэспубліканская,179
рукамі,179
значэньняў,179
аякс,179
паведамляецца,179
тэксьце,179
бітву,179
забараніў,179
гарадзеншчыны,179
продажаў,179
сёньняшняга,179
славія,179
радовішчаў,179
галасаваньні,179
амбуляторыя,179
дзядзькі,179
клецкім,179
анімэ,179
пераехалі,179
адбор,179
падпарадкаваньні,179
кайзэраўскай,179
лу,179
паветранага,179
прыналежала,179
прапойскім,179
прасіў,178
менскам,178
надзвычайных,178
выяўленчага,178
мусяць,178
чыніць,178
археолягі,178
заяўку,178
кірыл,178
невялікае,178
найбуйнейшай,178
прызнаецца,178
аддаць,178
цікавыя,178
академии,178
пазначаны,178
варыянце,178
маладняк,178
въ,178
ўтрымліваюць,178
складаньне,178
факультэта,178
асобу,178
храме,178
смалявіцкім,178
пятніца,178
хлебазапасны,178
харвацкай,178
пераўтвораны,178
жана,178
абмежаваньня,178
пазыцыях,178
аўтаматычна,178
фінансаваньня,178
рабіла,178
палітычна,178
бельску,178
моцных,178
вытворчага,178
эстонскія,178
гамбург,178
лёду,178
індывідуальнымі,178
служби,178
вылучаліся,177
дэкрэтаў,177
завяршыў,177
салдаты,177
жытла,177
шкла,177
маяк,177
экспазыцыя,177
керамікі,177
вугорскае,177
кірыліцы,177
земскага,177
мацея,177
драматычнага,177
беспасьпяхова,177
быкаў,177
выбранае,177
яўхім,177
падляскае,177
дзесяцігодзьдзяў,177
аркушы,177
патрэбу,177
строй,177
дзеда,177
жыта,177
фізычная,177
прэтэнзіі,177
парлямэнтам,177
злучаны,177
памерах,177
алею,177
прапановаў,177
пасяджэньні,177
райт,177
выкананыя,177
камісіяй,177
выраблены,177
прыносіць,177
заваявала,177
сталіся,177
мартына,177
фасадаў,177
ресурсы,177
державної,177
тагачасны,176
паданьні,176
сфэра,176
таксі,176
філёляг,176
камандаю,176
познань,176
ганс,176
машынабудаваньня,176
акцыянэрнае,176
духоўныя,176
адпачынак,176
тамара,176
псыхалёгіі,176
астроўскі,176
доўжылася,176
дачыненьняў,176
артура,176
шосты,176
сыгнал,176
выкарыстаныя,176
палічцы,176
мэр,176
багаслоўя,176
сталін,176
дэкрэт,176
фрэнк,176
паходзіла,176
сьцяне,176
ням,176
распараджэньне,176
дзевы,176
завяршэньня,176
ўрэшце,176
гданьску,176
іхняе,176
буры,176
інтэграцыі,176
ўведзеныя,176
абараніць,176
акругах,176
бруна,176
іхняй,176
летувіскае,176
быхаўскім,176
коле,176
падгрупы,176
клясычным,176
ўладальніка,176
ноччу,176
описание,176
флярэнцыі,176
аддзяленьняў,176
альбіён,176
дэпартамэнце,176
іўеўскі,176
чс,176
пастаноў,176
дакладная,175
будынках,175
асуджаныя,175
вытворцам,175
славянскае,175
ўнутраныя,175
аўстрыйскага,175
анджэй,175
кіпру,175
баляслаў,175
абхазіі,175
ёзна,175
альбоме,175
катастрофа,175
чвэрць,175
мужчынскую,175
афармленьне,175
смаргонскі,175
хэльсынкі,175
віленскіх,175
духоўных,175
амсьціслаўскі,175
йскі,175
дэні,175
карэліцкім,175
забалочаныя,175
пачынаюцца,175
стаўпецкім,175
дэманстрацыі,175
адзначаюцца,175
пастаноўка,175
жабінкаўскім,175
тычыцца,175
правёўшы,175
прыпынку,175
супадае,175
апісваецца,175
цяжкім,175
меншыя,175
сумеснага,175
падпісаўшы,175
сборник,175
рэйнджарз,175
расенскі,175
чисельність,175
наявного,175
даних,175
халодная,174
князямі,174
швэды,174
лічыліся,174
варыянту,174
мастоў,174
ваяводзтваў,174
фэрдынанда,174
судовага,174
паведамлялася,174
вадароду,174
землятрус,174
аднымі,174
валодала,174
пачуцьцё,174
шэксьпіра,174
стасункаў,174
траціны,174
ркп,174
пагадненьняў,174
гітлера,174
крымскіх,174
парушэньнем,174
наданьня,174
балтыйскіх,174
дадзеная,174
прадугледжвала,174
газа,174
дакладней,174
вароты,174
рэклямы,174
ўключала,174
вугорцаў,174
каня,174
езду,174
суседнія,174
лац,174
балтыйскім,174
ўнівэрсытэта,174
лэну,174
арыштаваныя,173
прамысловага,173
спрабуюць,173
параненых,173
пісьменнасьці,173
этнаграфічны,173
айца,173
ватыкан,173
мэце,173
забароненая,173
абмеркаваньня,173
этэры,173
шамякін,173
арабскія,173
тэме,173
гэтаксама,173
каменнага,173
друкавацца,173
лацінкай,173
катэдральны,173
праграм,173
хмызьняком,173
грузінская,173
захаваньні,173
канвэнцыі,173
краснапольскага,173
радовішча,173
акіяніі,173
славяне,173
змагаліся,173
бульба,173
тэрміналёгія,173
лічачы,173
аўтамабіля,173
сш,173
цьвярской,173
бітвах,173
радавод,173
тытулы,173
