word,count
на,259330
года,122124
да,110375
годзе,86218
па,82017
ад,66556
за,64951
аб,61262
быў,56661
не,55007
што,52402
таксама,47300
для,47167
спасылкі,47034
яго,45330
вобласці,44953
беларусі,44134
раёна,42591
як,42260
пасля,37958
вёска,37307
раёне,36237
склад,35615
км,35515
які,33554
якія,33172
была,29921
ён,28412
літаратура,27565
былі,27065
пункты,26796
пры,26675
населеныя,26526
насельніцтва,26442
год,25917
пад,25002
іх,24754
сельсавета,24590
але,23728
уваходзіць,23271
было,20801
каля,20764
якая,19588
час,19517
беларусь,19502
гісторыя,19274
гэта,18365
вайны,18133
яе,17804
пра,17741
рэспублікі,17469
або,17455
паводле,17015
толькі,16899
чалавек,16651
гадоў,16424
больш,16126
складзе,15724
дзе,15519
сельсавет,15479
беларускі,15475
калі,15081
яўляецца,14808
ст,14588
тым,14541
гэты,14502
гл,14128
ссср,13910
горад,13895
гадах,13810
бсср,13760
аднак,13677
са,13558
ва,13552
стаў,13494
ці,13139
беларускай,13036
стагоддзя,12894
імя,12759
зша,12666
расіі,12578
паміж,12560
украіны,12429
цэнтр,12312
горада,12208
праз,12021
знаходзіцца,11661
гады,11656
тэрыторыі,11636
яна,11451
студзеня,11202
яны,11141
ліпеня,11095
раён,11072
спіс,11067
сузор,10813
падчас,10731
нар,10716
таго,10493
складае,10375
гг,10371
адзін,10244
інш,10180
жыхароў,10166
кастрычніка,10106
пачатку,10105
якіх,10061
іншыя,10003
біяграфія,10000
так,9980
ектаў,9940
разам,9672
мая,9619
ігракі,9595
гэтага,9509
іншых,9427
снежня,9330
мінск,9301
мае,9254
сакавіка,9248
базе,9228
чэрвеня,9201
жніўня,9155
верасня,9127
якой,9054
вобласць,9031
сярод,8926
фк,8898
вялікай,8836
мн,8809
павета,8778
яшчэ,8718
га,8683
атрымаў,8662
гэтым,8567
чал,8565
працы,8410
супраць,8388
месца,8364
стала,8347
навук,8292
над,8221
выніку,8140
пазней,8112
новы,8106
вёскі,8041
ім,8037
мовы,7972
гісторыі,7849
красавіка,7846
культуры,7837
лютага,7827
некалькі,7813
лістапада,7785
частка,7783
той,7692
віцебскай,7632
ракі,7602
галактыка,7587
першы,7562
ліку,7540
сям,7510
каб,7437
плошча,7421
свету,7356
польшчы,7324
екты,7297
імперыі,7279
першай,7260
тыпу,7244
ект,7242
назва,7240
савета,7223
мінскай,7178
якога,7168
працаваў,7067
размешчаны,7034
жа,6979
царква,6966
тыс,6919
возера,6912
краіны,6859
беларускага,6859
рэдакцыі,6817
колькасць,6815
сусветнай,6739
два,6649
лік,6561
саюза,6543
айчыннай,6477
каталога,6470
можа,6447
новым,6427
арыгінальнай,6406
беларуская,6400
новага,6364
адным,6346
часу,6338
вядомыя,6319
другой,6307
скончыў,6241
якім,6213
таму,6197
расійскай,6196
дзеяч,6161
перыяд,6090
арміі,6088
маюць,6051
права,6046
вельмі,5976
чынам,5953
сваёй,5876
тут,5850
акадэміі,5849
германіі,5842
агульным,5808
гэтай,5773
гарады,5760
найбольш,5753
якое,5721
сваю,5719
вялікага,5693
якасці,5678
частцы,5595
дзяржаўны,5557
канцы,5547
напрыклад,5545
італіі,5501
дзень,5499
мастацтва,5491
тры,5464
розных,5444
свайго,5442
францыі,5439
цяпер,5417
горадзе,5401
акрамя,5390
працягу,5389
дадзеных,5346
дзяржавы,5309
партыі,5283
без,5255
сувязі,5253
быць,5236
мове,5229
двароў,5227
ваяводства,5182
каталогу,5172
арыгінальным,5164
аляксандр,5162
назву,5131
мінску,5112
яму,5092
сайт,5085
асобы,5075
часам,5062
каталог,5048
чым,5027
можна,4977
жыцця,4974
прэміі,4971
еўропы,4956
даўжыня,4944
зямлі,4922
ўсход,4917
лічыцца,4893
заходняй,4891
адміністрацыйны,4885
дзейнасць,4879
нарадзіўся,4871
член,4858
першым,4817
затым,4805
некаторыя,4776
вялікі,4760
правінцыі,4753
агульны,4747
сябе,4745
амаль,4729
смерці,4729
стагоддзі,4718
захад,4701
пералічаных,4693
лініі,4679
царквы,4648
ўваходзіла,4642
яўляюцца,4638
займае,4633
сын,4627
гродзенскай,4618
станцыі,4606
арганізацыі,4597
члены,4588
гміны,4574
генерал,4554
двух,4537
ўніверсітэта,4522
адной,4515
паўночнай,4510
мора,4504
будынак,4500
жыхары,4498
агульнага,4449
усе,4448
музей,4448
боку,4443
таварыства,4429
звычайна,4425
часткі,4418
такім,4407
месцы,4401
аўтар,4385
інстытут,4371
дом,4340
нацыянальнага,4335
адкрытыя,4328
акругі,4318
княства,4315
вядомы,4306
сваіх,4302
размешчана,4296
групы,4293
ёсць,4267
дэ,4235
маці,4233
астранамічныя,4220
чэмпіянату,4205
падзеі,4185
апісанне,4181
меў,4154
ўсіх,4136
нарадзіліся,4136
перад,4129
явіліся,4128
сістэмы,4122
мова,4116
код,4114
гонар,4113
нават,4104
шчыльнасць,4099
вуліцы,4096
адміністрацыйна,4090
гэтыя,4071
ер,4067
канца,4061
пачаў,4056
пасёлак,4046
пераважна,4037
см,4031
нацыянальнай,4028
сталі,4023
шмат,4012
літаратуры,4007
сабой,4002
кар,3995
паселішча,3990
чалавека,3987
будаўніцтва,3984
клуб,3978
ўжо,3962
згодна,3962
месье,3946
дзяржаўнага,3941
сямейства,3934
часта,3933
ёй,3917
кароль,3916
магілёўскай,3897
святога,3879
польскай,3862
чаго,3850
помнік,3843
школы,3840
руху,3840
губерні,3835
геаграфія,3831
тое,3828
караля,3821
адна,3820
сваім,3814
аднаго,3811
зноў,3809
інстытута,3809
уладзімір,3806
рака,3804
творы,3800
афіцыйны,3792
бо,3782
складаецца,3776
прэм,3740
поўначы,3736
мінска,3729
мастак,3722
сельсаветы,3719
ўсё,3700
інфармацыя,3694
энцыклапедыя,3689
род,3688
тэрыторыя,3672
вуліца,3670
гарадскога,3654
свае,3653
паўночны,3646
млн,3639
памёр,3626
минск,3610
ўсе,3608
галоўны,3606
вялікабрытаніі,3603
першыя,3601
сайце,3592
галоўным,3589
дзве,3588
роду,3577
могуць,3549
раней,3546
асабліва,3545
відаў,3543
плошчу,3539
ступені,3538
другі,3525
захадзе,3524
свой,3522
потым,3513
беларускіх,3513
асноўным,3511
паўднёвы,3497
менш,3497
школа,3487
гэтых,3486
вялікая,3475
размяшчаецца,3466
прэзідэнта,3461
сср,3456
вярхоўнага,3450
створаны,3446
то,3442
раслін,3424
жыццё,3421
заснаваны,3416
гомельскай,3411
мм,3402
літоўскага,3392
войскі,3378
кнігі,3371
перапісу,3368
трох,3352
цэнтральнай,3352
раз,3347
першая,3345
некаторых,3329
хоць,3319
атрымала,3315
большасць,3314
святы,3313
цалкам,3312
вёсцы,3310
людзей,3308
ужо,3294
тысяч,3291
касцёл,3270
частку,3268
пабудаваны,3253
паверхні,3248
савецкага,3245
брэсцкай,3245
камуны,3244
зборнай,3241
сельскай,3224
абазначэнні,3222
прафесар,3205
памерлі,3201
краін,3197
свята,3197
асноўныя,3191
базы,3190
там,3184
сяло,3175
рэчы,3175
кіравання,3162
гульні,3162
цэнтры,3160
аснове,3147
дзяржаўнай,3130
свеце,3128
паўднёвай,3127
рэгіёне,3124
народнай,3114
дзякуючы,3104
адукацыі,3055
цела,3053
колькасці,3044
дзяцей,3036
прызначаны,3035
шэраг,3027
склікання,3027
нямецкай,3026
ордэна,3025
востраў,3022
дзейнасці,3020
рэкі,3017
якую,3016
мікалай,3013
паспалітай,3008
камуна,3005
развіцця,3001
еўропе,2997
абароны,2994
іншымі,2991
мінскага,2988
від,2985
пасаду,2985
архітэктуры,2985
цэнтрам,2970
пачатак,2970
выглядзе,2965
войскаў,2962
поўдзень,2949
часткай,2936
галіне,2934
кампаніі,2929
ролю,2914
жанчын,2907
мела,2901
будзе,2897
слова,2894
адзінка,2889
астравы,2885
нацыянальны,2880
сілы,2879
савецкай,2876
прыкладна,2874
тады,2872
рускай,2872
плошчы,2868
ўдзел,2861
неўзабаве,2858
камітэта,2841
упершыню,2833
першага,2832
савецкі,2822
справочник,2822
вады,2816
група,2814
архітэктары,2802
прэзідэнт,2797
пісьменнік,2792
сіл,2784
ера,2782
мелі,2765
сам,2762
ліпені,2761
назвы,2756
вайну,2756
выкарыстоўваецца,2754
узнагароды,2753
нягледзячы,2752
ўніверсітэт,2752
пункта,2747
спачатку,2747
алімпійскіх,2744
вайна,2734
поўдні,2729
значэнне,2726
архітэктар,2713
сістэма,2712
міністэрства,2711
ордэн,2708
храм,2706
розныя,2704
прадстаўнікоў,2703
культура,2702
удзел,2701
войска,2694
клуба,2686
творчасць,2682
японіі,2680
складала,2665
верасні,2658
ектах,2656
многія,2651
вярнуўся,2650
вядома,2649
адкрыты,2649
князя,2647
літвы,2646
азіі,2645
фільмы,2643
санкт,2639
паэт,2632
формы,2628
расліны,2628
двары,2627
станцыя,2625
віды,2623
памяць,2623
гарадоў,2617
іван,2610
храмы,2605
фільм,2594
пакінуў,2593
доктар,2592
знаходзяцца,2590
амерыканскі,2590
статус,2586
гаспадаркі,2579
спраў,2579
старонка,2576
аляксандра,2573
старшыня,2571
знаходзіўся,2568
вайне,2567
новай,2567
пункт,2564
славутасці,2564
гісторыка,2559
пражывалі,2557
адначасова,2553
індэкснага,2549
ян,2549
каманды,2545
правераная,2544
беразе,2538
мужчын,2534
мову,2532
студзені,2531
некалькіх,2524
сакавіку,2523
такія,2515
вытворчасці,2507
песні,2506
матчы,2504
пачалі,2501
поўнач,2486
стылі,2483
менавіта,2483
дапамогай,2481
цэнтра,2477
герой,2476
працу,2475
цк,2472
значна,2470
англіі,2466
жніўні,2465
паўднёва,2465
метраў,2458
тэатра,2457
такіх,2455
дэпутаты,2455
магчыма,2454
удзельнікі,2454
тэрмін,2450
вялікія,2437
мяжы,2436
ан,2436
дзён,2433
стагоддзе,2428
войскамі,2422
палове,2419
музея,2413
факультэт,2410
выступаў,2407
чале,2405
паўночна,2402
самым,2401
пісьменнікі,2399
старшыні,2397
армія,2393
пам,2390
вялікую,2389
віленскага,2389
міністр,2386
індэкс,2385
смаленскай,2373
алфавіта,2368
самых,2357
футболе,2351
стварэння,2349
населенага,2347
чырвонай,2346
вул,2346
кіраўнік,2341
чатыры,2340
назвай,2335
праект,2334
прыток,2333
вкл,2326
стст,2324
ні,2324
улады,2320
паўночным,2316
афіцыйная,2314
выпадку,2312
цэнтру,2312
развіццё,2311
створана,2308
мэтай,2307
адбылося,2302
саюз,2297
другога,2294
сельскага,2294
падпарадкоўваецца,2294
мастацтваў,2293
першапачаткова,2291
футбаліст,2291
вакол,2290
агульная,2283
паштовы,2282
замежных,2276
пунктаў,2276
заступнікам,2274
прозвішча,2273
сяргей,2273
твораў,2271
каралеўства,2270
першую,2267
бітвы,2263
князь,2262
ўлады,2261
тэорыі,2259
газеты,2255
прыватнасці,2254
збудаванні,2254
момант,2252
хто,2250
існуе,2248
швецыі,2245
стане,2245
знаходзілася,2245
вялікім,2239
моў,2230
замак,2225
вучылішча,2224
атрымалі,2221
усяго,2219
першых,2215
міхаіл,2215
тэлефонны,2215
іспаніі,2205
адбыўся,2202
вучыўся,2200
часы,2197
ля,2192
кіраўніцтвам,2190
бацька,2189
усіх,2188
сярэдняя,2185
станам,2184
межах,2183
рашэнне,2181
расія,2179
сцяг,2179
тэрытарыяльная,2178
воласці,2178
св,2177
правы,2175
жанчыны,2175
новыя,2172
сядзіба,2167
снежні,2166
азёры,2161
ваеннай,2161
музеі,2160
адміністрацыйнаму,2159
імі,2158
адбылася,2156
утвораны,2154
навукова,2153
бок,2152
паходжання,2150
жыў,2148
паўднёвым,2146
альбо,2139
бібліятэка,2138
нью,2138
апошні,2135
лютым,2135
кніга,2132
палац,2128
перайшоў,2117
сучаснай,2115
бацькі,2115
архітэктура,2114
галоўнага,2114
удзельнік,2114
рух,2114
выйшаў,2111
сходу,2106
гэтая,2105
другім,2094
абшчыны,2093
прыняў,2086
галерэя,2084
навукі,2084
амерыкі,2082
астравоў,2077
шырыня,2076
вострава,2074
рацэ,2073
дня,2073
населеных,2070
тых,2070
рэспубліка,2069
паколькі,2068
кафедры,2064
рэвалюцыі,2059
чэрвені,2054
гульняў,2050
новая,2041
крыніцы,2040
белэн,2040
часоў,2030
басейн,2029
інстытуце,2028
намеснік,2027
вышынёй,2026
расійскі,2025
беларускія,2020
фон,2020
абраны,2017
лаўрэаты,2016
паўстання,2015
загінулі,2011
венгрыі,2007
жонка,2003
іванавіч,2002
сына,1989
чалавекі,1987
прамысловасці,1986
краіне,1982
партыя,1979
медаль,1977
гарадской,1976
званне,1975
будынкі,1973
казахстана,1972
сезоне,1970
становішча,1968
аддзялення,1967
універсітэце,1959
побач,1957
комплекс,1955
савет,1954
пахаваны,1954
сярэдзіне,1954
ваенных,1952
наук,1949
завод,1949
палітыкі,1943
лаўрэат,1942
усходняй,1942
андрэй,1941
маскве,1940
ваенны,1939
гродна,1935
лігі,1932
сваё,1932
чыгункі,1931
многіх,1928
кантракт,1928
вершы,1928
хутка,1928
міністра,1925
навуковых,1924
кн,1921
былыя,1921
палітычны,1920
чэмпіён,1919
пётр,1919
сезона,1916
масква,1914
кастрычніку,1913
шэрагу,1911
французскі,1909
сярэдняй,1908
ўсходзе,1901
пабудавана,1899
бду,1899
выпускнікі,1895
жывёл,1892
акупацыяй,1891
вільні,1888
школу,1885
кожны,1882
федэрацыі,1880
былая,1878
найбольшая,1877
дзяржаў,1875
сан,1874
спіральная,1872
магчымасць,1871
імператара,1868
беларускім,1866
добра,1865
значыць,1865
людзі,1862
усходзе,1859
новых,1857
спорту,1857
членам,1857
гісторык,1850
кубка,1850
няма,1849
аперацыі,1847
рсфср,1846
замест,1845
перыяду,1845
наступныя,1841
сонца,1840
самы,1839
прэмія,1836
народа,1836
нямецкі,1836
усё,1835
административно,1834
дні,1833
незалежнасці,1833
устройство,1831
заслужаны,1831
пачынаецца,1830
сем,1830
выданне,1829
ваенна,1827
гульнях,1826
грэцыі,1824
территориальное,1823
колеру,1821
грамадства,1821
даведнік,1820
яўляўся,1816
школе,1816
раман,1815
членаў,1815
адразу,1811
ліст,1808
раёны,1807
міністраў,1803
сяла,1799
кніг,1799
адносіны,1797
вышэйшай,1795
стварэнне,1794
аддзела,1794
далей,1789
кампанія,1787
павет,1785
двор,1784
аль,1784
лісце,1782
марыя,1782
беларускую,1780
першае,1779
вызвалена,1776
былы,1772
апошнія,1772
народаў,1769
тэатр,1769
адносна,1769
ўрад,1768
цяперашні,1764
аховы,1764
камісіі,1763
могілках,1762
леніна,1761
рэдкал,1760
парк,1760
аграгарадок,1759
сезон,1751
прычыны,1749
вучоны,1748
польскі,1745
правёў,1745
будынка,1745
моцна,1743
выкарыстанне,1742
мы,1740
агульнай,1739
ўрада,1738
другая,1737
іл,1736
краінах,1736
афіцыйна,1735
свет,1734
працавала,1732
паходжанне,1727
паўночнага,1726
сабе,1725
дзяржава,1725
помнікі,1724
працуе,1724
мастакі,1724
удзельнічаў,1723
дынастыі,1723
перамогі,1723
землі,1723
імператар,1722
фронту,1721
прадстаўнікі,1721
рады,1718
шматлікія,1716
ўсёй,1715
раёнаў,1715
павеце,1715
ўпершыню,1713
канец,1712
камп,1710
прац,1710
павел,1709
плане,1709
марыі,1706
зноскі,1705
французскай,1705
знак,1703
шырока,1702
ред,1701
музыкі,1700
мясцовых,1695
дэпутатаў,1690
сяле,1688
праходзіць,1687
звесткі,1685
напрамку,1684
мноства,1684
экз,1676
уладальнік,1673
адпаведнасці,1670
служыў,1669
грамадзянскай,1665
заснавана,1663
разоў,1661
кіраўніцтва,1661
по,1660
народная,1659
вышыні,1658
польскага,1657
даследаванні,1656
рэд,1652
футбалісты,1652
дасягненні,1651
дынама,1650
кп,1649
часткова,1648
названы,1647
арганізацыя,1646
наш,1646
выйшла,1645
рымскай,1642
востраве,1640
сакратар,1638
вёску,1637
герб,1636
даволі,1634
чэмпіянат,1632
серыі,1632
турніру,1630
чаргу,1630
сталіцы,1627
храма,1627
праца,1627
падзей,1626
скасаваны,1625
дачка,1624
маі,1624
практычна,1623
красавіку,1622
узнагароджаны,1621
адбываецца,1621
германія,1618
леў,1615
зрабіў,1614
заўвагі,1611
вышыня,1609
тытул,1607
пачала,1605
тыя,1605
павінна,1602
трэці,1602
ваенныя,1601
бяспекі,1600
сабор,1600
зоркі,1599
вялікіх,1599
ўсяго,1599
паэты,1595
яно,1594
даследаванняў,1591
альбом,1589
тэрыторыю,1588
мінская,1587
стагоддзяў,1585
чыгуначнай,1579
міжнароднага,1578
чатырох,1577
расліна,1576
індыі,1573
працэс,1573
корпус,1572
шлях,1568
павінны,1563
шляхам,1563
карл,1561
напісаў,1560
значэння,1560
змены,1559
брат,1558
праваслаўныя,1558
чэмпіёны,1558
падпісаў,1555
службы,1554
дзеянняў,1553
пашкоў,1553
мястэчка,1552
правіла,1547
кпсс,1545
творчасці,1540
англійскай,1539
васіль,1538
пераможца,1536
асноўнай,1532
парадку,1531
знаходзіліся,1529
версіі,1527
акцёр,1525
мужчыны,1524
існавала,1524
імперыя,1523
паходзіць,1521
дзеянні,1521
беларусаў,1519
вялікае,1519
гуляў,1517
аўстраліі,1515
пятра,1514
маглі,1514
явілася,1513
інфармацыі,1512
лістападзе,1510
газета,1510
зацьменне,1509
лікам,1508
гісторыю,1508
маскоўскага,1507
павінен,1506
заканчэння,1503
ўплыў,1503
чырвонага,1503
гістарычных,1500
мог,1499
мікалая,1498
дома,1498
адрозненне,1497
будынку,1497
займаў,1496
часцей,1495
палаты,1495
незалежнасць,1494
ём,1492
вытворчасць,1492
нобелеўскай,1490
аўстрыі,1489
пасады,1489
ката,1486
адкрыта,1485
беларусы,1483
згадваецца,1483
пачалася,1482
зорка,1480
аан,1479
складу,1478
чэмпіянаце,1478
далучана,1477
пяць,1477
каралём,1476
лізе,1475
дынаміка,1473
сёння,1472
статыстыка,1472
кіраваў,1472
трэба,1471
спадчыны,1470
віктар,1468
адзіны,1466
займаўся,1466
народны,1464
захаваліся,1463
большасці,1463
институт,1462
касцёла,1462
кіно,1460
матэрыялы,1459
академии,1459
асноўных,1459
аддзяленне,1459
постаці,1458
палітычных,1458
фізікі,1458
эканоміка,1457
фактычна,1456
кошт,1455
належыць,1455
украіне,1453
сцяга,1453
адпаведна,1452
закон,1451
сустракаецца,1450
латвіі,1449
праваслаўнай,1449
арменіі,1448
юрый,1447
выбарах,1447
яднання,1445
энциклопедия,1444
флора,1444
ды,1444
актыўна,1444
сярэдзіны,1443
характар,1443
баку,1441
зборнік,1441
при,1441
стан,1440
афрыкі,1440
каманда,1439
класа,1436
перададзены,1432
вынікі,1431
дырэктар,1430
гміне,1430
еры,1429
замка,1428
ўсім,1427
шматлікіх,1425
нараджэння,1424
бітве,1423
ніжэй,1420
францыя,1418
палітык,1417
даных,1416
герцаг,1416
раёнах,1416
падзелу,1414
форме,1413
пазіцыі,1413
функцыі,1412
даўжынёй,1411
утвораныя,1411
пісаў,1411
стварыў,1406
басейне,1405
савецкіх,1404
ўсходняй,1404
праграмы,1403
асоб,1401
становіцца,1400
асаблівасці,1399
дрэва,1398
артыкулы,1398
народнага,1397
пакуль,1396
думку,1396
фіналу,1395
работы,1395
выкарыстоўваюцца,1395
камітэт,1394
суд,1394
іншага,1393
карла,1393
кітая,1392
прэзідэнтам,1391
праблемы,1390
польшча,1390
падзелена,1389
справа,1388
гурта,1388
службу,1387
кветкі,1386
грамадскі,1384
рэк,1382
месцаў,1382
вышэй,1381
абвясціў,1381
жыцці,1379
народы,1376
история,1375
імем,1374
республики,1374
азёр,1373
гомель,1373
навуковай,1373
эпохі,1373
героя,1373
традыцыі,1372
сучаснага,1370
ўвайшла,1369
ўваходзіць,1368
эстоніі,1368
эканомікі,1368
маёнтак,1366
рэдактар,1366
віцебская,1364
жыве,1364
бібліятэкі,1364
дзяржаўная,1363
рэжысёр,1363
адносіцца,1363
віцебскага,1362
ордэнам,1362
наступным,1361
граф,1361
мікалаевіч,1361
сацыялістычнай,1361
асобныя,1361
верагодна,1358
навуковая,1357
изд,1355
заходняга,1354
паўднёвага,1354
ходзе,1351
рускі,1350
дывізіі,1350
палітыка,1350
небудзь,1349
радыё,1348
летніх,1348
прыроды,1347
адно,1347
сучасных,1343
інтэр,1343
паступова,1343
называюць,1343
педагог,1341
навуковыя,1341
прынята,1341
пераклад,1340
паўстанне,1339
турцыі,1338
атрад,1338
мастакоў,1338
тэмпература,1337
кіраванне,1336
штат,1335
рок,1334
падзел,1334
будынкаў,1334
звязана,1334
акіяна,1334
памяці,1332
мовах,1332
вымушаны,1332
барацьбы,1331
мастака,1329
носьбіты,1329
пачалося,1327
рамках,1327
купалы,1326
праекта,1325
міжнародных,1324
рускія,1324
гістарычныя,1321
арганізацый,1320
паступіў,1320
трэцяй,1319
бітва,1318
кіраўніком,1318
прадстаўлены,1318
адміністрацыі,1317
дэмаграфія,1317
пісьменнікаў,1315
намеснікам,1315
міжнароднай,1314
мясцовага,1314
мінскім,1314
ролі,1314
фінляндыі,1312
меры,1312
палка,1312
прадпрыемства,1312
арыштаваны,1311
езда,1311
уладзіміра,1310
рэспубліцы,1309
фільма,1308
каталіцкай,1308
фізіка,1308
украіна,1306
большая,1306
літоўскай,1305
заўсёды,1305
гурт,1304
буйных,1304
гміна,1303
перамогу,1303
философии,1301
сістэме,1301
выбары,1300
міністры,1299
клімат,1298
палітычнай,1298
кіраўнікі,1296
пачынаючы,1295
дзяржаўным,1295
рэшткі,1294
захаду,1293
трэнеры,1291
дазваляе,1290
доўгі,1287
гары,1287
старшынёй,1287
мінскі,1287
бакоў,1285
лінія,1285
галоўнай,1285
навучання,1284
доме,1284
раённага,1282
праходзіў,1280
пасёлка,1279
жонкі,1279
зараз,1279
адну,1278
элементы,1276
кнігу,1274
пытанні,1273
асобных,1272
загадчык,1270
сродкі,1270
зямля,1269
спадчына,1266
міжнародны,1264
заходнім,1264
загінуў,1263
літоўскі,1263
нацыянальная,1262
форма,1261
карціны,1261
здароўя,1260
івана,1260
ес,1260
джон,1259
львоўскай,1255
мясцовасці,1253
хутар,1253
расійская,1252
гарадах,1252
кіеўскай,1251
жывуць,1250
чэхіі,1247
пачаўся,1247
факультэта,1247
заняў,1244
заходняя,1244
граматай,1243
сталіца,1241
марк,1241
матэрыялаў,1241
горы,1240
залаты,1239
пастановай,1238
далучыўся,1238
існавання,1238
залежнасці,1236
віцебск,1236
іншым,1236
аляксей,1235
сродкаў,1235
двума,1235
выкладчыкі,1234
др,1233
дзвюх,1232
існуюць,1231
слоў,1230
жывёлы,1228
прасторы,1226
сустракаюцца,1225
студэнтаў,1222
асноўны,1222
управление,1220
гімназіі,1220
лічыць,1220
ганна,1219
святой,1215
дзяржаўных,1215
колер,1214
нан,1213
сельсавеце,1212
вядомая,1212
корпуса,1210
министров,1208
уладай,1206
пытанне,1205
выніках,1204
нацыянальным,1203
вядомых,1202
край,1202
камандзір,1202
вежы,1202
сістэму,1201
захавалася,1200
рымскі,1200
наступны,1199
самай,1199
лясы,1197
ўзроўню,1195
дэбютаваў,1195
гара,1194
полацкага,1193
беларускае,1191
сялян,1191
вызвалення,1190
сярэдні,1190
справы,1190
звязаны,1188
сумесна,1188
начальнік,1187
главное,1186
стары,1186
яднанне,1186
двойчы,1185
уключаючы,1185
канстытуцыі,1185
дагавор,1185
архивное,1184
англійскі,1184
марка,1183
кг,1183
совете,1183
ла,1183
іншай,1183
сур,1182
былога,1181
анатоль,1180
смерць,1180
працаваць,1179
палітычныя,1179
брэсцкага,1178
памеры,1176
тэорыя,1176
заявіў,1175
дзеці,1173
знойдзены,1173
артыкул,1173
маскоўскай,1171
кантроль,1171
мастацкі,1170
епархіі,1169
працавалі,1168
адкрыццё,1168
суда,1168
іграком,1166
паўночная,1166
выкарыстання,1165
белы,1165
віцэ,1165
віленскай,1165
чырвоны,1165
войны,1165
атрымаць,1164
края,1164
фронт,1162
яў,1162
беларуси,1161
філасофіі,1160
называецца,1160
абласнога,1160
шляху,1160
склаў,1159
поле,1158
сістэм,1158
явіўся,1156
навука,1156
полі,1155
аўстра,1155
помнікаў,1155
стварэнні,1155
поля,1154
часопіса,1153
збор,1153
прычым,1153
месяцаў,1152
міхайлавіч,1152
пасадзе,1152
справе,1151
распаўсюджаны,1151
такі,1150
абодва,1150
трэцяга,1149
ваеннага,1149
заснаваў,1149
дзмітрый,1149
дамоў,1149
матч,1148
малая,1147
старажытных,1147
карты,1147
чыгуначная,1146
часе,1146
чарнігаўскай,1145
прадстаўнік,1145
аляксандравіч,1144
баявых,1142
сваімі,1141
забіты,1141
цэнтральнага,1141
іншае,1139
складаюць,1139
узброеных,1138
міжнародная,1137
ступень,1137
мовай,1137
асновы,1136
прэзідыума,1136
элементаў,1134
тэатры,1134
устаноў,1134
адукацыю,1134
існаванне,1133
прызёр,1132
еру,1132
оперы,1131
рускага,1131
буйныя,1130
расце,1130
форму,1130
часопіс,1130
апроч,1129
кіраўніка,1129
жылі,1128
даў,1127
кампазітар,1127
еўрапейскай,1127
парку,1127
птушак,1126
бы,1125
кандыдат,1124
работ,1123
салдат,1121
песня,1120
паўднёвая,1119
віду,1119
баі,1119
музыка,1118
энергіі,1118
адносяцца,1117
словы,1113
працягласць,1112
метрапалітэна,1112
народных,1111
прымаў,1110
прыняты,1109
выйграў,1108
перамог,1108
генрых,1108
велічыні,1108
ісуса,1108
дзеля,1107
тэкст,1105
зборную,1105
прывяло,1105
скончыла,1104
мадэлі,1104
артыкулаў,1103
азначае,1101
сувязь,1101
трэнер,1100
дапамогу,1100
вадазбору,1100
цар,1098
экспедыцыі,1097
ўключае,1097
паветра,1096
брэст,1095
сабора,1095
кіраўнікоў,1093
гістарычны,1093
хрысціянства,1093
папа,1092
міру,1092
маса,1092
канферэнцыі,1091
палаца,1091
сад,1091
мост,1090
русі,1090
божай,1089
груп,1089
паловы,1088
ўвайшлі,1087
медалём,1086
паўла,1086
паэзіі,1086
месцах,1084
турніры,1084
структуры,1083
станіслаў,1082
савецкая,1080
масквы,1079
выбараў,1074
краіна,1072
гродзенскага,1072
адносінах,1072
сцены,1071
лейтэнант,1070
штата,1070
тэмпературы,1070
ўстановы,1069
зямлю,1069
канстанцін,1068
зброі,1068
выкладаў,1068
царства,1068
універсітэт,1067
падтрымку,1066
старажытнай,1066
правядзення,1066
міжнародныя,1065
універсітэта,1064
органаў,1064
царкве,1064
астатнія,1063
манастыр,1062
кірунку,1061
турнір,1061
асноўная,1061
варта,1061
гарадскі,1061
здолеў,1061
кнізе,1060
проста,1059
ніколі,1057
еўрапейскіх,1056
карысць,1056
магілёўскага,1056
баях,1056
штаба,1055
тэхнікі,1055
коласа,1054
сірыі,1054
брата,1053
сербіі,1053
назваў,1053
перайменаваны,1052
ўзбярэжжа,1052
святых,1051
пабудовы,1051
ўяўляе,1048
дае,1048
большай,1048
ўзросце,1045
майстар,1044
магілёў,1044
ігар,1043
старажытнага,1043
крыж,1043
во,1041
акруга,1041
грамадзян,1041
акадэмія,1041
адукацыя,1041
азербайджана,1040
мільёнаў,1040
песень,1040
урад,1038
паблізу,1038
перадачы,1037
ідзе,1036
бразіліі,1035
пасёлкі,1035
штаб,1035
ідэі,1034
цара,1033
літоўскім,1031
канчаткова,1031
страты,1030
правоў,1030
сучасны,1030
летам,1030
парыжы,1028
кпб,1028
нарадзілася,1028
рускіх,1027
зусім,1027
разы,1027
структура,1025
зоны,1023
мець,1022
пецярбургу,1022
амерыцы,1022
план,1021
належала,1020
ўладу,1020
дзяржаўныя,1019
гэтак,1019
яўлялася,1019
назад,1018
мясцовыя,1017
гандлю,1016
некаторы,1016
народныя,1014
пераехаў,1013
фронце,1013
акадэмію,1013
уваходзіў,1013
непасрэдна,1012
рыма,1012
мак,1012
адносін,1011
частак,1011
герба,1011
барацьбе,1011
хрыста,1011
прысвоена,1010
яўген,1010
нашай,1010
барока,1010
румыніі,1009
цэнтральная,1009
звыш,1008
рыбы,1006
славы,1005
выкарыстоўваюць,1005
магчымасці,1005
ўваходзілі,1003
горадам,1003
выдаў,1002
нацыянальных,1001
рыме,1001
еўрапейскага,1000
еўразіі,1000
такой,997
гомельская,997
выгляд,997
яўрэяў,996
польскіх,996
апошнім,995
варшаве,994
штогод,994
жытомірскай,994
адбыліся,993
зямель,991
версія,991
рэспубліканскага,990
порт,990
ведаў,990
дамы,990
адраджэння,989
дагавора,988
ноч,988
другое,987
манастыра,986
межы,986
гэтую,986
пагадненне,985
самая,984
моладзі,984
звестак,983
міністрам,983
хх,982
зрабіць,982
лічаць,981
адрозніваецца,981
старэйшы,979
прайшоў,979
скасаваныя,978
пашыраны,978
распаўсюджанне,977
истории,977
забеспячэння,977
абвешчана,976
бога,976
балгарыі,975
праціўніка,975
уяўляе,975
даніі,974
дзейнічала,974
цэлым,974
атрымання,973
заснавальнік,973
гаспадарак,973
ўдалося,973
далейшым,971
стаць,971
сонечнае,970
капліца,970
італьянскі,969
каманду,969
народ,969
дэпутат,968
жыхар,967
бнр,966
гісторыкі,966
глыбіня,966
іншы,965
рамана,965
году,965
нумар,964
верхняй,964
аўтаномнай,964
раку,963
кіламетраў,963
транспарт,962
новую,962
сусветнага,962
галоўных,961
лета,961
зорак,961
смерцю,960
маёнтка,960
указам,960
крыніц,960
параўнанні,960
італія,959
адлегласці,958
падрыхтоўкі,958
жывапісу,957
дзева,956
белага,955
ажаніўся,955
дзейнічае,954
архітэктараў,954
крым,954
ежы,953
адказ,952
цэнтральны,950
грошы,949
нарвегіі,949
левы,949
дарогі,949
дапамогі,948
прапанаваў,948
прысвечаны,948
гомеля,947
алег,946
пашырэнне,946
забойства,946
сынам,946
карта,945
шлюб,943
ўнутраных,943
апошняга,943
рэгіёна,943
армію,942
сіламі,942
нямецкіх,941
моманту,941
пачаліся,941
ўвесь,941
пер,940
адзінай,940
англ,939
узроўнем,939
канал,939
заканчэнні,939
дэмакратычнай,938
мір,938
афрыцы,938
буда,937
прамысловасць,937
дасягнула,936
партугаліі,936
вершаў,936
вялікабрытанія,936
супрацоўніцтва,936
вежа,935
правінцыя,934
езд,934
магілёўская,934
кампазіцыі,934
праваслаўны,933
брыгады,933
будуць,932
дзеячы,932
аснову,932
фонд,931
дачыненні,931
пачаткам,930
уплывам,930
янкі,929
адкрытага,929
парафія,929
вёсак,928
забіў,927
кожнага,927
прадпрыемствы,927
матэматыкі,927
под,926
дырэктара,925
моры,924
навуковы,924
асманскай,924
усходу,924
прынялі,923
крэпасці,923
вілейскага,922
чорны,921
асяроддзя,921
адзіным,920
сусветная,920
краі,919
выклікала,918
залатая,918
галіны,917
жонкай,917
годдзя,917
сферы,917
старога,916
міхаіла,916
выступае,916
віцебску,916
усходне,915
варыянт,914
адмовіўся,914
катэгорыі,914
свабоды,914
берагі,914
дырэктарам,913
віцебска,913
прытокі,913
станіслава,912
наступных,911
мяжуе,910
адзначаны,909
ніжняй,908
гадзін,907
ўваходзяць,907
месяц,906
радзей,906
выступіў,906
змяшчае,906
тэрыторый,906
акупацыі,905
ачкоў,905
застаецца,905
выявы,904
дахам,904
ўздоўж,904
гульня,904
другую,903
супольнасці,903
вуліц,903
сталіцай,902
якуба,902
крыжа,902
бібліяграфія,901
медыцынскіх,901
мала,900
дапамозе,900
праблем,900
стылю,899
значныя,899
археалагічныя,899
значную,897
самыя,897
рысы,896
гродзенская,896
выкарыстоўваць,896
сеткі,895
рэйтынгу,895
якімі,894
конкурсу,894
планеты,894
спробы,894
гарадскіх,893
каталіцкі,893
сацыяльна,893
мясцовай,892
камандаваннем,892
высокай,892
міфалогіі,891
барыс,890
спб,890
арміяй,889
крэпасць,889
прэзідэнты,888
птушкі,888
заходніх,887
аат,887
застаўся,886
новае,886
прафесійны,886
належаў,885
прыблізна,885
чырвоная,885
левым,885
хіміі,885
берагавой,884
гістарычнай,884
курс,884
выходзіць,883
наша,883
абодвух,883
ірландыі,883
генерала,882
грамадска,882
шэсць,881
гомельскага,880
глыбіні,878
палкоўнік,878
арэал,878
гэту,878
заставаўся,877
магілёва,877
даследчыкі,877
падобныя,877
паэта,877
схілы,876
спадчыну,875
бюро,875
выданні,875
умовах,874
начальніка,874
дачкой,873
князёў,873
саветаў,873
справах,872
сярэднім,872
ганаровыя,871
брытанскай,871
зв,871
грамадскіх,870
выключэннем,869
флоту,869
служыць,868
друку,868
кубак,868
ўмовах,867
валасы,867
сялянскай,866
серыя,866
пяці,866
пытаннях,865
абласцей,865
значнай,865
конкурсе,865
клубам,864
аддзел,864
інтэрнэт,862
россии,862
выпадках,861
зроблены,861
пары,861
трапіў,860
месяцы,859
сюжэт,859
жан,859
папы,859
абавязкі,859
завода,859
вінніцкай,858
возеры,858
захоўваецца,857
орган,857
рэформы,857
верасень,856
гарадская,856
палон,856
акадэмік,856
прайшлі,856
дж,856
існавалі,855
мадэль,855
пар,855
зала,855
долараў,855
накіраваны,855
парыж,854
хутчэй,854
муж,854
ўлада,853
грамадскага,853
кожнай,852
працуюць,852
дасягае,851
чорнага,851
галоўныя,851
твор,850
вынікам,849
выключна,848
стадыі,848
беларуска,848
фільме,848
межамі,848
мастэрс,848
водныя,847
выяўлены,847
палацы,847
неаднаразова,846
апісаныя,846
шырынёй,846
паспяхова,846
смаленская,846
стану,846
браслаўскага,845
актрыса,845
тып,845
літве,844
скарыны,843
вырашыў,843
рымскага,842
пятровіч,842
царкву,841
вышэйшая,841
дняпра,841
палітычная,840
славакіі,839
вясковая,839
органы,839
сетка,839
хроніка,838
ўстанова,838
вып,838
лічыў,838
скульптар,837
паражэнне,837
мастацкай,837
спецыяльнасці,837
мястэчку,837
перакладзе,837
праектаў,836
атрада,836
расійскага,836
камень,836
былой,836
буйны,835
ўдзельнічаў,835
губерня,835
скульптуры,835
краю,835
вясковай,834
грамадзяне,834
масы,834
наяўнасць,834
парламент,833
склала,833
дняпро,833
бронзавы,832
харватыі,832
месяца,832
рэгіён,832
прадстаўлена,831
эканамічных,831
млрд,831
куды,829
уключае,829
годам,829
гарадзішча,828
нідэрландаў,828
рукі,828
сучасныя,828
напісаны,828
маёр,827
паход,827
малодшы,825
абарону,825
тон,825
фрыдрых,824
адпавядае,824
галоўная,824
культурнай,823
праграма,823
выканання,822
пецярбург,822
хіх,822
выкарыстоўваўся,821
парламента,821
праекце,821
школ,820
сакратаром,820
жанчына,820
заслугі,820
сонечных,819
выстаўка,819
юнеска,819
між,819
герцага,819
сілу,818
роберт,818
магіла,818
энцыклапедычны,817
полацкай,817
урада,817
населены,817
уладзіміравіч,817
полк,817
канады,816
лацінскай,816
найсвяцейшай,815
генрыха,815
крыніцах,814
брытанскі,814
падтрымцы,814
перакладчыкі,814
сумскай,813
скасавання,813
правым,813
волі,813
стыль,813
сацыяльнай,813
асацыяцыі,812
наука,812
беларус,811
саборы,811
невялікія,811
сэрца,811
платформы,810
зімовых,810
могілкі,810
вывучэння,809
сусветную,808
стварыць,808
тэхнічных,807
малой,807
амерыканская,807
ван,807
званні,806
апынуўся,806
белыя,806
заліва,806
дзеянне,805
аўтарам,805
амерыканскай,805
эпоху,805
лондане,804
рэдка,804
выдадзены,804
высокі,804
сыноў,803
ёрк,803
ўладамі,802
мастацкая,801
выйшлі,801
аэрапорт,801
малы,800
ваенную,800
праводзіць,800
пастаўлены,800
навучанне,800
такая,799
размяшчэнне,799
росту,798
графа,798
землях,797
засталіся,797
працягваў,796
фізік,796
набыў,796
дазволіла,796
паказвае,796
дысертацыю,796
выкарыстоўваліся,795
памерла,794
шатландыі,794
сама,794
партыю,794
польская,794
віцебскі,794
ўзровень,794
літаратурнай,793
дарозе,793
вёў,793
гітара,792
пісьменніка,792
адрозніваюцца,792
лад,792
большую,792
лі,791
валынскай,791
хаця,791
колькасцю,791
рознымі,791
такога,790
інжынер,790
воінаў,790
антон,789
гаспадарка,789
цягам,788
маёнтку,788
складалася,788
нацыянальную,787
золата,787
хваробы,786
культур,786
ізноў,786
вызначаецца,786
месцам,786
перш,786
хуткасць,786
казімір,785
складалі,785
кіеўскага,785
уздоўж,785
рабочых,785
калоніі,784
медыцыне,784
комплексу,784
заходні,784
рэчыва,783
эсперанта,783
пакінуць,783
слоўнік,783
скасаванага,782
культурных,782
ваенная,782
архітэктара,782
беларускімі,781
князем,781
часціц,781
музычныя,780
святла,780
маецца,780
вывучаў,780
рост,780
лігу,779
поўны,778
захапілі,778
каралі,778
кола,778
ўсю,778
швейцарыі,777
клас,777
драўляны,777
катлавіны,776
журналіст,776
працэсе,776
выдання,775
увесь,775
дывізія,775
адсутнасць,775
мастацкага,774
кастрычнік,774
бельгіі,773
галактыкі,773
увайшоў,772
алена,772
газеце,772
пераклады,772
выпуск,772
ганаровы,771
брэсцкая,771
перавагу,771
глебы,770
лікаў,770
нямецка,769
янка,769
аперацыя,769
казіміра,768
войскам,768
астраноміі,767
сведчыць,767
зоне,766
даўжыні,766
тысячы,766
робіць,766
нямецкія,765
належаць,765
апублікаваў,764
высокім,764
артыст,763
адкрыў,763
расійскіх,762
цэглы,762
леанід,761
групу,761
займаецца,760
рэчываў,760
гран,760
найбуйнейшых,760
чыгуначныя,759
галіна,759
сустрэчы,759
барацьбу,759
жанаты,759
перакладчык,758
тысячагоддзя,758
полацкім,758
айчынную,757
працякае,757
залы,757
каледж,757
прычынай,756
веры,756
рым,755
здзейсніў,755
снукеры,755
кітай,754
французская,754
вяртання,754
савецкія,753
мяжу,753
том,753
значная,753
палітыку,753
штатаў,752
праўлення,751
выцягнутая,751
вялі,751
удзельнікаў,750
якому,750
арганізаваны,750
пакінулі,750
эканамічнага,750
выхаду,750
паказана,749
прыйшоў,749
спорт,749
адкрыцця,749
памяшканні,749
рэчышча,748
помніка,748
еўропа,747
паліцыі,747
апынулася,747
асноўнага,747
вы,746
пачынае,746
падзелены,746
гвардыі,746
найлепшы,745
публіцыст,745
заснавальнікаў,745
дрэў,745
лёс,745
гледжання,744
трэцім,744
нямецкімі,744
хвалі,743
плошчай,743
вынікаў,743
рэжыму,743
французскага,742
дзейнічалі,742
спісе,742
до,742
малых,741
дыяметрам,741
аўтараў,741
кіева,741
сімвал,741
апошніх,740
філіп,740
сучасная,740
імёны,738
невялікі,738
сябра,738
начальнікам,738
хронікі,738
вадзе,738
каралеўскага,737
генеральнага,737
выдавецтва,736
еўрабачанне,736
немцы,736
кароткі,736
падставе,735
марскіх,735
грэка,735
музыку,734
вядзе,734
партызан,734
філосаф,734
вільгельм,733
фізіцы,733
медалі,733
улетку,733
прылады,733
украінскай,732
роля,732
зацверджаны,731
развіцці,731
нацыянальныя,731
области,731
залежыць,731
звязаныя,731
братоў,730
сібіры,730
афіцыйным,729
адноўлены,729
егіпта,729
пераход,729
адміністрацыйным,729
апошняй,729
мінулым,729
знайсці,728
белая,728
парадак,727
вызвалены,727
дасягнуў,727
вырашана,727
біялогіі,726
самога,726
флот,725
дойлідства,724
кіеў,724
машыны,724
уладзіслаў,724
акрузе,724
навагрудскага,724
плод,723
нямецкага,723
ганны,722
імператарам,722
андрэя,721
магілёве,721
лічылася,721
палітычнага,721
галасоў,720
веранікі,720
шлюбу,719
дакументы,719
займаліся,719
сельскагаспадарчых,719
маладых,718
усход,718
вада,718
мастацтве,718
бакі,718
тэхналогіі,718
пераможцы,717
рынку,717
курсы,717
вадасховішча,717
явы,717
сацыяльных,717
радзівіл,716
амерыканскіх,716
дзяржавай,716
цячэнні,716
паўвострава,716
лідар,715
фільмаў,715
рада,715
дагэтуль,715
метады,715
вікіпедыя,714
канфлікт,714
дзісенскага,714
клубная,713
украінскі,713
літва,713
гадовы,713
цячэ,713
падобны,713
пахаваныя,713
ападкаў,713
архітэктарам,713
пунктам,712
адстаўку,712
цэркваў,712
нашы,712
ўмовы,711
поўдня,711
названа,711
калгас,711
напачатку,711
майстры,710
партрэт,710
нас,709
перанесены,709
грузіі,709
шляхты,709
ідэя,709
размяшчалася,709
жывапісец,708
існаваў,708
кантролю,708
брэста,708
баранавіцкага,707
эль,707
відэа,707
харчавання,707
гістарычная,707
фёдар,706
упадае,706
нёман,706
гістарычнага,706
алесь,705
атрымаўшы,705
аж,704
адам,704
оскар,704
манастыры,704
бог,703
значны,703
літоўскія,703
асновай,703
валодае,703
біскуп,702
сцен,702
камандзіра,702
тапонім,701
мяжой,701
газу,701
выкарыстоўвалася,701
праваслаўная,700
прыводзіць,700
кожная,699
такое,699
яўляліся,699
та,699
распрацаваны,699
страціў,699
зн,699
рэлігія,698
кітаі,698
будучы,697
май,697
профіль,697
нічога,697
духоўнай,696
эры,695
культурна,695
грэчаскай,695
загадаў,695
краіну,695
камандаванне,694
графства,694
матэматык,693
святар,693
адзінкі,693
старажытныя,693
маскву,692
захаваўся,692
гродне,692
прэмію,692
цёмна,691
маскоўскі,691
актыўны,691
забудова,691
дынастыя,691
перададзена,691
стаўшы,690
дадзены,690
салецтваў,690
неабходна,689
польскім,689
дагаворы,689
памер,689
музычны,689
герцагства,689
фасад,689
адкуль,689
караблёў,688
словарь,688
швецыя,687
драўляныя,687
інфраструктура,687
эканамічнай,687
атрады,687
выкананне,687
воднай,687
вынік,687
заліў,687
афіцыйных,686
традыцыйна,686
берліне,686
абараніў,686
сацыял,685
алімпійскія,685
выкарыстоўвалі,685
прызнаны,685
верхняга,684
шэрагам,684
міхал,684
каралеўскай,684
валерый,683
самага,683
правах,683
балаў,683
войнаў,683
вучняў,683
перадаў,682
прыхільнікаў,682
батанічнае,681
праходзілі,681
рыгор,681
батэ,681
міжнародным,681
віцебскім,680
барацьба,680
рыб,680
падтрымкі,679
медыцыны,679
незалежнай,679
вышэйшых,679
вывучэнне,679
паўстанцаў,678
выконваў,678
чэрвень,678
дакладна,678
прадукцыі,678
складаўся,678
ил,677
капітан,676
праводзіліся,676
францыска,676
пасольства,676
майстэрні,675
пастаўскага,674
рашэнні,674
аўтары,674
дачкі,674
працэсу,673
навучальныя,673
скончылася,673
магла,673
зацьмення,672
максім,672
усходняя,672
перайшла,672
культурны,672
карціна,672
уваходзіла,672
думкі,672
дзеяння,672
нарэшце,672
дадзеныя,671
ліпень,671
дакументаў,671
суб,671
васіля,671
аповесці,670
дзейнасцю,670
родаў,670
семінарыі,670
нацыянальна,670
братам,670
змог,670
зніклі,669
выява,669
рымска,669
старыя,669
партый,668
хвілін,668
ўладанні,668
перайшлі,668
юзаф,668
апошняя,668
настаўнікам,668
руская,667
вяскова,667
адлегласць,667
старшы,667
займаюць,666
называлі,666
афіцыйнай,665
астравах,665
альбомы,665
рублёў,665
найбуйнейшы,665
баявыя,665
праведзены,665
князі,665
прызначэння,665
кіеве,664
бібліі,664
канфлікты,664
ўклад,664
варшавы,664
выканаўчага,664
дацэнт,664
дзяцінства,664
верхнім,663
аўтамабіль,663
іспанія,663
канстытуцыя,663
заняла,663
каралева,663
сен,663
замену,663
земляробства,663
акцёры,662
полацк,662
футбольны,662
інтэрв,662
сельскіх,661
расіяй,661
снежань,661
фінал,661
распрацаваў,661
стаіць,661
выкарыстаннем,660
чырвоную,659
адкрытым,659
кулагін,658
японскі,658
адсюль,658
крыніца,658
еўрапейскі,658
тэрыторыямі,658
званіца,657
прастол,657
рэгіёнаў,657
выхад,656
вільня,656
кожным,656
прайшла,656
сабою,656
дэпутатам,656
значэнні,656
часопісе,655
занялі,655
бярэ,655
досыць,655
старых,655
ты,654
цяжка,654
браў,654
устаўной,653
дастаткова,653
закона,652
нёмана,652
недалёка,652
машын,652
конга,651
эміграцыі,651
асветы,651
паняцце,651
далучаны,651
сельскагаспадарчай,651
чалавекам,651
паселішчы,650
джэймс,650
далі,650
банк,650
метад,650
вядомым,649
эліптычная,649
характарыстыка,649
гарадскія,649
навучальных,649
касцёлы,649
сярэднявечча,649
класіфікацыя,648
нярэдка,648
дарога,648
конкурс,648
істотныя,648
аўтара,648
зацьменняў,647
белай,647
гор,647
узроўні,647
падарожжа,647
прыйшлі,647
гандаль,647
лясах,646
транспарту,646
супрацоўнік,646
будаўніцтве,646
законы,646
метро,646
цэнтральным,646
фасада,645
газ,645
кампактная,645
крыху,645
ўзначаліў,644
мастацкім,643
рф,643
вядомага,643
афіцэраў,643
кв,643
характэрны,642
берага,642
прызёры,641
абвешчаны,641
мяркуецца,641
адрозненні,641
кляштар,641
жнівень,640
вышэйшую,640
арганізацыю,640
самі,640
ўпраўлення,639
бою,639
каталіцкія,639
захавання,639
прымае,639
караблі,639
лабараторыі,639
мясціны,639
выкананы,638
аўгуста,638
тэхналогій,638
групай,638
двара,638
спрабаваў,638
лондан,638
грамадскія,637
белниидад,636
есы,636
вольга,636
фоне,636
прадпрыемстваў,636
відаць,636
факты,635
руска,635
васілевіч,635
рашэння,635
дзвюма,635
трыма,634
шлюбе,634
вярнуцца,634
прызнанне,633
фарміраванне,633
прафесара,633
тыпы,633
сказаў,632
ўзнікла,632
амерыканскага,631
багародзіцы,631
стагоддзях,631
база,631
калекцыі,630
публікацыі,630
дзейнічаў,629
зняты,629
полацка,629
высокія,629
рэканструкцыі,629
ўжываецца,629
из,628
генеральны,628
атрымлівае,628
выканаў,627
загінула,626
даследчыкаў,626
канфлікту,626
зрабілі,626
раздзел,626
сэнсе,625
польскія,625
лістапад,625
сярэдняга,625
апынуліся,625
перамога,624
максіма,624
прыняць,624
завершаны,624
мэтах,624
эканамічны,624
дарог,623
еўра,623
прырода,623
рыба,623
важным,623
банка,622
прусіі,622
брыгада,622
вяршыні,622
прыняла,621
забудовы,621
клеткі,621
яўлення,621
ваяводы,621
смі,621
працэсаў,621
размяшчаліся,621
лісты,620
сараса,620
праходзіла,620
намесніка,620
належалі,620
гал,619
слабада,619
іосіф,619
літоўскіх,619
ўраджэнцы,619
праекты,619
юрыя,619
адзінак,619
карэспандэнт,619
альбома,619
арэнду,618
уплыў,618
апавяданні,618
прывялі,618
астатніх,617
рэлігійных,617
паверсе,617
тэхніка,617
кухня,616
фестываль,616
асноўнымі,616
матчаў,615
вернікаў,615
тарпеда,615
грамадскай,615
ажыццяўляецца,614
прыбыў,614
полымя,614
аўтамабілі,614
складзены,614
мастацкіх,613
класаў,613
валодаў,613
арт,612
запар,612
англія,612
галерэі,612
авіяцыі,612
сучасным,612
спецыяліст,612
емонт,612
былых,612
рэлігіі,611
мяжа,611
каралевы,611
венгрыя,611
поспех,610
восі,610
аўтамабіляў,610
неба,610
частках,610
веку,609
наогул,609
характару,609
верш,609
армянскай,609
рэспублікай,608
мэты,608
старажытнасці,608
ўвагу,607
эдуард,607
слуцкага,607
адзінства,607
папярэдняга,607
сіла,607
тамах,607
месцамі,607
браслаўскім,607
доктара,606
бакавыя,606
паэмы,606
ўдзелу,606
чаму,606
парод,606
браты,606
маюцца,606
цыкл,606
балета,605
гэтае,605
усходняга,605
пункту,605
абраз,605
вобраз,605
марскія,604
злучаных,604
гістарычна,604
задачы,604
дзеячаў,603
люты,603
ляжыць,603
словах,603
шасці,602
камандзе,602
канструкцыі,602
белоруссии,602
от,602
параметры,601
разбураны,601
размяшчаўся,600
ірана,600
камісія,600
асуджаны,600
камандаваў,600
уключаны,599
жылы,599
рэльеф,599
супрацоўнікаў,598
адправіўся,598
займацца,598
бел,598
мураваны,598
замуж,598
рэзка,597
праводзіцца,597
вясной,596
планіроўка,596
весці,596
лагер,596
літоўскае,596
зроблена,596
іаана,595
басейна,595
фёдаравіч,595
заставалася,595
жылыя,595
тур,594
свяшчэннай,594
эдвард,594
сход,594
тэму,594
насельніцтвам,594
лепшых,594
чылі,593
дз,593
крытык,592
рухавік,592
уільям,592
праваслаўных,592
лясоў,592
танка,592
савецкім,592
наступнае,591
віленскі,591
цэрквы,591
праходзяць,591
франтах,591
кубку,591
культурныя,591
рэканструкцыя,591
красавік,590
дзяржаву,590
студзень,590
захапіў,590
замку,590
забеспячэнне,590
сярэднюю,589
святыя,589
рэжысёра,588
батальён,588
лес,588
бераг,588
літары,588
свайму,588
цікавасць,588
пераходзіць,588
магутнасць,588
нацый,587
мар,587
матэрыял,587
самой,587
літаральна,587
аднаўленне,586
супрацоўнікі,586
болей,586
ёму,586
адсутнасці,585
рашэннем,585
тэмы,585
абазначэнне,585
партызанскага,585
прадметаў,585
ровенскай,585
гэтаму,585
падзяляецца,585
пасёлку,584
сістэмай,584
дому,584
удзелам,584
драўляная,584
стартавым,583
маскоўскім,583
дзевы,583
рэдкалегія,583
акцыі,583
вырабаў,583
трон,583
аповесць,583
экалогія,582
ручай,582
кавалеры,581
плато,581
важную,581
атрымалася,581
прыклад,581
палова,581
мужа,580
атмасферы,580
сі,580
руках,580
паўночных,580
свабода,579
казахстан,579
восенню,579
ніжнім,579
мяса,579
асабіста,579
ізраіля,578
старосты,578
германскай,578
заводзе,578
горныя,578
броўкі,578
дыяцэзіі,577
старажытны,577
усталяваны,577
невялікая,577
стварылі,577
студыі,576
драмы,576
налічвалася,576
служба,576
распаду,576
немцаў,576
вышэйшыя,575
праўда,575
узначальваў,575
законам,575
кароны,575
сакратара,575
лёгкай,575
драматург,574
германіяй,574
войск,574
вышыню,574
палову,574
перу,574
батальёна,574
матчах,574
роднай,574
герояў,573
сакавік,573
клубы,573
змест,572
фінансаў,572
клубе,572
цэнтраў,572
ціску,572
жанры,572
серыю,572
унутры,572
калгаса,571
наведаў,571
ініцыятыве,571
паранены,571
дзіцячы,571
відавочна,571
загад,570
вадой,570
москва,570
лідскага,570
чорная,570
радзіму,570
плады,570
спецыялістаў,570
апублікаваны,569
берлін,569
каштоўнасці,569
выяўлена,569
рэжым,569
фізічнай,569
бацьку,569
гродзенскім,569
ўтвараюць,568
каталіцкая,568
канстанціна,568
медалямі,568
канала,568
працоўнага,568
вось,568
дрэвы,568
ранняга,568
абароне,567
ка,567
гарах,567
впс,567
даследаванне,567
маст,567
пераходу,567
перамовы,567
ўсходнім,567
крытыкі,567
малыя,567
дзяржаве,566
забяспечвае,566
невялікіх,566
творах,566
напярэдадні,566
вяртанне,566
варшава,566
этап,565
уніі,565
вну,565
мясцовым,565
звання,564
паходу,564
армян,564
полацкі,563
медыцынскай,563
манеты,563
санта,562
маладзечанскай,562
крылаў,562
нямецкая,562
налічвае,562
пач,562
носіць,562
паўшар,562
агульныя,562
арганізаваў,561
пайшоў,561
надпіс,561
прынцып,561
адпачынку,561
вядомасць,561
марскі,561
белорусской,561
сутак,560
баранавічы,560
надвор,560
турэцкай,560
тэксту,560
рэчыцкага,560
суседніх,560
пасялковай,559
ніжняя,559
поўнай,559
праведзена,559
моцны,559
працэсы,559
адэскай,558
урадам,558
ваду,558
сімвалы,558
зборная,558
вырабы,558
заходнюю,558
паказаў,558
камандуючы,557
маладзечна,557
ўзросту,557
дыстанцыі,557
млын,557
георгій,556
егіпет,556
каталіцтва,556
зялёны,556
спосаб,556
лесу,556
прадуктаў,556
ўнутры,556
прыз,556
сэлбі,556
аднаўлення,555
кампаніяй,555
фарміравання,555
піша,555
прэзідэнцкіх,555
французскіх,555
сент,555
ўплыву,555
пражывае,554
бальніцы,554
льва,554
прызнаў,554
каманд,554
екта,554
ацэнкі,554
праводзіў,554
выпадкаў,553
пабрацімы,553
роўная,553
нахіл,553
сіці,553
агонь,553
зона,552
кветкавых,552
празе,552
дапамог,552
апазіцыі,552
меркаванне,552
расійскія,552
нафты,552
класіцызму,552
законаў,552
выд,552
знаходжання,551
стралковай,551
савецка,551
службе,551
абедзве,551
бацькам,551
краінамі,550
гомелі,550
горных,550
касцёле,550
загадчыкам,549
лідараў,549
ўтварэння,549
утварае,548
бой,548
заснавання,548
захоўваюцца,548
гарадоцкага,548
карысталіся,548
адбывалася,548
занадта,547
рэлігійныя,547
табліцы,547
аналіз,547
этнічна,547
класіфікацыі,546
кіт,546
пецярбурга,546
гулец,546
рэсурсаў,546
медыцынскага,546
характэрна,546
італьянскай,546
стварае,545
спявачка,545
ездзе,545
баварыі,545
меншай,545
высокіх,545
зямной,544
факт,544
польска,544
абласцях,544
радзівіла,544
лёгка,544
ганаровай,544
ран,544
сітуацыя,543
рэдактарам,543
дробных,543
медыцынскі,543
бар,543
выступаць,543
парыжа,543
адзіная,543
перамычкай,543
асоба,542
пункце,542
працай,542
планет,542
крыві,542
берагах,542
мяне,542
уклад,542
сітуацыі,542
званы,541
сябрам,541
такімі,541
трэнерам,541
чэхаславакіі,541
артылерыі,541
інданезіі,541
змена,540
паўлавіч,540
полацку,540
пабудаваў,540
паўднёвых,540
ход,540
наперад,540
высокага,540
збору,540
даследавання,540
губернатара,539
прымалі,539
класічнай,539
функцый,539
дробныя,539
інфармацыю,538
дэкаратыўныя,538
гета,538
ўзроўні,538
літаратурныя,538
сс,538
звычайны,538
сяброў,538
чорнай,538
рэчывы,538
настаўнік,537
топ,537
ансамбль,537
дзесяць,537
кацярына,537
мірнага,537
голас,537
выцякае,537
верхняя,536
малады,536
нкус,536
сямі,536
паходзіў,536
педагагічны,536
падпарадкаванні,536
пэўны,536
істотна,536
кастрычніцкай,535
значных,535
знакі,535
фармальна,534
югаславіі,534
уладу,534
нашых,534
брэсце,534
ладу,534
яўленне,534
намінацыі,533
абаронца,533
надзвычай,533
ордэнамі,533
вучылішчы,533
традыцыйная,533
штаце,533
тыдзень,533
унутраных,533
сутнасці,533
пэўнай,533
даўжыню,532
схілах,532
ваеннае,532
абвяшчалася,532
таццяна,532
саюзнікаў,532
хімічных,532
злева,532
сцэне,532
сельская,532
ра,531
хуткасці,531
народнае,531
тэорыю,531
бас,530
тэрміны,530
ўвайшоў,530
рускую,530
сюды,530
стаяў,530
цікавыя,529
луі,529
праграму,529
рабоце,529
тыпаў,529
асяроддзі,529
ваенным,529
ўсходніх,529
раннія,529
пастаянна,529
мікола,528
азія,528
абвясціла,528
сяляне,528
патрабаванні,527
стэфана,527
падрыхтоўцы,527
камуністычнай,527
паліва,526
героі,526
пазіцыю,526
плямёны,526
рб,525
прызначыў,525
нагоды,525
сапраўды,525
іншая,525
гістарычным,525
працоўных,524
дзяржынскага,524
армій,524
пасол,524
юстыцыі,524
вымярэння,524
задач,524
шырыні,523
змяніў,523
людзьмі,523
скопішча,523
маладыя,523
ігрок,522
аргенціны,522
княстве,522
самалётаў,522
спаборніцтва,522
палітычным,522
змешчаны,522
бачнасці,521
кампазіцыя,521
судна,521
советская,521
спроба,521
паверхня,521
фонду,521
працягвалася,521
выказаў,521
дата,520
босніі,520
іспанскай,520
ўніверсітэце,520
колеры,520
людовік,520
даследаваў,520
лічылі,520
ісус,520
лічыўся,520
нагадвае,520
апрацоўкі,520
дачку,520
зброя,519
матэрыялу,519
велічыня,519
місіі,519
жыць,519
вярхоўны,518
развіваецца,518
арэнды,518
гарадок,518
фасады,518
джона,518
прыродных,518
праёмамі,517
выкладчык,517
вызваленне,517
напісана,517
адміністрацыйная,517
галава,516
поўнае,516
спявак,516
выкарыстоўвае,516
памятныя,516
навукоўцы,516
правядзенне,516
складаюцца,515
васільевіч,515
парафіі,515
дзейнічаюць,515
партызаны,515
катастрофы,515
ўласцівасці,515
паэзія,515
мне,515
фізіялогіі,514
формаў,514
функцыя,514
старая,514
царквой,513
паведаміў,513
пінскага,513
прадстаўнікамі,513
капліцы,513
мужчына,513
установы,512
фальварак,512
прыходу,512
прынамсі,512
прыватных,511
ускраіне,511
сцяны,511
венгерскай,511
замацаваўся,511
падзення,511
узведзены,511
прыкладам,511
рэж,511
гадамі,510
марцін,510
ранніх,510
першымі,509
знішчаны,509
ўзнагароды,509
юр,508
статут,508
ваявода,508
пячоры,508
этапе,508
асобны,508
кажа,508
развіццю,508
сяргея,508
маркі,507
лагеры,507
чацвёрты,507
генадзь,507
пастаўлена,507
правінцый,507
глыбоцкага,507
пасмяротна,507
наяўнасці,506
сербскай,506
выконваць,506
праграм,506
ўласнасць,506
македоніі,506
шматлікімі,505
пакалення,505
арменія,505
вусця,505
немагчыма,505
валожынскага,505
культуру,505
чэмпіёнам,505
берагоў,505
дах,505
яўляцца,505
гульцоў,505
абу,504
ўзбярэжжы,504
дыяметр,504
фальклору,504
кандыдатаў,504
грамадзянская,504
прадметы,504
прафесарам,503
сонечнай,503
аналізу,503
заняткі,503
выпраменьвання,503
праспект,503
заслужаныя,502
ніжні,502
умоў,502
пераведзены,502
песню,502
аўстрыя,501
правесці,501
прыняцця,501
славян,501
замежныя,500
навуковец,500
філіпа,500
камандавання,500
жылых,500
рэгіёнах,500
наступленне,499
баёў,499
спісы,499
ніякіх,499
наступ,498
ахова,498
выкарыстаны,498
рыгоравіч,498
ахвяр,498
біялагічных,498
спыніць,498
форм,498
доўгія,497
нідэрланды,497
музычнай,497
сястра,497
гродзенскі,497
думка,497
восем,497
растуць,496
каталіцкага,496
аршанскага,496
шанхай,496
кватэры,495
бронзавыя,495
свабоду,495
уладзіслава,495
дошка,495
характарыстыкі,495
пацярпеў,495
сцэны,495
зверху,494
выданняў,494
музычных,494
лівіі,494
сведчаць,494
адама,494
даць,494
роўны,494
погляды,494
займалася,494
дактары,493
мядзведзіца,493
бальніца,493
хрысціян,493
японія,493
выступленняў,493
ціхага,493
аперацый,493
брама,493
папулярнасць,493
высокая,493
ліній,493
дно,493
старой,493
катлавіна,493
казахстанскай,492
дзі,492
турнірах,492
самастойна,492
сённяшні,492
ўдзельнічалі,492
старажытнагрэчаскай,492
абсталяванне,492
ым,491
германію,491
літаратурных,491
пісьмовых,491
дыпламат,491
трэцяя,491
тэхнічнага,491
ціск,491
тэксты,491
рынак,490
пераможцам,490
размешчаныя,490
моста,490
андрэевіч,490
спадарожнік,490
нямецкім,490
знойдзена,490
невялікай,490
апавяданне,490
вылучаюцца,490
займала,490
футбольныя,490
займалі,490
партал,490
вылучаюць,490
скульптура,490
току,490
вайскоўцаў,489
шведскай,489
звязаных,489
калекцыя,489
крама,489
губерняў,489
узнагароджаныя,489
размяшчэння,489
самакіравання,488
ёрку,488
часова,488
даліне,488
канада,487
цвк,487
карабель,487
мітрапаліт,487
духавенства,487
польшчу,487
памераў,487
размяшчаюцца,487
пытанняў,487
пост,487
праводзяцца,487
працах,487
кдб,487
эфект,487
кантролем,486
стэфан,486
сябры,486
названыя,486
склалі,486
кароткай,486
кароткія,485
рэпрэсаваныя,485
літаратурны,485
перамір,485
дубль,485
паралельна,485
размешчаная,485
старэйшага,485
еўрапейскім,485
выконвае,485
вакал,485
аўгуст,484
даследчык,484
ле,484
рэвалюцыя,484
адзначыў,484
часціцы,484
вызначэння,484
паселішчаў,484
кандыдаты,484
шведскі,483
бацькоў,483
пана,483
узяў,483
музыканты,483
вусце,483
эканаміст,482
ліквідацыі,482
выявіў,482
дзяржаўную,482
плаванні,482
туды,482
літаратурная,482
яўрэйскай,482
матэматычных,482
заходнія,481
мёрскага,481
гімн,481
кангрэса,481
ін,481
адзначыць,481
групе,481
фестывалю,480
элемент,480
французскія,480
агню,480
жыла,480
адрозніваюць,480
археалагічных,480
адносяць,480
славянскіх,480
людовіка,479
захаваць,479
самае,479
уступіў,479
вярнуць,479
чырвоным,479
назве,479
нашага,479
нападу,479
злучае,479
астэроідаў,478
ўступіў,478
пакарання,478
біскупа,478
заснаваная,477
вілейскім,477
ны,477
чорным,477
карцін,477
засталася,477
падтрымліваў,477
прывёў,477
грошай,477
кваліфікацыі,477
аршанскім,477
земляў,476
факультэце,476
абслугоўвання,476
жалеза,476
орша,476
шоу,476
лічацца,476
чэмпіёнаў,476
пратэсту,476
групоўкі,476
металаў,476
выкарыстоўвацца,476
нашчадкі,476
прыпыначны,475
крытыка,475
пісаць,475
горкі,475
аўтамабільнай,475
прынцыпы,475
распрацоўкі,475
энергія,475
крыніцай,475
выстаўкі,475
паўнамоцтвы,474
выяўленчага,474
кангрэс,474
пераехала,473
каралёў,473
усходніх,473
планы,473
каналаў,473
мазырскага,473
пражывання,473
міхась,472
кары,472
архіў,472
аэс,472
вялікімі,472
абсталявання,472
віталь,471
беларускамоўныя,471
мус,471
паўабаронца,471
дакументальныя,471
светла,471
міхала,471
японскай,471
кампаній,470
спаборніцтвы,470
белым,470
чырвона,470
характарызуецца,470
асобна,470
адбываліся,470
маючы,469
глабальная,469
распаўсюджана,469
малдовы,469
навучальная,469
усходні,469
магазін,469
чыгуначны,469
агенцтва,469
ўзвышша,469
прывяла,469
запіс,469
палякаў,469
бібліятэцы,469
вызначыць,469
стадыён,469
падпісаны,468
фрагменты,468
традыцый,468
навуковага,468
выпушчаны,468
дзяржавамі,468
двухпавярховы,468
бабруйскага,468
ліста,467
пол,467
ібн,467
італьянскага,467
ма,467
падобных,466
крылы,466
аддзяленні,466
амерыканскія,466
графік,466
знайшлі,466
ўтворана,466
паэма,466
усёй,466
вядомай,466
грамадстве,466
старым,466
выступалі,465
ўчастак,465
доля,465
мемарыяльная,465
фрыдрыха,465
раўніны,465
ліга,464
узросце,464
евіч,464
мёрфі,464
пераважаюць,464
віч,464
блізкі,463
аўстрыйскі,463
сяргеевіч,463
згуляў,463
магілёўскі,463
вячаслаў,463
чарнобыльскай,463
палітыцы,463
ўсходу,463
палякі,463
казкі,463
акт,462
раскопкі,462
украінская,462
памерам,462
новак,462
скуры,462
фінале,462
маёмасць,462
объекты,462
магілёўскім,462
спецыяльных,462
выкананні,462
прычын,462
гэс,462
распрацоўцы,462
шэкспіра,462
карэі,461
самалёт,461
плана,461
правілы,461
сотні,461
насупраць,461
маладога,460
суперкубка,460
мясцовасць,460
гарадоцкім,460
лідарам,460
зрэдку,460
нельга,460
водные,460
апісвае,460
роды,460
кафедра,460
губернатар,459
зеландыі,459
тэкстаў,459
оршы,459
некалькімі,459
бачыць,459
дзвіны,459
атрымліваюць,458
вар,458
рсча,458
захоплены,458
занесены,458
празаік,458
шырокай,458
створаная,458
паўвостраў,458
барысаўскага,458
дакументах,458
лепшы,457
шырокае,457
томас,457
сталіцу,457
балтыйскага,457
масавай,457
мастацкія,457
пагаднення,457
фатаграфіі,457
святло,457
магіле,457
прыхільнікі,457
лісця,456
выйсці,456
аконнымі,456
англійская,456
майкл,456
супольнасць,456
замкі,456
продкаў,456
пашаны,456
легенды,456
гаспадарцы,456
вылучаецца,456
баках,456
фігуры,456
метадаў,456
здымкі,456
кампазітары,456
адлюстроўвае,455
албаніі,455
ўтварэнне,455
каляндар,455
навакольнага,455
кірунак,455
гарадскім,454
візантыі,454
расію,454
ашмянскага,454
членамі,454
выявай,454
поспеху,454
неабходнасць,454
разнастайныя,454
збудаванняў,454
дэпартамент,454
імператарскай,453
узбярэжжы,453
хімік,453
яднаны,453
пецярбургскай,453
купала,453
датуецца,453
адзення,453
працягнуў,453
маёмасці,453
стралковага,453
пражывала,453
наадварот,453
ірака,452
уефа,452
здольнасць,452
птушка,452
заканадаўства,451
трэцяе,451
горкага,451
партрэты,451
малюнак,451
марской,451
наталля,451
нка,451
называлася,451
прылад,451
пароды,451
нібыта,451
со,451
выпуску,450
георгія,450
англійскага,450
мас,450
апошняе,450
паверхню,450
науки,450
камун,449
арганізацыяй,449
усср,449
пасада,449
сілай,449
апарат,449
пасад,449
паказваюць,449
цяжкай,449
паўстанні,449
прыйшлося,449
адабрала,449
джордж,448
скасавана,448
вызначае,448
напалеона,448
грэцыя,448
твора,448
правага,448
падпарадкавання,448
чорныя,448
перавышае,448
варыянты,448
турызм,448
лос,447
канадзе,447
марскога,447
асноўную,447
пухавіцкага,447
выклікае,447
мужнасць,447
даліны,447
дзіця,447
вера,446
ўдзельнікі,446
захопнікамі,445
працягвалі,445
найвышэйшы,445
багоў,445
вага,445
зімой,445
дазваляюць,445
шырокі,444
насякомых,444
генры,444
кааліцыі,444
школах,444
структуру,444
каралеўскі,444
паслуг,444
венецыі,444
акцый,444
падрыхтоўка,443
магутнасцю,443
вылучаны,443
педагагічнага,443
грыбоў,443
фестывалі,443
гадзіны,443
характэрныя,443
нам,443
культурнага,443
адбываюцца,443
нізкія,443
аднайменнай,442
брытанская,442
сцэнарыст,442
расход,442
прынц,442
савеце,442
зрабіла,442
знакаў,442
сядзібы,442
пазнаёміўся,441
навуковым,441
упраўлення,441
шляхоў,441
шырокім,441
распаўсюджванне,440
злучэнні,440
палітычную,440
каханне,440
матча,440
згоды,440
пажару,440
мядзельскага,440
верхні,440
пяхоты,440
сост,440
непадалёк,440
уэльса,439
ру,439
каталіцкіх,439
скопішчы,439
соф,439
паўночную,439
атрадаў,439
мінскае,439
дадзенай,439
шырокія,439
паляванне,439
пастаўскім,439
русь,439
ўрач,438
дэпартамента,438
кітайскай,438
зброю,438
рабіць,438
еўропу,438
адраджэнне,438
назіраецца,438
сусвету,438
падраздзяленні,438
невядома,438
тэрыторыях,438
душы,438
саступіў,437
францішак,437
берліна,437
трапіла,437
канцэпцыі,437
прадстаўляе,437
жыхара,437
сонечныя,436
рабілі,436
апавяданняў,436
захоўвання,436
мірных,436
аднойчы,436
дзверы,436
лінзападобная,436
кантакты,435
выбар,435
энцыклапедыі,435
керамікі,435
пружанскага,435
кіеўскі,435
польскую,435
спявачкі,435
сесіі,435
лясной,435
ідэй,435
выпадак,435
міліцыі,435
зямлёй,435
вучоныя,435
гол,434
марса,434
рак,434
злучэнняў,434
ледзь,434
егіпце,433
дэмакратычная,433
звярнуўся,433
пэўных,433
корань,433
езуітаў,433
важных,433
гандлёвыя,433
незалежна,433
лінію,432
канферэнцыя,432
жыгімонта,432
часці,432
ніва,432
інтарэсаў,432
уся,431
травяністая,431
захапіць,431
румынія,431
плямёнаў,431
абарона,431
спецыяльна,431
ачкі,431
максімальная,430
робіцца,430
фабрыка,430
днём,430
настолькі,430
распрацоўка,430
но,429
астэроід,429
балгарыя,429
аляксеевіч,429
швейцарыя,429
ніхто,429
раманаў,429
вызначаны,429
графікі,429
называюцца,429
даюць,429
шчыт,428
зняволення,428
залатым,428
брытанскага,428
іі,428
бары,428
лондана,428
навукоўцаў,428
франка,428
асобнай,428
сярэдніх,427
вене,427
загадам,427
рангу,427
раскопак,427
сыны,427
ўключана,427
брацкая,427
пасажыраў,427
знайшоў,427
ядра,427
кляштара,427
белых,426
мэта,426
амерыканскім,426
тройцы,426
валоданне,426
ідуць,426
знакаміты,426
лікі,426
зрэшты,426
завецца,426
гурты,426
велічыню,425
дзін,425
багдановіча,425
антонія,425
прычыне,425
знаходкі,425
папам,425
смаленск,425
храмаў,425
гібелі,425
пратэстаў,425
забілі,425
мастаком,425
абмен,425
тавараў,425
справу,425
філосафы,425
чалавецтва,424
баранавіцкай,424
пісьменніца,424
тадэвуш,424
вышэйшы,424
прамавугольны,424
узначаліў,424
аснова,424
адзначаецца,424
материалы,424
пацярпелі,423
апосталаў,423
пара,423
групамі,423
зносін,423
спрыяла,423
марока,423
складаў,422
ісландыі,422
экспедыцыя,422
брэсцкім,422
адноўлена,422
тэхнічны,422
радовішчы,422
выкладчыкам,422
тэхнічнай,422
сэнс,422
названая,422
сайта,421
малодшага,421
лістоў,421
цяжкіх,421
яўрэйскага,421
кандыдата,421
арганізатараў,421
аўстрыйскай,421
рэктар,421
ігракоў,421
дадатак,421
карані,421
белаз,421
ёмам,421
ўключаны,421
яднаных,420
політэхнічны,420
здабычы,420
цэнтральных,420
польшчай,420
францыю,420
італію,420
пачаць,420
роты,420
намаляваны,420
даліна,420
ектам,420
быццам,420
акіян,419
захопу,419
чырвоныя,419
гульню,419
галасавання,419
узброеныя,419
паказаны,419
параўнальна,419
міфалогія,419
вывучае,419
паўстанцы,418
пассавета,418
спрабавалі,418
дазвол,418
інтарэсы,418
аляксандрам,417
агляд,417
распаўсюджаныя,417
наступнага,417
увагу,417
шчучынскага,417
редкол,417
эканамічныя,417
чэшскай,417
калоны,416
харчовай,416
любоў,416
якаў,416
хвароб,416
ідэю,416
загінулых,416
усю,416
левага,416
літар,416
кветак,415
адсутнічае,415
сяржант,415
турцыя,415
іаан,415
важныя,415
сярэднія,415
сімвалам,415
рэлігійнай,415
радзівілаў,415
запісаў,415
здолелі,415
змаглі,415
поўная,414
рускім,414
крызіс,414
прадзюсар,414
будучага,414
рэгулярна,414
здольнасці,414
ворага,413
грамадская,413
рымскім,413
англа,413
пласт,413
жывых,413
філіял,413
пачынаў,413
літаратурна,413
абаронцы,413
прадукты,413
хацеў,413
іеговы,413
лідары,412
імкнуўся,412
адміністрацыйнай,412
валянціна,412
еўрапейская,412
грамата,412
сушы,412
такую,412
лекавыя,411
іспанскі,411
краязнаўчы,411
уведзены,411
ракой,411
трохі,411
пастаяннай,411
пушкіна,411
ўся,411
напэўна,411
выступала,411
гук,411
слаба,410
сцвярджае,410
вайсковай,410
археалогія,410
станцыяй,410
сельсаветаў,410
склалася,410
сусветным,410
тэма,410
захаванне,410
клетак,410
прымяненне,409
брытанскіх,409
двое,409
карабля,409
рэлігійны,409
камандзірам,409
епіскап,409
пагрозай,409
заставаліся,409
лукашэнкі,409
вырабу,408
этнаграфіі,408
грэчаскага,408
неабходнасці,408
артыкуле,408
магутнасці,408
афганістана,407
валянцін,407
тэрытарыяльнай,407
коней,407
археалогіі,407
завершана,407
аўтадарогі,407
духу,407
вуп,407
медаля,407
думы,407
как,407
прэфектуры,407
украінцы,406
археолаг,406
глыбоцкім,406
грамадзянін,406
сібір,406
рэгіёны,406
вярнулася,406
пераклаў,406
вуліцу,406
крамы,406
часцяком,406
роўна,406
поўнага,406
падзяляюцца,406
фізічныя,406
слонімскага,405
пабудоў,405
крыла,405
хуткім,405
траўмы,405
турмы,405
гармат,405
рукапіс,405
кампанію,404
багі,404
вырашылі,404
дыплом,404
чыгунка,404
прыродзе,404
вайной,404
балота,404
раённы,403
саюзе,403
літоўская,403
падтрымаў,403
грамады,403
зборы,403
поўным,403
месціцца,403
імперыяй,403
набыла,403
слуцкім,403
высновы,403
падрыхтоўку,403
асяроддзе,403
традыцыйныя,403
змяняецца,403
пашырэння,403
набор,402
наступнай,402
гдр,402
маладзечанскага,402
гораду,402
ўстаноўлена,402
знешняй,402
навучаўся,402
практыцы,402
турыстаў,402
найлепшым,401
расліннасць,401
чэшскі,401
мірны,401
расійскім,401
ваяваў,401
заснаваныя,401
шашы,401
уладанняў,401
турызму,401
налічваецца,401
рэалізацыі,401
сярэбраны,401
менск,401
ёю,401
праводзілася,400
хімічнай,400
ролях,400
мёрскім,400
эканоміцы,400
дзейнічаць,400
клубаў,400
рознай,400
піва,400
бнф,400
камбінат,399
рычард,399
абвясцілі,399
самкі,399
ахове,399
распачаў,399
блізкім,399
статусу,399
будаўнічых,399
сацыяльнага,399
позняга,399
працягвае,399
сястры,398
сто,398
вільню,398
выйшаўшы,398
ната,398
французскім,398
далучыліся,398
літаратуру,398
лесам,398
плыні,398
фінскай,398
прамысловых,398
меней,398
зялёнага,397
атакі,397
межаў,397
прыпыначным,397
франц,397
жакевіч,397
падоўжыў,397
кот,397
квантавай,397
вэб,397
планавалася,397
мой,397
камедыі,396
ноўгарад,396
ізраіль,396
крызісу,396
перакладу,396
буйным,396
ўпадае,396
магло,396
палесся,396
машына,396
ўваходзіў,396
здабыча,396
засталося,396
энцыкл,395
войску,395
акіяне,395
антонавіч,395
акмолінскай,395
вышэйшага,395
свабоднага,395
аднавіць,395
традыцыйных,395
зале,394
воласць,394
канфедэрацыі,394
літ,394
колераў,394
каналізаванае,394
пегас,393
ўзначальваў,393
адкрыцці,393
прадстаўніком,393
мяркуюць,393
класы,393
танкаў,393
заклікаў,393
глобус,393
его,392
артур,392
страцілі,392
апублікавана,392
асабістае,392
прастола,392
еўрапейскія,392
вуліцай,392
гарадамі,392
ява,392
адміністрацыя,391
гандлёвых,391
галоў,391
галін,391
пан,391
усімі,391
канцэрт,391
абвяшчэння,391
дадатковыя,391
сцвярджаў,391
нейкі,391
улікам,391
знакам,391
элементамі,391
евангелле,391
сааўтарстве,391
архіпелага,390
заснавальнікам,390
кароткая,390
аўстралія,390
валапас,390
бразілія,390
ахоплівае,390
пэўныя,390
спаса,390
нумары,390
пакаранне,390
грамадзянства,389
персанажаў,389
ядноўвае,389
салдаты,389
валожынскім,389
прымаць,389
сянюніі,389
тэхнікум,389
моцным,389
паэтаў,388
іосіфа,388
гімназію,388
іншую,388
заснавалі,388
дазволіў,388
штаты,388
старажытная,388
каралю,388
веды,388
транспартныя,388
сонечным,387
каналы,387
кінарэжысёр,387
го,387
раства,387
вакзал,387
занята,387
маёнткі,387
журы,387
календа,386
рымскія,386
календары,386
латвія,386
нашчадкаў,386
часовага,386
ўчасткі,386
вокны,386
срэбра,386
гарматы,386
вядзецца,386
вільгельма,386
удалося,385
чэмпіёнка,385
камісар,385
залатой,385
ваяводстве,385
мілан,385
папулярных,385
гандлёвы,385
ркп,385
аляксея,385
мовамі,385
персанажы,385
паслугі,384
іраку,384
белсэ,384
мексікі,384
пачынаюць,384
вызваленні,384
брэсцкі,384
пакінуўшы,384
ішлі,384
краінай,384
травы,384
паверх,384
правялі,384
журналісты,384
радзіме,384
ажыццяўляе,384
нацыі,384
яўрэі,384
насілі,383
тэхнічныя,383
адпраўлены,383
зборнікі,383
рус,383
астраном,383
фердынанд,383
дваццаць,383
сусветны,383
тура,383
спалілі,383
спецыяльнай,383
грамадзянскіх,383
кадраў,383
прамым,383
задача,382
фінляндыя,382
колас,382
прызваны,382
вілейскай,382
падабенства,382
традыцыйнай,382
інструменты,382
журналістаў,382
прастора,382
тэхніцы,382
юзафа,381
загаду,381
выдавец,381
перадаць,381
адзінага,381
польскімі,381
фарміраванні,381
хрысціянскай,381
стаялі,381
музычнага,381
масавых,381
су,381
ішла,381
сімвалаў,380
мастацтвазнаўства,380
горны,380
кі,380
калегіі,380
механікі,380
сямён,380
дзіцяці,380
збудаванне,380
найболей,380
зялёныя,380
выбраны,380
экспазіцыя,380
сустрэча,379
эстонскай,379
ўзаемадзеяння,379
паркі,379
далёка,379
трапілі,379
адмовіліся,378
венгерскі,378
жывапіс,378
доўга,378
вясны,378
сыну,378
настаўнікаў,378
страціла,378
раўнда,378
патрабуе,378
ціскам,378
праблема,378
турме,378
амерыка,378
насенне,378
запавету,378
акупіравана,377
дэвід,377
хрысціянскія,377
папулярны,377
паказалі,377
галавы,377
прызначэнне,377
вярнуліся,377
адказнасць,377
паставіў,377
распаўсюджвання,377
пазбегнуць,376
полюса,376
паветраных,376
злучэння,376
чатырма,376
аперацыю,376
высока,376
сезону,376
снд,375
ўзяў,375
адзенне,375
сышоў,375
тыраж,375
тая,375
паслом,375
вяртаецца,374
дызайн,374
аблогі,374
тэатральны,374
рыа,374
добры,374
альфонса,374
капітана,374
выяўленыя,374
ўвазе,374
воды,374
баевікоў,374
тэрмінам,373
шматгадовая,373
рабочы,373
віленскім,373
віктара,373
інструментаў,373
сродак,373
змен,373
беласток,373
пісьма,373
запісы,373
цераз,373
ядро,373
барыса,373
токіа,372
удзелу,372
рэстаўрацыі,372
цяжкія,372
адзначана,372
арол,372
вызначэнне,372
самім,372
тройчы,372
сапраўднае,372
ўключаюць,372
узровень,372
размешчаных,372
знішчана,372
шляхі,372
любы,372
інжынерам,372
камяні,372
дон,371
аддадзены,371
сцябло,371
яйкі,371
архіпелаг,371
літаратурнага,371
ўкраінскай,371
рыбалоўства,371
мясцовы,371
кампазіцыю,371
пражываў,371
карыстаюцца,371
сербаў,371
музеяў,370
археалагічны,370
вясна,370
ўраду,370
фальклор,370
бабруйскай,370
пакрыты,370
гуляць,370
доступ,370
развіццём,370
эрыдан,370
захворванняў,370
сабраны,369
рэдакцыйны,369
грамадзянскага,369
рассеянае,369
футбольнай,369
работу,369
паядынку,369
сабраў,369
самалёты,369
пакаленне,368
тэлебачання,368
князю,368
менскага,368
пасяджэнні,368
самалёта,368
кіраваць,368
лепш,368
літара,368
забяспечыць,368
ламбардыя,368
паражэння,368
часопісы,368
педагогі,367
запісу,367
масты,367
палескага,367
адзначае,367
львова,367
юнацтва,367
лука,367
старажытным,367
рэдкія,367
выдатныя,367
прыклады,367
лячэння,367
ваўкавыскага,367
ева,366
ліда,366
пояса,366
сіні,366
бела,366
апсіда,366
органам,366
сянюнія,366
метал,366
шахцёр,366
рашэнняў,366
паўвостраве,366
аркестра,366
дайшоў,366
плоскасці,366
каштоўнасцей,366
адрас,365
супраціўленне,365
тэрыторыяй,365
ўяўляюць,365
ўзялі,365
лукашэнка,365
ўведзена,365
ўсходняга,365
дырыжор,365
ліквідавана,365
афарбоўка,365
лодкі,365
пахаванні,365
батанікі,365
існаваць,364
фартэпіяна,364
баранавіцкім,364
ас,364
века,364
фазы,364
метра,364
франкаў,364
палескай,364
турын,364
хана,364
накрыты,364
сярэднявеччы,364
галаву,364
памяшканне,364
морам,364
адтуль,364
заменены,363
вітаўта,363
літоўска,363
цывілізацыі,363
афіцэр,363
папярэдніх,363
ўдзельнічала,363
пінскай,363
іслам,363
пабудаваць,363
ўтварае,363
павялічылася,363
аддаў,363
францыяй,363
тлумачыцца,363
філасофія,363
марцэлеў,363
рухавіка,362
смаргонскага,362
далучэння,362
ядзернай,362
вывучэнні,362
выканаўцы,362
мерапрыемстваў,362
рэакцыі,362
маз,362
даныя,362
пераможцаў,361
перадач,361
усходнім,361
жлобін,361
хрысціянскіх,361
налічвала,361
танк,361
лонданскага,361
грэкаў,361
храме,361
рэпрэсій,361
ўзнікнення,361
фільмах,361
сербія,361
падобная,361
палата,361
біяграфічныя,361
ужываецца,361
доўгіх,361
карона,361
гі,360
захворванні,360
марына,360
бліжэй,360
абрад,360
перыяды,360
этнічных,360
носьбітаў,360
парушэнне,359
якуб,359
закладзены,359
падаў,359
вузел,359
прэс,359
аднайменнага,359
энциклопедический,359
пясчаныя,359
марках,359
чыгуначнага,359
надзея,358
скот,358
правядзенні,358
валодалі,358
ашмянскім,358
праграме,358
формай,358
галоўнае,358
складаных,358
дакумент,357
фрг,357
святлана,357
сафіі,357
рэспубліку,357
скончыўся,357
блізкія,357
алі,357
напад,357
абраду,357
дададзены,357
каталікоў,357
дамамі,357
псы,357
лёду,357
дзмітрыя,357
издательство,357
бэ,357
афганістане,356
арышту,356
уласнасць,356
іаган,356
дзесяцігоддзя,356
філалагічных,356
азербайджанскай,356
выбуху,356
універсітэты,356
казак,356
таа,356
дваранства,356
іосіфавіч,356
дзеяннях,356
музыцы,356
паўднёвую,356
пакоі,356
дзесяці,356
геалогія,356
цырымоніі,356
опера,356
гончыя,355
злучаны,355
галоўную,355
функцыю,355
паводзіны,355
простых,355
выкарыстоўваючы,355
перакладаў,355
вод,355
ленінградскай,355
рэспубліканскай,355
вочы,354
кацярыны,354
раёнам,354
святароў,354
дэль,354
нансен,354
джавані,354
арбіты,354
кірава,354
заняпад,354
майстроў,354
дзяржаўнае,354
клімату,354
паўднёвыя,354
адвагу,354
ордэны,354
шры,354
алей,354
гледачоў,354
фрэйме,354
пагадненні,353
франсуа,353
ірына,353
раніцай,353
злучэнне,353
гісторыкаў,353
уцянскага,353
наступствы,353
аграгарадка,353
супраціву,353
мікалаеўская,353
табліца,353
прозы,353
стаўленне,353
майстэрства,353
стр,353
агульных,352
папярэдняе,352
знішчэння,352
ўдзельнікаў,352
невялікім,352
хрыбта,352
бяроза,352
бор,352
мін,352
указ,352
федэрацыя,352
бюст,352
адрасе,352
эксплуатацыі,352
правай,352
ежу,352
забалочаныя,352
атлантычнага,352
им,352
сядзібнага,352
вікторыя,351
лёгкіх,351
будучыні,351
работнікаў,351
хан,351
формулы,351
дзіцячыя,351
пояс,351
ігналінскага,351
жыхарамі,351
канструкцыя,351
злучаныя,351
нароўні,351
карт,351
абазначэння,351
рук,351
эсэ,351
дазволілі,351
колішнія,351
выразна,351
выехаў,351
ішоў,351
калектыў,350
пяты,350
прыйшла,350
памеру,350
прафесійнай,350
словамі,350
міцкевіча,350
хрыстос,350
некаторымі,350
пытання,350
жанру,350
уваходзяць,350
лепшым,350
экспазіцыі,350
завяршэння,350
студэнты,350
астравецкага,350
любой,349
страчаная,349
чарнагорыі,349
ўсталяваны,349
багаты,349
вікіпедыі,349
сукупнасць,349
сойм,349
спецыяльныя,349
венгерскага,349
ліквідаваны,349
паўночныя,349
скрыжаванні,349
невядомы,349
улад,349
староства,349
об,349
прыход,349
выдадзена,348
фунтаў,348
гадовага,348
туры,348
святая,348
спробу,348
абсерваторыі,348
каліфорнія,348
гэтымі,348
працягваецца,348
бабруйск,348
староста,348
раённай,348
ваколіцах,348
зварот,348
камандай,348
характеристика,348
археолагі,348
іўеўскага,348
азербайджан,347
супрацоўнікам,347
поп,347
львоў,347
асобнікаў,347
ігналінскім,347
дасягнулі,347
спевакі,347
мужчынскай,347
армянскага,347
общая,347
палёў,347
ўмацаванні,347
значным,347
палі,347
навуцы,347
зацьменні,346
апісаў,346
роберта,346
тыдняў,346
партызанскі,346
сакратары,346
ун,346
традыцыя,346
гаспадара,346
дазволу,346
патрэбы,346
фр,346
возерам,345
славеніі,345
рымскіх,345
францішка,345
атрыманы,345
доктарскую,345
косава,345
спыніла,345
лічыліся,345
ехаў,345
выкарыстанні,345
спаборніцтвах,345
апісання,345
дэпо,345
росквіту,345
драўлянымі,345
алтар,345
бакавых,344
квт,344
юрыст,344
брытанскія,344
рассеяныя,344
рымская,344
арабскай,344
адміністрацыйнага,344
германскіх,344
памяшканняў,344
робяць,344
сляды,344
хімічны,344
само,344
сацыяльная,344
супрацоўнічаў,344
могілак,344
імператары,344
пазбаўлены,343
пабудавалі,343
военачальнік,343
вядуць,343
пошуку,343
завяршыў,343
медалёў,343
арэне,343
афіцэры,343
брамы,343
докшыцкага,343
заняты,342
дала,342
аварыі,342
снукер,342
святара,342
станцый,342
запасы,342
знішчыў,342
белае,342
гістарыяграфіі,342
падыход,342
турніраў,342
савецкімі,341
народным,341
зборнікаў,341
цягнік,341
вароты,341
спрэчкі,341
прыватнай,341
навіны,341
музычная,341
маршалак,341
гама,341
нді,341
рухавіком,340
пабудаваная,340
етнама,340
літаратуразнавец,340
сталіна,340
збудаваны,340
мядзельскім,340
губернатарства,340
цесна,340
агульнае,340
фізічных,340
поспехі,340
секцыі,340
шляхецкага,340
ставіцца,340
памерах,340
каменны,340
сусветных,340
прысвечана,340
бельгія,339
алімпійскі,339
прысутнасці,339
ота,339
чорных,339
магілы,339
індыйскага,339
аспірантуру,339
адказаў,339
суму,339
веснік,339
рэчаіснасці,339
ніжняга,339
мелася,339
вадкасці,339
вучобы,339
паслы,339
адсутнічаюць,338
камуне,338
акруговай,338
яднанні,338
віктаравіч,338
біскупам,338
раўндзе,338
вучэнне,338
колькі,338
палёт,338
фрэйм,338
узнік,338
стаяла,338
творчай,338
падобна,338
буйной,338
называўся,338
абавязкова,337
аўтарскім,337
адмірал,337
паўнамоцтваў,337
альберт,337
сцяпанавіч,337
маршал,337
канстанцінавіч,337
уладаў,337
партызанскай,337
невялікімі,337
гомельскім,337
адмовіцца,337
абавязкаў,337
левай,337
вучылася,337
перасякае,337
каменныя,337
слуцк,337
ўласнай,337
лявон,336
працоўную,336
развіваюцца,336
граматы,336
культурным,336
супрацоўніцтве,336
падсямейства,336
рухам,336
апарата,336
мі,336
старэйшым,336
народу,336
складаныя,336
разглядаецца,336
меркаванні,336
рэльефу,336
дар,336
становішчы,336
прысутнічае,336
берагавая,336
пазіцый,336
уласна,336
мары,335
гаспадарчыя,335
пухавіцкі,335
выявілі,335
шчучынскім,335
аблічча,335
эканамічным,335
дарослых,335
ўласныя,335
круг,335
горацкага,335
транспартная,335
змену,334
максімуму,334
двухсхільным,334
увосень,334
падання,334
сапраўдны,334
ўдар,334
індыя,334
рад,334
дэталі,334
днк,334
падтрымлівае,334
шырокую,334
сімвалізуе,334
царом,334
памочнікам,334
атрымлівалі,334
жаночага,334
медыкі,334
цяперашняга,333
астэроіды,333
важнае,333
фашысцкімі,333
нападнік,333
падпісання,333
мерапрыемствы,333
глыбокае,333
архітэктурна,333
простыя,333
племя,333
мільёна,333
дзесяцін,333
агнём,333
саўгаса,333
сцягі,333
пісьмо,333
найлепшых,332
перайменаваныя,332
руды,332
дэмакратыі,332
увайшлі,332
мер,332
ўзброеных,332
гомельскі,332
выкарыстоўваў,332
ніл,332
перавароту,332
дзмітрыевіч,332
галоўнымі,332
прынца,332
меліся,332
рознага,332
надзеі,332
выклікаў,332
калегіума,332
калектыве,331
вацлаў,331
сцяпан,331
вучыцца,331
выканана,331
даху,331
зону,331
друкарні,331
выраб,331
дадзеным,331
ўдзеле,331
канчатковым,331
рэзідэнцыя,331
ўзоры,331
мясцовае,331
нарыс,331
асвета,331
ўключала,330
прадстаўніцтва,330
цэлы,330
разбіты,330
дакументальная,330
масавыя,330
чвэрці,330
калоній,330
рыгора,330
праваслаўнага,330
купалам,330
трое,330
становяцца,330
сенненскага,330
барысаўскім,330
блок,330
прыхільнікам,330
суткі,330
успаміны,330
пастаяннага,330
жоўты,330
мужчынскага,330
маладым,330
кватэра,330
спектаклі,330
бальшавікоў,329
восені,329
музыкант,329
вынікае,329
абласны,329
тытулам,329
прысвечаная,329
варшаўскага,329
жаночай,329
жаночы,329
малюнкі,329
гвалту,329
вена,329
раманы,329
змяшчаюць,328
калумбіі,328
адпаведныя,328
кітайскі,328
гняздо,328
рсдрп,328
роўныя,328
кіруе,328
праводзілі,328
аднаму,328
выпушчана,328
прапанову,328
афіцыйнага,328
натуральных,328
сучасную,328
пашырана,327
кансерваторыі,327
высокае,327
прыбылі,327
напалеон,327
вайніловіч,327
карыстаўся,327
агульную,327
залатога,327
намер,327
спыніў,327
саду,327
палкоўніка,327
глебе,327
базу,327
актыўных,327
выступаюць,327
служылі,327
полу,327
выбраныя,327
васьмі,327
драўляных,327
ўзніклі,327
ратуша,327
рэгістрацыі,326
герцагавіны,326
выхаванец,326
працяг,326
пецярбургскага,326
продаж,326
блізкага,326
часовы,326
уласнасці,326
забіць,326
ўнутранай,326
парка,326
іркуцкай,326
ранейшаму,326
выпадкі,326
забаронена,325
аўтамабіля,325
пакістана,325
аўтаноміі,325
вусці,325
назвалі,325
пакрыта,325
кавалер,325
раўнд,325
рэжысёрам,325
парламенцкіх,325
лагойскага,325
важны,325
лесе,325
дух,325
малюнкаў,325
будынкам,325
імкнуліся,325
праліў,325
рудня,325
абразы,325
апісаны,324
цвіце,324
джо,324
выканаўчы,324
кан,324
настаўніка,324
вашынгтон,324
індзейцаў,324
рабоў,324
прайсці,324
паведамленне,324
нарысы,324
вызначыўся,324
сутнасць,324
падаткаў,324
перабудаваны,324
марак,323
работнік,323
дзіцячай,323
маладосць,323
пярэдняй,323
залатыя,323
афрыка,323
жоўтыя,323
эксплуатацыю,323
захоп,323
царкоўнай,323
кара,323
легенда,323
якасць,323
юпітэра,323
геаграфіі,323
праграмавання,323
багдановіч,323
узбярэжжа,323
сямёнавіч,323
рабіў,323
алфавіт,323
паветры,323
псіхалогіі,323
меркавання,323
мясцовымі,323
выдатны,322
людміла,322
альбрэхт,322
слоўніка,322
жонку,322
гарадское,322
родам,322
міжземнамор,322
бульбы,322
завуць,322
абшчына,322
каўказе,322
лепельскага,322
уладальнікам,321
жаданне,321
падпісалі,321
косці,321
данія,321
асамблеі,321
патрыярх,321
лідара,321
аказалася,321
лекцыі,321
вёсках,321
каралеўскім,321
пацярпела,321
пал,321
тэрміна,321
узнікла,321
пастаянная,321
эпоха,321
век,321
слава,321
адлюстраванне,321
званыя,321
пустыні,320
адзіную,320
пажар,320
запрошаны,320
працягвала,320
футбола,320
валодаюць,320
эвалюцыі,320
свіслач,320
водзяцца,320
шэрага,320
рэабілітаваны,319
кабінет,319
юлія,319
нацысцкай,319
манархіі,319
лясных,319
габсбургаў,319
брытаніі,319
павелічэнне,319
зміцер,319
лукі,319
душ,319
усім,319
найбуйнейшым,319
удзельнікам,319
загадчыка,319
апостала,319
витебской,319
артыстка,318
выканаўца,318
размах,318
адноснасці,318
прапановы,318
сацыяльныя,318
архібіскуп,318
абмену,318
ры,318
любога,318
архітэктурны,318
сектара,318
прыпадае,318
вопыт,318
знешні,318
размеркаванне,318
камянёў,318
выходзяць,317
лацінскага,317
блізкіх,317
конрад,317
марціна,317
форт,317
ансамбля,317
атрыманне,317
тэхналогія,317
органамі,317
ісці,317
нізіны,317
старонках,317
акруг,317
ніна,316
язэп,316
уваход,316
армянскі,316
кахання,316
продкі,316
масіў,316
узяты,316
кашталян,316
падае,316
прыпяці,316
алеся,316
вучоных,316
сінгл,316
ўваход,316
рыс,316
спаборніцтваў,316
паласы,315
заводы,315
абмежавана,315
высокую,315
дракон,315
радок,315
выраз,315
павышэння,315
кандыдацкую,315
надпісам,315
успамінаў,315
кіравалі,315
статуі,315
здаўна,315
рамане,315
ўварвання,314
эстонія,314
хваля,314
культ,314
бабруйскім,314
нямецкую,314
мітрапаліта,314
цел,314
змянілася,314
фота,314
ночы,314
еў,314
ўзнікае,314
пэўную,314
цяжкасці,314
версій,314
каштоўных,314
універсітэтаў,314
візантыйскай,314
разнастайных,314
каштоўнасць,314
застаюцца,314
свядомасці,314
заваяваў,314
фабрыкі,314
пособие,314
мінімум,313
вядучых,313
перайменавана,313
траўня,313
максімальнай,313
сцюарт,313
трамп,313
рукапісы,313
намеснікі,313
заявіла,313
спадарожніка,313
сойма,313
кракаве,313
ленінскага,313
хельсінкі,313
дзясяткаў,313
ахвяры,313
звязаная,312
царкоўна,312
пакроўская,312
дыпламатычныя,312
кім,312
антоніа,312
пачало,312
увайшла,312
вяла,312
суддзя,312
украінскага,312
назіранні,312
паўстала,312
зброяй,312
знікнення,312
моцныя,311
вырашаны,311
канале,311
шпіталь,311
заключаны,311
важнай,311
загадзе,311
ўка,311
прозвішчы,311
трэнера,311
вольным,311
сутыкненні,311
паведамленні,311
казаў,311
гонцы,311
кляштары,311
епархія,311
насякомыя,310
джорджа,310
рабоча,310
выступілі,310
расстраляны,310
арганізатар,310
іванаўна,310
цягнікоў,310
научно,310
аператар,310
падзенне,310
лагойскім,310
пражываюць,310
пакінула,310
этымалогія,310
спалучэнне,310
сетку,310
бізнес,310
жоўтага,309
звольнены,309
морфаметрычныя,309
баявой,309
стваральнік,309
георг,309
дзесяцігоддзі,309
буйная,309
кобрынскага,309
пухавіцкім,309
газету,309
прастору,309
знізу,309
рэспублік,309
кантракта,309
карчма,309
незалежных,309
кіраванні,309
нападаў,309
замежнай,309
польскае,309
класе,309
маршрут,309
парушэнні,308
солі,308
ногі,308
ушацкага,308
заходне,308
рэспубліканскі,308
эдуарда,308
спадарожнікі,308
шляхта,308
бывае,308
знешняя,308
навуковае,308
стаяць,308
кропка,308
асабісты,308
манаграфій,308
сельскагаспадарчага,308
тэлебачанні,307
кіраваннем,307
хрыбет,307
гімназія,307
устаноўлены,307
беларуссю,307
альберта,307
паласа,307
карціну,307
спецыяльнага,307
зялёная,307
скарб,307
каўказа,307
акупавана,307
звонку,307
ток,307
аўтарства,307
рэйтынгавы,307
даты,306
поспехам,306
чарлз,306
прызнана,306
пазбаўлення,306
людвіг,306
ярка,306
відамі,306
драўлянага,306
пахаванне,306
целы,306
нагор,306
працягваліся,306
скота,306
карэспандэнты,306
павелічэння,305
прамавугольнымі,305
звычайная,305
кнігазбор,305
лясная,305
пляцоўка,305
цень,305
арсенал,305
рэчыцкім,305
пошук,305
водных,305
завулак,305
залежнасць,305
ду,305
тканіны,305
панавання,305
курсаў,305
абмежаваны,305
арганізма,305
каардынатамі,304
галінах,304
дыскаграфія,304
калектывы,304
германскага,304
іран,304
аднавіў,304
поўнасцю,304
кардынал,304
багіні,304
цэнтральную,304
сваякоў,304
геаграфічных,304
стравы,304
паліцыя,304
паспрабаваў,304
абкама,304
наконт,304
выхаванне,304
кроў,304
мінералы,304
канцэпцыя,304
трагедыі,304
могільнік,304
артысты,303
створаныя,303
паперы,303
грэчаскіх,303
алены,303
бралі,303
статуя,303
спартыўных,303
паслядоўна,303
рэчаў,303
малака,303
балоты,303
найбольшую,303
выдаецца,303
адміністрацыйных,303
унутраная,303
духа,303
жанр,303
суадносіны,303
старонкі,303
шкла,302
прамой,302
інжынерна,302
украіну,302
шон,302
мексіка,302
мемарыяльны,302
прысвечаныя,302
палітычнае,302
багатыя,302
прынесла,302
рота,302
дэкаратыўна,302
міні,302
англійскую,302
ганаровага,302
рэйтынгавых,302
тэрміну,301
зацьменнем,301
лічынкі,301
нарвегія,301
прыехаў,301
белымі,301
практыкі,301
ўласных,301
перайсці,301
раёнамі,301
слуцкі,301
каледжа,301
пацвердзіў,301
палявання,301
бачыў,301
прафесійных,301
грэкі,301
адзінае,301
персанаж,301
тую,301
дачок,301
янам,300
губернскага,300
здольны,300
тэалогіі,300
рэч,300
люксембург,300
сястрой,300
танкі,300
паведамляе,300
выклікалі,300
ворагаў,300
тыдні,300
пляцоўкі,300
сінагога,300
афіцыйныя,299
ко,299
хімічныя,299
заваявання,299
метрапалітэн,299
стывен,299
агулам,299
вучэбна,299
знішчылі,299
асацыяцыя,299
актрысы,299
культурная,299
кропкі,299
танцы,299
фларэнцыі,299
спосабам,299
ранняй,299
адкрытых,299
харчовая,299
дзевяць,299
выкарыстаў,299
напісання,299
сума,298
вядзення,298
разведкі,298
хв,298
дзіцячая,298
оф,298
актыўныя,298
дакументальны,298
праекту,298
прыродныя,298
правам,298
дыск,298
акцябрскага,298
выпусціў,298
партыяй,298
прэзідэнце,298
саветам,298
пойма,298
звязда,298
кнігах,298
злачынства,298
распаўсюджаная,297
фірмы,297
пакідае,297
перабраўся,297
мінулага,297
срэбраны,297
спартыўныя,297
жыгімонт,297
майстра,297
актыўную,297
паветы,297
рызе,297
чын,297
прызавы,297
дывізій,297
энергію,297
дзецьмі,297
ўласна,297
будаўнічы,297
гаворка,297
камеры,297
дамен,296
воранаўскага,296
лепшыя,296
шведскага,296
генеральным,296
воля,296
кук,296
святары,296
барысаў,296
карагандзінскай,296
геаграфічнага,296
спадарожнікаў,296
чалавечага,296
будовы,296
сенненскім,296
рэгіёну,296
жаночая,296
паразы,296
злучана,295
зацвердзіў,295
адпаведных,295
рэзідэнцыі,295
ствараць,295
служаць,295
планета,295
дзяўчына,295
дасягнуць,295
каляровых,295
залу,295
рана,295
фінансавых,295
юрыдычны,295
насіў,295
матывы,295
найбольшыя,294
чацвёртага,294
далейшага,294
дуб,294
мсціслаўскага,294
архітэктурных,294
ўтвораны,294
сабраныя,294
абласной,294
бібліятэку,294
мясцовая,293
моладзевай,293
пастановы,293
пошукі,293
кампазітара,293
дадзенага,293
хуткасцю,293
напісаная,293
перадача,293
вернуты,293
прамое,293
асобнага,293
каўказ,293
выхавання,293
дзіцячых,293
сфера,293
радзіма,293
мир,293
сады,293
выданнях,292
інакш,292
поўную,292
камянецкага,292
глеб,292
асобай,292
судом,292
рэвалюцыйнага,292
лагера,292
падраздзяленняў,292
завяршэнні,292
спецыяльны,292
мусульман,292
ин,292
механіка,292
сувязяў,292
напр,292
развіты,292
стылем,292
стварыла,292
жывёлагадоўлі,292
ствараецца,292
паданні,292
шырыню,291
працоўныя,291
патрапіў,291
манголіі,291
хвост,291
прычынах,291
юнайтэд,291
заключыў,291
захаваў,291
ярусная,291
накшталт,291
перапіс,291
заявілі,291
пахавання,291
райвыканкама,291
рэсурсы,291
падтрымкай,291
газаў,291
нормы,291
суддзі,291
добрай,291
найперш,291
тытулы,291
пайшлі,291
палёту,291
механізм,291
алтары,291
дасягаюць,290
сената,290
канстытуцыю,290
гарнізон,290
захопнікаў,290
хаты,290
белорусская,290
дзеяннем,290
талачынскага,290
павялічваецца,290
сістэмах,290
ўжыванне,290
італьянскіх,290
пераважае,290
зносіны,290
ўзяць,290
меркавалася,290
каштоўныя,290
выключаны,289
макс,289
найбуйнейшыя,289
адкрыўся,289
пратэсты,289
бежанцаў,289
меркавана,289
казакоў,289
актыўнасці,289
мазырскай,289
змяніла,289
зместу,289
юрыдычных,289
апісанні,289
пакой,289
дыялекты,289
аршанскі,289
формула,289
арганізмаў,289
прымала,289
сведкаў,289
ням,288
пабудаваныя,288
акадэмічнага,288
моды,288
судзе,288
вышэйшым,288
старшым,288
называцца,288
ўстаноўлены,288
абедзвюх,288
вывучэннем,288
неадкладна,288
праяўленыя,288
звычайнай,288
знішчэнне,288
ператвораны,288
вайсковых,288
падрыхтаваў,288
валынскага,288
прыкметы,288
шчупак,288
песняй,288
задачай,287
уваходам,287
пітэр,287
герман,287
прыведзены,287
дзед,287
чарговы,287
гарадскую,287
фердынанда,287
арыентацыі,287
архітэктурныя,287
публікацый,287
акцябрскі,287
электрычнага,287
вядучы,287
памочнік,287
знойдзеныя,287
следства,287
вёскай,287
магістра,287
атрымліваў,287
мадыфікацыі,287
дзятлаўскага,287
саветнік,287
набылі,286
капітанам,286
мазыр,286
ях,286
германскія,286
самцоў,286
знешніх,286
навасёлкі,286
троцкі,286
надпісы,286
водна,286
маёнткаў,286
ўбачыць,286
беларуску,286
заняць,286
вяртанні,286
зборніка,286
папулярнай,286
побыту,286
астравецкім,286
лугах,285
біялогія,285
ліцэй,285
здольныя,285
трывала,285
імперыю,285
сапегі,285
сябар,285
дапаможнік,285
уваходзілі,285
чыкага,285
рухі,285
фізічнага,285
вадасховішчы,285
поглядаў,285
прызнання,285
асобнымі,285
вырабляецца,285
ствараюць,285
дэрбі,285
чацвёртым,284
казахстане,284
сцягу,284
царкоўны,284
першынства,284
фігур,284
мадрыд,284
наведвальнікаў,284
партызанская,284
будова,284
журнал,284
рэкорд,284
малодшым,284
стар,284
званай,284
каледжы,284
фільмаграфія,284
назваць,284
ноччу,284
сборник,284
спа,284
установах,284
цягнікі,284
славянскай,283
ратушы,283
хмызняком,283
адмовілася,283
антоній,283
брытанскім,283
фіфа,283
званіцы,283
члена,283
рэал,283
палессі,283
участках,283
гісторыяй,283
прамысловай,283
сцэнарый,283
кухні,283
падтрымлівалі,283
гіст,283
версію,283
масу,283
звычайных,283
чарнавіцкай,283
лідскім,283
прафесійна,283
хлеб,283
размеркавання,283
суднаў,283
баварыя,282
гідра,282
падпісана,282
адкрылася,282
дзяржаўнасці,282
выкладчыкаў,282
вал,282
немцамі,282
актыўнасць,282
укладальнік,282
абсталяваны,282
глыбока,282
этнічнай,282
вестник,282
круга,282
імёнаў,281
рэйтынг,281
пружанскім,281
арганізавана,281
лідскі,281
рагачоўскага,281
асобным,281
праёмы,281
рабочай,281
навагрудскім,281
падтрымка,281
вызначаюцца,281
нясвіжскага,281
арганізацыямі,281
дэбют,281
нізкай,281
асаблівую,281
спалучэнні,281
асабістай,281
их,281
гонкі,280
дывізіёна,280
анры,280
ушацкім,280
якаўлевіч,280
горнай,280
праве,280
італьянская,280
імператараў,280
вялікалітоўскі,280
суворава,280
буйнымі,280
дывізіён,280
хоры,280
карэя,280
асіповічы,280
венгерская,280
ганаровая,280
пінск,280
наведваў,280
сітуацыю,280
вучонага,280
шырокая,280
душу,280
вырашэння,280
грыбы,280
людзям,280
пабудова,280
атамаў,280
посуд,280
сярэбраныя,280
прыватныя,279
вугал,279
нізкі,279
галавой,279
будаваць,279
улада,279
сялянскіх,279
выяўляецца,279
англію,279
сенат,279
мікалаеўна,279
нумарам,279
спартыўная,279
прадметам,279
прама,279
сабак,279
незадоўга,279
дзяцінстве,279
палессе,279
науч,279
трыпалі,279
блакітны,278
рухавікі,278
маскоўская,278
адкрылі,278
пачатковай,278
вярхоўнай,278
спектакль,278
спрабуе,278
збораў,278
пошта,278
пінскі,278
пілястрамі,278
судоў,278
сыравіны,278
распрацавана,278
багата,278
мазырскім,278
артыкула,278
нібы,278
вадаёмаў,278
бгу,278
бешанковіцкага,278
жаночыя,277
тадэвуша,277
сапега,277
тбм,277
ганаровае,277
летапіс,277
садружнасці,277
шары,277
гуку,277
міжнароднае,277
рукапісаў,277
былым,277
перавозкі,277
нова,277
сафія,277
папулярным,277
вяселле,277
сілах,277
развівалася,277
ветру,277
забітых,277
асср,277
размаўляюць,277
імкненне,277
унутранай,277
акунь,277
мужам,276
рабства,276
прызнала,276
імператарскага,276
маладзечанскім,276
парыжскай,276
жыццём,276
віленская,276
грамадскім,276
вызначана,276
арганічных,276
вучобу,276
адпавядаюць,276
папулярныя,276
кароткіх,276
рэдакцыя,276
венецыя,276
кантэксце,276
летию,276
хімічная,276
хворых,276
палях,276
сродкамі,276
саюзам,276
падножжа,276
наваколлі,276
паркавы,275
яраслаў,275
дэлегацыі,275
вкп,275
каліфорніі,275
часткамі,275
выбаршчыкаў,275
гаспадарчых,275
геркулес,275
праспекта,275
крыжам,275
сцэна,275
просьбай,274
хуан,274
прывесці,274
палажэнне,274
вайсковыя,274
вока,274
мюнхен,274
затрыманы,274
дзеяча,274
найчасцей,274
знаходзіць,274
днепрапятроўскай,274
яднанай,274
іўеўскім,274
камандуючага,274
знешняга,274
прага,274
твар,274
навуковую,274
македонія,274
ня,273
драўлянай,273
фасадаў,273
ўнутранага,273
мячэць,273
мастацкае,273
званая,273
прыналежнасці,273
выступіла,273
войн,273
партыйнай,273
дрэнна,273
кампазіцый,273
займаюцца,273
моўнай,273
дэмакратычных,273
верхнядзвінскага,273
лейтэнанта,273
бываюць,273
арабскіх,272
чорна,272
книга,272
домам,272
каэфіцыент,272
ўмоў,272
навучальнай,272
шведская,272
ірак,272
апостал,272
касмічнай,272
кашалёўскага,272
станцыю,272
закону,272
рэпрэсіі,272
супраціўлення,272
саманазва,272
сектар,272
эканамічная,272
колаў,272
падполля,272
езду,272
проблемы,272
дало,271
снк,271
рэвалюцыянеры,271
аблвыканкама,271
беларусьфільм,271
спадчыннікам,271
найноўшы,271
энергетыкі,271
крыма,271
вв,271
актаў,271
тэхналагічны,271
выглядае,271
моц,271
запаведнік,271
чалавечай,271
фактараў,271
параненых,271
філасофію,271
прыхільнікамі,270
ўсталявана,270
правадыр,270
генацыду,270
лётчык,270
пінску,270
ста,270
ўтрыманне,270
гіпотэза,270
органах,270
выконваюць,270
адны,270
ўвядзення,270
кабінета,270
нечакана,270
алеі,270
распрацоўку,270
ўзведзены,270
ўзнагароджаны,270
сб,270
друкарня,269
грэчаскі,269
кераміка,269
прынцыпаў,269
французаў,269
медычы,269
паветаў,269
вуліцах,269
магчымым,269
прайграў,269
прэмій,269
лук,269
стаўбцоўскага,269
трапляе,269
прымянення,269
ўзор,269
пасадах,269
заняткаў,269
забітыя,269
сухіх,269
будаўніцтвам,269
валюты,269
пазіцыя,269
дадатковы,269
герцагам,269
ўжываюць,269
адміністрацыйныя,269
балгарскай,269
каралеўская,269
злотых,269
вядомымі,268
ту,268
касцюшкі,268
латвійскай,268
гімна,268
гаспадар,268
стадыёне,268
запас,268
пару,268
мазавецкага,268
паўторна,268
прызнаць,268
накіравана,268
мястэчкі,268
трапічных,268
рэйха,268
народам,268
знішчыць,268
дасягнення,268
расліннасці,268
рухаў,268
трапляюцца,268
турму,268
брагінскага,268
все,268
прысвяціў,268
вытворцы,267
аравіі,267
этнограф,267
уільямс,267
перамоў,267
рэччу,267
карыстацца,267
сценах,267
рабочага,267
заснаванне,267
майстрам,267
выклікаць,267
брамнікам,267
данецкай,267
гвардзейскай,267
строга,267
структур,267
забяспечваюць,267
практыка,267
лячэнне,267
геаграфічнае,267
далейшае,267
складанай,267
прылада,267
называе,267
вокнамі,267
пазначаны,266
пэўнага,266
кнр,266
харватыя,266
вітаўт,266
спартыўнай,266
еса,266
ўзнікаюць,266
сайте,266
выток,266
пачатковая,266
вылучана,266
недахоп,266
дыялектаў,266
асаблівай,266
нацыянал,266
раннім,266
выконвалі,266
абшчын,266
прапаганды,266
малюнка,266
рэакцыя,266
спынення,266
касмічных,266
плануецца,266
італьянскім,266
сценамі,266
богам,266
магнітнага,266
варыянтаў,266
вены,265
выявамі,265
называць,265
старонцы,265
рыга,265
металу,265
заліве,265
завяршылася,265
львове,265
ферма,265
годдзю,265
інфармацыйных,265
зробленыя,265
дзясяткі,265
марская,265
спрыяе,265
новымі,265
арачнымі,265
биографический,265
камуністаў,265
жыло,265
паставы,265
здолела,265
шчыльнасці,265
словам,265
дамагчыся,265
рыжскага,265
сцяна,265
маёра,265
давыд,265
кавалерыі,265
скарачэнне,264
закрыты,264
наступлення,264
адольф,264
прускай,264
вмф,264
паўлу,264
мянушку,264
ўсяе,264
падраздзяленне,264
іспанскага,264
прыходзіць,264
фасадзе,264
лічбы,264
прайшло,264
сельскае,264
акты,264
царкоўных,264
лізавета,264
ль,264
руіны,264
ўтвараюцца,264
арла,264
увагі,264
ўласнага,264
сканаў,264
ўпраўленне,264
давялося,264
эдварда,264
сядзібна,263
рэжыме,263
чэхія,263
патрэб,263
мэры,263
міністэрстве,263
радзімы,263
аркестр,263
чорнае,263
цароў,263
вест,263
веру,263
забаронены,263
крупскага,263
зачынены,263
сведчанні,263
волю,263
жалезнага,263
вырас,263
армянская,263
ззаду,263
шчыта,263
плотка,263
землякам,262
партыйны,262
створанай,262
распавядае,262
некалі,262
паняцці,262
перавагі,262
атлас,262
ар,262
фармаце,262
яўрэйскія,262
просты,262
неабходныя,262
знаходзячыся,261
лугі,261
покрыва,261
гай,261
андрэ,261
вілейскі,261
расійскімі,261
рэферэндум,261
паходзяць,261
смалявічы,261
біскупы,261
англійскім,261
узбекістана,261
дзеліцца,261
абвінавачванні,261
розны,261
рэдкіх,261
паказаць,261
злёгку,261
экспарту,261
абумоўлена,261
ляжаць,261
бачны,261
работа,261
кафэ,261
гандлёва,261
мемарыял,261
фігура,261
дошкі,261
снукерысты,261
будаўнічага,260
злачынствы,260
жизнь,260
крок,260
накіраваў,260
духоўную,260
прыняцце,260
напісаныя,260
сучаснасць,260
радыус,260
французскую,260
англійскіх,260
знака,260
вучні,260
манет,260
прыналежнасць,260
моцнага,260
гк,260
сек,260
маршалка,260
вагонаў,260
кінафестывалю,260
фармат,259
выраблены,259
абраза,259
шматгадовыя,259
сымон,259
зіма,259
рускімі,259
султан,259
пасяліўся,259
аблога,259
татары,259
рубенс,259
акад,259
дэлегаты,259
канфліктаў,259
прывілеі,259
хваль,259
чыгунцы,259
прыгоды,259
асабістым,259
ніводнага,259
мовазнаўства,259
яек,259
штатах,259
лепельскім,259
канцэрты,259
проза,259
найлепшая,259
прыватная,258
капыльскага,258
драўляным,258
смаргонскім,258
чэлсі,258
скульптары,258
гульца,258
змяніць,258
камісію,258
доступу,258
распаўсюджваецца,258
вобласцю,258
губернатарам,258
сучаснае,258
дамовы,258
прыкладу,258
гулялі,258
эканамічнае,258
прыгажосці,258
дадаткова,258
комплексы,258
центр,258
нядаўна,258
залівы,258
дзяржынскім,257
партугалія,257
лена,257
саюзу,257
неўскага,257
далёкі,257
семінарыю,257
пераходзе,257
патрыярха,257
дапамагчы,257
прагі,257
савецкую,257
традыцыйны,257
правяла,257
малога,257
ніла,257
залатых,257
заключаецца,257
росквіт,257
прысвечаных,257
інтэлігенцыі,257
грэчаскія,257
дадатковых,257
складзена,257
рухавікоў,257
палітычнымі,257
паветраныя,257
каменных,257
прапануе,257
пладоў,257
тытула,256
суполкі,256
что,256
ўступілі,256
франчэска,256
менску,256
дамінік,256
французы,256
называў,256
філасофскіх,256
выяўлення,256
ўнутраныя,256
масай,256
жывой,256
асаблівасцю,256
гуманітарных,256
слуцкай,256
горная,256
судовай,256
выбітныя,256
жывёлагадоўля,256
грузаў,256
увогуле,256
элементарных,256
упраўленне,256
белта,256
лицах,256
абавязаны,255
дробнымі,255
насяляюць,255
густаў,255
выходзіла,255
калонія,255
карлам,255
граніцы,255
іспанская,255
дамогся,255
шлюбам,255
военачальнікі,255
марыяй,255
карце,255
паходжанні,255
спартыўны,255
надрукаваны,255
запісаны,255
чырвонымі,255
царкоўныя,255
дна,255
прадстаўніка,255
аддзеле,255
нясе,255
навакольных,255
выйграўшы,255
эфіопіі,254
фаўна,254
паэтэса,254
манахаў,254
іерусалім,254
летнія,254
ўскі,254
багацце,254
ідэалогіі,254
чалавеку,254
вымушана,254
фінальным,254
прапанавана,254
відам,254
кандыдатам,254
вольны,254
атрымліваецца,254
сумы,254
цары,254
ёзна,254
увесну,254
добрыя,254
дзевяці,254
баевікі,254
жылога,254
афіны,254
рускае,253
адваротным,253
захоўваліся,253
яднанняў,253
найважнейшых,253
давід,253
перамогай,253
царкоўнага,253
апсіды,253
маргарыта,253
страт,253
готыкі,253
медзі,253
рамонт,253
крыло,253
метадам,253
чэмпіянатаў,253
блока,253
пахавана,253
ца,253
увёў,253
нідэрландах,253
травяністых,252
біскупаў,252
асобную,252
ўведзены,252
слуцку,252
купал,252
абрады,252
архіве,252
смаленска,252
паўладарскай,252
прыцягнення,252
пагрозы,252
органа,252
маленькі,252
ўтрымлівае,252
большасцю,252
раздзелы,252
летні,252
прымаюць,252
рэках,252
зняволеных,252
антона,252
схема,252
пагадзіўся,252
прад,252
большы,252
доп,252
званых,252
хатніх,252
спецыялізуецца,251
прынцыпу,251
зарэгістравана,251
каменнага,251
леапольд,251
княствам,251
падводныя,251
заказнік,251
размнажэнне,251
сена,251
прагляд,251
туркі,251
караль,251
смаленскі,251
азначала,251
камандзіры,251
ўлетку,251
верхнядзвінскім,251
расчлянёны,251
парламенце,251
прынцыпе,251
падзея,251
шчыльна,251
кірыла,251
прыроднага,251
паступае,251
дыялект,251
умовы,251
электронаў,251
супраціў,251
брацкай,251
дапамога,251
погляд,251
пастаноўкі,251
ужыванне,250
форум,250
братамі,250
працоўнай,250
віна,250
нацыянальнае,250
дыска,250
гетмана,250
турэцкага,250
паходзе,250
хвароба,250
зялёнай,250
укп,250
ап,250
граматыка,250
тэрытарыяльных,250
калон,250
пайшла,250
мэтаў,250
самымі,250
надае,250
пік,250
калісьці,250
пр,250
афармленне,250
нараджэнне,250
праектам,250
ваеннапалонных,250
ёме,250
паштовай,250
порта,250
падпарадкаваныя,249
інжынера,249
бабруйску,249
спецыяльная,249
невядомыя,249
крыжы,249
атаку,249
далучылася,249
леанарда,249
насуперак,249
рудольф,249
экспарт,249
разбурана,249
узнагарод,249
пакараны,249
паловай,249
раненні,249
пінскім,249
сцвярджаюць,249
рос,249
іграка,249
докшыцкім,249
епіскапы,249
уласцівасці,249
селішча,249
краем,249
сон,249
аднайменны,249
рэктары,249
абмежаванні,248
вільнюс,248
сямействы,248
рэфармацыі,248
шосты,248
антанты,248
класік,248
вырашыла,248
сацыялістычная,248
генеральнай,248
еўрапейцаў,248
смаленскага,248
аддзелы,248
міжваеннай,248
вярнуўшыся,248
спартак,248
эстафеце,248
кажуць,248
прысутнічаюць,248
атлетыцы,248
байцоў,248
кіламетрах,248
суды,248
родным,248
гаворыць,248
зарэгістраваны,247
нскі,247
вярнуў,247
драматычны,247
кампазітараў,247
серый,247
псеўданім,247
балцкага,247
міцкевіч,247
перамагла,247
атон,247
дэвіс,247
папярэднія,247
формах,247
кіеўскім,247
ілья,247
дазваляла,247
кам,247
антычнай,247
кафедрай,247
рэспубліканскіх,247
ііі,247
ураўненняў,247
пастаянны,247
зорная,247
чыгунак,247
кожную,247
сходзе,247
ўтрымання,247
супадае,247
выпраменьванне,247
наступстваў,247
мзс,247
яўляючыся,247
музычным,247
тэме,247
батанічны,247
сенатары,247
серыяй,247
езуіцкага,247
гандлёвым,246
заставацца,246
швейцарскі,246
пскоўскай,246
бургундыі,246
ростам,246
ўкраінскага,246
балот,246
лясамі,246
суквецці,246
падтрымалі,246
духоўнага,246
ўніз,246
манарха,246
дадзена,246
вырасла,246
ведалі,246
арганізаваць,246
магутны,246
згадвае,246
распараджэнні,246
федэральнай,246
шумілінскага,246
хутары,246
літоўцаў,246
эпізод,246
змешчана,245
нумароў,245
літву,245
евангелля,245
перадалі,245
аматараў,245
сербская,245
напалі,245
рэдактара,245
пунктах,245
акадэміка,245
здагадку,245
серыял,245
будучай,245
працяглы,245
пас,245
плэй,245
гідраграфія,245
разглядаць,245
ўтрымліваюць,245
помнікам,245
яўрэйскіх,245
вецер,245
цяжкім,245
федэральнага,245
мэт,245
кунеа,245
дэкаратыўная,245
кука,244
часопісах,244
маркса,244
дзяніс,244
пошуках,244
этапы,244
выкліканы,244
ўжывання,244
рэвалюцыйнай,244
бярэзінскага,244
атлетыка,244
самалі,244
звестках,244
чырвоных,244
незадаволенасць,244
вацлава,244
манархі,244
пакрытыя,244
вадароду,244
культурай,244
ўспамінаў,244
вулкан,244
назіранняў,244
узімку,244
вобразы,244
экіпажа,244
каменя,244
ютарных,244
воранаўскім,243
гарадзішчы,243
рэферэндуму,243
далучэнне,243
венесуэлы,243
пераварот,243
памылкі,243
іна,243
праваслаўе,243
туманнасць,243
сцяне,243
выпадкова,243
паспеў,243
складанасці,243
праспекце,243
зняў,243
прамыя,243
атрыманыя,243
кірункі,243
столькі,243
сапегаў,243
языка,243
відах,243
планіроўкі,243
развівацца,243
шукаць,243
руб,243
змяшчаецца,242
фінскі,242
воінскія,242
зліцця,242
панны,242
правадыроў,242
каталікі,242
долі,242
атрадам,242
плямы,242
пастанову,242
сялянства,242
прысутнасць,242
цягніка,242
паўстаў,242
судны,242
сапраўдныя,242
троцкага,242
чыноўнікаў,242
склады,242
жылля,242
цырымонія,242
флоры,242
будаўнічыя,242
гліны,242
вярхоўным,242
графы,242
малекул,242
дарогу,242
аэрапорта,242
знішчаныя,242
газет,242
папярэднім,242
ба,242
кафедральны,242
інструмент,242
тамоў,242
озёр,242
грэнландыі,241
крытыкаў,241
канстанцінопаль,241
участкаў,241
жук,241
перабудовы,241
ірландыя,241
венеры,241
кампанентаў,241
імаверна,241
масавага,241
архіва,241
заяц,241
моцнай,241
збожжа,241
кажучы,241
лац,241
кіравала,241
восень,241
прыпяць,241
вакзала,241
апсідай,241
україни,241
чэрвеньскага,240
шумілінскім,240
ку,240
цягнецца,240
базіліка,240
вадзяны,240
артылерыя,240
прытулак,240
выбару,240
рэзідэнцыяй,240
союза,240
згадкі,240
дыяметры,240
разбурэння,240
прывілей,240
міграцыі,240
ўтварэнні,240
намаганні,240
каго,240
паслядоўнасці,240
прынёс,240
журналістыкі,240
публіцысты,240
альфа,240
сонечнага,240
сотняў,240
акцёраў,240
манаграфіі,240
гадз,240
сканчэння,239
ігнат,239
сатурна,239
удастоены,239
мастацка,239
горка,239
ўзрост,239
нараджэнні,239
перайшло,239
цэнтральныя,239
свабоднай,239
дапамагаў,239
аўтаномная,239
сант,239
колерам,239
вызначыў,239
пісьменнасці,239
натуральны,239
абсалютна,239
невялікую,239
біржы,239
іерусаліма,239
экалогіі,239
кантактаў,239
хойнікі,239
очерки,239
отв,239
ленінскі,239
азербайджане,238
францыск,238
ісламскай,238
ўзбраенне,238
адказны,238
вільнюса,238
канстанцінопаля,238
выгляду,238
імператрыцы,238
дагаворам,238
роні,238
пячора,238
высокімі,238
карэнных,238
міжземнага,238
узораў,238
ўваходу,238
развіта,238
роляў,238
адкладаў,238
ўвага,238
багатых,238
футбол,238
транспартных,238
прэміяй,237
сябрамі,237
інстытуты,237
магдэбургскае,237
прызналі,237
насяляе,237
аляксандраўна,237
мяч,237
выраблялі,237
спынена,237
чыгуначных,237
прадукт,237
выдаткі,237
бегчы,237
глыбокай,237
стакгольм,237
нобелеўская,237
ўжываюцца,237
далёкім,237
лясныя,237
адзначаў,237
ног,237
разнастайнасць,237
саміх,237
хрысціцеля,237
пачатковую,237
скончыўшы,237
прыкладнога,237
шклоўскага,237
усходнюю,236
ставіць,236
тэатральна,236
захавалі,236
бі,236
іспанскіх,236
строй,236
тэйлар,236
падставай,236
грамада,236
долю,236
абеліск,236
сказаць,236
выканаўцаў,236
шырокага,236
звязваюць,236
ператварыўся,236
забіта,236
асабістых,236
вырошчваюць,236
творам,236
стужкі,236
паводзін,236
мадэляў,236
вызначаюць,236
рэйтынгавага,236
пераследу,235
ўтварылася,235
драматычнага,235
карысныя,235
рыка,235
чацвёртай,235
епіскапа,235
марскім,235
уласнай,235
буэнас,235
спосабы,235
даўно,235
канстытуцыйнага,235
памерлых,235
грамадскае,235
краёвай,235
танкавай,235
каардынат,235
адных,235
нямала,235
пэўным,235
выпускае,235
шаркаўшчынскага,235
трапляецца,235
справамі,235
абарончыя,235
эйнштэйна,235
драма,234
хор,234
хрысціянскага,234
мовазнавец,234
папярэдняй,234
надаў,234
праводзяць,234
ажыццяўлення,234
набывае,234
асобная,234
энтані,234
статута,234
выступы,234
складаліся,234
герои,234
кінатэатр,234
міль,234
састаў,234
актыўным,234
носяць,234
тлумачыць,234
вырабляюць,234
аддае,234
драўніны,234
анг,234
курганны,234
акадэмічныя,233
лісцем,233
сфарміраваны,233
асноўнае,233
рэспубліканскім,233
тэўтонскага,233
мюнхене,233
самак,233
государственный,233
старэйшых,233
апошнюю,233
баляслаў,233
бакавымі,233
інфарматыкі,233
барысавіч,233
популярная,233
распад,233
насіла,233
рэйн,233
малым,233
цяперашняй,233
біяграфіі,233
паказала,233
рухаецца,233
вучань,233
імкнецца,233
адкрытай,233
адлюстроўваюць,233
актыўнай,233
гукаў,233
зат,233
прадмет,233
выбарчай,233
справаздачы,233
гадовым,233
працоўны,232
прафсаюзаў,232
старонак,232
буры,232
саксоніі,232
памерамі,232
антычнасці,232
доўжылася,232
эйнштэйн,232
калумбія,232
султана,232
ален,232
ганнай,232
імені,232
прынеслі,232
зрабіўшы,232
камсамола,232
ўрадзе,232
рот,232
перадгісторыя,232
яднаныя,232
джэрсі,232
талачынскім,232
бранскай,232
найменне,232
ўзброеныя,232
скорасць,232
скарацілася,232
выкладання,232
смаленску,232
блакітным,232
газетах,232
млекакормячых,232
ўзору,232
забойствы,232
стужка,232
гіпотэзы,232
драматургі,232
умацаванняў,232
розыгрышам,232
адправіў,232
трыбунала,232
мо,231
фізічная,231
вільготных,231
сейма,231
лэдзі,231
аднаўленні,231
ператварылася,231
рэлігійнага,231
доне,231
тытана,231
рэшт,231
візантыйскага,231
рэгіянальных,231
іслач,231
вулкана,231
след,231
люксембурга,231
асабістыя,231
якава,231
засценак,231
заканчваецца,231
рымлян,231
спрыяў,231
гвінеі,231
гравюры,231
экіпаж,231
тавары,231
урэшце,231
тэарэма,231
грамадскасці,231
прамысловага,231
служыла,231
вагаецца,231
захоўвалася,231
нагадваюць,231
метаду,231
армяне,231
скліканняў,231
жаночых,231
дадому,231
ўзнік,231
или,231
праграмнае,231
славакія,230
стваральнікаў,230
дыяцэзія,230
прынятая,230
атамнай,230
камісара,230
столінскага,230
пасярэдзіне,230
аляксандру,230
аркадзь,230
найвышэйшая,230
аддзелены,230
захоўваць,230
шасі,230
апрацоўка,230
псеўданімам,230
выканаўчай,230
дэмакратычнага,230
прыём,230
адказнасці,230
рэсурс,230
карціне,230
техника,230
уільяма,230
акружаны,230
вярнулі,230
калгасе,230
стромкія,230
выклікаюць,229
талстога,229
архідыяцэзіі,229
нясвіжы,229
выдатна,229
спалены,229
бізнесу,229
вадзім,229
прамавугольныя,229
курган,229
паслужыла,229
удзельнічалі,229
адрознення,229
гербе,229
прадстаўляў,229
свабодны,229
сети,229
палотнішча,229
вуліцамі,229
заснавальніка,229
павышэнне,229
тэатральныя,229
аказалі,229
исследования,229
брацтва,229
змагацца,229
салігорскага,229
аграгарадку,229
стралковая,229
доўгай,228
канструкцый,228
эндру,228
академия,228
пералік,228
кіеўская,228
каранаваны,228
малдова,228
калона,228
продажу,228
мсціслаў,228
турэцкі,228
рэшце,228
любові,228
прызначаных,228
спіральныя,228
антоні,228
выбіраўся,228
кірыл,228
літарамі,228
ўдзельнічаць,228
наса,228
моцных,228
адышоў,228
спрыялі,228
рысамі,228
зменены,228
советского,228
добрым,228
езуіты,228
назвах,228
патрабуецца,228
шлюбы,228
пл,228
ўрочышчы,228
пушчы,228
насялялі,228
фрунзэ,228
працамі,228
тлумачэнне,228
шпіталі,228
рэнесансу,228
ўладальнік,228
іваноў,228
насення,228
дзядзька,228
сірыйскай,228
прызначаныя,227
кракаў,227
прамысловы,227
яўрэйскі,227
георгіевіч,227
карабахскай,227
сацыяльны,227
грыб,227
шаркаўшчынскім,227
замужам,227
планаў,227
місія,227
матывах,227
савету,227
манчэстэр,227
саюзнікі,227
падобнае,227
вічы,227
парты,227
інтэрнат,227
давала,227
гістарычнае,227
раніцы,227
рэгіянальнага,227
часопісаў,227
графіка,227
манахі,227
кормяцца,227
любіць,227
сцёблы,227
ая,226
ўласным,226
улічваючы,226
прымыкае,226
меркаваць,226
цвярской,226
браму,226
свабодна,226
выпусціла,226
вайскоўцы,226
ха,226
сясцёр,226
кіпра,226
зон,226
інфантэрыі,226
псеўданімы,226
падтрымліваць,226
ўладанне,226
рэчыцкай,226
электроннай,226
марс,226
сучаснікаў,226
перыядычна,226
натуральнай,226
прызначана,226
эксперыментальнай,226
заказніка,226
вытворчага,226
трымае,226
лёзненскага,226
рэчыца,226
мг,226
будавалі,226
апісваецца,226
вузкім,225
быхаўскага,225
рэжысёры,225
ўсходняя,225
незалежная,225
пн,225
сталец,225
дзіцячага,225
пляменнік,225
месяцавы,225
варшаву,225
родны,225
элемента,225
святаполк,225
хірургіі,225
кручэння,225
хі,225
урачом,225
рыгі,225
ўдзельнік,225
фінансавай,225
незалежны,225
гульцы,225
фотаздымкі,225
ленінградзе,225
кафедру,225
ігара,225
гвардзейскага,225
ўласную,225
прапанаваны,225
маладая,225
паведаміла,225
тагачаснай,225
сустракаўся,225
талент,225
традыцыйнага,225
сцягам,225
гукі,225
паходы,225
пратакол,225
абалонкі,225
сацыялізму,225
губернях,225
палонных,225
блізкасці,225
ўкраінскіх,225
блізка,225
прысуд,225
божая,225
курскай,224
бронзавага,224
хасэ,224
марш,224
грузія,224
мільёны,224
лабараторыя,224
знікла,224
фашысцкіх,224
змагаліся,224
арнаментам,224
кваліфікацыйнага,224
акіяніі,224
страў,224
святым,224
вежамі,224
найстарэйшых,224
падпарадкаваны,224
блізкая,224
рагу,224
перасяленцаў,224
фельчарска,224
ураджай,224
патрабавалі,224
згадваюцца,224
лепшую,224
геалогіі,224
гасцініцы,224
вылучыць,224
аплаты,223
змяненне,223
выдавалася,223
пасажырскі,223
саудаўскай,223
гараджан,223
нацыстамі,223
ўвайшло,223
спробе,223
радовішча,223
ваеннымі,223
павялічыць,223
роднага,223
падпольнай,223
уздзенскага,223
вадазбор,223
зімы,223
значэнняў,223
харкаўскай,223
заключэння,223
практыку,223
палос,223
італьянскія,223
майстэрня,223
дэталяў,223
магчымых,223
уладзімірам,223
выратаваць,223
нарадзіла,223
перакладзены,223
ютарныя,223
дваран,223
наступу,222
аформлены,222
прасвятой,222
высакосны,222
бярозаўскага,222
драгічынскага,222
паўплывала,222
кіпр,222
хмяльніцкага,222
перыядам,222
партызанскіх,222
аконныя,222
каліноўскага,222
рыцараў,222
слаёў,222
ўпадаюць,222
месцазнаходжанне,222
узрост,222
паказчык,222
герцагі,222
ўрадам,222
матэматыцы,222
чытаў,222
падтрымліваюць,222
пашкоджаны,222
абарончых,222
сярэднегадавая,222
значнае,222
накіраваўся,222
руку,222
прапанавалі,222
мячэці,222
манархаў,222
інстытутаў,222
скандынавіі,222
пазначаецца,222
руцэ,222
рэйтынгавым,222
закрыцця,221
запасных,221
бег,221
кндр,221
вугалю,221
месапатаміі,221
выбух,221
стварэннем,221
ажыццяўлялася,221
арэала,221
беластоку,221
астраномам,221
раду,221
жорстка,221
падмурак,221
алесандрыя,221
вечар,221
прадставіў,221
азію,221
вердзі,221
індыю,221
секс,221
бешанковіцкім,221
давалі,221
любых,221
культу,221
свіслацкага,221
нешта,221
бульба,221
паўсюдна,221
тэарэтычнай,221
крупскім,221
паверхняй,221
замежны,221
выходзілі,221
забіўшы,221
глава,221
арышт,221
верх,221
ганаровым,221
сачыненні,221
бангладэш,220
невысакосны,220
касмічнага,220
борце,220
касцюшка,220
палявы,220
ых,220
быўшы,220
тураў,220
гадзіну,220
таварыстваў,220
сквер,220
цячэнне,220
удзельнічала,220
файлаў,220
чэшскага,220
прадугледжвае,220
ўзаемадзеянне,220
турэцкіх,220
стол,220
армянскіх,220
захоўваюць,220
шэрагі,220
ядры,220
ўчастка,220
выконваецца,220
рагачоўскім,220
славацкай,220
сетцы,219
найбольшай,219
спорце,219
шэры,219
архіепіскап,219
тэрытарыяльныя,219
славяне,219
бальшавікі,219
тэарэтык,219
эрнст,219
вала,219
дэкларацыі,219
канцлер,219
злачынстваў,219
кастусь,219
абіраўся,219
матэрыяльнай,219
санкцыі,219
речной,219
минской,219
катэгорыя,219
вытокі,219
любым,219
натуральным,219
навучэнцаў,219
атакавалі,219
гаспадарку,219
станаўленне,219
пісьменства,219
лодак,219
кожныя,219
выставы,219
тэхнічным,219
крыжакоў,219
электрычны,219
вышэйшае,219
правда,219
кто,219
язык,219
літаратуразнаўцы,219
лірыка,219
ўласнасці,218
капыльскім,218
нацыянальнасці,218
тэадор,218
нанеслі,218
крысціян,218
сяброўства,218
ініцыятарам,218
ракеты,218
петра,218
палацава,218
прусія,218
рэарганізаваны,218
сааўтар,218
джымі,218
напрамкі,218
кіраўскага,218
генетыкі,218
астравамі,218
індыйскім,218
захоплена,218
варыянце,218
найвышэйшай,218
факультэты,218
партыйных,218
ельскага,218
перадаецца,218
натуральнага,218
услед,218
павольна,218
хлопчык,218
лёсу,218
буйнога,218
кожнае,218
лет,218
бацькамі,218
уласны,218
вам,218
спеў,218
тутсі,218
пд,217
кольца,217
расстраляныя,217
сухі,217
тэлеканал,217
пакістан,217
ўяўляла,217
пенсію,217
пола,217
перамяшчэння,217
перспектывы,217
вядомае,217
артура,217
аўтамабільная,217
абсерваторыя,217
дысцыпліны,217
зарад,217
найбуйнейшая,217
шырокімі,217
патоку,217
дзяленне,217
нізкая,217
выйграла,217
выходзіў,217
машынабудавання,217
ўшчына,217
дружбы,217
заднія,217
вікторыі,217
прарэзаны,216
нядзелю,216
шарль,216
службовых,216
мірным,216
пераемнікам,216
брус,216
мірныя,216
чалавечых,216
яўгена,216
палітыкай,216
ацэнак,216
зыходзячы,216
прафесійнага,216
доўгага,216
паставілі,216
запрасіў,216
персанажа,216
даследаваннях,216
простае,216
хрысціяне,216
карону,216
заданняў,216
грэчаская,216
выяў,216
волгі,216
рэформ,216
схіле,216
цікава,216
ацэнка,216
мозгу,216
пасёлкаў,216
прадукцыя,216
дазволіць,216
парасткі,216
сфарміравалася,216
ўсталяваць,216
дзвярэй,216
выдатных,216
евангеллі,216
захапіла,215
фалькларыст,215
маршруты,215
судана,215
клубу,215
узнікненне,215
бу,215
садзе,215
граніт,215
пасляваенны,215
забалочаная,215
брэйк,215
хойніцкага,215
каралеўскіх,215
патэнцыял,215
роўнасць,215
напады,215
раёну,215
гаворыцца,215
карыстаецца,215
звычайныя,215
кірмашы,215
амерыку,215
шклоўскім,215
балотах,215
адсутнасцю,215
каранёў,215
слонімскім,215
лешч,215
рамонту,215
самка,215
выраблена,215
салігорскім,215
пракаповіч,215
рыкі,214
халоднай,214
заяву,214
плямамі,214
высланы,214
падводных,214
іванаўскага,214
украінскіх,214
айчыны,214
робертсан,214
гераізм,214
селяніна,214
лётчыкі,214
крыніцамі,214
магчымыя,214
зімовыя,214
электраэнергіі,214
каробачка,214
народна,214
ліс,214
падручнікаў,214
альманах,214
вас,214
фіналіст,214
ставіліся,214
палатно,214
элементам,214
ступенню,214
разрадзе,214
дапамагае,213
печы,213
выдае,213
перанесена,213
фелікс,213
ілюстрацыі,213
ствараліся,213
скарочана,213
кастыліі,213
здзейснілі,213
сігнал,213
рэформа,213
тыдня,213
мыс,213
слуцка,213
выдаваў,213
вялася,213
мяркуючы,213
аказаў,213
трымалі,213
бнту,213
калінкавічы,213
мусульмане,213
дзікіх,213
мсціслаўскім,213
галандыі,213
мінулае,213
свабодная,213
сумяшчальніцтве,213
бярэзіны,213
дыяспары,213
глыбокім,213
цвёрдых,213
геаметрыі,213
маршала,213
дысертацыі,213
суправаджаецца,213
злучаецца,213
хваста,213
дэканат,213
асноў,213
балы,213
ўладальніка,212
зялёнае,212
заняўся,212
камянецкім,212
джэймса,212
вайсковы,212
джозеф,212
пагоня,212
участку,212
малі,212
перадае,212
захаванні,212
сезоны,212
хігінс,212
лінь,212
хлебазапасны,212
панаванне,212
кустоў,212
праблемах,212
сож,212
глыбінёй,212
падрабязна,212
перадачу,212
дамінаваў,212
атрымліваць,212
духоўных,212
ядзерных,212
свабодных,212
багатай,212
ак,212
гаворкі,212
ушанаванне,212
меч,212
родная,212
медыцынскім,212
кіслароду,212
розуму,212
паходаў,212
багдана,211
назірання,211
франтонам,211
квартал,211
адзінку,211
вусені,211
генеральная,211
хірург,211
жак,211
арбіту,211
разбіў,211
лічачы,211
ўчастку,211
звычаі,211
кодэкс,211
ўсходнія,211
ўзбуйнення,211
пакінуты,211
дысцыплін,211
слонім,211
адстаўкі,211
германа,211
знакамітыя,211
грамадзянскія,211
выконваючы,211
далейшы,211
сталовая,211
астраномы,211
яўленнем,211
фёдара,211
ўдары,211
ваўкавыскім,211
даследчага,211
канцэртаў,211
мабыць,211
арганізм,211
радкі,210
пошты,210
сродкам,210
бабруйска,210
кузава,210
семінарыя,210
воінскае,210
каспар,210
афіцыйнае,210
афіцэра,210
камандуючыя,210
небе,210
алімпійскага,210
бялыніцкага,210
ініцыятывы,210
вывад,210
дзіна,210
гістарычную,210
забарона,210
асобе,210
здароўе,210
наведвання,210
вялося,210
залежаць,210
хакеі,210
паездкі,210
ўздзеяння,210
выявіць,210
праабражэнская,210
гаспадарчай,210
рэчыцкі,210
зборніку,210
загадзя,210
мураваная,210
выступленні,210
выслана,210
шасцю,210
хай,210
зарастае,210
вольнага,209
скарына,209
ударныя,209
перастаў,209
грыгарыянскім,209
баторыя,209
плямён,209
галаве,209
крымінальнага,209
праіснавала,209
будучыню,209
хімія,209
мяшчан,209
схемы,209
трубы,209
вачэй,209
вытворчасцю,209
тычыцца,209
аўтамабільных,209
заваявала,209
абарот,209
гаспадаркай,209
фу,209
запатрабаваў,209
працягнуць,209
кангрэсе,209
экспанатаў,209
рабочыя,209
плямёнамі,209
марцінкевіча,209
аўтадарога,209
баявы,209
ходу,209
калінкавіцкага,209
прыроду,209
спыненне,209
імкнуцца,209
адрозніваліся,209
зялёных,209
філіяла,209
фільмам,209
сцёк,209
напружання,209
райкама,209
мду,209
вырашае,209
водгукі,209
моладзь,209
ведае,209
казка,209
пасла,208
драматургіі,208
пярэднія,208
альфрэд,208
тбілісі,208
віла,208
англійскія,208
жанчынай,208
каня,208
абрання,208
папярэдні,208
роўнай,208
фашызму,208
падпалкоўнік,208
экспедыцыю,208
хрысціянская,208
утварэнне,208
петрыкаўскага,208
пахаванняў,208
аркі,208
візіт,208
павярховы,208
рэстаўрацыя,208
пінска,208
рэдакцыяй,208
гітлера,208
ордэнаў,208
ска,208
вызваліць,208
разуменне,208
патрабуюць,208
раённая,208
калектыву,208
пагрозу,208
забітымі,208
мага,208
залозы,208
характэрная,208
карысных,208
пятым,208
цячэння,208
выдавецтве,208
інтэрнэце,208
вянок,208
ўдзельнічае,208
шкло,208
іране,207
друкаваўся,207
продажы,207
бачная,207
знакамітых,207
маладой,207
мікіта,207
партугальскай,207
аўстрыйскага,207
даследчы,207
ленін,207
паступіла,207
асаблівасць,207
трымаў,207
ўварваліся,207
інжынераў,207
якуціі,207
снукерны,207
воўк,207
кампартыі,207
глыбіню,207
пакаленняў,207
камітэтам,207
харчовых,207
вываду,207
ланцуг,207
глебах,207
звалі,207
падобнага,207
дасягаць,207
паўночнае,207
войнах,207
рытм,207
правілаў,207
вучэння,207
ўзнагароду,207
тв,207
танец,207
варшаўскай,206
быхаўскім,206
вопросы,206
скончана,206
візантыйскі,206
стакгольме,206
гандлі,206
адышлі,206
падзяліць,206
эфіры,206
графам,206
дзесяцігоддзяў,206
камандуючым,206
скалы,206
ядналіся,206
моладзевую,206
няхай,206
папулярнасці,206
параўнання,206
прамысловыя,206
аказала,206
разліку,206
поспехаў,206
базай,206
палажэнні,206
генералы,206
калегіуме,206
лясны,206
востравам,206
голасу,206
міфаў,206
даваў,206
утрымлівае,206
лепельскі,206
міхайлаўна,205
дамена,205
адмовы,205
мужчынскія,205
сумесь,205
дацкі,205
утворана,205
бен,205
выпрабаванні,205
камуністычнага,205
картэр,205
назвамі,205
франца,205
дуная,205
гаспадарчае,205
саха,205
утвараецца,205
сіметрыі,205
змагаўся,205
завочна,205
скульптара,205
дарослыя,205
духаў,205
альта,205
дадзеная,205
праблему,205
грэч,205
асіповіцкага,205
колы,205
божага,205
змагла,205
багатая,205
лацінская,205
гербы,205
дзялення,205
філалагічны,205
прысуджаны,205
ксёндз,205
здымак,205
магчымы,204
албанія,204
лаўцы,204
абласным,204
падпольнага,204
матэматыка,204
павятовага,204
інфраструктуры,204
эрык,204
выратавання,204
індыйскі,204
вызваленчага,204
любанскага,204
валадарства,204
латарынгіі,204
карлюкевіч,204
казакі,204
аргенціна,204
смалявіцкага,204
транспартны,204
татараў,204
салдатаў,204
падпарадкаванне,204
бытавога,204
ленінградскага,204
доўгім,204
вернікі,204
бібліятэк,204
рэвалюцыйных,204
ясна,204
платформа,204
шырокіх,204
дзіркі,204
мазырскі,204
аддзелаў,204
святаром,204
блізкай,204
традыцыйным,204
чашніцкім,204
каардынаты,204
тэорый,204
свіслачы,204
прыватным,203
раздзелаў,203
кубы,203
агента,203
дывізіёне,203
сынамі,203
педагагічным,203
прычына,203
ўступіла,203
эфір,203
вялікабрытаніяй,203
ветэранаў,203
старое,203
ўсімі,203
вяшчанне,203
заняпаду,203
беспаспяхова,203
выгнанні,203
куба,203
юрыдычнай,203
землямі,203
далёкага,203
зімовы,203
туркамі,203
кусты,203
звон,203
аформіў,203
архітэктурнага,203
прыродны,203
дасягненне,203
мсціслава,203
аддзелам,203
трактат,203
заўважыў,203
саксонія,203
перавагай,203
прыносіць,203
вільготны,203
эвакуацыі,203
маршалкі,203
асаблівасцей,203
бронзы,203
малдаўскай,203
сінода,203
расследаванне,203
снукерыстаў,203
актывістаў,202
богу,202
актыўнага,202
урач,202
жоўта,202
краях,202
леаніда,202
фландрыі,202
паморскага,202
нагорна,202
адноўленага,202
чырвонае,202
лёгкая,202
рэспубліканская,202
выконвала,202
вулканы,202
спынены,202
хрыстова,202
хоча,202
травяністыя,202
індзейцы,202
пачата,202
гасцініца,202
перыметры,202
праціўнікаў,202
сельскагаспадарчы,202
створаных,202
захавала,202
ўнёсак,202
посуду,202
ўсходнюю,202
нізкіх,202
дзеяннямі,202
самастойнай,202
чытання,202
ус,202
трупы,202
застацца,202
адлюстраваны,202
чытаць,202
камянямі,202
вежаў,202
людвік,201
алжыра,201
етнам,201
святкуюць,201
тышкевіч,201
чы,201
арцём,201
гаспадарчы,201
бразільскі,201
выступленне,201
касмічны,201
этапу,201
балет,201
змяя,201
каменю,201
сухапутных,201
паслаў,201
пастанова,201
ёрка,201
пастаянным,201
дыяпазоне,201
згарэў,201
інфекцыі,201
гатовы,201
працягваць,201
вагі,201
ўтвараецца,201
авіяцыя,201
камуністычная,201
тэрміналогія,201
меншасці,201
планка,201
задачу,201
недастаткова,201
мужчынскі,201
палітбюро,201
антычных,201
будынках,201
мінскую,201
славянскага,201
сюжэты,201
адбываўся,201
чыста,201
арганізацыях,201
разнавіднасці,201
біятланісты,201
рубенса,201
даступны,200
прыкметна,200
нідэрландскі,200
позняй,200
кісялёў,200
маскоўскія,200
адыграў,200
ханства,200
пасадкі,200
розным,200
целам,200
лёд,200
галы,200
война,200
праўленне,200
вывучаць,200
захоўвае,200
звычайнага,200
секунд,200
варожых,200
меркурыя,200
тысячагоддзі,200
сацыялістаў,200
правадыра,200
утвараючы,200
славянскія,200
тымі,200
станавіўся,200
издание,200
разнавіднасць,200
дызайну,200
паданне,200
районов,200
русский,200
водах,200
сонечны,200
ўзнагарода,200
свабодныя,199
чвэрць,199
кіслаты,199
етнаме,199
крузе,199
літаратурным,199
вазы,199
ранні,199
пярэдняга,199
кольцы,199
лодка,199
вызвалілі,199
львоўская,199
тэхналагічнага,199
сербы,199
тэатральнай,199
размешчанага,199
калонамі,199
акупаваная,199
нанб,199
навагрудку,199
міфы,199
вяліся,199
вызначэнні,199
карэнныя,199
гасцей,199
падрыхтаваны,199
копіі,199
алею,199
чорнымі,199
паўфінале,199
распаўсюджаных,199
многімі,199
здаецца,199
цяжкі,199
складання,199
цэнтрамі,199
меліярацыйных,199
паверха,199
уздзеяннем,199
лагераў,199
сетак,199
памылкова,199
рода,199
сустрэў,199
кашалёўскім,199
справядлівасці,199
гадзіннік,199
спартсменаў,199
арабскага,198
партугальскі,198
духоўная,198
нарвежскі,198
спіне,198
корпусам,198
выступ,198
уладзіміраўна,198
ваганні,198
забароны,198
ве,198
прынцэса,198
стаўбцоўскім,198
нямецкае,198
раўніне,198
таронта,198
тэхнічнае,198
пісала,198
фасадам,198
прамых,198
характары,198
псіхалогія,198
атрыманых,198
доўгая,198
флоце,198
міністэрствам,198
максімальна,198
сапраўдным,198
копія,198
ветэрынарнай,198
праблемамі,198
сусвет,198
мовазнаўцы,198
абараніць,198
расонскага,198
матрыцы,198
гос,198
камедыя,198
сарас,198
джад,198
полем,197
тэатральных,197
споры,197
даўжэй,197
карычневыя,197
мастачка,197
пуэрта,197
сіняга,197
паток,197
манака,197
аўстрыйская,197
пераўтварэння,197
аблогу,197
часовым,197
людвіга,197
усебеларускага,197
кітайская,197
спектр,197
галактык,197
дачыненне,197
партрэтаў,197
памяшканнях,197
зялёным,197
акруговага,197
парламентам,197
працягваюць,197
дэлегатаў,197
аздоблены,197
бактэрый,197
будаваліся,197
лунінец,197
тонкай,197
ньютана,197
унук,197
пакояў,197
жыхарства,197
рыцары,197
адзначалася,197
калекцыю,197
кратар,197
дэпартаментаў,197
суседняй,197
сыграў,197
найбольшы,197
акушэрскі,197
пытаннямі,197
святыні,197
хлопчыкаў,197
спадзістыя,197
струн,197
далінах,196
нададзены,196
бе,196
вільнюсе,196
фашысцкай,196
лорд,196
інстытутам,196
карыстальнікаў,196
бдпу,196
цкі,196
еўрасаюза,196
места,196
дыега,196
ільіч,196
бэта,196
кіруючай,196
кантакт,196
бабруйскі,196
ніякага,196
прамень,196
югаславія,196
сельскагаспадарчыя,196
адказвае,196
аўтаномію,196
фінскага,196
сінтэзу,196
комплексаў,196
ост,196
ставяцца,196
муніцыпалітэт,196
збудавалі,196
литературы,196
гандлёвай,195
ві,195
кінастудыі,195
пазнання,195
жывёльны,195
люблінскага,195
багаслоўя,195
харчовыя,195
сер,195
абаронцаў,195
фрэдэрык,195
парламенцкія,195
канцлера,195
брамнік,195
японскага,195
гітлер,195
збольшага,195
дзецям,195
праблемай,195
малую,195
ўмацаванне,195
снукерныя,195
дзвіна,195
утвараюць,195
папуляцыі,195
мадыфікацыя,195
дакладней,195
жаночым,195
ватыкана,195
ектамі,195
этнічныя,195
уяўляў,195
пайсці,195
вырашыць,195
бярэзінскім,195
нашчадкамі,195
усходнія,195
участак,195
квадратных,195
аспекты,195
паштовых,195
дзятлаўскім,195
біблія,195
мікалаю,195
вайніловіча,195
банкаў,194
снег,194
расійска,194
неаліту,194
скачках,194
правінцыю,194
вынаходнік,194
луіс,194
мексіцы,194
афінах,194
шаўчэнкі,194
ленінград,194
прыходам,194
талін,194
саборам,194
самую,194
патрабаванняў,194
цзюньхуэй,194
адносілася,194
асістэнт,194
ёзныя,194
політэхнічнага,194
камуністы,194
адрознівалася,194
збіраліся,194
горацкім,194
кораня,194
асобін,194
зняць,194
культавыя,194
замкаў,194
простага,194
слой,194
сутыкненняў,194
ані,194
асабістага,194
размнажэння,194
стандарт,194
ўказам,194
кароткім,194
танца,194
шкоду,194
кс,194
пачуццяў,194
комі,194
досвед,193
муніцыпальнае,193
срэбраныя,193
асамблея,193
адпавядала,193
чарняўскі,193
маскоўскіх,193
адступіць,193
выкарыстана,193
скончыліся,193
румынскай,193
імператару,193
ен,193
спыненні,193
сербскі,193
сеціве,193
прадаў,193
дакладная,193
знакамітага,193
пяццю,193
мораў,193
туркаў,193
выканаць,193
палку,193
аказваецца,193
чые,193
эканоміку,193
папулярнасцю,193
запаведніка,193
сустрэўся,193
зара,193
апублікаваныя,193
студэнтам,193
акружнасці,193
чашніцкага,193
файла,193
дне,193
ведамства,193
дакладнасцю,193
дварах,193
серия,193
ўмове,192
узнагароджана,192
благачынне,192
кантынентальны,192
адкрытая,192
поль,192
плыўцы,192
прэзідэнцкія,192
асвечаны,192
эканоміі,192
алега,192
цы,192
саветы,192
дзіцем,192
замярзае,192
выхадзіў,192
прафесійныя,192
будуецца,192
іванавіча,192
ўслед,192
станавіліся,192
складаны,192
канстытуцыяй,192
значнымі,192
датуюцца,192
скляпенні,192
праліва,192
мира,192
казаць,192
паведамленняў,192
пласцінкі,192
заняўшы,192
тэмператур,192
машэрава,192
патрэбу,192
жадаючы,192
тэатральнага,192
маленькія,192
аптэка,192
ўпрыгожаны,192
ярус,192
выяву,192
крымінальнай,192
пяхотная,192
верша,192
доўжыцца,191
алтарнай,191
непасрэднай,191
астроўскага,191
вінцэнт,191
германскімі,191
печ,191
сведкі,191
сёмы,191
венгрыю,191
мільярдаў,191
падводная,191
станкевіч,191
хата,191
анастасія,191
прыбытак,191
мядзведзь,191
ўзяла,191
ператворана,191
буйное,191
ўсталявалі,191
багіня,191
карэліцкага,191
апісана,191
простым,191
манастыроў,191
царскай,191
выхадцы,191
ствала,191
ўсходні,191
невялікага,191
россия,191
выдаткаў,191
народамі,191
створанага,191
адмову,191
размешчанай,191
паэтам,191
кваліфікацыю,191
трапічны,191
таджыкістана,191
лакаматыў,191
ўнутраны,191
касцёлам,191
словаў,191
паведамлялася,191
тканкі,191
прадставіць,190
радкоў,190
гарбачоў,190
заснаванай,190
зацверджана,190
мастацкую,190
томаса,190
ўражанне,190
снукерыст,190
валожынскі,190
ісламу,190
праёмаў,190
туманнасці,190
крыштаф,190
прававых,190
перайграў,190
дымоў,190
дамініка,190
дзеда,190
прагрэс,190
статусам,190
вадаліў,190
камітэтаў,190
доўгае,190
пакладзены,190
ператвараецца,190
зямнога,190
азёрах,190
раскопках,190
ўвогуле,190
інтэграцыі,190
падзеях,190
адпаведнай,190
галосных,190
вырабляе,190
хлопчыка,190
трохвугольніка,190
замацавацца,190
адлюстравання,190
вектар,190
рождения,190
нафтан,190
тэатральная,189
чэрвеньскім,189
пераважная,189
рымляне,189
лекар,189
філолаг,189
згадка,189
лю,189
веравызнання,189
венера,189
наўка,189
глеба,189
паўабаронцы,189
сярэдняе,189
устаноўлена,189
фатаздымкі,189
нікарагуа,189
пятага,189
набраў,189
адышла,189
падтрымлівала,189
акадэмікі,189
івацэвіцкага,189
медыцынскія,189
шыі,189
храналогія,189
праходжання,189
барысаўскі,189
лаўрэатам,189
педагагічных,189
унутраныя,189
прыходзіцца,189
друкаваліся,189
макса,189
спевы,189
разглядаюцца,189
ракет,189
нізкім,189
хуткага,189
мітраполіі,189
ацэнку,189
магістралі,189
вобразаў,189
генералам,189
бедных,189
урала,189
хк,189
юбілейны,189
падобным,189
праводзіўся,189
замяніў,189
карэспандэнтам,189
арэна,189
памылак,189
зменена,189
паланскі,189
японскіх,189
верхніх,189
трэнта,189
падачы,188
сумесі,188
суаўтарстве,188
бярозы,188
алан,188
выклікана,188
пераўтвораны,188
праграмнага,188
сацыялогіі,188
усесаюзнага,188
гурток,188
гетман,188
акно,188
масе,188
даручыў,188
штучнага,188
лібрэта,188
космас,188
барабан,188
захворвання,188
духоўныя,188
паняцця,188
ераў,188
саюзных,188
дуніна,188
падобнай,188
чытанні,188
бачылі,188
маладосці,188
памерлага,188
каменная,188
мноствам,188
меншасцей,188
гербам,188
асобамі,188
насельнікі,188
лоеўскага,188
кантынента,188
агляду,188
сш,188
альбрэхта,188
аспірантуры,188
дзядзькі,188
разрезе,188
нансена,188
ўзведзена,187
персідскай,187
батанік,187
дэбютны,187
прыхільнік,187
іспанію,187
рэальнага,187
перасялення,187
рэктарам,187
дазволена,187
германская,187
ягайла,187
полацкая,187
сапр,187
леанідавіч,187
германскі,187
трона,187
загінуўшых,187
арка,187
блізу,187
александр,187
курса,187
мінскіх,187
фінансавыя,187
русского,187
прынцэсы,187
курганы,187
творамі,187
саліван,187
смаргонь,187
рачных,187
капітуляцыі,187
аўтарамі,187
дзярнова,187
пачатковых,187
сцэн,187
працягам,187
косткі,187
храмам,187
праўду,187
пліты,187
зніжэння,187
перавага,187
атама,187
вядучым,187
горадабудаўніцтва,187
аналагічныя,187
тамара,187
літаратурную,187
витебск,187
конь,186
разгрому,186
каронай,186
ягор,186
прыходы,186
адклады,186
паразу,186
штурм,186
адстаўцы,186
напрамак,186
карпусоў,186
зеландыя,186
будаўнік,186
дэкан,186
ёмна,186
збег,186
заявы,186
сава,186
эмі,186
вермахта,186
патрэбна,186
матэматычнага,186
барселона,186
кітайскага,186
суседнія,186
дыпламаты,186
зафіксавана,186
базілікі,186
каталіцкім,186
бярэзіна,186
пабудову,186
спецыялісты,186
пласкагор,186
сведчанняў,186
апублікаваных,186
змене,186
моцнае,186
генацыд,186
разбурэнне,186
адбыцца,186
кіслата,186
агароджай,186
біятлоне,186
серыяла,186
міс,186
стандартнай,185
адзнаку,185
годы,185
выкапні,185
афрыканскай,185
тэрмінаў,185
ансамблі,185
налічваў,185
джонс,185
каралеўстве,185
суполка,185
сіцыліі,185
турцыяй,185
абраў,185
карнізам,185
кафедральным,185
хору,185
напісанне,185
акцёра,185
ўраўненне,185
хіт,185
историко,185
земляробствам,185
адзнакай,185
нашмат,185
вонкавага,185
сыходзіць,185
зразумела,185
выйграць,185
ніякай,185
гуляе,185
быкава,185
грады,185
краснаярскага,185
яраслава,185
копій,185
растений,185
гатычным,185
сп,185
сярэднявечнай,185
суперніка,185
напружанне,185
шчасце,185
мікалаем,184
падаткі,184
календара,184
тураўскага,184
епіскапам,184
паркаў,184
швецыяй,184
ларыса,184
шэрая,184
краязнавец,184
факта,184
мусіў,184
бялыніцкім,184
сутыкнення,184
пацверджана,184
партызанскія,184
лунінецкага,184
трамвай,184
трохпавярховы,184
будучым,184
ціхім,184
кліп,184
мукі,184
жыта,184
карпусы,184
будапешце,184
пясчанае,184
пазнейшыя,184
абвінавачаны,184
прэтэнзіі,184
кнігай,184
напоі,184
яўрэйская,184
сфарміравана,184
асобіны,184
пазіцыях,184
палаце,184
искусство,184
глыбоцкі,184
маравіі,184
паслоў,184
ягады,184
вадкасць,184
паехаў,184
спартсмены,184
колішні,184
алтара,184
тэрапіі,184
коста,183
ажыццяўляць,183
рускамоўныя,183
даводзілася,183
дзеяслоў,183
парушэння,183
плаціны,183
дунай,183
тэлебачанне,183
геолаг,183
атака,183
мураваныя,183
катастрофа,183
акцыя,183
мэцью,183
вальтэр,183
скарачэння,183
скірмунт,183
ураду,183
абласная,183
саюзнікамі,183
прафесійную,183
вяземскім,183
суддзяў,183
сяр,183
профілю,183
нава,183
адмірала,183
добраахвотнікаў,183
статыстыкі,183
зразумець,183
паліцэйскіх,183
класічных,183
вернасць,183
аршанскай,183
паштовая,183
барысава,183
аўтаматычна,183
ўвагі,183
мсціслаўскі,183
нясвіжскім,183
правадыры,183
ўзбраенні,183
апаратаў,183
ўдзельнічаюць,183
рабочым,183
чарзе,183
асаблівы,183
значэннем,183
кітайскіх,183
хуту,183
гітары,183
рэкамендацыі,182
шэра,182
кур,182
вераб,182
хрыбты,182
ўвёў,182
