word,count
de,3028519
la,1775945
el,1216092
en,723359
que,723303
del,674080
va,603259
per,521334
les,480596
un,465037
els,446523
una,390355
amb,386599
al,376443
es,358343
és,288570
dels,251949
com,237791
més,186053
ser,162608
no,156147
van,145223
seu,141939
seva,123931
també,107348
ha,99834
se,96663
entre,95732
hi,92538
fou,88051
als,86247
però,85867
any,82435
pel,80814
aquest,78922
després,76442
fins,75520
són,75043
referències,70102
the,67661
aquesta,66719
altres,65516
era,64737
on,63204
des,63112
gran,62950
part,62509
anys,61912
cap,61301
of,61078
durant,59922
tot,57707
sobre,57227
ciutat,52953
seus,52616
estat,52064
quan,48327
barcelona,46858
sant,46437
qual,46266
havia,46224
ja,45012
molt,44957
dos,44859
fer,44185
nord,43708
nom,42719
primer,41766
sud,41627
li,39901
linear,38792
té,38786
socorro,38770
guerra,36958
pot,36149
primera,35903
està,35813
enllaços,34858
si,34234
externs,34114
això,33521
història,32786
seves,32655
així,32485
catalunya,32339
tres,32302
han,31528
mateix,31361
encara,31280
forma,31095
pels,29880
només,29597
temps,29240
rei,29184
família,29050
general,28790
nova,28735
lloc,28600
segons,28308
dues,28219
poden,28035
contra,27970
estats,27533
col,27072
fa,26823
setembre,26473
alguns,25572
uns,25353
sense,25238
troba,25079
ac,24738
aquests,24657
grup,24584
and,24410
fill,24401
octubre,24363
partit,24363
tots,24342
ii,24317
fet,24263
manera,24145
mort,23582
nou,23546
món,23258
tant,23061
obra,22981
tenir,22950
sota,22927
població,22558
terme,22324
municipi,22208
frança,22168
abans,22114
poder,21964
país,21759
govern,21613
joan,21420
vida,21380
units,21251
català,21176
universitat,21122
segona,20910
cada,20638
mentre,20460
març,20366
quals,20298
eren,20271
tenia,20246
diferents,20193
agost,20103
bibliografia,20079
gener,20063
desembre,19971
est,19699
novembre,19668
obres,19555
riu,19505
sistema,19383
diversos,19372
aquestes,19331
abril,19306
persones,19280
major,19220
església,19156
tipus,19107
poble,19013
haver,18994
què,18952
dins,18826
maig,18770
regió,18474
partir,18139
perquè,18059
centre,17947
dia,17944
oest,17828
diverses,17815
premi,17649
exemple,17595
molts,17546
causa,17453
final,17444
regne,17441
altra,17381
grans,17350
febrer,17345
juliol,17192
república,17104
quatre,17088
arribar,17020
morts,16935
casa,16910
espanya,16815
ordre,16810
francès,16797
província,16792
tenen,16740
vegeu,16693
altre,16520
nacional,16502
música,16423
dir,16285
ara,16267
maria,16123
banda,16106
algunes,16067
habitants,16064
santa,15938
època,15899
total,15866
terra,15843
antic,15772
poc,15623
espècie,15616
juny,15616
estava,15594
zona,15569
aigua,15378
ho,15319
km,15231
exèrcit,15150
municipis,15071
segle,15069
qui,15046
central,15008
principal,14984
important,14905
los,14847
fishes,14673
punt,14656
donar,14646
europa,14595
nombre,14510
club,14467
catalana,14435
mar,14356
lo,14329
política,14298
cosa,14274
in,14209
josep,14156
països,14132
començar,14066
havien,14051
llavors,13957
parís,13897
president,13871
dona,13795
cas,13784
sol,13776
millor,13710
actualment,13705
madrid,13684
illa,13661
morir,13653
align,13611
oficial,13566
vegada,13495
pare,13479
alemanya,13474
totes,13456
període,13398
ell,13340
capital,13270
foren,13265
prop,13177
origen,13172
moment,13155
conegut,13123
majoria,13117
sèrie,13072
finalment,13062
tal,12923
art,12909
segon,12891
primers,12882
iii,12833
roma,12827
territori,12714
línia,12708
suport,12672
catalans,12659
llarg,12595
vegades,12570
llengua,12555
tota,12547
camp,12535
batalla,12516
futbol,12335
districte,12327
imperi,12323
unió,12275
mundial,12232
estan,12171
popular,12074
situat,12043
internacional,12042
mateixa,12037
anomenat,12000
bé,11977
ús,11945
equip,11914
llista,11861
eleccions,11858
tard,11845
castell,11791
color,11790
antiga,11744
aconseguir,11682
valència,11653
il,11621
passar,11606
espècies,11572
etapa,11566
davant,11541
temporada,11485
pere,11428
membres,11360
dècada,11358
metres,11275
sovint,11269
illes,11257
itàlia,11189
trobar,11167
força,11142
cal,11086
alt,11086
ibn,11078
principals,11051
anglès,11050
jocs,11025
unes,11013
peix,10995
ciutats,10981
actual,10960
tornar,10954
cop,10867
veure,10820
través,10819
dies,10819
teatre,10814
grups,10792
web,10778
divisió,10760
polític,10695
títol,10692
moviment,10664
cm,10650
cinc,10612
distribució,10587
militar,10575
escola,10561
mare,10547
cultura,10536
romà,10506
lícula,10484
creu,10483
edat,10458
canvi,10429
costat,10397
rebre,10395
comarca,10340
llibre,10270
resta,10267
moltes,10222
cos,10207
or,10194
costa,10157
alta,10134
posteriorment,10105
diu,10098
seua,10087
déu,10086
estudis,10043
vol,10032
natural,10023
vila,9981
sempre,9968
san,9963
amèrica,9961
grec,9914
reial,9872
vall,9827
següent,9823
peak,9823
construcció,9776
anar,9765
menys,9748
estar,9747
pau,9733
germà,9730
kitt,9718
desenvolupament,9716
base,9694
àfrica,9693
avui,9688
museu,9684
polítics,9666
informació,9661
spacewatch,9621
especialment,9576
neat,9532
mitjançant,9523
romans,9521
milions,9509
espanyola,9496
emperador,9490
ells,9485
formar,9464
treball,9445
conjunt,9424
importants,9420
aquell,9414
pas,9371
nivell,9310
ni,9308
york,9276
servir,9239
director,9218
procés,9210
sent,9199
gènere,9184
assolir,9117
paper,9098
crear,9088
mitjana,9048
elements,9043
qualsevol,9021
social,8982
classificació,8966
llatí,8956
estil,8956
font,8951
obtenir,8901
sinó,8889
juntament,8879
tan,8873
èxit,8868
futbolistes,8859
producció,8841
lliga,8827
civil,8799
format,8789
obstant,8775
carles,8773
baix,8758
edició,8751
etc,8702
valencià,8687
versió,8675
membre,8675
consell,8671
anomenada,8659
longitud,8637
pla,8631
voltant,8607
direcció,8560
occidental,8538
espanyol,8538
brasil,8531
alumnes,8523
ben,8521
escriure,8511
palomar,8509
dret,8468
comunitat,8463
forces,8400
departament,8392
societat,8391
to,8389
relació,8359
càrrec,8359
reis,8349
superior,8347
convertir,8344
fills,8289
malgrat,8288
espai,8270
lluís,8237
partits,8225
oriental,8222
sobretot,8203
john,8198
novel,8176
new,8173
joc,8146
estudi,8118
interior,8104
filla,8103
servei,8068
copa,8041
geogràfica,8018
situada,8006
administració,7989
homes,7976
núm,7965
finals,7935
gairebé,7927
establir,7907
principalment,7905
comte,7901
coneguda,7893
petit,7889
posició,7885
sis,7865
troben,7811
jordi,7798
francesa,7791
municipal,7783
serra,7782
nomenat,7770
alemany,7768
funció,7760
edifici,7749
jaume,7731
porta,7714
resultats,7668
le,7667
cantó,7666
dades,7661
cinema,7656
et,7631
superfície,7619
orde,7605
acord,7593
muntanya,7561
francesc,7558
iv,7522
palau,7516
acabar,7509
biografia,7498
ajuntament,7486
tanmateix,7445
mascles,7433
llei,7431
estiu,7430
world,7427
xina,7417
apareix,7401
institut,7392
instal,7389
londres,7385
vers,7376
mai,7342
estructura,7339
punts,7336
guanyar,7334
zones,7333
deixar,7323
real,7268
llocs,7263
mantenir,7261
públic,7256
tropes,7247
carrer,7244
activitat,7232
data,7208
romana,7201
morfologia,7196
formació,7196
baixa,7195
construir,7186
original,7163
projecte,7143
escriptors,7134
gràcies,7128
primeres,7115
volta,7111
antoni,7105
príncep,7092
right,7079
control,7067
home,7057
probablement,7053
televisió,7051
seria,7032
índia,7028
campionat,7024
aragó,7024
personatges,7022
escriptor,7017
carrera,7005
lícules,6999
jove,6972
muntanyes,6968
camí,6962
josé,6952
viu,6939
anglaterra,6937
autor,6922
terres,6914
anterior,6831
cultural,6820
fan,6819
tractat,6805
torre,6804
teoria,6789
massa,6758
mèxic,6755
següents,6752
fi,6748
principis,6741
geografia,6717
economia,6689
mesos,6687
situació,6685
únic,6678
pobles,6676
organització,6663
orient,6646
vencedor,6638
local,6612
planta,6605
sembla,6603
tracta,6591
creació,6585
revista,6564
plaça,6563
característiques,6562
esquerra,6550
permet,6548
parts,6541
dinastia,6538
llum,6532
fons,6492
utilitzar,6489
menor,6486
unit,6483
victòria,6482
persona,6476
possible,6468
quedar,6432
model,6426
sigui,6415
estació,6411
aleshores,6403
set,6397
castella,6384
produir,6375
musical,6369
italià,6342
japó,6341
meitat,6340
grècia,6331
fc,6321
caràcter,6314
resultat,6307
programa,6303
podria,6291
honor,6285
àrea,6276
premis,6272
estaven,6256
vi,6249
ramon,6247
energia,6232
petita,6231
literatura,6225
portar,6210
deu,6196
edificis,6187
mitjà,6181
port,6160
influència,6155
referència,6152
marc,6146
nucli,6140
veu,6139
classe,6128
participar,6121
parlament,6121
mas,6115
llibres,6107
dones,6104
nous,6091
diputats,6091
congrés,6090
noves,6083
mans,6076
animals,6068
bisbe,6059
posar,6052
presència,6046
entrar,6039
mitjans,6012
rússia,6005
segles,6003
ne,5984
generalitat,5979
text,5977
tenien,5975
néixer,5972
via,5970
miquel,5967
inclou,5964
lliure,5950
temple,5943
prendre,5942
utilitza,5933
corona,5929
tercera,5921
arts,5920
eua,5908
fora,5895
viure,5883
drets,5879
egipte,5876
defensa,5876
restes,5874
militars,5845
interès,5832
acció,5815
fonts,5806
francesos,5806
ella,5800
antics,5796
llengües,5786
valor,5782
sistemes,5771
comtat,5768
manuel,5765
contemporanis,5762
anderson,5762
fundació,5758
front,5749
domini,5742
últim,5728
disc,5717
tercer,5712
principi,5697
governador,5695
ministre,5690
companyia,5688
única,5676
problemes,5675
barri,5673
canal,5670
quantitat,5656
plantes,5656
clima,5648
hauria,5642
compositor,5629
aproximadament,5609
mallorca,5594
associació,5593
conca,5589
realitzar,5578
objectiu,5574
duc,5574
papa,5568
serveis,5561
naixements,5547
fent,5533
capacitat,5516
demografia,5512
ocupar,5512
castellà,5500
presenta,5492
imatge,5489
blanc,5484
intel,5474
pàgina,5474
casos,5467
treballar,5453
mesa,5431
parc,5426
olímpics,5424
mesura,5423
mil,5417
importància,5403
species,5379
publicar,5378
center,5376
decidir,5365
empresa,5364
formes,5362
educació,5362
monestir,5361
incloent,5346
david,5333
cases,5327
bona,5314
pedra,5314
poeta,5312
conté,5307
xarxa,5304
sentit,5301
jugador,5293
velocitat,5289
pont,5273
mostra,5250
las,5242
generalment,5241
feia,5230
àlbum,5230
personal,5218
normalment,5213
saint,5200
rius,5189
igual,5171
lleó,5146
unitat,5134
mig,5134
di,5133
diferència,5123
lluita,5122
podia,5117
cançó,5117
tradició,5112
loneos,5103
mercat,5101
presentar,5096
categoria,5094
juan,5094
comença,5088
gent,5081
seguir,5081
mestre,5070
from,5069
tour,5068
relacions,5064
cançons,5062
professor,5060
jean,5057
passa,5055
eds,5028
festa,5026
entrada,5020
personatge,4995
indústria,4985
territoris,4974
reina,4974
aviat,4971
funcions,4965
independència,4962
material,4953
revolució,4951
especial,4945
formen,4940
humans,4939
parla,4934
plana,4934
enviar,4932
qualitat,4920
continuar,4915
campanya,4912
notes,4904
objectes,4904
número,4900
senyor,4896
pròpia,4893
considerat,4879
europea,4878
fos,4874
llac,4869
generals,4866
estudiar,4860
aire,4859
aigües,4854
considera,4848
girona,4845
cel,4844
propi,4841
petits,4838
robert,4832
realitat,4823
cèl,4822
jugadors,4822
paraula,4807
hàbitat,4796
bandera,4791
activitats,4790
comú,4785
dreta,4780
respecte,4771
for,4760
esdevenir,4759
autors,4752
capella,4751
entorn,4750
escut,4733
àrab,4720
enric,4711
artistes,4705
tradicional,4697
casar,4694
permetre,4690
efecte,4687
ed,4685
àsia,4681
imatges,4681
disseny,4677
esdeveniments,4669
perdre,4667
sala,4666
so,4661
arquitectura,4658
britànic,4653
equips,4653
composició,4637
àustria,4637
austràlia,4635
bretanya,4634
condicions,4629
noms,4616
comunicació,4611
acadèmia,4607
portugal,4607
vista,4602
moderna,4589
medalla,4583
professional,4562
desenvolupar,4541
figura,4537
productes,4527
mes,4500
lecció,4496
línies,4484
patrimoni,4479
temperatura,4474
evitar,4467
independent,4463
comerç,4462
regions,4457
recerca,4455
sector,4453
fets,4440
diari,4438
atac,4433
òpera,4433
física,4429
du,4420
coneix,4410
fusta,4409
tron,4406
iniciar,4401
diferent,4377
aquells,4376
evolució,4369
actor,4365
nit,4364
fort,4363
dur,4357
socials,4355
ens,4353
article,4352
negre,4342
simon,4334
arriba,4328
frontera,4319
peces,4318
publicat,4317
antonio,4316
soldats,4302
armes,4298
argentina,4297
objecte,4295
petites,4294
francisco,4290
internacionals,4289
lar,4286
termes,4286
nascut,4284
grau,4276
idea,4276
sants,4272
representa,4272
socialista,4271
locals,4266
matrimoni,4258
orquestra,4256
inici,4255
pocs,4246
federació,4245
propietat,4242
creixement,4231
sols,4225
conèixer,4224
escala,4224
extrem,4224
press,4220
campió,4218
produeix,4211
vuit,4205
darrer,4205
destacar,4201
fórmula,4197
econòmica,4189
catedral,4183
cor,4178
carretera,4175
entitats,4173
americà,4171
freshwater,4169
anomena,4167
selecció,4167
canvis,4163
mà,4161
coll,4160
temes,4152
tema,4151
dirigir,4149
península,4149
princesa,4149
significa,4147
just,4140
limita,4136
actualitat,4125
nombrosos,4121
paral,4115
seguretat,4113
màxim,4111
llibertat,4108
lleida,4087
amor,4085
distància,4085
fundar,4084
camps,4082
última,4080
element,4077
doncs,4072
pública,4071
donat,4067
gal,4063
pintor,4060
secció,4053
gens,4053
utilitzat,4052
martí,4052
von,4052
felip,4048
bon,4047
inferior,4046
escrit,4040
alemanys,4037
sortir,4035
accés,4033
grega,4031
aquí,4029
canviar,4023
biblioteca,4023
unitats,4023
vell,4022
edicions,4022
festes,4010
editorial,4008
estrella,4007
soviètica,4005
passat,3995
històric,3994
industrial,3994
codi,3993
germans,3986
joves,3983
aparèixer,3982
autònoma,3982
treballs,3979
potser,3977
propietats,3977
mena,3975
algun,3974
cantant,3969
existència,3965
guillem,3960
abu,3960
recuperar,3958
tarragona,3958
transport,3958
ciències,3953
actriu,3952
lletres,3944
pp,3938
proves,3937
tècnica,3911
demanar,3910
ajuda,3906
motiu,3906
alhora,3906
present,3905
puig,3900
posterior,3898
dirigida,3897
retirar,3896
empreses,3893
piano,3892
unir,3891
www,3891
fase,3889
filosofia,3884
hivern,3884
efectes,3883
serà,3875
exterior,3872
crítica,3870
considerar,3870
nombroses,3869
paraules,3864
similar,3860
alexandre,3857
canadà,3853
britànics,3850
aquella,3839
rus,3839
cort,3822
hores,3819
química,3816
formada,3815
baixos,3815
representació,3814
oficials,3814
millors,3814
europeu,3811
suïssa,3799
style,3799
poesia,3798
do,3795
concepte,3794
creat,3791
elles,3791
ràdio,3787
comissió,3783
alguna,3780
jr,3773
assassinat,3772
màxima,3768
ésser,3767
intentar,3764
tropical,3761
llarga,3761
clubs,3760
compte,3756
favor,3748
regnat,3747
taula,3738
directament,3738
alfons,3736
anteriors,3734
william,3733
resistència,3731
valenciana,3729
charles,3729
vora,3726
problema,3724
foc,3722
rep,3717
humà,3715
límit,3710
ambdós,3709
ciència,3709
mètode,3709
can,3702
vots,3699
colors,3699
salvador,3695
an,3680
nobel,3679
hora,3671
mica,3670
malaltia,3670
destaca,3666
particular,3662
festival,3660
viatge,3653
videojocs,3650
exposició,3647
traducció,3641
comercial,3638
corrent,3628
revolta,3628
balears,3624
jugar,3624
lules,3623
califòrnia,3619
pràctica,3617
mida,3617
esglésies,3613
marca,3609
actes,3609
der,3608
espanyols,3607
materials,3605
volum,3604
xx,3597
constitució,3595
conseqüència,3594
articles,3590
àmbit,3589
descripció,3589
conserva,3588
vint,3584
feu,3583
arribada,3581
utilitzen,3577
inclouen,3575
polítiques,3572
nombres,3572
futur,3569
pèrdua,3567
assemblea,3567
conquesta,3566
roca,3563
règim,3562
compositors,3562
inicialment,3557
abandonar,3556
pintura,3549
memòria,3547
prova,3543
salut,3541
da,3539
south,3538
doble,3537
pressió,3536
carta,3534
sap,3532
provocar,3532
comandament,3532
agricultura,3531
existeix,3529
berlín,3528
ràpidament,3525
jesús,3524
khan,3524
títols,3520
coneguts,3514
trobat,3513
religió,3502
producte,3501
blanca,3499
ferro,3499
endavant,3496
esposa,3493
james,3493
cònsol,3487
competició,3486
mm,3485
barcelonins,3456
arc,3453
marina,3453
atacar,3453
secretari,3449
paul,3448
abd,3446
elegit,3434
naturals,3432
ferran,3429
torres,3422
corts,3421
with,3420
britànica,3416
rock,3411
religiosos,3409
urgell,3403
lleis,3396
albert,3393
províncies,3390
etapes,3383
protecció,3378
colònia,3375
poblacions,3361
junt,3354
artista,3353
prou,3351
ruta,3350
succeir,3348
israel,3343
comunista,3332
palma,3329
apareixen,3326
caps,3325
expedició,3322
existeixen,3320
investigació,3313
george,3312
amic,3312
net,3310
americana,3305
son,3305
seguit,3301
palmarès,3297
valors,3293
combat,3290
entitat,3284
university,3281
gols,3277
varen,3274
segueix,3273
recursos,3272
setmana,3271
històrica,3270
classes,3269
cambra,3267
medieval,3267
començament,3266
medicina,3265
podien,3259
ajudar,3255
basc,3254
construït,3245
porto,3243
extensió,3241
america,3239
comuna,3236
pes,3235
mitologia,3235
destaquen,3232
jueus,3228
fundada,3223
posteriors,3221
valls,3220
degut,3217
famílies,3215
cf,3215
left,3214
històrics,3213
estrelles,3210
pertany,3210
modern,3204
curs,3201
sicília,3197
http,3196
conflicte,3195
italians,3193
moviments,3192
richard,3190
torna,3180
maría,3176
fundat,3174
tècniques,3165
viena,3164
àrees,3162
tractament,3161
arquitecte,3160
contingut,3159
ls,3157
llenguatge,3156
grecs,3153
traslladar,3152
aliança,3151
vaixells,3149
participació,3149
contacte,3147
actors,3147
allà,3147
cristians,3146
roig,3146
por,3144
fugir,3139
seguint,3136
quilòmetres,3133
alçada,3130
res,3129
antigues,3126
derrotar,3126
planeta,3125
catòlica,3125
caure,3120
quart,3120
bèlgica,3120
varietat,3119
cara,3118
italiana,3116
aparició,3114
versions,3112
últims,3108
nau,3107
prové,3102
europeus,3101
historiador,3098
oposició,3097
humana,3093
mal,3092
anomenats,3089
coneixement,3088
federal,3086
nacions,3085
nens,3077
imperial,3077
setge,3076
completament,3075
vii,3074
cd,3073
acte,3064
national,3064
exemples,3061
bosc,3060
alcalde,3057
símbol,3048
motor,3040
fulles,3035
pallars,3034
fundador,3033
naixement,3031
àcid,3029
escoles,3025
populars,3022
sang,3022
altitud,3020
atenes,3018
explica,3016
vallès,3014
queda,3011
raó,3011
tingut,3010
econòmic,3008
fish,3006
podem,3002
àrabs,2999
crisi,2999
darrere,2997
municipals,2994
almenys,2992
circuit,2986
certa,2981
constant,2978
quasi,2970
forta,2970
anna,2967
comandant,2963
oficialment,2959
líder,2952
lació,2951
models,2948
fortalesa,2948
concert,2944
museum,2943
germana,2941
ribera,2939
arreu,2936
nacionals,2936
pares,2935
montserrat,2933
ambient,2928
celebrar,2925
publicació,2925
musulmans,2918
figures,2915
totalment,2915
estadi,2903
compta,2897
científics,2893
animal,2892
aplicació,2891
cert,2886
façana,2886
instruments,2885
mateixos,2884
senat,2884
luis,2883
principat,2883
volia,2882
tv,2881
cim,2872
milà,2871
matar,2869
diputat,2866
tecnologia,2863
branca,2860
comitè,2860
cadena,2860
guerres,2853
clau,2851
rebel,2851
tribus,2850
estatunidencs,2846
terreny,2844
amics,2844
ca,2843
expressió,2840
autoritat,2839
darrers,2835
patir,2832
professors,2828
competicions,2825
idees,2825
alegre,2822
metge,2819
dc,2818
flota,2815
reconeixement,2814
temporades,2813
estàndard,2811
anomenar,2809
declarar,2808
documents,2802
riba,2801
hom,2798
anàlisi,2795
començà,2789
sortida,2788
polònia,2788
periodista,2788
operació,2783
city,2781
visió,2780
excepte,2778
senyal,2777
trobava,2775
habitual,2774
suècia,2766
expansió,2765
solar,2759
background,2759
ex,2758
semblant,2757
successió,2752
lliures,2750
american,2750
blau,2749
michael,2749
perciformes,2749
gira,2748
trobem,2745
digital,2741
simplement,2741
operacions,2741
directe,2739
llobregat,2738
anteriorment,2737
armènia,2736
difícil,2735
resposta,2735
aspecte,2734
nivells,2731
rosa,2730
arxiu,2730
dirigit,2724
cursa,2719
esport,2717
augment,2717
escena,2716
obrir,2715
tasca,2710
consta,2709
joseph,2708
coalició,2707
peu,2706
gèneres,2704
tingué,2702
gai,2702
ocupació,2702
sa,2699
oli,2697
centres,2696
presenten,2695
derrota,2691
vermell,2690
consisteix,2687
seues,2687
jersey,2684
inicial,2681
caiguda,2680
estatunidenc,2680
santiago,2677
history,2677
invasió,2675
programes,2675
navarra,2674
carlos,2674
poetes,2673
catalina,2673
mount,2672
generació,2671
missió,2670
atacs,2667
mont,2667
musicals,2665
laboració,2663
cens,2663
aliats,2662
verd,2661
destacats,2657
tribu,2657
músics,2657
processos,2656
dedicada,2656
anglesos,2648
acceptar,2648
ocasions,2644
completa,2643
espanyoles,2641
cent,2639
cambridge,2639
thomas,2638
successor,2637
coses,2636
orígens,2636
justícia,2635
lletra,2634
dedicar,2632
fe,2631
hospital,2627
solen,2625
smith,2621
continua,2617
malalties,2614
cicle,2613
muhammad,2613
medi,2612
ciutadans,2611
compost,2611
institucions,2610
americans,2610
barranc,2610
carrers,2609
arran,2609
trajectòria,2607
sevilla,2607
diners,2605
galeria,2605
pedro,2602
basada,2601
creada,2600
treballadors,2600
oscar,2598
gaire,2597
obert,2597
marxa,2596
clàssica,2596
plata,2595
reforma,2595
necessitat,2593
irlanda,2592
historiadors,2592
golf,2590
actuals,2588
sola,2588
intent,2587
antiguitat,2585
atenció,2585
correspon,2582
turisme,2582
càrrega,2581
esteve,2581
oferir,2576
accions,2573
augmentar,2571
retorn,2570
universal,2569
sèries,2569
darrera,2563
louis,2562
escrita,2559
molta,2557
vermella,2555
matèria,2551
negra,2551
donant,2550
basat,2549
indica,2545
peixos,2542
dedicat,2541
acaba,2539
saber,2537
bernat,2537
gas,2537
monuments,2536
dit,2535
minerals,2534
passant,2532
interpretació,2531
valencians,2530
descobrir,2528
pràcticament,2527
minuts,2526
estructures,2525
veïns,2525
sabadell,2525
formant,2524
checklist,2524
romandre,2524
culturals,2522
passà,2522
ali,2522
din,2522
essent,2518
presidència,2516
aspectes,2515
aplicacions,2515
vent,2512
escrits,2510
utilitzant,2507
mètodes,2506
lluna,2503
ensenyament,2501
famós,2498
garcía,2494
afegir,2494
mostrar,2492
canals,2490
reacció,2490
kullander,2489
ball,2489
cèsar,2485
possibilitat,2484
espais,2483
capità,2483
textos,2479
vaixell,2476
residència,2474
complex,2472
bronze,2471
possiblement,2470
regional,2469
royal,2469
catalanes,2468
relativament,2468
isabel,2468
físic,2467
portes,2466
premsa,2466
presó,2465
menjar,2464
clar,2464
sur,2461
primavera,2461
urbà,2460
simple,2458
list,2458
dòlars,2453
presa,2453
damunt,2452
tradicionals,2450
ve,2449
ferraris,2448
quarta,2444
continuació,2441
considerada,2440
don,2440
css,2439
programari,2438
freqüència,2438
celebra,2436
flors,2436
psoe,2436
districtes,2435
noruega,2435
estudiants,2434
frederic,2432
organitzacions,2431
definició,2428
organitzar,2427
fitxa,2422
company,2421
llegenda,2419
gel,2417
donen,2417
reconèixer,2417
mamífers,2417
signar,2416
sí,2415
ferrocarril,2414
ocupa,2411
fao,2411
propis,2410
cavallers,2410
pierre,2408
restauració,2408
haleakala,2408
satèl,2404
hongria,2404
lluitar,2403
aconseguí,2402
altes,2402
turó,2402
joventut,2400
viuen,2398
localitat,2395
incloure,2395
gestió,2394
ronda,2394
menors,2390
ad,2390
andreu,2390
lemmon,2387
culte,2385
religiosa,2382
entrenador,2381
disputar,2379
capaç,2379
manca,2379
pell,2378
context,2375
peça,2371
feien,2370
miguel,2368
escollit,2368
mesures,2365
comunitats,2359
democràtica,2358
russa,2358
car,2357
baixes,2351
internet,2349
mediterrània,2349
llevant,2349
eix,2348
genus,2347
castells,2344
anunciar,2343
oceà,2341
reus,2341
constantinoble,2338
luci,2335
marxar,2335
altura,2334
similars,2327
lacions,2326
poemes,2324
situa,2323
xile,2323
permeten,2320
retornar,2318
enviat,2318
enllà,2316
inicis,2316
antigament,2316
pensament,2315
parlar,2313
policia,2313
junta,2312
projectes,2311
respectivament,2309
arbres,2307
rafael,2307
tractar,2305
carboni,2305
bàsquet,2305
peter,2304
esports,2303
déus,2301
natura,2301
mediterrani,2298
formava,2297
ajut,2297
experiència,2295
feta,2294
introduir,2289
representar,2288
guanyadors,2287
reunir,2286
august,2283
clara,2282
ponent,2281
nobles,2281
edipucrs,2277
actuació,2274
lió,2274
dimensions,2273
calendari,2273
escriptura,2272
massachusetts,2272
construïda,2272
parella,2268
components,2268
turquia,2268
coberta,2267
poques,2263
tradicionalment,2262
defensar,2260
segurament,2260
bases,2260
descriu,2260
dominis,2259
anglesa,2258
síria,2257
ambdues,2256
concerts,2254
llançar,2253
exercir,2253
boscos,2253
morí,2246
siluriformes,2244
dalt,2243
cristiana,2242
ordres,2238
deixant,2238
vídeo,2236
cavall,2236
publicada,2234
nàpols,2233
casà,2233
pintures,2231
andorra,2231
derrotat,2230
llargària,2229
denominació,2227
ple,2226
co,2225
potència,2224
convent,2224
islam,2223
arbre,2223
extinció,2223
desenvolupat,2222
guitarra,2221
diferències,2218
instrument,2216
complet,2216
aeroport,2215
característica,2214
atlàntic,2214
naturalesa,2213
curses,2212
límits,2211
meridional,2211
densitat,2210
dotze,2209
joaquim,2208
científica,2204
podrien,2203
sons,2203
ermita,2203
viii,2202
comportament,2199
vist,2199
solució,2197
trenta,2196
proteïnes,2195
concentració,2194
descendents,2191
plans,2191
conquerir,2191
reduir,2190
venècia,2189
sobirà,2189
factors,2188
mestres,2187
condició,2186
monument,2186
religiós,2185
demostrar,2185
martin,2184
legi,2182
tribunal,2182
humanitat,2181
filòsof,2180
guinea,2179
washington,2179
document,2177
pacífic,2177
allò,2175
estacions,2175
corda,2174
disposa,2172
consum,2172
adn,2172
bastant,2171
esmenta,2169
exili,2166
jerusalem,2166
groc,2164
tocar,2164
pagar,2162
partícules,2162
rosselló,2162
perú,2161
mínim,2159
vella,2158
lópez,2158
global,2156
aliments,2155
temperatures,2153
companys,2153
pilot,2149
individus,2149
esperit,2148
ulls,2148
roger,2146
càncer,2146
angeles,2143
empordà,2143
fruit,2142
breu,2141
alliberament,2140
pròpies,2138
conferència,2138
conserven,2137
deia,2130
victòries,2129
science,2129
pol,2126
risc,2125
univers,2124
decisió,2124
allí,2122
comercials,2121
ebre,2120
parròquia,2120
rang,2120
artístic,2119
immediatament,2118
científic,2117
nomenar,2117
saragossa,2117
contrari,2116
cossos,2116
romania,2115
organismes,2114
responsable,2114
cavaller,2112
hereu,2112
alts,2111
macedònia,2110
crist,2109
músic,2109
nostra,2108
cartes,2108
bisbes,2107
torn,2106
motius,2106
desert,2106
poema,2106
barris,2105
comarques,2105
llançament,2104
xinès,2104
vendre,2101
perpinyà,2101
riera,2100
inclòs,2099
op,2099
novament,2099
portal,2098
fàbrica,2097
liberal,2095
tram,2095
torneig,2095
cercle,2094
cuba,2094
poca,2091
manté,2090
singh,2090
cadascun,2088
elecció,2085
proper,2084
deixa,2083
anava,2081
majors,2081
representant,2080
recentment,2079
trets,2079
funcionament,2077
matemàtiques,2075
escriptora,2074
patró,2066
intenció,2066
deriva,2065
adoptar,2065
millorar,2063
reserva,2061
publicacions,2060
autoritats,2058
igualment,2058
descobriment,2058
originalment,2058
unides,2057
occitània,2056
utilitzada,2056
comptes,2055
comtes,2054
individual,2053
reconegut,2053
descobert,2052
actiu,2051
moscou,2048
aconsegueix,2047
bloc,2045
feina,2045
as,2045
conseller,2045
autonomia,2042
castelló,2042
consideren,2041
conegudes,2040
retirada,2040
futbolista,2040
martínez,2037
enfrontar,2036
ficció,2034
jardí,2034
llorenç,2034
infantil,2033
capa,2033
arribat,2031
milers,2030
rebut,2028
càrrecs,2028
estrenada,2024
moments,2023
determinar,2023
ix,2022
ofereix,2018
hagués,2017
japonès,2017
editors,2016
decret,2016
possessió,2013
romanes,2013
descriure,2012
identitat,2011
juli,2011
org,2010
escòcia,2009
publications,2007
cua,2006
roques,2004
perdut,2004
historia,2003
clàssic,2002
habitualment,2002
territorial,2002
múltiples,2000
arribà,1999
platja,1999
campions,1999
basa,1998
dinamarca,1998
pista,1997
esdevingué,1996
administrativa,1996
alacant,1996
records,1995
usar,1995
actuar,1995
anual,1994
notable,1993
posicions,1993
independents,1992
béns,1992
esportistes,1992
creixent,1991
regnes,1990
manresa,1990
nintendo,1989
setmanes,1988
marit,1988
mur,1987
necessari,1984
persa,1982
exèrcits,1982
normal,1981
sòl,1980
xiii,1979
dècades,1977
significat,1973
consulta,1972
destacat,1971
representen,1971
qüestió,1969
corea,1969
abandona,1968
possibles,1968
fernando,1967
transició,1967
me,1966
vivien,1962
colònies,1960
peus,1959
infant,1957
públiques,1957
costes,1957
harry,1955
presents,1954
institució,1954
ocells,1953
civils,1950
ordinador,1950
negres,1949
espacial,1948
homenatge,1948
colòmbia,1948
sal,1948
henry,1947
tornà,1947
claudi,1947
anell,1947
substituir,1945
paris,1944
enemic,1943
àngel,1942
sexual,1941
sorgir,1940
chicago,1939
renaixement,1938
uruguai,1938
obertura,1937
concurs,1936
establert,1935
protegir,1935
lent,1934
cerdanya,1934
observar,1933
pérez,1931
russos,1931
ministeri,1931
os,1930
familiar,1929
fenomen,1927
planes,1926
conservar,1926
tret,1925
music,1924
esclaus,1923
inc,1922
unesco,1920
belles,1918
regular,1918
terrassa,1918
badia,1917
pirineus,1916
relacionats,1914
impacte,1914
esmentat,1914
objectius,1912
brussel,1912
perill,1911
contenen,1910
reproducció,1909
especials,1908
equivalent,1908
north,1905
curt,1903
serrat,1903
fernández,1902
propera,1901
diàmetre,1900
teresa,1900
zelanda,1900
parlants,1900
establiment,1900
escultor,1900
pilots,1900
pilota,1898
agrícola,1896
ràpida,1895
carn,1894
doctor,1893
esportiva,1893
cristianisme,1892
ibèrica,1892
nació,1892
pokémon,1891
governar,1891
star,1890
mario,1889
ducat,1888
destruir,1887
hagi,1886
certs,1886
caixa,1886
filòsofs,1886
society,1886
all,1886
mostren,1884
pintors,1884
vies,1884
artística,1883
estatal,1882
park,1882
créixer,1879
voluntat,1879
màquina,1877
gonzález,1877
llistes,1877
pren,1875
recorregut,1875
escultura,1875
recull,1875
para,1875
mi,1874
produeixen,1873
excel,1873
at,1872
lingüística,1871
estendre,1870
vessant,1870
explicar,1870
atès,1870
ocupada,1870
republicà,1869
guàrdia,1868
conservació,1867
punta,1867
florència,1867
cavalleria,1866
enllaç,1865
cipriniformes,1864
recent,1864
genera,1863
suposa,1862
legal,1861
introducció,1861
plena,1860
rio,1860
venda,1860
relleu,1859
comunes,1857
converteix,1857
realitzat,1856
visitar,1855
europees,1853
nuclis,1852
college,1851
ordenar,1850
disponible,1849
monarquia,1849
pensar,1848
convertit,1847
infanteria,1847
man,1847
fusió,1846
interpretar,1845
públics,1843
fred,1843
agafar,1840
tendència,1840
tampoc,1839
motors,1839
definitivament,1839
daniel,1837
químic,1837
die,1837
buscar,1836
períodes,1835
torrent,1835
turcs,1835
ferrer,1834
catòlics,1832
participà,1831
capítol,1830
bandes,1830
senyors,1830
siguin,1830
moderns,1829
king,1829
film,1829
usuari,1827
superiors,1827
advocat,1827
accedir,1826
columna,1826
moneda,1825
realitza,1823
xvi,1823
representants,1822
electrons,1822
normes,1821
cuina,1821
proposta,1820
london,1820
roja,1820
monedes,1820
xix,1820
directa,1818
mitjan,1818
cardenal,1818
noble,1817
guanyà,1817
argument,1815
parroquial,1815
franco,1813
pa,1812
grand,1810
sectors,1808
produït,1806
compostos,1806
pi,1804
loricariidae,1804
suma,1804
adquirir,1803
st,1803
permanent,1802
proclamar,1802
ràpid,1802
històries,1801
voler,1801
tolosa,1800
nen,1798
arribant,1798
marroc,1798
intervenció,1797
enfront,1797
xavier,1797
comprèn,1796
econòmiques,1796
diego,1796
escenes,1794
horta,1794
quant,1794
anat,1793
únicament,1793
incorporar,1793
editor,1793
vic,1792
kg,1791
alexandria,1791
prínceps,1791
alimentació,1790
republicana,1790
califa,1790
comèdia,1789
estatunidenca,1789
programació,1788
donava,1787
diputació,1785
estany,1784
crítiques,1783
ciclista,1783
assegurar,1782
life,1782
olímpic,1781
hidrogen,1781
anomenades,1780
literària,1780
cementiri,1780
romànica,1779
professionals,1778
usa,1777
ascens,1777
astúries,1776
donà,1775
you,1775
registre,1774
granada,1774
portuguès,1774
ample,1774
accident,1774
gol,1774
marcar,1773
enginyeria,1773
vilanova,1773
queden,1772
mandat,1772
toledo,1772
crític,1769
pantalla,1769
certes,1768
fàcilment,1768
obté,1768
usuaris,1768
serres,1767
destrucció,1764
metal,1763
jazz,1762
columnes,1761
aires,1760
definir,1759
selva,1759
controlar,1757
lluny,1757
emir,1756
òrbita,1754
protagonista,1754
llet,1753
te,1752
curta,1751
surt,1750
veus,1748
execució,1748
tornada,1747
neix,1747
rural,1746
proposar,1746
occità,1746
femenina,1745
àmplia,1745
familiars,1744
juga,1742
vehicles,1742
legió,1742
metall,1741
coral,1741
quadre,1740
rica,1739
durar,1738
enciclopèdia,1738
berenguer,1737
titular,1736
considerava,1736
veneçuela,1735
muhàmmad,1734
preu,1733
terrestre,1733
dividir,1733
aniversari,1731
fotografia,1730
fonamental,1730
contracte,1728
rin,1728
usos,1726
comuns,1725
arquebisbe,1725
trencar,1724
marí,1722
gràcia,1721
naus,1721
esdevé,1720
avinguda,1719
serien,1718
documentació,1718
bellesa,1717
banc,1716
trobada,1715
candidat,1715
colom,1714
verge,1714
calor,1713
tren,1713
compondre,1713
dansa,1712
xv,1712
suposar,1711
xi,1711
angle,1711
concili,1711
testament,1710
arcs,1710
paisatge,1709
bateria,1709
enemics,1708
mot,1707
haurien,1707
equació,1707
òperes,1707
depèn,1706
hagué,1706
orientals,1706
llatina,1705
hall,1704
tomba,1703
continent,1702
tenint,1702
adaptació,1701
finalitat,1698
sir,1695
regidors,1693
interna,1693
international,1693
categories,1692
éssers,1691
legislatura,1691
mapa,1691
taxonomia,1691
sultà,1691
serveix,1690
blat,1690
democràcia,1690
oxigen,1689
causar,1689
comprar,1689
teories,1688
poders,1688
cova,1688
survey,1688
afers,1686
zero,1686
escenari,1685
notícies,1684
xii,1684
branques,1682
vapor,1681
camins,1680
realment,1680
pujar,1680
vietnam,1679
und,1679
nadal,1678
abat,1676
junts,1676
atmosfera,1676
reunió,1676
discurs,1676
divideix,1676
parell,1675
falta,1674
plataforma,1674
provincial,1674
occidentals,1672
transmissió,1672
resoldre,1672
fàcil,1671
giovanni,1671
marquès,1668
defineix,1667
super,1667
lular,1667
eines,1666
pàgines,1666
pop,1665
pugui,1665
composta,1665
nacionalista,1665
caça,1664
encyclopedia,1663
videojoc,1663
giro,1663
incloïa,1660
colla,1660
oberta,1659
difusió,1658
originals,1657
majoritàriament,1657
cost,1656
revistes,1656
honoris,1656
oncle,1655
fabricació,1655
otomà,1655
partida,1654
opinió,1654
boca,1654
pèrsia,1654
productor,1654
ministres,1653
comunistes,1653
militants,1653
estén,1652
fama,1651
símbols,1650
femení,1649
mecànica,1649
iniciativa,1648
aconseguit,1648
excepció,1647
superar,1647
lustres,1647
presoners,1646
congo,1646
sobirania,1646
associat,1645
privada,1644
ral,1644
determinat,1642
entra,1642
episodi,1642
españa,1641
acabat,1641
èxits,1641
vegetació,1638
tardor,1638
united,1638
ruïnes,1637
barroc,1636
durada,1636
directors,1636
amunt,1635
estàtua,1634
ona,1634
presidents,1634
eliminar,1633
crea,1632
ar,1632
xiv,1632
prat,1630
constantí,1629
solament,1627
alfabet,1627
conflictes,1627
occident,1626
molí,1626
iran,1625
naval,1625
volums,1624
interessos,1624
substituït,1623
batalles,1623
estrena,1622
pesca,1621
noguera,1621
oxford,1620
llargues,1620
ptolemeu,1619
retaule,1618
ocupat,1618
econòmics,1616
contemporània,1616
resolució,1616
elèctrica,1616
napoleó,1616
by,1615
mateixes,1613
travessa,1613
raons,1612
cops,1611
participants,1611
laterals,1610
ports,1609
absència,1609
marge,1609
medalles,1606
pal,1604
desaparèixer,1603
imposar,1603
casat,1602
popularitat,1601
equador,1601
avions,1601
dividit,1600
encarregat,1600
utilitzats,1599
corrents,1599
metropolitana,1598
declaració,1597
sardenya,1597
cristià,1596
organisme,1596
inscripció,1596
school,1596
senzill,1595
estel,1594
viatjar,1594
virus,1594
top,1594
religioses,1593
fòssils,1593
dubte,1592
diversity,1592
diccionari,1591
afirma,1590
profunditat,1589
guide,1589
flandes,1589
secundària,1588
japonesa,1587
usat,1587
apol,1586
bell,1584
catfishes,1583
geòrgia,1583
combinació,1582
borbó,1582
santuari,1581
soler,1581
houten,1581
lleugerament,1580
mcallister,1580
compromís,1579
metro,1576
esdeveniment,1575
uneix,1575
tradicions,1575
granota,1575
ull,1575
game,1575
moral,1574
arrels,1574
molècules,1574
con,1574
colspan,1574
posa,1573
visita,1573
françois,1572
julià,1572
etimologia,1571
rècord,1571
uicn,1571
sotmetre,1571
buenos,1570
ocasió,1570
clarament,1569
còmic,1569
amplada,1568
red,1568
cant,1567
famosa,1567
pompeu,1567
promoció,1566
entendre,1566
construccions,1565
variable,1565
disputa,1565
facultat,1564
quantitats,1564
xviii,1564
escons,1564
violència,1563
concretament,1562
casada,1562
pakistan,1559
na,1559
adults,1558
universitats,1557
costums,1557
menorca,1557
maneres,1556
jo,1555
nebot,1555
seguidors,1555
ciclistes,1555
cadascuna,1554
cantants,1553
shah,1553
divisions,1552
vocal,1552
vicepresident,1552
eduard,1552
tom,1552
pols,1551
graus,1551
rodríguez,1550
caracteritza,1550
galícia,1550
teorema,1549
formà,1548
rodes,1548
amenaçades,1547
jacques,1546
escriu,1546
inicià,1546
coma,1546
costats,1546
sebastià,1546
depenent,1545
error,1545
estret,1544
esportiu,1544
relacionades,1543
companyies,1543
elevat,1542
alps,1542
lit,1541
finalitzar,1540
particularment,1540
arriben,1539
sacerdot,1539
dibuixos,1539
magnitud,1538
muralles,1538
dificultats,1538
activa,1537
gabriel,1537
lisboa,1537
saxònia,1537
mèrit,1536
aplicar,1535
referir,1534
càlcul,1534
recuperació,1533
baviera,1533
llibret,1533
martín,1532
dr,1531
cura,1530
coneixen,1530
treure,1529
actuacions,1529
time,1529
històricament,1526
bretó,1526
fotografies,1525
documental,1524
donada,1524
exemplars,1524
continental,1523
formats,1523
globus,1523
iraq,1521
nicolau,1520
comencen,1519
dintre,1519
ala,1519
feliu,1519
aconseguint,1517
celebració,1515
campanyes,1515
refereix,1513
tasques,1512
agent,1512
nuclear,1512
flor,1512
is,1512
repartiment,1511
roc,1511
constitueix,1510
factor,1510
guió,1509
fragments,1507
florida,1507
cultures,1506
causes,1505
fira,1505
metges,1505
identificar,1505
bones,1505
franceses,1505
fauna,1504
probable,1504
corresponent,1503
são,1503
publicà,1502
socialistes,1502
entrevista,1502
masia,1500
arxius,1500
dictadura,1499
heroi,1499
estadística,1499
senyals,1498
ucraïna,1497
provença,1497
reals,1495
viatges,1495
arrel,1495
barreja,1494
savoia,1494
equilibri,1493
industrials,1493
espasa,1493
debutar,1493
creus,1491
exteriors,1490
líders,1490
parets,1490
sentir,1488
veritable,1487
anomenen,1486
coure,1486
regionals,1486
hipòtesi,1485
perses,1485
amistat,1485
diaris,1484
doctors,1483
comunicacions,1482
concedir,1482
matemàtic,1482
andalusia,1481
diumenge,1481
raja,1481
múnic,1481
infants,1480
estatut,1480
hitler,1480
necessitats,1479
muralla,1479
declarat,1479
varietats,1478
argent,1478
museus,1477
abadia,1476
concepció,1476
metalls,1476
gregori,1476
diuen,1474
west,1473
atlas,1473
dividida,1472
entrenadors,1472
combatre,1471
taxa,1470
comparació,1468
dura,1468
convertint,1468
salt,1467
enginyer,1467
borgonya,1466
black,1465
avall,1465
individuals,1464
suprem,1464
confederació,1464
tècnic,1463
estableix,1463
màquines,1461
publica,1461
democràtic,1461
masses,1460
euros,1460
ceràmica,1458
pis,1458
relacionat,1457
juvenil,1457
millora,1456
bàsicament,1456
indrets,1455
noblesa,1455
gust,1454
teleostei,1454
nostre,1453
blancs,1452
neu,1452
ous,1452
onze,1452
lectura,1451
sigut,1451
xarxes,1451
us,1451
utilització,1450
cedir,1450
circular,1450
guia,1450
finlàndia,1450
existir,1449
vicent,1449
resum,1447
potencial,1447
dents,1446
sucre,1446
windows,1445
reformes,1445
serralada,1444
conseqüències,1443
pujol,1442
víctor,1442
esforços,1442
ritme,1440
semblants,1440
marie,1440
planetes,1440
secret,1440
separació,1438
cavalls,1438
catàleg,1437
inclosa,1435
greu,1435
val,1435
ford,1435
governs,1435
àlbums,1435
recinte,1434
arquitectes,1434
jussà,1434
sales,1434
comptar,1433
assaig,1432
crítics,1431
màrtir,1431
subsp,1430
cents,1429
mode,1429
distingir,1428
resultar,1427
frank,1426
notables,1426
benet,1426
tancat,1426
decoració,1425
alba,1425
vidal,1425
temples,1424
escapar,1424
fossin,1424
campionats,1424
cònsols,1424
sonora,1423
idioma,1423
hagut,1422
nota,1421
penedès,1421
liceu,1421
agustí,1420
tancar,1419
radiació,1419
mines,1419
laborar,1419
love,1419
sierra,1419
aus,1418
quants,1417
ampli,1416
gòtic,1415
quint,1415
roba,1414
llegir,1414
portava,1414
mor,1413
oficina,1413
personalitat,1413
house,1412
metàl,1411
league,1411
àmpliament,1411
porten,1411
rebutjar,1411
aquelles,1410
composicions,1410
sèrbia,1409
lel,1408
filipines,1407
armada,1407
detalls,1406
natal,1406
regles,1404
terrenys,1403
pràctiques,1402
absoluta,1402
missatge,1401
centenars,1401
literari,1399
pacific,1398
explotació,1398
variant,1397
pilar,1397
cinquanta,1396
conjuntament,1395
resulta,1395
fosc,1394
seccions,1394
aèria,1392
avançar,1391
femelles,1391
otomans,1391
caràcters,1390
buit,1390
portat,1389
enterrat,1389
prússia,1388
masculina,1386
pedres,1385
sea,1385
violí,1385
monumental,1384
re,1384
exposicions,1383
fronteres,1382
complir,1381
id,1381
lia,1381
scott,1380
classificar,1379
reducció,1379
demanda,1379
fetes,1379
promoure,1378
esperança,1378
constituir,1377
pertanyia,1377
electoral,1377
terç,1376
absis,1376
obligar,1375
escuts,1373
contribuir,1373
salvar,1371
agència,1370
petroli,1370
químics,1369
completar,1368
vidre,1368
variacions,1368
max,1368
elèctric,1368
disposició,1366
personals,1366
lliurar,1365
lula,1365
gegants,1364
riquesa,1363
bíblia,1362
contes,1362
parcialment,1361
roman,1361
òrgan,1361
papers,1361
inferiors,1360
alternativa,1360
inicia,1360
flux,1360
episodis,1359
catòlic,1359
provoca,1358
bgcolor,1358
nelson,1358
guardonat,1358
separar,1356
rebé,1356
it,1356
fruita,1355
aprofitar,1354
quadres,1354
della,1354
hoquei,1353
associacions,1352
belga,1352
tomàs,1351
carbó,1351
executiu,1351
privat,1350
representacions,1350
negar,1350
freqüent,1350
partidaris,1350
assistir,1350
ideal,1349
definitiva,1349
líquid,1348
jack,1348
estrenar,1347
cat,1346
guanyat,1345
tinent,1345
tremp,1344
simfonia,1344
orleans,1344
roda,1343
exclusivament,1342
transformació,1342
vivia,1341
murs,1341
pertanyent,1341
muller,1341
nascuda,1341
capturar,1340
dominar,1340
convertí,1339
llargs,1339
sec,1339
voltes,1338
societats,1338
soviètics,1338
panamà,1336
magistrat,1336
doctrina,1335
finestres,1335
pacte,1335
seqüència,1334
centrals,1334
esportives,1334
acer,1334
augmenta,1333
emetre,1333
conservat,1333
nba,1333
plini,1332
morta,1331
tractats,1331
portada,1330
investigacions,1330
franquisme,1330
marine,1330
ciprínids,1330
dibuix,1329
sánchez,1329
gàl,1329
realitzada,1328
bits,1327
basílica,1326
enorme,1325
viola,1325
amenaça,1324
altar,1323
seixanta,1323
ordinadors,1323
envair,1322
ofensiva,1322
considerats,1321
segur,1321
nat,1321
retrat,1320
últimes,1320
permetia,1320
estrangers,1320
bages,1320
llacs,1318
procedents,1318
post,1318
individu,1318
parlen,1318
cinquè,1318
cotxe,1318
banderes,1317
gamma,1317
component,1317
matí,1316
japonesos,1316
texas,1316
radical,1315
etiòpia,1315
còpies,1315
trànsit,1315
indonèsia,1314
nature,1314
veritat,1312
unida,1312
àtoms,1312
mecanisme,1311
múrcia,1311
dissenyat,1310
ss,1310
descrit,1310
decideix,1309
propers,1309
rebels,1309
judici,1308
desenvolupa,1307
substàncies,1307
vents,1307
football,1307
my,1307
substitució,1306
fundadors,1305
manteniment,1305
obligat,1305
tals,1304
afirmar,1304
variables,1304
em,1303
ciceró,1303
coronel,1303
este,1302
pic,1302
river,1301
regla,1300
diversitat,1299
aprovar,1298
ingressos,1297
considerable,1297
índex,1297
elevada,1296
preparar,1296
carreteres,1295
jardins,1295
ou,1294
havent,1294
històriques,1293
arnau,1293
pogut,1293
cultiu,1293
aliat,1293
pogués,1292
soviètic,1292
endemà,1292
començat,1291
blackwell,1291
triomf,1290
enrere,1290
java,1289
saló,1288
lee,1287
tenim,1287
edward,1287
connexió,1287
solitari,1287
implica,1286
ànima,1286
formaven,1285
monarca,1285
hotel,1285
suec,1284
septentrional,1284
var,1283
mitja,1282
estils,1282
bons,1281
paret,1281
separat,1281
passeig,1281
registres,1281
visual,1280
turc,1280
ningú,1280
deessa,1280
monjos,1279
franja,1279
system,1279
seguida,1279
massís,1279
aixecar,1279
campanar,1278
neerlandès,1278
verlag,1277
hel,1277
existents,1277
vicente,1277
cursos,1276
palestina,1275
publi,1275
poblat,1275
dieta,1275
treballa,1274
recents,1274
forts,1274
patriarca,1274
masculí,1273
estada,1273
aturar,1272
requereix,1272
variants,1272
ones,1272
expressar,1271
flora,1271
situats,1270
nostres,1269
filles,1268
gaudí,1268
masies,1266
contemporani,1265
esmentada,1265
vilafranca,1265
medievals,1265
taller,1265
virtual,1265
voltants,1264
marques,1264
herba,1264
llevat,1264
viles,1264
influències,1264
mercè,1264
legislatives,1264
lectual,1263
baró,1263
ribagorça,1263
cantons,1263
biologia,1262
urbana,1262
presoner,1262
live,1262
conceptes,1261
varia,1261
cordes,1261
aprendre,1260
trens,1260
climent,1260
herència,1259
comarcal,1259
òrgans,1258
ampliar,1257
pluja,1256
integral,1256
tancs,1256
tennis,1255
clàssics,1254
amenaçada,1254
revoltar,1254
debat,1253
am,1253
malden,1253
alfred,1252
ricard,1252
xvii,1251
mineral,1250
karl,1250
començaments,1250
pisces,1250
propietari,1249
víctimes,1249
missa,1249
ue,1249
capes,1248
acabà,1248
pianista,1248
estratègia,1247
pertanyen,1247
garcia,1247
rodalia,1247
quaranta,1246
dolça,1246
acabada,1246
còrsega,1246
observacions,1245
aparell,1245
impedir,1245
xinesa,1244
estudià,1243
còrdova,1243
den,1243
narrativa,1242
carl,1242
consellers,1242
williams,1242
insectes,1241
oscil,1240
primària,1240
prefectura,1239
tractava,1238
moda,1238
egipcis,1238
dispositius,1238
tensió,1237
reaccions,1237
estranger,1237
desig,1236
membrana,1236
eina,1235
presentació,1235
electrònica,1235
arthur,1233
brillant,1233
jurisdicció,1233
tones,1232
johann,1231
segell,1231
creia,1229
springer,1228
emissió,1228
lord,1227
animació,1227
vot,1227
dvd,1227
generar,1226
artilleria,1226
properes,1225
friedrich,1225
musulmana,1225
traduccions,1225
inclosos,1225
suficient,1224
prestigi,1224
indústries,1222
informe,1221
perfil,1220
fundà,1219
destinat,1219
anells,1218
audiència,1217
drama,1217
almirall,1217
collette,1217
luxemburg,1217
jaciments,1216
competència,1215
deixat,1215
transformar,1215
regent,1215
renunciar,1215
arma,1214
capdavant,1214
confiança,1214
bacteris,1214
emprat,1212
indis,1212
pobla,1212
conjunts,1211
càmera,1211
acompanyat,1211
algèria,1211
esforç,1211
arròs,1211
creant,1210
qüestions,1210
àcids,1210
simples,1210
alcaldes,1210
dissolució,1210
disciplina,1209
western,1209
greus,1209
governadors,1208
provisional,1208
titulat,1207
tunísia,1207
ligència,1206
secundari,1206
refugi,1205
acusat,1205
conservatori,1205
intents,1204
llar,1203
danys,1202
intenta,1201
width,1201
repressió,1200
bulgària,1200
journal,1200
saga,1200
quinze,1199
civilització,1199
habitatges,1199
llegat,1199
jueva,1198
moure,1198
necessària,1198
vols,1198
rendiment,1197
símptomes,1196
mentrestant,1196
molecular,1195
proporció,1195
tribú,1195
deixeble,1194
braç,1193
estudiant,1193
estima,1193
francs,1193
impostos,1193
playstation,1193
anaven,1192
oferta,1192
persecució,1192
facey,1192
helfman,1191
síntesi,1190
margarida,1190
mateu,1190
treballant,1189
ce,1189
tribut,1188
esclatar,1188
cruz,1187
propòsit,1187
clan,1186
trobaven,1185
topònim,1185
pro,1185
estatus,1183
genètica,1183
bisbat,1183
polonès,1183
rival,1182
concret,1182
marcel,1182
croada,1182
útil,1181
aventures,1181
valladolid,1181
negocis,1180
pobres,1180
sardanes,1180
guanyador,1179
teatral,1179
he,1179
integrat,1178
vertical,1177
llargada,1177
cau,1177
consciència,1177
discs,1177
travessar,1176
notícia,1176
precisió,1176
mostres,1175
dobles,1175
idiomes,1175
prats,1174
impossible,1172
constitueixen,1171
orientació,1171
lic,1170
segueixen,1170
boston,1170
integració,1169
cristal,1169
gasos,1169
cadenes,1169
capçalera,1169
conflent,1169
depressió,1168
blanques,1168
situar,1168
fracàs,1168
judicial,1168
apoderar,1168
romànic,1167
ideologia,1167
teixit,1167
bwv,1167
cardona,1166
presentat,1166
atlantic,1166
africa,1165
dirigits,1165
opció,1164
deixà,1164
precisament,1164
júpiter,1164
procedent,1164
vendes,1164
agrícoles,1164
pena,1163
reials,1163
visible,1163
badalona,1163
posseeix,1162
monjo,1162
coneixements,1161
reconstrucció,1161
gegant,1161
freqüents,1161
index,1161
creà,1160
ossos,1160
canàries,1160
jones,1160
beneficis,1158
canó,1158
quedat,1157
signes,1157
norma,1156
vius,1156
abast,1155
llançat,1155
tossal,1155
intensitat,1154
perspectiva,1154
termini,1154
existia,1154
litoral,1154
oposar,1153
descendent,1152
cup,1152
calcular,1151
ortodoxa,1151
plus,1151
realització,1150
vehicle,1150
encarregar,1150
avi,1150
observació,1149
cervell,1149
atribueix,1148
segura,1148
preses,1148
interacció,1147
acords,1147
típic,1147
johnson,1147
posat,1146
temporal,1146
lluites,1146
còmics,1146
estètica,1145
manual,1145
complexos,1145
empresari,1145
burgos,1145
xinesos,1144
actitud,1143
escultures,1143
alexander,1143
elaboració,1143
èpoques,1143
proporcionar,1143
indiquen,1142
delegació,1142
cinquena,1141
quarts,1141
two,1140
dominant,1140
missions,1140
arxipèlag,1140
gravar,1139
condemnat,1138
ramón,1138
pertànyer,1138
jueu,1137
situades,1137
dolor,1136
claus,1136
sexe,1135
passen,1134
sobreviure,1134
coordenades,1134
avió,1134
cosí,1134
dirigents,1134
mark,1134
nazi,1134
habituals,1133
substància,1133
bestiar,1133
vicenç,1132
conreu,1131
henri,1131
petersburg,1131
passava,1131
ramaderia,1131
hectàrees,1131
conservador,1131
aprofitant,1130
habilitat,1130
vocals,1130
setanta,1130
mala,1130
delta,1130
receptors,1130
assumir,1129
elisabet,1129
geometria,1128
lits,1127
formal,1127
reduït,1127
temàtica,1126
informàtica,1126
armored,1125
literalment,1125
walter,1125
ontàrio,1125
eivissa,1124
conduir,1123
kenya,1123
migdia,1123
desaparegut,1123
espectacle,1122
britàniques,1122
urss,1122
separa,1122
himne,1122
tu,1122
pastor,1121
executat,1120
possibilitats,1120
comptava,1120
senador,1120
cc,1120
proporciona,1119
integrar,1119
hab,1119
inaugurar,1119
braços,1118
corresponents,1118
cors,1118
equacions,1118
sort,1118
prèviament,1117
adam,1116
continuïtat,1116
fortament,1113
rutes,1113
propietaris,1113
sacre,1113
ambaixador,1113
físiques,1112
carme,1112
cafè,1112
relativa,1111
descoberta,1110
basant,1110
absolut,1109
canvia,1109
obtingut,1109
lògica,1108
frase,1107
restaurar,1107
one,1107
agents,1107
blocs,1106
aprenentatge,1106
hans,1106
alliberar,1106
afluent,1106
hem,1105
campo,1105
crònica,1104
topònims,1104
lista,1104
milió,1103
castellana,1103
possessions,1103
constel,1102
llenguadoc,1102
petició,1101
pati,1101
caterina,1101
estadístiques,1100
corneli,1100
periodistes,1099
revolucionari,1098
passos,1097
jutge,1097
oportunitat,1097
derivada,1096
uefa,1096
ma,1096
abundant,1095
big,1095
balaguer,1095
caire,1095
potències,1094
franquista,1094
placa,1094
empúries,1093
agrupació,1093
emperadors,1092
avantatge,1092
check,1092
tòquio,1091
constitucional,1091
html,1091
candidatura,1091
family,1091
noia,1090
participa,1090
pablo,1090
corresponen,1090
esdevingut,1090
fidel,1089
parma,1089
somàlia,1089
navegació,1088
potes,1088
portuguesa,1088
emprar,1087
creador,1087
espectadors,1087
africans,1087
estable,1087
disputà,1087
determinada,1086
rotació,1086
llur,1086
solucions,1086
quartet,1086
lineal,1085
indicar,1085
dificultat,1085
lat,1085
artificial,1084
pisos,1084
hebreu,1083
quin,1083
restar,1083
essencial,1081
creuen,1081
decisions,1081
batlle,1081
andré,1080
relacionada,1080
fisiologia,1080
tothom,1080
fes,1080
discografia,1080
platnick,1080
matemàtica,1079
javier,1079
desaparició,1079
aràbia,1079
trofeu,1079
exiliats,1079
anime,1076
famosos,1075
venus,1075
representat,1075
expulsar,1075
kan,1075
su,1075
zool,1075
allen,1074
gallec,1074
facilitar,1073
tecnologies,1073
convèncer,1072
dialectes,1072
nacionalisme,1072
errors,1071
cooperació,1071
llull,1071
senyora,1070
escacs,1069
disponibles,1068
fortes,1067
uniforme,1067
piràmide,1067
dispositiu,1067
france,1066
testimoni,1066
vuitanta,1066
vèncer,1066
mataró,1066
humanes,1065
raigs,1065
taules,1065
aquitània,1065
gastronomia,1064
pèrdues,1064
visir,1064
indígenes,1063
rectangular,1063
executar,1063
jan,1063
gobiidae,1062
marcat,1062
ric,1062
progressivament,1062
comtats,1062
enginyers,1061
afganistan,1061
amsterdam,1061
pc,1061
mesurar,1060
claude,1060
intercanvi,1060
descens,1060
reben,1059
fruits,1059
teixits,1059
produïda,1059
salamanca,1059
àngels,1059
portuguesos,1059
sul,1059
silver,1059
recorda,1058
interiors,1058
derivats,1058
grandària,1058
reconeguda,1058
aprovat,1057
necessita,1057
gómez,1057
tesi,1057
ahmad,1057
soprano,1057
laboratori,1056
oliver,1056
brown,1055
vescomte,1055
hispània,1055
limitada,1054
repertori,1054
tortosa,1054
online,1053
microsoft,1053
signe,1052
actua,1052
modernes,1051
llop,1051
egipci,1050
ales,1050
coloma,1050
devia,1049
raça,1049
negociacions,1049
utilitzades,1048
organitzat,1048
respondre,1048
island,1048
vegetals,1048
hill,1048
fases,1047
establerta,1047
dawla,1047
extrems,1046
designar,1046
bar,1046
cerimònia,1046
situacions,1045
histoire,1045
war,1045
governació,1045
escollir,1044
iguals,1044
box,1043
proximitat,1042
figueres,1042
puerto,1042
bagdad,1041
semifinals,1041
radi,1040
còpia,1040
orgue,1040
pls,1039
universitari,1039
fenòmens,1038
físics,1038
vestit,1038
proclamat,1038
ingressar,1038
criteris,1037
protegit,1037
google,1037
fondària,1037
montevideo,1037
determinats,1036
gaudir,1036
lectiu,1036
espera,1036
gris,1036
española,1036
teatro,1036
rellotge,1035
versos,1035
adoptat,1035
michel,1035
eastern,1034
dama,1034
passatgers,1034
guanyant,1034
lateral,1033
xipre,1033
sorra,1032
penya,1032
verda,1032
evident,1031
africà,1031
cridar,1031
seca,1030
característic,1030
desconegut,1030
decidí,1030
montjuïc,1030
igualtat,1030
xxi,1030
americanes,1029
designat,1029
freda,1029
recollir,1028
abandonat,1028
confirmar,1028
espiritual,1027
demostrat,1027
popularment,1027
rendir,1027
smithsonian,1026
enfrontament,1026
plats,1026
antioquia,1026
leccions,1025
dialecte,1025
pres,1025
ateneu,1025
cotxes,1025
recta,1024
interpretat,1024
fonamentals,1024
pagès,1024
relat,1024
estrabó,1024
street,1024
koch,1024
específic,1023
musulmà,1022
colonial,1022
locar,1022
quadrats,1022
rcd,1022
inspiració,1021
empra,1021
limitat,1021
ocell,1021
destacades,1021
martorell,1021
acompanyar,1020
castro,1020
miller,1020
esparta,1020
coves,1019
open,1019
opera,1019
encàrrec,1019
lieja,1019
distinció,1018
cobert,1018
derivat,1017
refugiar,1017
cantar,1017
pons,1017
infància,1016
sudan,1016
guionista,1016
estreta,1015
manga,1015
dates,1015
puguin,1014
electricitat,1014
destruïda,1014
mariscal,1014
investigadors,1013
record,1013
deportivo,1013
pirates,1013
mart,1012
ducs,1012
proteïna,1012
capítols,1011
files,1011
debut,1011
blava,1010
xifra,1010
joana,1010
necrològiques,1010
tir,1009
formalment,1008
continuà,1008
cares,1008
ponts,1007
incorporat,1007
obrer,1007
sun,1007
teologia,1006
arquitectònic,1006
progrés,1006
convenció,1006
rol,1006
mata,1005
vil,1005
valencianes,1005
expulsió,1005
herbert,1004
gos,1004
assistència,1004
elevació,1004
capturat,1004
foix,1004
electrònic,1004
aliment,1003
preparació,1003
sens,1003
carolina,1003
das,1002
circumstàncies,1002
cita,1002
barberà,1002
ampliació,1002
bilbao,1002
paulo,1001
vives,1001
documentat,1001
guanya,1001
gossos,1001
separats,1000
increment,1000
vinya,1000
combustible,1000
croàcia,1000
identification,999
pamplona,998
canadian,998
christian,998
meu,997
realitzà,997
molins,996
rec,996
franc,996
colons,996
asteroides,996
regiment,995
entrà,995
exactament,994
georges,994
white,994
derrotats,994
melle,994
praga,994
activista,994
aplica,993
inscripcions,993
continu,993
alemanyes,993
madagascar,993
configuració,992
conversió,992
ubicació,992
responsabilitat,992
isaac,992
circulació,992
ciutadella,991
alcoi,991
decadència,991
inicials,990
africana,990
algú,990
fam,990
irlandès,989
escolar,989
iugoslàvia,989
cinta,989
forat,988
presentà,987
passió,987
adaptar,986
indret,986
fil,986
antecedents,986
continguts,986
brigada,986
afegeix,985
tall,985
assentament,985
boy,985
existent,985
balear,984
saturn,984
sagrada,984
ençà,984
organitzada,983
associats,983
moro,983
nitrogen,983
empresonat,983
fiscal,983
review,982
manifest,982
conques,982
afectar,982
ginebra,982
bou,981
volien,981
treballà,981
fòrum,980
sitges,980
grande,979
osona,979
tetra,979
pistes,978
marbre,978
jaciment,978
lah,978
quedà,977
negativa,977
drac,977
guarnició,977
destí,976
quina,976
gil,976
posada,975
triangle,975
usen,975
emili,974
tresor,974
gros,974
radio,974
facilitat,973
resistir,973
quadrat,973
emissions,972
dissenyar,972
magnètic,972
maó,971
operatiu,971
esmentar,971
esfera,971
totalitat,971
wilson,971
vídua,971
pagament,970
psc,970
tombes,970
organitza,969
particulars,969
alonso,969
governant,969
pretor,969
dient,967
testimonis,967
catalogue,967
porter,966
materna,966
matriu,965
digitals,965
establí,965
alberto,965
suposadament,964
editat,964
cervera,964
lis,964
ibrahim,964
mesquita,963
localització,963
addicionals,963
mecanismes,963
permís,963
típica,963
llicència,963
discos,963
aparença,962
enmig,962
dionís,962
villa,962
captura,962
nomenament,962
singular,961
lawrence,961
memòries,961
torí,960
espectacles,960
link,960
nacionalistes,960
patrons,959
esperar,958
regidor,958
assalt,958
ciclisme,958
guitarrista,958
bo,957
terrestres,957
aprovació,957
immigrants,957
tèxtil,957
cognom,957
cúpula,956
esta,956
croats,956
angles,955
creences,955
avanç,955
association,954
queensland,954
mascle,953
zeus,953
conferències,953
alan,953
subjecte,953
dits,953
mantenen,953
consells,952
poblet,952
loira,952
pius,952
índies,952
jorge,952
veuen,951
confondre,951
mary,951
soldat,951
rurals,951
magdalena,951
ottawa,951
bill,950
mars,950
gràfics,950
oliva,949
indi,949
regulars,949
publicats,949
psicologia,948
mercuri,947
localitats,947
demostració,947
crida,947
places,947
basats,946
manifestacions,946
llegendes,946
terminal,946
expulsat,945
miró,945
escrites,945
sòlid,945
extensa,945
cadis,945
germanes,945
mite,944
modificar,944
bàsics,944
costum,944
llurs,944
sri,943
ocupava,943
young,943
informar,942
separades,942
armades,942
francesco,941
cristina,941
republicans,941
cala,941
obtingué,940
pagesos,939
galàxies,939
contínua,939
impuls,938
rugbi,938
bàndol,938
trobades,937
barrera,937
tervuren,937
cv,936
provar,935
tallar,935
triar,935
faraó,935
austríac,934
fulla,934
capaços,933
franz,933
baptista,933
originari,932
nil,932
escorça,932
militant,931
pacients,931
asiàtics,931
obre,930
modifica,930
productors,930
bach,929
tingui,928
supercopa,928
celebrat,927
domingo,927
celebren,926
duu,926
capelles,926
garantir,926
herois,926
diòcesi,926
basades,925
tranquil,925
senadors,925
alí,925
perd,924
interessant,924
ensenyar,924
combats,924
multitud,924
ciutadania,924
parelles,923
mapes,923
estàtues,923
waters,923
diada,923
seran,923
destruït,923
profundes,922
procediment,922
proposat,922
nominacions,922
wiley,922
transmetre,921
jackson,921
semblen,921
demogràfica,920
blue,920
mongols,920
air,920
hasan,920
rector,919
lectuals,919
times,919
adrià,919
participat,918
ratpenat,918
profunda,917
traduir,917
claustre,917
carpenter,917
síndrome,916
usant,916
gregues,915
pascual,915
gruix,915
sostre,914
lents,914
reputació,914
fortuna,914
hug,914
traduït,913
assumptes,913
amant,913
hollywood,913
preus,913
esportius,913
disputat,912
guatemala,912
working,912
religions,911
habitatge,911
gravetat,911
responsables,911
minoria,911
anuals,910
ofici,910
cabrera,910
incendi,910
baronia,909
determinades,908
pou,908
liberals,908
protocol,908
harvard,908
trama,907
cèlebre,907
cao,907
estabilitat,906
casament,906
números,906
negoci,906
expressa,905
molècula,905
humitat,905
assetjar,905
sodi,905
fonamentalment,904
estudiosos,904
cobla,904
atorgar,904
mercats,904
consola,904
bolívia,904
tancada,903
gravat,903
vaticà,903
toponímia,903
traçat,903
químiques,902
onu,902
sacerdots,902
tropicals,902
solsonès,902
tretze,902
quedant,902
professora,902
santos,901
vaig,901
marítim,901
vessants,901
institute,900
extremadament,900
originàriament,899
vegetal,899
francis,898
impressió,898
signat,898
dissabte,898
dimensió,898
relats,897
corba,897
geogràfic,897
intern,897
compon,897
compartir,897
lucas,897
pintar,896
ment,896
actius,896
victor,896
fidels,896
màlaga,896
còrrec,896
dirigent,895
terratrèmol,895
davis,895
menciona,895
iso,894
utilitzava,894
carlo,894
venut,894
carmen,894
dita,893
parlant,893
parcs,893
curtes,892
medallistes,892
aristòtil,891
cartago,891
redacció,891
funcionaris,891
acostuma,890
habilitats,890
descendència,890
advocats,890
au,890
feren,889
great,889
kong,889
fishery,889
cinturó,888
books,888
verds,888
començant,887
levi,887
filip,887
titus,887
humor,886
corrupció,886
creta,886
generacions,885
interfície,885
incorporació,885
referent,885
incorpora,885
separada,885
feble,885
mantenint,884
necessaris,884
turca,884
realitzats,884
darreres,884
percentatge,884
governants,884
casal,884
ernest,884
mundials,883
tub,883
identificació,883
grant,883
revision,883
realitzen,882
bernard,882
ciudad,882
duquessa,882
monestirs,881
acollir,881
corporació,881
copes,881
tècnics,880
titulada,880
llinatge,880
forn,880
retirat,880
ballet,880
reef,880
contrast,879
reduïda,879
ribes,879
babilònia,879
dictador,879
banu,879
sofia,879
variació,878
associada,877
arqueològiques,877
funcionar,877
manxa,877
plat,877
explicació,877
ajudant,877
bàsica,876
estudia,876
song,876
ch,876
inaugurat,876
roure,876
giuseppe,876
emirat,876
estocolm,875
mòdul,875
suís,875
gramàtica,874
mira,874
weber,874
janeiro,874
demostra,874
th,874
administratiu,874
escocès,874
legals,874
calci,873
modificacions,873
compra,873
únics,872
aproximació,872
conte,872
sports,872
candidats,872
pavelló,872
correu,872
silla,872
jutges,871
plaques,871
representava,871
servidor,871
usada,870
fosca,870
definida,870
ángel,870
alfa,870
suggereix,870
baixar,870
polèmica,870
aran,870
córrer,869
plom,869
complexa,869
calia,868
mestra,868
provinents,868
residents,867
resources,867
plural,867
fragment,867
dei,867
potter,867
prenent,866
tailàndia,866
envoltat,866
leonardo,866
senzills,866
state,866
altiplà,866
comentaris,865
femella,865
mari,865
sisè,865
hemisferi,864
intensa,864
disney,864
alcohol,864
bbc,864
recórrer,863
constituït,863
àmbits,863
assentaments,863
ocupà,863
propostes,863
tenerife,863
iemen,863
bomba,863
electorals,862
sub,862
living,862
creença,861
propaganda,861
astronomia,861
previst,861
clients,861
tiberi,861
cerca,860
utilitzaven,860
platges,860
millores,860
correspondència,860
haurà,859
disminució,859
cereals,859
campament,859
azerbaidjan,858
llança,858
casas,858
somni,858
velocitats,858
available,858
samuel,858
addicional,857
mòbil,857
exploració,857
bella,857
tancament,857
paraguai,857
menja,857
exercici,856
plató,856
pròxim,856
representada,856
rambla,856
coronat,856
empresaris,856
personalitats,855
hawaii,855
harmonia,855
influir,855
malàisia,855
pobresa,855
oral,855
enregistrament,855
hongarès,855
apel,854
cròniques,854
denominat,854
lewis,854
cugat,854
permès,853
sagrat,853
declarada,853
desembocadura,853
olot,853
mallorquins,853
abandonà,852
publicitat,852
teatres,852
concedit,852
lluïsa,852
neta,851
mantingut,851
nasqué,850
esquerre,850
detectar,850
taiwan,850
específics,849
instruccions,849
biografies,848
àudio,848
dibuixant,848
adolf,847
monte,847
enrique,846
reserves,846
sobrenom,846
tarda,846
sindicat,846
impulsar,845
díaz,845
realitzades,845
constants,845
aeri,845
ombra,845
be,845
virrei,845
intervenir,844
observatori,844
dirigides,844
visitants,844
prosa,843
afecta,843
favorable,843
marta,842
cims,842
concessió,842
aparent,842
projecció,842
len,842
matemàtics,842
sar,842
sensació,841
arribaren,841
cíclids,841
definit,840
competir,840
experiments,840
privilegis,840
mina,840
jornada,840
comporta,839
pàg,839
parcial,839
resultant,839
vega,839
plebs,839
purposes,839
cichlids,839
arqueològic,838
integrada,838
vigo,838
suau,837
eric,837
traslladà,837
group,837
activistes,837
brasiler,837
receptor,836
mots,836
escultors,836
termenal,836
mallorquí,835
bosch,835
ruiz,835
information,835
caraciformes,835
reconeix,835
xbox,835
gràfic,834
rics,834
virtut,834
segre,834
mínima,833
permetent,833
luna,833
comtessa,833
thorell,833
wars,832
reprendre,832
cronologia,832
ivan,832
oh,831
dipòsits,831
profund,830
núpcies,830
high,830
carib,830
portaven,830
series,830
disposar,829
nos,829
seda,829
maurice,829
quadrada,829
orografia,829
biblioteques,829
sobirans,829
víctima,828
provocà,828
agulla,828
belgues,828
canons,827
literaris,826
paterna,826
frankfurt,826
protectorat,826
pendent,825
march,825
bàsic,825
bartomeu,825
teugels,825
fixar,824
venir,824
sorpresa,824
aragonès,824
estàndards,824
oficines,824
mongòlia,824
universitària,824
màrtirs,824
concloure,823
destacada,823
là,823
consistia,823
anualment,823
delegat,823
manchester,822
tempesta,822
rivera,822
processó,822
punk,822
alliberat,822
infanta,822
escales,822
steve,822
identificat,821
lector,821
rovira,821
bord,820
dedicà,820
reflecteix,820
ciutadà,820
ohio,820
directora,820
east,820
xàtiva,820
anomenava,819
treballava,819
viva,819
controvèrsia,819
creix,819
dolors,818
proporcions,818
conclusió,818
abundants,818
turons,818
descriptions,818
renovació,817
islàmica,817
focus,817
socis,817
sardana,817
forats,817
horitzontal,816
pour,816
compostes,816
day,816
canviat,815
aventura,815
habsburg,815
stalin,815
dirigeix,814
aquatab,814
evidència,813
dissoldre,813
ray,813
esperava,813
pluges,813
legislació,813
treballat,812
marines,812
cobreix,812
potassi,812
paràmetres,812
inventari,811
semblava,811
forster,811
guerrers,810
creure,810
òxid,810
recordar,810
ferrocarrils,810
gràfica,809
excavacions,809
inspirat,809
conducta,809
començaren,809
núvols,809
newton,809
armeni,809
gen,808
formacions,808
introduït,808
tendències,808
taxes,808
ap,808
competències,807
finestra,807
tripulació,807
turístic,807
cobrir,807
destacant,806
vins,806
pressupost,806
convocar,806
güell,806
pesar,805
típicament,805
sentiment,805
pasqua,805
tràcia,805
manuscrits,805
carena,805
green,805
valign,804
classificat,803
situen,803
probabilitat,803
pretenia,802
iniciat,802
creuar,802
linux,801
acta,801
wilhelm,801
quedava,801
orgànica,801
delhi,801
extremadura,801
research,801
pasha,801
mike,801
curts,800
manifestació,800
privades,800
altament,800
ofereixen,800
romanès,800
erc,800
circuits,800
lorenzo,799
academy,799
urbanització,799
ripoll,799
reconstruir,798
demana,798
promesa,798
aparegut,798
anvers,798
marró,798
retrats,797
estels,797
gòtica,797
constància,797
traductors,797
opus,797
copies,797
strand,797
científiques,796
dinàmica,796
lenni,796
fàbriques,796
anul,796
poderós,796
lina,796
defensor,796
esquena,795
pals,795
disposava,795
damasc,795
ions,795
entrenament,794
experimental,794
parells,794
acull,794
marco,793
diòxid,793
poètica,793
client,793
atlètic,792
talla,792
obrers,792
adaptat,792
esquí,792
pilars,791
pensa,791
lligues,791
anne,791
crema,790
dramàtica,790
oficis,790
sexuals,790
mr,790
voluntaris,790
observa,789
pròpiament,789
bob,789
residus,789
césar,789
mozart,789
lake,789
natació,789
bd,789
trastorns,788
italianes,788
essencialment,787
específica,787
opinions,787
cercles,787
enzims,787
tsar,787
sueca,786
postguerra,786
afavorir,786
trinitat,786
anjou,786
vital,785
anà,785
pit,785
gènova,785
vaga,785
dark,785
ocupen,784
dedica,784
fotos,784
signatura,784
rao,784
aliar,784
gehrels,784
acadèmic,783
mental,783
consolidar,783
galàxia,783
rellevants,783
significativa,783
difícils,782
lligat,782
daten,782
lanka,782
expressions,782
parròquies,782
coneixia,782
escoltar,782
states,782
basca,782
afluents,782
feudal,781
andrés,781
groeneveld,781
redueix,780
priorat,780
llit,780
considerablement,780
assassinats,780
sentència,779
faria,779
narcís,779
tindria,779
siracusa,779
meva,779
livi,779
filmografia,779
comunicar,778
inauguració,778
handbol,778
donaven,777
sin,777
games,777
russell,777
primitiva,777
gra,777
segarra,777
desplaçament,776
processament,776
espectre,776
camerun,776
diàleg,776
edition,776
collection,776
detingut,776
atletisme,775
fantasia,775
benefici,775
best,775
lusió,774
ignasi,774
setze,774
dependència,774
dinosaures,774
nepal,774
desenvolupada,773
danès,773
cabal,773
california,773
dissenys,773
urani,773
referèndum,773
reunions,772
literàries,772
continuen,772
esmentats,772
defensors,772
tony,772
camperols,772
pspv,772
expulsats,771
externa,771
otto,771
activament,771
ferit,771
lideratge,771
inversió,770
taronja,770
desconeguda,770
pdf,770
rené,770
soc,769
bàsiques,769
estès,769
específicament,769
noies,769
divendres,769
regència,769
funciona,769
desplaçar,768
contribució,768
nuclears,768
txeca,768
hospitalet,768
ter,768
esclat,768
band,768
distàncies,767
divina,767
batalló,767
túnel,767
pseudònim,767
polonesos,767
honors,767
polonesa,766
contactes,766
transports,766
bolonya,766
poguessin,765
bohèmia,765
joe,765
colorado,765
barra,764
periodisme,764
provinent,764
oposat,764
eulàlia,764
troia,764
corpus,764
encarregada,764
renom,764
aviació,764
santo,764
toscana,764
memorial,764
solà,764
afegit,763
casals,763
gneu,763
aparentment,762
unificació,762
rarament,762
despeses,762
experts,762
anoia,762
acordar,761
infraestructures,761
positiu,761
experiències,761
astrònom,761
mello,761
puntes,760
comitès,760
zoology,760
sarrià,760
elaborar,759
wagner,759
incrementar,759
renaixentista,759
transcripció,759
cristianes,758
lelament,758
aportació,758
valle,758
little,758
senzilla,758
cable,758
night,758
malta,758
enviats,757
blasco,757
fixa,756
funcional,756
missatges,756
roses,756
cria,756
pietro,756
participen,755
feines,755
percepció,755
precipitacions,755
contaminació,755
pirineu,755
interval,755
jugant,754
eduardo,754
confusió,754
departaments,754
nazis,754
arena,754
secundaris,754
recol,754
negociar,754
provocant,754
sporting,754
produí,753
disminuir,753
revoltes,753
donació,753
focs,753
editar,753
acaben,752
eliminació,752
romanticisme,752
assenyalar,752
sisena,752
abundància,752
sam,752
romanogermànic,752
seguia,752
single,752
congregació,752
setè,751
efectiva,751
helena,751
oklahoma,751
fita,750
botànic,750
aprovada,749
arqueologia,749
destinada,749
indian,749
enfocament,749
extrema,749
vestits,749
òptica,749
comerciants,749
participaren,749
formatge,749
necessiten,748
porc,748
notació,748
acadèmics,748
mir,748
catedràtic,747
tornat,747
fabricar,747
reconeguts,747
tebes,746
india,745
transferència,745
perdent,745
british,745
mèdici,745
ferits,745
ab,745
portà,744
gradualment,744
positiva,744
proposa,744
arribava,744
habitació,744
algorisme,744
apple,744
ratpenats,743
nasa,743
roberto,743
consideraven,742
ocupant,742
elegits,742
explosió,742
específiques,742
fifa,742
relleus,741
jacob,741
tingueren,741
territorials,741
angola,741
portant,740
esquema,740
contenia,740
envers,740
partides,740
description,740
marins,740
niem,740
igualada,740
sessions,739
terror,739
salvatge,739
internes,739
joaquín,739
canet,739
aranyes,739
interpreta,738
determina,738
dirigí,738
masos,738
gosse,738
estadis,737
nosaltres,737
fresc,737
manuscrit,737
gat,737
triple,736
tornen,736
plantilla,736
professió,736
poblada,736
gp,736
granollers,736
trasllat,736
antíoc,736
aportacions,735
up,735
medina,735
soldà,735
georg,735
atorgat,735
polar,735
fuster,735
corredor,734
luminació,734
líbia,734
turística,734
constituïda,734
creats,734
brut,734
finances,734
berguedà,734
episcopal,734
castellar,734
dedicats,733
marcus,733
remunta,733
islàndia,733
solidaritat,732
colles,732
rico,732
ibm,731
arguments,731
contenir,731
interns,731
infecció,731
equipament,730
assolí,730
pròleg,730
sanç,730
chris,730
organista,730
toronto,730
story,730
stephen,729
registrar,729
obrera,729
lleugera,729
talent,729
esdevenint,729
dramaturg,729
germànic,728
rioja,728
mòbils,728
emigrar,728
prenen,727
nacionalitat,727
albània,727
verdaguer,727
comunal,727
nicolas,726
races,726
irregular,726
mitjanes,726
xifres,726
book,726
blues,726
duran,725
colonització,725
demòcrata,725
posant,724
rellevant,724
serveixen,724
soroll,724
atenencs,724
three,724
desembarcar,724
caucas,724
refugiats,724
veia,723
islàmic,723
càrregues,723
afegint,722
lars,722
vector,722
suite,722
incursions,722
axelrod,722
rivals,722
subfamília,722
esquerres,722
sci,721
sinònim,721
vinculat,721
derivades,721
malawi,721
atorga,720
protagonistes,720
fox,720
visqué,720
arizona,720
matèries,720
pequín,720
álvarez,720
software,720
page,719
considerades,719
estigui,719
hagin,719
futura,719
profeta,719
faune,719
gaulle,719
comprensió,718
apartat,718
noi,718
incident,718
dalmau,718
regnar,718
cichliden,718
leitão,718
costos,717
vassall,717
índic,717
fortaleses,717
trio,716
ecologia,716
provenen,716
montpeller,716
verb,716
athletic,716
lectors,715
significatiu,715
enfrontaments,715
extern,715
reforçar,715
trump,715
sessió,714
marcada,714
sentiments,714
urbans,714
instrumental,714
temporalment,714
grammy,714
ferroviària,714
marsella,713
invenció,713
ph,713
originar,713
vistes,713
fabra,713
expedicions,713
trobats,713
serp,712
bus,712
burgesia,712
superfícies,712
heròdot,712
massiva,712
homer,712
eta,712
normandia,712
teodor,712
portaveu,711
alumne,711
avançada,711
perfectament,711
neró,711
salomó,710
oriol,710
pàtria,710
lenin,710
primitiu,709
centímetres,709
anatòlia,709
socialisme,709
sciences,709
corall,709
first,709
hugo,709
danubi,709
jugava,709
caràcids,709
enters,709
interpretacions,708
independentment,708
formades,708
puntuació,708
holanda,708
long,708
ana,708
descrita,707
florals,707
busca,707
parada,707
laboradors,707
dominació,707
surten,707
penal,707
lema,707
sonata,707
complexitat,706
plenament,706
construïts,706
mancomunitat,706
mèdica,706
franquícia,706
lingüístic,706
desenvolupen,705
originària,705
cobertes,705
extracció,705
artístiques,705
descobriments,705
rebuig,705
mg,705
julio,705
araneus,705
centra,704
trams,704
pur,704
produccions,703
gabinet,703
restaurant,703
fracassar,703
parar,702
ubicat,702
modernista,702
varsòvia,702
simultàniament,701
produint,701
citat,701
aixecament,701
tanzània,701
folre,701
necessàriament,700
fidelitat,700
escassa,700
documentada,700
daurada,700
sony,700
mercaderies,700
finançament,700
seqüències,700
complexes,699
capacitats,699
bola,699
adequat,699
saquejar,699
oxidació,699
amazones,699
encyclopaedia,699
line,699
intèrpret,698
paisatges,698
sòlids,698
comandants,698
simfònica,698
ordes,698
reflexió,697
protagonitzada,697
pretén,697
zamora,697
àtom,697
recurs,697
cabra,697
celta,697
anton,697
evangeli,697
hureau,697
prada,696
posà,695
navarro,695
thys,695
emmagatzematge,694
profundament,694
reclamar,694
plutarc,694
conquerida,694
mahmud,694
mitridates,694
ací,693
núvol,693
constantment,693
experimentar,693
alfonso,693
lulars,693
neotropical,693
núria,693
ros,693
centenari,693
alvèrnia,693
encarrega,692
mesopotàmia,692
laboral,692
atracció,692
nas,692
senyoria,692
deixebles,692
cristalls,692
carlemany,692
comportar,691
ètica,691
nadius,691
dipòsit,691
lleuger,691
connecta,691
valencia,691
cromosomes,691
instrucció,691
afrique,691
howard,690
convergència,690
bèl,690
frontal,690
pesta,690
pertanyents,690
dependències,690
volen,690
sr,690
union,690
quàntica,690
römer,690
centrar,689
video,689
tallers,689
repetir,689
abella,689
futbolístiques,689
roine,689
aportar,688
elx,688
emet,688
cedit,688
llogaret,688
homònima,687
presentava,687
lligada,687
pensava,687
noranta,687
avantatges,687
traslladat,687
mundo,687
partidari,687
amir,687
narra,686
estretament,686
andrew,686
géry,686
entrades,685
federico,685
calcula,685
cicles,685
venen,685
cirurgia,685
bony,685
panzer,685
racing,685
revisió,684
prohibir,684
istanbul,684
veïnat,684
cultius,683
lucena,683
pèl,683
barça,683
creek,683
tendeixen,682
malalt,682
jurat,682
plataformes,682
rahman,682
variar,681
potent,681
osca,681
ovelles,681
catorze,681
go,681
dramàtic,680
necessàries,680
estatals,680
taylor,680
niça,680
full,680
inspirar,679
denis,679
educatiu,679
negatiu,679
rebia,679
càmeres,679
tendeix,678
obtenció,678
acceptat,678
desenvolupà,678
sòls,678
mel,678
espacials,678
stone,678
efectiu,678
restriccions,677
teclat,677
escenaris,677
pintora,677
atp,677
vigor,676
bull,676
adequada,676
avantpassats,676
dedicades,676
farà,676
vitamina,676
arxiduc,676
veí,676
elèctrics,676
refusar,676
bruce,676
anti,676
protesta,676
mac,676
show,676
hwv,676
ruptura,675
envolta,675
maurici,675
successors,675
protestant,675
victoria,675
civilitzacions,674
incloses,674
radicals,674
uneixen,674
fans,674
savi,674
establint,673
hong,673
lentament,673
generat,673
bond,673
australià,673
cartogràfic,673
ram,673
ciu,673
mol,673
censura,672
toca,672
destinació,672
sibèria,672
eva,671
carreres,671
extens,671
especialitzat,671
mantingué,671
lí,671
maresme,671
diccionario,671
arte,671
glòria,671
modalitat,670
andrea,670
festivals,670
confluència,670
alumini,670
designa,669
fèlix,669
argentí,669
laura,669
consideració,668
antoine,668
renovar,668
embassament,668
oviedo,668
shakespeare,668
mus,668
macdonald,667
practicar,667
tindrà,667
directes,667
modificació,667
beta,667
hamburg,667
xah,667
ferrara,667
heemstra,666
essencials,666
cinematogràfica,666
infantesa,666
revelar,666
observat,666
texts,665
mescla,665
estimada,665
ascendència,665
jeroni,665
canviant,665
garriga,665
sumatra,665
diferenciar,664
recollida,664
mides,664
carreras,664
nois,664
conspiració,664
tros,664
duen,664
glucosa,664
vari,664
nomenclatura,664
audenaerde,664
gilbert,664
descobreix,663
amateur,663
celebrada,663
publicades,663
parlava,663
califat,663
león,663
planificació,663
vigent,663
intentà,662
telescopi,662
requereixen,662
eclesiàstic,662
bancs,662
vells,662
corunya,662
acabava,661
virgínia,661
lustració,661
trans,661
votar,661
batxillerat,661
daget,661
guadalajara,661
acceptació,660
influït,660
suposat,660
regulació,660
qualitats,660
detall,660
gravació,660
establerts,660
protestes,660
sarsuela,660
ediciones,659
xoc,659
solars,659
pressions,659
vídeos,659
end,659
wheeler,659
caracteritzen,658
depenen,658
pura,658
nigèria,658
fang,658
codis,658
borja,658
ascensió,658
típics,658
protegida,658
falla,658
patins,658
noruec,658
discussió,657
illinois,657
database,657
adonar,656
ibèric,656
leipzig,656
neteja,656
supervivents,656
aquestos,656
daurat,656
leopold,656
smiths,655
cercar,655
prengué,655
pitjor,655
anomenà,655
sencer,655
inversa,655
beethoven,655
campus,655
artístics,654
disposen,654
succeït,654
eficaç,654
moçambic,654
milles,654
prefecte,654
peckham,654
goya,653
màgia,653
procedeix,653
traïció,653
opcions,653
tracte,653
cnt,653
austríacs,653
moore,652
ampla,652
personalment,652
project,652
sindicats,652
manhattan,652
nerviós,651
ambiental,650
fonaments,650
pisa,650
triat,650
emperadriu,650
vincent,649
començava,649
substituint,649
comprendre,649
herbes,649
bengala,649
ferides,649
montblanc,649
metre,648
excés,648
estrangera,648
nixon,648
cobertura,648
estrictament,648
amerindis,648
quebec,648
cancel,647
diferencial,647
acusar,647
varien,646
fusionar,646
denominada,646
càtedra,646
parlat,646
mons,646
causant,646
prohibició,646
dimitir,646
desapareguts,646
gandia,646
amo,645
comparteixen,645
reproduir,645
urbanisme,645
significar,645
aïllament,645
entertainment,645
traductor,645
granja,645
ocasionalment,645
elevades,645
out,645
administrativament,645
historial,645
vides,644
small,644
simó,644
hessen,644
alaska,644
trobà,643
abraham,643
pasta,643
toni,643
cràter,643
beg,643
consort,643
galeries,642
jurídica,642
assoleix,642
dut,642
cooperativa,642
enzim,642
electró,642
barca,642
flauta,642
films,641
romàniques,641
innovació,641
difondre,641
comunament,641
llenguatges,641
papal,641
asteroide,641
regularment,641
fina,641
imperials,641
lucius,641
electrònics,641
moldàvia,641
alto,641
four,641
comissari,641
power,640
identifica,640
realisme,640
partícula,640
oberts,640
botànica,640
crimea,640
lima,640
provocat,640
anthony,640
we,640
narració,639
simetria,639
interés,639
càstig,639
ordenat,639
scala,639
tanc,639
pink,639
exigir,639
hitites,638
augusta,638
kennedy,638
bafta,638
ricardo,638
disciplines,637
decisiva,637
atorgada,637
reference,637
alsacià,637
crim,637
fracció,637
laborà,637
baden,637
tanca,636
protestants,636
automòbils,636
fruites,636
vigilància,636
ventura,636
especialitzada,635
ernst,635
barba,635
accepta,635
envoltada,635
lels,635
botiga,635
moll,635
cartaginesos,635
muntatge,634
bay,634
maquinari,634
doctorat,634
notablement,633
ètnia,633
immigració,633
marshall,633
aparells,633
vela,633
olympic,633
accent,633
quarter,633
catalanista,633
escó,633
definitiu,633
consolat,633
jurista,633
amiga,633
segment,633
heinrich,632
suggereixen,632
egípcia,632
diagnòstic,632
benestar,632
nominal,632
obtenint,632
sega,632
arqueològics,631
foment,631
preocupació,631
haguessin,631
exemplar,631
coincidint,631
visibles,631
optar,631
asiàtic,631
cridat,631
groga,631
romea,631
rituals,630
traspàs,630
sydney,630
periòdic,630
luigi,630
experiment,630
coromines,630
enregistraments,630
río,630
correcta,629
públicament,629
orbital,629
sever,629
assassinar,629
sabia,629
transportar,629
prim,629
bombardeig,629
converses,629
brian,629
iniciada,629
hernández,629
emilio,629
uk,629
tenor,629
fitxar,629
jim,628
associades,628
lics,628
febre,628
balls,628
montcada,628
subministrament,628
mirall,628
fabricants,628
finca,628
filial,628
roland,628
nul,627
flamenc,627
anatomia,627
analitzar,627
hidrografia,627
supervivència,627
visites,627
parents,627
bòsnia,627
juntes,627
publishing,627
old,626
gravats,626
moreno,626
precedents,625
establiments,625
deixen,625
càlculs,625
economista,625
celebracions,625
hardy,625
violoncel,625
troballes,624
ideals,624
sociologia,624
ambients,624
virgili,624
proclamació,624
fortificacions,624
comprovar,624
visuals,623
indiana,623
eagle,623
serbis,623
presos,623
lorena,623
derivar,622
utilitat,622
secs,622
intens,622
llatins,622
sonda,622
dilluns,622
transcurs,621
barroca,621
alternatiu,621
obligats,620
componen,620
famoses,620
crani,620
informes,620
funda,620
copenhaguen,620
dorsal,620
road,620
that,620
estigué,620
reich,620
wang,620
antropologia,619
dissenyada,619
freqüències,619
venia,619
orange,619
menció,619
síl,619
presidit,619
administratives,619
classificats,619
aloe,619
gals,619
eixos,618
contraforts,618
non,618
rey,618
oracle,618
pujada,618
mantenia,618
emprant,618
executats,618
pennsilvània,618
aficionats,618
semblança,617
mou,617
rodatge,617
contribucions,617
segones,617
primo,617
adult,617
convidat,617
metropolità,617
armat,617
characoids,617
lituània,617
corporal,616
culpa,616
estant,616
patrick,616
tocant,616
poissons,616
campos,616
rebutjat,616
lunar,615
obertures,615
repúbliques,615
sals,615
hitita,615
demetri,615
roser,615
cornellà,615
octavi,614
fischer,614
solsona,614
mrac,614
interessants,613
nu,613
èmfasi,613
coincideix,613
comparteix,613
posseïa,613
sorgeix,613
tronc,613
exacta,613
llana,613
evolution,613
taques,613
emplaçament,613
llicenciat,613
vestigis,612
convencional,612
adopció,612
afectat,612
augmentant,612
bombes,612
coca,612
miami,612
fabricant,612
creuer,612
force,612
clàssiques,611
fibra,611
sistemàtica,611
procediments,611
teòric,611
consistent,611
aplicada,611
artificials,611
botigues,611
pins,611
main,611
repartir,611
compressió,610
sòcrates,610
restablir,610
sultan,610
estònia,610
distingeix,609
aporta,609
usats,609
cook,609
suggerir,609
habitat,609
quedaven,609
luxe,609
tindre,608
terol,608
como,608
extra,608
estesa,608
cremar,608
tornava,608
sport,608
mexicà,608
philippe,607
banys,607
superficial,607
lady,607
normals,607
comissions,607
treva,606
construí,606
paco,606
diccionaris,606
husayn,606
líban,606
aleix,606
dinasties,605
nana,605
deixava,605
interpretada,605
domènec,605
limitar,605
evolucionar,604
essència,604
danses,604
posen,604
raïm,604
produïts,604
independentista,604
jugà,604
aminoàcids,604
armats,604
amadeu,604
orstom,604
chamberlin,604
lesions,603
denominar,603
recepció,603
avançat,603
presidenta,603
vectorial,603
servia,603
pacient,603
pobre,603
china,603
automòbil,603
ritual,602
capitals,602
sotmès,602
incloïen,602
atribuït,602
defenses,602
pan,602
esperanto,602
proa,602
atlético,602
úniques,601
substrat,601
existien,601
media,601
jutjat,601
hisenda,601
significativament,601
canta,601
barcelonès,601
elizabeth,600
aristocràcia,600
exposar,600
cromosoma,600
forestal,600
vinyes,600
acceptada,600
consolidació,599
melodia,599
obertes,599
puja,599
assessor,599
donald,599
secreta,599
principats,599
bonaparte,599
listes,599
entregar,598
reconeixements,598
soviètiques,598
mercenaris,598
veïna,598
astrònoms,598
compositora,598
fra,598
disparar,598
churchill,598
land,597
llotja,597
narbona,597
drogues,596
bitllets,596
sergi,596
cloffa,596
bucarest,596
meca,595
tingués,595
fugida,595
adquisició,595
breument,595
jurament,595
llacuna,595
autopista,595
spring,595
budapest,595
sofre,595
vèrtex,595
prehistòria,594
dignitat,594
orador,594
directiva,594
deute,594
liverpool,594
aquarium,594
sp,594
irlandesa,594
combina,593
modernisme,593
prosperitat,593
southern,593
sus,593
agave,593
prèvia,592
estudiat,592
connectar,592
kazakhstan,592
actuen,592
european,592
sans,592
bel,592
declivi,592
documentals,592
estimar,592
canceller,592
atacat,592
valeri,592
ànim,591
canya,591
suspensió,591
vectors,591
freqüentment,591
armament,591
adquirit,591
silva,591
notar,591
dan,591
escipió,591
mills,591
orchestra,591
pre,590
ivori,590
adreça,590
ingressà,590
berga,590
cretaci,590
felipe,590
coordinació,589
autònom,589
impremta,589
comunica,589
marx,589
forçar,589
àguila,589
tragèdia,589
visigots,589
gordon,589
senyoriu,589
canada,589
pt,589
turistes,589
autobusos,589
exfutbolista,589
diable,588
cerimònies,588
especialista,588
garona,588
governava,588
coincidir,588
depredadors,588
tinguin,587
perduda,587
adaptacions,587
aèries,587
cotó,587
estables,587
fitxer,587
lugo,587
albacete,587
circ,586
maduresa,586
gregorià,586
domènech,586
treballen,586
eficàcia,586
festivitat,586
acompanyada,586
femenins,586
ambaixada,586
municipalitat,586
salsa,586
free,586
your,585
escollida,585
afirmen,585
pescadors,585
combustió,585
mobilitat,585
conqueridor,585
enderrocar,585
presidencial,585
oració,585
ud,585
pole,585
costanera,584
ambaixadors,584
garrotxa,584
molina,584
ann,584
viatgers,583
ai,583
gots,583
primari,583
succeeix,582
privats,582
tèrmica,582
tensions,582
lès,582
field,582
aureli,582
resident,582
leiden,582
macià,582
bicicleta,582
sc,582
silenci,581
músculs,581
arnold,581
neolític,581
autora,581
centenar,581
sigles,581
otó,581
parent,580
assolit,580
ucraïnès,580
biscaia,580
msnm,580
teatrals,579
universitaris,579
onada,579
harold,579
elaborat,579
causada,579
rebuda,579
columbia,579
ambientals,579
blanes,579
construïdes,579
borneo,579
sofrir,578
campana,578
marià,578
picasso,578
inundacions,578
considerant,578
estimat,578
pòrtic,578
ps,578
gallecs,578
governat,577
brillants,577
representats,577
dramaturgs,577
avinyó,577
regionalista,577
ron,577
montenegro,577
lela,576
emprada,576
espectacular,576
anàlisis,576
associa,576
addició,576
llistat,576
vassalls,576
lustracions,576
auto,576
sena,576
condueix,575
políticament,575
misteri,575
patit,575
viscut,575
douglas,575
cp,575
characiformes,575
socialdemòcrata,575
frares,575
realista,574
disputes,574
veïnes,574
dominat,574
lloctinent,574
gadiformes,574
aristolochia,574
normativa,573
avaluació,573
esplendor,573
assenyala,573
eclesiàstica,573
erosió,573
malalts,573
clans,573
ordenació,573
alejandro,573
almeria,573
graduar,573
prima,573
fitxers,573
anarquista,573
atles,573
malik,573
marítima,572
mural,572
cambres,572
order,572
conformen,572
hereus,572
cantàbria,572
plàstic,572
dirigia,572
subcampió,572
management,571
ludwig,571
relaciona,571
criteri,571
benjamin,571
privilegi,571
establia,571
armenis,571
restaurat,571
dublín,571
tit,571
yeung,571
what,570
jerarquia,570
precipitació,570
pesant,570
divinitat,570
atreure,570
vacances,570
distribution,570
pradesh,570
arn,570
presidencials,570
hèrcules,570
estrany,570
maragall,570
mallorquina,570
prohibit,569
correctament,569
miranda,569
avenços,569
volar,569
artesans,569
conjunta,569
infeccions,569
aconsegueixen,569
liderat,569
paquet,569
diplomàtic,569
mahoma,569
avenç,568
participant,568
endèmica,568
lleialtat,568
far,568
mao,568
pregunta,567
medicaments,567
down,567
txecoslovàquia,567
allah,567
administrador,566
abasta,566
quelcom,566
rellevància,566
papes,566
maestrat,566
descriuen,566
deguda,566
fletxa,566
gaspar,566
clot,566
tunis,566
votació,566
macrouridae,566
roberts,565
mexicana,565
iec,565
fongs,565
jugat,565
saudita,565
guarda,564
int,564
isòtops,564
ichthyol,564
solista,564
birmània,564
jules,563
girar,563
perfecte,563
berlin,563
queen,563
farina,563
guix,562
àlgebra,562
annexió,562
sensibilitat,562
jurídic,562
morera,562
stanley,562
setmanari,562
blasonament,562
tribuns,562
connexions,562
acostumen,561
destinats,561
angular,561
anomenaven,561
versalles,561
poblament,561
begudes,561
rose,561
neptune,561
sepulcre,561
esculls,561
diputada,561
mola,561
sicílies,561
servit,560
buscant,560
studies,560
moros,560
isidre,560
financer,560
antàrtida,560
kara,560
madrilenys,560
desenvolupant,559
lapse,559
amat,559
sacrifici,559
estrenat,559
protector,559
franca,559
condemna,559
interaccions,559
timbre,559
pronunciat,559
anònim,559
podrà,558
palaus,558
institution,558
marxista,558
trastorn,558
frases,558
medicinals,558
destituït,558
unión,558
elna,558
davanter,558
rodrigo,558
country,557
tubs,557
coronació,557
ubicada,557
houston,557
clorur,557
genoma,557
une,557
orfeó,557
flavi,556
eugeni,556
mites,556
fibres,556
hermann,556
líquids,556
continuava,556
barceloní,556
auxiliar,556
havana,556
confirmat,556
thor,556
crims,556
budisme,555
expandir,555
denominacions,555
celebrats,555
concreta,555
cristòfol,555
sous,555
orgànics,555
infraestructura,555
rànquing,555
pasqual,555
mobles,555
rom,555
greix,554
golden,554
seleccions,554
precedent,554
desenvolupats,554
produïa,554
latitud,554
júlia,554
santander,554
px,554
lica,553
pogué,553
retorna,553
african,553
annotated,553
instància,552
estructural,552
denomina,552
íntegrament,552
successivament,552
cames,551
característics,551
teòrics,551
ltd,551
emblema,551
dictionary,551
jaén,551
femenines,550
dell,550
marges,550
compartit,550
estratègica,550
discorre,550
declara,550
patí,550
desconeix,550
substituïda,550
olor,550
conselleria,550
ub,549
posseeixen,549
segments,549
death,549
seminari,549
moon,549
relíquies,549
beguda,549
afecten,549
concentracions,549
tierra,549
this,549
revolucionaris,549
ciprinodontiformes,549
interí,549
sotmesos,548
aparegué,548
singapur,548
llums,548
iniciatives,548
iris,548
laborador,548
gules,548
aconseguiren,548
trilogia,548
antena,548
filologia,547
par,547
assumpció,547
gràfiques,547
bertran,547
ur,547
fils,547
christopher,546
absorció,546
verdes,546
ira,546
rendició,546
canadenc,546
insígnia,546
aliada,546
team,546
last,546
artemisia,546
joies,545
conscient,545
obtenen,545
basen,545
escrivint,545
emigració,545
heidelberg,545
legítim,545
enllaça,545
papua,545
phylogenetic,545
centrada,545
anarquistes,545
mussolini,545
sorgit,544
combinar,544
seguí,544
afectada,544
estaria,544
financera,544
atribuir,544
party,544
acabant,544
wright,544
munt,544
emmagatzemar,544
tornant,544
carcassona,544
inventor,544
antologia,544
fomentar,543
dominava,543
provincials,543
paratge,543
floyd,543
escissió,543
thompson,543
paixà,543
vescomtat,543
nadiu,542
école,542
sopar,542
corint,542
bany,542
lectiva,542
motociclisme,542
declaracions,542
isnb,542
cardenals,542
finalista,542
investigar,541
influent,541
concentrar,541
lincoln,541
exerceix,541
aragonesos,541
sosté,541
complement,541
elit,541
habitacions,541
arenys,541
tabac,541
emprendre,541
tolkien,541
causat,541
ras,541
indo,540
volcà,540
veient,540
mongol,540
exclusiva,540
permeté,540
dissenyador,540
hondures,540
abi,540
romàntic,539
espectador,539
periòdica,539
pertanyien,539
po,539
bec,539
pateix,539
eslovènia,539
fotògraf,539
estrasburg,539
eficiència,538
olímpica,538
citar,538
afirmació,538
dividits,538
despertar,538
pioner,538
restaurants,538
other,538
deposat,538
zelda,538
divideixen,537
realitzant,537
centrat,537
strauss,537
respon,537
ordenà,537
alternatives,537
autèntic,537
licitar,537
setena,537
senegal,537
agrària,537
atòmic,537
renfe,537
facció,537
túria,537
kim,537
revolucionària,536
fires,536
vocabulari,536
lluitant,536
aproximada,536
alcaldia,536
eliminat,536
fòssil,536
pep,536
point,536
criatures,535
celeste,535
barres,535
delegats,535
esclau,535
amenaces,535
localitzat,535
uganda,535
eusebi,535
ultramar,535
tirà,535
suposava,534
efectivament,534
sanitat,534
comes,534
greixos,534
assíria,534
nicaragua,534
occitana,534
cries,534
freds,533
homo,533
mora,533
favorables,533
prometre,533
enterrament,533
útils,533
nomenada,533
dispersió,533
exiliar,533
myanmar,533
missouri,533
singles,533
creen,532
jesucrist,532
bizanci,532
jordan,532
tuberculosi,532
percussió,532
emma,532
tel,531
afectats,531
ocórrer,531
acabaria,531
collins,531
sortint,531
fetge,531
violinista,531
txec,531
isona,531
people,531
faccions,531
aritmètica,531
elst,531
rebent,530
vermells,530
elionor,530
discursos,530
heretar,530
facto,530
eixample,530
editada,530
jamaica,530
español,530
diferencia,529
gir,529
orelles,529
castellans,529
fm,529
contributions,529
mostrava,529
tribal,529
reforços,529
agregat,529
subjectes,528
creien,528
cabells,528
disputant,528
exportació,528
mariners,528
ua,528
descoberts,528
bordeus,528
tomás,528
minories,528
lluc,528
operatius,527
minut,527
caracteritzat,527
avantguarda,527
salvatges,527
alimentar,527
múltiple,527
internacionalment,527
serbi,527
restants,527
bemoll,527
exercí,527
rescat,526
relacionar,526
continents,526
genealogia,526
abolició,526
fórmules,526
venjança,526
piemont,526
epidèmia,526
escollits,526
corporation,526
batman,526
bakr,526
oceans,525
carreus,525
accidents,525
patrona,525
costaneres,525
sabor,525
vera,525
legions,525
centro,525
tirol,525
esclavitud,524
berkeley,524
valent,524
gerard,524
medaller,524
consentiment,524
pib,524
estatuts,524
muñoz,524
funcionari,524
eslovàquia,524
homònim,524
mansur,524
teòrica,523
conreus,523
ortografia,523
suportar,523
designació,523
pastures,523
vespre,523
basar,523
consecutives,523
huber,523
keyserling,523
sòlida,522
parlamentari,522
edificacions,522
calent,522
esmenten,522
masculins,522
poderosa,522
manifesta,522
rodalies,522
ichthyology,522
introduction,522
processador,522
preservar,521
afores,521
infantils,521
atemptat,521
moisès,521
superat,521
https,521
àrtic,521
ucd,521
gènesi,520
lada,520
equival,520
capturats,520
permanents,520
monarques,520
perseguir,520
retornà,520
accedeix,520
manel,520
award,520
language,520
aplicat,520
demanant,519
vertebrats,519
entren,519
deure,519
acostar,519
manifestar,519
bous,519
extraordinari,519
corbes,518
lírica,518
perfecció,518
germànics,518
lenta,518
amagar,518
mortal,518
descans,518
telecomunicacions,518
felicitat,518
demostren,518
foundation,518
quantes,518
broadway,518
contínuament,517
entesa,517
depenia,517
relatiu,517
liu,517
frescos,517
cota,517
parlamentària,517
dolç,517
who,517
discogràfica,517
paquets,517
clergat,517
diamants,517
sàhara,517
yahya,517
recuperat,516
irlandesos,516
conductor,516
er,516
targeta,516
beat,516
zúric,516
miracle,515
escrigué,515
earth,515
regadiu,515
hàbitats,515
news,515
emergència,515
said,515
cassi,515
transforma,514
destinades,514
envolten,514
canvià,514
cilícia,514
descomposició,514
fortificació,514
desemboca,514
àndalus,514
filadèlfia,514
algues,513
llibertats,513
negatius,513
ligent,513
rocabertí,513
promogut,513
diagonal,513
detecció,513
their,513
tor,513
panorama,513
cortal,513
monges,513
gertsch,513
disminueix,512
plantejar,512
geologia,512
poblats,512
fluvial,512
desenes,512
precisa,512
intentant,512
exposa,512
teòlegs,512
atòmica,512
bari,512
contractar,512
guaiana,512
benito,512
basilea,511
study,511
dominada,511
legislatiu,511
renda,511
pessetes,511
subministraments,511
will,511
humit,511
michigan,511
segrià,511
dimissió,511
tela,510
institucional,510
jordània,510
insular,510
determinació,510
fallida,510
substitueix,510
ahmed,510
exotic,510
oms,510
serrano,510
palerm,510
diplomàtics,510
ep,510
sensible,509
vs,509
definicions,509
ouest,509
mèdic,509
amfibis,509
catolicisme,509
productora,509
panteó,509
diana,509
diví,509
associar,509
excepcional,509
disset,509
dotzena,509
raval,509
arribaven,509
vázquez,509
assistent,509
ross,509
targetes,508
entrat,508
acadèmica,508
boix,508
impost,508
ponç,508
sumar,508
lesió,508
aragón,508
implantació,508
donaren,508
abandonada,508
mixta,508
fum,508
inclusió,508
romeu,508
schmidt,508
miralles,508
atari,508
unix,507
pròxima,507
quotidiana,507
lliurement,507
construeix,507
colúmbia,507
mirada,507
elevats,507
correcte,507
incendis,507
interessar,507
barrancs,507
empleats,507
secrets,506
explorar,506
retòrica,506
noció,506
datat,506
folklore,506
influents,506
wolf,506
recorre,506
domina,506
bassa,506
codificació,506
studios,506
age,506
repartits,506
crisis,506
franquistes,506
defensiva,506
patronat,506
cerebral,506
austríaca,506
licini,506
ajudat,505
inventar,505
extensions,505
jane,505
space,505
gallega,505
bru,505
restaurada,505
narracions,505
raymond,505
alcúdia,505
trek,505
desembarcament,505
corre,504
supera,504
òrbites,504
estius,504
modes,504
maquinària,504
israelians,504
nueva,503
progressiva,503
acceleració,503
eficient,503
envià,503
carro,503
ànimes,503
aude,503
tija,503
controlada,503
gauss,503
blanco,502
ensenyaments,502
gijón,502
espases,502
jesuïtes,502
antònia,502
bonet,502
mirza,502
partitura,501
zhang,501
collades,501
ra,501
torrents,501
russes,501
ingredients,501
play,501
incidència,501
prevere,501
migració,500
secretaria,500
conservadors,500
noces,500
oportunitats,500
mariano,500
enclavament,500
típiques,500
governada,500
julia,500
cichlidae,500
tecnològic,499
inspirada,499
turner,499
mirar,499
tardana,499
beure,499
aurora,499
predominant,499
desastre,499
telèfon,499
ascendir,499
preparat,499
segells,499
patrici,499
pobladors,498
primats,498
conveni,498
olivera,498
enormes,498
namíbia,498
espiral,498
phoenix,498
gold,498
tribunals,498
aliades,498
enderrocat,498
màxims,498
hongaresos,498
feminista,498
condemnar,498
martell,497
apreciar,497
missioners,497
conrad,497
jornades,497
guerrer,497
submissió,497
diodor,497
combinacions,497
fluid,497
àvia,497
secundàries,497
oman,497
entorns,496
limitacions,496
usualment,496
armadura,496
pronunciació,496
magnesi,496
envia,496
elegir,496
urbanes,496
bloqueig,496
acompanyament,495
reemplaçar,495
terminologia,495
duresa,495
cacera,495
temporals,495
polígon,495
ocupats,495
retirà,495
laos,495
giorgio,494
balcans,494
sediments,494
comparar,494
vaca,494
muntanyosa,494
metabolisme,494
predecessor,494
convertiria,494
tracten,493
divulgació,493
bangladesh,493
quaderns,493
butlla,493
creixen,493
pesants,493
adoptà,493
combinat,493
ripollès,493
suïcidar,493
proporcionen,493
comunisme,493
aguilar,493
presidir,493
postura,493
fr,493
württemberg,493
cèlebres,492
entén,492
cerimoniós,492
xiquets,492
criticar,492
caritat,492
inter,492
ian,492
partició,492
verdi,492
tours,492
pastors,492
bey,492
lotari,492
futurs,491
seguiment,491
tràfic,491
integrants,491
instituto,491
lliura,491
distingits,491
pantà,491
magazine,491
inclinació,490
educatius,490
penes,490
decidit,490
besalú,490
álvaro,490
emprats,489
johannes,489
datada,489
púnica,489
protagonitzar,489
cercador,489
ètnica,489
equatorial,489
alzira,489
desús,488
sentits,488
hui,488
submarins,488
explotar,488
hiverns,488
plomes,488
jacint,488
epir,488
infern,488
bascos,488
incapaç,488
vèrtebres,488
dave,488
pueblo,488
division,488
bas,488
consultar,487
cants,487
criminal,487
casc,487
gironès,487
sencera,487
caçadors,487
gaèlic,487
oratori,487
suïssos,487
llavor,487
euler,487
carter,487
servidors,486
tons,486
trencament,486
für,486
elefant,486
desena,486
hills,486
microorganismes,486
hist,486
frederick,486
introdueix,486
sociedad,486
kansas,486
sei,486
resistent,485
paleolític,485
descobrí,485
proporcional,485
tardà,485
barons,485
badajoz,485
tributari,485
normands,485
plebeu,485
bulletin,485
argila,484
mostrant,484
excepcions,484
neutrons,484
orbitals,484
domèstics,484
circumscripció,484
leonard,484
immediata,484
capellà,484
patates,484
litres,484
israelià,484
fermentació,484
formentera,484
clube,484
finalitats,483
primitius,483
esment,483
bruno,483
morals,483
loricàrids,483
slam,483
ametlla,483
nena,483
groenlàndia,483
magistrats,483
rasa,483
dresden,483
revela,482
representaven,482
auge,482
entrevistes,482
hegemonia,482
alimentària,482
autobús,482
seguidament,482
esperant,482
chelsea,482
comprenia,482
watson,482
his,482
judaisme,481
comentari,481
consens,481
comanda,481
fals,481
guy,481
reuneix,481
educativa,481
min,481
carros,481
caigut,481
residencial,481
cangur,481
philip,481
grossa,481
politècnica,481
emissora,481
mallot,481
roosevelt,481
billy,481
bastida,481
especialistes,480
tractaments,480
heli,480
cometes,480
massiu,480
roy,480
acollida,480
verticals,480
garraf,480
veié,480
emès,480
ocupaven,480
controlat,480
estructurals,480
reglament,480
habitada,480
sd,480
diària,480
racó,480
castellers,480
emesa,480
descarregar,480
capadòcia,480
disposat,479
horitzó,479
secà,479
ingrés,479
atributs,479
ravenna,479
hereva,479
sard,479
hotels,479
awards,479
malabarba,479
aplec,479
demanà,478
atletes,478
compten,478
creades,478
sentia,478
calcària,478
interessat,478
nutrients,478
vores,478
cabres,478
disposats,478
successives,478
consecutius,478
equivalents,478
ratolí,478
suaus,478
desintegració,478
bombai,478
perímetre,478
cartell,478
cornelius,477
nus,477
tim,477
light,477
parlada,477
anuncia,477
empresarial,477
cessió,477
sidi,477
níger,477
resurrecció,476
suports,476
prevenir,476
autònomes,476
corresponia,476
dirigint,476
adhesió,476
soci,476
castellnou,476
neerlandesa,476
dogc,475
trenca,475
biològica,475
passada,475
dependent,475
aragonesa,475
rèptils,475
míssils,475
comics,475
crustacis,475
breus,475
sabem,475
musée,475
efectuar,475
emirs,475
muntar,475
alfredo,475
golejador,475
rècords,474
febles,474
invasions,474
amples,474
barret,474
ds,474
derrotes,474
intermedi,473
argos,473
administracions,473
villanueva,473
japan,473
sil,473
humits,473
amplitud,473
relationships,473
proceedings,473
bolxevics,473
yusuf,473
wolfgang,472
enter,472
emília,472
madoz,472
frontó,472
integrats,472
fosfat,472
proclamà,472
entrant,472
suficients,472
paula,472
paolo,472
youtube,472
edimburg,472
subespècies,472
trossos,471
econòmicament,471
modernament,471
conquerit,471
croat,471
atacant,471
federals,471
ostariophysi,471
tecla,471
faci,470
innovacions,470
lectius,470
entreteniment,470
consonants,470
garrigues,470
encapçalada,470
compleix,470
geltrú,470
cervesa,470
toro,470
donacions,470
guipúscoa,470
kosovo,470
stuttgart,470
monopoli,470
quilòmetre,470
carregar,470
larus,470
capitalisme,470
api,470
catalog,470
defineixen,469
basava,469
agafa,469
augmentat,469
ses,469
liderar,469
pl,469
vegas,469
carbonell,469
men,469
explorador,469
beach,469
àhmad,469
pretendent,469
rubí,469
progressista,469
atleta,468
extreure,468
reflex,468
sou,468
ti,468
escalar,468
anunci,468
fuga,468
flores,468
clínica,468
innocenci,468
laboracions,468
leles,467
pèls,467
necessitava,467
pionera,467
accessible,467
estenia,467
massacre,467
acudir,467
cervantes,467
judicials,467
açò,467
terços,467
consumidors,467
gestionar,467
folk,467
brill,467
ourense,467
lp,467
màlik,467
modificat,466
darwin,466
empren,466
feixista,466
duia,466
observador,466
scientific,466
vocació,466
premier,466
pòstum,466
vermelles,466
marcant,466
recopa,466
teulada,466
mauritània,466
dramàtiques,465
vuitè,465
centelles,465
jeff,465
most,465
special,465
leo,465
patinatge,465
astèrix,465
córdoba,465
expliquen,464
samarreta,464
somnis,464
simpson,464
dissenyats,464
obligada,464
omplir,464
pce,464
greument,464
public,464
brasilera,464
acusacions,464
apogon,464
superfamília,464
dames,463
edificació,463
silvestre,463
superioritat,463
dead,463
significatius,463
dòlar,463
assajos,463
euro,463
classificacions,463
franklin,463
norman,462
sultanat,462
perdé,462
fix,462
cohen,462
plens,462
contingent,462
aïllat,462
steven,462
tancats,462
kelly,462
presentada,462
apòstols,462
revelació,462
austrohongarès,462
legend,462
gnu,461
vinculada,461
degradació,461
habita,461
morgan,461
piscina,461
exercia,461
residir,461
calders,461
carnaval,461
destacà,461
complete,461
oferia,461
exiliat,461
wwe,461
condemnats,460
carregat,460
nàixer,460
clark,460
ocorre,460
industrialització,460
dame,460
estrangeres,460
trasllada,460
desapareguda,460
investigador,460
façanes,460
library,460
hot,460
traduïda,460
siglo,460
passatge,459
resistents,459
defensava,459
universidad,459
bateries,459
remei,459
significatives,459
bahadur,459
neerlandesos,459
pronunciar,459
tria,459
delicte,459
aparicions,459
som,458
sorprenent,458
procedir,458
obtinguts,458
ferdinand,458
pila,458
mostrat,458
respostes,458
integrant,458
tauler,458
marxà,458
fire,458
enquesta,458
suecs,458
eixe,458
mònaco,458
inca,458
sulayman,458
dimoni,457
mosaic,457
indígena,457
salvació,457
platí,457
navals,457
dijous,457
llegendari,457
renúncia,457
zinc,457
operador,457
nevada,457
sims,457
alimenten,457
quintet,457
rebien,456
ràpids,456
vivint,456
hd,456
mecànic,456
divuit,456
recte,456
mossèn,456
century,456
conservada,456
organitzà,456
raf,456
nomenà,456
discriminació,456
especialitzats,455
nissaga,455
distingeixen,455
einstein,455
pietat,455
glàndules,455
arsenal,455
automàtica,455
jiménez,455
continuat,454
prado,454
cristòfor,454
desapareix,454
report,454
mòduls,454
extraordinària,454
kent,454
protons,454
let,454
alger,454
preguntes,454
acusació,454
siding,454
plaer,453
pous,453
necròpolis,453
esquelet,453
kevin,453
legalment,453
casino,453
nòmades,453
vallespir,453
cànon,453
conservation,453
otomana,453
converteixen,452
referents,452
guardar,452
geogràfiques,452
salines,452
assassí,452
sufragi,452
atacada,452
visconti,452
demòcrates,452
minor,452
quins,452
cilindre,452
franges,452
paugy,452
acumulació,451
estratègic,451
zaragoza,451
magatzems,451
deep,451
cec,451
boys,451
partido,451
elena,451
concejo,451
salts,450
classifiquen,450
racional,450
celtes,450
cometa,450
mals,450
elèctriques,450
conversa,450
pineda,450
examen,450
salvat,450
ramírez,450
pedagog,450
pròstata,450
subclasse,450
calàbria,450
llombardia,450
milícies,450
venien,450
mediterranean,450
musaranya,450
naturalista,449
disputaren,449
aiguamolls,449
jordà,449
succeí,449
magna,449
service,449
castillo,449
numeració,449
cristall,449
htm,449
ibáñez,449
queralt,449
encarregats,449
sicilià,449
contínues,449
europe,449
rere,448
dany,448
direccions,448
evolutiva,448
charlie,448
filtre,448
ressò,447
formigó,447
estigués,447
peloponès,447
solia,447
revue,447
amants,447
porció,447
distingit,447
executiva,447
deien,447
brazil,447
nominat,447
perfecta,447
theatre,447
subfamily,447
upper,447
hamilton,446
domèstic,446
destacable,446
apareixia,446
estanys,446
erigir,446
difunt,446
consorci,446
farmàcia,446
enterrats,446
estrets,446
caixes,446
félix,446
confiar,446
gibraltar,446
assignar,445
piràmides,445
capitells,445
dures,445
guanyadora,445
falsa,445
curiositats,445
compostel,445
publishers,445
biology,445
ignacio,445
requisits,445
belgrad,445
arqueològica,444
produïdes,444
governamentals,444
constituent,444
oliveres,444
aquil,444
pica,444
huelva,444
pantalles,444
ètnics,444
funeral,444
presidida,444
gendre,444
cartagena,444
especialitat,444
mòdena,444
pintat,443
devoció,443
mantell,443
comtal,443
aletes,443
hospitals,443
grassos,443
bisbal,443
tallada,443
hoboken,443
nits,442
intervencions,442
assembla,442
suprema,442
resten,442
vendrell,442
assetjada,442
escàndol,442
clares,442
remodelació,442
instituts,442
campània,442
promotor,442
trial,442
darmstadt,442
soul,442
concursos,441
esmentades,441
satisfer,441
tempestes,441
expert,441
formaren,441
batejat,441
coneixem,441
ramats,441
còmica,441
blog,441
diables,441
meridionals,441
respectius,441
multimèdia,441
johnny,441
negro,441
pipí,441
agrupacions,441
cunyat,441
marino,441
óblast,441
inaugurada,441
fila,441
logotip,441
genguis,441
roewer,441
saviesa,440
donaria,440
intèrprets,440
gallery,440
yússuf,440
alteracions,440
margaret,440
obligacions,440
superant,440
serralades,440
mendoza,440
decorat,440
anuncià,440
elemental,440
descàrrega,440
mhz,440
dance,439
evolucionat,439
furs,439
rivalitat,439
cerdà,439
dependre,439
torneigs,439
maximilià,439
zhu,439
agrupa,438
protagonisme,438
tipologia,438
moderat,438
financers,438
tanta,438
xa,438
edats,438
commonwealth,438
lleugers,438
surinam,438
soviet,438
sanz,438
complutense,438
fossa,437
mecenes,437
implementació,437
estenen,437
solucionar,437
ip,437
tve,437
mortalitat,436
obstacles,436
autèntica,436
reconstruïda,436
yuan,436
ferma,436
fòsfor,436
adjacent,436
marcats,436
concentra,436
plegat,436
implicats,436
english,436
cichlid,436
paxton,436
baixista,436
defecte,435
escalfament,435
moleculars,435
tornaria,435
confirma,435
collita,435
animats,435
vescomtes,435
simbolitza,435
borbònica,435
àliga,435
imam,435
paleòleg,435
purament,434
parisencs,434
sofert,434
demogràfic,434
seques,434
segòvia,434
rodar,434
previ,434
parteix,434
sortides,434
caos,434
battle,434
irregulars,434
geranium,434
nomenats,434
alcalá,434
gilmour,434
veterans,433
projectar,433
respectar,433
humides,433
preservació,433
rex,433
múscul,433
espartans,433
nenes,433
transformacions,433
temperat,433
nick,433
afroamericans,433
nòrdic,433
aosta,433
contrarellotge,433
wu,433
guiu,433
transmet,432
gòbids,432
hipòtesis,432
mític,432
pontífex,432
campanes,432
unificat,432
gary,432
heavy,432
uci,432
lingüista,432
hassan,432
nicea,432
navy,432
cyprinidae,432
gaudeix,431
gimnàstica,431
classicisme,431
carbonat,431
historiografia,431
màgic,431
somali,431
destil,431
lleial,431
afirmava,431
tants,431
veien,431
dans,431
caixmir,431
liber,431
alain,431
alçària,430
escolta,430
explotacions,430
llançada,430
trencat,430
treballaven,430
larves,430
introduïda,430
observatory,430
about,430
andy,430
incorporada,429
podent,429
reparació,429
kurt,429
portades,429
predomini,429
primerenca,429
infinit,429
armstrong,429
atribueixen,429
jonathan,429
isfahan,429
horitzontals,429
guyana,429
espòs,429
ghana,429
dream,429
acb,429
caporiacco,429
prevenció,428
pedrera,428
melodies,428
dinosaure,428
potestat,428
comentar,428
mag,428
finançar,428
riques,428
ajuntaments,428
grams,428
inflació,428
admetre,428
reconquesta,428
controla,428
tet,428
nielsen,428
off,428
not,428
fabi,428
lèmurs,428
hoese,427
organitzen,427
hindú,427
sufix,427
francesca,427
mit,427
japoneses,427
triangular,427
equipaments,427
plasma,427
otan,427
hannover,427
inquisició,427
characidae,427
coloració,427
oslo,427
captivitat,427
may,427
aixot,427
dibuixar,426
lingüístics,426
ritus,426
mengen,426
acusats,426
progressiu,426
enviada,426
destruïts,426
parker,426
barry,426
folch,426
eschmeyer,426
humanista,425
disputada,425
caracteritzar,425
distribuir,425
mirant,425
lliurament,425
serps,425
dinar,425
crèdits,425
good,425
sarah,425
combatents,425
proposada,425
teclats,425
constança,425
nodes,425
determinant,425
descripcions,425
andalús,425
cir,425
quartets,425
law,424
facultats,424
precursor,424
longituds,424
aterratge,424
climàtic,424
got,424
verdures,424
residències,424
romanen,424
comèdies,424
phil,424
ària,424
française,423
genèric,423
teràpia,423
romàntica,423
posseir,423
meta,423
intestí,423
figuren,423
tessàlia,423
botí,423
lineals,423
audiovisual,423
mèdiques,423
neoclàssic,423
limitava,423
coberts,423
efectius,423
gall,423
poàcies,423
verbal,423
oro,423
inversions,423
detenció,423
alep,422
eslaus,422
incerta,422
hèracles,422
conservats,422
signà,422
vicari,422
circumferència,422
lambert,422
franciscans,422
compatible,422
seguits,422
assaigs,422
laborat,422
paradís,421
significava,421
diversa,421
filosòfic,421
exploradors,421
relativitat,421
operar,421
làmines,421
llicencià,421
nans,421
visitant,421
ocean,421
ritmes,421
vevers,421
romanesa,421
organitzats,421
afició,421
musa,421
rares,420
saqueig,420
ballarina,420
gray,420
protegits,420
llars,420
autovia,420
males,420
orientada,420
borrell,420
completes,420
garden,420
ressonància,420
respectives,420
occitans,420
tonga,420
suárez,420
estrenà,420
venerat,420
entrega,419
fars,419
potents,419
suggerit,419
matança,419
redactar,419
cabdill,419
genís,419
positius,419
copeia,419
recompensa,419
alice,419
bac,419
bad,419
beisbol,418
afegeixen,418
simbòlic,418
gustav,418
eufrates,418
legis,418
obligació,418
poderosos,418
orella,418
ribas,418
maryland,418
xocolata,418
congost,418
concedida,418
bàrbara,418
querol,418
test,418
atenenc,418
modalitats,417
ilíada,417
oferint,417
acompanya,417
immediat,417
judicis,417
comerciant,417
walker,417
eclesiàstics,417
convencionals,417
rehabilitació,417
australiana,417
semi,417
cine,417
durà,417
labor,417
montana,417
lleials,417
futures,416
reconegudes,416
sostenir,416
especialitzades,416
siga,416
nocturn,416
pells,416
feudals,416
girl,416
seguien,416
neptú,416
bossa,416
genètic,416
monetària,416
estimació,416
andalusos,416
sergio,416
hongaresa,416
biolib,416
feliç,415
desfer,415
marató,415
escàs,415
biodiversitat,415
doctrines,415
diferencien,415
atractiu,415
funcionals,415
prades,415
empire,415
rossini,415
vanguardia,415
sitiodeciclismo,415
date,415
correus,415
town,415
llicenciar,415
jimmy,415
nada,415
teòleg,414
adopta,414
restant,414
reduint,414
intentat,414
alzina,414
declarà,414
pàdua,414
gujarat,414
calais,414
consagració,414
tramvia,414
mantega,414
berna,414
hypostomus,414
docent,414
emocions,413
gremi,413
influenciat,413
admet,413
generen,413
oposats,413
sacrificis,413
horts,413
recomana,413
subtropical,413
jon,413
gay,413
assignat,413
verona,413
delictes,413
wall,413
letònia,413
human,413
comnè,413
polars,412
consegüent,412
experimentat,412
transformada,412
carlins,412
detenir,412
academia,412
localitzar,412
atmosfèrica,412
abbas,412
puigcerdà,412
administratius,412
quentin,412
màntua,412
eustomias,412
marvel,412
remunten,411
cama,411
ajuden,411
formals,411
dalí,411
emocional,411
consten,411
mariner,411
cúmul,411
convençut,411
congressos,411
tàctiques,411
foscor,411
samoa,411
distribuïts,411
princeton,411
decisiu,411
canigó,411
demandes,410
che,410
serví,410
adulta,410
estiguin,410
semblar,410
registrat,410
cecília,410
jin,410
computer,410
hort,410
tous,409
sorgeixen,409
beatriu,409
renaixença,409
aixeca,409
passaren,409
pedagogia,409
adelaida,409
exposat,409
trento,409
llimona,409
estudios,409
posava,409
mutacions,409
apòstol,409
prince,409
faraons,409
adjacents,408
climes,408
network,408
banya,408
tolerància,408
ecosistemes,408
venuts,408
toc,408
invasors,408
kanat,408
adoptada,408
convidar,408
contractat,408
weimar,408
borsa,408
esquadró,408
ferrari,408
andes,408
valley,408
pontificat,408
txad,408
clausura,408
escolars,408
size,408
escriptures,407
prohibida,407
finit,407
werner,407
classifica,407
actuant,407
murray,407
canonge,407
tocava,407
guanyadores,407
primaris,407
type,407
spider,407
processadors,406
mentals,406
liques,406
coincideixen,406
provoquen,406
mer,406
duta,406
reaccionar,406
celebraren,406
sm,406
montseny,406
evitant,406
escrivia,406
nascuts,406
verbs,406
lligats,406
propagació,406
heràldica,406
honda,406
adquireix,405
lava,405
implementar,405
establiren,405
macedoni,405
muntanyós,405
primàries,405
modest,405
bismarck,405
wild,405
tennessee,405
laurent,405
haia,405
palatinat,405
montaner,404
colonials,404
afer,404
adolescència,404
antígon,404
lència,404
alça,404
rodona,404
second,404
àvila,404
justinià,404
giacomo,404
sida,404
budistes,404
angel,404
mussa,404
entusiasme,403
definides,403
textura,403
ombres,403
aïllada,403
indicis,403
tonalitat,403
alqueria,403
fotogràfica,403
romanesos,403
ms,403
phylogeny,403
interpretant,403
abdicar,403
juguen,403
promou,403
rennes,403
deutes,403
radar,403
common,402
edgar,402
compilació,402
alegria,402
amagat,402
cleòpatra,402
sostenen,402
stadium,402
construint,402
cinematogràfic,402
compliment,402
demanava,402
randall,402
way,402
jerry,402
romero,402
lennon,402
abel,401
cooper,401
dotar,401
murals,401
preferència,401
vulgar,401
reg,401
sagunt,401
viatja,401
yang,401
seients,401
ares,401
dibuixants,401
afirmant,401
encapçalat,401
oblidar,401
forestals,401
abandonament,401
carlina,401
gavín,401
compàs,401
filòleg,401
oriola,401
blaus,401
autorització,401
diario,401
aleksandr,401
playoffs,401
troballa,400
deriven,400
denunciar,400
proposà,400
criticat,400
conquestes,400
pèrgam,400
sàtrapa,400
bàndols,400
louise,400
mon,400
sebastian,400
prioritat,400
stuart,400
sext,400
ismail,400
drake,400
consoles,400
embarcacions,399
autobiografia,399
tèxtils,399
administrar,399
continuada,399
master,399
abc,399
brothers,399
jaime,399
mares,399
borràs,399
enregistrar,399
crèdit,399
companya,399
brooklyn,399
passaria,399
intentava,399
cortés,399
participacions,399
elevar,398
pantalons,398
cuir,398
robin,398
banyes,398
planteja,398
alberga,398
consellera,398
elefants,398
selèucida,398
diàlegs,398
agricultors,398
brooks,398
bit,398
dubtes,398
python,398
muntaner,398
estimacions,398
voleibol,398
io,398
cras,398
carlota,398
rowspan,398
magnífic,397
biològic,397
program,397
pioners,397
loca,397
externes,397
exercit,397
onades,397
lost,397
facilita,397
call,397
aïllades,397
forçat,397
solo,397
reemplaçat,397
im,397
lega,397
myctophidae,397
artur,397
polinomi,397
duració,396
físicament,396
rudolf,396
combinada,396
porcs,396
its,396
rumors,396
sobreviscut,396
cràters,396
evita,396
pesos,396
houghton,396
mandíbula,396
supressió,396
chen,396
fiscals,396
vacant,396
commemorar,395
allunyat,395
canvien,395
tesis,395
lloyd,395
convidats,395
liti,395
comunió,395
sànscrit,395
suïcidi,395
atlanta,395
holandesos,395
incidents,395
capitular,395
danesa,395
curtmetratge,395
kissinger,395
olis,394
atena,394
estableixen,394
oposada,394
garantia,394
magic,394
invertebrats,394
aliances,394
sotmesa,394
caldes,394
laci,394
granit,394
angleses,394
brigades,394
ensenya,394
commemorativa,394
tracció,394
lats,394
sylvia,394
obertament,394
ministra,394
hms,394
trinquet,394
escèniques,393
arquitectònics,393
lingüistes,393
fèrtil,393
implicar,393
decideixen,393
salari,393
palafrugell,393
desviació,393
toxicitat,393
localitzada,393
assegura,393
tibet,393
desenvolupadors,393
hudson,393
teodosi,392
màgica,392
assumeix,392
restà,392
aleta,392
regal,392
milícia,392
inaugura,392
segadors,392
estómac,392
transformat,392
vuitena,392
aprofita,392
curimatidae,392
some,392
culminar,392
celebrava,392
còlera,392
penetrar,392
gradual,392
adjunt,392
làser,392
descobridor,392
butxaca,392
centrale,392
wii,392
arxiduquessa,392
agulles,391
tinta,391
missioner,391
refereixen,391
corb,391
estratègies,391
fortificada,391
tirar,391
acabats,391
cabell,391
polo,391
rostre,391
nominada,391
avaluar,391
names,391
saldanha,391
psuc,391
eurocopa,391
prior,391
enfonsar,390
constructors,390
modernització,390
pascal,390
water,390
allunyar,390
procedència,390
constructor,390
vilar,390
composts,390
hercegovina,390
origina,390
emirats,390
verges,390
federacions,390
regals,390
txaikovski,390
usava,389
clars,389
parlaven,389
laboratoris,389
hortalisses,389
fines,389
reeixida,389
omega,389
intervals,389
violació,389
classification,389
concedí,389
alabama,389
joventuts,389
saltar,388
louvre,388
preludi,388
curiositat,388
erupció,388
portaavions,388
governamental,388
notre,388
lea,388
durs,388
hoste,388
nuremberg,388
passaven,388
bros,388
quercus,388
how,388
wei,388
mètrica,387
extret,387
guillaume,387
estricta,387
lustrat,387
mencionat,387
atribuïda,387
usades,387
warriors,387
robinson,387
retard,387
illustrated,387
automobilístiques,387
caces,387
más,387
rosegadors,387
habiten,387
nets,387
alex,387
tintín,387
airlines,387
stewart,386
contribueix,386
rapidesa,386
instàncies,386
proveir,386
distincions,386
certesa,386
llençar,386
commemoració,386
vos,386
warner,386
coets,386
similituds,386
repetició,386
magatzem,386
tàcit,386
bessons,386
niu,386
escalada,386
parlamentaris,386
navegar,385
novetats,385
alteració,385
excursionista,385
reconstruït,385
valer,385
detinguts,385
cosme,385
automàticament,385
búlgar,385
kíev,385
modernistes,385
incorporant,385
reorganització,385
anas,385
salses,385
parcials,385
valois,385
pecat,384
mouen,384
decorats,384
manipulació,384
lingüístiques,384
harris,384
suposada,384
agut,384
cavitat,384
gr,384
grossos,384
studio,384
beca,384
vestir,384
ordena,384
tàctica,384
born,384
circulen,384
seattle,384
walt,384
pelatge,384
rubió,384
vernet,384
metel,384
imitació,383
auditori,383
planck,383
pateixen,383
reflecteixen,383
celebraven,383
pensat,383
gats,383
aïllar,383
edu,383
baptiste,383
albaida,383
gras,383
cadira,383
ferroviari,383
conill,383
mollet,383
informàtic,383
voltatge,383
palmas,383
iwamoto,383
fàrmacs,383
aguda,383
bernardo,383
bressol,382
excavació,382
hàbits,382
pronuncia,382
tales,382
fosques,382
fluvials,382
adams,382
inestabilitat,382
matinada,382
mirador,382
legislativa,382
balanç,382
fútbol,382
sorprendre,382
creua,382
torreta,382
celebrà,382
minnesota,382
shan,382
lakers,382
jesuïta,381
despesa,381
perpendicular,381
glacial,381
exhibició,381
assassins,381
qualificació,381
hèlsinki,381
are,381
bush,381
boles,381
atraccions,381
guardó,381
ran,381
òptic,381
string,381
comicis,381
ventall,381
cremallera,381
avantpassat,380
perdó,380
rectes,380
ta,380
atzar,380
alimenta,380
valentia,380
amos,380
kilòmetres,380
frare,380
establertes,380
auxiliars,380
funcionen,380
separen,380
nominació,380
roll,380
articulació,380
clarinet,380
mexico,380
utah,380
aziz,380
def,380
practica,379
adolfo,379
geògraf,379
darios,379
php,379
calenta,379
malament,379
barcelonina,379
euskadi,379
allotjament,379
desenvolupades,379
incursió,379
amnistia,379
aplega,379
transversal,379
teleosti,379
ceret,379
karrer,379
lex,379
heart,379
bayern,379
zelotes,379
exclusiu,378
instant,378
incorporà,378
guimerà,378
sunyer,378
disposicions,378
fites,378
terrible,378
nervis,378
multiplicació,378
efes,378
secta,378
amfibi,378
venecians,378
louisiana,378
sex,378
turístics,378
culpable,378
tetras,378
abdul,378
pretors,378
nawab,378
intenten,377
imaginació,377
extinta,377
neixen,377
mineria,377
pètals,377
espluga,377
unificar,377
reformar,377
more,377
melbourne,377
revoltats,377
juràssic,377
nassau,377
odi,377
madeira,377
paz,377
empat,377
suides,377
nikolai,377
hu,377
indirecta,376
agrupar,376
lluminositat,376
decrets,376
protocols,376
representatiu,376
confraria,376
rodó,376
torroella,376
atur,376
eu,376
baker,376
mercaders,376
cató,376
cantonada,376
dénia,376
caironat,376
repòs,375
cross,375
impedeix,375
novè,375
cia,375
vincles,375
ventre,375
vèrtexs,375
coeficient,375
passatges,375
dotat,375
llicències,375
matrimonis,375
gaza,375
verí,375
obtinguda,375
felix,375
lloret,375
guardons,375
encapçalar,375
plaza,374
calç,374
juni,374
desconeguts,374
tractant,374
geni,374
preveu,374
suporta,374
annals,374
diplomàtica,374
caminar,374
dissolt,374
contribuït,374
potencials,374
registrada,374
windsor,374
mifflin,374
càceres,374
solana,374
marne,374
gonzalo,374
insulina,374
albera,374
clofeta,374
cursar,374
amazics,374
fiji,374
obreres,374
parramon,374
angelo,373
musulmanes,373
immensa,373
sequera,373
pensen,373
reconeixen,373
collada,373
posidó,373
adolescents,373
transcorre,373
recaptació,373
suprimir,373
castigar,373
adolescent,373
assabentar,373
patent,373
calcita,373
travessant,373
trajecte,373
dependents,373
caledònia,373
comissionat,373
mixt,372
museo,372
creadors,372
controls,372
puresa,372
presentant,372
panjab,372
parcel,372
qualificar,372
detroit,372
localment,372
beatles,372
aquari,372
canadenca,372
séquia,372
sagarra,372
jnict,372
plebeus,372
inaugurà,372
banks,372
monistrol,372
histórico,372
semicircular,371
consumidor,371
representades,371
comportaments,371
juristes,371
partint,371
alianza,371
violenta,371
dedicació,371
binària,371
acceptà,371
esdevindria,371
agrupen,371
signa,371
subespècie,371
redactor,371
sindical,371
boí,371
album,371
bois,371
maine,371
justament,370
successius,370
vinculats,370
buscava,370
mediació,370
concedeix,370
connectat,370
rebutjada,370
encarregà,370
agrada,370
seleccionar,370
zoo,370
exportacions,370
maia,370
donats,370
arrestat,370
cisma,370
yale,370
wayne,370
andrònic,370
volume,369
boira,369
londinencs,369
definits,369
vikings,369
làctia,369
peculiar,369
sagrats,369
donades,369
urà,369
volts,369
rev,369
augmenten,369
negatives,369
variada,369
herrera,369
derrotant,369
luter,369
intersecció,369
montfort,369
dragon,369
eocè,369
xineses,369
banca,369
milan,369
lucre,368
discutir,368
primerament,368
patia,368
marcial,368
protegides,368
trajà,368
aïllats,368
tasmània,368
subdivisions,368
frau,368
aconseguia,368
fronterera,368
enregistrat,368
oregon,368
kyoto,368
campiona,368
alessandro,368
tamerlà,368
alcorà,367
mercantil,367
consonant,367
treu,367
auguste,367
computació,367
navegant,367
aturada,367
clade,367
wood,367
correspondre,367
vladímir,367
sopa,367
characins,367
flama,367
liderada,367
schaefer,367
hindús,367
cartells,367
sòria,367
feixisme,367
poesies,367
intencions,366
veiem,366
llindar,366
lídia,366
vasos,366
prototip,366
seat,366
mill,366
county,366
tell,366
proclama,366
arieja,366
harmònica,366
dosis,366
convocatòria,366
ramos,366
cronista,366
mehmed,366
year,366
alsàcia,366
herat,366
respiració,365
émile,365
ba,365
méxico,365
espines,365
edificar,365
agrupades,365
telèfons,365
barbara,365
subdivisió,365
butlletí,365
africanes,365
bilingüe,365
symphony,365
banyoles,365
magnànim,365
whitehead,365
canària,365
back,365
harrison,365
xml,365
ortega,364
diamant,364
lenística,364
polinèsia,364
deduir,364
binari,364
sóc,364
emigrants,364
conducció,364
assemblees,364
alcaldessa,364
erròniament,364
autoria,364
brava,364
technology,364
leone,364
labora,364
freud,363
divinitats,363
serie,363
supervisió,363
ortodoxos,363
buits,363
adaptada,363
gires,363
convocat,363
arles,363
vilallonga,363
neutral,363
messina,363
josef,363
clergues,363
xeic,363
tigre,363
integren,362
exacte,362
cilindres,362
modernitat,362
erudits,362
prestar,362
impossibilitat,362
express,362
assumpte,362
modificada,362
cabanes,362
medul,362
titularitat,362
sinònims,362
vocalista,362
zoological,362
biol,362
integritat,361
guillermo,361
preparats,361
revers,361
tallat,361
germànica,361
reconquerir,361
absent,361
narrador,361
ermengol,361
brabant,361
basili,361
bhutan,361
holandès,360
tigris,360
eugène,360
aeroports,360
peña,360
roures,360
hermes,360
mortals,360
rosario,360
xenofont,360
disposaven,360
gana,360
arca,360
nebulosa,360
armand,360
martiri,360
segimon,360
known,360
larry,360
critèrium,360
predir,359
ada,359
iniciant,359
tang,359
estricte,359
ovidi,359
apollo,359
fabricat,359
oci,359
convertida,359
mausoleu,359
relata,359
tutela,359
pendents,359
estela,359
vaques,359
descrits,359
utrecht,359
tira,359
casanova,359
théâtre,359
anada,359
matrius,359
literature,359
cerro,359
pen,359
recipient,358
velázquez,358
visions,358
milet,358
tancades,358
hypostominae,358
guionistes,358
acústica,358
alcover,358
mamelucs,358
seljúcides,358
secretària,358
cadàver,358
discussions,358
relatives,358
constitucions,358
ocupades,358
gramàtic,358
canadencs,358
portats,357
impulsat,357
gala,357
comparat,357
granges,357
herman,357
avança,357
solien,357
cl,357
guàrdies,357
canonges,357
sadurní,357
