word,count
je,7750
na,6379
to,4704
sã,3598
do,3230
rok,3169
rokù,2296
téż,1582
lënczi,1470
bùtnowé,1455
òd,1443
béł,1423
pò,1373
krézu,1222
gmina,1178
są,1085
right,1063
wies,1054
align,1052
gminie,1002
wëdarzenia,999
ùmarlë,999
ùrodzëlë,990
òn,966
kalãdôrz,940
kalãdôrza,934
jin,925
stolatégò,873
wòjewództwie,852
pòl,825
kaszëbskô,788
abò,786
tu,781
lëteratura,777
kaszëbach,750
km,743
pòdług,742
rodzëznë,732
że,728
dzéń,725
jak,723
pòczątk,718
gregòriańsczi,705
nie,699
przëpôdł,695
pòmòrsczim,684
juliańsczégò,683
przez,678
kaszëbsczi,654
dlô,631
kòl,629
ùr,627
wiele,618
za,614
np,591
kaszëbë,586
mòże,584
we,582
jinëch,582
mô,579
pòlsczégò,569
jegò,561
bëc,548
słowiańsczich,531
nieprzestãpny,526
krajów,520
chtërnégò,519
òna,516
gardu,513
christusa,506
królestwa,502
słowôrzu,499
pòlsce,499
krajach,498
pòlsczi,495
kaszëbsczégò,495
the,491
gardë,490
stolaté,490
geògraficznym,487
niechtërnëch,486
tak,483
naszi,481
ùżiwóny,477
égò,476
erë,475
narodzenim,475
dzesãcolecô,471
hewòtny,471
gregòriańsczégò,467
juliańsczi,464
warszawa,451
równak,446
co,442
pòmòrsczé,429
ùm,425
bëła,420
gard,419
wòjewództwa,417
zwëczajny,414
bòtanika,399
pòmòrsczégò,397
kaszëbi,396
lëdztwò,386
xix,380
jakno,379
swiãta,379
wsë,378
jãzëk,377
pl,370
ji,370
mionowi,370
ùroczëznë,366
jãzëka,361
swiece,361
tim,358
ze,351
leno,350
nad,347
ni,346
ii,340
bëło,338
xviii,338
nié,336
drëdżégò,335
gduńsk,333
latach,333
wiéchrzëzna,329
miem,328
rosce,328
tësąclecô,320
gdańsk,312
baro,303
lëdzy,302
jaż,298
kòscół,292
zaczął,289
tegò,287
ale,283
jich,280
lat,276
zôczątkù,273
wòjewództwò,271
pòd,270
słownik,270
czasach,268
nëch,265
gò,263
dopiérze,261
in,259
roku,258
przë,256
dni,255
ôrt,255
òb,254
ti,254
kaszëbów,253
nót,253
dzél,252
samò,247
chtëren,246
pamiãtac,240
pòwszechny,239
katolëcczich,239
oficjalno,235
dzysdniowim,234
sw,233
ùżiwónégò,231
wiôldżi,229
kaszëbsczim,228
karna,228
hewòtnym,226
rozeszłosc,226
wënôszała,226
ju,225
roscëna,225
bez,224
dosc,223
le,220
kréz,220
xv,218
swiãtëją,217
òbéńdze,216
of,215
de,214
mają,214
xx,213
jan,209
ix,209
państwa,207
bëłë,203
wedle,201
kaszëbsczé,200
kraków,199
kùltura,195
jakò,192
òstôł,191
stołpsczim,191
przëpisczi,190
jaczi,190
bëtowsczim,190
kartësczim,189
bò,188
miono,187
czas,186
kùńca,186
karno,185
ten,181
isbn,180
nim,179
wrocław,179
miôł,178
kaszubskich,177
tam,176
dniów,176
kultury,174
zemi,172
òne,172
chtërne,172
zdrojach,171
mògą,171
gardã,170
przestãpny,170
gduńskù,169
mln,169
czë,168
kalãdôrzu,168
tle,168
żëje,168
gwar,167
mieszkańców,166
pierszi,165
jesz,164
gregorijansczim,164
jãzëkù,163
ludowej,162
miemiecczi,160
przed,159
chtërny,158
tom,157
midzë,157
chtërna,157
lëdze,156
oprac,156
tekst,154
pierszégò,153
séwnika,152
starna,152
tësąclecégò,152
ks,150
gòdnika,149
eùropie,149
przewodnik,149
stolat,147
szkòle,146
czej,144
nich,143
kaszubski,143
roscënë,143
pòmòrsczi,142
pòlskô,142
zëchta,142
jaczé,142
roślin,142
miona,140
http,140
zélnika,140
czasu,137
dzysô,135
bernard,135
piotr,134
gdze,134
alfred,133
wilhelm,133
zwierząt,133
ewa,132
alfabétu,132
te,131
ta,131
jãzëczi,131
jana,130
ossolineum,130
gminë,129
dzélu,129
pòzwa,128
wyd,128
przekł,128
jeden,127
lëstopadnika,127
całości,127
dwa,126
òbaczë,126
czasã,126
and,126
życie,126
multico,126
nordowi,125
kùlturë,125
rozpoznawania,125
wycieczce,125
zimmer,125
handel,125
eisenreich,125
kaszëb,124
od,124
ute,124
dorothee,124
rachańska,124
kreyser,124
niedzelã,123
przësłowié,123
czedës,123
strëmiannika,122
nôbarżi,121
swiãti,121
www,120
blós,120
gduńska,120
szlach,120
napisôł,119
òsta,118
tej,117
et,116
ptôch,116
jimieninë,116
czwiôrtk,116
stalatégò,115
dzece,114
lëtrë,114
òni,114
pòłożonô,114
wejrowsczim,113
stëcznika,113
pisôł,113
żëcé,113
stolëcą,112
szkòła,112
ptôchë,112
światło,112
swiatowi,111
kaszëbską,111
kòle,111
red,111
iii,110
kaszëbskù,110
kòscele,110
maja,110
żebë,110
czãsto,109
czerwińca,109
piątk,109
stolëca,108
swiata,108
pòniedzôłk,108
ss,107
cm,107
kòscoła,105
records,104
strzodã,103
wòjnie,102
jãzëków,102
państwã,102
wtórk,102
nowi,100
sobòtã,100
cenôwa,99
rujana,99
ùczą,99
swiãtégò,98
razã,97
jednym,97
bëł,97
pózni,96
czôrnô,96
òficjalnô,95
domôcô,95
americzi,95
krótkò,95
brusë,95
nawetka,95
łżëkwiata,94
bë,94
józef,93
chòc,93
repùbliczi,92
plac,92
katolëcczi,92
łacyńsczégò,92
pòjezerzô,92
toyota,92
wiôlgô,91
môl,91
lata,91
kaszëbsczich,91
runita,91
nowô,90
jón,90
katarzëna,90
tedë,90
kartuzë,90
viaf,90
niegò,90
dzys,89
terô,88
gdini,88
taczi,88
ma,88
bëlë,88
pôłniowi,88
gromicznika,88
an,87
kaszëbskò,87
ksądz,87
mù,87
zôpadnopòmòrsczé,86
wòjnë,86
słowa,86
kaszub,86
wiedno,86
gitara,86
historia,85
parkù,85
dze,85
nr,85
szlachù,85
mòrza,84
òznôczô,84
môłi,83
jezoro,83
wicy,82
mùzeùm,82
lëniô,82
ùrodzył,82
drëdżi,81
paweł,81
se,81
kaszubsko,81
rëbë,81
miastkò,81
kòreji,81
pomorskie,81
po,80
kraju,80
jakô,80
pòlskù,80
gduńsczi,80
wiôldżé,80
nen,79
jezora,79
der,79
chtërnym,79
wiekù,78
live,78
xiv,78
roscënów,78
aleksander,77
tréder,77
warszawie,77
państwò,77
dla,77
bibliografiô,77
geògrafijô,76
pùck,76
człowieka,76
bloomsbury,76
łac,75
dali,75
wszëtczich,75
eùropejsczi,75
lëpińca,75
repùblika,75
szkòłë,75
wsą,75
mòżna,75
kòscérzna,75
nôrodny,74
tëch,74
wejrowò,74
jerzi,74
zrzeszenie,74
òno,74
org,73
chtërnëch,73
jãzëkã,73
colemało,73
rôz,73
film,73
und,73
czile,72
von,72
rusczi,72
dnia,72
dzéle,72
stalata,72
pòtemù,72
azëji,72
al,71
przede,71
anielsczi,71
amerikańsczi,71
przédné,70
iv,70
całi,70
swòje,70
czedë,70
lëtra,70
wydawnictwo,69
trzë,69
rozmajitëch,69
teatrownica,69
amerikańskô,69
tuwò,69
òsoblëwie,68
jako,68
temù,68
wszëtczim,68
pòdôwczi,68
pierszô,68
krakòwò,68
dakar,68
znóny,68
tich,68
susczi,68
pòrénkòwi,67
park,67
dzãka,67
geografia,67
swiãto,67
usa,67
polsko,67
pisarze,67
xvii,67
pùcczim,67
historiô,67
zajimô,66
zôpadny,66
zemia,66
majkòwsczi,66
dzecy,66
wòdë,66
żëją,66
swój,66
mòrze,65
lëdztwa,65
przëpisë,65
żukòwò,65
geògrafia,65
westrzód,65
dzélã,65
stôri,65
gduńsczim,65
garc,64
swòjim,64
pòmrë,64
wejrowie,64
mało,64
kòscérsczim,64
wielelatnô,64
leżi,63
nôwikszim,63
miec,63
jedna,63
prawie,63
dëcha,63
barżi,63
miemcë,63
główczëce,63
cała,63
stołpskò,63
taczé,62
historëjô,62
dz,62
dzejôrz,62
robił,62
pòlsczim,61
mieszkô,61
so,61
razy,61
wierã,61
pòrénkù,60
bôłtu,60
tzw,60
maria,60
ruskô,60
słowò,60
dzecë,60
web,60
mieszkało,60
bëtowò,60
lãbòrsczim,60
tës,60
ją,60
pòmòrskô,59
mòrdawsczi,59
góra,59
lato,59
nowégò,59
stolema,59
rzéka,58
chtërné,58
widzec,58
kùjawskò,58
pod,58
marian,58
smiercë,58
dłudżi,58
cz,58
jãzëkach,58
wôżnym,58
dãbrówka,58
pòtãgòwò,58
chònicczim,58
sychta,58
trepczik,57
zôpadnopòmòrsczim,57
serakòjce,57
jã,56
prawa,56
chto,56
ùsôdztwò,56
pùcczi,56
biwô,56
dostôł,56
kaszubów,56
wiéchrzëznie,56
diskògrafijô,56
epitaph,56
syn,56
òbczas,56
robi,55
noc,55
kùńc,55
wszëtczé,55
adam,55
swòji,55
borzyszkowski,55
szôłtëstwa,55
przëmiôr,55
pòchòdzy,54
gdiniô,54
pierszé,54
żëcégò,54
im,54
nôwikszi,54
król,54
wiôlgą,54
on,54
mùzeum,54
punk,54
la,54
aleksandra,53
kanadze,53
xi,53
môrcën,53
robòtë,53
stãżëca,53
amerikańską,53
roscą,53
rozwiju,52
òkróm,52
jerzy,52
róman,52
dwie,52
wiôldżim,52
medicyna,52
wid,52
człëchòwsczim,52
jinszé,51
wejrowsczi,51
rësznotë,51
trzech,51
kòpijô,51
teatrownicą,51
treder,50
zëmã,50
chtërno,50
pòłożenié,50
drzéżdżón,50
procëm,50
katolëcczim,50
ùniwersytet,50
matczi,50
jidze,50
eùropejsczé,50
pòłożoné,50
spiéwôrką,50
nôdgroda,50
lëst,50
poznań,49
pòchôdô,49
kaszubi,49
znóné,49
czesczi,49
eùropë,49
pawła,49
człowiek,49
ùniwersytece,49
swòją,49
no,49
wôżny,49
język,49
gôdô,49
jezësa,49
ùmarł,49
grzëbë,49
ùżiwónô,49
môłé,48
òstało,48
chmielno,48
pòzwë,48
strzédny,48
london,48
kraje,48
africe,48
òstałë,48
ne,48
sedzbą,48
wësokòsc,48
americe,48
òjc,48
brzôd,48
òwadë,48
testameńtu,48
lasë,47
zôs,47
zrzeszeniô,47
stutthof,47
barcelona,47
króla,47
nordze,47
zrzeszenié,47
szëmôłd,47
kaszubskie,47
ôrtu,47
hëta,47
czôrné,47
bòga,47
ewanieliô,47
kòbëlnica,47
lorentz,46
wiéchrzëznë,46
karól,46
dzejanié,46
pisôrz,46
szpańsczi,46
prawò,46
lasach,46
mùzycë,46
knéga,46
alfabéce,46
òstała,45
jedną,45
frãcëszk,45
krézewi,45
rzéką,45
eù,45
italskô,45
polsczi,45
zwóny,45
ùcził,45
wëjimk,45
european,45
parchòwò,45
wiôldżégò,45
kaszëbiznie,45
skłôdô,45
nôtërë,45
bank,45
com,44
for,44
gardów,44
cząd,44
mia,44
słuńca,44
pòlsczich,44
łãczëce,44
nas,44
kaszubska,44
jaczim,44
człëchòwò,44
pòlską,43
dr,43
pòwstało,43
gardze,43
jiné,43
swiãtô,43
trzeba,43
mùszi,43
stoji,43
publishing,43
xxi,43
stôrô,43
zjednóné,43
https,42
pazdzérznika,42
lëpinca,42
kąsk,42
jô,42
negò,42
kaszubskiego,42
history,42
uk,42
przedkòwò,42
kôrsëno,42
azjatëcczé,42
czasów,42
damnica,42
zwãk,42
lëtrą,42
cantharellus,42
krôj,41
lëstë,41
zélnik,41
lëstopadnik,41
spòdlim,41
mielë,41
central,41
gadac,41
chtërną,41
môlã,41
nôprzód,41
przëwidz,41
rozmajitoscë,41
më,41
mòdlëtwa,41
rezerwat,41
wickò,40
papiéż,40
pòlskò,40
miemieckô,40
rhode,40
szpańskô,40
ryszard,40
sóm,40
swiat,40
sobie,40
òkòlim,40
stone,40
kashubs,40
instytut,40
wprowadzónô,40
st,40
pôłniowô,40
smôłdzëno,40
cibarius,40
prawach,39
stanisław,39
mùzyczi,39
jelińsczi,39
antón,39
dëńskô,39
òbchòdzą,39
białka,39
miało,39
skłôd,39
dopisënczi,39
pòzwã,39
wielu,39
pôrã,39
kartuzach,39
terenu,39
chrzescëjaństwò,39
francji,39
ùszcz,39
en,38
słowôrz,38
pôłniowim,38
òbéńdë,38
pòlsczé,38
gbùrzëzna,38
ida,38
czajinô,38
nordowô,38
szwedzkô,38
van,38
new,38
nôdgrodë,38
titel,38
jakùba,38
gôdają,38
worldcat,38
slav,38
outposts,38
wends,38
sorbs,38
academic,38
imprint,38
plc,38
dô,38
gòdnik,38
mógł,38
jednégò,38
lëpińce,38
platë,38
ha,38
nôùczi,38
astrowatëch,38
séwnik,37
labùda,37
stanisłôw,37
lëteraturë,37
czerwińc,37
władisłôw,37
dobrze,37
białczi,37
pierszą,37
zymkù,37
kwiatë,37
zjednónëch,37
chtërni,37
dardżi,37
pismiona,37
nią,37
chùtkò,37
ùczbë,37
kaszëbiznë,37
nôczãscy,37
chòczewò,37
ôrtów,37
dãbnica,37
ok,37
dokôz,37
gniôzda,37
zwëczajnô,37
sikora,37
pòmòrsce,36
repùblice,36
môlu,36
czëc,36
rëbów,36
mariô,36
sztélu,36
biskùp,36
żëc,36
kanada,36
basowô,36
przódë,36
swòjégò,36
html,36
òglowô,36
taczich,36
sëlëczëno,36
somònino,36
praca,36
kùńcu,36
jezorã,36
trepczyk,36
żaba,36
zôczątków,36
pomerania,35
grańce,35
zł,35
vii,35
francësczi,35
ùsôdzca,35
cządze,35
vi,35
teatrownik,35
nalezc,35
nôdgrodã,35
miała,35
tã,35
wiãcy,35
cësk,35
jinszi,35
czôrny,35
literatura,35
robic,35
art,35
dwóch,35
różowatëch,35
kãpice,35
słëchô,34
meczelbòrskô,34
gminą,34
ùtwórca,34
kòżdi,34
całim,34
czyli,34
you,34
robią,34
bëtowsczi,34
polska,34
linux,34
karnów,34
wkół,34
mòwa,34
love,34
bad,34
die,34
kòreja,34
przełożił,34
wòjewódzczi,34
brazylskô,34
dłużawë,34
pierszim,33
òbéńda,33
grif,33
się,33
xiii,33
eùropa,33
trzecy,33
polski,33
pòéta,33
nobla,33
sztudérów,33
słów,33
labùdë,33
mordawski,33
midze,33
wnetka,33
skùńcził,33
céwice,33
tj,33
xvi,33
mòżlëwé,33
nôleżników,33
nôleżi,33
gòłąbk,33
jaczich,33
dzieje,33
zbiorowa,33
with,33
wëstãpùje,33
pt,33
susk,33
bòbòwatëch,33
chtërnô,32
równo,32
wikszi,32
rozwij,32
nowé,32
midzënôrodny,32
mionã,32
łżëkwiat,32
pazdzérznik,32
robert,32
historii,32
italsczi,32
iso,32
tekstów,32
szkólny,32
world,32
ùniwersytetu,32
stefan,32
pomorskiego,32
pòwstôł,32
chëcz,32
gniôzdo,32
jinszëch,32
robòtã,32
kaszubskiej,32
jinszich,32
part,32
wòdny,32
liturgiô,32
rodnô,32
dąb,32
perkùsëjô,32
gimnazjum,32
bibloteka,32
kòlonie,32
ch,32
czasem,32
huta,32
ùdzél,32
ksãga,32
gadzënë,32
rëba,32
wpłiwô,32
drzéwiã,32
var,32
zôpadze,31
pòliticzny,31
stôł,31
języka,31
kartësczi,31
alojzy,31
òstrowë,31
pòwsta,31
drëdżim,31
malôrz,31
anna,31
pierwszi,31
profesor,31
lëteracczi,31
prezydent,31
bòsczi,31
bòrzëszkòwsczi,31
jednak,31
ôrtë,31
ramułt,31
karnã,31
ùniji,31
miészëznë,31
jedno,31
dokôzów,31
stronach,31
rësznota,31
wëdowizna,31
jinaczi,31
wilno,31
młodëch,31
krôju,31
klimat,31
strzédnô,31
spòdlowé,31
kôłczëgłowë,31
mùzyka,31
grë,31
pòczątkù,31
żëcô,31
òjca,31
jaja,31
kam,31
gulgowski,31
juss,31
sę,31
ptôcha,31
wiôldżich,30
też,30
ksążczi,30
nima,30
soft,30
lubi,30
samòstójnotë,30
pòlitikôrz,30
robòta,30
górë,30
wëdôł,30
rozmajité,30
tekstë,30
franciszka,30
jaką,30
czim,30
starszi,30
lëzëno,30
alfabét,30
polsce,30
mm,30
młodi,30
zwiksza,30
długòsc,30
gruńtë,30
ùstôw,30
kòlbùdë,30
it,30
zdroje,30
przëjimnął,30
jégò,30
bourne,30
razë,29
lëdowi,29
kòsôkòwò,29
dôł,29
piwa,29
da,29
krziż,29
barbara,29
dominik,29
wòda,29
archive,29
zbiérk,29
lingwistika,29
mòwë,29
szlachòta,29
dlôte,29
tys,29
stôré,29
mały,29
lëpùsz,29
corôz,29
słowiańsczé,29
ontario,29
żukòwie,29
takô,29
ang,29
chòroscë,29
stôrégò,29
pón,29
ògón,29
czerz,29
jezioro,29
ribes,29
kania,29
òbjimô,28
miemiecczim,28
miasto,28
stôrodôwnotë,28
dolmaczënk,28
system,28
słuńce,28
pol,28
bôłce,28
bóg,28
krzysztof,28
bala,28
dobëła,28
serbsczi,28
tëchómié,28
biôłi,28
pòczuj,28
bënë,28
dokôzë,28
dëńsce,28
ksyżã,28
gdinie,28
mòcno,28
pismienizna,28
stolëcznym,28
sobą,28
lëdzë,28
me,28
jima,28
szpòrt,28
znónô,28
piwò,28
szląsczi,28
ich,28
cało,28
kg,28
ptôchów,28
główny,28
ewanielie,28
kònôrzënë,28
ofm,28
chemiczny,28
zédżerë,28
kroscénkò,28
stądka,27
nôrodnëch,27
nôwëższi,27
miałë,27
dôwny,27
wejherowo,27
wôżné,27
radzëznë,27
józefa,27
wësziwkù,27
rząd,27
czeskô,27
azëjô,27
mikòłôj,27
ur,27
jego,27
lagrze,27
matka,27
mie,27
bãdze,27
gdynia,27
westrzédny,27
stolecznym,27
pôłnim,27
niem,27
krótczi,27
himn,27
spôdkòwiznë,27
czësto,27
wespółrobòce,27
michał,27
nordowim,27
spòdleczny,27
afrika,27
pòłowie,27
wiédzë,27
pòpùlacjô,27
długòscë,27
technika,27
wiarë,27
pùstczi,27
jeséń,27
sztëk,27
kòscersczim,27
zort,27
szkòłów,26
rzéczi,26
proces,26
pòmòcë,26
nowim,26
zemie,26
andrzej,26
miasta,26
muzeum,26
białką,26
david,26
piotra,26
władysław,26
japòńsczi,26
mni,26
droga,26
krakòwie,26
mòrsczi,26
òdżin,26
të,26
chłopa,26
jaczégò,26
wôrt,26
mieszkôł,26
gduńsczégò,26
wòjcech,26
zwëk,26
dzemiónë,26
rôżok,26
institutã,26
polskie,26
wiérztów,26
medalu,26
wiérztë,26
władza,26
amerikańsczim,26
jest,26
pelplinie,26
berlin,26
spòsób,26
zortów,26
katolëcczégò,26
morskie,26
kònkùrsu,26
cos,26
pòstacje,26
jezës,26
program,26
wiater,26
prëczkòwsczi,26
jakbë,26
suska,26
ògródkach,26
pòdstawòwégò,26
wikszé,25
region,25
zaczãła,25
słôwny,25
tadeusz,25
stowôrë,25
ôs,25
jé,25
poz,25
bòżi,25
zacht,25
stronë,25
swòjich,25
ùdbë,25
anielsczim,25
wcyg,25
farwë,25
tégò,25
miészëznów,25
xii,25
trepczika,25
fòrmie,25
brëkùją,25
astronomijô,25
kaszuby,25
piśmiennictwo,25
kultura,25
wszëtkò,25
symbòl,25
fr,25
grëpë,25
powiat,25
stëdzéńce,25
jesc,25
wiédzô,25
encyklopedia,25
pelplin,25
wieskô,25
wstęp,25
sztudérowôł,25
rosaceae,25
zarząd,25
òchrónią,25
wanożny,25
rosc,25
jednorocznô,25
miemiecczégò,24
turistika,24
òsoblëwò,24
miemców,24
pôłnié,24
wiôlgòpòlsczé,24
dzysdniowi,24
grób,24
karol,24
eùgeniusz,24
rock,24
minut,24
dobéł,24
kùńsztu,24
curie,24
mozilla,24
sami,24
nôleżnikã,24
nordë,24
pòrénk,24
wikszoscë,24
òpisënk,24
pòwiescë,24
znaczenié,24
òstrów,24
fizyka,24
rodny,24
dialektów,24
prowadzy,24
drzewa,24
wydaw,24
wojciech,24
jinszima,24
wòjska,24
sprawë,24
pòmòcą,24
biskùpã,24
gruńtów,24
trzebielëno,24
mòżebné,24
dwór,24
nym,24
artiklów,24
karnie,24
grecczi,24
ùżiwô,24
sztôłt,24
rzecz,24
òbrôz,24
mi,24
wieku,24
pwn,24
kwitnie,24
bliza,24
duet,24
bôłtã,23
jedny,23
kòcéwskô,23
szczecënie,23
gduńsku,23
nasz,23
janusz,23
antoni,23
sprawie,23
radio,23
henrik,23
jakùb,23
krësztof,23
brëkòwónô,23
lasu,23
pana,23
rzimie,23
zaczinô,23
długò,23
zymk,23
chléb,23
całé,23
rockòwé,23
czegò,23
dôwnëch,23
dzejô,23
znaczi,23
ce,23
jes,23
jaczis,23
kòd,23
młin,23
szulëst,23
adóm,23
smierc,23
toruń,23
chemijô,23
lasów,23
piãc,23
wôrtoscë,23
des,23
swòjã,23
mómë,23
spòdlowô,23
napisóny,23
przédnikã,23
òdpòwiôdô,23
rodzëzna,23
kònkùrs,23
vicia,23
balë,23
nacel,23
drewna,23
swiãtëch,23
òbleczënk,23
hebrajsczégò,23
wisłë,22
zôpadnô,22
dzeje,22
nôrodów,22
biôtczi,22
ekònomijô,22
plan,22
dôwô,22
ksyżëc,22
deutschland,22
biôłorusczi,22
róża,22
pamiãcë,22
pół,22
swiãtopôłka,22
ùmarła,22
aùtor,22
marta,22
dobri,22
dwùch,22
gwiôzdë,22
placu,22
brëkòwóny,22
fòrmë,22
spiéw,22
all,22
per,22
pòzwie,22
gôdalë,22
bùten,22
wëdóny,22
neureiter,22
oddział,22
môłim,22
ògle,22
kaszëbama,22
św,22
bùdink,22
für,22
gôdelë,22
przechlewò,22
nimò,22
wòdze,22
zmianë,22
kaszubach,22
czasë,22
stoleczny,22
wëprzédniony,22
filmie,22
spiôw,22
òdjimczi,22
federacëjny,22
small,22
stowôra,22
tą,22
zrobiony,22
kòrejańsczi,22
krôjòbraznym,22
oraz,22
dożdôł,22
zédżer,22
wika,22
medal,22
university,22
jedzą,22
mączi,22
młodé,22
lëstów,22
spiéwôczka,22
wersëjô,21
krôjna,21
rana,21
sparłãczony,21
krótczé,21
ani,21
stón,21
słowińcë,21
mùszą,21
znónëch,21
sztatus,21
prof,21
gôdôł,21
stanisława,21
bùdowa,21
tuńca,21
internet,21
san,21
słowackô,21
runitka,21
bòlesłôw,21
numer,21
mòc,21
wôżnô,21
doma,21
rus,21
brus,21
mòrzã,21
dna,21
marka,21
nazôd,21
wòlny,21
wôra,21
zôpôd,21
tëli,21
zemiã,21
familie,21
ksążce,21
zómk,21
ùrodzony,21
pisac,21
żëcym,21
izydor,21
frãcëszka,21
wielëna,21
słowiónie,21
chcôł,21
znaczënk,21
medalã,21
wòdnô,21
architektura,21
sta,21
my,21
kùńszt,21
szląsczé,21
sétmë,21
dzélów,21
pòwstaniô,21
swiãté,21
kòsowò,21
azji,21
sedzba,21
òbjimniãti,21
kòscérznie,21
bògã,21
óws,21
poaceae,21
lëste,21
jestkù,21
môłô,21
maszina,21
panie,21
blachnicczi,21
przezérniczi,20
nôstarszi,20
różnëch,20
òbù,20
sparłãczoné,20
sopòt,20
marión,20
piesni,20
miesąc,20
chòrwacczi,20
zm,20
szwedzczi,20
john,20
paul,20
tadeùsz,20
csb,20
lepi,20
rzimsczi,20
òczë,20
izabella,20
trojanowskô,20
òlëwie,20
amerika,20
mòwie,20
gnu,20
religijô,20
lëtewsczi,20
gryf,20
gr,20
drodżi,20
karczma,20
chònice,20
wòdów,20
majkòwsczégò,20
smãtôrz,20
united,20
remusa,20
czerwińcu,20
biografiô,20
zajimôł,20
laùreacë,20
aùtorã,20
nôwiãkszi,20
głos,20
pòdzélënkù,20
żëwi,20
pisënk,20
is,20
wëchôdô,20
banino,20
tôfle,20
zwãków,20
zur,20
téj,20
młodzëznë,20
jiny,20
kù,20
gra,20
guyŏk,20
krezu,20
polskiej,20
mniészé,20
wiôlgòpòlsczim,20
mieszkelë,20
stołpsczi,20
vulgaris,20
rodzënë,20
lub,20
asteraceae,20
zôrna,20
chòrosc,20
ksąg,20
dostęp,20
cénôwa,20
ruchu,20
kòlonia,20
historëji,19
tekstu,19
internetowé,19
szesc,19
pòwstanié,19
ku,19
lësta,19
twòrzi,19
tusk,19
nowe,19
stalatim,19
néderlandzkô,19
zrzesz,19
zôczątk,19
unesco,19
etnicznëch,19
andrzéj,19
nôleżnicë,19
panu,19
bògù,19
gduńskô,19
spiéwôrka,19
brat,19
wòjna,19
dëńsczi,19
ùsadzył,19
miesądz,19
centrum,19
drëgą,19
dôwni,19
pioter,19
dar,19
michael,19
niech,19
pòst,19
day,19
stôrim,19
rãce,19
gwiôzda,19
pòlach,19
letkò,19
błogòsławiony,19
lëtersczi,19
òglowégò,19
spisënkù,19
ùmarłi,19
pisënkù,19
adj,19
dzysdnia,19
gerard,19
lãbòrsczi,19
spòlëznë,19
wòjną,19
zrobił,19
bùtnowë,19
wnożëna,19
przëpôdków,19
dzysdniowò,19
ód,19
parlament,19
marii,19
gòdów,19
łacyńsczim,19
rumùńsczi,19
célã,19
mùzyczny,19
dłudżé,19
ùsztôłcenié,19
from,19
hardcore,19
american,19
zortë,19
młodzëzna,19
galerëjô,19
egipt,19
greczi,19
òrganë,19
kùlturowi,19
zrobic,19
english,19
kashubian,19
kun,19
slackware,19
azje,19
ein,19
geschichte,19
swiãcenia,19
gniéwino,19
rabùszny,19
zelé,19
życia,19
parafiô,19
bruny,19
mòdlëtwë,19
dzeckò,19
valència,19
blachnickiego,19
pommern,18
jim,18
bòrë,18
miészé,18
prësczi,18
bùdżetowé,18
sopòce,18
friedrich,18
bògùsłôw,18
dokôzu,18
lëpińc,18
danuta,18
tédór,18
pózdni,18
poeta,18
dzejôrka,18
slédny,18
mdze,18
kazimierz,18
sa,18
chłop,18
japòńskô,18
związk,18
ja,18
jidą,18
dzéwczãta,18
wiki,18
gatënków,18
pôłniowò,18
nôrodnym,18
wchôdô,18
kasz,18
pùrtk,18
seminarium,18
szkòłach,18
tego,18
polskiego,18
materiałów,18
séc,18
pisze,18
òsobë,18
teritorium,18
jezór,18
dnie,18
gòspòdarzënk,18
ùczałi,18
prowincëji,18
du,18
martin,18
damroka,18
wësziwk,18
zeloné,18
małopòlsczim,18
małopòlsczé,18
tikô,18
jednostków,18
czëp,18
szacowóné,18
utc,18
cd,18
dvd,18
at,18
prosto,18
stała,18
liceùm,18
metal,18
tour,18
fòlkloru,18
statczi,18
samim,18
dzeli,18
lëczba,18
nowy,18
szląsczim,18
sąd,18
si,18
panna,18
sëna,18
pòezji,18
ernst,18
seminarëji,18
gbùrze,18
jezorach,18
nodżi,18
biwają,18
grzib,18
òwadów,18
nórt,18
przërëchtënk,18
blachnicczégò,18
wikimedia,17
wieś,17
pomorze,17
założony,17
grańców,17
regionu,17
leżą,17
sztërë,17
sztrądã,17
niechtërné,17
meczelbòrzkô,17
kòòrdinatë,17
szérzô,17
jeżlë,17
lech,17
henryk,17
głosë,17
aut,17
eùropejskô,17
pierszich,17
szkólnëch,17
mscëwòj,17
bùdzysz,17
erik,17
francëjô,17
lee,17
michôł,17
zbigniew,17
pòeta,17
bruno,17
stolemny,17
nôrodné,17
wòjskò,17
pop,17
tuńc,17
doktor,17
republika,17
górã,17
sôdzë,17
miast,17
wnet,17
białk,17
sprawów,17
łukasza,17
wikipedia,17
gwës,17
stało,17
dzejaniô,17
ùznôwô,17
całownô,17
stoją,17
pùcka,17
môłégò,17
gdańsku,17
sënã,17
centróm,17
mùszôł,17
pòmòrską,17
strón,17
knédżi,17
ùczëc,17
pòliticzi,17
franciszek,17
zespół,17
doszło,17
kaschubei,17
krokòwa,17
srôkòjce,17
kùlturą,17
pismiono,17
str,17
szlachùje,17
hr,17
bòżé,17
napisóné,17
dzejów,17
tołmôcze,17
grańczi,17
wielënë,17
zôpadnym,17
bòrzëtëchómié,17
gramatika,17
punkòwé,17
albùm,17
music,17
ksążków,17
ùbrzegù,17
kòczała,17
chònicach,17
krézowégò,17
wëzdrzatk,17
żôłté,17
niżi,17
ga,17
trojanowska,17
kòło,17
del,17
distribùcëjô,17
tołmaczënk,17
szkòłã,17
fòrma,17
federal,17
wëjachôł,17
diecezji,17
trojanowsczi,17
dodomù,17
niégò,17
einem,17
unbekannten,17
volke,17
ludzie,17
serca,17
materiały,17
swégò,17
òstatny,17
naukowe,17
ùczbòwnik,17
jedzeniô,17
europie,17
jeléń,17
rãczné,17
apòkrifë,17
rozszerzonégò,17
atomòwô,17
rzeczenica,17
ewanielëji,17
kroków,17
minerałë,17
szl,16
môlach,16
liniô,16
zamëkô,16
drëgô,16
władzë,16
zrzeszë,16
rëbaczenié,16
geògrafné,16
apartné,16
wiéchrzëznã,16
miemieckù,16
łacëznie,16
swiãtopôłk,16
greckô,16
pòlu,16
dłëgszi,16
kaszëba,16
òrganizacëji,16
agùstin,16
mòcë,16
tamara,16
bałtyckiego,16
ksyżëca,16
pan,16
państwowé,16
państwòwi,16
lékôrz,16
beł,16
bòcón,16
pòle,16
psë,16
kanadë,16
pisôrka,16
programów,16
milionów,16
wiadło,16
môle,16
madżarsczi,16
niż,16
hôwindżi,16
dëchów,16
turistno,16
literatury,16
zwóné,16
est,16
europë,16
tëreckô,16
by,16
nigdë,16
dialektë,16
zajimają,16
òglowò,16
pojezierze,16
hilferding,16
bo,16
grëpa,16
łukôsz,16
córka,16
dead,16
zdrzë,16
zelony,16
znónym,16
prowadzył,16
miele,16
jaczima,16
domôcy,16
chłopów,16
dzejôrzã,16
przëszedł,16
wrócył,16
stegna,16
mòja,16
biôłé,16
filmów,16
województwo,16
kòżdim,16
tołmaczoné,16
etniczné,16
niemiecczi,16
czasowô,16
cona,16
sëchi,16
single,16
video,16
be,16
sony,16
mòżno,16
one,16
nama,16
żukòwsczégò,16
zwëczi,16
chojnice,16
kartuz,16
pòlitika,16
go,16
króm,16
chinach,16
wiôlgòscë,16
starszich,16
słowacczi,16
naji,16
lëczbë,16
rëchli,16
zrobioné,16
skłôdają,16
ògnia,16
przigodë,16
zvjercadło,16
kaszubskji,16
kòlãdë,16
seefried,16
beitrag,16
volks,16
landeskunde,16
niemczech,16
naukowa,16
lëni,16
dëchòwny,16
swiãceniów,16
ròkù,16
ksãżëca,16
biwało,16
kaszubskim,16
bibliografia,16
krokòwò,16
pòla,16
podręcznik,16
tësący,16
skrzidłów,16
masa,16
ògardowizna,16
samica,16
drodze,16
testameńt,16
królowie,16
sëłë,16
rãczny,16
ksãdzi,16
zajął,16
szabla,16
starnie,15
center,15
zaczątkù,15
starnë,15
bôłtëcczégò,15
słëchają,15
wic,15
pòdzelenié,15
pòzdze,15
cządu,15
sprôwné,15
prësczégò,15
głosów,15
cobë,15
państwów,15
mòrskô,15
maciej,15
ùrząd,15
jednota,15
klôsztór,15
rëmiô,15
lagrowëch,15
lagru,15
jadwiga,15
królewô,15
rzim,15
czwiôrti,15
krok,15
kònstantin,15
wiôldzi,15
marek,15
premier,15
królã,15
artur,15
kadzmiérz,15
mark,15
daniel,15
pùckù,15
jennifer,15
natalia,15
wòjcecha,15
ny,15
sej,15
równoczasno,15
tłómaczëlë,15
greńczë,15
przédnym,15
terra,15
pòlôchów,15
zôpadu,15
nordową,15
rzeczi,15
krézë,15
jinsze,15
nôtërnym,15
chëczi,15
cządnik,15
próba,15
mòrzé,15
zómkù,15
ùczbą,15
nocë,15
programë,15
karnach,15
kaschubische,15
słowianów,15
próbë,15
wikszim,15
wikszosc,15
rëbôcë,15
papieża,15
kaszëbiznã,15
kùchnia,15
asëżu,15
burnside,15
założoné,15
przëtrôfkù,15
starã,15
jinyma,15
pòchòwóny,15
smãtôrzu,15
naj,15
geògrafiô,15
wëższi,15
czesczégò,15
administracëjnégò,15
ùżiwaniô,15
spòlëzna,15
pruszcz,15
prakticzno,15
cëskã,15
religion,15
sztudijné,15
nordowò,15
york,15
niechtërne,15
wskôzë,15
kòżdégò,15
pòcztowi,15
białków,15
aùstralëjô,15
bùdinkù,15
słowińców,15
òficjalnym,15
regionalny,15
òficjalną,15
taką,15
rézë,15
zwie,15
pisma,15
różné,15
chtërnë,15
gòdzënów,15
grańcą,15
miara,15
lëftu,15
teatrownikã,15
zdrój,15
africzi,15
nôswiãtszi,15
pòwiôstczi,15
nieba,15
dalek,15
nieznanym,15
przyczynek,15
ludoznawstwa,15
krajoznawstwa,15
przekład,15
darska,15
łogin,15
ksãdza,15
żił,15
jem,15
programù,15
pisklãta,15
razem,15
bùlew,15
trzimómë,15
zaczãlë,15
rib,15
łąkach,15
chce,15
długô,15
mill,15
grzëbów,15
dërdestowatëch,15
rôd,15
dzesãc,15
tipù,15
warczi,15
das,15
wybór,15
tatrë,15
stacjô,15
łoczetk,15
wùlkanë,15
mineral,15
słowiańsczi,14
pomorza,14
pòrénkòwą,14
terenie,14
itp,14
strzédnowiekù,14
pòmòrzé,14
samòstójnotã,14
hél,14
òstał,14
pòmòrsczich,14
sopòtu,14
zmiónka,14
charakter,14
bùrméster,14
pismieniznë,14
mszô,14
praga,14
szwajcarskô,14
britanijô,14
strumiannik,14
systema,14
papież,14
jean,14
britaniji,14
matematik,14
léón,14
noblista,14
ksążã,14
balã,14
florian,14
wanda,14
czerwiony,14
zëma,14
lëdzama,14
autor,14
władisława,14
bëtowa,14
fana,14
historie,14
serbiô,14
prôw,14
miłotë,14
lodu,14
trôwë,14
grańcë,14
wszelejaczich,14
jagòda,14
sejm,14
pòzdrzatkù,14
całégò,14
pòmòc,14
best,14
przistãp,14
bùdinków,14
zbiér,14
cenôwë,14
remùsa,14
miejski,14
hôwinga,14
daniél,14
brëkùje,14
chùtczi,14
hewò,14
norda,14
lang,14
òsób,14
mògła,14
edukacji,14
francëszk,14
andrzeja,14
złoti,14
dialekt,14
pamiãc,14
apartny,14
rolã,14
gbùrsczi,14
séwnikù,14
italsce,14
òglowé,14
piesniô,14
wëd,14
filmòwi,14
festiwal,14
mùzyczné,14
szerok,14
òstrowów,14
ùrządzenié,14
plaskati,14
nôniższô,14
miesczé,14
nasza,14
factbook,14
aktórka,14
los,14
jinicjatiwë,14
gray,14
land,14
prawòsławny,14
wiedzec,14
krôjòbrazowégò,14
warner,14
bros,14
zbòża,14
ex,14
leżnoscë,14
zôpadnosłowiańsczé,14
ostrowska,14
bedeker,14
pòz,14
złoty,14
dzejach,14
pùblikacje,14
górze,14
nos,14
wikszô,14
dinastëji,14
hanja,14
pòza,14
zone,14
lëft,14
dąbrowa,14
był,14
spiéwô,14
niedalek,14
serb,14
wëmòwa,14
métrów,14
stąd,14
zwierzãtów,14
binã,14
medicynë,14
stronie,14
dk,14
mòłdawskô,14
literatur,14
òjcã,14
las,14
samégò,14
kaszëbóm,14
bazylika,14
stara,14
liturgiczny,14
zbùdowóny,14
robota,14
mlékò,14
arvensis,14
dłëgòsc,14
głowa,14
wòdã,14
ptaki,14
wôga,14
gatënczi,14
zelerowatëch,14
jastrownikòwatëch,14
rezerwatu,14
głëszkòwatëch,14
majątk,14
môja,14
lese,14
fabaceae,14
mléka,14
klasa,14
òrganach,14
chrzest,14
chłopsczégò,14
porzeczka,14
oznôczac,14
żabòwatëch,14
pòmòrzim,14
tidzénia,14
segment,14
kwiatnik,14
nudle,14
wôżczi,14
monroe,14
ùdba,13
kùrort,13
krôjnë,13
szczecëno,13
pòdle,13
mòckò,13
brzegòwô,13
skùtk,13
rzimsczégò,13
vorpommern,13
pòrt,13
państwowe,13
bùdowóné,13
jastarniô,13
viii,13
pòłowë,13
słëchôł,13
mòwã,13
mieszkeńców,13
wejrowa,13
pałac,13
borzyszkowskiego,13
sedzbã,13
ùst,13
wieską,13
saint,13
państw,13
cyper,13
fińskô,13
norweskô,13
robòtników,13
aktiwny,13
lëstã,13
dosta,13
sécë,13
reżiser,13
chleba,13
dzecóm,13
grzegorz,13
katowicach,13
florión,13
sztefón,13
prezydenta,13
sama,13
méster,13
franklin,13
czesław,13
lew,13
daje,13
fùl,13
dobré,13
metrów,13
grass,13
żëcopis,13
chińsczi,13
francyszk,13
chile,13
lët,13
cziej,13
bôłt,13
grucza,13
katarzënë,13
warszawsczégò,13
america,13
mała,13
pisóné,13
chëczë,13
ùczba,13
ruską,13
ùżiwóné,13
pòrénkòwim,13
herb,13
môlów,13
długòta,13
przëczëną,13
dom,13
duch,13
przigòdë,13
drzéżdżóna,13
zarysu,13
boduszyńska,13
borowikowa,13
wstępem,13
ùkr,13
cassubia,13
òceanu,13
adela,13
mariji,13
anielsczégò,13
mòcny,13
gdański,13
drogach,13
sport,13
parafialny,13
akademii,13
òkòma,13
prosté,13
systemë,13
spisënk,13
dodac,13
szeroczi,13
założëlë,13
pòmòrzô,13
słëcha,13
slënik,13
mòrdawsczégò,13
prosti,13
kùlturã,13
dux,13
związkù,13
zabiti,13
céch,13
atlantic,13
kaszëbizną,13
westrzódczi,13
dzejanim,13
ludowa,13
kasa,13
półòstrowie,13
òcean,13
mùzykã,13
ùrzãdny,13
lądowé,13
rolné,13
religijné,13
mieskô,13
wëkònôwczô,13
kadencjã,13
zemsczi,13
ziemi,13
lublin,13
wszëtcë,13
drknow,13
jenifer,13
nôlepszich,13
bële,13
bay,13
dëtków,13
môłëch,13
cziszewa,13
wësziwanié,13
wërobinë,13
czerënkòwi,13
robieniô,13
nômni,13
jemù,13
wëzdrzi,13
elementë,13
abo,13
parłãczi,13
wa,13
ministra,13
wëstãpiwô,13
lingua,13
òjcze,13
distribùcëje,13
dólnomiem,13
ubuntu,13
kubuntu,13
wëstãpiwają,13
biwôł,13
apòstolsczi,13
lëteraturze,13
banowi,13
nazwy,13
czekawinczi,13
ff,13
jinstrumentu,13
zélnikù,13
derdowsczégò,13
starzënie,13
òbezdrzec,13
wëspë,13
prozë,13
wësziwaniô,13
skansen,13
wnenczas,13
okolicy,13
lëzënie,13
zbiérkù,13
żôłti,13
różowaté,13
czarna,13
ranunculus,13
polégô,13
rozkoscérzanim,13
jinstitucją,13
łączi,13
materiału,13
ùrodzëła,13
rozmieje,13
pólny,13
drzéwkò,13
sowa,13
anglii,13
gatunków,13
granôtkòwatëch,13
dolina,13
jiwer,13
wietewczi,13
ranunculaceae,13
dwalatnô,13
wiodro,13
głowë,13
kòscołach,13
samice,13
pòzwów,13
pióra,13
jej,13
pònarwë,13
kaszëbszczé,13
zdrobnienié,13
piszczówczi,13
zôpadnopòmòrzczim,13
temperatura,13
darga,13
kanón,13
el,13
łowieniô,13
ewanielëjô,13
blizë,13
gbùrzëznie,13
universidade,13
banczi,13
kòmpùtrë,13
krew,13
brómczi,13
krakòwsczi,13
wzór,13
wespółczasnëch,13
wirusa,13
ist,13
anielskô,12
wielka,12
lëchò,12
nôwikszé,12
rédze,12
jezorama,12
półòstrów,12
miemiecczich,12
përznã,12
dëcht,12
młodich,12
industrëjô,12
gardach,12
kôrta,12
sopot,12
naju,12
hieronim,12
jacek,12
ùczi,12
zjôzd,12
wëszëznów,12
pòmòcny,12
elżbiéta,12
ôbram,12
eùropejsczich,12
belgijskô,12
czôrnogóra,12
rumùńskô,12
serbskô,12
ùkrajina,12
krôjów,12
spòlëznowi,12
ludwik,12
kòmpùtra,12
james,12
norwesczi,12
pierre,12
amerikansczi,12
midzënôrodné,12
europejsczi,12
wòjskòwi,12
dzejopisôrz,12
szkólnô,12
kònstitucjô,12
archidiecezji,12
benedikt,12
juliusz,12
biskup,12
teréza,12
wësoczi,12
blues,12
william,12
pomorzu,12
towarzëstwa,12
barry,12
karola,12
pòrtugalsczi,12
skòwrónk,12
rosa,12
thomas,12
slédné,12
miãsa,12
sztefan,12
swiãtim,12
janke,12
sedzy,12
lëdzóm,12
bùlwë,12
nick,12
tësąców,12
zamkłoscë,12
biôłô,12
małô,12
stôłpsczim,12
dzysdniowégò,12
dac,12
mieszkają,12
gór,12
ùkrajińsczi,12
nôleżą,12
bezpiekù,12
administracji,12
roztoczi,12
gminnô,12
berlënie,12
òkòlégò,12
ksyżëce,12
radzëzna,12
górów,12
tima,12
wôrtosc,12
nôtëra,12
wëdóné,12
pòtkac,12
przédny,12
general,12
wersëji,12
plata,12
wdôr,12
kòscérzëna,12
òbrëmienim,12
dzélowò,12
westrzódkù,12
nôwicy,12
niejedné,12
rzéków,12
klasë,12
òrganicznô,12
placach,12
cassubie,12
barnim,12
powszechna,12
swiónowie,12
chtërën,12
cządnika,12
kennedys,12
òstrzódkã,12
aktiwno,12
zemiach,12
òsoblëwi,12
lud,12
artikel,12
kaszëbizna,12
czëlë,12
dodóm,12
zéńdzenié,12
przënôlégô,12
pòmòraniô,12
redaktorã,12
przëpise,12
lëdzczi,12
biologijô,12
filmë,12
morza,12
dł,12
graje,12
państwach,12
mòst,12
ùnie,12
lądu,12
òrnëch,12
ùrbanizacjô,12
ùstawòdôwczô,12
krezã,12
liniewò,12
bëtowie,12
slovio,12
jãzëkama,12
filmù,12
hudson,12
ep,12
mr,12
dąbrówka,12
zelonô,12
strzépcz,12
rãcznô,12
ùzémczi,12
piesnie,12
testamentu,12
adama,12
ceynowa,12
pòmòrzégò,12
sztudérowanié,12
spiéwë,12
muza,12
wiersze,12
miemcach,12
rówiznë,12
mòrzu,12
ruchna,12
lëter,12
znaków,12
amen,12
wëbòrach,12
nordowé,12
wiãkszosc,12
kùlturze,12
krôjòbraznégò,12
joanna,12
słuńcowégò,12
serbie,12
trzecô,12
sztërzech,12
wëstãpùją,12
gromicznikù,12
pòwiesc,12
robiła,12
trafił,12
chòdzył,12
wilnie,12
nowa,12
diôbli,12
walenta,12
bróma,12
klôsztoru,12
terenach,12
biuletin,12
kòmisje,12
wë,12
matkã,12
wrzosowatëch,12
bierze,12
dzélową,12
lëpa,12
dóné,12
jagòdë,12
lesyństwò,12
głowie,12
lamiaceae,12
puckiej,12
gatënk,12
bòdôj,12
nowego,12
zwiérz,12
wëstãpòwanié,12
bellis,12
edytuj,12
klad,12
niã,12
dzecka,12
jablón,12
doprowôdzy,12
skrzidła,12
mòdło,12
statk,12
fenicczi,12
francësczim,12
casta,12
minas,12
gerais,12
edicions,12
syna,12
deklaracja,12
nieśmiertelności,12
ewanielië,12
jistniczi,12
regã,12
lublëno,12
słowôrza,11
przezérnikã,11
anielskù,11
przezérnik,11
òdrë,11
gòspòdarczi,11
bëlno,11
wisła,11
czãsc,11
dzejaniégò,11
tëchòlsczé,11
òchronë,11
òkòlé,11
ramach,11
repùblikã,11
wòlnym,11
dało,11
cãżczi,11
prësach,11
piôsznicë,11
lager,11
turistów,11
wëdôwczi,11
grëcza,11
roman,11
strzédnëch,11
klub,11
trzëch,11
réda,11
żukòwa,11
islandëjô,11
lëtewskô,11
madżarskô,11
watikan,11
wòlnô,11
przédnictwa,11
bãdą,11
kompozitora,11
spiéwôk,11
dawid,11
swiatowô,11
lëterackô,11
kamil,11
helena,11
żëdowsczi,11
trzecégò,11
spiewôrka,11
filozof,11
bernat,11
ana,11
pòwstałë,11
złota,11
biôłorusczégò,11
george,11
lo,11
wilëjô,11
nina,11
nôùkòwi,11
zasadë,11
lesny,11
chòcbë,11
prawo,11
chinë,11
kò,11
nôlepszi,11
całoscë,11
dbë,11
society,11
przy,11
derdowsczi,11
jednotë,11
zacmienié,11
pomorania,11
partã,11
noblësta,11
os,11
szło,11
wse,11
wiara,11
greńcë,11
wãgla,11
puck,11
płënie,11
niejedny,11
bolduan,11
kalinowsczi,11
dariusz,11
òkrãtów,11
pòmòrzanów,11
nôwiksze,11
strumiannikù,11
dôwają,11
final,11
sp,11
volkskunde,11
rómpsczi,11
kriterium,11
swiatową,11
nôwikszą,11
znanczi,11
òbéńdã,11
półòstrowa,11
nôrodnégò,11
zrzeszenia,11
miemiecce,11
nigle,11
òglowi,11
sankt,11
mickiewicz,11
hëce,11
pòjôwiô,11
krajnë,11
dzejôł,11
znanką,11
przeniósł,11
òrganizacji,11
pòzdrzatk,11
pòpùlarnô,11
wëdaniô,11
pieśni,11
dólnoszląsczé,11
ùczałich,11
ëtd,11
zwãkù,11
miesądza,11
jednô,11
zwierzãta,11
òficjalny,11
sztërëlatną,11
rzimskòkatolëcczi,11
parce,11
ùznôł,11
lubelsczim,11
albùmë,11
album,11
people,11
plus,11
jorkù,11
zarô,11
gòdnikù,11
wespół,11
man,11
zestôwczi,11
death,11
metalu,11
life,11
swòjima,11
krziżã,11
pôłniowégò,11
biôłorus,11
parlamentarnô,11
brodnica,11
pomeraniae,11
chëczama,11
wstąpił,11
przëjął,11
recordings,11
south,11
adresa,11
egiptu,11
trzëmac,11
kòrejańsczim,11
niechtërny,11
nôpierwi,11
ôrtã,11
srąb,11
cepła,11
sz,11
robioné,11
szkice,11
rozwój,11
cerkwiô,11
słupsk,11
latny,11
słowo,11
skądka,11
jãzëkòwi,11
kòrejańsczégò,11
zanôlégô,11
wùlkanów,11
jôda,11
zwãczi,11
katédra,11
niemiec,11
prawòsławié,11
nôstarszich,11
linuksa,11
kùlt,11
rusczégò,11
maju,11
mb,11
mu,11
sanktuarium,11
nôwiãcy,11
dostała,11
turistnym,11
dzéjôrz,11
malëna,11
jawi,11
kòscołów,11
przëpôdô,11
masë,11
zdôł,11
dzelą,11
rasë,11
gôdczi,11
cãżkò,11
reż,11
bògati,11
mògłë,11
id,11
tv,11
index,11
kaschubischen,11
bòżégò,11
lëtrów,11
petersburg,11
krakòwa,11
ùdało,11
strzépczu,11
robòtów,11
materiałë,11
mój,11
procem,11
szulist,11
ameryce,11
brzegù,11
jinô,11
chòwë,11
augustowski,11
gtn,11
môrcëna,11
nôùkòwé,11
klubù,11
sam,11
dzień,11
zjôdô,11
szerokòsc,11
wòdą,11
wòlno,11
psalmów,11
może,11
ericaceae,11
złotô,11
bùdowë,11
wprowadzëlë,11
przyroda,11
pojezierzu,11
tobie,11
dzieci,11
produkt,11
susków,11
proliszk,11
knôp,11
chãtno,11
bòcónë,11
slëmiéń,11
arion,11
kùńczi,11
bòrów,11
spikù,11
górach,11
ùkładu,11
pòzwą,11
czersk,11
alias,11
nowégo,11
zrobionô,11
decoupage,11
rujanie,11
bùksczi,11
christus,11
zawiérô,11
akademie,11
rãcznégò,11
chemiô,11
kòmisjô,11
kronum,11
pz,11
award,11
npm,11
nudlów,11
goethe,11
ówsa,11
windows,10
wôżną,10
nierôz,10
łeba,10
łebskò,10
trzema,10
pòdzélënk,10
sprôwnégò,10
greifswald,10
zôpadné,10
zwëkòwò,10
żëdów,10
wòjskòwô,10
òrganizacëjô,10
całô,10
spòsobë,10
solidarnosc,10
pòmòrzczé,10
lubùsczé,10
dôłgòta,10
wzątczi,10
rzekł,10
eugeniusz,10
hermann,10
bolesław,10
nova,10
ùrzãdë,10
ùdbã,10
regionalnëch,10
pòdôwków,10
lëdzczich,10
zôkònu,10
heyke,10
abraham,10
jejich,10
łotewskô,10
hard,10
august,10
wëszła,10
ùstawa,10
charles,10
dolmacz,10
wiktór,10
warszawsczim,10
jones,10
fizyk,10
astronoma,10
spòdlecznô,10
kirstein,10
dëtk,10
serce,10
ògłosył,10
benjamin,10
czedrowsczi,10
starka,10
wolfgang,10
are,10
ps,10
spiewôrz,10
gitarë,10
marija,10
jankòwsczi,10
gãs,10
òwca,10
praw,10
traktat,10
lëchi,10
wacław,10
pôłnia,10
chłopi,10
let,10
tomôsz,10
stolemné,10
póna,10
gùlgòwsczi,10
michała,10
günter,10
żabë,10
słowôrze,10
mòżemë,10
autora,10
mac,10
biała,10
dostało,10
béła,10
òbrządkù,10
pôłniégò,10
pôłnie,10
dzéla,10
public,10
òdpùst,10
buten,10
opatrzył,10
rëbôków,10
gduńszczani,10
pòwstała,10
danzig,10
pòłożony,10
breyne,10
lady,10
tr,10
bernata,10
turystyka,10
armii,10
przódkù,10
môlowô,10
dësza,10
przënômni,10
chònicczi,10
bùdowizna,10
òbéńdach,10
związków,10
lëpińcu,10
ton,10
té,10
òbiektów,10
cziledzesąt,10
wëdôwô,10
òglowim,10
mògło,10
rësznoce,10
tatczëzna,10
ròku,10
königsberg,10
lëteracczégò,10
czasy,10
santiago,10
chrzescëjańsczi,10
britannica,10
zaczãło,10
lange,10
jãzëkòznajôrz,10
kòlãda,10
òficjalno,10
fińsczi,10
miotk,10
ksążka,10
brëkòwóné,10
stalatach,10
lëdowô,10
mòdré,10
gbùrów,10
farwa,10
młodim,10
taczim,10
zadebiutowôł,10
ùrzãdu,10
rzec,10
artisticzny,10
instytutu,10
pòsobicą,10
przóde,10
chemiczné,10
jistnieje,10
mdą,10
béło,10
rządu,10
czesczim,10
lubelsczé,10
dokładno,10
jazz,10
don,10
brains,10
grô,10
against,10
black,10
dc,10
platã,10
swòjegò,10
znowienia,10
karnama,10
gwësny,10
this,10
sygô,10
sejmù,10
kòzë,10
lewino,10
widu,10
wiédzã,10
deje,10
liceum,10
ducatus,10
que,10
tëchòlsczich,10
wczasowima,10
agrokwatérama,10
szkólnym,10
columbia,10
halen,10
nord,10
pòr,10
pòstu,10
nôwikszô,10
wësok,10
wlëga,10
wësoczé,10
chtërnych,10
drzewiany,10
lodofôłtu,10
szari,10
pòznaniu,10
badéra,10
całownégò,10
państwie,10
tradicji,10
regionalnym,10
célu,10
słowiónów,10
wôżnëch,10
wschòdu,10
przédnik,10
patronã,10
pòznań,10
znak,10
katowice,10
romańsczé,10
joseon,10
spółzwãk,10
nostra,10
cepło,10
linuksowé,10
kde,10
bòską,10
głową,10
òsmë,10
drzéwiãta,10
przeniosłé,10
edition,10
wësokô,10
persczi,10
gòdzëna,10
radia,10
biblioteka,10
dagestan,10
serakòjcach,10
kate,10
cél,10
ceplëzna,10
stój,10
czijew,10
nogów,10
chmielnie,10
australia,10
dokazu,10
pióro,10
ad,10
biskùpa,10
ona,10
nasze,10
gwiôzdka,10
pólnica,10
einer,10
mògle,10
studia,10
niemców,10
lewinkò,10
rëna,10
wëbiérk,10
bùdinczi,10
bùdowac,10
bł,10
kaszëbszégò,10
kùch,10
wëdzél,10
wzął,10
célów,10
kòt,10
sztudia,10
kanie,10
òstatné,10
kôzania,10
łacyńsczi,10
królewsczich,10
autorów,10
òrganów,10
diôbeł,10
jezorze,10
dzysdzéń,10
pòjezerzu,10
reduni,10
wëpłiwô,10
ùrzãdową,10
ludowe,10
zelëskò,10
secale,10
rzãdu,10
elektrowniô,10
òwada,10
drobné,10
drewno,10
projektowanego,10
mirachowskiej,10
strugi,10
officinalis,10
ôrte,10
kwitnąc,10
palustris,10
léczné,10
hobelbank,10
heim,10
wësokòscë,10
nadôwô,10
wielki,10
wieżë,10
pies,10
semiona,10
egipce,10
grëzôk,10
słomë,10
mòcné,10
bączk,10
references,10
mitkôcze,10
chterën,10
nëczk,10
jigrë,10
jinstrument,10
chteren,10
pòdstawë,10
miech,10
stół,10
gniew,10
grecczégò,10
chłopsczi,10
pònad,10
kawa,10
trzënórt,10
wãdżel,10
bibliô,10
pòjawił,10
stopnia,10
miónków,10
krąg,10
padalc,10
forsythia,10
òdjimków,10
minysterstwò,10
pòwinna,10
miészëznã,10
signore,10
łoczetka,10
pùńktë,10
zeùsa,10
baczińsczi,10
quilling,10
chòroscą,10
mëgów,10
jury,10
wôżków,10
karata,10
gripë,10
bùrméstera,10
tiraspol,10
pastoralny,10
oaza,10
wikipediji,9
grafik,9
slédnô,9
more,9
miemiecką,9
rozcygô,9
bëlnym,9
grańca,9
czãscë,9
greńcã,9
pôłniową,9
pôłniu,9
jezorów,9
conie,9
sebie,9
pòrénkòwô,9
prësë,9
pòliticzné,9
wiôlgòpòlsczi,9
pòdzeleniégò,9
miemiecczé,9
òbéńdów,9
górny,9
krëjamnô,9
niedzela,9
òpiartô,9
sparłãczenié,9
régã,9
mscëwòja,9
commons,9
państwòwô,9
wejrowsczégò,9
wëzwòlenié,9
kòngres,9
gardné,9
tôblëca,9
krefft,9
miészi,9
zwónk,9
francëskô,9
nôgel,9
chòrwackô,9
malta,9
macedoniô,9
stëcznik,9
môj,9
grzegórz,9
julión,9
cesôrz,9
aùstriô,9
małgòrzata,9
magdaléna,9
féliks,9
ùnii,9
mùżdżówka,9
francëji,9
henrika,9
dënsczi,9
filmu,9
nôleżnik,9
dobiwcë,9
swecie,9
słëga,9
łisk,9
onz,9
jinym,9
auschwitz,9
mozart,9
ùczniów,9
hitler,9
ksążkã,9
armie,9
cecyliô,9
aùtorka,9
biôtka,9
téater,9
kim,9
tërecczi,9
swòj,9
sãdza,9
witosława,9
malownik,9
miãso,9
òlimpijsczich,9
house,9
całą,9
dąbrowsczi,9
domôcégò,9
estoniô,9
ùsôdzcą,9
bëlny,9
nôlepi,9
gbùr,9
tadeùsza,9
górnosorbsczi,9
spòtkac,9
skórë,9
mùżdżówczi,9
white,9
słowiznë,9
phoenix,9
przezérnika,9
programa,9
strumiannika,9
miastka,9
nato,9
mionów,9
żle,9
gòdzënã,9
westrzódk,9
floriana,9
naszim,9
tobą,9
grëdządzu,9
niemiecczégò,9
tatczëznë,9
kaszëbsczëch,9
przełożyła,9
rozporządzenie,9
wëzdrzënë,9
kùik,9
kalinowskô,9
tłómaczenié,9
wëdónym,9
wszelejaczé,9
òstac,9
cziles,9
królewą,9
czôrnégò,9
nordowégò,9
plemiona,9
królewsczi,9
krofeja,9
first,9
table,9
nmp,9
zu,9
gdańska,9
sostrë,9
òstrzódk,9
jinima,9
hell,9
brëkòwac,9
kòmpùtrów,9
ùkôza,9
stolëcã,9
lãbòrga,9
lëpnica,9
kòscérsczi,9
dół,9
wòdach,9
rëmi,9
pòmôgô,9
atlas,9
tomasz,9
nazôt,9
zupa,9
wspòmink,9
panowaniô,9
mickiewicza,9
cëchô,9
mszë,9
pariżu,9
henry,9
łotewsczi,9
pòbłocczi,9
niżle,9
rusce,9
mògł,9
lëteracczé,9
zasłëdżi,9
papiéża,9
ben,9
wëapartnienié,9
wësziwczi,9
wiémë,9
òstatnym,9
miszewie,9
òżenił,9
titlã,9
nalôzł,9
rãczno,9
czerowôł,9
òbrôzë,9
ùkôzôł,9
google,9
regionalné,9
szląska,9
dólnoszląsczim,9
òbrazów,9
słuńcowim,9
rów,9
gazétë,9
kaszëbskòjãzëkòwégò,9
niebie,9
mòglë,9
pôłniowé,9
zortu,9
nordowëch,9
luksembùrg,9
jednojizbòwi,9
gardzkô,9
as,9
place,9
mtv,9
angeles,9
nowò,9
lubòtników,9
back,9
wëdowizne,9
years,9
przedstôwców,9
punka,9
cepłota,9
starô,9
kalisz,9
łajming,9
pòlitologijô,9
pradze,9
turistny,9
registracëjné,9
mississippi,9
wsach,9
brëkòwelë,9
malcu,9
môłich,9
wëszawë,9
zwónô,9
wòdnëch,9
rzeczenié,9
sztôłce,9
kronika,9
systemie,9
òbrazu,9
pòchòdzeniô,9
ùczałëch,9
wierzba,9
zdrëszënë,9
grifa,9
jine,9
itd,9
eric,9
dialektu,9
chtos,9
oi,9
chinama,9
han,9
chińsczich,9
dała,9
barô,9
kòr,9
jamo,9
twòje,9
nóm,9
pòmidzë,9
yŏngan,9
dôwna,9
białkã,9
przëczënë,9
nôwiãkszé,9
grégòr,9
leon,9
strzédno,9
gov,9
rzeka,9
rzeczypospolitej,9
festiwalu,9
programie,9
dzélama,9
dwamòwny,9
snôżé,9
wdzydze,9
krãdżi,9
kamienie,9
języku,9
rum,9
kilométrów,9
am,9
mt,9
zaczãłë,9
kóń,9
wielné,9
włosczi,9
miesąców,9
òstateczno,9
doktór,9
lëteracką,9
niejedne,9
napisa,9
schnitzelbank,9
ksyzëce,9
nicht,9
miecz,9
dokazów,9
stolemnô,9
òrganizacje,9
chterny,9
tłum,9
krajòbrazny,9
argentina,9
profesorã,9
panienczi,9
canada,9
ksãżé,9
kółkò,9
nôdgrodów,9
barbarë,9
aùtorstwa,9
dwùma,9
mpimk,9
plantarum,9
kashub,9
mësz,9
szpańsczim,9
poland,9
leksykon,9
czilenôsce,9
pòchòdzą,9
sto,9
kościerzyna,9
òchroną,9
jaj,9
bekasowatëch,9
bekasowaté,9
strëga,9
biblëji,9
òjców,9
szedł,9
samce,9
zwyczaje,9
etnologiô,9
dobrô,9
służi,9
bòczi,9
nôzwëskò,9
lilkòwatëch,9
solanaceae,9
biologiô,9
oznaczania,9
wiérzchù,9
małe,9
brzózka,9
sok,9
dodôwk,9
florystyczne,9
zachodniego,9
zatoki,9
włosë,9
batsch,9
rumex,9
réga,9
gòdë,9
wieżã,9
deszcz,9
wëpôdô,9
drzéwiãt,9
wieszczórczi,9
charakteristika,9
òchróną,9
głosu,9
wãdzëbôczi,9
tvp,9
kùltu,9
brazylską,9
czaple,9
szwedzce,9
parizu,9
piszczówków,9
kòniowaté,9
mewe,9
kościoła,9
ortelius,9
data,9
ùbòdżich,9
jigra,9
janiół,9
pòtim,9
albò,9
kawë,9
disleksjô,9
apòkalipsa,9
manchester,9
jéże,9
liturgiczné,9
krëpë,9
mãczelnik,9
kromlech,9
prz,9
wierzã,9
biég,9
chòrobë,9
cebie,9
japońska,9
pieczëzna,9
kléd,9
psów,9
cénôwë,9
pòdpisôł,9
łaza,9
telewizjô,9
ksãdzã,9
bahia,9
pierwiôstk,9
nôrzãdzé,9
méble,9
kòlce,9
nôrzãdo,9
nôrzãda,9
miónkôrz,9
zasłudżi,9
liturgii,9
biża,9
artisticznô,9
córkã,9
kariera,9
zeùs,9
jéj,9
takiego,9
pięknego,9
tigris,9
karatów,9
kòrczôk,9
schöne,9
teologii,9
nôblëpszô,9
sting,9
òaza,9
chrzescëjansczi,9
zapisownik,9
ùczãstnika,9
notatnik,9
uczestnika,9
mòżnotã,8
national,8
microsoft,8
windowsa,8
stëcznikù,8
historëcznô,8
pòrénkòwé,8
òbéńdowi,8
grifitów,8
główné,8
gduńsczé,8
bëtowskô,8
krajnô,8
jednostczi,8
prowincëjô,8
wòlnégò,8
mòkwa,8
sparłãczonëch,8
miészëznowëch,8
wiesczi,8
kòscelny,8
pòstawic,8
hercegòwina,8
pòrtugalskô,8
solidarnoscë,8
dniã,8
miészëznach,8
léna,8
edward,8
wojna,8
bòtanik,8
slawista,8
dzen,8
ùroczëzna,8
filip,8
walãti,8
jackson,8
muzyk,8
wartësłôw,8
celestin,8
mariana,8
pòwstôwô,8
ochrony,8
runitkô,8
władzã,8
marie,8
włodzimierz,8
jiną,8
mùzyk,8
łódzczim,8
janina,8
frank,8
żëcu,8
witóld,8
projekt,8
luks,8
wòjnã,8
stronã,8
ùsôdzony,8
generał,8
witold,8
widzy,8
zôpùstë,8
mëdżi,8
chińskô,8
nôtërny,8
wëdzélu,8
łukôsza,8
rose,8
meksyk,8
szlë,8
artista,8
boga,8
otto,8
cëzëch,8
jerzégò,8
jaromira,8
pierwi,8
jack,8
adams,8
zamkłi,8
wëapartnic,8
taczégò,8
specjalné,8
can,8
nëkù,8
mozilli,8
starn,8
sądu,8
legendë,8
aktorka,8
barni,8
trzebiatowsczi,8
stolatô,8
greńce,8
niżawa,8
ùrzãdnym,8
swòjëch,8
license,8
pro,8
czëdes,8
jigrzan,8
stoi,8
ùrodzëł,8
królestwò,8
midzënôrodnô,8
grecczim,8
planetë,8
sztrądze,8
krzëżôcë,8
rozmajitich,8
gedanensis,8
kòscołã,8
archikatédra,8
nadanié,8
anielsczé,8
augustyn,8
królewi,8
bankù,8
free,8
dzysdniowé,8
opera,8
chcą,8
kòntrolą,8
rëbacczi,8
wisłą,8
gniewino,8
sprawa,8
czëstoscë,8
smiercy,8
przeszło,8
turisticzi,8
bôczënk,8
zrzeszony,8
mùzykańt,8
słowów,8
jarosław,8
ùznôwónô,8
stołowi,8
miészô,8
òpisôł,8
mòvé,8
skaszëbił,8
isis,8
irlandiô,8
stolemne,8
francëszka,8
założëł,8
gódnika,8
johann,8
sniég,8
majkòwskô,8
shulist,8
pòliticznym,8
gòspòdarzczim,8
bilot,8
dostac,8
chełmińsczi,8
gôdka,8
gwara,8
szlachtë,8
alfons,8
dlo,8
nakło,8
kònstitucyjną,8
mònarchią,8
nôstarszim,8
ùkłôd,8
pelplińsczi,8
wsowô,8
czerwioné,8
jasné,8
nôwôżniészim,8
kòscérzënie,8
krótczim,8
sostrą,8
rómpsczégò,8
miłota,8
polskich,8
nosy,8
towarzystwo,8
wespółrobił,8
kaszubszczyzny,8
matematika,8
distribùcëji,8
rédżi,8
pkt,8
ùstawie,8
miół,8
przédnëch,8
mùzycznym,8
rocka,8
youtube,8
człowiekã,8
bôjczi,8
państwòwim,8
szląsczégò,8
gardama,8
czechów,8
wikszą,8
założonô,8
złotim,8
nôwôżniészé,8
zéńdzeniów,8
òdprôwiónô,8
es,8
sztëczné,8
filozofijô,8
rozmajice,8
antropòlogijô,8
człowiekù,8
greatest,8
big,8
time,8
miss,8
shepherd,8
cum,8
wëdowiznie,8
ùbrzégù,8
pennywise,8
aùtora,8
dochôdô,8
grac,8
głównëch,8
green,8
last,8
produkcëji,8
biôłim,8
systemã,8
california,8
alternative,8
liniã,8
katolëcë,8
rp,8
bòrowô,8
żarnówc,8
smażëno,8
łebno,8
peter,8
wierzenia,8
nôrzãdza,8
maturã,8
slédnëch,8
dzéwczã,8
dance,8
vol,8
rec,8
kòpru,8
now,8
łódzczé,8
spd,8
delta,8
rãkach,8
jimperium,8
robilë,8
strzédnégò,8
òdbiwô,8
liban,8
môlë,8
gòrë,8
tokio,8
grëbi,8
dż,8
dialektã,8
gwarã,8
strzépcza,8
wcale,8
profesora,8
przes,8
lc,8
przikłôd,8
international,8
wëjimczi,8
ùstôwù,8
pòłabsczi,8
pòchòdzenié,8
badérowania,8
slédnym,8
wanodżi,8
zwëczajno,8
piérszi,8
dëtczi,8
mion,8
młodokaszëbów,8
pełnô,8
pismach,8
rockabilly,8
przëszła,8
zaczątk,8
kòrejanów,8
kòreją,8
dzélach,8
całowny,8
służbë,8
dżinie,8
stónie,8
stôrëch,8
flot,8
nôlepszégò,8
szlachë,8
lëtera,8
abë,8
niemieckô,8
bùłgariô,8
wschòdze,8
priwatné,8
hobby,8
aż,8
stefano,8
jinszą,8
cwiardi,8
zëmą,8
pòdlasczé,8
cerkwi,8
niese,8
ruda,8
według,8
heavy,8
roadrunner,8
zbùdowóné,8
bydgoszcz,8
rola,8
kamiané,8
stycznia,8
wschòdnym,8
môlowëch,8
strzódzemné,8
pp,8
ùżëcô,8
planetą,8
ùstawù,8
ùwôżô,8
òbëwatelsczi,8
stanie,8
pòmeranie,8
bòsnie,8
klimatu,8
lãbòrgù,8
ùżëcym,8
specjalny,8
hamgyŏng,8
mionie,8
kòniów,8
dëch,8
wiela,8
states,8
towarzëstwò,8
sztudérowac,8
skùńczenim,8
òdbéł,8
jinszim,8
żëce,8
łasczi,8
cë,8
tołmaczenié,8
nôdgrodą,8
mk,8
òpùblikòwôł,8
lëterackò,8
versuch,8
zusammenfassenden,8
darstellung,8
sagner,8
münchen,8
doktora,8
kôłp,8
dëchòwnym,8
naléze,8
biogram,8
przypisy,8
roppel,8
resztki,8
słowian,8
południowym,8
wybrzeżu,8
perczyńska,8
miłoszewò,8
dwanôsce,8
brôł,8
minysterstwów,8
rzimù,8
santa,8
jork,8
sédmë,8
pioch,8
òrderu,8
dziejów,8
ziemia,8
pryczkowski,8
kamień,8
hebr,8
partu,8
sëchtë,8
żëwnota,8
species,8
kaczkòwatëch,8
kaczkòwaté,8
skôrb,8
gromada,8
pomeranii,8
tłumaczenie,8
telewizje,8
załóżcą,8
górné,8
teksty,8
winona,8
mùskù,8
zdrowié,8
pucka,8
miestnëch,8
tëdë,8
prës,8
kaszëbsczima,8
doktorã,8
szkòłowi,8
lëteracczim,8
rusczim,8
rosła,8
miastach,8
lëdowëch,8
twòrzą,8
òchrona,8
rzékach,8
malicki,8
karpiowatëch,8
bibliowé,8
ùżiwają,8
dniach,8
wieszczi,8
brzózkòwatëch,8
betulaceae,8
mòrfòlogiô,8
terenë,8
krzów,8
gòdowé,8
niejednëch,8
księga,8
wielelatny,8
swòi,8
pòswiãceniô,8
zelną,8
miesce,8
zbiérają,8
audiowizualna,8
zoologia,8
tłumaczy,8
bresiński,8
kurpisz,8
środowiska,8
kwiat,8
zastosowanié,8
bòrówka,8
alba,8
òska,8
twórczości,8
kùkówka,8
jajów,8
kùkówczi,8
caryophyllaceae,8
prôwdze,8
zróżnicowanie,8
obrzeża,8
patrónã,8
grzëba,8
snôżi,8
lasowô,8
fòlklor,8
stolemi,8
kùrë,8
kret,8
zabawë,8
kòniczëna,8
trifolium,8
krze,8
dzëk,8
pòjôwiają,8
wietewków,8
tip,8
kòtowatëch,8
wszëtczi,8
roscëne,8
pòtrus,8
dzejaniów,8
wieszczórka,8
pszczołë,8
zdrzódła,8
òdmôwiô,8
chòdzy,8
drogã,8
prawòsławnô,8
trzej,8
ùmarłëch,8
grzenk,8
rëbôk,8
tósz,8
jinstrumentë,8
cësnienié,8
left,8
wiatrownicë,8
robieniém,8
jôj,8
janiołë,8
lëdu,8
grze,8
fele,8
niżlë,8
chrzcëcela,8
snôdczi,8
rodzënie,8
brzadu,8
mãczelnica,8
prawòsławnégò,8
swiãtą,8
efezu,8
gòdzënë,8
wendisch,8
night,8
mëma,8
szkòlë,8
ùżëwac,8
pòrtrét,8
pelophylax,8
wësztôłcenié,8
topnieniô,8
szwajcarsce,8
òdrodë,8
pòjedinczi,8
wòjskù,8
stanu,8
sprawama,8
dziesięć,8
chmùrë,8
szp,8
bądzce,8
pòchwôlony,8
laudato,8
pius,8
spòrt,8
dżi,8
patronat,8
kowalski,8
krajowi,8
òtrzimôł,8
akòrdión,8
tłësty,8
etap,8
biżaneczka,8
żelazła,8
mòżlëwi,8
szczawa,8
gòdzynka,8
lëczbie,8
réza,8
przëbòrów,8
anopheles,8
mésterstwa,8
urodziłam,8
rewers,8
sezonie,8
pòstacjô,8
fòrmacjë,8
warijant,8
tantum,8
krucjata,8
zo,8
niematerialny,8
mickewicz,8
kònefka,8
mozarta,8
startu,8
damrockers,8
adamowicza,8
kapłanów,8
òazë,8
wyzwolenia,8
dozdrzeniałoscë,8
dojrzałości,8
chrześcijańskiej,8
formacji,8
sk,7
wielgô,7
przezérników,7
niżawë,7
stają,7
żlë,7
zôpadną,7
parczi,7
zachodnie,7
nazéwô,7
etnograficzné,7
krezë,7
rügen,7
swiecé,7
krezów,7
prowincëjów,7
dalszé,7
wice,7
pòlsczima,7
bëdgòszczë,7
słëchac,7
westrzédni,7
miemcama,7
sztetënie,7
was,7
donald,7
wieków,7
pomorskiej,7
pòlskòjãzëkòwi,7
rumia,7
reda,7
magnificat,7
pòmòrzczi,7
sostrów,7
dólnô,7
bazunë,7
jinszô,7
wëdowiédzô,7
berlëno,7
amsterdam,7
bùlgarskô,7
marino,7
sloweńskô,7
historëcznëch,7
òkrãtowni,7
lenina,7
krziże,7
ipn,7
rujan,7
pòdobny,7
bp,7
szlachu,7
marië,7
irlandzczi,7
anastazy,7
linneùsz,7
politikôrz,7
zygmunt,7
gabriel,7
polskô,7
mariusz,7
pòwstania,7
historik,7
roger,7
dominika,7
nôrodni,7
julian,7
sztelu,7
wietnam,7
prus,7
wawrzińc,7
mróngòwiusz,7
premiera,7
marco,7
kòmpòzytora,7
gazétnik,7
toronto,7
mary,7
haruki,7
turistice,7
country,7
wszãdze,7
frańcësczi,7
szkòcczi,7
bądkòwsczi,7
amerykańsczi,7
aùstralëji,7
chtërnã,7
teatr,7
les,7
kùpc,7
filipinë,7
sostra,7
little,7
jacques,7
przińdze,7
gromiczną,7
belgijsczi,7
sambór,7
soul,7
lëtewsczégò,7
niebò,7
sétme,7
dél,7
um,7
chicago,7
miéwô,7
kristina,7
bògùsława,7
hanna,7
dają,7
ùmiérô,7
watikanie,7
szczescé,7
labudda,7
chùtczim,7
artikle,7
pòétka,7
noblëstka,7
òceanã,7
prowadnik,7
chemii,7
wörterbuch,7
war,7
gpl,7
groß,7
słowiańsczim,7
wòjnowi,7
historiczné,7
państwama,7
czeską,7
słowacką,7
nordowo,7
òpiarté,7
epiphany,7
meleon,7
bôłtem,7
sztokù,7
dokazë,7
dolmaczoné,7
łot,7
głãbòkòsc,7
spòdlém,7
elementów,7
chtërnej,7
córką,7
przédnictwò,7
eùropejsczégò,7
gradów,7
sztaturë,7
krôjã,7
wiek,7
sztrąd,7
gardowé,7
trójcë,7
gdingen,7
zëmë,7
kack,7
ną,7
czëtaniégò,7
mòżnota,7
tekstã,7
infòrmatika,7
techniczi,7
kòmpùter,7
òperacjowi,7
jastarni,7
hôwindze,7
kartuzy,7
trédra,7
pòmòrzu,7
móże,7
terenów,7
historicznô,7
òlëwsczi,7
głãbòczi,7
mòrzczich,7
żëwią,7
zwiérzãta,7
sztãdze,7
wielny,7
partë,7
smieców,7
założenié,7
bliskò,7
pomorski,7
świata,7
kaschuben,7
brazylëji,7
gwësnym,7
nôrodu,7
nôrodnô,7
prl,7
òdroda,7
zôpadno,7
òstrowie,7
dalszi,7
lëteraturã,7
dziejach,7
średniowieczne,7
obracht,7
institut,7
sztuka,7
szpańsce,7
federacëji,7
zabitëch,7
pòlitik,7
wóz,7
darënczi,7
encyklopedijô,7
armenijô,7
stojenié,7
stwòrził,7
gerald,7
piôsznica,7
hébel,7
ùczebnym,7
mazowiecczé,7
wacłôw,7
kaszebov,7
wojkasena,7
dôwnô,7
brdë,7
wëbùdowóny,7
dzélëk,7
ùtwórców,7
chcelë,7
moja,7
dzôtk,7
wiérzta,7
fischer,7
skł,7
gł,7
mianowskiego,7
popierania,7
szkólni,7
mack,7
dëchë,7
pomorska,7
testament,7
rozmienim,7
òkrãżô,7
zato,7
związczi,7
òficjalnëch,7
nordã,7
rozmiec,7
pismie,7
dólny,7
religijnëch,7
rzeszë,7
jizba,7
przédnika,7
kraj,7
okres,7
czes,7
zôpadnëch,7
mùzułmanie,7
kartuski,7
stargard,7
liturgią,7
môla,7
westrzédnym,7
esperanto,7
kùlturów,7
wszëtczima,7
hits,7
minor,7
god,7
than,7
fiction,7
sparłączoné,7
robòtą,7
offspring,7
krziża,7
suicidal,7
ùsôdztwie,7
hot,7
skate,7
home,7
założił,7
fat,7
pòpùlarnotã,7
wëdôle,7
taczima,7
lake,7
lp,7
dolarów,7
starnach,7
brzegòwą,7
łotwa,7
zôpadni,7
tooth,7
nail,7
show,7
mca,7
dërszewsczi,7
górnô,7
królewskô,7
szlacheckô,7
sub,7
dgc,7
sztabilnëch,7
òbrazë,7
tenys,7
dobra,7
tabula,7
òpòwiôdania,7
aktiwnosc,7
iron,7
maiden,7
php,7
gitarze,7
zamieszkôł,7
pòznôł,7
nagrania,7
òsoblëwié,7
junior,7
lëfce,7
szëkù,7
ùstawë,7
wino,7
cëkru,7
izrael,7
arabsczi,7
japòńsczich,7
wëszawa,7
pôłniowëch,7
rësznotã,7
wczasni,7
lãbòrzkò,7
słëchałë,7
zjinaka,7
lądowi,7
dzélem,7
wándalski,7
rz,7
edukacjô,7
młodégò,7
pòkòleniô,7
òtemkłëch,7
gminów,7
jo,7
oficyna,7
czec,7
ośrodek,7
stolp,7
castro,7
tôfla,7
pòùczënë,7
prowadzenié,7
zgódno,7
nã,7
górnym,7
jindoeùropejsczé,7
drëdżé,7
chin,7
wprowadzenié,7
swiãcy,7
nôlepszim,7
zadanim,7
ùróbk,7
hercegòwinë,7
jaknò,7
ludwika,7
duce,7
bùtnowi,7
sharp,7
sin,7
br,7
same,7
chińsczé,7
kòrejańskô,7
apartnëch,7
goguryeo,7
silla,7
jinë,7
wòjny,7
òba,7
zdłużą,7
zelonégò,7
rost,7
kimchi,7
latina,7
przëstãp,7
pezydent,7
rusczé,7
dzewiãc,7
bonsignori,7
ltd,7
ùczałim,7
min,7
specjalnëch,7
historicznëch,7
fòrmalno,7
lëczbã,7
zemią,7
zenwalk,7
mazowiecczim,7
rokã,7
re,7
julia,7
teatrownikem,7
zdobëł,7
kolumbiô,7
bòże,7
pòstãpné,7
ka,7
dominiak,7
biografia,7
british,7
łebą,7
prësczich,7
kòloniô,7
gmin,7
lãbórg,7
przełómanim,7
czerwiono,7
biôłorusë,7
ùkrajinie,7
mòrsczé,7
aùstrie,7
budyšin,7
słowińsczim,7
pùcczégò,7
sygają,7
italską,7
òsóbnëch,7
sprawiedlëwòtë,7
dostôwô,7
czwiôrtô,7
partie,7
ùrzãdowim,7
jinternetowô,7
direktno,7
chagang,7
sŏnbong,7
czãscy,7
cechë,7
biôłą,7
dobrą,7
flora,7
ruch,7
warkù,7
òdznaczony,7
òczka,7
szlachecczi,7
lëpë,7
mòje,7
pôlce,7
zwëków,7
wróblewsczégò,7
pedagògiczny,7
kòscołë,7
faso,7
gw,7
libiô,7
fm,7
mn,7
òstawił,7
négò,7
ksyżëców,7
papiéże,7
verb,7
erw,7
auflage,7
haftu,7
szkoła,7
ùchòwôł,7
heritage,7
tùwò,7
ksãżëch,7
sufraganã,7
żeniałi,7
ùczoné,7
mieszkalë,7
trzimaniô,7
błota,7
trulôcze,7
spòtikô,7
òjcem,7
wëswiãcony,7
przëjachôł,7
strzódzemnégò,7
wiôlgòsc,7
starostwa,7
swiecie,7
świecie,7
uniwersytetu,7
antologia,7
redakcją,7
wraz,7
zôkón,7
biblëjô,7
biblii,7
lëpùsza,7
mieszka,7
twórca,7
miészańc,7
ùznôwóny,7
głowã,7
grańcach,7
szkólną,7
rektora,7
historiczny,7
zbiérôł,7
badaniów,7
wikari,7
służił,7
grobë,7
cassubica,7
realizacji,7
rekowski,7
łebë,7
wiedza,7
zasłużony,7
hieronima,7
cządnikù,7
spraw,7
autorã,7
basowi,7
wybrane,7
wydanie,7
stettin,7
miejsce,7
wielkie,7
pòstãpnëch,7
rezerwace,7
chójczi,7
lidżi,7
przëszlë,7
żëjë,7
chòszczka,7
equisetum,7
gołąbk,7
przëjimô,7
element,7
grus,7
òk,7
òbôczëc,7
czëdë,7
leśne,7
wôrtny,7
òkres,7
list,7
charzëkòwsczi,7
probòszczã,7
miónczi,7
oder,7
chłopsczé,7
kwiatów,7
òdmiana,7
przemiarze,7
gdzie,7
kòrzenie,7
kôże,7
niosą,7
cesarza,7
północna,7
rubus,7
knąpczi,7
francje,7
len,7
pòł,7
miedwiédz,7
cëż,7
wòdrôkòwatëch,7
parafijô,7
kuangsi,7
chëczach,7
rodżi,7
krëczk,7
òrzechë,7
jedzeniégò,7
strona,7
poezja,7
robiony,7
kùrowatëch,7
grëbô,7
strzébrzny,7
lës,7
wilczô,7
gatunek,7
pòdczas,7
ùczbã,7
pëszny,7
lasowëch,7
sykórka,7
nômłodszi,7
klubie,7
òbchòdów,7
pańsczégò,7
słowión,7
majątkù,7
wëkrëkùs,7
szëmich,7
lëdzach,7
zôbôwczi,7
fanabùrméster,7
môlnik,7
wspòminô,7
kòżdô,7
mechaniczny,7
òkreslenié,7
kamińsczi,7
zdrzódłã,7
mewa,7
nove,7
wiãkszi,7
tëłu,7
treptow,7
ùrodzeniô,7
bali,7
balą,7
janiołów,7
gwiôzdór,7
dzurë,7
krone,7
gniôzdze,7
psa,7
kl,7
wëdôwizna,7
pòdzelëc,7
gazów,7
kdw,7
mecz,7
czielich,7
biôło,7
dzectwa,7
żëwòt,7
schuman,7
rozpòczął,7
drzewò,7
gimnastika,7
jistnik,7
jasny,7
jôdny,7
wiérzchny,7
twój,7
sarka,7
stopë,7
czôrnogórë,7
gbùrzeniô,7
czy,7
pòstãpnym,7
przëpôdkù,7
godowé,7
pòrtugalsczim,7
jinégò,7
procesu,7
smiercą,7
pòdobno,7
ksãżich,7
łazë,7
taylor,7
zbrzëcë,7
kilometrów,7
kościół,7
dekalog,7
grudziądz,7
bratã,7
cëzożiwca,7
ministerstwo,7
sejmòwëch,7
kòmisjów,7
pòsélce,7
sejmòwé,7
édmùnd,7
słowacczim,7
francëje,7
kùjawë,7
parafii,7
kaszëbsczié,7
jesén,7
miónkach,7
mòdele,7
prius,7
spicach,7
europy,7
glandirana,7
przedstôwca,7
strëmiannikù,7
fazów,7
francusczi,7
pierwiôstczi,7
tischner,7
lékarzenié,7
mésterstwów,7
òbrządk,7
widzã,7
szaweł,7
ùłożënk,7
ùłożënkù,7
dzejania,7
neùtronowi,7
katarina,7
reprezentacji,7
lënii,7
dokùmentalnëch,7
kategòrii,7
thylacine,7
stonka,7
bùlewnô,7
prësowie,7
jistników,7
zarządu,7
lustbader,7
chmùra,7
mésterstwach,7
mésterstwò,7
piłkôrz,7
roslëna,7
marilyn,7
lądowanié,7
pòdniéstrza,7
niekalóny,7
katòwicach,7
klu,7
teòlodżëjë,7
deùterokatechùmenalny,7
deuterokatechumenalnej,7
blachnicki,7
mosaic,6
ùsadzony,6
internetowô,6
zwią,6
ùscégò,6
nôwikszima,6
charakterizëje,6
bëdła,6
zbòżégò,6
rozwijô,6
pòmòrskã,6
pas,6
plónu,6
bezpòstrzédno,6
mòżnô,6
òbaczëc,6
wikszich,6
parków,6
historëczné,6
gdańskie,6
nôprzódka,6
cãżkô,6
pòmrów,6
pòdzelonô,6
pòstãpny,6
bëtowsczégò,6
szląsk,6
status,6
pòspół,6
apartną,6
swòjiznë,6
nisczi,6
gòspòdarzënkù,6
nôwikszëch,6
òkrãtë,6
mazursczé,6
pòrenkòwi,6
gôrcz,6
chcemë,6
klaus,6
baron,6
max,6
festival,6
civitas,6
dorota,6
muzyki,6
open,6
gôdac,6
żukowo,6
zéńdzenia,6
klôsztorze,6
norberta,6
léòn,6
pasowné,6
mòskwa,6
belgard,6
mnichòwò,6
riga,6
kiszëniów,6
albańskô,6
estóńskô,6
mònakò,6
mòrawskô,6
òperacjowô,6
bana,6
richard,6
początk,6
szwédzczi,6
pianista,6
gestapo,6
pòmòrdowalë,6
uniwersytet,6
wiktoria,6
minister,6
cechownik,6
igor,6
mieszkò,6
diplomata,6
jignacy,6
nôleżnikama,6
emily,6
dobëcé,6
śląskie,6
dëchòwi,6
albert,6
macéj,6
garde,6
wënalôzca,6
sasha,6
walter,6
architekt,6
egipsczi,6
pòwstaniégò,6
justin,6
paùla,6
polo,6
karel,6
pakistan,6
chemik,6
murakami,6
prôwdzëwô,6
adamòwicz,6
anne,6
badérka,6
édwôrd,6
rezerwatów,6
hill,6
spiéwôrz,6
słuńcu,6
wnetk,6
noemi,6
òbie,6
louis,6
òlga,6
poetka,6
marszu,6
elektriczny,6
czezer,6
laura,6
herman,6
wenus,6
juliana,6
rudolfa,6
słoweniô,6
katalońsczi,6
przësłowia,6
amerikańsczich,6
gromicznik,6
cepłi,6
bògdana,6
direktor,6
xxiii,6
fikùs,6
walk,6
kładze,6
òstôwô,6
pôli,6
lék,6
feliksa,6
hans,6
ak,6
rómana,6
olga,6
łacëznë,6
bòsniô,6
baby,6
stremiannika,6
wiérzch,6
jarosz,6
grzegòrza,6
czëje,6
dobrégò,6
józwa,6
bòcóna,6
royal,6
przedolmacził,6
nôùka,6
spac,6
pszczoła,6
sztefana,6
pestka,6
nirvana,6
bòrk,6
dëszë,6
prôwda,6
peplińsczi,6
lepszi,6
links,6
òbrôzczi,6
zgrôwã,6
internetowi,6
sprawach,6
klôsztor,6
andricki,6
rôtësz,6
zofiô,6
jistnieją,6
wariantë,6
lorentza,6
słowniczek,6
słowôrzk,6
scalił,6
znormalizował,6
that,6
how,6
songs,6
firefox,6
licencëji,6
wersëje,6
amaya,6
odp,6
zamkłô,6
rummelsburg,6
wieczór,6
dóny,6
zk,6
rodné,6
ùkrajiną,6
lëtewską,6
wiôlgòpòlsce,6
rolë,6
rzimskòkatolëcczégò,6
òstałe,6
przërównanim,6
długòtë,6
słuńcowi,6
retk,6
greńca,6
gminach,6
stanowią,6
camino,6
galeon,6
europe,6
nijak,6
wierzeniach,6
zebrôł,6
bytów,6
rafał,6
ministrów,6
roztoka,6
brëkòwników,6
wspólnota,6
prawną,6
zôpôdze,6
strzédna,6
òbôcze,6
wësoką,6
frajbitrów,6
mòrsczim,6
sambòr,6
razu,6
krzyżanowski,6
katalogù,6
grecczich,6
nôtërné,6
tikającëch,6
pùckô,6
lëdoznawczé,6
verein,6
słowianie,6
òdrą,6
regionów,6
lãbòrg,6
etniczną,6
jãzëkòwò,6
wanożników,6
plińce,6
òkrãżégò,6
niebezpiekù,6
czerënkù,6
temperaturë,6
òrganizmów,6
òléju,6
òdpôdczi,6
pòstãpno,6
wiodra,6
zbiérô,6
òchrónë,6
przërodë,6
aktór,6
nôùków,6
edmund,6
termin,6
dërszewò,6
ciechowski,6
żëł,6
sztatur,6
ùznac,6
pòchòdzënkù,6
samą,6
dokùmeńce,6
czileset,6
stefana,6
prondzyński,6
tożsamość,6
senatu,6
mikòłôja,6
żeńbë,6
londinie,6
lëtwa,6
brahe,6
kòrónowôny,6
annie,6
państwo,6
jindijsczi,6
perkowski,6
skùńczëła,6
bluesowi,6
żmùda,6
msze,6
klémãs,6
bronisłôw,6
złotégò,6
nalezlë,6
madonna,6
przeł,6
jablonsczi,6
kwidzyńskô,6
augùstin,6
nibë,6
jażdżewsczi,6
telefón,6
òznôczało,6
ùpôdkù,6
stolemną,6
kamiéń,6
jéż,6
òbczôs,6
spòsobã,6
domù,6
szlachta,6
familii,6
zrzeszińców,6
bëtnoscë,6
pòkôzôł,6
wëbùchù,6
pùblicznégò,6
dłudżich,6
kaszëbisce,6
jesmë,6
òznôczac,6
czôrno,6
znają,6
òznaczô,6
ùsôdzoné,6
starnã,6
media,6
protocol,6
mierzeniô,6
jn,6
prowadzoné,6
òficjalné,6
basków,6
regionach,6
jezor,6
kòła,6
nô,6
mëslë,6
wchôdają,6
królów,6
panowanié,6
drëdzi,6
ùbrzég,6
madżarską,6
zniszczoné,6
wpłiwã,6
chłodno,6
dokùmeńt,6
sztëcznym,6
midzësłowiańsczi,6
leżącô,6
satirik,6
lëdzczé,6
rozwijã,6
òbjimają,6
who,6
oh,6
call,6
vhs,6
francisco,6
wëdało,6
albùmów,6
stranger,6
grôł,6
tendencies,6
north,6
jello,6
biafra,6
minus,6
club,6
down,6
zakôz,6
ansel,6
tentacles,6
kill,6
dôwnégò,6
związkòwim,6
kòłczëgłowë,6
bòrowi,6
czëstô,6
mòstë,6
òsek,6
stôłpsczi,6
głodnica,6
niepòczołejce,6
szemôłd,6
ùczbów,6
òpisëje,6
artisticzné,6
fòrmama,6
brusach,6
pars,6
bòrach,6
lagrowi,6
tądkã,6
charakterze,6
wright,6
chtërnegò,6
nôzwëska,6
lubin,6
piérwi,6
deji,6
sztél,6
napitk,6
mòcą,6
rzimsczim,6
dodôwkã,6
ful,6
witaminë,6
młodze,6
szmaka,6
przëkłôd,6
jindonezjô,6
syrëjô,6
òstrowach,6
wiksza,6
seul,6
òs,6
równi,6
tôrcz,6
skłôdze,6
westpreußen,6
greńcą,6
krôjach,6
wiżë,6
zôpôdnosłowiańsczégò,6
luthera,6
catechism,6
niemiecko,6
resztë,6
pòznaniô,6
chełmno,6
rodã,6
niemieckiego,6
słowięski,6
hinze,6
languages,6
témã,6
misjónôrz,6
rozkòscérzaniô,6
priwatny,6
przënôléżny,6
gwësnégò,6
łemków,6
pòczątczi,6
krótko,6
dobëlë,6
tekstach,6
kòrzéń,6
zwóne,6
japòńsczim,6
òrganã,6
jinszégò,6
grecji,6
ùdbie,6
jastrë,6
palmòwô,6
palmë,6
stronama,6
knôpi,6
nowich,6
wespółczasno,6
pòdrodzëzna,6
słowińsczi,6
pòmòcnym,6
un,6
lubùsczim,6
boys,6
tëż,6
dion,6
sick,6
apartne,6
chinów,6
wëstrzód,6
kòntinentalny,6
hangeul,6
brëkòwóne,6
katalońskô,6
najégò,6
xążeczka,6
sprôwiô,6
il,6
kòrejanë,6
pòdzélk,6
warminskô,6
ùżëcé,6
wierzeniów,6
służbie,6
roli,6
gun,6
pisaniô,6
vector,6
linuksowô,6
znóne,6
ms,6
just,6
girl,6
made,6
mòra,6
garda,6
muzea,6
story,6
wet,6
az,6
bùksë,6
mùzycznëch,6
swiónowò,6
religie,6
niemieckù,6
mniészô,6
lista,6
gromadë,6
kartësczégò,6
rita,6
catherine,6
nisczé,6
kùlturowô,6
courtney,6
pòłowa,6
òstrowù,6
wëższô,6
òdbëłë,6
jãzëkiem,6
nam,6
domowina,6
tczë,6
dolëznë,6
wespółrobi,6
strzédnicë,6
williama,6
historiã,6
islam,6
gardù,6
rówiznie,6
służba,6
òrganizowóné,6
rasŏn,6
albo,6
céchë,6
pòdzél,6
nd,6
gòspòdarstwa,6
kol,6
włącził,6
asystent,6
pannë,6
zwôł,6
pismionów,6
przińdny,6
zachë,6
dzejało,6
artistów,6
dzecama,6
pisôrza,6
bernardinum,6
swiãtëchnô,6
tatk,6
jezus,6
filologiã,6
bòlesława,6
remùs,6
fif,6
klëka,6
nótë,6
sierakowice,6
turisticzny,6
cl,6
ki,6
books,6
dei,6
doktorat,6
wieskò,6
zëchtë,6
òskara,6
kòlberga,6
domôtowie,6
przełożënk,6
niezabôtczi,6
katalog,6
wojewódzki,6
wzory,6
òbrëmiô,6
piôsk,6
sowë,6
słëdżi,6
dostãp,6
wsi,6
trulôczowé,6
gaz,6
pielgrzimczi,6
pòlé,6
pierwòszno,6
czôrlińsczim,6
jachôł,6
znajôrz,6
fragment,6
chicagò,6
pòrtretë,6
twórczość,6
patrón,6
strzédną,6
wiérzt,6
zmarł,6
lësce,6
nôbòżéństwa,6
wzãlë,6
przëchôdô,6
òkrãgłi,6
kpz,6
dzecné,6
slawisticzi,6
mrągòwiusza,6
wietew,6
pick,6
polish,6
tësące,6
głodu,6
cassubicus,6
bieszk,6
charland,6
sztatutowëch,6
mëmczi,6
gwôsny,6
austrii,6
zdrowas,6
klãkł,6
swoje,6
dôwné,6
jadą,6
kashubia,6
wdzydzach,6
òbzerac,6
gazu,6
teren,6
szarô,6
mechë,6
warô,6
mòłdawsczi,6
gloria,6
jic,6
smùtana,6
sece,6
jachoł,6
kaszuba,6
pomorskim,6
spiéwôrzã,6
włodarze,6
wersje,6
wespółautorã,6
jóna,6
jinstrumentach,6
jinfòrmacje,6
zarys,6
pùblikacjów,6
katolickiego,6
stachùrsczi,6
artisticzną,6
troje,6
naùczanié,6
parafiach,6
doróbkù,6
gesellschaft,6
tł,6
zrzeszenim,6
iure,6
błotny,6
łowic,6
żëło,6
léczeniô,6
tikają,6
òstropùs,6
trulôcz,6
zëmie,6
òbszarze,6
nôwiãkszich,6
skrzidłama,6
dzób,6
nogã,6
dzëdzón,6
systematika,6
dana,6
iucn,6
ògródkù,6
czierz,6
bôrwik,6
przeszła,6
gatunkowej,6
trëjący,6
klucze,6
bądź,6
stôwô,6
gdy,6
klón,6
vaccinium,6
czôrnëch,6
salix,6
wierzbòwatëch,6
kwas,6
brzózczi,6
bierzą,6
brzózkòwaté,6
błotach,6
zwëkù,6
bùdëje,6
samëch,6
pank,6
môju,6
gdzë,6
lékarsczi,6
słuńcownik,6
matką,6
palustre,6
viola,6
proliszkòwatëch,6
violaceae,6
bòrzónowatëch,6
nalézc,6
subsp,6
spòdkù,6
rzôdkò,6
ekòlogiô,6
ùprawa,6
leczniczô,6
juncus,6
sycënowatëch,6
tobakã,6
wzyc,6
tobaczi,6
order,6
szterë,6
kamieniama,6
czarownice,6
kògòs,6
deszczu,6
małi,6
bótë,6
chtërnyma,6
księgarnia,6
scanie,6
zasadów,6
rozrôdzanié,6
krëczczi,6
familiô,6
trus,6
kùrów,6
sylvestris,6
apiaceae,6
prunus,6
żnija,6
psowatëch,6
jistno,6
wieszczórków,6
mierzi,6
drzewów,6
smôrzcz,6
jiglënowé,6
radiowé,6
rodzëznów,6
snôżô,6
rozpòczinô,6
zamkniãcé,6
dniu,6
república,6
wôżne,6
chrzescëjónie,6
òbiektë,6
môlowi,6
tłuczewie,6
lubiczk,6
rétnik,6
damk,6
cotka,6
grzenia,6
sprôwca,6
randżi,6
pësznô,6
mitologiô,6
zwierzów,6
lëzyńsczi,6
lasny,6
breza,6
nazéwôcz,6
rodzôcz,6
covenant,6
rzemiãsnik,6
niemiecczim,6
nëkô,6
òrganowi,6
szafë,6
trakturze,6
głównô,6
szafa,6
trakturë,6
cësnienim,6
kanał,6
akcji,6
kònia,6
mëszë,6
polnisch,6
friedland,6
descriptio,6
planetów,6
nôlepszé,6
police,6
pnia,6
wieje,6
zwierza,6
kôzôł,6
krzyż,6
tipòwé,6
rzeczë,6
son,6
miónkôrze,6
pasë,6
jôdã,6
kamów,6
zdrzódło,6
kùchni,6
stosowónô,6
zbiéraniô,6
dzura,6
gãbie,6
jakuba,6
pòjawiła,6
czëtanié,6
czëtaniô,6
grôbk,6
dobòrowaniô,6
kãpë,6
frederick,6
pielsczim,6
piła,6
kanonu,6
wińdzeniô,6
znòny,6
pism,6
polpelin,6
lubią,6
museum,6
wszystko,6
ikònografiô,6
ikònografii,6
òchrónie,6
letkô,6
gitarów,6
wersji,6
ko,6
sztôłtu,6
dôlëbóg,6
wzdłuż,6
krãgów,6
zele,6
bògatim,6
panowaniégò,6
córczi,6
wilk,6
book,6
fòrsycëjô,6
ogólna,6
ògardowi,6
pòtrafi,6
ave,6
musu,6
joł,6
produkcja,6
wersja,6
przesëniãcégò,6
przëpôdczi,6
malowôł,6
hańdel,6
kòngresu,6
wietnamsczim,6
queen,6
etc,6
òbùca,6
przegląd,6
łacëzna,6
władze,6
germanizacëjô,6
żabòwaté,6
dokùmentalny,6
miłość,6
wprowadzył,6
pòmôgôł,6
prowadnikã,6
tecnológica,6
tours,6
miescy,6
wënikù,6
cyrilicë,6
wôżëc,6
prix,6
marjorie,6
òpi,6
pòdrodzëznë,6
drzew,6
skweres,6
kòłach,6
jordan,6
jizrael,6
pòdôrt,6
país,6
obres,6
completes,6
tres,6
quatre,6
jednostką,6
dokładny,6
pùńktów,6
broni,6
berg,6
dzurów,6
gnôt,6
czërzepù,6
auris,6
hybrid,6
napęd,6
hybrydowy,6
ùłożoné,6
pòdzelony,6
wielnëch,6
pùchôcz,6
waw,6
sëszenié,6
szpanii,6
pùchar,6
pùcharu,6
òbrëmim,6
pôrë,6
sekùndë,6
krakowie,6
léòkadia,6
kolędë,6
zebr,6
wstępnie,6
przygot,6
druku,6
stachurski,6
katalońsczim,6
wirus,6
krziżewô,6
chòrwacką,6
polygonaceae,6
cristburg,6
apòstolsczich,6
bakteria,6
twardowski,6
jeruzalemie,6
misyjnô,6
pónktów,6
sédemkropka,6
młodosc,6
brata,6
tradycji,6
żëcë,6
arizona,6
stopniów,6
title,6
jimię,6
wówczas,6
mistëczkô,6
miónkarzów,6
istnienie,6
bólu,6
dekalogu,6
także,6
òszlifòwaniu,6
pijarów,6
trôwa,6
italsczim,6
dwadzestô,6
prowadzëł,6
szakala,6
zlecziństwò,6
gripã,6
lotach,6
dramace,6
zacmieniô,6
kurz,6
lopez,6
awards,6
nôblëpszi,6
niewymieniona,6
czołówce,6
mësliwcé,6
błaszczikòwsczi,6
syreji,6
łuka,6
mióła,6
wëzwòleniégò,6
animatorów,6
diakonia,6
internetu,5
òbzéraniô,5
marca,5
systemów,5
macintosha,5
lynx,5
widzałi,5
net,5
poznańskie,5
mieszkańcë,5
òstrowama,5
czãscą,5
pòjezerzé,5
torń,5
pùszczô,5
regionë,5
mòcni,5
leżnosc,5
ksãżstwò,5
przënôleżnosc,5
kùlturową,5
apartnosc,5
nôwëższégò,5
pòkrëwają,5
brambòrsczi,5
całowno,5
gduńskã,5
rozwiązanié,5
pòliticzni,5
nową,5
pòznóń,5
òkrãt,5
wòjnowégò,5
mòżlëwòtã,5
pòrządk,5
rezultace,5
rozwicé,5
jistniała,5
môłima,5
òdrã,5
prôcë,5
słowiańsczégò,5
wërobił,5
zaczãto,5
òrganizacëją,5
samòstójny,5
wietwiama,5
warmińskò,5
trzëgard,5
swòjémù,5
nôwëższim,5
dobëté,5
mizë,5
latama,5
etniczny,5
dąbrowski,5
atrakcëje,5
òbôcz,5
info,5
wsowi,5
ùrzãdowi,5
nôrodnoscë,5
runitwë,5
klemens,5
piśmiennictwa,5
wiadomości,5
kategòrëjô,5
lasowé,5
zajëmô,5
wzątk,5
pòdôwają,5
òbjimie,5
zgòdno,5
ùrzãdze,5
lopków,5
pariz,5
aùstrëjackô,5
grëzóńskô,5
samòstójnô,5
warkòwô,5
prądzyński,5
wpisóné,5
pòmnik,5
strëmiannik,5
marc,5
gregòriańsczim,5
wôrã,5
swiécy,5
trzecym,5
czwiôrtim,5
andżelika,5
benedikta,5
kto,5
dzeń,5
slëwińsczi,5
émil,5
wisława,5
aktora,5
chuck,5
ray,5
wiktora,5
émila,5
mount,5
kompozytor,5
pòetka,5
eseistka,5
karl,5
waza,5
szląskô,5
skali,5
martina,5
ludlum,5
fridrich,5
justina,5
malôrka,5
dramaturg,5
joseph,5
òdbëł,5
jiréna,5
jireneùsz,5
róbert,5
szëmón,5
malezjô,5
matematiczka,5
karnowsczi,5
sławòmir,5
kònstitucëji,5
dobëł,5
instrument,5
swiatowy,5
mùzeów,5
dobiwca,5
kennedy,5
gazetniczka,5
dama,5
kónrôd,5
waleska,5
bowie,5
liga,5
frańcëskô,5
pòkòjowô,5
wëdowiznë,5
modë,5
zrobi,5
sztrid,5
solo,5
repùbliką,5
pòwstôło,5
anita,5
òstatną,5
stolatim,5
pòmòrza,5
ali,5
gramaticzi,5
pòétów,5
sowiecczi,5
eva,5
francis,5
òfiarów,5
czerwionô,5
zssr,5
zdzinãło,5
sniegù,5
miemiecko,5
tokarczuk,5
zdrowiô,5
stare,5
franz,5
aùstrëjacczi,5
napôd,5
johnny,5
socjologie,5
politikôrka,5
jãzëku,5
peck,5
gerata,5
wit,5
williams,5
raper,5
sobiesczi,5
przecygnął,5
meksykù,5
ùniô,5
klara,5
premierã,5
mirosława,5
daków,5
sri,5
facebook,5
wrëcza,5
chodowiecki,5
ùsôdzył,5
kòmpòzytorka,5
filmowy,5
pòsce,5
rpa,5
nowo,5
christina,5
krystyna,5
léòna,5
schopenhauer,5
pùbliczny,5
kòncert,5
szlachòtë,5
lucyna,5
autorka,5
gabriela,5
ap,5
sun,5
kazmiérz,5
wacława,5
różë,5
tez,5
kino,5
kat,5
gbùra,5
pariza,5
ataka,5
islandëji,5
britijsczi,5
linii,5
samp,5
zãbë,5
riszarda,5
biédnëch,5
dwòje,5
wiérny,5
zgòda,5
jizbie,5
szroeder,5
stole,5
sól,5
brzëch,5
wieselé,5
òto,5
juan,5
procëmnoce,5
mff,5
wikipedijô,5
ùczbòwniczi,5
zestôwk,5
wilka,5
lindsay,5
lohan,5
stolemna,5
fizyki,5
boy,5
dialektach,5
schramke,5
anielskò,5
rockòwim,5
jr,5
under,5
sky,5
tree,5
gecko,5
chùtczégò,5
tësãcy,5
zamkłosc,5
ùkôzało,5
historiczną,5
nazwóny,5
swiąda,5
leżący,5
klein,5
wôłczô,5
massow,5
miastkù,5
nalazło,5
rena,5
rzeczpospolita,5
greńców,5
kòntinentalnym,5
krôje,5
lëdã,5
mówią,5
krewny,5
brëkòwaniô,5
òpiarti,5
nôslédné,5
seamonkey,5
rega,5
mozillë,5
netscape,5
gnome,5
putzig,5
pielgrzimów,5
cã,5
złi,5
tóna,5
ùmôrł,5
pismionie,5
ludu,5
serie,5
òpisywô,5
bùdzysza,5
ùsôdztwa,5
bütow,5
atlanticczégò,5
cewice,5
dillo,5
szwedzką,5
zwësk,5
niemù,5
tronu,5
ùnijô,5
pòliticzne,5
europejskô,5
pòrządkù,5
bëcô,5
europa,5
wiżô,5
gãscëzna,5
przédnô,5
historëczną,5
wëżawë,5
prasczi,5
zatrzimôł,5
lubecczé,5
flota,5
znôw,5
port,5
zanim,5
architekta,5
filozófa,5
starégò,5
brómë,5
bënowô,5
fals,5
gdansk,5
hôwingą,5
czesc,5
gardnëch,5
prawów,5
bracia,5
teresa,5
kamiannô,5
szkoły,5
geògrafny,5
łączbë,5
całosc,5
tekstowé,5
konqueror,5
langenes,5
hela,5
hélsczi,5
pòmòrzczim,5
ie,5
msie,5
zdrzącë,5
trzëmô,5
information,5
codniowim,5
regionalne,5
grëpie,5
stãpniu,5
procent,5
kòscersczi,5
przëznónô,5
jistniałë,5
chëczów,5
dzejnotë,5
wiôldzich,5
klasą,5
reduniô,5
rëmie,5
samé,5
wôżą,5
nowëch,5
wôrtnotë,5
swôrzewie,5
kul,5
kantzow,5
dzejownik,5
selin,5
sëchta,5
państ,5
katarzyna,5
wôrë,5
wdë,5
lëdztwã,5
nôrodnosc,5
pòdac,5
stalat,5
krajową,5
pòchòdzënk,5
choc,5
kaszëbsko,5
apartnym,5
sb,5
bënowëch,5
wëstawionym,5
nazwóné,5
titlu,5
cassuborum,5
cezari,5
społeczność,5
procesie,5
compostela,5
kaliningrad,5
urban,5
renionëch,5
gripiewsczim,5
kadencji,5
piéper,5
augusta,5
katolëcczégo,5
brazylsczi,5
pòstawiony,5
òceanie,5
bògdón,5
miastã,5
séwny,5
claude,5
pedagògiczné,5
westphal,5
majkowski,5
figùra,5
mario,5
pùnkòwé,5
współczesna,5
rozmajitosc,5
naszëch,5
wùlkan,5
nawka,5
joana,5
scott,5
albin,5
miészëzna,5
ksãżi,5
pózniészich,5
czôrnym,5
szëkac,5
spòlëznowégò,5
stónu,5
cemny,5
mòdri,5
jasnô,5
spòlëznowim,5
pòchòdzył,5
stwòrzeniô,5
załóżców,5
przëszło,5
kaszëbsczémù,5
kòmpòzytor,5
robòce,5
zrzeszeniégò,5
dzejający,5
wié,5
znaje,5
załóżcama,5
przënôlégają,5
literatów,5
sloweńsczi,5
rënkù,5
przërëchtowôł,5
lehr,5
spławiński,5
nauki,5
scholar,5
zasad,5
bògòwie,5
przodków,5
spiéwa,5
rozwoju,5
guczów,5
głogów,5
dokôzã,5
pòwstôwają,5
planétą,5
jedurny,5
òceanë,5
spòkójny,5
spòkójnégò,5
energiã,5
ùczbie,5
zachòwanim,5
elementama,5
zrzeszoné,5
stolata,5
chòroscach,5
eùropejską,5
przistãpù,5
historëczny,5
herbù,5
lwa,5
lëdzką,5
senatorów,5
pòdzélonô,5
żëca,5
swiatowégò,5
grańcã,5
strzódlądowé,5
pòzwóny,5
achtniony,5
słowizna,5
proslava,5
bôjków,5
archeòlogijô,5
jistnienié,5
mëslenié,5
zainteresowania,5
szeroczé,5
folk,5
post,5
dark,5
human,5
happy,5
full,5
heart,5
moon,5
bush,5
cambridge,5
stolëcë,5
ùróbkù,5
studio,5
could,5
into,5
òstri,5
mùzyków,5
brett,5
gurewitz,5
suffer,5
give,5
pòkôza,5
mùzyce,5
zmiana,5
jednegò,5
tekstama,5
irakù,5
remastered,5
way,5
kalifòrnijë,5
sztatura,5
business,5
city,5
wprzód,5
your,5
òdtwòrzóné,5
òchronã,5
rodë,5
dôwało,5
szlachama,5
biôłorusënowie,5
ds,5
pôłni,5
pòdzéloné,5
cassuben,5
movie,5
grabòwò,5
przewóz,5
òstrzëce,5
tëchómie,5
starzno,5
skarszewò,5
bòjano,5
seattle,5
washington,5
zulu,5
tczew,5
dirschau,5
sive,5
dirschaw,5
dirssow,5
pòchwôt,5
amatorsczi,5
fòrmów,5
pisóny,5
nôleżnika,5
związóné,5
wòlną,5
brusy,5
marchionatus,5
brandenburgi,5
septentrionalis,5
ciruculi,5
saxoniae,5
superioris,5
penzjónatama,5
zdżinął,5
alojzégò,5
wëdanié,5
blade,5
kòper,5
òpisóny,5
em,5
warkòwim,5
nôstarszé,5
napitkù,5
fermentacëji,5
przeczëtac,5
bògów,5
azerbejdżan,5
iran,5
pòrënkòwi,5
timor,5
mòrsczich,5
zôpadnim,5
centralny,5
wãzeł,5
pekin,5
blëze,5
pòmòrzani,5
balczi,5
cegłów,5
szląskù,5
zapôlenié,5
kroplów,5
nôczãsczi,5
régą,5
azymùt,5
marcina,5
naboznich,5
slowięski,5
zarés,5
facto,5
bëtnosc,5
starków,5
naje,5
radiu,5
pólsczi,5
sprache,5
wydawniczy,5
duchowne,5
jerzego,5
pastor,5
pontanus,5
library,5
pòwstałi,5
wòlné,5
pòdkarpacczé,5
midzënôrodnym,5
krótczich,5
kòdë,5
language,5
institute,5
kòdów,5
dôwaniô,5
pòùczëna,5
òsobów,5
nôleżącëch,5
ùstôwie,5
juwernotë,5
céle,5
serbów,5
bizantińsczi,5
słowama,5
zrzesznica,5
eùropã,5
italsczégò,5
łużëcczi,5
ùchòwałë,5
lëdów,5
sorbsczé,5
régòwanié,5
macedońsczi,5
nippon,5
znakama,5
ùżiwôny,5
wëższim,5
szwecji,5
jinosc,5
witrzniô,5
jastrowi,5
złote,5
òglowòpòlsczi,5
feliks,5
czôrni,5
alfabetë,5
nazwôł,5
apartnégò,5
nostre,5
fòrmą,5
high,5
th,5
raz,5
chińską,5
czase,5
zgòdã,5
òdbëło,5
kòrejã,5
kòrejańsczé,5
temã,5
zdrëszëna,5
znowa,5
drzewianëch,5
kapùstë,5
zupë,5
mo,5
dërżeniowich,5
dôwne,5
dzyso,5
samòzwãk,5
tuum,5
pôłniowòpòrénkòwi,5
sofia,5
nôwikszich,5
wiôlgòpòlsczégò,5
òkùpacëji,5
sprôwianié,5
rządów,5
pòliticzną,5
paczétë,5
łódź,5
klawiaturë,5
ksãżëc,5
łżekwiôce,5
prowadzony,5
zgromadzeniô,5
gòspòdarczé,5
yŏngyang,5
zwónym,5
kor,5
rzékã,5
miru,5
historëja,5
core,5
òpis,5
prze,5
niewiôldżi,5
juwerno,5
mp,5
latã,5
terôczasny,5
pòwiece,5
donôld,5
gùstôw,5
néderlandzczi,5
telewizji,5
leżącé,5
stałë,5
bùk,5
słowach,5
opole,5
zabrze,5
zawodowych,5
ll,5
dwaji,5
pózdzé,5
zawieszëło,5
dzéjnotã,5
etnicznych,5
dzejnotã,5
omaha,5
szlaga,5
nuncjusz,5
etnograficzny,5
òwce,5
jezorem,5
zaniechóny,5
mniejszości,5
zberkù,5
mirochòwsczich,5
pòtrôwniców,5
pòtrôwnica,5
kamianny,5
ve,5
paris,5
zdanié,5
nôwëższich,5
stanów,5
town,5
minnesota,5
not,5
kwadratowich,5
beyoncé,5
afrikã,5
prądu,5
rodnym,5
irlandii,5
federacjô,5
słoweńsczi,5
niemieckò,5
nazw,5
dream,5
great,5
bałkańsczim,5
aa,5
bb,5
cc,5
nn,5
tt,5
ww,5
łużëcczich,5
limba,5
merkùrégò,5
brak,5
symbòlã,5
chòrwacją,5
górsczi,5
serbòwie,5
głównym,5
westrzédnëch,5
kapùsta,5
jinëma,5
wespółzałóżcą,5
wëbróny,5
òbjimnął,5
òglowòsztôłcącym,5
wòlnoscë,5
pis,5
państwòwą,5
religią,5
parlamentarné,5
łobez,5
ùkrajińską,5
równiô,5
specjalnô,5
hwanghae,5
rajin,5
wsów,5
radë,5
znónégò,5
antóna,5
wo,5
wiadła,5
janioła,5
òrganizowóny,5
charakteristiczny,5
frances,5
dzele,5
arnhem,5
beła,5
kól,5
star,5
mònachium,5
krëwi,5
gazeta,5
nôwôżniészich,5
pamiętnik,5
wojny,5
toruniu,5
akademicczim,5
ùtwórcë,5
żukòwsczim,5
znanô,5
tón,5
zazaki,5
zaza,5
news,5
ùrodza,5
studium,5
miłotã,5
piesnią,5
problemë,5
królewiónkò,5
dialog,5
codniowé,5
prozatorsczim,5
wëprzédnionô,5
piesniów,5
kùlturalnégò,5
òkrãżé,5
felietónë,5
bôjka,5
au,5
ca,5
ke,5
mg,5
ws,5
ci,5
tomasza,5
miastowò,5
krzëżôkama,5
norwesce,5
zrzeszonëch,5
pòkazywô,5
wspomnienia,5
translationum,5
prawno,5
pòlitechnice,5
pòmeranii,5
dërchôj,5
przërëchtowanié,5
farwné,5
żukòwsczi,5
haft,5
żukowska,5
dobëcym,5
chełmnie,5
wiarã,5
kaszëbsczégó,5
piskorski,5
wyborcza,5
mapy,5
badań,5
kãtrzëno,5
kòbëlôsz,5
zakrzewò,5
bréza,5
chòrobie,5
sobòrze,5
bazyliczi,5
di,5
znaczenim,5
smierce,5
piérszô,5
kòscérznë,5
fragmeńce,5
marijën,5
cegłë,5
pòswiãconëch,5
wnożënie,5
òlëwë,5
kordecki,5
prałata,5
gruczy,5
urodzył,5
fòlkloristiczné,5
tadeusza,5
proza,5
pòrcelanë,5
łubianie,5
arab,5
dwiérze,5
nënka,5
ùznôwôł,5
pòdwòdnëch,5
karnem,5
mòdlą,5
dërszewsczim,5
studentów,5
województwa,5
parafie,5
jank,5
pòwiedzôł,5
kabôtków,5
nôùk,5
hilferdinga,5
wëwòdzy,5
ambrose,5
round,5
ottawa,5
anatidae,5
dzeła,5
stalace,5
wielnyma,5
stolemnim,5
dłudżim,5
zjednóny,5
strach,5
odyniec,5
słowarza,5
ògród,5
propagatorã,5
jimprezach,5
ùroczëznach,5
òrganizowónëch,5
tuńce,5
lëdowé,5
jinstrumeńta,5
dobëca,5
strój,5
piesń,5
gbùrskô,5
dôwnym,5
kunst,5
żarnówcu,5
wòdné,5
sosna,5
żëto,5
wëżi,5
mòrenë,5
artis,5
môlowosce,5
òpublikòwóny,5
widnem,5
krbechek,5
poezji,5
miejscowości,5
zbùdowónô,5
krofej,5
miarã,5
zwëskôł,5
połowie,5
lauenburg,5
psalmë,5
czëtaniów,5
niedzele,5
mniészi,5
gôdało,5
prowadzëła,5
kabôtkòwie,5
arkun,5
miód,5
zasłużonëch,5
anë,5
rësznotą,5
bôtë,5
press,5
verlag,5
deutschen,5
grobach,5
stolemów,5
kòsze,5
warkòwnie,5
medaliã,5
łątczińsczi,5
skąd,5
parafialnym,5
nôczãszczi,5
biorą,5
krëkòwaté,5
szlapnik,5
wãgòrz,5
chòszczkòwatëch,5
kòzeł,5
corvus,5
nordowy,5
piskląt,5
larwë,5
herbie,5
zwierzęta,5
śmierci,5
obrzędy,5
sylvatica,5
jistnika,5
przëmiar,5
mąka,5
rolnicze,5
kãpa,5
wiłóz,5
drzéwiãtów,5
sosnowatëch,5
pinaceae,5
dużé,5
bec,5
czerwona,5
zëmòwim,5
chòdzą,5
młyn,5
brac,5
jadwidżi,5
października,5
jałówc,5
preussen,5
rośliny,5
wszystkich,5
naczyniowych,5
òdmianë,5
jigłë,5
jastrownik,5
teraz,5
kwitną,5
łżëkwiôce,5
ùcekł,5
helix,5
dawac,5
strzébrznô,5
palma,5
ehrh,5
rãkawice,5
campanula,5
zwónkowatëch,5
campanulaceae,5
zwónków,5
mërta,5
gapié,5
gòspòdarzów,5
wëbrónëch,5
szczëka,5
centimétrów,5
płëną,5
miôła,5
pòwiesców,5
frantówczi,5
wariant,5
pòcztowëch,5
problem,5
zapisóny,5
kòpëtnik,5
kamélowatëch,5
kamélowaté,5
vulgare,5
szatlach,5
agaricus,5
azjë,5
òstro,5
zëmno,5
dzëkò,5
wzglãdu,5
bòcónkòwatëch,5
łasëczkòwatëch,5
sycëna,5
żôłtô,5
lam,5
przëdróżnikòwatëch,5
wisznia,5
obrzędowy,5
ùczestnienié,5
scynanié,5
żëlë,5
nogama,5
timczasã,5
głãbòk,5
pòdwòrzé,5
myosotis,5
zakôzóny,5
prasa,5
pòstanowił,5
lëpin,5
thumb,5
przedmiotów,5
sprawã,5
wdzydzczégò,5
samc,5
farwã,5
dzëkô,5
swinia,5
zwierzã,5
wëstãpòwôł,5
słëch,5
potentilla,5
domesticus,5
òrdinariuszem,5
żôłto,5
skrzidłach,5
òkòło,5
krëczków,5
scësłą,5
wëdôwôł,5
juncaceae,5
sativa,5
nôtërze,5
niechterné,5
ssaki,5
nigra,5
chrónionô,5
widze,5
grôd,5
wòłowatëch,5
bovidae,5
mëszowaté,5
jaskùleczka,5
chòri,5
mech,5
kod,5
zôrt,5
phaseolus,5
pòczątków,5
ùszë,5
ùznôwóné,5
kùrowaté,5
sykórkòwaté,5
vulpes,5
canidae,5
żëwòródka,5
ògòna,5
pónktë,5
ògóna,5
pòwszechnô,5
gadë,5
pòlscë,5
stôwkòwô,5
swòrka,5
płëwają,5
smólsz,5
viridis,5
zjadac,5
trąbka,5
biją,5
polonia,5
zdrowia,5
strzoda,5
pich,5
szóstô,5
sakrameńt,5
grobù,5
warszawë,5
plemienia,5
swòim,5
znô,5
nogach,5
muscicapidae,5
cepli,5
kòżdé,5
casto,5
cëkrem,5
graf,5
kãtrzënie,5
atrakcje,5
zapisóné,5
dolëznie,5
òdemkłi,5
pikón,5
strogòtlëwi,5
skrzëpice,5
zagrôł,5
mësli,5
vera,5
wijąg,5
szwedzczim,5
łowią,5
legenda,5
scolopacidae,5
dôwôcz,5
winowôcz,5
kòniama,5
proroków,5
canis,5
kòminë,5
leftu,5
pòtrzébny,5
wëstãpòwac,5
nożnô,5
manuał,5
chùru,5
nazéwają,5
pòmión,5
grupë,5
nôwiãkszô,5
klawisz,5
grã,5
pòprzez,5
piano,5
registrowi,5
tonów,5
jednã,5
fùnkcje,5
tërlëka,5
kòniowatëch,5
krzëżacczi,5
terram,5
kopia,5
civitate,5
skórcz,5
suis,5
òbiekt,5
jachtuje,5
òfiarã,5
samiec,5
pszczołowatëch,5
nosëc,5
służą,5
lëdzom,5
pòsélc,5
testameńce,5
pòsród,5
pòmôgają,5
karë,5
krãcëszk,5
wërażenié,5
spôdkòwizna,5
metoda,5
papióru,5
przedmiotë,5
cządów,5
kwiôtczi,5
rzãdë,5
krajowa,5
wydawnicza,5
mùza,5
krowë,5
piją,5
crone,5
szëja,5
włożëc,5
szlaków,5
chterna,5
zôrnów,5
cały,5
tùńce,5
katja,5
zabùrzeniama,5
disleksji,5
czësti,5
kùchniô,5
òsoblëwą,5
produktë,5
òbjãté,5
planie,5
starszim,5
stosëje,5
zortã,5
noua,5
krézowi,5
zbiérnik,5
żëdzë,5
apòstołów,5
lôtają,5
prôwdzëwi,5
widzeniô,5
chrzescëjaństwa,5
zawierô,5
apòkrifów,5
kanónicznëch,5
stôrich,5
katolicczégò,5
gora,5
nakładnistwo,5
dzëcy,5
żëwëch,5
smiecë,5
zdobéł,5
pełnił,5
pipë,5
czëstosc,5
słowã,5
kuńcu,5
skôzóny,5
maszinë,5
grający,5
elektriczné,5
chłopã,5
widzałosc,5
dzecnëch,5
kategòriô,5
cht,5
henryka,5
òbronë,5
pasa,5
strzimanié,5
ruskù,5
londyn,5
boston,5
harvard,5
lëstowaté,5
strefë,5
twòjã,5
prosbã,5
hora,5
mòdlëtwów,5
liturgia,5
forsycjô,5
mak,5
letczi,5
blizã,5
blizów,5
pierwszô,5
wieża,5
òbiektu,5
ob,5
galeriô,5
klimace,5
złożony,5
plecë,5
eùro,5
systemù,5
rodzëzne,5
świat,5
rozmajiti,5
firma,5
wektór,5
òpieczi,5
prawny,5
sztôłtë,5
blewiązką,5
digraf,5
przikładã,5
gôdómë,5
gromnicznika,5
nôùkòwëch,5
pùblikacji,5
groth,5
ustawa,5
ùznóné,5
dawidã,5
òdbiérô,5
dzãkã,5
ksãdzem,5
pko,5
pekao,5
pòòstałi,5
òbwodu,5
kùlturalné,5
mińskù,5
arcëbiskùp,5
szczecin,5
glisno,5
księdza,5
pòdłùg,5
dërżéń,5
wòdnégò,5
grudnia,5
estiano,5
procesji,5
teatru,5
graudencz,5
mechù,5
artykul,5
staw,5
rëbôczi,5
prowincjô,5
lasowi,5
gwiôzdã,5
kòszôłka,5
dãbù,5
mión,5
jizraelu,5
chùr,5
strzód,5
mallorca,5
moll,5
sobór,5
cerkwie,5
credo,5
marijo,5
benedicta,5
narodowy,5
słuńcã,5
quale,5
pòwiôt,5
pòsôdają,5
piastów,5
strzél,5
zonë,5
rzut,5
wedge,5
mó,5
grają,5
wielé,5
dno,5
miastów,5
bogusław,5
plamë,5
czërzep,5
pólnô,5
szkelece,5
pòzni,5
cruiser,5
samochód,5
tylko,5
kaplëcë,5
pòjedinczé,5
gatënkù,5
żab,5
dalmatińskô,5
genezã,5
diplom,5
wspólno,5
dzectwò,5
baczynski,5
zédżerów,5
atribùtama,5
òstatni,5
òdpòwiednio,5
termòméter,5
lëterskô,5
chr,5
masłowice,5
direktorã,5
kòlonią,5
prowadzący,5
zelińt,5
zabôczonym,5
warkã,5
górnowicz,5
sthum,5
sztum,5
ùmëslné,5
wësziwkã,5
niego,5
gòrączka,5
sekùndã,5
prawòsławné,5
ùkrajińsczégò,5
gòrący,5
sakrameńtë,5
pierwszą,5
obczas,5
misyjny,5
dzlk,5
galatczików,5
rzimianów,5
potemu,5
miónkarze,5
gimnasticzczi,5
cwiczënków,5
pòwszechno,5
academy,5
biôtkòwôł,5
pòwroznik,5
znajdëje,5
przenoszą,5
rea,5
kata,5
ùsôdców,5
pùblëcznoscë,5
bróń,5
szablã,5
òt,5
thylacinus,5
również,5
warmińsczi,5
flieger,5
żëjącëch,5
diamańt,5
pòkładë,5
òszlifòwany,5
wersjów,5
kalasancjusz,5
wëchòwanié,5
môłopòlsczi,5
lawa,5
prowincjë,5
nôrzãdzôcz,5
przëpôdk,5
zanôleżnëch,5
nôpierszą,5
fùnkcją,5
oksytańsczim,5
abécadle,5
sedlëna,5
gazece,5
zastrzeżné,5
mët,5
sio,5
ban,5
òpôd,5
glësno,5
profesór,5
starzëna,5
adjani,5
kòntrakt,5
gòli,5
wyścigu,5
starzenié,5
stóżk,5
lopéz,5
sumner,5
giulia,5
fliger,5
kabaret,5
piérszą,5
sorbonie,5
kizette,5
konkel,5
nicë,5
timòr,5
pòdrëchòwanié,5
trb,5
zsrr,5
rajon,5
płażyński,5
dez,5
krucjatë,5
pòspólnotë,5
jinstitut,5
żecë,5
pòdszuk,5
katòwice,5
rekòlekcje,5
rekolekcje,5
cs,4
wëszłô,4
pùcczimù,4
internetowim,4
narôz,4
archiwa,4
slepich,4
prasł,4
pòmòrzanie,4
szczecëna,4
kòszalëno,4
chòwã,4
òbrëmia,4
grifii,4
pieła,4
òdra,4
formë,4
rezerwatë,4
wpłiwë,4
césarstwa,4
szczecëńsczé,4
rzeszi,4
doprowadzëłë,4
rozbicé,4
ksãżstwa,4
historëjã,4
marchiô,4
złotowò,4
dotądka,4
pòlskã,4
zemiów,4
prëskô,4
mòrsczégò,4
pòrtu,4
pòrtã,4
dalszégò,4
rozwicégò,4
mimò,4
krajã,4
bògatégò,4
bitwa,4
nôdłëgszô,4
kòncentracëjny,4
bezlëcha,4
wprzódk,4
zmianama,4
przédnich,4
bëli,4
hańdlu,4
pòzwôlô,4
nôwôżniészima,4
pòrtë,4
zwóną,4
ekònomiczny,4
dardze,4
jeszcze,4
tożsamości,4
mùszimë,4
rodną,4
leszek,4
carl,4
johannes,4
cezary,4
wczasnëch,4
mùzycznô,4
spòlëznowé,4
ùchwôlënk,4
przëjãto,4
familëji,4
partnersczé,4
directory,4
òlëwsczégò,4
krol,4
mieszkaniowi,4
wejrowã,4
ùżëtczi,4
kòlibką,4
czëtac,4
tomaczkòwsczégò,4
af,4
margaréta,4
partów,4
brëkòwaniégò,4
madrit,4
mińsk,4
milano,4
dublin,4
andorra,4
biôłorëskô,4
irlandëjô,4
liechtenstein,4
luksembùrskô,4
he,4
samòsprôwnô,4
wôrą,4
czerëje,4
dzesąti,4
skwiercz,4
bazyl,4
jizydór,4
genowefa,4
aniela,4
zgòdze,4
łapie,4
szósti,4
lucjón,4
heinrich,4
arthur,4
hugo,4
ùsadzonô,4
òstalë,4
brown,4
buddy,4
elvis,4
donat,4
timòteùsz,4
republiczi,4
everest,4
dolmaczka,4
etnograf,4
clyde,4
sr,4
hitlerowsczi,4
szef,4
wincãt,4
warszawy,4
miemca,4
szimbarkù,4
astronom,4
davis,4
jaromir,4
wilem,4
jidisz,4
magda,4
zdënk,4
transpòrt,4
bëtnik,4
romanow,4
hilari,4
grzegòrz,4
kuńc,4
filozofka,4
łukasz,4
francesczi,4
wérónika,4
henri,4
zofia,4
enya,4
monte,4
car,4
szach,4
dziennika,4
królewa,4
aùstralëjskô,4
medalista,4
joachim,4
spiéwôr,4
antonégò,4
gitarzista,4
led,4
bangladesz,4
dôwa,4
rozstrzélné,4
szëmańsczi,4
bernhard,4
longin,4
arnolda,4
wiôldżima,4
niedzelë,4
simón,4
fizëk,4
kongo,4
milne,4
lód,4
bronisława,4
midzënôrodnégò,4
sztilu,4
dobrim,4
christian,4
prezydentã,4
prawnik,4
òlimpijsczi,4
pamiãci,4
birkenau,4
oświęcim,4
giuseppe,4
warszawskô,4
sztrëjk,4
piersze,4
swece,4
super,4
katastrofa,4
fligra,4
tychach,4
francyszka,4
maceja,4
czejbë,4
ùsôdzëła,4
bògùmił,4
ùsôdca,4
włodzmiérz,4
pamiãtnika,4
gerat,4
akademiô,4
paula,4
nicole,4
szkólnégò,4
ùznała,4
sądze,4
michel,4
wu,4
pelagiô,4
trôwã,4
lanka,4
serwis,4
przecyw,4
karen,4
reno,4
piepka,4
jigrzësków,4
king,4
zjé,4
nôdanié,4
bernadeta,4
aniston,4
walãtégò,4
wina,4
czerwònô,4
armia,4
wiész,4
lëtwë,4
lietuvos,4
diena,4
ceszi,4
blónë,4
téòdora,4
barrymore,4
andy,4
kadzmiérza,4
pałacu,4
zãbów,4
zrzeszeniu,4
òstónie,4
téòfila,4
piekło,4
techniki,4
gregòriańsczego,4
dawida,4
mòłdawiô,4
walijô,4
rzimsczich,4
miesąca,4
marsa,4
harry,4
jigo,4
mówi,4
kónstantin,4
pokoju,4
dawa,4
swiãtowany,4
parola,4
ignacy,4
bernarda,4
bótów,4
tunezjô,4
volta,4
newton,4
ferdinand,4
jenerôł,4
dorosłé,4
rodzy,4
msza,4
minie,4
steve,4
bismarck,4
czezerstwa,4
léczi,4
òkò,4
kurt,4
widzôł,4
rozëm,4
waleriana,4
roberta,4
adolfa,4
pańsczi,4
jaje,4
grzmòt,4
ùsôdzenié,4
mediów,4
jińszëch,4
mòwach,4
miemieckò,4
alojs,4
górnołużëcczi,4
mòdë,4
wòlnotë,4
profesorów,4
pòmòrdowelë,4
pùblicznô,4
japońsczi,4
skłodowskô,4
pòchòdzenim,4
przëmiarë,4
gwësną,4
jãzëkòwą,4
spòlëznã,4
friedricha,4
pòdôwô,4
larry,4
blood,4
soundtrack,4
editor,4
ùdbą,4
takno,4
css,4
dmoz,4
kataloga,4
zebrónëch,4
darmôk,4
òbéńdą,4
ùszłoce,4
òstelë,4
miastko,4
lewim,4
szczëtno,4
mapa,4
głodowò,4
żabno,4
zakùńczëł,4
kòmitet,4
òbarnë,4
mechanicznëch,4
pòchôdają,4
lëterat,4
biôłorëską,4
wëprowôdzô,4
plemiã,4
pòlanów,4
òpisënkù,4
pùzdni,4
procëmnotë,4
persczégò,4
dominëjącą,4
religiją,4
dolne,4
wielënã,4
długòtã,4
rozewie,4
bùg,4
platfòrmë,4
pòkôzëją,4
strzédni,4
geògrafne,4
môlem,4
tatrach,4
miészëznowé,4
sztandardë,4
browser,4
przédną,4
wezwanim,4
puczk,4
dëchã,4
pùrtka,4
strachù,4
przyjaciel,4
zemja,4
zrëchtowôł,4
bôłtëcczé,4
morze,4
ùprocëmnienim,4
miklosz,4
swòja,4
starszëch,4
dirlowie,4
wzãti,4
swoją,4
lëpincu,4
starë,4
dënów,4
stalë,4
pòdstawą,4
mld,4
rozskòczënk,4
nôniższi,4
zemii,4
jeji,4
badérowanim,4
linuksã,4
pòdlégô,4
pód,4
gyddanyzc,4
pòmòrzanama,4
mrozë,4
westerplatte,4
sztrajk,4
zdrzëtni,4
pontanusa,4
dzejac,4
gduńsczich,4
ùczëło,4
lecha,4
johanna,4
turistné,4
kùzniô,4
danzk,4
gdanensis,4
rëbackô,4
dziedzictwa,4
hilary,4
radtke,4
teofil,4
willa,4
maksymiliana,4
pòliticznô,4
doch,4
przédno,4
póznié,4
spòdlé,4
explorer,4
brëkòwnicë,4
beta,4
łżëkwiôt,4
crazy,4
science,4
analizë,4
firm,4
sztremlëzna,4
hôwingã,4
zaczënô,4
jastarnia,4
juwerny,4
kòntrolã,4
bezpiek,4
kartëskô,4
òbéndë,4
dokùmeńtach,4
mianowóny,4
dokònôł,4
przëtrôfk,4
kònarzënë,4
człëchòwsczi,4
òbjimù,4
jãzëkòwëch,4
smaczczi,4
liczëc,4
dzélëczi,4
òkrążégò,4
sztërk,4
chemicznëch,4
rzôdzëzna,4
prowadzą,4
òpôdô,4
procesów,4
zgnojeniów,4
wiôldzim,4
przëmiérno,4
kroczi,4
rosną,4
przeznaczoné,4
rédë,4
môlama,4
pamiątczi,4
mionama,4
pòjedińczé,4
pòchôdający,4
bronk,4
klawiter,4
stenka,4
abdón,4
synak,4
starogarda,4
jankowski,4
òtrokama,4
krézach,4
emigracëji,4
plemion,4
barnima,4
chcało,4
znónych,4
drãgò,4
czasie,4
przédnégò,4
nadôł,4
miemce,4
slovinzische,4
grammatik,4
slovjnskjé,4
ùsôdzcë,4
stanach,4
wëbrac,4
kleina,4
przemian,4
króléwc,4
machaczkała,4
òstôła,4
zastrzélony,4
krom,4
libanie,4
sowieckô,4
miesądzu,4
kòmpòzytór,4
den,4
pearl,4
pòkój,4
òkrãtownë,4
zdzisław,4
mila,4
narodzenié,4
afganistón,4
òstatnim,4
szkòckô,4
joan,4
zakùńczony,4
kazachstan,4
miller,4
metallica,4
dietrich,4
linus,4
latvijas,4
lëchô,4
maksymilión,4
òdprawiac,4
eliôsz,4
wërosła,4
dawidowsczi,4
sufragan,4
ksãża,4
hab,4
madonnë,4
gómez,4
giovanni,4
basshunter,4
wëdôwk,4
gazétniczka,4
krãgù,4
małé,4
przëszłë,4
biédné,4
jôrmark,4
nawôłnica,4
affleck,4
grenlandzkô,4
indie,4
inne,4
wiôlgòpòlską,4
brdą,4
pòlsczémù,4
krajnie,4
pòlaszëznë,4
zapôdu,4
pòkôzywô,4
krajińsczi,4
klucza,4
wëmienic,4
krziżôków,4
chëcze,4
przedstôwiô,4
gwësné,4
czekawé,4
farwą,4
dozdrzec,4
òskar,4
sëkni,4
zachòwôł,4
nôdłëżi,4
sëknia,4
mòdrô,4
spòtikóny,4
dzejôrzów,4
rozkòscérzac,4
gwarów,4
melodie,4
przeszedł,4
zdebło,4
nôdzeje,4
sytuacjô,4
aktiwnym,4
twòrził,4
rozegracjach,4
wëszłë,4
przëznôwónym,4
tomiczi,4
dolmaczony,4
pisowni,4
òglową,4
badérowaniô,4
psychòlogijô,4
stosowóné,4
technice,4
pòkrok,4
stegną,4
òsoblëwòscë,4
kôrtë,4
filmòwëch,4
trzecą,4
rechùjącë,4
krążą,4
niechtërnych,4
antarktida,4
rowë,4
andë,4
sparłãczeniô,4
fizyczi,4
badérowanié,4
spòdleczné,4
dziennik,4
bałtycki,4
czerënków,4
platą,4
control,4
badérëje,4
stwòrzoné,4
sztrukturë,4
ôrtama,4
parlamentu,4
dolmaczenia,4
eùropejsczéj,4
linia,4
brno,4
sowiecczégò,4
ób,4
niższô,4
depùtowónëch,4
wëbiérónëch,4
sãdzów,4
programã,4
lasã,4
czech,4
pòrtal,4
rzeką,4
grand,4
luksembùrga,4
ùmiarkòwóny,4
starogard,4
chternym,4
ùczenié,4
gierszewskiego,4
glagolica,4
pszczółczi,4
lubelsczi,4
discëplina,4
ôrce,4
björk,4
procëmno,4
zwëczajnym,4
family,4
box,4
army,4
desire,4
theatre,4
empire,4
loud,4
nature,4
mind,4
przenôszô,4
singel,4
kòncertów,4
light,4
prowôdnikã,4
train,4
sst,4
caroline,4
charakterizëją,4
sex,4
any,4
kùpic,4
pete,4
głosã,4
generator,4
hate,4
mc,4
scenë,4
chili,4
roczëznã,4
party,4
talk,4
matthew,4
straight,4
wëdowizną,4
hollywood,4
jinszë,4
possum,4
model,4
joe,4
wëmôgô,4
samym,4
when,4
these,4
bënowé,4
témù,4
mùzyką,4
karierã,4
fòtografiji,4
kùńcowi,4
techniczny,4
stał,4
winter,4
sierra,4
ted,4
über,4
jeseni,4
zachòrzôł,4
kòncertë,4
bôczenié,4
dozérôł,4
means,4
off,4
pòlôsze,4
chcele,4
wczasnym,4
aktualno,4
meklenbùrskô,4
basowó,4
moment,4
everything,4
blink,4
state,4
rekòwò,4
roczitczi,4
górczi,4
brzézno,4
chòcëna,4
juszkòwò,4
bòrzestowò,4
zôwòrë,4
kalëska,4
mirochòwò,4
gòra,4
sitno,4
gòwidlëno,4
kamińca,4
jadamòwé,4
pòlaszczi,4
bùkòwina,4
òsowò,4
kadzëmiérz,4
pôłczëno,4
cecenowò,4
krézów,4
wësoczim,4
pòmòrzczégò,4
reinhold,4
twòrzeniégò,4
mediach,4
szrëcowanié,4
sécowô,4
zemny,4
spòlëznowëch,4
pòlitiką,4
mówiony,4
rozmajitima,4
filmã,4
parłãczą,4
dosłowno,4
encyklopediją,4
achtnionô,4
czeskù,4
chòdzëc,4
runitów,4
głód,4
priwatnëch,4
zwón,4
kłodno,4
òsowô,4
slayer,4
if,4
valley,4
widzëc,4
mama,4
mad,4
apocalypse,4
balôrzów,4
anthony,4
women,4
seria,4
wëdanim,4
wales,4
oxford,4
memphis,4
tennessee,4
biografijô,4
ass,4
arch,4
zwëskóny,4
cëczer,4
alan,4
żëbë,4
pilë,4
jiwrë,4
kòntinentach,4
zwëkòwi,4
zwëskóne,4
dôdówkã,4
pilsner,4
corona,4
jindijsczim,4
irak,4
jordaniô,4
singapùr,4
tajlandiô,4
tajwan,4
dôlëzna,4
nôwëżi,4
òstrowina,4
westrzódzemné,4
régów,4
wëższé,4
nôwëższô,4
bëłô,4
kòntinentu,4
sparłãczenia,4
wòd,4
sztrądach,4
skùtkã,4
cepłich,4
biôłëch,4
gãsti,4
krisztalków,4
òdnieseniô,4
męzow,4
rusczich,4
grammatikj,4
czãstô,4
pòliticznëch,4
pòmerańsczich,4
òddôwô,4
mirochòwa,4
rolą,4
òbòwiązków,4
piąti,4
liturgiji,4
popowska,4
taborska,4
poradnik,4
między,4
slawięsky,4
wilozone,4
ábo,4
jestá,4
języká,4
jáwnosc,4
wydan,4
perikòpë,4
kaszëbistika,4
wëznôwców,4
słëpsk,4
słëpskù,4
names,4
code,4
sil,4
nôleżącé,4
przirodze,4
wëznaniów,4
ùtrzimanié,4
cządników,4
drëkòwóny,4
pòstacëje,4
propagòwanié,4
przëznôwóné,4
przepisë,4
pasowno,4
kùlturowé,4
samòrządzënë,4
dwamòwné,4
rechùje,4
panóńsczi,4
pierwòszné,4
zeswiôdczô,4
mùrë,4
chòrwacë,4
etniczno,4
jãzëkòwé,4
dzysdniowich,4
pòrénkòwòsłowiańsczé,4
cerkwiowòsłowiańsczi,4
prekmùrsczi,4
bùlgarsczi,4
nôbòżnëch,4
nihon,4
koku,4
pacyfikù,4
tidzéń,4
bije,4
mszã,4
jastrowô,4
zajc,4
jôjka,4
pająk,4
perszon,4
pln,4
groszy,4
spòsobie,4
prize,4
dostałë,4
kôrnowsczi,4
mestwin,4
szkic,4
sztëczny,4
òpierô,4
bòsni,4
serbòchòrwacczi,4
kùńcach,4
przëpôdkach,4
znôny,4
szląsczégo,4
interlingua,4
association,4
dictionary,4
słowiznã,4
qui,4
grańczë,4
jinaczą,4
sweet,4
hillbilly,4
japòńsce,4
end,4
jacks,4
niżóden,4
robòtniczi,4
jaka,4
zapisôł,4
pózdze,4
kòmańdë,4
ùsôdzëł,4
goryeo,4
naczãło,4
japònów,4
japòńską,4
zdżinãło,4
wińc,4
pòlitikã,4
żółti,4
rézów,4
pòriwny,4
zwëkòwô,4
kùńszta,4
rzemiãsła,4
chińsczégò,4
alfabétã,4
eum,4
strzédnym,4
jewa,4
kapela,4
noël,4
zakopane,4
słowôrzach,4
ae,4
czëtô,4
niemcë,4
znóna,4
dôj,4
nobis,4
bùłg,4
macedonią,4
serbią,4
sëchò,4
bòsniacë,4
chikhalsi,4
kernel,4
trzëmają,4
pòpùlarny,4
serwerów,4
plug,4
sprôwianiô,4
pdf,4
swiãtoscë,4
wierze,4
debian,4
xhosa,4
òtemkłi,4
numrë,4
òznôczają,4
państwòwich,4
nadmòrsczi,4
wzãté,4
greńcama,4
pùnktów,4
zniszczëc,4
cządë,4
chełmòwsczi,4
wersjô,4
felënk,4
mini,4
ùżëwô,4
internece,4
fedora,4
standard,4
domôcëch,4
blag,4
ùran,4
tallinn,4
ùkrajińcë,4
rozdzélô,4
wôrtnotã,4
kind,4
like,4
remix,4
up,4
prôwdzëwé,4
santana,4
chris,4
craig,4
sława,4
elżbieta,4
czerënk,4
swiãtokrzësczé,4
śląska,4
tichë,4
jastrzębie,4
racibórz,4
wielkopolski,4
tichach,4
indeks,4
kodu,4
grup,4
britishpedia,4
osobistości,4
bph,4
szląsczka,4
sztuki,4
wave,4
graniô,4
zwòją,4
visions,4
spv,4
must,4
sparks,4
pòkôzkù,4
akòrdë,4
nl,4
sianowo,4
swiónowskô,4
piusa,4
czajkowski,4
brzëmi,4
nelly,4
hay,4
wszëstkò,4
gòwidlińsczim,4
amalka,4
stanowiskò,4
narodowych,4
obszarze,4
kamienica,4
pierwszé,4
niepòczołejcach,4
gbùrską,4
midzëwòjnowim,4
kamiéńca,4
ryan,4
angelica,4
davies,4
eve,4
sandra,4
teritoria,4
sahara,4
fanã,4
londin,4
cape,4
bòliwii,4
vega,4
linda,4
get,4
alexandra,4
irlandie,4
òkresliwô,4
przedstôwcowie,4
môlëznów,4
malene,4
oreiro,4
northern,4
dd,4
ee,4
gg,4
hh,4
kk,4
ńń,4
nôgla,4
dólné,4
rodzëznach,4
codniowi,4
naš,4
twoje,4
wëmarłi,4
òsoblëwé,4
planeta,4
niebiesczi,4
ruchù,4
chòrwacjô,4
włoch,4
krim,4
ùkrajinë,4
rozkòscerzony,4
belgrad,4
prowincje,4
metohie,4
wialgòscë,4
prawòsławnëch,4
katolëków,4
zjestkù,4
paprika,4
fest,4
môlowim,4
dodôwkù,4
kr,4
administracëjô,4
brenda,4
song,4
rzeczpòspòliti,4
liderã,4
łżekwiata,4
późni,4
pòwòłónô,4
fùnkcjã,4
dejã,4
zadanié,4
kaszëbą,4
titule,4
hu,4
brunei,4
lëterë,4
artistczi,4
saturna,4
adriaticczégò,4
spòtikómë,4
òrgan,4
łobesczim,4
zòrganizowóny,4
rządzony,4
distriktë,4
administrowóné,4
terôz,4
henë,4
czemù,4
padô,4
skróconé,4
czerpiskò,4
gus,4
bracynã,4
standardowi,4
wpłiw,4
wëmieniwô,4
słowiański,4
register,4
òbjimającé,4
fi,4
ùzdrzëc,4
smùkłé,4
prozatorsczé,4
didgeridoo,4
nôstarszô,4
temu,4
western,4
website,4
sztudérsczé,4
żëwòta,4
szpitalu,4
numrze,4
gazecie,4
kòmisji,4
kùreszce,4
napisónô,4
aktach,4
pelplińskiej,4
tatka,4
skùńcziła,4
debiut,4
mòjim,4
mùlkã,4
przechlastłô,4
idila,4
antologii,4
domôcé,4
nalazłë,4
wiérztama,4
wiérztach,4
mitologie,4
pùszczë,4
pòmerania,4
bòżim,4
łamach,4
miesãcznika,4
romana,4
klerików,4
aùtorką,4
przełożënkù,4
skrë,4
ùcznia,4
cządnikã,4
krôsniã,4
ar,4
io,4
bn,4
jersey,4
kùba,4
pg,4
pe,4
sv,4
wëspa,4
słoniowëch,4
tanzaniô,4
tm,4
wòjnowëch,4
dobiwcą,4
ricerze,4
waju,4
pòjedinkã,4
zôkónu,4
skrzeszewo,4
architekturë,4
ògłoszony,4
kaszëbista,4
żeni,4
doctor,4
honoris,4
nitczi,4
czerwòné,4
chłądë,4
jigłów,4
zrobia,4
błaszkowski,4
żukowskiej,4
ptach,4
tczã,4
stowôrze,4
ed,4
nadôwóny,4
sniegùlc,4
pùrchawica,4
konstantyn,4
pòbòżnégò,4
egzamin,4
dozdrzelałotë,4
zacząc,4
pòkazac,4
dôwelë,4
anielskòjãzëkòwi,4
wendowie,4
nadmorski,4
zamikô,4
pòbłocé,4
tłuczewò,4
zrobilë,4
medalią,4
krajobrazowy,4
kąkel,4
zagrożenia,4
biôłor,4
nôwiãkszim,4
rzimskò,4
mëmka,4
sanctum,4
biskùpié,4
rãkã,4
zéńdzeniô,4
tradicëji,4
òddôł,4
stopów,4
rzymie,4
szôłtëskô,4
chternégò,4
parafia,4
spòdlëcznô,4
pielgrzimka,4
swiecczi,4
schwetz,4
ùczbòwëch,4
czedrowskô,4
piãkny,4
wniebòwzãcô,4
labuda,4
czestnym,4
gwiôzdą,4
zaborska,4
nôrodë,4
stôrodôwnota,4
wëpòsażenié,4
zrzeszéńców,4
anthologie,4
kaszebsko,4
kiżewskô,4
czëczkòwach,4
òtrzimała,4
stern,4
nomachi,4
dolmaczi,4
zôpis,4
kuńca,4
snôdczich,4
szlachùją,4
cenôwã,4
debiutowôł,4
bajki,4
felietónów,4
zniszczonô,4
fragaria,4
lécczi,4
chrzescëjańskô,4
biskùpów,4
wspòminkach,4
załóżca,4
części,4
grzëpa,4
moje,4
starostą,4
rondo,4
baninie,4
slawistika,4
rapòrt,4
òsóbny,4
zajimalë,4
wëdôwóny,4
benedictus,4
lwów,4
świãtégò,4
katédrze,4
probòszcz,4
centre,4
inheritance,4
szopińsczi,4
zbiór,4
polskim,4
fribùrgù,4
sonety,4
literacka,4
wòłają,4
korespondencja,4
ferdynanda,4
neureitera,4
przygotowała,4
opracowała,4
opatrzyła,4
kuik,4
kalinowska,4
listów,4
niemieckich,4
flinik,4
listu,4
angielskiego,4
monika,4
krëjamny,4
mowa,4
kani,4
sztudirowôł,4
podania,4
bòtaniczny,4
amatorsczim,4
bòkadnégò,4
skrzëpce,4
wëstãpiwało,4
wëprzédnieniów,4
czerownikã,4
spòłeczno,4
òpiekã,4
zôpôdnym,4
żarnowsczégò,4
kùlã,4
wespółrobią,4
ùtwórcama,4
wòjewòda,4
spódk,4
sadzony,4
wëstãpywają,4
òlszô,4
spódkã,4
charzt,4
grad,4
swiniô,4
rënë,4
òbezdrzeniô,4
redaktor,4
dôwną,4
blanche,4
życiu,4
skład,4
bożej,4
prowincja,4
asyżu,4
ksãca,4
religijny,4
wiérnëch,4
wieczi,4
pańskiego,4
prusy,4
pòdzelënkù,4
pommersche,4
bëtnictwò,4
doszlë,4
spòdlowi,4
swiądë,4
germanizacji,4
nawet,4
cramer,4
lande,4
band,4
foundation,4
wëdónëch,4
swiãtich,4
pisywôł,4
niemiecczich,4
vereins,4
etnografii,4
lubelsczégò,4
mnie,4
nótów,4
gałãzë,4
kadencje,4
klase,4
kanadyjscy,4
pionierski,4
dzisiejszy,4
lipusz,4
hildebrand,4
dialodżi,4
òseczi,4
wissenschaft,4
smołdzino,4
czarnowski,4
naukowej,4
piaśnica,4
pamięci,4
pòdpisóny,4
rekowo,4
ród,4
nachôdô,4
gòspòdarczégò,4
pòliticznégò,4
brzadã,4
bieszka,4
przeszłoce,4
niwie,4
rafała,4
kòrzeni,4
bychowski,4
radnym,4
rëszny,4
chroniony,4
chwôtô,4
jastrzibowaté,4
ridibundus,4
miewów,4
richarz,4
miewë,4
krëkòwatëch,4
pòwiôdô,4
łososowatëch,4
pożywienie,4
rybne,4
wdzydzkich,4
arvense,4
equisetaceae,4
tysiąclecia,4
wątrobë,4
beło,4
mającë,4
wendów,4
chtërnémù,4
nôwôżniészi,4
bodôj,4
chdze,4
szaré,4
mazurach,4
òstatnëch,4
naszégò,4
gòdowi,4
òdpòczinkù,4
stawów,4
szerokòscë,4
zymkòwé,4
zorte,4
linnaeus,4
dzëdzónowatëch,4
czerwòny,4
przesądy,4
glandarius,4
krokòwie,4
roscë,4
wrzos,4
alnus,4
moench,4
zbòżô,4
chłąd,4
bùków,4
huang,4
sandrë,4
chójka,4
pinus,4
coregonus,4
bôłtowi,4
budacëjô,4
długosc,4
terôzka,4
zdrzec,4
zelësków,4
brzadem,4
drogą,4
słëchało,4
gbùrstwów,4
bùdacjô,4
lënie,4
terôczas,4
zatôrczënkù,4
kòsz,4
dolëzna,4
sëszą,4
carex,4
lilewé,4
lasa,4
rosnących,4
dziko,4
szafer,4
kulczyński,4
bogumił,4
pawłowski,4
jastrownikòwaté,4
acer,4
cotczi,4
wërôstają,4
wiétewczi,4
betula,4
gminy,4
kukówczé,4
starogardzczim,4
òkrãgłolëstny,4
pòmòcné,4
grëbòszowatëch,4
crassulaceae,4
cirsium,4
scop,4
dërdest,4
polygonum,4
zeszyt,4
biedrzón,4
wielelatnëch,4
meyer,4
gùrczi,4
grossulariaceae,4
sativus,4
baniowatëch,4
maraton,4
lubił,4
dolna,4
wiérztą,4
ùtwórstwò,4
bòkach,4
szczëczi,4
dolmaczënków,4
dolmaczënczi,4
wëkònaniô,4
widłë,4
wòzné,4
ptôczi,4
prësczé,4
wół,4
produkcją,4
felów,4
mëdło,4
òléjk,4
przëprawa,4
wiôldżëch,4
camelidae,4
pòdobné,4
galium,4
prząszczkòwatëch,4
kóńsczé,4
bòrzón,4
kapelusz,4
nalazłi,4
corner,4
umbrinus,4
alectorolophoides,4
chantarellus,4
flavipes,4
ùprawiônô,4
składô,4
idaei,4
lëdzi,4
kwasë,4
òrganiczné,4
włosów,4
łasëczkòwaté,4
jeżëna,4
łëzgôcz,4
semionama,4
ùzdrzôł,4
psy,4
maior,4
môłą,4
przestrzeni,4
świętego,4
òbrzãdë,4
róg,4
zbòżów,4
chrzescëjańsczich,4
chùtczé,4
czarzënie,4
ceszëc,4
wòłô,4
kùńsztôrze,4
miechã,4
gwiôzdczi,4
zwònë,4
babą,4
kùr,4
linie,4
rzëcëc,4
òksëwsczi,4
repens,4
roscëną,4
pług,4
niezabôtka,4
renë,4
wieczny,4
ptôszô,4
nanning,4
zh,4
jeléniowatëch,4
rodzą,4
miesãcy,4
sus,4
gãsé,4
wróbel,4
solidago,4
kłów,4
biwałë,4
łasëca,4
warnë,4
samnica,4
głosno,4
linki,4
zewnętrzne,4
zelono,4
jedzenié,4
domena,4
zobacz,4
fringillidae,4
antologie,4
wespółautor,4
pomysk,4
bes,4
danka,4
danë,4
jabka,4
bòcónkòwaté,4
anemone,4
sërowina,4
ògrodach,4
zanôlégò,4
dżiną,4
europaeus,4
pòkôzanié,4
kòta,4
bòżëną,4
rasów,4
syjamsczi,4
niesc,4
ciconia,4
miéwają,4
òbchòdzony,4
przezeblôkańców,4
rasa,4
òwcë,4
chòrosców,4
mëszowatëch,4
ón,4
lesnô,4
królestwo,4
okrytonasienne,4
bylina,4
zabùrzenia,4
gatunkù,4
pani,4
telewizyjny,4
magazyn,4
dzénnika,4
prowadzëc,4
dwadzesce,4
babié,4
esculenta,4
zemji,4
phasianidae,4
jôd,4
niebezpieczny,4
sykórkòwatëch,4
azjã,4
në,4
cykcaka,4
krzebce,4
ùwinny,4
pniama,4
lëstach,4
krëjamné,4
pòmału,4
metra,4
trôfiają,4
tpzw,4
pòmalny,4
smôrzcze,4
akùrôtną,4
najim,4
leliô,4
regą,4
gôdele,4
żëwò,4
strzodą,4
pòpielnô,4
pòpiół,4
zymkòwi,4
zwónë,4
bracô,4
karce,4
kartografiô,4
ùżëwóny,4
afganistanie,4
iranie,4
òpiece,4
płacëc,4
niedzelą,4
płôszcze,4
zbiérac,4
leszczinczi,4
brasil,4
zesłanié,4
mòtławë,4
chi,4
lota,4
piekłé,4
dwòrze,4
religijnégò,4
gòdzënie,4
całëch,4
pòbłocym,4
lewinka,4
potęgowo,4
gãsto,4
kòbëlôsza,4
mòrgów,4
pùńkt,4
lewinie,4
chòwie,4
pikóna,4
rzeklë,4
lëzëna,4
wójt,4
lëteracczich,4
spòdleczni,4
mòrzach,4
ògardach,4
sadze,4
latem,4
jigrów,4
czôs,4
ùwôżanim,4
pôlëlë,4
weterinarnô,4
wieczné,4
federatiwny,4
sulla,4
pelle,4
tutti,4
górni,4
dólni,4
faraon,4
egipscze,4
egipcie,4
gôdóné,4
trzimô,4
lasfór,4
kòni,4
streptococcus,4
plëszkòwatëch,4
pòwiôstkòwi,4
grifë,4
wiekach,4
wiôldzégò,4
old,4
kòminôrz,4
kòminôrza,4
złapic,4
òdwiedzôł,4
wãbórk,4
plasticzëznë,4
zôrno,4
bùdowóny,4
pomòcë,4
stosowóny,4
sekcjë,4
òrganista,4
wrocławsczi,4
stopòwé,4
bùdowiznie,4
ùrządzenia,4
traktura,4
wentil,4
klawisza,4
wiatrownica,4
menzurë,4
zjawiszcze,4
wąsczi,4
wprowadzonô,4
historyczne,4
mùskle,4
panthera,4
retac,4
niepôrokòpëtny,4
mieszkańcama,4
skarszewy,4
schoneck,4
czarne,4
frydląd,4
gen,4
kępice,4
służbã,4
janowi,4
pawłowi,4
skorcz,4
bärwalde,4
kamieńsczim,4
citerioris,4
ulterioris,4
principatibus,4
comitatibus,4
urbibus,4
definitiae,4
ampla,4
geographica,4
stôrgardzczim,4
pluton,4
symbòle,4
dzewiątą,4
astronomicznô,4
òzdobnô,4
wôrtné,4
gãsy,4
spi,4
drzewie,4
wietwi,4
ptôchama,4
sztiwné,4
òczów,4
apis,4
prôwdzëwëch,4
wząc,4
wëkluwają,4
kòmórkach,4
francëszkanów,4
zmianã,4
pòkòju,4
damiano,4
swòjé,4
katolëcczé,4
aktorów,4
niepokalanej,4
świętej,4
chterné,4
wprowadzëł,4
stołowégò,4
tenisa,4
òbłożenë,4
jaczégòs,4
czëli,4
bëć,4
mogą,4
można,4
chterne,4
wòlã,4
kôżdi,4
nazwë,4
religijach,4
funkcjã,4
jezësowi,4
łk,4
chrzescëjaństwie,4
klucz,4
cemné,4
baba,4
akòrdionista,4
damë,4
òzdabianiô,4
òbrôzów,4
skła,4
sie,4
sôc,4
ùczniowie,4
półkùli,4
australii,4
techniką,4
malinczich,4
skóra,4
pòwierzchniã,4
cepłé,4
towarzëstwie,4
swiniów,4
auta,4
materii,4
tradicjô,4
lëdowégò,4
òstré,4
niwiznie,4
rozwòju,4
tipë,4
percepcji,4
leżnoscach,4
bògactwò,4
jizbë,4
dërch,4
dobòrowanié,4
zachòwanié,4
wòjewódzczégò,4
jedlëna,4
gbùrstwa,4
włôsné,4
sadzónczi,4
przënôlégò,4
mrocza,4
rérczi,4
neuenburg,4
sępólno,4
złotowsczim,4
pismò,4
biblia,4
hebrajsczi,4
narodu,4
didakticzné,4
żëd,4
młodszi,4
tarsu,4
pers,4
amanita,4
mùchôrzowatëch,4
amanitaceae,4
przódk,4
manchesteru,4
angli,4
znôł,4
link,4
trëjącé,4
kręcki,4
apòkrif,4
òparti,4
mòjżesza,4
psalm,4
ôbrama,4
barnabë,4
marëji,4
prôwdë,4
starowieysczégò,4
wedel,4
pianą,4
anklam,4
aniół,4
ecclesia,4
polplin,4
peplin,4
prozą,4
kòralowi,4
rafë,4
rafã,4
biôłima,4
kùńcã,4
dłëdżi,4
szkło,4
schumana,4
fónkcjã,4
materiał,4
pipe,4
tuszkòwskô,4
matuszka,4
jachalë,4
trëma,4
chójkã,4
dzéwica,4
cecylii,4
kanonie,4
trôw,4
roscënama,4
mąkã,4
òrganizacjô,4
spòrtowé,4
jazda,4
òrganizatorã,4
przedstôwióny,4
święty,4
kategòrie,4
wzmòcnieniô,4
pòtrzebë,4
pasyczi,4
znakã,4
zaczãł,4
pòjawiac,4
faza,4
wiarów,4
wg,4
krowa,4
biôtków,4
pòjawiłë,4
gatunczi,4
zygmunta,4
prowadnika,4
daleka,4
tym,4
bôtów,4
jigrzëska,4
wënalôzł,4
school,4
jodła,4
sarna,4
mieszóné,4
ùkładze,4
ptôszich,4
chwałã,4
òracëjô,4
psalmòdiô,4
óbczas,4
spiéwelë,4
antoniégò,4
reveal,4
chtërnëm,4
żarnowi,4
strefach,4
stilo,4
przëjãła,4
grëbé,4
pica,4
marcin,4
sztature,4
czôrnogórsczi,4
pòdgòrica,4
duże,4
zoòlogiô,4
karznica,4
secé,4
lãbòrsczé,4
lëbùń,4
barcino,4
mòdlëtw,4
pòzdrowienié,4
īr,4
lëtewsczim,4
strzelnie,4
wòkalëstka,4
sniegulc,4
kôłpa,4
spaniel,4
malëne,4
samca,4
wëkònëje,4
sëła,4
wektórã,4
institucjô,4
pòdstawòwi,4
òbòwiązczi,4
ùkùńcziła,4
master,4
historië,4
jezórny,4
miliónów,4
franca,4
bronisław,4
romańsczi,4
dell,4
other,4
nôrzãdła,4
ewanieliów,4
nauka,4
wełnë,4
flóriôn,4
przëpisëje,4
pùblikacjô,4
pòtkôł,4
kile,4
wó,4
kaszebach,4
trze,4
petersbùrgù,4
czesczé,4
biskùpem,4
kąter,4
ranidae,4
którego,4
skórã,4
etnografné,4
wrzészczu,4
przińdnégò,4
kòmbajn,4
bùdowónô,4
belgijsce,4
gãbny,4
nadczidka,4
piorën,4
zmiéniony,4
prodromus,4
chełmë,4
zawdzãcziwô,4
stowôrã,4
zawòłanié,4
twòjégò,4
centro,4
educação,4
fonseca,4
kùnôszk,4
stowarzyszenie,4
dzejają,4
warkòwniów,4
zapisu,4
noszą,4
nôrzãdło,4
sana,4
miotła,4
seczeniô,4
piszczący,4
torf,4
chtërnich,4
mielno,4
nobel,4
hitlera,4
jindonezji,4
bącz,4
bern,4
mùsznikòwatëch,4
pôlc,4
mdzesz,4
marienburg,4
makakòwatëch,4
ùziwónô,4
mònéta,4
wôrtnoce,4
pòmòrania,4
mrowiszcza,4
kòmpòzytorą,4
kùlturalny,4
