word,count
der,3843770
die,3116891
und,2844881
in,2089229
von,1475393
im,1045214
den,1029365
des,1014795
mit,911047
das,897974
als,677964
zu,673138
dem,671062
für,638204
auf,632858
eine,630548
ist,608069
ein,567457
wurde,542882
sich,526414
er,503490
auch,485799
an,440011
nach,437483
aus,402013
bei,390550
am,364939
war,331925
bis,331418
durch,326100
es,325596
einer,324615
sie,318829
werden,314667
oder,304903
zum,292846
wird,291745
nicht,284360
sind,271480
zur,262759
einem,231221
über,228801
um,222269
einen,204119
dass,195437
wie,188640
wurden,186758
unter,176345
vor,172530
nur,160598
isbn,154562
vom,147075
diese,144566
seit,136545
so,134915
noch,132309
aber,127203
zwischen,123620
eines,123490
ab,121001
jahr,119979
sowie,119979
the,119926
dieser,118903
seine,118402
stadt,112470
sein,111252
deutscher,109538
waren,108575
of,108295
hat,108143
jahre,106616
de,105787
zwei,104874
seiner,103597
hatte,102980
kann,100947
man,100433
etwa,94225
jedoch,91840
zeit,90835
gegen,89818
jahren,88776
da,88146
ersten,82199
jahrhundert,81626
deutschland,80571
deutschen,80549
us,79475
während,79077
mehr,79016
heute,77281
berlin,75860
ihre,75539
geschichte,74520
können,74340
literatur,72777
teil,72455
drei,72146
weblinks,71986
wieder,69774
haben,68752
deutsche,68187
gemeinde,68174
siehe,67514
bereits,67327
beim,65609
gibt,65259
damit,65122
einzelnachweise,64524
erste,63994
später,63935
anderen,62890
alle,62644
dabei,60802
seinen,59504
ende,59486
mai,59428
august,58925
dann,58363
weitere,56512
seinem,55857
januar,55211
band,55175
wenn,54394
ihrer,54191
liegt,53603
oktober,53537
dort,53434
ihm,53232
märz,52865
juli,52453
bzw,52423
verlag,52217
sehr,52198
dezember,52177
april,51918
hier,51915
september,51892
keine,51584
juni,51409
leben,51305
dies,51281
konnte,49217
ihr,48798
november,48263
allem,48188
neben,47950
diesem,47590
ohne,46816
was,46466
ort,46457
kam,45777
deren,45612
and,45382
münchen,45319
km,44784
ii,44754
bezeichnet,44677
kirche,44574
neue,44397
erst,44192
gab,44086
hrsg,44076
beiden,43972
dessen,43740
selbst,43543
februar,43367
vier,43202
zweiten,43133
andere,42634
dieses,42150
politiker,41487
sondern,41345
friedrich,41164
menschen,40913
st,40908
ihren,40577
immer,40262
einige,40186
schon,40137
allerdings,39991
großen,39942
ihn,39658
ebenfalls,39640
viele,39196
neuen,38804
zusammen,38451
amerikanischer,38082
große,37995
mitglied,37889
worden,37714
jahrhunderts,37603
denen,37543
wo,37501
universität,37421
karl,37321
zunächst,37020
wegen,36927
bekannt,36665
namen,36627
aufgrund,35851
dazu,35449
könig,35197
steht,34990
beispiel,34939
verwendet,34728
landkreis,34207
meist,34189
oft,34142
statt,34123
new,33861
zurück,33737
sei,33308
also,33053
art,32791
stand,32776
mann,32660
kreis,32626
genannt,32562
hans,32508
anderem,32503
besteht,32335
johann,32293
geboren,32255
befindet,32073
film,31999
form,31843
erhielt,31789
wilhelm,31569
insbesondere,31480
rund,31480
mehrere,31427
land,31399
erstmals,31282
diesen,30991
ins,30864
peter,30769
gilt,30663
sollte,30031
heinrich,29316
beispielsweise,29307
wien,29272
österreich,29261
außerdem,28902
daher,28886
hatten,28608
fünf,28571
soll,28464
chr,28361
entwicklung,28357
nachdem,28221
la,28120
bedeutung,27915
welt,27806
führte,27755
besonders,27736
deutsch,27673
platz,27522
usa,27337
wobei,27224
familie,27222
sohn,27043
kommt,26992
liste,26865
je,26827
tod,26787
weiter,26775
frankreich,26693
nun,26643
weiteren,26068
neu,25839
gegründet,25805
muss,25781
frankfurt,25658
staaten,25652
zudem,25621
seines,25528
letzten,25473
innerhalb,25417
welche,25086
personen,25038
gebiet,24964
name,24894
anfang,24868
insgesamt,24641
fast,24571
englisch,24444
bereich,24321
paul,24272
häufig,24199
gehört,24118
weil,24106
davon,24100
ihrem,24056
schweiz,23982
unternehmen,23954
meter,23918
stark,23892
john,23884
ca,23883
millionen,23882
gruppe,23841
gegenüber,23591
schloss,23331
mitte,23298
gesellschaft,23277
europa,23241
titel,23187
folge,23101
führt,23092
einwohner,23030
schließlich,22994
musik,22993
schriftsteller,22915
begann,22869
doch,22844
allen,22823
bevölkerung,22778
hamburg,22743
rolle,22681
straße,22641
krieg,22604
franz,22599
person,22569
auflage,22328
stuttgart,22276
werk,22267
teilweise,22162
finden,22158
prozent,22122
fußballspieler,22100
michael,22097
alten,22080
frau,22078
nr,21990
ging,21963
jeweils,21909
verschiedenen,21877
kaiser,21868
georg,21806
sowohl,21795
möglich,21788
erhalten,21781
begriff,21780
york,21756
paris,21638
fand,21595
gemeinden,21588
lange,21532
kultur,21437
findet,21350
meisten,21320
verschiedene,21271
zwar,21263
kurz,21158
konnten,21146
ludwig,21140
iii,21133
gehörte,21004
reich,20960
nahm,20882
komponist,20869
seite,20827
regie,20805
schweizer,20761
schauspieler,20715
thomas,20635
darauf,20601
region,20597
weltkrieg,20518
zahlreiche,20514
rahmen,20487
sechs,20440
baden,20432
eigenen,20416
somit,20346
lassen,20334
damals,20311
beide,20297
museum,20280
köln,20246
london,20230
arten,20202
danach,20198
politik,20184
bau,20112
kinder,19980
habe,19950
heutigen,19935
französischen,19928
musste,19917
eingesetzt,19869
folgenden,19865
dadurch,19810
entstand,19805
aller,19794
sprache,19788
bezeichnung,19611
kein,19576
maria,19512
vielen,19460
gut,19397
insel,19346
wasser,19343
ließ,19337
ddr,19146
main,19117
werke,19054
mal,19041
haus,19038
blieb,19032
bayern,19028
system,19020
dafür,19014
pro,18978
ich,18949
ernst,18863
weniger,18852
richtung,18630
beginn,18532
ehemaligen,18485
frauen,18476
amt,18453
regierung,18429
gehören,18385
folgende,18341
ihnen,18215
amerikanische,18208
gestorben,18206
otto,18125
erster,18062
trat,18053
gewählt,18049
kleine,18019
robert,18004
martin,17997
darunter,17986
ursprünglich,17968
leipzig,17966
buch,17887
lage,17883
roman,17863
geht,17792
norden,17790
regel,17778
arbeit,17773
lässt,17622
deutlich,17615
europäischen,17592
ebenso,17585
kunst,17554
recht,17527
bad,17485
partei,17435
bürgermeister,17391
zuvor,17380
einsatz,17361
einigen,17298
ob,17232
erfolgte,17228
ortsteil,17164
kommen,17113
errichtet,17086
reihe,17043
lang,17005
höhe,17005
saison,16940
republik,16898
fall,16886
eigene,16837
zweite,16809
university,16809
burg,16748
darüber,16732
provinz,16722
vater,16716
präsident,16707
linie,16702
johannes,16581
kilometer,16531
sachsen,16480
direkt,16420
süden,16368
hin,16364
schule,16362
zahl,16330
betrieb,16259
bestand,16140
müssen,16139
schauspielerin,16105
hohen,16089
tag,15970
erschien,15969
christian,15968
weg,15960
entstanden,15887
carl,15861
politische,15843
hinaus,15802
al,15796
macht,15766
genutzt,15754
wolfgang,15746
mitglieder,15746
französischer,15727
bahn,15664
etwas,15663
maler,15643
zeigt,15593
obwohl,15580
weiterhin,15530
träger,15518
kleinen,15504
wirtschaft,15487
euro,15476
handelt,15449
teile,15404
gebäude,15359
liegen,15340
stehen,15333
hermann,15324
grund,15322
sitz,15287
berliner,15286
sogar,15230
verbindung,15225
album,15209
gemeinsam,15205
tochter,15205
truppen,15179
ganz,15148
osten,15148
raum,15134
größte,15106
ehemalige,15028
alter,15009
kamen,14978
italien,14973
westen,14936
jahres,14897
erreicht,14873
joseph,14832
stellte,14822
landes,14764
alte,14759
autor,14683
stellt,14667
sieben,14657
führen,14642
größten,14606
bischof,14602
letzte,14599
lag,14573
befinden,14569
verwendung,14543
ziel,14540
gleichzeitig,14498
herrschaft,14495
richard,14441
württemberg,14435
preis,14421
politischen,14418
zehn,14416
setzte,14404
einzelnen,14401
international,14363
hohe,14311
spielte,14259
früher,14255
dar,14252
entwickelt,14232
laut,14173
weit,14139
mehreren,14122
online,14114
erneut,14110
entwickelte,14099
walter,14096
amerikanischen,14078
deshalb,14073
starb,14015
to,13992
verfahren,13929
arbeiten,13786
erreichte,13777
übernahm,13745
gegensatz,13744
trotz,13731
armee,13688
spielen,13683
spd,13675
vereinigten,13627
jeder,13617
eher,13616
mutter,13567
bahnhof,13531
et,13522
französische,13511
strecke,13497
gewesen,13495
erwähnt,13490
acht,13488
zentrum,13484
website,13474
west,13445
spiel,13437
hilfe,13428
funktion,13425
herzog,13418
du,13412
serie,13399
verbunden,13394
gewann,13390
frühen,13388
tage,13366
alexander,13336
stellen,13332
österreichischer,13301
lediglich,13260
denn,13256
schlacht,13254
nähe,13248
folgen,13235
max,13212
zusätzlich,13206
stelle,13202
wappen,13195
anzahl,13169
general,13139
rom,13135
kloster,13107
graf,13048
gmbh,12989
zürich,12973
römischen,12958
dorf,12955
bezirk,12941
jean,12937
internationalen,12919
beträgt,12901
wenig,12880
benannt,12872
van,12867
le,12867
einfluss,12864
gleichen,12857
version,12857
spieler,12845
iv,12829
anschließend,12807
bilden,12802
bildung,12799
verkehr,12796
städte,12699
enthält,12664
cm,12604
klasse,12587
verein,12582
gelang,12565
quellen,12522
sehen,12506
gründung,12498
sommer,12459
viel,12393
rudolf,12340
sogenannten,12332
bildet,12325
akademie,12295
heißt,12285
hälfte,12263
historische,12224
for,12187
artikel,12160
england,12158
indem,12145
solche,12131
männer,12120
josef,12117
bestehen,12094
veröffentlicht,12091
erfolgt,12022
wiener,12007
wohl,11991
hessen,11945
machte,11939
polen,11939
sollten,11931
dagegen,11926
david,11900
grenze,11882
nahe,11872
mindestens,11865
zusammenhang,11857
ihres,11857
theater,11849
machen,11827
großer,11822
schrieb,11802
see,11795
daten,11780
wenige,11772
mm,11770
zog,11751
ländern,11728
sogenannte,11725
organisation,11719
sollen,11708
darin,11700
press,11689
internationale,11687
folgte,11646
bd,11641
nachfolger,11634
wert,11623
william,11618
britischer,11587
zuge,11570
welches,11564
erreichen,11553
china,11527
wahl,11522
britischen,11520
kaum,11508
groß,11498
würde,11495
heiligen,11480
produktion,11479
pdf,11463
einzige,11451
sinne,11428
gebaut,11408
sprachen,11393
wichtige,11382
bild,11372
berg,11371
erfolg,11349
dritten,11340
werner,11335
einführung,11315
südlich,11312
seiten,11298
gruppen,11276
umfasst,11254
offizielle,11221
aufgenommen,11209
königreich,11192
stadtteil,11182
geographie,11181
anteil,11149
text,11108
james,11070
nördlich,11029
länge,11018
cdu,11002
wort,10966
künstler,10964
einmal,10963
arbeitete,10946
stammt,10936
stimmen,10932
relativ,10920
historischen,10872
keinen,10860
hinter,10854
darstellung,10819
musiker,10811
ag,10807
bisher,10794
american,10777
on,10775
fest,10773
staat,10766
ehe,10758
county,10753
soldaten,10727
san,10719
weltweit,10714
ähnlich,10703
gesamte,10687
wollte,10659
öffentlichen,10644
vermutlich,10623
george,10616
daraufhin,10612
späteren,10596
vollständig,10579
rhein,10576
wir,10527
besitzt,10526
verfügung,10525
müller,10517
markt,10514
kritik,10484
zugleich,10483
oben,10464
fläche,10462
hingegen,10422
außerhalb,10411
anderer,10392
charles,10385
katholischen,10376
klaus,10364
gemeinderat,10330
hauptsächlich,10324
brandenburg,10323
damaligen,10319
schriften,10317
ersetzt,10311
ausgabe,10302
italienischer,10296
institut,10294
bruder,10291
pfalz,10290
national,10285
nord,10269
veröffentlichte,10256
bewegung,10204
ausschließlich,10195
rechts,10191
möglichkeit,10164
entsprechend,10153
frage,10103
auswahl,10101
folgt,10079
mannschaft,10060
technik,10053
papst,10039
weise,10031
nie,10029
selten,10028
vertreter,10022
gesamten,10018
hauptstadt,10005
union,9992
englischen,9988
andreas,9986
britische,9977
römisch,9969
brachte,9957
seien,9910
weitgehend,9905
größere,9899
bestimmten,9896
unterstützung,9886
eröffnet,9883
vertrag,9870
vergleich,9843
erbaut,9839
ausbildung,9833
mittelalter,9822
mittels,9781
größe,9780
zeitpunkt,9773
japan,9772
adolf,9770
bald,9769
entspricht,9768
erde,9762
besitz,9735
allgemeinen,9734
hannover,9734
fc,9733
russland,9706
wiederum,9700
world,9691
zahlreichen,9671
abs,9650
daneben,9636
di,9631
bekannte,9630
dient,9627
mark,9618
betrieben,9612
österreichischen,9604
heutige,9593
geprägt,9592
heinz,9591
spanien,9583
informationen,9574
westfalen,9572
park,9538
schnell,9520
uhr,9515
jeweiligen,9514
preußen,9513
katholische,9511
sieg,9503
teilen,9498
kraft,9485
inzwischen,9478
zeitung,9466
eu,9460
galt,9445
umgebung,9431
philipp,9419
leicht,9414
langen,9401
stiftung,9395
mussten,9388
spielt,9386
entlang,9384
großbritannien,9356
moderne,9350
bedeutet,9340
jede,9337
selben,9333
bestimmte,9324
fischer,9303
basis,9282
zeitschrift,9279
geführt,9274
kanton,9271
entfernt,9265
eingeführt,9260
enthalten,9252
forschung,9238
bietet,9237
hochschullehrer,9208
olympischen,9207
gleich,9186
sehenswürdigkeiten,9180
dresden,9166
hielt,9161
alfred,9158
tätig,9157
nimmt,9153
persönlichkeiten,9152
fanden,9117
minuten,9113
gott,9111
überwiegend,9086
hierbei,9066
verwaltung,9061
albert,9047
dennoch,9019
stil,9012
kg,9009
theorie,9007
gesetz,8983
per,8974
gemacht,8930
tiere,8929
zahlen,8927
projekt,8915
fritz,8895
zuletzt,8881
natur,8874
beispiele,8862
boden,8850
award,8835
schutz,8832
fluss,8809
gefunden,8799
formen,8789
zeigen,8785
co,8752
gemäß,8747
genannten,8746
ferdinand,8729
hof,8723
theologe,8721
rheinland,8720
verbreitet,8708
hoch,8704
orte,8704
frank,8698
allein,8697
inseln,8693
zerstört,8692
jährlich,8690
gold,8688
schüler,8687
bundesrepublik,8683
beschreibung,8670
durchgeführt,8668
jungen,8663
wäre,8657
gelten,8647
bestimmt,8644
stunden,8644
louis,8643
spiele,8633
gerade,8627
weiß,8625
anwendung,8621
wirkung,8613
weiterer,8608
medien,8604
befand,8587
historiker,8571
jedes,8571
science,8559
gründete,8556
eigenschaften,8542
grundlage,8541
druck,8540
neuer,8535
verlauf,8528
beste,8519
ergebnis,8517
beginnt,8512
sänger,8512
kirchen,8504
ost,8501
wahrscheinlich,8486
op,8484
alt,8474
gehörten,8472
opfer,8461
knapp,8454
verloren,8450
dichter,8449
südlichen,8446
europäische,8443
abschnitt,8434
größeren,8427
heraus,8427
ulrich,8426
westlichen,8414
frei,8414
christoph,8407
russischen,8405
wichtigsten,8380
diente,8375
leitung,8371
studien,8371
gegeben,8367
söhne,8366
östlich,8354
kampf,8352
deutschlands,8349
modernen,8346
österreichische,8343
zunehmend,8338
gestellt,8331
city,8328
metern,8322
gattung,8321
länder,8316
herkunft,8301
hand,8301
entweder,8293
meister,8290
besondere,8287
neues,8280
programm,8277
philosophie,8268
ebene,8268
dollar,8266
anders,8256
genau,8252
sowjetunion,8248
religion,8230
sodass,8223
einwohnern,8192
wissenschaft,8189
team,8189
auftrag,8187
bayerischen,8178
übernommen,8165
gehen,8160
energie,8148
dargestellt,8140
düsseldorf,8137
mittel,8123
namens,8120
öffentliche,8107
trainer,8106
modell,8094
revolution,8087
nutzung,8080
westlich,8063
dr,8057
gründen,8054
ungarn,8054
gerhard,8053
fiel,8046
sport,8046
vertreten,8039
könnte,8029
trägt,8027
schwer,8020
zeichen,8019
punkt,8018
fort,8009
gustav,8007
genommen,7986
übersetzt,7981
professor,7975
juden,7969
daraus,7960
sammlung,7952
regelmäßig,7950
aufbau,7932
firma,7927
verhältnis,7924
bonn,7923
sah,7919
tradition,7918
erfolgreich,7913
teils,7913
anna,7910
außer,7910
nichts,7903
lebte,7903
rechte,7899
beschrieben,7894
gebracht,7892
setzt,7890
en,7884
neun,7870
welcher,7869
links,7867
jürgen,7860
schweden,7841
süd,7839
flughafen,7837
thema,7834
oper,7832
kosten,7815
nordrhein,7807
nächsten,7806
anton,7802
joachim,7797
anlage,7793
körper,7790
gebildet,7788
monate,7773
karriere,7768
position,7757
freien,7751
elisabeth,7740
tragen,7721
angaben,7719
vorhanden,7718
gebiete,7708
liebe,7708
bilder,7706
krieges,7699
laufe,7698
live,7697
aufgaben,7696
führung,7693
kurt,7690
bürger,7679
ss,7678
nördlichen,7675
zwölf,7674
münster,7668
wochen,7666
erklärt,7654
wissenschaften,7650
einzelne,7648
herbst,7646
luft,7645
dienen,7644
winter,7643
hinzu,7638
wald,7638
will,7631
halten,7622
rot,7619
kategorie,7618
teilnehmer,7616
elemente,7612
preußischen,7611
herstellung,7603
mainz,7603
bevor,7602
erzbischof,7592
freie,7585
ergibt,7581
bremen,7581
übersetzung,7577
kleiner,7575
saint,7556
allgemein,7550
zusammenarbeit,7543
hergestellt,7537
dritte,7537
verbreitung,7519
geben,7511
erschienen,7511
anschluss,7502
jurist,7499
unterschiedliche,7491
entstehen,7487
technische,7485
unterschiedlichen,7480
unterscheiden,7470
antike,7458
heidelberg,7446
freiburg,7440
infrastruktur,7433
fällen,7430
basel,7422
fußball,7421
unmittelbar,7414
stück,7402
edition,7401
roten,7387
ganze,7385
wenigen,7378
spricht,7378
früheren,7370
geworden,7369
heiratete,7364
bernhard,7352
bleibt,7349
führten,7334
typ,7333
regisseur,7324
stets,7307
entsteht,7299
verläuft,7279
software,7275
junge,7271
autoren,7269
tatsächlich,7268
verfügt,7268
grafen,7267
mittlerweile,7265
übertragen,7262
schulen,7261
hätte,7257
cd,7257
schwarz,7256
allgemeine,7251
schmidt,7247
brücke,7243
dt,7235
bekannten,7233
seitdem,7224
dahin,7205
mensch,7186
versuchte,7180
wesentlich,7179
unabhängig,7166
älteste,7159
königin,7147
reiches,7144
nürnberg,7129
beteiligt,7118
einheit,7117
entstehung,7112
prozess,7110
lebten,7108
mitarbeiter,7107
göttingen,7099
zählt,7094
theodor,7090
städten,7090
eingestellt,7089
zählen,7086
verband,7083
jetzt,7082
unterstützt,7072
benutzt,7070
wodurch,7066
tritt,7062
aufgabe,7058
her,7053
ministerpräsident,7048
halle,7045
besitzen,7040
jedem,7037
kind,7032
vorsitzender,7026
besten,7020
nationalsozialismus,7020
nehmen,7015
verhalten,7006
königs,7005
offiziell,7005
alles,6994
fernsehserie,6987
journalist,6987
verlor,6985
jugend,6981
zuerst,6974
technischen,6973
klein,6965
internet,6951
architekt,6948
landwirtschaft,6946
hochschule,6938
jan,6930
heimat,6930
probleme,6925
rock,6921
tv,6913
nutzen,6910
volk,6909
unten,6893
helmut,6890
griechischen,6881
betrug,6877
praxis,6872
nacht,6863
marie,6858
bezug,6856
kopf,6849
studierte,6829
englische,6826
höchste,6823
ordnung,6820
betrachtet,6816
unternehmer,6802
familien,6797
regionen,6792
französisch,6791
weiteres,6782
untersuchungen,6781
eltern,6779
royal,6758
funktionen,6733
dienst,6728
manchmal,6715
besuchte,6703
siedlung,6694
quelle,6680
studium,6677
erhält,6666
jakob,6666
sieht,6665
ns,6663
zeiten,6661
lehrer,6659
vereinigte,6658
darf,6657
herbert,6645
situation,6636
angeboten,6633
del,6627
grenzen,6624
beziehungen,6623
all,6623
engl,6616
stammen,6615
bahnstrecke,6612
aufgelöst,6602
zweiter,6601
ausdruck,6594
geschlossen,6592
erich,6592
parteien,6590
los,6589
starke,6583
wesentlichen,6570
aufnahme,6569
dieter,6565
lebens,6560
verkauft,6559
entdeckt,6552
konrad,6544
inneren,6540
daniel,6535
englischer,6531
schiff,6528
widerstand,6522
menge,6517
filme,6510
fahrzeuge,6505
oberen,6501
gingen,6497
meer,6492
erscheint,6490
air,6483
standen,6478
kurze,6475
schrift,6473
römische,6472
indien,6464
soziale,6463
industrie,6462
verfassung,6462
breite,6455
ernannt,6454
italienischen,6451
folgender,6448
völlig,6442
methode,6438
andererseits,6436
bildete,6431
belegt,6430
texte,6414
unterschied,6408
schleswig,6403
zustand,6396
radio,6386
ritter,6385
variante,6383
wissenschaftliche,6373
turm,6366
henry,6365
gute,6363
bleiben,6363
weißen,6352
weist,6351
satz,6347
möglicherweise,6346
verlassen,6344
existieren,6338
bern,6338
spätere,6329
struktur,6325
mehrfach,6325
tal,6322
richter,6320
leistung,6314
bücher,6314
zentrale,6312
min,6309
straßen,6308
eigentlich,6307
folgten,6305
darmstadt,6302
blieben,6293
klassischen,6290
bund,6284
verliehen,6282
nahezu,6280
leiter,6277
herren,6277
rat,6276
wirken,6268
zeigte,6263
parallel,6257
deutsches,6256
gelegentlich,6254
auszeichnungen,6253
lied,6253
ha,6252
bezeichnete,6251
jüdischen,6247
weder,6245
sicht,6242
entscheidung,6239
definiert,6235
evangelische,6235
el,6233
at,6231
beziehungsweise,6230
hektar,6219
präsidenten,6214
bester,6213
bistum,6204
älteren,6202
schriftstellerin,6191
evangelischen,6190
stieg,6180
society,6180
sankt,6173
rechten,6170
erkennen,6168
konzept,6167
übrigen,6165
würden,6161
spanischen,6155
interesse,6153
zumindest,6153
sozialen,6152
no,6152
gelände,6147
digitalisat,6138
mehrheit,6135
besser,6125
arzt,6115
starken,6114
werde,6109
architektur,6106
einrichtungen,6098
stein,6087
handel,6086
pflanzen,6085
daran,6081
problem,6080
wolf,6080
legte,6080
definition,6075
ehemaliger,6073
sängerin,6066
wuchs,6059
ereignisse,6056
auflösung,6056
kapelle,6055
ausstellung,6054
wissen,6049
erklärte,6045
evangelisch,6042
lösung,6041
ausgezeichnet,6040
ortschaft,6040
öffentlichkeit,6039
kehrte,6029
trug,6023
maßnahmen,6022
linken,6012
ganzen,6009
pierre,6007
versucht,6006
friedhof,6002
ermöglicht,5994
frühjahr,5993
werte,5993
erweitert,5989
stern,5989
töchter,5984
einwohnerzahl,5984
star,5982
wechselte,5977
höheren,5973
kleinere,5969
lehre,5968
gehalten,5968
rote,5966
reise,5964
kindern,5952
club,5950
ausnahme,5946
kreuz,5944
bibliothek,5941
herrscher,5940
gymnasium,5930
unterscheidet,5915
les,5914
bringen,5911
abschluss,5908
lexikon,5905
hamburger,5905
verbindungen,5904
hall,5896
auftreten,5894
existiert,5889
hersteller,5884
tätigkeit,5881
hintergrund,5880
licht,5869
donau,5863
eingerichtet,5858
phase,5853
bände,5853
afrika,5851
großes,5850
infolge,5849
bestandteil,5848
prinzip,5847
gar,5840
einfach,5838
pfarrkirche,5837
verschiedener,5836
tagen,5836
grünen,5826
produziert,5823
niederlande,5818
stefan,5816
regierungschef,5815
dynastie,5811
beiträge,5811
östlichen,5809
bildhauer,5809
stattdessen,5795
finale,5794
abteilung,5789
verheiratet,5787
stellung,5786
gleichnamigen,5785
ferner,5781
höhere,5777
erhielten,5776
material,5774
hervor,5772
hitler,5770
angesehen,5768
linien,5768
gemeinsamen,5766
ältesten,5760
erstes,5756
grundsätzlich,5754
ägypten,5752
gegenwart,5750
rang,5742
holstein,5739
kassel,5737
parlament,5728
holz,5727
weltkriegs,5726
unterhalb,5717
silber,5717
essen,5716
wer,5713
angegeben,5710
grafschaft,5710
züge,5706
regeln,5703
unterschieden,5699
höchsten,5696
aktiv,5690
river,5689
gesehen,5684
gebieten,5681
fiction,5678
geschrieben,5675
hätten,5675
veranstaltungen,5673
punkte,5667
frankfurter,5665
nennt,5661
treffen,5654
landschaft,5648
code,5647
bedingungen,5647
öffentlich,5647
nationalen,5647
beschreibt,5638
wiesbaden,5638
ergebnisse,5634
standard,5633
albrecht,5629
gespielt,5621
tour,5607
frieden,5604
entsprechenden,5602
versuch,5599
behandlung,5598
miteinander,5596
island,5589
zugeordnet,5587
untersuchung,5584
anlässlich,5579
möglichst,5572
europas,5566
gottes,5566
gegner,5565
ordens,5560
hoher,5557
fernsehen,5554
katholischer,5548
staffel,5547
freiheit,5538
mitgliedern,5534
mittleren,5534
eduard,5529
julius,5529
bekam,5526
wagen,5520
beziehung,5518
russische,5516
vi,5509
song,5508
üblich,5505
späten,5503
notwendig,5494
eisenbahn,5483
niederösterreich,5482
kontrolle,5478
tübingen,5478
idee,5477
braunschweig,5475
zumeist,5470
ff,5469
un,5463
video,5459
einheiten,5456
gemeinsame,5456
geschaffen,5455
liga,5451
patienten,5450
jazz,5450
zukunft,5448
fragen,5443
sicherheit,5440
medizin,5435
häuser,5435
salzburg,5434
gelegenen,5428
systeme,5424
ältere,5420
arthur,5417
entsprechende,5417
figur,5417
erfolge,5417
themen,5416
studie,5414
schwarzen,5413
bedeutende,5413
unteren,5413
australien,5412
merkmale,5411
angriff,5406
hugo,5401
erscheinen,5388
methoden,5385
ortes,5376
wirtschaftliche,5365
dürfen,5363
ursprünglichen,5363
sonne,5363
solchen,5354
grand,5352
abstand,5345
abkürzung,5345
kb,5338
vorher,5330
kontakt,5328
music,5322
herausgegeben,5321
angelegt,5319
dänemark,5317
standort,5305
com,5305
matthias,5304
politikerin,5300
derzeit,5300
manche,5300
systems,5297
lebt,5296
beck,5294
bundesliga,5293
gemeinschaft,5291
verantwortlich,5291
verhindern,5285
einschließlich,5281
niederlage,5278
portugal,5272
fällt,5270
reaktion,5257
rückkehr,5256
kanada,5256
anfangs,5255
sinn,5249
bewohner,5248
kommission,5245
geplant,5245
weisen,5244
elf,5232
endete,5229
oxford,5226
amerikaner,5224
single,5224
größer,5218
deutschsprachigen,5217
springer,5216
könne,5212
vaters,5208
mio,5198
handbuch,5193
vorbild,5187
formel,5186
maschinen,5186
geld,5182
history,5182
league,5179
bank,5178
alpen,5176
stadion,5173
gewinnen,5172
zeitraum,5172
abhängig,5171
philosoph,5169
schiffe,5166
israel,5164
verwendete,5159
windows,5156
genannte,5154
szene,5135
überhaupt,5131
rathaus,5130
schweren,5129
ehemals,5124
status,5122
manfred,5122
besetzt,5121
vorwiegend,5117
netz,5116
niedersachsen,5114
geistlicher,5113
hält,5109
etc,5108
gegründete,5107
farben,5106
orden,5106
pfarrer,5105
farbe,5104
horst,5102
politisch,5102
unterschiedlich,5100
hierzu,5100
spezielle,5096
klima,5085
jeden,5081
familienname,5080
würzburg,5075
handlung,5071
jüdische,5065
außen,5064
heft,5057
tourismus,5056
historisch,5055
verließ,5049
division,5043
anspruch,5041
gewonnen,5040
neuzeit,5038
einerseits,5037
nationale,5036
guten,5036
benötigt,5035
umbenannt,5031
gezeigt,5028
spitze,5020
private,5020
meistens,5020
angenommen,5020
bestätigt,5018
weltkrieges,5018
wissenschaftlichen,5018
nahmen,5012
gesetzt,5011
zug,5010
it,5009
begonnen,5005
thüringen,5005
gottfried,5003
höher,5003
militärische,5002
großteil,5001
polnischen,5001
tor,4999
cambridge,4990
verteilung,4990
tonnen,4989
treten,4987
freund,4981
ostpreußen,4976
united,4975
leistungen,4974
figuren,4963
gemeindegebiet,4961
frühe,4955
start,4955
anhand,4954
waffen,4953
motor,4951
christlichen,4950
ehefrau,4947
werken,4941
lieder,4940
gegründeten,4939
militärischen,4938
bieten,4934
mecklenburg,4930
weiße,4928
polizei,4925
ähnliche,4923
moskau,4922
varianten,4913
anlagen,4910
belgien,4908
schwester,4908
italienische,4901
bach,4898
usw,4896
gericht,4892
zuständig,4888
errichtete,4887
produkte,4880
kölner,4874
erfolgen,4872
fürst,4871
leopold,4867
övp,4867
schreiben,4864
stärker,4863
prinz,4863
nsdap,4861
vorkommen,4858
zentralen,4858
sowjetischen,4855
temperatur,4854
feld,4854
kombination,4853
gefahr,4851
vorgesehen,4851
wirtschaftlichen,4847
durchmesser,4843
washington,4841
endgültig,4840
brüder,4836
studenten,4832
russischer,4832
ukraine,4832
vgl,4831
hafen,4830
ungefähr,4829
chinesischen,4826
erhoben,4824
vielzahl,4821
center,4819
aufgebaut,4819
modelle,4818
verlegt,4817
zufolge,4816
erlaubt,4814
nämlich,4813
heer,4810
vergangenheit,4808
veröffentlichung,4806
marine,4806
simon,4805
weltmeisterschaft,4804
sitze,4798
mathematiker,4796
türkei,4793
neustadt,4789
ersterwähnung,4787
from,4787
physiker,4782
küste,4774
archiv,4774
griechenland,4767
ermöglichen,4759
einzigen,4758
staatliche,4758
ausland,4757
physik,4755
charakter,4750
arnold,4748
sprach,4743
abgeschlossen,4742
fallen,4741
ausbau,4738
erhöht,4738
schwarze,4728
erzeugt,4721
arts,4713
festival,4712
altstadt,4712
förderung,4710
festgelegt,4706
aufstieg,4704
zusätzliche,4703
getrennt,4699
www,4698
rennen,4696
nieder,4687
anhalt,4686
begannen,4680
edward,4679
gesprochen,4677
berichtet,4674
life,4671
uns,4664
urkundlich,4659
bislang,4658
anmerkungen,4656
günter,4654
hierfür,4650
denkmal,4648
vereinigung,4643
speziell,4637
nannte,4636
records,4632
klosters,4631
milliarden,4631
station,4628
stadtgebiet,4627
japanischen,4625
schwere,4622
dirigent,4617
zeitweise,4614
original,4614
fassung,4608
analyse,4602
ursprung,4601
flagge,4598
beitrag,4597
versehen,4595
rede,4593
weimar,4591
veränderungen,4591
pommern,4591
herr,4590
kardinal,4590
zweck,4586
herzogtum,4577
innere,4574
bestehenden,4574
bundesstaat,4573
monaten,4572
ausgestattet,4569
organisationen,4569
objekte,4564
bauern,4558
weshalb,4556
unabhängigkeit,4553
eng,4552
wagner,4549
nummer,4549
post,4549
brasilien,4546
schneider,4546
entwickelten,4545
wollen,4545
verboten,4543
academy,4542
lagen,4539
besaß,4536
erinnert,4536
computer,4534
erforderlich,4532
chemie,4529
staatlichen,4527
nikolaus,4526
möglichkeiten,4524
grad,4522
bericht,4519
provinzen,4512
kleineren,4509
halbinsel,4507
nachgewiesen,4505
letztlich,4503
mathematik,4502
gebrauch,4501
kurzen,4498
don,4494
mb,4489
umstritten,4489
blau,4487
magdeburg,4485
anhänger,4474
do,4474
you,4471
spiegel,4470
theologie,4470
adam,4469
plan,4469
masse,4465
vereine,4460
school,4459
umwelt,4457
wichtigste,4456
grundlagen,4456
besonderen,4452
ring,4447
oberhalb,4446
aufgestellt,4445
gewalt,4443
fdp,4439
north,4434
geburt,4434
bit,4429
militär,4427
entfernung,4425
offizier,4422
mexiko,4421
drittel,4418
ergeben,4417
dietrich,4417
reicht,4415
wege,4413
damalige,4411
behandelt,4409
verbindet,4402
manchen,4398
menschlichen,4397
orchester,4396
reformation,4395
bildeten,4394
traf,4393
schaffen,4391
geburtstag,4390
geschwindigkeit,4384
villa,4383
demnach,4379
geringen,4377
element,4375
dissertation,4373
trier,4373
mädchen,4370
lauf,4369
beschäftigt,4368
santa,4366
besetzung,4362
oberfläche,4358
fuß,4358
gedichte,4358
veröffentlichungen,4357
einrichtung,4356
prag,4355
generation,4350
wichtigen,4349
king,4348
beeinflusst,4345
barbara,4341
bezieht,4341
norwegen,4341
gleiche,4339
rand,4334
bundesstraße,4331
nordosten,4325
as,4321
initiative,4319
sonst,4318
verstärkt,4318
erheblich,4317
erweiterte,4316
gründer,4316
premierminister,4315
mein,4313
verwenden,4307
festung,4307
weber,4302
ausgeführt,4289
bauwerk,4287
priester,4286
hl,4285
augen,4283
smith,4282
eigenes,4281
einfache,4279
früh,4278
din,4276
zugang,4273
aktuelle,4272
département,4270
house,4269
bisherigen,4268
südwesten,4266
münchner,4262
staates,4261
tode,4257
konflikt,4256
elektrische,4255
kreises,4255
venedig,4254
augsburg,4254
kommunikation,4248
bernd,4247
erwarb,4243
einiger,4239
niederländischer,4232
ziele,4227
umfasste,4227
college,4222
with,4222
traditionellen,4219
open,4216
sendung,4216
wichtiger,4215
kern,4213
stimme,4213
goldenen,4208
seither,4208
offiziellen,4207
verwendeten,4205
landkreises,4204
renaissance,4202
is,4200
flächen,4195
lager,4194
krone,4194
niederländischen,4193
eröffnung,4191
iso,4190
unbekannt,4187
geschichten,4186
kanal,4185
handeln,4184
qualität,4178
weibchen,4178
tiefe,4176
meyer,4174
wirkte,4173
kalifornien,4172
üblicherweise,4171
benachbarten,4170
films,4170
sofort,4169
falls,4167
architekten,4163
operation,4160
verändert,4157
black,4156
ursprüngliche,4153
dokumentation,4153
staatsoberhaupt,4151
direktor,4149
fertiggestellt,4145
ließen,4144
fürsten,4143
ausgebaut,4137
anerkannt,4135
gewicht,4134
inhalt,4127
chor,4127
maschine,4126
sciences,4126
günther,4125
erstreckt,4124
sicher,4123
anerkennung,4121
love,4118
getötet,4118
zweier,4111
aufnahmen,4111
british,4109
gelegene,4108
abgerufen,4107
verurteilt,4104
orten,4101
trotzdem,4096
schritt,4095
hoffmann,4095
group,4090
institute,4090
scheint,4089
dortmund,4089
existenz,4087
sprechen,4085
heilige,4082
karte,4080
begriffe,4079
kommunalwahl,4078
alternative,4077
paar,4072
eröffnete,4071
bestanden,4066
brand,4064
management,4063
spö,4063
errichtung,4062
auftritt,4061
entschied,4060
nordwesten,4060
brief,4059
publikum,4058
weimarer,4056
maximal,4055
wm,4055
jährigen,4054
verfasste,4051
runde,4048
geringe,4047
angeles,4044
könnten,4043
klassische,4041
bundeswehr,4040
effekt,4039
vielmehr,4039
südosten,4039
kapitel,4038
rein,4037
françois,4037
aktivitäten,4034
handelte,4028
ziehen,4027
information,4026
strukturen,4026
mögliche,4025
übergang,4024
wahlen,4023
frühere,4023
bauten,4023
flucht,4022
bezeichnungen,4021
ortschaften,4021
geringer,4018
leo,4016
autobahn,4016
womit,4016
felix,4014
wettbewerb,4014
kennen,4011
ansicht,4007
spanischer,4006
organisiert,4006
glauben,4005
suche,4004
komplett,4004
regensburg,4003
amtszeit,4002
best,4001
erklärung,4000
schließen,3999
bruno,3999
mittlere,3997
jacques,3996
angebot,3996
interview,3996
antonio,3995
bundes,3994
leitete,3993
amerika,3988
darstellt,3988
typische,3987
endet,3986
dom,3984
eigentlichen,3984
arbeiter,3984
universitäten,3983
natürliche,3982
künste,3980
zellen,3979
klar,3978
mission,3978
ursache,3974
klavier,3974
bereichen,3972
show,3971
ehrenbürger,3967
gegend,3967
karlsruhe,3964
vereins,3964
funde,3962
geografie,3959
luxemburg,3957
wehrmacht,3956
oftmals,3956
grüne,3955
solcher,3952
sebastian,3951
antiken,3951
rezeption,3950
hauses,3948
franzosen,3943
nationen,3942
erwähnung,3941
by,3940
forderte,3938
geist,3938
minister,3938
punkten,3936
bestehende,3932
umfang,3930
polnischer,3930
namensgeber,3928
natürlichen,3928
sämtliche,3925
abt,3925
me,3920
entwickeln,3920
länger,3919
meinung,3918
entgegen,3918
neubau,3918
voneinander,3914
sieger,3912
symbol,3909
dur,3908
chicago,3907
company,3907
grenzt,3907
bauwerke,3904
alben,3904
traditionell,3903
strecken,3902
aussage,3901
zweimal,3900
setzen,3899
anwendungen,3899
emil,3898
aufgeführt,3897
flugzeug,3897
grab,3896
führer,3894
erweiterung,3889
baureihe,3884
bekanntesten,3881
mengen,3876
mehrerer,3875
bedarf,3873
rest,3872
spanische,3872
krankheit,3868
privaten,3868
königlichen,3867
schuf,3866
museen,3865
vierten,3858
nachbargemeinden,3857
eberhard,3856
arabischen,3856
tempel,3854
vergeben,3850
ideen,3850
dvd,3849
garten,3846
verhandlungen,3846
entwurf,3843
monat,3842
red,3842
blick,3841
jesus,3835
gouverneur,3834
gekommen,3833
schwerpunkt,3832
lokalen,3827
lautet,3824
aussagen,3822
japanischer,3821
eigener,3820
herz,3819
einfachen,3818
mannheim,3818
kaisers,3817
karten,3817
direkte,3815
ps,3815
wichtig,3815
kanadischer,3815
ch,3813
hotel,3813
besucher,3810
diplomat,3809
eroberung,3802
löste,3798
linke,3797
trennung,3795
strom,3795
evangelischer,3792
zählte,3787
breiten,3784
behörden,3784
niederlanden,3784
offenen,3781
sender,3781
erzielte,3780
zogen,3776
service,3775
gestaltung,3773
beteiligten,3767
geräte,3765
aktuellen,3762
russisch,3761
il,3760
begrenzt,3760
untersucht,3759
traten,3759
baute,3757
bezüglich,3757
beendete,3757
männchen,3757
rolf,3754
goldene,3754
aachen,3754
eigenständige,3750
ortsteile,3750
books,3749
cup,3747
woche,3745
asien,3743
meisterschaft,3743
beendet,3743
verpflichtet,3740
beschlossen,3739
ausgaben,3737
sächsischen,3735
reduziert,3734
mir,3732
rainer,3731
jesu,3730
eugen,3729
planung,3729
presse,3726
offen,3724
flotte,3722
blut,3712
möglichen,3711
bot,3711
bezogen,3711
jerusalem,3708
gewässer,3707
umsetzung,3705
anforderungen,3705
höhepunkt,3704
oberösterreich,3702
verstanden,3701
volkszählung,3699
francisco,3694
oscar,3692
metal,3691
leitet,3689
reichen,3688
praktisch,3685
nationalpark,3682
josé,3680
aufstand,3680
griechische,3676
sog,3676
vieler,3675
ergänzt,3675
geriet,3670
kz,3670
angeblich,3669
komponisten,3665
römer,3665
geeignet,3664
giovanni,3663
einst,3663
time,3657
tun,3656
nordamerika,3655
south,3652
haltung,3651
wiederholt,3650
marx,3647
bundestag,3646
graz,3644
schlug,3643
falle,3641
getragen,3639
wirkt,3639
maximilian,3635
preußischer,3635
france,3633
japanische,3633
erreichten,3632
erzählung,3632
goethe,3631
hieß,3630
versionen,3629
konstruktion,3628
top,3626
böhmen,3626
filmen,3626
errichten,3626
angeschlossen,3625
fließt,3625
ehren,3622
galerie,3620
zusammengefasst,3619
vorteil,3616
super,3615
grün,3614
journal,3614
jener,3613
stephan,3611
hängt,3608
teilnahme,3608
darstellen,3606
untergebracht,3606
übersetzer,3605
dank,3603
politischer,3603
bgb,3598
innenstadt,3595
stellten,3593
auswirkungen,3592
bedeutendsten,3591
grundschule,3589
gestalt,3588
beschäftigte,3585
befanden,3584
berufen,3583
dörfer,3582
org,3581
feuer,3578
orgel,3575
bereiche,3574
kräfte,3574
brach,3574
tschechien,3574
änderungen,3571
transport,3571
siedlungen,3570
änderung,3565
feuerwehr,3561
interessen,3556
db,3556
tabelle,3555
liegenden,3555
jahrzehnten,3554
machten,3551
offenbar,3550
bestimmung,3548
polnische,3548
begründet,3545
bedingt,3545
christen,3544
design,3543
wechsel,3541
eindeutig,3539
association,3539
dortigen,3539
römischer,3539
alliierten,3538
tieren,3536
täglich,3536
betriebe,3536
aufl,3536
tore,3535
vorgänger,3532
ausgetragen,3530
harry,3527
übernahme,3525
mediziner,3525
schützen,3520
erfahrungen,3519
christliche,3518
wunsch,3517
uraufführung,3514
chemiker,3512
jüngeren,3506
könige,3505
belegte,3504
übernehmen,3503
dauer,3503
siegfried,3500
kritisiert,3499
unterschiede,3498
beschloss,3498
verteilt,3495
mittelpunkt,3495
gaben,3487
beider,3487
lateinischen,3486
elektrischen,3483
schwedischen,3482
my,3481
marke,3478
beschränkt,3478
viertel,3477
versuche,3477
ingenieur,3477
vii,3476
schwedischer,3474
verteidigung,3473
jörg,3472
bronze,3471
objekt,3469
drama,3465
produkt,3463
irland,3463
markus,3459
herausgeber,3459
spielten,3459
mehrmals,3458
keiner,3456
äußeren,3455
basiert,3453
statistik,3453
drehbuchautor,3453
reste,3452
braun,3449
tom,3448
verbot,3447
mailand,3446
jacob,3443
vorstellung,3443
briefe,3443
leiden,3442
ibn,3440
urteil,3439
nennen,3439
zugunsten,3438
franken,3438
toten,3438
football,3438
zuschauer,3433
beobachtet,3432
athen,3431
ja,3428
nachrichten,3427
hinsichtlich,3426
erzählungen,3423
rundfunk,3420
kiel,3418
jena,3417
pianist,3417
versorgung,3416
verkaufte,3416
fahrzeug,3414
wissenschaftler,3412
speziellen,3407
kongress,3406
sofern,3405
zieht,3401
auffassung,3401
eingegliedert,3401
stücke,3394
entdeckung,3393
unterstützte,3392
durchaus,3392
sagte,3392
feste,3391
besuch,3391
spätestens,3390
songs,3386
preußische,3384
moritz,3383
temperaturen,3380
vielfach,3380
lebenden,3378
größtenteils,3378
auseinandersetzungen,3376
nation,3376
pläne,3376
fotos,3375
eigentliche,3375
nachkommen,3374
expedition,3374
verlust,3373
reisen,3372
anne,3371
katholisch,3371
ua,3371
kunden,3369
samuel,3368
güter,3367
materialien,3364
ufer,3363
baum,3362
mannschaften,3361
demokratie,3360
jüngere,3360
nächste,3357
henri,3355
pariser,3354
amsterdam,3354
bergen,3354
hundert,3352
verstehen,3351
darstellungen,3349
mich,3349
üblichen,3348
one,3348
langsam,3348
überliefert,3348
kulturelle,3348
biographie,3348
gemarkung,3348
fakultät,3346
bündnis,3346
österreichs,3343
christus,3343
gelegt,3342
lief,3342
schreibt,3340
denken,3339
himmel,3337
tat,3333
kontext,3323
gekennzeichnet,3321
biografie,3319
diverse,3318
übertragung,3317
marburg,3317
fehler,3316
sichtbar,3316
unterteilt,3315
gezählt,3312
christi,3312
mary,3311
haut,3310
bin,3310
spuren,3308
verfügen,3308
reinhard,3305
bayerische,3305
magazin,3303
dreißigjährigen,3302
unternehmens,3301
verbandsgemeinde,3300
gestaltet,3300
fortan,3299
scheiterte,3297
demokratischen,3297
gemälde,3294
harald,3293
juan,3290
mittelalterlichen,3290
religiösen,3290
tirol,3289
abgeleitet,3288
sc,3288
nassau,3288
arbeitet,3287
bielefeld,3287
beteiligung,3286
aufklärung,3285
freunde,3283
boot,3282
umfangreiche,3281
jack,3280
chronik,3280
bauer,3278
prinzessin,3278
vielleicht,3273
seltener,3273
zerstörung,3271
umgebaut,3270
high,3267
verkauf,3267
besatzung,3265
kamera,3265
homepage,3264
wind,3257
wesen,3253
systematik,3250
vermeiden,3249
sur,3249
maßgeblich,3247
csu,3247
chemische,3246
griechisch,3245
ad,3242
teams,3241
christentum,3240
verfügte,3240
abgelehnt,3239
indischen,3239
startete,3236
historischer,3235
wollten,3235
erhebung,3230
sinfonie,3230
bühne,3229
urkunde,3228
legende,3228
sterne,3226
schließt,3226
flora,3226
aspekte,3225
öl,3224
therapie,3224
andré,3223
michel,3223
ton,3222
landtag,3217
mythologie,3217
katharina,3214
regionale,3214
unterstützen,3214
zugänglich,3214
gerät,3213
bestimmen,3212
wein,3212
anlass,3211
konzert,3204
staats,3204
abgeordneter,3201
streit,3200
berge,3199
trifft,3198
bibel,3198
nominiert,3197
erfinder,3197
ortsgemeinde,3196
gering,3196
white,3195
buchstaben,3194
breit,3193
integriert,3193
bands,3188
produzent,3186
nominierung,3186
veröffentlichten,3185
nationalsozialisten,3184
bauen,3183
positiv,3183
ehrungen,3183
ums,3182
nationalmannschaft,3181
sowjetische,3177
engagement,3176
vorpommern,3176
innsbruck,3174
tunnel,3174
errichteten,3171
umgeben,3170
institutionen,3170
erfüllt,3167
koch,3167
mitteleuropa,3166
bedient,3166
anderes,3164
erinnerung,3164
stunde,3160
gelangte,3160
medaille,3159
auszeichnung,3158
jones,3158
flugzeuge,3157
erlangte,3157
gesichert,3154
direkten,3154
chef,3154
erlangen,3152
letzter,3151
aktion,3151
festen,3149
absolvierte,3149
begleitet,3146
fielen,3143
eins,3143
ermittelt,3143
ruf,3143
lernte,3140
ermordet,3139
lee,3138
th,3136
vorhandenen,3136
nahrung,3135
annahme,3135
fehlen,3132
traditionelle,3132
ben,3131
kaiserlichen,3131
betroffenen,3131
golden,3128
jährige,3127
prozesse,3126
williams,3126
lokale,3126
kämpfen,3125
chinesische,3124
mg,3120
brown,3118
argentinien,3118
elbe,3118
auseinandersetzung,3115
sv,3114
betroffen,3114
state,3110
front,3108
religiöse,3108
kennzeichen,3107
letztere,3104
programme,3104
lübeck,3103
stärke,3101
morgen,3100
kleines,3100
gezogen,3099
weite,3099
ausgeschlossen,3098
gesetze,3097
regierungsbezirk,3094
studio,3090
tief,3088
wesentliche,3087
pop,3087
bereit,3085
umgekehrt,3083
südliche,3083
positionen,3081
fahren,3076
anstelle,3074
völker,3074
vorstellungen,3074
summe,3073
mündet,3073
fraktion,3072
briten,3071
jene,3069
einstellung,3067
eingeweiht,3064
instituts,3064
vermutet,3061
roland,3060
saale,3060
siegen,3060
projekte,3057
blätter,3056
wahrheit,3056
angebracht,3056
autorin,3056
gegenstand,3055
zusammensetzung,3055
roger,3053
umgesetzt,3053
städtischen,3052
beruf,3051
abbildung,3050
neckar,3050
gemessen,3049
bewusst,3048
datei,3048
winkel,3045
seen,3045
suhrkamp,3044
identität,3043
knoten,3043
stationen,3042
moll,3042
gesundheit,3041
paderborn,3040
betreiben,3040
country,3040
unterscheidung,3039
rumänien,3039
fenster,3038
horn,3036
berücksichtigt,3034
meine,3032
eishockeyspieler,3030
geblieben,3028
typisch,3027
dfb,3027
sonstiges,3026
verleger,3026
lateinisch,3024
gelangen,3023
texas,3023
beziehen,3022
abgerissen,3019
häufiger,3018
lehnte,3018
persönlichen,3018
diskutiert,3017
offene,3016
konzerte,3015
first,3013
abgelöst,3013
faktoren,3013
romane,3011
stufe,3010
nutzte,3009
bringt,3009
innen,3009
derselben,3008
genaue,3008
unterschiedlicher,3008
vergleichsweise,3006
weltmeister,3006
server,3004
fälle,3000
kaufmann,2998
ausführung,2997
ex,2995
force,2995
beginnen,2995
westliche,2994
forschungen,2993
betreibt,2993
dürfte,2992
heißen,2988
islam,2988
umgewandelt,2988
oldenburg,2988
gewissen,2985
kriegsende,2983
langer,2981
drehbuch,2981
angesichts,2981
entlassen,2979
sprecher,2976
regelung,2975
rio,2975
diskussion,2974
oskar,2974
rose,2974
kindheit,2974
vertrieben,2974
blues,2973
aufgegeben,2972
regional,2970
schwedische,2969
gelegen,2967
eva,2965
pc,2965
format,2965
entsprechen,2964
geregelt,2964
starben,2963
aktuell,2961
dienten,2959
südafrika,2959
abgrenzung,2958
dritter,2958
re,2956
oliver,2955
verbreitete,2952
senat,2952
territorium,2952
aufweisen,2951
zentimeter,2951
flügel,2949
jahrzehnte,2948
rasch,2948
zdf,2948
längere,2947
berechnung,2946
datum,2946
zustimmung,2946
durfte,2945
sagen,2944
malerei,2942
verhindert,2941
entschieden,2939
änderte,2937
douglas,2935
kritiker,2935
johnson,2933
partner,2933
testament,2933
verfügbar,2932
befehl,2932
voraussetzungen,2932
vollständige,2930
vorgestellt,2930
gewisse,2927
versteht,2925
kw,2923
gründe,2922
blüten,2920
erlebte,2919
vol,2919
stahl,2918
uwe,2917
versuchen,2916
internationaler,2916
jagd,2916
verständnis,2915
digitale,2914
erzeugen,2913
dänischen,2913
gefördert,2912
verletzt,2911
vögel,2911
flug,2909
bildern,2907
express,2907
erfolgreichen,2906
iran,2905
stadtrat,2905
beschrieb,2903
analog,2903
ausreichend,2901
verbrachte,2901
erzählt,2900
zufluss,2900
geplanten,2898
instrument,2898
verhältnisse,2896
aktive,2895
benjamin,2894
viii,2894
einwohnerentwicklung,2894
streitkräfte,2893
verstorbenen,2892
küche,2892
manager,2890
spanisch,2890
napoleon,2889
via,2889
kurzer,2889
bedeutenden,2886
digital,2884
krankenhaus,2884
identisch,2883
klassen,2882
spektrum,2882
ansonsten,2882
äußerst,2882
kritische,2882
adler,2882
erhältlich,2878
verlängerung,2877
maß,2876
krise,2875
exemplare,2875
ergab,2874
bord,2874
ständig,2873
sa,2873
erkennbar,2871
sonstige,2871
ansatz,2871
typen,2870
aktiven,2869
festgestellt,2866
niederländische,2865
gebirge,2865
erwin,2863
wies,2862
lernen,2862
umfeld,2861
führenden,2860
gipfel,2859
menschliche,2857
interpretation,2857
bundesregierung,2857
potsdam,2857
steigt,2855
besitzer,2855
auto,2851
reichs,2849
auge,2848
hören,2847
stehenden,2845
übergeben,2845
lokomotiven,2845
norbert,2842
begründer,2841
männern,2839
leipziger,2839
anordnung,2838
entscheidungen,2838
lake,2838
mauer,2837
trugen,2834
scott,2832
bewegen,2832
ruhr,2832
heide,2832
rollen,2831
erstellt,2831
verbesserung,2830
belagerung,2830
koblenz,2828
geändert,2827
bekommen,2826
lesen,2825
umgang,2825
bill,2825
dm,2825
ober,2823
beruht,2822
regelmäßige,2822
katastralgemeinde,2822
big,2819
laufen,2819
risiko,2818
komponenten,2817
rosa,2814
gespräch,2813
ursachen,2813
au,2806
erklären,2806
index,2805
rostock,2805
wilson,2804
geschätzt,2803
tier,2803
or,2800
kolonie,2800
ungarischen,2799
victor,2798
preisträger,2798
up,2797
enge,2797
generell,2796
eisen,2796
kantons,2794
planeten,2793
schwierigkeiten,2792
prüfung,2791
verdienste,2790
dichte,2790
nördliche,2789
rücken,2787
schäden,2785
kulturellen,2785
madrid,2785
dienste,2785
aufgeteilt,2783
sturm,2783
sekunden,2783
ard,2779
nunmehr,2779
brachten,2778
frankreichs,2778
jahrhunderte,2776
entdeckte,2774
tu,2774
gedanken,2774
griff,2772
geschützt,2771
fernsehfilm,2771
begründete,2771
steiermark,2771
taschenbuch,2771
gezwungen,2771
besiedelt,2770
mühle,2768
aufgehoben,2768
claude,2767
zusammenschluss,2766
konstanz,2766
reine,2765
eigenschaft,2764
nötig,2764
brunnen,2764
filmregisseur,2762
erworben,2762
breslau,2762
willen,2761
sorgte,2761
flüsse,2761
zugelassen,2760
radrennfahrer,2759
pseudonym,2758
kathedrale,2756
gattungen,2756
bezeichneten,2754
dokumente,2754
medizinische,2753
kilometern,2752
becker,2751
exil,2750
freier,2748
besetzten,2747
stammte,2746
eingang,2745
nato,2745
voraussetzung,2744
real,2742
hollywood,2742
be,2740
net,2740
test,2734
luftwaffe,2734
angepasst,2733
ermöglichte,2733
parks,2732
bochum,2731
hinweise,2729
erfurt,2729
mittelalters,2728
eingemeindet,2728
marcus,2727
benannte,2727
maße,2726
erfolgreiche,2724
geographische,2723
bucht,2723
linux,2722
forscher,2721
verantwortung,2721
erschienenen,2719
zone,2719
sed,2718
typischen,2717
charlotte,2716
forum,2716
widmete,2716
geb,2716
pädagoge,2716
schneller,2715
patrick,2714
setzten,2714
rowohlt,2713
erhöhte,2713
persönliche,2713
musikpädagoge,2713
ausgesetzt,2711
produzierte,2710
besiedlung,2710
research,2709
mündung,2709
francis,2708
hause,2707
literarische,2706
volksrepublik,2705
gerd,2704
durchschnittlich,2704
vorläufer,2703
kurfürst,2702
dna,2701
löwen,2701
finnland,2700
schichten,2699
bewegungen,2699
carlos,2698
instrumente,2698
jahrbuch,2698
italienisch,2697
darum,2694
psychologie,2692
angesiedelt,2691
reiste,2690
museums,2690
konkurrenz,2687
fusion,2686
pokal,2685
umbau,2684
sonntag,2684
entstandenen,2684
besonderheit,2683
weiler,2682
route,2681
gelb,2679
hessischen,2679
weiterentwicklung,2678
unterricht,2678
vorbei,2678
jäger,2677
ämter,2676
positive,2676
sir,2675
extrem,2675
street,2674
schlesien,2673
normalerweise,2673
geschlagen,2672
gesellschaftlichen,2670
szenen,2670
steuern,2668
erziehung,2668
clemens,2667
südwestlich,2665
sp,2665
gewinn,2665
bestehend,2661
gleicher,2660
mitunter,2659
geplante,2658
boston,2658
gemeint,2655
eg,2654
obere,2654
nachweis,2652
abgeordneten,2652
legt,2651
gründeten,2651
entwicklungen,2650
syn,2650
näher,2649
wirtschaftlich,2649
dokumentarfilm,2649
lord,2648
münzen,2648
achse,2647
kabinett,2646
hinweis,2645
vogel,2645
gregor,2645
kommando,2642
fähigkeiten,2642
erbaute,2642
kulturen,2641
geleitet,2641
gebunden,2638
arbeitgeber,2637
schlossen,2637
texten,2636
getroffen,2636
verleihung,2636
mhz,2635
andrea,2634
stamm,2633
fuhr,2632
chemischen,2631
party,2629
abitur,2629
erhaltene,2625
linz,2625
hagen,2624
ausdehnung,2623
erfahrung,2623
bürgerkrieg,2623
media,2623
karls,2623
luther,2622
niederschlesien,2622
engel,2621
kreise,2620
abgesehen,2619
oberbürgermeister,2618
verursacht,2617
gleichung,2615
bezeichnen,2614
abhängigkeit,2613
dänischer,2613
jenseits,2611
integration,2611
fpö,2611
ehemaliges,2610
warum,2610
ball,2609
null,2608
beherbergt,2607
großkreuz,2606
stämme,2606
verordnung,2605
wirklichkeit,2604
neuseeland,2604
voll,2604
sterben,2604
beigesetzt,2604
wachstum,2603
genug,2602
berichte,2602
unesco,2602
marc,2601
ereignis,2601
leisten,2600
bob,2596
rücktritt,2595
straßenbahn,2595
day,2595
antrag,2595
weibliche,2594
states,2594
systemen,2593
reihenfolge,2593
dach,2593
ausstellungen,2593
beschädigt,2593
opposition,2592
zusätzlichen,2592
sophie,2591
welchem,2590
wandte,2589
preise,2588
hochschulen,2587
religionen,2587
müsse,2586
verfolgt,2586
asteroiden,2586
papier,2586
veränderung,2582
space,2582
geschlecht,2581
vierte,2580
schreibweise,2579
fahrt,2578
tatsache,2578
aufmerksamkeit,2578
stadtteile,2578
regionalen,2577
ausstattung,2572
sache,2571
koalition,2571
gesang,2571
historisches,2570
great,2570
beschluss,2569
hill,2568
verwandten,2567
abend,2567
technisch,2566
wären,2563
hauptbahnhof,2562
plätze,2562
fame,2562
zeugen,2558
sizilien,2558
schottland,2558
liegende,2557
wurzeln,2557
soweit,2557
ali,2556
volker,2555
becken,2553
vereinten,2553
european,2550
duisburg,2550
sand,2549
überarbeitete,2549
unabhängige,2546
faktor,2546
verbinden,2545
samen,2545
ähnlichen,2544
last,2544
gruyter,2543
major,2542
kino,2542
charts,2542
überlieferung,2541
läuft,2541
fahrer,2541
wende,2540
eindruck,2540
abtei,2540
unserer,2539
konstantinopel,2538
gefangen,2538
verlängert,2538
joe,2537
chile,2536
gas,2535
abkommen,2533
kooperation,2533
königreichs,2533
entscheidend,2532
kreisstadt,2531
mond,2529
männlichen,2529
südöstlich,2529
messe,2527
wdr,2527
durchführung,2527
kriterien,2526
gefertigt,2526
osmanischen,2526
nordöstlich,2526
singles,2524
organist,2524
kommunistischen,2523
block,2521
wiederaufbau,2521
publikationen,2520
gefahren,2518
bewegt,2518
bamberg,2517
beschäftigten,2516
zwecke,2515
heyne,2515
erfüllen,2513
hg,2513
victoria,2513
gitarre,2513
vorstand,2512
stoffe,2511
obersten,2511
neapel,2511
las,2510
musical,2509
ulm,2509
dorfes,2508
äußere,2507
gang,2507
weltmeisterschaften,2507
unterstellt,2505
zweites,2505
schicht,2504
studies,2503
hinein,2503
virginia,2502
angst,2502
webseite,2502
welle,2501
jugendliche,2500
zurückzuführen,2500
jung,2498
umständen,2497
veranstaltung,2496
genf,2494
schluss,2492
hauptort,2492
periode,2491
ausbruch,2491
million,2491
ausgestellt,2490
überblick,2489
vorgenommen,2489
deswegen,2486
bisherige,2484
durchschnitt,2484
desselben,2484
infanterie,2484
not,2483
voraus,2483
komödie,2483
fähigkeit,2483
königlich,2483
arena,2483
kandidaten,2482
reform,2482
örtlichen,2480
kirchengemeinde,2479
versuchten,2476
datiert,2476
bevölkerungsentwicklung,2475
beschreiben,2472
wohnung,2472
kaiserreich,2470
gallen,2470
personal,2469
geschieht,2468
wales,2467
pfarrei,2467
lothar,2465
gefängnis,2464
vorschlag,2464
enthielt,2464
spannung,2464
durchschnittliche,2463
besonderer,2463
bessere,2463
geteilt,2462
plus,2462
handlungen,2461
abgebaut,2461
may,2460
finanziellen,2460
theorien,2460
suchen,2460
walther,2459
beobachten,2459
ice,2459
durchsetzen,2458
eingebaut,2457
anti,2455
breisgau,2455
verlief,2455
nordwestlich,2454
oblast,2453
gießen,2453
tschechischer,2452
musikalische,2450
barcelona,2450
kontakte,2449
wild,2448
gabriel,2447
vorteile,2447
eigentum,2447
entscheiden,2447
young,2446
neumann,2444
lösen,2443
vertrat,2443
negativ,2442
irak,2442
lateinische,2441
blue,2441
netzwerk,2440
entstandene,2440
motoren,2440
hinten,2440
einzelner,2439
forderungen,2437
wahrnehmung,2437
verbundenen,2436
angehörige,2436
südamerika,2435
fans,2435
realisiert,2435
earl,2434
ausgebildet,2434
mike,2434
seele,2434
räume,2434
mario,2433
erbe,2431
persönlich,2430
durchbruch,2429
dinge,2429
übersicht,2428
beinhaltet,2428
della,2428
konferenz,2425
richtete,2425
landwirtschaftlich,2425
metall,2423
begründung,2423
america,2422
wahrscheinlichkeit,2422
keller,2421
francesco,2421
woiwodschaft,2421
angehörigen,2420
florenz,2420
jh,2419
weiten,2417
google,2415
liter,2415
berechnet,2414
städtische,2414
hildesheim,2414
geschehen,2414
bekannteste,2414
krankheiten,2413
kriege,2410
erkrankung,2410
bay,2409
fortsetzung,2409
bus,2409
aussehen,2407
restlichen,2406
bevorzugt,2405
konzentration,2405
campus,2405
master,2404
os,2404
vergleichbar,2402
regelungen,2400
freiwillige,2400
versetzt,2398
schwerer,2398
lorenz,2397
allgemeines,2396
zeigten,2396
dos,2395
teilchen,2394
microsoft,2394
erhaltenen,2393
leute,2392
adel,2391
public,2390
east,2390
label,2390
anteile,2387
ray,2386
normalen,2386
gesellschaften,2386
awards,2385
liefert,2384
erforschung,2384
kündigte,2379
western,2378
id,2375
automobilrennfahrer,2375
lewis,2374
geweiht,2372
episode,2372
katholiken,2372
siedler,2371
uefa,2370
carlo,2369
columbia,2369
verstarb,2368
weiblichen,2368
erhöhung,2368
finanzierung,2368
fulda,2368
rené,2366
unsere,2366
these,2366
sahen,2366
norm,2366
kolonien,2365
finanzielle,2365
malerin,2365
wörter,2364
brüssel,2364
erzbistum,2364
book,2362
green,2362
angeordnet,2361
ablauf,2360
gefolgt,2360
gitarrist,2359
bedeutete,2359
haupt,2358
bass,2358
saarbrücken,2357
ehrendoktor,2356
nationalsozialistischen,2356
stockholm,2355
elementen,2354
verwandt,2353
gliederung,2353
übernimmt,2353
special,2352
automatisch,2351
wikipedia,2351
freundschaft,2351
bernard,2350
modern,2350
thron,2349
negative,2346
klassischer,2345
miller,2345
plänen,2345
störungen,2344
wählte,2344
lippe,2343
kaufte,2342
christopher,2341
steiner,2341
verhaftet,2340
ernährung,2337
europäischer,2337
besucht,2337
schlecht,2336
präsentiert,2336
dialekt,2334
georges,2333
häufigsten,2332
verluste,2332
landwirtschaftliche,2331
synonym,2330
dame,2329
bürgerlichen,2329
erkannt,2328
ix,2328
erzielt,2327
sozialistischen,2326
individuen,2326
fürstentum,2325
lat,2325
porträt,2323
nahen,2322
erfasst,2322
zeitungen,2322
audio,2320
zugehörigkeit,2319
medizinischen,2318
nürnberger,2318
ersatz,2317
firmen,2315
residenz,2314
demokratische,2312
geborene,2312
neuere,2312
ausgerichtet,2311
berichten,2311
verbände,2310
syndrom,2310
hoffnung,2310
enden,2308
blauen,2307
fertigstellung,2306
elektronische,2306
brücken,2306
ausnahmen,2303
technologie,2303
untereinander,2302
signal,2302
kurfürsten,2302
atmosphäre,2301
christine,2300
reaktionen,2299
reinbek,2299
lebensweise,2298
gebäuden,2297
ortsbürgermeister,2296
typs,2296
schweizerischen,2296
kanadische,2296
osnabrück,2295
ausdrücklich,2293
erkannte,2292
erobert,2292
leichter,2292
burgen,2292
forderung,2291
manuel,2291
ernannte,2291
überall,2291
belegen,2291
johanna,2290
ausgestrahlt,2290
entsprach,2290
freiherr,2289
beteiligte,2289
organisierte,2288
erfolgten,2288
nachfolge,2288
bäume,2287
dichtung,2285
nochmals,2282
götter,2282
fuchs,2282
unternahm,2281
daß,2280
br,2279
conrad,2279
muster,2279
vermögen,2278
umfassende,2278
untere,2278
fahrzeugen,2277
sauerstoff,2276
verbesserte,2276
türkischen,2276
weser,2276
times,2275
dänische,2275
großem,2274
erhöhen,2274
fehlt,2273
anderson,2273
zahlreicher,2273
kroatien,2273
messung,2272
motiv,2271
angewendet,2270
bearbeitung,2270
straßburg,2270
übernahmen,2270
corps,2267
schicksal,2266
gedicht,2265
erinnern,2264
liberalen,2264
bar,2263
schwierig,2263
ausgangspunkt,2262
wandel,2262
who,2261
ebenda,2260
angabe,2260
gedreht,2260
petersburg,2259
taylor,2258
reden,2258
bewertung,2257
dauerhaft,2257
register,2257
syrien,2256
thüringer,2256
katalog,2256
naturschutzgebiet,2256
fantasy,2255
reiche,2254
archäologische,2254
sultan,2253
gewidmet,2253
dc,2253
sichern,2251
hingerichtet,2251
kategorien,2250
wärme,2250
deutschsprachige,2250
erscheinung,2249
zugrunde,2246
wirklich,2246
literarischen,2246
vorname,2245
model,2243
botaniker,2243
hauptrolle,2242
arm,2242
mac,2242
reihen,2241
verbrechen,2241
stift,2241
dauerte,2240
baron,2240
pflege,2240
hielten,2240
natürlich,2238
magnus,2238
zugeschrieben,2237
sportler,2237
bergbau,2237
suchte,2236
samt,2235
angelegenheiten,2235
ausgewiesen,2234
gefeiert,2234
reinen,2233
monarchie,2233
unklar,2231
wiedervereinigung,2231
central,2231
hinsicht,2230
millimeter,2230
vereinzelt,2230
berichtete,2230
golf,2230
verfolgung,2229
chemnitz,2229
schlüssel,2228
leichtathlet,2228
dokumentiert,2227
army,2226
umliegenden,2225
publizist,2224
älter,2224
verfasst,2224
glas,2224
streifen,2224
berühmten,2223
mord,2223
ensemble,2222
kpd,2222
tokio,2222
mythos,2220
tony,2219
jugendlichen,2219
sorgen,2217
inschrift,2217
verkehren,2217
bedeutender,2216
folgezeit,2215
geschlossenen,2214
old,2214
falsch,2213
ostsee,2213
königsberg,2213
takt,2213
hügel,2211
prix,2211
islamischen,2209
halbfinale,2209
schröder,2208
erhebliche,2208
grafiker,2208
herrn,2207
turnier,2207
eric,2206
alan,2206
chinesischer,2206
jens,2203
beliebt,2203
pferd,2203
bestimmter,2202
gelangt,2202
schiffen,2201
pflanze,2201
solle,2201
vorübergehend,2201
ed,2200
eingeschränkt,2198
port,2198
unterhält,2197
einteilung,2195
steve,2194
betont,2194
stehende,2194
onkel,2194
lösungen,2193
einkommen,2193
ausrichtung,2193
vorlage,2192
erkrankungen,2192
verdienstordens,2191
palast,2190
blatt,2190
erreichbar,2189
zentral,2189
teilung,2189
epoche,2187
erfuhr,2185
veranstaltet,2185
alice,2184
hubert,2183
schatten,2182
tausend,2182
dreimal,2182
durften,2181
vorbereitung,2181
allmählich,2181
pferde,2181
genauer,2179
blaue,2179
soziologie,2178
worten,2178
vermehrt,2178
flusses,2178
kritisch,2178
gärten,2178
zeichnungen,2178
markgraf,2178
hahn,2177
engen,2177
botschafter,2177
erinnerungen,2176
digitalen,2176
ärzte,2174
navy,2174
gräfin,2171
willy,2170
konservativen,2170
out,2169
ford,2169
inhalte,2168
männliche,2168
ausgerüstet,2168
sage,2168
streng,2167
feierte,2167
schwaben,2167
norwegischer,2166
roth,2165
admiral,2165
fördern,2165
geprägten,2165
schlosses,2164
austausch,2164
schwestern,2163
kalten,2163
qualifikation,2162
bruch,2162
glück,2162
sektion,2161
sommerspiele,2161
abstammung,2161
inklusive,2160
li,2160
spielzeit,2160
beweis,2159
ebenen,2159
power,2158
heirat,2157
hart,2157
hinweg,2157
story,2156
kauf,2156
absolute,2155
orthodoxen,2155
stephen,2151
einziger,2151
neueren,2151
abenteuer,2151
äußerte,2150
lyrik,2150
abraham,2149
nachlass,2149
berger,2148
bezog,2148
jüdischer,2148
carolina,2147
galten,2147
einflüsse,2147
vertretern,2147
fünften,2146
ma,2145
platte,2145
bulgarien,2145
jahrhunderten,2143
übersetzungen,2143
willi,2142
tages,2141
amtes,2141
order,2140
rechtsanwalt,2140
rückzug,2139
sitzen,2139
standards,2138
intensiv,2138
slowakei,2138
geöffnet,2138
landrat,2138
kupfer,2137
stieß,2137
versammlung,2136
line,2136
londoner,2135
jg,2135
filmschauspieler,2135
ausgesprochen,2135
besatzungszone,2134
städtepartnerschaften,2134
hitlers,2134
ära,2133
regen,2132
mittelalterliche,2132
verbündeten,2130
bestimmungen,2129
phänomen,2129
ungarischer,2126
verlaufen,2125
florida,2123
diskografie,2121
griechen,2120
kärnten,2120
bogen,2120
antwort,2119
konstantin,2119
verbliebenen,2119
fotograf,2119
little,2118
griechischer,2117
eventuell,2116
schwarzer,2115
abbau,2115
angrenzenden,2115
fleisch,2114
verwaltet,2114
apple,2113
ansässig,2112
julia,2111
brian,2111
logik,2110
mr,2110
jeweilige,2110
einnahmen,2110
rechtliche,2109
bischöfe,2109
archive,2108
außenminister,2108
kap,2108
vorgehen,2107
musikalischen,2107
gelingt,2106
nachdruck,2106
kongo,2106
belege,2105
nationalversammlung,2105
tiefen,2103
legen,2102
night,2102
trafen,2101
evolution,2101
ruprecht,2101
sächsische,2100
urkundliche,2100
vordergrund,2098
hohem,2098
insekten,2098
arbeiteten,2097
führende,2097
unser,2097
gewannen,2096
geologie,2094
verzichtet,2094
volkes,2092
kritisierte,2091
khan,2090
komposition,2090
ermordung,2089
ausrüstung,2089
siemens,2089
nutzt,2088
bekannter,2088
befindlichen,2087
details,2087
eigentümer,2086
östliche,2085
limburg,2085
maximale,2084
synagoge,2083
märchen,2082
gotha,2082
marcel,2081
mitarbeitern,2079
zeitalter,2079
florian,2078
stattfinden,2078
piloten,2078
mainzer,2075
tschechoslowakei,2075
umfassen,2074
berücksichtigung,2074
regime,2074
worms,2074
sank,2073
gesellschaftliche,2072
schaden,2072
gewöhnlich,2071
mischung,2071
generalmajor,2071
jura,2070
reichte,2069
erfindung,2069
aufnehmen,2069
reformen,2068
waffe,2068
dicht,2068
laufbahn,2066
echte,2066
erschlossen,2066
bayerischer,2066
matrix,2066
techniken,2065
bundesautobahn,2065
perspektive,2064
eintrag,2064
wiesen,2064
namentlich,2063
schied,2063
bestätigte,2061
ersetzen,2061
verbessern,2061
boeing,2060
allianz,2060
posten,2060
inn,2060
tobias,2059
vorsitzenden,2059
steuerung,2059
cds,2059
gewerbe,2058
diesmal,2058
dresdner,2058
büchern,2057
existierte,2057
gebildeten,2056
anschlussstelle,2056
frequenz,2056
diversen,2055
wörterbuch,2055
go,2055
na,2054
haushalte,2054
kollegen,2053
klammern,2053
luise,2053
vormals,2053
erdbeben,2053
polnisch,2053
axel,2052
spielfilm,2052
gefährdet,2052
tanz,2052
ursula,2050
doi,2048
sagt,2048
warschau,2048
corporation,2047
schaffte,2047
maurice,2046
befreiung,2046
kopenhagen,2045
dementsprechend,2044
körpers,2043
vereinigtes,2043
ausgehend,2042
eis,2041
ortsteilen,2041
denkmalschutz,2040
hartmann,2039
http,2038
kapitän,2037
umgangssprachlich,2036
borussia,2036
möchte,2035
gegenstände,2035
andrew,2035
vereinen,2035
komplexe,2035
befördert,2035
anstieg,2034
minute,2033
mithilfe,2032
litauen,2032
philip,2031
konflikte,2030
subsp,2030
circa,2029
ausgelegt,2029
vorschriften,2029
einfacher,2028
betriebssystem,2028
überlegungen,2026
niemals,2026
aufweist,2026
werbung,2026
etabliert,2026
ehrenamtlichen,2025
schülern,2025
nachfrage,2024
erkenntnisse,2024
königliche,2021
stoff,2020
chris,2020
vorfahren,2020
größen,2020
astronom,2020
übliche,2019
gestalten,2019
kennt,2018
früchte,2018
angriffe,2017
schnitt,2017
verbessert,2017
olympische,2016
komplexen,2015
elizabeth,2015
verbreiteten,2015
räumen,2014
aufschwung,2014
unabhängigen,2014
data,2013
serien,2013
lieferte,2012
hände,2012
medium,2011
normen,2011
donald,2010
kirchlichen,2010
antrieb,2009
belgischer,2009
messen,2009
verlieh,2009
hochzeit,2009
lebensraum,2008
indianer,2007
geschah,2006
erzielen,2005
gemeindegliederung,2005
holte,2005
beach,2004
teilte,2004
mitteln,2004
zürcher,2004
mars,2004
ablehnung,2003
schwach,2003
duke,2003
helden,2002
einzel,2000
anthony,1999
wählen,1999
begriffsklärung,1999
sicherung,1998
feier,1998
gottlieb,1997
heilbronn,1997
boote,1997
holland,1997
produzenten,1996
reichstag,1996
empire,1995
arabische,1995
gegliedert,1995
traditionen,1994
ressourcen,1994
affäre,1993
davor,1992
bakterien,1991
lutherischen,1991
jackson,1990
strategie,1990
informatik,1989
fränkischen,1989
gewählten,1987
europe,1986
verarbeitet,1986
größerer,1985
spannungen,1985
barock,1985
global,1984
schnelle,1984
arbeitnehmer,1984
philippe,1983
bindung,1983
dirk,1982
akten,1982
jim,1981
bundeskanzler,1980
armen,1980
empfangen,1980
jänner,1980
bearbeitet,1979
var,1979
guter,1978
stellvertretender,1978
verwandte,1978
nachkriegszeit,1978
reinhold,1977
claus,1977
künstlerische,1977
romans,1977
schweizerische,1977
selber,1976
kommune,1976
lehen,1976
long,1974
strahlung,1973
sowjetischer,1973
westfälischen,1973
ägyptischen,1972
lehren,1972
rief,1972
gerne,1971
seitens,1971
nachfolgenden,1971
beobachtungen,1971
journalisten,1969
moderner,1969
solange,1967
herum,1967
mag,1967
schwerin,1967
realität,1966
motive,1966
witwe,1966
niedrigen,1966
ern,1966
sammlungen,1965
formal,1964
kämpfe,1964
vorsitzende,1964
luzern,1963
besseren,1962
wissenschaftlicher,1962
act,1961
interpretiert,1960
heutzutage,1960
welchen,1958
dauert,1957
wonach,1957
gefallen,1957
haft,1956
mechanische,1955
kommentar,1955
australischer,1955
panzer,1954
liefern,1953
häusern,1953
eintritt,1952
zeichner,1952
gebietsreform,1951
gebraucht,1950
vielfalt,1949
stadtbezirk,1949
längeren,1948
philosophen,1947
leser,1947
zelle,1947
gedacht,1946
absatz,1946
peru,1945
journalistin,1945
filmografie,1944
großherzogtum,1944
hund,1944
bundestages,1944
erkenntnis,1943
algorithmus,1943
heinrichs,1943
kurzzeitig,1942
beinahe,1942
eier,1940
distanz,1939
plattform,1938
physikalische,1937
sprachraum,1937
germanischen,1936
schiller,1936
essay,1935
eingestuft,1935
ministerpräsidenten,1935
ausgelöst,1933
sozial,1933
minderheit,1933
benedikt,1933
mode,1932
satelliten,1932
symptome,1930
strafe,1930
web,1929
ansichten,1929
biologie,1929
erwies,1928
vorgang,1928
vorgeschichte,1928
stars,1928
bayreuth,1926
foundation,1926
jährliche,1926
württembergischen,1926
merkmal,1925
mail,1925
moore,1924
ausgrabungen,1924
airlines,1924
wahrgenommen,1923
ändern,1922
tote,1922
muhammad,1921
planungen,1921
insofern,1920
praktische,1920
besaßen,1920
geistlichen,1919
archäologie,1919
eben,1919
betrachten,1918
speicher,1917
markiert,1917
altar,1917
umfangreichen,1915
neuauflage,1915
wohnte,1915
helfen,1914
giuseppe,1914
aufenthalt,1914
doppel,1914
zueinander,1914
kfz,1914
wachsen,1914
kuba,1914
handballspieler,1914
gelesen,1912
problemen,1911
tim,1911
kleinste,1911
davis,1911
social,1910
nachricht,1910
lady,1910
empfänger,1910
ph,1909
dich,1909
kindergarten,1908
bundesland,1908
runden,1907
fotografie,1907
unmöglich,1906
schöne,1906
vereinigt,1905
xii,1905
abgebrochen,1905
entworfen,1904
verarbeitung,1904
hörspiel,1903
transportiert,1903
wahr,1902
dienstleistungen,1902
nationaler,1902
wahlkreis,1901
österreicher,1900
anfänge,1900
olympiasieger,1900
pennsylvania,1900
dj,1900
beginnend,1899
naturschutz,1899
klöster,1898
befestigt,1898
anbau,1897
angebaut,1896
modus,1895
game,1895
berühmte,1894
gesetzes,1894
ralf,1893
öffentlicher,1893
reichweite,1893
bahnen,1893
buddhismus,1893
lebensmittel,1892
brauerei,1892
bedroht,1892
wand,1892
howard,1891
elektronen,1891
staatlich,1891
rektor,1890
elektronischen,1890
beobachtung,1889
künstlern,1889
tätigkeiten,1888
unfall,1888
täter,1888
wittenberg,1888
zeitschriften,1887
behörde,1886
überreste,1885
monte,1885
wladimir,1884
pkw,1884
alois,1883
business,1883
marco,1883
versorgt,1883
steine,1882
keinem,1881
anführer,1881
ms,1880
chance,1879
untergang,1878
schild,1878
abgeordnete,1877
mayer,1876
beeinflussen,1876
vernunft,1876
freiwilligen,1875
persönlichkeit,1875
uraufgeführt,1873
baumeister,1873
befasst,1872
ozean,1872
jr,1871
vorerst,1870
kinos,1870
prinzipien,1869
notwendigen,1869
kirchliche,1869
richtig,1868
richtet,1868
kritischen,1868
home,1868
weichen,1868
series,1867
volumen,1867
banken,1867
gen,1866
erheblichen,1866
einheimischen,1866
unmittelbarer,1865
gehörenden,1864
gutes,1863
geschickt,1863
holocaust,1863
pour,1863
seinerzeit,1861
udssr,1860
afrikanischen,1860
lizenz,1860
naturpark,1860
übers,1859
são,1859
ernennung,1858
engeren,1858
wolle,1858
bodensee,1857
marokko,1856
botschaft,1855
dateien,1854
offiziere,1853
notwendige,1852
gültigen,1852
edgar,1852
anschließenden,1852
bremer,1852
church,1852
vornehmlich,1852
bedrohung,1851
effekte,1851
kenntnis,1851
ähnliches,1850
keinerlei,1849
primär,1849
hauptdarsteller,1849
derartige,1849
stetig,1849
road,1849
inne,1848
lp,1848
gegebenenfalls,1848
datenbank,1848
veränderte,1848
kammer,1848
wuppertal,1848
budapest,1846
wasserstoff,1845
kreisen,1845
sabine,1844
berater,1844
gehabt,1844
verschoben,1843
non,1842
paulus,1842
kurs,1841
zeitlich,1841
wahren,1841
nicolas,1840
kette,1840
schlechten,1840
böden,1840
komplex,1839
kleidung,1839
gesicht,1839
dir,1839
wichtiges,1838
positiven,1838
jochen,1837
point,1837
sound,1837
partnerschaft,1836
darsteller,1835
rechtlichen,1835
raketen,1835
ungarische,1835
claudia,1834
größter,1834
ansehen,1833
thailand,1833
ew,1833
heiliger,1832
hängen,1832
siege,1832
susanne,1831
altes,1831
aufwand,1831
zeitgenössischen,1830
zyklus,1830
bell,1829
vorliegen,1829
erik,1829
dieselbe,1829
beruhen,1829
bundesländern,1829
gesetzlichen,1829
kalender,1828
death,1827
nasa,1827
touristen,1827
ruine,1825
gestaltete,1825
alleine,1825
schönen,1825
vorne,1824
vietnam,1824
verfilmung,1823
stufen,1823
champions,1823
orientierte,1821
dick,1821
abbildungen,1821
belastung,1821
california,1821
jüngste,1821
oberliga,1821
stillgelegt,1820
gewinnt,1820
offensichtlich,1819
wider,1819
arte,1819
geschäftsführer,1819
xi,1819
niedersächsischen,1819
rekord,1818
volume,1818
aktionen,1817
orientiert,1817
verstand,1817
konzepte,1816
bewusstsein,1815
endlich,1815
kant,1815
verbundene,1815
wetter,1815
regierungszeit,1814
akt,1813
solo,1813
unterwegs,1813
aussprache,1813
industrialisierung,1813
portal,1812
knochen,1812
liechtenstein,1811
louise,1811
verglichen,1811
atlas,1811
autorennfahrer,1811
oberste,1811
play,1811
worauf,1810
österreichisch,1810
episoden,1810
genauso,1809
ministerium,1809
schwarzwald,1808
soldat,1808
speyer,1807
adams,1807
verletzungen,1807
viktor,1806
damen,1806
aktivität,1806
unterarten,1806
lothringen,1805
schnellen,1804
lahn,1804
gäste,1803
astronomie,1803
erfolgreichsten,1803
generationen,1803
einzug,1802
festland,1802
parameter,1802
bundesrat,1801
antonius,1800
benz,1800
beauftragt,1800
höhen,1800
anlehnung,1800
unterlag,1800
operationen,1799
sprachgebrauch,1798
künstlerischen,1798
java,1798
beachten,1797
kontinuierlich,1796
richtungen,1794
afghanistan,1794
hauptmann,1794
felder,1793
stationiert,1793
oswald,1792
abschnitte,1792
besonderheiten,1792
wissenschaftlich,1792
tournee,1792
zählten,1791
konzil,1790
diözese,1790
nachweisen,1790
substanzen,1789
hinblick,1788
wilhelms,1788
kapazität,1787
kaiserslautern,1787
vs,1786
zunehmende,1785
anbieter,1785
begraben,1784
urkunden,1784
bedeutendste,1784
formation,1784
jugoslawien,1784
zustande,1783
niedriger,1783
diejenigen,1783
sklaven,1782
ansprüche,1781
stgb,1781
aufmerksam,1781
stellvertreter,1780
vorhandene,1780
gelegenheit,1780
landwirtschaftlichen,1780
zwischenzeitlich,1780
gebäudes,1780
caesar,1779
marschall,1779
bayer,1778
bismarck,1778
stanley,1777
besuchen,1777
pfund,1777
libretto,1777
staatspräsident,1777
originaltitel,1776
identifiziert,1776
installiert,1774
industriellen,1773
games,1773
statthalter,1773
verkehrt,1772
library,1772
engagierte,1772
unterbrochen,1772
linker,1772
archäologischen,1771
ans,1771
zoll,1771
menschheit,1770
asteroid,1770
geometrie,1770
abgeschafft,1770
worte,1769
stammende,1769
finanziert,1769
beheimatet,1769
vollständigen,1768
ronald,1768
sun,1768
humboldt,1768
werkstatt,1768
säulen,1767
orient,1767
gearbeitet,1765
essays,1765
fliegen,1764
roter,1764
durchgesetzt,1763
erben,1762
schaffung,1762
parlaments,1761
wellen,1761
grande,1761
zeichnet,1761
wovon,1760
fach,1760
mobile,1760
orientierung,1759
aufzeichnungen,1759
betrifft,1759
danzig,1759
geschäfte,1759
abgegeben,1758
türkischer,1758
queen,1757
ortsname,1757
nobelpreisträger,1757
istanbul,1757
bistums,1756
feldzug,1755
südtirol,1755
anzutreffen,1755
sturz,1754
rad,1754
philosophische,1752
unbekannten,1752
lebensjahr,1752
centre,1751
normale,1750
zuordnung,1750
öffnung,1750
behielt,1750
erfahren,1750
weinbau,1749
deutliche,1748
gefordert,1748
debatte,1748
eingetragen,1747
wächst,1747
bestritt,1747
stadium,1747
vermittlung,1746
anpassung,1746
spiels,1746
stadtmauer,1745
si,1744
ansätze,1743
erwartet,1743
unweit,1743
serbien,1743
zimmer,1742
dörfern,1742
kriegs,1742
verzeichnet,1742
aufeinander,1741
leichte,1741
sohnes,1741
auftritte,1741
höhle,1741
ac,1740
stürzte,1740
hell,1740
institution,1740
solches,1739
erfordert,1739
kompositionen,1739
hanau,1739
phasen,1738
bauarbeiten,1738
bundesstaaten,1737
niederländisch,1737
wörtlich,1737
bbc,1736
gerechtigkeit,1736
passau,1736
lebende,1736
edmund,1735
fährt,1735
alternativen,1735
sobald,1735
betragen,1735
teilt,1735
verträge,1734
anwesenheit,1733
anstatt,1733
angewiesen,1733
desto,1732
alfons,1732
shakespeare,1731
fisch,1731
böhmischen,1731
echten,1730
starker,1730
hütte,1730
quadratkilometer,1730
valley,1730
zeichnete,1729
kilogramm,1729
orange,1729
einziges,1728
pilot,1728
generalleutnant,1728
volksschule,1727
etliche,1725
auguste,1725
gg,1725
mehrheitlich,1724
bachelor,1724
heeres,1724
leer,1724
bemühungen,1724
sozialer,1724
vorhaben,1724
alternativ,1723
lüneburg,1723
petrus,1722
politisches,1722
phil,1721
angewandt,1720
notwendigkeit,1720
pius,1720
teilnehmen,1719
ralph,1719
reiter,1719
philosophischen,1718
reclam,1718
geschlossene,1718
erwachsenen,1717
bier,1717
niedergang,1717
zweig,1717
flüchtlinge,1717
tiefer,1716
mitbegründer,1716
rechter,1716
moment,1715
negativen,1715
erhöhten,1715
that,1715
zuschauern,1714
woraufhin,1714
ergaben,1714
geistliche,1714
spieltag,1714
ruth,1713
prägte,1713
bekämpfung,1713
stirbt,1713
byzantinischen,1713
einzig,1713
vergangenen,1713
ecke,1712
gordon,1712
bedeckt,1712
salzburger,1712
konzern,1712
marktgemeinde,1712
zeichnen,1711
base,1711
gast,1711
einzeln,1711
ehemann,1711
überführt,1710
öffnen,1710
gänzlich,1709
niveau,1709
passagiere,1709
ausgewählt,1709
graben,1709
eingesetzten,1708
betrachtung,1707
basketballspieler,1707
einzugsgebiet,1707
abfahrt,1707
kennedy,1706
entscheidende,1706
ankunft,1706
antoine,1706
zypern,1705
glaube,1705
hals,1705
schlagzeuger,1704
invasion,1702
gestartet,1702
apache,1702
jersey,1702
ersetzte,1701
kaiserin,1701
hamm,1701
begegnung,1700
yorker,1700
besitzungen,1700
singen,1700
rande,1699
austria,1699
premiere,1699
eigenständigen,1699
russlands,1699
verwaltungssitz,1699
geringere,1698
alltag,1698
adresse,1698
gemeindegründung,1697
pedro,1697
his,1697
schlösser,1697
bewertet,1696
töten,1696
ludwigs,1696
saarland,1696
lkw,1696
sg,1696
ohio,1696
drehte,1695
enzyklopädie,1695
protokoll,1695
luis,1694
synthese,1694
oberschlesien,1694
verändern,1693
bundestagswahl,1693
platten,1692
stock,1692
dan,1691
theoretische,1691
letztes,1691
town,1691
ausgang,1691
areal,1690
bewirkt,1690
german,1690
ethik,1689
regulären,1689
bruce,1688
statue,1688
erneuten,1687
zentren,1687
fabrik,1686
geiger,1686
blasonierung,1686
militärisch,1685
end,1685
widerstandskämpfer,1685
technology,1684
ip,1683
benennung,1683
stuttgarter,1683
fred,1682
propaganda,1682
vorfeld,1682
zurzeit,1682
herzogin,1682
dialog,1681
bedingung,1681
mannes,1681
wohnhaus,1681
aufhebung,1679
wolff,1679
herzogs,1679
regiment,1679
landesregierung,1678
mathematische,1678
schulz,1678
airport,1678
trek,1678
norwegischen,1676
gulden,1676
prince,1675
herder,1674
eingeteilt,1673
verringert,1673
erlitt,1673
rumpf,1672
betreut,1672
behauptet,1671
moschee,1671
popularität,1671
spanier,1670
enkel,1670
händen,1669
buches,1668
zimmermann,1668
berühmt,1667
abu,1667
bestandteile,1666
silbernen,1666
hits,1666
landung,1665
widerspruch,1664
margarete,1664
eingeleitet,1664
studios,1663
nrw,1663
erkennt,1662
zulassung,1662
einheitliche,1662
beschäftigung,1661
kai,1661
beamten,1660
grimm,1660
bibliotheken,1660
philadelphia,1660
wilde,1659
überraschend,1659
hit,1659
untergrund,1658
triebwagen,1658
mercedes,1657
türkische,1657
verbreitungsgebiet,1657
flugplatz,1656
pflicht,1655
signale,1655
mount,1655
training,1654
eingemeindung,1654
we,1653
erneuert,1653
trasse,1653
redaktion,1652
portugiesischen,1652
schwert,1652
künstlerin,1651
wälder,1651
wochenende,1650
minden,1650
gewinnung,1649
geklärt,1649
tageszeitung,1649
enterprise,1649
verwaltungsgemeinschaft,1648
he,1648
ausländische,1648
bestes,1647
junger,1647
hardware,1647
stammten,1647
box,1647
ndr,1647
uhrzeigersinn,1647
haltepunkt,1647
xiv,1646
grundlegende,1645
project,1645
entspringt,1645
rechtsprechung,1644
wright,1643
absicht,1643
sucht,1643
ibm,1643
edinburgh,1642
leichtathletik,1642
pass,1642
gene,1641
zeitgenössische,1641
besetzte,1640
vorderen,1640
verkaufen,1640
alpha,1639
down,1639
augustus,1639
eigens,1639
verletzung,1638
mitgliedschaft,1638
rechtlich,1637
zwang,1637
sicherte,1637
quer,1637
benannten,1636
kampagne,1636
eishockey,1636
europameisterschaft,1635
can,1634
disziplin,1634
ähnelt,1633
alkohol,1633
händler,1633
franzose,1633
unterlagen,1633
einleitung,1632
sinnvoll,1632
swr,1632
herrscht,1631
flüssigkeit,1631
internationales,1630
sammeln,1630
mittelmeer,1629
ggf,1629
enger,1629
zeitgleich,1629
dreieck,1629
artillerie,1628
akademischen,1628
zwanzig,1627
gezielt,1627
prinzen,1627
lissabon,1626
massachusetts,1626
académie,1626
vorwort,1625
prinzipiell,1624
palais,1624
comic,1624
zweifel,1624
abgebildet,1624
substanz,1623
boris,1622
basketball,1622
betreiber,1622
verzichtete,1622
landgericht,1622
ross,1620
nikolai,1620
korps,1620
sexuelle,1620
zuständigen,1620
busch,1619
vergrößert,1619
ändert,1619
erfolglos,1619
realschule,1619
oberst,1619
gliedert,1619
vincent,1618
level,1618
verließen,1618
gehalt,1617
physikalischen,1617
protestantischen,1617
traum,1617
umfassenden,1616
befindliche,1616
bat,1616
typischerweise,1616
kurzfilm,1615
besiegt,1615
eroberte,1614
aluminium,1614
reiner,1613
werkes,1612
persischen,1612
theologische,1612
siegel,1612
etablierte,1610
adelsgeschlecht,1610
list,1610
schuld,1610
argentinischer,1610
ländlichen,1609
modellen,1609
aufführung,1609
dei,1609
sanierung,1609
freizeit,1608
sozialismus,1608
bundesverdienstkreuzes,1608
friedrichs,1608
zugriff,1607
leonhard,1606
konkrete,1605
kohle,1605
gesetzliche,1605
indische,1605
fremde,1605
nordsee,1605
unverändert,1604
benötigte,1604
laufenden,1604
em,1604
sex,1604
schmid,1604
fordert,1603
bestattet,1603
sang,1603
kaiserliche,1603
schäfer,1603
geschmack,1602
löst,1602
berufung,1602
marktplatz,1602
peters,1601
abstimmung,1601
verlags,1600
plural,1600
ep,1599
jährlichen,1599
kv,1599
lokal,1599
erzeugung,1598
gedenken,1598
vertrauen,1598
albums,1597
erhaltung,1597
zucker,1596
gegenzug,1596
wahre,1595
free,1595
universal,1594
deutung,1594
genre,1594
benutzte,1593
erwähnte,1593
eingenommen,1593
hohenzollern,1593
hohes,1592
rechnung,1592
störung,1592
indischer,1592
gefangenschaft,1591
vermittelt,1591
landschaften,1591
statistischen,1590
vorlesungen,1590
charakteristisch,1589
leichten,1589
alb,1589
verknüpft,1588
kanadischen,1588
blüte,1588
zunehmenden,1588
benutzen,1588
lutherische,1588
wohnungen,1588
salz,1587
senator,1587
sorten,1586
eintracht,1585
gelöst,1585
geraten,1585
nova,1585
klassiker,1584
todes,1584
verfolgte,1584
jazzmusiker,1584
künstliche,1583
lloyd,1583
brite,1583
komplette,1583
einsetzen,1582
piper,1582
koordinaten,1582
berner,1582
spezifische,1581
mitten,1581
homburg,1581
erlaubte,1579
glaubens,1579
kindes,1579
kombiniert,1579
nelson,1578
guido,1578
gesetzlich,1578
eingemeindungen,1577
einnahme,1577
fauna,1577
handels,1577
held,1576
lebewesen,1576
planck,1576
opern,1576
apollo,1576
löwe,1576
doppelt,1575
paare,1575
ortsnamen,1575
systematische,1575
klinik,1575
pest,1574
erlauben,1573
transformation,1573
bundesamt,1573
begriffs,1572
stadtzentrum,1572
individuelle,1571
sam,1571
habsburger,1571
kim,1570
materie,1570
australische,1570
harz,1569
gespräche,1569
felsen,1569
loch,1569
hypothese,1568
lutherischer,1568
ansiedlung,1567
inhaber,1567
lebzeiten,1566
bond,1565
technischer,1565
geräten,1565
zeitgenossen,1565
gemeindeauflösung,1564
zumal,1564
blütezeit,1564
abschaffung,1564
territorien,1564
dark,1564
güterverkehr,1564
ems,1564
aristoteles,1563
pyramide,1563
inc,1563
regierte,1562
meisterschaften,1562
tests,1561
mrd,1561
fassade,1561
wirtschafts,1561
wechseln,1561
lyon,1560
bürgern,1560
auflagen,1559
reserve,1559
bewohnt,1559
basilika,1559
toren,1559
praktischen,1558
lehrte,1558
auschwitz,1558
dialekte,1557
gedenktafel,1557
urban,1556
hammer,1556
nachweisbar,1555
elsass,1555
brot,1555
review,1554
umwandlung,1554
generalsekretär,1553
ehrenmitglied,1553
ungewöhnlich,1553
abstieg,1553
stärksten,1552
befreit,1552
ausländischen,1552
lyriker,1552
mangel,1551
brigitte,1550
powiat,1550
symbole,1549
expansion,1549
strand,1549
lukas,1548
restauriert,1548
nachteile,1548
bezirke,1548
bänden,1548
bundesministerium,1547
individuellen,1547
vizepräsident,1546
dicke,1546
arme,1546
rtl,1546
theory,1545
organisierten,1545
beenden,1545
anerkannte,1545
autonomen,1544
manchester,1543
abteilungen,1542
römisches,1542
justiz,1542
umland,1542
regelmäßigen,1541
pakistan,1541
benötigen,1541
han,1540
beatles,1540
entfernten,1540
funk,1539
fremden,1539
mauern,1539
prager,1539
zustände,1538
coburg,1537
retten,1537
peking,1536
reagieren,1536
schien,1536
hotels,1536
population,1536
zerstörte,1535
eroberten,1534
explizit,1534
stadtverwaltung,1534
werten,1533
plante,1533
höherer,1533
stattfand,1533
moderator,1532
kandidat,1532
verzeichnis,1532
abgehalten,1532
ruhe,1531
leinwand,1531
frisch,1531
folglich,1531
verfasser,1531
finanziell,1531
verliert,1531
litt,1531
gehandelt,1530
kommenden,1530
stimmung,1530
vorgeschlagen,1530
büro,1530
plz,1530
verdrängt,1529
landesstraße,1529
gütersloh,1529
erschossen,1529
kurve,1529
gebräuchlich,1528
verlegte,1527
geeigneten,1527
arbeitsgemeinschaft,1527
landkreise,1527
jahrgang,1527
toronto,1527
niemand,1526
voller,1526
genügend,1526
gleichgewicht,1526
letzteres,1525
ausgeliefert,1525
gletscher,1525
klang,1525
registriert,1525
spielern,1525
fifa,1525
law,1524
encyclopedia,1524
turin,1523
klage,1523
risiken,1523
patent,1523
prototyp,1523
virus,1522
benutzer,1522
your,1522
entscheidenden,1521
aspekt,1521
se,1520
caspar,1520
tschechischen,1520
vermieden,1520
vertrieb,1520
erlassen,1520
cross,1520
konzipiert,1520
genehmigung,1520
verlangt,1520
sees,1520
dokument,1519
dimension,1519
selbständige,1518
erwiesen,1517
personenverkehr,1517
seltenen,1516
empfohlen,1516
zügen,1516
fünfte,1516
sozialistische,1515
einander,1514
privat,1514
style,1514
schwäbischen,1514
gedruckt,1513
diego,1513
standorte,1513
variablen,1513
rückgang,1513
fußballtrainer,1513
gefangenen,1512
fische,1512
geheimen,1512
huber,1512
kraftwerk,1511
verlässt,1511
people,1510
bande,1510
variiert,1510
rennfahrer,1510
globe,1509
publishing,1509
präfektur,1509
vorsitz,1508
populär,1508
letzterer,1507
missouri,1507
reformierten,1507
beobachter,1507
plätzen,1506
bundespräsident,1506
abgesetzt,1506
venus,1506
bezirks,1506
jüngerer,1505
verstärkte,1505
erwerb,1505
derer,1504
sekretär,1504
schumacher,1504
jonathan,1503
meier,1503
gramm,1503
produzieren,1503
diktatur,1503
norman,1501
julian,1501
basic,1501
schmitt,1501
orthodoxe,1501
robin,1500
distrikt,1500
zoo,1500
publiziert,1499
wortes,1499
staatsmann,1499
innern,1499
taucht,1499
motto,1499
anbindung,1498
etymologie,1498
kommandeur,1498
erwarten,1498
bekommt,1498
erhob,1497
annähernd,1497
tropischen,1497
ausbreitung,1497
romantik,1497
sorgt,1496
gleichnamige,1496
ur,1496
feiern,1496
glocken,1496
marianne,1495
herangezogen,1495
wüste,1495
maßnahme,1495
pietro,1494
messungen,1494
bekanntheit,1494
hinteren,1494
unterrichtet,1493
erneute,1493
dramatiker,1493
emanuel,1493
clubs,1493
weltweiten,1492
wachsenden,1492
network,1492
spät,1492
achten,1491
opera,1491
beute,1491
begangen,1491
kaserne,1491
fluggesellschaft,1491
algebra,1490
hanns,1490
optische,1490
komponierte,1490
aufzunehmen,1489
sven,1489
italiens,1489
schön,1489
gabriele,1488
billy,1488
verlieren,1488
basierend,1488
weißer,1488
übte,1488
logo,1488
russell,1487
nachteil,1487
ehre,1487
hartmut,1486
freunden,1486
behauptete,1486
zerstörten,1486
richtlinie,1485
alexandria,1485
ionen,1485
naturwissenschaften,1485
programms,1485
interviews,1485
nutzer,1485
organe,1485
hauptsitz,1484
wiederherstellung,1484
lutz,1483
rakete,1483
früherer,1483
mönche,1483
zugehörigen,1483
konstant,1482
comics,1482
udo,1481
zeitweilig,1481
engländer,1481
gerichtet,1481
greifswald,1481
höchst,1481
nebst,1481
grafik,1480
unruhen,1480
aufstellung,1479
roll,1479
adolph,1479
ernest,1478
bosnien,1478
venezuela,1478
illinois,1478
dominiert,1477
überleben,1477
burgund,1477
stausee,1477
century,1476
schwäbisch,1476
kenntnisse,1476
codex,1476
bruders,1476
hofmann,1475
ausgleich,1475
erteilt,1475
arbeitsplätze,1475
office,1475
nutzten,1475
santiago,1475
nachbarn,1474
geliefert,1474
briefwechsel,1474
autorität,1473
latein,1472
stalin,1472
hamilton,1472
festschrift,1471
brasilianischer,1471
faktisch,1470
volle,1470
umbenennung,1470
boy,1470
kämpfte,1470
scharf,1469
anfängen,1468
düsseldorfer,1468
freistaat,1467
sea,1467
entlassung,1467
meißen,1467
besagt,1466
allgemeiner,1466
kunststoff,1466
letztendlich,1466
bmw,1466
stattfindet,1465
angeführt,1464
außenpolitik,1464
sechsten,1464
menschenrechte,1463
herzen,1463
überwachung,1463
council,1463
pandemie,1463
samtgemeinde,1463
alex,1461
matthäus,1461
exakt,1461
halben,1461
schönheit,1461
marken,1461
philologe,1461
förderte,1461
fußballspielerin,1461
päpstlichen,1460
produkten,1459
geringeren,1459
erwachsene,1459
vertritt,1458
anhang,1458
gesammelt,1457
disziplinen,1457
produzierten,1457
kommunisten,1457
brandt,1456
industrielle,1456
saal,1456
orf,1456
gerechnet,1455
zugewiesen,1455
erwähnten,1454
freud,1454
norwegische,1454
mdb,1454
verkauften,1453
scheitern,1453
ten,1453
folgendermaßen,1452
boxer,1452
haushalt,1452
skulpturen,1452
costa,1452
aufteilung,1452
dorothea,1451
zusatz,1451
auseinander,1451
foto,1450
oh,1450
märtyrer,1450
höchstens,1449
gerufen,1449
belgischen,1449
muslime,1449
kolumbien,1449
goldmedaille,1448
castle,1448
siedelten,1447
experiment,1446
milch,1446
attentat,1445
senkrecht,1445
elektrisch,1444
handschrift,1444
indiana,1444
heller,1444
wenzel,1444
wolfram,1443
geistes,1443
turner,1443
ebert,1443
sonstigen,1443
ausgegeben,1443
heim,1442
zitiert,1442
staatssekretär,1442
landeshauptstadt,1442
haag,1442
ausmaß,1441
gespeichert,1441
habsburg,1441
göttin,1441
elefanten,1441
ausschuss,1440
straßenverkehr,1440
landeskirche,1440
augustin,1440
usd,1439
gerichte,1439
schnee,1438
freimaurer,1438
tür,1438
val,1437
off,1437
unterzeichnet,1437
zusammengeschlossen,1437
angekündigt,1437
konkreten,1436
unbedingt,1436
älterer,1436
darauffolgenden,1436
weitaus,1436
gottheit,1436
massiv,1435
britisch,1435
colorado,1435
gemeinderatswahlen,1435
viertelfinale,1435
collection,1434
schlechter,1434
ursprungs,1434
sekunde,1434
eigenem,1434
kanzler,1434
jury,1434
mathematischen,1433
ganzes,1433
caroline,1433
krieger,1432
heutiger,1432
lehrbuch,1431
seitlich,1431
geographischen,1431
judentum,1431
lars,1430
theatre,1430
vollendet,1430
globalen,1430
gegenwärtig,1430
mosel,1430
ohnehin,1429
augusta,1429
fortgesetzt,1429
gewährleisten,1428
arno,1428
johnny,1428
vorgaben,1428
hochwasser,1428
zulässig,1427
valentin,1427
ju,1427
stammenden,1427
wenngleich,1427
benachbarte,1427
reduzieren,1427
bildenden,1427
tot,1427
abwehr,1427
bologna,1427
mönch,1426
gewährt,1426
soziales,1426
trivia,1426
theoretischen,1425
islamische,1425
tagebuch,1425
instanz,1425
falsche,1424
wähler,1424
harvard,1424
orchestra,1424
konservative,1423
vorherigen,1423
gelungen,1423
ideologie,1423
faust,1423
ptolemaios,1422
wurzel,1422
beratung,1421
leichtathletin,1421
taten,1421
rechnen,1421
light,1421
formuliert,1420
vorgänge,1420
bauweise,1420
grundriss,1420
jedenfalls,1420
est,1420
wall,1419
sternbild,1419
korea,1419
nachts,1418
historic,1418
definierte,1417
fehlende,1417
konstante,1417
herrschte,1417
vegetation,1417
beschriebenen,1416
magazine,1416
erzähler,1416
norddeutschen,1416
boten,1416
heilig,1416
nm,1415
mozart,1415
gebietes,1415
engagiert,1415
angegriffen,1414
filmproduzent,1414
beauftragte,1414
direkter,1414
theologischen,1414
bridge,1414
wahlbeteiligung,1413
stabilität,1413
verweist,1413
geschäft,1413
teufel,1413
gewährleistet,1412
aires,1412
tennis,1412
genutzte,1411
freitag,1411
vfb,1411
regierungen,1410
flachen,1410
sf,1410
erweiterungen,1409
gelbe,1409
taunus,1409
ähnlicher,1408
demselben,1408
wettbewerbe,1408
gerichtsbarkeit,1408
vollkommen,1407
youtube,1407
grundlegend,1407
greift,1407
spenden,1406
fungierte,1406
jules,1405
erstellen,1405
winterspiele,1404
schlagen,1404
restaurant,1404
verehrung,1403
sportverein,1403
reagiert,1403
freiwillig,1403
slowenien,1403
umzug,1402
stone,1402
rapper,1402
tatsächlichen,1401
te,1401
guide,1401
schacht,1401
wohnen,1401
denis,1400
sydney,1400
thompson,1400
dreharbeiten,1400
clara,1400
theoretisch,1399
leibniz,1399
frederick,1399
aufsätze,1399
unbekannte,1399
anhängern,1399
beamter,1399
rasse,1399
kommunistische,1399
vereinbart,1399
genehmigt,1399
buenos,1399
verlangen,1398
jünger,1398
grunde,1398
knight,1398
kosmos,1398
zusammenbruch,1398
gefärbt,1398
tendenz,1397
autonomie,1397
tower,1397
forstwirtschaft,1397
geeignete,1396
tennisspieler,1396
leistete,1396
algerien,1396
kunsthistoriker,1396
two,1395
exemplaren,1395
roy,1393
sinkt,1393
schließung,1393
iris,1392
schlägt,1392
geheimnis,1392
tatsächliche,1392
fund,1392
befahren,1392
vortrag,1392
wolfenbüttel,1392
schauspiel,1391
geraden,1391
überlassen,1391
protest,1391
grammatik,1390
luigi,1390
brecht,1390
gelben,1390
spur,1390
erstellung,1390
richtlinien,1389
inschriften,1389
ähnlichkeit,1388
indirekt,1388
bevölkerungszahl,1388
markgrafen,1388
archäologe,1388
landtagsabgeordneter,1387
fortschritt,1387
bäumen,1387
ausgeübt,1386
entfernen,1386
synchronsprecher,1385
lucas,1385
geschaffenen,1385
beendigung,1385
porsche,1385
palästina,1384
erfährt,1384
ihrerseits,1383
cornelius,1383
rb,1383
ausländer,1383
emma,1382
henning,1382
derart,1382
ansässige,1382
wassers,1382
herausragende,1382
nobelpreis,1382
erobern,1381
slawischen,1381
bischofs,1381
gesperrt,1381
kommunen,1381
weiss,1380
schritte,1380
umso,1380
nachträglich,1380
ostfriesland,1380
nebel,1379
ständigen,1379
oberbefehlshaber,1379
agnes,1379
zell,1377
hop,1377
unmittelbaren,1377
abzug,1377
unix,1377
delta,1376
age,1376
beurteilung,1376
übertrug,1376
autos,1375
busse,1375
sitzung,1375
universum,1375
bahnhöfe,1375
weiterentwickelt,1374
begriffen,1374
verteidigen,1374
gemahlin,1374
gewebe,1374
statistische,1374
ausgewählte,1374
erfolgreichste,1374
zweitgrößte,1373
angebunden,1371
verzichten,1371
entwarf,1371
jubiläum,1370
sendungen,1370
zugeteilt,1369
gehirn,1369
verwandtschaft,1369
wirksamkeit,1369
erhalt,1369
selbständigen,1369
bestände,1369
erhebt,1369
hongkong,1368
beamte,1368
iwan,1367
jane,1367
johan,1367
nordafrika,1367
laufzeit,1366
sarah,1366
feind,1366
unterliegen,1366
fox,1366
gebaute,1366
songwriter,1366
talsperre,1366
mitwirkung,1365
clark,1365
vertreibung,1365
kapital,1364
action,1364
this,1364
freundin,1364
experimente,1363
keramik,1363
längste,1363
herzogtums,1362
vermutung,1362
lande,1361
anatomie,1361
optischen,1360
marketing,1360
mechanischen,1360
wohnsitz,1360
einwohnerzahlen,1360
railway,1360
mdl,1360
schnittstelle,1359
ableitung,1359
dance,1359
repräsentiert,1359
klassifikation,1359
fertig,1358
handwerk,1358
brust,1358
gewählte,1357
gefallenen,1357
landete,1357
gesagt,1357
endgültige,1357
vermitteln,1357
gedenkstätte,1357
ar,1356
organ,1356
betonte,1356
hansestadt,1356
quasi,1355
organischen,1355
plötzlich,1355
uk,1355
rosenberg,1355
örtliche,1355
frequenzen,1354
verpflichtung,1354
juristische,1354
fränkische,1354
nordischen,1354
grammy,1354
berücksichtigen,1353
rates,1353
buslinien,1353
vernichtet,1353
karin,1352
eisenach,1352
mechanik,1352
claudius,1352
dorthin,1352
analysen,1352
novelle,1352
radweg,1352
entstehenden,1351
maßstab,1351
systematisch,1351
währung,1351
creek,1351
marktes,1351
kohl,1350
aufkommen,1350
indonesien,1350
planet,1350
wann,1350
html,1350
margaret,1349
antarktis,1349
kunstgeschichte,1348
kevin,1348
decken,1348
geprägte,1348
lieben,1348
magdalena,1348
geschwister,1348
xiii,1348
forst,1348
deuten,1347
voran,1347
zugesprochen,1347
verabschiedet,1347
geistigen,1347
lausanne,1347
schottischer,1347
flugzeugen,1347
gotischen,1347
verschieden,1347
revision,1347
floh,1347
aussterben,1347
publikation,1346
behaupten,1346
christlicher,1346
protagonisten,1344
rechner,1343
halb,1343
erhebungen,1343
alphabet,1342
ringe,1342
dunkle,1342
scheinbar,1341
mohr,1341
reduktion,1341
hauptdarstellerin,1341
föderation,1341
erlaubnis,1340
back,1340
reformierte,1340
petra,1339
entdecker,1339
violine,1339
erwerben,1338
wallace,1338
gegangen,1338
beachtung,1338
altenburg,1338
historia,1337
news,1337
spätantike,1337
freigegeben,1337
vorrangig,1336
akzeptiert,1336
diss,1336
militärs,1336
verkehrs,1335
lebenswerk,1335
biologische,1335
zähne,1335
biographisches,1335
listen,1335
kreuzes,1335
besuchern,1335
konzentrierte,1334
wahrzeichen,1334
schickte,1334
frühling,1334
trennen,1333
christlich,1333
performance,1333
angela,1332
herzustellen,1332
diskussionen,1332
chinas,1332
basler,1332
mississippi,1332
massiven,1331
jupiter,1331
komponente,1331
massaker,1331
betreffenden,1330
böse,1330
offenbach,1330
egon,1329
what,1329
jemand,1329
zentimetern,1329
absoluten,1328
mehrzahl,1328
control,1328
gehörende,1328
ulrike,1327
klassik,1327
begleitete,1327
streitigkeiten,1327
kameras,1326
naturforscher,1326
publizierte,1325
konzentriert,1325
boys,1325
benötigten,1325
bahnhofs,1325
gegenseitig,1324
rekonstruktion,1324
erwartungen,1324
schlagzeug,1324
mitgliedstaaten,1324
rüdiger,1323
verdacht,1323
produktionen,1323
univ,1323
einordnung,1322
klagenfurt,1322
denkmäler,1322
punk,1321
eifel,1321
epik,1321
einschränkungen,1320
differenz,1320
bronzezeit,1319
privilegien,1319
adliger,1319
charlie,1319
fokus,1318
armin,1318
luftfahrt,1318
bibliographie,1318
bush,1318
berechnen,1318
liberale,1318
kommend,1317
ansässigen,1317
grossen,1317
sgb,1317
diagnose,1316
pan,1316
vollzogen,1316
geografische,1316
haltestelle,1316
sports,1316
landau,1316
vorjahr,1315
dennis,1315
gelehrten,1315
auswertung,1315
pädagogik,1315
stettin,1315
annehmen,1314
lichtenberg,1314
kairo,1314
rheinischen,1314
ausgeprägt,1314
bewohnern,1314
human,1314
partie,1314
terminal,1314
italiener,1314
volltext,1314
michigan,1314
fehlenden,1313
grundstück,1313
erneuerung,1312
investitionen,1312
präsentierte,1312
ski,1312
äußersten,1311
nannten,1311
lautete,1311
situationen,1311
türme,1311
sche,1310
aktien,1310
glocke,1310
indian,1310
errang,1310
olympia,1310
hip,1310
berlins,1310
neuausgabe,1309
bundesländer,1309
durchzuführen,1308
ian,1308
gattin,1308
kult,1308
parallelen,1308
hierdurch,1308
deutet,1308
höfe,1307
erweiterten,1307
lawrence,1306
zentraler,1306
einheitlichen,1306
rezension,1306
variationen,1306
schrittweise,1306
mp,1306
ev,1306
besonderes,1305
ansbach,1305
roma,1305
geistige,1305
community,1305
jordan,1304
kontrolliert,1304
umstand,1304
portugiesische,1304
angewandte,1303
großvater,1303
angebote,1303
rechtswissenschaftler,1303
seltene,1302
relative,1302
anerkannten,1302
intel,1302
problematisch,1301
winkler,1301
stimmte,1301
neuguinea,1301
weltgeschehen,1300
inhaltlich,1299
kommunalen,1299
adeliger,1299
redakteur,1299
bedeutend,1298
pauli,1298
tisch,1298
regionalliga,1298
fr,1297
verehrt,1297
todesstrafe,1297
festivals,1296
auslegung,1296
getreide,1296
südöstlichen,1296
genutzten,1295
good,1295
kommerziellen,1295
link,1294
diplom,1294
israelischen,1294
zahlung,1293
beweisen,1293
kugel,1293
sternen,1293
kontinent,1293
beine,1293
vorsitzendem,1292
weinheim,1292
adels,1292
beethoven,1292
kernstadt,1291
inszenierung,1291
handschriften,1291
interessiert,1291
gesucht,1291
gemeinschaften,1291
spezifischen,1290
körperliche,1290
basierte,1290
meldete,1290
kiew,1290
schachspieler,1290
bestellt,1290
vorarlberg,1290
bildende,1290
gültig,1289
strauss,1289
armut,1289
entsprechender,1289
romanen,1289
schwarzkopf,1289
franco,1289
homo,1289
kansas,1289
language,1288
vw,1288
intelligenz,1287
fertigung,1287
vorbereitet,1287
badischen,1287
junior,1287
durchgehend,1286
kulturgeschichte,1286
princeton,1286
strömung,1286
nba,1286
niederlagen,1285
ausgegangen,1285
vorträge,1285
nationalrat,1284
verhältnissen,1284
schriftlich,1284
lehmann,1284
komitee,1284
michail,1283
vorn,1283
ortskern,1283
camp,1283
protestanten,1282
polens,1282
lineare,1282
braucht,1281
dortige,1281
folgendes,1281
existierten,1281
heimatstadt,1281
bilanz,1281
ausscheiden,1281
unterfamilie,1281
häftlinge,1281
formulierung,1280
stuart,1280
christ,1280
israelische,1280
illustrationen,1280
guy,1279
part,1279
gewerkschaften,1279
nebenfluss,1279
steigerung,1279
engineering,1278
alljährlich,1278
napoleonischen,1278
uni,1277
akademische,1277
moskauer,1277
irischen,1277
wilfried,1276
vergeblich,1276
philippinen,1276
eingezogen,1276
bezeugt,1276
schlechte,1276
mächtigen,1276
melodie,1275
schriftliche,1275
adenauer,1275
beitritt,1274
stadtteilen,1274
kavallerie,1274
fell,1273
kleinstadt,1273
steuer,1273
duo,1272
geltenden,1272
einsätze,1272
sportarten,1272
sat,1271
ideal,1271
ökonom,1271
konkurrenten,1271
ägyptische,1271
stimmenanteil,1271
warf,1271
pionier,1271
weltcup,1271
soziologe,1270
lucius,1270
hanser,1270
saniert,1270
abgekürzt,1268
interne,1268
verzicht,1268
kantone,1268
bauart,1267
gelangten,1267
franklin,1267
steinen,1267
steven,1266
prosa,1266
hob,1266
darstellte,1266
krakau,1266
starten,1265
blei,1265
betrachtete,1265
roms,1265
gertrud,1265
stab,1265
wäldern,1265
gebauten,1265
denselben,1264
gefühl,1264
begleitung,1264
if,1264
beibehalten,1264
militärischer,1263
aufbewahrt,1263
dunklen,1263
hockey,1263
meiner,1263
landsberg,1263
linden,1263
wirtschaftlicher,1262
erschließung,1261
australischen,1261
monika,1260
bemühte,1260
abweichungen,1260
ermitteln,1260
heine,1260
klub,1260
erscheinungsbild,1260
bestrebungen,1259
finanzen,1259
holger,1259
schwimmen,1259
raumschiff,1259
zeile,1258
ingrid,1258
basieren,1258
erwärmung,1258
wunder,1258
läufer,1258
objekten,1258
gleichwohl,1258
scheinen,1258
landshut,1258
hunde,1257
theo,1257
ratsmitgliedern,1257
mont,1257
grube,1257
langjährigen,1257
skulptur,1257
trio,1257
partien,1257
einheitlich,1257
flüssen,1257
singer,1257
jülich,1257
ökologie,1256
feinde,1256
handwerker,1256
sexuellen,1256
bürgerliche,1256
osmanische,1256
zwickau,1256
align,1256
juristischen,1255
gestein,1255
profil,1255
standorten,1255
schubert,1255
hinzugefügt,1254
männlicher,1254
durchquert,1254
atlantik,1254
tiroler,1253
set,1253
zivile,1253
verursachen,1253
wirksam,1253
xaver,1253
romanischen,1252
tee,1252
labor,1252
europäer,1252
webpräsenz,1252
covid,1252
kreuzung,1252
napoleons,1252
raymond,1251
jahn,1251
experten,1251
zivilen,1251
forderten,1251
vergessen,1251
harrison,1251
mountains,1251
nebeneinander,1250
abseits,1250
gräber,1250
unterstand,1250
etablieren,1250
insassen,1250
schädel,1250
apostel,1249
dtv,1249
staatsbürgerschaft,1249
estland,1249
blumen,1249
schuss,1248
designer,1248
area,1248
fahrten,1248
taiwan,1248
gehäuse,1247
kommandant,1247
erlass,1247
tschechische,1247
abriss,1247
konsul,1247
maschinenbau,1247
herzöge,1246
türken,1246
platon,1246
lübbe,1246
ereignissen,1246
río,1246
gegenteil,1245
gebe,1245
how,1245
mangels,1245
gesamtfläche,1245
pastor,1245
reichsbahn,1245
görlitz,1245
zufällig,1244
direktwahl,1244
charakteristische,1244
gegeneinander,1244
aktualisierte,1244
verb,1244
ullstein,1244
wirkungen,1244
teilnehmern,1244
doppelte,1243
airbus,1243
ti,1243
benutzung,1243
elster,1243
übergab,1243
brüdern,1243
schifffahrt,1243
zerfall,1242
überschritten,1242
gefüllt,1242
kurzfristig,1242
osteuropa,1242
anstalt,1242
carter,1242
erstflug,1242
ioc,1242
verteilen,1241
nationalparks,1241
verlangte,1241
verfügten,1241
entfallen,1241
aufgegriffen,1240
realen,1240
geführte,1240
rückseite,1240
bekamen,1239
dietmar,1239
kulturdenkmäler,1239
tiger,1239
eingliederung,1239
women,1239
drohte,1239
mdr,1239
durchführen,1239
gleichungen,1239
dessau,1239
half,1238
umsatz,1238
anfänglich,1238
erfunden,1238
mund,1238
kompanie,1238
ruhrgebiet,1238
ellen,1237
gesungen,1237
helsinki,1237
men,1236
detroit,1236
district,1236
langfristig,1235
komponistin,1235
pfälzischen,1235
legion,1234
gedeutet,1234
vorkommt,1234
mk,1234
kastilien,1234
raimund,1233
schriftenreihe,1233
papstes,1233
bemerkenswert,1233
entscheidet,1233
unterstützten,1232
silberne,1232
pacific,1231
probe,1231
saudi,1231
veranlasste,1231
aktiengesellschaft,1230
grob,1230
definieren,1229
geehrt,1229
inspiriert,1229
vita,1229
liedern,1229
fliehen,1229
aschaffenburg,1229
hard,1229
überfall,1229
infektion,1229
okres,1229
anwesen,1229
amiga,1229
betrag,1229
korrekt,1228
renate,1228
male,1228
goldener,1228
adalbert,1228
unterart,1228
verhältnismäßig,1227
stärken,1227
kostenlos,1227
baby,1227
einladung,1227
heidelberger,1227
zurückgeführt,1226
festgehalten,1226
germania,1226
source,1225
mitteilungen,1225
geführten,1225
rettung,1225
perspektiven,1225
nordwestlichen,1225
einschätzung,1224
verschwinden,1224
entwickler,1224
helligkeit,1224
bevölkerungsdichte,1224
gern,1223
berkeley,1222
höchster,1222
xvi,1222
freies,1222
passiert,1221
römern,1221
malte,1221
stärkere,1221
nhl,1221
hauptstraße,1221
stade,1221
harold,1220
meint,1220
wilden,1220
mw,1220
genres,1220
ukrainischen,1220
argument,1219
stärkste,1219
grau,1219
amtsgericht,1219
vergleiche,1219
etappe,1219
sportliche,1219
offener,1219
bolivien,1218
facto,1218
eröffneten,1218
schätzungen,1218
kommunale,1218
meinte,1217
endgültigen,1217
umstände,1217
vorwurf,1217
jenen,1217
grundstein,1217
verteidiger,1216
informiert,1216
bonner,1216
betreten,1216
niedrige,1216
lorenzo,1216
landtags,1215
gemeinsames,1215
flandern,1214
vorliegt,1214
flog,1214
autobiografie,1214
rugby,1214
mörder,1214
gotische,1214
hz,1214
künstlers,1213
einbezogen,1213
vorgeworfen,1213
sichtbaren,1213
ruinen,1213
thematisiert,1212
kritiken,1212
analysis,1212
handball,1212
moral,1212
trennte,1212
echo,1212
zurückgezogen,1212
erschienene,1212
überzeugt,1212
erforderlichen,1212
sigmaringen,1212
parlamentarischen,1211
garden,1211
rudi,1211
ferrari,1211
kaspar,1210
erheben,1210
breiter,1210
vereinbarung,1210
orgelbauer,1210
finger,1210
memorial,1209
wahlgang,1209
vereint,1209
schottischen,1209
zunehmender,1208
türen,1208
mitarbeit,1208
auswärtigen,1208
rauch,1207
newton,1207
chefredakteur,1207
literarisches,1207
verstärkung,1207
saar,1206
development,1206
verurteilte,1206
untersuchte,1205
eignet,1205
projekts,1205
berief,1205
mönchengladbach,1205
hessische,1205
erleben,1204
entfernte,1204
fürth,1204
year,1203
legten,1203
internen,1203
oslo,1203
pascal,1202
energien,1202
debüt,1202
elektronik,1202
kommerzielle,1201
marien,1201
angelegten,1200
gesendet,1200
histoire,1200
hinrichtung,1200
erzherzog,1200
genaues,1200
sigmund,1199
sierra,1199
monaco,1199
soul,1199
gemeindeteil,1199
konstruiert,1198
marion,1198
kirchberg,1198
göttlichen,1197
marsch,1197
aufzubauen,1197
beliebig,1196
ökonomischen,1196
rückte,1196
mig,1196
friedens,1196
trend,1196
bisweilen,1196
auffällig,1196
erhard,1196
vision,1196
jimmy,1196
verfahrens,1195
kapitulation,1195
parker,1195
angezeigt,1195
beschränkte,1194
kommende,1194
anschließende,1194
russen,1194
ltd,1194
vertretung,1194
fortpflanzung,1194
finnischen,1194
strömungen,1193
intensive,1193
offizieller,1193
hospital,1192
veb,1192
krebs,1192
staatsanwaltschaft,1192
graham,1191
ausgehenden,1191
kader,1191
einhaltung,1190
weitestgehend,1190
richtige,1190
dokumenten,1189
herrmann,1189
unterliegt,1189
himmelfahrt,1189
bebauung,1189
wiese,1189
english,1188
leiten,1188
hinterließ,1188
zuständige,1188
fließgewässer,1188
hildegard,1187
drehen,1187
flach,1187
autors,1187
kanäle,1187
großstadt,1187
börse,1186
stabil,1186
sogenannter,1186
gewässern,1186
entwürfe,1186
image,1186
gerichtshof,1186
iata,1186
enthaltenen,1185
ann,1185
gesamtheit,1185
robinson,1185
offensive,1185
promotion,1185
konflikten,1185
süddeutschen,1185
weltweite,1185
belgische,1185
klosterkirche,1185
augsburger,1185
jüngsten,1184
täglichen,1184
zunahme,1184
erfüllung,1184
sektor,1184
mohammed,1184
zeichnung,1184
gary,1183
gefecht,1183
sprung,1183
schuster,1183
zylinder,1183
beliebtheit,1183
katastrophe,1183
gemüse,1183
fuhren,1183
konzerten,1183
vergleichbare,1182
ausgenommen,1182
überzeugung,1182
sätze,1181
kannte,1181
fragmente,1181
eingebunden,1181
eingeladen,1181
catherine,1180
place,1180
menschlicher,1180
nacheinander,1180
halbe,1180
modernisierung,1180
mülheim,1180
titeln,1180
erfolgreicher,1180
theologen,1179
aussicht,1179
fotografien,1179
schwedisch,1179
havel,1179
bosch,1178
programmen,1178
ordnete,1178
porträts,1178
schulden,1178
nachbarschaft,1178
fürstbischof,1178
verfolgen,1178
reifen,1178
slalom,1178
kabel,1177
tausende,1177
wisconsin,1177
fachhochschule,1177
nordöstlichen,1177
hirsch,1176
wählt,1175
herzegowina,1175
aufsicht,1175
töne,1175
wallis,1174
keineswegs,1174
äußerungen,1174
mathias,1173
harten,1173
autobahnen,1173
färbung,1172
leber,1172
ausführliche,1172
nummern,1172
waldeck,1172
linear,1171
häufigkeit,1171
gottesdienst,1171
hang,1171
barocke,1171
abwesenheit,1170
ausführungen,1170
umstellung,1170
späterer,1169
höchstgeschwindigkeit,1169
bde,1169
orientierten,1169
sozialdemokraten,1169
entzogen,1169
eisernen,1169
beinamen,1168
proteine,1168
überprüfung,1168
minderheiten,1168
verblieb,1168
court,1168
dublin,1168
janeiro,1168
landtagswahl,1167
rache,1167
kommunalwahlen,1167
osmanen,1167
georgia,1167
neumarkt,1167
musikern,1167
lisa,1166
metropolregion,1166
längsten,1166
halt,1166
posen,1166
antreten,1166
promoviert,1166
treffer,1166
völkern,1166
kämpfer,1166
massive,1165
assistent,1165
goldmann,1165
verlorenen,1165
soundtrack,1165
mountain,1164
warten,1164
landesamt,1164
integrierte,1163
innenminister,1163
saturn,1163
berthold,1163
fußnoten,1162
grundsatz,1162
schen,1162
steigen,1162
ulmer,1162
download,1162
verkürzt,1161
stewart,1161
südkorea,1161
diensten,1161
musculus,1161
ziffern,1160
schwanz,1160
tragödie,1160
hauptwerk,1160
fester,1159
angehören,1159
wachsende,1159
übrig,1159
vorbehalten,1159
müsste,1158
besiegte,1158
münden,1158
moon,1157
ausführlich,1157
konvention,1157
wohlstand,1157
deep,1157
programmierung,1157
brothers,1157
arabisch,1156
briefen,1156
häufige,1156
gegenden,1156
comedy,1156
böhlau,1155
laden,1155
hauptquartier,1155
arizona,1155
metropolitan,1154
ökonomische,1154
aufsehen,1154
dasselbe,1154
medici,1154
schulze,1154
wenigstens,1153
verwaltungsgliederung,1153
bundesverfassungsgericht,1153
report,1153
gegebenen,1152
isoliert,1152
dunkel,1152
services,1152
verkündete,1152
sony,1152
skala,1151
gefährdung,1151
paulo,1151
erweitern,1151
vogt,1150
sitzverteilung,1150
genauen,1150
organismen,1150
annette,1150
zurückkehren,1150
bomber,1149
talent,1149
filter,1149
verwechseln,1149
grundgesetz,1149
tsv,1149
fernando,1148
leonard,1148
ehrenlegion,1148
angehörte,1148
südwestlichen,1148
organismus,1148
wandern,1148
annäherung,1147
gültige,1146
restaurants,1146
sitzt,1146
verbandes,1146
zwingend,1146
bühnen,1146
konsequenzen,1146
einigung,1146
differenzen,1146
behalten,1146
globale,1146
ram,1146
wasserversorgung,1146
head,1145
genauigkeit,1145
bekenntnis,1145
ständige,1145
arbeitslosigkeit,1145
spitzen,1145
antisemitismus,1145
unterhalten,1145
irischer,1145
reichenbach,1145
arabien,1144
müssten,1144
künstlichen,1144
vermeidung,1144
amtliche,1144
weiterführende,1143
inbetriebnahme,1143
externe,1143
ladung,1142
ot,1142
berichterstattung,1142
universitätsbibliothek,1142
schmalen,1142
puerto,1142
vermuten,1141
niederschlag,1141
langem,1141
heftigen,1141
prozessen,1141
allee,1141
larven,1141
staffeln,1141
samstag,1140
schönberg,1140
family,1140
walker,1139
olaf,1139
studieren,1139
are,1139
unterworfen,1139
denkmalpflege,1139
manga,1139
prediger,1139
hölle,1138
rohr,1138
earth,1138
insolvenz,1138
reinhardt,1138
richtigen,1138
weihbischof,1137
zitat,1137
sopran,1137
geschwindigkeiten,1137
unterhaltung,1137
doktor,1136
feldherr,1135
immerhin,1135
klare,1135
herrschenden,1135
zielen,1135
bricht,1135
export,1135
zeche,1135
ukw,1135
doris,1134
höhenlagen,1134
erlebt,1134
stadtbahn,1134
vernichtung,1134
niederländer,1134
weihnachten,1134
uss,1134
werkzeuge,1134
renoviert,1134
verknüpfung,1133
baptiste,1133
landgemeinde,1133
künstlich,1133
werkzeug,1133
pflichten,1133
bitte,1133
westpreußen,1133
mandat,1132
beides,1132
variieren,1132
adligen,1132
geschaffene,1132
reellen,1132
gekauft,1132
christiane,1131
befreien,1131
raumfahrt,1131
biologischen,1131
wars,1131
israels,1131
wendet,1131
gallery,1131
type,1131
alaska,1130
gesetzgebung,1130
sr,1130
hot,1130
krüger,1129
betroffene,1129
zensus,1129
westlicher,1129
kostete,1129
aargau,1128
schlag,1128
andy,1128
tatort,1128
münze,1128
sts,1128
bauteile,1127
freude,1127
ergänzung,1127
bankier,1127
relation,1126
gedenkstein,1126
betriebene,1126
radikalen,1126
raf,1126
bundespräsidenten,1126
jungfrau,1126
tennessee,1125
dahinter,1125
weltlichen,1125
pascha,1125
alain,1124
radius,1124
nature,1124
künftig,1124
double,1124
umgestaltet,1124
client,1124
mi,1123
projekten,1123
neuss,1123
interessant,1123
materials,1123
ermittlung,1123
café,1123
piano,1123
gilbert,1122
trilogie,1122
munition,1122
küsten,1122
gemeindevertretung,1122
verschwunden,1122
bewahren,1122
entertainment,1122
schema,1121
überwinden,1121
demgegenüber,1121
gültigkeit,1120
mariä,1120
sigismund,1120
note,1120
welten,1120
tschechisch,1120
kanten,1119
veränderten,1119
malta,1119
haar,1119
gläubigen,1119
realismus,1119
preises,1119
scheiterten,1119
beliebige,1118
reichtum,1118
theaters,1118
elektrischer,1118
verlegung,1118
stadtgemeinde,1118
neigung,1118
elektrotechnik,1117
regimes,1117
gleichermaßen,1117
nachwort,1117
gutachten,1117
zerstören,1117
gemeindeteile,1117
wofür,1116
hudson,1116
linearen,1116
goebbels,1116
wahlrecht,1116
inflation,1116
personenname,1116
lincoln,1116
isaac,1115
fett,1115
begünstigt,1115
zugerechnet,1115
gruppierungen,1115
kelly,1115
prägen,1115
culture,1114
namibia,1114
fernsehsender,1114
ballett,1114
mühlen,1114
kommerziell,1113
revolutionären,1113
stadtrecht,1113
marshall,1112
verfilmt,1112
mythen,1112
gestapo,1112
bundesminister,1112
medal,1111
einheimische,1111
richten,1111
gerecht,1111
metro,1111
bordeaux,1111
ghz,1111
bemüht,1110
gert,1110
isabella,1110
waldemar,1110
collins,1110
seinerseits,1110
vorzeitig,1110
staatlicher,1110
zentrums,1110
miguel,1110
charakterisiert,1109
afrikas,1109
obst,1109
castro,1109
portugiesisch,1109
zeilen,1108
gesteuert,1108
abc,1108
magie,1108
anzunehmen,1107
veröffentlichen,1107
objektiv,1107
fa,1107
bundesweit,1106
selbständig,1105
field,1105
darwin,1105
einzusetzen,1105
erzgebirge,1105
aufständischen,1105
vorgeschrieben,1104
bonaparte,1104
gepflegt,1104
götz,1104
abd,1104
dead,1104
gefasst,1103
conference,1103
heart,1103
rügen,1103
überdies,1103
einstigen,1103
dean,1103
geringem,1102
gefangene,1102
rhythmus,1102
kong,1102
böhm,1102
herstellen,1101
durchzusetzen,1101
hunsrück,1100
reis,1100
konzentrationslager,1100
son,1100
englands,1100
just,1100
zusammengesetzt,1099
three,1099
ausübung,1099
befehle,1099
bürgerschaft,1099
afrikanische,1099
vandenhoeck,1099
häfen,1099
werder,1099
riesenslalom,1099
vera,1098
explosion,1098
videos,1098
grundlegenden,1097
untersuchen,1097
genetische,1097
betreuung,1097
bundesstaates,1097
populationen,1097
info,1097
teatro,1097
studiums,1096
kompetenzen,1096
gütern,1096
gleise,1096
musée,1096
romanische,1095
organische,1095
erforscht,1095
captain,1095
hawaii,1095
beeinflusste,1095
implementierung,1095
ausprägung,1095
hervorgegangen,1095
heiraten,1095
bezahlt,1095
definierten,1094
entschloss,1094
restaurierung,1094
blättern,1094
ware,1094
merkel,1094
student,1094
industrieller,1094
meilen,1094
mexico,1094
burgruine,1094
konkret,1093
jonas,1093
beseitigt,1093
wechselnden,1093
subjekt,1093
suite,1093
fire,1093
schnabel,1093
ergebnissen,1092
prozessor,1092
herman,1091
geordnet,1091
bureau,1091
taufe,1091
definitionen,1091
fließen,1091
albanien,1090
gemäßigten,1090
bewaffneten,1090
ki,1089
textes,1089
tauchen,1089
girl,1089
musikwissenschaftler,1089
elite,1089
moleküle,1088
regelt,1088
angriffen,1088
verlagsgesellschaft,1088
erbauten,1088
dietz,1088
trockenen,1088
fernseh,1088
bär,1088
ingolstadt,1088
gaius,1087
münchener,1087
asiatischen,1087
bourbon,1087
fe,1087
inmitten,1086
gelehrter,1086
greifen,1085
niedrig,1085
normal,1085
verringern,1085
kaiserzeit,1085
beschlüsse,1085
ringen,1085
schenkte,1085
regiert,1085
ny,1084
tafel,1084
second,1084
behandeln,1084
ausstrahlung,1084
bergisch,1084
beton,1084
propheten,1084
murray,1083
viermal,1083
flecken,1083
nationalsozialistische,1083
nations,1083
überprüft,1083
schreiber,1083
griffen,1083
canada,1083
empfunden,1082
study,1082
untertanen,1082
muttersprache,1082
säkularisation,1082
gewerkschaft,1082
goethes,1082
höhlen,1082
tibet,1081
weitesten,1081
sky,1081
individuum,1081
verdienstorden,1081
gewinner,1081
entnommen,1081
zusammenhänge,1080
sokrates,1080
kopie,1080
motors,1080
schiedsrichter,1080
amtlichen,1080
verwirklicht,1080
ec,1080
ausgedrückt,1079
einstein,1079
gutenberg,1079
ukrainische,1079
funktionär,1079
überlebenden,1079
limes,1079
landstraße,1079
feststellen,1078
christina,1078
page,1078
charakteristischen,1078
anweisung,1078
kaufen,1078
scheibe,1077
bauzeit,1077
ausgedehnte,1077
harte,1077
gladbach,1077
jederzeit,1076
reale,1076
arrondissement,1076
bürgermeisterwahlen,1076
over,1075
anzeige,1075
stiegen,1075
äthiopien,1075
ungarisch,1075
motorradrennfahrer,1075
zeitliche,1074
entdeckten,1074
kurfürstentum,1074
germany,1074
faschismus,1074
senioren,1073
gescheitert,1073
südwest,1073
schweinfurt,1073
fonds,1072
verse,1072
peer,1072
neffen,1072
aufführungen,1072
islands,1072
kleinsten,1071
mittelmeerraum,1071
mechanismus,1071
wörtern,1071
utrecht,1071
schah,1071
zen,1071
angelegte,1071
beat,1070
endspiel,1070
zurückgeht,1070
alberto,1069
weswegen,1069
gebiets,1069
magdeburger,1069
übergabe,1069
israelischer,1069
befasste,1068
schmerzen,1068
sammelte,1068
wohnhäuser,1068
atome,1067
folgend,1067
mongolei,1067
zivilisten,1067
dave,1067
buchholz,1067
oberamt,1067
anliegen,1066
wu,1066
stadtteils,1066
engels,1066
lit,1066
bertelsmann,1066
schauplatz,1066
barry,1065
konzeption,1065
tempo,1065
jahrtausend,1065
maximum,1065
festgelegten,1065
gewordenen,1065
abschied,1065
singapur,1065
flughafens,1065
beschäftigen,1065
antwerpen,1065
protein,1065
regentschaft,1065
schaffhausen,1065
verzeichnen,1064
africa,1064
nase,1064
platzierung,1064
steffen,1064
kriegen,1063
synchronisation,1063
entstehende,1063
veraltet,1063
abb,1063
erlangt,1063
fußballverein,1063
biblischen,1063
poesie,1063
beschwerden,1063
census,1063
frühgeschichte,1063
beliebigen,1062
volkspartei,1062
byzanz,1062
proteste,1062
abständen,1062
ngc,1062
landgraf,1061
vorschläge,1061
spaltung,1061
kameramann,1061
viren,1061
pölten,1061
ludwigsburg,1061
alters,1060
gestrichen,1060
board,1060
empfehlung,1060
vergabe,1060
laura,1059
gekrönt,1059
bedeuten,1059
ancient,1059
kennzeichnung,1059
portugiesischer,1059
kreuzer,1058
vollen,1058
northern,1058
filmmusik,1058
lost,1058
geheime,1058
berufliche,1058
sandstein,1058
judith,1057
legenden,1057
haare,1057
maría,1056
verpflichtete,1056
erzeugte,1056
verschwand,1056
cooper,1056
years,1056
privates,1056
beleuchtung,1056
phänomene,1055
rudolph,1055
werks,1055
freiberg,1055
helena,1055
quadrat,1055
metzler,1055
kapitalismus,1055
keltischen,1055
grosse,1055
treue,1055
mais,1055
einweihung,1055
falschen,1054
christentums,1054
irische,1054
sorge,1054
amadeus,1054
trocken,1054
reutlingen,1054
veit,1054
impulse,1054
dänisch,1054
geprüft,1053
sportlichen,1053
abhandlungen,1053
vorsprung,1053
schriftlichen,1053
teilstück,1053
oberlauf,1053
köhler,1052
ursprünge,1052
realisierung,1051
wenden,1051
disney,1051
bedienen,1051
jahrestag,1051
township,1051
netze,1051
clan,1051
atom,1050
shanghai,1050
notre,1050
odenwald,1050
gewertet,1050
truppe,1050
wiederhergestellt,1050
terra,1050
gera,1050
zar,1050
gewerbegebiet,1050
aue,1050
programmiersprache,1049
herkömmlichen,1049
tales,1049
tenor,1049
junkers,1049
baker,1048
söhnen,1048
anwesend,1048
bomben,1048
alabama,1048
seminar,1048
unmittelbare,1048
dazwischen,1048
anregung,1047
maier,1047
bewirken,1047
kürzer,1047
todestag,1047
wechselwirkung,1046
schildert,1046
polizisten,1046
ökonomie,1045
weithin,1045
umgebenden,1045
beigetragen,1045
hegel,1045
leonardo,1045
untersagt,1045
ei,1045
ignaz,1045
illustrator,1045
aufsatz,1045
aa,1044
organisieren,1044
arndt,1044
nad,1044
morgan,1043
resultat,1043
helene,1043
zwangsarbeit,1043
kohlenstoff,1043
verteidigte,1043
damm,1043
absolvent,1042
warner,1042
beitragen,1042
sibirien,1042
bauform,1042
archäologischer,1042
bf,1042
genesis,1042
behauptung,1041
niederschläge,1041
erdoberfläche,1041
mandate,1040
friederike,1040
kunstdenkmäler,1040
zwecken,1040
türkisch,1040
günstigen,1040
stände,1040
stämmen,1040
warschauer,1040
plant,1039
holding,1039
schienen,1039
haushalten,1039
matt,1038
balken,1038
hilfsmittel,1038
terror,1038
sojus,1038
ehrenzeichen,1037
funktioniert,1037
way,1037
justus,1037
low,1037
ecuador,1037
vornamen,1037
weiblicher,1036
etablierten,1036
nachhaltig,1036
kreisgebiet,1036
unendlich,1035
joan,1035
eignen,1035
ausschluss,1035
betracht,1035
aufruf,1035
hieronymus,1035
brigade,1035
drittes,1034
anscheinend,1034
zentrales,1034
nicholas,1034
montiert,1034
spezialisiert,1034
schumann,1034
individuell,1034
mahler,1034
emden,1034
missionar,1034
einbau,1033
theaterstück,1033
atelier,1033
binden,1033
thesen,1033
binnen,1033
gesetzen,1033
sudan,1033
salomon,1033
gleichmäßig,1033
ästhetik,1033
überquert,1033
kirchenprovinz,1033
gottlob,1032
strenge,1032
lebensmitteln,1032
räumliche,1032
extreme,1032
spätmittelalter,1032
ausgetauscht,1032
bernstein,1031
vergrößerung,1031
schmitz,1031
arbeiterbewegung,1031
verwaltungsreform,1031
emigrant,1031
literaturpreis,1031
überarbeitet,1031
oldenbourg,1030
auszug,1030
total,1030
genua,1030
nietzsche,1029
gestattet,1029
dimensionen,1029
einsetzte,1029
fiktiven,1029
beherrscht,1029
zonen,1029
angreifer,1029
wesentlicher,1029
unentschieden,1029
bettina,1029
paolo,1028
lebensdauer,1028
winfried,1028
erklärten,1028
abbruch,1028
savoyen,1028
schauspielhaus,1028
mexikanischer,1028
reuter,1027
äbtissin,1027
gunsten,1027
ecken,1027
belastet,1027
daimler,1027
dvb,1027
oklahoma,1027
kaffee,1026
gründet,1026
mineral,1026
malaysia,1026
zusammenfassung,1026
reagierte,1026
ökologischen,1026
unterrichtete,1026
sachen,1026
rheinische,1026
formeln,1025
frühesten,1025
abgetragen,1025
zeugnis,1025
angetrieben,1025
mundart,1025
ruhestand,1024
administration,1024
prozesses,1024
optisch,1024
sozialwissenschaften,1024
kräften,1023
glaubte,1023
kreuzzug,1023
irene,1023
feder,1023
bibliothekar,1023
pianistin,1023
medaillen,1023
ziemlich,1022
ewald,1022
massen,1022
triumph,1022
kontroverse,1022
spitznamen,1022
lokomotive,1022
ravensburg,1022
brasilianischen,1022
linde,1021
cotta,1021
anwalt,1021
volkszählungen,1021
stützen,1021
anschlag,1021
dürften,1021
finnischer,1021
verliebt,1020
langjährige,1020
geologe,1020
khz,1020
fassen,1019
su,1019
muslimischen,1019
messer,1019
fakten,1019
angefertigt,1019
weiden,1019
ältester,1019
demokraten,1019
ohren,1019
sockel,1019
riga,1019
formulierte,1018
nick,1018
larry,1018
mini,1018
sammler,1018
grant,1018
indiens,1018
harris,1018
bösen,1018
hansen,1017
relief,1017
bezirksamt,1017
fink,1016
tänzerin,1016
class,1016
strategische,1016
besuchten,1016
flughäfen,1016
oberhausen,1016
nachfolgende,1015
zerstörungen,1015
hills,1015
neffe,1015
unterseite,1015
abgetrennt,1014
drogen,1014
premier,1014
gefühle,1014
nachruf,1014
pause,1014
musikalisch,1014
interessierte,1013
berechnungen,1013
bedenken,1013
spielklasse,1013
wechselten,1013
ausländischer,1013
lettland,1013
skandinavien,1013
spezies,1013
heck,1013
sichere,1012
inhaftiert,1012
austin,1012
nordseite,1012
revolutionäre,1012
ökologische,1012
key,1011
mähren,1011
brannte,1011
besiedelten,1011
hebräischen,1011
promovierte,1011
verlaufenden,1011
neuenburg,1011
toni,1010
morris,1010
sauer,1010
privater,1010
zukünftigen,1010
adlige,1010
befehlshaber,1010
freiburger,1010
ernähren,1010
deutlichen,1010
delegation,1009
edwin,1009
wille,1009
betrachteten,1009
aufgefasst,1009
wertung,1009
baptist,1009
pokalsieger,1009
balkan,1009
regio,1009
autonome,1008
homosexualität,1008
stories,1008
gerald,1008
gemeinderats,1008
kirchdorf,1008
feldmarschall,1008
darzustellen,1007
laser,1007
südseite,1007
kanonen,1007
stadtrechte,1007
großherzog,1007
zukünftige,1006
roberto,1006
strengen,1006
sachs,1006
franziskaner,1006
folgejahren,1006
jerry,1006
int,1006
zeugnisse,1005
kleve,1005
westküste,1004
scheidung,1004
psychische,1004
olympiateilnehmer,1004
meeres,1004
lieber,1004
göttinger,1004
heil,1004
louisiana,1004
asche,1003
kohlhammer,1003
exemplar,1003
chancen,1003
verbrannt,1003
sd,1003
ds,1003
vorgesehenen,1003
heimatmuseum,1003
woman,1002
formale,1001
erfassen,1001
ingo,1001
buchgesellschaft,1001
gedächtnis,1001
ermittlungen,1001
überzeugen,1001
ta,1001
ehepaar,1001
option,1001
konsum,1000
zuständigkeit,1000
radikal,1000
podcast,1000
vielfältige,1000
engelbert,1000
verursachte,999
erschwert,999
helm,999
xx,999
krim,999
patriarch,998
lenz,998
trinken,998
uno,998
geschieden,998
einschränkung,998
lehrstuhl,998
flache,998
herstellers,998
maas,997
gewonnenen,997
stickstoff,997
entfielen,997
bundestagsabgeordneter,997
verfassten,997
reduzierte,997
schmuck,997
paradies,997
patient,996
auslöser,996
prozessoren,996
reichsstadt,996
liverpool,996
barth,995
leon,995
letzteren,995
angegliedert,995
begleiter,995
saß,995
wiedergewählt,995
ehem,995
gps,995
cruz,995
nördlicher,995
ideale,994
bestätigung,994
wöchentlich,994
fungiert,994
empfang,994
noten,994
gisela,993
volksmund,993
gelehrte,993
hms,993
physiologie,993
kreisfreie,993
gerettet,992
cover,992
schach,992
fischerei,992
kentucky,992
minnesota,992
gebet,991
sardinien,991
jemals,991
guillaume,991
kleinerer,991
zoologe,991
behinderung,991
viola,990
lagerung,990
liturgie,990
kulturell,990
natural,990
intervention,990
bayerns,990
charaktere,990
niederrhein,990
schiffes,990
verhinderte,989
bewaffnung,989
augustinus,989
leib,989
vitamin,989
vereinfacht,988
orléans,988
simone,988
spalten,988
trennt,988
begegnungen,988
bandbreite,988
maus,988
erdöl,987
stücken,987
magic,987
wirkten,986
bewaldet,986
fossilien,986
gedeiht,986
versorgen,986
dell,986
freising,986
siebten,986
bozen,986
adrian,985
abermals,985
diplomatischen,985
religiöser,985
hubschrauber,985
oberpfalz,985
gerieten,984
wohnten,984
cpu,984
schafft,983
putsch,983
werdegang,983
kurzgeschichte,983
lagern,983
variable,983
fächer,983
erstreckte,983
musikproduzent,983
färöer,983
sergei,982
ausreichende,982
zeitgeschichte,982
protestantische,982
reichskanzler,982
dumont,982
kreisfreien,982
rohrbach,982
bab,982
franziska,981
jegliche,981
brechen,981
fehlte,981
radikale,981
abwechselnd,981
fasern,981
salvador,981
heimatforscher,981
beliebtes,981
argumente,980
brühl,980
italia,980
else,980
äußerlich,980
opfern,980
professoren,980
verurteilung,980
verweisen,980
pazifik,980
durchsetzung,980
hilft,980
zugehörige,979
dauerhafte,979
konstanten,979
kriterium,979
brandenburgischen,979
verschwörung,978
regent,978
statuen,978
zink,978
durchschnittlichen,978
begrenzte,978
fasste,978
southern,978
gebrochen,977
normandie,977
broadway,977
säure,977
eingeführte,977
weitergeführt,977
watt,977
early,977
psychoanalyse,977
bastei,977
eder,977
grundsätze,976
möglicher,976
vögeln,976
erkrankte,976
kaufleute,976
abgaben,976
wetzlar,976
ahmad,975
gegebenheiten,975
verbündete,975
minor,975
laute,975
schönsten,975
revolutionär,975
gestiftet,975
ffh,975
preußisch,975
kranken,974
späte,974
uran,974
stoffen,974
beiträgen,974
reguläre,974
dictionary,974
virtuelle,974
eichstätt,974
steigern,973
begab,973
phoenix,973
nachfolgend,973
rechtswissenschaft,973
diana,973
tribus,973
bingen,973
electric,973
siegte,972
technologien,972
erreger,972
brockhaus,972
katastrophen,972
göttliche,972
beliebte,972
händel,972
regina,971
nickel,971
studioalbum,971
gebildete,971
psychiatrie,971
aufs,971
haas,971
bären,971
japans,971
installation,971
drachen,971
ea,971
professur,971
festlegung,970
theaterschauspieler,970
populären,970
most,970
ethnischen,970
wellenlänge,970
etcs,970
gemeinsamer,969
georgien,969
amtssprache,969
bedürfnisse,969
dutzend,969
stralsund,969
ludwigshafen,969
ba,968
werkstätten,968
indigenen,968
ute,968
komiker,968
akteure,967
pilze,967
verstorben,967
kehrt,967
schwimmer,967
miami,967
klee,966
reflexion,966
ethnische,966
existierenden,965
erforderliche,965
potential,965
potsdamer,965
contest,965
kleist,964
infolgedessen,964
märkte,964
hörfunk,964
kurzgeschichten,964
ken,963
birgit,963
bürgermeisters,963
kindergärten,963
gelebt,963
umgestellt,963
esslingen,963
verwiesen,962
überlieferten,962
konzentrieren,962
anklage,962
fördert,962
adressen,962
rumänischer,962
unternommen,961
besetzen,961
gefolge,961
größeres,961
reprint,961
umfassend,961
rosen,961
chaos,961
spaniens,961
tänzer,961
rotem,960
westdeutschland,960
adelige,960
leder,960
pädagogische,960
geschichtsschreibung,959
sorte,959
geringfügig,959
gemeldet,959
qualifizierte,959
eisenbahnen,959
xv,959
alias,958
getestet,958
optik,958
rotterdam,958
four,958
jungtiere,958
weine,958
zeitlichen,958
objektive,958
südlicher,958
finnische,958
addition,957
nils,957
getrennte,957
benutzten,957
buchstabe,957
cook,957
angrenzende,957
hedwig,956
heran,956
geschichtliche,956
beschreibungen,956
classic,956
porto,956
erzbistums,956
durchgeführten,956
kombinationen,955
artikeln,955
untersuchten,955
wozu,955
motorrad,955
verstärkten,954
fertigte,954
volksabstimmung,954
literaturwissenschaftler,954
montag,954
kenneth,953
alma,953
medikamente,953
staatsangehörigkeit,953
libanon,953
codes,953
our,953
dünn,953
dichten,953
museo,953
alessandro,952
automatische,952
weiterbildung,952
schöpfung,952
spree,952
gb,951
schwachen,951
jutta,951
nationales,951
weitem,951
angeregt,951
trade,951
duell,951
fühlte,951
telefon,951
meinen,951
berührt,951
angestellten,951
garde,951
gran,951
graphen,951
wayne,950
philipps,950
dorfkirche,950
achim,950
orts,950
montreal,950
bevorzugte,950
works,950
deutlicher,950
stuhl,950
längst,950
maya,950
athleten,950
todesdatum,950
schwerpunkte,949
progressive,949
anime,949
außenstelle,949
geleistet,948
interpretationen,948
gedenktag,948
wohnort,948
eingesetzte,948
wissenschaftlern,948
monats,948
anzusehen,948
souveränität,948
ausgestorben,948
wolken,948
https,948
charlottenburg,948
getriebe,948
dieselben,947
symbolisiert,947
moralische,947
ruhm,947
unterzeichnete,947
finanzminister,947
verbänden,947
bezahlen,947
ethnie,947
kabarettist,947
antworten,946
tödlich,946
beginnenden,946
öfter,946
käufer,946
stätten,946
wohn,946
return,946
rotation,946
waffenstillstand,946
interaktion,945
diagnostik,945
komplexität,945
call,945
verbesserungen,945
ländereien,945
katzen,944
kent,944
einher,944
erdgas,944
sichergestellt,944
aufging,944
martha,943
abgeben,943
sichtbare,943
kritikern,943
preußens,943
gestanden,943
stattgefunden,943
säule,943
unterbrechung,943
laien,942
angesetzt,942
anbieten,942
sorgten,942
neuordnung,942
hd,942
jähriger,942
other,942
beta,941
elias,941
feldern,941
verleiht,941
regelfall,941
plateau,941
generalgouverneur,941
prominente,941
picasso,941
miles,941
jon,940
jeanne,940
stattfindenden,940
sbb,940
moor,940
betreffen,940
hochschullehrerin,940
senden,940
neuem,939
zuweilen,939
langes,939
nintendo,939
bergmann,938
madonna,938
beseitigung,938
stolz,938
lateinischer,938
jeff,938
krefeld,938
right,938
gewünschten,937
steigenden,937
rechtzeitig,937
schwangerschaft,937
aufgewachsen,937
staatsbürger,937
eiszeit,937
keith,936
rajon,936
campbell,936
lufthansa,936
saisonende,936
lessing,935
école,935
byzantinische,935
beschleunigt,935
misst,935
austritt,935
funktionsweise,935
schwierigen,935
religiös,935
neuhaus,935
airways,935
studierenden,934
booten,934
querschnitt,934
identifizieren,934
westdeutschen,934
wanderungen,934
manhattan,933
englischsprachigen,933
auftretenden,933
aufnahm,933
schlachten,933
rex,933
aufgeben,932
tb,932
neutral,932
rücksicht,932
ergänzte,932
verwaltungseinheit,932
rebellen,932
norddeutschland,932
dynamik,932
australia,932
inkl,931
werft,931
gelassen,931
ähneln,931
ou,931
machtergreifung,931
lech,931
joint,931
touristische,931
speichern,930
genfer,930
dichterin,930
oberbayern,930
dichters,930
geologischen,929
republikanischen,929
sri,929
nn,929
zeppelin,929
thai,929
fürstenberg,929
getauft,928
commander,928
maximalen,928
agentur,928
erregte,928
verlaufende,928
verantwortlichen,928
statistisch,928
erleichtert,928
befestigung,928
hörbuch,928
zuzuordnen,927
kay,927
suchten,927
weltraum,927
antenne,927
strauß,927
gymnasien,927
widmet,927
calvin,927
angel,926
verfügbaren,926
beinhalten,926
selbstverwaltung,926
beleg,926
überlegen,926
brauch,926
graubünden,926
ketten,925
verringerung,925
schwankungen,925
uv,925
intensität,925
persönlicher,925
flüge,925
nacional,925
erika,924
vorgelegt,924
persien,924
monde,924
motiven,924
erlitten,923
datierung,923
stifter,923
hannes,923
logistik,923
erzbischofs,923
anzeigen,923
fan,923
schilling,923
öffentliches,922
eintreten,922
bspw,922
körperlichen,922
tunesien,922
überregional,922
weinstraße,922
landwirt,922
euch,922
teuer,921
matthew,921
japanisch,921
korruption,921
tätigen,921
bronzemedaille,921
krause,921
internetpräsenz,921
protesten,921
nepal,921
zweibrücken,921
bett,921
leopoldina,921
commodore,921
pa,921
agenten,921
unterhielt,921
bearbeitete,920
widmen,920
eindeutige,920
heftig,920
diabetes,920
passagen,920
gegenüberliegenden,920
rafael,920
übersetzerin,920
parlamentswahlen,920
skandal,920
highway,920
flusssystem,920
wallenstein,920
bestimmtes,919
deportiert,919
libyen,919
demonstrationen,919
hochstift,919
bedeutungen,918
zusammengestellt,918
verhaltens,918
scholz,918
anstellung,918
grundschulen,918
praktiziert,918
alexandre,918
käse,918
fernsehmoderator,918
erbfolgekrieg,918
reformator,918
gründungsmitglied,917
montana,917
verworfen,917
raumes,917
kiepenheuer,917
vorwürfe,917
budget,917
parlamentarische,917
resolution,917
werfen,917
diogenes,917
missbrauch,917
absolviert,917
kirchspiel,917
evans,916
vierter,916
mächte,916
radar,916
kongregation,916
armenien,916
nigeria,916
department,916
marbach,916
fasst,916
nordwest,916
rundfunks,916
bock,916
nah,915
helga,915
kühn,915
edith,915
geliebte,915
hauptrollen,915
überwacht,915
nahverkehr,915
barocken,915
europameister,915
täufer,915
xml,915
bassist,915
akte,914
lauten,914
pfarre,914
wände,914
loire,914
weigerte,914
erzielten,914
senken,914
streben,914
angestellte,914
westeuropa,914
hervorging,914
naturschutzgebiete,914
agent,914
ida,913
still,913
gefährlich,913
spiegelt,913
bagdad,913
dream,913
bip,913
historical,913
psychotherapie,913
extra,913
besatzungsmitglieder,913
bulle,913
alexandra,912
varietäten,912
leistungsfähigkeit,912
landesbibliothek,912
gesteine,912
intellektuellen,912
leutnant,912
strategien,912
selbstverlag,912
hr,912
altona,912
march,912
verleihen,911
kontrollieren,911
zugeschlagen,911
verbraucher,911
konventionellen,911
auftrat,910
konsonanten,910
committee,910
dominierten,910
fußballer,910
einwanderer,910
theresia,910
entstammte,910
beschleunigung,910
vertrages,909
eingeführten,909
gegnern,909
folgendem,909
auftritten,909
ontario,909
transportieren,909
zwangsarbeiter,909
frucht,909
ried,909
erstellte,909
synode,909
altphilologe,909
ilse,908
prüfen,908
verfall,908
hintereinander,908
gelagert,908
bergland,908
reduzierung,907
violoncello,907
hochland,907
maximilians,907
eurovision,907
wirtschaftswissenschaftler,906
auslösen,906
berges,906
schmale,906
ablehnte,905
trinkwasser,905
verkehrte,905
eastern,905
fortgeführt,905
abends,905
kanzel,905
lindau,905
regierenden,905
federn,905
gemischten,904
mathematisch,904
überregionale,904
starkes,904
konfession,904
ausgedehnten,904
sklaverei,904
treu,904
flash,904
tennisspielerin,904
olivier,903
gesundheitlichen,903
owen,903
versailles,903
besichtigt,903
endpunkt,903
weltrekord,903
jay,902
stille,902
jap,902
frühzeitig,902
demonstration,902
verwundet,902
rockband,902
gray,902
flensburg,902
eingeordnet,901
baut,901
stadtrechtsverleihung,901
schweizerischer,901
achsen,900
ermöglichten,900
darm,900
modells,900
instrumenten,900
stärkeren,900
bestätigen,900
panama,900
decke,900
studiengänge,900
selbstständige,899
rhetorik,899
abhandlung,899
letters,899
staub,899
african,899
get,899
sozialdemokratischen,899
wanderweg,898
räumlich,898
ausgeschieden,898
chinesisch,898
sexualität,898
kämpften,898
opernsängerin,898
vulkan,898
hansa,898
nachfahren,897
jenem,897
sonde,897
australian,897
droste,897
gesammelte,897
wahlperiode,897
leverkusen,897
inselgruppe,897
palazzo,897
nina,896
gabe,896
eingreifen,896
grabungen,896
playstation,896
abschnitten,896
ne,895
yale,895
verschiebung,895
willem,895
verschollen,895
serbischen,895
fiktive,895
bestraft,895
umgestaltung,895
battle,895
hinterland,895
geburtsdatum,895
gleis,895
namensgebung,894
cola,894
heiner,894
mbh,894
bobby,894
absolut,894
pole,894
dauern,894
karibik,894
süddeutschland,894
neuwied,894
körner,893
hanna,893
persische,893
idealen,893
god,893
miss,893
hunter,893
übereinstimmung,893
herrenhaus,893
kleopatra,892
moser,892
kreta,892
manuskript,892
kommentare,892
zehnten,892
lieferung,892
erleichtern,892
empfehlungen,892
eingriff,892
jefferson,891
postum,891
erteilte,891
meeresspiegel,891
träume,891
verdanken,891
wolfsburg,891
volleyball,890
abgabe,890
inkrafttreten,890
begrenzten,890
gedichten,890
siedelte,890
geldern,890
championship,890
more,890
naumann,890
rs,890
zwischenzeit,890
wanderwege,890
schwache,889
kleinasien,889
verbrennung,889
psychiater,889
kontroversen,889
hunger,889
prototypen,889
versprechen,889
vers,889
friedensvertrag,889
bürgermeisterei,889
systematischen,888
kramer,888
pl,888
fabriken,888
abspaltung,888
atlanta,888
constantin,888
aachener,888
gläubiger,888
vegas,888
hugh,887
fahrrad,887
stadtgliederung,887
waldes,887
umbauten,887
forest,887
gt,887
nominierungen,886
chemisch,886
wiley,886
vielfältigen,886
countys,886
juristen,886
merseburg,886
praktiken,886
metz,886
klett,885
kessel,885
wertvolle,885
navigation,885
drucker,885
verbracht,885
migration,885
westfälische,885
uruguay,885
diesel,885
skirennläufer,885
herausforderung,884
germanische,884
wilhelmine,884
terry,884
monarchen,884
chief,884
anlegen,884
ausüben,884
rebellion,884
betonung,884
neunkirchen,884
veranstalter,884
bahnlinie,884
gymnasiums,884
panorama,884
pablo,883
roberts,883
final,883
wusste,883
schlaf,883
unterdrückung,883
prägung,883
verben,883
repertoire,883
hgb,883
po,882
gewöhnlichen,882
feststellung,882
wood,882
motivation,882
verhält,882
ml,882
betrugen,882
missionen,882
neuerungen,882
kreisreform,882
indes,882
sulzbach,882
provence,882
festspiele,881
nebenwirkungen,881
ostern,881
kampfhandlungen,881
gesamt,881
süddeutsche,881
fahrgäste,881
mathilde,880
introduction,880
wappens,880
treiben,880
orientieren,880
germanistik,880
saga,880
ukrainischer,880
spalte,879
mechanisch,879
einbeziehung,879
passieren,879
mtv,879
erläutert,879
trieb,879
automobilhersteller,879
apostolischen,879
dakota,879
begründeten,878
bristol,878
dein,878
geologische,878
brahms,878
halbes,878
audi,878
komponiert,878
baubeginn,878
mäßig,877
jesuiten,877
stimmten,877
anspielung,877
konservatorium,877
dynamische,877
verhaftung,877
südostasien,877
kunstwerke,877
kraus,876
emissionen,876
machtübernahme,876
ng,876
zinn,876
bulgarischen,876
fresken,876
präsenz,876
politikwissenschaftler,876
entfällt,876
vermarktet,876
rna,876
let,875
befunden,875
mittlerer,875
trägerschaft,875
player,875
tochtergesellschaft,875
hindenburg,875
vorwärts,875
fahrbahn,875
frz,875
partnerschaften,874
neil,874
überschreiten,874
kohlenstoffdioxid,874
integrierten,874
erfassung,874
nest,874
filmpreis,874
toskana,874
eigenständig,874
access,874
monster,874
bundesverdienstkreuz,874
cp,874
standpunkt,873
nicolai,873
fichte,873
erstausgabe,873
sophia,873
neubauten,873
fahne,873
angestrebt,872
gestützt,872
schale,872
beruflichen,872
hingewiesen,872
future,872
cia,872
mondkrater,872
visual,872
liberal,872
folk,872
oranien,872
goldenes,871
parteitag,871
linguistik,871
nordamerikanischen,871
konstruktionen,871
wandelte,871
förderer,871
wirkungsgrad,871
zeus,870
kelten,870
initiierte,870
gärtner,870
konfessionen,870
roosevelt,870
verfolgten,870
alba,870
burgenland,870
verwechselt,869
wittgenstein,869
mehrheitswahl,869
konsequenz,869
aufgelösten,869
ausgeprägte,869
pol,869
erzählen,869
säugetiere,869
hinreichend,868
häufigste,868
hinweisen,868
philosophical,868
computerspiel,868
regisseurin,868
erließ,868
dachau,868
kurzform,868
fressen,868
abweichung,868
hindurch,867
churchill,867
chip,867
eingebracht,867
bestritten,867
helfer,867
äquivalent,866
schlicht,866
ivan,866
clinton,866
hinterlassen,866
scholl,866
überlebten,866
westerwald,866
schalke,866
emmy,865
einstieg,865
chinesen,865
ward,865
germanen,865
weltbild,865
freedom,865
perry,865
kanals,865
stadtkirche,865
fakultäten,864
rassismus,864
lust,864
durchgängig,864
einstellen,864
vertrags,864
namensträger,864
telekom,864
sant,864
buslinie,864
moses,863
rita,863
dünne,863
oberflächen,863
ziegler,863
fernsehsendung,863
ungeklärt,863
gewachsen,863
geschlechter,863
walk,863
psychologe,863
regisseure,863
kommentierte,862
paula,862
magen,862
drang,862
hut,862
feuerwehren,862
henriette,862
benediktiner,862
sehenswert,862
kinofilm,862
satzes,861
verfilmungen,861
betriebenen,861
gewordene,861
sichtweise,861
toulouse,861
interpreten,861
überein,861
württembergische,861
schuljahr,861
triebwerk,861
notation,860
wieland,860
gottesdienste,860
analoge,860
une,860
testaments,860
hörspiele,860
fern,860
ruderer,860
formalen,859
jo,859
nötigen,859
damaskus,859
ethnien,859
professionellen,859
anleitung,859
afd,859
ackerbau,859
versprach,859
umkreis,859
nevada,858
stellungen,858
vermutete,858
getrieben,858
einnehmen,858
astronomen,858
umlauf,858
regionaler,858
externen,858
berchtesgaden,858
départements,858
fiat,858
hauptschule,858
lüttich,858
armeen,858
masters,858
abel,857
mantel,857
klassifiziert,857
verfügbarkeit,857
öpnv,857
pferden,857
moldau,857
karlsruher,857
rohstoffe,857
lateinamerika,856
preisen,856
geschlechts,856
karthago,856
rekonstruiert,856
angeklagt,856
araber,856
hiervon,856
beliebtesten,856
membran,856
innenraum,856
bewiesen,855
wilder,855
senats,855
kunsthalle,855
vorlagen,855
populäre,855
erwartete,855
olga,855
erzeugten,854
empfahl,854
landesmuseum,854
anthropologie,854
nordhausen,854
stadtbild,854
nancy,854
wechselt,854
slam,854
liefen,854
ganzjährig,854
zuflüsse,854
seefahrer,854
gonzález,854
like,853
fischen,853
durchlaufen,853
lokaler,853
marienkirche,853
hauser,853
beweise,852
fein,852
hülle,852
selbstständigen,852
wiedergegeben,852
initiativen,852
einstellungen,852
verweigerte,852
verletzte,852
summer,852
gauß,852
ostküste,852
verankert,851
speisen,851
mut,851
schriftzeichen,851
fu,851
slawische,851
künftigen,851
iowa,851
village,851
erdgeschoss,850
humanist,850
luthers,850
quartier,850
japaner,849
case,849
sogenanntes,849
engine,849
kalkstein,849
betraf,849
garnison,849
pen,849
zunge,849
common,849
lörrach,849
jetzigen,848
ae,848
baumann,848
carsten,848
magnetische,848
infektionen,848
medical,848
astronomischen,848
tempels,848
helen,848
landgemeinden,848
vorkommenden,847
marius,847
corona,847
diagramm,847
amerikanisches,847
geplündert,847
innovation,847
fragment,847
parallele,847
ehrendoktorwürde,847
stiftungen,847
zitate,847
beförderung,847
bitten,847
curt,847
lasten,847
gestalteten,847
nd,846
hannah,846
endung,846
range,846
moralischen,846
verschont,846
neo,846
parteilos,846
kammern,846
multiplikation,846
austragungsort,846
ryan,845
fordern,845
impuls,845
weisheit,845
ruft,845
seil,845
geburtsort,845
umgangssprache,845
eisenbahnstrecke,845
sicheren,845
handballspielerin,845
rundschau,844
stabile,844
offenbarung,844
zweigt,844
dingen,844
verabschiedete,844
domain,844
kopien,844
schenkung,844
gastronomie,844
steinbach,844
hunderte,843
psychischen,843
marathon,843
amtlich,843
arsenal,843
großmutter,843
kurse,843
materiellen,843
konsequent,843
rekorde,843
abweichende,843
verkündet,843
euler,843
zugeführt,843
schloß,843
herford,843
autobiographie,843
reliquien,843
verdient,843
silver,843
lehrerin,842
dato,842
thermische,842
handbook,842
vergleichen,842
jahrhundertwende,842
jahresende,842
tante,841
altertum,841
ausweitung,841
krupp,841
gemeindeordnung,841
projektes,841
mulde,841
revue,841
annahmen,840
comeback,840
passage,840
gegenseitige,840
ziffer,840
cousin,840
versteckt,840
beeinträchtigt,840
melbourne,840
gross,840
banknoten,840
schienenverkehr,840
weiters,839
übersetzte,839
rolling,839
dekret,839
fehlender,839
lehnt,839
stipendium,839
raid,839
treppe,839
rhön,839
sächsischer,839
arbeitsgruppe,838
christa,838
niederlassung,838
wiederholte,838
zurückgehen,838
advanced,838
heimlich,838
präsentation,838
lauenburg,838
bundesstraßen,838
weltliche,838
vfl,838
verona,838
ausdrücke,837
moers,837
verbund,837
echter,837
helmuth,837
leere,837
leichnam,837
spezifikation,837
heimischen,837
corpus,837
verkehrsverbund,837
behälter,836
katholizismus,836
tendenzen,836
dargestellten,836
winde,836
haltestellen,836
aufträge,836
festgenommen,836
typisches,835
wiki,835
madagaskar,835
lücke,835
langjähriger,835
woraus,835
fair,835
kommissar,835
gesellschafter,834
kunde,834
bereitete,834
stärkung,834
homer,834
baltimore,834
vollendung,834
hauptfigur,834
mobilität,834
landgrafschaft,834
operette,834
horizont,833
hannibal,833
movie,833
middle,833
zensur,833
kaliber,833
