word,count
to,15130
yin,7936
he,6666
po,6016
na,3820
et,3314
gb,3267
owhe,3169
do,3066
de,2551
naijilia,1770
az,1695
al,1614
ayimat,1586
ji,1518
bo,1505
weh,1481
nado,1402
yi,1388
zan,1331
pod,1272
of,1222
taidi,1195
nu,1126
ye,1096
ko,1093
nt,1071
otò,1050
the,997
tin,986
dl,975
otàn,945
wa,891
jiji,835
wh,834
ma,833
ah,807
ndonu,794
ehe,758
dó,738
alav,734
tindo,734
basi,725
aw,723
nlin,700
dé,700
godo,699
daho,691
ovi,660
devo,660
whenue,658
azán,649
dopo,636
te,631
susu,629
yé,624
go,617
vi,593
nnu,585
aj,567
lu,557
hugan,553
en,548
at,539
tintan,523
aihun,517
dali,514
kavi,508
ot,507
podo,506
ogb,506
azan,503
eji,487
zun,486
nm,478
gan,476
aihundat,472
pl,468
nuk,460
and,430
dide,422
gbe,420
di,418
gandudu,415
ew,414
aihundida,411
in,406
yiny,400
osun,398
whenu,395
yink,388
bos,380
gando,378
yet,375
wá,363
del,350
gl,347
eyin,342
taun,328
nwhe,326
yí,321
om,317
gbedewema,315
wutu,313
waz,306
whenuena,306
dok,303
school,301
sinima,295
su,294
oto,292
on,292
tonud,292
igba,278
ohàn,274
sins,273
nuhe,272
yiyl,272
ho,269
ojl,266
tito,264
voovo,261
owe,258
aku,257
fihe,255
os,253
am,243
university,243
sun,242
kú,242
ahi,241
nwat,239
yl,232
college,230
gbonu,227
kano,226
matint,221
ni,219
ak,219
awe,216
niger,212
du,210
fin,210
anadenanut,209
ay,208
nigeria,207
ndo,201
yì,200
ha,198
awet,197
ganji,196
bi,194
adà,193
mi,192
gán,189
ben,187
aliho,187
yín,186
ogbè,186
waji,184
kan,184
awuhia,177
hia,176
tat,174
af,173
wiwa,171
aflika,171
dopol,167
dai,166
si,166
nukun,164
luduta,164
wat,162
wunm,161
ibadan,159
dagbe,158
aim,158
lagos,158
ga,158
ze,156
for,155
yè,155
kakaj,154
ta,153
whe,152
hos,152
emi,151
bibasi,151
togbo,150
nn,150
gbagli,149
da,148
ehel,148
didoai,148
sin,146
otogbo,143
wepinpl,143
alunlunsun,142
nam,142
donu,137
aviv,136
tonudid,136
zindonuk,136
jlo,135
nin,135
wekant,135
ogun,133
london,133
tangan,131
pipa,131
hagb,130
ada,130
viv,130
sinim,130
dot,129
whejisun,128
liyasun,128
nukundeji,127
aigba,127
dè,127
lehe,125
africa,124
tl,124
hànjit,124
ku,123
asi,123
lika,123
oh,123
whèyih,123
pon,122
ogbe,122
tòdaho,120
kanlinm,120
hoho,119
det,119
sisa,119
fie,117
state,117
aih,117
yiyizan,114
when,113
saba,113
dahomey,112
ab,111
top,111
ai,110
olu,110
dile,109
no,109
african,109
dog,108
sunnu,107
wleal,107
ja,107
dop,107
international,107
dogbo,107
la,106
sa,106
lidosun,106
new,106
ogán,105
kanlin,105
national,105
visunnu,104
pinpl,104
benin,104
dona,103
by,103
ton,102
depope,101
koat,100
le,100
agewaji,100
hunwh,99
owhè,99
ngan,98
penukundo,98
asu,98
jij,98
whèz,98
awewesun,97
nuwhàsun,97
nuwiwa,97
hùwaji,97
wle,96
np,96
jit,96
ba,96
dehe,96
st,96
ayidosun,95
jo,94
vijiji,94
huhl,93
em,93
ad,92
united,92
we,92
kandai,92
kinkan,92
amasin,92
dohia,91
zósun,91
nna,91
todin,90
me,90
yiyi,90
hom,90
nawudop,90
mah,90
dido,90
ndop,89
afínpl,88
basit,88
otan,88
diyin,87
party,87
togbogan,87
hih,87
av,87
kanweko,87
linlinwe,87
pe,86
num,84
din,84
dat,84
wheyih,84
linlin,83
education,83
viy,83
nina,83
nupinpl,82
wedegb,82
federal,82
ohan,82
nupl,81
azinpon,81
pa,80
whla,80
agbasa,80
gba,79
nigerian,79
un,79
osin,79
oy,78
jl,78
tovi,78
nsigbe,78
nunina,78
mim,77
klo,76
ag,75
edo,75
awhan,75
hihia,75
yed,75
dugan,74
apajl,73
dodinnanu,73
doal,73
government,73
awè,73
wayi,73
people,72
von,72
nugbo,72
awhanfunt,71
didi,71
detiti,71
whenuho,71
ede,71
my,71
nwiwa,70
nido,70
wleawuna,70
nudi,69
ngán,69
int,69
zinj,69
oyo,68
yise,68
nuy,68
die,68
yinyin,68
nollywood,68
onu,67
klistiani,67
yind,67
awards,67
wey,66
ogan,66
malenu,66
agbegbe,66
an,66
linl,66
igbo,66
saraki,66
aot,65
zedait,65
yànsun,65
vu,65
kàn,65
west,65
todohukanji,65
zize,64
ghana,64
yovo,64
tògbo,64
gblagbla,64
tele,64
russia,64
otànwe,64
kaka,63
ti,63
nududu,63
dom,63
lopo,63
nyiyi,63
gblam,62
nud,62
hogbe,62
ibrahim,62
france,62
folklore,62
ayinam,61
titengbe,61
baba,61
deanana,61
idopot,61
academy,61
ayidonugo,61
ondo,61
best,61
mí,61
hinh,60
ojo,60
love,60
didet,60
hanjit,60
technology,59
john,59
huwaji,59
anaz,59
wà,59
tom,59
yiwa,59
dowat,59
wehihia,59
dotowhe,59
yede,58
anadena,58
award,58
ali,57
oku,57
jiwhey,57
city,57
dan,57
abuja,56
livi,56
fo,56
ekiti,56
pé,56
sinsiny,56
england,56
zinzinj,56
whel,55
ngb,55
ovo,55
awu,55
dopodopo,55
hod,55
fm,55
kaduna,54
abubakar,54
owhé,54
pinp,54
gban,54
local,54
hlan,54
sarkin,54
tòp,53
nnam,53
primary,53
art,53
nuyiwa,53
tlu,53
televizion,53
didohia,53
nwhé,53
idopo,52
kwara,52
wiat,52
did,52
york,52
sìn,51
egbehe,51
blebu,51
plidop,51
ikorodu,51
paris,51
dogbedevom,51
island,51
whl,50
ii,50
gándo,50
ikeja,50
sigba,50
togan,50
húsun,50
ns,50
yawu,50
high,50
opl,50
okú,49
biblu,49
etl,49
fó,48
yid,48
numim,48
nujij,48
institute,48
europe,48
whedel,48
kilom,48
canada,48
hiawe,48
wam,48
ile,48
hausa,48
osó,48
house,48
zinzan,47
kant,47
widopot,47
enugu,47
dà,47
nul,46
yizan,46
dida,46
nude,46
dego,46
hùnwh,46
titi,46
pò,46
yiya,46
samuel,46
arts,46
awhàn,46
wal,45
aimat,45
yoruba,45
wiawet,45
tolanm,45
nk,45
apa,45
secondary,45
tó,45
apadewhe,45
nuj,45
with,45
se,44
bayi,44
ògán,44
british,44
kleun,44
gbè,44
kande,44
dudu,43
yanwle,43
dù,43
world,43
warri,43
gig,43
otanwé,43
music,42
all,42
huhu,42
david,42
society,42
suhugan,42
yèd,42
james,42
inat,42
ladio,42
agéwaji,42
series,42
from,42
one,42
folk,42
chief,41
otògbo,41
whem,41
science,41
penugo,41
press,41
whez,41
king,41
ka,41
tv,41
doto,40
yinwanna,40
nukunm,40
dote,40
britain,40
abeokuta,40
jihun,40
ao,40
michael,40
kogi,40
is,40
vude,40
el,40
kans,40
association,40
south,39
congress,39
gigopanam,39
bello,39
sinai,39
daihun,39
ylankan,39
nnukun,39
george,39
th,39
polytechnic,39
ojlo,39
port,39
women,39
church,39
dike,38
nukunat,38
pipli,38
egbezangbe,38
togán,38
ade,38
je,38
nd,38
nupe,38
má,38
royal,38
oba,38
yidog,38
lanm,38
nudide,38
whegbe,38
movie,38
history,38
you,38
ladioh,38
ná,38
bladop,37
atin,37
ode,37
ny,37
grammar,37
nuhahun,37
yovogbe,37
tò,37
oke,37
liho,37
delta,37
anambra,37
river,37
nukikodonam,37
film,37
mary,37
life,37
igboho,37
kannywood,37
nukundopot,36
day,36
hu,36
wiawe,36
council,36
nunnuy,36
sà,36
jlado,36
lú,36
yinuwa,36
mohammed,36
actress,36
hò,36
jane,36
kanwe,35
ju,35
jon,35
tòn,35
hun,35
theatre,35
dekannuj,35
fi,35
hohowhenu,35
democratic,35
gbló,35
lil,35
owo,35
north,35
omo,35
nh,35
ohia,35
black,35
gombe,35
spain,35
wy,35
tena,34
owh,34
nwa,34
hodo,34
wi,34
hodid,34
liz,34
nyiz,34
gbejiz,34
nhlan,34
ayidego,34
nwanu,34
mr,34
dogbó,34
martins,34
minna,34
ife,34
thomas,34
area,34
ukraine,34
gandut,33
states,33
scotland,33
calabar,33
degree,33
oyin,33
miy,33
studies,33
muhammad,33
weda,33
abdullahi,33
as,33
awhànfunt,33
bauchi,33
gbigbá,33
jijizan,33
elizabeth,33
avoseh,33
eyi,32
wema,32
poun,32
yovotom,32
first,32
dowhenu,32
dind,32
yedel,32
gandu,32
east,32
oko,32
kingdom,32
ovu,32
english,32
nus,32
obi,32
agege,32
godona,32
nukunawet,31
nta,31
obafemi,31
ota,31
godon,31
plan,31
nupenu,31
bib,31
zán,31
abia,31
etom,31
ofr,31
girls,31
nkan,31
bank,31
li,31
so,31
gbigb,31
gbá,31
story,31
otànnugbo,31
buhari,30
gbàn,30
ed,30
bachelor,30
nvo,30
youth,30
germany,30
diblayi,30
rivers,30
vuwhenu,30
sù,30
bayit,30
iya,30
tohod,29
yaba,29
bu,29
group,29
gbangba,29
avun,29
pli,29
sí,29
methodist,29
hù,29
whanp,29
dotoz,29
republic,29
cross,29
bida,29
zom,29
show,29
afanum,29
girl,29
prize,29
mít,29
otàngblo,29
nuzedonuk,29
ghanavi,29
dopot,28
nuz,28
san,28
yit,28
sis,28
got,28
babatunde,28
central,28
gbo,28
queen,28
service,28
yigbe,28
dogb,28
matin,28
flinflin,28
nukinkan,28
nutindo,28
business,28
badagry,28
harcourt,28
hùn,28
flansegbe,28
pdp,28
prince,28
plateau,28
ohó,28
charles,28
it,28
olusegun,28
pínpan,28
songs,28
covid,27
zaria,27
adebayo,27
awolowo,27
code,27
togo,27
maja,27
eko,27
zin,27
bai,27
duah,27
denanut,27
gunnu,27
hospital,27
television,27
otó,27
hiho,27
dodonu,26
tòvi,26
tògan,26
limited,26
adeniran,26
pat,26
togodo,26
alhaji,26
century,26
balogun,26
lomu,26
toh,26
man,26
whinwh,26
china,26
mimá,26
abacha,26
joseph,26
weset,26
otanwekant,26
tales,26
glint,25
wiwe,25
ogàn,25
oyl,25
awutu,25
àj,25
whan,25
dók,25
surulere,25
dìde,25
egbes,25
ajara,25
gbigba,25
magazine,25
development,25
nwe,25
gbetato,25
lo,25
nvona,25
akw,25
ol,25
ntl,25
hanjiji,25
luigba,25
imo,25
polit,25
mercy,25
kainji,25
jos,25
be,25
spanish,25
entertainment,25
place,25
american,25
hànjiji,25
rights,25
kemp,25
agban,24
awus,24
afolayan,24
flans,24
ian,24
cotonou,24
sika,24
gli,24
owanyi,24
ki,24
sat,24
nnukunawet,24
dodinnanut,24
lgd,24
mahop,24
centre,24
language,24
asisa,24
awà,24
william,24
tliki,24
ijebu,24
gbayipe,24
tiata,24
linlinnam,24
nwh,24
texas,24
palmer,24
dr,24
putin,24
jladobasit,24
wekànt,24
beck,24
akande,23
jivi,23
dotowhé,23
progressive,23
paa,23
kò,23
hudo,23
sunday,23
awori,23
afinpl,23
soglo,23
whlà,23
postal,23
inawe,23
wiwle,23
nup,23
wekun,23
anadem,23
novo,23
gbétatò,23
mima,23
visunu,23
todaho,23
india,23
apc,23
williams,23
milomilo,23
jigawa,23
zungeru,23
gungbe,23
museum,23
nuvikun,23
nupinp,23
up,23
anglican,23
jonathan,23
last,23
languages,23
kàndai,23
sorabji,23
gbeji,22
if,22
awhangan,22
inawet,22
bola,22
gble,22
hé,22
ohun,22
ov,22
janw,22
ok,22
pósu,22
administration,22
ajido,22
kun,22
aga,22
mo,22
hen,22
ebonyi,22
johnson,22
pete,22
avunl,22
klisti,22
sokoto,22
nuzinzan,22
time,22
ndagbe,22
linlinwekant,22
femi,22
henry,22
our,22
yobe,22
nasarawa,22
peter,22
bus,22
km,22
festival,22
chile,22
was,22
kamuku,22
ohún,22
drama,22
televizi,22
human,22
àzán,22
isbn,22
wz,22
béhanzin,22
nukunpedonugot,21
oviy,21
ahmadu,21
kl,21
ndena,21
tohom,21
oho,21
ado,21
union,21
boni,21
french,21
iant,21
vobibla,21
dope,21
club,21
fide,21
basina,21
ayiha,21
ap,21
pennsylvania,21
egbe,21
emmanuel,21
konukun,21
kuti,21
saint,21
ohù,21
jesu,21
asé,21
knik,21
robert,21
katsina,21
village,21
or,21
wepl,21
asì,21
ministry,21
portugal,21
radio,21
public,21
ila,21
gàn,21
owé,21
margaret,21
nepal,21
literature,21
ooni,21
williamson,21
khm,21
muhammadu,20
tinubu,20
nususu,20
jehovah,20
nudido,20
order,20
training,20
lateef,20
don,20
ohu,20
oda,20
gaa,20
ebute,20
vodun,20
ahì,20
widopo,20
ovivi,20
nukunhunhun,20
yindidi,20
nylankan,20
kló,20
awuwlena,20
usman,20
togbó,20
children,20
dohlán,20
home,20
list,20
ofi,20
company,20
nuyizan,20
family,20
ilorin,20
brazil,20
arímóògùnj,20
adegbit,20
books,20
awhangán,20
unicef,20
magic,20
treasure,20
nsun,20
nuhiho,19
paul,19
abiodun,19
abiola,19
nnukundopot,19
adam,19
yan,19
nudepope,19
tòwedegb,19
bú,19
und,19
nnukunat,19
pó,19
togant,19
abdulahi,19
apadewhé,19
fulani,19
management,19
yiaga,19
dugán,19
gbek,19
ianwet,19
louis,19
bibla,19
gbl,19
dehlan,19
nugopipe,19
hànjito,19
victoria,19
sola,19
owoh,19
umar,19
ago,19
naijilianu,19
joke,19
italy,19
janet,19
sweden,19
sá,19
war,19
bbc,19
white,19
crowther,19
ohò,19
silva,19
oro,19
osùn,19
schools,19
lá,19
navy,19
book,19
pp,19
slessor,19
tam,18
dee,18
jinukun,18
ayaj,18
adamu,18
nz,18
kunnu,18
nukunpedo,18
ndai,18
zep,18
wepipl,18
senior,18
sinsan,18
social,18
gbant,18
iat,18
dibla,18
ie,18
zosun,18
gbawhan,18
houngbédji,18
opli,18
oj,18
whevi,18
olan,18
gbloada,18
brown,18
yuu,18
yiwanna,18
dín,18
emit,18
ajayi,18
western,18
ayidedai,18
kzanda,18
siny,18
japan,18
lila,18
jihàn,18
nawe,18
us,18
nbasi,18
gun,18
benue,18
wintinwintin,18
zanh,18
vivi,18
men,18
are,18
cambridge,18
power,18
sarki,18
oploji,18
mother,18
yansun,18
sadok,18
elisabeth,18
ale,18
dawe,18
isin,18
uk,18
otanwe,18
california,18
linlinz,18
hopodona,18
aigbe,18
liai,18
hladio,18
song,18
bennett,18
og,18
weiser,18
aall,18
ozaki,18
agba,17
yu,17
otovi,17
tín,17
nukundopo,17
cms,17
nsi,17
gánzinpo,17
ogunsanya,17
mushin,17
pà,17
kot,17
odo,17
wehom,17
alihogbó,17
awutugonu,17
memorial,17
porto,17
ipo,17
baptist,17
whédo,17
zangbet,17
nue,17
commission,17
nen,17
georgia,17
ngbedop,17
deji,17
medical,17
america,17
pevi,17
video,17
yem,17
ndohlan,17
deb,17
nù,17
ow,17
study,17
shehu,17
nugonu,17
nal,17
daa,17
nwun,17
christ,17
boy,17
this,17
awèwèsun,17
doyin,17
okuta,17
duto,17
not,17
general,17
awol,17
sierra,17
leone,17
ndenam,17
gbawhàn,17
okoya,17
mose,17
danfafa,17
jamaica,17
short,17
aihúndida,17
balfour,17
nzekwu,17
der,17
canziani,17
musa,16
gbenu,16
nuhudo,16
tukla,16
ladipo,16
glez,16
gbakun,16
certificate,16
hitler,16
ganpam,16
jai,16
amì,16
agbasalilo,16
nudevo,16
ohú,16
zannu,16
nusat,16
authority,16
oronsen,16
health,16
fun,16
penukúndo,16
pá,16
yinuk,16
funawhan,16
jihan,16
doai,16
wekanhlanm,16
akwa,16
ibom,16
ntin,16
flin,16
awhànfunto,16
oshodi,16
abdul,16
justice,16
million,16
gee,16
wéh,16
play,16
dek,16
great,16
heart,16
god,16
onitsha,16
big,16
deviz,16
akonka,16
homilomilo,16
mexico,16
nyi,16
nuyiwadom,16
kànt,16
nudida,16
didó,16
penukun,16
nwhanp,16
egipti,16
oxford,16
abomey,16
jalade,16
malenugán,16
ndonul,16
jamila,16
tókun,16
viehmann,16
dégh,16
barros,16
agbawhinwhl,15
research,15
uw,15
oslo,15
yinm,15
tintengbe,15
kunn,15
duhun,15
standard,15
edetiti,15
nalina,15
dogo,15
peh,15
hodot,15
democracy,15
iny,15
luhot,15
atlantic,15
nuh,15
officer,15
technical,15
aba,15
solomon,15
sanwo,15
wamakko,15
super,15
yina,15
glètoho,15
dodego,15
dinat,15
onú,15
wewe,15
kunt,15
gold,15
daniel,15
sani,15
katcha,15
obasanjo,15
kando,15
ft,15
castle,15
konukunat,15
congo,15
odò,15
ogle,15
bal,15
gbemima,15
air,15
vodide,15
mrs,15
bar,15
marie,15
algeria,15
yar,15
most,15
mas,15
ndot,15
nawhàn,15
sahara,15
princess,15
nuyise,15
likanu,15
nkàn,15
fil,15
journal,15
gijimasu,15
itsekiri,15
edith,15
anu,15
azìn,15
kumbari,15
lam,15
musical,15
kay,15
sidney,15
rudkin,15
oplo,14
abòhúsun,14
sunzanhiawe,14
asia,14
mit,14
odan,14
dides,14
young,14
movement,14
macaulay,14
nukunpedego,14
gigo,14
dayi,14
awugble,14
jijla,14
zedai,14
diploma,14
agbàgogan,14
iwo,14
ogant,14
community,14
ya,14
ajasse,14
epe,14
babajide,14
wekinkan,14
nnum,14
latin,14
jackson,14
games,14
gbètato,14
park,14
vlavo,14
kontagora,14
agriculture,14
apapa,14
whèyid,14
sobowale,14
nsukka,14
igala,14
agbàwhl,14
ten,14
mallam,14
gwari,14
olabisi,14
traditional,14
wadohia,14
dite,14
town,14
days,14
jideji,14
hot,14
taku,14
nudind,14
luz,14
gandego,14
communication,14
accra,14
hogb,14
whiwh,14
good,14
sawh,14
alavo,14
bailey,14
fati,14
gandudom,14
adua,14
son,14
law,14
hodide,14
old,14
hotel,14
project,14
bride,14
year,14
lalo,14
dominic,14
aliplit,14
akoko,14
stories,14
wikipedia,14
kosoko,14
henrietta,14
fairy,14
norsk,14
vermont,14
hamer,14
mtv,13
father,13
rimi,13
ndotena,13
gbedide,13
es,13
hú,13
dem,13
evi,13
eni,13
middle,13
master,13
salami,13
kúnkan,13
gabriel,13
adelabu,13
koko,13
eze,13
nusisa,13
mad,13
akan,13
ganm,13
ahunz,13
sinm,13
wedding,13
re,13
hoyid,13
may,13
civil,13
nfi,13
alaba,13
wiwà,13
hunyanhunyan,13
comprehensive,13
oju,13
konukundopot,13
nukunpedom,13
tohodid,13
ltd,13
heyin,13
dlap,13
daily,13
kink,13
toyin,13
ofin,13
aliyu,13
naira,13
jlat,13
kidjo,13
les,13
dídá,13
zl,13
mass,13
vogbingb,13
agayiyi,13
washington,13
fidevo,13
agahún,13
vo,13
numiim,13
nnamdi,13
sadit,13
martin,13
gbà,13
richard,13
segun,13
lolo,13
bayero,13
onabanjo,13
galadima,13
nj,13
center,13
bimbo,13
boys,13
soap,13
soul,13
fib,13
gbé,13
od,13
vol,13
buchi,13
luhogb,13
dal,13
blanul,13
fire,13
sir,13
miss,13
whehod,13
road,13
yido,13
nugop,13
ama,13
voice,13
ini,13
clark,13
kuye,13
morocco,13
canadian,13
sagbohan,13
tunisia,13
country,13
culture,13
sweet,13
awhànpa,13
elizade,13
turaki,13
wurld,13
times,13
egharevba,13
sadau,13
appiah,13
medal,13
sharp,13
gillmor,13
brigitta,13
senungetuk,13
plam,12
lincoln,12
towhan,12
sisi,12
dá,12
cameroon,12
ngbo,12
faith,12
poland,12
brítánì,12
soviet,12
army,12
nas,12
ìj,12
owu,12
gbau,12
idumota,12
sín,12
nuhoho,12
fu,12
return,12
finin,12
idi,12
umaru,12
niy,12
ola,12
nb,12
indian,12
ajose,12
akinwunmi,12
sinnim,12
oyín,12
heblugbe,12
dindona,12
liva,12
nnukundopo,12
sogan,12
jean,12
economics,12
ayidedait,12
falz,12
azikiwe,12
aluko,12
sam,12
mustapha,12
awhànz,12
hausanu,12
dapo,12
rock,12
corporation,12
gigopam,12
fuji,12
hoyidokanji,12
heritage,12
whè,12
tado,12
asú,12
dauda,12
aflikanu,12
mama,12
wife,12
goodluck,12
com,12
áká,12
gbede,12
department,12
npl,12
she,12
husun,12
model,12
foundation,12
ati,12
vanguard,12
modern,12
aigbadenam,12
harvard,12
nulinl,12
tejuosho,12
student,12
nile,12
other,12
biafra,12
frances,12
rita,12
medetiti,12
wekantin,12
tintán,12
inyama,12
jide,12
oduoye,12
azé,12
thurlow,12
für,12
anna,12
yugbeji,11
klan,11
smith,11
nations,11
jipa,11
dandan,11
adeleke,11
adele,11
didohlan,11
hope,11
tav,11
dahodaho,11
yayi,11
yinka,11
ajiji,11
tindó,11
oflin,11
hi,11
toronto,11
command,11
legend,11
kakati,11
ego,11
igbomina,11
mu,11
yahaya,11
dovo,11
alimosho,11
nnukunawe,11
gallery,11
hanjigb,11
wedudu,11
agbán,11
aye,11
dodo,11
fifa,11
hunhun,11
mike,11
lekki,11
chris,11
idah,11
idris,11
borgu,11
assembly,11
mariga,11
mokwa,11
dót,11
owode,11
ilesa,11
nugl,11
ahun,11
tunde,11
ep,11
maryland,11
out,11
heaven,11
lady,11
tinsel,11
nla,11
maria,11
yewl,11
osìn,11
ghetto,11
yii,11
nugbe,11
wekún,11
nnaji,11
mind,11
shuga,11
kanji,11
season,11
naija,11
sú,11
jí,11
palace,11
jenifa,11
child,11
wem,11
fatima,11
farida,11
des,11
hans,11
ph,11
columbia,11
hall,11
ìgbómìnà,11
godot,11
aisha,11
jan,11
jacob,11
doayi,11
blench,11
whé,11
russell,11
titobasinanu,11
street,11
adedimeji,11
lola,11
her,11
lodo,11
moremi,11
marilyn,11
daughter,11
https,11
poetry,11
mandela,11
atín,11
russian,11
night,11
web,11
linlinh,11
ogede,11
dede,11
ogedengbe,11
awhànfunfun,11
oclc,11
choice,11
glele,11
gbèk,11
kukuna,11
agaja,11
agbàwhinwl,11
fowke,11
etnologisk,11
yurchenco,11
grover,11
awupo,10
fot,10
nagba,10
sanv,10
kannu,10
anadenanu,10
fashola,10
concert,10
plipli,10
adewale,10
zee,10
empire,10
committee,10
second,10
red,10
awubla,10
adrien,10
kérékou,10
bíb,10
lan,10
ohùn,10
nudel,10
alliance,10
gbado,10
olamide,10
ruby,10
makoko,10
klohugan,10
yig,10
amelika,10
wheh,10
gblo,10
ganzinpo,10
ontario,10
azìnpon,10
action,10
aglipa,10
yinyan,10
dole,10
oja,10
saheed,10
francis,10
gant,10
yinwana,10
chicago,10
ayi,10
yìn,10
penicillin,10
male,10
lezun,10
bc,10
mak,10
hui,10
hunnukun,10
nvi,10
hansin,10
anthony,10
ar,10
lù,10
medel,10
ajaka,10
tli,10
yinu,10
nudopol,10
victor,10
gregory,10
ukiwe,10
ik,10
ike,10
uche,10
ilara,10
journalism,10
tony,10
coker,10
kayode,10
gbenga,10
edward,10
aminu,10
hankant,10
murtala,10
yemi,10
shiroro,10
game,10
sisl,10
taiwo,10
land,10
alkali,10
gbon,10
bibayi,10
tale,10
president,10
igbonu,10
broadcasting,10
oshin,10
anne,10
gigopana,10
abass,10
fine,10
ireland,10
pataki,10
titobasina,10
kakatim,10
hokansem,10
npe,10
caribbean,10
lanre,10
his,10
whegan,10
douglas,10
nation,10
luck,10
alihiam,10
joe,10
catholic,10
waj,10
media,10
madam,10
bernard,10
blood,10
owa,10
nudego,10
run,10
wole,10
secret,10
aihunkant,10
core,10
kola,10
yéwándé,10
eurovision,10
metta,10
dasá,10
ikoyi,10
adult,10
supporting,10
here,10
nukúndeji,10
maryam,10
director,10
nukunwhiwhe,10
morning,10
funmi,10
ogiame,10
wadotana,10
akinnifesi,10
nawu,10
akure,10
finland,10
baby,10
bernhardt,10
azét,10
performance,10
helen,10
adunni,10
viewers,10
olowu,10
àdó,10
ikeduba,10
thriller,10
ovisunnu,10
mohamma,10
anthropology,10
zamnagawa,10
fakeye,10
alùbasa,10
nagudu,10
cultural,10
poem,10
topics,10
amerika,10
gransking,10
dag,10
virve,10
santiago,10
cameroun,10
nukunnum,9
vovo,9
kóyànsun,9
zinzin,9
adavo,9
ayu,9
yusufu,9
adeyemi,9
bamidele,9
eku,9
higher,9
sekanfun,9
adeniji,9
ero,9
oluwa,9
depo,9
afeez,9
vienna,9
awhanfun,9
berlin,9
tata,9
nji,9
alexander,9
wale,9
doctor,9
nutogb,9
zinz,9
akú,9
square,9
kut,9
agamathen,9
ll,9
dukos,9
wiw,9
olowo,9
inu,9
ayinde,9
godom,9
akbar,9
okan,9
akin,9
usa,9
amasinz,9
dla,9
lcda,9
senegal,9
attah,9
nnup,9
ova,9
open,9
ouidah,9
iii,9
ewhe,9
adoji,9
bibi,9
agun,9
klun,9
ml,9
whiwhe,9
atlanta,9
nid,9
jijlado,9
kunkun,9
owan,9
pla,9
ntinm,9
tintindo,9
ponu,9
kinkant,9
orji,9
uyo,9
pan,9
adekunle,9
information,9
adó,9
police,9
bridge,9
babangida,9
iwoye,9
ilaro,9
moshood,9
adeboye,9
ahmed,9
ogba,9
mayin,9
konukunawet,9
christmas,9
peace,9
age,9
market,9
nyiny,9
nuzinzán,9
akintola,9
blow,9
jó,9
ajao,9
wékinkan,9
yidogona,9
living,9
after,9
tears,9
star,9
eda,9
cicipu,9
confucius,9
daddy,9
nwaji,9
dead,9
davún,9
zingbejiz,9
youtube,9
tutu,9
massachusetts,9
kastina,9
mirror,9
guinea,9
lomé,9
ij,9
relations,9
adop,9
that,9
frederick,9
omu,9
mark,9
mon,9
member,9
ford,9
townsend,9
nun,9
lomunu,9
sì,9
hoavun,9
orangun,9
ona,9
alokan,9
bishop,9
glensigbe,9
citation,9
punch,9
bad,9
yinuwado,9
cnn,9
soyinka,9
achebe,9
caballero,9
cinda,9
regi,9
jì,9
norway,9
towe,9
indonesia,9
linlinnat,9
razaq,9
alabiki,9
witch,9
nte,9
real,9
todowhinnu,9
togbogán,9
whinnu,9
afrique,9
brother,9
okonjo,9
avase,9
portuguese,9
basanj,9
beautiful,9
omobolanle,9
owerri,9
about,9
woman,9
danialou,9
amvca,9
nubayit,9
taitanik,9
mensah,9
august,9
zelensky,9
face,9
emily,9
fiction,9
albert,9
nnachi,9
diary,9
mokin,9
awhánfunt,9
indiana,9
www,9
omotola,9
guardian,9
stevenson,9
sister,9
chukwujekwu,9
sisá,9
emecheta,9
yinyon,9
etomi,9
dawayya,9
hilda,9
awobuluyi,9
agya,9
koo,9
dorothea,9
ethnomusicology,9
miranda,9
norge,9
fra,9
lucy,9
turner,9
andreassen,9
terrill,9
ice,8
rev,8
nukunpipedo,8
doy,8
yigona,8
didona,8
gbet,8
jikun,8
abraham,8
finflin,8
avùnl,8
mehe,8
adajahú,8
suleiman,8
adeola,8
staff,8
co,8
oga,8
kunle,8
comedy,8
daga,8
holy,8
fifo,8
benson,8
nme,8
whemit,8
blavo,8
sinimabayit,8
blo,8
ganhiho,8
trade,8
nursery,8
teacher,8
wlem,8
akran,8
ianwe,8
pinpin,8
whlá,8
dibu,8
susugege,8
ozán,8
nuhewutu,8
panu,8
akinsanya,8
merit,8
fellow,8
dagben,8
edinburgh,8
newspaper,8
nujijla,8
basa,8
aki,8
ndoai,8
district,8
estate,8
australia,8
dóníà,8
phillip,8
awa,8
yonnu,8
lou,8
premier,8
jimi,8
chemistry,8
agbàn,8
lili,8
júù,8
zanm,8
ngban,8
otogan,8
ofún,8
jei,8
tedidi,8
arochukwu,8
teaching,8
fànfúnn,8
iweala,8
mainland,8
ifelodun,8
joshua,8
bayelsa,8
alfred,8
green,8
lake,8
bolaji,8
ayo,8
christian,8
borno,8
zainab,8
maji,8
lokoja,8
esan,8
hill,8
dam,8
wushishi,8
yewa,8
christopher,8
banjo,8
osogbo,8
aregbesola,8
animal,8
eno,8
name,8
kambari,8
yabo,8
kennedy,8
yisen,8
whlep,8
ogbé,8
op,8
movies,8
three,8
manuel,8
industry,8
bob,8
key,8
gospel,8
tònud,8
dotana,8
zizedo,8
zizedai,8
il,8
ngozi,8
ahan,8
aina,8
jla,8
whladopo,8
wheto,8
ngodo,8
duke,8
gbakija,8
affairs,8
executive,8
global,8
eto,8
political,8
force,8
ewhè,8
olaiya,8
oshoffa,8
im,8
captain,8
court,8
iyawo,8
light,8
grace,8
post,8
nuwhasun,8
nhugan,8
dagbem,8
little,8
gbesis,8
topo,8
phd,8
hum,8
idiat,8
nsis,8
phillips,8
professor,8
survey,8
moses,8
mosque,8
sawhé,8
anadidenanu,8
library,8
sábà,8
mc,8
your,8
trust,8
take,8
bí,8
hassan,8
souza,8
monroe,8
nmi,8
ban,8
kupa,8
núdùdù,8
gangan,8
bon,8
who,8
adeosun,8
tún,8
novel,8
ra,8
ilesanmi,8
ngba,8
nugbon,8
brila,8
maiduguri,8
unesco,8
bisola,8
norma,8
patrick,8
falo,8
poems,8
military,8
yusa,8
chronicle,8
taxi,8
driver,8
nudid,8
kin,8
talon,8
five,8
vladimir,8
joy,8
folawiyo,8
olatunji,8
yomi,8
pop,8
live,8
nana,8
onor,8
some,8
ilesha,8
eds,8
oyingbo,8
amazon,8
iye,8
basinam,8
ekeinde,8
actor,8
abubakr,8
faculty,8
thisday,8
goes,8
which,8
warisi,8
olawunmi,8
work,8
needed,8
gwendolen,8
linlinwhe,8
lati,8
sunu,8
ramadan,8
swedish,8
jamaican,8
lily,8
småskrifter,8
haid,8
tolmie,8
louie,8
arizona,8
bettan,8
chips,8
yoffie,8
hutchful,8
ganhihò,8
abayomi,7
frank,7
agahun,7
nukunawe,7
ewa,7
katoliki,7
oon,7
babil,7
yusuf,7
sawhe,7
dugu,7
adewusi,7
rahman,7
nugbaj,7
jijl,7
ovì,7
oduduwa,7
kings,7
oyetoro,7
german,7
òwè,7
owè,7
agbawhl,7
conference,7
koto,7
nulila,7
fa,7
oshogbo,7
agaie,7
diblayin,7
oflo,7
years,7
sanu,7
ahim,7
excellence,7
educational,7
economic,7
zizan,7
kenya,7
degbe,7
gbeyinyan,7
glelil,7
vodún,7
yét,7
olupo,7
ori,7
opa,7
mai,7
kinkandai,7
letters,7
orile,7
okun,7
matindo,7
petlezin,7
alex,7
sedot,7
kukut,7
bafarawa,7
dogl,7
awhangbenu,7
oz,7
asa,7
igwe,7
winner,7
arthur,7
andrew,7
iawet,7
hungary,7
hànsin,7
label,7
aihunda,7
okoro,7
antioku,7
ohuwaji,7
offa,7
titan,7
apá,7
rin,7
finfin,7
lifin,7
vudevude,7
eastern,7
whekanlin,7
adu,7
diga,7
nliho,7
yak,7
nnuy,7
owhán,7
isolo,7
okò,7
hutó,7
agbaje,7
isaac,7
àk,7
adekola,7
sade,7
oni,7
kudu,7
rogo,7
makama,7
buk,7
halima,7
dino,7
melaye,7
lafia,7
gbagyi,7
suleja,7
ketu,7
rotimi,7
ijesha,7
linlinhiat,7
efik,7
kuru,7
elan,7
azon,7
sinsen,7
hiv,7
dodinanu,7
ambode,7
mado,7
ajegunle,7
los,7
aquino,7
flanse,7
burkina,7
felix,7
kanna,7
agbo,7
etsu,7
hell,7
october,7
ghost,7
category,7
what,7
oklun,7
miracle,7
special,7
gbàpe,7
bl,7
reality,7
nuwe,7
setonu,7
yel,7
vide,7
omobola,7
money,7
opera,7
kemi,7
abasama,7
sidopot,7
gbezan,7
desmond,7
urban,7
hoavùn,7
gbleawu,7
shola,7
yidogonam,7
morrocco,7
han,7
okupe,7
doh,7
nadó,7
nawhan,7
aihundagb,7
emeka,7
dollar,7
awuyiya,7
olufemi,7
freedom,7
awhàngan,7
ahunm,7
jack,7
single,7
armenian,7
whydah,7
grand,7
gu,7
tint,7
fix,7
zamudio,7
nto,7
hon,7
buried,7
more,7
iwa,7
olayinka,7
pipà,7
whèvi,7
wes,7
naz,7
wahab,7
gods,7
late,7
marriage,7
gánt,7
ita,7
fellowship,7
alla,7
yahweh,7
bible,7
gigon,7
whesi,7
review,7
hunt,7
esther,7
ahàn,7
communications,7
back,7
towry,7
tosin,7
gom,7
lilian,7
lost,7
romance,7
pannuk,7
isale,7
head,7
sisà,7
aihundaji,7
catherine,7
fame,7
learning,7
tradition,7
pr,7
mohamed,7
adeolu,7
asuka,7
naval,7
sud,7
films,7
nusis,7
prof,7
northern,7
timothy,7
ogangbakun,7
lat,7
kunkan,7
dohlan,7
come,7
everest,7
nagbe,7
evans,7
zealand,7
kilimanjaro,7
tadudu,7
nnewi,7
rachel,7
deana,7
redeemer,7
dictionary,7
note,7
soldier,7
abigail,7
shettima,7
http,7
nuwadop,7
wlé,7
sunwhl,7
jladot,7
diyín,7
zinpo,7
ndido,7
ahoho,7
moto,7
stober,7
heinemann,7
wawa,7
olojo,7
otto,7
sandy,7
evolution,7
obaseki,7
osuofia,7
awhán,7
hùnhùn,7
alaska,7
onabolu,7
inuwa,7
nuniná,7
filmu,7
yaji,7
wikiwez,7
brothers,7
atlantik,7
tegbesu,7
egbi,7
imasuen,7
ict,7
role,7
trouble,7
kukah,7
blue,7
todohukan,7
espone,7
sixteen,7
iwe,7
isime,7
chinonso,7
honor,7
choufli,7
hal,7
egyptian,7
grimm,7
larena,7
jonas,7
reimer,7
münster,7
rasmussen,7
yiddish,7
violin,7
lincolnshire,7
yiyiwa,7
durán,7
nent,6
ní,6
abba,6
pope,6
dah,6
wazon,6
mogaji,6
mfr,6
wealth,6
ayilinl,6
kanbi,6
mawu,6
tón,6
linlinkant,6
dikko,6
aihunt,6
nukiko,6
ndounu,6
adebisi,6
davido,6
mínísítà,6
madonukun,6
bej,6
sanusi,6
herbert,6
jakande,6
nnut,6
ogl,6
ayimaten,6
simeon,6
npinpl,6
nazi,6
workers,6
hunhl,6
mathieu,6
dakar,6
gabon,6
omar,6
nicéphore,6
lin,6
nú,6
olaide,6
nif,6
senator,6
nudo,6
posu,6
whepoponu,6
gànv,6
agan,6
ahisin,6
velekete,6
trans,6
slave,6
dutch,6
doviv,6
honour,6
godwin,6
kofi,6
pita,6
jude,6
kw,6
aja,6
tuli,6
whégbè,6
okle,6
zungbó,6
won,6
toro,6
tan,6
wo,6
dele,6
iroko,6
egun,6
ibiam,6
keal,6
nsat,6
akenzua,6
march,6
sunny,6
illinois,6
isola,6
ilé,6
nupa,6
magbe,6
hihodo,6
sule,6
investment,6
apotin,6
saudi,6
arabia,6
alausa,6
labour,6
kos,6
corps,6
whedo,6
non,6
gbó,6
awhanpa,6
vijinu,6
nwosu,6
tokyo,6
nobel,6
nike,6
hànkant,6
jazz,6
fl,6
parakou,6
studio,6
meyer,6
deen,6
francisco,6
mathematics,6
wase,6
gunnugbeji,6
saya,6
uncp,6
sharia,6
dc,6
switzerland,6
doa,6
pam,6
juwayi,6
ndi,6
mapote,6
azàn,6
kosofe,6
sand,6
augustine,6
southern,6
babalola,6
odunlade,6
kolawole,6
tee,6
ifeanyi,6
okafor,6
ibu,6
nkem,6
buba,6
kanuri,6
innovation,6
bako,6
digital,6
muhammed,6
lugard,6
nursing,6
gwandara,6
jebba,6
gurara,6
bosso,6
gbako,6
lapai,6
rafi,6
seriki,6
abeni,6
adenuga,6
àt,6
simon,6
ogu,6
waziri,6
vodidi,6
anadenam,6
yorùbá,6
abz,6
beplame,6
zanheme,6
afuje,6
esogan,6
aihon,6
bleun,6
okeke,6
ema,6
iba,6
itire,6
former,6
coast,6
gbigblo,6
faso,6
danu,6
dangerous,6
beyond,6
gbànt,6
elemosho,6
philosophy,6
udokwu,6
free,6
progressives,6
sún,6
awuwiwlena,6
whèhut,6
destiny,6
ambrose,6
fanfun,6
bukky,6
minister,6
habib,6
silent,6
ivoire,6
chicken,6
koklo,6
cipu,6
yovogbem,6
dakore,6
flansenu,6
coming,6
sultan,6
otannugbo,6
novi,6
end,6
dayo,6
vip,6
truth,6
league,6
engineering,6
cup,6
doe,6
meta,6
sè,6
blanu,6
tower,6
italian,6
earl,6
cfr,6
commonwealth,6
amisa,6
adun,6
battle,6
etim,6
florida,6
yiavunl,6
fatai,6
tògbogan,6
otań,6
records,6
maradi,6
ògb,6
fred,6
legacy,6
maili,6
idowu,6
wl,6
genevieve,6
hip,6
hop,6
just,6
capital,6
hajiya,6
glesi,6
motors,6
nnusi,6
amà,6
gannugannu,6
nacional,6
wedut,6
tundote,6
bayol,6
chairman,6
edidi,6
ire,6
airport,6
aviation,6
office,6
computer,6
gblé,6
wezinzin,6
gentry,6
division,6
cornelia,6
kuv,6
ng,6
angel,6
nancy,6
let,6
dance,6
ét,6
birmingham,6
donald,6
long,6
jacobs,6
two,6
josé,6
agbàwhinwhl,6
kakanda,6
pongu,6
nutit,6
didepo,6
jones,6
billion,6
kilusi,6
akinlade,6
dúró,6
nhungan,6
kunnudet,6
túndé,6
àlàó,6
pipe,6
continental,6
tiwa,6
sports,6
kingston,6
muslim,6
grey,6
papa,6
corbusier,6
wleawu,6
liberia,6
paradise,6
julia,6
dòtin,6
hagbe,6
comparative,6
seminary,6
students,6
sub,6
ìf,6
palestine,6
born,6
ebele,6
major,6
missionary,6
jijodo,6
ovú,6
muyiwa,6
nawata,6
gawata,6
ahovi,6
translation,6
kelani,6
linda,6
warsaw,6
passion,6
yale,6
nukunt,6
board,6
agbawhiwhl,6
wla,6
opo,6
domingos,6
edu,6
omotunde,6
ajot,6
forbes,6
forces,6
bardem,6
petersburg,6
pànta,6
nan,6
mali,6
hausagbe,6
hundogan,6
chico,6
sikiru,6
adetona,6
sinag,6
exquisite,6
net,6
osu,6
tlut,6
title,6
sons,6
drive,6
núwiwa,6
ransome,6
yewande,6
dark,6
adandozan,6
zémijan,6
kid,6
bayowa,6
pictures,6
sapele,6
things,6
prest,6
gobir,6
aro,6
historical,6
naguji,6
zaki,6
sinimoto,6
ogendengbe,6
warrior,6
morgan,6
inc,6
faithia,6
indigenous,6
oniroko,6
diun,6
adams,6
imiekuri,6
hó,6
jackie,6
kado,6
funnawhàn,6
godia,6
òwé,6
madawaki,6
shekkarau,6
christine,6
ghezo,6
editions,6
kanawa,6
blossom,6
chukwudi,6
bes,6
dawaki,6
ayoka,6
yìnyìn,6
chickens,6
org,6
prix,6
aflanm,6
michelle,6
exhibition,6
partecipa,6
ohànjit,6
macmillan,6
austin,6
double,6
zizej,6
ralia,6
nuhu,6
amuka,6
kinkàn,6
jupita,6
saturn,6
uranus,6
ukah,6
uzochukwu,6
didadodo,6
echeruo,6
abdelkader,6
guest,6
kumasi,6
kazdarli,6
rama,6
standing,6
devil,6
ostention,6
hester,6
bombay,6
santo,6
folklorist,6
zur,6
fernán,6
penn,6
gaelic,6
louisa,6
brockpähler,6
estill,6
fredericksburg,6
andreasson,6
bobbysocks,6
kikki,6
nuamah,6
diabolo,6
gangnihessou,6
kunnudenu,5
abi,5
con,5
abdulkadir,5
nujonu,5
yidot,5
pu,5
isiaka,5
jiwheyewhe,5
èmí,5
awel,5
yàn,5
ayú,5
elementary,5
deputy,5
akoka,5
adedeji,5
aihunbasit,5
kerikeri,5
pede,5
naf,5
tijani,5
ncnc,5
húnsun,5
whinwhl,5
whepo,5
advocate,5
àjàyí,5
oladipo,5
nanu,5
class,5
gabaro,5
ndote,5
sinimaz,5
pot,5
bisi,5
nuvi,5
abu,5
giwa,5
emirate,5
fidel,5
wlebona,5
agbà,5
osé,5
mpli,5
agwara,5
kiklo,5
osí,5
toniy,5
dindin,5
ylan,5
gle,5
point,5
dekannu,5
nwiwà,5
rerengejen,5
dos,5
degbè,5
ekun,5
alade,5
ronke,5
aremu,5
tayo,5
ewe,5
gambari,5
esin,5
adamson,5
akarakum,5
baal,5
jisun,5
gegenu,5
miller,5
nà,5
wesley,5
mepl,5
akinola,5
awanu,5
aliklan,5
pegan,5
sinsin,5
heblu,5
ján,5
kandeko,5
howard,5
walter,5
cathedral,5
iran,5
ikotun,5
region,5
petlezìn,5
onù,5
namoda,5
attahiru,5
okoto,5
sianu,5
tit,5
amaka,5
temple,5
philadelphia,5
gángán,5
àga,5
yigbaji,5
waec,5
biology,5
huto,5
ee,5
òtò,5
iddo,5
àh,5
nv,5
diho,5
datin,5
atinp,5
samu,5
kinu,5
owal,5
sinsi,5
stephen,5
nml,5
donugo,5
ekukinam,5
sanni,5
gbanat,5
ayim,5
gblez,5
eyind,5
umuahia,5
nukún,5
sunmi,5
benjamin,5
chinyere,5
kalu,5
ebitu,5
ogbonna,5
kanu,5
jet,5
okechukwu,5
gbajabiamila,5
kelechi,5
osi,5
gànyuu,5
ose,5
idoma,5
ejiofor,5
kanayo,5
jim,5
kenneth,5
zain,5
haruna,5
isa,5
yero,5
ringim,5
arab,5
islamic,5
midwifery,5
taraba,5
fall,5
gándut,5
chanchaga,5
mashegu,5
munya,5
tafa,5
chrisland,5
tai,5
hubert,5
ultimate,5
kún,5
abdullah,5
duro,5
oladele,5
rauf,5
ladi,5
ibibio,5
bini,5
production,5
garba,5
yakubu,5
karai,5
fasanmi,5
ajasin,5
afujemezon,5
bio,5
fifi,5
olusola,5
lead,5
suwe,5
commercial,5
petroleum,5
gbem,5
wlan,5
tevi,5
small,5
hillary,5
ring,5
tango,5
commotion,5
owanyin,5
ara,5
afro,5
gbape,5
koewhedopot,5
apart,5
apostolic,5
ogú,5
happy,5
ndokwa,5
alli,5
wright,5
dada,5
atiku,5
zeynab,5
côte,5
imf,5
food,5
glo,5
hunsingan,5
acipa,5
yìyì,5
oyìn,5
oge,5
egbuson,5
cry,5
emotional,5
journey,5
adegbite,5
flower,5
attoh,5
ladies,5
nhot,5
jimmy,5
otòvi,5
dear,5
embassy,5
initiative,5
cape,5
drogba,5
abidjan,5
presidential,5
sophie,5
julius,5
convention,5
ecowas,5
ebun,5
ekpo,5
virgin,5
hawkins,5
dotuhom,5
theater,5
cinema,5
desperate,5
hand,5
july,5
greatest,5
oso,5
orin,5
stoiki,5
lee,5
dubai,5
now,5
dekunnu,5
orlando,5
band,5
aml,5
olasunkanmi,5
sciences,5
doait,5
keeping,5
rose,5
must,5
okoh,5
november,5
oodua,5
agasa,5
elijah,5
rainbow,5
zungbom,5
mbaise,5
ovuwhenu,5
line,5
aze,5
sisters,5
agbara,5
eri,5
ngaji,5
hodut,5
syria,5
madrid,5
gupa,5
kanyinylan,5
fidepope,5
norwegian,5
nuwhàsún,5
van,5
vidio,5
adin,5
niyaniya,5
clara,5
àz,5
whehodid,5
ziz,5
tòm,5
edition,5
tafawa,5
balewa,5
vojlado,5
oboni,5
okún,5
mecca,5
imdb,5
sango,5
alabi,5
cbc,5
principal,5
where,5
among,5
others,5
adeniyi,5
gbetatò,5
gingl,5
opá,5
agahúnglint,5
airlines,5
eagle,5
alah,5
plit,5
third,5
complex,5
tadona,5
kilomita,5
galaxy,5
tomorrow,5
silence,5
too,5
angels,5
security,5
crime,5
yours,5
inumidun,5
nysc,5
maría,5
rome,5
abohusun,5
aloyi,5
nuylankan,5
korea,5
nukant,5
angeles,5
gbagbla,5
ademola,5
jumoke,5
level,5
system,5
nunu,5
azin,5
sidi,5
gandudeji,5
amosu,5
bin,5
saud,5
roger,5
ika,5
fodio,5
potin,5
kryvyi,5
rih,5
nuhih,5
under,5
kyiv,5
tíntán,5
aje,5
konukundopo,5
moji,5
lé,5
klepto,5
adekoya,5
zohunhun,5
zedaga,5
kandeao,5
ludu,5
aragón,5
ogidan,5
zeus,5
hùnnukun,5
flala,5
marina,5
dodinna,5
avún,5
lively,5
sunm,5
yasana,5
zinsou,5
glèz,5
tògodo,5
aaace,5
outstanding,5
plidopo,5
hamburg,5
profile,5
croatia,5
victory,5
asli,5
heblunu,5
dodovi,5
arabic,5
translated,5
publications,5
awhanz,5
guni,5
funfun,5
wangb,5
mimiko,5
part,5
amsterdam,5
evil,5
sea,5
dedo,5
hiadonu,5
keller,5
native,5
selected,5
collection,5
luhiho,5
obalende,5
present,5
barcelona,5
sise,5
sinsiy,5
tinto,5
obokun,5
internet,5
onilude,5
agahom,5
senu,5
tzu,5
paracetamol,5
gbèta,5
scolari,5
will,5
gauge,5
nma,5
over,5
silverbird,5
abimbola,5
wilson,5
jnr,5
djibril,5
malaysia,5
prayer,5
davies,5
rio,5
arinze,5
dream,5
episode,5
barrister,5
ijo,5
mission,5
mbe,5
ninam,5
junior,5
channels,5
hundote,5
ayetoro,5
water,5
sl,5
savage,5
wanu,5
judo,5
ovivu,5
russianu,5
exchange,5
bologna,5
waterloo,5
exeter,5
wizkid,5
anikulapo,5
experience,5
spot,5
ofìn,5
africana,5
annual,5
sony,5
hànjigb,5
introduction,5
praise,5
wiki,5
encyclopedia,5
kli,5
nikikodonam,5
nineteenth,5
publishers,5
chapter,5
tejuoso,5
danuwat,5
vidiohan,5
performing,5
otanwa,5
tabi,5
jump,5
network,5
gudut,5
agbàgo,5
color,5
okpella,5
news,5
isoko,5
welcome,5
ngbat,5
hùnglint,5
aihúndat,5
aihúndagb,5
ojuelegba,5
mahmoud,5
tamma,5
belo,5
fada,5
liman,5
mainya,5
hafsat,5
république,5
brief,5
africaines,5
gbehú,5
shashere,5
etsako,5
owope,5
lives,5
mine,5
nusi,5
get,5
popular,5
bagauda,5
jarumai,5
rumawa,5
tsamiya,5
agbagogán,5
hàngbe,5
dean,5
walk,5
organizzato,5
section,5
adebimpe,5
album,5
gromee,5
released,5
pentecostal,5
writers,5
wood,5
yishau,5
anezi,5
oweh,5
faber,5
folktales,5
cecil,5
pemu,5
matters,5
origin,5
webb,5
away,5
ovà,5
alice,5
aiyeola,5
another,5
baron,5
atete,5
mide,5
udechukwu,5
index,5
toyota,5
classic,5
linguistics,5
abina,5
piano,5
jul,5
casablanca,5
judas,5
banker,5
asem,5
nouria,5
hard,5
brew,5
egg,5
encyclopaedia,5
whán,5
translate,5
den,5
letherdale,5
lifetime,5
achievement,5
morrison,5
legends,5
sung,5
svazlian,5
honorable,5
neuss,5
whégbe,5
canadianu,5
volkskunde,5
vom,5
busk,5
jewish,5
mattson,5
skye,5
ethel,5
lucie,5
rault,5
middlebury,5
daisy,5
efter,5
vem,5
vill,5
lotta,5
kihnu,5
grebe,5
murat,5
robertson,5
chilena,5
nyarko,5
gberefu,5
seo,5
amaz,4
abay,4
aganu,4
ngble,4
abdulsalam,4
dogodo,4
huv,4
into,4
gbeta,4
nnuin,4
awufi,4
pek,4
jimeta,4
toku,4
awada,4
ajani,4
hour,4
pacific,4
sharon,4
auc,4
knight,4
waddell,4
manchester,4
modopol,4
awuk,4
sarah,4
ashipa,4
austria,4
dep,4
prd,4
ehewutu,4
dawh,4
bongo,4
jona,4
hundot,4
orange,4
nuvo,4
iseyin,4
mtn,4
kinklan,4
owanvu,4
patit,4
mal,4
ofun,4
yovoz,4
oma,4
awuwiwle,4
òhún,4
pagigona,4
duale,4
dlan,4
jiawu,4
akiny,4
bsc,4
yínk,4
nbu,4
leadership,4
hills,4
federation,4
honorary,4
lasu,4
teachers,4
gànm,4
juvi,4
suah,4
jelusal,4
igogo,4
yíì,4
gbedopo,4
irepodun,4
oriki,4
kosi,4
alejo,4
erin,4
sedonu,4
sagbe,4
aho,4
ne,4
toy,4
joun,4
unwana,4
andrews,4
ud,4
àm,4
devi,4
èmi,4
hindu,4
atinpat,4
ijaye,4
otangblo,4
ajlu,4
wanna,4
wu,4
wigbeji,4
obasa,4
noa,4
plc,4
fleming,4
kigbe,4
ipaja,4
egbado,4
olò,4
tòhom,4
zizedaga,4
anpp,4
ovodido,4
nukuns,4
agency,4
aristotle,4
nalete,4
yewhen,4
kakadoi,4
kwesi,4
stella,4
angélique,4
ngbe,4
geography,4
physics,4
silia,4
meditelane,4
ibeshe,4
luwhe,4
ija,4
ssi,4
sep,4
agb,4
ere,4
aplan,4
miawu,4
kunudet,4
damasku,4
nad,4
gamliel,4
osen,4
vogbigb,4
amin,4
saki,4
awul,4
dait,4
kikl,4
daml,4
ogá,4
kùn,4
ngwa,4
bright,4
chelsea,4
chinedu,4
eti,4
osa,4
amuwo,4
banana,4
kadiri,4
caleb,4
elegushi,4
bay,4
gbethrome,4
rilwan,4
hakeem,4
bode,4
whèyiho,4
ijaw,4
edmund,4
abakaliki,4
eric,4
ikere,4
crown,4
tisti,4
columbite,4
adeyemo,4
whèyinh,4
agwu,4
nnamani,4
cyril,4
adamawa,4
dutse,4
birnin,4
kazaure,4
dala,4
gwarzo,4
wada,4
gidan,4
audu,4
legal,4
dabo,4
ala,4
kabba,4
yagba,4
ecwa,4
akwanga,4
eggon,4
akò,4
afo,4
mabli,4
zòm,4
reserve,4
lavun,4
rijau,4
remo,4
egba,4
babcock,4
solarin,4
adegboyega,4
ibikunle,4
àn,4
adejobi,4
forest,4
resources,4
bali,4
bonny,4
damaturu,4
klisteni,4
ayorinde,4
panuk,4
aime,4
sinsinyen,4
azonkun,4
ena,4
dotena,4
linlán,4
bó,4
property,4
chemical,4
unilag,4
mile,4
kankon,4
ora,4
festac,4
tegina,4
bubus,4
philippines,4
jr,4
kip,4
hunmi,4
ohankant,4
adò,4
pategi,4
lemu,4
kutigi,4
dahó,4
private,4
mofe,4
sky,4
cot,4
osan,4
busa,4
barka,4
kuav,4
blessing,4
marcus,4
garvey,4
bondage,4
accounting,4
whèhuhu,4
broad,4
creative,4
hit,4
skin,4
bendel,4
pipeh,4
save,4
bovi,4
ndoait,4
saa,4
corona,4
opò,4
coolidge,4
tonudido,4
cefalexin,4
kandekoat,4
dunu,4
ivory,4
ngo,4
nuwàgbe,4
dynasty,4
sisosiso,4
golden,4
dakauta,4
flesh,4
whedak,4
brian,4
corporate,4
milan,4
dasin,4
bailie,4
carter,4
doris,4
denam,4
normal,4
asaku,4
awaku,4
common,4
básanj,4
advisory,4
virginia,4
tadonak,4
reddington,4
nowhe,4
venezuela,4
republican,4
adek,4
hokanse,4
ganj,4
beach,4
sc,4
masters,4
nami,4
armada,4
sidopo,4
nda,4
roman,4
bato,4
eléphant,4
mouillé,4
ogbeta,4
otodaho,4
adebowale,4
agungan,4
ccc,4
asidan,4
vendor,4
otankant,4
fashion,4
nujin,4
tedo,4
kiki,4
alind,4
okon,4
inyang,4
rolling,4
ebenezer,4
obey,4
philips,4
fausat,4
housing,4
obinrin,4
natural,4
financial,4
lududu,4
abas,4
mortal,4
inheritance,4
change,4
kingsley,4
liverpool,4
wiwigbeji,4
dudeji,4
gbiblo,4
ej,4
calil,4
bush,4
zion,4
shadows,4
iron,4
llb,4
whladopodog,4
ami,4
sinawet,4
xx,4
galeote,4
vin,4
territory,4
they,4
count,4
dònu,4
gbari,4
hamed,4
bakayoko,4
baf,4
tobacco,4
wunmi,4
birch,4
freeman,4
asiso,4
héctor,4
duvivi,4
olokun,4
gbigbo,4
stadium,4
gbanewhedopot,4
moon,4
institution,4
dotogan,4
arase,4
ameh,4
wàj,4
aramotu,4
kondo,4
ogunde,4
kànwe,4
obaago,4
igbope,4
ojerinde,4
ia,4
ina,4
adesola,4
micheal,4
four,4
afin,4
dòkunt,4
lagbaja,4
odaa,4
bureau,4
airways,4
building,4
olàn,4
statue,4
lagoon,4
imota,4
ijede,4
odogunyan,4
saints,4
dodinnanubasit,4
station,4
yiyijl,4
imam,4
olajide,4
archive,4
noble,4
brand,4
need,4
without,4
pretty,4
risk,4
eyes,4
beauty,4
never,4
sex,4
chances,4
póká,4
adewole,4
vijinam,4
programme,4
jiya,4
gbannukundopot,4
olajumoke,4
baeumler,4
yhwh,4
islaelivi,4
hógbe,4
jhvh,4
kakayi,4
donukun,4
solanke,4
headmaster,4
chinua,4
joeboy,4
ayihundat,4
dramatic,4
colin,4
babasi,4
orisa,4
lanmeyiya,4
vincent,4
broadcasters,4
recognition,4
nnuyiny,4
fotodide,4
hùkan,4
kuki,4
jodo,4
gip,4
atinsins,4
àkàndé,4
dawé,4
àdùnní,4
ilésanmí,4
hunkunt,4
alao,4
jade,4
olawuyi,4
whlasusu,4
watch,4
related,4
ví,4
ishola,4
blade,4
attorney,4
ibi,4
raji,4
true,4
married,4
listla,4
aná,4
aliklán,4
ndotenam,4
majesty,4
fidind,4
aboh,4
gbonkan,4
eeji,4
awudop,4
dimaggio,4
intan,4
gblehom,4
bateson,4
sup,4
dotoai,4
shizzi,4
fulbright,4
citizenship,4
defence,4
nnuvi,4
commerce,4
vice,4
bandić,4
zagreb,4
ahún,4
gen,4
disà,4
adí,4
leyi,4
nake,4
poy,4
nho,4
there,4
provincial,4
awhànt,4
kodet,4
nyako,4
nukunnuj,4
arise,4
nubi,4
jidide,4
nelson,4
otoho,4
akanni,4
box,4
picture,4
tanzania,4
rosine,4
oylan,4
awubib,4
togb,4
jaya,4
esoro,4
tsoede,4
jibril,4
ahmad,4
speeches,4
text,4
flight,4
odanflo,4
klein,4
nìy,4
examination,4
kurukuru,4
december,4
otá,4
nikaa,4
hún,4
húnhot,4
inyan,4
atorongboye,4
sebastian,4
atuwatse,4
ojoluwa,4
whinnus,4
otán,4
ajojij,4
tenzing,4
wilhelm,4
lisa,4
owhl,4
alunlun,4
avunhona,4
síns,4
sunkanmi,4
express,4
núlit,4
kaura,4
niamey,4
branch,4
kafanchan,4
makurdi,4
rahama,4
oniga,4
wum,4
reshe,4
ronald,4
blues,4
within,4
moscow,4
parliament,4
wú,4
babington,4
wez,4
ortom,4
gbétatògán,4
julie,4
ejiro,4
toz,4
ward,4
nnú,4
shock,4
hero,4
tourism,4
stephanie,4
ebony,4
brunel,4
presenter,4
guinness,4
emir,4
adekunbi,4
aikawa,4
belfast,4
ogogo,4
gamkrelidze,4
thinkers,4
bénin,4
wehiat,4
daigo,4
kodokan,4
bristol,4
yedide,4
agbasaz,4
apawhe,4
yiyidog,4
hóhó,4
leningrad,4
june,4
gánnugánnu,4
mevi,4
stockholm,4
dundee,4
nujlom,4
blaq,4
actors,4
fela,4
nsinu,4
lugbat,4
kudi,4
adedigba,4
upon,4
fresh,4
yovoyan,4
denanu,4
jesus,4
tree,4
hànjinu,4
yél,4
solo,4
papers,4
kehinde,4
obesere,4
commissioner,4
works,4
carolina,4
beliefs,4
westport,4
guide,4
contemporary,4
literatures,4
showkey,4
togboh,4
obanta,4
abioye,4
omagboye,4
akengboye,4
akuma,4
antonio,4
ojang,4
ikom,4
ocholi,4
angela,4
rasheed,4
sán,4
bok,4
safana,4
dotó,4
eweka,4
yankuma,4
funawhàn,4
call,4
okl,4
zinvlu,4
agbàgò,4
aidonugo,4
ellen,4
soólè,4
oud,4
ratnik,4
guy,4
òrì,4
ogendegbe,4
legendary,4
making,4
revolution,4
atogbuwa,4
erejuwa,4
núl,4
iyiegbu,4
nsagun,4
awhanfunnú,4
flansinu,4
húhl,4
idanre,4
gani,4
illewi,4
alumni,4
nw,4
dì,4
again,4
tsaraki,4
yiyizán,4
isopakodowo,4
nujikudo,4
ayomida,4
case,4
oví,4
hunk,4
silver,4
auwa,4
koran,4
chiroma,4
armed,4
rosemary,4
soyaki,4
kuka,4
ou,4
record,4
foreign,4
agoli,4
tegbessou,4
nouvelles,4
narai,4
màléh,4
idahosa,4
lancelot,4
vothuno,4
okoye,4
spanner,4
crazy,4
friends,4
nwokoye,4
female,4
chosen,4
wlenal,4
olorun,4
gazarzawa,4
chance,4
jemie,4
aihún,4
finding,4
rd,4
iwaya,4
olufunmilayo,4
adebambo,4
osumanu,4
okwo,4
femme,4
lukman,4
whenenu,4
own,4
kudawa,4
berde,4
della,4
malam,4
far,4
onikan,4
artists,4
site,4
ohànkant,4
mighty,4
week,4
netflix,4
sadiq,4
formats,4
download,4
awobona,4
leading,4
ct,4
nlat,4
onuamadike,4
dowh,4
olude,4
jobberman,4
salma,4
otànwé,4
okri,4
owenud,4
arrows,4
olukorede,4
apádopó,4
winston,4
runner,4
biography,4
beatrice,4
linlinkànt,4
neptune,4
vb,4
itan,4
ancient,4
titles,4
brazilian,4
release,4
theresa,4
lynn,4
dandy,4
koshoni,4
nons,4
ishaq,4
avihan,4
mediterranean,4
missouri,4
michigan,4
olympio,4
also,4
charry,4
amaigbo,4
turn,4
topic,4
cobblehill,4
comes,4
onuora,4
maimo,4
yaounde,4
ohómilomilo,4
linguistic,4
gofamint,4
guitar,4
alaoui,4
arbi,4
moncef,4
slaheddine,4
essid,4
directed,4
ashanti,4
oppong,4
kwaku,4
lahoucine,4
ibourka,4
luchy,4
ssenjovu,4
antoinette,4
abdu,4
umbatu,4
boskori,4
zekkal,4
ghananu,4
zsigóné,4
hungalianu,4
devon,4
mistletoe,4
lists,4
tvar,4
articles,4
amànuwat,4
newman,4
joan,4
afs,4
edited,4
folkways,4
denizen,4
zinzij,4
bibai,4
alan,4
zeitschrift,4
lomax,4
guthrie,4
böhl,4
ruiz,4
larrea,4
somerset,4
hooper,4
renate,4
westfalen,4
hicks,4
vt,4
swinge,4
alem,4
host,4
musica,4
olga,4
mieleszczuk,4
cowell,4
norah,4
shargool,4
arliss,4
raquel,4
revista,4
toumani,4
diabaté,4
osofo,4
dadzie,4
dadson,4
baci,4
ilana,4
ijab,4
aso,3
abl,3
balarabe,3
jama,3
alexandra,3
dagbedagbe,3
bodo,3
ohín,3
já,3
nbasit,3
ablaham,3
juu,3
yihut,3
liberal,3
theory,3
dekanuj,3
moral,3
magb,3
satani,3
weta,3
gudu,3
toli,3
ipaye,3
igbobi,3
diyìn,3
kadara,3
yìí,3
vigb,3
trinity,3
commander,3
didoayi,3
jeag,3
luzinpo,3
dosunmu,3
aholuz,3
yedetiti,3
cameroons,3
midel,3
nce,3
meh,3
nwunnuy,3
labor,3
gánji,3
jidugando,3
mawadodo,3
milli,3
hunw,3
renewal,3
nukundagbe,3
nnayizan,3
hojla,3
dasi,3
nukundido,3
arg,3
reuben,3
dobu,3
oló,3
chidinma,3
alake,3
nkiru,3
agbasalan,3
oplò,3
nwan,3
viva,3
wekannu,3
jejeji,3
paali,3
adl,3
ey,3
vaughan,3
susú,3
sop,3
mobee,3
whejai,3
maun,3
ipokia,3
planning,3
nairobi,3
kansel,3
caligula,3
klaudiu,3
dapana,3
dùsù,3
dopa,3
esi,3
zungbo,3
payi,3
ajagbusi,3
arere,3
ogbà,3
whéh,3
ganduk,3
mè,3
basic,3
omi,3
ariganjoye,3
oniro,3
tobi,3
dun,3
efon,3
oloro,3
ifa,3
lowo,3
oya,3
topon,3
toyiaga,3
aka,3
povita,3
yéd,3
koyansun,3
akota,3
aholu,3
wazir,3
òwe,3
bàbá,3
agbasago,3
administrative,3
oleku,3
wehome,3
ohà,3
nugbonugbo,3
comfort,3
ang,3
sudo,3
hezeheze,3
baale,3
gallacher,3
hugh,3
alfa,3
areas,3
ilori,3
agbado,3
hunnukún,3
egungun,3
gbéji,3
gambo,3
coomassie,3
nlinzint,3
wleawufo,3
eton,3
nuyonent,3
indiani,3
gbagb,3
gbanewheawet,3
laureate,3
naomi,3
orleans,3
dodinanut,3
hojlawema,3
klandovo,3
olympic,3
manu,3
wonder,3
joja,3
dopolo,3
ansar,3
ayodele,3
azinpoji,3
dahom,3
zon,3
idoluwo,3
agboju,3
gbes,3
oyekan,3
dado,3
steli,3
nukunj,3
nku,3
jésù,3
ajijim,3
jayi,3
wídopot,3
labi,3
islaeli,3
minisita,3
ikot,3
finance,3
owheh,3
medekannuj,3
galfetti,3
òwu,3
zoji,3
keyi,3
gannukun,3
óh,3
owán,3
hla,3
loboto,3
awúbla,3
whéz,3
joel,3
yedenanut,3
ifako,3
snake,3
hamzat,3
bitumen,3
glass,3
alpha,3
eleko,3
bruce,3
musiliu,3
banky,3
funsho,3
oluremi,3
yenagoa,3
ernest,3
ikoko,3
dave,3
umahi,3
àmì,3
chukwu,3
nnenna,3
ijero,3
ise,3
orun,3
adeyinka,3
ayefele,3
zlatan,3
tope,3
akintoye,3
cecilia,3
akán,3
renaissance,3
allison,3
ojukwu,3
nneka,3
patience,3
agu,3
asher,3
nukudopot,3
sheikh,3
dahiru,3
bala,3
gado,3
modibbo,3
dawakin,3
bichi,3
rano,3
bebeji,3
tantalite,3
agricultural,3
semi,3
rabiu,3
fct,3
ajaokuta,3
ankpa,3
bassa,3
odu,3
onoja,3
lord,3
smart,3
tolulope,3
bayo,3
keffi,3
ebira,3
abdulsalami,3
falls,3
magama,3
paikoro,3
sagamu,3
makun,3
mountain,3
onasanya,3
ogungbe,3
amosun,3
ayodeji,3
oyinlola,3
fr,3
tarok,3
kaolin,3
bade,3
nguru,3
mala,3
bura,3
ash,3
unity,3
representatives,3
zo,3
wunme,3
gbetovi,3
soha,3
gona,3
nenkunmezon,3
nutite,3
etindo,3
aton,3
esono,3
plame,3
plaun,3
gblame,3
eso,3
bepla,3
wheví,3
nuwhinwh,3
akizan,3
chartered,3
uba,3
monument,3
ogunnaike,3
omidina,3
bá,3
hunsun,3
agia,3
iworo,3
aradagun,3
ore,3
daido,3
representative,3
gumna,3
agossou,3
protestant,3
cooperation,3
saharan,3
basin,3
ajanaku,3
ouémé,3
djimon,3
whedenu,3
highway,3
hùwajiwhèyih,3
enagi,3
gbagi,3
ibira,3
jefferson,3
bounds,3
damijo,3
diamond,3
twins,3
diamonds,3
heroes,3
seven,3
operas,3
ogidi,3
camp,3
boko,3
scott,3
koàt,3
lopa,3
gbah,3
tùnte,3
wake,3
feat,3
johnny,3
fate,3
dwindle,3
nagbà,3
honourable,3
sdp,3
outkast,3
temi,3
jii,3
florence,3
nik,3
adetunji,3
wèdudu,3
dú,3
togbogant,3
harding,3
namibia,3
chidi,3
search,3
disease,3
alà,3
kebbi,3
whegli,3
au,3
mlin,3
todín,3
malenugan,3
amstel,3
malta,3
visual,3
nights,3
operation,3
set,3
than,3
pain,3
togàn,3
anadet,3
independent,3
ledogbedevom,3
fotodet,3
pirates,3
gambrell,3
messan,3
yinyo,3
wley,3
bla,3
omemma,3
look,3
supernatural,3
titoji,3
jury,3
trial,3
lala,3
awugbopo,3
pluralism,3
olumuyiwa,3
majekodunmi,3
shelter,3
johannesburg,3
soweto,3
dibo,3
gbétato,3
didier,3
cote,3
adéy,3
dipo,3
juice,3
eagles,3
based,3
mora,3
ìbàdàn,3
seyi,3
olus,3
npn,3
dasuki,3
efritin,3
nils,3
ndom,3
pognon,3
asuwhe,3
boleyn,3
blawu,3
greek,3
haya,3
netherland,3
richmond,3
pierre,3
zinko,3
wobaho,3
zòk,3
connection,3
wind,3
nurse,3
maduagwu,3
mobiyina,3
friday,3
celestial,3
encomium,3
eniola,3
babes,3
funke,3
epikule,3
sayana,3
kaji,3
obu,3
sheppard,3
yiyina,3
maine,3
olanike,3
alive,3
doaf,3
linlan,3
morenike,3
elegba,3
gaibor,3
katolik,3
whési,3
arnoul,3
darkness,3
desire,3
kiss,3
wheel,3
affair,3
fredrick,3
gideon,3
aberdeen,3
graduate,3
acupuncture,3
kanvinvan,3
olofin,3
adetokunbo,3
ganzinpoji,3
metlu,3
oluwagbemiga,3
nukúnm,3
lux,3
gallus,3
abounz,3
fataka,3
mount,3
haunting,3
episodes,3
unuy,3
armenia,3
gbanewhèawet,3
socialist,3
alada,3
mesewaku,3
abawa,3
abugi,3
chad,3
karshi,3
nimbia,3
base,3
olá,3
awàji,3
abbas,3
haffon,3
awhanfungb,3
shagari,3
auchi,3
hid,3
akinwande,3
yim,3
gblewh,3
zizesinai,3
wheho,3
dò,3
organization,3
maiden,3
kanvivan,3
nsisa,3
kinklandovo,3
dey,3
musee,3
governor,3
stade,3
gbat,3
ìgba,3
nugb,3
gbehos,3
relation,3
johns,3
georgetown,3
hrm,3
idakwo,3
onitcha,3
igalanu,3
shobande,3
ifedayo,3
hihoyí,3
alimi,3
ònà,3
onibode,3
igi,3
okegboho,3
onigboho,3
emeritus,3
maleh,3
engr,3
olaniyan,3
gbade,3
seun,3
tunji,3
activist,3
right,3
behind,3
aran,3
agbamu,3
ijara,3
ofaro,3
oyan,3
idofin,3
iji,3
wiweji,3
glèlil,3
dana,3
gbigbakija,3
ojuju,3
likún,3
opebi,3
magodo,3
godopon,3
glin,3
ethnography,3
ikenna,3
ehem,3
egbin,3
igbogbo,3
fifle,3
lán,3
jinukún,3
ofló,3
mil,3
ville,3
atàn,3
ime,3
isong,3
hair,3
slim,3
sacrifice,3
want,3
sorrow,3
faces,3
indecent,3
memories,3
lovers,3
nkasi,3
amos,3
costalago,3
vicente,3
adelakun,3
muhamadu,3
ajidonu,3
acn,3
alo,3
gbidik,3
regional,3
ohanjit,3
koffi,3
asisi,3
tlaglamu,3
jhwh,3
harvest,3
okigbo,3
hockey,3
laughter,3
hibiscus,3
okey,3
adauto,3
bezerra,3
ceará,3
santos,3
ziko,3
savannah,3
tout,3
justo,3
gbigble,3
eggan,3
baka,3
hukan,3
yara,3
shiyabe,3
maruba,3
muk,3
zubazuba,3
sambuga,3
igwama,3
shama,3
ci,3
inkwai,3
sociolinguistic,3
cluster,3
theophilus,3
awugblenam,3
taba,3
pem,3
monk,3
fle,3
badeggi,3
nukúnpedonugot,3
aó,3
chapel,3
zambia,3
khalid,3
kanlim,3
kimba,3
ajánfián,3
gaushi,3
ngwunci,3
kofoworola,3
olú,3
sinu,3
dagba,3
dindonanu,3
adé,3
oblast,3
uncle,3
opodo,3
lilá,3
klasi,3
sami,3
larry,3
talk,3
ogwo,3
ledo,3
faaji,3
raymond,3
àyímát,3
akhigbe,3
rtd,3
dótè,3
basí,3
thó,3
káká,3
ogo,3
boya,3
godonin,3
egbaland,3
tunku,3
policy,3
southampton,3
adini,3
isioma,3
tlolo,3
hunzo,3
mckeown,3
lilia,3
novia,3
araba,3
broken,3
enough,3
alanu,3
akuko,3
fathia,3
hodu,3
gándego,3
súsú,3
hùto,3
naijiliavi,3
ojlof,3
kam,3
bookshop,3
shell,3
electric,3
whegbè,3
gbeje,3
likun,3
amasinkun,3
ase,3
ohla,3
eyín,3
date,3
aflinpl,3
lionel,3
flansi,3
dougherty,3
awusiny,3
dietrich,3
geze,3
aihunadida,3
max,3
beatz,3
ellis,3
eke,3
mejai,3
continuing,3
nzinzindo,3
scholars,3
nhia,3
narrative,3
lifelong,3
literacy,3
ogunlana,3
agric,3
tuntundote,3
fillmore,3
whig,3
divine,3
malénu,3
miliami,3
nzan,3
onit,3
mosun,3
midnight,3
january,3
mudashiru,3
ganduji,3
jaguda,3
awhànfunnu,3
gcon,3
belwa,3
lieutenant,3
machine,3
zinnudo,3
ojle,3
sogbe,3
nuyiny,3
abit,3
dezejot,3
ahunk,3
anadidena,3
narrow,3
mnet,3
aram,3
tu,3
loving,3
future,3
vieyra,3
école,3
migan,3
bà,3
zucas,3
dandannu,3
yeye,3
naw,3
interest,3
tògán,3
ovò,3
tara,3
facebook,3
braille,3
alphabet,3
steve,3
agbasaliho,3
darwin,3
denu,3
pg,3
hauwa,3
nudanu,3
zingidi,3
akint,3
tun,3
innsbruck,3
aihundidalam,3
anklan,3
ògùn,3
òkúta,3
asiri,3
critical,3
gbakún,3
gbleawuna,3
nuhonu,3
adimula,3
iloro,3
singapore,3
awuwledaina,3
gand,3
olaogun,3
olorunda,3
esigie,3
philip,3
lugbakun,3
pelu,3
avùn,3
kat,3
liki,3
hoyidokanjit,3
wazobia,3
omowunmi,3
queens,3
dèe,3
ibe,3
route,3
tibet,3
owù,3
norgay,3
pintan,3
tind,3
hons,3
njiji,3
chinese,3
dalì,3
goliati,3
nudopo,3
pedo,3
adado,3
dán,3
ajasa,3
sunnusi,3
seville,3
speak,3
minute,3
map,3
baro,3
alìgb,3
eleganza,3
iganmu,3
start,3
ssr,3
akinjide,3
aínsa,3
roy,3
gaines,3
wíawet,3
rukayat,3
yvonne,3
relationship,3
watson,3
jennifer,3
estonia,3
mongolia,3
communist,3
gas,3
tònudid,3
demographic,3
dut,3
kasala,3
oshogun,3
bat,3
susan,3
dit,3
ogbom,3
guma,3
janeiro,3
gidado,3
yindo,3
nugbeji,3
field,3
bill,3
website,3
awka,3
odutola,3
awujale,3
ogbeni,3
achu,3
sito,3
baharsjah,3
path,3
strange,3
bonu,3
competition,3
cool,3
eloy,3
íawhàn,3
kwali,3
oil,3
oriental,3
afilika,3
agbona,3
beat,3
linlinwema,3
ogbo,3
tiwatope,3
february,3
mill,3
jersey,3
ezenna,3
umez,3
died,3
wretched,3
leaders,3
awhàngbenu,3
lawna,3
physical,3
ageklo,3
dialect,3
caine,3
mayor,3
servant,3
biden,3
oyinn,3
iyanda,3
championship,3
nukundo,3
dohó,3
ottawa,3
akademi,3
helsinki,3
leeds,3
wales,3
ohio,3
judiciary,3
uchemba,3
sugar,3
merry,3
didá,3
agirre,3
funmilayo,3
afrobeat,3
secrets,3
once,3
bitter,3
material,3
oján,3
dunguru,3
gwarinu,3
kamakunu,3
nayi,3
fongbe,3
bosi,3
venus,3
stroke,3
venice,3
harry,3
apple,3
kelvin,3
chima,3
odiete,3
follow,3
politics,3
today,3
oral,3
authors,3
ekpe,3
wikimedia,3
fryo,3
nwaoduah,3
gbedidenam,3
akpan,3
iyana,3
awhá,3
agbagogan,3
udoh,3
summit,3
obong,3
bese,3
ageji,3
reprinted,3
graduating,3
obilade,3
ilu,3
awon,3
dopemu,3
blog,3
yít,3
dòwaji,3
pipl,3
ovonramwen,3
dogbon,3
voodun,3
dosla,3
santolo,3
dandanu,3
widow,3
burna,3
joey,3
ric,3
hassani,3
chef,3
headies,3
warji,3
mummy,3
pino,3
musicians,3
modakeke,3
leon,3
huwh,3
irish,3
next,3
sound,3
meg,3
marion,3
quadri,3
act,3
alamaikigbe,3
nl,3
didom,3
àráyíbí,3
ògúndàm,3
agbógungb,3
kiriji,3
oguzangbe,3
obala,3
off,3
yemisi,3
josiah,3
octobia,3
fidopol,3
jeji,3
avivosun,3
obinna,3
cubana,3
dennis,3
io,3
dodds,3
akengbuwa,3
dlèndonu,3
medicinal,3
perspective,3
ilaje,3
lucky,3
current,3
sharefa,3
kurmi,3
adánwanu,3
asewo,3
med,3
somida,3
hustle,3
ibo,3
dust,3
darling,3
aguda,3
ayihundida,3
tofi,3
stock,3
lamidi,3
singan,3
miguel,3
horror,3
innawe,3
fasuma,3
kofan,3
òbó,3
can,3
mitchell,3
dedó,3
kikant,3
otangli,3
tuklajij,3
aijij,3
fon,3
dakodonu,3
houegbadja,3
allada,3
kpojito,3
hwanjile,3
brazilnu,3
mìt,3
foster,3
twelve,3
published,3
babba,3
katsinawa,3
allah,3
jarmai,3
ekpoma,3
igbinedion,3
oduwa,3
ogundipe,3
yìaga,3
setonji,3
forever,3
handsome,3
every,3
greater,3
boston,3
unis,3
word,3
owomoyela,3
medley,3
cain,3
oruko,3
personality,3
gano,3
feast,3
tunis,3
telenovela,3
hush,3
eve,3
osas,3
rhymes,3
portrait,3
knocking,3
door,3
maureen,3
gigbá,3
application,3
effect,3
mortality,3
deton,3
kate,3
direction,3
whendo,3
wise,3
through,3
dozolanm,3
campaign,3
program,3
effiong,3
sha,3
kandewiawe,3
jijiyink,3
ojomo,3
nusise,3
bornu,3
dussi,3
jizia,3
hamadi,3
gari,3
reign,3
sulimanu,3
whiwhl,3
allo,3
golf,3
artist,3
oyebade,3
breaded,3
fatiah,3
nuwadom,3
praize,3
víví,3
fidio,3
ohànyidokanji,3
room,3
compilation,3
ooja,3
ohànjiji,3
dreams,3
summer,3
bk,3
better,3
universal,3
trobul,3
scotty,3
atl,3
victorian,3
anthology,3
issues,3
longman,3
voices,3
poor,3
fint,3
team,3
wadada,3
becoming,3
betty,3
wand,3
aliya,3
otànwekant,3
magical,3
ayoma,3
sonia,3
doaliji,3
penguin,3
nwabulu,3
eugene,3
doehia,3
spider,3
abike,3
matchet,3
maliki,3
ethiope,3
oshimili,3
barauniya,3
learn,3
spirit,3
augusta,3
down,3
audrey,3
scandinavia,3
etomo,3
momee,3
matter,3
ghosts,3
religion,3
wekinkàn,3
obo,3
falola,3
regular,3
louisiana,3
mina,3
adesua,3
falling,3
smacs,3
sùnwl,3
space,3
telescope,3
universe,3
below,3
agbasamalo,3
nukúnpipedo,3
printed,3
notes,3
know,3
grannies,3
ogunu,3
morehouse,3
nwana,3
omenuko,3
gollmer,3
emmanuella,3
jallal,3
bowyer,3
palm,3
rufaida,3
scotia,3
instanovella,3
lap,3
perfect,3
mamma,3
mia,3
rukayya,3
zindounk,3
mba,3
like,3
singer,3
asalina,3
goge,3
teleji,3
icheke,3
nukudeji,3
milomilokant,3
kristiani,3
ohòkansem,3
ogánt,3
goodbye,3
née,3
nwogwugwu,3
owekun,3
diaspora,3
identity,3
alihún,3
jac,3
shirley,3
ohiri,3
aniche,3
ninlan,3
festschrift,3
hereford,3
volume,3
publishing,3
grande,3
colorado,3
syntax,3
gbonut,3
gustavo,3
adil,3
yasmina,3
lars,3
nora,3
september,3
millionaire,3
tawfik,3
bahri,3
béji,3
matrix,3
dhouib,3
letaïef,3
brigadier,3
khottab,3
bab,3
mselmani,3
madih,3
belaïd,3
dar,3
lik,3
bent,3
asantewaa,3
kojo,3
trotro,3
kwadwo,3
dhafer,3
abidine,3
larbi,3
donalds,3
nsengiyumva,3
rwanda,3
rugby,3
rwandan,3
kuluki,3
kanawanu,3
tarkai,3
wainaina,3
tyra,3
afia,3
gberu,3
kati,3
kecskemét,3
hungarian,3
talking,3
díj,3
vitézi,3
classical,3
guernsey,3
davidson,3
help,3
missing,3
scope,3
their,3
etc,3
nikolaus,3
drei,3
peasant,3
das,3
nahù,3
osyth,3
kus,3
kuku,3
scholarly,3
cm,3
abbott,3
collected,3
lcs,3
verjine,3
amenia,3
awarded,3
nordic,3
harslev,3
bengal,3
diaw,3
coverley,3
patois,3
louise,3
sangster,3
stores,3
hodgetts,3
milton,3
pau,3
austrian,3
germanic,3
much,3
volkskundliche,3
geschichte,3
deutschen,3
på,3
bygd,3
gerlinde,3
komal,3
lore,3
ethnomusicologist,3
seeger,3
arco,3
azet,3
whedegb,3
isle,3
isles,3
ananse,3
korle,3
hàngbé,3
dietmar,3
sauermann,3
coppenrath,3
daavi,3
ensemble,3
musique,3
instruments,3
kyeiwaa,3
choate,3
folklife,3
speaking,3
hanne,3
werner,3
danielsen,3
morgon,3
evighet,3
eternity,3
melodifestivalen,3
melodi,3
contest,3
magrini,3
marcello,3
sorce,3
universitaria,3
micool,3
yolo,3
amakye,3
angus,3
ester,3
estudio,3
château,3
memoirs,3
tayin,3
turbot,3
clothilde,3
marcelle,3
anupl,3
carrie,3
linscott,3
newfoundland,3
montgomerie,3
anderson,3
duran,3
kumawu,3
bathia,3
murasaki,3
guinée,3
owhín,3
tahoua,3
zinder,3
marvel,3
shazam,3
nuhot,2
hiphop,2
barber,2
redemption,2
donut,2
ponla,2
nuyiwadop,2
ntc,2
abel,2
gabuza,2
duban,2
abibatu,2
ahigan,2
oton,2
folashade,2
uwh,2
sibigbe,2
olaku,2
kolade,2
osunde,2
ajimobi,2
amij,2
pagbe,2
ejibiti,2
dii,2
booth,2
yinaj,2
etew,2
owey,2
nujl,2
dewe,2
sadi,2
hume,2
ayijij,2
yola,2
deaz,2
half,2
abdulkareem,2
gbadamosi,2
adegoke,2
àtónt,2
iv,2
mazanku,2
ev,2
buraimoh,2
amodu,2
privy,2
nndp,2
judicial,2
oguntade,2
inn,2
adebay,2
npp,2
aocoed,2
jenuk,2
adina,2
tanpint,2
bucharest,2
takú,2
linz,2
mein,2
franz,2
britani,2
fif,2
adowa,2
yiyan,2
bene,2
zizejai,2
sénégal,2
libreville,2
aisint,2
bruno,2
corri,2
stanley,2
sunnuwhé,2
nnuwhé,2
protein,2
kidney,2
koklojon,2
awaji,2
oau,2
adesanya,2
ige,2
falae,2
adefarati,2
durojaye,2
glanglan,2
sheik,2
awqaf,2
tavo,2
ojan,2
emodi,2
gbemisola,2
koewhèdopot,2
pana,2
fulaninu,2
whàn,2
wars,2
ogbi,2
akokoe,2
yijl,2
agbezin,2
abò,2
agustín,2
balbuena,2
gadidi,2
ava,2
wiwlán,2
soja,2
oflinnu,2
hertog,2
yovoto,2
ganpa,2
points,2
hunyanhunya,2
agbalata,2
abdulrasheed,2
akanbi,2
tè,2
sao,2
youths,2
salvation,2
ogànt,2
litt,2
jak,2
edominu,2
jih,2
luigbagán,2
nkanna,2
hùhù,2
tòwhan,2
samalia,2
toffa,2
orisha,2
ojugbele,2
zunkanm,2
alh,2
araromi,2
alebiosu,2
advanced,2
banwo,2
nyin,2
moje,2
pele,2
abode,2
naa,2
atoro,2
nijo,2
logan,2
ajase,2
lohun,2
elewe,2
fe,2
nawo,2
ri,2
yio,2
gbongan,2
kole,2
kankan,2
onile,2
ajado,2
abo,2
okunrin,2
layo,2
doeai,2
metogant,2
luduwhe,2
hunwhe,2
akanu,2
osuji,2
uburu,2
hoe,2
olugbemi,2
nunayon,2
mughal,2
tòdin,2
khan,2
awhanvip,2
aholuduta,2
mir,2
ngot,2
sikan,2
raja,2
singh,2
uku,2
dúdú,2
nunzinzan,2
divisional,2
towhenuena,2
joaz,2
pearce,2
adaramaja,2
saro,2
wadagbe,2
doherty,2
olatunde,2
properties,2
gaba,2
awen,2
nukunz,2
vivasudo,2
nukúnvandom,2
singig,2
va,2
yanyan,2
lun,2
dél,2
vatican,2
alawusa,2
cadbury,2
garden,2
badeh,2
boka,2
sunwhlevu,2
nwhangan,2
jeyi,2
australian,2
kandef,2
boris,2
chain,2
antibiotics,2
omega,2
kleunkleun,2
idimu,2
igando,2
awèn,2
badara,2
cissé,2
ogandaho,2
april,2
maigari,2
unnuy,2
poli,2
dasa,2
gbannukunawet,2
nsu,2
popol,2
akotokun,2
ozàn,2
mesusu,2
yopovu,2
alodlendonu,2
amarachi,2
campbell,2
bane,2
amadi,2
midedenu,2
gálszécsy,2
civilian,2
intelligence,2
manta,2
diva,2
konukunnat,2
agolo,2
hànpat,2
nugbéji,2
makeba,2
hanji,2
jasper,2
var,2
minneapolis,2
sunn,2
further,2
mathamatics,2
afolabi,2
adegbola,2
ikpong,2
awhàngán,2
odudua,2
awolinu,2
sinvi,2
awoli,2
atinsa,2
ojogun,2
gboye,2
agunloye,2
rop,2
adew,2
gi,2
lopoji,2
ahanv,2
ganyingbo,2
gbaji,2
bapo,2
glem,2
huhlu,2
paulu,2
kanse,2
ohi,2
ordinat,2
whejísun,2
sidopót,2
abewa,2
ebe,2
ete,2
wharton,2
wan,2
zinzl,2
yen,2
hussaini,2
kandegban,2
voblana,2
sunsun,2
nddc,2
kanweat,2
hunmiy,2
nti,2
sannu,2
awulil,2
toké,2
nwezun,2
nuwh,2
alinp,2
nlanm,2
whiskers,2
kátìkátì,2
mel,2
konú,2
whinwhàn,2
isiala,2
isuikwuato,2
ohafia,2
ukwa,2
opara,2
adaobi,2
tricia,2
nwaubani,2
emezi,2
ikwechegh,2
anya,2
basketmouth,2
kali,2
chimezie,2
ikedieze,2
wachuku,2
njoku,2
nwachukwu,2
ivy,2
okoronkwo,2
jaja,2
mao,2
ndubuisi,2
justina,2
sylvanus,2
atuma,2
theodore,2
ezuruonye,2
uzodinma,2
nwato,2
kòàt,2
odofin,2
ibeju,2
anchor,2
awonlin,2
landmark,2
ajomale,2
akiolu,2
otudeko,2
inàt,2
brass,2
kolokuma,2
okara,2
gndudu,2
afikpo,2
ezza,2
ikwo,2
ivo,2
onicha,2
salt,2
anyim,2
pius,2
andy,2
onyebuchi,2
chigozie,2
fayemi,2
oye,2
ido,2
moba,2
afe,2
baryte,2
phosphate,2
niyi,2
bakare,2
falana,2
ezeagu,2
isi,2
uzo,2
nkanu,2
uwani,2
ugwuanyi,2
unn,2
therapy,2
saviour,2
ogugua,2
onyeama,2
chiwetel,2
ifeanyichukwu,2
nwodo,2
okonkwo,2
nnaemeka,2
hiat,2
nafada,2
yewhehodot,2
auyo,2
buji,2
garki,2
hadejia,2
kafin,2
taura,2
khadija,2
ganduje,2
yee,2
fagge,2
nassarawa,2
kumbotso,2
ungogo,2
minjibir,2
dambatta,2
shanono,2
tudun,2
kura,2
garun,2
cassiterite,2
zoo,2
remedial,2
produce,2
kwankwaso,2
advance,2
cars,2
aliko,2
dangote,2
ogiri,2
magongo,2
okene,2
salem,2
karu,2
keana,2
toto,2
alago,2
mada,2
akàn,2
bauxite,2
dolomite,2
zugurma,2
edati,2
ikenne,2
imeko,2
shagamu,2
anago,2
bell,2
covenant,2
igbesa,2
expressway,2
ajibola,2
cornelius,2
salawa,2
akindele,2
oyetola,2
waterfall,2
kanto,2
tonudoto,2
omisore,2
oyedepo,2
olutola,2
nko,2
langtang,2
pankshin,2
riyom,2
safari,2
lar,2
rest,2
gowon,2
jeremiah,2
gyang,2
jang,2
panam,2
shagaya,2
ahoada,2
toru,2
ikwerre,2
akpor,2
gongola,2
fika,2
binu,2
bolewa,2
ngizim,2
ngamo,2
shuwa,2
yerwa,2
gashua,2
ciroma,2
talba,2
alwali,2
bukar,2
goni,2
aji,2
jom,2
singbe,2
std,2
nkún,2
asame,2
nenkunme,2
asamezon,2
nume,2
migonu,2
afújém,2
wanvu,2
wun,2
emayin,2
weno,2
wunwun,2
dio,2
chlamydia,2
penukundego,2
ewo,2
asam,2
dogbap,2
merchant,2
pedro,2
budget,2
engineer,2
konukùnawet,2
keeke,2
ahundida,2
ib,2
seme,2
border,2
ijanikin,2
ilogbo,2
igede,2
satellite,2
okokomaiko,2
indonesian,2
democrat,2
jakarta,2
basanu,2
osla,2
cuento,2
benigno,2
noynoy,2
quezon,2
hùnnukún,2
bight,2
kátólìkì,2
francophonie,2
danhomey,2
mont,2
dèvo,2
whedevonu,2
wado,2
atlantique,2
borgou,2
zou,2
flansegbé,2
hounsou,2
nkun,2
koklolan,2
ohanlan,2
oyinlan,2
azinmi,2
ayivi,2
wékant,2
zín,2
clinton,2
smoke,2
ayitale,2
circle,2
ogbc,2
zeros,2
dazzling,2
checkmate,2
hl,2
dagbewa,2
kakanfo,2
patriots,2
icon,2
bissa,2
lere,2
domireh,2
kudo,2
sundareh,2
yirbaa,2
adesuwa,2
peters,2
oraukwu,2
bachelors,2
wehia,2
rattlesnake,2
happiness,2
naked,2
breaking,2
erio,2
babayomi,2
alaye,2
hadj,2
aflipl,2
laru,2
duka,2
dint,2
gánnu,2
unhcr,2
newswatch,2
secretariat,2
animashaun,2
broda,2
shaggi,2
weekend,2
shi,2
nor,2
bolanle,2
toi,2
asake,2
aiyetoro,2
kwale,2
fànfún,2
above,2
afefe,2
dugbe,2
meje,2
jollof,2
sinet,2
prime,2
hihò,2
hòt,2
nfifó,2
dlendonu,2
café,2
coffee,2
dozie,2
chijioke,2
sís,2
calvin,2
cal,2
joh,2
carlos,2
antofagasta,2
hlih,2
suslu,2
banny,2
cost,2
mordi,2
botswana,2
aiha,2
sanyaolu,2
charlie,2
gallagher,2
gbán,2
led,2
owen,2
ayres,2
kai,2
acipawa,2
ethnologue,2
kakihum,2
cv,2
whìwhé,2
azéma,2
montpellier,2
kong,2
hat,2
bibladop,2
culturati,2
wepo,2
yedo,2
chothia,2
amnesty,2
didote,2
adelaide,2
japannu,2
playboy,2
lunch,2
isoken,2
insanity,2
baál,2
ewhenu,2
damilola,2
thelma,2
cougars,2
stronger,2
heyden,2
electoral,2
ru,2
iperu,2
mario,2
nhiho,2
majia,2
cotton,2
pearl,2
springs,2
founder,2
forum,2
otoví,2
ssce,2
nexford,2
strategic,2
vún,2
mii,2
ayemi,2
counterfeit,2
presence,2
odule,2
direct,2
lufasi,2
archbishop,2
reconciliation,2
pretoria,2
bantu,2
cancer,2
diclofenac,2
taf,2
ligue,2
gbanewhedopo,2
kanwekoat,2
mechanical,2
affordable,2
dorcas,2
fapson,2
alone,2
together,2
gbaipe,2
cele,2
uzoamaka,2
aniunoh,2
dosu,2
wlet,2
abowhusun,2
serie,2
football,2
gop,2
cardiac,2
obstetrics,2
surgery,2
diseases,2
avunhot,2
adedoyin,2
mathew,2
nicholas,2
tolam,2
accord,2
aduralere,2
efcc,2
mili,2
whlawe,2
oloyede,2
shodimu,2
pàá,2
nlinnu,2
eletu,2
kekere,2
akinsemoyin,2
ekoué,2
denis,2
viii,2
winyan,2
visunnuda,2
shakespeare,2
walker,2
gilbert,2
yangbe,2
essex,2
sèmako,2
bohicon,2
ké,2
pipi,2
apprentice,2
ani,2
burial,2
billionaire,2
ossai,2
checkpoint,2
weapon,2
occultic,2
weoh,2
convenant,2
lenunnuy,2
awuwhan,2
ge,2
shoffa,2
nujijo,2
biological,2
bada,2
awuwle,2
ventures,2
ahoovi,2
badmus,2
aslann,2
oreke,2
blackberry,2
wicked,2
seller,2
ewuro,2
val,2
karma,2
saga,2
beast,2
swallow,2
dablu,2
lai,2
simpson,2
supreme,2
zùn,2
fagbule,2
zebra,2
stripes,2
networks,2
number,2
rhythm,2
labaran,2
gimbiya,2
faloye,2
hós,2
kèé,2
kanawe,2
rafiu,2
leyin,2
laba,2
gbogbo,2
lomo,2
omoge,2
kose,2
pupa,2
laye,2
alaimore,2
garcía,2
tulcán,2
ecuador,2
psychiatric,2
left,2
applied,2
preparatory,2
françoise,2
constantine,2
fruit,2
guild,2
amazing,2
hearts,2
obasi,2
opc,2
surgeons,2
imawo,2
wlu,2
fasehun,2
erelu,2
gbákun,2
wéwé,2
agoloto,2
ganho,2
abdinabiyeva,2
kazakhstan,2
gulf,2
boawu,2
deg,2
tosisa,2
gbéyant,2
yangbé,2
nudagbe,2
wanted,2
gentle,2
winw,2
pulse,2
wiatont,2
plid,2
hattenlofen,2
wurttemberg,2
galante,2
gloria,2
bamiloye,2
alter,2
wounded,2
shackles,2
yala,2
krikor,2
bedros,2
gabroyan,2
aleppo,2
lebanon,2
agbom,2
missérété,2
ele,2
jankara,2
yelwa,2
waterfalls,2
dowá,2
numbers,2
gbagye,2
kuta,2
diko,2
hafiz,2
gbannukunat,2
oat,2
anuku,2
hannah,2
adelana,2
tlala,2
gabrielsen,2
bryant,2
yuyu,2
té,2
hohon,2
nali,2
homim,2
nnuwhe,2
yigbena,2
husaini,2
shina,2
wàt,2
bojl,2
toussaint,2
whehuhu,2
whlak,2
afanu,2
malia,2
là,2
hunhiho,2
hunga,2
agbaja,2
azànma,2
palais,2
brazillian,2
style,2
gaulle,2
gbam,2
pahom,2
howhe,2
agboola,2
yihod,2
iraq,2
nalijit,2
albany,2
hopkins,2
rockefeller,2
kpotun,2
jinu,2
agenebode,2
olopa,2
láròdá,2
òjò,2
abebrese,2
share,2
kuvit,2
alaafin,2
eguguojo,2
apana,2
modeeke,2
booni,2
akitipa,2
otoh,2
tests,2
measurements,2
sepeteri,2
baruten,2
well,2
jamb,2
renowned,2
lecturer,2
olumide,2
okunlade,2
leader,2
jubril,2
ajibade,2
irepo,2
ahlu,2
sunnah,2
alafin,2
mimo,2
orioke,2
loko,2
igbonna,2
idera,2
onigbin,2
isanlu,2
omido,2
igbaja,2
arandun,2
onire,2
idoba,2
okeigbo,2
okanle,2
ijan,2
otun,2
pamo,2
adigun,2
oyi,2
oponda,2
eleyin,2
esie,2
whenuhokànt,2
agàhún,2
mall,2
mid,2
airports,2
arik,2
bellview,2
agidingbi,2
gra,2
otigba,2
nukúndo,2
dejidego,2
nlinvi,2
chiefs,2
megacity,2
ínu,2
ikosi,2
bayeku,2
fiflé,2
jinjàn,2
balekun,2
malé,2
goodswill,2
ipakodo,2
stars,2
isawo,2
hùndonuvò,2
yozo,2
howhinwh,2
oogun,2
mobile,2
yes,2
nsit,2
emem,2
udom,2
ethical,2
whegbenin,2
pregnant,2
channel,2
fatal,2
stolen,2
claim,2
total,2
control,2
manager,2
crying,2
sorrows,2
gift,2
hunted,2
fighter,2
interlingue,2
racontas,2
èbúté,2
èrò,2
otoz,2
ìpókíá,2
kàví,2
otogbó,2
tube,2
jp,2
ireti,2
itas,2
gadau,2
adeoye,2
medicine,2
abelairas,2
galicia,2
ahihundat,2
dj,2
odulate,2
blessed,2
alabukun,2
jacques,2
doctrine,2
founding,2
fathers,2
ayotunde,2
haut,2
iawe,2
wukun,2
holman,2
miwl,2
hundonuvo,2
aligl,2
adadi,2
awhant,2
devom,2
yajiji,2
nai,2
isaiah,2
labisi,2
vipl,2
kongi,2
orisun,2
mabel,2
oluwafemi,2
aiken,2
gbanewhèdopot,2
webber,2
firth,2
nia,2
waters,2
whèdat,2
violated,2
aunty,2
gbígba,2
drugs,2
weeks,2
arnett,2
oregon,2
académie,2
française,2
daudu,2
nba,2
nùkúnpédonugòt,2
alves,2
luis,2
ohomilomilo,2
gbedep,2
wíw,2
ann,2
eekan,2
soso,2
gallego,2
martínez,2
gbanew,2
yinyonuen,2
pilar,2
foto,2
àwa,2
proto,2
hungw,2
ry,2
sama,2
kagare,2
tanko,2
shambuga,2
ingwai,2
upn,2
vis,2
lii,2
kansa,2
genes,2
awugblenu,2
sisans,2
metastasis,2
dna,2
awugblena,2
nukunpedonugo,2
tiuntiun,2
fidopo,2
gbap,2
radiotherapy,2
chemotherapy,2
response,2
enegodo,2
consulting,2
andenanut,2
linlinnamet,2
kaunda,2
pneumonia,2
lsianu,2
pasargadae,2
agaushi,2
nci,2
wara,2
tsu,2
askildsen,2
bucknor,2
surrey,2
ayetoto,2
ajá,2
amookun,2
lè,2
friend,2
ovim,2
fólúk,2
kòkó,2
daju,2
ínà,2
dohun,2
dàá,2
amu,2
odl,2
foluke,2
ladap,2
bandele,2
ntonu,2
nuv,2
yo,2
ògo,2
saworoide,2
gbidinam,2
nùdego,2
taze,2
dowát,2
satin,2
nbibasi,2
whédegbe,2
tract,2
ikin,2
azis,2
komering,2
ulu,2
sumatra,2
euro,2
climate,2
nsigbem,2
khz,2
mtrs,2
sport,2
dokpesi,2
kenny,2
owódé,2
àpá,2
admiral,2
àw,2
baí,2
bò,2
bayí,2
súnnù,2
owoade,2
nnù,2
àl,2
adesina,2
awero,2
iró,2
àtànpàkò,2
kofo,2
genesis,2
olanrewaju,2
osile,2
bisoye,2
mathias,2
associates,2
aci,2
bleblu,2
shen,2
cuba,2
shuba,2
kárábàndéi,2
gúnú,2
lúm,2
áĩ,2
yindit,2
airtel,2
obaf,2
gate,2
haria,2
oyinka,2
danuwiwa,2
zamfara,2
yoyo,2
sol,2
puente,2
pretenders,2
agbàdo,2
galatia,2
likaonia,2
helme,2
oladipupo,2
gbigbló,2
gblagada,2
kalinm,2
eyo,2
electrical,2
gbáh,2
devodevo,2
zik,2
gànt,2
donù,2
aimé,2
sur,2
mer,2
migo,2
fún,2
paiko,2
turkey,2
aivi,2
pápá,2
awhann,2
nzin,2
hojl,2
marcelline,2
nhowhe,2
nujikudon,2
ploji,2
ayé,2
cécile,2
wiyigbeji,2
otógbo,2
wíwá,2
azónwhe,2
azín,2
jeane,2
mortenson,2
baker,2
yindi,2
vounvoun,2
feel,2
izan,2
aidedai,2
hollywood,2
eye,2
amherst,2
mason,2
asanupl,2
maud,2
link,2
tvc,2
swizz,2
mcg,2
dakota,2
nuyijl,2
apawhé,2
nyit,2
erica,2
active,2
question,2
sustainable,2
sunnuvi,2
alhaja,2
folake,2
bose,2
analyst,2
lit,2
hundeyin,2
owolabi,2
gage,2
ajò,2
millard,2
evidence,2
lìn,2
alia,2
nut,2
kùnkùn,2
connell,2
horizon,2
dòtowhé,2
pains,2
gains,2
apaadi,2
ndalile,2
muwo,2
ohí,2
dusi,2
nuha,2
jokeb,2
midiani,2
hol,2
levi,2
kashimawo,2
olawale,2
ianwt,2
filani,2
barghouti,2
radwa,2
ashour,2
arc,2
bloomsbury,2
saw,2
random,2
suffolk,2
ikechukwu,2
yìnyín,2
ògánt,2
blá,2
daura,2
nmtc,2
brigade,2
obiekwe,2
fìn,2
hamman,2
mayo,2
nupiplon,2
masin,2
dartmouth,2
agé,2
tát,2
oglè,2
sogb,2
laplace,2
demon,2
nmet,2
sisakadop,2
melenu,2
pesisir,2
selatan,2
regency,2
deyiyidosanv,2
brig,2
zakari,2
gben,2
decree,2
wiwadop,2
whedepope,2
ndonanu,2
avunnukundi,2
gú,2
munsada,2
transparency,2
numima,2
nyiji,2
nhl,2
niji,2
lion,2
baku,2
didehia,2
kerala,2
iffk,2
nadia,2
ouagadougou,2
fabian,2
ripples,2
twitter,2
ogwashi,2
ukwu,2
ida,2
effective,2
portharcourt,2
gò,2
nationale,2
lehady,2
ganiou,2
fund,2
madó,2
basinanu,2
peller,2
neil,2
uganda,2
sudan,2
tojihun,2
olo,2
aovi,2
nupinplon,2
losu,2
gbeto,2
melepo,2
nùnunu,2
yunik,2
johanu,2
jowam,2
civilization,2
tòhò,2
lsia,2
nneji,2
okojie,2
ray,2
animals,2
ekman,2
numotolanm,2
gbla,2
hàn,2
mini,2
babs,2
nupewood,2
shaaba,2
kure,2
omá,2
zé,2
traders,2
gbeman,2
ladoke,2
siat,2
dogan,2
awo,2
memoir,2
constitution,2
rubin,2
kazan,2
junction,2
rwaff,2
emelonye,2
ahundopo,2
oby,2
ms,2
koi,2
rises,2
akí,2
gorge,2
agbègbè,2
acre,2
ofiki,2
lanhusat,2
yemoja,2
agùn,2
àgùdà,2
gomina,2
alani,2
ruth,2
monday,2
nire,2
oyun,2
ashewo,2
alajo,2
gboku,2
pepeye,2
pate,2
adura,2
oloore,2
cinemas,2
thieves,2
gurmana,2
baushi,2
ura,2
dotukla,2
dawha,2
akustik,2
wesisa,2
css,2
ikeji,2
ojugbelu,2
ishin,2
ayinla,2
extension,2
cobweb,2
baddo,2
olaudah,2
equiano,2
arctic,2
vodunsi,2
irame,2
baoluayesanj,2
asabi,2
lbogun,2
oluwole,2
oriade,2
làn,2
nzom,2
xii,2
doctorate,2
accenture,2
kinoloji,2
okiki,2
mode,2
dancing,2
celebrity,2
takes,2
elle,2
nugot,2
aligigl,2
boyz,2
danúwat,2
answer,2
avunhihona,2
constituency,2
sagar,2
martha,2
mita,2
agó,2
wuj,2
circuit,2
zizes,2
mona,2
leonardo,2
vinci,2
vioso,2
akadop,2
gbehu,2
alodl,2
chun,2
cheng,2
huhlon,2
zanpo,2
enu,2
koli,2
oyinkans,2
oyinkan,2
yíi,2
moore,2
nukúndido,2
kabí,2
harmon,2
elopu,2
distribution,2
cowry,2
emerging,2
paulin,2
joachim,2
ogunmola,2
bosom,2
leukemia,2
debra,2
recherche,2
sophia,2
iawhan,2
turkish,2
muma,2
atlas,2
todahó,2
wya,2
terminus,2
mm,2
otukpo,2
bukuru,2
boro,2
konni,2
agbor,2
organisation,2
dóna,2
duru,2
restless,2
tailors,2
kagara,2
edet,2
ponds,2
doho,2
subomi,2
alabama,2
storm,2
baduel,2
hugo,2
crsm,2
feyisara,2
osinupebi,2
hallel,2
oxbridge,2
rite,2
yauri,2
revaz,2
kutaisi,2
georgian,2
dza,2
osuolale,2
wolverhampton,2
reagan,2
odusanya,2
twisted,2
rukky,2
lethal,2
campus,2
eddie,2
hugán,2
belarus,2
orthodox,2
kikló,2
hlá,2
jalil,2
congas,2
nuhogb,2
whejayi,2
honu,2
pidio,2
libya,2
salaudeen,2
latinwo,2
terengganu,2
sambasa,2
nzeribe,2
choco,2
slow,2
elevator,2
potuga,2
atlantiki,2
squadron,2
afala,2
tuga,2
nsitom,2
internazionale,2
milano,2
luhihogb,2
oluyemisi,2
ikoli,2
azikwe,2
enahoro,2
irewe,2
osolu,2
henriette,2
dame,2
fils,2
judith,2
adusi,2
père,2
saratu,2
wuta,2
sansani,2
onisha,2
padonu,2
lydia,2
arrow,2
prestigious,2
seh,2
hong,2
beh,2
danhom,2
ovijiji,2
assistance,2
tsishingini,2
cishingini,2
jocelyn,2
lewis,2
casualty,2
gum,2
auntie,2
nubibla,2
breweries,2
awhangb,2
asiwaju,2
simi,2
dodowiwa,2
tudohom,2
tulinam,2
asedeko,2
boutique,2
babić,2
gódot,2
pottery,2
adedayo,2
modák,2
gbot,2
papi,2
luwe,2
ilora,2
sōichi,2
urawa,2
saitama,2
litireso,2
pontifical,2
pludopludo,2
agò,2
glinhùn,2
achiever,2
fih,2
aaye,2
tetracycline,2
eddy,2
wings,2
towers,2
ikirun,2
fcbe,2
osò,2
egb,2
dèanana,2
acker,2
gannon,2
casket,2
ibiama,2
yinnu,2
ekan,2
jegede,2
ese,2
owehome,2
ilupeju,2
cub,2
scout,2
cockery,2
redcross,2
aflikan,2
awhli,2
davidi,2
romania,2
ukrainian,2
kyivan,2
rus,2
dnipro,2
ulysses,2
grant,2
uzamat,2
akinbile,2
yussuf,2
pharmacists,2
alps,2
tourismartandculture,2
lagosstate,2
gov,2
gbaj,2
veggie,2
dolphin,2
diocese,2
nudududat,2
kgb,2
spy,2
duduto,2
tauntaun,2
awhànf,2
volodymyr,2
napoleon,2
vòbibla,2
trump,2
wagasi,2
yinn,2
zint,2
colonial,2
islam,2
salam,2
mcgill,2
mcmaster,2
metropolitan,2
kyoto,2
universidad,2
antonoma,2
coventry,2
princeton,2
cornell,2
stanford,2
berkeley,2
mictec,2
quill,2
yinyl,2
whéhuhu,2
whéhuto,2
whévi,2
ajah,2
roosevelt,2
konukunawèt,2
rush,2
string,2
polish,2
nwin,2
blibata,2
basque,2
nationalist,2
lust,2
yeni,2
sadidi,2
ajasco,2
prague,2
czech,2
deè,2
ceremony,2
ayef,2
ipoti,2
èdè,2
fanfunn,2
borough,2
ebonylife,2
okàn,2
nujiawu,2
feet,2
hònu,2
quartz,2
oliver,2
zèè,2
oslá,2
hayinanu,2
alewa,2
koriga,2
kuskaka,2
makangard,2
bauchinu,2
ngwoi,2
zok,2
ote,2
zémijann,2
zémi,2
ob,2
oka,2
balašević,2
serbia,2
sad,2
myths,2
madison,2
jay,2
barack,2
obama,2
agbasam,2
ssg,2
okosi,2
shaki,2
gbigbò,2
nukikl,2
efe,2
zeb,2
efun,2
merriman,2
linlinhod,2
reader,2
write,2
issn,2
sanger,2
galala,2
sss,2
awhángan,2
frm,2
lawrence,2
patricia,2
ekanem,2
asokoro,2
coastal,2
fair,2
esugbemi,2
danpe,2
elerin,2
oviví,2
madogan,2
complete,2
ogborogan,2
essien,2
abdulrahman,2
lafiagi,2
atta,2
gbamigboye,2
orire,2
akenjoye,2
clan,2
osim,2
nnubi,2
omoluyiri,2
oyenakpagha,2
obanighenren,2
abejoye,2
angola,2
tlaun,2
mì,2
zìn,2
companion,2
twentieth,2
centuries,2
aboki,2
dalila,2
kraft,2
growth,2
problems,2
solutions,2
algon,2
penticostal,2
nunieh,2
matilda,2
gbànja,2
whedepopenu,2
ageigi,2
motor,2
nitel,2
tabon,2
permanent,2
glory,2
akpanù,2
bodina,2
aiguobasinwin,2
dodoai,2
tomenu,2
jeeji,2
samagi,2
bugazau,2
maje,2
veno,2
rehoboth,2
prodigeezy,2
killin,2
iyabo,2
crimes,2
oflig,2
núsusu,2
gbemasin,2
geraldo,2
pidgin,2
oswald,2
tep,2
dallas,2
kentucky,2
insurance,2
pongb,2
medicare,2
medicaid,2
gone,2
dimeji,2
chatta,2
producer,2
schemers,2
blogger,2
caliphate,2
gbígbá,2
koine,2
ògèdèngbé,2
obatala,2
idoani,2
lek,2
awhánt,2
bower,2
togbogodo,2
alatorin,2
peel,2
akinjogbin,2
yorubaland,2
religious,2
humanities,2
excellent,2
tanyin,2
arena,2
megán,2
tribune,2
quai,2
branly,2
gbòwle,2
obó,2
sudide,2
òkú,2
amazons,2
adú,2
oueme,2
idolorusan,2
lúduta,2
uwala,2
bobi,2
ebrimoni,2
european,2
híh,2
vc,2
enwonwu,2
naede,2
oluji,2
okitipupa,2
akeredolu,2
gypsium,2
akintunde,2
doten,2
fatunsin,2
temitope,2
unoakhaiasor,2
goal,2
edwin,2
onabajo,2
giesi,2
hunto,2
aigbaji,2
turakin,2
nuyiwadeji,2
diana,2
gonna,2
revelation,2
màlenu,2
inaugural,2
yankuna,2
jordan,2
nwora,2
yíyí,2
gbledo,2
pinpán,2
owonifari,2
bolade,2
tòh,2
ofí,2
núsat,2
nmii,2
azangaagbe,2
tade,2
amaa,2
aihundato,2
edit,2
wives,2
shadow,2
parties,2
gbedewéma,2
huwají,2
hókansèm,2
atunida,2
shitta,2
teslim,2
avenue,2
iponri,2
agbawhinwl,2
tintin,2
beyoncé,2
store,2
vivian,2
recreation,2
curtis,2
gbanewheawe,2
wunk,2
ijijen,2
sawyer,2
gothic,2
speculative,2
weird,2
disney,2
bobby,2
newton,2
tim,2
rimfa,2
nhó,2
gesu,2
nipa,2
kisoki,2
ashia,2
isabella,2
kidnapped,2
jekyll,2
hyde,2
entertainments,2
hydrogen,2
biafran,2
flag,2
jaji,2
dindlan,2
bitu,2
shekkara,2
funkui,2
adì,2
kworarafa,2
kawayi,2
lundi,2
zanku,2
adjahi,2
contes,2
handball,2
presbyterian,2
nagbè,2
francenu,2
titafu,2
ayobami,2
chimamanda,2
adichie,2
bhojpuri,2
fùn,2
franco,2
dahomean,2
danxome,2
danhome,2
edna,2
gedevi,2
anko,2
adàgbigbló,2
tòku,2
pìn,2
kándo,2
akaba,2
mehu,2
kudeji,2
dowem,2
dov,2
lisbon,2
salvador,2
bahia,2
gbigbà,2
meredith,2
clotilda,2
chaold,2
togolisinu,2
allemagne,2
einer,2
deutschland,2
ferme,2
lama,2
tessi,2
televisi,2
hem,2
koseegbe,2
avunho,2
nf,2
wolf,2
agbe,2
yakufu,2
zuga,2
jló,2
blase,2
orhionmwon,2
ovia,2
okpe,2
goodwin,2
festus,2
modupe,2
eghosa,2
yesufu,2
oseni,2
augustus,2
nijilianu,2
hàngb,2
hunpe,2
phase,2
avunhiho,2
òbú,2
vetho,2
aihu,2
daidai,2
groove,2
maker,2
matthew,2
anchuna,2
zangon,2
kataf,2
diplôme,2
soas,2
parish,2
reform,2
chetanna,2
lunt,2
supper,2
shoes,2
powerful,2
gentlemen,2
jealous,2
mbano,2
blind,2
zayn,2
christiana,2
kenneries,2
ganja,2
ibaje,2
eniyan,2
noah,2
message,2
ground,2
lawson,2
denrele,2
yanas,2
mazuda,2
àdò,2
debbi,2
bagoda,2
buram,2
kpians,2
souls,2
ill,2
before,2
ogunbiade,2
beverly,2
derin,2
ighodaro,2
rona,2
payday,2
chinweizu,2
jokes,2
godless,2
dawn,2
viavi,2
aihundidaz,2
ramsey,2
soawuhia,2
visit,2
nse,2
called,2
hart,2
klán,2
saju,2
maidawaki,2
gawarkura,2
asan,2
component,2
genotype,2
adapted,2
analysis,2
wikidata,2
tsamia,2
agbago,2
kinikini,2
county,2
najite,2
screen,2
meeting,2
retrieved,2
ahúnz,2
oluwatoyin,2
susun,2
ije,2
myself,2
verse,2
kànji,2
shows,2
ambassador,2
empowerment,2
tanzanian,2
travel,2
linlén,2
clint,2
yahoo,2
whinwhan,2
benatar,2
mae,2
grammy,2
wé,2
peve,2
baudam,2
bawa,2
berka,2
official,2
dadi,2
oha,2
luin,2
acrylic,2
esposto,2
sezione,2
dalla,2
nella,2
arte,2
civic,2
resource,2
posto,2
multimedia,2
aboyade,2
cole,2
workshop,2
graffiti,2
interview,2
original,2
html,2
leisure,2
informer,2
ominira,2
ojediran,2
phatiah,2
titobasit,2
climax,2
enya,2
artiste,2
cyprus,2
crystal,2
nuwadotana,2
sunsi,2
azizah,2
dvd,2
skinny,2
transit,2
timini,2
onifade,2
fusion,2
fidiohàn,2
ohànbayit,2
brasco,2
walshy,2
source,2
wearegvds,2
sounds,2
rain,2
till,2
aware,2
aí,2
isichei,2
canterbury,2
wellington,2
rochester,2
roberts,2
yetonyon,2
yito,2
kora,2
éde,2
chibundu,2
onuzo,2
chike,2
ameobi,2
hachette,2
ohiá,2
trask,2
finalist,2
astonishing,2
yoke,2
tanwekant,2
ndibe,2
joint,2
admission,2
matriculation,2
earth,2
cyprian,2
ekwensi,2
tagbo,2
lopó,2
vuwhènu,2
stay,2
busby,2
zinzanh,2
dohò,2
wayim,2
whanm,2
makanjuola,2
tadagbe,2
masquerade,2
gidi,2
bling,2
lagosians,2
singers,2
dylan,2
gáá,2
etisalat,2
trilogy,2
yidoaz,2
aniocha,2
ughelli,2
urhobo,2
koewheawet,2
feature,2
danja,2
orogun,2
kootu,2
asipa,2
scientific,2
readers,2
nommo,2
baen,2
anthologies,2
ark,2
destination,2
febechi,2
nmíí,2
scholarship,2
juvenile,2
maimuna,2
plays,2
join,2
colour,2
animasaun,2
tindot,2
jladobast,2
disu,2
kanwé,2
names,2
memory,2
interpreter,2
autobiography,2
course,2
flying,2
vodou,2
voodoo,2
ludwig,2
couple,2
aids,2
obiora,2
lasgidi,2
dec,2
hubble,2
nasa,2
deepest,2
image,2
deep,2
jwst,2
nothing,2
ngbann,2
gbesiewu,2
itumo,2
early,2
important,2
places,2
ond,2
rice,2
services,2
fake,2
jìjì,2
rotary,2
wépinpl,2
glee,2
wendell,2
eliza,2
file,2
müller,2
cooten,2
odilora,2
eégún,2
aláré,2
ogunniran,2
ogbalu,2
hajia,2
awuwledait,2
alunlunsu,2
gobirawa,2
diffa,2
yandutse,2
smugglers,2
wíí,2
onaolapo,2
sikagan,2
zinpinp,2
listen,2
simple,2
quick,2
delaware,2
laff,2
patterns,2
everyday,2
echoes,2
trip,2
hire,2
demons,2
dawaiya,2
oployink,2
minaj,2
imperfect,2
pandora,2
fanfundid,2
jazzy,2
peruzzi,2
quiet,2
miraj,2
bukunmi,2
ayomi,2
awosina,2
jankariwo,2
looming,2
tahir,2
nwagwu,2
cat,2
dakin,2
amarya,2
mbayo,2
akenn,2
ohokansem,2
ohànpipa,2
ebenato,2
palmnut,2
akwamozu,2
jijizán,2
wane,2
dagbehugan,2
moppan,2
ando,2
heights,2
bound,2
lambert,2
magana,2
gumau,2
didoehia,2
saira,2
jamilu,2
jalima,2
nwakanma,2
forward,2
dazed,2
tell,2
parresia,2
attack,2
matins,2
newark,2
raypower,2
countdown,2
afternoon,2
blazing,2
saturday,2
breakfast,2
octaviano,2
irobi,2
sheffield,2
cemetery,2
sowande,2
ca,2
novisunnu,2
onwu,2
catastrophe,2
triumph,2
kwenu,2
kolanut,2
gbadegesin,2
blakey,2
belafonte,2
zeenat,2
madaki,2
ahmedu,2
tsagero,2
dagachi,2
britannica,2
onyefulu,2
sharing,2
grandfather,2
millbrook,2
brookfield,2
farewell,2
emac,2
ijeoma,2
ohànwe,2
tori,2
sankie,2
cameron,2
vindicated,2
cowrie,2
symphony,2
linlinwekinkan,2
many,2
quramo,2
writer,2
safire,2
syracuse,2
bois,2
context,2
elements,2
extended,2
diego,2
ademolawe,2
mikeade,2
autoland,2
yiwana,2
ohúnsat,2
businesspeople,2
births,2
brings,2
thesis,2
archaeology,2
wyevale,2
nurseries,2
harriett,2
akue,2
edd,2
wordlist,2
overview,2
bendor,2
oludele,2
akinremi,2
kudoro,2
hànji,2
grateful,2
verb,2
coalescence,2
focus,2
ladele,2
loza,2
amal,2
rouge,2
bilall,2
fallah,2
samia,2
para,2
pour,2
yasmine,2
lagtaâ,2
beauté,2
éparpillée,2
soie,2
yassine,2
nezha,2
juge,2
est,2
une,2
stéphane,2
kaminka,2
various,2
malika,2
ser,2
tuni,2
nasreddine,2
shili,2
nejib,2
spring,2
selim,2
arafa,2
sallouma,2
alias,2
jerbi,2
malla,2
bel,2
béhi,2
abdelmajid,2
kamel,2
youssef,2
kaïs,2
advertising,2
hédi,2
nessma,2
aihunbayit,2
babylon,2
death,2
authentic,2
benguettaf,2
said,2
bey,2
sold,2
sofiene,2
chaari,2
sbouï,2
mnamet,2
azaïez,2
mouna,2
nsibti,2
laaziza,2
idikoko,2
suburb,2
newtown,2
obaatanpa,2
tricki,2
gtv,2
nkrumah,2
anadenanuwema,2
aboagye,2
brenya,2
win,2
asiedu,2
yonko,2
bone,2
nyame,2
onyame,2
nnipa,2
saad,2
jari,2
ghezali,2
guèye,2
ibrahima,2
peuple,2
jumas,2
zanzibar,2
boubou,2
cravate,2
pousse,2
fille,2
moussa,2
algérie,2
spooks,2
hologram,2
maktoub,2
taht,2
poets,2
arous,2
beirut,2
caramel,2
productions,2
rtt,2
djanet,2
lachmet,2
cow,2
arbaa,2
rasmouka,2
marrakesh,2
hmad,2
otànpint,2
boutfounaste,2
alfino,2
njeri,2
kenyan,2
price,2
tutsi,2
kigali,2
adim,2
regragui,2
mothers,2
bath,2
parma,2
lifestyle,2
nwaturuocha,2
instagram,2
ebiloma,2
bubu,2
sabina,2
matos,2
dominica,2
chong,2
jew,2
sydney,2
pollack,2
uwamahoro,2
intare,2
karofi,2
otanugbo,2
gboad,2
toho,2
ladan,2
gworzo,2
yaki,2
zuru,2
barafia,2
zeguendi,2
fast,2
outside,2
asianu,2
agyemang,2
hungona,2
tentacles,2
schwarzenegger,2
valentina,2
kasapa,2
frimpong,2
manso,2
yaa,2
timber,2
zsigó,2
julianna,2
circa,2
painting,2
rend,2
theo,2
westminster,2
dartmoor,2
preliminary,2
norwich,2
include,2
around,2
theme,2
declaration,2
see,2
these,2
following,2
its,2
coverage,2
any,2
activists,2
means,2
does,2
add,2
grimms,2
pierson,2
kassel,2
franss,2
huguenot,2
teufel,2
clever,2
kluge,2
welt,2
goose,2
hedgehog,2
tag,2
sandoglido,2
aus,2
zwehrn,2
niederzwehren,2
quarter,2
hunglint,2
ursula,2
kandok,2
hùm,2
chelmsford,2
darcy,2
davy,2
gbeyiyi,2
mawe,2
budapest,2
yunivasiti,2
koewhe,2
vázsonyi,2
bloomington,2
hoosier,2
telling,2
fulton,2
saskatchewan,2
whenuhó,2
canadiennes,2
brandon,2
round,2
lumbering,2
woods,2
vibrations,2
singing,2
rover,2
told,2
perspectives,2
jeanette,2
garland,2
fields,2
philology,2
asà,2
ethnology,2
ethnologist,2
gbotana,2
ich,2
signe,2
manna,2
danish,2
nordfynsk,2
bondeliv,2
mands,2
minde,2
funen,2
bogense,2
purdahnashins,2
allahabad,2
pune,2
hobhouse,2
manning,2
between,2
northumberland,2
gleaner,2
rada,2
aihunwhe,2
indies,2
ding,2
boat,2
scarborough,2
tweneboah,2
sense,2
marijata,2
efiewura,2
okukuseku,2
nicolaevitch,2
tzar,2
gbedevo,2
wonderful,2
vera,2
nathaniel,2
gilberto,2
gil,2
guggenheim,2
ihu,2
todos,2
memoria,2
brasil,2
fehrle,2
anathon,2
bertha,2
eine,2
germanische,2
handwörterbuch,2
aberglaubens,2
archiv,2
zum,2
norske,2
during,2
pregnancy,2
kilder,2
problemer,2
overlevering,2
københavn,2
nyere,2
andreas,2
ropeid,2
moestue,2
philologists,2
hofer,2
austrianu,2
aussee,2
musik,2
kunst,2
deutsch,2
wissenschaft,2
jahre,2
oli,2
bs,2
britishnu,2
tirol,2
berose,2
histories,2
weiss,2
guatemala,2
haven,2
yuchenko,2
wnyc,2
woody,2
francisca,2
josefa,2
johann,2
frasquita,2
teatro,2
planells,2
hermoso,2
arrom,2
gaviota,2
eugenio,2
ochoa,2
una,2
finnish,2
julian,2
jacobsson,2
macaskill,2
dunvegan,2
kloka,2
dóhò,2
ingrid,2
marson,2
kohwe,2
annie,2
navajo,2
indianu,2
kànhose,2
antropologia,2
germanu,2
westfälische,2
kommission,2
westfälisches,2
volksliedarchiv,2
gertrude,2
online,2
kuvodu,2
shop,2
podcast,2
adjei,2
cd,2
qur,2
cithare,2
zheng,2
chinoise,2
musiques,2
coll,2
monde,2
worldwide,2
akua,2
kwame,2
akurasi,2
burgers,2
kissi,2
nukunát,2
tánpint,2
watauga,2
pintàn,2
jacki,2
willi,2
amanda,2
gillespie,2
horace,2
montpelier,2
pbs,2
nii,2
hours,2
lasse,2
musicals,2
sue,2
krogh,2
tor,2
elvis,2
swing,2
jahn,2
teigen,2
duett,2
hånd,2
bästa,2
hits,2
älskar,2
tullia,2
madagascar,2
ictm,2
cultures,2
bohlman,2
loris,2
azzaroni,2
interpretation,2
edizioni,2
clueb,2
cooperativa,2
libraria,2
editrice,2
köster,2
haavik,2
estonianu,2
kejetia,2
jamestown,2
fisherman,2
roselyn,2
reloaded,2
vicuña,2
chilean,2
amàsin,2
mapuche,2
ethnomedia,2
aymara,2
avigail,2
auschwitz,2
folksongs,2
aulnoy,2
jeanne,2
lhéritier,2
sublime,2
loches,2
mademoiselle,2
menou,2
peine,2
voyage,2
magnificence,2
marvels,2
christina,2
being,2
paso,2
morris,2
estella,2
starr,2
enrico,2
kensington,2
copernicus,2
nova,2
scottish,2
labrador,2
amber,2
pamela,2
eleven,2
celtic,2
anders,2
ebba,2
eriksdotter,2
vasa,2
gyllenstierna,2
hutchinson,2
willoughton,2
murray,2
loius,2
altar,2
stairs,2
customs,2
hebrew,2
nashonal,2
folklórica,2
chileno,2
songhai,2
yinwan,2
kolombia,2
humanity,2
sidechic,2
gang,2
yei,2
theodara,2
toda,2
visi,2
heidi,2
aklaseaq,2
wesleyan,2
anchorage,2
philharmonic,2
ofori,2
killings,2
danku,2
adjoa,2
pee,2
obra,2
zukah,2
trokosi,2
marleen,2
anmortsoo,2
ashesi,2
gbaragada,2
sunrise,2
blay,2
bassey,2
lata,2
tondon,2
genji,2
shikibu,2
abajade,2
golfe,2
tchad,2
bretagne,2
guardians,2
aquaman,2
abolore,1
kongo,1
mobo,1
ajumobi,1
enwowu,1
eń,1
scheme,1
willet,1
bradbury,1
carrol,1
kansanna,1
afínplosun,1
bajon,1
etin,1
atul,1
nasril,1
jni,1
whinyanwhinyan,1
izala,1
darika,1
bia,1
dawhe,1
gufinf,1
oganme,1
ngn,1
ajowhe,1
jlawhe,1
whele,1
vac,1
ollivant,1
gbedet,1
toholuduta,1
kodiona,1
ablode,1
kindberley,1
yínyin,1
hillerest,1
ahin,1
ahit,1
alomotu,1
peliewura,1
abibi,1
nisan,1
rainy,1
grillo,1
oshinowo,1
mij,1
midesi,1
ngbaji,1
ewhl,1
ejayi,1
uli,1
halani,1
mesopotamia,1
sala,1
kenani,1
bethon,1
hebl,1
whlee,1
isaaki,1
huii,1
ketula,1
makipela,1
wilkes,1
malami,1
nwah,1
wiawèt,1
adali,1
inquiry,1
nature,1
causes,1
liberalismto,1
sentiments,1
yinnuj,1
yinuwà,1
mìwl,1
scotish,1
ablahamu,1
qu,1
ran,1
aqdas,1
atinsìns,1
waylando,1
fufu,1
ntinslo,1
nńuin,1
lèk,1
barewa,1
oditah,1
adebiyi,1
jebu,1
kajin,1
kajinin,1
acdess,1
mero,1
adéyemí,1
donam,1
ajaye,1
nukundejit,1
holdings,1
hkn,1
vero,1
ngannugannu,1
bliteni,1
asiyanbi,1
awuj,1
pevide,1
kudeti,1
èyí,1
anadenaweh,1
yat,1
nnua,1
weyiny,1
doia,1
richardson,1
levantine,1
musendiku,1
kbe,1
moriamo,1
lalugbi,1
ajodun,1
ebutte,1
docemo,1
ipp,1
suberu,1
gray,1
suuru,1
chambers,1
nnina,1
nuto,1
akifosil,1
lacoed,1
nlinto,1
undergraduate,1
kanweao,1
sosan,1
romanian,1
adolf,1
ogányink,1
führer,1
reichskanzler,1
zòsun,1
awhanvigb,1
dap,1
munich,1
kampf,1
papen,1
hindenburg,1
lebensraum,1
adanwiwa,1
alóg,1
jujuwayi,1
eva,1
braun,1
führerbunker,1
kershaw,1
wèdut,1
parti,1
renouveau,1
démocratique,1
aplahoué,1
magistrate,1
wiwlesú,1
whèdida,1
ylando,1
tatan,1
whejisuu,1
dèdai,1
amoussou,1
adrienne,1
kubrick,1
clockwork,1
liver,1
amino,1
acids,1
coagulation,1
factors,1
hormones,1
nojl,1
saka,1
univesity,1
ui,1
nnui,1
sinimawiwa,1
nusísa,1
ojukokoro,1
abdullai,1
munim,1
rodiat,1
nasanya,1
ruben,1
aranti,1
adegbonmire,1
okurounmu,1
ganiyu,1
dawodu,1
lanihin,1
adeyem,1
adebanj,1
banj,1
fasonrati,1
labiyi,1
biyi,1
odumakin,1
awot,1
ejanabi,1
ndinu,1
aklekle,1
beautymatics,1
thefootwearacademy,1
desy,1
oluwabukola,1
betwick,1
olubunmi,1
tuoyo,1
hotfootwear,1
háyà,1
nnudo,1
ayidiosun,1
npínpl,1
nwíwa,1
nsusu,1
hd,1
quilt,1
và,1
gànkink,1
gòh,1
túntún,1
awánu,1
argentine,1
libertadores,1
copa,1
intercontinental,1
atlético,1
independient,1
agwarra,1
agànma,1
gbekanlin,1
há,1
agbothokun,1
agànmàd,1
gbetàtò,1
aganmad,1
ajeniya,1
fivoovo,1
dablà,1
larubawa,1
agah,1
hendrik,1
gbaglinu,1
huntokonu,1
scipio,1
ahizan,1
nhan,1
whiskey,1
nudugban,1
nzi,1
awhanfungba,1
cannon,1
whle,1
ahí,1
dant,1
oluwo,1
léhe,1
molaasan,1
abaasa,1
ovúwhènù,1
oritam,1
ezindonuk,1
yij,1
arar,1
ibàdàn,1
dùgán,1
gbethe,1
gbetheko,1
tosagbede,1
avosegamu,1
vulcanizer,1
exceptional,1
chaplaincy,1
cmf,1
theology,1
claudius,1
dosa,1
jiwa,1
ajiy,1
kanho,1
kakawa,1
ifaki,1
kofí,1
toyi,1
republc,1
unversity,1
yaradua,1
gboadà,1
gaius,1
itulea,1
tlakoniti,1
abilene,1
galili,1
pelea,1
lalekan,1
asim,1
dobuna,1
nop,1
dosù,1
yigbè,1
gbéyan,1
avi,1
dow,1
díìn,1
gbodewh,1
ajatado,1
tum,1
yuugbeji,1
ninòm,1
sogbé,1
tota,1
salu,1
pank,1
posí,1
thovam,1
agak,1
ludatom,1
tande,1
zogbo,1
gánduk,1
gbedek,1
sik,1
adom,1
ajasepo,1
eleyoka,1
amberi,1
falokun,1
dìn,1
ismail,1
atoloye,1
vocational,1
entrepreneurship,1
ajaase,1
colleg,1
alelu,1
molentente,1
momu,1
joba,1
motalala,1
joye,1
eyan,1
alowo,1
abimo,1
asowo,1
ajere,1
pade,1
aiyewa,1
owuro,1
iyaleta,1
womo,1
romo,1
nigbogbo,1
kegbeyale,1
dabayi,1
adijale,1
osupa,1
sumonu,1
kiwu,1
iwaloye,1
ajade,1
alaburo,1
leru,1
aarinwoye,1
timutimu,1
abaa,1
oguntomi,1
dalagbe,1
odabiowo,1
olujo,1
jeun,1
rara,1
agbalagba,1
agbenuke,1
oun,1
loju,1
aralagbe,1
masa,1
abdulkadri,1
totun,1
tosi,1
lofin,1
lawani,1
arojojoye,1
roju,1
asumowu,1
ata,1
ogbegbe,1
gesin,1
owowo,1
akiwi,1
lewu,1
oderonke,1
lese,1
ibijoju,1
olayanju,1
konbi,1
okankan,1
ibidere,1
moso,1
ebora,1
agbala,1
fohun,1
agbogun,1
olaniran,1
oroki,1
magbagbe,1
tomi,1
pela,1
biwapele,1
dajo,1
alagbala,1
nnúnkunat,1
avunnukun,1
agbakam,1
kogbom,1
zungo,1
apasa,1
agbangla,1
huy,1
ayant,1
abiam,1
lilat,1
gbetatogan,1
travil,1
ajlohunsutin,1
vodunh,1
fath,1
jala,1
umarkot,1
pakistane,1
akotagan,1
humayun,1
jure,1
bairam,1
delhi,1
suttanate,1
jagir,1
inamdar,1
bakshi,1
saman,1
aholuwhe,1
qazi,1
nnuwiwa,1
glel,1
faizi,1
tansen,1
birbal,1
todar,1
akpolokpolo,1
tíntàn,1
nunkunhu,1
ovonromwen,1
yovovi,1
erediauwa,1
pódó,1
akii,1
ibhadode,1
haematology,1
biosecurity,1
biobanking,1
dodinanuwhe,1
ogbedide,1
gbángba,1
governors,1
ibm,1
grade,1
ewaz,1
akinwumi,1
labode,1
awól,1
meyin,1
efunsetan,1
aniwura,1
awujinam,1
edl,1
accedemy,1
jia,1
kandegbàn,1
oduduwavi,1
sope,1
bledi,1
breadfruit,1
wewen,1
iyl,1
doaiego,1
vuu,1
dogligo,1
magbè,1
ovide,1
todido,1
harmzat,1
subair,1
nulat,1
caramic,1
ìkòròdú,1
orisadipe,1
erule,1
tunkan,1
fij,1
yadona,1
wanuylankan,1
nukúnk,1
ham,1
jafet,1
ganduta,1
dòpól,1
yededenu,1
communism,1
cornerstone,1
mko,1
muftau,1
bhadmus,1
odewale,1
sabumdu,1
awhanfunnu,1
osodedo,1
alp,1
cumnock,1
awutuwiw,1
ianwem,1
nukunnumim,1
florey,1
ernst,1
ansarian,1
persian,1
miná,1
ayobo,1
lg,1
mosan,1
okunola,1
egbeda,1
akowonjo,1
gunnukó,1
alioune,1
apr,1
yánsun,1
magatakarda,1
ezan,1
pittsburgh,1
zumi,1
zidedaga,1
kuara,1
salame,1
ovodide,1
dingyadi,1
wlaawet,1
poverty,1
reduction,1
spra,1
tõndonuawe,1
ndoeji,1
makedonia,1
hungan,1
pella,1
epir,1
balkan,1
arisitotu,1
maedi,1
whezez,1
maedinu,1
alezandir,1
agbawhlenji,1
isusi,1
gaugam,1
darusi,1
adiriatiki,1
porusi,1
punjabu,1
indusi,1
bábílónì,1
diar,1
seleusidi,1
whesisa,1
byzantine,1
anatolia,1
alòdl,1
metacarpal,1
nugo,1
todide,1
whevihuhu,1
nwhinwh,1
alok,1
anarachi,1
melaníe,1
unscripted,1
photography,1
ultra,1
harajaku,1
ibovi,1
malala,1
yousafzai,1
youngest,1
ebonee,1
davis,1
eazi,1
yxng,1
nonso,1
odunsi,1
engine,1
santi,1
tóbi,1
childish,1
gambino,1
fader,1
mccartney,1
andrás,1
kúzan,1
kpasseloko,1
hinto,1
hounsinou,1
kanjo,1
zogbin,1
adouma,1
wombo,1
lombo,1
batonga,1
malaika,1
húngbe,1
cim,1
hanjiwhe,1
hebrail,1
hànjiwhe,1
miriama,1
masakela,1
dibango,1
otis,1
redding,1
hendrix,1
stvie,1
osibisa,1
santana,1
sphinx,1
mariam,1
trois,1
fifonu,1
hébrail,1
hof,1
paisley,1
dejido,1
durojaiye,1
ogundimu,1
numavoh,1
result,1
nunuy,1
akpanoluo,1
ette,1
orontes,1
seleukia,1
séleucus,1
nicator,1
séleucide,1
pompée,1
kzandli,1
ovíví,1
ginu,1
whiawe,1
yakka,1
égbe,1
apah,1
klake,1
ìdi,1
idosuba,1
ilemba,1
idomosu,1
idolo,1
