word,count
je,26798
na,19758
wot,16852
so,16252
do,12747
hač,8470
za,8337
po,8209
budyšin,7697
su,7342
ma,7188
serbski,6962
něhdźe,6912
ze,6861
serbske,6843
při,6767
lěće,6613
sydlišćo,6319
słownik,6208
lěta,6173
jako,6131
žórła,6131
tež,5423
jan,4971
město,4858
bě,4827
we,4778
wobydlerjow,4717
rěče,4435
němski,4428
wotkaz,4290
leži,4279
rostlina,4134
swójby,4119
rostliny,3983
rostlinow,3898
und,3897
jurij,3780
kilometrow,3442
mjena,3413
ke,3395
abo,3209
verlag,3193
berlin,3186
politikar,3164
nóžki,3142
němske,3135
němsko,3107
isbn,3098
filip,3089
rozšěrjenje,3051
hornjołužiskeje,3030
praha,2956
stejnišćo,2922
rězak,2873
mjez,2847
wšowědny,2834
donnerhak,2834
šule,2827
us,2800
centrum,2798
systemje,2768
lajnert,2755
přirodnym,2748
volk,2748
wissen,2745
rjadowane,2745
české,2744
academia,2744
editor,2742
rostlinske,2741
rěčny,2732
hlavní,2730
volkseigener,2730
klíč,2730
łaćanske,2729
kubát,2729
květeně,2728
republiky,2722
wudaće,2720
cd,2706
brankačk,2701
mjenow,2700
witaj,2694
rom,2686
rostlinskich,2671
literatura,2670
hornjoserbskich,2667
wobrazowy,2657
přez,2654
tysac,2522
wužiwanje,2514
prawa,2465
bu,2444
měšćanske,2408
prěnje,2393
kaž,2391
wopis,2383
strona,2350
wotkazy,2339
wotkazaj,2224
łužicy,2206
farar,2187
wjes,2166
ameriski,2142
spisowaćel,2116
naspomnjenje,2090
cm,2056
mjeno,2039
kotrež,2028
wokrjesu,1952
da,1951
łopjena,1903
naturführer,1893
kćenja,1868
kotraž,1813
gmejna,1804
załožiło,1773
was,1749
kosmos,1748
blüht,1722
denn,1714
aichele,1710
golte,1710
bechtle,1710
wón,1688
zo,1686
lětstotk,1654
wučer,1648
kotryž,1645
oblasći,1645
města,1636
jenož,1635
pod,1635
słuša,1589
rodź,1577
jeho,1549
eksterne,1547
prěni,1470
žórło,1458
stawizny,1457
hišće,1440
ruskeje,1390
pak,1364
dźělu,1352
webstrony,1351
de,1339
dźěl,1330
meje,1320
wo,1313
oficielne,1285
der,1268
muž,1267
junija,1263
juhu,1245
dołhosć,1244
wosoba,1240
europje,1239
toho,1219
němska,1214
wokrjes,1207
blütenpflanzen,1205
měješe,1204
serbskeho,1194
gmejny,1188
tak,1176
spohn,1163
awgusta,1155
mitteleuropas,1151
hižo,1149
km,1146
wildwachsende,1144
pola,1139
komponist,1139
apryla,1134
basnik,1123
januara,1123
wona,1114
ale,1114
ród,1114
sewjeru,1112
běše,1108
prezident,1106
prócowar,1099
čłon,1097
sydło,1096
oktobra,1064
serbska,1061
awtor,1060
družiny,1060
septembra,1057
lětstotka,1056
nad,1052
decembra,1051
wobsahuje,1048
nimo,1043
wuchodźe,1043
zapadźe,1042
julija,1034
syn,1031
hornjej,1029
serbow,1029
to,1029
raz,1023
sejma,1019
wysokosć,1011
lětach,994
rěč,994
wsy,992
gmejnje,969
ruskej,966
rěce,956
měrca,955
zwjetša,935
von,921
rěka,921
stat,919
dźiwadźelnik,908
tym,907
geografija,901
nowembra,901
załožene,895
mm,891
serbskim,890
serbskeje,885
nadeńdźe,885
stolica,881
februara,877
rosće,877
kćěje,870
hranicy,866
wokoło,864
docpěwaja,862
hlej,850
zemr,846
sakskej,844
docpěwa,843
najwjetše,840
the,835
běchu,831
narodniny,824
lětstotku,820
městačko,810
wopisanje,800
př,793
für,789
lět,785
płody,784
wumrěće,783
maja,782
tuž,780
dnja,774
wone,774
budyskim,772
spěwar,767
kulturny,766
čas,764
lěto,760
němsce,758
hudźbnik,757
podawki,757
in,755
sćěhowace,755
kiž,745
blisko,729
jeje,728
serbskich,717
steja,713
britiski,706
dalše,698
hdźež,698
budyšinje,694
zarjadniske,691
str,691
nimale,690
strony,684
dla,683
krajneho,683
katolski,682
tam,678
kral,677
die,676
južnje,672
arnošt,664
sewjernje,659
wjace,658
historiske,651
dźensa,650
ewangelski,650
němskej,645
němskeje,642
europskim,641
wobsteji,639
pochadźa,637
južnej,631
statistice,629
francoski,627
sakskeho,626
łopješka,622
dźeń,620
ameriska,620
rěči,619
rumje,618
wokrjesa,613
rozšěrjena,610
tych,607
wjele,605
nakład,603
słušeše,602
wuchodnje,598
cdu,591
kopar,589
dósta,588
druhim,588
pflanzenführer,583
wobydlerjemi,580
wójnje,577
sydlenskim,576
kraja,574
ii,572
srjedźnej,570
stej,569
stawiznar,569
dźiwadźelnica,569
tři,560
pawoł,559
jich,558
of,554
pjeć,554
federaciji,553
spěwarka,551
powiat,546
wjeska,542
unterwegs,541
schauer,540
jara,539
caspari,539
pozdźišo,533
słušeja,529
michał,529
moler,528
něhdyša,527
družina,527
naspomni,520
serb,518
sewjernej,518
kónca,517
zapadnje,517
brjoze,516
boku,515
wobydlerstwa,514
wobydlerstwo,513
wosebje,513
docpěja,512
potom,510
metrow,506
susodne,506
šěrokosć,504
webstrona,503
před,503
zwjazkoweho,500
federacije,500
mjeztym,499
cyłkownje,497
jakub,495
někotre,494
přikład,493
pólskej,493
předsyda,489
sakska,488
štom,488
awstriski,487
cyrkej,485
hładźinu,484
mórskej,481
sewjerozapadnje,481
pódy,481
załoži,479
delnjej,479
ruski,479
naspomniło,476
łaćonsce,475
jedyn,473
hakle,470
štyri,469
juhowuchodnje,469
republiki,467
wulki,466
hora,465
družinow,465
sta,464
rěčow,463
docpěje,462
zapósłanc,461
narodny,458
wjeski,457
jězor,456
zjednoćenych,456
wójny,455
někotrych,455
morja,455
warszawa,451
budyšina,449
zwjazk,447
přełožowar,447
duchowny,446
čěski,442
předewšěm,441
mjenom,440
čimž,440
wosadźe,439
často,439
ležownostne,439
zhorjelc,436
pólskeje,432
serbsce,426
kraj,425
dnjow,424
druhe,423
domowiny,423
najprjedy,423
sewjerowuchodźe,421
mukowej,421
wulka,419
italski,417
wojewódstwje,416
juhowuchodźe,415
dokelž,414
ukrainje,414
nich,412
domowina,412
sewjerowuchodnje,412
dny,406
sewjerozapadźe,405
sprjewja,403
minister,402
swójba,401
steji,400
kupa,400
zdobom,399
polskiego,399
politikarka,399
režiser,399
var,398
królestwa,396
rozpušćenje,396
jedna,395
spd,395
zwjazka,394
rěki,393
podźěl,392
družinami,392
juhozapadźe,391
noty,391
braniborskej,390
swjate,390
čěskej,389
juhozapadnje,389
über,388
narodźi,388
swoje,387
johann,387
kromje,386
protyki,386
aziji,386
kerk,386
wužiwa,385
zwjazkowy,385
druhej,383
wokrjesej,381
studowaše,381
africe,381
ludowe,379
skupina,377
tute,375
skupiny,375
myta,375
přestupnych,375
znowa,374
dwě,373
mjezuje,373
běłe,372
awgust,371
prjedy,370
gregorianiskeje,369
kotrychž,368
maćicy,368
filmowy,368
ludowy,367
swětowej,366
wulke,365
swójbne,365
spisowaćelka,365
městno,364
morju,364
słódke,364
jana,362
republice,362
wostawa,362
towarstwa,361
des,361
tu,360
myto,360
wjedźe,358
njeje,358
ludźi,357
šěsć,357
hrajer,357
wosady,356
europy,356
sakski,355
dźěle,355
namaka,355
aziskim,354
wosobiny,353
rězna,352
nysa,351
publicist,351
słódkich,350
trawy,348
poaceae,347
swojeje,346
budyski,345
trawow,345
hromadźe,344
zelo,343
sydom,342
spisaćel,341
delnjoserbski,340
lěsach,340
by,338
słowa,336
ministerski,334
přećiwo,333
dróha,333
korla,333
cyrkwje,332
serbskej,332
razej,331
dźensniše,330
lipsku,330
subsp,329
wobrazy,328
černik,328
dale,327
stołpik,326
běhu,325
kupy,325
skutkowaše,324
statny,324
łužica,322
móže,322
nowa,321
dweju,321
statow,321
sakskeje,319
dwaj,318
tehdy,318
john,317
bjez,315
resp,314
najwjetši,314
oblasć,314
carex,314
zaso,313
leža,312
bäume,311
prěnjemu,310
knjejstwo,309
wšědna,309
ex,309
běži,308
wólbach,308
sträucher,308
nowe,306
samostatna,306
sewjernym,306
botanica,306
slědowace,304
třoch,302
buchu,302
njesu,302
pólski,301
karl,301
zapadnej,301
dźesać,300
ameriki,300
trajne,300
pflanzenporträts,300
zwěsći,299
das,298
arnošta,298
žona,297
měsće,296
kotrejž,296
wjesne,296
dźěći,295
hory,293
swětoweje,293
lisćina,292
wustupuje,290
kosmate,290
znutřka,289
dołhe,288
hornjeje,286
žiwjenje,286
dźěłaše,286
druheje,285
wobwoda,285
oficielna,284
geograficzny,283
někak,283
praze,282
lnd,280
płaći,278
błóta,278
rěčespytnik,277
wuchodnej,276
dźěla,276
redaktor,276
americe,276
druhich,274
budyskeho,274
samym,274
wólbnemu,273
stronje,273
robert,273
preferuje,273
zwjazkowa,271
ruska,271
žurnalist,271
róžowych,271
njedaloko,270
twori,269
tutym,266
zdźěla,266
běła,265
dźensnišeho,265
regionje,265
čěskeje,263
friedrich,263
nakładnistwo,260
hornjołužiska,260
swójbje,260
systematika,260
nimi,259
handrij,259
mikławš,258
štož,256
wobchad,256
republika,256
němskeho,256
wuchodnym,255
prěnja,254
wšě,254
slědowacych,254
muske,254
měrćin,253
wilhelm,253
hornje,253
něm,253
žórłach,253
magnolia,253
husto,252
płód,252
mały,251
měšćanski,250
jězora,250
nošer,249
dospołnje,248
ernst,248
mějachu,247
šwicarski,247
bautzen,246
samsnym,245
gmejnow,245
kotrymž,244
romsko,243
ndr,242
towarstwo,242
nowy,242
maćicar,242
al,242
krajny,241
la,241
et,240
času,240
iii,240
čara,239
ukrainy,239
cyłej,238
milionow,238
swěće,238
tutón,237
króna,237
stata,237
mała,237
štomy,237
bamž,236
pětr,236
dwěmaj,236
unije,235
paul,235
horiny,232
wody,232
wulkoměsto,232
sowjetski,232
wulkosć,231
němc,229
hłowne,229
serbsko,229
peter,229
filozof,229
přestrjeń,228
stołpiki,228
rajona,228
horinach,227
njese,227
šuli,226
křižnokwětne,226
dołho,225
knihow,225
rosaceae,225
wědomostnik,224
křižnokwětnych,224
oficialna,223
ewangelscy,223
politika,222
rady,222
južneje,222
hrajerka,222
hans,221
wysoka,221
galium,221
kulturne,220
jemu,220
bjedrich,220
jejkojte,220
tohodla,219
tuta,219
być,219
sewjerneje,219
łukach,219
druhi,218
kromach,218
runje,217
zelene,217
dom,216
kóncu,216
drježdźany,216
delnim,216
jurist,215
přisłušeja,215
uniwersiće,215
stolicy,214
francoska,214
wopytowaše,214
wšědny,214
łužiskich,213
morjo,213
horin,213
załožer,213
prawym,213
swojeho,212
swoju,212
hudźbny,210
nic,210
městnje,209
cyrkwi,209
sakskim,209
dr,208
přeco,208
dźewjeć,208
general,208
łušćinowcow,208
wšěch,207
podobna,207
najwjetša,207
lancetojte,207
teologa,207
šulu,206
němcow,206
gitarist,206
časa,205
serbja,205
im,205
dróze,204
nasta,204
jedne,204
woleny,204
šołta,204
hornim,203
gymnazij,203
pomnik,202
wósom,202
seminara,202
hałuzy,202
wjacore,201
zapadnym,201
muki,201
krónowe,201
christian,200
noweho,200
zhorjelskim,200
južnym,200
hdyž,199
forma,199
słowo,199
marja,198
władysław,198
wosada,198
radwor,198
salix,198
srjedźišćo,197
alfabet,196
pismik,196
drježdźanach,196
dźěło,196
wosobow,196
suchich,196
oficialne,195
samo,195
nan,195
producent,195
kulturneho,194
formje,194
martin,194
teritorij,193
woda,193
formy,193
wuliwa,193
swj,192
stareho,191
georg,191
prěnjej,191
pomniki,190
wurjekowanje,190
starobje,189
knježerstwa,189
sejmje,189
čěska,188
hród,188
pólska,188
lěkar,187
michael,187
dźěła,187
nobeloweho,187
ewangelsko,186
filmowa,186
kupje,186
prezidenta,185
přińdźe,185
podswójby,185
kćenjowe,185
fyzikar,185
nawoda,184
posledni,184
cyž,184
potajkim,184
wjesny,184
wužiwaja,183
hłownje,183
hranicu,183
małe,182
naslědnik,182
sowjetskeho,182
jeli,182
rody,182
ribes,182
hornja,181
kito,181
wulkeho,181
lipsk,181
žołte,181
twórby,180
dirigent,180
roda,180
stołpikate,180
łopješkow,180
prunus,180
wubědźowar,180
pomjenowanje,179
nětko,179
ćišinskeho,179
józef,179
ludowědnik,179
žónske,179
tomu,178
pólsce,178
tutej,178
europskeje,178
new,178
gmejnski,178
kupow,178
hłosow,177
lutherski,177
george,177
čo,176
berlinje,176
rada,176
němskich,176
pflanzen,176
sulimierski,175
walewski,175
předmjeno,175
oblasće,175
mjezy,174
and,174
wjacorych,173
krótko,173
južna,173
bydli,173
tribus,173
tutoho,172
srjedź,172
serbskorěčny,172
pomnikow,172
ryćerkubło,172
walter,172
wob,171
wysokosći,171
čerwjene,171
wsow,170
sej,170
britiska,170
brasicaceae,170
biskop,169
lěwicy,169
choćebuz,169
sewjerna,169
profesor,169
mjenje,169
pomnika,169
pochada,168
literarny,168
předewzaćel,168
demokratiskeje,167
smjerće,167
eksistuja,167
domiznowědnik,167
mortwa,167
jendźelski,167
oceana,167
japanski,167
mimosa,167
pianist,167
stare,166
nowak,166
dołhi,166
fdp,166
slědźer,166
historiskej,166
symjencowych,166
zwjazkowemu,165
pedagoga,165
iv,165
běły,165
carl,165
mjenuje,164
zemrě,164
jendźelsce,164
francoskeje,164
lěwym,164
fabaceae,164
sobu,163
serbsku,163
přewažnje,163
wobydlerjo,163
wulkich,163
radšo,163
kraju,162
teritoriju,162
štyrjoch,162
heinrich,162
cachorowe,162
katolskeje,161
dotal,161
swój,161
hudźbna,161
woznamjenja,161
potentilla,161
diskografija,161
wjerba,161
měšćanskeho,160
narodow,159
wólby,159
rěčach,159
sydlišća,159
dołha,159
kanadiski,159
městow,158
tworja,158
porno,158
teologiju,158
sam,158
francoskej,158
sakskemu,157
doby,157
kejžor,157
sobuzałožer,157
eksistuje,157
hórka,157
kazachstanje,157
prowincy,157
katolskich,156
william,156
dubrawa,156
dc,156
trawnikach,156
załoženje,155
najwyši,155
maria,155
tróšku,155
druhdy,155
rockowy,155
thomas,155
cyperaceae,155
železniska,154
połojcy,154
hornjołužiskich,154
znaty,154
zur,153
richard,153
čornym,153
caryophyllaceae,153
nalikowych,153
lětomaj,152
prěnjeje,152
šwedski,152
nalikowe,152
swojej,151
znate,151
morjom,151
ličba,151
rědko,151
japanska,151
ludwig,151
čłonom,151
china,151
otto,151
porstnik,151
kotrehož,150
steješe,150
křesćan,150
html,150
moskwy,150
kerki,150
spódku,150
ju,149
znajmjeńša,149
awstriska,149
lěsnych,149
jazzowy,149
časopis,148
hibanja,148
helmut,148
kniha,148
dźělom,148
park,148
zubate,148
bot,148
hranica,147
ja,147
zelenych,147
scrophulariaceae,147
asteroid,147
smoler,146
ist,146
přewza,146
mócnarstwa,146
region,146
škitane,146
nižozemski,146
uniwersita,145
poda,145
lěću,145
cyrkwinska,145
čarje,145
einjährige,145
mehrjährige,145
biografija,145
trudownikowych,145
lubij,144
kónc,144
radworju,144
wuńdźe,144
druha,144
srjedźneje,144
delnja,143
němskim,143
čorna,143
bjezposrědnje,143
nabožinski,143
dramatikar,143
david,143
družinu,143
maćica,142
spisow,142
njewotwisny,142
wukonješe,142
nakładnik,142
nobelowe,142
knihi,141
časopisa,141
słowiańskich,141
blumen,141
spočatk,140
čerwjena,140
ludoweje,140
hola,140
šula,140
wozjewi,140
žiwjenja,140
innych,140
krajów,140
jednym,140
system,140
keluch,140
dźělow,139
hendrich,139
pomocu,139
kurt,139
rudolf,139
nowej,139
august,139
uniwersity,139
herman,139
słowje,139
architekt,139
gu,139
acer,139
rozraz,139
woběmaj,138
serbšćiny,138
wažne,138
fararja,138
völkel,138
hodźij,138
ruma,138
oceanje,138
azije,138
jednolětna,138
čłonka,138
josef,137
prěnjeho,137
wjetšina,137
njejsu,137
braniborskim,137
for,137
dwanaće,137
matematikar,137
trenar,137
zhromadnje,136
tule,136
swojim,136
bohuwěr,136
baltiskim,136
srjedźišću,136
owalne,136
wutkate,136
prawy,136
jurja,135
regiona,135
běłoruskej,135
wodźe,135
jamy,135
sewjer,135
gmejnske,135
róžowe,135
frakcije,135
zjednoćene,134
franc,134
matej,134
informacije,134
oficielnje,134
saksko,134
swěta,134
literatury,134
spisy,134
awtorka,134
wuda,133
den,133
wšak,133
dwójce,133
móžeja,133
quercus,133
łódźskim,133
manihot,133
kandidat,132
johannes,132
wićaz,132
www,132
twar,132
kónčinach,132
nowiny,132
wjesce,132
joseph,132
hornjołužiskeho,132
židowska,131
krajnym,131
bóle,131
sylnje,131
franz,131
wobsteja,131
španiski,131
veronica,131
čorny,130
instituta,130
moskwa,130
wudawaćel,130
róžojte,130
funkcionar,130
hesłom,130
měšćansko,130
lětstotki,129
zwjazkoweje,129
wosrjedź,129
prezidentom,129
grafikar,129
wjednik,129
tuteje,129
małke,129
narodneho,128
wokolinje,128
staw,128
jenički,128
rěčnik,128
pólskim,128
sekcija,128
ewangelskich,127
stara,127
beno,127
prěnim,127
železniskej,127
dnjemi,127
přestrjeni,127
přitok,127
spočatku,126
horje,126
směra,126
kulturnych,126
maslenkowe,126
lamiaceae,126
přeměr,126
swjóba,126
słušachu,125
italska,125
serbach,125
knježi,125
rozšěrjene,125
klima,125
nabožinskich,125
wobsahuja,125
wuznamny,125
uralskich,125
van,125
cycawkowych,125
rězbar,125
colchicum,125
twarjenje,124
ein,124
zu,124
an,124
malešecy,124
jednoho,124
kotrejež,124
smjerći,124
noweje,124
přećiwostejne,124
předkraju,124
cardamine,124
najskerje,123
wotpowěduje,123
połkupje,123
litawskej,123
kralestwa,123
čorneho,123
zarjada,123
nahe,123
albert,123
šišmanc,123
stronki,122
leipzig,122
spěchowar,122
studij,122
krajow,122
webstronje,122
rěčka,122
amerika,122
maslenkowych,122
ranunculaceae,122
symjenja,122
lěsna,122
dźećel,122
rudne,122
andreas,122
zwjazkowej,121
předsydu,121
słownikar,121
wokrjesy,121
atlantiskim,121
prawiznik,121
max,121
drježdźan,120
bart,120
ludowa,120
dróhi,120
wuměłc,120
hermann,120
čłonski,120
swjateho,120
rodźeny,120
maslenka,120
chowanc,120
zakitowar,120
sprjewi,119
wutwori,119
hat,119
wobě,119
městom,119
malus,119
nawka,118
rěčnikow,118
halštrow,118
čisło,118
wodu,118
najwyša,118
wuchodne,118
druhdźe,118
band,118
rostok,118
coffea,118
institut,117
bychu,117
narěč,117
li,117
najwyše,117
statna,117
zrunane,117
wužórli,117
spermatophyta,117
dźiwadło,116
lud,116
napřećo,116
delnjeje,116
chrósćicach,116
pućach,116
diplomat,116
anton,116
geschichte,116
srjedźnym,116
łaćonskeho,116
choćebuza,116
teritorija,116
městnach,116
arcybiskop,116
suche,116
čerwjeny,116
kwětnistwo,116
sa,116
adolf,116
prawo,115
nim,115
słowjanske,115
wobsteješe,115
městu,115
literaturu,115
mjezynarodnje,115
srjedźneho,115
podswójba,115
keluškowe,115
vulgaris,115
benth,115
wjela,114
stejišćo,114
wojerecy,114
młodych,114
horjeka,114
katolskeho,114
biologie,114
kěrlušer,114
kotruž,113
krala,113
čary,113
direktor,113
wopyta,113
zwjazkowym,113
gerhard,113
jean,113
stary,113
afriki,113
alfred,113
krim,113
japonica,113
geograficznym,113
hodźi,112
tutych,112
rěčachu,112
krawc,112
róža,112
st,112
njeswačidło,112
kćenjow,112
wapnite,112
plants,112
dornica,112
pl,111
wróćo,111
měšćanosta,111
mit,111
polu,111
mjenowany,111
dypk,111
kukow,111
składnostny,111
roman,111
staty,111
wobwodźe,111
ranunculus,111
kamjenc,110
wšelakich,110
mało,110
wuběrk,110
słowjanskich,110
braniborskeje,110
sobustaw,110
mać,110
komorow,110
jewja,110
cycawkowe,110
sydrik,110
lepidium,110
festuca,110
namakaja,109
nawodom,109
statach,109
kosmaty,109
ludowej,108
basnje,108
sydlenskeho,108
prěnjotnje,108
doł,108
cyrkwinski,108
puću,108
delnje,108
běłoruskeje,108
kilometry,108
wolfgang,108
křesćansko,108
slawist,107
słowow,107
wuznamne,107
swojich,107
wuwiće,107
wědomosćow,107
južny,107
žane,107
wysoki,107
zeleny,107
wučerka,107
mórskim,107
charles,107
alpach,107
bd,107
zničiła,107
wuchodna,106
woni,106
hornjoserbsko,106
nima,106
dalšich,106
wuchod,106
rozšěrjeny,106
parlamenta,106
lisćinu,106
lexikon,106
meyers,106
steinbachs,106
frank,106
kićach,106
baum,106
woženjeny,106
kardinal,106
ćeče,106
pawoła,105
domu,105
sekretar,105
nysy,105
prědarskeho,105
nbsp,105
zhubi,105
kabinet,105
sakske,105
horni,105
zemje,105
hórski,105
chr,105
žołty,105
kosmata,105
huska,105
přirjaduje,105
biała,105
premier,105
moderator,105
dobruša,105
wolze,105
chemikar,105
bjarnat,104
rjad,104
oder,104
wjeršk,104
srjedźna,104
koch,104
online,104
zwonka,104
web,104
jama,104
šěroko,104
kulojte,104
ćmowozelene,104
šěrach,104
lěsny,104
rubus,104
alchemilla,104
james,104
choćebuski,104
argentinski,104
přisłuša,103
film,103
wokrjesom,103
starodawna,103
druhimi,103
rěku,103
wužiwać,103
kapłan,103
dołhich,103
pančicy,103
formu,103
załožena,103
erich,103
kongo,103
boiss,103
sprjewje,103
alpska,103
holocaust,103
hačrunjež,102
kubłanje,102
hrodźišćo,102
žur,102
werby,102
auflage,102
wjesna,102
chinskej,102
synonymy,102
bänden,102
taschenlexikon,102
alba,102
błyšćace,102
phlomis,102
podroda,102
hórkowc,102
inženjer,102
wyši,101
nowym,101
kantor,101
wud,101
krajach,101
http,101
atd,101
režija,101
com,101
přistawom,101
orchidejowych,101
orchidejowe,101
bruno,101
rěznow,101
viola,101
madźarski,101
am,100
wójska,100
łobja,100
knježerstwo,100
wustupuja,100
sejm,100
šwica,100
cyłeje,100
łopjenow,100
orchidaceae,100
kerčinach,100
ratar,100
móst,99
hłowny,99
wojerec,99
nadeńdu,99
rum,99
wšitke,99
rěčna,99
fryco,99
pruskej,99
słuži,99
dobje,99
honach,99
brazilska,99
sorta,99
vaccinium,99
přestupne,99
wědomostne,98
skutkowanje,98
serbstwa,98
welcher,98
poprawom,98
małeho,98
ćernjowc,98
zapadna,98
łaz,98
wóspork,98
aus,97
muka,97
přećel,97
fararjom,97
vi,97
najbóle,97
wyše,97
kancler,97
litawskeje,97
swětłych,97
naliči,97
krajnu,97
meridian,97
natwari,96
tohorunja,96
wěža,96
hodźa,96
domizna,96
juhowuchodnej,96
domjacy,96
bydlachu,96
městna,96
chinska,96
dwórnišćo,96
alfabeće,96
digitalizat,96
campanula,96
trudownikowe,96
syćina,96
norwegski,96
wjedźeše,95
derje,95
započa,95
kotřiž,95
spožči,95
zastupi,95
herbert,95
měrje,95
jamu,95
puć,95
kupowy,95
brjohach,95
róžka,95
fritillaria,95
benedikt,94
wulkej,94
berlina,94
sed,94
hłowna,94
dem,94
kralestwo,94
najwjetšich,94
wšelake,94
rěčnych,94
pisomnje,94
łušćinowcy,94
plantaginaceae,94
spektrum,94
józefów,94
juncus,94
pomnikoškit,94
ludnosće,93
přełožk,93
alfabeta,93
wuměnk,93
jeničke,93
krótke,93
lětow,93
nowinar,93
sibirskej,93
stolicu,93
plahuje,93
heinz,93
wólbnym,92
wjetše,92
eine,92
jenička,92
wosta,92
samej,92
wójna,92
pochowany,92
rěčeše,92
kulow,92
wuwiwaše,92
daloko,92
arabšćina,92
ruske,92
dole,92
rysowar,92
bydleše,91
žołta,91
nowin,91
stawiznow,91
pětra,91
němcy,91
krótka,91
syć,91
kubšicy,91
akademischer,91
awstralski,91
euonymus,91
srjedźowěku,90
něhdyši,90
haty,90
wobraz,90
horst,90
přesydli,90
org,90
łobjo,90
deutschland,90
jednej,90
wuznam,90
wjetšinu,90
chrósćicy,90
čorne,90
zahrodna,90
hamor,90
rolach,90
wunamakar,90
wozjewjenja,90
mlóčeń,90
astronom,90
powiata,90
donjeckej,90
br,89
kraje,89
horu,89
łužiskeje,89
přikłady,89
ruskeho,89
jeničkej,89
ležeše,89
pobrjoze,89
muzej,89
mišter,89
zapřijeće,89
officinalis,89
putnikowych,89
gossypium,89
fijałka,89
wjertnych,89
něhdy,88
katolscy,88
manfred,88
pódla,88
njebě,88
žiwe,88
rozhledźe,88
italskeje,88
twarjenja,88
wokale,88
plural,88
rosa,88
wuchodneje,88
połkupy,88
wjesnjanosta,88
woka,88
dźiwadła,87
rozdźělne,87
wjesnych,87
cyły,87
starym,87
natwarjena,87
seminar,87
susodnej,87
klóšter,87
ludospyt,87
regionach,87
ludličenju,87
atlantiskeho,87
domowinski,87
geranium,87
pjerite,87
rodami,87
gymnazialny,87
jednaće,87
rawska,87
diospyros,87
ministerka,87
maršal,87
pišćeler,87
dóńdźe,86
króć,86
awtodróha,86
ludoweho,86
choćebuzu,86
handrik,86
dźensnišeje,86
pismowstwa,86
połoženje,86
dyrbješe,86
stuttgart,86
swójske,86
dalšej,86
měsac,86
kóždy,86
wědomosć,86
element,86
bahnowa,86
hórska,86
basnjerka,86
rodow,86
direktny,86
rigi,86
wokrjesne,85
prěnich,85
hospodarski,85
pisaše,85
znata,85
ferdinand,85
italskej,85
dźěćo,85
daniel,85
knjeza,85
sydlišćow,85
pobrjóh,85
zjednoćeneho,85
sewjerneho,85
bukecy,85
rěčki,85
album,85
danski,85
dubja,85
lipska,84
poměrnje,84
kultury,84
hudźba,84
fischer,84
měšćanska,84
ludowym,84
ani,84
julius,84
cyłym,84
europska,84
narodneje,84
jakuba,84
rusojo,84
połkupa,84
jendźelska,84
letiskeje,84
rozporach,84
gmejnskeho,84
próškowe,84
michail,84
clethra,84
wojerowski,84
kalawski,84
kěrchowje,83
status,83
ludowych,83
brězan,83
kónčiny,83
mil,83
knjejstwa,83
rakecy,83
henry,83
wysokosćach,83
braška,83
pyskawa,83
cachorowowych,83
kabineće,83
euphorbia,83
rupik,83
groß,82
heidelberg,82
badensko,82
domje,82
wotmě,82
wojewódstwa,82
jenč,82
andricki,82
mak,82
flora,82
michała,82
zahaji,82
tekst,82
něhdyšeho,82
prawdźepodobnje,82
rjadownje,82
ty,82
srjedźne,82
šwicarska,82
narodźeny,82
sewjerny,82
dźiwja,82
domjaca,82
wotměje,82
wotkry,82
jahody,82
saxifraga,82
arisaema,82
chinski,82
generalny,82
twarski,81
ewangelskeje,81
wylem,81
rozdźělnych,81
nazymje,81
serbšćinje,81
nowu,81
york,81
rusce,81
on,81
wotwodźene,81
němčinje,81
žiwy,81
rozdźěl,81
šwedska,81
typa,81
kwadratnych,81
kónčki,81
włóžne,81
ocimum,81
wladimir,81
łužicu,80
marko,80
grodk,80
hraješe,80
božidar,80
buk,80
europskeho,80
třomi,80
nimaja,80
sorty,80
starej,80
dietrich,80
klein,80
družinje,80
synonym,80
theodor,80
stawiznach,79
bamža,79
cyła,79
wažny,79
sebi,79
móža,79
lětami,79
čech,79
wysokej,79
rychtar,79
zemi,79
gramatika,79
hłowa,79
rólu,79
sewjerorynsko,79
burskeho,79
mjeńšina,79
wulkeje,79
moskwje,79
přistaw,79
łopjenami,79
słabje,79
alpski,79
młode,79
klaus,79
cachorowych,79
kralowna,79
fotograf,79
belgiski,79
ca,78
wjetši,78
lehrbuch,78
wutworja,78
politiska,78
zwisku,78
niska,78
wola,78
sto,78
wumrě,78
měšćanskim,78
serbiskej,78
milionami,78
španiskej,78
hospodarske,78
wužiwaše,78
sebastian,78
indiski,78
blv,78
sedźace,78
alpina,78
wopor,78
nacionalsocializma,78
renč,78
rewolucionar,78
rózborski,78
luhanskej,78
třeći,77
dźělej,77
spěšnje,77
krótki,77
krajina,77
janom,77
alfons,77
makedonskej,77
sachsen,77
kretschmer,77
stronow,77
přiwza,77
wobwod,77
poł,77
windows,77
móžno,77
pismo,77
najwažniše,77
zhorjelcu,77
juh,77
kamjenca,77
japanskeje,77
ralbicy,77
mayer,77
stejnišćach,77
bohuchwał,77
podród,77
achillea,77
silene,77
wojewódstwo,77
dróstnica,77
šulski,76
jordan,76
te,76
kontrolu,76
wučerja,76
hórskich,76
mecklenburgsko,76
deleka,76
přerěznej,76
zapósłanča,76
włóžnych,76
zahrodach,76
cyrkwinsce,76
same,76
anna,76
brazilski,76
lochkoatletka,76
galiciskej,76
vom,75
wulkim,75
tón,75
jón,75
pólskeho,75
wašnje,75
pdf,75
małej,75
mjeńše,75
unesco,75
boršć,75
lektor,75
róžant,75
philipp,75
gustav,75
orobanchaceae,75
live,75
pusta,75
historiski,74
mišno,74
zastupjer,74
jeničce,74
pisa,74
serbscy,74
pismiki,74
chorwatska,74
ćěsla,74
du,74
ličby,74
zakładźe,74
rěčne,74
nowych,74
el,74
nana,74
pólsko,74
aa,74
wusko,74
joachim,74
skora,74
kulturna,74
američan,74
wuzwoleny,73
łužiskej,73
sorbische,73
auf,73
rakusko,73
aleksander,73
bóh,73
najčasćišo,73
gmejnu,73
hamburg,73
šewc,73
wjesnym,73
žiwych,73
sorbus,73
bratr,73
měnjate,73
zastojnstwo,73
potamogeton,73
irski,73
měrowe,73
spěwotwórc,73
mjenowane,72
alexander,72
něhdyšeje,72
kóžde,72
čěsce,72
wjesneho,72
budestecy,72
republiku,72
słužby,72
mišnjanskeho,72
zmysle,72
zapad,72
schadźowanka,72
nastupi,72
jasnje,72
lěs,72
warianty,72
baltiskeho,72
xi,72
cz,72
wutrobojte,72
delni,72
brune,72
předsydka,72
nawróće,72
hook,72
simon,72
hubinka,72
orobanche,72
pierre,72
wuzwoli,71
wulku,71
kulturu,71
zwisk,71
dźensnišej,71
podobne,71
ulrich,71
budar,71
sama,71
pochad,71
warianta,71
kóncowku,71
narěče,71
gymnaziju,71
münchen,71
kćenje,71
systema,71
studiju,71
don,71
estiskeje,71
moldawskeje,71
zły,71
mill,71
willd,71
un,71
samuel,71
zapisk,71
kobołk,71
wódna,71
njeznaty,71
połoženja,70
diakon,70
žórle,70
spisa,70
braniborska,70
wobłuku,70
kamjeń,70
bayerskej,70
di,70
funkciju,70
skerje,70
podłu,70
rěčam,70
hospodarstwo,70
woznam,70
singular,70
indiskej,70
indiska,70
kanal,70
krajej,70
hwězda,70
zdalene,70
centruma,70
łuka,70
georgiskeje,70
csu,70
botanikar,70
hubinkowych,70
ministerskeho,70
kostrjawa,70
ys,70
uzbekistana,70
partnerske,69
prěnju,69
dźowka,69
hłownej,69
šěroke,69
lorenc,69
zdónk,69
ota,69
sprache,69
wuchoda,69
langa,69
nutřkokrajny,69
južneho,69
biskopstwa,69
madźarskej,69
nižozemska,69
wuwzaća,69
halštrowje,69
žurnalistka,69
wosobinow,69
swójsku,69
viii,69
xii,69
rěkow,69
šěroki,69
sedźa,69
palustris,69
pólny,69
gołkojce,69
ullstein,69
pflanzenwelt,69
rjada,69
pakićach,69
allium,69
wuběrka,69
magister,69
kolesowar,69
ewangelska,68
zniči,68
přewróće,68
metoda,68
symbol,68
horach,68
zawod,68
eduard,68
budyskej,68
zeleni,68
wědomostnym,68
serbšćina,68
softwara,68
kajkosće,68
rumunskej,68
słušatej,68
ewangelskej,68
database,68
lutea,68
bestimmungsbuch,68
hubka,68
dołhej,68
hibiscus,68
wonkowny,68
wójwoda,68
tamarix,68
delnjołužiska,68
komikar,68
zhorjelca,67
zum,67
připóznate,67
móc,67
zwjazkowe,67
wornar,67
natwarichu,67
wersija,67
němsku,67
awstriskej,67
wódra,67
złoži,67
skupinje,67
njej,67
mandźelskeje,67
xiii,67
ležacy,67
wótre,67
lisćowych,67
překupc,67
słónčnych,67
putnikowe,67
malva,67
arvensis,67
moderatorka,67
actinidia,67
bad,67
basnica,67
google,67
bluesowy,67
footballowy,67
glockenblume,67
dereneczna,67
mjenowana,66
pódlanske,66
europa,66
dyrbi,66
nedo,66
jednu,66
statnik,66
mócnarstwo,66
spěw,66
chětro,66
karla,66
studija,66
běłohród,66
gustaw,66
ta,66
knjejstwom,66
stajnje,66
bliskosći,66
wosebite,66
zběrka,66
katolska,66
lětopis,66
hole,66
lyrikar,66
politiski,66
awstralska,66
zwjazuje,66
louis,66
zaliwa,66
wišnja,66
rehder,66
uzbekistanje,66
mi,66
bazowe,66
zrunany,66
rěčce,66
čornicy,66
cucumis,66
hornjołužiskim,66
slědowaceju,66
primulaceae,66
werner,66
cerastium,66
salsola,66
pólšicowych,66
wjerbinka,66
bromus,66
xv,66
rapper,66
datum,66
hornjołužiskej,66
hrjebjach,65
organizacija,65
zarjad,65
skupinu,65
jedneje,65
historiska,65
rudnych,65
hdys,65
nato,65
ukrainu,65
rozeznawaja,65
rozeznawa,65
słowakska,65
konsonanty,65
hry,65
medicinu,65
pokaza,65
molerka,65
adam,65
jo,65
finski,65
dźělenje,65
španiskeje,65
hamtska,65
słowakski,65
direktnje,65
azerbajdźana,65
meji,65
kulowate,65
drjowk,65
ryćerkubła,65
łučna,65
krajna,65
kamjenicy,65
ficus,65
podolskej,65
kišinjowa,65
en,64
židow,64
twjerdźizna,64
železniskeje,64
zakład,64
zakoń,64
drjewo,64
lochko,64
wučerjom,64
wysokich,64
dźěłaćer,64
křižan,64
organizator,64
wjesnej,64
žadyn,64
grjekskeho,64
ocean,64
sad,64
schmidt,64
dołhosću,64
cyłokromne,64
marijina,64
trifolium,64
kremer,64
stachys,64
sp,64
wšelakokłóskatych,64
sedum,64
mj,63
wojerecach,63
jednotliwe,63
smolerja,63
njeho,63
student,63
stronach,63
dialekt,63
železnicy,63
nowinach,63
komunistiski,63
marije,63
městačka,63
mozilla,63
zwjazane,63
stefan,63
čehoždla,63
mandźelska,63
milionowe,63
edward,63
merkel,63
žony,63
wono,63
wysoke,63
schleswigsko,63
madźarskeje,63
kamjenski,63
kubło,63
pusćiny,63
šwedskeje,63
njebjelčicy,63
stołpikowe,63
spódnje,63
naha,63
poddružiny,63
łučinowych,63
swětlik,63
schwegler,63
ziergehölze,63
lipa,63
bis,63
serbiski,63
chenopodiaceae,63
mydleško,63
fyziku,63
ženjeny,63
delnjoserbsce,62
politiske,62
staće,62
europskich,62
wuske,62
literarne,62
drje,62
narodne,62
doniž,62
pomjenowane,62
chorwatskej,62
dalši,62
ministerskim,62
lědma,62
zymje,62
přiwuzna,62
geografiske,62
werb,62
wopismje,62
kupach,62
rock,62
klemens,62
wobeju,62
metrami,62
najwjetšej,62
poćahuje,62
šef,62
juhozapadnej,62
indiskeje,62
zapadny,62
centaurea,62
wokrjesneho,62
bruna,62
chójnowych,62
pólšica,62
chenopodium,62
rajon,62
lochkoatlet,62
bakuwa,62
towarstwow,61
wědomosće,61
njewotwisnosć,61
leben,61
bok,61
studentow,61
napisa,61
swjedźeń,61
iris,61
swjaty,61
farske,61
słowakskej,61
wuchodny,61
módra,61
přisłušachu,61
sem,61
https,61
mnoholičbne,61
wuliwje,61
madźarska,61
azija,61
zapadneje,61
čłowjek,61
großer,61
čerstwe,61
pódach,61
płoninach,61
aktiwny,61
vicia,61
gray,61
wurostki,61
wokrjesnym,61
exkursionsflora,61
lee,61
fl,61
wenzel,61
lisćinje,61
kropačkowych,61
stapelia,61
pólšicowe,61
epilobium,61
lipnica,61
kabaretist,61
sl,60
měšćanskej,60
procentow,60
góra,60
narodna,60
pruskeje,60
załožichu,60
pokazuje,60
kak,60
teksty,60
xiv,60
wuběr,60
makedonska,60
zejlerja,60
čestny,60
słužeše,60
kamjenica,60
kónčinje,60
spočatka,60
třeće,60
gymnazija,60
hłuboko,60
nutřkowne,60
nekrolog,60
marie,60
krajinje,60
hrjehor,60
jena,60
jendźelskeje,60
moldawskej,60
usda,60
pastwach,60
kosmy,60
rězane,60
čěskeho,60
ewangelsku,60
grjekski,60
černý,60
brassicaceae,60
brassica,60
poa,60
brunicowu,60
arthur,60
nošerjo,60
šćežka,59
doba,59
skónči,59
nawjedowaše,59
wobydlerstwje,59
kilian,59
něšto,59
marka,59
wobdźěli,59
tutu,59
durinskej,59
kónčina,59
hewak,59
komorowa,59
hórki,59
jězorje,59
ix,59
najebać,59
dołhosće,59
paris,59
wučerski,59
armenskeje,59
barta,59
christoph,59
linealne,59
pěskowa,59
minor,59
póda,59
oficěr,59
mučnica,59
tropiska,59
gentiana,59
wijawka,59
no,59
chemiju,59
es,58
prahi,58
sydłom,58
zapisane,58
program,58
wšitcy,58
gerat,58
móžeše,58
afd,58
towaršnosće,58
tuchwilu,58
firefox,58
dźensniši,58
słowach,58
powědančka,58
španiska,58
rumunskeje,58
swójski,58
uniwersitne,58
wobsydstwje,58
małym,58
galerija,58
müller,58
zastojnstwje,58
kawkazu,58
spěwydźěłar,58
starši,58
wódny,58
małki,58
słowjenski,58
rusko,58
basist,58
medicinar,58
załožby,57
muzeja,57
deutsche,57
rozhlad,57
krajnej,57
spočatnje,57
rěčnica,57
kongresu,57
lubina,57
man,57
serbiskeje,57
němčiny,57
ben,57
dučman,57
młynk,57
čěskim,57
kónčin,57
swobodny,57
kejžora,57
wiki,57
language,57
přir,57
pad,57
čěskich,57
bjezwokrjesne,57
hornjoserbsce,57
srjedźnych,57
sewjerje,57
rěčemi,57
serbšćinu,57
handrija,57
sprjewiny,57
čms,57
danskeje,57
irskeje,57
docpě,57
najwažniša,57
oceanom,57
kawkaza,57
portugalskeje,57
kóčka,57
ukrainski,57
turkmenistana,57
karabach,57
přitočnišćo,57
łopjenowych,57
zahrodny,57
wjacelětna,57
skłoninach,57
eliptiske,57
klon,57
mapa,57
nigra,57
wučenc,57
hrodu,57
delnjošleskim,57
bělenk,57
syćel,57
kijewa,57
poslednje,56
łužiske,56
kotremuž,56
přimjeno,56
nastanje,56
twarske,56
budyska,56
zakonja,56
městopředsyda,56
tajke,56
ch,56
wětošow,56
pomjenowany,56
žiwnosćerja,56
zdoby,56
spěwy,56
plan,56
firmy,56
młodźiny,56
sym,56
le,56
bayerskeje,56
změna,56
pochadźeja,56
vii,56
armenskej,56
stronu,56
mjetel,56
šěrozelene,56
rólny,56
měšnik,56
přełoži,56
superintendent,56
adonis,56
lěpjenk,56
fritz,56
hamta,56
kamenice,56
titul,55
hórnik,55
kulturnym,55
bukecach,55
skupinow,55
čłonow,55
załoženja,55
wójsko,55
powšitkownje,55
pol,55
krajneje,55
swobodneho,55
klóštra,55
nastawki,55
matthias,55
hana,55
wobaj,55
žiwjenju,55
danska,55
holanska,55
skrótka,55
zastanišćo,55
traje,55
zapadne,55
bóšicy,55
šěroka,55
afrika,55
turkowski,55
sap,55
seidel,55
at,55
šěra,55
zelena,55
wjesku,55
wosadna,55
pioněr,55
micki,55
ekonom,55
wysokošulski,55
benjamin,55
wolena,55
webstronach,55
sorbischen,55
čěskosłowakski,55
krušwica,55
luzula,55
šewčik,55
jewi,54
hamtsce,54
radworja,54
tamnym,54
serbskemu,54
runinje,54
bogumił,54
cyłeho,54
zarjaduje,54
najwažniši,54
malink,54
dźe,54
instituće,54
wobrazarnja,54
antifašist,54
se,54
bože,54
čěske,54
pomjenowana,54
brunicoweje,54
busch,54
telewizny,54
časopisu,54
mocy,54
najstarše,54
nahórski,54
slědowaše,54
pustych,54
halštrowa,54
hustych,54
łučny,54
rubra,54
landkreis,54
rodźe,54
sibirska,54
jürgen,54
škit,54
politiku,54
petunia,54
drjowka,54
předsydstwa,53
woli,53
tola,53
widźeć,53
ženje,53
cyle,53
dobry,53
spisowneje,53
směr,53
jednotliwych,53
porjad,53
will,53
knihu,53
wudwór,53
azerbajdźanje,53
stareje,53
dispoziciji,53
awtonomna,53
krajiny,53
sm,53
ratarstwo,53
maćizny,53
módre,53
zrałe,53
skalnych,53
rodej,53
hatow,53
kulowc,53
němskemu,53
přirodospytnik,53
zarjadnistwo,53
hable,53
domaška,53
maritima,53
premierminister,53
kwětnistwa,53
biosferowy,53
pomhaj,53
włóžna,53
wjerbowych,53
hubinkowe,53
euphrasia,53
tom,53
josé,53
onagraceae,53
komponistka,53
opus,53
wólbneho,53
stawizniske,52
pasmo,52
my,52
sächsische,52
tworješe,52
přeńdźe,52
sudnik,52
łobju,52
stanisław,52
dele,52
seminarje,52
susodnych,52
započatk,52
romskeho,52
rozpřestrěwa,52
złeho,52
serbskimi,52
był,52
wersije,52
wotemrěta,52
woheń,52
lěsa,52
započina,52
njeswačidle,52
składnostnje,52
ruskich,52
japanskej,52
norwegska,52
lubija,52
powšitkowne,52
eisenreich,52
dźiwi,52
ryby,52
zwisach,52
čumpatych,52
rezerwat,52
hybrida,52
londonje,52
rubiaceae,52
bull,52
you,52
figlar,52
sergej,52
lenčk,52
salicaceae,52
donjecka,52
bubonar,52
běštej,51
wjelkow,51
dołholětny,51
porynsko,51
hudźbnica,51
rewolucije,51
cyrila,51
hudźby,51
wěsty,51
słowjanski,51
rěča,51
załoženy,51
starych,51
turkowskeje,51
běłeje,51
sorabist,51
najstarši,51
anhaltskej,51
lěwica,51
francosce,51
dolinje,51
usa,51
sotra,51
zakładna,51
phil,51
płone,51
world,51
artikl,51
přirunaj,51
nalěću,51
saint,51
europski,51
mikławša,51
rozdźělenje,51
bokomaj,51
letiskej,51
jendźelšćina,51
wóslink,51
kokla,51
harald,51
ćichim,51
najwjetšim,51
kap,51
awtorow,51
łužiskeho,51
ležace,51
prědku,51
kowar,51
přehlad,51
běmar,51
bahnowy,51
ćopłych,51
zwěrjata,51
pisana,51
leo,51
stejace,51
barbjenje,51
knježe,51
budyskeje,51
sparganium,51
maśicy,51
čerwjenkowych,51
čerwjenkowe,51
smith,51
kropačkowe,51
boris,51
syćinowe,51
juncaceae,51
wjerbowe,51
oblast,51
mjertyn,51
michel,51
ústecký,51
krajne,50
wuměłcow,50
słowjenjo,50
chcyše,50
zaběra,50
swójbu,50
kěrchow,50
ludźo,50
jadro,50
pobrjoha,50
skalny,50
woznamjeni,50
čechow,50
relatiwnje,50
swětodaloko,50
ličbu,50
přirodny,50
čěskosłowakskeje,50
běłeho,50
kóncowka,50
pjech,50
haag,50
eds,50
wójnski,50
maxim,50
kanadiska,50
chorwatski,50
worklecy,50
hlinjane,50
stołpikach,50
ralbicach,50
halštrowska,50
wusčanskeho,50
płodowe,50
měšćanskeje,50
rothmaler,50
awstriskeje,50
chilski,50
mus,50
abelia,50
androsace,50
magdeburgske,50
łoboda,50
rěpnicowe,50
rěpnicowych,50
janów,50
požnjenca,50
nalětnika,50
starofilologa,50
android,50
juha,49
rěkaše,49
nacionalsocialistow,49
centralnej,49
jendźelskej,49
ćežko,49
slepom,49
poslednja,49
šleska,49
frencel,49
grojlich,49
projekt,49
protyce,49
san,49
měrnych,49
jednory,49
cyłe,49
sobudźěłaćer,49
spisowaćelow,49
akademije,49
grodka,49
syna,49
započnje,49
sewjerozapadnej,49
pomocny,49
brazilskej,49
lena,49
swobodne,49
narěči,49
žiwa,49
che,49
europske,49
london,49
georgiskej,49
wuchodneho,49
rus,49
sylvestris,49
raf,49
awtora,49
pućowych,49
zwěrjatow,49
porchow,49
módrozelene,49
plantago,49
biolib,49
rose,49
wudawar,49
rólna,49
co,49
zemicy,49
tumicy,49
wienskim,49
antonio,49
caprifoliaceae,49
njepřipóznateje,49
křižomnik,49
nalika,49
dianthus,49
erodium,49
syćinowych,49
škleńčica,49
jekaterinburga,49
mjetar,49
koordinaty,49
jerjewana,49
wuchodnych,48
najstaršich,48
wójnu,48
połojca,48
dźensniša,48
skala,48
unija,48
łužiski,48
bołharska,48
sorabistiku,48
hłownym,48
wliw,48
złoty,48
jězorom,48
zemja,48
měć,48
sy,48
sibirskeje,48
dźělach,48
rozswětler,48
najwažnišich,48
washington,48
diktator,48
esperanto,48
zaliw,48
hłownych,48
słowjanskeje,48
makowych,48
maxi,48
kompaß,48
kłóski,48
kolumbiska,48
njebjelčicach,48
lejno,48
corylus,48
lilija,48
misionar,48
skrótšenka,48
prědar,48
bydliło,48
nižinje,48
kozylist,48
los,48
kali,48
kopańce,48
měrćink,48
děčínskemu,48
tbilisija,48
rajonje,48
reformacije,47
měšćanskich,47
nastachu,47
sowjetskim,47
rjadowanje,47
młyn,47
wobsydlene,47
doma,47
lipšćanskej,47
hanka,47
pólske,47
winowca,47
wjacekróć,47
just,47
padow,47
wokal,47
wokalow,47
frankobrod,47
nu,47
statneje,47
kał,47
sewjerowuchodnej,47
slepo,47
neustadt,47
dobu,47
estiskej,47
alojs,47
aprylu,47
tallinna,47
šleskim,47
wuměłstwa,47
vietnam,47
najmjeńši,47
čłowjeka,47
orientalis,47
barcelona,47
karakum,47
hrsg,47
juniju,47
čerwjenojte,47
papaveraceae,47
grin,47
pihawka,47
žiwjenski,47
docpěć,47
nažołć,47
kónčkojte,47
křiž,47
něhdyšim,47
lubijski,47
kamjentny,47
ćopłe,47
botanik,47
kłosy,47
eva,47
kleine,47
iwan,47
thunbergia,47
alnus,47
konrad,47
nulowy,47
husowka,47
carica,47
oenothera,47
portugalski,47
žnjenca,47
israelski,47
eo,46
marje,46
poslednich,46
awgusće,46
narodnych,46
wučerjow,46
někotři,46
deutsch,46
dieter,46
kubašec,46
malczyce,46
teologije,46
wokolina,46
chorwatskeje,46
mjezynarodna,46
wujězd,46
słónca,46
konsonant,46
rěčneho,46
ha,46
najwjace,46
móžne,46
zady,46
tajki,46
wsach,46
biblije,46
něhdyšich,46
přirodnu,46
nom,46
chinskeje,46
niger,46
pruski,46
ssp,46
njewotwisnosće,46
pyšny,46
future,46
montana,46
płotach,46
dlěše,46
parkach,46
wonja,46
hochschulen,46
lindl,46
parisu,46
lětanišćo,46
andrickeho,46
zastojnstwa,46
romje,46
grandiflora,46
wzajomnosće,46
kozylistowych,46
přirjadowany,46
armenski,46
rěpnica,46
přełožowarka,46
prezidentka,46
zběraćel,46
wotbagrowana,46
grodkowski,46
wólbny,46
nazymnika,46
swjerdlowskej,46
it,45
žitawa,45
słowjanskeho,45
samsneho,45
oktobrje,45
zwjazkej,45
serbstwo,45
nazymske,45
zhromadźizna,45
reprezentuje,45
wosoby,45
mark,45
spěwow,45
nawróći,45
dialekty,45
pismikow,45
serbiska,45
hnydom,45
basnjow,45
mato,45
malinkowa,45
juhosłowjanskeje,45
słowakskeje,45
hórce,45
skónčnje,45
klóšterskej,45
wóski,45
rozdźělene,45
rěčneje,45
del,45
ukraina,45
jednota,45
teolog,45
einer,45
zaběraše,45
pronomeny,45
wučinja,45
roger,45
wien,45
šotiskeje,45
norwegskeje,45
hra,45
wobjimuje,45
hłubokosć,45
nahi,45
kćenjowych,45
złota,45
awtodróhi,45
wokoliny,45
wjedźetej,45
kwětnistwach,45
pupki,45
krónowych,45
spermatophytina,45
družinomaj,45
coronilla,45
mólička,45
spjateho,45
koalicije,45
civitates,45
amelanchier,45
pluwizny,45
rubia,45
lonicera,45
režiserka,45
sommer,45
wojerske,45
hospodarsku,45
manager,45
juhoruskej,45
biskopa,44
websydło,44
organizacije,44
zhromadne,44
ludowu,44
kultura,44
wěste,44
gottfried,44
oberlausitz,44
sewjera,44
łaćonski,44
korle,44
maćij,44
lwowa,44
mjedwjedź,44
normalnej,44
mjenowaše,44
předstaji,44
mjenuja,44
padźe,44
wopušći,44
juhosłowjanski,44
kemše,44
pokazuja,44
druheho,44
substantiw,44
bur,44
młody,44
irska,44
dalša,44
dźěćacych,44
maksimalnje,44
sylne,44
wojerski,44
posoła,44
europu,44
nižiny,44
wjerch,44
joe,44
dagestan,44
kokorč,44
hrube,44
přikrywne,44
dwulětna,44
kisałe,44
korjeń,44
čumpate,44
andrej,44
stow,44
karel,44
cycawka,44
nošne,44
asparagaceae,44
kapałka,44
worklecach,44
drjebiznowych,44
repens,44
digitalis,44
king,44
amaryllidaceae,44
chójna,44
kulojty,44
bob,44
arenaria,44
historikar,44
pius,44
knjez,44
wěže,44
cyrkwju,44
žonow,44
wučerskim,44
wuměłča,44
nutřkowneho,44
hugo,44
best,44
model,44
wětošowa,44
euphorbiaceae,44
stawač,44
kritikar,44
mandat,44
rudnohórskim,44
áppiu,44
zdźer,44
róžownika,44
worowo,44
motorski,44
jej,43
hudźbu,43
wobsydstwa,43
wšěm,43
zahe,43
nicht,43
archiwje,43
leopold,43
schneider,43
hornjoserbskeje,43
hodźiju,43
chór,43
prawidłownje,43
jězory,43
turkowska,43
rumunska,43
politiskich,43
si,43
wikipedija,43
hodźijskej,43
płonych,43
finska,43
hodownika,43
ćicheho,43
grjekskej,43
hornich,43
šefredaktor,43
casnika,43
zemskeho,43
wobstatk,43
awtonomnym,43
miliony,43
běłym,43
andré,43
wjazońca,43
mišnjanskim,43
měrćina,43
powostanki,43
haspelmath,43
commonwealth,43
wotwodźuje,43
zapadneho,43
šleskej,43
pruska,43
purpurea,43
mexiski,43
cil,43
statnej,43
zwjazany,43
sydlerjow,43
domjace,43
módry,43
papaver,43
małko,43
winicach,43
wujězdźe,43
sativus,43
promjenjach,43
dub,43
fraxinus,43
tilia,43
bance,43
boraginaceae,43
harry,43
durinskeje,43
sagittaria,43
françois,43
chinensis,43
gentianella,43
oleracea,43
zebnica,43
wojowar,43
sewjerosakskim,43
hieracium,43
countryjowy,43
hrodźe,42
wólbow,42
štwórte,42
połobskich,42
mjenowanych,42
typiske,42
serbowki,42
juro,42
row,42
frido,42
wuchadźa,42
hinc,42
hańža,42
krajom,42
małeje,42
pěsnjow,42
wužiwachu,42
štyrjomi,42
přestrjenju,42
zrěčenje,42
španisce,42
powěsće,42
přisłušeše,42
pasma,42
bórze,42
januarje,42
as,42
genitiw,42
werbow,42
substantiwy,42
liča,42
litawska,42
me,42
chodźachu,42
nalětni,42
sylny,42
zjednoćenje,42
wužiwane,42
nowgorod,42
pućow,42
přeliw,42
history,42
konferency,42
dźělene,42
kg,42
neu,42
městomaj,42
tymjenjach,42
hróšik,42
lathyrus,42
nakai,42
bitwy,42
šlěz,42
wonjaty,42
tropiskej,42
inkl,42
korzym,42
muler,42
wozjewješe,42
strasburger,42
lubušskim,42
malešecach,42
ponich,42
mazowskim,42
wučbnicow,42
giovanni,42
suchi,42
šěrokosće,42
gentianaceae,42
škitlik,42
mary,42
jakob,42
hypericum,42
actaea,42
mlóčenjowe,42
mlóčenjowych,42
epipactis,42
amaranthaceae,42
wows,42
smjelzyna,42
pražnika,42
datowej,42
lwówskej,42
kępy,42
wjedu,41
žitawy,41
wotrězk,41
bibliografija,41
čož,41
ludu,41
šulach,41
krawcec,41
nocy,41
spěwa,41
ich,41
juliju,41
ličbje,41
synow,41
čorneje,41
bosniskej,41
meja,41
kubaš,41
grjekska,41
makedonskeje,41
přikładźe,41
nulu,41
titulom,41
budźe,41
wěsteho,41
přistupi,41
jězorow,41
delnjoserbskeje,41
sewjernych,41
milion,41
kyrilisce,41
mohanom,41
česká,41
dosć,41
maćeršćinu,41
kupi,41
hałuzow,41
languages,41
šwicarskej,41
romski,41
argentinska,41
kaspiskeho,41
skandinawiskej,41
gmejnska,41
hali,41
ležaca,41
rumunski,41
płodow,41
city,41
franca,41
wuměłstwo,41
mój,41
dołhojte,41
stołpiku,41
zelišćowa,41
měšanych,41
južnoafriski,41
kulojta,41
legenda,41
wěriwi,41
radźićel,41
montanum,41
linné,41
amarylisowych,41
putnik,41
sinensis,41
horow,41
połobske,41
dźiwadłowy,41
filozofiju,41
andrea,41
herc,41
pratensis,41
hórkowcowe,41
archeologa,41
dandy,41
atriplex,41
beta,41
šćěrjenc,41
amaranthus,41
geograf,41
jacques,41
třicećilětnej,40
něhdyše,40
lausitzer,40
šwjela,40
kulowje,40
wjednistwom,40
jědnaće,40
baršć,40
pódu,40
mětšk,40
köln,40
južnych,40
nagel,40
hornjoserbšćiny,40
jim,40
přičin,40
stać,40
europskej,40
mjezynarodny,40
łužiska,40
francoskeho,40
adjektiwy,40
syći,40
awtodróze,40
předpomorskej,40
wódru,40
wudate,40
dwór,40
podawa,40
mjenujcy,40
woblubowany,40
podskupina,40
kralestwje,40
woronjež,40
hamtskich,40
njeswačanskej,40
pančicach,40
kilometer,40
kralom,40
lausitz,40
nižozemskeje,40
ed,40
pseudonym,40
jacob,40
awstraliji,40
dnju,40
koloniju,40
corydalis,40
palma,40
is,40
zwěrjo,40
wjelcej,40
hromakowych,40
płódnik,40
wjeskow,40
neuen,40
zwjazana,40
stejacych,40
hansowe,40
ten,40
dźěsći,40
šěrachow,40
pohrjebnišćo,40
reinmuth,40
hrodźišću,40
kozync,40
brit,40
industrije,40
liliaceae,40
hórkowcowych,40
redaktorka,40
aquilegia,40
gymnadenia,40
saxifragaceae,40
pfalcy,40
sejmej,40
heat,40
měr,39
budyšinom,39
zwiski,39
natwar,39
statneho,39
samostatne,39
słowjanow,39
biskopicy,39
hornjoserbski,39
mnohich,39
kola,39
hanzo,39
přetož,39
list,39
martina,39
rozsudźi,39
dyrbjachu,39
woblubowane,39
podpěru,39
naležnosće,39
wuznamna,39
jendźelšćinu,39
klóšterskeje,39
šulskeho,39
kromu,39
krótkich,39
prezens,39
małych,39
wubrane,39
makedonski,39
frankfurt,39
zaměr,39
hłowneho,39
ti,39
turkowskej,39
mjezynarodne,39
vysočina,39
błótach,39
młodźina,39
brěza,39
kralowny,39
jednotka,39
faluje,39
wuwzaćom,39
rostow,39
gmejnskej,39
bank,39
kolonija,39
all,39
kurwjerch,39
narodnym,39
sawdi,39
kirgiskeje,39
periodźe,39
hojenska,39
insektow,39
wioletne,39
meinhof,39
zdaću,39
vol,39
jack,39
pakić,39
rjeda,39
połsta,39
předměsto,39
sativum,39
wódrakowych,39
mey,39
bunge,39
madagaskarje,39
deutschen,39
wodźiznach,39
ludmila,39
połčnicy,39
bjedricha,39
broniš,39
betula,39
buddleja,39
fagus,39
mjetlička,39
beck,39
watson,39
long,39
prezidentowych,39
marija,39
arabis,39
fort,39
tv,39
rupikowe,39
calamagrostis,39
zepěranišćo,39
wuměłstwowy,39
blues,39
byrgarskim,38
regia,38
mnoho,38
železniske,38
hraje,38
proces,38
sokoł,38
zejler,38
socialne,38
luda,38
nowina,38
zakładny,38
jahre,38
wikowanske,38
rumej,38
slěduje,38
liči,38
dźiwadle,38
kocor,38
wučerskeho,38
hajna,38
znamješka,38
wulkoměsta,38
chorhoj,38
małostronski,38
pjenjezy,38
třeća,38
hornjoserbske,38
from,38
natwarjeny,38
archive,38
krótkim,38
holu,38
płaća,38
kóncowki,38
karta,38
wotrosće,38
měrcu,38
knjejstwu,38
dohlad,38
kóždym,38
mio,38
wobsydleny,38
markus,38
stadt,38
wučini,38
indiskim,38
wodźizna,38
južne,38
komory,38
dnjepra,38
hendricha,38
siegfried,38
intermedia,38
dźělemi,38
texas,38
dwusplažne,38
powjerch,38
šulstwa,38
zrosćene,38
smjerdźaca,38
skałach,38
lam,38
zymske,38
kwětnistwje,38
hładka,38
sćeńka,38
blume,38
wall,38
hrodom,38
dołhojće,38
jědźne,38
krótše,38
wokołkach,38
wěžu,38
radworskej,38
kamjenej,38
črijki,38
günter,38
ononis,38
kutno,38
holan,38
januškowc,38
love,38
žerchej,38
bernhard,38
noot,38
consolida,38
syzygium,38
rupikowych,38
günther,38
gary,38
georges,38
měto,38
rěčicy,38
zněmčene,38
jutrownika,38
smažnika,38
karlo,38
ivan,38
twarjenjow,37
radźe,37
neue,37
dohromady,37
scyła,37
wupraji,37
žiwi,37
najwažnišej,37
karol,37
pismika,37
wrócławju,37
přełožki,37
maks,37
emanuel,37
mjeń,37
garten,37
němčina,37
wojak,37
dźěłaćerjow,37
zajaty,37
lětnik,37
stawa,37
budyske,37
jednore,37
powjerchu,37
graf,37
přinoški,37
internet,37
wotrowje,37
towarstwowy,37
akuzatiw,37
kropačk,37
sprjewju,37
swět,37
mužakow,37
nastawk,37
institute,37
zažnym,37
zajimawostki,37
sady,37
awtonomny,37
il,37
zjednoćenym,37
nižny,37
swětoweho,37
dołhim,37
wobsah,37
mongolske,37
statom,37
wokolnych,37
zhromadźenstwo,37
rostu,37
wutworjenje,37
domestica,37
pumila,37
funkcije,37
university,37
kroma,37
scholze,37
mokre,37
nutřkownym,37
nach,37
rozhałuzowany,37
łopjeno,37
marx,37
hwězdy,37
wosobowy,37
swětło,37
lisćo,37
bläuling,37
hrabja,37
kubica,37
přełožer,37
tomentosa,37
armeje,37
alwin,37
wjelkowje,37
gottlob,37
muchownik,37
noslicy,37
sochaczew,37
agave,37
kew,37
rhamnus,37
bras,37
primula,37
piwo,37
jiří,37
govaerts,37
rockowa,37
johnson,37
hwězdnik,37
minuartia,37
pěskowčiny,37
pyr,37
wjechelca,37
agrostis,37
iridaceae,37
populus,37
crassulaceae,37
weide,37
dnjeprje,37
dźowku,37
francis,37
předmjena,37
děčín,37
industrialnik,37
kęs,37
gabriel,37
luhanska,37
awstrisko,37
vilniusa,37
naslědnika,36
šleskeje,36
załožba,36
něhdyšej,36
křižowanišćo,36
wukubłanje,36
kunst,36
sorben,36
šulerjow,36
dóstanje,36
běštaj,36
změny,36
župan,36
łužyca,36
skoro,36
rěčespyt,36
rěču,36
johanna,36
naposledk,36
baseń,36
budestecach,36
wjelan,36
cyril,36
law,36
historisce,36
woženi,36
basnika,36
choćebuskeho,36
wšelakorych,36
katolskej,36
přińdźechu,36
horami,36
wědomostny,36
jadranskim,36
delnjoserbska,36
namakachu,36
wjeršku,36
nas,36
material,36
brunicy,36
polo,36
nadregionalnje,36
italsce,36
national,36
přistup,36
grafikarka,36
katolskim,36
septembrje,36
swětowemu,36
herbstwu,36
sydlišćowej,36
zwjazkowych,36
petr,36
lěsu,36
banki,36
dać,36
sćěhuje,36
zažna,36
jendźelšćiny,36
finskeje,36
wuslědki,36
puća,36
kubler,36
łazu,36
ludnosć,36
herbstwa,36
gineja,36
minska,36
communis,36
peru,36
rio,36
blěda,36
mutličkach,36
próšniki,36
sewjernu,36
swobodna,36
fararjow,36
kilometraj,36
serbskorěčnych,36
stołp,36
pinus,36
šlězowych,36
dresden,36
nakładnistwje,36
skalna,36
błótow,36
westfalskej,36
tamnišeho,36
jednotki,36
wysokeje,36
sonja,36
čerwjeno,36
indica,36
zarjadnistwa,36
sativa,36
bukečanskej,36
christine,36
calliandra,36
agric,36
schröder,36
běh,36
jones,36
aktiwist,36
stellaria,36
temperaturami,36
citrus,36
škleńčicowe,36
tučnołopjenakowe,36
pona,36
łanowc,36
wurězk,36
kulturnik,36
pedagog,36
šěca,36
dubrawka,36
modłeji,36
hamilton,36
rjenč,36
pławna,36
wučbu,35
dóstachu,35
měra,35
přewjedźe,35
najstarša,35
reformu,35
demokratiskej,35
fararjo,35
zapada,35
tej,35
zběrki,35
veb,35
trójce,35
wobsydlena,35
hornjoserbšćinje,35
belgiska,35
bosniskeje,35
prosty,35
tilich,35
wustawje,35
škitom,35
chrystusa,35
wěnowaše,35
nadawk,35
podobnje,35
chrósćic,35
ob,35
přirodne,35
substantiwow,35
pop,35
dźensnišim,35
bohate,35
daty,35
starše,35
sewjerne,35
kyriliskim,35
projekta,35
doła,35
sachalin,35
słona,35
parlament,35
pomału,35
wudawaše,35
južnoserbski,35
mórski,35
knize,35
parka,35
połdra,35
schweiz,35
statnu,35
štwórty,35
fleming,35
lubnjow,35
cyłu,35
argentinskej,35
arabska,35
amudarja,35
kim,35
njeměješe,35
kruha,35
běłej,35
huste,35
małowapnite,35
tupe,35
mokrych,35
njerodźowych,35
river,35
one,35
hornjoserbskim,35
sokoła,35
wonjace,35
korjenje,35
přitoku,35
złotožołte,35
nasypach,35
wosom,35
chójnowe,35
wjazońcy,35
hadam,35
glabra,35
łuhojtych,35
krótkobiografija,35
subtribus,35
bitwje,35
moderneho,35
konstantin,35
vogel,35
rozhałuzowane,35
józefa,35
towaršnosć,35
literatur,35
ruskim,35
dobyćerka,35
draba,35
len,35
rafflesia,35
šćěrjencowych,35
teoretikar,35
škleńčicowych,35
wšowica,35
pedicularis,35
tučnołopjenakowych,35
skakar,35
páta,35
fašizma,35
syringa,35
chris,35
dnjestr,35
dnipropetrowskej,35
popowa,35
děčína,35
frakcija,35
leningradskej,35
eu,34
dnjach,34
hrodźišća,34
wendischen,34
zajimy,34
katolske,34
čěskosłowakskej,34
wotnožki,34
hłowneje,34
čole,34
dyrlich,34
war,34
wójnow,34
prawopis,34
saha,34
respektiwnje,34
słužbje,34
bosniska,34
wotrjada,34
wolf,34
socialistiskeje,34
hamtskej,34
wozrodźenja,34
centimetrow,34
čechach,34
dobre,34
srjedźišćom,34
swjeći,34
předmjet,34
princ,34
stopnjow,34
byrnjež,34
stilu,34
čornej,34
welt,34
kuba,34
hdy,34
zapadnych,34
dunaja,34
wróći,34
subjekt,34
nuk,34
přechod,34
literaturje,34
nawukny,34
dwaceći,34
demokratiska,34
dobyćer,34
staršej,34
ng,34
jaseńca,34
gmejnskich,34
najstaršim,34
ryćerkubłu,34
swětowa,34
krajinowy,34
hammarström,34
forkel,34
são,34
iranske,34
pisma,34
ryna,34
hemisferje,34
zaliwje,34
borneo,34
njewotwisnosći,34
jěsć,34
susodnym,34
mjeńšiny,34
němskorěčny,34
bibliotece,34
pódźe,34
makowe,34
alpinum,34
orchis,34
bazy,34
spěchowanske,34
poddružina,34
wódry,34
hrubje,34
wotrězki,34
kukowje,34
nawsowc,34
geraniaceae,34
bahnach,34
kamjentne,34
wariěruje,34
berg,34
ulmer,34
pěskowy,34
wyšej,34
františek,34
mrózak,34
aconitum,34
anne,34
prawnistwo,34
wobsadźene,34
dopisowaše,34
delnjoserbskeho,34
lilijowych,34
wisata,34
syst,34
dipsacus,34
fijałkowych,34
violaceae,34
fijałkowe,34
polemonium,34
kapralc,34
brown,34
ssr,34
asclepias,34
thymelaea,34
thalictrum,34
pahórčinje,34
freistaates,34
zastojnik,34
hyoscyamus,34
powědar,34
wolgi,34
winnycja,34
njepřipóznatej,34
socialdemokratiskeje,34
dźěsćow,34
naslědnikom,34
zjawnosći,33
via,33
wuchadźišćo,33
rozšěrjenja,33
wrota,33
programy,33
domizny,33
prawow,33
wirth,33
wučba,33
dźěławosć,33
feliks,33
wězo,33
zeit,33
wjelećin,33
profesora,33
słowjenska,33
chórowy,33
abraham,33
jěwa,33
meškank,33
angela,33
praji,33
waršawa,33
hodźija,33
parlamenće,33
ludow,33
sobustawojo,33
wopisuje,33
załoženju,33
dźěłowy,33
wotrow,33
chróšćanskej,33
formow,33
zakładnej,33
wužiwany,33
šuler,33
tekstow,33
dokładnje,33
jabłučina,33
jeju,33
slědźenje,33
wobsedźi,33
dźěwin,33
buštej,33
finskej,33
nencow,33
staršich,33
maćerje,33
ministerstwa,33
městam,33
wustupi,33
přerězna,33
mórska,33
with,33
kupu,33
połkuli,33
kaliningradskej,33
litawski,33
mount,33
najdlěši,33
mexiko,33
mjaso,33
hibanju,33
ekwatora,33
see,33
australis,33
wonjeja,33
lamium,33
štyrihranity,33
rostlinu,33
rostlinach,33
pućnych,33
elementy,33
běžeše,33
zahonach,33
hančka,33
šenkar,33
rené,33
pyskowničkowych,33
pyskowničkowe,33
pyšna,33
pjećličbne,33
druhemu,33
wopak,33
čaru,33
major,33
žałzy,33
nazeleń,33
pubescens,33
albrecht,33
kandidatka,33
promowowany,33
zamołwity,33
prawicarski,33
wopušćić,33
viscum,33
württembergskeje,33
sykora,33
poswjeći,33
chemiski,33
lilijowe,33
lo,33
scabiosa,33
słónco,33
česnička,33
music,33
tour,33
barbara,33
christopher,33
kubanski,33
žiwotnik,33
kormjenka,33
myšonc,33
dźiwizna,33
pochadźace,33
zastupowacy,33
toki,33
dobudźe,33
poršicach,33
innocenc,33
pěsnjer,33
gw,33
žiwnosćer,33
separatistiskej,33
divis,33
kulturdenkmale,33
płaćeše,32
hasy,32
bazuje,32
dróhow,32
nakładnistwa,32
kulturnej,32
ansambl,32
była,32
słodeńk,32
kamjencu,32
móžnosć,32
lubin,32
srjedźišća,32
zasłužby,32
institucija,32
kmjenow,32
pjera,32
mann,32
als,32
nam,32
łužiskim,32
wšelakore,32
pjaty,32
juhosłowjanska,32
wosadu,32
zakónčenju,32
trudla,32
srjedźowěka,32
balkanskej,32
burow,32
nastaće,32
knježeše,32
krajnych,32
tachantstwa,32
cyrkwinskim,32
wuslědk,32
załožiła,32
komunistiskeje,32
center,32
třěcha,32
wobhladowak,32
xhtml,32
indoeuropskich,32
wobchadnej,32
ličbniki,32
sufiks,32
milionaj,32
byrgarske,32
připóznateho,32
antologija,32
přistajeny,32
angažowaše,32
starobu,32
wotwisuje,32
honow,32
hornjo,32
slědźenja,32
slawistiku,32
zdaleny,32
pisać,32
přeběži,32
přestrjenje,32
statami,32
wustawa,32
regionow,32
wobłuk,32
ničo,32
faktisce,32
zawrě,32
festiwal,32
centralny,32
městach,32
juhowuchodnym,32
id,32
amtěrowacy,32
centralneje,32
statej,32
philip,32
regel,32
yunnan,32
bei,32
press,32
temperatura,32
kaspiskim,32
yn,32
krabat,32
egyptowskeje,32
bantuskich,32
gramatiki,32
kćěwa,32
łopjenowe,32
anemone,32
verna,32
boliwiska,32
media,32
janšojce,32
lisćowe,32
dioica,32
pěskowych,32
wutkatych,32
non,32
roth,32
zucc,32
kamjentnych,32
zažneje,32
jeničkim,32
nutt,32
kónčk,32
satureja,32
linaria,32
württembergskej,32
nsdap,32
truskalca,32
deutscher,32
ćeńka,32
hamtej,32
rachlow,32
filmowc,32
hadźicy,32
syćawka,32
agapanthus,32
uniwersitny,32
šupizny,32
ukrainska,32
žerchwica,32
truki,32
juan,32
wilson,32
palmowe,32
pucherjak,32
utricularia,32
npd,32
elytrigia,32
day,32
jězoru,32
juglans,32
kwětanecy,32
formule,32
carthamus,32
chmelnyckyj,32
derenek,32
gżack,32
abchaziskeje,32
černiwci,32
pomnikowej,32
vinohradech,32
be,31
župy,31
měry,31
stanje,31
chěžka,31
historiskich,31
zasadźi,31
hrow,31
samostatny,31
jednaćel,31
holi,31
eines,31
twórba,31
najwuznamniši,31
dataja,31
stróža,31
njechorński,31
wórša,31
teje,31
wliwom,31
podstupim,31
ewangelske,31
typ,31
trěbne,31
zdeněk,31
pismje,31
słowjenskeje,31
time,31
kanadźe,31
sufiksy,31
liberec,31
wopyće,31
anja,31
blue,31
wozjewjeny,31
polak,31
ipa,31
dźěli,31
jamow,31
přidatnje,31
socialny,31
politisce,31
spree,31
pětrohród,31
wostanje,31
originalnje,31
sudnistwa,31
zapřijeća,31
dwurěčne,31
najmjeńša,31
wužiwana,31
karibiskim,31
njebu,31
zahrodnik,31
kontinenta,31
aziju,31
temperatury,31
snadź,31
donjeck,31
luhansk,31
zjednoćenju,31
michx,31
centralna,31
guaranišćina,31
claude,31
dźělne,31
horinow,31
zubki,31
jědojta,31
zrunana,31
north,31
west,31
andrew,31
wobrostach,31
filolog,31
industrijne,31
nakónčnych,31
žołtozelene,31
zrunanych,31
wósporka,31
šwižna,31
podswójbje,31
šlinčina,31
što,31
želbija,31
callitriche,31
přimórski,31
přiwisnik,31
štyrnaće,31
petra,31
jěželnja,31
rozetu,31
große,31
elisabeth,31
koło,31
góry,31
kunth,31
catalpa,31
eleocharis,31
zeleneje,31
alopecurus,31
trop,31
appl,31
adansonia,31
drěn,31
dróstnicowe,31
přirodowědnik,31
larix,31
red,31
kokrik,31
capsella,31
brazilskeje,31
palmowych,31
kowjel,31
ulmus,31
ministrom,31
kapler,31
steve,31
intendant,31
carlos,31
sanicula,31
čeljabinska,31
kopanski,31
pjasćowar,31
eric,31
křesćanscy,31
aleksandrowič,31
mócnarstwoweho,31
henri,31
datowanje,31
machačkale,31
serrasalmus,31
taškenta,31
swobodnje,30
spjaty,30
prof,30
zhromadźizny,30
změnu,30
milan,30
zwjazku,30
narěčow,30
sie,30
wort,30
naš,30
zběrku,30
husće,30
rjedźe,30
wuherskeje,30
hercegowina,30
druhu,30
najdlěša,30
naspomnjene,30
wino,30
frencl,30
głowan,30
witkojc,30
swojimi,30
čěšćiny,30
chodźeše,30
warianće,30
sakskich,30
egyptowska,30
telko,30
wotměwachu,30
miliona,30
hodźijskeje,30
pohrjebnišću,30
sportowy,30
ne,30
muski,30
městnow,30
křižowanišću,30
złote,30
solo,30
zrědka,30
holca,30
pomjenowa,30
časach,30
ll,30
th,30
mali,30
wolij,30
georgiska,30
brod,30
atlas,30
fakulće,30
wučby,30
kulturje,30
brno,30
finšćina,30
sowjetskeje,30
date,30
karpatach,30
serija,30
holsteinskeje,30
hala,30
tamniše,30
swójbow,30
science,30
dešćowy,30
mjenowanej,30
wotbagrowanych,30
lěsow,30
spach,30
franch,30
čerwjeneje,30
dešćowym,30
wostanu,30
časowe,30
ali,30
pomjezna,30
swójskeje,30
jědojte,30
kćenjemi,30
chilska,30
american,30
bernd,30
wusyłanje,30
polarny,30
oranžowe,30
hłójčkach,30
protestanća,30
wjesnymi,30
dróhu,30
třiličbne,30
melilotus,30
stejnišća,30
wysokosće,30
wurostkach,30
malvaceae,30
pjećoch,30
wjewjerčka,30
hybridy,30
parviflora,30
mjechki,30
oswald,30
docent,30
chorwatsce,30
wódrakowe,30
domowe,30
statne,30
rječka,30
gmejnskim,30
gerd,30
lehmann,30
industrializacije,30
předsydy,30
brósk,30
kaliforniska,30
pětrohrodźe,30
latifolia,30
jackson,30
myosotis,30
powiaty,30
budestečanskej,30
zdrój,30
aleksandr,30
jědla,30
thunb,30
soc,30
drapalcowe,30
potamogetonaceae,30
dolina,30
kolonizacije,30
dode,30
jabrik,30
records,30
filmow,30
filmografija,30
wudawaćelka,30
předewzaća,30
davis,30
ipomoea,30
sagina,30
sada,30
mario,30
egyptowski,30
áer,30
erwin,30
wšelakorym,30
persicaria,30
habichtskraut,30
tenisowy,30
spjećowar,30
rakuskeje,30
dnjestrje,30
čeljabinskej,30
najwuznamnišich,29
salvador,29
sla,29
dźiwadłowe,29
zastupowaše,29
runočasnje,29
organ,29
turizm,29
wenden,29
słowjanskim,29
auch,29
móžachu,29
duchownych,29
rozdźěle,29
hinak,29
mustwo,29
wittenbergu,29
jatby,29
tworjenje,29
februarje,29
židowje,29
hymna,29
jaroslav,29
bulank,29
ćišinski,29
wjacław,29
žanu,29
dokumenty,29
trochu,29
młodostnych,29
twórbow,29
šěn,29
zasydlichu,29
natwarjene,29
waršawje,29
wujězda,29
est,29
medije,29
kamjenje,29
nominatiw,29
pluralu,29
srjedźny,29
čěsko,29
južnosłowjanske,29
hajno,29
wódrje,29
wobswět,29
westfalskeje,29
powědančko,29
biblioteki,29
wustupować,29
zažneho,29
juhowuchodneje,29
estiska,29
grjekskeje,29
zarjadowanje,29
pismikami,29
rěčnej,29
jahrhunderts,29
grólmusec,29
hoffmann,29
swójskej,29
dyrbja,29
wjazby,29
irskej,29
sewjerozapadnym,29
kolonije,29
decembrje,29
njewotwisna,29
glottolog,29
human,29
israel,29
praecox,29
wudobywanje,29
łódź,29
serbam,29
liška,29
dźiwje,29
próškowych,29
pisomne,29
pos,29
derbno,29
zakaza,29
oliver,29
hawštyn,29
wótro,29
wokołkowych,29
prawje,29
wisace,29
naporst,29
tołstosć,29
małkich,29
jehły,29
aesculus,29
žołtojte,29
rupestris,29
popla,29
łopješko,29
link,29
vulgare,29
swjateje,29
hosćenc,29
gramatikar,29
łomsk,29
němskorěčnych,29
sčasami,29
occidentalis,29
bura,29
nadawku,29
wóska,29
słownika,29
dubowych,29
wysokosćow,29
procumbens,29
wuchodosakskim,29
arecaceae,29
stricta,29
domiznu,29
wonjata,29
cyperus,29
cupressaceae,29
rodom,29
sect,29
anderson,29
knautia,29
čorno,29
hyacinthaceae,29
white,29
icon,29
fumaria,29
wir,29
producentka,29
truman,29
lozano,29
šćěrjencowe,29
state,29
verbascum,29
ćerpjenka,29
passiflora,29
car,29
victor,29
zemskim,29
kohl,29
šepcu,29
geografiska,29
emil,29
cale,29
adresy,29
jörg,29
sydlerskostawiznisce,29
dave,29
wuroć,29
olympiska,29
dróhowe,29
zarjadnisku,29
dopisowar,29
spěwydźěłarka,29
żyżyn,29
ministerska,29
njenastupi,29
komisije,29
sněhakowy,29
přerěznymi,29
kurskej,29
kamje,29
canned,29
alois,28
lawskich,28
nastawa,28
rozhłosa,28
hudźbnych,28
domowinje,28
staji,28
eksistowaše,28
spěchowanje,28
čłonojo,28
šulske,28
kruh,28
mytom,28
wendisch,28
kmjen,28
delnjoserbske,28
słowoskład,28
poslednim,28
linije,28
swójskich,28
čěsku,28
nastawkow,28
akademiji,28
łaćonšćiny,28
ródnym,28
michałk,28
kotrymiž,28
šulow,28
koaliciju,28
studenća,28
wienje,28
pječa,28
wukraju,28
cyrkwinske,28
jakubaš,28
perioda,28
zapiski,28
polach,28
jednoty,28
staraše,28
wuwi,28
městnostne,28
werba,28
konsonantow,28
zwuk,28
běłu,28
bołharski,28
powołanje,28
předchadnik,28
portugalska,28
bołharskej,28
achim,28
wulkimi,28
wjas,28
šwedskej,28
lěska,28
wjesneje,28
adolfa,28
braniborski,28
rěčewědnik,28
puće,28
předstaja,28
wotwisnje,28
faluja,28
přiznamjenja,28
pólsku,28
hałuza,28
komi,28
dnjepr,28
wolgograd,28
rachel,28
linija,28
předstajenje,28
pólskich,28
roma,28
čornobohom,28
tachantsku,28
kyriliski,28
wonkowne,28
britaniskeje,28
mjezu,28
srjedźnu,28
egyptowskej,28
přistawne,28
sudan,28
znamješkow,28
dźensnišich,28
mjeńši,28
poir,28
santiago,28
gineje,28
statnym,28
chi,28
inkluziwnje,28
rjećaza,28
asteraceae,28
prawej,28
lapate,28
dobyću,28
južno,28
pidgin,28
wuska,28
forst,28
mjezach,28
łaza,28
zastajeny,28
kućank,28
biskopic,28
pismikistajer,28
komonc,28
holach,28
kut,28
wobdate,28
pinaceae,28
proste,28
salisb,28
pisum,28
václav,28
zabrij,28
wutroby,28
japonicum,28
ciliata,28
potok,28
hućina,28
wosadnej,28
rozhłosownik,28
železnica,28
šwicy,28
alojsa,28
urban,28
kisalnik,28
lang,28
incana,28
zagmejnowana,28
brigada,28
susodna,28
ad,28
jenakokłóskatych,28
runa,28
smělna,28
drapalcowych,28
rupač,28
cornus,28
lemna,28
manuel,28
ray,28
gagea,28
měšćanskemu,28
pasnik,28
paeonia,28
mucha,28
ulrike,28
měroweho,28
sophie,28
baćonju,28
markhrabja,28
salowski,28
gottlieb,28
bryl,28
zemjan,28
femininum,28
chronikar,28
teltow,28
wotprawa,28
kubłar,28
carstwo,28
facto,28
wladimirowič,28
comicowy,28
operowy,28
alan,28
nikolaus,28
zwobraznjenjom,28
kompakt,28
zakładnje,28
kaluga,28
ust,28
xvi,27
radyserb,27
wojakow,27
samsne,27
kónči,27
smolerjec,27
podpěrowaše,27
kubłanja,27
programa,27
hartmut,27
wuměłske,27
samsny,27
lubnjowa,27
naše,27
allen,27
namakać,27
wie,27
wosebitosće,27
słowjanska,27
kónčinu,27
dź,27
słowniku,27
připóznaty,27
rušćiny,27
mět,27
wosebity,27
zmóžni,27
wikowanski,27
boršći,27
móhł,27
saksku,27
sydłow,27
tachantstwo,27
dźěłać,27
jendźelske,27
grjeksce,27
zwobraznjenje,27
won,27
deklinacija,27
datiw,27
zawrjene,27
preteritum,27
wurjekuje,27
lubijom,27
jězorina,27
koła,27
neues,27
lěttysaca,27
sewjerowuchodnym,27
podobny,27
dunaju,27
pisane,27
objekt,27
letiska,27
systemy,27
dolní,27
wusyłanja,27
wědomostnica,27
trjebin,27
richter,27
mnichow,27
klasy,27
najmjeńše,27
wupućowarjow,27
rusow,27
jaseńcy,27
pazlicy,27
samsnu,27
změni,27
wokolinu,27
nadeńdźetej,27
přitoki,27
planck,27
wu,27
přibližnje,27
kongresa,27
přiwuzne,27
angustifolia,27
paraguayju,27
delta,27
suchim,27
sucha,27
wonkowneho,27
swjatk,27
listy,27
nabožina,27
geografisce,27
měł,27
třećinje,27
rodźena,27
přisłušaca,27
wuski,27
šwižny,27
wjetša,27
bruk,27
wysokim,27
botanický,27
herbář,27
schódne,27
mjasne,27
brězowych,27
rubježne,27
wobšěrne,27
bywaja,27
šesćoch,27
mjeńšin,27
nowembrje,27
wulkobur,27
lubaće,27
centralneho,27
krónu,27
kuklik,27
pomnikoškitom,27
runy,27
lěća,27
hecker,27
carpinus,27
dozrawja,27
swětła,27
tołsty,27
ćeńke,27
šlězowe,27
bohachwał,27
althaea,27
hirsuta,27
verticillata,27
zwonkowne,27
poezija,27
nowotny,27
mnóstwo,27
mentha,27
miq,27
galeopsis,27
postaji,27
kumwałd,27
nacionalsocialistiskeho,27
wuměłski,27
łuh,27
nabožinskeho,27
postajenje,27
hessenskej,27
cotoneaster,27
minima,27
pěskowe,27
šćedrjenc,27
tropiskich,27
riwne,27
skałar,27
pietro,27
hładki,27
sambucus,27
cypresowych,27
drapalc,27
dróstnicowych,27
załožboweje,27
decne,27
žołtnica,27
křižnička,27
něžna,27
hsb,27
linum,27
jazorina,27
birke,27
descr,27
adolph,27
hahn,27
chěža,27
liščak,27
phleum,27
swjatkownička,27
topoł,27
bernard,27
šachownik,27
wunjow,27
konstrukter,27
mobile,27
iron,27
williams,27
eberhard,27
russell,27
wuježk,27
kilometrami,27
popowy,27
starosta,27
zaporižskej,27
sultan,27
kijewskej,27
pedagogowka,27
sergejewič,27
nikolaj,27
swora,27
sociologa,27
tatarstan,27
sortěruje,27
kartam,27
dotwarjenja,27
zmóžnjene,27
drobnostki,27
objektowe,27
měsćanskeho,27
wěry,26
bliskim,26
mjeńšich,26
namakatej,26
rbb,26
weimarskeje,26
powoła,26
naša,26
lipy,26
zakónči,26
zarjadnik,26
lusatia,26
historiskeje,26
wuchodnu,26
někotrymi,26
wörterbuch,26
uniwersitu,26
organizowaše,26
grande,26
zjednoćenstwa,26
studije,26
ketličanskej,26
lubiju,26
libš,26
mjenowanym,26
mjenowaneje,26
rozpadźe,26
carstwa,26
portal,26
budu,26
barby,26
naspomnjena,26
wažnym,26
dwórnišća,26
kanada,26
algeriska,26
staršeju,26
nižozemskej,26
filmy,26
postawa,26
wróbl,26
třěchi,26
magacin,26
činić,26
twjerde,26
připóznata,26
wobwody,26
wobchadny,26
narodnej,26
kolektiw,26
mužakowa,26
hany,26
zjednoćenstwo,26
měsacow,26
muskeho,26
delnjeho,26
delnjoserbšćina,26
tydźeń,26
norwegskej,26
šwedsce,26
pisanje,26
slepjanskeje,26
som,26
dialekće,26
podsteješe,26
statokow,26
antonín,26
dokładny,26
kralow,26
było,26
měsacy,26
urala,26
najbliše,26
tirol,26
danskej,26
numerusaj,26
njeeksistuje,26
zarjadniska,26
unter,26
ill,26
rodu,26
njesłuša,26
kupami,26
zakładne,26
korjeńk,26
alpow,26
rjećaz,26
eksistujetej,26
adwokat,26
zbytk,26
hibanje,26
syriska,26
nowoseelandska,26
mongolskej,26
song,26
gurage,26
pusćina,26
cyłkowna,26
wulkan,26
ćěła,26
jejkojće,26
mexico,26
kóčki,26
rań,26
rołka,26
čerwjenje,26
dźěłowe,26
knježim,26
wyša,26
wolešnica,26
kćenjowa,26
geum,26
meyer,26
knebel,26
nitki,26
species,26
bukowych,26
njeporowje,26
łopješkami,26
post,26
bloom,26
podsekcija,26
salvia,26
zběhowc,26
letiski,26
dźěłom,26
staršeho,26
wanak,26
klukšu,26
brězynka,26
bohuměr,26
anhaltskeje,26
mari,26
holsteinskej,26
michałskej,26
krječmar,26
mikławšku,26
šołćic,26
tołste,26
auct,26
pozicije,26
přebywaše,26
gracilis,26
sylvatica,26
astragalus,26
gólč,26
brunicowa,26
chwaćicy,26
barće,26
araucaria,26
monstera,26
wólša,26
zelenojte,26
cypresowe,26
castanopsis,26
lithocarpus,26
monotypiski,26
hyacintowych,26
lípa,26
pds,26
mnichowje,26
polygala,26
rukej,26
johnny,26
taylor,26
eucalyptus,26
pelargonija,26
wokrjesna,26
stipa,26
šmica,26
sumak,26
brunicowy,26
leonid,26
sněhakowar,26
tula,26
federaciju,26
francosko,26
modl,26
hamt,26
azerbajdźanski,26
reformator,26
bill,26
janez,26
saksofonist,26
pianistka,26
wotstupi,25
kina,25
jónu,25
staj,25
zastupjerjo,25
zarjadowanja,25
kruhi,25
struktura,25
kultur,25
wy,25
tójšto,25
přitomnosći,25
pućowacy,25
wójnomaj,25
wjetšeho,25
per,25
ketlicach,25
ilustrator,25
krygaŕ,25
albin,25
pank,25
herta,25
wićazec,25
fred,25
lew,25
južni,25
kutowa,25
zmóžnja,25
wobsedźer,25
delnjoserbskej,25
hraja,25
norbert,25
tafle,25
burskich,25
maturje,25
bohatych,25
wendische,25
romske,25
agnes,25
augusta,25
jendź,25
symank,25
terra,25
paralelnje,25
nje,25
metal,25
rozeznawać,25
gramatiski,25
futur,25
zwuki,25
albanskej,25
časy,25
sg,25
milinarnje,25
prašenja,25
rěčnu,25
ai,25
fiedler,25
mjenowaneho,25
hercegowiny,25
warnoćicy,25
havlíčkův,25
poskića,25
stawiznam,25
chorwaća,25
statok,25
aleksandra,25
teritorijow,25
předpomorska,25
hromadu,25
swobodnym,25
delnich,25
měsačk,25
łaćonske,25
december,25
tydźenja,25
sylnišo,25
chantow,25
mansow,25
hoberski,25
stejacy,25
spisowaćela,25
mortwe,25
funguje,25
wolga,25
konfesije,25
mjenowachu,25
er,25
staroserbskeho,25
awtonomnej,25
rukopis,25
koreja,25
zhromadźenstwa,25
kijew,25
přirodna,25
britiskeho,25
island,25
rusku,25
třicećilětneje,25
pyšne,25
britton,25
boliwiskej,25
šwicarskeje,25
dlěši,25
wuběžki,25
pusćinje,25
ho,25
haj,25
einem,25
maksimalnu,25
kołowokoło,25
samsnej,25
gmejnach,25
stawizniski,25
wrónidłowych,25
běłych,25
kokrikowych,25
international,25
husta,25
jahoda,25
linux,25
nabožinskeje,25
xaver,25
kónčkow,25
kapsla,25
baćoń,25
presl,25
běłojte,25
rostlinam,25
nalěće,25
kobołkowe,25
jaseń,25
wyrgač,25
bónčawa,25
běžacych,25
jězorach,25
zwónčki,25
drobny,25
małoróstny,25
greene,25
šěrokich,25
luther,25
moore,25
ajuga,25
mjechka,25
sven,25
lothar,25
roland,25
malešec,25
třiróžk,25
hućinje,25
žandawa,25
wowča,25
millefolium,25
wersiji,25
daucus,25
um,25
wučbje,25
krajnostawski,25
šunow,25
budyšinku,25
zamordowany,25
benno,25
hłohonc,25
heidleberg,25
póčkaty,25
tehdyšeho,25
bórkowy,25
slawistka,25
wjerbička,25
brusy,25
aquatica,25
konjecy,25
třinaće,25
załoženeho,25
götz,25
elegans,25
bukojna,25
serlica,25
hłowač,25
scilla,25
epimedium,25
jahrb,25
palaquium,25
francisco,25
life,25
go,25
białystok,25
białystoku,25
natwarić,25
oskar,25
zmandźeleny,25
krušwička,25
wotedatych,25
raphanus,25
carlo,25
lilijowc,25
zažnička,25
bimbawka,25
rejowar,25
mizuki,25
orchija,25
metalowa,25
pěrno,25
zebnicy,25
habrachćicy,25
hłuška,25
germanist,25
literarna,25
rjek,25
minskowskej,25
dwiny,25
bosniski,25
belgiskeje,25
jamaiski,25
awtobiograf,25
młodźinu,25
lipšćanskim,25
powědančkar,25
que,25
maskulinum,25
wobwodej,25
brian,25
koparka,25
perma,25
szlurpkiszki,25
warłynka,25
szlubowska,25
wołynskej,25
rolf,25
mitaš,25
wojowarka,25
srjedźosakskim,25
permskim,25
gmina,25
krasnodarskim,25
woronježa,25
kazanja,25
netrebka,25
perepiat,25
ferganskim,25
lěhwa,24
křiwa,24
wšitkich,24
předsydstwo,24
ryzy,24
rozrjaduje,24
gerald,24
zwjazkow,24
bena,24
mnohe,24
pólšćina,24
land,24
mjenach,24
skutkowanja,24
znatych,24
rizo,24
lenka,24
cycakow,24
pochadźeše,24
króny,24
karpatami,24
wužiwanja,24
dopomina,24
hatas,24
kěrluše,24
slepjanskej,24
přećelow,24
zničene,24
značka,24
wašnjom,24
syće,24
wikipedije,24
trjeba,24
křesćanstwo,24
hornju,24
wotpadnu,24
adjektiwow,24
wužiće,24
plurala,24
cuzych,24
tworitej,24
tradicionelnje,24
mjechko,24
stopjeń,24
barba,24
pjate,24
warnoćicach,24
wyšu,24
zwischen,24
čita,24
gmbh,24
situacija,24
nałožk,24
byli,24
mjeńšinowa,24
zagreb,24
přesadźi,24
hornjoserbskej,24
schuster,24
dźělomaj,24
waršawy,24
tafla,24
finsce,24
zapadnu,24
stephan,24
sobustawom,24
madźarsce,24
skandinawiskeje,24
časom,24
studentskeho,24
ewangelskeho,24
samoho,24
france,24
mjeńšinow,24
ural,24
britisko,24
ss,24
twarc,24
burski,24
etymologija,24
bartom,24
padnjenych,24
pětrohroda,24
afriku,24
osmaniskeho,24
edition,24
wysočinje,24
unicode,24
žana,24
załožił,24
arabskeho,24
rozrjadowanje,24
yu,24
miller,24
pyrus,24
juhozapadna,24
missouri,24
lu,24
intensiwnje,24
arabsce,24
swjatych,24
papuwa,24
sumatra,24
moja,24
alle,24
podawaše,24
nowaka,24
přeprěkuje,24
legislaturnej,24
sempervirens,24
albus,24
symjo,24
lila,24
winter,24
mjedwjedźe,24
přirodźe,24
pyrenejach,24
wotlěwa,24
brjazyna,24
bukowka,24
aromatisce,24
njeprawidłownje,24
nawodu,24
lubaty,24
železniski,24
wotstejo,24
black,24
cordata,24
duby,24
přičiny,24
crescent,24
moench,24
piper,24
weber,24
zagmejnowa,24
prědowaše,24
tamnišim,24
jens,24
wotstupje,24
bayerska,24
pryšćenc,24
socialistiski,24
longifolia,24
młódši,24
schirach,24
budyšink,24
crataegus,24
načerwjeń,24
aktiwnje,24
znutřkowne,24
ćěmna,24
połsuchich,24
bukec,24
sobuwudawaćel,24
wjesneju,24
malešanskej,24
nicolas,24
ober,24
vitis,24
ananas,24
lětni,24
angustifolium,24
thuja,24
tropach,24
torr,24
našeje,24
syrotka,24
hyacintowe,24
hwěžkan,24
ornithogalum,24
žonop,24
bayerski,24
charlie,24
bratrowskeje,24
schltr,24
cassia,24
lychnis,24
ophrys,24
pelargonium,24
hordeum,24
strelitzia,24
mječik,24
convolvulaceae,24
lewis,24
čěskosłowakska,24
haša,24
ensslin,24
fudforum,24
operowa,24
spěwytwórc,24
wawrik,24
milinarnja,24
namakaše,24
sun,24
krygar,24
pětrohróda,24
wiktor,24
ženjena,24
žarowski,24
murmanskej,24
murmanska,24
pożajście,24
swobodneje,23
wustaw,23
lěhwo,23
dalokeje,23
cyrkwjow,23
scholz,23
braniborskeho,23
dźiwadłowych,23
zwosta,23
dołhu,23
krystof,23
naroda,23
bohaty,23
kmjeny,23
poněčim,23
mir,23
rěčeć,23
płona,23
hona,23
oberlausitzer,23
historiskeho,23
namakamy,23
horinami,23
sebje,23
wobdźěleše,23
wosadnych,23
chěžkarja,23
arnoštom,23
čornakec,23
pful,23
drjewa,23
zemju,23
skopje,23
boha,23
morawje,23
wjetšich,23
dźěsća,23
delnjoserbšćiny,23
knihownje,23
předewzaće,23
bratrow,23
krakowje,23
poćahi,23
stron,23
katolsku,23
rosćacy,23
ležitej,23
třećim,23
dalšim,23
njeběchu,23
murje,23
čěšćinje,23
definitny,23
łaćonskim,23
mjechke,23
berlinom,23
štó,23
main,23
móžnosće,23
zhorjelskeho,23
warko,23
nalěća,23
francoske,23
iniciatiwu,23
toni,23
wurjekowanju,23
prěnjotne,23
bramborskeho,23
dźowki,23
lange,23
kanclerom,23
staja,23
januar,23
serbowka,23
formach,23
samostatnu,23
regiony,23
swójskim,23
wědomostna,23
wobjim,23
mjeńšinu,23
jendźelskeho,23
wědomostnych,23
teritorije,23
amur,23
juhozapadnym,23
španišćinu,23
pakistan,23
swjata,23
twjerdźe,23
arabske,23
susodny,23
etiopiska,23
šotiski,23
rozšěrjenjom,23
semitiske,23
sewjerowuchodny,23
wozjewjene,23
aiton,23
tadźikistana,23
carrière,23
wosobowe,23
akademie,23
aramejšćina,23
turistiski,23
njedźelu,23
japoštoła,23
kilometrach,23
ramiku,23
kawkazom,23
alt,23
krute,23
europaea,23
insekty,23
mólički,23
hłójčki,23
łopjency,23
podlěsk,23
wapnitych,23
jednotkow,23
cambridge,23
murjach,23
wottam,23
politiskim,23
nabožinske,23
christina,23
hejduška,23
praskeje,23
čornica,23
wjeskach,23
polygonaceae,23
solanaceae,23
infrastruktura,23
ag,23
kilometra,23
botaniske,23
łopješce,23
kehelojta,23
jasnozelene,23
rostlin,23
křidleška,23
swójska,23
nymphaea,23
hatach,23
srjedźišćow,23
hu,23
dobra,23
lěkarska,23
stołpika,23
plantarum,23
niski,23
słód,23
securigera,23
dusyk,23
powědančkow,23
žiwjenjoběh,23
rchb,23
přeslička,23
coronopus,23
šesty,23
julia,23
minakał,23
administrator,23
słušacy,23
mučink,23
wojowaše,23
rěkomaj,23
solawu,23
krajan,23
mjerwa,23
dźěćacy,23
róžeńće,23
americana,23
železniskim,23
glauca,23
brigady,23
dźěłoweho,23
iwano,23
słušeštej,23
lubjenski,23
lodni,23
hitlera,23
delnjołužiskich,23
aronowych,23
eragrostis,23
altissima,23
juniperus,23
roy,23
zela,23
jeničku,23
frangula,23
zapósłancow,23
lysimachia,23
myrsinoideae,23
rejowarka,23
běłoruski,23
angeles,23
utc,23
jazor,23
howard,23
pulsatilla,23
horiwka,23
eukalyptowc,23
pimenta,23
rhus,23
ječmjeń,23
paćernik,23
porčizna,23
glyceria,23
deschampsia,23
włosanc,23
setaria,23
trudownik,23
admiral,23
hódnoty,23
business,23
osetiskeje,23
brigitte,23
rewěr,23
klukšanskej,23
klasiskeho,23
donald,23
baršća,23
kulowca,23
połkupu,23
bv,23
koslow,23
přesydlić,23
jězorinje,23
zeman,23
hilžbjeta,23
zawěra,23
elizabeth,23
poražce,23
lodohokejist,23
carter,23
husler,23
šlagrowy,23
mezopotamiskeje,23
franklin,23
holger,23
iwanowič,23
larry,23
stuart,23
mjetarka,23
tennisowy,23
geografiskeje,23
chanty,23
okres,23
wladimirskej,23
twerskej,23
netreba,23
schronisko,23
morsowym,23
horicont,23
fr,22
wotewri,22
wójnskich,22
domow,22
wrócławja,22
bohata,22
wikow,22
radnica,22
łusčanski,22
württembergska,22
posoł,22
sobustawow,22
załoženski,22
cyža,22
tehdyši,22
slědowacy,22
marcel,22
kalawa,22
znamjo,22
hłowu,22
ansambla,22
zakazane,22
wilhelma,22
nałožki,22
korčmar,22
bin,22
kölnje,22
enzyklopädie,22
lubuš,22
wjerchowstwa,22
pozdźiši,22
zezna,22
přewzachu,22
detlef,22
pilk,22
ján,22
krause,22
česći,22
ruskemu,22
dawa,22
serbami,22
wopomnjenski,22
wokrjesow,22
najwjetšeho,22
reformy,22
nazymy,22
wobsydstwo,22
sćěhowacych,22
njeswačidła,22
towarstwoweho,22
bajki,22
microsoft,22
lěpje,22
wupřestrěwa,22
wosadneje,22
kilank,22
přičina,22
konjugacija,22
lokatiw,22
singularje,22
genusy,22
boži,22
rušćinje,22
wrócław,22
brunicowych,22
hasa,22
generacija,22
přiwšěm,22
stawowe,22
přistupne,22
rakec,22
hospodarstwa,22
kompleksny,22
wulkosći,22
viktor,22
imperfekt,22
pětš,22
typy,22
moderneje,22
krawca,22
měsacach,22
traugott,22
pro,22
pasmje,22
wotměwa,22
dwójne,22
phoenix,22
wotstawk,22
najwjetšu,22
pismowstwo,22
měještaj,22
šotiska,22
oficialnje,22
zarjadniskemu,22
wobkrućeny,22
sławny,22
dźiwadłowa,22
dramaturg,22
luxemburg,22
sri,22
hdźe,22
marokko,22
porjada,22
awtonomneje,22
běłoruska,22
della,22
delnjołužiske,22
aziska,22
britiskej,22
armenska,22
dwójny,22
opozicije,22
słowom,22
arabskej,22
čerwjeneho,22
awstralskeje,22
tim,22
mjezynarodneho,22
šwižne,22
wokrjesny,22
rynje,22
zestajał,22
jednolětne,22
conach,22
wopisa,22
paulo,22
jr,22
rainer,22
ćěło,22
maritimus,22
dešno,22
tupje,22
skały,22
hatk,22
nachwilnje,22
błohašecy,22
koblicy,22
ćernje,22
speciosa,22
metropolowy,22
powětra,22
kobołkowych,22
kłosach,22
zarjadniski,22
gmejnami,22
hoberska,22
łuki,22
wikowanje,22
politiskeje,22
wight,22
zarjadowane,22
universität,22
brnje,22
wuwučowaše,22
błyšćata,22
niže,22
nowotwar,22
šulskim,22
krakow,22
bohotskim,22
villosa,22
kožu,22
morchej,22
beiträge,22
žórłow,22
praskeho,22
frankobrodźe,22
nacionalsocialisća,22
pochowa,22
přinošowaše,22
narodnin,22
spicata,22
družinach,22
póčkate,22
canescens,22
endemit,22
protyka,22
žórłowych,22
steven,22
francoskim,22
přełožowaše,22
janka,22
poršicy,22
stronski,22
paraguay,22
paniculata,22
nalětnja,22
nutans,22
přimórska,22
austriaca,22
nat,22
butterfly,22
hamamelis,22
centaurium,22
muscari,22
komorowje,22
wotewrjena,22
kozylistowe,22
městopředsydka,22
schulz,22
zežiwjenje,22
fotowy,22
absolwowaše,22
telewizna,22
becker,22
erika,22
wright,22
oxalis,22
hydrocharitaceae,22
pěskowčin,22
rutaceae,22
rhinanthus,22
rozkazowar,22
sempervivum,22
wijawkowe,22
wiceprezident,22
lešawa,22
konfucius,22
nošerka,22
young,22
edmund,22
šepca,22
em,22
šołty,22
holanec,22
modłej,22
matematiska,22
gołkojc,22
ronald,22
zarjenk,22
wjelkowa,22
baškirskej,22
bruce,22
junior,22
obje,22
krasnojarskim,22
krasnojarska,22
šimon,22
aleksej,22
jazzowa,22
barneby,22
zwahr,22
amtěrowace,22
wotbagrowany,22
nowosibirskej,22
irkutska,22
rukszenice,22
mahiljowskej,22
mahiljowa,22
rozpušći,21
młónk,21
naspomnjenja,21
přewróta,21
institucijow,21
redakciji,21
art,21
organizacijow,21
delnju,21
boka,21
zestaji,21
skutkuje,21
młynkowa,21
gubin,21
spěwarskich,21
swojemu,21
sport,21
hornjoserbšćina,21
knihownja,21
kosowo,21
słowjenskej,21
zyma,21
kobjela,21
rys,21
budestec,21
mateja,21
lutherska,21
morawy,21
pólšćinje,21
zašłosći,21
zakonju,21
biedenkopf,21
wopon,21
praskej,21
nadawki,21
połoži,21
dwórski,21
krizy,21
njewotwisneje,21
nürnberg,21
tereza,21
prócowaše,21
wašnju,21
znaći,21
politiki,21
kćěja,21
cyłkowny,21
cyrkwinskeho,21
romaniskich,21
hólc,21
wosebita,21
poslednjej,21
wudobywanja,21
maturu,21
casnik,21
choćebuskim,21
pěsnje,21
prozy,21
žitawje,21
zawrjena,21
žarow,21
dj,21
antoine,21
klasifikacija,21
wurěkuje,21
singulara,21
partikla,21
albanska,21
sewjerozapad,21
youtube,21
serbskeju,21
wowčer,21
sorabistiki,21
wědomostneho,21
čitać,21
bydla,21
sydlenskemu,21
mužakowskeho,21
prowinca,21
procesy,21
železniskich,21
pseudonymom,21
narodźił,21
kłosopólski,21
knižki,21
baltiske,21
dunaj,21
morawa,21
drastu,21
chorosće,21
njemóže,21
februar,21
měrc,21
stolicow,21
židowske,21
chicago,21
wažna,21
he,21
awtorojo,21
jenisej,21
juhowuchod,21
finsko,21
podaća,21
sewjerogermanske,21
portugalskej,21
španišćina,21
lěćo,21
haus,21
rušćina,21
prócowanja,21
komunalne,21
gineji,21
woporow,21
mare,21
britiskich,21
definicija,21
hustosć,21
hercegowinje,21
přińdu,21
minsk,21
indoariske,21
iranje,21
rumunsce,21
zestarjene,21
handbuch,21
šěry,21
bug,21
brest,21
mjeza,21
zarjadowana,21
sekcijow,21
sibirica,21
america,21
irak,21
dynastije,21
doliny,21
oceaniji,21
arabskeje,21
kyzylkum,21
lětstotkach,21
minh,21
njewotwisne,21
wobsadźeny,21
mandźelskej,21
domizniski,21
nadróžnych,21
zestajenkowe,21
rostlinskim,21
wopróšene,21
delnjoserbskich,21
pobrjohom,21
pozicija,21
schodźenk,21
south,21
rondônia,21
most,21
gordon,21
hodź,21
blědźe,21
lěwy,21
wjelike,21
hajnk,21
merzdorf,21
rogozno,21
thymus,21
huba,21
swětłozelene,21
powěsćow,21
słušaceje,21
kulowa,21
karbowane,21
wuroćowych,21
zničena,21
equisetum,21
planach,21
sulšecy,21
zhibnjene,21
jejkojtych,21
dwacećoch,21
cytisus,21
lotus,21
genista,21
zmjerzkokruta,21
žałzojće,21
sapindaceae,21
symjenjow,21
allioideae,21
čerwjenej,21
dołhosći,21
jěrowc,21
nigrum,21
nerwow,21
caerulea,21
dźesaćoch,21
bliskeho,21
californica,21
racemosa,21
baden,21
sweet,21
viridis,21
roxb,21
bibliografiji,21
studien,21
šeste,21
knjenje,21
friedricha,21
lawica,21
zdźar,21
hamburgu,21
wołtar,21
wyšeho,21
bremen,21
wosobina,21
běłohrodźe,21
pruskeho,21
publicistka,21
frau,21
bołharskeje,21
zapadopomorskeho,21
jurjom,21
přećiwnik,21
třo,21
smjerć,21
pjelsćojće,21
nygace,21
nick,21
ruth,21
lens,21
wuknješe,21
chóra,21
łahoda,21
bukečanskeje,21
lars,21
elias,21
twjerdźiznu,21
wjacorymi,21
scirpus,21
dušan,21
hill,21
afriska,21
grandis,21
kačizna,21
haupt,21
kamjentnej,21
kolumbiski,21
aristolochia,21
soldanella,21
skalinka,21
staćanstwo,21
morfemy,21
charlotte,21
billy,21
kublerja,21
bush,21
hrymzyčnik,21
delphinium,21
guaranišćiny,21
pe,21
costa,21
myrtaceae,21
rumburk,21
typha,21
kotmar,21
šěrawka,21
avena,21
kochty,21
anacardiaceae,21
crocus,21
eugen,21
wijawkowych,21
mórske,21
portugalsce,21
zjednoći,21
bolborcy,21
bórk,21
reinhard,21
komiteja,21
software,21
holocausta,21
luis,21
igor,21
chrjebja,21
jěžercy,21
tešnaŕ,21
zhorjelski,21
wok,21
duchoň,21
złokomorowskeho,21
zrěčenju,21
konserwatiwneje,21
melanie,21
wustawu,21
jimmy,21
miloš,21
kasper,21
dnipra,21
sumskej,21
bresta,21
kevin,21
nikolajewič,21
paulownia,21
alberto,21
herrmann,21
olympiski,21
auguste,21
coologa,21
aranžer,21
hilžbjety,21
kelly,21
pará,21
allmusic,21
karelskej,21
habent,21
kamčatka,21
brestskej,21
kirowa,21
knoty,21
ufy,21
awtowa,21
wicebska,21
lužickosrbská,21
dsb,20
hodźin,20
wotewrjene,20
wosebitosć,20
žitnych,20
serije,20
regionalne,20
skupin,20
zhromadźiznje,20
regionalnje,20
spěchowaše,20
wjesć,20
njemóžeše,20
mila,20
znamješko,20
mdr,20
jahrhundert,20
kmjena,20
hołym,20
sind,20
zaměry,20
rawp,20
seine,20
započachu,20
najwyšej,20
kaspar,20
mjenowanu,20
basni,20
wustupowaše,20
poezije,20
pólšćiny,20
rocha,20
gotthold,20
mina,20
wuješ,20
božena,20
mału,20
wjetšiny,20
wittenberg,20
zawjedźe,20
delany,20
podpěra,20
němskimi,20
stwori,20
koalicija,20
wobdaty,20
mosta,20
móhli,20
šěracha,20
ameriskim,20
chce,20
nastała,20
hesło,20
poswjećena,20
hornjeho,20
katolikow,20
postajeny,20
nutř,20
genus,20
padach,20
au,20
złóžce,20
charakteristiske,20
čini,20
dietmar,20
předźenak,20
hórkach,20
čłonami,20
nastanu,20
wustup,20
florian,20
čórlich,20
eksemplarow,20
pilot,20
direktorom,20
zawostaji,20
dialektow,20
přiwuznych,20
buchholz,20
turkowšćina,20
spěwarske,20
redaktorom,20
gregor,20
połoženju,20
wysoko,20
tastatury,20
klóštrej,20
faska,20
holcy,20
měła,20
por,20
estišćina,20
wjazba,20
potrjechene,20
pady,20
pronomen,20
pisany,20
słowakskeho,20
ukrainskeje,20
pozdźišeho,20
francošćina,20
imiš,20
wažnu,20
redigowaše,20
konstruowane,20
komunistiskeho,20
stacija,20
wudwor,20
uwe,20
zwjazuja,20
zemski,20
powołany,20
rakecach,20
österreich,20
perfekt,20
ryba,20
chinje,20
commonwealtha,20
přińć,20
port,20
cyłku,20
porow,20
južnu,20
bobr,20
polarneho,20
skała,20
bliski,20
santa,20
přirunanje,20
luthera,20
juhowuchodna,20
dlěje,20
werbach,20
bahno,20
dopomnjenki,20
filma,20
bantuske,20
pjatnaće,20
towarstwje,20
kokrikowe,20
alkaloidy,20
přepytowanja,20
wobchadne,20
plahowanje,20
may,20
wopuš,20
ležacych,20
babyduška,20
kćenjowy,20
wóčko,20
kopřiwa,20
produkty,20
snadny,20
wotnětka,20
jeničkeho,20
tamniši,20
rjadnik,20
přitoka,20
kamjentna,20
napohlad,20
delanach,20
php,20
mišna,20
pózdnim,20
płoda,20
deutschlands,20
wotstejace,20
łušćiny,20
čerwjenojće,20
stołpikatych,20
swětłožołte,20
majus,20
purpurowe,20
betulaceae,20
abies,20
jědźa,20
moje,20
hornjołužiski,20
nerwy,20
płony,20
wuwiwaja,20
słónčne,20
ann,20
čećorica,20
varia,20
mandźelstwa,20
bałdrijan,20
podswójbow,20
bazlik,20
mexiku,20
šćežki,20
omega,20
kurwjercha,20
typiski,20
kulturowědnik,20
wuherska,20
germanica,20
clematis,20
typhaceae,20
kpd,20
delan,20
łužičan,20
hłubokosahace,20
jejkojta,20
avium,20
mórskich,20
pólna,20
mollis,20
party,20
hanuš,20
čitanka,20
cannabis,20
tryčk,20
wbohow,20
posaarskej,20
knihićišćer,20
mócnarstwowy,20
kubšic,20
slavische,20
wobchowali,20
stawje,20
sprekelia,20
amarylisowe,20
bałdrijanowe,20
ovata,20
kapsle,20
asperula,20
armeria,20
jabłońc,20
wodowy,20
pózdnjeho,20
kitelnička,20
rjetkej,20
anagallis,20
wuraz,20
metody,20
home,20
direktna,20
les,20
sisymbrium,20
lětadłow,20
rěpa,20
ian,20
albumy,20
rob,20
chen,20
erythronium,20
dominikanski,20
hrajny,20
zmandźelena,20
myrtowe,20
nahlenc,20
gypsophila,20
horn,20
vinifera,20
nawjedowar,20
knihikupc,20
knihownju,20
stołom,20
rutowe,20
skimmia,20
lubočinka,20
melica,20
koeleria,20
sumakowe,20
barbička,20
sparik,20
melampyrum,20
scrophularia,20
kosćadło,20
symphytum,20
filozofije,20
wobkruh,20
lubochow,20
lp,20
willy,20
hospodar,20
tastatura,20
ličbach,20
gudrun,20
načolnik,20
złóstnik,20
olympiske,20
kenneth,20
eichler,20
körner,20
vincent,20
lou,20
přirodoškit,20
šejkow,20
back,20
wrónidło,20
solanum,20
bibliograf,20
mosak,20
kaczyński,20
pućrubar,20
chronist,20
konwerb,20
odesy,20
informatikar,20
rozswětlerjow,20
designer,20
grys,20
mike,20
francesco,20
hudźbnowědnik,20
dołhostniki,20
meridiana,20
wotchilenje,20
saratow,20
irkutskej,20
njepřipóznatym,20
podsol,20
cyrkwinskich,19
kole,19
kulturelne,19
podpisa,19
bitwa,19
zagmejnowane,19
žandow,19
politiskeho,19
bywši,19
naměsće,19
wutworić,19
organizaciju,19
wyšnosće,19
wotrjad,19
jasny,19
připódla,19
bój,19
sylnym,19
socialistiska,19
skupinach,19
nowymi,19
lětny,19
najmłódši,19
brjohu,19
wjercha,19
wenn,19
ći,19
reinhold,19
christiana,19
koparske,19
lužice,19
hornjołužiske,19
šwikawa,19
wikar,19
zawostajenstwo,19
domašcyna,19
tecelin,19
steffen,19
lwów,19
židźa,19
centralne,19
problemy,19
zrěčenja,19
klóštrje,19
přišoł,19
chěžkar,19
mišnje,19
frencla,19
kunze,19
ewa,19
dohladowar,19
spisowaćeljo,19
kóždej,19
tworić,19
wědomostnje,19
wuwučuje,19
karlowej,19
třećeho,19
zasadnje,19
nyča,19
woprawdźe,19
nastupajo,19
teritorijej,19
křižank,19
architekta,19
najznaćišim,19
žónska,19
prawopisu,19
mazowiecki,19
wuznama,19
wuznamjeni,19
halle,19
wotrězkow,19
husćišo,19
rjadu,19
napisane,19
strukturu,19
grammatik,19
boža,19
poznanju,19
lětne,19
jordana,19
doskónčnje,19
tradiciji,19
wuwiću,19
skale,19
graty,19
leag,19
stawowemu,19
ležownosće,19
rozpušćene,19
wuměnjenja,19
oty,19
katrin,19
čłowjeske,19
ryn,19
cyłk,19
wokolne,19
nosy,19
september,19
winowc,19
łać,19
sćěhowacej,19
wokalemi,19
klasa,19
wobsedźa,19
judeo,19
imiša,19
historiskim,19
šotiskej,19
bosćij,19
lipič,19
pahórčiny,19
njebjom,19
słušaca,19
schulze,19
wójskom,19
najwyšim,19
wobdźělenje,19
lingua,19
ireland,19
jadra,19
gen,19
blidar,19
himalaja,19
northern,19
kontinent,19
sahara,19
victoria,19
sierra,19
sowjetskej,19
zažny,19
chlěb,19
njebjo,19
njewotwisnym,19
hrodna,19
luka,19
prut,19
brunicowe,19
hand,19
snano,19
douglas,19
ameriskeho,19
iran,19
moderne,19
zamenhof,19
kategorija,19
wosobu,19
jemen,19
gdańsk,19
irtyš,19
oficielneho,19
osetiska,19
cyłkowneho,19
knježićel,19
neumann,19
přirody,19
ni,19
bórkowach,19
serbin,19
zymski,19
wuwiwa,19
stróžawka,19
sywny,19
originalny,19
muža,19
měli,19
zjednoćichu,19
venezuela,19
up,19
chile,19
wusyła,19
tonow,19
alpinus,19
jamach,19
wjerbno,19
pozdatnych,19
třiróžkate,19
bóčne,19
nvu,19
mb,19
wersiju,19
monika,19
claudia,19
lok,19
mahr,19
hubert,19
nydej,19
pjenjez,19
luxemburgski,19
kotecy,19
hrodźišćanskej,19
naspomnichu,19
přilěhawje,19
runiny,19
kocht,19
ledźbjenc,19
čerwjenobrune,19
hrab,19
połčnica,19
neukirch,19
moric,19
flavum,19
crispa,19
micrantha,19
bieb,19
humusowe,19
medicago,19
anchusa,19
dunn,19
łažawy,19
reptans,19
argentinskeje,19
cucurbita,19
lenin,19
lemberk,19
pućowaše,19
tatarski,19
škódow,19
hessenskeje,19
wučerjo,19
lorenz,19
knihiwjazar,19
spisar,19
balthasar,19
klukš,19
załožerjow,19
zliwje,19
zběraše,19
krajinu,19
bonn,19
wotpokaza,19
kanclera,19
promowowaše,19
wjacsławk,19
zestajene,19
tachantskej,19
wudawanje,19
kitkata,19
italica,19
słódka,19
pózdnja,19
floraweb,19
wölkowa,19
łazowskeje,19
ginkgo,19
orienta,19
samych,19
hórku,19
nasyp,19
natans,19
wasiljewič,19
small,19
wysokosću,19
rodaj,19
valerianaceae,19
arten,19
arn,19
francosku,19
hódnotu,19
přecozeleny,19
castanea,19
karty,19
schoenoplectus,19
bolboschoenus,19
annua,19
kyrkonoše,19
campestris,19
susanne,19
turcz,19
schott,19
mahonia,19
wotstup,19
britiskeje,19
mart,19
arnold,19
samolus,19
myrsinowych,19
přezwuki,19
leni,19
hórnač,19
erysimum,19
chrěn,19
dentaria,19
rapa,19
orbea,19
adams,19
kalawy,19
tadeusz,19
guaraní,19
marina,19
scott,19
myrtowych,19
kukawka,19
nutřkowny,19
wódnjankowych,19
rutowych,19
wowsyčk,19
sumakowych,19
rozkólnik,19
jěže,19
bobby,19
rakuskej,19
wsu,19
dokumentation,19
jeff,19
zničeny,19
engels,19
holanskej,19
wotrjedźe,19
njedźichow,19
kapłanom,19
bilong,19
tolstoj,19
ah,19
skłoninje,19
áere,19
opolskim,19
prědowało,19
zběrar,19
čornak,19
esche,19
amtěrowaca,19
lech,19
sachalinska,19
leonard,19
kartograf,19
ursula,19
schafgarbe,19
brandt,19
mezopotamiska,19
marco,19
kazachskeje,19
ukrainskeho,19
łupoj,19
ekwatorje,19
čukčow,19
albanski,19
erik,19
choreograf,19
georgiski,19
underground,19
bandleader,19
geologa,19
jirásek,19
lubijej,19
valència,19
posmjertniny,19
kabardino,19
jamalskich,19
stawropolskim,19
kemerowskej,19
kemerowa,19
ternopila,19
wicebskej,19
uzbekskeje,19
wšelćizny,19
wobsadźi,18
róčnica,18
wodnjo,18
wuznamnych,18
frakciski,18
pfalca,18
uniji,18
wopřija,18
wuměnjenje,18
městne,18
krjeńc,18
definuje,18
wotměchu,18
koncert,18
zalěski,18
administratiwne,18
čerwjenym,18
twjerdźizny,18
ćišć,18
sprachen,18
naprawy,18
alten,18
kralej,18
zbytki,18
susodneje,18
němscy,18
wuměłstwow,18
stempel,18
lětdźesatki,18
kata,18
rak,18
wałda,18
janak,18
bosćan,18
stachowa,18
hanski,18
kamjenja,18
albanskeje,18
swjateju,18
tuchwilny,18
kózle,18
biblija,18
zakładnych,18
mašiny,18
wuherskej,18
wojerskej,18
budarjowa,18
pěseń,18
wuzwolichu,18
drježdźanskeho,18
nastroje,18
ležownosć,18
wostachu,18
styki,18
domiznje,18
periody,18
zwei,18
kupjele,18
sorabija,18
prědarske,18
přizamkny,18
wjetšej,18
čim,18
figura,18
socialnodemokratiskeje,18
julian,18
narodźili,18
java,18
čěšćina,18
awstralskej,18
žónski,18
prefiksy,18
wosobje,18
kontakt,18
pisaja,18
wotewrjeny,18
rozeznawanje,18
ukrainskej,18
rewěrje,18
marxowej,18
radio,18
uns,18
death,18
wašnja,18
fazy,18
pokazaja,18
dźensnišu,18
marek,18
yorku,18
wudaća,18
wobjima,18
nastać,18
kóždu,18
rafael,18
křesćanski,18
ablatiw,18
žónskeho,18
rěčnym,18
novi,18
podaćach,18
čisła,18
biblioteka,18
janaš,18
žada,18
dachu,18
wysokeho,18
leńka,18
susodneho,18
stało,18
literat,18
bohumił,18
uniwersalny,18
statam,18
durinska,18
anhaltska,18
geografiskich,18
jutry,18
młoda,18
jamje,18
julij,18
doprědka,18
ei,18
wokalna,18
olympia,18
produkt,18
finougriskich,18
romaniska,18
byrgarskej,18
sächsischen,18
twjerdźi,18
pomjenuje,18
prjedownikow,18
tobias,18
mišnjanski,18
waliziski,18
satkula,18
wjesela,18
nawsy,18
haška,18
mjezynarodnych,18
łusč,18
pluskwamperfekt,18
kazachstan,18
britiske,18
atlantiski,18
dźělena,18
kawkaz,18
romšćina,18
dari,18
pada,18
njemen,18
litawšćina,18
lassen,18
rozdźělnje,18
samostatnej,18
dźělnych,18
zasydlenja,18
knjezow,18
dnjestra,18
gard,18
sieb,18
lěsy,18
andy,18
hłownu,18
mongolšćina,18
ost,18
jednora,18
pronomenach,18
interneće,18
isaac,18
rewoluciji,18
nil,18
předpomorskeje,18
pochadźacy,18
zjednoćenymi,18
kazachstana,18
wotbočuje,18
abchaziska,18
indiskeho,18
bauer,18
měnjenju,18
charakter,18
přirodnych,18
słužić,18
leksikon,18
skopju,18
wšědneho,18
wodowe,18
dolinu,18
tamnišej,18
marju,18
milimetrow,18
kałata,18
barbu,18
rěčkow,18
ćeńki,18
lapy,18
chłódkojtych,18
stworił,18
knjeni,18
koža,18
wšěmi,18
systematice,18
pilosa,18
teorija,18
ekwador,18
california,18
or,18
more,18
english,18
tok,18
persica,18
horno,18
lipje,18
stameny,18
njerodź,18
purpurčerwjene,18
kić,18
softwary,18
wuhotowanje,18
labem,18
wosyk,18
rozhłós,18
wječor,18
wotrowa,18
hicka,18
nowinarka,18
ždźary,18
nosaćicy,18
likojte,18
sól,18
arvense,18
kapałku,18
žičeń,18
boršće,18
pjenk,18
wisacych,18
kići,18
mydłowcowych,18
křidłate,18
wudolinowych,18
hałuzach,18
bukowe,18
wurostkow,18
šmrěk,18
rěčkach,18
nosaćicach,18
puknu,18
odorata,18
mexicana,18
apg,18
wosmjoch,18
róžowa,18
pan,18
tribusej,18
wokołk,18
braun,18
esejist,18
juss,18
pomorskim,18
pomhaše,18
studijow,18
rubrum,18
darmstadt,18
dworje,18
sigmund,18
zdźěri,18
měšnika,18
družin,18
nakónčne,18
simplex,18
twarjenju,18
carota,18
lisćiny,18
trawa,18
pišćele,18
wustajeńcy,18
drježdźanskej,18
šćećin,18
słónčna,18
pčołar,18
heinricha,18
smjetanka,18
jehlinowych,18
přeběžane,18
fruticosa,18
fragaria,18
jacq,18
kwětkow,18
drobna,18
wutrobojta,18
jězusoweje,18
rakečanskej,18
westfalska,18
klimu,18
łódźe,18
zacharias,18
amaryllis,18
araceae,18
bałdrijanowych,18
wopróšuja,18
bozanka,18
cachor,18
pers,18
elongata,18
nakromne,18
baker,18
brjohomaj,18
małksy,18
wutworjenju,18
nelson,18
pseudotsuga,18
urb,18
regionalny,18
queen,18
mahonija,18
staphylea,18
załom,18
hraničny,18
dripatka,18
kurymór,18
pódowy,18
jenje,18
krosnowar,18
dypkow,18
latin,18
fotografka,18
jětrowka,18
sadlička,18
zubica,18
blědy,18
filmje,18
arenosa,18
heft,18
aktiwity,18
klepsch,18
hannover,18
zakitowaše,18
cinnamomum,18
lěšćina,18
bywa,18
njepřisłuša,18
zwony,18
wotrožnik,18
mai,18
wosebitu,18
woršty,18
pedro,18
pablo,18
měškank,18
kołwróćik,18
łyšćica,18
dźěłaćerskeho,18
nałoženja,18
podocarpus,18
wobstejacy,18
rozhladna,18
bach,18
wódnjankowe,18
bergenija,18
bergenia,18
ailanthus,18
motawa,18
myricaria,18
calystegia,18
wjaz,18
meter,18
duchcov,18
finskeho,18
raděrowar,18
amerisko,18
lucy,18
frederick,18
tołmačer,18
chaos,18
volker,18
liebknecht,18
neruda,18
šlumpf,18
klětnoho,18
ochranow,18
armstrong,18
nico,18
vierkirchen,18
nieder,18
stap,18
mertin,18
lla,18
bałcar,18
gózd,18
salomon,18
night,18
nahuatl,18
domašojce,18
sachalinskej,18
flockenblume,18
polygonum,18
kwadratnym,18
łožišća,18
alijew,18
edwin,18
clinton,18
knothe,18
preußler,18
boguchwał,18
direktora,18
princesna,18
prawowědnik,18
kurijowy,18
tekstar,18
sněhakowarka,18
lotowe,18
přerěznje,18
bzež,18
archiv,18
velvet,18
wubranka,18
sapawje,18
penza,18
njemena,18
kaunasa,18
žrawc,18
ternopilskej,18
homela,18
pttk,18
čítanka,18
align,18
ru,17
lubań,17
stronomaj,17
sćijecy,17
zapis,17
muskich,17
carolina,17
wohrožene,17
burske,17
sowjetska,17
wjednistwo,17
pospyt,17
poradźi,17
tradiciju,17
bejmak,17
michałkowa,17
hamburga,17
traješe,17
jazyk,17
nur,17
politisku,17
ende,17
vor,17
georga,17
hrabje,17
tekstach,17
etnija,17
drježdźanskim,17
zgorzelec,17
bjedrichom,17
napisał,17
kita,17
fryca,17
ketlicy,17
brojer,17
boguwěr,17
ingrid,17
šołćina,17
conrad,17
lanzyna,17
albanšćina,17
bruny,17
katechizm,17
andrzej,17
rozdźěli,17
chorhoje,17
jadranskeho,17
najwjetšeje,17
dowolene,17
wšo,17
praski,17
kirche,17
docyła,17
wothladajo,17
zwjazki,17
přisłušnosć,17
centrumje,17
přidruži,17
narowny,17
skutkowali,17
přinošk,17
teksta,17
najznaćiša,17
who,17
webowy,17
jednorje,17
lynx,17
tamne,17
złóžki,17
krk,17
zastupuje,17
tekstowy,17
gramatiku,17
delnjoserbšćinje,17
kolesowanska,17
wikach,17
wylema,17
rozpušćenju,17
sprjewinym,17
pochadźaceho,17
słužbu,17
drježdźanskeje,17
ve,17
dokumentacija,17
mjezynarodnym,17
přełožene,17
serbisce,17
re,17
cypernska,17
sewjerowuchod,17
připóznaće,17
wariantu,17
hórnika,17
zwukowe,17
pisanju,17
mjeńša,17
němčinu,17
křiža,17
ćežkim,17
kamjenjow,17
slepoho,17
stawoweho,17
richarda,17
alpy,17
kyrkonošow,17
rěčnymi,17
najwuznamniše,17
zymy,17
ćah,17
planet,17
pomjenowanja,17
dnjom,17
samiske,17
fonologija,17
harmonija,17
dołhimi,17
uralske,17
njewotwisnych,17
najznaćiše,17
dadźa,17
belgiskej,17
typiska,17
nastał,17
jaroměr,17
wóslinku,17
załoženeje,17
podźělom,17
pomocy,17
clemens,17
dobrošicy,17
mužow,17
carja,17
wonkowna,17
rakuska,17
balkanskeje,17
juhosłowjanskej,17
wuliwom,17
nepal,17
great,17
awstralija,17
nabožiny,17
islam,17
himalaje,17
małka,17
wukraja,17
čłowjestwa,17
senegal,17
helena,17
čopa,17
oblasću,17
letišćina,17
njewužiwa,17
woršta,17
wjerchowstwo,17
pyrenejow,17
niskeje,17
poziciju,17
wienskeho,17
floribunda,17
hórske,17
spectabilis,17
florida,17
kosta,17
frizisce,17
adjektiw,17
mudra,17
oxford,17
deltu,17
zymu,17
kanady,17
sol,17
dan,17
almaty,17
połojcu,17
indoneska,17
powjercha,17
ameriskeje,17
dźowce,17
radijo,17
róžku,17
wotwisny,17
choćebuzom,17
kamjenskim,17
index,17
elementow,17
ćoplišich,17
lěkowanstwje,17
dypkate,17
rostlinje,17
ruce,17
lada,17
japanske,17
grosso,17
not,17
pusilla,17
canis,17
napadnje,17
rogow,17
kittlitz,17
picnjo,17
tšadow,17
podzemske,17
nektar,17
šwižnje,17
róst,17
urtica,17
wuwiwanje,17
podpěruje,17
zda,17
lightning,17
düsseldorf,17
wutwar,17
magazin,17
kumštny,17
pěskecy,17
drjewjana,17
wudobywachu,17
zagmejnowachu,17
šćeńca,17
galeobdolon,17
wodźiwjena,17
mócnarstwu,17
hranity,17
sylvaticum,17
dołheje,17
bronzoweje,17
brunicu,17
zaja,17
podobu,17
dołach,17
kćěwje,17
robinia,17
wětra,17
hriby,17
njenahladne,17
hładke,17
fagaceae,17
dubow,17
kónčku,17
drjewjane,17
kinspork,17
zygaena,17
dubia,17
nymphaeaceae,17
gigantea,17
mexika,17
juhozapad,17
wšudźe,17
tod,17
drjebiznje,17
přirjadowana,17
gaertn,17
hippocrepis,17
zelenu,17
srěnja,17
teucrium,17
rodomaj,17
hitler,17
wjacława,17
spicatum,17
bukow,17
zběžka,17
jastwa,17
přistupny,17
chěže,17
kurjo,17
wobškodźene,17
helmuta,17
zapisał,17
fuchs,17
society,17
samiska,17
jasne,17
felix,17
slawische,17
wopomnjenska,17
junge,17
bratra,17
rodźenej,17
bild,17
cyžec,17
krušwina,17
hedera,17
kałače,17
małowutkate,17
přesakliwe,17
poddružinje,17
pendula,17
slěborny,17
rudolfa,17
žiłan,17
aronia,17
worjech,17
njezapomnička,17
griseb,17
nicolaus,17
nowozałoženeje,17
mička,17
rawa,17
stanisława,17
klimy,17
kirgiziskeje,17
bobolcy,17
pomocnik,17
albrechtowce,17
olaf,17
dźěłošća,17
wissenschaft,17
napisy,17
ministra,17
zjězd,17
ernest,17
ladislav,17
begonia,17
erhardt,17
text,17
gagnep,17
wotchilenja,17
wołmica,17
póckowy,17
třilapate,17
lěpjacy,17
european,17
wodźizny,17
nathanael,17
gentianopsis,17
macrophylla,17
asparagus,17
sur,17
page,17
liang,17
kisalina,17
hnašecy,17
jancz,17
kaledźina,17
nawodnica,17
přezwuk,17
wuskutkuje,17
spěwom,17
thlaspi,17
mikawčkata,17
kompleksne,17
wobrazow,17
wotkrywar,17
gilbert,17
leach,17
wudrjeńcy,17
sima,17
akelaja,17
nde,17
chamaesyce,17
spergularia,17
pěskownička,17
datlowc,17
najznaćišich,17
akhani,17
elatine,17
widźenja,17
sebnitz,17
čarow,17
app,17
pachysandra,17
rohodź,17
róžat,17
reseda,17
pyracantha,17
jahlička,17
lolium,17
sólnica,17
madagaskara,17
stolistnik,17
munčik,17
łukojce,17
najznaćiši,17
nižozemsce,17
morjach,17
wuricy,17
zajdow,17
voigt,17
ralph,17
archiwar,17
hospodarskich,17
ken,17
kama,17
počinki,17
out,17
macdonald,17
johna,17
patrick,17
michałskeje,17
šepc,17
mikow,17
přećahny,17
studentskim,17
ministerstwje,17
chrjebi,17
raca,17
poradźowar,17
rěčic,17
garcía,17
tomáš,17
llo,17
awtonomneho,17
wujezd,17
wulkopólskim,17
faber,17
bozowc,17
sapawa,17
greenwich,17
dažin,17
njeserbuje,17
doprědkar,17
debsecy,17
wikowar,17
krajnoradneho,17
walther,17
smolensk,17
biochemikar,17
tony,17
płuwarka,17
giuseppe,17
bohuslav,17
naomi,17
prezidentowe,17
charkiwskej,17
donje,17
žymjerojce,17
černihiwskej,17
kura,17
awtach,17
napoleon,17
juristka,17
mjenowědnik,17
pohonč,17
michajlowič,17
baudouin,17
dejka,17
rick,17
reed,17
zabawjer,17
sudniski,17
trjebule,17
wojnar,17
etnograf,17
basketballowc,17
čop,17
dźalal,17
přerězne,17
elipsoid,17
nježenjeny,17
brjansk,17
transsibirskej,17
mansijska,17
januszpol,17
justowska,17
winnycje,17
odesaskej,17
homelskej,17
pp,16
dekan,16
ruka,16
budyšyn,16
chronice,16
radu,16
krónje,16
wjetšim,16
wobnowi,16
koncentraciskeho,16
bydlenskich,16
studnja,16
łódźi,16
domowinu,16
zaměrom,16
dźěławosće,16
žadaše,16
kulturnu,16
neda,16
njeporadźi,16
kruće,16
tradicije,16
nowinu,16
naćisk,16
wuspěšnje,16
gegen,16
hódne,16
ihre,16
prašenje,16
wjac,16
poslednjeho,16
zapadosłowjanske,16
ptački,16
archiw,16
změnje,16
kamjencom,16
smolerjom,16
tamnišeje,16
swjedźenje,16
nalěćo,16
worklečan,16
wowčerk,16
bjeńšowa,16
dobrucky,16
hórčanski,16
jacsławk,16
rachlowc,16
krawža,16
moller,16
dorothea,16
winarjec,16
wotpali,16
městami,16
rybow,16
ptačkow,16
ranja,16
volkskunde,16
województwo,16
pis,16
swójbach,16
razu,16
swójbnym,16
symbole,16
běža,16
milbradt,16
wužiwanju,16
lětdźesatkach,16
monarchija,16
zemjerženju,16
duchownstwa,16
dowoli,16
rektor,16
sedme,16
klóšterska,16
encyclopedia,16
hornjoserbska,16
vista,16
xp,16
tastow,16
brjoha,16
mecen,16
nomen,16
are,16
kózły,16
rěkaja,16
najhusćišo,16
seamonkey,16
škita,16
wětr,16
łaćonšćinje,16
jednotu,16
nju,16
bołharšćina,16
stawizniskich,16
cottbus,16
widźu,16
slěbro,16
folk,16
blind,16
směrje,16
polěpšenje,16
last,16
tomaš,16
ameriskej,16
zhotowjenje,16
přesydlenje,16
tworjacych,16
mištra,16
anny,16
tutymi,16
prawniski,16
zelenina,16
kauderwelsch,16
malta,16
sarajewo,16
usb,16
os,16
spěwaše,16
limba,16
wotemrěća,16
cuza,16
dźenik,16
njehladajo,16
kreis,16
struga,16
ródnej,16
junghänel,16
narowne,16
dźěłow,16
tuteju,16
dalšimi,16
třećej,16
hody,16
nn,16
ko,16
sen,16
rušćinu,16
pomnikami,16
korjenja,16
sufiksa,16
preč,16
moń,16
ker,16
romaniske,16
łaćonšćina,16
juhozapadne,16
judy,16
guido,16
wužiwatej,16
tworjachu,16
narěčach,16
přibrjohom,16
mongolska,16
laos,16
waliziska,16
definiciji,16
astana,16
iranom,16
turkowske,16
nastaća,16
bissau,16
libyska,16
edinburgh,16
bodo,16
armenjanow,16
wupada,16
wodźiznow,16
ćežke,16
sicilskeje,16
słuža,16
wuchodoeuropskej,16
liechtenstein,16
katalansce,16
wotrězku,16
marki,16
wotbagrowane,16
net,16
štomow,16
wood,16
hort,16
dum,16
microcarpa,16
wojerskim,16
mongolskich,16
nutřka,16
hłuboki,16
rěčnicy,16
sudanom,16
běžitej,16
spreewald,16
chrysta,16
naspomnjeny,16
sowjetskich,16
časow,16
turkskich,16
zašłych,16
wótc,16
poziciji,16
wěstych,16
golfa,16
wójnskeje,16
pućowanske,16
rozpřestrěwaja,16
problem,16
that,16
kruta,16
přeběh,16
zastupjerka,16
zapósłancy,16
skići,16
torhow,16
kwěty,16
caltha,16
jěrchenkojte,16
kapslowe,16
officinale,16
keluškowych,16
rumunšćinje,16
mnje,16
dokładnišo,16
africa,16
wolijowa,16
central,16
collection,16
lincoln,16
lepus,16
hus,16
smogorjow,16
wolije,16
thunderbird,16
frankobroda,16
krušwicy,16
golfu,16
pančic,16
mič,16
grós,16
rosenthal,16
kompozer,16
běłymi,16
spódk,16
třidźělne,16
domske,16
nawsowca,16
niederlausitz,16
tučnych,16
přikryw,16
wótry,16
přirodneho,16
hayata,16
sorće,16
słóncu,16
picea,16
gmejnomaj,16
colias,16
banjowcowych,16
banjowcowe,16
kapslowy,16
kuntze,16
módrozelena,16
našćěpane,16
wjacelětne,16
muell,16
gold,16
alpestre,16
dźěłał,16
havel,16
tribusow,16
rech,16
jonas,16
tworjace,16
krakowa,16
parku,16
wozjewjenje,16
korčma,16
błažij,16
pojednanjow,16
dźěłachu,16
dokładne,16
zeitschrift,16
bělšecy,16
gotthelf,16
graebn,16
fluitans,16
serbinje,16
běle,16
psychologie,16
apiaceae,16
henning,16
kandidowaše,16
briefe,16
kěrlušow,16
naprawo,16
nastork,16
rěčnicar,16
rychwałdźe,16
hudźbneje,16
posmjertne,16
bańki,16
najlěpje,16
swětlinach,16
namódreń,16
euraziji,16
plahuja,16
tenella,16
kerkowa,16
ser,16
pozdatna,16
rozrybowanju,16
něžny,16
njenapadne,16
royal,16
prosta,16
promjenja,16
zawoda,16
słušace,16
wosoboweho,16
zagmejnowanja,16
plata,16
carum,16
graminea,16
jenkecy,16
wochozach,16
filologiju,16
minakale,16
pech,16
wóčka,16
acanthus,16
wodźika,16
atom,16
pyšnica,16
narcisa,16
kaledonskej,16
valeriana,16
lěkarski,16
rjaponka,16
apocynaceae,16
ericaceae,16
lour,16
thomson,16
bohemica,16
pobrjohach,16
weblinks,16
clarke,16
eriophorum,16
nuda,16
zemskich,16
anthericum,16
filiformis,16
achimenes,16
rozhałuzowana,16
hromakowe,16
štwórta,16
douglasija,16
kislik,16
merr,16
wicekancler,16
nova,16
třiceći,16
symphoricarpos,16
dvd,16
riordan,16
rockoweje,16
liebe,16
filiala,16
finančny,16
wačoški,16
baby,16
techniku,16
curtis,16
düben,16
hłowy,16
wosobinska,16
hypericaceae,16
rakuski,16
štomowa,16
kawkaske,16
wuhnaty,16
čemjerca,16
podleži,16
dwudomnje,16
ichiro,16
kolij,16
hajowy,16
epipogium,16
teppner,16
platana,16
schiller,16
zapadołužiskej,16
ruta,16
saururus,16
sćina,16
moritz,16
odontites,16
diego,16
krüger,16
reimann,16
profesuru,16
małsecy,16
předměsće,16
gedichte,16
assembler,16
dick,16
erhard,16
pi,16
arnošće,16
kronos,16
wjesnu,16
sedlišćo,16
demokrat,16
proza,16
open,16
zeitung,16
psychiater,16
kazachski,16
sarajewje,16
boju,16
politice,16
cympl,16
turjo,16
pawlina,16
norman,16
bohotska,16
ludwiga,16
villa,16
miroslav,16
napis,16
drama,16
zaćahny,16
lubinski,16
fejetonist,16
elster,16
komunalny,16
rawpowa,16
evans,16
strittmatter,16
maurice,16
vattenfall,16
rólany,16
rozšěrjeneho,16
humanist,16
cass,16
łožišćow,16
rumex,16
procentami,16
clark,16
sopranistka,16
nowoseelandski,16
namórnik,16
mustafa,16
keith,16
torsten,16
spytecy,16
palow,16
irskeho,16
zoba,16
stawiznarka,16
statnych,16
jeniseju,16
roosevelt,16
pakistanski,16
zakarpatskej,16
sloboda,16
poltawskej,16
płuwar,16
wehner,16
gallagher,16
krajana,16
čerkasow,16
klemensa,16
schneeberg,16
priče,16
křesćana,16
ibn,16
budyšinej,16
planowar,16
doris,16
harold,16
ghanaski,16
přirodoslědźer,16
horca,16
šěrokostniki,16
orte,16
zawěry,16
aras,16
deret,16
dewastacija,16
bjezkonfesionelny,16
načolny,16
piwa,16
carstwu,16
jakutska,16
jakutskej,16
njemenu,16
kunratice,16
charkiwa,16
oazowe,16
ferganskeho,16
pismikowanju,16
uk,15
konserwatiwny,15
zažne,15
płoniny,15
tuchorskim,15
bjezstronski,15
młodźinskeho,15
krajam,15
młodźinskich,15
wobnowjenje,15
wuswobodźenje,15
měta,15
wukubłanju,15
njehodźi,15
zhubja,15
zasadźowaše,15
hladajo,15
přizamknje,15
delnjołužiskeje,15
ela,15
chołmc,15
zdónka,15
gera,15
znajemy,15
zapadosłowjanskich,15
alte,15
hauptmann,15
skutkowachu,15
wird,15
stajeny,15
zarys,15
deutsches,15
jizerske,15
peuker,15
knihownik,15
zetka,15
wuspěch,15
zbigniew,15
winar,15
dobrucký,15
mětowa,15
suchy,15
šlosar,15
ukrainjenjo,15
druzy,15
parkow,15
powołanske,15
zawody,15
bliskich,15
najniše,15
zhromadźene,15
hymny,15
zastupjerjow,15
praskim,15
jednanjach,15
wotpowědne,15
wobdata,15
karpatow,15
josip,15
swobodnych,15
zahroda,15
kajkosć,15
postup,15
funkcija,15
dwora,15
klub,15
křesćanska,15
info,15
koda,15
kromy,15
njeeksistuja,15
modus,15
kondicional,15
numerale,15
oe,15
ddr,15
ana,15
pruwowanje,15
lubosć,15
romana,15
hudźbnym,15
astronawt,15
wuwzaće,15
spis,15
swójskeho,15
molerja,15
zemrěł,15
litograf,15
hermana,15
nawopak,15
zahajichu,15
bjezwuwzaćnje,15
normalnje,15
pa,15
gk,15
indoeuropske,15
islandska,15
mac,15
bratisławje,15
varnsdorf,15
lubijska,15
kurs,15
wučbnicy,15
tydźenik,15
wudawa,15
lipšćanskeje,15
struktury,15
rěčespyta,15
centralnym,15
helsinki,15
skandinawiska,15
hot,15
rychtaŕ,15
slsl,15
mjezuja,15
spowědźi,15
česko,15
sorbischer,15
spyta,15
dźěćom,15
baćon,15
oktober,15
taiwan,15
požčonki,15
madźaršćina,15
fonemy,15
brody,15
sufiksom,15
euro,15
francošćiny,15
wojerowskeho,15
zwuraznja,15
mam,15
pronomenow,15
slavica,15
wóslinčanskej,15
dansce,15
chorwatšćina,15
brjohom,15
maćeršćina,15
programow,15
wolerske,15
ryćer,15
club,15
andorra,15
wojerecami,15
ph,15
buch,15
nabožne,15
winger,15
jubileja,15
federaciski,15
bliska,15
najmjeńšich,15
nowozałoženej,15
dalmaciska,15
najniši,15
francoskich,15
kulturow,15
dźibuti,15
sankt,15
wobydleny,15
sewjerozapadne,15
ala,15
šewčenko,15
wolodymyr,15
wójnske,15
lěsom,15
zwjazkarjow,15
baccata,15
purpurowa,15
ćichi,15
chilskej,15
mississippi,15
zakładneho,15
ludwik,15
woznamom,15
pušći,15
wonkownej,15
etiopiskej,15
zaliwom,15
nowoseelandskeje,15
bokach,15
persiskeho,15
kazachstanom,15
nazymu,15
malaysia,15
zwuka,15
sein,15
wisła,15
rujany,15
ir,15
wotpowěduja,15
blida,15
dictionary,15
srěni,15
zastaruje,15
brězana,15
geografiski,15
wikipediji,15
swětadaloko,15
rostlinami,15
fumariaceae,15
cuzy,15
kóncach,15
njenjesu,15
heute,15
postupowace,15
bóčnych,15
noze,15
ptaki,15
cycaki,15
nevada,15
single,15
under,15
little,15
ross,15
młodźinske,15
europaeus,15
panthera,15
felis,15
canadensis,15
darbnja,15
naundorf,15
strjažow,15
korjeninske,15
dosahuje,15
ruskusowe,15
pyšnu,15
zeserbšćena,15
ústí,15
zafarowani,15
hodźiny,15
kukowa,15
prokop,15
miłoćicy,15
marijineje,15
chodźa,15
kubła,15
chorowni,15
hermanecy,15
łopjenach,15
přidawk,15
přinjese,15
holocausće,15
ameriske,15
palustre,15
europe,15
haslow,15
sewjerowuchodneje,15
skulojćene,15
lancetojtych,15
lěsowych,15
podobnej,15
ličbne,15
aureum,15
borealis,15
wopłonjene,15
srědk,15
pjećlapate,15
worjechi,15
porach,15
šiškaty,15
spódka,15
cucurbitaceae,15
podrodow,15
šěre,15
rosea,15
rotundifolia,15
moschata,15
wustupowace,15
žołtobrune,15
wilde,15
bakterije,15
slub,15
jenak,15
wobmjezowany,15
fisch,15
acinos,15
monarda,15
bryonia,15
klada,15
nalěwo,15
katedrala,15
literarnych,15
bahorowa,15
vitaceae,15
romskim,15
reformje,15
murjow,15
dospołne,15
kazus,15
chcychu,15
tachantski,15
budyskemu,15
martrar,15
chwaćicach,15
dubrawy,15
systemow,15
naslědnica,15
poznań,15
lemišow,15
hlina,15
gesellschaft,15
lubjenc,15
erectum,15
rohodźowych,15
wobrys,15
njepřijomnje,15
lěhwje,15
łobjom,15
tachantskeje,15
filipendula,15
měchowcy,15
skalne,15
dwójna,15
nalěta,15
wopisana,15
cinerea,15
pozdatny,15
kisaliny,15
powědki,15
inspektor,15
pawołom,15
podpěrowar,15
sylna,15
nowozałoženeho,15
splendens,15
japonicus,15
jědojty,15
house,15
přeměnita,15
viscosa,15
wosadow,15
czerniewice,15
nawuknył,15
blidarski,15
kuty,15
hliny,15
hektarow,15
bohačesć,15
hórskeho,15
sauer,15
teil,15
nałožowanje,15
sorbisches,15
pursh,15
wuherski,15
radius,15
alowej,15
aloe,15
aronowe,15
engl,15
łopatkojte,15
impatiens,15
maxima,15
pěsta,15
wočinjene,15
namódra,15
group,15
odoratum,15
desf,15
wusahuja,15
lěćna,15
cypresa,15
wójwodstwa,15
cruciata,15
pojark,15
linn,15
pupawač,15
dipsacoideae,15
union,15
dychnička,15
mužakowje,15
uta,15
nazymska,15
hyacinthoides,15
larik,15
wisaja,15
crassula,15
celastraceae,15
sobuawtor,15
chiny,15
wagner,15
erythroxylum,15
fumarioideae,15
ćěmny,15
andach,15
metry,15
baza,15
trientalis,15
festiwalu,15
iso,15
standard,15
las,15
louise,15
wuslědźer,15
pyrola,15
mein,15
cochlearia,15
konsumentow,15
engel,15
kinder,15
first,15
feliksowy,15
italčan,15
rozšěri,15
křižomnikowe,15
daphne,15
cimicifuga,15
maniok,15
łusk,15
šćěr,15
kłubička,15
spergula,15
plesawka,15
wysoku,15
platanus,15
lampranthus,15
měšćanostu,15
vilémov,15
wołbramecy,15
naspomniła,15
uncarina,15
arundinacea,15
chrósćica,15
tuberaria,15
słónčnička,15
taxodiaceae,15
diferenca,15
hradec,15
leon,15
bibliotekar,15
pavel,15
twarskeho,15
jadroweje,15
ćichońca,15
brecht,15
weimar,15
dessau,15
venezuelski,15
programěrowanske,15
wobdźěleny,15
geografije,15
hebrejskeho,15
ernesto,15
franziska,15
oscar,15
gat,15
brückner,15
tworićel,15
rico,15
wehle,15
vanuatu,15
lubeje,15
ol,15
sejmika,15
fürchtegott,15
brunica,15
alexandre,15
occitan,15
şi,15
napisom,15
istáu,15
radlubin,15
ontario,15
wudobywa,15
modłeje,15
šwikawskej,15
grodkowskeho,15
wjesnymaj,15
guwerner,15
černika,15
muzejownik,15
lea,15
kartach,15
ampfer,15
bankownik,15
šachowy,15
diplomowy,15
kilometru,15
premierministrom,15
šyndlaŕ,15
jonathan,15
dona,15
zaporižžja,15
černihiwa,15
simferopola,15
murmansk,15
warmbrun,15
abablewo,15
januszowo,15
frankiwska,15
iwanofrankiwskej,15
šleca,15
willi,15
harrison,15
germanizator,15
andree,15
stepan,15
konstantinowič,15
sobotka,15
tadić,15
trout,15
edgar,15
antónio,15
algeriski,15
čerkaskej,15
angelo,15
jorge,15
grabina,15
stanley,15
terry,15
hornist,15
załožerka,15
wiolinist,15
fletist,15
dirk,15
morrison,15
verschwundener,15
bergbaubedingter,15
umsiedlung,15
bjezkonfesionelna,15
wopušćene,15
astrachań,15
statistisku,15
iwanowskej,15
wologodskej,15
hrodnjanskej,15
stepanakerta,15
türkmenabata,15
biškeka,15
old,14
šesćiměstow,14
wospjet,14
wojowachu,14
milčanow,14
wopomnišćo,14
znatej,14
wěriwych,14
ahrens,14
husle,14
big,14
hudźbne,14
pospyty,14
třěšneho,14
hudźbneho,14
narodnu,14
młodźinski,14
wjerbnje,14
strach,14
zdźerženje,14
koncerty,14
nazymski,14
poskići,14
dawid,14
nowo,14
wobwodow,14
přiłoha,14
česćowanja,14
kwas,14
wědomje,14
einen,14
mamy,14
swětowymaj,14
skutkowacy,14
sadźe,14
horní,14
brunicowym,14
wětošowje,14
nawodnistwom,14
republikow,14
pěsni,14
wuměnka,14
organist,14
kocora,14
frajšlag,14
sofija,14
wokrjesach,14
poskićuje,14
čestneho,14
narodninam,14
njesłušeja,14
lipšćanskeho,14
pasmow,14
wendisches,14
wjetšinje,14
monarchije,14
zastaranje,14
knježerstwje,14
třećeje,14
reformaciji,14
hadama,14
krajnemu,14
jědź,14
wobsahowe,14
meju,14
pěstowarnja,14
jězus,14
qui,14
padorunje,14
třěchu,14
xml,14
přidatne,14
sněh,14
instrumental,14
alfabetom,14
chirurg,14
český,14
najbliša,14
saarbrücken,14
městnami,14
skałarja,14
sćelaka,14
schöne,14
hara,14
njejewi,14
dnjej,14
maš,14
bliskeje,14
spisownu,14
wjenka,14
twjerdy,14
heine,14
pozdźiše,14
prawe,14
ewangelskim,14
bohu,14
kp,14
tabela,14
mal,14
tamariska,14
oficielny,14
wažnych,14
pólšćinu,14
moderny,14
fonetika,14
wobšěrny,14
historische,14
sahaja,14
natwariła,14
počasu,14
hanso,14
rowno,14
zarjadniskeho,14
dźewjaty,14
naby,14
miłoraz,14
přitomnosće,14
hatna,14
brjóh,14
musiat,14
sunt,14
makedonjan,14
komponenty,14
jentsch,14
ptači,14
sobota,14
zahrodne,14
rjany,14
kóń,14
wokna,14
apryl,14
junij,14
gregorianiskej,14
germanskich,14
přiwuznosć,14
substantiwach,14
stopnjowa,14
infinitiw,14
časte,14
narod,14
alternatiwne,14
podaće,14
fu,14
zwukow,14
estiski,14
zdónki,14
ródne,14
městnych,14
hić,14
kónča,14
italske,14
morfologija,14
telewiziji,14
karće,14
pjata,14
madrid,14
meißen,14
runinu,14
znajomosće,14
ff,14
ae,14
reise,14
nuknica,14
róžanta,14
njebjelčic,14
šmidentala,14
chróšćanski,14
linz,14
wulkobritaniskeje,14
čerwjenu,14
nacionalsocialistiskeje,14
winowe,14
ludnosći,14
bjezstrašnosće,14
wojerskeho,14
mont,14
wobhladuje,14
hamtske,14
kontinenty,14
oktobrom,14
włóska,14
porto,14
faso,14
najsewjerniše,14
tharunšćina,14
ličakach,14
dlěša,14
wupadaja,14
podnjesterskej,14
jabłuka,14
wasser,14
italskeho,14
hebrejsce,14
stejitej,14
dwina,14
starowěku,14
wójwody,14
podnjesterska,14
wotstawkom,14
płodami,14
fragrans,14
cheng,14
kulturneje,14
belize,14
mongolow,14
dwurěčnych,14
najwuznamniša,14
nutřkownej,14
ge,14
nila,14
habola,14
indoneskeje,14
narodźenja,14
swjeća,14
arabski,14
znateho,14
frunze,14
azerbajdźanska,14
koreji,14
dóstał,14
wiesbaden,14
słowjensce,14
wulkoměsće,14
priwatne,14
firma,14
spadkow,14
zańdźenosći,14
najmjenje,14
originalna,14
larwy,14
urania,14
gartendatenbank,14
nemorosa,14
sukach,14
błyšća,14
rědka,14
taksonomija,14
dorosta,14
bantu,14
wobsydlenje,14
aktualne,14
wěc,14
archeologiske,14
pomoc,14
british,14
georgia,14
robin,14
wahu,14
psy,14
tiger,14
vulpes,14
littoralis,14
kóčkow,14
sněhowy,14
neudorf,14
sydlišćach,14
neuendorf,14
popojce,14
senftenberg,14
dolnoserbskeje,14
mjenja,14
płótna,14
nolinoideae,14
štyriličbne,14
statoki,14
njebjelčanskeje,14
wohnju,14
pazlic,14
smječkecy,14
woko,14
pruske,14
lubijskej,14
židowskeho,14
pratense,14
worcyn,14
knježa,14
čerwjenowioletne,14
módrowioletne,14
aceraceae,14
zrawja,14
latifolium,14
siebold,14
połsćinje,14
łučinje,14
lipowych,14
hódnota,14
podlěši,14
bartko,14
wutworjenja,14
bónčawowe,14
rich,14
wotrohu,14
myš,14
cav,14
fragilis,14
erecta,14
seybold,14
standl,14
integrifolia,14
kwěćikaty,14
smužkaty,14
swětowy,14
wužiwali,14
virginiana,14
płónčik,14
uniflora,14
berlinskej,14
zdźisława,14
róčnicy,14
literarneho,14
wosadnu,14
wobydlene,14
sedło,14
jablonné,14
morawski,14
předstajenja,14
berger,14
wjelećinje,14
siedlung,14
jiłow,14
ćahi,14
měrkow,14
chasow,14
nacionalsocialistiskim,14
susodnymi,14
bartskeje,14
tworjenja,14
wikowanskich,14
hrodźišćom,14
goethe,14
šěrokej,14
najwyšeho,14
protykar,14
wučerske,14
třihranity,14
fronće,14
collina,14
kiliana,14
kontakty,14
museum,14
ćmowomódre,14
hannes,14
ivo,14
xx,14
wioletna,14
šěrozelena,14
elbe,14
serbiskeho,14
berlinskim,14
germanistiku,14
klin,14
hudźbnikow,14
wuskim,14
weg,14
hru,14
josefa,14
šěrachowje,14
čaj,14
saxatilis,14
aruncus,14
lucida,14
humilis,14
přewisuja,14
ćmowočerwjene,14
canina,14
winowa,14
sobudźěłaćerka,14
christa,14
wuměłska,14
barbjerska,14
reich,14
konop,14
industrija,14
sok,14
tricolor,14
lěpjaca,14
lupina,14
łučinach,14
wuběrny,14
sekretarom,14
woblubowana,14
móličke,14
hroda,14
hromadnik,14
malešanskeje,14
śląski,14
instituts,14
informacija,14
tydźenskeje,14
wobzamkny,14
literaturow,14
jednaše,14
chmjel,14
vera,14
variegata,14
narcissus,14
mnoholičbnych,14
splažny,14
adoxaceae,14
handwörterbuch,14
brězowe,14
płódnistwa,14
capitata,14
hrjebach,14
dypka,14
škripina,14
veg,14
htm,14
pyrenaica,14
bukowina,14
hlebjojta,14
virginia,14
cordifolia,14
hist,14
reticulata,14
kaliforniskej,14
dipsacaceae,14
źěwink,14
hokowc,14
