word,count
են,200327
ծրագիր,129510
էր,109981
թվականի,87874
թվականին,82949
ծանոթագրություններ,71656
նաև,66389
լինեար,64369
սոկոռո,64229
որ,60225
ուկրաինայի,58859
ռուսաստանի,56005
իր,55620
արտաքին,55204
կազմում,52135
հղումներ,50976
ու,49838
շրջանի,47441
կմ,46545
մարզի,44794
որը,42940
բնակավայրեր,42323
հետ,42238
աստերոիդների,41444
նա,41191
այն,40291
ին,39649
մեծ,39237
րդ,38126
այդ,37983
մի,37332
համար,37249
է։,36675
էին,36225
կամ,34711
նրա,34391
առաջին,34248
գյուղ,33960
իսկ,32720
հայ,30423
պիկ,30409
կիթ,30339
սփեյսուոչ,30152
հայաստանի,29353
վրա,28507
որպես,28322
սեպտեմբեր,28111
կողմից,27637
այս,27489
հետո,27153
կայքում,26742
մեջ,26417
ըստ,25388
տվյալներով,25360
այլ,25233
գտնվում,25033
գյուղեր,24883
մարդ,24817
ավելի,24656
մարդ։,24611
բնակչության,24250
հոկտեմբեր,23770
մինչև,23057
որոնք,22627
մասին,22406
կարող,22229
եղել,22178
ժամանակ,22011
բնակչությունը,20696
բնակավայրերի,20567
ինչպես,20463
գետի,20327
հիմնական,20213
սակայն,20175
տես,20034
մեկ,19680
ոչ,19191
պետական,18812
ցանկ,18477
ջրային,18233
ազգային,18224
նոր,18096
նահանգի,17889
էստոնիայի,17863
երկու,17759
մոտ,17746
քանի,17657
հայկական,17424
հանրապետության,16747
շրջանում։,16234
էլ,16181
մաունթ,16145
մարտ,16055
լեմոն,16053
ունի,16029
պալոմար,16002
կազմում։,15913
համար։,15906
ընթացքում,15884
որի,15881
արևմտյան,15676
շատ,15526
ամբողջական,15475
դարի,15445
հայտնի,15341
որտեղ,15190
երևանի,15083
նոյեմբեր,14979
երբ,14929
նրանց,14864
թթ,14406
դեկտեմբեր,14180
օգոստոս,14005
միայն,13882
բնակվում,13850
թվականներին,13716
չի,13710
վրա։,13634
պաշտոնական,13557
տարբեր,13403
շրջանում,13178
փոքր,13078
հունվար,12854
հետ։,12650
ֆիլմեր,12650
նրանք,12596
մեջ։,12457
երևան,12418
փետրվար,12327
մարդահամարի,12316
անգամ,12291
իրենց,12262
նրան,12252
համալսարանի,12173
բոլոր,12161
հայտնաբերված,12114
գյուղում,12050
ապրիլ,11871
երկրորդ,11833
ամն,11740
աստերոիդներ,11682
միջին,11642
գլխավոր,11351
վարչական,11003
զբաղեցնում,10889
տեղի,10846
թվականից,10785
թվականին։,10784
բայց,10564
շրջան,10549
գերագույն,10516
ուղեծրի,10500
հեռավորության,10471
հհ,10137
հյուսիսային,10052
պատմություն,9788
հայաստանում,9782
ով,9708
որոշ,9654
չեն,9570
ընդհանուր,9524
շուրջ,9454
անդերսոն,9446
որն,9316
մասը,9296
են։,9290
մտնում,9287
քաղաքական,9278
միջազգային,9244
է՝,9231
խորհրդային,9224
անվան,9118
ում,9117
ժամային,9104
մեսա,9093
արբանյակային,9052
գոտիները,9045
խտությունը,9036
ցանկը,9021
վերջին,9000
ռադայի,8988
հետազոտություն,8957
ամերիկացի,8957
համապետական,8952
ից,8906
հին,8780
թե,8760
ամերիկյան,8751
պետք,8624
կոդը,8565
աղբյուրներ,8561
օր,8554
սուրբ,8467
տարի,8456
ունեցել,8407
գրանցված,8404
տարածք։,8403
քաղաքի,8390
լավագույն,8385
էր։,8304
քան,8239
ֆրանսիայի,8227
արդյունքները,8184
աշխարհի,8166
դեպի,8149
համարվում,8087
մայիս,8081
խսհմ,7968
տվյալներ,7906
դեմ,7865
երեք,7832
լուսանկարներ,7771
զարգացման,7712
շարք,7643
գավառում։,7618
քարտեզներ,7568
կատարում,7557
շրջանների,7524
ներքին,7504
համաշխարհային,7479
դուրս,7442
գետեր,7314
նույն,7286
հիմնադրված,7286
բարձր,7282
պատմության,7252
դեպքում,7218
բազմաթիվ,7211
ծնվել,7191
կատալինա,7148
հանդես,7127
իտալիայի,7097
բնակչություն,7058
հայոց,7046
կայք,7024
կենսագրություն,7002
վան,6990
դա,6979
հիմնականում,6975
հիդրոլոգիական,6972
արևելյան,6919
պատկանում,6917
որոնց,6886
երկրի,6828
պատերազմի,6821
տալիս,6795
ին։,6781
ունեն,6777
ական,6756
հայտնաբերվել,6721
հաճախ,6706
լա,6672
պատճառով,6660
տարեկան,6655
տվյալները,6638
ուսումնասիրությունների,6627
հարավային,6620
բնակավայրը,6557
թվական,6539
համայնքի,6536
սմոլենսկի,6475
եւ,6474
եթե,6424
էջ։,6418
ստացել,6417
ծնունդներ,6353
կազմի,6283
գրականություն,6255
դարձավ,6236
տվյալների,6200
միջև,6194
կենտրոնի,6193
իրար,6164
վերին,6162
ուներ,6120
ամբողջ,6087
հատուկ,6081
դարձել,6072
օրվա,6067
ապա,6057
աշխատել,6056
ռուս,6052
մասնակցել,6041
աստերոիդը,6028
վիճակագրության,5987
խմբեր,5982
հայաբնակ,5959
գիտությունների,5958
ժամանակ։,5954
հիմնադրվել,5945
անդամ,5927
հետագայում,5921
կողմից։,5919
երաժշտական,5903
ինստիտուտի,5884
աստիճան,5879
հրատարակչություն,5862
խմբի,5848
ունեցող,5805
հարակից,5802
դեկտեմբերի,5800
կապված,5779
բառարան,5775
տարածքը,5754
հեռավորությունը,5715
մոտենում,5705
սպեկտրալ,5687
կյանքի,5657
արդեն,5652
կայքում։,5617
գրանցամատյանի,5612
գալիս,5611
գտնվող,5609
կենտրոնական,5573
առաջ,5555
ավարտել,5545
արեգակի,5543
հեռանում,5526
մոլորակների,5492
գիտական,5483
ռազմական,5483
չնայած,5465
քաղաքում,5456
աստղագիտական,5455
ժողովրդական,5443
գոտու,5442
հուլիս,5424
հատորով,5406
սեպտեմբերի,5402
մարտի,5399
մեկը,5397
հասարակական,5397
դասեր,5393
ռդ,5374
օգոստոսի,5334
մարմիններ,5334
պատմական,5296
մայիսի,5292
ընտանիքներ,5287
գյուղի,5272
արվեստի,5266
երկրային,5255
աստերոիդ,5255
ինչ,5239
ռուսական,5224
տեղանունների,5218
ժամանակակից,5216
առավել,5215
դրա,5214
բացի,5207
ֆիլմի,5204
տարվա,5203
կարելի,5202
հաուտեն,5197
ռեսուրսների,5194
էջ,5193
այստեղ,5191
միջինում,5188
ավազանային,5179
քաղաքներ,5174
կան,5155
դիտարկումները,5141
օրինակ,5140
կարմիր,5134
տնտեսական,5134
հանդիսանում,5134
կոմունա,5131
արեգակից,5112
մարդու,5111
բաշկորտոստան,5094
օգտագործվում,5090
այլն։,5080
երկարությունը,5079
կարևոր,5062
առավելագույնը,5051
արագությամբ։,5015
պտույտ,5005
հունվարի,4986
ուղեծրով,4979
խավարածրի,4976
քաղաք,4968
աստերոիդի,4966
անկյուն։,4964
շարժվելով,4958
կեդրոն,4947
հարցերու,4943
ուսումնասիրութեան,4942
արեւմտահայաստանի,4941
արեւմտահայութեան,4941
մշակույթի,4933
հարթությունները,4915
հոկտեմբերի,4914
վիլայեթի,4911
կոչվում,4910
նման,4897
են՝,4884
տեղակայված,4879
միության,4871
դառնում,4869
դրանք,4840
արդյունքում,4838
գետ,4819
գոտում։,4818
մյուս,4816
բրազիլիայի,4808
ապրիլի,4802
դե,4755
ռուսաստանում,4753
հուլիսի,4708
ունենում,4704
հարավ,4702
նախկին,4687
հունիսի,4683
գերմանիայի,4647
հյուսիս,4615
մեկը։,4599
եկել,4594
ամեն,4593
նոյեմբերի,4587
անց,4585
խոշոր,4583
ստեղծվել,4583
ակտիվ,4570
ֆուտբոլիստներ,4562
կոդ՝,4518
նույնպես,4489
գործում,4479
ես,4475
քաղաքը,4453
առանց,4450
վիճակագրություն,4418
գրել,4406
որպեսզի,4398
հատկապես,4371
հոսում,4364
կազմված,4361
սկսել,4348
ալ,4342
գրական,4318
դարում,4306
հենց,4283
չէր,4251
դրությամբ,4243
հանդիպում,4228
կազմել,4222
մարդկանց,4205
հեռախոսային,4201
կա,4189
եկեղեցու,4168
մարզում։,4158
փոստային,4153
մասին։,4127
թույլ,4109
ավազանի,4103
ինքնավար,4099
դրանց,4095
վաղ,4094
առանձին,4094
միլիոն,4094
տակ,4085
ոսկե,4063
ներկայացնում,4058
երրորդ,4058
նկատմամբ,4054
անհրաժեշտ,4053
կին,4053
ալեքսանդր,4048
փետրվարի,4031
մոսկվայի,4028
շնորհիվ,4026
կառավարության,4023
մինչ,4016
երգի,4013
խաղում,4013
գոյություն,3997
ձախ,3985
ծովի,3980
գյուղական,3979
կարգով,3979
երկար,3974
այնուհետև,3973
լավ,3961
համակարգի,3955
ընտանիքի,3952
համաձայն,3951
նյու,3939
ցույց,3924
հնարավոր,3918
թվականին՝,3918
լույս,3912
տարիներին,3908
աշխատանքի,3903
օսմանյան,3893
բնական,3882
բաց,3882
նվիրված,3871
տարածքում,3850
անդամներ,3836
սովորել,3834
այլն,3825
միջոցով,3820
սև,3819
հետևյալ,3816
բաժանում,3805
համաձայն՝,3802
թուրքիայի,3795
եվրոպայի,3784
եվրոպական,3772
գավառի,3763
մրցանակի,3752
ֆրանսիացի,3751
հազար,3750
լինում,3740
տարածված,3712
ազատ,3710
շրջանավարտներ,3700
սպիտակ,3696
աջ,3694
մշակութային,3693
ակադեմիայի,3689
գրականության,3687
չէ,3683
ֆրանսիական,3681
այբբենական,3675
տուն,3673
իսպանիայի,3652
կայսրության,3651
ևս,3620
օրինակ՝,3611
գործիչներ,3610
ինստիտուտ,3605
որոշակի,3590
թվում,3579
հունիս,3550
սոցիալական,3543
դաշնության,3539
յուրաքանչյուր,3533
աշխարհագրություն,3513
ֆուտբոլի,3511
ուշ,3493
կատարել,3492
աշխատում,3480
քիչ,3462
հալեկալա,3452
չորս,3449
ընկերության,3449
իրեն,3443
որոնցից,3436
այնպես,3432
ֆիլմը,3432
համայնք,3422
գրված,3413
անցնում,3411
եղեռնի,3403
սովորաբար,3387
զոհվել,3376
պահպանվել։,3369
որից,3358
սկսում,3356
ինչը,3354
երգը,3343
գործիչ,3333
այժմ,3333
մեր,3333
թվականների,3324
նշանակում,3314
թատրոնի,3313
ստեղծել,3310
գրող,3271
գործակալության,3268
խորհրդի,3266
ապրում,3264
որում,3262
ձեռք,3250
շրջաններ,3246
պատկերասրահ,3242
թուրքական,3239
սան,3238
գրեթե,3229
գեղարվեստական,3227
մրցանակ,3221
հովհաննես,3218
երբեմն,3204
կառուցվել,3204
օբյեկտի,3199
հխսհ,3194
քաղաքային,3194
անվանում,3194
մահեր,3194
ժամանակի,3182
գետն,3167
մարզում,3165
սեփական,3162
համարը,3155
բնակչությունը՝,3144
սա,3128
ժողովրդագրություն,3127
լինել,3117
շրջանին,3110
հավաքականի,3110
մարդկային,3106
իտալիայում,3087
երիտասարդ,3084
ստանում,3082
նախագահ,3076
նույնիսկ,3072
հաջորդ,3065
սկսեց,3060
օգտագործում,3050
հայաստան,3036
խարկովի,3028
հասնում,3023
որևէ,3022
տեղ,3021
խտությունը՝,3016
այնտեղ,3015
բաղկացած,3004
անունը,2999
այնպիսի,2998
գործունեության,2997
տնտեսություն,2997
հուշարձանների,2992
վաստակավոր,2988
միասին,2987
տղամարդ,2984
լիգայի,2973
ռեալ,2967
լայն,2966
գերմանական,2964
տեղահանվել,2962
եմ,2957
սկսած,2954
սմ,2941
համախառն,2932
բարձրագույն,2930
քաղաքից,2930
սիլյա,2930
ֆուտբոլային,2927
քիմիական,2923
բռնությամբ,2907
հետևանքով,2898
բժշկական,2892
աշխարհագրության,2889
արժանացել,2888
այժմ՝,2883
հայերեն,2882
զբաղվում,2879
ներառում,2875
դեր,2873
սկզբին,2868
դերասան,2866
մարմնի,2861
բրիտանական,2857
գետաբերանը,2852
դեռևս,2851
ովքեր,2844
ողջ,2844
հիման,2835
ռեժիսոր,2834
ը։,2832
դեռ,2825
օլիմպիական,2819
խումբը,2818
գրիգոր,2814
սկզբում,2811
գրողներ,2811
ֆիզիկական,2803
ինդեքս՝,2799
հռոմեական,2798
անունով,2791
մահացել,2780
վիճակագրությունը,2774
էլեկտրոնային,2769
մարդիկ,2767
ջրատնտեսային,2766
բնորոշ,2763
թիվը,2755
եկեղեցին,2754
ջոն,2753
երկրների,2726
գերմանացի,2723
անգլերեն,2720
ճանապարհին։,2712
դպրոցի,2709
վերաբերել՝,2708
պետության,2694
ռոստովի,2690
միացյալ,2689
կառավարման,2684
տարածքի,2680
անձնական,2674
բնակավայրի,2672
առաջանում,2671
մարզ,2670
արաբական,2669
տեղափոխվել,2669
գյուղը,2654
այսպես,2647
կախված,2645
անվանումները,2644
գետային,2630
առաջնության,2626
հաշվով,2624
անվանումը,2623
արցախի,2622
անդամ։,2619
ինչպիսիք,2617
ֆիլմում,2617
հետո։,2614
շարժման,2612
դերասաններ,2610
ակումբի,2602
բանակի,2600
առկա,2599
նախկինում,2599
վերաբերյալ,2593
միակ,2584
պարունակում,2582
կարճ,2582
կուսակցության,2581
մեկն,2580
աքսորի,2580
նկարահանվել,2575
իրական,2571
ներկայումս,2569
ծանր,2561
դաշնային,2560
ավագ,2552
մոտ։,2550
դրանից,2543
խիստ,2540
սայդինգ,2535
աշխատանքային,2527
թվականներին՝,2526
աստղադիտարան,2520
ծրագրի,2519
ը՝,2517
լեռնային,2508
իմ,2506
ունեցած,2499
դասական,2493
գրանցման,2491
հայերի,2486
տվել,2479
աշխարհում,2479
գրավում,2477
ընկած,2475
էկոլոգիան,2472
դար,2462
անկախ,2452
որոշում,2450
վրաստանի,2449
կրկին,2443
հնարավորություն,2431
հետխորհրդային,2420
հեղինակ,2414
էրզրումի,2410
որին,2406
անգլիացի,2403
ունեցավ,2401
հարուստ,2381
միաժամանակ,2379
թվականը,2379
նկարիչ,2379
մասում,2376
քաղաքացիական,2369
սումիի,2369
նախագահի,2367
վանի,2365
ներկայացված,2360
վերջինս,2353
սփրինգ,2351
երաժշտության,2349
ապրել,2345
մետր,2343
արտադրության,2338
բնության,2338
թագավորության,2337
ուժերի,2332
գերելս,2327
անվանափոխումներից,2326
գրունևելդ,2321
պոլտավայի,2318
ընդամենը,2309
խաղացել,2308
պայմանավորված,2307
ջրի,2307
հետագա,2300
ցածր,2299
ավան,2295
օրը,2293
անգլիայի,2292
դերը,2283
ֆեդերատիվ,2282
դվինսկո,2279
պաշտպանության,2278
արդյունքը,2272
մակ,2272
տվյալ,2265
աշխարհագրական,2263
տեղամասը՝,2263
նշվում,2262
կյանքը,2261
կենտրոն,2257
եկեղեցի,2250
արագ,2246
ժողովրդի,2243
տվյալներն,2242
պեչարսկի,2240
զինված,2239
միջնադարյան,2236
մնում,2233
քաղաքում։,2228
արևելք,2228
այնուամենայնիվ,2226
իշխանության,2226
հինգ,2218
թատերական,2217
նպատակով,2210
թիվ,2210
անցել,2206
թվականից՝,2202
պրոֆեսոր,2201
հատորի,2196
գիտության,2195
դպրոց,2193
կատարվում,2189
սովետական,2188
տեր,2187
նշանավոր,2183
ստացավ,2182
ալբոմի,2182
պարզ,2179
արյան,2179
միջև։,2176
օգտագործել,2168
ժիտոմիրի,2160
տեսչության,2151
խումբ,2149
զբաղվել,2140
ստորին,2139
կոմունայի,2139
կրոնական,2129
կանանց,2122
լեզվի,2121
համարում,2120
սկսվում,2117
ին՝,2117
տեղական,2109
մասնակցում,2108
սյունիքի,2107
մասնավորապես,2105
ամենամեծ,2104
կենդանիների,2091
սկիզբ,2089
գավառակում։,2082
հունական,2078
թողարկումն,2076
հավասար,2075
պահպանվել,2074
հիմնված,2069
այնքան,2067
ընկնում,2067
ալբոմը,2066
գա,2063
աչքի,2060
համապատասխան,2059
հոգևոր,2054
բավականին,2050
շուտով,2046
երկրամասի,2045
թագավորական,2041
նախատեսված,2040
առաջացել,2036
մակերեսը,2027
ենք,2025
տեսակի,2022
տեսության,2022
մարտակերտի,2022
պայմաններում,2016
միավոր,2016
ֆրանսիայում,2011
փոփոխությունները,2010
կմ։,2009
երգեր,2008
բաժնի,2006
ադրբեջանի,2004
հասել,2003
հասարակության,2001
ծառայության,2001
վիննիցայի,1997
հանրային,1996
ցանկացած,1994
պատմությունը,1992
բանաստեղծներ,1991
էլստ,1989
միևնույն,1983
բերում,1972
իտալացի,1968
տեխնիկական,1964
բերել,1962
երեխաների,1962
բիթլիսի,1961
հնագույն,1960
նշանակություն,1959
տակ։,1957
գրքի,1953
թողարկվել,1951
փորձում,1950
կարողանում,1948
կիրառվում,1945
կառուցված,1940
ուժեղ,1939
պրովինցիայի,1932
կազմակերպության,1931
կրում,1929
քաղաքատիպ,1928
մասի,1926
երկրներում,1925
կրթություն,1925
վերաբերում,1923
համակարգը,1922
միջոցով։,1917
խմելնիցկիի,1917
ափին՝,1916
ցանկում,1915
դեպքեր,1912
ռոբերտ,1911
միշտ,1905
դափնեկիրներ,1898
ենթարկվում,1897
մաշտոցի,1892
ֆիլմ,1889
իտալական,1887
շարունակում,1881
ստիպված,1881
նիկոլայ,1876
ուղղված,1875
աստիճանի,1872
անգլիական,1867
կենդանի,1866
բաժանվում,1864
կազմավորվել,1862
տեսել,1860
ֆուտբոլիստ,1859
պրոֆեսիոնալ,1856
սկզբնական,1855
մշտական,1854
տնտեսության,1852
որով,1851
զգալի,1847
ամերիկայի,1845
բարդ,1840
թանգարան,1837
ափին,1835
ներկայիս,1834
միջնակարգ,1831
գավաթի,1830
դոնեցկի,1829
սանկտ,1827
ընտրվել,1826
լոս,1822
հերթին,1821
դերասանուհի,1820
կայքը,1816
ազդեցություն,1816
բույսերի,1814
կոդը՝,1809
առաջացնում,1808
կապի,1805
բանաստեղծ,1801
ասում,1790
գործող,1787
մահվան,1784
մաս,1779
փոքրիկ,1779
ականների,1772
հայրը,1771
թագավոր,1770
գեներալ,1767
գործունեությունը,1765
կյանք,1763
մոտավորապես,1762
ստեղծման,1759
տնտեսապես,1759
համայնքներ,1758
նշում,1753
գործունեություն,1751
դու,1741
սեռական,1740
դպրոցը,1739
արևմուտք,1739
դարերում,1738
տարբերություն,1738
թվաքանակի,1738
խորհուրդ,1736
տվյալները՝,1734
ավանդական,1731
ավազանը,1726
թվով,1726
հռոմի,1726
ցանկանում,1725
աշխատանքները,1724
սեբաստիայի,1724
տարբերվում,1723
սովորական,1719
թիմի,1719
մասամբ,1719
այդպիսի,1716
սկսեցին,1716
խաղի,1715
էին։,1714
գրվել,1714
չեմպիոն,1711
ճիշտ,1708
ընդունվել,1707
ուսումնական,1706
մարդկանցից,1705
գետը,1704
օգտագործվել,1703
ստեղծագործական,1701
գրողների,1701
հիթ,1701
նշել,1698
չէին,1698
ստեղծված,1698
խաղերի,1696
անհատական,1690
գրում,1687
ֆինանսական,1687
մեկի,1687
ընկերությունը,1686
մենք,1682
մնացած,1682
համակարգ,1681
ընդ,1677
մանկական,1672
վլադիմիր,1672
գործել,1671
պայմանագիր,1670
գյուղատնտեսական,1669
աղբյուր,1667
ենթաավազանը,1666
թուրք,1666
վեր,1665
թվականներ,1664
հաստատվել,1664
զինվորական,1663
աշխատունակ,1658
համատեղ,1657
մասնավոր,1657
մունիցիպալիտետ,1657
կոչվել,1654
հայերը,1653
հակոբ,1653
պարգևատրվել,1647
կրթության,1645
հաղթել,1644
կառույցներ,1644
այլև,1643
հայրենական,1641
դերասանուհիներ,1635
գիրք,1633
տեսնում,1632
մասն,1632
սկսվել,1630
մարզում՝,1621
պատվավոր,1621
չորրորդ,1618
եզրափակիչ,1617
մայրաքաղաք,1617
շնչի,1616
եկավ,1615
մրցանակներ,1614
էջը,1613
նկարահանված,1611
մարտին,1609
աճում,1606
մահից,1606
խսհ,1604
ասել,1599
անվանվել,1597
նյութերի,1595
դրական,1595
լինելով,1593
լճի,1592
ժողովածու,1591
տվեց,1589
գևորգ,1588
մանկավարժական,1584
ծագում,1583
բարձրության,1583
ընթացքում։,1581
ծովային,1580
դը,1580
բնակիչ։,1579
նովգորոդի,1579
ազդեցության,1578
ձևով,1577
ռոք,1576
վերջինիս,1575
թվում՝,1572
գյուղից,1572
տարածությունը,1571
լևոն,1565
փարիզի,1564
զարգացած,1562
այսօր,1562
արդյունքները։,1561
շքանշանի,1559
հարաբերությունների,1559
նոբելյան,1559
կոչված,1558
ղրիմի,1556
լեռան,1553
հեռու,1546
անշարժ,1546
կնոջ,1542
մոսկվա,1542
գերմանիայում,1542
այսպիսով,1541
դպրոցում,1541
պատերազմ,1540
տեսակ,1537
նշանակվել,1535
կերպով,1533
երկիր,1533
մարտական,1533
հայտնվում,1532
մմ,1530
դավիթ,1529
կարիերա,1529
դոկտոր,1527
ծնվածներ,1525
զորքերի,1524
ընդգրկում,1523
հուշարձան,1521
կանտոնի,1521
իրավունք,1520
սերգեյ,1520
գործողությունները,1519
սոցիալիստական,1516
դեմ։,1513
հոր,1511
գավառ,1511
եվրոպայում,1510
բաս,1510
ազատագրական,1509
բնակիչներից,1508
ճանաչում,1507
գնում,1506
կառավարությունը,1505
ջեյմս,1498
և՛,1494
թեև,1494
ամիս,1494
վրացական,1494
գիրքը,1493
մայր,1493
հաստատել,1492
պարգևներ,1491
իսպանական,1491
տոնը,1490
գտնում,1490
տիգրան,1490
էլեկտրական,1488
պահին,1488
մեդալ,1485
տեսակներ,1485
եվ,1482
ում։,1482
ծառայել,1482
ղեկավար,1482
լենինգրադի,1481
ստեղծում,1480
մարդը,1478
հիվանդության,1478
անմիջապես,1475
տեղը,1474
լուսանկարները։,1471
երևանում,1470
գեղարվեստի,1470
լոնդոնի,1470
մակարդակի,1467
համապատասխանում,1466
հավանաբար,1465
եպհ,1465
լինի,1463
ընտանիքում։,1462
տարիների,1460
ակտիվության,1460
ինչի,1456
քանակը,1455
նախարարության,1454
պատճառով։,1453
գործերի,1453
գրավել,1453
կիրովոգրադի,1452
պետերբուրգի,1451
կենտրոնը՝,1450
նշված,1448
հիվանդությունների,1448
կից,1448
հայքի,1447
վեպի,1442
տան,1441
նորից,1441
թվականից։,1441
այդպես,1440
կարիերան,1440
վերադառնում,1438
դրամա,1436
արդյունաբերական,1435
համանուն,1435
հայտնվել,1434
բժիշկ,1433
իսկական,1431
կերպ,1428
սեն,1428
ընդունում,1426
հեղափոխական,1425
լղհ,1422
փիլիսոփայական,1421
աշխատանքը,1420
խմկկ,1418
ֆիլմերի,1417
իրանի,1415
կենսաբանական,1414
երկրամասում։,1413
վեց,1412
տարիներ,1412
բավարիա,1412
համալսարանում,1410
ձեռագիրը,1409
շրջանը,1407
համեմատաբար,1401
զբաղեցրել,1401
պաշտոնապես,1400
արդյունաբերության,1397
ջերմաստիճանը,1396
հեռուստատեսային,1395
տարածքը՝,1395
օգտագործման,1391
կանաչ,1390
պատմում,1388
ունենալ,1386
միավորներից,1385
կիլիկիայի,1385
ծննդյան,1384
կազմը,1384
ցեղասպանության,1383
տիպի,1383
ժան,1383
հաշվի,1382
ադրբեջանական,1382
ընդունված,1381
այսինքն՝,1381
կենտրոնը,1378
սյուժե,1378
թանգարանի,1374
լեռներ,1373
արդյունքներով,1372
նկարիչներ,1371
կարգի,1371
ռուսերեն,1370
մարիա,1366
վարչության,1366
առաջինը,1365
իբրև,1364
առնում,1364
հաղթանակ,1364
ալբոմներ,1363
սուր,1362
հայտարարեց,1361
ընտանիքը,1356
օրոք,1355
օբի,1355
երկիրը,1353
կայուն,1353
թատրոն,1350
թվի,1350
եկեղեցական,1349
միջավայրի,1347
արտիստ,1344
տրվում,1341
միմյանց,1336
փոխարեն,1335
ձևավորվել,1335
թվականներին։,1334
ինքը,1334
դաշտի,1334
երկրում,1333
երգերի,1333
ավաններ,1333
ներկա,1332
իրենից,1331
ասիայի,1331
նիկոլաևի,1330
ներառյալ,1326
բարձրությունը,1325
անվտանգության,1324
թագավորի,1323
դրանցից,1322
հետ՝,1320
ստեղծագործությունների,1319
անհայտ,1318
կառուցել,1317
քաղաքականության,1317
տեղեկություններ,1315
խորհրդում,1315
պատմամշակութային,1314
մրցաշարի,1312
կենտրոնում,1310
որդին,1309
երգչուհի,1309
գտնվել,1308
նպատակով։,1308
տեղափոխվում,1308
պայքարի,1307
բրիտանիայի,1307
դեպքերում,1306
ընդունել,1306
կղզու,1306
եվրատեսիլ,1306
կրթական,1305
կոմիտեի,1304
մանր,1303
նկատմամբ։,1302
տարածում,1298
նախնական,1298
խաղաղ,1297
գլուխ,1293
ուր,1292
գործողությունների,1290
հա,1289
երիտասարդական,1287
շարունակել,1285
վոլինի,1285
ազդեցությունը,1284
ներառված,1284
անվանել,1284
բուժման,1284
մեզ,1283
այսինքն,1281
մաթեմատիկական,1281
վերջում,1281
հայտ,1280
տեղեկատվական,1278
խոշորագույն,1277
որդի,1275
երգիչ,1275
երկեր,1274
աշխատանքների,1273
կինը,1273
աստիճանաբար,1273
ժողովուրդների,1272
աշոտ,1272
տալ,1271
հզոր,1267
անձինք,1267
լինելու,1266
արևելքում,1266
ապահովում,1264
հրատարակվել,1264
խաղը,1264
էներգիայի,1261
բաժին,1261
ամառային,1261
օգնությամբ,1260
ամբողջությամբ,1257
ուղիղ,1255
առ,1255
դի,1255
ճարտարապետության,1254
արհեստական,1252
բացասական,1251
բնակավայրը։,1250
շրջկենտրոնն,1250
ինքն,1249
տարիքի,1247
դիարբեքիրի,1247
հետազոտությունների,1246
հեղափոխության,1245
վիրումաա,1245
բացվել,1244
լի,1243
հաղթող,1243
հանդեպ,1239
արմեն,1239
չոր,1238
կենտրոնն,1237
մնացել,1236
դրան,1236
աշխատանք,1235
կգ,1234
ասպետներ,1233
կլիման,1232
շքանշան,1231
ունեին,1231
ժամանակաշրջանում,1229
արտասահմանյան,1228
նյարդային,1224
վրա՝,1223
արդյունավետ,1223
տարեկանում,1223
դարերի,1222
հայպետհրատ,1221
կաթոլիկ,1220
կոմպոզիտոր,1220
ավազանը՝,1219
ստեղծագործություններ,1219
պետրոս,1219
քրիստոնեական,1219
լոռու,1218
հակառակ,1218
օրգանական,1217
ճարտարապետական,1217
լեզուն,1216
զորքերը,1214
հնդկական,1212
ցուցանիշը,1212
ճարտարապետ,1211
կատարվել,1210
երգ,1209
շիրակի,1209
հույն,1208
արցախյան,1207
մասում։,1207
հիմք,1206
ֆիզիկայի,1206
կարսի,1206
ինքնուրույն,1202
իրավունքի,1202
քաղաքն,1202
պատկերված,1201
ստեղծագործության,1201
փիլիսոփայության,1201
լուրջ,1199
բանակը,1198
գեղեցիկ,1195
յոթ,1193
լրիվ,1193
գաղտնի,1190
տիեզերական,1189
գտել,1188
լենինի,1188
հովանավորն,1187
կար,1185
նրանցից,1184
ապա՝,1184
ուժերը,1184
շրջակա,1183
ինձ,1183
բան,1182
դրոշի,1182
ծառայությունների,1180
կոբայաշի,1180
հունաստանի,1178
մարմինների,1177
հրատարակել,1177
առաջատար,1176
բյուզանդական,1176
օիզումի,1175
մարդ՝,1174
մայրը,1174
ուրիշ,1174
խարբերդի,1174
համալսարան,1173
հայաստանը,1173
իրավունքների,1173
երբեք,1172
հոգեբանական,1170
երգիչներ,1169
տնօրեն,1168
հետազոտության,1167
տաք,1166
վերջնական,1165
մրցաշրջանում,1165
վեպը,1163
ընդգրկված,1160
պարսկական,1159
օպերային,1159
անկախության,1158
մոսկվայում,1157
երկարությամբ,1157
սոցիալ,1156
բանասիրական,1156
վարչակազմ,1155
խնդիրների,1153
սկսվեց,1153
սրտի,1153
հաղթեց,1153
ներկայացրել,1152
առմամբ,1151
նկարիչների,1151
դասավանդել,1151
սագրա,1150
երաժշտությունը,1149
ունենալով,1149
տեղում,1148
իսպանիայում,1148
հանրապետությունում։,1148
ուեֆա,1148
առաջացման,1147
մինչդեռ,1147
ակումբը,1147
հեղինակը,1146
սարգիս,1146
տարին,1143
չափազանց,1141
պնդում,1140
խաղ,1140
մտել,1140
լույսի,1139
սննդի,1137
հասակում,1136
խոսում,1134
ամսագրի,1133
օվկիանոսի,1133
դել,1132
ամռանը,1130
կարծում,1129
կատարված,1129
պատրաստվում,1128
հազվադեպ,1128
դեմոկրատական,1128
շրջանակներում,1127
հանրապետական,1127
տվյալներով։,1126
դասակարգման,1126
վատ,1124
բանաստեղծություններ,1123
ամյա,1123
կոմունիստական,1122
աշխարհ,1121
համար՝,1121
տեղադրված,1121
մակարդակից,1120
եղած,1120
կապ,1120
արքա,1120
հիշատակվում,1119
արթուր,1119
մովսես,1118
հատվածում,1118
ճապոնական,1117
պահանջում,1116
մահացածներ,1115
կատարած,1115
իրավաբանական,1115
շրջաններում,1114
հետո՝,1114
վերադարձել,1113
նյութեր,1112
օպերայի,1112
նպատակն,1111
իրականացնում,1111
մեկնել,1111
չունի,1110
առևտրի,1109
փնտրել,1109
ֆրանսիա,1109
տանում,1107
ապագա,1107
տարբերակը,1106
մասնագիտական,1106
կրկնակի,1106
ծածկված,1106
հանրապետություն,1106
գրքում,1105
վիճակում,1105
չեմպիոնների,1105
վարդան,1104
լրացուցիչ,1102
վանքի,1102
անձանց,1100
տեղափոխվեց,1100
տավուշի,1100
տարածք,1099
հետաքրքիր,1099
մլն,1098
առաջնությունում,1098
մունիցիպալ,1096
նյութական,1095
զարգացումը,1095
հանդիպել,1095
ուստի,1094
տարում,1094
հերոս,1093
ձեռագիր,1093
մունիցիպալիտետը,1091
հսկայական,1090
բնույթի,1089
պատերազմից,1089
ընտանիք,1089
թափվում,1089
հենրի,1088
շաբաթ,1088
փարիզում,1087
հիմնադիր,1087
կապույտ,1085
լեզուների,1084
սիրո,1084
լայնորեն,1083
պատրաստված,1083
դժվար,1082
նրանից,1082
ղեկավարել,1082
հուշարձաններ,1081
վկայում,1080
գեղարքունիքի,1079
քաղաքների,1078
հողի,1077
բաժանված,1077
երաժշտություն,1076
նախորդ,1075
հարաբերությունները,1073
հանձնաժողովի,1072
թատրոնում,1072
առաջացած,1071
իրավական,1071
համակարգերի,1070
մասը։,1070
չինական,1070
իվան,1070
կողմում,1070
ձևավորման,1066
նիժնի,1066
աննա,1063
տարածվում,1062
ժողովի,1062
եկեղեցիներ,1062
դերերում,1062
մեջ՝,1061
պատերազմը,1061
քրեական,1061
ջորջ,1060
օսկար,1060
գումարման,1059
համալսարանը,1058
պրոդյուսեր,1058
իշխանությունը,1057
գալ,1057
գրքեր,1057
արտադրանքը,1057
մարմինը,1057
արամ,1056
դառնալով,1056
երկրներ,1055
կառլ,1055
ամենայն,1054
մրցույթի,1054
տարաբնույթ,1053
արևելք։,1053
ամբիոնի,1053
միքայել,1052
պետությունների,1052
անունով։,1051
հարևան,1051
բացարձակ,1051
չէ։,1049
ծավալի,1049
բրոնզե,1049
հիմնվել,1048
թեթև,1047
տնային,1047
բնակիչները,1046
նյութի,1045
այսպիսի,1044
կոմի,1042
տարրական,1041
թոմ,1041
իրականացվում,1041
վայրի,1040
զանգվածային,1040
մոր,1040
սարգսյան,1040
ափին։,1040
մրցաշրջանի,1040
գոլ,1038
բերեց,1038
զուգահեռ,1038
հետևում,1038
տրապիզոնի,1037
մուգ,1036
խմբերի,1036
արծաթե,1036
քաղաքը։,1035
յոն,1033
տարեթվեր,1033
գետերն,1032
ուսումնասիրել,1032
երեխայի,1032
կարիերայի,1032
տեսությունը,1031
վրացի,1031
փարիզ,1031
դերասանական,1030
ստեփան,1030
ուղղությամբ,1029
հստակ,1028
սիրում,1027
հատ,1026
տեսական,1025
իշխան,1025
յորքի,1022
միանում,1021
կեսին,1021
անում,1021
իսլամական,1020
ներկայացվել,1020
սբ,1020
առաքելական,1020
հիմքում,1019
ամենահայտնի,1019
անձի,1019
բառը,1017
շատերը,1017
հնագիտական,1017
օգտակար,1016
տարածաշրջանների,1016
կրտսեր,1016
իսպանացի,1016
կղզիներ,1016
այլևս,1015
արարատի,1014
սիրիայի,1014
քանակությամբ,1013
կանոն,1013
ամենաբարձր,1013
ստանալու,1012
բրիտանացի,1011
դրամատիկական,1010
կազմակերպել,1009
հասավ,1009
ֆակուլտետի,1008
փուլում,1007
տարի։,1006
կոմպոզիտորներ,1005
գավառում,1004
հետևաբար,1003
իրականում,1003
եղավ,1003
կոչում,1002
թանգարանը,1002
մայքլ,1002
սահմանակից,1002
կիպրոսի,1002
էր՝,1001
հատոր,1001
բառերը,1001
եգիպտոսի,1001
դափնեկիր,1001
ընդդեմ,999
հրամանատար,998
տեսակների,998
ծառայում,998
կառուցվածքի,997
ուժի,997
լեզու,997
պահպանել,995
մասնակիցներ,993
միասնական,993
վերջո,993
դասի,993
անգործունակ,993
մայիսին,992
համակարգում,991
հայտարարել,991
հասնել,991
ամուսնացած,990
գյուղն,989
պահպանման,988
պատճառներով։,988
երկարատև,986
ինչպիսին,986
բացակայում,986
կայացած,986
ակումբային,986
օկրուգի,986
տեսքով,985
անցկացրել,985
ուղղակի,985
արևմուտքում,985
ժամ,984
գրիգորյան,984
ձորի,983
դեղին,983
թատրոնը,982
վայոց,982
զարգանում,981
կառուցվածք,981
տեսարժան,979
կինոյի,978
միխայիլ,978
դառնալ,977
բնակություն,977
տիրապետության,977
վայրեր,977
տեղեկություններ։,976
քույր,976
վիճակի,975
աշակերտներ,975
որքան,974
յորք,974
տրված,972
անդամների,972
ինդեքսը,971
յուրահատուկ,971
ամուսնացել,971
ռուսաստան,971
բուսական,971
վոկալ,970
որովհետև,969
օգնում,967
պահպանվող,966
սուբյեկտների,966
անընդհատ,966
փոփոխությունը,966
պաշտպանական,966
դարում։,964
պատճառ,963
հայեր,963
հարթ,963
դեպարտամենտի,963
ուսանողներ,963
պրեմիեր,962
պաշտպանել,961
մասնակից,956
եվրո,956
օրգանիզմի,956
ներուժի,954
դեպքում։,953
վառ,953
ղեկավարում,953
նահանգ,953
էդվարդ,952
կիթառ,950
ուսումնասիրում,948
ժամանակավոր,948
անցավ,946
առաջարկում,946
որոշվում,945
դոկտորներ,945
տանը,944
ժամանակների,943
ենթարկվել,943
բավական,943
ալթայի,943
ներքո,942
պատճառը,942
ֆրանսերեն,942
դարեր,941
թվերի,940
նշանակության,939
զույգ,939
թղթի,939
շրջանին։,938
նպաստում,937
թարգմանել,936
ֆոն,936
համակարգչային,935
մակերես։,935
գաա,935
արևելքի,933
պատկանող,932
օդի,931
նշան,931
եղել։,931
առավելագույն,931
ամրոցի,931
իսպանիայում։,931
ան,930
համարել,928
գետերի,927
առաջնային,927
արևմուտք։,927
ստացվում,926
ֆիլմագրություն,925
ձեռագրերի,925
անվանման։,925
լեզուներ,925
մահանում,925
հարցերի,923
առևտրային,922
թողարկումը,922
աշխատանքներ,921
ժամանակներում,920
կայացել,920
ավարտվում,918
հոգեկան,918
բջիջների,918
պատմաբան,916
կազմ,916
մշակման,915
հասանելի,915
հանրապետությունում,915
հիմնել,913
գործադիր,913
կենտրոնից,913
ցամաքային,912
դիրք,912
արական,911
գլխավորությամբ,911
րոպե,911
մագնիսական,911
մարզիչ,911
պահպանվում,909
կառուցման,909
էդուարդ,909
տեսություն,907
հրեական,906
ելույթ,906
ստեղծվում,905
ստացված,905
հարաբերություններ,904
սեպտեմբերին,904
կայսրությունում,904
բժշկության,904
գավաթ,904
դարից,903
դոլար,902
առևտրական,902
բովանդակություն,901
ցուցակ,901
համայնքում,900
ժառանգության,900
լեռ,900
ինստիտուտում,900
աճի,899
նաև՝,898
թերթի,897
դեկտեմբերին,896
կազմակերպությունների,896
օգտագործելով,895
աստվածածին,895
հանքային,895
միջուկային,894
կենդանական,893
զանազան,893
կանոնավոր,893
թվային,892
կողմից՝,891
սպորտային,891
հոսանքի,891
բուլղարիայի,891
ոճի,890
նախագահ։,890
նահանգների,889
օտար,889
տղամարդկանց,888
կարևորագույն,888
աստծո,888
չինաստանի,888
մրցաշարում,888
պատերազմում,887
որոշել,887
գտնել,886
մասնիկների,886
տարածքներ,885
օժտված,885
մեկը՝,884
լեռների,883
թողնում,883
ազատության,883
երևում,882
ստեղծագործությունները,882
իտալիայում։,882
ընտանեկան,881
ստուդիական,880
ստեղծելու,879
գործիչ։,879
ձևավորվում,879
միջոցների,879
հունվարին,878
նեղ,877
թիմը,877
վիճակագրական,876
նշանակալի,876
կրել,875
կլիմա,875
մեկնում,875
հյուսիսում,875
կանայք,874
կոչվող,874
կառուցվածքը,873
վահան,873
ներսում,872
ականներին,871
դաս,871
բնագավառում,871
մեծամասնությունը,871
հաշվով։,871
գավառներ,871
աֆրիկայի,870
ճնշման,870
պարբերականներ,870
վիչեգդա,869
թողել,869
պրեմիերան,869
ուզում,868
ենթադրում,868
մաքուր,868
կովկասյան,866
հոկտեմբերին,866
գործիքներ,865
հիմնադրել,865
գյուղում։,864
հյուսիսարևելյան,864
ակումբ,863
չկա,862
մշակել,862
մանչեսթեր,862
բառի,861
հոդվածը,861
կայսր,861
բնակելի,860
ստանալ,860
խաղաղության,859
կրթությունը,858
ուշադրություն,858
հունգարիայի,858
թե՛,857
տերևները,857
ոլորտում,856
յուպիտերի,856
դարձնում,856
մատենադարանի,856
չափով,855
շինարարական,855
ազգերի,855
շենքը,855
ամբողջովին,854
ընդունվում,854
ռոմանտիկ,854
ավստրալիայի,854
ուսումնասիրության,852
օգոստոսին,852
սովորում,852
դդ,852
դերի,852
երաժիշտներ,852
մշակույթ,851
ավարտվեց,851
առաջ։,850
տունը,850
տաճարի,850
քվանտային,849
ֆիլմում։,849
ապրիլին,849
երկաթուղային,848
թբիլիսիի,848
տարածքում։,848
կայսերական,848
մարզական,848
շարքում,847
միախառնման,847
դեզերտ,847
որոշմամբ,845
բրազիլիայում՝,844
ավարտելուց,844
ազդում,844
գիտնականներ,844
ժամանակաշրջանի,844
դոն,844
գիտնական,842
օգնության,842
վիկտոր,842
ցեղի,842
թոմաս,842
հանդիպման,842
ենթաավազանը՝,842
իսրայելի,841
հնդկաստանի,839
ժամանակահատվածում,839
պայմանագրի,838
համագործակցության,838
անվանումը։,838
գյուղատնտեսության,838
ծագման,837
գործում։,837
դրանով,837
պատվո,835
տեղեկությունների,834
պետություն,834
ստեփանոս,833
ծնվ,833
մեսրոպ,833
արմավիրի,832
կտրուկ,831
դարձան,831
բարոյական,831
հուլիսին,830
հայրենի,830
ձեռագրեր,830
ջուր,830
դպրոցական,829
փոփ,829
դատական,829
թողարկել,829
հունիսին,828
ճշգրիտ,828
առաջինն,828
ավանում,828
լեհաստանի,828
կովկասի,827
տպագրվել,827
փողոց,827
արխանգելսկի,826
համարյա,826
վերջ,826
աստված,825
առումով,824
լեռնաշխարհի,822
մեկում,822
անուն,821
հայտնաբերել,821
հաջողությամբ,821
ուիլյամ,821
պարտություն,821
նոյեմբերին,820
կարգավիճակ,820
ավարտին,819
մեխանիկական,818
ենթադրվում,818
գերմանիա,818
նվաճել,818
պարտադիր,817
բարի,817
լատինական,816
ներքո։,816
խաչ,816
մահը,815
նվագախմբի,815
խուտոր,815
խոր,814
թարգմանիչներ,814
պատիվ,814
ութ,814
ձգտում,813
տարրերի,813
երգչուհիներ,813
նրանով,812
յուրի,812
ակադեմիկոս,811
արտադրական,811
իտալիա,811
ավելին,810
օդային,810
երկերի,810
հինգերորդ,809
անտիկ,809
լոմբարդիա,808
վրաց,808
արժեքը,807
թիֆլիսի,807
նրան։,806
սինգլը,805
էջմիածնի,804
կղզին,804
դնում,803
պայմանագիրը,803
կապերի,803
ռուբեն,803
անտառային,803
ընդհանրապես,802
արտակարգ,802
բանից,802
վերաբերյալ։,801
ընդգրկվել,801
ֆիլմերում,801
կետը։,799
հատվածը,799
նկարներ,797
անմիջական,797
մ։,797
որոնցում,796
ավստրիայի,796
հանգեցնում,795
արվեստ,795
կուսակցական,795
կլինի,794
միլիարդ,794
դիվանագիտական,794
վեպեր,794
վիճակը,792
մակարդակը,792
նախիջևանի,792
ամրոցը,792
նպաստել,791
կես,791
նկարագրություն,791
թոշակառու,791
սինգլներ,791
գոյության,790
մաթեմատիկայի,790
բնակիչների,790
կյանքում,789
ձևը,788
արագածոտնի,788
լեզվով,788
ձև,787
մերձավոր,787
ռիչարդ,787
ճապոնիայի,787
սանտա,786
ուրիշներ։,786
բաքվի,786
հաջողություն,786
ժամանակը,786
արժեքավոր,785
հայտնվեց,785
գործողության,785
ի։,785
թվականը։,784
հայկ,784
ասկերանի,784
արտիստներ,783
արդյունքների,783
փաստեր,783
աշխարհը,782
վավերագրական,782
օգնել,781
բալետի,781
հասկանում,780
կարողացել,780
ցանկեր,780
ճանաչվել,780
ակադեմիական,779
ստեղծվեց,779
մարկ,779
խնդիրներ,779
տարածության,778
շարժումը,778
բանաստեղծությունների,778
դպրոցներ,778
ճանապարհին,778
պատգամավորներ,778
գաղափարը,777
շնորհիվ։,777
արտադրանքի,777
դիմաց,777
պատրաստում,776
պատրաստած,776
թղթակից,775
միություն,775
կոնկրետ,774
ինստիտուտը,774
նախ,774
թուրքիայում,774
թուրքերի,773
քարտուղար,773
հայրը՝,772
հարվածային,772
կինոկատակերգություններ,772
մնաց,771
հարավում,771
ստանալով,770
ճանապարհ,770
կիրառում,769
հիմա,769
ծրագիրը,768
պալոմարում։,768
փետրվարին,767
սահմանված,767
փորձել,766
նպատակ,766
վարել,766
մշակում,765
ամուր,765
որոշեց,764
ձգվում,764
պատասխան,764
արևի,764
կազմակերպություններ,763
զգալիորեն,763
առանձնանում,763
հրաժարվել,763
հարավարևելյան,762
մնալ,761
մշտապես,761
խիտ,761
օրենքի,760
բնակիչ,760
սպորտի,760
լրագրող,759
առաջարկել,759
նախարար,759
կոտայքի,759
սնվում,758
կղզի,757
աճը,757
առաջնություն,757
արարատյան,756
օգտագործումը,756
կարծիքով,756
հաջող,756
փակ,756
արդյունք,755
բանկի,755
մատենադարանում,755
թիֆլիս,753
դպրոցը։,753
քարե,753
բնակավայր,753
տարածքային,752
առաջնորդ,752
համապատասխանաբար,752
արարատ,752
կղզիների,751
պատասխանատու,751
սառը,749
գծային,749
համայնքը,748
բույսեր,747
արգենտինայի,747
դիտվում,746
գերազանցում,745
մակերես,744
պատմվածքներ,743
օգնություն,743
պարունակող,743
առջև,743
միանգամից,743
վեպ,743
կային,742
պալատի,742
շարունակվում,741
փոստ՝,740
թագավորը,740
արեգակնային,739
հորիզոնականը,739
շվեդիայի,738
կերպարը,738
բուն,737
վերածննդի,737
փիլիսոփա,736
բավարար,736
որոշման,736
կիլոմետր,736
դատարանի,736
պարզապես,735
մասնակցություն,735
նմանատիպ,735
կայք՝,735
բեռլինի,735
հաստատում,734
օր։,734
պինդ,734
ավարտվել,733
դեկորատիվ,732
ձևերի,731
կեսերին,731
քրիստոսի,730
տարբերում,730
մոլորակի,730
ավարտից,730
երևանում։,729
խնդիրը,729
գործը,729
պահպանում,729
հոդվածներ,728
արտահայտվում,728
տասնյակ,728
առողջապահության,728
սպանել,728
պեչորա,728
երկուսն,727
խաչատուր,727
մրցույթում,727
գրքերի,726
երգերը,725
ստեփանակերտ,725
մակերևույթի,724
տեղակալ,724
էնա,724
լիպեցկի,724
անդամները,723
պահում,723
հարյուր,722
հոգեբանության,722
հանրագիտարան,722
կանադայի,721
համարվել,720
բեն,720
հորիզոնական,720
համերգային,720
կապը,719
ուղարկում,719
եղբայր,719
յորքում,718
շարժվում,718
իգական,717
արտահայտված,717
կազմակերպությունը,716
ամենից,716
նահանգում։,716
անգամ։,716
պայմանների,715
սկզբանե,715
ղեկավարությամբ,715
գրավեց,715
վիշնյան,715
բարձրանում,714
հայաստանում։,714
պատերազմին,714
շքերթներ,714
անդրկարպատյան,714
հաղթանակի,713
վտանգավոր,713
ալբոմ,713
դպրոցում։,712
պեկինի,712
նախագծի,712
ներկայացվում,712
փիլիսոփաներ,712
ներսես,712
լեհ,712
բոլորը,711
սահմանում,711
բազմիցս,711
սեր,710
պահվում,708
կիրառական,708
սահմանափակ,708
մայրը՝,708
նշանակվում,708
ընդարձակ,708
հարությունյան,708
գազի,708
սիմֆոնիկ,708
մասնակցելու,707
թագավորությունը,707
բնակավայր։,706
կանգնած,706
բացառությամբ,706
հաջողվում,705
ռեժիսորներ,705
մինաս,705
խփեց,705
արքայի,704
վերջապես,704
բրիտանիայում,704
տեսնել,704
տեսահոլովակը,704
հովհաննիսյան,703
ընթանում,703
մուտք,702
սկզբից,702
ժամանակին,702
ծաղկում,702
լոնդոնում,701
ծագել,701
նախագահը,701
վարչապետի,701
ամերիկայում,700
նկարագրում,699
պոլ,699
ապրանքների,698
կատարեց,698
ֆրիդրիխ,698
կաթողիկոս,698
ձմեռային,698
երաժիշտ,698
պատրաստ,698
իգլ,698
սցենարիստ,697
երեխա,697
եկեղեցի։,697
դվինի,696
միջոցներ,696
յան,696
արել,696
մեկտեղ,696
կեղծ,695
պարբերաբար,694
հուշարձանը,694
տեղակալ։,694
խորը,693
տարածման,693
լատիներեն,692
պատմաբաններ,692
կրող,691
վիեննայի,691
տեխնոլոգիական,690
ղարաբաղի,690
փառքի,690
ճանաչված,688
հարցը,688
պետությունը,688
ծով,688
նիդերլանդների,688
ստեղծագործությունը,687
լուծման,687
ցեղերի,686
տնտեսագիտական,686
դրամական,686
մադրիդի,686
կառուցվածքային,685
ուսուցման,685
մասնակցությամբ,685
դարաշրջանի,685
շինարարության,685
արկածային,685
թաղված,684
պարբերական,684
օրգանների,684
ատլանտյան,683
խաղաց,683
թանգարաններ,683
քաղաքներում,682
ստացած,682
համակարգի՝,682
հեռավոր,681
երկրաբանական,681
օրենքը,681
չեռնիխի,681
գրադարան,680
շուրջը,680
ալբերտ,680
պակաս,678
ծնված,678
հեղինակի,678
հաճախակի,677
գործնական,677
կապում,676
գեորգի,675
կարեն,675
խաղերում,675
կարողացավ,674
վերջնականապես,674
եզակի,674
կառավարում,674
խորհուրդը,674
վերաբերող,674
հայերենի,674
հաստատուն,674
էրիկ,674
թանգարանում,674
աստղերի,673
հանրահայտ,673
արվեստը,673
ապրող,672
պահպանված,672
հակոբյան,672
վանք,672
ջերմաստիճանի,672
դվինա։,671
ընկել,671
քիմիայի,671
ջուրը,671
ասաց,671
տվյալներով՝,671
ետ,670
որտեղից,670
մրցանակը,670
տարածաշրջանի,669
պիտի,669
տալով,669
գույնի,668
ուրիշներ,668
երկրներում։,668
բարեգործական,668
լրագրողներ,668
հատվածի,668
մեդալակիրներ,667
խաղում։,667
ֆիլիպ,667
եգիպտական,666
տարածքների,666
տասը,666
ֆակուլտետը։,666
պատգամավոր,666
հավաքական,664
երեխաները,664
թեկնածու,664
հավաքականում,664
հեշտ,663
պատահական,663
վարում,663
իրանական,662
կենտրոնը։,662
հրեա,662
խաղեր,661
ալիքի,661
վերադարձավ,660
ից։,660
մեծապես,659
քանակի,659
ամենը,659
նորմալ,659
տնտեսագիտության,659
կորոլևիչ,659
գիշերը,658
հայր,658
ծրագրերի,658
անել,658
խոսքի,658
իբն,658
ալեքսեյ,658
բնակեցված,657
հարություն,657
մխիթար,657
մեքսիկայի,657
ջրագրության,657
սահմանային,656
հունարեն,656
նպատակը,655
գլոբուս,655
աշխատության,655
ֆիզիկոսներ,655
բնութագրվում,655
դոնի,655
նկարահանել,654
քառակուսի,654
առնելով,654
հարավարևմտյան,654
ուղղափառ,654
երեխան,654
կատարման,654
ձեռագրացում,654
կամպո,654
բաիա,653
անասնապահությամբ,653
կիրառման,653
ավել,653
թարգմանվել,653
ճանապարհի,653
հրատ,653
պայքարում,653
մաշկի,653
գոլը,653
ցուցահանդես,653
վայրերում,652
կողմ,652
գործի,652
ժամանակ՝,652
ճանապարհով,652
կլինիկական,652
ասիայում,651
պիեմոնտ,651
երկաթի,651
բառերի,650
լին,650
ուսուցիչ,650
մտքի,650
նկատվում,650
գագիկ,650
արա,650
չափս։,650
թերթից։,650
գրանցմամբ,650
հաղթում,650
վերահսկողության,649
անունը։,649
պրոֆեսորներ,649
նաուչնի,649
կազմակերպված,648
անգլ,648
ստեղծեց,648
փոփոխության,648
շարունակ,647
պես,647
հատկություններ,647
շրջապատված,646
բանաստեղծական,646
գիտություն,645
ընկերություն,645
նահանգում,645
մեծի,645
վանքեր,644
տեխնիկայի,644
գաբրիել,644
ժանրի,644
նախարարի,644
կազմակերպում,643
արդի,643
արևադարձային,643
ասոցիացիայի,643
դաշտում,643
բազմազան,642
տեսանկյունից,642
տերմինը,642
մանուկ,642
աշխատություններ,641
հասնելով,641
ոչինչ,641
տրանսպորտային,640
փոփոխություններ,640
վտակներ,640
բացվում,639
ամրոց,639
գոլի,639
սցենարիստներ,638
ժամանակներից,638
բնույթ,638
քանդակագործ,638
ինչն,638
ծագումով,638
պրովինցիայում,638
գծով,637
միությունը,637
անդրեյ,637
գարեգին,637
սահմանադրական,637
ներկայացուցիչների,637
քառորդ,637
լյուդմիլա,637
աղջկա,636
աստղադիտարանի,636
բորիս,636
հրաբխային,636
մադրիդ,636
աշխատող,634
գլխավորապես,634
յունեսկօ,634
դերը։,634
փորձ,633
միջերկրական,633
կապեր,633
կայսեր,633
մաքս,632
վանքը,632
պարի,632
երուսաղեմի,632
դնթ,632
հրաժարվում,631
թբիլիսի,631
անցկացվում,631
բնակչություն՝,631
գետավազանը՝,630
գիտահետազոտական,630
առավելապես,630
ոստիկանության,630
պաշտոնը,630
կենտրոն։,630
արաբ,630
հայտնում,629
կոմիտասի,629
աղջիկը,629
ընտրվում,629
վարչապետ,629
որդին՝,628
փուլ,628
հետազոտությունները,628
հրամանով,628
պետրոսյան,628
բարակ,628
փոխվում,628
գլխավորել,628
վարիչ,628
պողոս,627
պաշտպանում,627
ենթակա,627
պետություններ,626
փոխել,626
տևում,626
ստանդարտ,625
ուղարկել,625
շենքի,625
հանդիսացել,625
տարբերակ,625
մշակվել,624
հեղուկ,624
լուի,624
սամվել,624
գորշ,624
կոսոլ,624
պատվին,623
անունն,622
խմբագիր,622
ձևի,622
ավերվել,622
քուրդ,622
ավազանում,621
էլ՝,621
ֆրանսիան,620
կնքել,620
կենցաղային,619
դեպքերի,619
մանկավարժ,619
վերցնում,619
զանգվածի,618
դերում,618
բանակ,618
հաստատված,617
հավաքել,617
էական,617
տեղը։,617
վայր,617
հիվանդություններ,617
եզրափակչում,617
ընկերությունների,616
չեխ,616
այցելել,616
համալսարանում։,616
օրս,616
տեսակները,615
եվրոպա,615
հոդված,615
հավաքականը,615
կանտոններ,615
կիրառվել,614
խորենացու,614
շնորհվել,614
ռեսուրսների՝,614
քեզ,613
մետաղների,613
ճակատամարտում,613
անցկացրեց,613
զարգացում,612
եկան,612
ամենաշատ,612
գրավոր,612
կրասնոդարի,611
գյուղերի,610
հիմնադրամի,610
թեմի,610
ստուդիայի,610
բաժինը,609
անաշխատանք,609
դանդաղ,608
օպտիկական,608
թարգմանիչ,608
գերմաներեն,608
անրի,608
երևան։,608
դվինա,607
խնդրում,607
շրջանային,607
սխալ,606
ստորև,606
վենետիկի,606
հյուսիսարևմտյան,606
հորիզոնականը։,606
կարլ,605
զանգվածը,605
հետևանքով։,605
գլուխը,605
պարսից,605
թողարկում,605
խաղալ,605
հադրութի,604
ձևավորում,604
լիովին,603
ուշադրության,603
շարժում,603
յոհան,603
ապստամբության,603
ակումբում,603
կայսրությունը,603
բանի,602
ծնողների,602
ցուցադրվել,602
տաճարը,602
ունի։,601
հիմքը,601
տեսանելի,601
ատոմային,601
պայքարը,601
լեոն,600
շահումյանի,600
ների,600
նկարչի,599
հավաքածուն,599
արագությունը,599
դուստր,599
հայտարարում,599
շմիդտ,599
նախաձեռնությամբ,598
նախքան,598
ընտանիքին,598
հեռուստատեսության,597
հազարավոր,597
շրջակայքում,597
իմաստով,597
հասարակ,597
բրազիլիայում,597
համընդհանուր,596
փոփոխությունների,596
մահ,596
այն։,596
աշխարհում։,596
մելիք,595
կատարելու,595
արձակագիր,595
ամենամյա,595
տրվել,595
գրիգորի,595
ակտիվորեն,595
կոչում։,595
բացառիկ,594
ցանկ։,594
դերասան։,594
ընտանիքում,594
պետ,594
բասկետբոլիստներ,594
սկիզբը,593
հարձակման,593
հերթական,593
համընկնում,593
թողարկման,593
երկնային,592
ամենահին,592
մտավ,592
բարձրությամբ,592
անդրանիկ,591
ունեցան,591
հիմնադրումներ,591
ինգրիդ,591
պատրաստման,590
քաղաքականությունը,590
մոդել,590
երգում,590
ջրում,590
ազդեցությամբ,589
գալով,588
տարածքները,588
քրիստոնյա,588
սահմանը,588
շրջաններից,588
իշխանությունների,587
իրադարձությունների,587
մեծագույն,587
աշխարհիկ,587
նուրբ,587
ծնողները,587
խաչակրաց,587
թողարկվեց,587
մկրտիչ,586
հարցի,586
հասան,586
սրբազան,586
թվաքանակը,586
զարգացմանը,585
անվանումն,585
ուղղությամբ։,585
գարնանը,585
փորձի,584
իրականության,584
հաջողության,584
ամյակի,584
խոնավ,584
թագավորություն,584
սկավառակագրություն,584
արտահայտում,583
տեսք,583
հարկ,583
վերանվանվել,583
քաղաքականություն,582
անվանվում,582
լկս,582
անվամբ,581
ուժ,581
հիվանդների,580
փոյնթ,580
միջով,580
այդպիսով,579
մարսի,579
պետ։,579
խփել,579
շուտ,578
աղբյուրների,578
տարածվել,578
դպրոցների,578
կենդանիներ,578
անցկացնում,577
մտավոր,577
կողմը,577
թերակղզու,577
փուլի,577
լեռնաշխարհում,576
մուտքի,575
պարտության,575
վարպետ,574
օտարերկրյա,574
դմիտրի,574
միջոց,573
վանական,573
լուծվում,573
անցկացվել,573
յաղագս,573
գալու,572
բնակվել,572
ընտրության,572
երգահան,572
ռիդի,572
տեխնոլոգիաների,571
ձմռանը,571
շարքի,571
ինստիտուտը։,571
դասին։,571
օգտագործվող,570
բաքու,570
աֆրիկյան,570
տարիքում,570
տնօրեն։,570
բեմական,569
տալու,569
ուժը,569
հատկությունները,569
դպրոց։,569
հովանավոր,569
գերելսի,569
զարգացել,568
ֆիզիկա,568
մանկավարժներ,568
ընդունվեց,568
բուենոս,568
պահել,567
ֆունկցիան,567
բժիշկներ,567
պատի,567
լեռնաշղթայի,567
հերոսի,567
կոռնելիս,567
ներկայացուցիչ,566
գործիքների,566
արքան,566
հրամանագրով,566
ցուրտ,566
ունենալու,565
պատանի,565
բերված,565
մարտունիի,565
բասկետբոլի,565
սուրեն,565
հասուն,564
առանձնահատուկ,564
գործընթացը,564
կողմի,564
գործ,564
թերթ,564
անգլիայում,564
ուղղանկյուն,564
արժեք,563
յու,563
գիշերային,563
թումանյանի,562
ընկեր,562
դիրքը,562
էներգիան,561
ոսկու,561
թանկարժեք,561
գոտի,561
պատմութիւն,561
մարի,561
վերածվում,560
մեթոդը,560
ճառագայթման,560
բացակայության,560
դիմել,560
մասերի,559
դիմում,559
համալիր,559
հրապարակում,559
չափման,559
չունեն,559
հոգու,559
ընտրել,559
ընտրական,559
խնդիր,559
այդքան,558
ճանապարհը,558
փոլ,558
վերականգնման,558
օբ,558
խնդիրները,557
հայրենիք,557
հիմքի,557
մասնակի,557
ֆանտաստիկ,557
կղզում,557
եկած,557
շախմատի,557
հաուտենի,557
կատուն,556
քո,556
էկոլոգիական,556
ապաչի,556
վերլուծության,555
ջերմային,555
վարքի,555
բառից,554
տեղադրվել,554
որդու,554
պրոֆեսոր։,554
աշնանը,553
արշակ,553
հարցում,553
ուկրաինական,553
իմպերատորե,553
վագա,552
վաճառքի,552
ճապոնիայում,552
հակառակորդի,552
մոտակայքում,552
մայրաքաղաքը,552
ուղեկցվում,552
ֆիլմն,552
ուկրաինացի,552
մատուցած,552
ապահովել,551
արտադրությունը,551
ձեռքի,551
լեռնագագաթներ,551
միասին։,551
թունավոր,551
արքայական,551
զբաղեցրեց,551
հայազգի,551
վիտամին,551
իրականացման,550
գիտնականների,550
աստղ,550
հոդվածների,550
մոխրագույն,550
շուշիի,550
պոլիտեխնիկական,550
բաժանման,549
կիրառել,549
օբյեկտների,549
պայքար,549
հետմահու,549
տարածաշրջանում,549
կայք։,549
սպանում,549
տրամաբանական,548
երեկոյան,548
հնդկաստանում,548
գլխուղեղի,548
ոճով,547
հեղինակն,547
աստիճան։,547
հավատում,547
կարապետ,547
ձայն,547
մոտ՝,547
հավանական,546
միայնակ,546
աշակերտ,546
արդյոք,546
գունավոր,546
գործերը,545
նկարը,544
հետազոտական,544
ժողովածուն,544
քսիլոնգ,544
դվինան,543
աբովյանի,543
աբու,543
թռչունների,542
հասնելու,542
փաստը,542
նախագահական,542
կուսակցությունը,542
լոնդոն,542
անտոն,542
գլխավորում,542
շրջանում՝,542
որակի,541
անձամբ,541
աստղի,540
լիճ,540
մահացավ,540
բջջային,539
այցելում,539
ենթակայության,539
հողերի,539
առաջացնելով,539
արվեստների,538
սևանի,538
հարմար,538
վերածվել,538
ընդունեց,538
ելնելով,537
խմբում,537
չեմպիոն։,537
պատրաստել,536
դրված,535
տարեկանից,535
տարել,535
մեծանում,535
պատերազմների,535
ֆիզուլիի,535
կոնսերվատորիայի,535
մեթոդների,534
խաղերը,534
նախապես,534
ձևով։,534
թարգմ,534
սաարեմաա,534
ռնթ,534
քրիկ,534
հետազոտություններ,533
ռուսաստանը,533
անցնել,533
ուսանողական,533
այնուհետև՝,533
ջրերի,533
զենք,533
հանուն,533
հաղորդում,532
աճել,532
հեշտությամբ,532
կառլոս,532
արևելքում՝,532
անցկացված,531
քննադատների,531
ֆակուլտետ,531
եկեղեցիների,531
գլխի,531
էի,531
զբաղմունքը,531
ընկերների,530
ռեժ,530
լքել,530
սերիա,530
վիպասաններ,530
երեխաներին,529
շրջանառության,529
թիմային,529
սևանա,529
տվեցին,528
օրենք,528
տված,528
կոմունան,528
հիվանդ,528
ժամը,528
նվազագույնը,528
հեղինակ։,527
անունը՝,527
սերը,527
վերջիններս,527
բրոուտոն,527
նաուչնիում։,527
կառույցների,526
սմբատ,526
կազմակերպություն,526
պլանի,526
նշանակությունը,526
մասնակցեց,526
պապի,525
առնվազն,525
մեծացել,525
համամիութենական,525
հաղորդման,525
յուրաքանչյուրը,524
նահանգներում,524
ձևավորված,524
երկրաչափական,524
ձայնը,524
ուսումը,523
քանակով,523
մշակված,522
իրականացնել,522
լեհական,522
հոլանդացի,522
այժմյան,522
տոլենի,522
մարդկության,521
չեմ,521
խառը,521
կիմ,521
պորտուգալիայի,521
ցանկում։,521
հանդիսատեսի,521
երևույթների,520
տեսքով։,520
քարի,520
կինոփառատոնի,520
աժ,520
կոչ,519
կատարվող,519
սցենարի,519
խաչի,519
տիրապետում,518
փորձարարական,518
կազմակերպման,518
ներկայացման,518
տևողությունը,518
ամուսնանում,518
արժանացավ,518
տեսակը,518
հաղթելով,518
կլետ,518
լուսնի,517
հեղինակային,517
ավտոմատ,517
հերոսը,517
հողերը,517
լիգա,517
պրոֆիլը,517
չինաստանում,516
կոմիտե,516
գերակշռում,516
տեղամասը,516
անտոնիո,515
ծաղիկները,515
մերկ,515
միացել,514
մարդուն,514
արձակագիրներ,514
տեսակ։,514
հռոմում,514
պատերի,514
վենետիկ,514
տղամարդու,514
ոք,514
նկարագրել,513
գոտում,513
մամուլի,513
սաուդյան,513
պարսկաստանի,513
հաստատվում,513
ավստրիական,513
գնել,513
տատանվում,512
ո՛չ,512
պոեզիայի,512
թողնելով,511
ծրագրային,511
դանիել,511
ցուցահանդեսներ,511
գիտակցության,510
ֆունկցիայի,510
վարիչ։,510
խուտորներ,510
մուտքը,509
չափերի,509
ասելով,509
ճարտարապետություն,509
կազմող,509
հոկտեմբերյան,509
խնդրի,509
որոշումը,509
կենսագրական,509
պետերբուրգ,509
բազմամյա,509
մանուշակագույն,509
ուսումնասիրման,508
հայտնել,508
փոխադարձ,507
փողոցի,507
նվազում,507
սպանվել,507
նյութ,506
դաշտ,506
ցուցադրվում,506
էլեկտրամագնիսական,506
ինը,506
դրամատուրգ,506
ծագմամբ,506
տարածաշրջանային,505
ձայնային,505
սահմաններում,505
առաջարկեց,505
էջմիածին,505
միջնադարում,505
արդյունքում։,505
ամերիկա,505
նավթի,505
գիշեր,504
կորցրել,504
թուրքերը,504
գումար,504
կանացի,504
ինքնապաշտպանական,504
հաջողվեց,504
դրվում,503
ներսիսյան,503
տիտղոսը,503
անաշխատունակ,503
ուդմուրթական,503
անհաջող,502
օրական,502
աղջիկ,502
փայլուն,502
հիանալի,502
կիրառություն,502
ազատվել,502
պատված,502
միլանի,502
դեբյուտը,502
սրանք,501
տարրեր,501
իսպանիա,501
կարգավորման,501
երկրորդական,501
գրանցվել,501
դաժան,501
խորհրդարանի,501
ծրագրավորման,501
գրեմմի,501
ֆունկցիոնալ,500
վասիլի,500
միասյուն,500
ամիսներին,499
ընկերական,499
ոլորտի,499
դոլար։,499
քառ,499
թիմ,499
երգացանկ,499
լեռներում,498
հարաբերական,498
սենտ,498
հերոսների,498
ինդեքսն,498
երկարության,498
հեղինակներ,497
ցանցի,497
զարգացող,497
հաճախել,497
ստեղծած,497
մտնող,497
էթնիկ,497
ապահովելու,496
երկարությունը՝,496
կորցնում,496
վայրում,496
աջակցում,496
հարվարդի,496
ֆիզիկոս,496
չարլզ,496
գաղթել,496
հիվանդություն,496
օրերին,495
առավոտյան,495
նկարիչ։,495
սերտ,495
ձևերը,495
ուղղահայաց,495
մաքսիմ,495
կազմակերպվել,495
ռեժիսոր՝,495
մանրամասն,494
արժանանում,494
ակադեմիան,494
կոնստանտին,494
փորձը,494
եկամուտը,494
հաղթանակը,494
տախտակ,494
դաշնամուրի,494
պայմաններ,493
խմբային,493
անվանի,493
բյուզանդիայի,493
տեսակ՝,493
դեբյուտային,493
կերպարի,493
ոռոգման,493
կատարյալ,492
գործողություններ,492
իրականացվել,492
պայմանները,492
շեքսպիրի,492
չար,492
ռաֆայել,492
սիրելի,492
սերնդի,492
ձայնի,491
հիմնարար,491
արտաշես,491
հասցնում,491
ամսվա,491
հեռախոսահամար՝,491
կապակցությամբ,490
սեփականության,490
մթնոլորտային,490
թաղվածներ,490
հանրապետությունը,490
անվանակարգում,490
ահա,489
բառեր,489
ոմանք,489
ինժեներ,489
եկող,489
տարածքներում,489
մանկության,489
առկայությունը,489
արդարադատության,489
ուշադրությունը,489
վեցերորդ,489
հրաչյա,489
պատկերը,488
կառավարական,488
այստեղից,488
անցնելով,488
սթիվեն,488
իրականացրել,488
սուլ,488
երվանդ,488
նատրիումի,488
սահակ,487
ակնհայտ,487
ականավոր,487
առել,486
բիզնես,486
հաջողվել,486
շրջանները,486
ավարտում,486
վասն,486
իրաքի,486
օրգանիզմում,486
չեռնովցիի,486
բոուելի,486
գործեր,485
հավաքածու,485
մոտակա,485
երգն,485
կանադացի,485
խուան,485
կաստիլիա,485
կառուցվում,484
կարիք,484
պասիվ,484
հարյումաա,484
զուտ,483
աշխատությունը,483
բացել,483
հետաքրքրություն,483
սահմանադրության,483
դեյվիդ,483
սուլթան,483
գետակ,483
վաճառվել,483
մինի,483
զանգեզուրի,483
անընդմեջ,482
արձակ,482
գևորգյան,482
սպասում,482
նվազագույն,482
նախագիծը,481
դաստիարակության,481
ամերիկահայ,481
ծովափնյա,481
անջելես,481
ներկայացրեց,481
կիրովի,481
կիլիկյան,480
վերաբերել,480
ստացման,480
մարմին,480
միավորում,480
վերականգնել,480
կողքին,480
ավստրիացի,480
հեռախոս՝,480
համակարգեր,479
լուիս,479
զգում,479
կետը,479
ֆիֆա,479
նկարահանվում,479
հիմնադիրներից,478
նվիրել,478
բուժում,478
ֆրանսիայում՝,478
խոսքը,477
տոհմի,477
ճանաչել,477
այդտեղ,477
հիվանդությունը,477
ժառանգություն,477
անկում,477
վազգեն,477
մարզիչներ,477
շվեդ,477
իրենք,476
նրանում,476
երբեմն՝,476
խմբին,476
դերեր,476
եղբոր,475
նյութերը,475
կայացավ,475
բավարիայի,475
մեքենաների,474
տպագրել,474
պայմանական,474
պարզվում,474
կրոնի,474
թռչուններ,474
ֆիլմերից,474
օրն,474
միավորների,474
ֆակուլտետը,473
կլոր,473
անունից,473
մեկին,473
հանդիպումը,473
ամենախոշոր,473
միշել,473
պայմաններում։,473
իրավունքը,473
շուկայի,473
արտադրվում,473
շենքեր,473
բերդ,473
հելին,473
միավորման,472
գրողի,472
շրջանը։,472
բացառապես,472
մակերևույթից,472
վերաբերվում,472
գերեզմանատանը,472
հեռարձակվել,472
եգիպտոսում,471
բանկային,471
աֆրիկայում,471
գաղափարների,471
տանող,471
զորավար,471
հասկացությունը,471
զինվորների,471
նկարագրված,471
օրգանիզմների,471
հերոսներ,471
հաստ,470
հիշատակ,470
հաջորդում,470
կողմերի,470
անցած,470
կապվում,470
հիշողության,469
գործարար,469
գումարը,469
արտացոլում,469
մասնավորապես՝,469
հայրենիքի,469
շվեյցարիայի,469
կամավորական,469
կատակերգական,469
ստեղծումը,468
առանձնահատկությունները,468
գործիչների,468
նավի,468
բույսի,467
նկարի,467
ուսանող,467
հրեաների,467
զինվոր,467
վարդագույն,467
պահպանության,466
սկզբնապես,466
ծայրահեղ,466
արսեն,466
կարգ,466
այլոց,466
թագուհի,466
գլխավորած,466
ֆիլմերում։,466
օժանդակ,466
խաղացող,466
հիշեցնում,465
լեզուներով,465
կյանքն,465
թիվն,465
շարժումների,465
կոչումներ,465
տաճար,465
հյուսիսից,465
լիբանանի,465
արևմուտքում՝,465
տրանսպորտ,465
մասնակից։,464
իրավիճակը,464
բարձրությունը՝,464
կինոդերասաններ,464
կաշեպատ,464
ուշագրավ,463
հետևել,463
եղբայրների,463
գուրգեն,463
պավել,463
բազում,462
օպերա,462
եվգենի,462
հավաքում,461
խորհրդանշում,461
հետագայում՝,461
սարսափ,461
ակադեմիա,461
լիարժեք,461
գերմանիան,461
ֆեդերացիայի,461
անջելեսում,461
կկ,461
քանզի,460
կայսրություն,460
ներկայացուցիչները,460
ընկերություններ,460
առկայության,460
մեխանիկայի,460
փաստացի,460
ղեկավարի,460
գխ,460
գործոնների,459
ստիպում,459
թիֆլիսում,459
աղքատ,459
մարիամ,459
հիշում,459
գույնը,459
թողարկեց,459
ում՝,458
աշխատելու,458
առթիվ,458
պուշկինի,458
հենրիկ,458
հաջորդող,458
կերպարներ,458
բնորոշվում,458
երիտասարդության,457
մշակույթը,457
տարօրինակ,457
փիլիսոփայություն,457
չեխիայի,457
ձերբակալվել,457
ներկայացնել,457
ընտրում,457
ներկայացուցիչներ,457
ծավալը,456
եր,456
սահմանները,456
յունայթեդի,456
գյուղակ,456
կատալոնիա,456
աստղային,455
եղանակով,455
վարդանյան,455
արևմուտքից,455
ծառերի,455
իտալիան,455
նախագահության,455
մոլեկուլային,455
հրանտ,455
կերպարվեստի,454
չպետք,454
շքանշանով։,454
տարածքով,454
հանրապետությունով։,454
բրիտանիա,454
էկրանավորումներ,454
կարծես,453
գործերից,453
ամենատարածված,453
ն։,453
կապիտան,453
հազվագյուտ,453
հոգի,453
գեղանկարչության,453
առողջության,453
հռոմ,453
երգը։,453
գրադարանի,453
տեսքը,452
հավատարիմ,452
թվականներից,452
արժեքի,452
տեղեկություն,452
անվերջ,452
իջնում,452
չիլիի,452
հանգիստ,451
ժառանգական,451
արքայազն,451
պաշտոնը։,451
թողարկված,451
լիգայում,451
շրջաններում։,450
ոճը,450
պատանեկան,450
գարուն,450
մոդելներ,450
ծագումը,450
վիլհելմ,450
վերադառնալ,450
փայտե,450
հարազատ,450
ռումինիայի,450
պոտենցիալը,450
կենտկոմի,450
համեմատական,449
նյութը,449
լիակատար,449
վոլոգդայի,449
մրցանակի։,449
գյումրի,449
արտադրում,449
օսկարի,449
հնում,448
սիրտը,448
իշխանություն,448
պալատական,448
թուրքիան,448
ծն,448
գոյությունը,447
գործընթացի,447
հսկա,447
թվականները,447
գերի,447
միլան,447
միջոցները,446
ծանոթանում,446
մուլտֆիլմեր,446
մանուկյան,446
ժակ,446
կովկասում,446
տարածվածություն,446
մրցույթ,446
տեսահոլովակ,446
վերջերին,445
պարոն,445
բաժանել,445
իրերի,445
պիեռ,445
ալբանիայի,445
լիճը,445
գր,445
ծրագրեր,444
սեռի,444
հաշտության,444
շրջապատող,444
ալան,444
թրիլեր,444
կատարող,444
ֆա,444
օգնական,443
հեղինակների,443
կողմում։,443
հիմնադրման,443
էն,443
ավետիսյան,443
ալիքների,443
ուժեր,443
զենքի,443
ածխածնի,443
խաղողի,442
երևույթ,442
հնչում,442
էության,442
հանգեցրեց,442
կառուցում,442
կայանում,442
նամակ,442
ընտրված,442
հնդիկ,442
չափավոր,442
թողարկվում,442
կինոյում,442
պարային,442
գծի,442
ազդել,441
բաժանվել,441
դեպքում՝,441
քրիս,441
պարտվում,441
քաղաք։,441
ներկայացնող,441
մրցանակակիրներ,441
արված,440
նկատի,440
պապը,440
պետհրատ,440
ազնվական,440
դրամատուրգներ,440
մարզային,440
անդրադարձել,439
նկատելի,439
աստիճանը,439
կորեայի,439
շուկայական,439
ձայնագրման,439
չեն։,438
ամսագիրը,438
կնքեց,438
հողային,438
սիթի,438
քնի,438
կլիմայական,437
անց՝,437
աճող,437
պյոտր,437
պոլսի,437
թատրոնում։,437
թշնամու,437
գոյաս,437
այլք։,436
տեղեկատվության,436
սահմանվում,436
անի,436
կիևի,436
ուսանողների,436
միացությունների,436
բանվորական,436
կամուրջ,436
շփման,436
ակումբներ,436
հույս,435
մասնագիտացված,435
մարտիրոսյան,435
ֆունկցիաների,435
կեսից,435
արցախ,435
շտաբի,435
պալատը,435
առաջադրվել,435
ռազմավարական,434
նվագել,434
հրաժարվեց,434
ներս,434
ղեկավար։,434
պրոցեսների,434
ռեժիսորը,434
սի,434
գրեց,433
երկրները,433
սարքերի,433
արժեքների,433
աշխատությունները,433
սահմանել,433
ուրանի,433
հուշարձանի,433
դերերը,433
կրոն,432
հզ,432
բարձրացման,432
վարչատարածքային,432
պրոդյուսերներ,432
էմիլիա,432
հայֆիլմ,431
առարկաների,431
տնտեսությունը,431
երկրներից,431
պոլիս,431
սահմաններից,431
շենքերի,431
տոննա,431
որակավորման,431
արագության,431
ալպեր,431
ելենա,431
ֆուտբոլիստի,431
չեռնիգովի,431
այբուբենի,430
աշտարակի,430
բնույթը,430
ալի,430
կերպարների,430
դպրոցն,430
վտակ,429
արաբերեն,429
մասերը,429
կասպից,429
մուսուլմանական,429
մրցանակների,429
հանդիպող,429
բերդի,428
ուշ՝,428
գնահատվում,428
ամենամոտ,428
հարյուրավոր,428
ուղղության,428
ռոն,428
համահեղինակ,428
նկարել,427
ասիա,427
դասվում,427
մասին՝,427
բալթիկ,427
մշակվում,426
համառոտ,426
հատված,426
գաղափարները,426
իմանում,426
եղիշե,426
աբրահամյան,426
հրաշալի,426
արշավանքի,426
խոսե,426
միջոցառումների,426
հիշատակարաններ՝,426
վեբ,425
դանիայի,425
էին՝,425
հոլիվուդյան,425
ամյակին,425
տոներ,425
ամբիոն,425
ֆիզիոլոգիական,425
հայրենիքին,425
սարգսյանի,425
մասնակցությունը,424
բարեկամության,423
ձվաձև,423
դասակարգում,423
ձևեր,423
համագործակցել,423
շահագործման,423
կոմս,423
շարունակեց,423
թեմայով,423
նախագահն,423
շվեդական,423
իշխանական,423
դրել,422
փուլը,422
տարիքային,422
կազմակերպվում,422
առաջանալ,422
նշանակալից,422
սերբիայի,422
տեսողական,422
տեսավ,422
լյաենե,422
հիշատակում,421
տարբերակում,421
օպերացիոն,421
դարը,421
շառլ,421
տղան,421
անիմացիոն,421
աղբյուրներում,421
սպիտակուցների,421
բալկանյան,421
մահապատժի,421
համալիրի,421
վանա,420
փոխանցման,420
ծառ,420
միացություններ,420
ռխֆսհ,420
տրանսպորտի,420
ինդեքսի,420
կամերային,420
առաջնությունը,420
ռիո,420
կապիտալի,420
փափուկ,419
կրակի,419
գործընթացների,419
դաշտային,419
վտանգի,419
մասնակիցների,419
հատկությունների,419
դատարանը,419
ափ,419
սինգլ,419
լեգեոներ,419
օրենքների,418
տարբերությունը,418
ստացվել,418
օպերան,418
լինեն,418
ստեղծագործել,418
ճանաչման,418
մաթեմատիկոսներ,418
դուք,418
գնդի,418
օդանավակայանը,418
միացավ,417
իռլանդական,417
ունեցել։,417
սիրային,417
լև,417
հարկային,417
խաղն,417
վյազեմսկի,417
դեբեոն,417
բանակում,416
կարապետյան,416
չունեցող,416
իրադարձությունները,416
ջո,416
ստեփանյան,416
բյուրոյի,416
կոմպոզիտորների,416
կայսրը,416
դերասանուհի։,416
ճարտարապետներ,416
կանադայում,416
ֆիլմ։,416
հրատարակված,415
տեսակետից,415
թեման,415
վիլյամ,415
ֆրանց,415
ոսկի,415
ազգաբնակչության,415
հսկողության,415
տեղումների,415
մասում՝,415
զիջում,415
հանձնվել,415
փառատոնի,415
սաղավարտի,415
խաչատրյան,415
բարսելոնա,415
սկզբներին,414
աշակերտների,414
դոկտորի,414
կիրառումը,414
աստվածային,414
կառուցումը,414
ուղեղի,414
պէյրութ,414
տնօրենի,414
սահմանի,414
ակունքը,414
ներդրում,413
տղամարդիկ,413
ժամանակով,413
շահ,413
մարմնավորում,413
գնդակը,413
չեռնիխ,413
տեքստը,412
համայնքների,412
եպիսկոպոս,412
իտալերեն,412
քրիստոնեության,412
օրը։,412
մահվանից,412
միջավայրում,412
տեղն,412
դիրիժոր,412
զուգընթաց,411
տեղափոխել,411
հազարամյակի,411
ալիք,411
քրիստիան,411
նկարագիր,411
ինստիտուտում։,411
բնակվող,410
համակարգերը,410
ն՝,410
պապ,410
ից՝,410
երկայնքով,410
պատկերներ,409
տարածական,409
փաստորեն,409
մտածում,409
լճեր,409
ամուսնու,409
դասավանդում,409
դրոշմազարդ,409
պետերբուրգում,409
պետի,409
սերտորեն,408
փոխազդեցության,408
բեմադրվել,408
սիմոն,408
թուրքիա,408
փոխարինել,408
փողոցների,408
քարտուղար։,408
թթվածնի,408
տեսահոլովակի,408
շրջանը՝,408
կարճամետրաժ,407
խանգարում,407
քննադատական,407
դուր,407
ձեռքը,407
հիշատակին,407
քաղաքները,407
պատերազմներ,407
պատրաստելու,406
բելգիայի,406
մտածողության,406
հարցերով,406
փոփոխական,406
հունաստանում,406
հաստատեց,406
պտուղը,406
օվկիանոս,405
արգելված,405
քահանա,405
հանձնել,405
երկրամասում,405
ընտրվեց,405
ալիքային,405
գենետիկական,405
գրականագետ,405
պատմիչ,404
երգել,404
ակումբում։,404
ժողովուրդը,403
բուռն,403
անանիա,403
բացահայտել,403
կուսակցություն,403
շրջանից,403
վնաս,403
կետի,403
նկարահանման,403
կոմունաներ,403
ուղեծրին,403
վայզ,403
ռեժիսորի,402
կենտրոնացված,402
համալսարանը։,402
տիեզերքի,402
քայլ,402
գրականությունը,402
մթնոլորտի,402
նկարագրվում,402
կաթողիկոսի,402
իրարից,402
կոչել,402
պղնձի,402
տղա,401
լե,401
օրեր,401
բարձրացնում,401
վլադիմիրի,401
օրինական,401
անկյունային,401
գնալ,400
հաստատվեց,400
ջանքերով,400
հրավիրում,400
հետևյալն,400
միավորված,400
ծովում,400
հարթության,400
բելառուսի,400
տնտեսագետ,400
կուլտուրայի,399
փոխանցում,399
արևելահայ,399
ճգնաժամի,399
վերադառնալով,399
ֆինանսների,399
զորքը,399
լեոնիդ,399
էլեանոր,399
֊ի,399
կինոռեժիսորներ,398
հարցեր,398
փոխում,398
խոսել,398
կազմվում,398
կյանքին,398
նորագույն,398
ավանդության,398
համեմատ,398
չկան,398
արաքսի,398
նվաճումներ,398
մրցանակաբաշխության,398
տեսնելով,397
իշխանությունները,397
մերժում,397
քաղաքացիների,397
բուժումը,397
ինչից,397
իբր,397
գավաթը,397
ալբոմը։,397
բերանի,397
վրաստան,396
հատվածներ,396
դևիդ,396
վայրը,396
հաջորդել,396
կանադական,396
նվաճեց,396
պայքարել,396
սերիալի,396
կոդ,396
նշանակել,395
անհատի,395
մաթեմատիկոս,395
կինը՝,395
հանգստի,395
համայնքում։,395
աղջիկների,394
անգամ՝,394
միավորներ,394
ազդեցիկ,394
նշեց,394
մասը՝,394
լեռնագագաթ,394
իրավունքները,394
համարժեք,393
տվյալների՝,393
վճարել,393
սայաթ,393
նախատեսվում,393
հովսեփ,393
ասիական,393
նավատորմի,393
մրցանակակիր,393
եկեղեցին։,393
հայտարարվեց,393
ստալինյան,393
իսլամի,392
բացման,392
լիազոր,392
գործարանի,392
մեդալով,392
նորամուտը,392
ազդեցությունը։,391
օրինակներ,391
երկուսը,391
թագուհու,391
եղանակ,391
կոլումբիայի,391
բրայան,391
յուրօրինակ,390
գլոբալ,390
վրաստանում,390
հեռացել,390
ձեռքով,390
հանդիսավոր,390
թռիչքի,390
ազգագրական,390
տիկին,390
կրթությունն,390
վարակիչ,390
յի,390
հայդելբերգում։,390
անվճար,389
ապահովման,389
թարգմանություններ,389
ժամանակից,389
կոմպլեքս,389
թողնել,389
օրենքով,389
բնիկ,389
քաղաքներից,389
վերջիններիս,389
բացատրվում,389
հոսքի,389
դարձրել,389
հիվանդի,389
մոսկովյան,389
սարգսյանը,389
գրող։,388
վերցրել,388
ֆրանս,388
նվազել,388
նացիստական,388
մետաղական,388
բաժինը։,388
զոհերի,388
ընտրությունների,388
կոշտ,388
հելինի,388
ընթացիկ,387
հիսուս,387
երկարավուն,387
մեթոդներ,387
ադամ,387
աշխատողների,387
ափից,387
մեքսիկական,387
հարավում՝,387
իրանում,387
թռչող,387
հավելյալ,387
յարոսլավլի,387
շքանշանով,387
հոլտ,387
կինոռեժիսոր,386
գիտելիքների,386
կյանքը։,386
շարքը,386
ցարական,386
գտավ,386
հոլանդական,386
թոփ,386
չեմպիոններ,386
ավելացնում,385
օգնությամբ։,385
գործունեությունը։,385
կամքի,385
երգիծական,385
նվագում,385
կոստանդնուպոլսի,385
կուշիրո,385
ստեղծելով,384
մխիթարյան,384
բացահայտում,384
մոդելի,384
առարկա,384
վեպում,384
թափվելը,384
ծանոթացել,383
կամավոր,383
բովանդակությունը,383
բազմանում,383
անկանոն,383
բարենպաստ,383
ուղին,383
քանդակագործներ,383
երկրորդային,383
պտուղները,383
սիլյայում։,383
դարաշրջանում,382
գլխավորությամբ։,382
գտնվելու,382
եղանակը,382
զորքի,382
մեքենայի,382
շաբաթվա,382
կինոդերասանուհիներ,382
տրամաբանության,381
հաստատելու,381
շրջանն,381
ուսումնասիրությունը,381
թվին,381
բևեռային,381
մկրտչյան,381
իսպ,381
առաջացնել,381
իռլանդիայի,381
մարզերի,381
թարմ,380
կեսը,380
դրսևորվում,380
տարրերը,380
ուղևորվում,380
վիեննա,380
պալատ,380
գնդապետ,380
նկարահանումները,380
դիմանկարը,380
բասի,380
դինաստիայի,379
գնահատել,379
վերջը,379
գնահատման,379
սովորելու,379
մեթոդ,379
առանցքային,379
ընդունման,379
ապստամբությունը,379
դրոշը,379
սկզբունքը,379
լքում,379
ճնշումը,379
հյդ,379
մատու,379
բացատրում,378
գրի,378
կատարելով,378
լեզվական,378
ստացան,378
գավառը,378
առողջ,378
անցկացրած,378
հաշվին,378
գրավեցին,378
ֆաշիստական,378
տարեկանների,378
ընկավ,378
պար,377
ուսումնասիրությունները,377
վճռական,377
քնարական,377
անկման,377
հնա,377
զարդարված,377
դին,377
ինքը՝,377
գործազուրկ,377
երկրպագուների,377
սննդային,376
հավաքված,376
հավասարակշռության,376
բջջի,376
մոնղոլական,376
բնածին,376
խոսքերով,376
նստած,376
հեռուստաընկերություններ,376
հկկ,376
գրոսու,376
պատմա,375
ընթացքը,375
հավանականությամբ,375
անվանումով,375
արաքս,375
մեթոդները,375
գրքում։,375
անմիջականորեն,375
սպանության,375
մասնակիցները,375
կառավարել,375
տիրոջ,375
լենինյան,375
խոհանոց,374
ծառայություն,374
կարճատև,374
արևելքից,374
անհնար,374
անձնակազմի,374
հագուստի,374
եկեղեցում,374
շախմատային,374
անսովոր,373
լուծել,373
ներառվել,373
ուրիշների,373
աջակցություն,373
աղի,373
կլիմայի,373
արբանյակի,373
հայերին,373
հասցրել,373
տարտումաա,373
շաբաթական,373
մահացած,373
ուեդա,373
ֆրանսուա,372
գործողություն,372
աբրահամ,372
արվեստում,372
միաբանության,372
գործածվում,372
ով։,372
մյունխենի,372
իգոր,372
բլրի,372
կոնկակաֆ,372
միջանկյալ,371
պոտենցիալ,371
դարձնել,371
գրելու,371
գրած,371
կամրջի,371
պատկերել,371
սկզբունքները,371
կանգուն,371
հյուսիս։,371
ճանաչվեց,371
մայոր,371
լիտվայի,371
վաճառել,371
նկարահանվեց,371
նկարում,370
արևային,370
մեծության,370
բազմակի,370
երկրից,370
կամուրջը,370
ռեակցիայի,370
մայրաքաղաքի,370
խորհրդարանական,370
երկարություն,370
արտադրություն,370
ներ,370
հարձակվում,370
ցեղ։,370
բիա,370
հրազդան,370
գինու,369
աճ,369
ժողովրդավարական,369
նիկողայոս,369
չունի։,369
կետերի,369
գործնականում,369
ջրածնի,369
դուստրը,369
ոքի,369
անահիտ,369
բուրժուական,369
մեղմ,369
հատվածում։,369
մեքենան,369
կանտոն,369
չուներ,368
քերականական,368
անգլիա,368
մարշալ,368
ջերմության,368
համակարգ։,368
եք,368
գորկու,368
ստորագրել,368
տարիներին՝,368
գրիչի,368
ճյուղերի,367
ձեր,367
ֆենտեզի,367
պողոսյան,367
ուրախ,367
տների,367
կանեդա,367
առանձնապես,366
ամենակարևոր,366
բացվեց,366
սրա,366
փոխվել,366
ընտրությունը,366
հեղինակել,366
տիտղոս,366
րոպեին,366
ավստրալիայում,365
ստորգետնյա,365
պատերազմական,365
զոհ,365
հնդկաստան,365
հարկավոր,365
վերցված,365
պիրենեյան,365
գաղութային,365
բնակության,365
ապհ,365
ամրոցներ,365
արագորեն,364
դառնալու,364
ծեր,364
արքեպիսկոպոս,364
դիտարկվում,364
բաժանումը,364
կապերը,364
հանել,364
մկանային,364
ռիու,364
գուդրիկ,364
ձեռնարկությունների,363
երեխաներ,363
փրկել,363
հարց,363
առաջացումը,363
սևան,363
թուրքերեն,363
գրվում,363
հարավ։,363
մրցանակ։,363
ձայնագրել,363
ավարտեց,363
ֆրենկ,363
պիգոտ,363
շումեյկերի,363
հուզական,362
հնդեվրոպական,362
պատմվածքների,362
թենիսի,362
քիմիա,362
սյուր,362
արժանի,361
աստղագիտության,361
մարդն,361
փողոցներ,361
ծառայությունը,361
լեյտենանտ,361
պատկերում,360
մետր։,360
լիներ,360
կուսակցությունների,360
հերոսական,360
տեղափոխում,360
կանգ,360
հեղափոխությունից,360
ձեռքբերումներ,360
ընկնող,360
աշխատությունների,360
դերասանների,360
հրապարակել,360
նախարարների,360
մարտերին։,360
նշանակվեց,360
չկարողացավ,360
արձանը,360
լատվիայի,360
նկատում,360
անձնանուններ,360
ուղղությունը,359
երևույթը,359
դարձնելով,359
հսսհ,359
վերագրվում,359
սկզբունքների,359
անցկացվող,359
էներգիա,359
մահացու,359
վերցնել,359
դերասանի,359
պատճառներով,359
ավիաընկերությունը,359
ղազարյան,359
միտքը,358
հրապարակախոս,358
վանաձորի,358
գրադարանը,358
մայրցամաքային,358
դաշտը,358
ամսագրում,358
հանս,358
ռազմածովային,358
հեղինակավոր,358
պաշտոնում,358
սմ։,358
շնչառական,358
շելտ,358
տարատեսակ,357
մեթոդի,357
միջոցներով,357
մուսուլմանների,357
անիի,357
դրեց,357
կանոնների,357
արտահայտությունը,357
հղիության,357
գործողությունը,357
ժողովրդին,357
սոլո,357
ստեփանակերտի,357
ջոկատի,357
եկեղեցուն,357
համայնքները,357
ափի,357
մեծությամբ,357
անասնապահությամբ։,357
սյուժեն,357
մրցաշարերի,357
ակադեմիայում,356
վասպուրականի,356
ինքնատիպ,356
հարված,356
ղեկավարը,356
պայմանագրով,356
կառույց,356
հեռուստաալիքներ,356
ծանոթ,355
կախարդական,355
փորձերը,355
հրատարակում,355
կենսաբանության,355
խորհրդանշական,355
փնտրում,355
գազային,355
անասնապահությունն,355
գրաֆիկական,355
ուրարտական,354
ցանց,354
խաղային,354
թումանյան,354
արմատական,354
լուծում,354
չինաստան,354
ռադիոակտիվ,354
բերվել,354
լեռները,354
էներգետիկ,354
ուղարկեց,354
նույնանուն,354
հարձակվող,354
եզրափակիչում,354
վատանաբե,354
ստեղծվեցին,353
որոնցով,353
աշխատանքները։,353
հետազոտման,353
ազատագրման,353
զաքարյան,353
բեմադրող,353
մկանների,353
պիտեր,352
սունդուկյանի,352
նահանջ,352
թատրոններ,352
հաշվարկման,352
ափամերձ,351
անջելեսի,351
վերջերս,351
իմանալով,351
հիշատակված,351
նշումներ,351
գաղափարական,351
հաղթական,351
եղբայրը,351
իրավաբան,351
շուկայում,351
բագրատունիների,351
նախագահը։,351
անվանակարգում։,351
աղյուսակ,351
գնդակ,351
չռնի,351
վըրխ,351
այլընտրանքային,350
միջոց։,350
կարծիք,350
տարբերակի,350
կետ,350
ֆիլմը։,350
ազգի,350
խորվաթիայի,350
ուրուգվայի,350
ավստրո,350
կորեական,350
համալիրը,350
քար,350
բաժանմունքի,349
օգտվելով,349
ավետիք,349
բաքվում,349
սահմանների,349
ժամանակաշրջան,349
վրայով,349
ավստրալիա,349
ընտրություններում,349
մմ։,349
ծոցի,349
վերջից,349
պեչորա։,349
մուլտֆիլմի,349
մրցույթին,349
ռեյնմուտի,349
անուն։,348
տարիները,348
ռադիո,348
աջակցությամբ,348
իրեր,348
եվրոպայում։,348
ռեյ,348
պաշտպան,348
բարձրացել,348
դիմադրության,348
բերդը,348
մեկնութիւն,348
գետը։,348
ռոսլավլսկի,348
առանձնացնում,347
թվական։,347
զարգացմանը։,347
կամայական,347
ստեղծագործություն,347
անցումային,347
ճակատամարտի,347
ավստրալիական,347
կղզիները,347
մուսուլման,347
բանկը,347
վրաստանում։,347
կնոջը,347
կիտամի,347
դինամիկ,346
փորձեր,346
ստեղծագործություններից,346
շրջանակներում։,346
ձկների,346
անձը,346
հայագիտական,346
սիրողական,346
աստղագետ,346
վահրամ,346
օրիգինալ,346
շարանտ,346
թաքնված,345
փորձելով,345
բիզնեսի,345
անդամներից,345
կարգավորում,345
կենսագրությունը,345
ֆեոդալական,345
խաղացողներ,345
հիրոսի,345
կարգերի,344
տարած,344
պահանջվում,344
կալիֆոռնիայի,344
նորվեգիայի,344
մոդելը,344
անունները,344
ենթարկել,344
կնքում,344
գեղագիտական,344
փոփոխություն,344
տևել,344
նույնն,344
համահայկական,344
վալերի,344
սնունդ,344
ստամբուլի,344
գեղարվեստա,344
բարձրություն,344
ռեժիմի,344
իրականացնելու,343
մերի,343
լեզուներով։,343
վարդապետ,343
սկսվեցին,343
տարիներին։,343
շոուի,343
ղեկավարության,343
հեռուստաալիքի,343
կիսապաշտպաններ,343
երգով,343
մարանիան,343
բացում,342
իհարկե,342
ափերին,342
ներառել,342
աղբյուրը,342
պտտվում,342
արտահայտել,342
հանրության,342
երկրորդը,342
մասերում,342
թարգմանությունը,342
սլավոնական,342
անց։,342
գործիքային,342
համաձայն։,342
ճապոնիա,342
ատոմների,342
վաշինգտոն,342
սասունի,342
շոտլանդիայի,342
ռեփեր,342
մասնագետների,341
աջակցել,341
հիմնվում,341
դիրքի,341
թվագրվում,341
բոլորին,341
կոչումը,341
հղում,341
հզորության,341
ձախակողմյան,341
ջիմ,341
ամանորյա,341
որդին։,341
համարի,341
զույգը,341
գիտնականները,340
շնորհվում,340
ռեժիսորն,340
ճակատամարտ,340
ադրբեջան,340
բռնի,340
վոլգոգրադի,340
ներքև,339
հետախուզական,339
մեկի՝,339
դարձյալ,339
դպրոցներում,339
արդյունքներ,339
իշխանի,339
տրամագծով,339
խանի,339
օդում,339
տուն՝,339
հունգարական,339
օպերատոր,339
ուսա,339
միավ,339
ճապոնացի,339
լրատվական,339
գիտաֆանտաստիկ,339
թարգմանաբար,338
անցյալի,338
կայքի,338
բովանդակության,338
ցուցաբերում,338
լուսավորության,338
վիկտորիա,338
ծախսերը,338
լաս,338
աստառը՝,338
էդգար,338
ախտորոշման,338
առատ,337
հասկանալ,337
ամենօրյա,337
ներքևի,337
ժամանակում,337
կենսական,337
օրենքները,337
մարմինները,337
ընդգրկել,337
կենդանաբանական,337
ազատական,337
աշտարակ,337
գավաթակիր,337
ալեքսանդրի,336
խմբերը,336
գնահատում,336
բանավոր,336
փախչում,336
ձայնագրվել,336
խաչիկ,336
դոցենտ,336
կնոջ՝,336
այլուր։,336
կոնգրեսի,336
հենրիխ,336
բջիջները,336
հօգուտ,335
օրերի,335
անվամբ։,335
ծնվում,335
յոթերորդ,335
թողեց,335
վերականգնվել,335
բելառուս,335
քրդական,335
շրջկենտրոն,335
պատկերների,334
նորաստեղծ,334
օգտվել,334
նիկոլ,334
հարրի,334
դիֆերենցիալ,334
հետին,334
հոգին,334
անկյան,334
ռադիոյի,334
լարային,334
իրան,334
թևերի,334
անդրե,333
գովազդային,333
ազգանունը,333
ստեղծագործություններում,333
լույսը,333
աստվածների,333
գույքի,333
նաիրի,333
կառույցի,333
բրիտանիան,333
անդրկովկասյան,333
ամուսնության,333
հավաքականում։,333
ավանդաբար,332
հազարանոց,332
այգի,332
ուսանել,332
սարքեր,332
ռացիոնալ,332
կողմնակի,332
հատվածների,332
երջանիկ,332
համագործակցում,332
հաջողությունների,332
հետևանք,332
զու,332
համաձայնության,332
ազգեր,332
արտադրող,332
աշխատակազմի,332
տնտեսագետներ,332
դեսպան,332
ստամոքսի,332
դիվիզիայի,332
ֆուտբոլիստը,332
նովի,332
կառուցվածքով,331
ունենա,331
ամսական,331
չափածո,331
հիմնվելով,331
ելույթներ,331
ավանդույթների,331
հոգեբանություն,331
արկածները,331
հանդիսացող,331
ամրացված,331
հեռախոսահամար։,331
պահելու,330
ընկալման,330
փոխարինում,330
վերակառուցվել,330
ունեն։,330
արևելքում։,330
լուսավորիչ,330
երբևէ,330
սահակյան,330
պարտվեց,330
եգիպտոս,330
դերասանուհին,330
վարկածով,330
բարսելոնայի,330
ասպարեզում,329
պաշտպանություն,329
տոնի,329
համլետ,329
այգին,329
հաշվվում,329
կազմվել,329
ինչու,329
տներ,329
լցված,329
հեռարձակվում,329
կիսաեզրափակիչ,329
մեդալակիր,329
սպարտակ,329
դիցաբանության,329
պերվոմայսկի,329
ներկայում,328
ընթացող,328
պատկանել,328
ծառի,328
կենտրոններից,328
դարերում։,328
հեղափոխությունը,328
անցնելու,328
բնութագրում,327
անանուն,327
էջեր,327
ջոնի,327
մարտիրոս,327
անհրաժեշտության,327
քաղաքացի,327
անցան,327
ասվում,327
սառցե,327
ղազախստանի,327
հաղթող։,327
զոհված,327
արագությամբ,326
տրամադրում,326
վայելում,326
հովհաննեսի,326
արվել,326
վերը,326
այգու,326
նպատակներով,326
հաշվողական,326
հեռուստասերիալներ,326
բարձրադիր,326
հասած,326
պայմանագրեր,326
կանադա,326
պաշտպանելու,326
քամու,326
ֆինլանդիայի,326
մրցաշարերում,326
կարիբյան,325
հարցերը,325
ֆիլմերը,325
վերլուծական,325
հայաստան։,325
մեծությունը,325
ավարտելով,325
հեթանոսական,325
ադրբեջանում,325
ելիզավետպոլի,325
առանցքի,325
առընթեր,325
խոռոչի,325
հերոսները,324
վնասակար,324
իսպաներեն,324
իշխող,324
պատմականորեն,324
ափում՝,324
լենինականի,324
հովտում,324
ուկրաինա,324
աջակողմյան,324
պարտվել,324
վերևի,323
դոկտորական,323
կոմիտեն,323
կանոնները,323
հող,323
քարերի,323
մերձարևադարձային,323
չեզոք,323
ուսումնարանը,323
նահանգը,323
պատգամավոր։,323
ֆելիքս,323
ալբոմը՝,323
լինելը,322
արտավազդ,322
վիճակում։,322
պահպանողական,322
հարաբերականության,322
շինարարությունը,322
ռազմաօդային,322
երկրամաս,322
միջոցառումներ,322
ջութակի,322
խաղից,322
մարադոնան,322
մոլեկուլների,322
թիմում,322
հեղուկի,322
պաշարների,321
բաշխման,321
հայաստանից,321
կինո,321
ապրելու,321
գրավիտացիոն,321
հոդվածի,321
բոլշևիկյան,321
անգլերեն՝,321
մեքսիկացի,321
մրցաշրջանը,321
անցում,321
շվեյցարական,321
նկարահանումների,321
ուրատա,321
հաջողությունը,320
կարդում,320
շարժական,320
լսել,320
ընդհուպ,320
իրենցից,320
արևելք՝,320
լեգեոնի,320
առջևի,320
աղբյուրները,319
հարցերին։,319
հանդեպ։,319
մասսայական,319
ներդրումների,319
բերելով,319
անոթների,319
պյարնումաա,319
մյուսի,318
նկարների,318
նկարիչը,318
հիվանդանոց,318
բոլորովին,318
շերտի,318
փորձնական,318
անցումը,318
ընդունակ,318
մշո,318
հունաստան,318
կազմեց,318
բուժական,318
իրտիշի,318
կույր,318
քրիստինա,318
կարոլին,318
խաղալով,318
նշանակված,317
ալֆրեդ,317
իդեալական,317
անվանեց,317
թերթը,317
պատերը,317
մաս։,317
զբաղեցրած,317
քաղաքներում։,317
բարեխառն,317
ձևավորել,317
անգլո,317
տարր,317
ժամանակվա,316
առարկայի,316
պատկերի,316
կանխարգելման,316
ժողովածուի,316
առաջավոր,316
դիտել,316
հանում,316
խուսափելու,316
փիլիսոփայությունը,316
բաժնում,316
հյուսվածքների,316
հատվածներում,316
հրամանատար։,316
ճնշում,316
բնապահպանական,316
բրազիլացի,316
ահաբեկչական,316
աթենքի,316
չափ,316
ռեժիսորական,316
թեմատիկ,315
անցկացնել,315
հայրենասիրական,315
բարեփոխումների,315
նկարագրությունը,315
անկումից,315
պարունակությունը,315
մասից,315
ջեք,315
ծովը,315
պաուլ,315
լայնության,315
միավոր։,315
հավանականությունը,315
մեկնեց,314
սկզբին։,314
ոլորտներում,314
գտնելու,314
բոլորի,314
քննադատության,314
տարբերակներ,314
համալսարանների,314
դուրս։,314
ժյուլ,314
անցնող,314
լյարդի,314
ապարների,314
ստուգաբանություն,314
մրցանակին։,314
մրցաշրջան,314
պրեսկոտ,314
ընկերները,313
լիբերալ,313
գազերի,313
ուելսի,313
բեմի,313
կառավարումը,313
թեյի,313
ֆուտբոլիստ։,313
պիեսի,313
ուղեծրային,313
կոմբա,313
սասանյան,312
նկարները,312
ինտենսիվ,312
կյանքից,312
հովհաննիսյանը,312
գորիսի,312
ճշմարիտ,312
նկատել,312
օրերը,312
իսրայել,312
ռիսկի,312
էնդատե,312
սեյձի,312
ուեդայի,312
կանեդայի,312
տարբերակը։,311
առցանց,311
գրքերը,311
ները,311
գինը,311
ճանապարհների,311
հավաքածուի,311
խոսք,311
համակարգը։,311
օրենսդիր,311
արյուն,311
հայտարարվել,311
արևմտահայ,311
անձ,311
պարտավոր,311
ղեկավարությունը,311
թյուրքական,311
ժամանակավորապես,311
երկրորդը՝,311
ներկայացուցիչներից,310
ամենի,310
հագեցած,310
ուսման,310
բացատրել,310
ձևն,310
բառ,310
վախ,310
չափերով,310
շարունակվել,310
պալատում,310
վենետո,310
ամուսնությունը,310
ջին,310
էլստի,310
դեբեոնի,310
տիպիկ,309
ներկայացնելու,309
ի՞նչ,309
սկզբի,309
զանգված,309
փոխազդում,309
բերելու,309
կայան,309
ապստամբություն,309
ձայների,309
շագանակագույն,309
նկարչական,308
հաղորդակցության,308
պարկի,308
հետևից,308
ճյուղ,308
հրապարակվել,308
նովա,308
անոթային,308
նորաձևության,308
արդյունաբերությունը,308
աղդամի,308
զելանդիայի,308
նավերի,308
անտառներում,308
երգչախմբի,308
քարքարոտ,308
անգույն,308
օնդրեյով,308
թագավորների,307
չափը,307
նամակներ,307
ծխական,307
խորթ,307
կողմերը,307
մայրենի,307
ուսումնասիրություններ,307
հրապարակ,307
արաբների,307
օբյեկտիվ,307
դասախոսներ,307
արյունը,307
գոթական,307
համագումարի,307
սթիվ,307
վարժարան,307
մեկական,307
լայնությամբ,307
վնասվածք,307
հեռուստասերիալի,307
թեկնածուներ,307
գագարինսկի,307
սարքավորումների,306
հանդիպումներ,306
երկարաժամկետ,306
հատվածները,306
սեղանի,306
քիմիկոս,306
վտանգ,306
վարձավճարով,306
խտություն՝,306
ֆունկցիա,306
ծախսերի,305
դրվել,305
ազատություն,305
ընթացքի,305
եկատերինա,305
ավերված,305
տատանումների,305
գերեզմանատանը։,304
ակնարկ,304
հայտնվեցին,304
մլրդ,304
հասակում։,304
մրցանակ՝,304
երկաթե,304
ինդեքս,304
աղջկան,304
կենտրոնում։,304
մրցույթը,304
փոխարինեց,304
ուղի,304
բեմադրել,304
լը,304
հունգարացի,304
շումեյկեր,304
մակերեսի,303
նմուշներ,303
տե՛ս,303
համալսարանական,303
մյուսը,303
տոկոսը,303
դասավորված,303
դրամատիկ,303
թերթում,303
հեռանալ,303
պատրիկ,303
տարով,303
ղեկավարն,303
պրուսիայի,303
առափնյա,303
անկայուն,303
պատվին։,303
արևմուտքում։,303
թուղթ,303
տուն։,303
թեկնածուական,303
լեռնանցք,303
տաուտենբուրգ,303
բորնգեն,303
սաֆոնովսկի,303
կիրառվող,302
տեղեկատվություն,302
օգտագործելու,302
աշխատանքը։,302
օլգա,302
չէր։,302
վեպերի,302
կամպանիա,302
մնացորդները,302
հակադարձ,302
բուլղարական,302
երկրագործությամբ,302
մասնիկի,302
կերպար,302
յովհ,302
նվազեցնում,302
սիմա,302
մղել,301
հայերն,301
նախնիները,301
մամուլում,301
ջոզեֆ,301
կարգավիճակ։,301
նախագիծ,301
սինթետիկ,301
էքշն,301
ընտանիքին։,301
դեմիդովսկի,301
բոուել,301
արշավանքների,300
բանասեր,300
ձևավորումը,300
արտահայտվել,300
նշելով,300
դնել,300
միմյանցից,300
ակադեմիկոսներ,300
գրանդի,300
գնացել,300
կոպիտ,300
վարքը,300
կարգը,300
դիվանագետներ,300
շենք,300
բավականաչափ,299
ծրագրերը,299
պրահայի,299
երիտասարդների,299
ամսագիր,299
մյուսները,299
օբյեկտներ,299
գիծը,299
զբաղված,299
հրավիրվել,299
միացնում,299
քանդակագործության,299
սիրտ,299
դիտարկել,299
պիեսներ,299
բյուրեղային,299
կոսովոյի,299
սերո,299
հայդելբերգ,299
գեղեցկության,298
հասարակությունը,298
հասցնել,298
դեմքը,298
համարելով,298
կենդանիները,298
անվանումը՝,298
ժոզեֆ,298
տիտղոսը։,298
միջակայքում,298
տևական,298
մասնակցած,298
հիշատակվել,298
բանակցություններ,298
օդեսայի,298
գահի,298
տերևների,298
առաջնությանը,298
ատոմի,298
եկամուտների,297
արիության,297
ենթադրաբար,297
պահպանելու,297
նշաններ,297
հրավիրել,297
վաղուց,297
չարենցի,297
նահանգներ,297
կաթնասունների,297
գների,297
պատասխանում,297
չափի,297
ընտանիքների,296
կենտրոններ,296
բոլորն,296
մութ,296
մեծամասնության,296
լեզվաբանական,296
տոն,296
ուժով,296
դստեր,296
գեղանկարիչ,296
խուսափել,296
օրոք։,296
տնօրենն,296
բանակում։,296
լիամետրաժ,296
վագների,296
հարստության,295
ողբերգական,295
հակադիր,295
նախընտրում,295
բանաստեղծի,295
հեքիաթներ,295
անուշ,295
դարձած,295
պայծառ,295
ճակատագրի,295
թվերը,295
կենտրոնացած,295
ազգ,295
կոստանդնուպոլիս,295
հաստատման,295
ցուցակում,295
ամերիկացիներ,295
կոստա,295
փոխարենը,295
գործարան,295
բրոնզ,295
մեդալով։,295
հողը,294
պատկեր,294
տեղային,294
մեծացնում,294
շարունակական,294
վիճակ,294
պրոցեսի,294
բացված,294
անորոշ,294
անվանական,294
լինում։,294
լճից,294
հանձնում,294
մարգարյան,294
ռեժիսոր։,293
միջերկրածովյան,293
օգտվում,293
բանաստեղծության,293
օբյեկտ,293
վերևում,293
ռեակցիաների,293
ճյուղի,293
ժողով,293
ուղղաձիգ,293
ժողովը,293
հարցազրույց,293
ռեակցիան,293
շարժվող,293
անդալուսիա,293
արածանիի,293
կոլսկի,293
դասակարգված,293
իսկապես,292
զբաղվող,292
վերահսկում,292
կետում,292
օգնեց,292
պատմությանը,292
ապացուցել,292
թորոս,292
տարիքը,292
սատուրնի,292
անդրկովկասի,292
պաշտպանությունը,292
պարագայում,292
դաշնակահար,292
մակերևույթը,292
խմելու,292
իսպանիան,292
միացած,292
գործակալ,292
հիշատակի,292
կանտոնում,292
շուկա,291
ներկայացումներ,291
աղյուսակում,291
նշանների,291
փողոցում,291
տանել,291
կոչվեց,291
կնքված,291
լեհաստան,291
հավասարումների,291
թարգմանության,291
պարզել,291
երեխա։,291
գասպարյան,291
կեմերովոյի,291
դրոշներ,291
երաժիշտների,291
գնաց,291
պուատու,291
պատրաստվել,290
իմաստը,290
փաստաթղթերի,290
հոսքը,290
լուսային,290
վերաբերմունքը,290
իմաստ,290
ազատամարտիկ,290
հիմքով,290
գազ,290
կա՛մ,290
կաթի,290
գործունեությունն,290
նավահանգիստ,290
մարտունու,290
մանրանկարներ։,290
լեյբլի,290
ուղղություն,289
դիտարկում,289
համերգ,289
լսում,289
կատակերգություն,289
ոտքի,289
շուշի,289
արծաթի,289
սահմանամերձ,289
վոլգա,289
փոխարինելով,289
ալբոմն,289
բազմացման,289
վեստ,289
զինվորները,289
մգ,289
մեսայում։,289
դիտում,288
տղայի,288
դարչնագույն,288
լյուդվիգ,288
հորը,288
օրինակով,288
եղբոր՝,288
հրամանատարի,288
հարավկորեացի,288
բնագավառում։,288
մարկոս,288
կառավարիչ,288
հարկի,288
հիվանդանոցի,288
պեղումների,287
քանիսը,287
եղբայրը՝,287
կատարի,287
աշխատանքներից,287
փորձեց,287
պարույր,287
նապոլեոն,287
հայտնեց,287
սինթեզի,287
տա,287
պարտությունից,287
վտակները,287
հարավսլավիայի,287
շինությունների,287
ադոլֆ,287
էլեկտրոնների,287
գահին,287
համայնքներին։,287
կիթառահար,287
դուքս,287
կոմունա։,287
բժշկի,286
խնդիրն,286
նախագծման,286
կարդալ,286
ծավալել,286
վրացերեն,286
չափերը,286
ինչքան,286
գնալով,286
դետեկտիվ,286
դեմքի,286
վերադարձը,286
աբխազիայի,286
ստամբուլ,286
հալեպի,286
թագավորությունում,285
ծառայություններ,285
ցանցը,285
անսպասելի,285
հայրն,285
տեքստի,285
օքսֆորդի,285
լեզվաբանության,285
ռուսաստանում։,285
ընդունելով,285
պատերազմին։,285
պոեմ,285
առողջական,285
հանգեցրել,285
իրականացված,285
գրավելով,285
ինդոնեզիայի,285
մետաղի,285
կառույցը,285
տեսակներ։,284
ինֆորմացիայի,284
հեռախոս։,284
շերտը,284
կազմավորման,284
աբովյան,284
խալիֆայության,284
չինացի,284
մտան,284
ավագյան,284
զարգացումը։,284
գյուղացիական,284
կայարան,284
ծիսական,284
քաղաքակրթության,284
նավը,284
ճակատի,284
հացահատիկի,284
դադարում,284
ճառագայթների,284
կերային,284
մրցանակին,284
ոչնչացման,284
պրոցեսը,284
խեթական,284
ազատամարտի,284
առաքելյան,284
ուղեծիրը,284
աննշան,283
ձոր,283
նպատակների,283
կովկաս,283
ստալինի,283
մուրադյան,283
նրանց։,283
փաշայի,283
հանկարծակի,283
գծերի,283
կուլտուրաների,283
երկնքի,283
նովայա,283
վտակը։,283
գիշերվա,283
բուլղարացի,283
տաղանդավոր,283
փոստ։,283
գրունևելդի,283
իրավիճակի,282
կեսի,282
դեպքերը,282
ավարտը,282
արժեքները,282
պարզվեց,282
սերժ,282
հավաքվում,282
յունայթեդ,282
ճակատամարտը,282
համբավ,281
ակումբների,281
հակված,281
հարցում։,281
անցյալում,281
կյանքում։,281
քոլեջի,281
ռոջեր,281
եղանակի,281
լքված,281
մասնագետ,281
հագուստ,281
շվեյցարիա,281
սպա,281
պրոֆեսորի,281
հաստատությունների,281
թերակղզին,281
րդը,281
խաչակիրների,281
սարատովի,281
ղազար,280
միջնադարի,280
համեմատած,280
կոլեկտիվ,280
մայրական,280
ներկայացումը,280
ընտիր,280
լինել։,280
վոլֆի,280
ճյուղը,280
պատմությունը։,280
քանակական,280
երազում,280
կապան,280
պահից,280
վերակառուցման,280
նշանակություն։,280
սարսափելի,280
պարկ,280
ուստ,280
կանտոնն,280
հեռուստաընկերության,280
եփրատի,280
սրտամկանի,280
անփոփոխ,279
հանգեցնել,279
յոզեֆ,279
էթնիկական,279
լենինը,279
հիմնում,279
շրջագայության,279
լեռնաշղթա,279
լեռնաշղթաներ,279
տարավ,279
ադրբեջանցի,279
անտառների,279
տարեկանում։,279
հակամարտության,279
ի՝,279
֊ին,279
զբաղեցնելով,279
մեդալի,279
բայազետի,279
գավառակում,279
վաճառվում,278
առարկան,278
հայտնաբերում,278
դոլարի,278
անցկացման,278
քաղաքապետարանի,278
խմբագիր։,278
արդյունքի,278
ժյուրիի,278
ամուսնական,278
մարտաֆիլմեր,278
օդաչու,278
մարսել,278
ջեքսոնի,278
քաշը,278
գոլային,278
վիլյանդիմաա,278
ռապլամաա,278
խակասիա,278
բույսերը,277
աֆրիկա,277
փոփոխվում,277
տալիս։,277
ստեղծեցին,277
ուսուցչի,277
շրջան։,277
ձեզ,277
ավելանում,277
զգայուն,277
ֆիզիոլոգիայի,277
գյուղացիների,277
բանվոր,277
դասագիրք,277
սկավառակի,277
ցածրադիր,277
մասնակցության,277
սփյուռքի,277
շոու,277
դեղերի,277
հայության,276
տեղեկությունները,276
մատենագիտություն,276
բնագավառներում,276
հեռուստասերիալ,276
հարավից,276
բողոքի,276
իտալ,276
անօրգանական,276
ջոկատը,276
առաջացող,276
չճշտված,276
գրունենվելդի,276
ցուցադրում,275
ուղղակիորեն,275
քաջ,275
արձագանք,275
արդյունավետության,275
անցյալ,275
հյուսիսում՝,275
ութերորդ,275
միջատների,275
մրցակցության,275
հրատարակվում,275
շքեղ,275
բացումը,275
բնակիչներ,275
բանկերի,275
տեխաս,275
վայրում։,275
խաչատրյանի,275
անտոնին,275
ազատամարտիկներ,275
պարաիբա,275
կարելիայի,275
տակեր,275
համացանցային,274
տարբերակն,274
մեդիա,274
ռեալիստական,274
որդուն,274
ներկայացնելով,274
տպ,274
մեռած,274
պատճառները,274
գիրքը։,274
խմբագրել,274
լեզվաբան,274
մտնել,274
մեծահասակների,274
աղբյուրի,274
նվաճումների,274
զբաղեցված,274
թիմին,274
մարզը,274
հյուսվածքի,274
պատկերասրահում,274
երգչուհին,274
պոչինկովսկի,274
գունային,273
վիեննայում,273
բանաստեղծությունները,273
մոսկվայում։,273
բերվում,273
նամականիշերի,273
որակական,273
հանդիսացավ,273
վերադարձ,273
րդն,273
լաչինի,273
կառավարություն,273
տեղում։,273
նապոլեոնի,273
կրասնոյարսկի,273
արշակունիների,272
թթու,272
մոտեցումը,272
առանձնահատկությունների,272
ուղարկվել,272
մակարդակով,272
սահմանափակվում,272
վանքում,272
տեսած,272
մշակումը,272
անգլալեզու,272
ազնիվ,272
տեսակներից,272
բնութագիր,272
գտնված,272
հարձակվել,272
վտակներից,272
հռոմեացի,272
ստացողը,272
հանդիպեց,272
անձնային,272
կամչատկայի,272
մարզադաշտում,272
աչքերի,272
բույե,272
խոսրով,271
ասած,271
դեպք,271
անցման,271
ծնունդ,271
գոտին,271
էմիլ,271
ռուդոլֆ,271
մղոն,271
ռուսերենից,271
անվանման,271
կազմելով,271
եզրափակչի,271
սկանդինավյան,271
վայրերից,271
մեքենա,271
ժերայս,271
ապագայի,271
կգ։,271
ինքնաթիռի,271
օկրուգներ,271
շքանշաններով։,271
անավարտ,270
իրեն։,270
արև,270
տեքստիլ,270
գիտելիքի,270
տարածություն,270
սյունյաց,270
կիլիկիայում,270
հելլենիստական,270
բեկ,270
արամի,270
գործունեությամբ,270
հանքավայրեր,270
գալուց,270
արմենիա,270
հանգամանքը,270
ափով՝,270
զուգահեռական,270
արձանագրության,269
պաշտոն,269
ցուցաբերել,269
մայրաքաղաքն,269
առանձնացվում,269
էստոնական,269
չեղյալ,269
պորտուգալական,269
արևմուտքի,269
որոշելու,269
սցենարը,269
էմմի,269
էր։կանտոնի,269
խաղադաշտ,269
դուխովշչինսկի,269
ընտանի,268
համակարգերում,268
տարածումը,268
ճնշող,268
հրատարակության,268
շենքում,268
դասակարգային,268
որում՝,268
ֆրենսիս,268
խանգարումների,268
առաքել,268
արմավիր,268
եղբայրները,268
ամռան,268
խաղաղություն,268
եռակի,268
կապիտալիստական,268
արդյունաբերություն,268
գործոն,268
տները,268
ընտրություն,268
զիջելով,268
ավանդույթի,268
յունայթեդը,268
համերգներ,268
մարզչական,268
կիսապաշտպան,268
քրոջ,268
գյուղաքաղաքից,268
պիլվամաա,268
ներգրավված,267
գնդաձև,267
մաթեմատիկա,267
բացահայտ,267
սմիթը,267
հարաբերությունը,267
շան,267
սկսված,267
ռոման,267
օրենսդրական,267
ափերը,267
սպորտ,267
էլիզաբեթ,267
դանիական,267
մետալ,267
ներկայանում,267
վերցրեց,267
ֆունտ,267
օպերատիվ,267
դատարկ,267
դերասանը,267
սպիտակուցի,267
կազմած,266
ամ,266
առաջինի,266
խաչաձև,266
իսահակ,266
հասարակություն,266
կիրակի,266
դրամայի,266
չեխոսլովակիայի,266
գրան,266
ակտիվությունը,266
բաթում,266
հայտնաբերման,266
ֆուտբոլում,266
եռաչափ,266
լյաենեմաա,266
վիրուսային,266
կաձուրո,266
վատանաբեի,266
գատչինսկի,266
եզրը,265
համակարգային,265
քննադատ,265
առօրյա,265
կրոնը,265
ֆակուլտետում,265
դասակարգումը,265
ստորաբաժանվում,265
ծառեր,265
միտք,265
կայունության,265
ներկայացուցիչ։,265
թվական՝,265
կալաբրիա,265
վերև,265
բասկետբոլիստ,265
զարգանալ,264
միացված,264
ցանկություն,264
էվոլյուցիայի,264
քոլեջ,264
ուկրաինայում,264
խաղերին,264
ևն,264
գերազանց,264
ունակ,264
գահը,264
ամենալավ,264
քաղցկեղի,264
ջրանցքի,264
բեռլին,264
հեկտար,264
նավահանգիստը,264
բուրկ,264
բեռլինում,264
տեխասի,264
վարչկենտրոն՝,264
խորհրդավոր,263
նրա՝,263
ընկերությունը։,263
հիմնականում՝,263
աստվածաբանական,263
բազմությունների,263
դասերի,263
հիմնադիրն,263
մուհամմադ,263
հեղափոխություն,263
բնականոն,263
դոն։,263
տասներկու,263
աշխատանքից,263
քսան,263
մյուսը՝,263
եկեղեցիները,263
համակարգով,263
քանդակագործ՝,263
զուրկ,263
լքեց,263
հազվադեպ՝,263
սիթիի,263
մարտակերտ,263
վանաձոր,263
պիկարդիա,263
համայնքային,262
հատկապես՝,262
աշխատանքներին,262
սպենդիարյանի,262
ձևավորվեց,262
վերևից,262
իշխանների,262
ֆերդինանդ,262
բակտերիաների,262
զանգվածների,262
հրապարակի,262
մեջքի,262
հեռու։,262
հեռացավ,262
խաղացողը,262
կարելական,262
պատկերասրահի,261
հանրակրթական,261
տպագիր,261
երևույթի,261
մնալով,261
բխում,261
կրակ,261
ճակատամարտեր,261
հրետանային,261
մակարդակ,261
նավթային,261
գործարանը,261
ալբոմում,261
բույս,261
դինամո,261
կիսախորան,261
հարձակվողներ,261
մաշկը,261
ուգրանսկի,261
խորենացին,260
գծերը,260
երևույթներ,260
եկամտի,260
թաղվել,260
հաստատություններ,260
ընկալում,260
անուններ,260
խորհրդական,260
կազմակերպած,260
այգեգործությամբ,260
մասնակցությամբ։,260
վերականգնում,260
ալբոմների,260
գրամ,260
հուշարձան։,260
մարզադաշտը,260
գոլ։,260
թոնի,260
գործիք,259
աշխատանքներում,259
գրողը,259
պոեմը,259
լուրեր,259
ջրերը,259
ժորժ,259
ընկերոջ,259
հուն,259
գյուղը։,259
նախատեսում,259
ղեկավարությամբ։,259
արտադրվել,259
փարիզում։,259
կաննի,259
կատարողական,259
խփած,259
ապրանքի,259
ընկերներ,259
ձեռնարկ,259
սեթում,259
ռազմաճակատի,258
ինժեներական,258
փիթեր,258
հետևելով,258
պարսկերեն,258
սահմանվել,258
կարողանա,258
որոշումների,258
դպրոցները,258
հումանիտար,258
գոտիների,258
ալտո,258
ընթացքում՝,258
նատօ,258
ծով։,258
փախչել,258
դանիացի,258
պաշտոնից,258
ինքնաթիռը,258
մարկո,258
վորոնեժի,258
քաղցր,257
մարդասիրական,257
հնարավորությունը,257
տեխնիկա,257
ջրով,257
տառապում,257
ռուսաստանին,257
այ,257
ջեյ,257
մանուել,257
հույների,256
անտառ,256
հռչակվել,256
կարծիքը,256
արվում,256
իշխում,256
երզնկայի,256
գաղափարը։,256
սկզբունքի,256
հատկանիշների,256
ազդեցությունն,256
հետապնդում,256
այդուհանդերձ,256
երկիրն,256
դաշինքի,256
շոգ,256
վոլգայի,256
տղաների,256
հաղթահարել,256
փախուստի,256
էստոնացի,256
ներկայացվեց,256
ասորական,255
բարձրակարգ,255
հեռակա,255
ինքնակառավարման,255
մուշեղ,255
ճեմարանի,255
մեղադրում,255
արվեստագետների,255
աչքերը,255
դիզայնի,255
հաջողակ,255
դերն,255
տարածքն,255
պատմող,255
կարիերայում,255
հաղթանակից,255
շոտլանդական,255
տարածաշրջանում։,255
արշավանքը,255
բազայի,255
կալիֆորնիա,255
տվերի,255
հրազդանի,255
պաշտպաններ,255
հորադիզ,255
առանձնահատկություններ,254
նախնիների,254
կոմերցիոն,254
գիտությունը,254
լայնածավալ,254
աջակցության,254
դուստրը՝,254
բուսաբանական,254
վահագն,254
լանջերին,254
կտավը,254
խմբում։,254
բարձրացավ,254
ֆոնի,254
մոնումենտալ,254
հզորությունը,254
կենդանու,254
սոցիալիզմի,254
արաբիայի,254
թոշակառուներ,254
դերերից,254
հաշվին։,253
բեմ,253
ղեկավարման,253
որակը,253
գաղափարի,253
դարձրեց,253
թումանյանը,253
նստում,253
եղան,253
մամուլ,253
աստղագետներ,253
վարք,253
սառույցի,253
որոշիչ,253
ազգությամբ,253
շվեյցարացի,253
տրդատ,253
միքայելյան,253
մոնտե,253
այնտեղից,253
ցրված,253
կռվի,253
բառից։,253
քրոնիկ,253
իրադարձություններ,253
տնօրենը,253
մայրաքաղաքը։,253
նավատորմը,253
ստուդիայում,253
արվեստագետներ,253
ամենաերիտասարդ,253
վնասվածքի,253
մետրանոց,253
ամուսնացավ,253
մկ,253
հիլլզ,253
ֆոնտայն,253
վախենում,252
հետազոտությունը,252
խելացի,252
սյուժեի,252
մերժել,252
ծաղկման,252
կլիներ,252
ճարտարագետներ,252
սպանվում,252
խան,252
ամառը,252
բանակցությունների,252
թագուհին,252
համաձայնագիր,252
պիեսը,252
ձեռնամուխ,252
հիմնադիրը,252
տեղեկատու,252
իտալիայում՝,252
մեկնարկային,252
վայրկյան,252
մեկից,252
լուսանցազարդ,252
բի,252
ռոմայի,252
հակասական,251
շուրջ։,251
պարսիկ,251
անդրեաս,251
անկումը,251
արգենտինացի,251
ֆրանսիացիները,251
աղիքային,251
գետից,251
փակվել,251
բոբ,251
հարցազրույցում,251
մասնաճյուղի,251
անդալուսիայի,251
ռյազանի,251
թվականն,250
ֆիննական,250
փրկում,250
ստեղծագործությունները։,250
ժամանակաշրջանը,250
հեռուստաալիքը,250
լյուքսեմբուրգի,250
դիմաց։,250
սերունդ,250
ճանապարհային,250
հասարակածային,250
շաքարի,250
խումբը։,250
գումարի,250
ջուզեպպե,250
կտավ։,250
մրցաշարին,250
դերասանուհու,250
ռուդնյանսկի,250
ծավալուն,249
հուշարձաններից,249
սպասարկման,249
անվտանգ,249
սիրահարվում,249
միջուկի,249
բազմության,249
զգայական,249
հովհաննիսյանի,249
խորեն,249
տարածաշրջան,249
ամսին,249
բրազիլիա,249
միավորը,249
հայաստանում՝,249
սերմերը,249
սառա,249
կատարումը,249
բորբոքային,249
շաքարային,249
միկրոռնթ,249
նովոդուգինսկի,249
մատչելի,248
ֆորմալ,248
բռնության,248
սերում,248
գյումրու,248
լեզուները,248
լեհաստանում,248
հիվանդանոցում,248
հետաքրքրությունը,248
բնութագրական,248
սարգսի,248
օգտագործված,248
թափանցիկ,248
վարդ,248
լայնությունը,248
դաշինք,248
թագավորին,248
անտառի,248
սպանված,248
բույս։,248
սուպեր,248
պատմությունն,247
բնույթ։,247
ճանապարհով։,247
բարձրացնել,247
եռանկյան,247
բարձրաստիճան,247
դիտվել,247
միանգամայն,247
դասարան,247
աղյուսակի,247
խումբն,247
ավանդույթները,247
սահմանակցում,247
բադեն,247
բնակչություն։,247
գարնանային,247
լարվածության,247
բացեց,246
ներկայացուցիչը,246
շարքում։,246
աստծու,246
հայացքները,246
հանդիպումների,246
լուսանկարչական,246
պոեզիան,246
մեկում։,246
ռոմանական,246
ֆակուլտետում։,246
հանրապետությունների,246
բաժնում։,246
հրատարակություն,246
հրաձգային,246
պաշտոնից։,246
եզրին,246
աբդուլ,246
նովոսիբիրսկի,246
ընկերը,246
անատոլի,246
դաշնամուր,246
յիգևամաա,246
տակաո,246
լճերի,245
վերածվեց,245
ավելացնել,245
հեռուստասերիալում,245
կարգավիճակը,245
մակարդակում,245
միջավայր,245
թանգարանում։,245
համարվող,245
թեմաներով,245
նվաճում,245
դիրքերը,245
զարգացրել,245
կողմերից,245
ժամանում,245
կուբայի,245
խումբ։,245
ամրապնդման,245
այնշտայնի,245
հնագիտության,245
գմբեթավոր,245
կանխելու,245
թափվելը։,245
նատալյա,245
կացրել,245
հոդվածում,245
քանդակներ,245
պատմություններ,245
կրասնի,245
երգչուհու,245
անդրադառնում,244
կորցրեց,244
հմուտ,244
փոխանցվում,244
առաջացրել,244
աշխատակիցների,244
հավերժական,244
տարբերակները,244
նայում,244
քաղցրահամ,244
պետությունները,244
ձևերով,244
շվեյցարիայում,244
ճանաչվում,244
դասախոս,244
մեքենաներ,244
քվեարկության,244
կառավարությանը,244
եգիպտոսը,244
լյուդովիկոս,244
միավորի,244
մեղքի,244
մատուռ,244
զանգվածը՝,244
բեյրութի,244
ավագի,244
խախտում,243
բաղադրիչների,243
վարկանիշային,243
շահույթ,243
տրամադրել,243
որդու՝,243
երկրաչափության,243
լարված,243
արբանյակներ,243
կոստանդին,243
զոհեր,243
պետականության,243
ուժերով,243
սրտային,243
եղջերավոր,243
ցուցահանդեսի,243
բուժիչ,243
կռվում,243
հուշարձանները,243
սևծովյան,243
հալման,243
սերբ,243
ալին,243
դաշնամուրային,243
դենիս,243
մարզպետարանի,243
սլովակիայի,243
ենթադրել,242
դնելով,242
ստորջրյա,242
չեխական,242
կապանի,242
սահմաններում։,242
քայլը,242
գործընթաց,242
տպարան,242
գործոններ,242
հումքի,242
առողջապահական,242
հաճախում,242
պարտիզանական,242
իրտիշ,242
արցախում,242
մաքնոտ,242
կոբայաշիի,242
տեղերում,241
ուսումնարանի,241
աստվածներ,241
այդպիսին,241
հույները,241
միավորել,241
օդ,241
ռեալիզմի,241
երեխային,241
ծրագրում,241
համանման,241
բեյրութ,241
պապական,241
պտղատու,241
ծխախոտի,241
առնչվող,241
կացվում,241
կառուցվեց,241
բրազիլական,241
գերազանցապես,241
ավազաների,241
գյուղ։,241
քաղաքին,241
միամյա,241
հարևանությամբ,241
ստավրոպոլի,241
հատկություններով,241
այգում,241
պետրոսյանի,241
բժիշկ։,241
կրասնինսկի,241
էությունը,240
ճկուն,240
գործընթացում,240
շղթայի,240
մղված,240
ժողովածուն։,240
առիթ,240
գործածվել,240
անկախություն,240
շարժիչ,240
լեզվաբաններ,240
լիոն,240
պահպանելով,240
հորինված,240
տեղաբաշխված,240
ցեղ,240
սոֆիայի,240
զբոսաշրջային,240
դաշնակից,240
երկնագույն,240
սիցիլիա,240
կալիումի,240
հիփ,240
ամուսնությունից,240
էրեբունի,240
ընտանիք։,240
լվովի,240
նյութեր։,239
օգտին,239
երկի,239
ապագայում,239
ակնառու,239
հնչյունային,239
վարշավայի,239
կառույցները,239
մաշտոց,239
միացման,239
տեխնոլոգիայի,239
ֆիզիկամաթեմատիկական,239
հարությունյանը,239
իոսիֆ,239
կրկնվող,239
մղվող,239
ավազանում։,239
մասնակցելով,239
դիրքում,239
եվրո։,239
մեխանիզմը,239
հանդիսատեսին,239
մարզիչ։,239
փառատոն,239
սինգլի,239
առիթով,238
որսի,238
շատերի,238
մտածել,238
բազմակողմանի,238
ստանձնել,238
փաստաթղթեր,238
հնարավորությունները,238
ամուրի,238
առասպելական,238
համազգային,238
հայրը։,238
գույն,238
մասնիկները,238
որոշվեց,238
գերմանիայում։,238
կռվել,238
քրիստոնյաների,238
ինտելեկտուալ,238
պահանջարկի,238
ստուդիան,238
արեց,238
ռեկորդ,238
արծիվ,238
սյունիք,238
իդա,238
մոնաստիրշչինսկի,238
երկրագնդի,237
վերլուծություն,237
իրականացվող,237
կերպարները,237
նետում,237
արբանյակների,237
լաբորատորիայի,237
հասկացություններ,237
հայք,237
խնդրանքով,237
բաղադրության,237
փողի,237
բժիշկների,237
ինքնասպան,237
եվրամիության,237
կղզիներում,237
ավստրալիացի,237
ավանի,237
ճարտարագետ,237
ֆրանցիսկո,237
վառելիքի,237
գերմանիայում՝,237
բելառուսական,237
սուպերգավաթի,237
ալեքս,237
ախտաբանական,237
չեմպիոնական,237
կավե,236
գահ,236
հատկանշական,236
մշակույթում,236
հանրաճանաչ,236
օրենքներ,236
ցանկացել,236
կազմակերպելու,236
արարողությունը,236
անուղղակի,236
ակումբը։,236
փորձերի,236
թվեր,236
տեսակետը,236
անկախությունը,236
դեպ,236
հայտնաբերվում,236
արշավանք,236
ալեքսանդրիայի,236
ոստիկանական,236
անտառապատ,236
ամուսինը,236
ֆրանսիացիների,236
ֆուտբոլ,236
խաղալու,236
հոլտի,236
հարցերին,235
ապրեց,235
տպագրված,235
տպագրության,235
մրցանակը։,235
սահման,235
ինքնին,235
բանաձևը,235
ձգտել,235
գալը,235
հոլանդիայի,235
զարգացնել,235
բարսեղ,235
ֆրանկոնիա,235
բանվորների,235
բառացի,235
լեռը,235
շարժումները,235
օդանավակայան,235
գիծ,235
ասորեստանի,235
աստվածածնի,235
մայք,235
ապարանի,235
թել,234
ռենե,234
վրկ,234
էապես,234
սարք,234
աշխատանքն,234
փողոցը,234
հիմքերի,234
պաշտամունքային,234
փոխարինվել,234
տնտեսություն։,234
լուծումը,234
չնչին,234
թարգմանությամբ,234
բնի,234
վերադառնալուց,234
պեդրո,234
սպիտակի,234
առաջարկը,234
աշտարակը,234
իրկուտսկի,234
մեդալ։,234
բասկետբոլային,234
սփյուռքահայ,234
դրսևորում,233
փոստ,233
բաղկացուցիչ,233
ցեղային,233
մուշ,233
գեղանկարչական,233
ստիպեց,233
տեղադրվում,233
կիրակոս,233
հեքիաթ,233
մատենագրություն,233
բողոքական,233
ծավալով,233
գլխին,233
շինություններ,233
արտադրված,233
համակարգն,233
բուլղարիայում,233
տեղափոխման,233
ավելորդ,233
լատ,233
մարտը,233
երգահաններ,233
նոտրգրով։,233
ճարտարապետությունը,232
ստացվող,232
դավիդ,232
մատակարարման,232
ներդրման,232
գրասենյակը,232
պարսիկների,232
բերեցին,232
տարածել,232
բացակայությունը,232
նամակը,232
եթեր,232
շարժվել,232
իշխանությունը։,232
ծովից,232
քրիստոֆեր,232
պլաստիկ,232
օկա,232
հասցե։,232
թռիչք,232
խմբ,232
կլորավուն,232
խոլմ,232
պակիստանի,231
աշխատակցել,231
կրած,231
էպիկական,231
տպավորություն,231
տանը։,231
բավարարում,231
վեներայի,231
հասկացության,231
նախարարական,231
պահանջել,231
յանգ,231
թոքերի,231
ֆրեդերիկ,231
աղջիկները,231
վրեժ,231
ելք,231
դաշնակիցների,231
մակերեսը՝,231
ավազան,231
մասերից,231
գլխավորեց,231
զբոսաշրջության,231
մնացին,231
նասա,231
մեքսիկայում,231
չեմպիոնի,231
խթանում,231
խաղարկության,231
հասակից,231
հոկեյի,231
մարզադաշտ,231
թողարկումից,231
մրցաշարը,231
լայնությունը՝,231
հհկ,231
վարակի,231
վարակված,231
պատկերները,230
թաղամասում,230
մղում,230
քննադատում,230
գեորգ,230
աքեմենյան,230
իլյա,230
արման,230
ուսուցիչ։,230
բանտում,230
երազ,230
ավստրիայում,230
գևորգի,230
ամենաերկար,230
մակեդոնիայի,230
բարձրություն։,230
ձեռքում,230
վերադարձնել,230
փող,230
դարպասը,230
գորիս,230
ձեռնարկության,230
լիցքավորված,230
հեղինակ՝,230
ուլյանովսկի,230
հոբելյանական,229
հավասարաչափ,229
համոզված,229
պաշտամունքի,229
վրայի,229
հրատարակեց,229
լայբնիցը,229
թեհրան,229
օգնելու,229
սիցիլիայի,229
կարգավորվում,229
ավշային,229
կառուցելու,229
ալպյան,229
ասպետ,229
կեղևի,229
ազգայնական,229
անդրանիկի,229
ալիքով,229
սերբական,229
ջեյն,229
սերիալում,229
վարժարան։,229
մարզչի,229
պաշարները,228
ոճ,228
վերելք,228
նպաստեց,228
գյուղերից,228
սիմեոն,228
օտտո,228
շարքին,228
ձևական,228
տրվեց,228
օգյուստ,228
արևը,228
խորությունը,228
հատող,228
երկը,228
ստեֆան,228
գրադարանում,228
մտերիմ,228
էկրան,228
արտահայտություններ,228
միս,228
պատճառն,228
մաքսային,228
բնագավառի,228
հանցագործության,228
փորագրված,228
ելույթների,228
դիվանագետ,228
երկրագործությունն,228
զլմ,228
մարիո,228
լացիո,228
հավաքականների,228
հասունանում,228
կենտրոն՝,228
երգերից,228
հա։,228
նկարահանած,228
գագաթը,227
նահանգները,227
քննադատել,227
հրապարակախոսներ,227
դարում՝,227
նախնադարյան,227
լուծելու,227
առնել,227
լանջերից,227
պաշտպանված,227
պիտանի,227
բեմում,227
հայեր։,227
թեկնածուի,227
պետրոսյանը,227
կեսերից,227
բրոնզի,227
արաբները,227
֊ը,227
ցիկլի,227
լորդ,227
ձմռան,227
փոխանցել,227
վերդիի,227
ալբանական,227
բազմացում,227
ուիմբլդոնի,227
հրատարակչության,227
ոտքերի,227
պոդոլսկիի,227
ճանապարհորդության,226
թերևս,226
հեղինակները,226
համագործակցությունը,226
շահերի,226
անհատների,226
մասով,226
մակերեսային,226
սասունցի,226
պատմվածքի,226
մագիստրոսի,226
հայքում,226
ամփոփված,226
վալտեր,226
բնակչությանը,226
անտիոքի,226
արյունատար,226
տեսակարար,226
էկոնոմիկայի,226
կոչման,226
արփա,226
սուլթանի,226
ագրեսիվ,226
փողային,226
տափաստանային,226
տարածվեց,225
համակարգում։,225
վերանվանվեց,225
լեզուներում,225
ինդիանա,225
վերջի,225
աթոռ,225
ալեն,225
աննան,225
մը,225
տանելով,225
ալիքը,225
ունենում։,225
հարկերի,225
դիմադրություն,225
հիվանդությունները,225
կապող,225
խորհրդանիշ,225
քաղաքում՝,225
քոլեջում,225
անունից։,225
վերանորոգվել,225
սպիտակուցներ,225
բույսը,225
բոստոն,225
բնակչով։,225
ջուելզ,225
հիմնադրամը,224
դասախոսություններ,224
նորայր,224
քեմբրիջի,224
վերոհիշյալ,224
հովհան,224
վստահ,224
կոմպոզիտորի,224
երևանյան,224
հարավաֆրիկյան,224
ավիացիայի,224
ստորագրեց,224
վերահսկման,224
կարողացան,224
կենսագործունեության,224
փոխնախագահ,224
վաշինգտոնի,224
դարաշրջան,224
էդ,224
նվիրում,224
քաշային,224
ինդիանայի,224
բիկել,224
առնչվում,223
աշխատելով,223
վերականգնվում,223
նկարչության,223
ծառը,223
սպառնում,223
առհասարակ,223
անդամներ։,223
ապաստան,223
տիրող,223
լեռնահամակարգում,223
գծեր,223
ղեկավարած,223
մասնագիտությամբ,223
վարպետների,223
ներկայացումների,223
օբից,223
հազ,223
չայկովսկու,223
արգանդի,223
ֆրանսահայ,223
խմբագիրներ,223
հեղափոխականներ,223
բունդեսլիգայի,223
նկարահանող,223
համախտանիշ,223
անգործ,223
տոտտին,223
լուսավոր,222
քննարկման,222
գտած,222
խոսքերի,222
աշխատանքներին։,222
դենի,222
պատմել,222
վերլուծությունը,222
զարգացումն,222
հայերենում,222
դասային,222
հաճելի,222
հաջորդական,222
արդյունավետությունը,222
վերականգնելու,222
շահի,222
ձյան,222
փախել,222
պրուսական,222
շոտլանդացի,222
կանչում,222
պոետ,222
անգլիան,222
քաղաքացիներ,222
բիլ,222
մեխանիզմների,222
պրիմորիեի,222
մոլեկուլի,222
ավերակ,222
ցանկալի,222
նորման,222
ալգորիթմը,222
սու,222
թոքային,222
ռակետ,222
բերգիշ,222
գլադբախ,222
արմատները,221
ֆրանսիայում։,221
բնույթով,221
ճյուղերը,221
ցանցային,221
երկսեռ,221
արգելվում,221
կա։,221
գրչության,221
խաչքար,221
տեքստերի,221
մանկավարժ։,221
հիմնադրամ,221
գյուղերում,221
տոկոս,221
ամենափոքր,221
բուլղարիա,221
հանձնաժողովը,221
խոտաբույսերի,221
արարողության,221
երկրաշարժի,221
վերոնշյալ,221
հարձակում,221
պատասխանատվության,221
անկյուն,221
ակումբ։,221
առաջնությունում։,221
հիսուսի,221
թևի,221
գետին։,221
միախառնվում,221
տեղանքի,221
գիտաշխատող,221
ուտում,220
բելգիացի,220
ոլորտում։,220
արիստոտելի,220
վայրերում։,220
որոշները,220
նիկոլաս,220
իրանը,220
վերացման,220
ազգագրության,220
սմիթի,220
ծնունդը,220
մոտավոր,220
լեգենդ,220
զաքարիա,220
հրավիրված,220
մեծաքանակ,220
ցուցադրել,220
բաղդասարյան,220
հրամանատարությամբ,220
պահանջները,220
հրամայում,220
վիպակ,220
հաշիվը,220
միխայլովկա,220
հրամանատարության,219
տեխնիկան,219
տոնական,219
առարկաներ,219
քաղցկեղից,219
կազմակերպությունները,219
վնասված,219
ժառանգությունը,219
մորը,219
խնդրել,219
ճակատագիրը,219
ջերմ,219
զինվորի,219
բերած,219
այլք,219
խմբի՝,219
շրջապատում,219
օդը,219
վերջավոր,219
պոլսում,219
ստանում։,219
սպառման,219
հատում,219
հավաքելով,219
ակադեմիայում։,219
էվոլյուցիոն,219
ուներ։,219
սոյուզ,219
ըմբշամարտի,219
պոչը,219
հավասարումը,219
աստերոիդները,219
կիսաեզրափակչում,219
դափնեկիր։,218
սկզբունքով,218
որոնման,218
անելու,218
ավելացել,218
ավստրիա,218
քայքայվում,218
քույրը,218
հավանականությունների,218
հեղինակություն,218
ներխուժում,218
սարքի,218
բագրատունի,218
ստույգ,218
վեպը։,218
վերնագրով,218
արտ,218
ռեկորդային,218
թերակղզում,218
ափերի,218
թատրոնների,218
կեսին։,218
եղբայրներ,218
ծախսը,218
քարը,218
աշխատանքներ։,218
սրահ,218
անջատվում,218
օպտիմալ,218
նյութափոխանակության,218
քենեդին,218
դրվագ,218
ֆարրա,218
բաժանվեց,217
ուղիների,217
վիրտուալ,217
ամենավաղ,217
մարմնավորել,217
համեմատությամբ,217
քննադատություն,217
միությունում,217
համարվում։,217
սահմանումը,217
գույների,217
դիցաբանական,217
շարունակելով,217
հետադարձ,217
ղևոնդ,217
թշնամին,217
հայրենիքը,217
իոնների,217
հրաման,217
բակում,217
մարդիկ։,217
տրենտինո,217
պահեստային,217
անմարդաբնակ,217
քաղաքներն,217
համագումարը,217
թռչուն,217
կազմում՝,217
որոշեցին,217
շինություն,217
համաձայնվում,217
խանգարումներ,217
կինոստուդիայի,216
տեսքի,216
առաջադեմ,216
հաղորդակցման,216
ծածկում,216
մանկություն,216
հարձակումը,216
թաղամասի,216
հաստատություն,216
վրաստանը,216
այվազյան,216
հանկարծ,216
շրջապատի,216
համալսարաններ,216
տեսությունը։,216
մյուսին,216
վերագրում,216
քրիստոնեությունը,216
ևն։,216
պատմությունից,216
ճանապարհորդություն,216
ձմեռ,216
գիտատեխնիկական,216
զերծ,216
բժիշկները,216
կախեթի,216
արքունի,216
նշանը,216
իռլանդացի,216
թեպետ,216
քեյթ,216
տուր,216
խանը,216
նոսր,216
պաշտոններ,216
երկրաշարժից,216
մարզերում։,216
ենթարկում,216
իմունային,216
ավերակները,216
ամռանը։,216
լեոնի,216
սևիլյա,216
շախմատիստ,216
ազգանունը՝,216
ջազ,215
շերտերի,215
հիմնային,215
խմբագրական,215
հարցը։,215
մարքսի,215
հայացքների,215
տևեց,215
այրարատ,215
մակերևույթին,215
աղբյուր։,215
քրիստափոր,215
գտնվելով,215
սկիզբը։,215
ագրարային,215
աղ,215
ամասիայի,215
պայմանագիր։,215
պորտուգալացի,215
ամիսներին։,215
էմմա,215
տոկիոյի,215
արքայադուստր,215
կլոդ,215
զորակոչվել,215
փարիզյան,215
նարնջագույն,215
քննչական,215
դեղնավուն,215
բլուր,214
հացահատիկային,214
անդամներին,214
թաղանթի,214
հեռուստատեսություն,214
պատմվածքը,214
հետաքրքրվել,214
ստացել։,214
գերիշխող,214
առաջարկվել,214
չիկագոյի,214
վերամշակման,214
հայաստանին,214
սանտու,214
թեք,214
ավանդի,214
անվանումով։,214
կարա,214
վերացական,214
առանձնացված,214
կալցիումի,214
համայնքն,214
նախագահներ,214
իրավունքներ,214
վարելու,214
իմպուլսի,214
տերևաթափ,214
կոնսերվատորիայում,214
նախարար։,214
բջիջներ,214
ինքնապաշտպանության,214
գրչի՝,214
տարիքից,214
ինդեքսը՝,214
պետրոսի,214
գեղամա,214
ունիվերսալ,214
այրեսի,214
մրկոսի,214
բնակչությունն,213
բերդեր,213
դադարել,213
տարի՝,213
գործեր։,213
համր,213
վերածնունդ,213
համակարգված,213
էյլերի,213
հանրահաշվական,213
թեթևակի,213
սիմոնյան,213
երգեր։,213
նորվեգացի,213
բոսնիա,213
ջուլիա,213
նորվեգական,213
ածխաթթու,213
դասակարգի,213
ֆրանկ,213
պիեսների,213
կատակերգության,213
այրման,213
էներգետիկայի,213
առաջարկի,213
բնապահպանության,213
նախարարություն,213
փոփոխման,213
նպատակի,213
ազոտի,213
արագած,213
ստ,213
եզրակացության,213
տվյալով։,213
կազմակերպչական,213
ռիխարդ,213
ճակատային,212
ստեղծմանը։,212
հնարավորություններ,212
բանաստեղծ։,212
երևույթները,212
կուր,212
փրկության,212
կաթողիկոսը,212
գրավելու,212
ռոբին,212
կիլիկիա,212
համառ,212
եկամուտ,212
արտադրել,212
պլանկի,212
գլանաձև,212
վիրաբուժության,212
դիցաբանություն,212
յարվամաա,212
իվանովկա,212
ժիրովսկի,212
վասպուրական,211
պատմություն։,211
պոեմի,211
ինքնակենսագրական,211
բանահյուսության,211
պատճառներից,211
գալստյան,211
գործիքները,211
համալսարանն,211
ճգնաժամը,211
պարզագույն,211
ֆակտո,211
շերտ,211
մորիս,211
իններորդ,211
հովսեփյան,211
պարը,211
հանդերձ,211
ավանդ,211
մարտերի,211
գանձակի,211
նստվածքային,211
առաջնությունը։,211
տարածքները։,211
պորտ,211
ամառ,211
հռոմեացիների,211
կամուրջներ,211
հռոմեացիները,211
հետագայի՝,211
թույլատրվում,211
ելույթը,211
վեգետատիվ,211
հավասարման,211
թռչում,211
օրգան,211
մրցաշար,211
շևչենկոյի,211
ձկան,210
ծովերի,210
խաղաղօվկիանոսյան,210
եղբայրը։,210
ուսուցիչների,210
սահմանափակում,210
կառավարող,210
ֆրանչեսկո,210
գագաթնակետին,210
բացառություն,210
կենտրոնների,210
տեղումները,210
կեղևը,210
շների,210
թողած,210
կեղծանուններ,210
սահմանին,210
որոշումներ,210
մհեր,210
խաչենի,210
օլեգ,210
տերությունների,210
ռասայական,210
ճարտարապետների,210
վիթխարի,210
մեխանիկա,210
մինասյան,210
թերթերի,210
ձեռքին,210
վարկածի,210
բարբառ,210
պատմվածք,210
արյեժ,210
ադանայի,210
բելգորոդի,210
պտղի,210
իսոնզո,210
նկատվել,209
թանկ,209
արգելում,209
էպոսի,209
լիբանան,209
բանականության,209
առաջ՝,209
մարզերում,209
վերջինը,209
ազատությունը,209
մթնոլորտում,209
ար,209
սքոթ,209
շիրվանզադեի,209
նախիջևան,209
չունեին,209
գործոնները,209
ստորերկրյա,209
ձգված,209
հատման,209
կինն,209
մարդկանց։,209
ընդհատակյա,209
ստամբուլում,209
սրահի,209
մարսողական,209
մոլդովայի,209
գնդակի,209
սրբատաշ,209
վրդ,209
պատին,208
գավառների,208
միավորվել,208
աղբյուրներից,208
չափից,208
ակնարկներ,208
թվականը՝,208
մուրադ,208
ձեռքերի,208
ուսումնասիրելու,208
խմբից,208
գոնե,208
պարզվել,208
երուսաղեմ,208
վերա,208
ծայր,208
արգենտինայում,208
տրամագիծը,208
վիրավոր,208
ստեղծմանը,208
հասցրեց,208
զբոսաշրջիկների,208
աշխատավորների,208
նույնը,208
ջերմաստիճանը՝,208
իսրայելական,208
երկրներ։,208
պտտման,208
մեջբերումներ,208
մշակության,208
բանկ,208
գաղտնիքը,208
էստրադային,208
մեծն,208
հակոբի,208
չենք,207
դրվեց,207
անունների,207
նվազման,207
նամակում,207
հրաժարական,207
շիրակացու,207
զանգակ,207
նախապատրաստական,207
գաղափարախոսության,207
հետազոտել,207
բացահայտման,207
գոյատևել,207
հատկանիշներ,207
յակոբ,207
միավորները,207
կորպուսի,207
ենթարկվեց,207
դիրիժորներ,207
հռչակվեց,207
արևմուտք՝,207
մարիան,207
ֆունկցիաները,207
կոմկուսի,207
անդրեա,207
ֆոնդային,207
զույգի,207
թթվային,207
շքերթում,207
պտույտի,207
յակուտիայի,207
գիրքն,207
մունիցիպալիտետներ,207
պերմի,207
ֆիլմից,207
գեների,207
ֆորդը,207
դիեգոն,207
բայդենը,207
հայտնագործություններ,206
պատահաբար,206
վիճելի,206
կազմով,206
առաջացավ,206
պատրիարք,206
աստվածաշնչի,206
դարձնելու,206
թեոդոր,206
մելոդրամա,206
հեռացվել,206
բնակավայրերը,206
քայքայման,206
քելբաջարի,206
մոտակայքում։,206
լոնդոնյան,206
կոնգոյի,206
գուստավ,206
կոմիտաս,206
վերանորոգման,206
ցուցահանդեսների,206
երեւան,206
խոստանում,206
մեղավոր,206
հանդիպում։,206
մրցանակաբաշխություն,206
մենախաղի,206
մեսսին,206
քննադատները,205
առևտուրը,205
կենսաբանություն,205
առանձնացնել,205
ողբերգության,205
թբիլիսիում,205
կապել,205
լեդի,205
համագործակցություն,205
խոսքերը,205
ճյուղերից,205
ուսմունքի,205
պատերազմը։,205
գետերը,205
գոյանում,205
կապիտալ,205
շրջանաձև,205
սիրահարված,205
իլ,205
լիտվական,205
պաշտպան։,205
շնչառության,205
ազդող,205
լեո,205
գերմ,205
տոմ,205
միավորվում,204
ստիպել,204
դասարանի,204
ազդեցությամբ։,204
հանդեսի,204
մարքսիստական,204
աստծուն,204
ուրույն,204
համոզել,204
փայտի,204
տիպ,204
շարունակվեց,204
հատվածում՝,204
հաղթանակներ,204
ամերիկայում։,204
կնքվեց,204
փոխարեն։,204
անոց,204
տարածաշրջանում՝,204
քաշել,204
օղակների,204
համերգների,204
արտաշատի,204
ցավը,204
մեքսիկա,204
խաղացող։,204
ալբոմից,204
հգմ,204
գրանադա,204
թայսոնը,204
էնդատեի,204
թանգարանը։,203
ներառելով,203
սիրիայում,203
ապացույց,203
էնդրյու,203
նախագծերի,203
աստղեր,203
քննարկում,203
ասիայում։,203
աշխարհին,203
պատկերացում,203
գի,203
հազիվ,203
ծաղիկներ,203
երգերը։,203
եղանակների,203
ադիջե,203
ավտոմոբիլային,203
քաղաքները։,203
ոչնչացնում,203
իրերը,203
հեծյալ,203
օղակի,203
ոստիկանությունը,203
ցեղասպանությունը,203
այլ՝,203
կողմնային,203
դեն,203
հացի,202
ընդունումը,202
բարելավման,202
երբեմնի,202
լեզվով։,202
անօրինական,202
մարտից,202
թարգմանվում,202
խնդիրներից,202
անբավարար,202
դեմ՝,202
տառերի,202
նշվել,202
հրատարակությունը,202
իրավաբաններ,202
գաբրիելյան,202
ազատամարտիկ։,202
մարտունի,202
սահմանադրությունը,202
միութենական,202
տեկտոնական,202
քաղաքապետ,202
հաց,202
հաջողություններ,202
կնքվել,202
բյուջեի,202
արծաթ,202
ոչնչացվել,202
հոգեբան,202
հարի,202
ժանրերի,202
փբը,202
եզրափակիչներ,202
ատամների,202
զրոյական,202
արսենալի,202
հյոնիգ,202
խիսլավիչսկի,202
սեպագիր,201
ընդգծում,201
ներկայացում,201
փոխանցվել,201
միանալ,201
հոր՝,201
նպաստավոր,201
հատկանիշները,201
կապիտալիզմի,201
ընդգրկվում,201
շտապ,201
գրիգորյանը,201
ավելացվել,201
միքայելի,201
արկադի,201
հետպատերազմյան,201
ավետարանական,201
ադրբեջանը,201
ղեկավարների,201
ամենաազդեցիկ,201
ալկոհոլային,201
կտակարանի,201
հրամայեց,201
օրը՝,201
միջագետքի,201
ստանալուց,201
մայա,201
ռեյգանը,201
ջոկատ,201
ծանրության,201
խաղացողի,201
կուզնեցովան,201
մնացորդներ,200
սպասարկում,200
կանոններ,200
որի՝,200
անբարենպաստ,200
տեսնելու,200
սուբյեկտիվ,200
դատավարության,200
ուսուցումը,200
բակալավրի,200
դաշտերի,200
լեգենդար,200
ամբողջություն,200
գարսիա,200
քարեր,200
գրականագետներ,200
մնացականյան,200
ընկալվում,200
ղարաբաղյան,200
հրթիռային,200
պայմանավորում,200
դասակարգվում,200
վարպետի,200
վերացնել,200
հպճհ,200
նախարարությունը,200
ցուցահանդեսը,200
վճարում,200
գիշատիչ,200
կողմերում,200
հոփ,200
դարպասապահ,200
վոկալիստ,200
շոն,200
եզրափակիչ։,200
յուվենտուսի,200
խաչակիրները,200
պրոդյուսեր։,200
գեներալներ,200
անկյունը,200
անհետանում,200
լոուի,200
ելնինսկի,200
դերենիկ,199
միասնության,199
ընդունելու,199
ընտանիքից,199
ստուդիա,199
օրենսդրության,199
լղիմ,199
ազատամարտիկների,199
բարձրորակ,199
աստղը,199
բնօրինակ,199
հաղթեցին,199
տերության,199
պարկը,199
ալիի,199
սկավառակ,199
թերթեր,199
դրաման,199
ջերմաստիճանում,199
տարբերակով,199
ցուցադրված,199
թաթարստան,199
նախընտրական,199
խաղին,199
մեդալներ,198
ավելացնելով,198
կտավի,198
տեղադրել,198
գործելու,198
հրապարակախոսական,198
հիմքն,198
հայագետ,198
իսահակյանի,198
խորությամբ,198
սրանց,198
կողմնակից,198
ուսմունքը,198
գիր,198
վահե,198
ընծայել,198
մասնաճյուղ,198
հասունացման,198
հռչակավոր,198
կը,198
գոհար,198
բանին,198
քարտեզի,198
հրեաներ,198
հայաստանյան,198
պատերազմն,198
հանգույց,198
սոֆիա,198
ժողովրդականություն,198
ջովաննի,198
քանդակի,198
փաշան,198
նշանի,198
պաշտպանի,198
տափակ,198
խմբակային,198
մալաթիայի,198
բնադրում,198
մեքսիկո,198
ուրֆայի,198
բելոգորսկի,198
փաստագրական,197
լաբորատոր,197
փոխանակման,197
գրավիչ,197
հնարավորությունների,197
նույնքան,197
հակադրություն,197
երրորդը,197
մայիսից,197
հաշվարկների,197
իմանալ,197
ջերմությունը,197
դեպքը,197
վաստակել,197
հիմնադիր։,197
ձգվող,197
գալուստ,197
ընտրեց,197
սերգեյի,197
ուղարկվում,197
նինա,197
աշխատավարձի,197
կայանի,197
կարգավորող,197
ճարտարագիտական,197
ճարտարապետ՝,197
բանակին,197
ապակու,197
տրամադրության,197
տեսարանը,197
էնթոնի,197
մօկ,197
ջութակահար,197
վարպետներ,197
սցենար,197
եթերաշրջանի,197
մաշկային,197
երևույթին,196
ուսումնասիրություն,196
գիտություններ,196
գերազանցել,196
առևտուր,196
անդամներն,196
փոխարինման,196
ականատես,196
ուղու,196
մասնակցությունն,196
լևոնի,196
կասկածի,196
հարաբերությունները։,196
սկսած՝,196
բարձրացնելու,196
սեփականություն,196
արդյունքն,196
շարքը։,196
սպարապետ,196
փոխարինվում,196
վախճանվել,196
բջիջներում,196
բռնում,196
օղակ,196
ոճով։,196
բնավորության,196
պրովինցիայում։,196
ադ,196
պաշարման,196
վտակի,196
օքսիդացման,196
ապացուցում,196
խմբագիր՝,196
ախտորոշում,196
ոսկրային,196
տոլոլո,196
ճանաչողական,195
տերմիններ,195
հիմքը։,195
զգացմունքների,195
դառնում։,195
բանաստեղծությունը,195
տխուր,195
վաղարշապատ,195
կուտակվում,195
տպագրվում,195
պատվերով,195
պատասխանել,195
աստվածաբան,195
ջոնաթան,195
ձիահ,195
վերցնելով,195
տնօրենը։,195
մշակույթների,195
կրեց,195
վիրավորվել,195
ժամկետը,195
սելջուկյան,195
ձև։,195
դիեգո,195
միգել,195
փոշու,195
թեյը,195
հանրագիտարանի,195
եփրատ,195
նախօրեին,195
գեղարվեստաթատերական,195
գործարարներ,195
հոդվածները,195
սինգլ։,195
գլյուկոզի,195
արտասովոր,194
պայմանով,194
հոսանքների,194
ամիսների,194
պոեզիա,194
հաղորդել,194
ծաղիկ,194
սենթ,194
առաքյալի,194
էռնեստ,194
պատճառներ,194
հակադրվում,194
հարցին,194
համեստ,194
ավստրիան,194
բագրատունյաց,194
վերստին,194
անձնակազմ,194
ամենուրեք,194
սիրված,194
հունգարիա,194
առաջնորդի,194
նո,194
դերակատարման,194
թթվի,194
թեկնածու։,194
թռիչքը,194
գետակի,194
տեսողության,194
հետաքրքրված,193
գարնան,193
փաստերի,193
նշանները,193
առյուծի,193
սերունդների,193
ընդհակառակը,193
լեոնարդո,193
հիմքերը,193
փուլ։,193
էականորեն,193
շարժմանը,193
ազատել,193
ապահով,193
համաձայնագրի,193
ջանքերի,193
եվրոպացի,193
դրոշ,193
տեղափոխվեցին,193
վարպետության,193
աշխատանքներն,193
կատարվեց,193
կալիֆորնիայի,193
ենթարկված,193
ուսումնարանում,193
աշխատել։,193
նիկոլա,193
երկսյուն,193
կարիերան։,193
առնոլդ,193
ոտքերը,192
ծառայությունները,192
ընդլայնել,192
ժամանակային,192
միությունների,192
շվեդիայում,192
ալեքսանդրապոլի,192
ուսուցիչը,192
գերբնական,192
դանիա,192
կրիտիկական,192
պլատոնի,192
ահռելի,192
նավ,192
խտության,192
գաղթած,192
սրահում,192
ինտերնետ,192
մեծը,192
ավարտված,192
մին,192
իմաստային,192
միսս,192
միջինը,192
ժերաիս,192
դատապարտվել,192
ուզբեկստանի,192
կոլումբիա,192
վարժարանը,192
քիմիկոսներ,192
հեռուստաալիք,192
կոտ,192
հարավկորեական,192
սսհմ,192
լեռնանցքներ,192
ռոմանիա,192
չուվաշիա,192
լեռներից,191
պատրաստի,191
աշխատություններում,191
վիդեո,191
հրապարակված,191
կարծիքի,191
ստեղծագործություններ։,191
ծագած,191
արտասահմանում,191
թեյլոր,191
օգուտ,191
յուրաքանչյուրի,191
նկարագրվել,191
ուսումնասիրվել,191
գրերի,191
ծայրամասային,191
պաղեստինի,191
գայլ,191
պոչի,191
տարված,191
սոս,191
վարդենիսի,191
չկա։,191
բառացի՝,191
նախապատմություն,191
անապատային,191
ցեղեր,191
գործուն,191
դիմեց,191
տարածքից,191
կախյալ,191
արևմտաեվրոպական,191
կոմպոզիցիայի,191
բաժնետոմսերի,191
ուլտրամանուշակագույն,191
խաչատրյանը,191
աճման,191
աստվածաշնչյան,191
մուսթաֆա,191
կոլոմենսկի,191
երկնքում,191
շահել,191
բորբոքման,191
հաստատումից,190
կաթողիկոսական,190
հետազոտողների,190
մոդելների,190
թեմայի,190
կոնֆերանսի,190
շարունակելու,190
ռուբլի,190
թաթարական,190
անպայման,190
հան,190
գոտիներում,190
բժիշկը,190
գայլը,190
առջև։,190
մասեր,190
կեղծանուններով,190
իջևանի,190
գետնի,190
երևանը,190
ման,190
դադարեցնել,190
մասնակցեցին,190
սեպտեմբերին։,190
ամենատարբեր,190
հասարակածի,190
խորհրդական։,190
մեծություն,190
իրինա,190
ճամբար,190
խփելով,190
արձագանքներ,190
բոնդի,190
տատյանա,190
օժանդակը։,190
վարքագծի,190
կամենեց,190
ամունդսենը,190
մաունա,190
կլետի,190
մռայլ,189
նպատակներով։,189
կորպորատիվ,189
ռիսկը,189
գրիգորյանի,189
այնշտայնը,189
կորեայում,189
եղանակով։,189
գերակշռող,189
աղվանից,189
ելույթները,189
բովանդակությամբ,189
ղեկավարները,189
արտահանման,189
պարարվեստի,189
հանգստյան,189
վայրերի,189
ժամանակն,189
իրավիճակների,189
բարոկկո,189
բարերար,189
ոսկին,189
արտահայտության,189
գագաթին,189
որովայնի,189
գործարանում,189
սվետլանա,189
քաշաթաղի,189
գործածություններ,189
կատարմամբ,189
շարժողական,189
հարթավայրային,188
մսի,188
շինության,188
փոխեց,188
հենվում,188
բնագավառներում։,188
միլիոնավոր,188
պոեմներ,188
երկուսի,188
վայրերը,188
տարվում,188
ավագը,188
աշակերտել,188
իր՝,188
տեսություններ,188
ներդաշնակ,188
խոսակցական,188
խնդրեց,188
հաճախ՝,188
կարծիքներ,188
գայանե,188
կամո,188
անձնակազմը,188
կաղնու,188
գրանցվում,188
երկակի,188
համակենտրոնացման,188
սևամորթ,188
ծավալում,188
հովտում։,188
յունգը,188
հեռանկարային,188
տիպը,188
գհի,188
նովգորոդ,188
շոուն,188
մարզադաշտեր,188
կորած,188
ջեյսոն,188
ժայռի,188
թթուների,188
ուժերին,187
բելգիական,187
վերափոխման,187
ապրանքներ,187
թաղման,187
ընդունած,187
գրքից,187
թարգմանական,187
թանգարան։,187
զարմանալի,187
աստիճանների,187
հաջորդած,187
գործունեությանը,187
կաթողիկե,187
օրգանները,187
համատարած,187
ամսագրերի,187
աստղերը,187
պղինձ,187
սպանվեց,187
սիմֆոնիա,187
թույլատրելի,187
ավագանու,187
էպիզոդ,187
շուկան,187
տե,187
խոնավության,187
հիմնադիրը։,187
ճարտ,187
ժամանել,187
միացան,187
ամն։,187
թիմերի,187
գրավման,187
պատվի,187
ներքևում,187
կարևորություն,187
տեղադրում,187
գյուղերը,187
դերում։,187
մարզկենտրոն,187
հարձակվող։,187
բելայա,187
մարզկենտրոնից,187
ռայան,187
կլետում։,187
կազմակերպեց,186
պարունակվում,186
իրաքում,186
հետազոտողները,186
ուսուցիչներ,186
տաթևի,186
եղանակներ,186
տեղավորված,186
շնորհել,186
գիտակցում,186
հայտարարեցին,186
անտեսանելի,186
դժվարությամբ,186
վաստակի,186
դրությունը,186
ռուսաց,186
հանձնվում,186
բելգիա,186
այբուբեն,186
թիվը՝,186
ռուսաստանից,186
մահացության,186
նահատակ,186
զիջել,186
կալիֆոռնիա,186
ժամկետով։,186
հաշվառման,186
նստավայրը,186
անբավարարության,186
մասնաճյուղը,186
քաշի,186
սեբաստիան,186
առաջացնող,186
վիրաբուժական,186
ծաղիկների,186
ժամացույցի,186
կալուգայի,186
ախտորոշումը,186
քնած,186
սրածայր,186
խոստովանում,186
աղիքի,186
սփրինգում։,186
բելգիայում,185
եռանդուն,185
ոգին,185
գնեց,185
շարժումներ,185
կարդինալ,185
հետազոտող,185
ավետարան,185
ներդրումը,185
հակասում,185
իշխանությունն,185
կատարելագործման,185
գեղամ,185
հերման,185
հակոբյանը,185
ջեքսոն,185
երկաթ,185
սեմ,185
հողեր,185
կինեմատոգրաֆիայի,185
սակավաթիվ,185
գդհ,185
օրգանիզմ,185
ոչ։,185
անապատի,185
ապակե,185
դասը,185
սենյակ,185
շինությունը,185
սեզար,185
հյուրանոց,185
կարմրավուն,185
կենտրոնից՝,185
գրոսմայստեր,185
ուղեկցում,185
վարժարանի,185
ֆիզիկայում,185
պրովանս,185
վարիչ՝,185
գարի,184
յուրաքանչյուրն,184
էնդեմիկ,184
ցուցակը,184
թող,184
կիև,184
մեծությունների,184
առարկաները,184
վեկտորական,184
ճշմարտության,184
անվանեցին,184
լուսավորչի,184
ուսումնասիրված,184
իշխանը,184
թեյ,184
ազատում,184
գործունեությամբ։,184
հեռանալուց,184
ցած,184
գյուղացիները,184
աքսորվել,184
ցավի,184
գերմանացիների,184
ցուցանիշով,184
ամսագրեր,184
մայրցամաքի,184
ազնվականության,184
հայտնաբերումը,184
դատարան,184
հայ։,184
իրավիճակում,184
հէկ,184
ալեքսանդրա,184
սառուցյալ,184
չեխովի,184
արվեստին,184
կրճատ,184
նախագծել,184
մրցաշարում։,184
կունենա,184
ալագոաս,184
դինամիկան,184
սախա,184
աննայի,184
կինը։,184
օվերն,184
ձեռքերը,184
քթի,184
լիի,184
գնահատվել,183
կտրում,183
համացանցում,183
հովարդ,183
մամիկոնյան,183
դիլիջանի,183
սուրենի,183
հնչակյան,183
կանգնեցվել,183
արդարության,183
ստուգման,183
ձախից,183
տարածքը։,183
հոսանքը,183
մոնղոլների,183
արձակում,183
տարրը,183
առաջնորդը,183
անգլերենի,183
մազերը,183
ցեղասպանություն,183
տասնամյակ,183
որոշված,183
ընդհանուր՝,183
օպերայում,183
պողպատի,183
լիգան,183
ռեակտիվ,183
կենտրոնում՝,183
սալահ,183
տեսարաններ,183
պահպանակը,183
դասընթացներ,183
նմ,183
համերգի,183
թեմական,183
նվեր,183
ճառագայթային,183
թևերը,183
պղնձե,183
պն,183
թավջութակի,183
մարզիչը,183
նեպտունի,183
սանտ,183
սերմերով,183
շանտե,183
պերդրիքս,183
ձկներ,182
բառերից,182
թէ,182
դրանում,182
համակցված,182
հաճախականության,182
սահմանափակված,182
բռնել,182
էլի,182
մասնակիորեն,182
թովմա,182
ցեղերը,182
առաջացրեց,182
հետևանքներ,182
կիրառությունը,182
ձևերից,182
դավթյան,182
դժվարին,182
երեքը,182
միջև՝,182
պատվիրակության,182
հղի,182
սկավառակը,182
պտտվող,182
արտասանվում,182
յա,182
հռչակել,182
հարավում։,182
գտան,182
գավաթում,182
նապոլեոնը,182
մետաղյա,182
լայպցիգի,182
մետրոպոլիտեն,182
գահընկեց,182
իբրահիմ,182
թուրին,182
մանկապարտեզ,182
ռոքի,182
հիվանդը,182
տեղակալի,182
բոլշևիկների,182
եզրային,182
բանասիրության,182
հատկություն,182
վագները,182
զևսի,182
փլեյ,182
նաչի,182
անդրկովկասում,181
բառն,181
նկարված,181
ժանրեր,181
օբյեկտները,181
ընկերությունները,181
չկար,181
բաժիններ,181
անալիտիկ,181
արկտիկական,181
հուլիոս,181
ձմեռը,181
սարքավորումներ,181
գյուղատնտեսություն,181
մոտիկ,181
ներսից,181
նոր՝,181
քարերը,181
նորմերի,181
աղքատության,181
հիմնեց,181
խնդիրները։,181
գործերում,181
առավելության,181
սիրիական,181
վիրջինիա,181
եկեղեցուց,181
հավաքեց,181
նախարարներ,181
կամչատկա,181
տոհմից,181
ատլետիկո,181
դուստրն,181
շապին,181
ջուղայի,181
կենտ,181
վիբորգսկի,181
հարությունյանի,180
պատկերվում,180
համացանցի,180
ծագում։,180
չկան։,180
միրզոյան,180
պաշտամունքը,180
հաջողված,180
տարրեր։,180
մեկուսացված,180
աստվածաբանության,180
հանրագիտարանում,180
աջակցությունը,180
ամիս։,180
կարապետի,180
ուժային,180
մուսա,180
իրավունք։,180
անդամ՝,180
ղուկաս,180
կիպրոս,180
ապօրինի,180
ակունք,180
աբդ,180
հետախուզության,180
գրաված,180
ցողունը,180
աստրախանի,180
իրավագիտության,180
ստացում,180
ստեղնաշարային,180
օրգանիզմը,180
տեսարան,180
դրսևորվել,180
մուլտֆիլմը,180
ցանկը։,180
դասախոսել,180
սիսիանի,180
պֆենիգ,180
կարդիմովսկի,180
վելիժսկի,180
մատուցվում,179
մանրանկարչության,179
դադարեց,179
բնությունը,179
նախագծեր,179
բարեկամական,179
սողոմոն,179
վերջին՝,179
խորագրով,179
դեր։,179
առավ,179
պրակտիկ,179
դժբախտ,179
հաջորդեց,179
հարցերով։,179
սուխոնան,179
տեղացի,179
վաչագան,179
ձիու,179
սեբաստիա,179
գայ,179
սենատի,179
նահանգներից,179
քոլեջը,179
օրվանից,179
երկրորդն,179
ժայռոտ,179
վարդգես,179
սիրիա,179
զոհվում,179
հատակի,179
գավաթը։,179
պարթևական,179
կատաղի,179
ռեակցիա,179
մուշի,179
ռոմանիայի,179
միացությունները,179
ֆուտբոլիստների,179
միներալներ,179
վարկած,178
իմաստի,178
թվարկությունից,178
մթնոլորտ,178
իրոք,178
կապակցությամբ։,178
նովայի,178
սպանությունը,178
ավարտական,178
մոլորակը,178
վերջանում,178
նախադասության,178
աննախադեպ,178
հետևանքները,178
օրինակ։,178
զանգվածով,178
սենյակում,178
երիկամների,178
պայմաններից,178
կոմունիստ,178
վենետիկյան,178
մրցույթում։,178
շրի,178
հունգարիայում,178
պատշաճ,178
տևողությամբ,178
ճանաչեց,178
ֆոնդի,178
հնդկացիների,178
նվագախումբը,178
ընկերակցության,178
յորքում։,178
մշակաբույսերի,178
աֆղանստանի,178
թմրանյութերի,178
կտոր,178
լիբանանում,178
հաշվապահական,178
կոստանդնուպոլսում,178
ցավ,178
բանտ,178
հնագետ,178
գյումրիի,178
ամրոցում,178
քևին,178
հետաքրքրվում,178
կոդի,178
ուղղությունների,177
այսօրվա,177
դիմանկարներ,177
էնդի,177
գաղափարներ,177
ցանկի,177
խոցելի,177
թարգմանիչ։,177
հայրական,177
նահապետ,177
տիկնիկային,177
առաջիններից,177
ժամանակաշրջանում։,177
նախորդող,177
դառնա,177
խմբավորման,177
որոշվել,177
բժշկություն,177
զետեղված,177
տիրում,177
ձեռնարկել,177
տառապող,177
երեսուն,177
մա,177
գավառակի,177
վերջը։,177
ստորաբաժանումների,177
գումարտակի,177
գաղութի,177
ջերմաստիճան,177
նավթ,177
վարած,177
արտադրությունը։,177
մետաղներ,177
լանջերը,177
պատասխանատվություն,177
նախագծվել,177
կղզիներից,177
ահմեդ,177
սկզբունք,177
առաջնությունների,177
անդամի,177
բանակային,177
ա։,177
ժողովածուներ,177
ժամ։,177
դերով,177
ազգանուններ,177
քաղաքից։,177
ալբանացի,177
նարեկ,177
եթերում,177
վիճակների,177
կուբրիկը,177
ֆարփոյնթ,177
ծնվեց,176
երի,176
կետերը,176
արագություն,176
կարս,176
հիմնովին,176
նվաճումները,176
վարկածը,176
աշխարհից,176
ուսումնասիրվում,176
օվկիանոսում,176
ընդլայնման,176
փետրվարյան,176
լազարյան,176
օղակաձև,176
դեմիրճյանի,176
ճապոնիան,176
շիա,176
տուրիստական,176
կապարի,176
հրապարակեց,176
կառավարությանն,176
էջում,176
վնասվածքների,176
փարիզից,176
դեղաբույսեր,176
կրծքի,176
դո,176
նախագծում,176
պակ,176
ռոյ,176
փակել,176
ալժիրի,176
լուսանկարները,176
լիգայում։,176
պաշտոնատար,176
խաղացողների,176
լուսանկարիչ,176
երիկամային,176
օվրուչի,176
սնունդը,175
բազմազանությունը,175
փոխկապակցված,175
պատերազմները,175
արձանագրությունը,175
խմբակցության,175
խնդիրներ։,175
պատճառների,175
փոխվեց,175
հոգևորական,175
տպավորիչ,175
հեղինակությունը,175
տիրապետող,175
առանձնակի,175
աշակերտներից,175
թափանցում,175
ժամանակագրություն,175
մատթեոս,175
ջավախքի,175
բեյ,175
մրցում,175
բաբայան,175
մինիստրների,175
հարկերը,175
ալյումինի,175
կրճատվել,175
ցայտուն,175
հիբրիդային,175
լանջին,175
աուդի,175
ուղեկցող,175
հոսանք,175
փրկիչ,175
հավաքվել,175
պարգևատրվածներ,175
համերգը,175
հարսանեկան,175
ուղեցույց,175
աշակերտ։,175
ռոմա,175
քրոնիկական,175
տոմսկի,175
թիւ,175
ցորենի,174
միանշանակ,174
նկար,174
համակարգին,174
տրամաբանությունը,174
կլինեն,174
աշխարհով,174
մետաղ,174
սասնա,174
ախալքալաքի,174
կայացման,174
հռչակ,174
եպիսկոպոսի,174
հնարավորության,174
հնչյունական,174
տաքացման,174
պայթյունի,174
էրզրում,174
կարդացել,174
ցուցակում։,174
արաբերենի,174
բաբկեն,174
կինոնկարը,174
ճորոխի,174
ջոկատների,174
վաճառում,174
տասնամյակի,174
սակավ,174
դեղագործական,174
ընկերությունն,174
հանցագործությունների,174
օպերաներ,174
սնկերի,174
երեխաներից,174
լարման,174
էժեն,174
հանվել,174
ընտրություններ,174
մշակությամբ,174
ֆոնդերի,174
ղեկավարը։,174
ժամանցային,174
կամա։,174
նյութերից,174
անվանակոչվել,174
չելսիի,174
տարրի,174
ջորջի,174
բելոպոլիեի,174
միջուկը,173
հետզհետե,173
որդի՝,173
դրության,173
փաստաբան,173
երկրաչափություն,173
անալիզի,173
կրելով,173
պլան,173
ճանապարհը։,173
խորության,173
տանն,173
մարինա,173
պատմաբանասիրական,173
զորքերին,173
վենետիկում,173
ծավալային,173
խառնուրդ,173
հռչակեց,173
զինանշանի,173
հոսող,173
արմատներ,173
անտառները,173
հովտի,173
սարքը,173
ընկերությանը,173
տեսաբան,173
տոսկանա,173
մեքենայական,173
նախկինում՝,173
պարոնյանի,173
առավելագույնը՝,173
գոշի,173
պիկարդիայի,173
եղանակները,173
լիտվացի,173
րի,173
ուրեմն,173
սոպրանո,173
ռոմնիի,173
տարրերից,172
լեզուն։,172
բաղադրիչ,172
տրոհման,172
գրանցել,172
համոզում,172
ցուցաբերած,172
կույս,172
ծրագիրը։,172
տպագրական,172
խաղացած,172
իսլամ,172
ուռուցիկ,172
դարից։,172
հարցեր։,172
ավանդույթը,172
այնտեղ։,172
պեր,172
մենակ,172
քահանայի,172
հետքեր,172
պահի,172
հեռացնել,172
ռենտգենյան,172
զարկերակային,172
համամասնական,172
թերակղզի,172
երկրում։,172
պարերի,172
ամիսը,172
պաշարում,172
թուրքեր,172
երկարությամբ։,172
ճանապարհորդ,172
արժույթի,172
վախի,172
ավիաընկերության,172
դաշնակահարներ,172
ծնունդով,172
մահը։,172
պահպանումը,172
դեղամիջոցներ,172
տոմ։,172
բարենցի,172
անկարայի,172
պլատինե,172
ջենիֆեր,172
համախտանիշի,172
վոլֆ,172
տակեշի,172
շումյաչինսկի,172
օկուլովսկի,172
գինի,171
իրաքյան,171
ղեկավարվում,171
կդառնա,171
պատասխանի,171
տոհմական,171
տարուց,171
առաջադիմական,171
քրիստոնեություն,171
շվեդիա,171
գիտելիք,171
օգտագործեց,171
գիտա,171
վտանգը,171
ալիքները,171
վոլֆգանգ,171
շուն,171
սարի,171
ընդհանրական,171
տրվող,171
բանտից,171
պարտականությունները,171
ժամկետով,171
մատնել,171
ավտոմեքենաների,171
դիմադրությունը,171
ահաբեկչության,171
եվրոպան,171
ռուսներ,171
ֆորդ,171
անսամբլի,171
հռոմը,171
նավերը,171
սամարայի,171
ցերեկային,171
հեղինակներն,171
փուլերում,171
դահլիճ,171
հանձնվեց,171
ծաղկաբույլը,171
չապլինի,171
տոկանտինս,171
կենդանիներին,170
լեոնարդ,170
որսում,170
շատերն,170
դավթի,170
պատանիների,170
համեմատել,170
ամենացածր,170
կատարել։,170
սահմանման,170
ժխտում,170
անվանվեց,170
սրբերի,170
մամիկոնյանի,170
ջասթին,170
կոտորվել,170
հնարավորինս,170
կացնում,170
ջարդերի,170
խաղերից,170
բախման,170
խորհրդարանը,170
բադ,170
ավիացիոն,170
բարձրությունների,170
ահկ,170
ընդդիմադիր,170
հետևանքների,170
կետեր,170
ռելիեֆի,170
կորեա,170
վթարի,170
առաջընթացի,170
ջորջիա,170
սպիտակուցները,170
վաճառվեց,170
կայարանի,170
միջավայրը,170
ռումինացի,170
բետա,170
տեսահոլովակում,170
պիես,170
խանգարման,170
կեա,170
շեշտը,169
գործընթացները,169
ցանցերի,169
պահանջը,169
պարգև,169
գնով,169
մայիսյան,169
հաջողությունները,169
մաթեմատիկայում,169
փոխարինելու,169
միավորումը,169
արտահայտություն,169
անհատ,169
գիտնականի,169
տոլստոյի,169
վարժարանում,169
երկինք,169
համաչափ,169
տևած,169
նահանգներում։,169
հարավ՝,169
տեսք։,169
մշտադալար,169
գործազրկության,169
շենքերը,169
իսլամադավան,169
քայլեր,169
աղերի,169
ձուկ,169
հաջորդաբար,169
ռեժիմը,169
հատվածը։,169
ճամբարի,169
թերապիայի,169
ներդրումային,169
ամենամեծը,169
համագումարում,169
վալենտին,169
հատկացրել,169
֊րդ,169
անցկացնելու,169
քույրը՝,169
արգենտինա,169
մրցաշարային,169
ռիթմ,169
մարմնական,169
վիրուսի,169
եվրատեսիլի,169
թռչունները,168
խնդիրը։,168
աճեց,168
կառավարվում,168
համակարգչի,168
հուշեր,168
կողմն,168
դասավանդման,168
կարին,168
դյու,168
հասկացությունների,168
հասկանալի,168
կենդանության,168
բառերից։,168
մոտեցման,168
ընկալիչների,168
արտաշատ,168
փորձառու,168
առաջին՝,168
պայմաններին,168
կատվի,168
ձի,168
նահանգապետ,168
տարածաշրջանը,168
ջերմաստիճանային,168
առյուծ,168
աշնանային,168
առավելություն,168
բարձրացումը,168
անապատ,168
մեկ։,168
կոնգրեսը,168
շեյխ,168
լարվածությունը,168
տնտեսությունների,168
հարցազրույցի,168
հավերժ,168
ֆլորայի,168
դրամ,168
կինոքննադատների,168
նախօրոք,168
ալկոհոլի,168
սպանություն,168
միանման,168
կշռում,168
նպատակահարմար,168
ակունքն,168
թագավորությունը։,167
հումք,167
մակեդոնացու,167
կայանը,167
ամենահարուստ,167
աշակերտները,167
անմեղ,167
աշխատությունը։,167
պատկերացումները,167
յուջին,167
տող,167
աշխատանքում,167
գիտնականը,167
լեռնաշղթան,167
աշխարհահռչակ,167
կիսաանապատային,167
մշակությամբ։,167
համալսարան։,167
կտրտված,167
ժամանեց,167
համայնք։,167
վիետնամի,167
վարկանշային,167
մնալու,167
բրյուս,167
ֆերգյուսոնը,167
կանխել,167
ռուսների,167
ազովի,167
պարտվելով,167
ապարատի,167
բացահայտվում,167
նե,167
ֆիլմը՝,167
խաղ։,167
կլարա,167
լոուրենս,167
լիվերպուլի,167
տիրույթում,167
սովետի,167
կամային,167
պսկովի,167
բեյսեյ,167
դրանցում,166
տնտեսագիտություն,166
հավաստի,166
աշխատակից,166
արագածի,166
տեսահոլովակներ,166
տերը,166
լուսավորական,166
անհրաժեշտություն,166
չունեն։,166
մանրակրկիտ,166
լավը,166
արքաների,166
թևավոր,166
օլիվեր,166
տասնմեկ,166
փուլում։,166
ազատագրության,166
վերադառնալու,166
բանաստեղծների,166
հաղթանակով,166
հանածոների,166
մերձակա,166
գործակիցը,166
դանիան,166
երկիր։,166
կոնվենցիայի,166
վարկանիշի,166
երկաթուղու,166
մեծամասնությունը՝,166
մեթոդական,166
գրասենյակ,166
սարդինիա,166
ամուսնանալ,166
այգիներ,166
կազմության,166
կրկեսի,166
մասիս,166
կիսապաշտպան։,166
մարտինի,166
քույրերի,166
ռոնալդ,166
ռազմիկ,166
ճարտարապետ։,166
լարի,166
վալյադոլիդ,166
օթելլո,166
օսկարակիրներ,166
քառասուն,165
պատերին,165
ժամանակներից։,165
նպատակին,165
էժան,165
պետությունն,165
կյանքին։,165
ապրած,165
վահանի,165
չարի,165
երկիրը։,165
հետք,165
պատկերացումների,165
եսայի,165
անհրաժեշտությունը,165
պատասխանը,165
երկրորդ՝,165
հիմնադրում,165
մարգարիտա,165
քաղաքացիները,165
դեպքի,165
պառլամենտի,165
առկայությամբ,165
հասնող,165
տաճարներ,165
ձիերի,165
խորհուրդների,165
կանգնել,165
պատգամավորների,165
ռումինական,165
մարզեր,165
հանդիսանալ,165
պաշարումը,165
պատը,165
կղզում։,165
պահը,165
իրադարձություն,165
ավետիս,165
կինոպրոդյուսերներ,165
կարո,165
սպը,165
ֆիդե,165
տիտղոսներ,165
ռիոխա,165
բյուրեղների,165
գցում,165
կտավ,165
մոնրոն,165
կամարի,165
հերակլեսը,165
լեբեդինի,165
կարմասկալինսկի,165
առանձնահատկությունը,164
անասունների,164
համակարգիչների,164
լեզուներից,164
գուցե,164
իսլանդիայի,164
տնից,164
բանաստեղծը,164
աղա,164
ցանկանալով,164
օրից,164
ոմն,164
դիլիջան,164
հրավերով,164
շարքից,164
թերի,164
գյուտարարներ,164
ազդեցությունների,164
սատանայի,164
տիեզերք,164
ծաղկի,164
շիրակ,164
սուլթանը,164
ցմահ,164
խոսվում,164
դիրքեր,164
մասամբ՝,164
ռազմաքաղաքական,164
տիրապետել,164
հեռախոս,164
ներխուժել,164
տղաները,164
եվրասիական,164
պայքարելու,164
լրագրողների,164
ամենանշանավոր,164
գանգի,164
աջակցելու,164
ընդհանրացված,164
ոգի,164
տերմինն,164
բրաունի,164
հողում,164
ժաննա,164
փուլերի,164
քարերով,164
սարյանի,164
վալգամաա,164
տեղադրման,164
կինոստուդիայում,164
ոգու,164
ակուստիկ,164
սիմֆոնիան,164
ալմերիա,164
բասենի,164
հասկացություն,164
կարգային,164
վասակ,164
լուսնային,163
համակարգից,163
ներում,163
լուսանկարների,163
խոչընդոտում,163
խուսափում,163
շնորհում,163
մեկնաբանել,163
ոլորտը,163
տհաճ,163
հասկանալու,163
ուղարկված,163
ձևակերպել,163
հարող,163
վերանում,163
թիվը։,163
վախենալով,163
ստանձնում,163
փլուզումից,163
ստորագրում,163
երկրին,163
որովայնային,163
հրապարակը,163
կահիրեի,163
կորուստներ,163
վայր։,163
արդար,163
մզկիթը,163
հկ,163
երաժշտությամբ,163
առաջնորդների,163
հակառակը,163
հարաբերության,163
նովոդևիչյան,163
գետնին,163
նալբանդյանի,163
փանոս,163
աբեղյանի,163
ալֆոնսո,163
սերիայի,163
վիճակից,163
կարծր,163
վիքիպեդիա,163
ուրատայի,163
կուշիրոյում։,163
իրադարձության,162
բնակավայրերից,162
ոլորտներում։,162
տարիներից,162
արմատների,162
մանկությունը,162
կարևորությունը,162
համեմատում,162
խնդիրներն,162
ուսումնասիրելով,162
ճշմարտությունը,162
հույներ,162
սիրով,162
պատմագրության,162
ջոնը,162
անբաժանելի,162
մարմինն,162
դպրոցներ։,162
իրավասության,162
ալպերի,162
խաղերում։,162
նավարկելի,162
սարահարթի,162
նվազեցնել,162
սովորեցնում,162
մեդալակիր։,162
գուրիայի,162
հյուրանոցի,162
վնասում,162
բրունո,162
հատկությունը,162
չիկագո,162
թաղամասում։,162
ժողովում,162
հավանականության,162
կարինե,162
ինտելեկտի,162
հարցնում,162
լիցքի,162
սմիթ,162
էֆեկտ,162
մարսելո,162
գնդակ։,162
պարեր,162
էյլերը,162
ռեակցիաներ,162
արքաներ,162
քրոմոսոմների,162
կացուուրա,162
բնորոշում,161
կուտակված,161
ոլորտների,161
կողմնակիցները,161
դժվարությունների,161
ստեղծագործում,161
աշուղական,161
ժողովուրդ,161
կիսանդրի,161
կորցրած,161
կուտակման,161
կարգավիճակի,161
աշխատությունում,161
կենտրոնանում,161
քննադատներ,161
աջից,161
լինի։,161
պրոցեսում,161
ռոմանտիզմի,161
սեզոնի,161
բնակավայրում,161
կուբան,161
ակտիվների,161
սոն,161
մասի՝,161
երկաթուղին։,161
հզորությամբ,161
մակերեսով,161
թեհրանի,161
լգբտ,161
լոնդոնում։,161
մարգարիտ,161
քարտուղարի,161
հակառակորդ,161
շրջակայքում։,161
օրինակով։,161
վանքը։,161
կենաց,161
ռոմանոս,161
ռասաների,161
հաղորդավար,161
պատմվում,161
երկրաբանության,161
ձագերը,161
մալայա,161
հաճախականությունը,161
մասնիկներ,160
տարբերությունները,160
արդիական,160
հայտնաբերեց,160
առարկայական,160
հավաքածուներ,160
մեդալը,160
ոճական,160
մետրոպոլիտենի,160
ո՞վ,160
աստիճանական,160
տարբերակների,160
դարձել։,160
տառերը,160
մետաղադրամների,160
հրտ,160
մատուցում,160
իրականությունը,160
աղասի,160
սիրած,160
ջիմի,160
ունենալ։,160
ամենամեծն,160
փոխարինող,160
բարձրացում,160
աշխատավոր,160
պարսիկները,160
իրականացրեց,160
խախտման,160
ինքնավարության,160
դրամավարկային,160
արտադրվող,160
սպառողական,160
անտառում,160
հետաքրքրությունների,160
ջեյմսը,160
միացվել,160
թեմ,160
տաճարում,160
հրավիրեց,160
խորանի,160
նախագծով,160
մարզադաշտի,160
պաբլո,160
մատուռը,160
կոմունայում,160
կի,160
տաղանդը,160
համո,159
միացումը,159
ունենան,159
փակվում,159
լրջորեն,159
զարգացնում,159
կարծիքով՝,159
աստիճաններ,159
տարոնի,159
սիրել,159
ուղղություններ,159
ստյուարտ,159
միակն,159
ժամանակագրական,159
մենդելեևի,159
կայսրությանը,159
հասկանալով,159
հակառակորդին,159
աշոտի,159
գաղութների,159
պարտությունը,159
նահանգային,159
անգլիացիների,159
պարտավորվում,159
կանգնեցված,159
զորքեր,159
սկզբունքներ,159
անասնաբուժական,159
քարից,159
աս,159
ընդգծված,159
գնի,159
հետքերը,159
թանգարանն,159
ջեքի,159
հորդանանի,159
կամսկի,159
հեծելազորի,159
մարդինի,159
քերականության,159
սպիտակուց,159
ալտերնատիվ,159
հովիտ,159
քանդակագործ։,159
մելիքյան,159
վինսենթ,159
կոմպոզիտոր։,159
րա,159
ալյեի,159
բույնը,159
գավառակ,159
սքոթի,159
յարցևսկի,159
վաճառական,158
արձանագրություն,158
էլեկտրաէներգիայի,158
որդուն՝,158
վիճակը։,158
մտավորականության,158
կողմը։,158
դիտման,158
գրանցում,158
հանձնաժողով,158
շրջանակում,158
բարոյականության,158
գաղափար,158
փոխհարաբերությունների,158
ձևը։,158
քննարկվում,158
բանասերներ,158
պայման,158
ընտրությունները,158
վեպն,158
տիպերի,158
դեղամիջոցների,158
ասատրյան,158
գործով,158
տարածվածությունը,158
ֆիլմերը։,158
քեթրին,158
զորք,158
վելիկա,158
գավառական,158
նախագահին,158
ներդրումներ,158
ճառագայթում,158
մեթոդով,158
կողքին։,158
պողպատե,158
առաջնությանը։,158
բազմությունը,158
զելանդիայում,158
համառուսաստանյան,158
մորթին,158
ջոկատներ,158
գմբեթի,158
ղեկավար՝,158
անդրբայկալյան,158
տասներորդ,158
աշուն,158
լուծույթի,158
վուդի,158
սինգլը։,158
ընկերությունում,158
լիզա,158
հեղուկների,158
ֆունկցիաներ,158
սիմֆերոպոլի,158
եղբայրն,158
պատմաբանների,157
հավասարապես,157
հաճախորդների,157
թիֆլիսում։,157
հիշատակել,157
ճնշել,157
հոգեբանությունը,157
արձակի,157
արդյունքում՝,157
գործերով,157
հավատի,157
քերականություն,157
փոփոխվել,157
անկյունների,157
փրկելու,157
միջոցով՝,157
աղետի,157
ամենուր,157
տոնակատարությունը,157
գինեսի,157
նեղուցի,157
հաստատեցին,157
աճը։,157
հանրապետությանը,157
մրցակցային,157
տուրք,157
նիկոլայի,157
համալսարաններում։,157
փրկվել,157
երկարություն։,157
գործերը։,157
մալթայի,157
կացվել,157
մերձակայքում,157
հիվանդները,157
կինոփառատոնում,157
մինոր,157
մատենադարան,157
սիկտիվկար,157
համապատասխանող,157
գրաբարի,157
խաղարկությունն,157
երգը՝,157
արտակ,157
պարուհի,157
մեղրու,157
երգչուհի։,157
նիլ,157
հատկանիշներով,157
տարածությունում,157
լսելով,157
կարելիի,157
դեպարտամենտին,157
զուգախաղի,157
պուշկինը,157
մեխանիզմի,157
իքս,157
տյոմկինսկի,157
հյուր,156
անվանումներ,156
մտքերը,156
մոտեցում,156
մոդելային,156
պլանավորման,156
ընտանիքով,156
բանաստեղծություն,156
գառնիկ,156
բարբառների,156
ղարաբաղ,156
առաջընթաց,156
շարքերում,156
հարստությունը,156
գիտելիքներ,156
կրթություն։,156
սըր,156
կինոնկարի,156
առաջարկվում,156
մոգական,156
աշխատանքով,156
տեղեկագիր,156
լեզվում,156
սինգապուրի,156
բնակչությամբ,156
ընտրելու,156
լճում,156
կատարողների,156
անխուսափելի,156
հարկեր,156
ոչնչացնել,156
ճգնաժամ,156
պահանջների,156
եվրոպայից,156
վերջին։,156
բնակիչներին,156
լորենցի,156
պանրի,156
հբըմ,156
առողջարանային,156
անելով,156
ռումինիա,156
ինֆորմացիան,156
չափահաս,156
հայտարարելով,156
քաղաքացիություն,156
վերդին,156
տրետյակովյան,156
տիրակալ,156
քայքայում,156
գործընկեր,156
քրիստոսը,156
արձանի,156
հյուրախաղերով,156
հետևի,156
լեգենդի,156
դիսնեյ,156
գիսաստղերի,156
էգը,156
աղաջանյան,156
ալաշկերտի,156
դաղստան,156
ատոմական,156
լենինական,156
վսևոլոժսկի,156
սիմիձու,156
սկայս,156
ձու,155
նշանակությունը։,155
խմբերում,155
արմատային,155
սոցիոլոգիայի,155
վերաբերմունքի,155
համաձայնություն,155
ճապոներեն,155
համբարձումյան,155
վերաբերմունք,155
տրամաբանություն,155
խորապես,155
տվող,155
վարդապետի,155
անսպասելիորեն,155
աբրուցո,155
շնորհալի,155
հանդիպումն,155
թույլտվություն,155
աշխարհամարտի,155
էսպիրիտու,155
բանակցությունները,155
բարեփոխումներ,155
թատրոնը։,155
ակադեմիան։,155
հրամանատարությունը,155
ելքը,155
սահմանը՝,155
կաթոլիկական,155
ռեժիսորների,155
զիջեց,155
արգելել,155
մեքենաշինության,155
ֆրանսիայից,155
կուրի,155
ծծմբի,155
գրադարաններ,155
սիքվել,155
լուգանսկի,155
արմենակ,155
վեներա,155
պարում,155
մենակատար,155
կողմում՝,155
բեք,155
առնո,155
ախուրյանի,155
շարքերը,155
վիրաբույժ,155
չապլինը,155
ադամյան,155
գիտաշխատող։,155
կանխում,155
էլիպսաձև,155
ապագան,155
շաբաթում,155
կոգնիտիվ,155
մաժոր,155
ընդլայնված,155
բարելավում,155
շրջկենտրոնից,155
դղյակ,155
ֆրեյմուտ,155
ոսկեգույն,154
յուղի,154
տեսանկյունից։,154
քաղաքականությունը։,154
հաղորդվում,154
չինաստանը,154
մանուկների,154
խոստովանել,154
դատի,154
երևակայական,154
կառուցվածքների,154
քանակը։,154
տարբերության,154
հարում,154
