word,count
да,1822
из,1463
гӏалгӏай,1400
шера,1333
белгалдаккхар,1184
тӏатовжамаш,843
тӏа,793
иштта,782
йола,749
дола,683
чу,677
цу,677
яхача,631
ба,630
хана,550
цун,546
шу,493
цӏи,473
цо,439
эггара,433
нах,429
ший,426
саг,410
ва,396
юкъе,382
йолча,382
на,376
аьнна,373
яха,372
уж,364
хул,364
дийнахьа,361
хиннав,355
хиннай,346
мехка,344
юкъера,341
ха,334
хӏаьта,331
долаш,328
ца,317
хинна,305
болх,304
денз,301
мотт,290
ча,286
ше,284
тӏехьагӏа,272
дукхагӏа,272
хьажа,267
юрт,266
дунен,265
литература,265
хиннад,263
республика,263
ди,261
хилар,259
юрта,256
бетта,250
паччахьалкхен,249
эрсий,247
чура,246
долча,246
йолаш,244
дукха,244
бола,238
оал,234
россе,232
гӏа,221
бахьан,216
санна,214
цунна,211
хӏама,210
тайпара,209
хьалха,208
гӏалгӏайчен,206
алапатах,205
дезала,203
совгӏа,203
цар,203
шолжа,203
мел,202
масала,200
по,200
км,197
хиннача,196
шерашка,195
хьа,193
цхьа,191
кхы,190
баха,190
цхьан,189
мара,187
дакъа,185
йиш,183
цаӏ,182
цига,182
хьалхара,180
меттала,179
цул,178
дӏа,176
волаш,175
бутт,175
кеп,171
лаьтта,170
моттиг,170
лоархӏаш,169
лаьттан,166
кхаччалца,165
хий,164
загат,161
деш,160
ма,160
тайп,159
хин,158
наха,157
тӏахьожаяргаш,157
даь,155
шоай,154
шахьара,153
нохч,151
вай,150
хила,144
керттера,144
шийна,144
хиннаб,143
гӏолла,142
дика,140
паччахьалкхе,136
сага,135
беш,134
тархьар,133
дош,133
маӏан,132
ши,131
алап,131
царех,131
къаьстта,129
хилча,129
яхаш,126
цӏий,124
латт,123
хӏамаш,122
юкъерча,120
де,119
деша,118
моттигаш,117
оон,117
географи,116
цох,116
тӏара,115
баьцовгӏаш,115
эрсечен,115
до,115
лоаман,114
царна,114
пхье,114
тӏаккха,113
къаман,112
массехк,111
къа,110
дезал,110
улл,109
чӏоагӏа,108
кавказа,108
аьлча,108
цхьана,107
лаьца,107
болаш,106
не,106
ӏилман,106
тайпа,106
укх,105
форда,104
шин,103
ссср,101
бахархой,101
ваьр,100
гӏалгӏайче,100
административни,100
аль,99
нанагӏала,98
халкъашта,98
цӏераш,97
бе,97
метта,97
мохк,97
вола,97
болча,97
дог,97
эрс,96
пайда,96
цӏихеза,96
кхыча,95
пхьа,95
малхбоалехьа,94
ваьв,93
дода,93
дац,93
хӏанз,93
цудухьа,93
волча,92
гӏала,92
от,92
форд,91
лоархӏ,90
хьадаьннад,89
буро,89
коазой,88
алапат,88
система,88
алапата,88
деза,87
ӏилма,87
доацаш,87
тӏехьа,86
наьсарен,86
гаргга,85
гӏча,85
роман,85
бусалба,84
дийнатий,84
халкъа,84
сурт,83
как,83
вахар,82
дега,82
официальни,81
для,81
юкъ,80
йоаца,80
дар,79
дуне,79
культура,79
федерацен,79
тайпарча,79
малхбузехьа,79
балха,79
даьла,79
га,78
бусулба,78
никъ,78
шоллагӏа,78
зӏамига,78
дийнаташ,77
аре,77
цхьабакъда,77
хьал,76
наьсаре,76
латташ,75
баьцовгӏай,75
гӏинбухера,74
ду,74
или,74
резолюци,74
ӏарбий,73
нохчий,73
хӏара,73
юрташ,73
хьежжа,73
бакъда,73
оалхазараш,72
что,72
керда,72
тӏема,72
даькъе,72
дешар,72
нана,71
вешта,71
шахьар,71
белгалдаьккхар,71
леладу,70
духьа,70
также,70
дуккха,69
хӏанзара,69
советий,69
тоаба,69
йоккхагӏа,69
гуш,69
гӏулакх,68
са,68
хьалхагӏа,68
духьала,67
доккха,67
за,67
бӏаьшера,67
цӏерагӏа,67
йоазув,67
хиш,66
дерригача,66
тархьара,66
яхар,66
яц,66
амма,65
къамашта,65
юкъара,64
дешаш,64
вахара,64
йовлой,64
его,64
наьх,64
сердало,64
море,64
тӏом,63
ишта,63
йоккха,62
лоаттам,62
юха,62
баьб,62
метташ,61
оалаш,61
млн,61
коа,61
заман,61
ла,61
доалахьа,61
хь,60
гӏинбухерча,60
метте,60
со,60
мехкаш,59
термин,59
укхаза,59
яхачох,59
автора,59
ахьмад,58
йисте,58
хӏана,58
цӏе,58
маьждиг,58
эзар,57
малсаганаькъан,57
дегӏа,57
наьна,57
гуллам,56
эрсече,56
дӏахо,56
йоацаш,56
воӏ,56
хьалхарча,56
хоам,56
гӏинбухен,55
россии,55
ерригача,55
шераш,55
хьахул,55
ховш,54
хьисапе,54
го,54
оалхазарий,54
тоабан,54
цунца,54
бахача,54
йоах,54
зӏилбухе,54
яь,54
маӏа,54
категория,54
гом,54
ибн,54
корана,54
лаьрхӏа,53
геттара,53
рашида,53
гаьна,53
асср,53
мо,53
еннай,53
бӏарчча,53
дикагӏа,53
цӏийна,53
хӏирий,52
ӏалама,52
керттерча,52
кхаь,52
мухьаммад,52
яр,52
ра,52
пхьанаш,52
ӏаьржа,52
гӏалий,52
дешара,52
зӏилбухера,52
еш,51
деррига,51
моллагӏа,51
дала,51
газета,51
даьнна,50
дин,50
магас,50
ахьмада,50
рашид,50
во,50
доазув,50
цигара,50
зама,50
юкъа,50
то,50
года,49
хӏанзарча,49
йоазонхо,49
цунах,49
тӏарча,49
шерага,49
сурташ,48
лакхера,48
кино,48
автор,48
йоазонхой,48
леладеш,48
латта,48
даькъастен,48
берда,48
мехках,48
область,48
тӏой,48
наьха,47
даьд,47
хьо,47
гуржий,47
ахбура,47
гӏалгӏаша,47
руслан,47
лорий,47
ваха,47
дале,47
лакха,47
григоре,47
юкъарлен,47
болхло,47
наджгоанцхой,47
тийрка,47
лакхерча,47
хиларах,47
биологе,47
нагахьа,47
моттиге,46
дукхача,46
доаца,46
хи,46
яьржа,46
саго,46
мира,46
ер,46
днк,46
лелаю,46
зӏилбухехьа,46
туркий,46
уйла,46
при,46
бувзам,45
химе,45
цӏа,45
нийса,45
къамаьл,45
вӏаший,45
тара,45
малхбузера,45
гӏай,45
число,45
зарбанче,45
пхаьнаш,45
луш,44
союза,44
ингушетия,44
ингушетии,44
малх,44
год,44
см,44
низ,44
йоӏ,44
улла,44
ӏилмай,44
хилда,44
ислама,44
сайт,44
романа,44
салам,44
он,44
моллагӏча,43
баьцовгӏа,43
берий,43
доккхагӏа,43
зӏилбухен,43
оазархо,43
лоадам,43
тохкаш,43
ӏа,43
лоацаш,43
белгалонаш,43
ала,43
автономе,43
дукхал,43
ткъаь,42
вахаш,42
хилара,42
белгало,42
ширача,42
ханорг,42
тӏера,42
исбахьален,42
оагӏув,42
ахча,42
гӏалме,42
областа,42
ӏилманхо,42
итт,41
кхыйола,41
гӏинбухехьа,41
дийша,41
говзал,41
даьлера,41
шоашта,40
оакафорда,40
совета,40
история,40
магӏалбика,40
боарам,40
тӏаийца,40
таржам,40
оттадар,40
яьккха,40
университета,40
яьккхай,39
цунга,39
хетта,39
даьккха,39
кхача,39
кириллица,39
республики,39
чемпион,39
хула,39
ханорга,39
бекарга,39
юртара,39
маьлха,39
доакъашхо,39
гӏалгӏайи,39
доктор,39
астарха,39
астархан,39
губерни,39
ваьрах,38
под,38
заьзганаькъан,38
гойташ,38
ислам,38
дакхадийнатий,38
ӏеш,38
шахьаре,38
паччахьалкхенаш,38
гӏинбухе,38
тайпан,38
чухьа,38
респу,38
этинга,38
кулгалхо,38
аз,38
кӏай,38
таьрахь,38
терминаш,38
диллача,38
лела,38
бокъо,38
федераце,38
хьасташ,37
оакхарий,37
европе,37
году,37
был,37
юкъейоагӏаш,37
къамий,37
ишколе,37
блика,37
балхаш,37
бар,37
дезаш,37
вар,37
шоайла,36
чӏоагӏагӏа,36
даар,36
зӏилбухерча,36
оахаранаькъан,36
мм,36
доагӏа,36
экажакъонгий,36
еррига,36
тахан,36
доал,36
каст,36
боккха,36
дарба,36
оакафорд,36
хӏиндий,36
кавказе,35
абат,35
кхалсаг,35
генерал,35
рсфср,35
еза,35
ворхӏ,35
таханарча,35
хиннадац,35
ӏаьдала,35
баь,35
села,35
баьха,35
бӏаьшу,35
географе,35
лоӏаме,35
хьахиннай,35
маьже,35
нохчийи,35
мочкъий,35
три,35
тӏехкий,35
веннав,34
эшаш,34
кӏезига,34
гонахьа,34
меттай,34
эцаш,34
чулоац,34
садоалла,34
мухьмад,34
чулоацаш,34
оалхазар,34
цӏагӏа,34
цхьацца,34
школа,34
михий,34
кхо,34
юртарча,34
пакистана,34
хала,34
аьттув,34
белха,34
лоам,34
тӏеи,34
къаспий,34
института,34
истории,34
хьехархо,34
все,34
оагилга,34
нервий,34
воша,33
фу,33
хоза,33
кепаш,33
маӏача,33
территории,33
дувзаденна,33
лелаеш,33
федеральни,33
дукхагӏча,33
безам,33
бу,33
параз,33
кхоалагӏа,33
турпал,33
шира,33
анатоми,33
хьехархой,33
кастта,33
мугӏам,33
драма,33
хан,32
бӏаь,32
баьцовгӏий,32
терсмайл,32
царгаш,32
ӏилманхоша,32
карарча,32
уллача,32
дийна,32
къамаш,32
лоацца,32
цхьайолча,32
йода,32
малхбузерча,32
хьахинна,32
жӏаргахой,32
день,32
пха,32
додача,31
алапаш,31
изд,31
бер,31
идриса,31
время,31
зӏамагӏа,31
тохкама,31
кхолламаш,31
эйла,31
массаза,31
къаьнарча,31
йилла,31
денна,31
ӏаьдало,31
шоллагӏча,31
тайпах,31
лоамара,31
езаш,31
после,31
дӏадала,31
ӏаьдал,31
тиллай,31
амарца,31
пхаьний,31
рузкъа,31
тӏехар,30
хих,30
тӏехен,30
чуи,30
лоаттама,30
дахаш,30
ӏийса,30
байсаранаькъан,30
российской,30
майор,30
цӏерах,30
кхыдола,30
къаьнара,30
бассейна,30
эбарг,30
хьаяхачох,30
салмана,30
язык,30
только,30
къамай,30
кхоллам,30
гӏерташ,30
хилац,30
тайпаш,30
кхерий,30
пайхамара,30
институт,30
карл,30
сериала,30
лор,30
дешаргий,30
тӏеххьара,29
дийнача,29
статья,29
том,29
лу,29
но,29
является,29
жӏайраха,29
организма,29
кӏира,29
малхбоалерча,29
дукъа,29
объекташ,29
кавказ,29
гӏалгӏашта,29
маьцхали,29
юкъарче,29
бувцаш,29
цкъа,29
малхбоалера,29
есть,29
дегӏ,29
царга,29
реестра,29
их,29
аьннад,28
кхелхав,28
органикай,28
кӏезигагӏа,28
класс,28
метташи,28
хӏаман,28
тӏонганаькъан,28
матенаькъан,28
хамхой,28
йӏаьха,28
жугтий,28
майда,28
ул,28
киназ,28
ах,28
гуллама,28
шоаш,28
къам,28
лелаш,28
литературни,28
яле,28
мах,28
оаз,28
фаьренгий,28
фильм,28
сайте,28
чӏибал,28
профессор,28
мутт,28
века,28
оагилг,28
шовзткъа,27
комментареш,27
шиъ,27
ваьра,27
деча,27
бетташ,27
султана,27
ри,27
оттадаьр,27
хар,27
йиъ,27
латтача,27
хиннар,27
йоацача,27
оттадаь,27
ингалсий,27
цкъаза,27
университет,27
энциклопедия,27
бокъонца,27
номер,27
хьехаш,27
европа,27
лазар,27
къахьегама,27
декхар,27
дер,27
человека,27
та,27
это,27
актёр,27
миай,27
им,26
биологи,26
евлоев,26
ӏабдул,26
исбахьале,26
тренер,26
цӏена,26
кердача,26
кхаьчача,26
классификаци,26
кхоллама,26
хьона,26
уйлаш,26
юхе,26
ӏуйре,26
сона,26
вац,26
орден,26
хулаш,26
которые,26
барт,26
же,26
гӏо,26
керте,26
йоалл,26
боарамга,26
ларда,26
гома,26
школе,26
абу,26
были,26
хьаь,26
бийса,25
ялх,25
даьржа,25
америкера,25
даха,25
куце,25
овшанаькъан,25
салман,25
лейла,25
счёт,25
лакхагӏа,25
метр,25
башха,25
йовзаш,25
теха,25
дӏаьха,25
доазона,25
оттам,25
бац,25
йиллай,25
гӏулакхаш,25
миллион,25
америка,25
уллаш,25
кӏормацаш,25
саькура,25
раьза,25
паччахь,25
театра,25
ӏоткъам,25
долакха,25
дезалах,25
москве,25
сом,25
лазараш,25
важиб,25
нурдин,24
бос,24
баьца,24
лоаца,24
аргӏа,24
хӏамай,24
рф,24
спорта,24
так,24
седкъарче,24
байташ,24
ара,24
сиха,24
лаьт,24
ишкол,24
бӏорахой,24
юххера,24
бах,24
лоаттаме,24
йоалла,24
лаьрххӏа,24
биографи,24
йоазонхочо,24
кх,24
баьцамеа,24
паччахьа,24
либо,24
цӏеча,24
других,24
цхьаккха,24
белггала,24
ӏилманхой,24
лар,24
къахьийгад,24
совгӏаташ,24
острова,24
моаршал,24
век,24
гӏулакха,23
гӏаьбартой,23
ле,23
хьу,23
диалекташи,23
адамий,23
ӏарчакханаькъан,23
акха,23
дешах,23
йоаккх,23
ханаш,23
москва,23
хиларга,23
илдарха,23
пхьеш,23
цӏенош,23
нийсса,23
наьсар,23
наькъаш,23
институте,23
даькъасте,23
элемент,23
къорӏан,23
сийлен,23
амал,23
статьяш,23
даьр,23
етта,23
йоккхача,23
кӏала,23
дешарче,23
лорал,23
код,23
нийслу,23
доакъош,23
зе,23
география,23
аьрзи,23
эзаршу,23
дукх,23
курорт,23
лоа,22
зиза,22
организмаш,22
супа,22
тохаш,22
гаьнаш,22
болгарой,22
идрис,22
озанаькъан,22
сали,22
командир,22
армии,22
адам,22
области,22
среди,22
дийнат,22
дакхадийнаташ,22
беттай,22
бӏаьшерашка,22
доазон,22
список,22
мур,22
язъяь,22
муниципальни,22
хинналга,22
ков,22
духьале,22
кхел,22
цхьатарра,22
азе,22
гӏозлой,22
ханоргах,22
нанас,22
дувцаш,22
организаце,22
лаьтташ,22
факультет,22
бӏаьшерий,22
раж,22
например,22
эца,22
эттав,22
жизни,22
ӏарамхий,22
репликаци,22
гара,22
даьннача,21
даьлча,21
животных,21
куц,21
гӏамгӏа,21
лелабу,21
славаьний,21
доацача,21
ираз,21
лоархӏаме,21
ужахьанаькъан,21
чхьагӏа,21
войны,21
было,21
берд,21
зем,21
юле,21
тарлуш,21
русский,21
цӏай,21
айламӏилма,21
совгӏат,21
кепатеха,21
когаметта,21
аьтта,21
яздаьд,21
дешаех,21
бахаш,21
ӏалам,21
дуккхача,21
енна,21
немций,21
сур,21
дарра,21
яьй,21
жанна,21
газет,21
официальный,21
алхха,21
къ,21
баьхаб,21
шийх,21
мишта,21
кхетам,21
пхьан,21
чурча,21
зӏамигача,21
сов,21
директор,21
рузкъан,21
дас,21
этта,21
цхьанкхийттача,21
литературе,21
къарший,21
лат,21
лорала,21
кислород,21
маьре,21
фигура,21
днцӏ,21
коран,21
макка,20
вена,20
боацаш,20
кхоачаш,20
алапатий,20
класса,20
кхоачам,20
беканаькъан,20
федерации,20
первый,20
руслана,20
цхьайола,20
леладеча,20
гӏ,20
шш,20
юкъарле,20
энциклопеди,20
поэма,20
европай,20
кӏиран,20
се,20
тилла,20
тхьамада,20
гарга,20
хьахиннад,20
сийлахь,20
пхи,20
ража,20
биъ,20
тӏум,20
берригача,20
оаса,20
гаргара,20
ан,20
йӏоахал,20
йиша,20
ваь,20
кхаьча,20
дег,20
проект,20
областе,20
импере,20
гӏишло,20
физика,20
гӏайренаш,20
сурхотӏа,20
яьлча,20
языке,20
корта,20
вале,20
языки,20
аьрхӏий,20
объект,20
ралса,20
юкъйист,20
маза,20
бассейн,20
всех,20
августа,20
тохк,20
тайпанцӏи,20
харц,20
элементий,20
ум,20
хронология,20
байсара,20
дии,20
шозза,19
молекула,19
ӏи,19
шаккхе,19
доаккхаш,19
бувца,19
сулумбик,19
исмаӏал,19
болхлой,19
махьмад,19
али,19
мухьмада,19
гӏалгӏа,19
вид,19
бухь,19
оагӏой,19
лелае,19
латиний,19
яздаь,19
чкъаьрий,19
мехкашка,19
дахача,19
ден,19
дошлакъий,19
сибарегӏа,19
ювзаенна,19
хетадаь,19
йоаккхаш,19
сесаг,19
ахгӏайре,19
газ,19
ленина,19
лоамаш,19
йоагӏаш,19
белгалонех,19
кертера,19
кӏормаций,19
пхелагӏа,19
бакъ,19
политика,19
ламаз,19
математика,19
турпалхой,19
режиссёр,19
шаьрача,19
раз,19
доахан,19
говрий,19
дина,19
мукъа,19
земли,19
хьежача,19
хьинар,19
организаци,19
артист,19
карагӏдийна,19
развития,19
яхай,19
радио,19
кӏада,19
архитектура,19
процесс,19
таьрахьаш,19
языков,19
аь,19
вирусаш,19
миаш,19
мувса,19
рузкъаш,19
дӏадалар,19
ӏанара,18
вахав,18
цара,18
ула,18
дошлорг,18
чам,18
сомаш,18
кхерам,18
заместитель,18
министр,18
кара,18
мерешканаькъан,18
млрд,18
океана,18
лоамий,18
сша,18
гаьний,18
биологен,18
яндаре,18
малхбузехьара,18
лакхе,18
моттигашка,18
йоахаш,18
оагӏорахьа,18
боккхача,18
хьаяь,18
сагах,18
хаш,18
вода,18
йоазон,18
гӏайрен,18
кӏеззига,18
хьисап,18
духьал,18
латиной,18
маьженаш,18
тӏеман,18
беса,18
африке,18
новкъостал,18
нурдина,18
къорӏа,18
хьамзата,18
къахьегамхо,18
йодаш,18
королевство,18
африка,18
тийна,18
название,18
америкерча,18
леладе,18
пайхамар,18
ашараш,18
кепа,18
президента,18
денош,18
ралс,18
арахьа,18
фусам,18
вики,18
ийца,18
один,18
кхелла,18
мура,18
кроме,18
тюркий,18
йотта,18
фибрилляци,18
дай,17
америке,17
ша,17
хоттамаш,17
ред,17
даькъах,17
кӏаьнк,17
марем,17
пхьиленаькъан,17
аюпа,17
хьамзат,17
народов,17
народа,17
книги,17
российский,17
селаӏад,17
современник,17
ӏаьдалагӏа,17
эса,17
наькъа,17
дикка,17
доакъашхой,17
библиотека,17
бераш,17
вайна,17
цхьадолча,17
даьхен,17
бала,17
беча,17
цӏен,17
ӏажагӏа,17
маӏане,17
бийсан,17
деннад,17
гоннахьа,17
гӏара,17
актриса,17
яхачун,17
азеи,17
газа,17
башхало,17
аьттача,17
беррига,17
философе,17
дараш,17
языка,17
довзаш,17
кандидат,17
маддане,17
развитие,17
хьаяьй,17
республикан,17
звани,17
москвера,17
редактор,17
лоац,17
над,17
малкхарой,17
паччахьалкхений,17
ранг,17
хьоа,17
базара,17
хьажол,16
викал,16
кхыяраш,16
коара,16
ӏаьржача,16
хьаеш,16
баьржа,16
украинхой,16
жоп,16
магомед,16
тӏонкийнаькъан,16
ӏаьлий,16
вешкаранаькъан,16
янданаькъан,16
полковник,16
ангушт,16
башх,16
мехкдаь,16
декабрь,16
хьаяьннай,16
яхилга,16
таржамхо,16
юххьанцара,16
кхетаде,16
кхоъ,16
хьалхашка,16
яьнна,16
тоабаш,16
эздел,16
чакх,16
кура,16
долалуш,16
кхычахьа,16
аьле,16
къахьегаш,16
седкъа,16
лархӏа,16
форма,16
регион,16
дошо,16
даькъа,16
дага,16
даьй,16
арен,16
ткъамаш,16
маӏанаш,16
лохагӏа,16
амар,16
оагӏонаш,16
па,16
европеи,16
советская,16
баьццара,16
даккхар,16
баьхача,16
керта,16
объекта,16
дувц,16
июня,16
берашта,16
чоалхане,16
ӏилмаш,16
ваьнна,16
каь,16
этот,16
йоазонаш,16
доагӏаш,16
йодача,16
цӏихезача,16
замал,16
говр,16
волавеннав,16
программа,16
организацеш,16
политически,16
алма,16
ингушский,16
мир,16
дулх,16
более,16
дарбан,16
через,16
советский,16
кхет,16
который,16
каьхат,16
турпалхо,16
тархьаре,16
парте,16
хьаким,16
гӏазданаькъан,16
черсий,15
мег,15
долга,15
аргӏах,15
даккха,15
йоазонашка,15
къамаьла,15
цӏера,15
доакъоех,15
цхьорой,15
театр,15
участник,15
лейтенант,15
декабря,15
правительства,15
заслуженный,15
хилари,15
дулхах,15
абате,15
алапа,15
мукъама,15
йоалаяь,15
тохкамхоша,15
календарь,15
седкъий,15
фордах,15
общество,15
тӏехьарча,15
бӏаьшаре,15
ганаш,15
яда,15
союз,15
къовсам,15
хара,15
цӏаккха,15
юртах,15
чакхдоалаш,15
эскара,15
боарз,15
мехкара,15
хувца,15
бӏар,15
гӏирсаш,15
сахьата,15
малхбоален,15
дӏалоац,15
ка,15
амат,15
гойт,15
тешаме,15
илли,15
хьажий,15
тӏехе,15
лай,15
язду,15
кустяздар,15
рузкъах,15
лелабеш,15
мехкда,15
ишкола,15
си,15
безаш,15
хержа,15
словарь,15
статус,15
хиннаяц,15
кадетий,15
айлама,15
урама,15
океан,15
политикай,15
цхьандаькъе,15
годы,15
бехк,15
ло,15
арадаьннад,15
хеташ,15
къахьегам,15
толамаш,15
сухал,15
государства,15
ко,15
дешаргаш,15
стран,15
чантар,15
ноябрь,15
хьарак,15
культурай,15
того,15
согласно,15
крови,15
которых,15
москоа,15
аллахӏ,15
иттшу,15
аят,15
хуле,15
иджмаӏ,15
загата,15
дилла,14
кхыдолча,14
ингал,14
кагий,14
къоастой,14
мурад,14
муса,14
хьамид,14
тӏахӏир,14
ӏусман,14
ибрахӏим,14
марзабиканаькъан,14
хьамида,14
ингушского,14
дзюдо,14
наггахьа,14
растений,14
другие,14
доккхий,14
правда,14
народный,14
дувцараш,14
доагӏ,14
гойта,14
оттадеш,14
этимологи,14
детта,14
аьрда,14
пхьилекъонгий,14
эрш,14
лелача,14
беза,14
юкъарча,14
боарза,14
сийна,14
боккхийча,14
хургйолаш,14
метташка,14
социальни,14
цхьанна,14
тӏехьара,14
даим,14
оалача,14
хало,14
вахаре,14
доагӏача,14
сурхотӏе,14
буне,14
кириллицай,14
атта,14
сайре,14
образования,14
чакхъяьккхай,14
имам,14
мугӏамаш,14
часть,14
хеттача,14
кинижка,14
издательство,14
мегаш,14
дувцар,14
около,14
имеет,14
къонгаш,14
даьха,14
кхоачашдеш,14
жа,14
воацаш,14
шерара,14
дача,14
оттаваьв,14
наьсарерча,14
бера,14
даьча,14
екъалу,14
те,14
гӏетта,14
фуъ,14
кхал,14
ковна,14
лом,14
саькур,14
байракх,14
тарлу,14
веза,14
салот,14
аллахӏа,14
лерг,14
соцам,14
пакистан,14
импери,14
хӏирийчен,14
обкома,14
нахаца,14
дешарг,14
гаргарча,14
факультете,14
ингушей,14
культуран,14
деятель,14
государство,14
къулбаседа,14
байракха,14
къона,14
можно,14
нашей,14
человек,14
котором,14
шийга,14
ве,14
где,14
сентябрь,14
кхалсага,14
дезар,14
хронологи,14
пузырь,14
фатима,14
репликацен,14
кӏора,14
кай,14
веший,14
пхаьнашка,14
жаннайна,14
тадж,14
воккха,13
тоъал,13
ваьхав,13
кхачан,13
боал,13
кӏайэрсий,13
македонхой,13
жизнь,13
кхалнаьха,13
жӏали,13
ази,13
султанович,13
мальсагов,13
дауда,13
гаьгий,13
дахкилганаькъан,13
хьоашаланаькъан,13
жамалда,13
тамара,13
гг,13
герой,13
йоаллаш,13
маьждига,13
бархӏ,13
дукъ,13
каьхата,13
беттаех,13
ханоргаш,13
лаьрхӏача,13
боккхагӏа,13
кӏоарга,13
роль,13
доккхача,13
шахьараш,13
книжка,13
хиларал,13
малхбоале,13
аькха,13
водаш,13
додаш,13
гӏазкхий,13
вийнав,13
президиума,13
аланой,13
магаса,13
хийца,13
ухаш,13
советски,13
яний,13
мехкаца,13
мфа,13
алапаташ,13
мехкай,13
сий,13
стихаш,13
пхьен,13
дӏаязбарах,13
республике,13
дагар,13
хувцалуш,13
эттача,13
латиница,13
системе,13
каста,13
гаргагӏа,13
кинош,13
сигала,13
ассра,13
европера,13
босе,13
зизай,13
два,13
моалой,13
йоккхий,13
тархьархо,13
цхьадола,13
къуркъанаькъан,13
урам,13
доалл,13
доалла,13
которого,13
ференгий,13
хӏ,13
шорал,13
символ,13
астрали,13
слово,13
волга,13
лерттӏа,13
сср,13
кхеташ,13
пхе,13
кулг,13
произведенеш,13
тахка,13
фекемахо,13
сулумбика,13
хьай,13
др,13
деце,13
моттига,13
инкал,13
ли,13
йоазош,13
об,13
января,13
точки,13
вежарий,13
мазаоагӏонаш,13
была,13
факультета,13
период,13
её,13
округ,13
эры,13
если,13
двух,13
этой,13
третий,13
хими,13
тешал,13
бо,13
российская,13
даьна,13
судный,13
однако,13
лораш,13
всего,13
дешаши,13
каламаши,13
фразеологизмаши,13
оагилгаш,13
рнк,13
дего,13
ежи,13
бацой,13
мовла,13
оамалаш,13
дов,12
боаца,12
коача,12
доаллача,12
бур,12
тоабах,12
слива,12
шолха,12
дуккханахьа,12
сербий,12
организмий,12
сагото,12
бек,12
бохтаранаькъан,12
хьажбийкар,12
царской,12
ингуши,12
этом,12
апреля,12
спорт,12
количество,12
некоторых,12
бовхьаш,12
пандар,12
нийслуш,12
хетачох,12
википеде,12
овла,12
оттадаьд,12
яккха,12
даш,12
дистара,12
хиво,12
довкъаш,12
цигга,12
бале,12
хьинаре,12
бита,12
боараме,12
экажкъонгий,12
геза,12
къаьста,12
боалл,12
хаттар,12
сериал,12
газеташ,12
тептараш,12
общества,12
ахгӏайрен,12
шерал,12
духхьал,12
денал,12
кӏоаргал,12
кӏаьда,12
сай,12
иллеш,12
юрти,12
гӏишлош,12
вӏалла,12
аренаш,12
гӏазакхстане,12
ни,12
анализ,12
таьрахье,12
белгалъю,12
лаьцад,12
числа,12
къонача,12
сийрда,12
гӏайре,12
тӏадам,12
лохе,12
ӏо,12
цхьаькха,12
атагӏа,12
кхийнача,12
ялалехьа,12
йоахк,12
тархьаран,12
тай,12
округа,12
апрель,12
турпала,12
миркха,12
меттигера,12
оагӏат,12
массане,12
бокъон,12
боацача,12
тела,12
сийлингаш,12
эллиной,12
кога,12
группы,12
фе,12
элча,12
могаш,12
книжкаш,12
йоагӏа,12
декхараш,12
йолга,12
адамлен,12
полхой,12
хиллал,12
эш,12
вахача,12
иллиалархо,12
организацен,12
етт,12
кха,12
хьажжа,12
денах,12
большая,12
рума,12
лакхехьара,12
нигат,12
дзурдзуки,12
этого,12
может,12
результате,12
называется,12
порядок,12
углерода,12
белгалйоах,12
ещё,12
альбом,12
хитӏоара,12
кера,12
бокъонаш,12
идала,12
кулгаш,12
композитор,12
кхела,12
проверено,12
наькха,12
лелар,12
суры,12
хьоасий,12
вершин,12
рахьим,12
лейлай,12
рузкъаех,12
харцгарт,12
догӏа,11
элмарза,11
даьккхад,11
хьаькъал,11
лерттӏача,11
кӏалхара,11
белгалдаккха,11
дуккхагӏа,11
культурни,11
кӏо,11
мире,11
африкера,11
чулоаца,11
бесара,11
йиӏиг,11
гӏалми,11
аушев,11
берса,11
далганаькъан,11
мухьаммада,11
яхьья,11
боканаькъан,11
хьаме,11
кураза,11
рая,11
президент,11
ингушской,11
азии,11
баьккха,11
дегӏах,11
цӏог,11
видов,11
царца,11
юкъедоагӏаш,11
нийсагӏа,11
круглый,11
ханара,11
истори,11
боккъонца,11
оттаяь,11
бехкама,11
диъ,11
йиллар,11
улаш,11
сура,11
магар,11
комплекс,11
ӏилманхошта,11
цхьаболча,11
хет,11
къаьст,11
меттаоттаяьй,11
кхыйолча,11
тӏем,11
инарал,11
эрмалой,11
денза,11
эхь,11
лаьттах,11
шийца,11
кӏормац,11
форди,11
леладар,11
ардара,11
союзе,11
даьхе,11
къонах,11
гӏерт,11
мугӏараш,11
дух,11
тха,11
ибрахӏима,11
диълагӏа,11
иззамо,11
кицаш,11
кхыдар,11
дездеш,11
ялале,11
мазаоагӏув,11
лингвистика,11
обозначение,11
дий,11
яьча,11
бернар,11
октябрь,11
дарбанче,11
ӏам,11
пер,11
лайчилла,11
хӏамаши,11
сурхотӏара,11
корпус,11
кагийча,11
замалахьа,11
бугӏа,11
абзой,11
эпсар,11
осминаькъан,11
базар,11
тийрк,11
декъалу,11
бӏарг,11
доахк,11
фордаш,11
бух,11
кӏоаргагӏа,11
объектий,11
хьагойт,11
доаржадар,11
материал,11
гонахьарча,11
лакхал,11
кафедра,11
говзала,11
хиларца,11
мотти,11
баьча,11
техка,11
зӏанараш,11
кхерах,11
далла,11
гӏирс,11
иногда,11
аьрдача,11
дийхка,11
тушола,11
март,11
хьайийлай,11
язъяьй,11
отт,11
лакхехьарча,11
яра,11
музей,11
массанена,11
марта,11
ран,11
шод,11
пхьидаш,11
аш,11
части,11
конго,11
йоазонхочун,11
сердца,11
системы,11
устагӏа,11
ковнаш,11
суд,11
евразен,11
субъект,11
луны,11
кхоллаш,11
закон,11
которая,11
далар,11
реки,11
дешаца,11
маьжений,11
цхьалха,11
тамерлан,11
идал,11
хӏамах,11
дӏахьош,11
онтогенез,11
лора,11
некоторые,11
къахетам,11
яхьашка,11
яхачохи,11
болар,11
гӏазакхий,11
миста,11
зӏанара,11
пенаш,11
лерга,11
каьзи,11
каьзе,11
соединений,11
соединения,11
ствол,11
дзурдзуков,11
африкеи,10
хьадж,10
шан,10
хох,10
хьажкӏа,10
домен,10
эцар,10
алапатеи,10
халкъай,10
хувцалу,10
турпалаш,10
бийсолта,10
келматанаькъан,10
белхарой,10
тоаркхо,10
ӏаьла,10
хьава,10
мукъам,10
тӏемахой,10
советского,10
башир,10
мвд,10
лохера,10
циский,10
кхычара,10
оамаланче,10
тӏеххьарча,10
оттаяьча,10
лаьрхӏад,10
земледельческий,10
месяцеслов,10
маймалаш,10
экономически,10
боарамаш,10
денга,10
оттаду,10
лоамашка,10
йолалу,10
ахка,10
бӏаьсти,10
пхин,10
ялхлагӏа,10
кхоач,10
кхета,10
дехьа,10
форта,10
тӏехье,10
тӏатайжача,10
километр,10
хьарсам,10
карта,10
аьла,10
вӏашагӏ,10
инфраструктура,10
беши,10
гӏаьзе,10
юккъе,10
къаьна,10
эзараш,10
моалоша,10
дита,10
дӏавелла,10
грамота,10
оала,10
доакъой,10
бакъдар,10
дагалоацам,10
текст,10
организм,10
дувца,10
эрсийи,10
говорят,10
газете,10
къамо,10
поэта,10
гаьнеи,10
хӏаманна,10
яьсса,10
йолаши,10
ткъамий,10
второй,10
геологе,10
алфавита,10
света,10
времени,10
вариант,10
фаьрсий,10
урхал,10
тӏехьеи,10
сан,10
сара,10
тӏехдика,10
валар,10
франции,10
чулоацам,10
май,10
города,10
они,10
ваьраш,10
ас,10
аьлте,10
хьужаре,10
солсбик,10
фо,10
диса,10
меттаех,10
них,10
къамах,10
философи,10
кӏ,10
чилла,10
къайла,10
цигарча,10
кулгалдеш,10
курсаш,10
вовзаш,10
кораяь,10
тептара,10
йоагӏ,10
цахилар,10
хьайийла,10
населения,10
ваьлча,10
оазаш,10
вагӏаш,10
книжни,10
бӏул,10
дарах,10
долалу,10
конституце,10
дакхадийнат,10
фаьппий,10
вагӏача,10
фонд,10
вӏаштӏехьа,10
война,10
викимедиа,10
цхьанне,10
зӏы,10
кобански,10
паччахьалкхенашка,10
оалмаза,10
дийнаташта,10
октября,10
гор,10
простое,10
таким,10
тохкача,10
россия,10
семи,10
островов,10
плана,10
ему,10
новая,10
аза,10
маьхалий,10
азен,10
энциклопедеш,10
генеральни,10
сове,10
системай,10
муттхьов,10
промежуток,10
эти,10
шесть,10
этих,10
дингахьа,10
гӏулакхий,10
хьарам,10
сурат,10
демократическая,10
пирогова,10
хоттаденна,10
пхьида,10
вероятно,10
букъатӏехк,10
пехкий,10
дизза,10
яйца,10
терапи,10
университете,10
дезача,10
ботт,10
органические,10
хиджры,10
рукописи,10
перевод,10
ногӏараш,10
ният,10
ӏадатех,10
къурайш,10
тамерлана,10
хаоттам,9
бӏаьи,9
марха,9
хьажцӏа,9
тоам,9
бехкам,9
дозал,9
кг,9
доалаче,9
ялат,9
гл,9
мала,9
шерача,9
тӏоа,9
халкъан,9
хьабаьнна,9
ахмед,9
мурада,9
осканаькъан,9
сергей,9
ахриев,9
базоркин,9
хьажбийкара,9
ахмет,9
цӏечой,9
чахканаькъан,9
зайтанаькъан,9
одного,9
советской,9
председатель,9
государственный,9
многих,9
лет,9
хьадаьнна,9
беттаца,9
дӏачӏоагӏъяь,9
азера,9
таьрахьах,9
зӏамигагӏа,9
лел,9
кхалнаьх,9
гимн,9
шинара,9
район,9
цикл,9
тоха,9
бода,9
дагӏа,9
улув,9
виӏий,9
деношка,9
арахьара,9
вӏашагӏъеллай,9
еча,9
ставропола,9
шер,9
моцагӏа,9
вах,9
моттиги,9
мустье,9
юкъейодаш,9
отараш,9
юртеи,9
мал,9
организации,9
европани,9
йоаха,9
поэтому,9
часто,9
корреспондент,9
бовзаш,9
дешхьалхе,9
рузба,9
кӏалтоаба,9
экономика,9
моттигах,9
пӏаьраска,9
хьаст,9
единица,9
техника,9
париже,9
август,9
дийшача,9
мифологи,9
кавказера,9
тий,9
физически,9
цкъахьалха,9
арахецаш,9
гулдеш,9
сира,9
магӏалбик,9
беке,9
ханеи,9
дӏаязбара,9
являются,9
кхыдараш,9
кхийтта,9
ахчах,9
кхаж,9
хоамбоаржабархо,9
аьдагӏий,9
ерригроссе,9
хургья,9
москверча,9
кепатехай,9
русском,9
оамал,9
рельефа,9
теори,9
мегаргда,9
долаши,9
йиллача,9
кортамукъа,9
доцент,9
ростов,9
багахбувцама,9
ширча,9
оа,9
кепах,9
штатий,9
кечалаш,9
маьждиге,9
между,9
людей,9
кхоалагӏча,9
тов,9
мухаммад,9
ӏовлурга,9
гуржехьен,9
ингушская,9
нью,9
йо,9
кхоачашдара,9
дийшад,9
нахах,9
оазараш,9
венна,9
нахага,9
хьожаву,9
январь,9
воккхагӏа,9
отдела,9
цамогаш,9
авиацен,9
оттаваь,9
венначул,9
яхьаш,9
кхоллар,9
лацар,9
поста,9
региона,9
тӏагӏолла,9
шоана,9
бувзамаш,9
кавка,9
даьгӏастен,9
моря,9
дӏ,9
яздаьр,9
вахарах,9
соавтор,9
очерк,9
хьайба,9
государств,9
дело,9
данных,9
научно,9
ор,9
лакхахьа,9
кхеллай,9
хулар,9
июля,9
долх,9
окато,9
лелара,9
герга,9
аьрзе,9
лохерча,9
археологе,9
экономикай,9
селий,9
александр,9
гӏозлойче,9
шоаех,9
кистий,9
яхачо,9
аьге,9
хьашташ,9
книга,9
даьрже,9
цӏагӏара,9
дошув,9
маьхал,9
атлас,9
ссылки,9
связи,9
стал,9
используется,9
быть,9
дикача,9
медицине,9
река,9
ряд,9
грозный,9
историк,9
джон,9
аьшкан,9
онлайн,9
кхайкадаьд,9
хургда,9
чего,9
элмарзий,9
частично,9
везаш,9
номенклатура,9
таксономе,9
цӏогӏа,9
баге,9
йолх,9
фуртовге,9
новкъост,9
йийлай,9
кхетаду,9
даккхара,9
дӏалуш,9
долчахьа,9
хов,9
бакр,9
валлалца,9
юхь,9
йиӏий,9
зародыша,9
клетки,9
когда,9
пхьидий,9
плазма,9
аьшк,9
геном,9
эша,9
гар,9
аьлар,9
сихонца,9
нанна,9
бӏын,9
чтобы,9
машен,9
волгоградской,9
племён,9
пхалгаш,9
грамм,9
гарт,9
царя,9
йоа,8
мурах,8
оттаде,8
динах,8
кховзткъа,8
дарже,8
яьккхача,8
алхазарий,8
сома,8
букъа,8
жувр,8
хьаргӏаш,8
йийла,8
кириллицан,8
циск,8
оагӏон,8
абубакар,8
оздой,8
гири,8
кодзоев,8
муртаза,8
ведажанаькъан,8
гӏапур,8
зоврбик,8
саӏид,8
илез,8
дугурхан,8
дауд,8
саӏида,8
состав,8
героя,8
войск,8
дивизии,8
лорса,8
начальник,8
султан,8
фонда,8
су,8
мая,8
аьланпхьа,8
дарех,8
царг,8
тарра,8
цискаш,8
кӏоригаш,8
каш,8
дӏалаьрхӏача,8
уже,8
родов,8
виъ,8
ӏан,8
дӏабаха,8
ӏийсас,8
хьийхад,8
раздел,8
дувхар,8
наш,8
лоархаш,8
орстхой,8
мерза,8
гуйре,8
чӏоже,8
ӏай,8
бердаш,8
системаш,8
селлара,8
сипсой,8
баьннаб,8
бувцача,8
оаха,8
бокъоний,8
кен,8
шолжах,8
шаьра,8
кораяьй,8
кхера,8
культурах,8
боарзаш,8
бахархоша,8
ювцаш,8
дувцачох,8
сссра,8
къахьега,8
хьадеш,8
вожаш,8
метташта,8
энциклопеде,8
раш,8
дайна,8
малхбоалехьара,8
дувцараши,8
хьабаьннаб,8
каша,8
хьахьокх,8
болга,8
кӏал,8
бакъахьа,8
кхыбараш,8
зона,8
гӏомара,8
аргӏан,8
территория,8
халкъий,8
гӏаьнаш,8
хьадийла,8
бесса,8
моастагӏий,8
къаьсттача,8
молекулай,8
наука,8
физикай,8
педагогически,8
кхаьлл,8
машена,8
мугӏ,8
портал,8
набахта,8
лоадамегӏа,8
хьале,8
хоамий,8
штата,8
ламаза,8
имя,8
трёх,8
санкт,8
дюма,8
федра,8
цикла,8
тамашийна,8
котам,8
маьтсела,8
свет,8
хьожаш,8
исбахьлен,8
соагӏапче,8
замах,8
птиц,8
вӏаши,8
группа,8
хитӏе,8
шо,8
гув,8
хиннабац,8
лелабаьб,8
йотташ,8
хьалах,8
хьокхама,8
таро,8
азени,8
африкан,8
меттаца,8
пакистане,8
ферта,8
транспорт,8
вампал,8
кӏалара,8
бувзама,8
ӏилмо,8
лорадар,8
тӏатовжам,8
меттах,8
маца,8
цхьаь,8
оттадаьчох,8
дуненаши,8
говра,8
бара,8
аьлбоарз,8
европах,8
жӏайрах,8
лос,8
йоалаш,8
чантара,8
литературеи,8
журнала,8
яьккхар,8
лоаттаду,8
дара,8
кислота,8
ӏилмах,8
би,8
дагахьа,8
назрань,8
наьсарера,8
ӏомадеш,8
эсала,8
яздеш,8
тӏаийцай,8
аха,8
балхах,8
цӏавеча,8
цӏаьхха,8
академен,8
сагаца,8
аттагӏа,8
даржа,8
морг,8
массайолча,8
оагӏорахьара,8
чаккхе,8
дӏаьхагӏа,8
хьахулаш,8
онгушта,8
наьнах,8
техникум,8
редакце,8
ингушские,8
арахецар,8
выставка,8
котама,8
хулача,8
барца,8
данные,8
йӏовхал,8
имперен,8
универсальни,8
кхер,8
диллад,8
птрк,8
телеканалаш,8
хьарака,8
тхьамагӏа,8
антропологе,8
эзаршера,8
оагилгех,8
таблица,8
северного,8
хӏирийче,8
наук,8
вайнахов,8
ӏалашду,8
эукариотий,8
ад,8
бӏаргаш,8
кӏолх,8
дагарг,8
первое,8
существует,8
две,8
одной,8
возможно,8
лоха,8
азов,8
первая,8
таьрахьий,8
оагилгий,8
новой,8
край,8
рода,8
кийча,8
духхьашха,8
басар,8
аьшкнаькъа,8
айдаларахи,8
фонема,8
лоацача,8
зӏил,8
нохчийчен,8
процесса,8
собой,8
тӏехьален,8
тысячелетие,8
технически,8
июль,8
ноября,8
хьога,8
майдилг,8
мочкъа,8
числе,8
шахӏадат,8
хьехам,8
таксоний,8
геометри,8
систематика,8
ейна,8
регионов,8
хьажас,8
дезалхо,8
цӏерца,8
сураташ,8
калам,8
хьалхашкара,8
тӏехьашкара,8
функцеш,8
дарашта,8
мехкарий,8
кхе,8
бурч,8
всероссийский,8
хьаде,8
унахцӏено,8
генетикай,8
днцӏа,8
хотта,8
тӏехкаш,8
чачхам,8
хоттача,8
артерешка,8
хьоарсам,8
прокопа,8
ӏаьлаха,8
чуртен,8
йий,8
бисмал,8
секретарь,8
вещества,8
доазол,8
бугӏаш,8
органических,8
образом,8
именно,8
своей,8
мкм,8
пост,8
номинаци,8
фискалаш,8
рахьима,8
тӏахӏира,8
элчано,8
воккхагӏвола,8
математикан,8
ӏовлура,8
дегтӏений,8
курскенаькъан,8
лаца,7
морхаш,7
мух,7
шозлагӏа,7
массахана,7
мичахьа,7
хинтӏехар,7
чкъор,7
екъаш,7
доа,7
хьонк,7
зерат,7
мича,7
хьач,7
даьккхача,7
астрай,7
даара,7
алхазар,7
ткъоврон,7
лебеш,7
цхьаццадола,7
цӏ,7
хотталуча,7
цӏердош,7
классе,7
вирус,7
макшарипа,7
костоев,7
малсагнаькъан,7
беков,7
ийже,7
магомедович,7
жамбулата,7
ибрагим,7
дошлакъа,7
абукара,7
хьусена,7
хоамбоаржабархой,7
евлоева,7
отечественной,7
полка,7
боевых,7
капитан,7
борис,7
первой,7
одним,7
сын,7
февраля,7
министра,7
премьер,7
европы,7
туризма,7
гӏайренаши,7
йоацар,7
кӏалкеп,7
системах,7
дажа,7
кечал,7
ахкан,7
дӏачӏоагӏъяьй,7
цӏерашца,7
седкъаӏилма,7
драматург,7
оазархой,7
ци,7
декъар,7
хувцаялар,7
дмитрий,7
стандарта,7
лаьттача,7
хӏамаех,7
лаьтташка,7
делхаш,7
айлу,7
бӏу,7
малха,7
телаш,7
коачал,7
эскар,7
хьахилара,7
пхьенна,7
гӏажара,7
тӏехьашка,7
лоамарой,7
цхьоалагӏча,7
хинначох,7
шахьарара,7
краснодара,7
лард,7
тӏакхача,7
оасаш,7
ханага,7
лакхача,7
деникина,7
цунгара,7
ӏохайшаб,7
ачамаза,7
хьадаь,7
рузбан,7
маьждигаш,7
ражах,7
хача,7
славяний,7
норга,7
ӏаса,7
тӏума,7
ийккха,7
частью,7
составе,7
термина,7
гӏинбухехьара,7
ькъан,7
оазарле,7
хетаяь,7
сога,7
гора,7
саги,7
дусташ,7
безама,7
байт,7
кхувш,7
даймехка,7
галай,7
дукхалах,7
лелаеча,7
епдар,7
факташ,7
алар,7
предмет,7
ӏалашдеш,7
дукхален,7
северо,7
ру,7
политик,7
хьежа,7
субъекташ,7
цхьаяраш,7
тӏемаш,7
йолаяьй,7
буква,7
счисления,7
углерод,7
тип,7
ловш,7
петербург,7
амалаш,7
малав,7
ловзадеш,7
лир,7
толам,7
нел,7
ког,7
доаккхача,7
расин,7
кхалнах,7
сарду,7
айлам,7
къама,7
адама,7
арадувл,7
тираж,7
бехктокхаме,7
арадийнад,7
бесах,7
конца,7
шоллагӏчоа,7
ӏилмангахьа,7
судан,7
сурхо,7
тӏе,7
эрсаша,7
хьае,7
гувнаш,7
сурхотӏарча,7
фуннагӏа,7
гаьнагӏа,7
галашке,7
цӏабаьхкачул,7
сталина,7
тиша,7
бодаш,7
клуб,7
ӏододаш,7
пхиъ,7
кулгалхой,7
ханна,7
суртанча,7
духхьала,7
шерра,7
лораяра,7
тӏаэцаш,7
доагам,7
тахкар,7
тимур,7
сосе,7
оакафордаш,7
атагӏе,7
юкъереи,7
юкъарло,7
пхьид,7
значение,7
без,7
произведени,7
динашка,7
дукхалага,7
динашта,7
шорала,7
процессаш,7
ворхӏлагӏа,7
гӏараш,7
чухье,7
новкъараши,7
пошта,7
тахкара,7
шка,7
тӏаэца,7
дажача,7
ваьхача,7
воагӏа,7
дошлакъас,7
ӏилмани,7
диссертаци,7
дону,7
академе,7
филологе,7
сийлинг,7
маӏанах,7
малхбузе,7
йистера,7
марс,7
малагӏа,7
хье,7
кӏормаца,7
комитета,7
хӏа,7
хьалхареи,7
мисаре,7
дургал,7
мужече,7
лоаттамах,7
даьхача,7
гӏаьр,7
мазадакъа,7
айхе,7
мехкацеи,7
данным,7
шереи,7
язъе,7
язде,7
волалу,7
ассоциаци,7
районо,7
урхален,7
тӏадилла,7
ешаш,7
культуры,7
фекема,7
имени,7
база,7
гӏовттам,7
хинначул,7
доладаьд,7
оценка,7
гомаш,7
эзми,7
эзара,7
тохка,7
растения,7
гӏазакхой,7
место,7
аьттехьа,7
даьх,7
кпсс,7
соцамца,7
лаьцар,7
тептар,7
нийсхо,7
бурон,7
маьрша,7
лауреат,7
преме,7
лоаме,7
цӏенна,7
лаза,7
дӏаийцав,7
литературан,7
июнь,7
материалы,7
кхозза,7
ювзаеннача,7
язбаь,7
оагӏ,7
организация,7
юнеско,7
индии,7
фотографии,7
популярный,7
беттах,7
саш,7
бӏаьшераш,7
бахар,7
корт,7
чечено,7
дня,7
берката,7
чухьанахьа,7
вӏов,7
лорадара,7
йиса,7
массе,7
малхбузен,7
хица,7
центр,7
миллионов,7
эволюции,7
географен,7
журнал,7
основы,7
говзалаш,7
гӏозлойчен,7
белхаш,7
синонимаш,7
разных,7
дилача,7
кхоази,7
дотув,7
элементаш,7
регионаш,7
ботаникай,7
оттаеш,7
энциклопедии,7
жуккарг,7
ноль,7
положение,7
сентября,7
осетия,7
искусств,7
основания,7
ансамбль,7
германии,7
страны,7
матери,7
разновидность,7
дарий,7
даьчох,7
кӏадех,7
кепе,7
воалл,7
аьгий,7
лида,7
гӏалаш,7
харцахьа,7
хьакхолла,7
будет,7
съезде,7
висангире,7
ларбо,7
окончания,7
ре,7
татрий,7
дахча,7
тайпанна,7
религиозный,7
исламский,7
богослов,7
маьхалаш,7
хьахула,7
баркал,7
оалар,7
оазарлен,7
людмила,7
числ,7
ряда,7
ата,7
позвоночных,7
хамелеон,7
босхувцарг,7
семь,7
салоти,7
маккара,7
исчезновения,7
книгу,7
таксон,7
нет,7
южная,7
отношения,7
классификатор,7
воӏи,7
йоӏи,7
лорадеш,7
шакӏа,7
нийсача,7
хьайбаех,7
байтмал,7
яӏ,7
вала,7
даже,7
белгалдеш,7
абстрактни,7
хулийташ,7
архитектурай,7
доакъошта,7
горизонт,7
хьаэца,7
екъ,7
ӏандий,7
методаш,7
белокий,7
дробление,7
слой,7
туте,7
чачхама,7
миашка,7
гемоглобин,7
совнагӏа,7
хьайбаш,7
тӏехьале,7
дезагӏа,7
документ,7
техникуме,7
русские,7
относится,7
шийтта,7
телевидене,7
дугурхана,7
хьоахадаь,7
клинически,7
ткъо,7
углеводородаш,7
дела,7
племена,7
веке,7
своего,7
хорда,7
хазар,7
дэвид,7
хьоарсама,7
динбехка,7
древесина,7
телесериалаш,7
леладер,7
баьрел,7
доттагӏа,7
закону,7
идеальный,7
луиза,7
лейлайна,7
дешачунна,7
рашидаи,7
дича,7
лакхарча,7
устагӏ,7
сиргӏа,7
эдаь,7
сбор,7
воспитанников,7
кадетских,7
корпусов,7
школ,7
ӏовлурганаькъан,7
кардиологи,7
кхоачамбоацаш,7
ӏадрахьман,7
планашка,7
картли,7
вахтанга,7
сыном,7
кавкаса,7
поняти,6
миха,6
маккарча,6
гӏумкий,6
дӏавеллав,6
водорода,6
формула,6
хоттам,6
кхолла,6
фордаши,6
организмай,6
молха,6
моттигех,6
жӏале,6
хьармакха,6
кепий,6
черёмуха,6
хьоар,6
напагӏа,6
экологе,6
дека,6
кӏалтоабан,6
йоаккха,6
маӏанца,6
дийнатийи,6
латар,6
гӏоандалой,6
гӏазд,6
налганаькъан,6
арапхананаькъан,6
юнус,6
хьасана,6
юкъареи,6
бӏарахой,6
ӏусмана,6
султыгов,6
мусай,6
абукар,6
хамзат,6
уматгире,6
батӏал,6
угаза,6
йоазонхойи,6
дордагӏа,6
тембот,6
лаьнанаькъан,6
дахий,6
мальсагова,6
доврбиканаькъан,6
гази,6
великой,6
офицер,6
афганистане,6
александра,6
кавалер,6
работе,6
внутренних,6
тот,6
северной,6
дел,6
категории,6
турции,6
борьбе,6
победитель,6
мастер,6
чиасср,6
яраш,6
массанахьа,6
дахкий,6
дерригаш,6
дезали,6
семейства,6
кӏалдезал,6
ир,6
оаламаш,6
чӏ,6
товжаш,6
институто,6
цӏаста,6
ачалкхе,6
моттигашкара,6
эцара,6
малхбоалехье,6
административно,6
русской,6
анна,6
шийла,6
гуржаша,6
шолж,6
босен,6
дӏадолалу,6
тедаш,6
декъа,6
бора,6
ахки,6
кӏале,6
бӏаса,6
кӏалдезала,6
тархьарца,6
седкъашта,6
экам,6
шура,6
массадолча,6
дӏаяхай,6
тӏий,6
трасса,6
орц,6
шерарча,6
бӏун,6
зулам,6
комитет,6
герз,6
магасах,6
йоккхагӏйола,6
доалаш,6
ӏододача,6
чох,6
йоал,6
каьхаташ,6
ханашка,6
таӏазар,6
лувцаш,6
бакъдеш,6
маьха,6
хьаьна,6
берригаш,6
дийцача,6
европерча,6
дегӏамаш,6
хӏиспаной,6
америкай,6
диплом,6
къамаца,6
эц,6
сабар,6
сам,6
тхо,6
аренашка,6
боккхий,6
интернет,6
ӏажий,6
бессаш,6
гӏатта,6
сагалматаш,6
астра,6
буха,6
ӏуйран,6
яздеча,6
маьркӏаже,6
мировой,6
классашта,6
ӏомаду,6
айламӏилман,6
антарктида,6
цхьоален,6
малхбоалехьеи,6
аьшка,6
яьда,6
яхад,6
мутӏахьа,6
дарж,6
хержав,6
бокъонаши,6
республикай,6
юсташ,6
конституци,6
наиболее,6
биология,6
гаплогруппы,6
искусство,6
права,6
фон,6
мехкадаьтта,6
хьалхеи,6
париж,6
театре,6
кхалнаха,6
америкеи,6
амале,6
мария,6
очерки,6
проблемы,6
пьеса,6
великобритании,6
джей,6
хьакхинг,6
болам,6
синтеза,6
тӏадамаш,6
бӏаьстен,6
орджоникидзе,6
араяьннай,6
цӏерагӏча,6
хьаю,6
когаш,6
фоарта,6
помимо,6
сюжет,6
фильма,6
байна,6
зувш,6
йоаллача,6
хӏижрат,6
даьсса,6
оттабаь,6
сурхатӏе,6
доландаь,6
хьунаш,6
дӏалаьца,6
кхераш,6
хӏирашта,6
молла,6
гӏата,6
дажаш,6
илеза,6
тӏ,6
карт,6
доладеннад,6
кот,6
хийцай,6
гелатхой,6
унахцӏенал,6
таьрга,6
музее,6
официале,6
оазархочун,6
антарктидан,6
эрсечени,6
баьде,6
тух,6
тушолкотам,6
бархӏлагӏа,6
гулламаш,6
урду,6
обычно,6
оакафордах,6
залив,6
северный,6
иттлагӏа,6
хиннавац,6
хьахиннача,6
штаташка,6
йӏоахала,6
ми,6
лаш,6
понятеш,6
соан,6
ийс,6
бехкамаш,6
кӏалха,6
текста,6
коммерце,6
шахьарех,6
гойтад,6
дӏаяьккхай,6
акташ,6
дошалкъий,6
човнаш,6
говзаме,6
кинижкаш,6
арадаьннача,6
терко,6
ӏилманхочо,6
означает,6
тика,6
матрица,6
ӏоваьча,6
ераш,6
доаццаш,6
корадаь,6
ме,6
малхбузехьеи,6
модз,6
ток,6
цӏенача,6
бӏаьшере,6
цаховш,6
сагӏа,6
баьхка,6
яхььяй,6
юкъеи,6
эйлаш,6
пордув,6
даьгӏасте,6
шахьареи,6
вож,6
вайнаьха,6
юкъебоагӏаш,6
цӏоган,6
округе,6
ордена,6
дешарах,6
дешарца,6
дийцад,6
курс,6
висав,6
баьлча,6
язъю,6
урдуви,6
тамареи,6
чакхдаьлча,6
юкъеяхай,6
лекцеш,6
хьеха,6
балхара,6
издательстве,6
мейдилг,6
хадданза,6
мехкаши,6
цхьоалагӏа,6
липецка,6
гӏонча,6
бӏаргагуш,6
ордени,6
юкъейода,6
хургдолаш,6
сина,6
хургйола,6
болама,6
сунний,6
мог,6
политикан,6
ний,6
всё,6
статей,6
ги,6
ӏарбийи,6
примечания,6
хоама,6
артиста,6
ате,6
комплекса,6
океани,6
тӏакхета,6
маймал,6
океании,6
серия,6
киназа,6
пурам,6
кхело,6
чӏоагӏача,6
кхыбола,6
низам,6
хетар,6
шамал,6
повесташ,6
хиннандаь,6
хозаш,6
луча,6
эскаре,6
йоалаяьй,6
гимназе,6
город,6
водар,6
кто,6
северном,6
поэт,6
науки,6
хьакха,6
право,6
наций,6
международный,6
къе,6
хац,6
тохкамаш,6
энциклопедический,6
кӏотаргий,6
птицы,6
учение,6
теории,6
поверхности,6
зрения,6
земля,6
хьаийца,6
википеди,6
пресс,6
гренланди,6
чхьагӏий,6
че,6
гӏишлонхой,6
увттаду,6
босенаш,6
дадача,6
гӏапков,6
рсфсра,6
беттага,6
маьженаши,6
нквд,6
доладаь,6
официально,6
бека,6
аьрште,6
ен,6
юкъейоагӏа,6
белгалйоаккх,6
дӏайолалуш,6
хиларо,6
гӏалеи,6
фарта,6
тӏакхелла,6
исполнении,6
географии,6
мгу,6
мазаш,6
большой,6
мини,6
гуржехье,6
оарштхой,6
балхашка,6
нийсденна,6
вахушти,6
наькъан,6
зарба,6
оазий,6
происходит,6
транспорта,6
тӏаийцача,6
сомий,6
действия,6
государственного,6
хроника,6
делится,6
него,6
вторая,6
иисуса,6
христа,6
английском,6
первого,6
свою,6
иисус,6
пётр,6
температура,6
арабского,6
нӏаний,6
приток,6
рукопись,6
классификация,6
дал,6
белгалдоах,6
дари,6
алинг,6
боабашкаш,6
кертагара,6
амхарой,6
гистологи,6
анатоме,6
оакафорди,6
доацар,6
доттагӏал,6
гвинея,6
австралии,6
аьдагӏче,6
себя,6
воалаш,6
илле,6
сомех,6
лелаяр,6
нанагӏалаш,6
проекта,6
унзара,6
шиннел,6
вувц,6
тӏех,6
тӏехьашкарча,6
мугӏарахи,6
бийдал,6
мохлой,6
певица,6
заур,6
молхаш,6
маьр,6
еи,6
стадия,6
уровня,6
кхалсагах,6
американский,6
шестой,6
фордков,6
казана,6
дийната,6
тема,6
кагирхой,6
интернета,6
дезале,6
вахийта,6
пол,6
баккха,6
шестнадцать,6
сборник,6
названия,6
бекъий,6
гӏиргӏизой,6
сведения,6
воацар,6
къемат,6
гӏулакхех,6
рангаш,6
ленинграде,6
карагӏдаьннарех,6
хьасан,6
сесага,6
бергболаши,6
хьежаш,6
находящихся,6
угрозой,6
лархӏар,6
молекулярни,6
веществ,6
федеративная,6
сент,6
бы,6
государством,6
практически,6
остров,6
заморские,6
юрист,6
моттигерча,6
вига,6
ӏадаташ,6
маьженашка,6
могашал,6
теш,6
гуча,6
моартал,6
сурата,6
таксонах,6
дехка,6
могут,6
живых,6
несколько,6
чукхийтта,6
гӏайна,6
лоаттами,6
масал,6
йоалинг,6
нахски,6
социалистически,6
маьтлоама,6
малагӏча,6
садахара,6
хотташ,6
шерагара,6
гӏойберд,6
федера,6
мохтӏа,6
езача,6
аьттиг,6
гӏойхий,6
дунай,6
эстетике,6
сагага,6
анатомия,6
ферменташ,6
оагилгашка,6
хромосомаш,6
желтка,6
каждого,6
клеток,6
тутен,6
къамарга,6
функци,6
эритроциташ,6
белокаш,6
плазме,6
маьженашкеи,6
белок,6
цӏецара,6
эритроцитий,6
миа,6
тӏехка,6
калий,6
хилчеи,6
ботаника,6
лазарий,6
кулгалде,6
повесть,6
цӏечахье,6
доагамаш,6
бакъахьара,6
кафедран,6
берс,6
пхаьнашкара,6
мусульманин,6
откровение,6
сагагара,6
халхара,6
кафедрай,6
бӏаргий,6
авторизованни,6
такие,6
организмов,6
фоамара,6
пророка,6
усмана,6
аяты,6
наизусть,6
коране,6
асхьабаш,6
будут,6
судить,6
дерева,6
зверь,6
дийнаташка,6
оболочка,6
сале,6
артерий,6
ствола,6
пхалгий,6
хьавеха,6
тувлорг,6
вену,6
турпалхоех,6
луизас,6
вошас,6
уллув,6
жаннай,6
редакци,6
солсбика,6
пенсе,6
сунт,6
дезац,6
дотуви,6
шовзткънех,6
эдаьча,6
соус,6
суэца,6
рниму,6
империи,6
исмаӏала,6
инженер,6
упоминание,6
леонти,6
дурдзукети,6
грузинского,6
закавказье,6
ираноязычных,6
герцог,6
шерлок,6
гу,5
карара,5
хаоттама,5
дохк,5
хо,5
динца,5
лаьттачарех,5
лелабеча,5
ткъеста,5
дикадар,5
масалаш,5
кхеле,5
ваьча,5
нина,5
бутув,5
дир,5
тезача,5
организмашка,5
ийна,5
цӏалхаш,5
культураш,5
хьарме,5
хьаргӏа,5
евразера,5
дӏаяздаьд,5
библе,5
къоастадаь,5
обыкновенная,5
хӏираша,5
хӏирана,5
хӏириче,5
чухь,5
къайг,5
гӏайгӏа,5
гӏалгӏаех,5
зязиков,5
малсаг,5
евкуранаькъан,5
хасанович,5
суламбек,5
политикайи,5
бембулат,5
аюпович,5
плиев,5
танкиев,5
хаджибикарович,5
шишханаькъан,5
муцолганаькъан,5
исроапала,5
ӏашат,5
татре,5
любовь,5
роза,5
суртанчаш,5
албаста,5
оахарганаькъан,5
бачий,5
хьажбикар,5
погиб,5
крепости,5
комиссар,5
штаба,5
первых,5
земле,5
действий,5
милиции,5
императорской,5
отряда,5
русско,5
австро,5
академии,5
момент,5
полиции,5
позднее,5
боксёр,5
профессионал,5
москвы,5
игр,5
лев,5
борец,5
международного,5
казахстана,5
национальной,5
техкай,5
дунена,5
бӏарашдуарга,5
циска,5
дийнахь,5
стр,5
масса,5
дуа,5
йоккхалах,5
шедар,5
начале,5
ботаники,5
дробления,5
семейство,5
вида,5
цӏокъ,5
чӏож,5
тептаро,5
распоряженеца,5
организацештеи,5
учрежденештеи,5
тӏатовжмаш,5
халонаш,5
бахьане,5
доладенна,5
мяцхали,5
чокхи,5
чин,5
кхетача,5
бӏ,5
цхьанкхийтта,5
суртий,5
оттадьчох,5
хьадалар,5
кхаьра,5
шиш,5
шоатта,5
чудаьннад,5
дахар,5
километра,5
масайтта,5
шоршал,5
кхестара,5
соалора,5
хьалххо,5
лардаш,5
магасе,5
кӏурий,5
шамала,5
хьоахадаьд,5
гӏалгӏаштеи,5
довнаш,5
баьхкача,5
хьоалчагӏа,5
соца,5
футбола,5
бай,5
суффикс,5
ӏалами,5
къаьнагӏа,5
йохаяьй,5
района,5
коста,5
ӏодоагӏача,5
ядача,5
чеи,5
хьаваьннача,5
бахархошта,5
хӏаманца,5
беха,5
энциклопе,5
мангала,5
оагилгах,5
дегӏамий,5
вни,5
демократи,5
чески,5
сери,5
арахийцай,5
восток,5
дынбарг,5
ялсмале,5
белгалйоаккхаш,5
кӏаьнка,5
яьржай,5
сибат,5
лайна,5
тӏайоагӏача,5
тамаш,5
хетт,5
еша,5
шийгара,5
баьри,5
бертий,5
гӏаш,5
дегӏад,5
сахьаре,5
алапах,5
исторически,5
моажа,5
синтез,5
довзар,5
юххьанцарча,5
видаш,5
боахам,5
архитектурни,5
современный,5
моттигий,5
пхьидарч,5
дагарах,5
фусаме,5
арадаьнна,5
эрдогана,5
доаржаде,5
субъектий,5
цӏайнаш,5
программирования,5
диск,5
секунда,5
витамин,5
генетике,5
граф,5
знак,5
цэ,5
обозначения,5
саӏудий,5
хьаеха,5
порт,5
йолаенна,5
дама,5
режиссер,5
йоазонех,5
февраль,5
жорж,5
роли,5
эквивалент,5
яьттӏа,5
бура,5
каламаш,5
бӏарго,5
экз,5
экземпляр,5
администрации,5
зӏок,5
догӏан,5
яиц,5
сигале,5
бӏарга,5
алараш,5
палате,5
къамаьлаш,5
астрален,5
сингапур,5
чкъаьрийдуарг,5
заьзгакъонгий,5
низагӏа,5
кхетаче,5
ялар,5
цигача,5
хьайоагӏаш,5
хайна,5
лоаттадаьд,5
хилийта,5
ке,5
юххьанца,5
мегаргдолаш,5
бахийта,5
кхухьаш,5
гӏат,5
юрташка,5
ядаш,5
йолаяь,5
баркинхой,5
кӏалтохаргах,5
лета,5
ӏаббас,5
маӏарлой,5
мангал,5
гиренаькъан,5
доха,5
кхоартой,5
хьалъетта,5
яларца,5
полице,5
йоазонца,5
меттал,5
промышленни,5
бекарг,5
гӏаттар,5
нӏовцискаш,5
украина,5
университеташ,5
хӏиндоевропай,5
хьахиннаб,5
ийслагӏа,5
правило,5
ферх,5
лаьтташта,5
хӏиндехье,5
зи,5
дӏоахал,5
шкала,5
гос,5
юкъагӏа,5
дӏалоаца,5
фольклор,5
говш,5
новкъар,5
фактораш,5
лоаттаю,5
шодамаш,5
турс,5
хетаргахьа,5
воды,5
гӏалгӏашка,5
доахкаш,5
юридически,5
доазонаш,5
кхыболча,5
кхолламий,5
яккхара,5
йизза,5
екъалуш,5
лондон,5
ювца,5
иллай,5
приматий,5
этнограф,5
кертеи,5
введение,5
къахьег,5
хьехара,5
мехкарча,5
эпос,5
кхесташ,5
белгалдоаккхаш,5
прежде,5
веш,5
ал,5
парусникаш,5
кхаьчад,5
зӏамагӏча,5
алла,5
ӏибадат,5
кийчдаь,5
сурсат,5
хьаракий,5
хӏиндехьен,5
гийга,5
михаш,5
сийдола,5
китаб,5
десса,5
наьнага,5
отташ,5
хьалаьцача,5
оарцха,5
шолжеи,5
нохчиче,5
юкъелоацаш,5
казахий,5
тамари,5
хоржамаш,5
яьха,5
декхарийла,5
лазарах,5
ӏомаде,5
дӏалу,5
конференце,5
йоазанхой,5
учебникаш,5
хьокхам,5
школашта,5
стихотворени,5
хьожаваь,5
лакхъяра,5
вагӏа,5
хьехархочун,5
дахарах,5
рельеф,5
происхождение,5
миг,5
кулгалхочун,5
веннача,5
британий,5
пхелагӏча,5
хилалехьа,5
кхуврч,5
аьннар,5
студент,5
парламента,5
хьахиннав,5
топаш,5
динош,5
лархӏац,5
екъар,5
народы,5
дӏалоацача,5
вӏашагӏъелла,5
теория,5
ӏабдуллахӏ,5
хьалхашкарча,5
галерея,5
зӏар,5
вокруг,5
соа,5
дахара,5
садоаллача,5
пхьеи,5
хоамаш,5
ахкарг,5
бахьанаш,5
дешачо,5
хореограф,5
спортсмен,5
литературы,5
вахийтав,5
завуч,5
хургволаш,5
тӏалатта,5
диста,5
завода,5
юххе,5
ваьккха,5
хьакимаш,5
дон,5
литературная,5
дийтта,5
назрани,5
древней,5
нальчик,5
ингушское,5
сказания,5
дӏайихьай,5
биологический,5
ункх,5
образование,5
кхор,5
къаьга,5
хӏаране,5
считается,5
лаьттанна,5
вампалаш,5
классов,5
самые,5
последовательности,5
которой,5
планета,5
маздака,5
лоархӏача,5
британи,5
болаши,5
кӏийлен,5
чарахьал,5
новкъа,5
гӏайрений,5
цхьатара,5
сумерой,5
эрий,5
корадаьд,5
кӏалеи,5
даьннад,5
операци,5
кийчъеш,5
цуссахьате,5
существование,5
новый,5
хьули,5
паччахьалк,5
кӏайча,5
зӏанарех,5
арахьарча,5
бесо,5
даздараш,5
тархий,5
лаьттеи,5
белгалду,5
белгалдаьккхад,5
кийчбеш,5
министерства,5
майкопски,5
ӏаламца,5
хьадеча,5
йист,5
горы,5
марокко,5
классически,5
рий,5
географ,5
вада,5
европан,5
цхь,5
баку,5
раса,5
тӏехк,5
предков,5
гидрометеоиздат,5
фортан,5
белгалонаши,5
къахьегамах,5
ханнахьа,5
гонахьара,5
наблюдателя,5
ӏаьдалга,5
николай,5
ӏена,5
жӏаленускалаш,5
кӏа,5
къоастадеш,5
иудаизм,5
северная,5
государственной,5
целое,5
третье,5
софи,5
жермен,5
которое,5
второе,5
числом,5
своих,5
записи,5
планеты,5
отличие,5
буквы,5
хорошо,5
называют,5
слова,5
тремя,5
имеющих,5
против,5
христос,5
рубля,5
третьяков,5
альфа,5
составляет,5
основе,5
кхерча,5
алапаца,5
физике,5
морфологи,5
хоалуш,5
стороны,5
значения,5
керасти,5
хувц,5
алгебра,5
вӏашагӏкхетарца,5
физико,5
папуа,5
зеландия,5
таких,5
чан,5
аьхки,5
ахчо,5
гаргало,5
маьлхара,5
хьалйоттара,5
гӏонца,5
ӏама,5
полоний,5
архив,5
дезткъа,5
дӏавахав,5
суомий,5
воаца,5
шоа,5
йиълагӏа,5
диллара,5
ловца,5
она,5
фонетика,5
фонемаш,5
бордаза,5
мар,5
тоадеш,5
сунжа,5
грузии,5
боалла,5
къахетаме,5
рост,5
биологии,5
европайи,5
человечества,5
ходе,5
такого,5
ассамблей,5
казань,5
заш,5
геометре,5
дагалоацама,5
лораяр,5
седкъаӏилманхой,5
произведений,5
французская,5
писатель,5
павел,5
благодаря,5
ваьллав,5
заводе,5
шестёрка,5
карты,5
ӏалашъю,5
доахаш,5
бӏунхо,5
оргкомитета,5
домена,5
императора,5
персонаж,5
находится,5
судного,5
иванович,5
маш,5
позиция,5
суламбика,5
ӏоахаранаькъан,5
классификацен,5
половой,5
галашка,5
топ,5
йохаяь,5
петербурге,5
долчун,5
эстетика,5
механика,5
моаршали,5
тавхьид,5
лехаш,5
эволюци,5
гӏулакхче,5
структуры,5
палеолита,5
гаьнарча,5
признаёт,5
имеется,5
бир,5
леладаьд,5
таджикистана,5
арахийца,5
кхолламех,5
вахарцара,5
император,5
импереш,5
фонтене,5
гӏишлонаши,5
аяташ,5
синоним,5
везац,5
урс,5
дулхи,5
рамадан,5
проектгӏалгӏай,5
вададай,5
ворхӏе,5
гӏадж,5
ӏаб,5
мёртвых,5
многие,5
тех,5
дагӏац,5
дийца,5
белгалъеш,5
говраш,5
йорт,5
сихагӏа,5
горепекин,5
пхьегӏаш,5
чӏоагӏал,5
пехкаш,5
маьженех,5
кхоачашде,5
куцаш,5
ралсах,5
йовза,5
кӏоанолгаш,5
пе,5
мадинате,5
лоархӏа,5
крае,5
тӏаэцар,5
хьехар,5
хӏамашца,5
зирхата,5
къанз,5
реакцешка,5
фоамар,5
телефона,5
оаламо,5
много,5
лохалу,5
водородашца,5
кхоллара,5
консервативни,5
лац,5
полимераза,5
праймер,5
нуклеина,5
эфираш,5
тӏуман,5
зародыш,5
смерти,5
гаструляции,5
содержат,5
реакцеш,5
химеи,5
гидротӏехкий,5
нерваши,5
тӏехьанахьа,5
вӏашка,5
кхухьа,5
кӏадашкеи,5
азот,5
белокаша,5
кхухь,5
юкъебода,5
чураш,5
накха,5
завод,5
цӏека,5
предельни,5
хирург,5
кхетадеш,5
юкъейихьай,5
юкъедод,5
хьожаваьв,5
гулбеш,5
сел,5
дийхк,5
экология,5
гӏарол,5
шинна,5
толстой,5
хьокхаче,5
майра,5
дуккхаза,5
академик,5
тӏаргамара,5
иоанна,5
ногӏар,5
цӏока,5
хоамбоаржабархочун,5
накъа,5
цк,5
йижарий,5
пьесан,5
безамца,5
теркам,5
кафедре,5
ргму,5
цӏийенна,5
райхьант,5
арахийцаб,5
юрский,5
зарбанчен,5
метод,5
бейхаки,5
выше,5
откровения,5
немецкий,5
чтения,5
мусульман,5
гувна,5
еннаяр,5
совгӏата,5
марш,5
артереш,5
пхаьнашта,5
къоастаде,5
бӏеха,5
гартах,5
пхаьн,5
эри,5
пампа,5
гаьн,5
пасхан,5
континентов,5
дото,5
бӏаргашца,5
горной,5
эмми,5
сере,5
аьттигаш,5
митал,5
импульсаш,5
мӏаьдгӏирга,5
ӏотӏакхет,5
компани,5
йоацилга,5
аьннеи,5
царгий,5
сир,5
йига,5
аматаш,5
машин,5
кӏезиг,5
турпалхочо,5
хьогӏ,5
лейлас,5
хайча,5
даргдац,5
вошал,5
йоахар,5
ела,5
исаевна,5
аьлтамаранаькъан,5
директоралла,5
аьгекхалара,5
жанси,5
шартӏ,5
дошуви,5
дошохи,5
дотохи,5
боарамал,5
толашагӏа,5
корпуса,5
муки,5
хьарсама,5
шахнаме,5
фирдоуси,5
хӏиндехьа,5
тӏехьенах,5
махьал,5
октмо,5
бӏарччача,5
айпаш,5
диагностика,5
кодаш,5
минералоге,5
курорта,5
карца,5
царей,5
этнонима,5
мровели,5
грузинских,5
правильно,5
кистинцы,5
фяппинцев,5
исроапал,5
холмса,5
йӏаьхача,4
элгац,4
тӏаийцаб,4
вурийтта,4
кийчо,4
воаллаш,4
кхоабаш,4
лаьча,4
евразеи,4
штаташ,4
терминий,4
хиши,4
юртбоахама,4
кӏаларча,4
легадар,4
мичахьара,4
йоккхал,4
оакафордий,4
гулдара,4
хӏанза,4
шапша,4
ваьро,4
доаккх,4
хиланза,4
маькх,4
хьоарах,4
тувсалуш,4
лили,4
просвещение,4
хаттара,4
цӏалх,4
сулумбек,4
ӏалихан,4
алихан,4
ширвани,4
оздоев,4
къахьегамхой,4
барахоев,4
гирей,4
висан,4
яхьяевич,4
исса,4
бексултан,4
жабраила,4
джабраилович,4
хож,4
марет,4
ӏаддал,4
гӏаьбарте,4
ведзижев,4
михаил,4
магометович,4
гирихан,4
кодзоева,4
юсупа,4
аслан,4
озиев,4
амир,4
саид,4
чахкиев,4
зарбан,4
ахметович,4
новрбийнаькъан,4
яндиева,4
зейнап,4
зарема,4
гӏаз,4
бахьаудин,4
старший,4
красной,4
званию,4
получил,4
кадровый,4
представлен,4
посмертно,4
национальный,4
георгиевский,4
памяти,4
назначения,4
хасан,4
высшего,4
проспект,4
военных,4
болгарии,4
центра,4
позже,4
аппарат,4
весовой,4
призёр,4
бокса,4
мовсар,4
кратный,4
греко,4
исраил,4
воли,4
чемпионата,4
сеул,4
клуба,4
данный,4
гӏалгӏашца,4
цицхолгаш,4
сибарера,4
хьоасташ,4
екъаялар,4
веков,4
семейств,4
очень,4
шахьарера,4
чкъайг,4
чов,4
чӏир,4
чӏугал,4
хьекха,4
публицист,4
дувцарий,4
черкъий,4
чималх,4
ченкий,4
букъатӏехка,4
дегӏадар,4
евразе,4
барзкъа,4
гӏалгӏачун,4
кашамашка,4
чуранаькъан,4
язъяьр,4
спаржа,4
декъара,4
чот,4
природы,4
видео,4
никола,4
джеймс,4
рабочий,4
алан,4
меттагара,4
кӏирагахьа,4
кӏиранди,4
тийрках,4
мехкал,4
орга,4
шоршалаш,4
дунений,4
характеристика,4
айттай,4
сарӏала,4
леймой,4
оалкам,4
ӏохайнав,4
станица,4
чӏоагӏале,4
тана,4
салтий,4
кавказерча,4
мугӏара,4
православхой,4
комитето,4
кхайкарал,4
ехкаш,4
бувцараш,4
филиал,4
мотострелкови,4
ӏадатий,4
юртаца,4
мургаш,4
венача,4
паргӏата,4
чуйоагӏаш,4
кена,4
нада,4
дагӏаш,4
хьалъеш,4
ӏалашъеш,4
дӏадувш,4
коартол,4
хьаьнала,4
эллада,4
ховрий,4
дӏакхачийтар,4
хургдоацаш,4
хургдолча,4
эрмалойче,4
агӏа,4
эс,4
хьакхета,4
ӏодоагӏ,4
яхачарех,4
тӏехдоалаче,4
сми,4
никарагуа,4
доллар,4
афганистан,4
применяется,4
отдельно,4
кипр,4
ирак,4
арабские,4
говрбарг,4
кхеваьв,4
жамалдас,4
горький,4
байтий,4
мугӏарашца,4
гӏоза,4
ювц,4
доаллаш,4
поэтически,4
лораде,4
лесташ,4
дешашца,4
лоамашта,4
воагӏаш,4
йоагӏача,4
еце,4
чарч,4
ӏокӏалбувлача,4
хаьттача,4
яьсма,4
гӏаран,4
дӏалоацаш,4
екъа,4
берлин,4
кераста,4
ткъовро,4
лораеш,4
суртдар,4
кхачалца,4
леха,4
ишк,4
пхьагал,4
пхьех,4
канала,4
участок,4
западе,4
юго,4
рок,4
хоржаш,4
хоржамашка,4
хьакхоллаш,4
республикаш,4
социалистий,4
лаьттай,4
областаш,4
рио,4
йиълагӏча,4
коммуна,4
речи,4
информатика,4
представление,4
любой,4
основанием,4
физическая,4
русское,4
музыке,4
це,4
формат,4
трёхфазном,4
одна,4
саӏуди,4
ярах,4
герба,4
сарай,4
бернара,4
вахари,4
амстердам,4
лийнай,4
сцена,4
ловзадаьд,4
сен,4
дӏаэтта,4
даьржача,4
балхех,4
камелияш,4
ловзар,4
виктор,4
адвокат,4
шекспир,4
инжил,4
земсеттолга,4
багара,4
високосни,4
ӏоткъама,4
чухьнахьа,4
джордж,4
гуйрен,4
серго,4
эржакинез,4
политикаш,4
сердал,4
пособие,4
дувлаш,4
йийкъа,4
наг,4
красные,4
деревьев,4
южной,4
почти,4
пространство,4
етташ,4
ян,4
бӏаьха,4
борша,4
къулбехьера,4
баьхараш,4
хьункархой,4
вайнах,4
юрташта,4
юртех,4
вӏашагӏа,4
кулгалхоша,4
ювси,4
цхьабараш,4
йоландаь,4
сурхохий,4
дувцача,4
болхаш,4
боабеш,4
хинначеи,4
меттера,4
царгара,4
тӏехьагӏо,4
бовхамаш,4
иосиф,4
эшам,4
низъоамала,4
нувхаш,4
дӏадахача,4
кашамаш,4
дезалаш,4
биллаб,4
исмейланаькъан,4
терсмейл,4
румий,4
ӏумара,4
лаьзгий,4
ӏодода,4
гӏалмен,4
уха,4
хьокхаш,4
баьнна,4
ханах,4
дударанаькъан,4
шиннех,4
сельсовет,4
гучадаьннад,4
тӏаяьнна,4
гире,4
доладаьр,4
шерашкеи,4
гомашта,4
йоаккхагӏа,4
арахийцача,4
американ,4
меридиан,4
така,4
лакхехьа,4
субъекта,4
минерале,4
курша,4
кхоача,4
университетий,4
изначально,4
фаьлга,4
моттигашца,4
паччахьалкхенашцара,4
организацес,4
большое,4
площади,4
индуизм,4
боагӏ,4
кхетамаш,4
азин,4
йе,4
нато,4
йолхаш,4
хувцамаш,4
философеи,4
пункт,4
оршот,4
нигерена,4
лагос,4
къоастаяь,4
дензи,4
грамматика,4
малхагахьара,4
материалаш,4
материалах,4
произведенеша,4
леладара,4
эршаш,4
къоасталуш,4
ира,4
косцюшко,4
администрацен,4
цудухь,4
шахьарца,4
нанагӏалий,4
мехкдас,4
кхычарна,4
круг,4
иттлагӏча,4
эзди,4
кавказовед,4
филолог,4
литератураи,4
ишколашта,4
ӏаморгаш,4
меттеи,4
волаши,4
лоархӏам,4
ростове,4
тӏехьагӏарча,4
краевой,4
наькъах,4
ӏарамхи,4
яхачеи,4
къастта,4
тохкам,4
толамца,4
седкъийи,4
боадонгара,4
доккхалага,4
кӏалваьр,4
мангалкомар,4
аьлле,4
кӏотарг,4
комараш,4
мингал,4
новкъараш,4
оттадара,4
бӏаргаго,4
баьцара,4
зизаш,4
кораяьча,4
министрий,4
кхелхачул,4
дӏаязбаьчох,4
текъам,4
масджид,4
мадина,4
поацолг,4
акхакотамий,4
глюкоза,4
мела,4
йистерча,4
моттигера,4
кхоачамбоацараш,4
кхайкадаь,4
лаьттар,4
уммат,4
чӏоагӏеи,4
кхоллагӏа,4
дӏадахад,4
доалдаьд,4
болабеннаб,4
дӏабахаб,4
листа,4
дӏакхетача,4
ховшар,4
юхатохаш,4
бувц,4
ильяс,4
наьсареи,4
гӏайрбика,4
ткъама,4
перепончатокрылые,4
яьдача,4
дакъеи,4
боазаж,4
цӏерашка,4
пхьешка,4
политехнически,4
народная,4
фуъаш,4
дехкаш,4
оъа,4
границ,4
помощи,4
указом,4
звезда,4
мехкдаьй,4
хеза,4
арабист,4
гӏапковна,4
ӏомаеш,4
могаду,4
кепатоха,4
могадеш,4
массекх,4
оазар,4
газето,4
ростова,4
ассоциаце,4
осмиев,4
вӏашагӏтеха,4
художник,4
устав,4
белгалде,4
хьаж,4
таржамаш,4
заведующи,4
тӏахьожам,4
лоаттабеча,4
вӏашагӏтехача,4
оттаю,4
галашкарча,4
городе,4
сибарегӏара,4
лакхерчеи,4
дайта,4
магац,4
стихотворенеш,4
зм,4
яьккханге,4
фекемахой,4
инструктор,4
академи,4
яла,4
центре,4
гӏончалла,4
заочни,4
доацандаь,4
селлар,4
авиаце,4
пӏ,4
ислами,4
дегӏайоагӏача,4
кортамукъале,4
цӏерий,4
хайшаб,4
хувцар,4
бангладеш,4
бхутто,4
дӏаваьнначул,4
ваьннав,4
дӏадаьннад,4
особенности,4
основные,4
юкъарлено,4
шерагӏа,4
пекин,4
описание,4
анджей,4
даьра,4
мохтӏе,4
шодаца,4
зӏокармаьчи,4
шорттига,4
зунгаташ,4
хӏи,4
инжила,4
дино,4
гуманитарни,4
лостам,4
барг,4
йӏаьхафоарташ,4
кхала,4
горийдуарг,4
поэзен,4
авторий,4
сыну,4
гӏурий,4
арех,4
каьлаке,4
дите,4
странах,4
ӏамалаш,4
тохкамхо,4
эпопея,4
филологен,4
болабаьб,4
дӏабихьаб,4
меттаоттаяра,4
леламаш,4
хьалхардар,4
сесагаца,4
машар,4
заӏапхо,4
шоашца,4
гӏапура,4
электроинструмент,4
цӏеношка,4
кавказах,4
волавенна,4
цхьоагӏон,4
хаттараш,4
племя,4
древнейших,4
план,4
кепатехад,4
термины,4
говза,4
тийшаболх,4
гӏайгӏане,4
хьазилг,4
цивилизаци,4
правительство,4
бизнес,4
евро,4
содружество,4
международное,4
всемирная,4
силы,4
боргӏал,4
краеведени,4
края,4
карибера,4
еврази,4
юкъедодаш,4
чарахьала,4
голл,4
денца,4
боландаь,4
беттаи,4
происхождения,4
миссел,4
хезад,4
звёзд,4
высокой,4
одновременно,4
наькъашца,4
совхоза,4
лелаяьй,4
цӏайна,4
сайта,4
меттара,4
гӏажа,4
хил,4
доалче,4
ачалкхен,4
урхале,4
цхьаццачара,4
вокха,4
меттигерча,4
антропологи,4
ӏадаташи,4
барта,4
кӏимарса,4
дӏачӏоагӏдаьд,4
ао,4
комиссе,4
паччахьал,4
яларах,4
регионашкара,4
аьккхий,4
алхасте,4
хьахулача,4
йовкъаш,4
дадаш,4
къовсама,4
сагаи,4
этап,4
бердашта,4
лорае,4
корадаьча,4
чакхдаллалца,4
арахин,4
кавказская,4
историческая,4
викалаш,4
хьахилар,4
лагӏа,4
бохам,4
путешествие,4
доалчен,4
доазонгахьа,4
тянь,4
аст,4
полюс,4
систематике,4
лаьттий,4
клавдий,4
географический,4
учебное,4
ӏатта,4
нидерландов,4
къамаша,4
гӏум,4
ягӏа,4
кий,4
гӏишлонхо,4
ев,4
даькъастера,4
иоганн,4
адамле,4
расай,4
кхайко,4
монастырь,4
суфий,4
лордаш,4
баппа,4
лека,4
болабу,4
годов,4
мифы,4
къилбаседа,4
дешарле,4
тохача,4
вӏашагӏъеллача,4
леладераш,4
сахьатах,4
кӏираш,4
электрически,4
тӏадамий,4
гидрологи,4
население,4
аьдал,4
химий,4
дуга,4
гӏайренашца,4
астралии,4
декъари,4
чинхой,4
кодий,4
ера,4
мичча,4
жӏалеш,4
терминов,4
постановлением,4
научная,4
конференция,4
чечни,4
органов,4
конфликта,4
дирекция,4
событий,4
германия,4
премьера,4
счёту,4
свойства,4
сто,4
любые,4
одну,4
цилиндра,4
вписанной,4
сферы,4
другим,4
изображение,4
солнца,4
империя,4
мировая,4
соответствует,4
христианство,4
человеческая,4
предмета,4
сразу,4
количества,4
возникает,4
полимино,4
частей,4
священный,4
франция,4
отделение,4
сердце,4
средневековых,4
книг,4
музыкальная,4
флаг,4
месяц,4
жёлтый,4
цвет,4
канал,4
цхьалхане,4
доакъошка,4
семьи,4
качестве,4
шести,4
океанологии,4
атмосферы,4
впадает,4
производства,4
компьютерных,4
играх,4
пути,4
ля,4
другое,4
итальянский,4
бумаги,4
аба,4
абхазо,4
абхазой,4
цкъо,4
сакхетам,4
менее,4
понятия,4
степени,4
вӏаштехьа,4
кавалере,4
медаль,4
хьалоацаш,4
кӏайи,4
ях,4
доахкача,4
эль,4
флора,4
хӏабиший,4
къоастам,4
аьрдехьара,4
австралия,4
наб,4
товар,4
хайра,4
йоха,4
доккхийча,4
вӏови,4
бувзабенна,4
когий,4
даржар,4
белки,4
персаьний,4
байсар,4
кӏотаргаши,4
ярра,4
милице,4
юкъедоагӏача,4
лоацеи,4
борз,4
дулха,4
бӏара,4
нерва,4
томах,4
къовлоргаш,4
станце,4
йистар,4
содержания,4
основным,4
цхьайтта,4
раза,4
шовзткъе,4
тхона,4
баьцовгӏех,4
къайленаш,4
градусаи,4
хьалхарагӏа,4
ягӏаш,4
шун,4
даькъалдувцар,4
поздравление,4
цӏайца,4
праздником,4
тебя,4
рождения,4
праздник,4
кур,4
ергйолаш,4
позицешка,4
латте,4
учёный,4
духовный,4
центральной,4
первобытного,4
варианты,4
формы,4
этнографии,4
бсэ,4
кхедар,4
справочник,4
басараш,4
леладарца,4
фаза,4
материальни,4
пресмыкающихся,4
нескольких,4
лихьарч,4
пхьар,4
конституцен,4
средой,4
совокупность,4
ӏилмеи,4
коллективни,4
машара,4
премен,4
цик,4
евгений,4
йоакхо,4
каьй,4
дувзаденнача,4
хронологе,4
начался,4
цхьаннахьа,4
кинорежиссёр,4
член,4
сценарист,4
майкл,4
труда,4
англ,4
хьайийлача,4
кулгал,4
цӏавенав,4
дӏаболабеннаб,4
кулгалхои,4
вкп,4
гӏазакхстанехьен,4
ялхайтта,4
шестнадцатый,4
нибудь,4
проекташ,4
социализма,4
связь,4
ӏалашбу,4
социалисти,4
гӏиргӏизстане,4
верхнего,4
выпущенный,4
вайта,4
маьл,4
эпизод,4
всю,4
игра,4
последний,4
тохар,4
кептар,4
процессе,4
шахьбота,4
берал,4
суламбик,4
шейх,4
кунта,4
дӏадихьад,4
цкъарчоа,4
кӏомал,4
баьцовгӏашта,4
рангех,4
издание,4
эволюция,4
панда,4
кхалсаго,4
кӏадаш,4
фуд,4
статистика,4
ӏалейкум,4
использование,4
которую,4
органического,4
свений,4
начинается,4
деле,4
кепаех,4
электронни,4
бакъара,4
физиология,4
химических,4
пищи,4
могаяь,4
исламская,4
гана,4
арабская,4
монако,4
федерация,4
хотя,4
признают,4
дипломатические,4
настоящее,4
признана,4
королевства,4
зеландии,4
кука,4
статусом,4
сахара,4
включая,4
особым,4
отдельных,4
лохаш,4
гӏорваьнна,4
жӏайрахой,4
лерхӏам,4
кхычарел,4
эдал,4
къахьийга,4
чхьагӏас,4
губерне,4
вайза,4
уйлаца,4
нагахь,4
частни,4
тох,4
кхеллача,4
метафизика,4
жак,4
конт,4
егӏа,4
ӏайха,4
даьчул,4
нгӏасср,4
компане,4
лийнав,4
грамоташ,4
механизмаш,4
актрисса,4
дӏаоалаш,4
режиссёра,4
зонта,4
оттаяьй,4
ӏаттах,4
шинар,4
пхаьра,4
зейд,4
сабит,4
ак,4
облисполкома,4
балкхарой,4
гӏертар,4
тӏалатташ,4
носителей,4
детей,4
нём,4
сохранения,4
культурного,4
представляют,4
дене,4
ранее,4
авторов,4
юртан,4
хьаштагӏа,4
йолчарех,4
сардам,4
йост,4
экватора,4
хозал,4
оагӏаташ,4
йоргӏа,4
коги,4
йолинг,4
поалхам,4
фома,4
оттадаьча,4
дӏаяздаь,4
тайнаш,4
менделеева,4
еннача,4
нӏанкӏигий,4
нӏанкӏигаш,4
вируса,4
дӏайоаккх,4
преми,4
меттацара,4
корректор,4
йоахкача,4
капилляраш,4
истий,4
сув,4
яьхад,4
такилга,4
паччахьий,4
паччахьалкхенашца,4
хенапаст,4
ботанике,4
юаш,4
сибаз,4
хьакъоастадаь,4
мади,4
фордаи,4
кавказеи,4
шарӏан,4
суннат,4
ӏадат,4
ро,4
халифата,4
букъ,4
йиста,4
армхи,4
дизара,4
кхолламах,4
къанза,4
дукъаца,4
хетац,4
хеталу,4
бехке,4
дуаш,4
коаст,4
тыс,4
гӏойхин,4
республикаи,4
таьво,4
водород,4
отта,4
дегӏада,4
эволюце,4
хьалаш,4
генетически,4
йоала,4
мӏара,4
фермент,4
прокариотий,4
товш,4
хьабеш,4
репликаце,4
хоттамий,4
гулламах,4
включает,4
приводит,4
называемого,4
яйцо,4
бластомеры,4
затем,4
насекомые,4
наблюдается,4
наружной,4
сообщается,4
своими,4
различные,4
органы,4
постэмбриональное,4
такой,4
биологеи,4
хулийт,4
экзотӏехкий,4
кхаьта,4
кӏадаша,4
гӏад,4
теӏаду,4
пхаьнаши,4
хувцаш,4
коллагена,4
диткъа,4
йоацараш,4
кхераме,4
фотосинтеза,4
цахаддаш,4
эритроциташка,4
газаш,4
оагилгашта,4
пехкашка,4
продукташ,4
уровень,4
кровь,4
физикий,4
натрий,4
металлы,4
нихь,4
устагӏах,4
шода,4
сесаги,4
нӏа,4
гӏулакхашта,4
промышленноста,4
далара,4
поэты,4
шортта,4
рафал,4
лой,4
артур,4
ашарий,4
романаш,4
лати,4
миччахьа,4
ӏац,4
болалу,4
ладувгӏаш,4
ачулкхий,4
хьовхе,4
азовского,4
къаьзи,4
декхараши,4
азас,4
белков,4
воз,4
ву,4
дӏаяла,4
боглус,4
язъеш,4
хьарпхой,4
гӏоргӏа,4
кема,4
тӏаргамхой,4
ийцаб,4
гӏалаши,4
вӏовнаши,4
йоттар,4
лакхереи,4
лохереи,4
дегаза,4
перед,4
товрат,4
мусульмане,4
учению,4
себе,4
тем,4
фатимас,4
лит,4
пьесаш,4
латтар,4
беце,4
чакхдаккхар,4
карачаево,4
кинон,4
хьакъехьа,4
яцар,4
хьагӏ,4
начӏал,4
аграрни,4
хьайна,4
хургвола,4
дарц,4
истийи,4
бирса,4
шундик,4
ганз,4
сыновья,4
беки,4
кафриэлянц,4
шоллагӏеи,4
багровые,4
зори,4
жӏалий,4
фух,4
ӏаьржадаьредаш,4
хедаеш,4
полимераш,4
таний,4
фиръӏов,4
джабари,4
мухаммаду,4
читать,4
фрагментов,4
арабов,4
различных,4
стало,4
стали,4
рукописей,4
веком,4
отсутствуют,4
письмо,4
половине,4
исследователь,4
мы,4
цӏераши,4
причине,4
отрывок,4
пхорагӏа,4
ийце,4
мышцы,4
бӏаргса,4
когилгий,4
нейробиологи,4
нуклеотид,4
названий,4
аьхарте,4
дифференциальни,4
талгӏеш,4
таксонаш,4
котаганаькъан,4
писатели,4
даима,4
ниӏ,4
книжное,4
собор,4
капиллярашта,4
хьаийцача,4
пхаьнаша,4
дегагара,4
капиллярий,4
даьссача,4
шишша,4
высоте,4
вершины,4
должен,4
пена,4
халача,4
упоминается,4
намерение,4
секрет,4
железы,4
гӏойсу,4
чарльз,4
джулианна,4
каналаш,4
ахгерга,4
чухьара,4
ниже,4
вены,4
землю,4
дошло,4
мадданерча,4
тушетӏе,4
берсий,4
дешашвар,4
дешачун,4
уйлаша,4
больнице,4
рашидаца,4
бӏарахьежаш,4
дагадеха,4
тамарий,4
хийтар,4
лейлайнеи,4
таьзет,4
бӏубенна,4
бегаш,4
ахчан,4
хьоашал,4
къаракъ,4
ийрча,4
мовлас,4
шоашка,4
жаннас,4
жаннайга,4
этноним,4
пхо,4
хьадиса,4
партийни,4
мурцаӏала,4
фатанча,4
фестивале,4
оалараш,4
мистача,4
бекъа,4
рузкъашта,4
мӏа,4
даьга,4
хьабе,4
хьадала,4
даьймехка,4
военно,4
молока,4
дӏаваьккха,4
комментарии,4
шах,4
наме,4
махала,4
хьехархошта,4
ӏовлур,4
терсмайла,4
следователа,4
сердечная,4
недостаточность,4
козлой,4
округаца,4
меттаоттаеш,4
водного,4
баладзори,4
картлийских,4
дурдзук,4
упоминания,4
труде,4
веках,4
грузинской,4
дзурдзуках,4
дзурдзук,4
хроники,4
саурмаг,4
хиларий,3
климат,3
ховтанаькъан,3
хьабоагӏаш,3
изи,3
элмарзас,3
барайтта,3
хьагӏар,3
пхий,3
вугаш,3
оалхазарех,3
оксид,3
кислорода,3
бувзамца,3
дозала,3
дӏалаьцай,3
шанаши,3
пайдан,3
полярни,3
хӏамашта,3
континентальни,3
хихи,3
ӏамаш,3
йоккхала,3
хаьсасомий,3
ялата,3
хьажкӏах,3
баьцаш,3
куба,3
хьалдетта,3
хьажцӏенна,3
хьандар,3
эукариоташ,3
хьандара,3
хьаза,3
хьаргӏий,3
позвоночные,3
животные,3
вороны,3
ерригаш,3
вишня,3
декъаш,3
хьовлашк,3
вирхьазилга,3
моттигашкеи,3
кхойттлагӏа,3
цахцал,3
цӏаьрматал,3
агӏойи,3
саь,3
кӏод,3
шекар,3
боадо,3
гоаража,3
евкуров,3
татархана,3
ахмедович,3
сосаркъий,3
долгиев,3
бахьаудина,3
чах,3
газиканаькъан,3
матиев,3
сагов,3
магомет,3
исмаил,3
чопанаькъан,3
вышегуров,3
яхья,3
гуцериев,3
микаьил,3
османа,3
гарданаькъан,3
оазархойи,3
абдурахьмана,3
дахкильгов,3
темаркъий,3
осман,3
асхьаб,3
абазбика,3
азамат,3
махьий,3
хашагульгов,3
гаьгенаькъан,3
даканаькъан,3
наурбиев,3
хаважа,3
хаважовна,3
амур,3
абадиев,3
ибрахьим,3
заира,3
темарзанаькъан,3
хамхоев,3
башира,3
марина,3
мадинат,3
багаудин,3
японц,3
джабагӏийнаькъан,3
младший,3
взвода,3
фронта,3
звезды,3
дважды,3
командира,3
власти,3
обороны,3
пво,3
военный,3
славы,3
ракетных,3
котиев,3
асланбек,3
выпускник,3
орджоникидзевского,3
общевойскового,3
командного,3
училища,3
родной,3
брат,3
операций,3
украине,3
назван,3
боров,3
турецкой,3
первую,3
трагически,3
типа,3
декабре,3
мчс,3
управления,3
центральный,3
вв,3
руководитель,3
бокс,3
выступающий,3
версии,3
весе,3
иленаькъан,3
къамбулата,3
манкиев,3
назир,3
канаде,3
основатель,3
бронзовый,3
сборной,3
прозвище,3
римской,3
стиля,3
студентов,3
дзюдоист,3
исаевич,3
заьлмах,3
футболист,3
играет,3
ӏомадаьча,3
дийнатах,3
жӏалех,3
спб,3
массал,3
юъ,3
цхьачара,3
систематики,3
самым,3
отношении,3
викалах,3
цӏейлоам,3
чурт,3
чӏондарг,3
гӏарагӏураш,3
чахра,3
чинхойче,3
садахар,3
таьӏа,3
ушал,3
дийнаташи,3
чкъорд,3
хьазилга,3
чо,3
гур,3
лоархӏе,3
рамзан,3
бӏаьшарен,3
ингушских,3
мецхал,3
айламара,3
миштад,3
дикагӏча,3
документальни,3
кӏирагахьара,3
дагаргах,3
дӏадаьккхад,3
мегаргдола,3
даькъера,3
детташ,3
улача,3
хаддаш,3
кхыметтел,3
бувлаш,3
бӏаьсте,3
хьармакхий,3
бӏасаш,3
духтӏе,3
коачалаш,3
эрз,3
эйлан,3
хаьхо,3
гечув,3
доккхеи,3
гӏажарий,3
йолчахьа,3
сарӏал,3
карташ,3
белгалъяьккха,3
зовраш,3
бахьанех,3
бахархойи,3
сихха,3
буташ,3
библиотекаш,3
интернат,3
фок,3
тӏатохарца,3
дӏакхийттий,3
гӏинбухенгахьа,3
юрташца,3
дӏайийна,3
хьуна,3
поселение,3
белгал,3
балхаца,3
хьаьша,3
хьийга,3
цӏабахка,3
паргӏато,3
юртйисте,3
аьрдехьа,3
багӏа,3
къаьнача,3
укхазара,3
наьртий,3
аламбекъаш,3
вцик,3
ишколаш,3
хьегаш,3
пхийттлагӏа,3
аренах,3
бӏаьшерал,3
ӏомадар,3
куцах,3
ноахалашта,3
республикацеи,3
республикаца,3
аьттинга,3
вирусаши,3
федерати,3
норгиче,3
боаржабу,3
научной,3
акционерное,3
открытое,3
белиз,3
сальвадор,3
касттагӏа,3
кхетаю,3
ближний,3
про,3
остальных,3
египет,3
иран,3
израиль,3
кувейт,3
палестина,3
аравия,3
турция,3
диллараш,3
борд,3
саьрч,3
кхойтта,3
даьхенна,3
хетаяьча,3
елаенна,3
дуллаш,3
деха,3
къиза,3
ӏомаву,3
дукханахьа,3
хьалкхийча,3
цӏийца,3
кизга,3
хержараш,3
шерашкара,3
коаи,3
соалораш,3
хьагойташ,3
хьалдаь,3
тӏоаршхой,3
ареи,3
африкерча,3
кириллически,3
эрсеи,3
къахьа,3
хилал,3
ткъовронаш,3
бесаш,3
кӏимарс,3
цатег,3
шерах,3
долчох,3
ховраш,3
дера,3
деятельность,3
юкъебоагӏа,3
дезало,3
меттагахьа,3
гӏалат,3
ӏурра,3
образовательный,3
стандарт,3
ӏохайшача,3
дегӏайоагӏаш,3
юкъарченаш,3
ӏобода,3
станци,3
беслан,3
ачалуки,3
юге,3
пхера,3
фосфор,3
информационный,3
истмале,3
чакхйоаккх,3
котало,3
представительни,3
парламент,3
политологи,3
федераци,3
эрсечена,3
московски,3
силлойче,3
гучахьа,3
дӏаболабаьб,3
йоккхагӏйолча,3
маьждигашка,3
царь,3
титул,3
третья,3
латинского,3
ос,3
умолчанию,3
изменения,3
сокращение,3
градус,3
популяционной,3
мтднк,3
мажор,3
размер,3
паровоз,3
множества,3
чисел,3
каталана,3
длина,3
геометрии,3
серии,3
вместо,3
династен,3
паччахьалкхенах,3
тархьарах,3
драмай,3
сахула,3
аларах,3
комеди,3
пьесе,3
мартен,3
гюго,3
виктора,3
марте,3
эжен,3
мольер,3
сильвия,3
санд,3
феодора,3
самаритаьне,3
аьрзелг,3
кхайкар,3
сочиненеш,3
книге,3
современные,3
известные,3
выпускники,3
высшей,3
сармак,3
мифологе,3
реакци,3
анимационни,3
хьакхелла,3
заоагӏув,3
григориански,3
тропикашка,3
зӏанархецар,3
вузов,3
оазархои,3
номера,3
болалуш,3
пӏелгаш,3
феврале,3
цвета,3
похожий,3
скотт,3
байтулмакъдис,3
сигаленашка,3
чул,3
йоацалга,3
волчо,3
веха,3
кхерар,3
халла,3
астрале,3
сидней,3
ӏойиллай,3
хьадоагӏа,3
ӏатташ,3
кийла,3
магӏалбиках,3
хоамах,3
гӏорбаьнна,3
соагӏапчен,3
большинство,3
исключительно,3
вместе,3
суда,3
густерин,3
служба,3
массайола,3
боарзе,3
юртахоша,3
хьунашка,3
хадаш,3
моалошта,3
ӏулаш,3
кхувлаш,3
кхаба,3
дӏаенна,3
мимар,3
тӏареи,3
хьалхале,3
эттар,3
хьалхарчарех,3
гарвожа,3
школан,3
ткъам,3
тоаеш,3
доахана,3
цахиларах,3
кхийна,3
лувча,3
бахараш,3
мержой,3
ӏаббаса,3
гӏазгӏумкий,3
мухӏдой,3
йоагаяь,3
гаданаькъан,3
тимура,3
болчара,3
бешамаш,3
спортсменаш,3
булама,3
учреждени,3
администраци,3
даьнначул,3
таиланд,3
кхаччалцеи,3
исторический,3
страна,3
азия,3
сегодня,3
германера,3
баварен,3
бавари,3
сборника,3
тирк,3
гуржехьени,3
боала,3
йисташ,3
такое,3
мора,3
готта,3
тушоли,3
научных,3
тӏаусий,3
нӏовциск,3
шой,3
хьагойта,3
дисциплинаш,3
гаудеамус,3
функциональни,3
багах,3
хӏиндиче,3
файтон,3
фаьлг,3
эпоса,3
гӏарбаш,3
хьазий,3
африкайи,3
ферхаш,3
айенна,3
фордий,3
классификацеш,3
зубов,3
чӏинхой,3
фиджи,3
красное,3
хаьса,3
сана,3
ширагӏа,3
кертте,3
хьалаца,3
ларде,3
шри,3
сингапуре,3
тӏехьабазараш,3
динаш,3
астралин,3
оакафордаца,3
хӏиспани,3
мадрид,3
романой,3
кӏалтоабах,3
физикайи,3
дегӏадара,3
процессашка,3
москоара,3
дӏаоттаяь,3
нигерен,3
хиллалца,3
цхьайттлагӏача,3
гуйран,3
дуненашта,3
оакафордо,3
дегахи,3
коачача,3
лам,3
чкъора,3
общее,3
культурашка,3
баьцовгӏайи,3
чудар,3
принципаш,3
дегӏадоаладара,3
ӏолегача,3
йӏаьхъенна,3
айъенна,3
кӏалхе,3
шоллагӏчунна,3
денали,3
азех,3
калифорни,3
анджелеса,3
ге,3
шахьарцеи,3
тӏатехача,3
нохчашкахьа,3
бича,3
айеннача,3
дӏатӏа,3
маджарой,3
хӏиспанера,3
лсаганаькъан,3
фольклорист,3
критик,3
ассистент,3
дӏаболабу,3
курси,3
методически,3
молот,3
кепатох,3
язйир,3
оазархочо,3
советийи,3
лоархӏамегӏа,3
фаьлгаш,3
лермонтова,3
поэмаш,3
горьке,3
йоахача,3
йир,3
ӏилманца,3
хьахилараи,3
иттех,3
кӏоаргга,3
ахьмадеи,3
елар,3
совето,3
ӏомадеча,3
кхетаеш,3
солнце,3
малхах,3
называли,3
седкъадуне,3
алац,3
культий,3
лараш,3
рах,3
хоалу,3
еттача,3
махаон,3
хьун,3
бердаши,3
догараш,3
дешагара,3
ӏоврат,3
хьадийлад,3
чуэцаш,3
маср,3
углеводаш,3
стихийно,3
частности,3
условиях,3
цех,3
дергдолаш,3
болхбеш,3
йоаккхача,3
лоаттае,3
бенна,3
мумбай,3
юача,3
баьцай,3
йоахараш,3
продукт,3
ӏохьа,3
пищеварительный,3
сок,3
вырабатываемый,3
тӏехенца,3
кӏедж,3
газий,3
билла,3
ӏарбе,3
тешаш,3
йоккхеи,3
набавий,3
шердеш,3
ткъоаллагӏа,3
жугтече,3
яздаьчох,3
нарс,3
нарсий,3
аьрхӏ,3
декъадалар,3
бакъдаь,3
гӏаьрахой,3
наьсархий,3
тоссаш,3
дехар,3
кӏарцхала,3
гурахьа,3
светски,3
произносится,3
германеи,3
нимфалидаш,3
нийсалу,3
уш,3
даькъастара,3
нохчичен,3
ӏовхой,3
шахьари,3
казбекова,3
шахьарашка,3
нохчийче,3
лоткъам,3
материалов,3
рк,3
йорк,3
кӏалкласс,3
нокхармоза,3
училище,3
проявленные,3
медали,3
золотая,3
дешари,3
дайзача,3
хоаваьв,3
алапашца,3
зоврбика,3
араяьнна,3
лоаццача,3
тӏахьехам,3
араяьннача,3
дӏаотт,3
араяьха,3
правлене,3
хийтта,3
правлени,3
конференци,3
идриси,3
облоно,3
авторски,3
тоабас,3
ваьгӏа,3
инспектор,3
кирилица,3
кулгалду,3
ӏазап,3
ошски,3
цӏавоагӏа,3
безача,3
студенташта,3
альманаха,3
кхолламе,3
указах,3
президиумо,3
океа,3
дунеи,3
материков,3
высшая,3
къой,3
лоаттаде,3
юсаш,3
юкъеяьккхар,3
ваьгӏав,3
яккхарца,3
хьовдан,3
лагпилг,3
ссрс,3
магӏалбике,3
дагӏ,3
увттаю,3
осканова,3
арахеца,3
генерала,3
выпускникаш,3
пакиста,3
мехкашта,3
организацени,3
хьадоал,3
цивилизацен,3
регионашка,3
буддизм,3
дӏай,3
хиларан,3
британский,3
екъача,3
тӏемаца,3
штатийи,3
вийначул,3
тесса,3
къовсамаш,3
дегӏайоалаяр,3
штаташа,3
баьккхаб,3
бетт,3
лаьттаех,3
лелабар,3
бахархоех,3
процент,3
бусулбаш,3
буддисташ,3
этапы,3
банка,3
пардаш,3
параж,3
администраце,3
параже,3
евразии,3
публични,3
мата,3
долчча,3
паччахьалкхенаши,3
учебник,3
редакцией,3
пхьанех,3
белгалдар,3
тайпо,3
паччахьалкхено,3
халифа,3
жаррахь,3
цӏераца,3
чакхваьнна,3
ӏарамхин,3
бейни,3
хьадийлача,3
зӏ,3
юа,3
подборка,3
гӏарашта,3
къоабалъяь,3
дехье,3
къовсаме,3
науру,3
абхазе,3
антарктиде,3
зӏокаргалий,3
ай,3
зал,3
зӏокармаьчий,3
бераши,3
эсбе,3
сссре,3
эрсийче,3
инг,3
меттига,3
торо,3
багӏдад,3
бусалбаш,3
массадола,3
цхьоагӏо,3
къемата,3
марино,3
ти,3
средней,3
диношка,3
йилбазговр,3
диаметр,3
йиший,3
кхыдоа,3
гӏалгай,3
мукъамхо,3
гӏалгӏайчени,3
культурной,3
герои,3
календула,3
гангхий,3
йоккхагӏча,3
ун,3
завета,3
нди,3
редакция,3
ерда,3
словаьний,3
зой,3
шийлача,3
дӏаязде,3
гӏазакхстана,3
денорг,3
ӏийсай,3
оалам,3
техай,3
лелам,3
къаршой,3
тоадара,3
ӏийсаси,3
гулламе,3
гӏоне,3
наӏарга,3
дешаргех,3
даде,3
тетрадь,3
вӏаштӏардаь,3
товараш,3
лоархӏар,3
йистеяьккхай,3
дӏаваьккхав,3
эскарера,3
фонде,3
тиллар,3
маьтлоам,3
белхашта,3
времен,3
статьяй,3
шк,3
арахецад,3
краткий,3
род,3
дарсиганаькъан,3
движение,3
пункты,3
баьцовгӏаши,3
факты,3
просто,3
накостоев,3
гизга,3
бордз,3
цӏокълом,3
боча,3
кондар,3
объединённых,3
всемирный,3
кӏоригех,3
ӏомаяь,3
белгалбаь,3
воеводства,3
войцех,3
гидуарг,3
испр,3
гиляров,3
гр,3
груши,3
бетташка,3
къо,3
кепех,3
къорасарсал,3
алара,3
хувцалац,3
фискал,3
фазы,3
лаьтто,3
аргентина,3
культурайи,3
экономикайи,3
ӏаннеи,3
ахканнеи,3
бӏехалаш,3
своём,3
гелия,3
зӏилбухехьара,3
кулгалдара,3
правительствон,3
венесуэла,3
чкъаьра,3
боабашкий,3
пресмыкающиеся,3
гул,3
вӏашагӏкхийттача,3
доашх,3
довкъашта,3
аренга,3
кобана,3
кавкасионий,3
дзурдзукаш,3
хьоахабу,3
юкъедахад,3
деникин,3
гоми,3
черсийче,3
гӏазакхстанеи,3
порядке,3
чеченцев,3
цӏенах,3
меттаоттаяр,3
меттаоттаярах,3
бахаб,3
кхолларах,3
съезда,3
народных,3
цӏабаьхкача,3
дитад,3
республиках,3
вещания,3
качество,3
гнтрк,3
прошла,3
телекомпанеш,3
дабе,3
даьттагӏа,3
лаьжги,3
лохерчеи,3
лийна,3
дукъи,3
гомах,3
чурчеи,3
къонахчал,3
сийлингех,3
сигален,3
палеолит,3
неолит,3
заманах,3
замаш,3
маьхалах,3
белгалъяьннай,3
материалаша,3
экономики,3
овсара,3
кавкасиона,3
вӏашагӏъийна,3
цӏихезагӏа,3
цӏенге,3
хьалхагӏарча,3
гӏоллеи,3
герза,3
дохадаьд,3
зовр,3
ресурсаш,3
тийркеи,3
идалеи,3
хоамага,3
зӏамигеи,3
теркал,3
включающий,3
разнообразия,3
ирана,3
шань,3
поиска,3
студентий,3
формате,3
объектах,3
дегӏаяр,3
географическое,3
геоэкологии,3
спбгу,3
информация,3
почва,3
гӏордаьнна,3
гергала,3
дынбаргий,3
синт,3
яьннача,3
ханашта,3
мохки,3
лакхахьарча,3
гӏишлоши,3
ареяр,3
говзанча,3
тӏоговзанча,3
злой,3
серноводски,3
бехка,3
хиннараш,3
петра,3
тӏатовжаш,3
феса,3
багратиони,3
даьржад,3
бангладеша,3
дакка,3
шаьма,3
рома,3
дегӏий,3
муттхьал,3
литературахи,3
предания,3
повести,3
дахкилг,3
игорь,3
кхоачашду,3
лохарча,3
дуненца,3
къахьегамца,3
цӏийх,3
социале,3
дешарчех,3
пхьаи,3
дж,3
цӏийоаккхаш,3
религия,3
бийсах,3
сутки,3
деревня,3
хьаду,3
отражение,3
разряд,3
преимущественно,3
замалахь,3
тоатал,3
дӏакхета,3
аьли,3
амарах,3
ӏобигачул,3
тӏехьардар,3
хьаракаца,3
температур,3
дошохьазалгаш,3
ган,3
дубайи,3
департамент,3
нийлхагӏа,3
сино,3
хьагучох,3
ецхам,3
грибов,3
зоологе,3
плацентарни,3
пхьу,3
жожагӏате,3
культурашкеи,3
еврейская,3
дуъ,3
сакъердаме,3
минус,3
кӏолха,3
юбилея,3
указ,3
создании,3
предпринимательства,3
зоны,3
всероссийская,3
создан,3
месяца,3
постановление,3
дыхание,3
ингушском,3
оно,3
десятичной,3
фибоначчи,3
белла,3
меандровое,3
цифр,3
степень,3
следующим,3
провести,3
конуса,3
находятся,3
науке,3
периоды,3
музыкальный,3
франц,3
написали,3
божественная,3
служит,3
звучания,3
дом,3
недели,3
приближение,3
уровне,3
любое,3
случае,3
порядка,3
состоянию,3
остаётся,3
делятся,3
второго,3
сезона,3
великобритания,3
аргентины,3
коалиция,3
бельгия,3
люксембург,3
особые,3
вселенной,3
христианстве,3
бог,3
святой,3
утро,3
тройка,3
международном,3
германская,3
попытки,3
электротехнике,3
тройной,3
голубой,3
письма,3
времён,3
алеф,3
ӏаламе,3
говорящих,3
арабском,3
целях,3
фордаца,3
южное,3
шахьараши,3
цхьалхача,3
моча,3
белгалбу,3
экономике,3
дебадалар,3
дакъилг,3
метро,3
встречается,3
ссылок,3
британская,3
документах,3
которому,3
годах,3
сняли,3
половины,3
самого,3
картах,3
кӏалтайпа,3
кертерча,3
лоамен,3
республикаси,3
шийлагӏа,3
дам,3
ӏалашо,3
салте,3
пхорч,3
дистача,3
акхабоабашк,3
генаргаш,3
алжир,3
ййа,3
полная,3
йистача,3
лаьрхӏачох,3
цахилари,3
цитологи,3
эмбриологи,3
нская,3
бразилен,3
тийнача,3
астралера,3
сою,3
востоку,3
военные,3
ахбураш,3
экономикан,3
оттар,3
товарах,3
гӏулакхах,3
хотт,3
васкет,3
аьдагӏчен,3
аьрзеш,3
паччахьалкхенашкеи,3
бӏумат,3
ӏаькъатӏе,3
аэробаш,3
анаэробашта,3
собственно,3
целый,3
представителей,3
багӏдаде,3
ткъоалагӏча,3
гаьнаши,3
кукал,3
сирача,3
таралеста,3
яхачунна,3
лла,3
эсеи,3
южный,3
ӏойилла,3
байдда,3
сунженского,3
путём,3
виде,3
нта,3
бертех,3
берзах,3
бочабӏарах,3
орех,3
кийчъяь,3
сахьарен,3
объектех,3
мӏизар,3
медиа,3
язбаьб,3
сурташи,3
хьабергболаш,3
инкубатор,3
яккхар,3
ӏодилла,3
масс,3
вӏашагӏъехк,3
рубрика,3
работы,3
тӏакхетарца,3
дальше,3
далее,3
воалла,3
эшац,3
микки,3
пхьегӏа,3
оалхазарашта,3
цӏалг,3
оагӏата,3
леташ,3
лергаш,3
цергаш,3
мекъашк,3
нух,3
чоалханеча,3
шаӏми,3
ахке,3
белхара,3
теркалде,3
формаш,3
йойла,3
долда,3
даькъала,3
мархаш,3
даьчунна,3
кодам,3
алапий,3
яхьарат,3
нил,3
оазаша,3
гӏулакхага,3
зам,3
ст,3
дил,3
сатийна,3
ягӏача,3
тополь,3
цхьаццайолча,3
рь,3
йовлошта,3
тбилиси,3
эггар,3
юлиус,3
дена,3
томе,3
известный,3
исторических,3
лидер,3
политический,3
мулла,3
мечети,3
мураш,3
первобытная,3
дӏаьхача,3
кхедара,3
декоративни,3
йийкъар,3
йоӏага,3
беркате,3
денгара,3
окружающей,3
природе,3
змеи,3
ирландия,3
хьабоагӏа,3
движения,3
устройства,3
исторического,3
слоун,3
таьрахьа,3
тӏехьава,3
дагардара,3
тил,3
корсам,3
ассамблейс,3
шераца,3
дӏайолалу,3
чакхъяьннача,3
кхерамзлен,3
квартира,3
лауреаташ,3
росси,3
акционерни,3
издательстваш,3
опера,3
балет,3
дирижёр,3
болхлойи,3
дӏайхагӏа,3
тӏая,3
маздаке,3
шахьарий,3
тогда,3
наоборот,3
судьба,3
ви,3
тӏехьайоагӏа,3
ялара,3
расизмаи,3
латтара,3
энергетика,3
сердалон,3
системан,3
хронологеш,3
рец,3
речь,3
эра,3
дуненмаза,3
еха,3
главе,3
ирака,3
годом,3
появления,3
вано,3
украинский,3
демократически,3
ректор,3
продюсер,3
скульптор,3
курпе,3
павлодарская,3
дешареи,3
кепатехаб,3
маршрут,3
революций,3
события,3
бийсолт,3
хьайийлла,3
нийсденнар,3
урамаш,3
доахка,3
чоп,3
ялхазза,3
вера,3
должны,3
сказать,3
меня,3
белгалонах,3
дӏаалар,3
компанеш,3
оператор,3
бӏорахол,3
восточная,3
казахстанская,3
неофициально,3
оагӏонна,3
орган,3
вблизи,3
неё,3
нервной,3
трубки,3
коже,3
джона,3
къоарза,3
ненна,3
энрике,3
триллер,3
иудаизме,3
американского,3
маршалла,3
машина,3
часы,3
компьютерная,3
хургхиларах,3
тешар,3
тохарца,3
бориса,3
животного,3
принимаемая,3
кем,3
движении,3
известное,3
произведения,3
короля,3
ахчацара,3
хьашт,3
франци,3
порташ,3
хаи,3
чакхдаьккхад,3
дӏаала,3
эзареи,3
фаччагӏа,3
кӏомала,3
физиологи,3
иерархе,3
кепал,3
джеффри,3
чарлз,3
хх,3
поэзии,3
дружбы,3
хишкаш,3
тюлени,3
морские,3
виноградов,3
владимира,3
беша,3
гӏар,3
хьаяьккха,3
магасера,3
даьтта,3
инвентарни,3
низамий,3
психологи,3
хоамбоаржабар,3
масжид,3
боккъал,3
аллахӏага,3
мадданара,3
математик,3
ассалам,3
основании,3
виды,3
всей,3
организмаштеи,3
таксона,3
гойтам,3
гонахье,3
даьккхачул,3
линней,3
улоф,3
рудбек,3
григорианскому,3
календарю,3
штаташи,3
базаш,3
систем,3
исследований,3
медицины,3
штаташкара,3
графика,3
алл,3
солнечный,3
червей,3
средств,3
космических,3
возраст,3
белгалдаха,3
методашца,3
паччахьалкхенаша,3
виртуальни,3
княжество,3
социалистическая,3
корея,3
штаты,3
палау,3
признанные,3
признали,3
независимость,3
осуществляет,3
контроль,3
ним,3
дипломатических,3
ними,3
владения,3
имеющие,3
заморских,3
атолл,3
сортировка,3
плотности,3
общероссийский,3
бомбаш,3
экспедицена,3
фуртовгера,3
менделеев,3
мохктохкархо,3
тӏатеӏӏа,3
гимнази,3
чакхъяьккха,3
цӏавена,3
следователь,3
боахкача,3
гулдаь,3
даьша,3
тарматал,3
хиллара,3
шинне,3
дешарга,3
арахецача,3
элементашта,3
произведене,3
уйлах,3
психологе,3
проблемаш,3
гали,3
матюрен,3
бриссон,3
вандея,3
гӏаьра,3
юкъедолх,3
италий,3
архитектор,3
моарталаш,3
тоаде,3
наькъ,3
пайхамарага,3
канаькъан,3
хьамза,3
фаьренгийи,3
ларах,3
федеративни,3
яйна,3
сахьате,3
бесаех,3
хьажах,3
доацалга,3
могадаь,3
хьатӏа,3
рни,3
областах,3
хьаяр,3
боахама,3
ӏалашдар,3
бугӏий,3
шинарах,3
дийнатех,3
доссадаьд,3
сахьабаш,3
бласть,3
иппали,3
маьржа,3
хьох,3
боалаш,3
тысяч,3
содержит,3
языках,3
важность,3
появлению,3
диалектов,3
ӏаламеи,3
къоабал,3
дӏадаларца,3
паразиташ,3
лоадаме,3
астараш,3
хоаламаш,3
харцо,3
моллюскаш,3
полость,3
тоабара,3
бластопора,3
хӏамеи,3
чоабол,3
говрах,3
йӏоахолаш,3
гӏабоаккхаш,3
боларагӏа,3
йортагӏа,3
ахар,3
локомоци,3
физиологе,3
аргӏ,3
говрашта,3
кхетамца,3
хьавӏашагӏтехача,3
дуз,3
бассейний,3
боахаман,3
гуржехьецара,3
урсдон,3
кхетталца,3
ӏаламсаг,3
кулгалхоех,3
кӏалхарча,3
тӏоговзанчаш,3
вирусашта,3
вирусий,3
инфекце,3
иммунитето,3
далийта,3
вич,3
классика,3
доалийташ,3
архитекторий,3
тӏого,3
автобуса,3
хӏирийи,3
дуташ,3
эта,3
смысл,3
хӏамаша,3
ӏаткъаш,3
ханашцара,3
лагӏаш,3
ӏохьоахадаьд,3
вижар,3
наьн,3
яллалца,3
цецвалар,3
тӏомар,3
канадеи,3
отличается,3
цхьадараш,3
болчарех,3
тувла,3
ух,3
хоадам,3
гам,3
ӏома,3
древних,3
техе,3
хургдола,3
бекхам,3
кхайкадеш,3
хиннавола,3
къорӏана,3
льни,3
малхбоалехьарча,3
тӏаэц,3
хӏирийчени,3
нна,3
джуз,3
единицаш,3
рт,3
ед,3
ӏусма,3
хали,3
ӏамарч,3
хай,3
шайх,3
вестник,3
современная,3
романий,3
къоано,3
хьаэтта,3
юкъейоалаяьй,3
маркхал,3
хийи,3
бизза,3
махьмуд,3
эргаш,3
когаца,3
темп,3
юкъфорда,3
кавказаи,3
хьадаьд,3
мухӏдоша,3
онгушт,3
дашхар,3
шаьре,3
декъарца,3
раьгӏе,3
чемпионаш,3
терминологи,3
алтай,3
гималаяш,3
аренца,3
кавказдехье,3
кавказдехьен,3
детт,3
лоралца,3
нуклеотидий,3
спираль,3
гомеостаз,3
хулла,3
хирургий,3
уне,3
инициаци,3
инициацен,3
репликон,3
микроскопа,3
хромосома,3
генома,3
тоа,3
шолхача,3
кхолл,3
фрагмент,3
кхоллача,3
ферменто,3
ферменташа,3
сихъю,3
атф,3
ген,3
фактор,3
онтогенезагахьа,3
онтогенеза,3
юкъеяьккхай,3
относительно,3
млекопитающих,3
желтком,3
внутри,3
образуется,3
обеспечивает,3
эмбриональный,3
зиготы,3
выхода,3
яйцевых,3
оболочек,3
органогенез,3
объём,3
ядро,3
цитоплазмы,3
протекает,3
дробится,3
телолецитальные,3
величины,3
целиком,3
достаточно,3
гаструляция,3
полюса,3
эктодерма,3
первичный,3
внутренний,3
образуя,3
этапе,3
осуществляется,3
связано,3
иметь,3
гӏоз,3
эндотӏехкий,3
тӏехкех,3
бекъ,3
тӏатеха,3
гале,3
метаболизм,3
кӏадий,3
чӏоаггӏа,3
гиалина,3
мазай,3
перихондри,3
кӏадай,3
хьаярца,3
кӏадаех,3
матриксе,3
чачхамаш,3
эластина,3
керттердар,3
минералаш,3
шийгахьа,3
оагилгехи,3
лейкоциташ,3
дӏадаха,3
бус,3
элементаша,3
гематокрит,3
хьамилгаш,3
плазман,3
ммоль,3
гемоглобина,3
салийна,3
механически,3
дувттача,3
клиника,3
лазараши,3
анеми,3
белгала,3
объёма,3
низкое,3
содержание,3
лимфа,3
турце,3
йоазонхоех,3
цӏокъболат,3
кальций,3
титан,3
медь,3
мари,3
исланди,3
земной,3
дӏаеннай,3
ниуэи,3
докъадаь,3
гӏирса,3
дада,3
армении,3
телачох,3
терапии,3
терапия,3
спектра,3
хирургически,3
увттае,3
унахо,3
хьатӏаийца,3
куцаши,3
дӏакхачийта,3
ваьрал,3
лакхагӏеи,3
кипра,3
хӏамо,3
цӏокъбо,3
лата,3
гофмана,3
тадеуша,3
мостовича,3
вильчур,3
косиба,3
сагота,3
воацача,3
къаста,3
дайнача,3
рузкъас,3
доаккха,3
чиньский,3
воӏах,3
кхелахо,3
гофман,3
тоадархо,3
мате,3
ильяса,3
бизнесмен,3
боарама,3
кулгашца,3
хаьттад,3
кох,3
кхоана,3
тӏехьашкахьа,3
таьлме,3
фуаш,3
радиостанци,3
радиостанце,3
кхерамзле,3
хьокхачеш,3
соагӏапча,3
вешийца,3
ийцар,3
малхбузерчеи,3
бухе,3
босенах,3
вып,3
мелитопольский,3
краеведческий,3
водные,3
объекты,3
физик,3
мукъагӏа,3
аята,3
хьулера,3
хиннараши,3
барона,3
гӏап,3
хаза,3
коды,3
считать,3
таханара,3
эстиче,3
гулдеча,3
гамаж,3
рабселькорий,3
хьехархои,3
николая,3
багахбувцам,3
дӏаязбеш,3
оригинала,3
шаьрал,3
буц,3
дийза,3
хайнав,3
урхаз,3
дегӏамашка,3
немцийи,3
дийхкаш,3
ӏохьача,3
краткая,3
вся,3
явление,3
вер,3
дӏайоалаш,3
ведомственни,3
научный,3
совете,3
дезачох,3
ӏохьаш,3
дӏаяхача,3
турпалхочун,3
мороженой,3
математикай,3
футболах,3
аьрзена,3
къоастоша,3
воӏа,3
коазойлоам,3
яхалга,3
йодаяь,3
цаӏаш,3
йоттара,3
фега,3
женщин,3
семинари,3
труд,3
дешарчений,3
номере,3
супача,3
евангелие,3
тексты,3
завет,3
библии,3
канон,3
церкви,3
разделе,3
фатимай,3
латаш,3
гаьнара,3
тӏехьаоалар,3
тата,3
хоамбаржабархо,3
маьхаза,3
гулламашка,3
жена,3
историографии,3
помощь,3
сагахи,3
лакхеи,3
оахам,3
дешача,3
чакхъяьннай,3
дора,3
ансамбла,3
яьккхачул,3
методист,3
муӏаш,3
чакхваьннав,3
цӏавеначул,3
дешачарна,3
библиотеке,3
проза,3
жалоба,3
художественни,3
поэташ,3
офтальмолог,3
молгми,3
профилактика,3
лечения,3
академика,3
яхььяс,3
моастагӏчоа,3
догӏанха,3
лаьттав,3
драматурги,3
болхлоша,3
бачеи,3
перестройка,3
буран,3
ӏаи,3
вӏашагӏкъасташ,3
тӏабахийта,3
премеш,3
родичев,3
образовывать,3
возможность,3
особый,3
свойств,3
данное,3
источник,3
функце,3
гетероцикла,3
ювцар,3
спектроскопи,3
зза,3
болашагӏа,3
яхари,3
кхаьчай,3
койсу,3
хьадоагӏ,3
мухаммада,3
листьях,3
всем,3
здесь,3
зейдом,3
аятов,3
аллахом,3
тому,3
лишь,3
значении,3
стихов,3
пророком,3
глав,3
умар,3
точности,3
фрагменты,3
какие,3
начала,3
погибло,3
своему,3
этим,3
диалектах,3
чтений,3
множество,3
одному,3
столетия,3
древнейшей,3
написан,3
мнение,3
свои,3
христиане,3
проповедей,3
основу,3
асхьабий,3
монотеизм,3
ьла,3
воацалга,3
даьлах,3
страшный,3
веры,3
потому,3
святые,3
царства,3
вам,3
метаболиташ,3
метаболизма,3
детталуш,3
рекомендации,3
мезэнцефалон,3
гувнашта,3
тӏуми,3
тхов,3
када,3
долчеи,3
чоалханегӏа,3
стади,3
вироидаш,3
каталог,3
аьхартенах,3
букъатӏехкьяраш,3
муми,3
мугӏами,3
секци,3
газеты,3
паччахьалкъен,3
хьаэцаш,3
лакхъе,3
дезаденна,3
халкъо,3
гӏулакхаца,3
дахьаш,3
совлен,3
грозненский,3
альвеола,3
часовня,3
астрахани,3
миаех,3
тӏоара,3
маьженашкареи,3
кӏадашкареи,3
аностомозаш,3
артереши,3
детталуча,3
насос,3
тувсаш,3
шегӏа,3
яллинге,3
дувсадалар,3
артере,3
чӏибала,3
прери,3
саванна,3
географические,3
шаьла,3
вегетативни,3
используются,3
литературай,3
высочайшие,3
карстенса,3
программы,3
варианту,3
кӏадаши,3
миаши,3
пхалгаши,3
гулду,3
чакхдоаллаш,3
мархий,3
хьаькъале,3
персидского,3
аяте,3
поститься,3
лекарств,3
исламе,3
потребностей,3
рамадана,3
динга,3
сулак,3
июле,3
гэс,3
эндокринни,3
сихача,3
хьекхад,3
руни,3
лиза,3
рэй,3
салли,3
филд,3
маргулис,3
ахбур,3
наӏартӏен,3
тувлорга,3
коачала,3
хазара,3
чош,3
хьаьхи,3
тӏехьанахьара,3
цхьанкхетар,3
гучара,3
яремную,3
яремной,3
яремная,3
линии,3
яремные,3
идалбат,3
арабо,3
территорий,3
сомаши,3
хоахкаш,3
логотип,3
ахчано,3
фикъхӏа,3
иджмаӏа,3
дӏатохаш,3
мочхала,3
телерадиокомпане,3
темаш,3
люба,3
къаьгга,3
дагарадар,3
самолётаца,3
йишас,3
дешарашта,3
вовзийта,3
йишийца,3
лейлайга,3
аьннача,3
нийслора,3
дагадехар,3
йолаяьча,3
кхелаш,3
могар,3
укхо,3
сайна,3
леш,3
йишийна,3
халахетар,3
дагадоаллаш,3
сецар,3
догтийша,3
енначул,3
яздаьча,3
кхоачарагӏа,3
йоӏа,3
дезалга,3
тӏакхувш,3
безаме,3
кица,3
хьаллоацаш,3
луизаи,3
дувхаш,3
лаха,3
аматах,3
мехкарашта,3
ладувгӏа,3
хьала,3
хьавас,3
хьогаш,3
йисаяц,3
тӏахӏирах,3
коля,3
даи,3
нанеи,3
ховча,3
йолаелар,3
лакхара,3
къамаьлах,3
йигача,3
кхоачамбоацар,3
езар,3
делча,3
пайданна,3
герзаца,3
шадинаькъан,3
йӏаьххача,3
книжканна,3
ерригсоюзни,3
яьхай,3
телехьежареи,3
радиокхайкаяреи,3
мочкъеи,3
бӏунхои,3
нитраташ,3
тӏехдомен,3
ранга,3
газов,3
древнего,3
эпохи,3
доалчено,3
кхахьа,3
чакхдалар,3
дошох,3
дотох,3
ӏотӏадож,3
ӏотӏа,3
ялатахи,3
сомехи,3
бӏаьннех,3
ганзах,3
эдар,3
белгалдаьнна,3
имамага,3
ӏабдуль,3
закята,3
километре,3
сурхохин,3
корпусаш,3
тептарче,3
спортивная,3
дешарченаш,3
кухня,3
хьалтӏам,3
кукурузной,3
творога,3
хьовл,3
мёда,3
сийлахьа,3
байташта,3
хийла,3
пирогов,3
агра,3
къуббаш,3
берийкино,3
арадаьлар,3
исмаӏалах,3
культурахи,3
ӏалларой,3
найк,3
даӏват,3
закир,3
найка,3
бийсана,3
вӏашагӏкхийтта,3
хилва,3
геокодаш,3
мутаӏалимашта,3
совтанаькъан,3
эшадалар,3
миокарда,3
митральни,3
болезни,3
симптомаш,3
хроническая,3
лечение,3
хинкъайг,3
мозга,3
оагӏоно,3
росреестра,3
шедоалдар,3
хаифа,3
харачой,3
ӏадрахьмана,3
лабороторен,3
къуркъа,3
гӏазданаькъанцеи,3
тӏох,3
оз,3
элберд,3
мочкъийна,3
тӏавилла,3
пирстопа,3
хеви,3
курорташ,3
инженера,3
оргкомитет,3
доттагӏала,3
шукри,3
терека,3
осетин,3
жители,3
эпоним,3
дурдзуков,3
груз,3
дзурзукии,3
цховреба,3
грузинский,3
овсов,3
описанию,3
грузию,3
места,3
глигви,3
правители,3
осетины,3
генрих,3
клапрот,3
армянских,3
походы,3
скифо,3
дурдзука,3
удел,3
таргамосидов,3
совершили,3
ираноязычные,3
дракоша,3
тоша,3
фаппи,3
фяппинцы,3
экспедиции,3
татренаькъан,3
математикахой,3
физикахой,3
духлохамхой,3
холмс,3
еххьара,3
улакх,3
фен,2
цӏув,2
тӏехваьнна,2
диллачул,2
шоане,2
боахкаш,2
цӏайсаг,2
къахьийгарех,2
хьалхадоахаш,2
вахарца,2
шоанхой,2
хенахзӏокъеттаргаш,2
бӏархой,2
зирхатахи,2
онда,2
ӏамаши,2
оакафордашка,2
ӏамашкеи,2
гуллу,2
доккхагӏдола,2
хишкеи,2
белггалча,2
хинзиза,2
шанаш,2
дикъа,2
алапате,2
хьетт,2
боах,2
тропикашкара,2
юртбоахам,2
каӏбат,2
гуллуш,2
хьажцӏенах,2
баккхарца,2
тӏавоаф,2
отдел,2
хьармакхазиза,2
сортий,2
кхеду,2
дагаръю,2
садовая,2
японская,2
китайская,2
кӏах,2
кӏих,2
даргдоацаш,2
даараш,2
хьоара,2
взаг,2
дугарой,2
цхьогал,2
цӏов,2
цӏеракӏаьга,2
кури,2
сигалара,2
даша,2
трахейнодышащие,2
гилярова,2
цӏердешо,2
классах,2
предложене,2
кор,2
спектакль,2
башлоам,2
дикал,2
сихал,2
адар,2
бейсултанович,2
ивизда,2
лайсат,2
баматгире,2
макшарипович,2
султа,2
нович,2
устархана,2
татарханович,2
нальгиев,2
осканов,2
османович,2
мажита,2
гӏайтий,2
иналук,2
алаудин,2
сейнароев,2
султыганаькъан,2
сараждин,2
мусаевич,2
билан,2
эльмурзиевич,2
муртузович,2
берснакъа,2
газиков,2
берснако,2
саганаькъан,2
гапур,2
албаканаькъан,2
охлой,2
эке,2
хизар,2
чомаканаькъан,2
муртуза,2
гагиев,2
абабукара,2
зурабанаькъан,2
юсупович,2
ахметовна,2
заурбек,2
мурзабеков,2
асхаб,2
исмаӏалий,2
якуб,2
угурчанаькъан,2
татарович,2
идрисович,2
хамарзий,2
яндиев,2
джамалдин,2
гагиева,2
ратмир,2
мамиланаькъан,2
мамилов,2
хамидович,2
хава,2
ӏамархананаькъан,2
абаьданаькъан,2
джабраила,2
ахмедовна,2
аьсет,2
хадижат,2
тимурзиев,2
цицкиев,2
фариза,2
эсмарзанаькъан,2
албастович,2
хаджи,2
поаланкой,2
мурат,2
аьлданаькъан,2
арскиевич,2
джаннат,2
гвардии,2
награждён,2
оборону,2
ленинграда,2
берлина,2
другими,2
представитель,2
репрессированных,2
награду,2
эту,2
подполковник,2
брестской,2
батальона,2
экс,2
лсаг,2
ротмистр,2
императорского,2
стратегического,2
начальника,2
байконур,2
дикой,2
сафарбек,2
особого,2
лагеря,2
чеченцы,2
лагере,2
сосланбека,2
вступил,2
бой,2
танков,2
звания,2
нагоном,2
карабахе,2
разведроты,2
нагорного,2
карабаха,2
запасе,2
аушева,2
юсуп,2
воевал,2
островах,2
цуров,2
авиации,2
именем,2
фсб,2
полный,2
бригады,2
состава,2
ввс,2
укуров,2
самой,2
осетии,2
мухарбек,2
воронежского,2
ибрагимович,2
уфскн,2
могушков,2
ск,2
вс,2
ппс,2
вице,2
кикбоксингу,2
среднем,2
серебряный,2
первенства,2
неоднократный,2
токаев,2
школы,2
борьба,2
олимпийских,2
аржбериевич,2
классической,2
суламбекович,2
связей,2
кубка,2
международных,2
юнузович,2
римского,2
олимпиады,2
турнира,2
двукратный,2
доброй,2
самбо,2
вешагуров,2
казахстан,2
призер,2
арсмакнаькъан,2
мухьаммадгире,2
футбол,2
баканаькъан,2
сейт,2
играл,2
локомотив,2
аслаханов,2
асламбек,2
каримов,2
абдулкарим,2
справочника,2
викалий,2
антарктидеи,2
цисках,2
кӏоригах,2
бахьанце,2
систематиках,2
сост,2
дуар,2
шовзткъеи,2
кепи,2
конце,2
существующих,2
классификации,2
месте,2
стоит,2
важное,2
большие,2
пальмовые,2
оагӏарахьара,2
овлах,2
чӏагарг,2
чӏега,2
ӏад,2
шийттлагӏа,2
цхьолагӏа,2
хӏаназарча,2
змееносец,2
ӏаддалхо,2
гӏалгӏайченга,2
чинтолг,2
шимпанзе,2
ченкехье,2
юкъеяхьа,2
баген,2
дира,2
теза,2
дӏадоладенна,2
экосистемаш,2
сувсакха,2
кепашта,2
чкъаьрийдуарга,2
пхьидарчи,2
чоапилгаш,2
човка,2
кхи,2
нох,2
гӏалгӏашеи,2
нохчашеи,2
хӏирашеи,2
чокхех,2
теӏа,2
кортмукъале,2
чӏагаргаш,2
чӏагаркӏалг,2
ялхаллагӏа,2
шовда,2
шурткъа,2
шахар,2
кхаькхале,2
шувцарехье,2
рм,2
ӏар,2
къоабалдаь,2
лари,2
мазаоагӏон,2
мукъамаш,2
петр,2
джузеппе,2
пуссена,2
мозаика,2
кхолламашта,2
йихьа,2
московский,2
григорий,2
оршотаи,2
диваж,2
юкъедаьккхача,2
кхашта,2
ушкорт,2
шанашкара,2
закан,2
догӏаш,2
меттигаш,2
кечалаши,2
герзи,2
нохчаша,2
айделча,2
лувц,2
яьдаш,2
алхан,2
шолча,2
ӏинкаш,2
йӏоахол,2
дунеш,2
молоке,2
хьазилгшура,2
итталлагӏа,2
эп,2
сихеи,2
бацар,2
тешалаш,2
хьунагӏа,2
кӏури,2
аэропорт,2
орца,2
опий,2
карагӏ,2
дӏатеха,2
йоагаяьй,2
болабелча,2
латараш,2
боахамашта,2
гӏалгӏаи,2
югӏм,2
сакъердама,2
соцаяьй,2
ельцин,2
тӏадожаду,2
хьожадеш,2
дӏабахар,2
амбулатори,2
диспансер,2
физкультура,2
айду,2
шунче,2
тоабаь,2
лара,2
дегӏадена,2
эзе,2
эккажакъонгий,2
къулбехьенгахьа,2
меттел,2
къоастаеш,2
гӏазий,2
археологашта,2
заманга,2
ман,2
барайттлагӏа,2
ткъестлагӏа,2
тӏаухаш,2
моастагӏчун,2
бӏуво,2
тоадаьд,2
шоаша,2
дийзад,2
назрановский,2
бурятий,2
саӏиди,2
духтохкархоша,2
лоаттабеш,2
сурхатӏера,2
дӏахьежача,2
юрташкара,2
лоаттадаь,2
аййенна,2
оаламашка,2
вувцаш,2
ӏотӏехьаваьлча,2
кӏужбагӏа,2
юрташкарча,2
хӏанзчул,2
истореца,2
турпалаштеи,2
овттадаь,2
саламхана,2
бӏуна,2
кагирхошта,2
эшашдола,2
тхьовра,2
хьайоаккхаш,2
юртбоахамца,2
янехье,2
кховзткъеи,2
афины,2
хӏиндоевроперча,2
доаржадаь,2
ӏилмаца,2
дехьара,2
ткъесткъа,2
ялхлагӏча,2
лоамера,2
фордага,2
тӏаийцайоацача,2
нский,2
кайран,2
ядерные,2
таш,2
археишта,2
вирусоидаши,2
хӏабиш,2
дешархой,2
принц,2
украинхойи,2
органаш,2
ӏаьдалаши,2
индустриальни,2
географически,2
овлан,2
лайх,2
гватемала,2
гондурас,2
рика,2
панама,2
валюта,2
баьтамарза,2
ингалсийи,2
большей,2
средний,2
бахрейн,2
оман,2
катар,2
саудовская,2
эмираты,2
йемен,2
ябакх,2
яй,2
хургбола,2
яма,2
адамо,2
балте,2
кхелхача,2
сомабаьккхар,2
вод,2
хьаийцад,2
путь,2
язъяра,2
арабаьннаб,2
арайийнай,2
хьахьокха,2
халонна,2
кӏант,2
кхеве,2
стихотворене,2
даллалца,2
могаеш,2
дуача,2
чакхвоал,2
ноахал,2
доаггӏа,2
цунцара,2
йийшача,2
хьадена,2
совбоаккх,2
доаладаьд,2
хозача,2
хьалкхийнав,2
деналах,2
дохаш,2
сатем,2
ӏуйренца,2
декадеш,2
гучадоал,2
дув,2
чакхйоакх,2
ӏодахьийта,2
ваьхар,2
яндакъонгий,2
тӏемах,2
делкъе,2
яндархий,2
магасагара,2
ӏодоагӏа,2
лийгаш,2
дах,2
гӏайрбик,2
юрто,2
барханой,2
местой,2
нихон,2
ниппон,2
коку,2
арктике,2
арктикай,2
ландшафт,2
тӏехена,2
антарктидаца,2
азбука,2
глаголь,2
нагг,2
германи,2
кӏайэрсеи,2
ӏолега,2
мерзи,2
кӏарцхалаш,2
ӏарждарбуц,2
юстарал,2
лр,2
ӏатташца,2
оамала,2
воро,2
ӏаӏа,2
явлений,2
бакъъеш,2
дӏачӏоагӏъю,2
оттама,2
закона,2
кулгаткъама,2
дараша,2
бакъдац,2
лийнар,2
кхийнав,2
ӏуй,2
цӏеелча,2
кийчбе,2
поп,2
португа,2
миранд,2
ишколера,2
дагара,2
материкаш,2
исбахьалеи,2
техникеи,2
социология,2
зӏилбухеи,2
лоадамах,2
слепцовская,2
барсуки,2
востоке,2
ялхийттлагӏа,2
химически,2
статистически,2
кодекс,2
справочно,2
лицей,2
карьера,2
истмален,2
зия,2
тоадаь,2
моастагӏал,2
чувелла,2
араваьннав,2
пхьедаь,2
путч,2
къамашка,2
лаьрхӏай,2
декъадаларгахьа,2
донецки,2
силлой,2
гӏирсашка,2
рум,2
хийисте,2
бразилехьен,2
жанейро,2
йоккхалага,2
библиотекий,2
екатеринас,2
укхох,2
хетача,2
кхоачашдарца,2
делкъа,2
бав,2
германе,2
германен,2
дворяний,2
другой,2
чаще,2
диска,2
химия,2
химический,2
обозначается,2
ноты,2
аккорда,2
такта,2
сс,2
регулярный,2
длиной,2
советских,2
токе,2
электроснабжении,2
фаз,2
проводов,2
контактов,2
маккеи,2
хашимитий,2
лихтенштейн,2
тӏехйоккха,2
ӏалашонца,2
цхьоаллагӏа,2
оагарбуц,2
сайрен,2
цӏенхашта,2
кхоллами,2
фусамера,2
парижа,2
франсез,2
ифигения,2
театрашка,2
ловзаде,2
автораш,2
бело,2
кин,2
генийи,2
гамлет,2
театро,2
рюи,2
блаз,2
сарас,2
хиннайола,2
гамлета,2
елизавета,2
бӏалгӏа,2
актерий,2
говзалах,2
скриб,2
франсуа,2
бена,2
андре,2
донья,2
ловзъеш,2
фейе,2
маргарита,2
клеопатра,2
ростан,2
мендес,2
арка,2
тереза,2
тристан,2
люсия,2
бийсанара,2
иллюстрацеш,2
бернард,2
полное,2
ленинград,2
государственное,2
михайлович,2
сары,2
элеоноры,2
взаимоотношениях,2
актёры,2
персонажей,2
консерватории,2
искусства,2
масехк,2
мифологический,2
сарсалий,2
сарсал,2
ннел,2
бодж,2
кӏудал,2
саьрчий,2
тӏехбоккха,2
кинофильм,2
дешаргаши,2
тв,2
бес,2
шаькъа,2
пхелагӏача,2
селасат,2
ахбуре,2
бӏи,2
малхбоалега,2
иволга,2
бедар,2
кача,2
партеи,2
известия,2
хьатӏаэцаш,2
приём,2
редактори,2
сердалъялара,2
секретари,2
максима,2
лепа,2
соуль,2
цӏок,2
дерзан,2
покрыт,2
перьями,2
встречаются,2
местах,2
сухих,2
голландии,2
сигалахийкхухьарга,2
белого,2
голос,2
звук,2
клюва,2
лакхегӏа,2
даьккхар,2
сатувса,2
эсалагӏа,2
боацалга,2
балалехьа,2
шек,2
тӏеххоза,2
башаш,2
йоагаш,2
цхьанахьа,2
дне,2
уэльс,2
ӏохайша,2
бесар,2
брани,2
хьалбаха,2
эгӏара,2
дизад,2
боахаш,2
хаме,2
баьккхача,2
бовний,2
неясыть,2
совы,2
мудрости,2
всегда,2
лоацдаь,2
фер,2
бокъонашца,2
хьаькъали,2
джейнаш,2
результаты,2
юртаи,2
ораш,2
тархьархоша,2
даьда,2
ӏамгатӏе,2
лелаергйолаш,2
дагадоагӏаш,2
дӏатиллай,2
отарашка,2
цӏерашта,2
хишк,2
фермаш,2
ӏема,2
хьунах,2
дӏайолаенна,2
дайза,2
лелхаш,2
ремаш,2
юртагахьа,2
нал,2
ӏабе,2
даа,2
ӏалашбе,2
ӏоабаь,2
меттаоттаяй,2
даьгӏад,2
хьулалуш,2
бийсанна,2
хьужаренаш,2
йиӏигаши,2
кӏаьнкаши,2
кхайкабе,2
ханарча,2
дӏакъайла,2
хьаяьчул,2
хьехаши,2
чугӏоргдолаш,2
школаш,2
хьалъяь,2
тӏакхийттад,2
дийла,2
зӏамагӏвар,2
чӏегилг,2
хьаста,2
ахац,2
таронаш,2
улицах,2
меданаькъан,2
лораер,2
устаз,2
аьланпхье,2
алапаташкара,2
агӏлой,2
гӏаьбартий,2
доаргӏой,2
тӏабасрой,2
цӏахбий,2
гравитаце,2
лаьттех,2
къозашке,2
шувна,2
ӏохайшараш,2
тӏумхой,2
гӏантыша,2
яхийтай,2
дӏабаьнначул,2
зовранаькъан,2
гарбакханаькъан,2
жабагӏийнаькъан,2
урамга,2
шоллагӏдар,2
юртда,2
машений,2
оаттхалаш,2
дувтта,2
баьречун,2
чӏожа,2
ӏаба,2
бӏаьра,2
кердаяраш,2
тӏайоагӏа,2
дзюдои,2
самбои,2
суахили,2
траунштайн,2
занимает,2
фордашца,2
жёлобе,2
хувцадалара,2
нимфалидий,2
новости,2
лидия,2
натрия,2
аьрдачул,2
бесаза,2
руси,2
тухтилг,2
оалхазарца,2
хьаелалуш,2
зӏилбухереи,2
изданий,2
тӏаус,2
тӏаусаш,2
ниттий,2
киев,2
говзанчаш,2
университето,2
вӏашагӏтоха,2
стиль,2
хинди,2
пхьидо,2
яйга,2
бийла,2
кузов,2
назывался,2
открытый,2
экипаж,2
автомобиль,2
жанр,2
этимологен,2
фаьрг,2
гаити,2
тахкархоша,2
аралера,2
бейна,2
японское,2
соломона,2
тувалу,2
самое,2
южно,2
балтикера,2
северное,2
альборан,2
восточно,2
густава,2
содружества,2
индийский,2
мексиканский,2
атлантический,2
персидский,2
уллаши,2
бассейнаш,2
хурхал,2
бий,2
ӏадатийи,2
тешарийи,2
вари,2
кхыметтала,2
дхарма,2
карма,2
йога,2
ланке,2
малайзе,2
ӏадати,2
йоаккхал,2
океанаца,2
маьцхалий,2
хӏиран,2
фаьрсийи,2
короле,2
вство,2
кортмукъа,2
психикайи,2
физикеи,2
боарамах,2
координатех,2
оагӏарахьа,2
лархӏара,2
лега,2
акхарех,2
боа,2
дӏадолалуш,2
агломерацен,2
кортамукъалеи,2
коммерцен,2
тараз,2
ювцӏога,2
лайзиза,2
италийски,2
лезгинский,2
словари,2
кхестача,2
довзац,2
ӏе,2
хийцад,2
магнитий,2
дегӏамашта,2
шоллагӏчо,2
аьшкахи,2
хьулдеш,2
оахкалаша,2
ланге,2
лелейк,2
гӏудалкх,2
оасаех,2
охкаш,2
духара,2
йолайир,2
дилижанс,2
контент,2
бокъоно,2
лоӏама,2
хувцара,2
муама,2
ӏалашдара,2
моттигага,2
чӏаьпа,2
хьахила,2
литосферан,2
ӏоакъий,2
тӏаяларца,2
салаӏар,2
ломаш,2
великобританеи,2
ирландеи,2
ингалса,2
альманах,2
жителей,2
фотогалерея,2
люксембу,2
рг,2
люк,2
гӏинбухехьареи,2
малхбузехьареи,2
магате,2
йохаяьчул,2
пхьешта,2
оттаяьр,2
археологен,2
дарашка,2
оалойчен,2
мага,2
чаккхенга,2
къилг,2
хьоаяьй,2
масӏуди,2
ӏарбечо,2
эттаб,2
пхьедай,2
будапешт,2
мартышкий,2
дукхагӏадараш,2
дохий,2
дошалкъа,2
партизаний,2
ралсе,2
оттадеча,2
краеведене,2
сектора,2
гӏиргизий,2
арайоал,2
тархьареи,2
тӏехьага,2
къахьегамхошта,2
олимпиада,2
революции,2
издательствос,2
арахец,2
кандидатски,2
тохкамаша,2
дукхагӏйола,2
ловзайир,2
самодеятельни,2
къахьегар,2
дик,2
пушкина,2
крылова,2
иллии,2
измайлов,2
иллешта,2
йора,2
исторе,2
очеркаш,2
кхыбарий,2
защита,2
яьчул,2
полку,2
игореве,2
кхолламца,2
айламгалаши,2
хӏуррий,2
доши,2
готтача,2
географега,2
евроатлас,2
кафорд,2
европаи,2
америкаи,2
пуэрто,2
рико,2
иха,2
фордай,2
субарктически,2
дод,2
кругосвет,2
ежевика,2
румера,2
марса,2
айха,2
фобос,2
деймос,2
матема,2
объекташта,2
юкъамоттигех,2
тархьараца,2
дӏалуча,2
хьаергйолаш,2
довкъа,2
дахчаца,2
хитӏа,2
бековичи,2
черкасски,2
яхарга,2
ийдеш,2
лакхагӏча,2
ӏоакъингах,2
седкъеи,2
миср,2
арабийя,2
иль,2
моажол,2
ханоргий,2
ийслагӏача,2
йоӏий,2
моал,2
эрсечеца,2
витаминаш,2
провитамин,2
москал,2
пхьанашта,2
областий,2
возникшие,2
развивающиеся,2
естественные,2
очередь,2
общения,2
определённого,2
этноса,2
формальни,2
товзан,2
юхеи,2
муж,2
диро,2
баьхачул,2
дикагӏчарех,2
комбинат,2
болхлошта,2
попа,2
шолхех,2
юртахой,2
хьасташкара,2
хьахеца,2
гӏаьнаех,2
боалахи,2
биологически,2
дакха,2
дуненаш,2
нийсденнад,2
ийскогбарг,2
лома,2
эн,2
сыра,2
дийнахьара,2
ьсаре,2
хка,2
лоалах,2
астагӏча,2
темара,2
боха,2
наьсаренна,2
бийба,2
тархьархочо,2
шолжаи,2
ӏоховша,2
белгалъяь,2
уст,2
егӏай,2
кӏарцхал,2
тӏемашка,2
моастагӏчунна,2
вордаш,2
бурув,2
хьоахаяр,2
возгале,2
наьсаренах,2
лакхлуш,2
кертен,2
нем,2
бельги,2
ниге,2
тайпагара,2
доккхал,2
дуккхагӏачара,2
совди,2
дакасеткъарг,2
нитташ,2
нокхармозий,2
норгехье,2
йихе,2
хасой,2
шахьарашкеи,2
магӏалбикеи,2
ахмета,2
нахчий,2
чачан,2
гӏалгӏайчеи,2
краяца,2
дӏаязъяьй,2
дешархо,2
язъя,2
песня,2
амер,2
плацента,2
областен,2
орджоникидзевски,2
командни,2
мужество,2
героизм,2
присвоено,2
звание,2
мехкада,2
тессар,2
ӏалий,2
хиннавеце,2
гӏалгӏачунга,2
хьалкъа,2
берашца,2
ӏомабе,2
гӏовттама,2
дацар,2
даьца,2
виса,2
къаьда,2
дийцачох,2
жай,2
човнаша,2
кхайкорах,2
хилацар,2
ӏомадаь,2
араяьлча,2
хьаелл,2
куцага,2
ханналца,2
пролетарски,2
лаьрхӏаб,2
владикавказе,2
семенов,2
хьайича,2
хьавенав,2
нохчех,2
исаева,2
дегӏакхувлара,2
кхолларал,2
классикий,2
прозаи,2
произведенешта,2
дӏаболалу,2
ӏомадара,2
хьаел,2
классашка,2
инспектора,2
наркомпроса,2
отчет,2
наркома,2
вӏашагӏкхетар,2
стихай,2
кепайоазув,2
бета,2
комиссес,2
пединститут,2
заочно,2
редактора,2
шевар,2
къора,2
баххалца,2
киргизе,2
директоро,2
мугӏарашка,2
салаӏа,2
вийрзача,2
кепатохаш,2
молодая,2
гвардия,2
издательствас,2
раже,2
бахара,2
тӏехенах,2
океанологи,2
рябчикова,2
океанов,2
океанаши,2
плечов,2
лаьтташи,2
шинараи,2
цхьаьра,2
баларах,2
биография,2
качински,2
гӏаттара,2
гӏаттархо,2
лакхъеш,2
инирал,2
сил,2
хьаара,2
низашка,2
сийленг,2
яхьараташ,2
йийлача,2
предприятие,2
сельского,2
хозяйства,2
марка,2
честь,2
фекамахой,2
цӏеначара,2
йийкъачул,2
хьадаьккхача,2
рахмат,2
вош,2
регионий,2
пуштунаш,2
хьааларгахьа,2
юкъедаьккхад,2
эзаршерашка,2
территорен,2
тимуридий,2
кагегӏча,2
моголий,2
национализм,2
эскараша,2
юкъедехьад,2
хьалххе,2
лигай,2
гӏайнацара,2
губернатор,2
нага,2
пакистанах,2
ӏомалу,2
уль,2
гулам,2
исхак,2
парти,2
беназир,2
чрезвычайни,2
талхаш,2
ядерни,2
первез,2
партена,2
альянс,2
денналга,2
юкъехьош,2
ада,2
конфликт,2
афганистана,2
салтеи,2
мехкаех,2
вахархо,2
гӏулакхашка,2
пушту,2
индонези,2
ахмадие,2
пайхамари,2
провинцеш,2
этнической,2
тайны,2
политическая,2
правительствай,2
страница,2
ндар,2
локхарг,2
пандарах,2
пондар,2
кийлага,2
евросоюзе,2
сена,2
урхалдара,2
белгалъяр,2
вӏашагӏдоллар,2
философский,2
пекине,2
тӏоалда,2
органий,2
урхалдар,2
поло,2
полхехье,2
унитарни,2
юкъи,2
эрмалойчени,2
оартам,2
кхаьллаш,2
тӏаусбӏарг,2
юар,2
аравалар,2
вӏашагӏкхета,2
акхаре,2
мотте,2
тувлабе,2
магнитни,2
галеш,2
чкъарий,2
наггах,2
аьприкий,2
лоӏамах,2
боранаькъан,2
бацовгӏаш,2
сосуд,2
кхалеи,2
сагалматий,2
ваьха,2
инаркъе,2
ингалсехье,2
германий,2
нолан,2
йоаццаш,2
гучаяьннача,2
динза,2
малаш,2
ибрахӏимах,2
хьадаьннача,2
чӏоагӏбаь,2
оттадаьри,2
сийдолаш,2
миллионхо,2
дуненах,2
лоацагӏча,2
источникаш,2
оттадергдолаши,2
чӏоагӏду,2
италхой,2
швейцареи,2
йелла,2
вереский,2
вакциниум,2
вересковые,2
моастагӏа,2
йилбазмух,2
тексти,2
вӏашагӏатохаш,2
историй,2
романс,2
кхачийтараи,2
ӏаьржбаьре,2
латархо,2
дворец,2
автономии,2
памятник,2
родине,2
плюс,2
агломераци,2
мисархоша,2
аух,2
тейпаш,2
дельта,2
мумбаи,2
чи,2
бӏайха,2
миллионал,2
локхаргий,2
шеко,2
южного,2
морских,2
открытий,2
молодежи,2
стингл,2
полинезия,2
восточной,2
редант,2
ухача,2
община,2
ль,2
демократе,2
хургва,2
вежарех,2
деллинге,2
хиннари,2
казахстанский,2
дневник,2
чакхдаьнначул,2
баьннача,2
таьзета,2
гӏазакхоша,2
набахтара,2
кепадийттад,2
шекспира,2
вӏашагӏбеллаб,2
хьалххошеи,2
хорж,2
лелабаь,2
кхоачашдар,2
доакъашхои,2
кхедаьд,2
дӏаалари,2
номинаце,2
даьгӏастера,2
имама,2
делар,2
томех,2
хьув,2
токхам,2
дегаш,2
соагӏапчера,2
кхыбараши,2
заьлмаха,2
вайнаьх,2
зӏамача,2
нурди,2
гӏазакхстанехьа,2
кхыметтал,2
доалдеш,2
йоаржаеш,2
курсе,2
отделене,2
дӏаэттав,2
кооператива,2
мохктохкара,2
дӏачуийцав,2
суртанчий,2
арадаьккхар,2
вопросы,2
комсомольское,2
юкъебахаб,2
письменным,2
источникам,2
ӏаморг,2
дебаранаькъан,2
нартский,2
национальное,2
населенные,2
медицина,2
фаьлгаши,2
солсеи,2
даьхад,2
сесарий,2
ялхароева,2
назвал,2
аргументы,2
работает,2
мысли,2
хьакхарчах,2
хьакхий,2
цискакомарий,2
маймалий,2
воатагар,2
гизг,2
цицкхолг,2
чхьагӏалкх,2
кхокх,2
баьцакомар,2
идеология,2
социализм,2
