word,count
deg,16474
en,9916
ad,7196
is,6389
di,5072
as,4387
seg,3838
er,3696
ur,3651
ta,3507
ef,3456
ar,3455
ne,3244
an,3180
ara,2734
at,2547
da,2509
nni,2493
akken,2491
ay,2443
id,2373
ye,2286
tmurt,2022
ma,2019
tt,2008
am,1939
al,1896
iwant,1782
ass,1754
kra,1650
akk,1648
yiwen,1594
useggas,1584
wa,1562
gar,1544
isem,1499
llan,1455
nsen,1455
yiwet,1443
yella,1404
maca,1294
ti,1287
la,1245
twilayt,1241
te,1232
mi,1202
in,1190
yimezda,1154
zed,1150
wis,1141
ines,1140
tutlayt,1140
de,1120
agi,1066
kan,1050
le,1042
ayen,1027
ed,1019
yakk,1017
ul,997
imi,993
anda,989
ugafa,984
lezzayer,966
taddart,965
sin,946
im,940
ismawen,935
yes,920
yellan,916
wid,898
si,896
tizi,888
yi,874
tu,870
azal,868
tama,866
it,866
tutlayin,857
akked,828
un,811
yu,811
assa,809
me,806
yerna,780
tamdint,778
tella,768
sen,759
imezda,755
win,733
yal,732
tallit,727
tamurt,725
fransa,715
asen,709
telmas,692
tis,622
afaren,619
li,612
tmazi,611
tilmas,606
ersiwen,605
iseggasen,596
el,583
rabt,565
wakken,562
mu,558
amezruy,555
ten,553
tes,550
netta,549
tezga,542
tin,541
km,534
tudert,531
tawacult,522
ussnan,521
qqaren,512
af,511
teqbaylit,510
nnes,510
bu,508
snat,507
ilul,505
ra,503
acku,502
ula,498
ama,496
belli,495
imazi,494
yernu,494
iyen,483
wen,478
temdint,478
leqbayel,476
tamane,474
yennayer,470
wass,459
et,457
il,446
tawsit,445
meqqren,442
iwanin,442
ameqran,435
zik,431
ugar,429
twacult,428
aseggas,426
tamana,417
deffir,416
tefransist,415
we,412
medden,410
tal,404
sidi,402
ya,397
fell,390
mgal,390
ri,389
uma,385
tefriqt,379
wussan,378
talmest,378
ger,375
llant,375
tmura,374
temna,374
taggara,372
wazal,363
yeddukklen,363
armi,362
tura,362
acu,362
yemmut,361
tiwelhiwin,357
awal,356
paris,355
yim,355
tira,354
asmi,353
timdinin,352
imniren,347
yezmer,346
akka,344
tamazi,344
aglam,342
the,341
iman,340
wayen,340
ddaw,336
idurar,332
amur,330
wezzu,330
uzzu,329
yisem,327
fa,323
timura,323
tajumma,323
bgayet,322
ut,320
ameqqran,312
ensist,312
yettili,312
ussan,307
tegnit,306
alen,305
yezgan,301
turuft,301
umi,300
tuber,298
amezwaru,297
amazi,294
mazal,294
uri,293
yili,292
ben,292
isseqdac,288
yiseggasen,287
aren,287
es,285
ynes,285
tameddurt,284
um,284
mmi,283
ihi,281
umalu,281
anen,280
tefrensist,278
yeb,275
baba,273
aya,272
latinit,272
yenna,271
nettat,271
asya,268
fu,266
yura,265
ame,265
des,264
du,264
waman,259
alamma,257
iga,256
abrid,250
tala,249
of,249
iy,247
ni,246
les,244
tunes,243
tfekka,242
ime,241
nne,241
lan,241
ig,241
wamber,241
ru,239
lqern,239
itt,237
fen,237
agellid,237
wemdan,236
taqbaylit,235
ulac,234
wawal,233
xas,233
wakal,231
tame,231
aqbayli,230
end,229
umezruy,229
res,228
ttmeslayen,227
tamezwarut,227
sa,227
uk,224
tili,223
tawilayt,223
tef,223
las,222
iw,222
yid,218
if,217
dujamber,217
yemma,216
iqbayliyen,216
yen,215
yebrir,214
wakud,214
uqbel,214
ersiw,214
tudrin,213
tuddar,212
une,211
ume,211
ran,210
yebda,210
awan,210
mačči,208
zi,207
ric,207
lad,207
akw,207
telmest,207
na,206
isa,205
yilel,205
tikkelt,204
utaram,204
ideg,204
yunyu,203
tarakalt,203
iwin,202
iden,201
tafriqt,201
tem,201
imagraden,201
tme,200
tid,200
mer,199
ilan,199
yefka,199
yettidiren,197
amek,196
akin,196
tiwlafin,196
usnan,196
med,195
udayen,195
tagelda,194
anamek,194
nsent,193
ilaq,192
tgelda,192
ayt,192
fr,191
umata,190
war,188
erbaz,188
amedya,188
yekka,188
tarba,188
ala,188
wasif,187
ac,187
yexdem,187
ugellid,186
yiserdasen,185
asget,184
ldzayer,184
adu,184
asif,183
tizmilin,183
yeffe,183
ent,183
tiwsitin,183
ane,182
yiri,181
igan,181
zdat,180
umu,180
tewsit,180
tfukt,180
tuget,179
tagrawt,179
yelli,179
ccix,179
tga,179
emmed,177
em,177
uct,176
yas,175
yettwa,175
yezga,174
ella,174
iten,173
teb,173
dzayer,173
ak,172
yerra,172
iqqenen,172
ib,171
fer,171
taf,171
naf,171
gma,171
yemgaraden,171
tafrensist,170
yettidir,170
bisekstil,170
send,169
alemmas,168
imiren,168
cm,168
amenzu,167
tikwal,167
gan,167
yulyu,167
amdan,167
adrar,166
est,166
sent,165
yewwi,164
sliman,164
atg,163
imen,163
leqdic,163
marikan,162
yis,162
kem,162
yekcem,162
tuddsa,161
zemren,160
tamselyut,160
yimdanen,159
asideg,159
ant,158
tlemmast,158
din,158
nezmer,158
imku,158
učči,158
lmut,157
talemmast,157
aw,157
tfesna,157
raben,156
ideggan,156
usamar,155
dinna,155
yettwassen,155
akal,154
iwunak,154
yemdanen,153
seld,153
udabu,153
tussna,152
ana,152
ccna,151
yiman,151
yettilin,150
ahat,149
axxam,149
ttidiren,149
anezwu,149
asent,148
syin,148
elt,148
tafekka,148
aselway,148
iylalen,148
tubiret,147
sab,146
iyi,146
temrikt,146
agmu,144
kecmen,144
lanen,144
lalman,144
ufella,144
timsu,143
allen,142
ini,142
tafesna,142
lant,141
uran,141
and,141
bel,140
tazwara,140
yimazi,139
yagi,138
http,138
yettwassnen,138
boushaki,138
unagraw,137
yan,137
anagar,136
iwakken,136
agrakal,136
yugurten,136
timella,136
cameroun,136
yikilumitren,136
niden,135
uruppa,135
ayi,135
yett,134
adlis,134
argaz,133
yettu,132
imelyan,132
tegrawla,132
wegmu,132
nord,131
yidles,131
be,131
ine,131
yiwunak,131
agezdu,131
yem,130
tam,130
ba,129
ii,129
wayyur,129
timazi,128
yezzin,128
dgi,128
bab,128
ibure,128
nnig,127
ebbas,127
cwi,127
tafat,126
yeqqim,126
agemmay,126
bdan,126
tesdawit,126
ugezdu,126
utrim,125
awen,125
ali,125
rab,124
aman,124
mayyu,124
man,124
uren,124
nnan,123
ansa,123
tamna,123
imdanen,123
yessefk,123
ccinwa,123
tebda,122
tasertit,122
ina,122
merruk,122
tusnakt,122
tasut,122
unect,121
kanada,121
dges,121
yusef,121
awsiwin,121
tent,120
tewwi,120
us,120
edda,119
iban,119
dakk,119
ufgan,119
lweqt,118
imusnawen,118
illa,118
tmetti,118
imir,117
yettmeslayen,117
anagraw,117
taglizit,117
wat,117
muqel,117
san,116
tun,116
tameqrant,116
ila,116
tegzirt,116
way,116
elnaw,116
twaculin,116
yetta,115
www,115
rad,115
tlul,115
tagrawla,115
tezmer,115
wem,115
rebbi,115
yitran,114
libya,114
anya,114
wul,114
ab,114
unya,114
xedmen,113
time,113
umadal,113
tefsut,112
arraz,112
nutni,112
ruf,112
wexxam,112
yidurar,111
tayri,111
asesmel,111
tifina,111
azamul,111
azzayri,111
ungal,110
tamiwin,110
anafuk,110
ref,109
waya,109
tsut,109
wlad,109
ddunit,108
tlata,108
tsertit,108
ibn,108
adeg,108
lhend,108
tiddi,108
teglizit,107
iq,107
st,107
tine,107
addad,106
isefra,106
ufus,106
tawrirt,106
lla,106
wiya,105
umennu,105
yig,105
mis,105
tamenzut,105
mebla,105
tidet,105
useggwas,105
unit,105
usrag,105
windows,105
tagduda,104
arraw,104
udem,103
com,103
amaynut,103
leb,103
tameqqrant,103
sdat,103
uf,103
timsel,103
wawalen,102
imezwura,102
ilel,102
wedrar,102
ku,102
aqerru,102
yimen,102
yekkes,102
amaru,102
amyaraw,102
wammas,102
mas,101
tmaz,101
tamaynut,101
bes,100
ubrid,100
acennay,100
asismel,100
talalit,100
re,100
israyel,100
isekla,100
rran,99
tikli,99
tekcem,99
wumi,99
wassa,99
tettili,99
terba,98
amkan,98
rem,98
yaf,98
wayyuren,98
musa,98
umerri,98
yideggan,98
reb,97
yedduklen,97
anect,97
tenna,97
agejdan,97
fkan,96
tjumma,96
yufa,96
ik,96
esker,96
wadda,96
daxel,95
yeqqar,95
new,95
tegber,95
bumerdas,94
waye,94
tagnit,94
mli,94
aberkan,94
wučči,94
tefrikt,94
wan,93
almi,93
idles,93
alad,93
tuzzya,93
imuddiren,93
agraw,92
tegrawt,92
ren,92
irland,92
aneggaru,92
yidir,92
nes,92
tezlatin,92
adabu,92
wallen,92
urar,92
uka,92
mar,91
tiddukla,91
tussniwin,91
agafa,90
numidya,90
ugaraw,90
spanya,90
elyan,90
tewsitin,90
arren,89
warraw,89
tafransist,89
ukabar,89
ayyur,89
fella,89
tagga,89
lem,88
ima,88
yekkan,88
eq,88
agdud,88
ibt,88
tilisa,88
tmiwa,88
tferka,88
eb,88
furar,88
iru,88
sakkin,88
ardekal,88
wudem,87
bur,87
tettwassen,87
nna,87
yettwasnen,87
az,87
erfan,86
afus,86
ag,86
yusa,86
idlisen,86
den,86
surya,86
egwa,86
timi,86
wer,85
isekkilen,85
akud,85
wegdud,85
inselmen,85
tagara,85
fas,85
ufan,84
seb,84
int,84
sud,84
tla,84
tne,84
tasensartut,84
isekna,84
tel,83
yiqbayliyen,83
saint,83
mraw,83
tane,83
ttilin,83
iswi,83
kg,83
tasnudert,83
tussit,83
elnawt,82
iwumi,82
ud,82
semman,82
alammi,82
afar,82
ilem,81
lqa,81
ff,81
art,81
ddula,81
ikemmel,81
umezgun,81
lmend,80
ugdud,80
lin,80
jean,80
dakken,80
dayen,80
unt,80
ebsi,80
imeqqranen,80
tuff,80
uselmed,80
azegga,80
uda,80
isbn,79
ris,79
iserdasen,79
imeqranen,79
awt,79
mara,79
len,78
taye,78
alger,78
merra,78
ccerq,78
tlalit,78
aqbur,78
tiday,78
gi,78
yeff,77
ir,77
sur,77
amedyaz,77
se,77
iwt,77
taqburt,77
ult,77
ddin,77
unaba,77
timseksumin,77
département,77
yefkan,76
imawlan,76
agra,76
nobel,76
masensen,76
amalu,76
mulud,75
yelhan,75
talwit,75
ilin,75
layen,75
wu,75
yeqqnen,75
warrac,75
tikelt,75
anecta,75
aq,75
tadayra,75
nuja,75
nnfaq,75
yismawen,74
imyura,74
yedles,74
tineslemt,74
rum,74
azarug,74
wezgen,74
yini,74
yekker,74
tilelli,73
riri,73
tikkal,73
illan,73
suq,73
amellal,73
yegduden,73
yuran,72
net,72
ssawalen,72
usin,72
amussu,72
tamu,72
inelmaden,72
tajmilt,72
unebdu,72
ilulen,72
amyurar,72
tilalliyin,72
yewwe,71
temdinin,71
tdukli,71
arumani,71
eddan,71
wacu,71
uza,71
tizlatin,71
tegrest,71
uxxam,71
liyin,71
skikda,71
afen,70
yizerfan,70
tsekla,70
umussu,70
mass,70
uqerru,70
iferdisen,70
tiwaculin,70
azuk,70
tugniwin,69
wi,69
wwin,69
izem,69
wehran,69
temmut,69
yedda,69
bula,69
usaru,69
izerfan,69
lu,69
erc,69
irem,69
qqimen,68
ub,68
men,68
ise,68
tigzirin,68
remt,68
yidis,68
tezmert,68
yessawalen,68
emmel,68
afares,68
eddi,68
uwanak,68
ineslem,68
waddad,68
ayyi,68
ebs,67
tafsut,67
umen,67
amennu,67
lebni,67
awi,67
erb,67
isnudranen,67
yirumaniyen,67
yusan,66
ou,66
yessawe,66
tas,66
tamedyazt,66
lawan,66
terra,66
awin,66
ricen,66
timmad,66
maci,66
afurk,66
inna,66
yerr,66
tasnallunt,66
tanga,66
tawuri,66
tkura,66
oulad,66
webrid,65
iberdan,65
idammen,65
tadukli,65
awanak,65
wala,65
wasmi,65
laf,65
yime,65
yurar,65
tegnatin,65
ida,65
ctember,65
balu,65
ddabex,65
umihi,65
yul,65
taqbilt,65
idgan,65
izdayen,64
yerzan,64
ani,64
amagrad,64
tta,64
wes,64
yessen,64
ilt,64
tigget,64
ned,64
weglim,63
tadamsa,63
internet,63
au,63
tamawt,63
asaru,63
yinelmaden,63
tim,63
teffe,63
macci,63
sakin,63
spenyul,63
ww,63
tawtemt,63
lamt,63
yesse,62
ekmen,62
tlelli,62
yettwan,62
nasen,62
awsa,62
iwen,62
zer,62
tfekkiwin,62
rusya,62
yettemcabin,62
ugama,62
tanzeggit,62
yettem,62
tamrikt,61
mači,61
ilas,61
ttwa,61
igen,61
nini,61
tmu,61
semmus,61
qsen,61
twenna,61
umazellaw,61
tesnudert,61
mezwe,61
abt,60
tefka,60
tilin,60
alma,60
unen,60
tasdawit,60
wakk,60
amatu,60
unadi,60
turin,60
isemma,60
tettidir,60
tegzirin,60
tser,60
itran,59
tidyanin,59
ineggura,59
izemren,59
nu,59
yinselmen,59
usismel,59
aken,59
tazmert,59
yerran,59
useqqamu,59
tlisa,59
amusnaw,59
ilen,59
igejdanen,59
takrurant,59
asmil,59
wurigami,59
umdan,58
ixeddem,58
adrum,58
teqqim,58
iran,58
tegduda,58
risen,58
ifassen,58
wamek,58
ica,58
amarir,58
iylan,58
aras,58
tdawsa,58
mmis,57
efren,57
atrar,57
aci,57
tazzayrit,57
yiraten,57
yakan,57
isura,57
yeqqel,57
uselway,57
ait,57
erbazen,57
yeddan,57
aj,57
alin,57
zib,57
wanect,57
tagejdant,57
iwala,56
dans,56
yawi,56
iminigen,56
leqran,56
tarwa,56
tett,56
tacennayt,56
ase,56
yessufe,56
akabar,56
tidett,56
brahim,56
umenkud,56
asa,56
afransis,56
ssi,56
usesmel,56
kabylie,55
yugi,55
asexdem,55
unekcum,55
amed,55
awalen,55
ezzifen,55
wuguren,55
demt,55
sseqdacen,55
tlemsan,55
amyaru,55
ikilumitren,55
taswast,55
agman,55
igmanen,55
ras,55
yuwi,55
idrasen,55
assufe,55
itri,54
yedder,54
ixxamen,54
nekk,54
ddren,54
laman,54
ammas,54
gant,54
iwa,54
azgen,54
wadeg,54
wurar,54
avirus,54
japun,54
ekka,54
asemres,54
tamec,53
rrif,53
tugna,53
tlawin,53
ayer,53
neqqar,53
par,53
tudayt,53
yel,53
ci,53
wigi,53
tmen,53
tazzla,53
usegwas,53
lmerruk,53
ameskar,53
tasekla,53
atin,53
uc,53
king,53
rradyu,53
azem,53
arrif,53
takura,53
amezzwaru,53
amzun,52
ij,52
lwennas,52
france,52
asmel,52
ttwalin,52
irgazen,52
ssebba,52
rit,52
addal,52
ect,52
qrib,52
yugaren,52
tasa,52
lieu,52
talmanit,52
ssuq,52
igebren,52
yeflalen,52
yettawa,52
unavirus,52
ddu,51
tugdut,51
udlis,51
ca,51
abu,51
berbère,51
wagi,51
gen,51
iles,51
sub,51
una,51
ssaw,51
iwe,51
tihert,51
agni,51
london,51
ttidirent,51
xeddmen,51
amaynu,51
yuba,51
azref,51
elluy,51
afriwen,51
udrar,51
agaraw,51
tarrayt,51
unezwu,51
tfasa,51
igenni,50
usa,50
rnan,50
atan,50
waddar,50
lqanun,50
ajjed,50
watmaten,50
aseqqamu,50
nitni,50
aselmad,50
trebba,50
ibe,50
crif,50
walla,50
yudsen,50
anistan,50
uble,50
tmellalin,50
yiderman,50
cclef,50
tasartut,50
yeqqimen,49
yezmir,49
tagra,49
ilugan,49
dda,49
telli,49
tase,49
iberraniyen,49
mes,49
yelha,49
chef,49
tasuqilt,49
aniyen,49
ttinin,49
drus,49
umar,49
takurt,49
lit,49
ixef,49
tagre,49
isafen,49
ss,49
bni,49
tafukt,49
iri,48
wegraw,48
yeqqaren,48
ansist,48
iii,48
asusru,48
ized,48
roma,48
qer,48
abe,48
tikti,48
tarusit,48
yemmuten,48
agelmim,48
tezrawt,48
yilem,48
ujin,48
seine,48
amtiweg,48
urt,47
yawe,47
web,47
kamal,47
wanda,47
lme,47
mali,47
belqasem,47
fran,47
wemkan,47
ttu,47
akli,47
yed,47
tneslemt,47
ze,47
wudayen,47
amec,47
imuren,47
ibur,47
tikeli,47
agensu,47
isnajyanen,47
yitri,46
tab,46
use,46
nas,46
anit,46
yewwin,46
imal,46
yimi,46
addud,46
iger,46
isegwasen,46
srid,46
timetti,46
yedlisen,46
uguren,46
bri,46
wad,46
iraq,46
texdem,46
asegbar,46
charles,46
tehri,46
igmamen,46
alyanit,46
imtiwgen,46
tawurta,46
sars,46
emt,45
taberkant,45
ebbi,45
usekkil,45
amar,45
mbe,45
rabin,45
yixef,45
annect,45
mmuten,45
anwa,45
uz,45
anemhal,45
der,45
timeqranin,45
talliyin,45
tantala,45
uraren,45
yimelyunen,45
nezzeh,45
illul,45
tutrimt,45
pour,45
riwin,45
robert,45
aydeg,45
temsu,45
yir,44
taklit,44
tadyant,44
kel,44
tadelsant,44
tatrart,44
amen,44
tiya,44
timunent,44
ugin,44
seddaw,44
kkan,44
tasfift,44
racid,44
yimir,44
wanag,44
lzzayer,44
ikcem,44
meqqer,44
wergaz,44
wajjed,44
lejdud,44
iberkanen,44
irumyen,44
agadir,44
uhid,44
tizrarin,44
timestuga,44
agaman,44
sse,43
widak,43
ugemmay,43
igduden,43
idrimen,43
muca,43
tigzirt,43
berra,43
yesnulfa,43
lba,43
aït,43
yessuffe,43
sbedden,43
nan,43
asawen,43
yugar,43
aswir,43
mayu,43
later,43
tetten,43
ouest,43
izgan,43
yekkat,43
beni,43
aqcic,43
tipaza,43
lebwaqi,43
wuccen,43
tamhazt,43
yidgan,43
timsedrarin,43
irmawen,43
muretanya,43
yettawin,42
dujember,42
tettwa,42
taneggarut,42
ce,42
elli,42
yuli,42
rren,42
misen,42
yefk,42
ka,42
tekker,42
amarikani,42
york,42
yelmed,42
grand,42
mana,42
john,42
akkin,42
ctamber,42
sus,42
ttaken,42
inaddalen,42
tettem,42
uffi,42
ifganen,42
twinest,42
yimtiwgen,42
von,42
batnet,42
mest,42
tamadlant,42
covid,42
kabyle,41
legliz,41
wedlis,41
tirni,41
rnu,41
erba,41
agre,41
pp,41
azwel,41
zgan,41
nnuba,41
aqdim,41
iwata,41
ugen,41
imaynuten,41
iqerben,41
tallunt,41
iteddu,41
ebsiyen,41
able,41
ahil,41
riyen,41
asefru,41
aglim,41
tagrest,41
tenga,41
tdayra,41
temse,41
hauts,41
temraradin,41
amesgunef,41
xettab,41
lay,40
muri,40
ebrit,40
avec,40
ust,40
asuf,40
tilawin,40
irumaniyen,40
bnan,40
erma,40
yezzi,40
zen,40
mammeri,40
yeg,40
teqqel,40
tigawt,40
anin,40
yezrin,40
timna,40
tewwe,40
uni,40
yerbe,40
del,40
yettaru,40
galma,40
tiggtin,40
teswast,40
with,40
imessartiyen,40
tewtemt,40
ess,40
aylal,40
lalin,40
wuhan,40
yak,39
rigin,39
lmulud,39
wuzzal,39
salem,39
umbe,39
iffe,39
azekka,39
umkan,39
lame,39
arrac,39
temsalt,39
leq,39
bas,39
tamettant,39
uft,39
tma,39
nek,39
tmettant,39
yerwel,39
cci,39
sma,39
segmi,39
roman,39
atmaten,39
éd,39
bun,39
carl,39
taser,39
weltma,39
wakka,39
fales,39
tigejdanin,39
temhazt,39
vietnam,39
ttamnen,39
anib,39
tazzwara,39
adur,39
asemmili,39
fe,38
tamellalt,38
iteddun,38
dagi,38
umagrad,38
urgaz,38
icennayen,38
tamaddudt,38
ert,38
imedyazen,38
dacu,38
ayagi,38
yer,38
melmi,38
zzin,38
algérie,38
cc,38
naya,38
bus,38
degs,38
tseddawit,38
meqren,38
walin,38
isragen,38
tilawt,38
raba,38
akkw,38
tturk,38
udd,38
yinig,38
amyag,38
timellalin,38
amila,38
amaruz,38
wudus,38
firmus,38
timraradin,38
jelfa,38
umtiweg,38
awtem,38
amdya,38
igenwan,37
ilmend,37
iderman,37
itent,37
nettaru,37
yunag,37
to,37
yettusemman,37
usamer,37
yejjan,37
lemmer,37
matin,37
tuddsiwin,37
tamen,37
yennu,37
yefren,37
style,37
axeddim,37
rrus,37
tan,37
timaynutin,37
yettaken,37
zidan,37
tamarikanit,37
taqcict,37
ivirusen,37
yettwaggzen,37
tiser,37
azegzaw,37
shakespeare,37
william,37
imasi,37
ruma,37
igellun,37
akruran,37
timdininmerruk,37
yemmalen,37
uwtem,37
uvirus,37
eddad,36
wengar,36
snitra,36
ccwal,36
imeslayen,36
ibeddel,36
lubnan,36
sebba,36
uman,36
ifa,36
emmad,36
yeččuren,36
isi,36
isu,36
lexmis,36
temlilit,36
tdamsa,36
tetta,36
times,36
kateb,36
tmeddurt,36
éditions,36
ziz,36
taluft,36
yeldi,36
waken,36
nniden,36
imu,36
tanglizit,36
yetturar,36
pakistan,36
tegrawin,36
on,36
wayed,36
wafriwen,36
turar,36
alla,36
ifransisen,36
igumma,36
allit,36
ayyuren,36
igelmimen,36
yillu,36
timdinintunes,36
awra,36
urigami,36
tnila,36
mohamed,35
yidlisen,35
yisefra,35
tmedyazt,35
usammer,35
umazi,35
tekka,35
anida,35
terna,35
kullec,35
tmasi,35
yergazen,35
yettekkan,35
yemlal,35
ebsen,35
alama,35
usan,35
umur,35
umyen,35
lxir,35
tmara,35
amawal,35
uzarug,35
usqamu,35
imedyaten,35
iqburen,35
awanek,35
tuga,35
rut,35
aden,35
unti,35
tayemmat,35
lex,35
meslayen,35
asu,35
emmi,35
brazil,35
uzen,35
leblida,35
nubil,35
tkurt,35
arwas,35
youtube,35
buxus,35
tnegluft,35
liyen,34
nelli,34
ehden,34
yimukan,34
elnawen,34
mhenni,34
targa,34
mal,34
timlilit,34
usselmed,34
ibin,34
inu,34
emed,34
tana,34
igerdan,34
radyu,34
ada,34
mekka,34
anaba,34
wez,34
uwanek,34
yant,34
amcic,34
lalla,34
wedfel,34
taqbuct,34
weswir,34
tennis,34
yegdan,34
singapur,34
tad,34
tulawin,34
tmezgida,34
tina,34
meksa,34
teldayt,34
ucengu,34
tenzeggit,34
isig,34
usebges,34
timse,34
agaz,34
yudas,34
yegled,34
yecban,33
tislit,33
bac,33
mila,33
usammar,33
centre,33
alatini,33
izri,33
umenkad,33
tebna,33
ilme,33
fln,33
yeqbel,33
yiselmaden,33
adzayri,33
yuwe,33
elnawin,33
sya,33
umedya,33
iba,33
ter,33
asertay,33
aggi,33
unin,33
ifer,33
trumit,33
yibaskiyen,33
aziz,33
fellas,33
yeqdec,33
yines,33
hed,33
israyil,33
iseggwasen,33
ucaf,33
tasengama,33
igerrzen,33
imarikaniyen,33
ssa,33
paul,33
wakuden,33
tusut,33
yettumeggez,33
igra,33
amahil,33
arma,33
anem,33
tagellidt,33
tazrart,33
uddis,33
tafasa,33
ije,33
efsen,33
uzagur,33
tteryel,33
ariqa,33
afgan,33
imelya,33
umuddir,33
cican,33
imuca,32
tuffra,32
ungalen,32
kksen,32
ixdem,32
yifassen,32
ember,32
walan,32
arrazen,32
timen,32
tafrikt,32
wali,32
ruft,32
ugmu,32
nettaf,32
timec,32
tageldunt,32
sirta,32
ccan,32
akter,32
tgeldit,32
tumert,32
yebnan,32
ira,32
ayla,32
aferdis,32
tutrict,32
axa,32
sbenyul,32
yebdan,32
ah,32
teddun,32
qasi,32
louis,32
talsant,32
azrar,32
ebdel,32
sswid,32
wemgaru,32
krad,32
ebber,32
rewlen,32
lesla,32
tullas,32
kif,32
essa,32
reft,32
tawla,32
ari,32
tigemmi,32
ezzif,32
imahilen,32
ageldun,32
cemmini,32
metal,32
tasuddest,32
yirumyen,32
tadist,32
amqqran,32
yettusxedmen,32
anniba,32
tafella,31
ilelli,31
tameqq,31
tmucuha,31
tlatint,31
tifrat,31
rigt,31
dawen,31
yettna,31
tameddit,31
onu,31
umerruk,31
neb,31
tmana,31
umeslay,31
eddin,31
udrum,31
adelsan,31
tedyanin,31
iselmaden,31
emmam,31
ugur,31
ellist,31
tessawe,31
tex,31
yernan,31
yeddren,31
tezzin,31
for,31
yettak,31
tasekkurt,31
daw,31
sawalen,31
dra,31
tmeslayt,31
usihel,31
ile,31
timeqqranin,31
talatint,31
rez,31
tize,31
imenza,31
urin,31
izzayriyen,31
anekcum,31
tanekra,31
ccerfa,31
uswir,31
kenya,31
waggur,31
yegran,31
angal,31
reg,31
amarikan,31
ugraw,31
aksum,31
xli,31
ahras,31
raf,31
initen,31
sudan,31
umit,31
taday,31
beccar,31
telen,31
iselman,31
ursu,31
imezdi,31
linné,31
iferran,31
tamusni,30
aba,30
lemden,30
unesco,30
tmenna,30
iseddagen,30
alya,30
usexdem,30
ebban,30
imse,30
ddan,30
ternu,30
yeqbayliyen,30
yin,30
ansi,30
qqlen,30
tameslayt,30
imukan,30
ssel,30
aux,30
amal,30
qen,30
erman,30
tru,30
mgaraden,30
berlin,30
lxalat,30
tmusni,30
imeddukal,30
tagi,30
tiktiwin,30
abdelaziz,30
world,30
george,30
yamina,30
tawwurt,30
uniyen,30
irusiyen,30
ale,30
annecta,30
takfarinas,30
ahendi,30
ted,30
amasi,30
tettak,30
tezwe,30
asamar,30
enni,30
za,30
aka,30
arif,30
yellu,30
illi,30
ezqi,30
tamhalt,30
wezwu,30
text,30
wegris,29
ataram,29
imesli,29
aher,29
yiberdan,29
tsartut,29
arumi,29
timucuha,29
yeldin,29
yew,29
mm,29
tamsalt,29
indépendance,29
tiyita,29
tekkes,29
teg,29
awed,29
isalan,29
yecna,29
tizrigin,29
usseggwas,29
yebna,29
tuyat,29
ifazen,29
dan,29
yekfa,29
zekri,29
islam,29
yimawlan,29
miksik,29
tennulfa,29
anelmad,29
nebder,29
lal,29
tini,29
yeddukel,29
tirlandit,29
yessers,29
yeddem,29
albert,29
biljik,29
asemran,29
teqcict,29
kungu,29
qub,29
tafelwit,29
tzunegzirt,29
augustin,29
su,29
align,29
tukza,29
ulmud,29
amgarad,29
ibelkimen,29
lalen,29
taspenyult,29
azwu,29
tzizwa,29
province,29
yay,29
imalas,29
timucent,29
imegruden,29
adras,29
wesmil,29
ikruraren,29
limus,29
izerzer,28
beddlen,28
bi,28
xemsa,28
eg,28
org,28
imuha,28
yemgarad,28
yeste,28
berbères,28
icudden,28
afa,28
aten,28
lwa,28
php,28
ikecmen,28
mengellat,28
ahmed,28
msefhamen,28
mouvement,28
ttawil,28
yimal,28
asi,28
immut,28
awna,28
wamur,28
asegwas,28
ttna,28
imec,28
tedwilt,28
karim,28
adfel,28
etman,28
amelwi,28
yilli,28
takrura,28
inagrawen,28
ugeffur,28
allus,28
teqqen,28
umazrar,28
amazrar,28
tna,28
wallalen,28
tilizri,28
taza,28
ttem,28
teqqar,28
ustralya,28
yizem,28
eggalen,28
usnulfu,28
asan,28
tmerwin,28
arkawal,28
tfelwit,28
timekkasin,28
ennaba,28
tasga,28
yimsulta,28
timakkasin,28
die,28
asnudran,28
tamudemt,28
akdu,28
vision,28
tilist,28
cov,28
bugud,28
ifsan,27
nessin,27
edd,27
yesla,27
azwaw,27
qbel,27
tarifit,27
tacel,27
ccek,27
tamaz,27
ssuf,27
tedda,27
emruc,27
atas,27
tarumanit,27
leqrun,27
twa,27
amenkad,27
uzemmur,27
ic,27
sciences,27
lareb,27
yettekka,27
omar,27
timiwa,27
ife,27
kkren,27
algérienne,27
lli,27
ttrad,27
tazrawt,27
yasen,27
ifadden,27
isen,27
tlufa,27
tekfa,27
qel,27
tageldit,27
aze,27
yessaw,27
wahil,27
ulamma,27
yimiren,27
wansayen,27
ban,27
yettasen,27
tinna,27
abri,27
wugar,27
urdun,27
qa,27
igellu,27
tdefrin,27
unamek,27
wakat,27
emmer,27
taqacuct,27
tamasi,27
umsen,27
imazellawen,27
ize,27
mert,27
agwni,27
iwetmen,27
lmitrat,27
xilla,27
ugelmim,27
tifernin,27
usemres,27
ildun,27
yimalas,27
nn,27
aqqa,27
aqamum,27
smil,27
uziwe,27
asedger,27
umyaraw,27
iskanen,27
kusina,27
askeladd,27
yetran,26
dima,26
henri,26
wikipedia,26
ttarun,26
ey,26
fken,26
ser,26
leqraya,26
yigduden,26
ufit,26
bulu,26
tejma,26
html,26
alt,26
uw,26
yiles,26
yigerdan,26
iqeddec,26
wesnerni,26
amuddir,26
mus,26
abelkim,26
aqerruy,26
aza,26
usemmi,26
center,26
yanen,26
yemmugen,26
lmal,26
teqbilt,26
ibaskiyen,26
tfella,26
uday,26
pierre,26
pulunya,26
amecwar,26
ilu,26
yessel,26
tnegwa,26
tizlit,26
alqem,26
erbi,26
ain,26
amezwar,26
lqel,26
della,26
yettawi,26
dduklen,26
udi,26
tamzikent,26
mgaradent,26
yesnulfan,26
alfred,26
telwit,26
aked,26
tasedmirt,26
tettawa,26
tmerniwt,26
teggug,26
tislavin,26
tekrura,26
ukeffadu,26
tseddart,26
ifawatayen,26
azdar,26
tifekkiwin,26
yigelliden,26
immalen,26
usgunef,26
berqa,26
aydi,25
err,25
asnulfu,25
dd,25
yettwarun,25
zzit,25
raz,25
amsa,25
amurakuc,25
ste,25
agrigi,25
euro,25
ugaren,25
emran,25
asun,25
ret,25
tufa,25
lxedma,25
tignatin,25
icennu,25
tfina,25
ebbren,25
tuli,25
yef,25
ber,25
yasin,25
tez,25
yufraren,25
ameslay,25
rib,25
iflisen,25
mud,25
ken,25
tfaska,25
warraz,25
tlatinit,25
lexla,25
butefliqa,25
ixedmen,25
ouled,25
tse,25
winna,25
wanen,25
maria,25
ddewla,25
lis,25
inegren,25
taluksemburgit,25
tizgelt,25
may,25
dawed,25
yettwali,25
yakked,25
yessuter,25
no,25
wal,25
swid,25
ia,25
aserdas,25
tiggi,25
isan,25
qessi,25
michael,25
village,25
tamhelt,25
wadad,25
age,25
izerman,25
tagwaranit,25
laban,25
asenmel,25
yettusexdem,25
yuwin,25
izegza,25
yijqiwen,25
amaklas,25
wagazen,25
yidunatiyen,25
abizen,25
umanar,24
tikkwal,24
jijel,24
tenger,24
asekkil,24
album,24
lehna,24
zeddi,24
aser,24
unagen,24
tdusi,24
umenzu,24
marie,24
yettusemma,24
tkemmel,24
awe,24
mouloud,24
tedbelt,24
iqdimen,24
tesnawit,24
tawe,24
dit,24
gren,24
temsal,24
ice,24
tban,24
national,24
ibanen,24
ubeddel,24
yemgerraden,24
riben,24
uxeddim,24
lebda,24
emmlen,24
terbe,24
sser,24
ameddakel,24
illu,24
fes,24
yettmeslay,24
yimussnawen,24
uselkim,24
tawinest,24
yerza,24
imit,24
tegrigit,24
arusi,24
usefru,24
luxembourg,24
seuil,24
tallalt,24
umusnaw,24
trusit,24
joseph,24
tasuvyatit,24
tamzikt,24
ucennay,24
allal,24
abur,24
antraktika,24
tukksa,24
imellalen,24
ilaqen,24
iz,24
walt,24
tinegwa,24
usu,24
lqayed,24
igezda,24
tawenna,24
amseksum,24
wazuk,24
ura,24
tbeskert,24
adda,24
tazegga,24
yemmal,24
tasnujjya,24
amyiwen,24
ast,24
kuku,24
sufell,24
asallaf,24
yimzada,24
tdu,24
teflel,24
uyefki,24
tiggayin,24
igamanen,24
yimuddiren,24
uddisen,24
yibure,24
tigezt,24
inalmanen,24
oussaih,24
qayser,24
abuniqi,24
yigrawliwen,24
yuhan,24
awahri,24
walim,23
umahil,23
tullisin,23
yettwasen,23
udmawen,23
awa,23
tageldant,23
tusa,23
tecna,23
kemmlen,23
tettusemma,23
abi,23
timesbaniyin,23
yegguni,23
iqeddcen,23
wuggug,23
répression,23
monde,23
ijehden,23
ami,23
bedden,23
ulfu,23
tettu,23
xeddam,23
yuzgan,23
ures,23
dwala,23
cna,23
ubelkim,23
ifka,23
til,23
rr,23
amid,23
rock,23
emmri,23
umedyaz,23
ulin,23
française,23
tidmi,23
amse,23
xeldun,23
seddis,23
tabaskit,23
yeqqen,23
amussnaw,23
qui,23
yeggunin,23
nekni,23
idt,23
tiqburin,23
university,23
yirusiyen,23
talatinit,23
michel,23
asirem,23
igazen,23
takurdit,23
yikurdiyen,23
talitwanit,23
ufi,23
izlan,23
tsemhuyt,23
fi,23
tasemrant,23
tanzanya,23
afellay,23
tadigant,23
rur,23
sem,23
sinna,23
tarrawt,23
yezdin,23
tdersi,23
weglam,23
tamacahut,23
waddaden,23
inelfuyen,23
mellal,23
aseklu,23
uhilium,23
amalay,23
yanin,23
ifecka,23
stephen,23
yettwafren,23
awrir,23
california,23
timunnent,23
agafan,23
tezrart,23
tinnagrawt,23
amessarti,23
taydiyyin,23
ukkuz,23
urasya,23
tesnujjya,23
tasensile,23
ayouz,23
tmehla,23
drusilla,23
kker,22
tiwwura,22
tanfalit,22
asunded,22
irumiyen,22
timanit,22
yewwet,22
tasebgast,22
tettekka,22
qaren,22
revue,22
mlalen,22
busnya,22
danma,22
erfant,22
ttar,22
yirgazen,22
ilint,22
uzekka,22
zzman,22
maser,22
wel,22
yekkren,22
krim,22
waddal,22
sqedcen,22
arim,22
yessebded,22
llin,22
ch,22
tezmir,22
yeglan,22
yacine,22
jeddi,22
enf,22
danmark,22
ewwi,22
thomas,22
assmi,22
martin,22
tajerrumt,22
annar,22
lam,22
taspenyulit,22
tigduda,22
yaru,22
asfel,22
yakw,22
ummid,22
trad,22
amas,22
wure,22
yezde,22
teqreb,22
ibedd,22
washington,22
itekka,22
inumiden,22
from,22
yenni,22
vava,22
nuredin,22
wemyag,22
ssexdamen,22
tagemmunt,22
farid,22
wemda,22
lasi,22
idis,22
ibedden,22
ginya,22
aselmed,22
imcac,22
temhalt,22
tarumit,22
yun,22
taz,22
tummidt,22
tamezdayt,22
tmezdayt,22
tettumeggez,22
tadusi,22
tasemhuyt,22
gaya,22
ellawa,22
und,22
yidammen,22
kurya,22
tizzegzut,22
agmam,22
bulgarya,22
tamment,22
twetmin,22
latin,22
badis,22
akat,22
talmant,22
cwiya,22
altin,22
sifaks,22
eren,22
taswist,22
astidiu,22
lemdeyyet,22
colorado,22
anemba,22
anezway,22
amezzay,22
unba,22
pycnonotus,22
yegmen,22
antalas,22
yula,22
ixf,21
yessi,21
ameqq,21
nnif,21
ttekkin,21
iv,21
tugar,21
sbi,21
asutel,21
xesren,21
ebd,21
ddar,21
mezdad,21
lsas,21
tameskant,21
yexxamen,21
awnen,21
arin,21
awezlan,21
ixeddmen,21
mustapha,21
textes,21
lekmal,21
tmes,21
tawi,21
timsal,21
tesse,21
nezmir,21
lama,21
maison,21
ttwassnen,21
yemmet,21
marius,21
mohand,21
rba,21
teswi,21
yussan,21
yegmamen,21
izga,21
ssebbat,21
isefka,21
allah,21
sufella,21
ammud,21
wudmawen,21
laft,21
ewwa,21
yessnen,21
music,21
nernu,21
tagafant,21
blida,21
teywalt,21
yifen,21
yiger,21
lanin,21
far,21
iza,21
asemma,21
lpari,21
jacques,21
james,21
tasenwurit,21
tizrawin,21
tadfert,21
yigmamen,21
wammud,21
yiwwet,21
tafunast,21
imensi,21
wegni,21
ajiyen,21
testament,21
tazegzawt,21
temsilt,21
lmer,21
isant,21
tuffi,21
ifu,21
himalaya,21
agzam,21
tmugri,21
temgarad,21
yettemcabi,21
microsoft,21
timezgida,21
araz,21
amazellaw,21
tisent,21
tifesniwin,21
yimelyan,21
timeskebrin,21
wadur,21
circle,21
tamyiwent,21
irnawen,21
tisensartuyin,21
aïn,21
stark,21
tamulla,21
wumu,21
gemmu,21
tegda,21
origanum,21
hamliqar,21
yiqerra,21
kali,21
nessen,20
français,20
negren,20
erfi,20
emlen,20
nnu,20
qeblen,20
zzayer,20
ebri,20
anba,20
taqdimt,20
terga,20
yennan,20
dina,20
rru,20
zmiren,20
tikta,20
teččur,20
wiss,20
emmadiyen,20
yessawel,20
ugeldun,20
ebbu,20
simmal,20
tmeskanin,20
administration,20
weqma,20
qbilen,20
ferqen,20
yesseqdac,20
min,20
yettunefk,20
yuzen,20
ssinima,20
mouffok,20
aste,20
aserti,20
rrbe,20
wagar,20
tare,20
aha,20
tizlitt,20
turda,20
trisiti,20
uqcic,20
iqqim,20
almani,20
taggayt,20
lka,20
jsk,20
irden,20
erkiyen,20
talsa,20
myal,20
izwilen,20
teqbilin,20
tra,20
iminig,20
wannecta,20
azar,20
attan,20
anfa,20
ram,20
tle,20
amenkud,20
tazmilt,20
tew,20
wungalen,20
tnekra,20
nt,20
arun,20
yimasi,20
wahilen,20
lqahwa,20
wanecta,20
anna,20
anadi,20
tsen,20
lma,20
murad,20
yiswi,20
tigti,20
yedrimen,20
aseqdec,20
essas,20
usegzel,20
yegber,20
amezday,20
turkya,20
tasmekta,20
azemmur,20
ontario,20
tewsatin,20
rray,20
ferru,20
wilhelm,20
tespenyult,20
tamegdayt,20
agerdas,20
agensas,20
rables,20
ifurken,20
seksu,20
udan,20
lmen,20
isengamen,20
tfizikt,20
david,20
yexlef,20
asqif,20
metallica,20
anebdu,20
yegda,20
yetri,20
urmir,20
lbumbat,20
lqem,20
letter,20
ddefla,20
aref,20
tisemsilt,20
amezda,20
tasegda,20
yuddsen,20
tmedkin,20
taqqa,20
tamnekda,20
wadu,20
wemgarad,20
quercus,20
wadis,20
yidmaren,20
izinezren,20
cbirdu,20
yila,20
coronavirus,20
wagaz,20
tamesguneft,20
asennefru,20
tinma,20
itezzi,19
lamer,19
uzzal,19
iwali,19
ixelqen,19
tilellit,19
yif,19
ttekkan,19
mmeslayen,19
ibeddun,19
fis,19
tamacahutt,19
ffs,19
ili,19
tasusit,19
nijer,19
culture,19
kter,19
alatin,19
syinna,19
asegzi,19
ziri,19
mir,19
idzayriyen,19
wember,19
larb,19
rruman,19
yine,19
lwad,19
tidelsanin,19
layan,19
ttgen,19
uddu,19
timsirin,19
yess,19
adyu,19
international,19
liwin,19
yinurar,19
yesskanay,19
afraq,19
études,19
yettban,19
esben,19
imrab,19
ader,19
los,19
igelliden,19
ray,19
taferka,19
yettru,19
mimun,19
édition,19
amezgun,19
histoire,19
effun,19
vie,19
nen,19
tasenselkimt,19
mkul,19
taqa,19
ttemcabin,19
acebbub,19
snulfan,19
yilin,19
afecku,19
tte,19
alsan,19
bern,19
tmekkast,19
zef,19
ikurdiyen,19
kirgizistan,19
isental,19
city,19
tafe,19
samir,19
usi,19
tidefrin,19
izegzawen,19
imuriyen,19
ttawin,19
tezgad,19
wara,19
arc,19
eyya,19
amiran,19
yettwasemman,19
yibizen,19
yemmeslay,19
masiba,19
asemmi,19
xaled,19
nnbi,19
cili,19
bolivia,19
michigan,19
aneggar,19
ajapuni,19
tesnallunt,19
nli,19
tissi,19
agezlan,19
wungal,19
game,19
idel,19
maine,19
sulfen,19
tmezdu,19
ebdellah,19
mark,19
wunu,19
yigran,19
commune,19
tmudemt,19
tmna,19
tazel,19
imrayen,19
nnijer,19
nnil,19
oued,19
usekraf,19
tessrusay,19
yigelmimen,19
afel,19
tidu,19
tiswasin,19
udiya,19
idernen,19
buturin,19
uglay,19
taklitin,19
anumidi,19
kliyubatra,19
tadunatit,19
yiherrasen,19
čik,19
izenzaren,18
alba,18
ism,18
yettaba,18
emma,18
société,18
bib,18
grande,18
tajma,18
liberté,18
tmeddit,18
lec,18
lmasi,18
tiknariyin,18
asemdu,18
mazi,18
son,18
etmaniyen,18
emza,18
yugin,18
rin,18
ube,18
sdeffir,18
errun,18
banen,18
ensis,18
texxamt,18
kamel,18
ec,18
was,18
avril,18
politique,18
tugdi,18
acemma,18
leqdicat,18
tgemmi,18
manit,18
tedder,18
tfuk,18
cab,18
imelyaren,18
iceb,18
taq,18
alami,18
swis,18
dimecq,18
tusna,18
tamuqrant,18
yunagen,18
wac,18
lemmden,18
tnezzut,18
useqdec,18
pascal,18
ččad,18
balut,18
bumedyen,18
umyaru,18
tcawit,18
tmussni,18
navarra,18
afrensis,18
litwanya,18
timezwura,18
production,18
lewnis,18
awez,18
ttasen,18
journal,18
madrid,18
tektiwin,18
tir,18
umt,18
alent,18
yekk,18
yennulfa,18
afrux,18
walit,18
yessawal,18
udit,18
imceddalen,18
swa,18
tettiki,18
ebderre,18
sinima,18
blanc,18
nifa,18
tedwilin,18
galerie,18
andré,18
naru,18
ttarran,18
nagen,18
tamlilt,18
tabadut,18
tamenrut,18
unfufed,18
idiren,18
lgirra,18
itett,18
inen,18
acer,18
you,18
richard,18
summer,18
tamussni,18
amazzal,18
tazunegzirt,18
iselwayen,18
tatrawt,18
tsuddest,18
yiferdisen,18
isemda,18
tesga,18
uqerruy,18
tidi,18
izirig,18
legrig,18
tzel,18
uppa,18
tsengama,18
uksijin,18
tgama,18
ababat,18
wannect,18
yisekla,18
amegrud,18
emmuda,18
afray,18
tmudmin,18
awaqqur,18
tagamant,18
walluy,18
mejjir,18
ubellez,18
yennumken,18
teccna,18
tamezdu,18
azegza,18
lemdiyyet,18
tile,18
iwlalen,18
uzwu,18
lbeyye,18
right,18
ayefki,18
rumanya,18
yirem,18
oenanthe,18
julliard,18
inuva,18
tanamsadt,18
imseddasen,18
leyt,18
tamezzwarut,18
gurzil,18
ishak,18
asignew,17
sidna,17
tatrit,17
amu,17
tasertayt,17
idir,17
prix,17
edmen,17
lyon,17
ehd,17
lgaz,17
tilas,17
erbit,17
tacerqit,17
lalt,17
lislam,17
nationale,17
ddun,17
xi,17
tgellidt,17
yettuseqdac,17
tezzi,17
lbaz,17
awes,17
lexsara,17
sxedmen,17
wagim,17
uzal,17
erzen,17
abranis,17
ssnen,17
arab,17
grève,17
dar,17
masen,17
abeddel,17
tuwey,17
yettwalin,17
tefk,17
tqeddec,17
aniyin,17
lukan,17
yides,17
isel,17
rri,17
syen,17
aca,17
wayes,17
eggal,17
usmel,17
qif,17
ekkuren,17
imelyunen,17
ibrahim,17
yexleq,17
awas,17
umgarad,17
lmu,17
iyin,17
yugerten,17
uzref,17
uccen,17
harmattan,17
aru,17
nat,17
marseille,17
françois,17
imma,17
yezwe,17
arminya,17
ufurk,17
wennar,17
yettwaxdem,17
kecment,17
tregwa,17
tadbelt,17
iseqdac,17
tuqqna,17
nenna,17
eblan,17
dunnit,17
afud,17
sel,17
qi,17
usirem,17
tadrimt,17
tefra,17
ukuma,17
ezlen,17
tafrara,17
lber,17
txeddem,17
iswiren,17
ablidi,17
zina,17
anfafad,17
panthera,17
tlallit,17
harun,17
tumanin,17
ha,17
tara,17
picasso,17
day,17
dunatus,17
ahl,17
tumant,17
ruyen,17
imezgi,17
gugar,17
agla,17
tbeddu,17
yettas,17
yebter,17
useklu,17
weksum,17
class,17
small,17
tilaliyin,17
tmedyezt,17
nettini,17
tesmekta,17
tafrawt,17
sabaw,17
taba,17
efs,17
island,17
tegnawt,17
tamuski,17
warrazen,17
after,17
google,17
classis,17
gates,17
taydiwin,17
albanya,17
iddew,17
black,17
timdininiwunak,17
awudem,17
tettaked,17
usallaf,17
laden,17
tmezzit,17
agennaw,17
inegmi,17
thrones,17
xan,17
rufin,17
centaurea,17
ufen,17
azagir,17
mustela,17
tazzant,17
tasnettit,17
tikruranin,17
yizmal,17
taftart,17
yettazen,17
iberniyen,17
yigem,17
wazzug,17
tzerzayt,17
betrun,17
reffu,17
trujlita,17
unnigen,17
tamezgida,16
je,16
aklan,16
wugur,16
ddeqs,16
kkes,16
kabyles,16
tahar,16
ddurt,16
sseknen,16
rnun,16
site,16
école,16
ageldan,16
nnsen,16
dis,16
yeččur,16
azul,16
umiyen,16
yiwa,16
listi,16
sumer,16
bir,16
tturaren,16
letniyen,16
qeddcen,16
setta,16
ettmen,16
imula,16
tewwurt,16
yelme,16
tessuffe,16
tigejdit,16
idelsanen,16
umezwaru,16
bran,16
ottawa,16
yettekkin,16
tadzayrit,16
llsas,16
teddem,16
terr,16
yegla,16
timu,16
ttnadin,16
sous,16
yettwakkes,16
anfaras,16
yex,16
turagt,16
twuri,16
tigzi,16
miruc,16
aderbal,16
uq,16
inazuren,16
usrid,16
targit,16
mort,16
tugett,16
ixerban,16
izmer,16
ulamek,16
alyan,16
ccetla,16
yisefka,16
language,16
yemmug,16
ahaggar,16
abd,16
xelqen,16
ekkun,16
aleb,16
cd,16
taqsi,16
tuzga,16
dderya,16
ldin,16
taw,16
tentalyin,16
taxxamt,16
mba,16
afella,16
deqs,16
aquran,16
teddu,16
wannar,16
inamuren,16
uba,16
yimeqqranen,16
ixu,16
tsuta,16
afran,16
version,16
ilmi,16
annay,16
agemmun,16
tettawi,16
nurdin,16
xu,16
or,16
ezfan,16
tasaft,16
yennulfan,16
kamirun,16
tabri,16
dublin,16
ralya,16
yeddu,16
adrim,16
editions,16
tezlitt,16
iznaten,16
waklan,16
tsedda,16
tedfert,16
trennu,16
maillot,16
xlifa,16
zawiya,16
tadwilt,16
amazray,16
tussnant,16
tasuta,16
anzar,16
taddukli,16
tannumi,16
cercal,16
open,16
pas,16
books,16
awras,16
uganda,16
panama,16
venezuela,16
sebta,16
tantaliwin,16
death,16
nouveau,16
anfufed,16
zut,16
yettgin,16
goethe,16
wezday,16
ukdu,16
acafcal,16
tajummant,16
welkam,16
ismilen,16
azemz,16
sbt,16
tamehla,16
unu,16
sluvakya,16
tiwal,16
asuji,16
van,16
tasnamurt,16
tbedd,16
inuma,16
tmacahut,16
akwd,16
nato,16
tizmert,16
tagant,16
sufel,16
wagarsafen,16
yarna,16
inadiyen,16
tamentilt,16
effects,16
jida,16
tace,16
sp,16
roger,16
serbya,16
band,16
imac,16
unbir,16
yizerman,16
yiniten,16
paragway,16
timdininma,16
utilifun,16
francisco,16
hirziguvina,16
ujiniral,16
nils,16
ijqiwen,16
amaddud,16
inawt,16
ukranya,16
aja,16
ayent,16
tarka,16
tetrit,16
arkoun,16
turza,16
usud,16
acebcal,16
azun,16
asgunef,16
yenfufed,16
llama,16
takma,16
tabuzegrayezt,16
anthus,16
yimceyye,16
unemba,16
sičilya,16
rené,15
encyclopédie,15
uze,15
cce,15
mechur,15
aqeddac,15
ikabaren,15
tima,15
unicode,15
tifinagh,15
terre,15
tec,15
lwali,15
zizen,15
amgaru,15
banu,15
hilal,15
eddaden,15
usarag,15
irennu,15
temps,15
générale,15
lexbar,15
lif,15
tigi,15
awla,15
lbe,15
mechu,15
delles,15
lint,15
yekksen,15
nger,15
zemrent,15
aben,15
tirebba,15
yiminigen,15
ussnanen,15
telha,15
cheikh,15
newton,15
zrin,15
wagguren,15
nawi,15
lfe,15
ih,15
yesbedd,15
ahed,15
ure,15
ameksa,15
igran,15
yat,15
ccba,15
tefranin,15
iqqaren,15
irlanda,15
acengu,15
ammed,15
yamen,15
yefru,15
nijirya,15
tedrimt,15
imeqq,15
inig,15
tidak,15
uzgen,15
ucebbub,15
ttaw,15
yesnulfu,15
igiman,15
iqen,15
finland,15
tettuseqdac,15
tegra,15
wwi,15
camus,15
femmes,15
ireb,15
mad,15
iggi,15
usufe,15
tiremt,15
bdun,15
yegra,15
feat,15
ilal,15
weqcic,15
wallus,15
umwan,15
tiqbilin,15
tetturar,15
mani,15
are,15
yilme,15
yečč,15
amaray,15
ittilin,15
mohammed,15
pages,15
umellal,15
awlal,15
uje,15
lent,15
akayad,15
yettnadi,15
taswi,15
usiwe,15
limarat,15
ekkur,15
ilmaten,15
uye,15
fellag,15
josé,15
tigezmi,15
tafellayt,15
amda,15
tigrawin,15
itraren,15
tamatut,15
ebdelqader,15
adad,15
brtv,15
mbarek,15
sudad,15
nant,15
tessen,15
talast,15
wedrum,15
yesskanayen,15
taskant,15
azday,15
timettanin,15
amray,15
usima,15
amzik,15
tiskanin,15
uferdis,15
yette,15
zeddigen,15
take,15
yise,15
aljiber,15
tiynin,15
kibik,15
yettmag,15
tignut,15
armud,15
elyanit,15
biber,15
ulzuz,15
tadiskugrafit,15
yettbin,15
amaskad,15
tsedmirin,15
tanila,15
tseddarin,15
jules,15
kirya,15
esmar,15
erru,15
isafaren,15
tasegbart,15
darwin,15
teftisin,15
wazzun,15
tusligt,15
asduklan,15
adis,15
tmettiyin,15
iwudam,15
feuilles,15
tamedyezt,15
anegmar,15
tadu,15
tumedt,15
juniperus,15
yifransisen,15
ige,15
inezwa,15
amqerqur,15
isigniwen,15
yidrimen,15
yudnen,15
snrt,15
jan,15
ctumber,15
yiqer,15
temcabigzirt,15
acicani,15
ityubya,15
igrawen,14
awtul,14
nufa,14
ayeffus,14
amma,14
muden,14
non,14
erren,14
iderma,14
ttbut,14
wulawen,14
izi,14
ismal,14
article,14
xvi,14
viii,14
europe,14
asqamu,14
yigaliyen,14
taramit,14
taslekt,14
usagen,14
wten,14
refden,14
icawiyen,14
yesselmed,14
kečč,14
homo,14
init,14
tirrugza,14
axatar,14
rasen,14
yet,14
aram,14
asenfar,14
nella,14
rant,14
tube,14
keccmen,14
yefreq,14
timeskanin,14
lumu,14
ugaden,14
tgara,14
yessekren,14
wenrar,14
yettaw,14
yanni,14
ensisen,14
tanegga,14
takti,14
tugi,14
yawin,14
lfayda,14
yefhem,14
uffir,14
tmagit,14
tamagit,14
tezrawin,14
tesseqdac,14
yessuf,14
timeqq,14
uzenzar,14
ifkan,14
ebba,14
arezqi,14
yesbedden,14
almad,14
yesselmad,14
union,14
tamazight,14
timizar,14
tazmalt,14
ukud,14
yilef,14
isardasen,14
amejjay,14
award,14
ččen,14
aselkim,14
aranen,14
os,14
iqedcen,14
tanmegla,14
snen,14
tkessawt,14
lew,14
timettiyin,14
aberrani,14
tutrimin,14
merr,14
ifaq,14
kemm,14
tesmilt,14
mala,14
tettwali,14
hommage,14
usegg,14
atig,14
inin,14
user,14
immuten,14
tkurdit,14
ikruranen,14
tiregwa,14
utin,14
ttilint,14
isallen,14
azger,14
slimane,14
sed,14
tagrigit,14
uhaggar,14
amseggas,14
erdayt,14
mun,14
lamin,14
said,14
xe,14
waddalen,14
préface,14
yicinwaten,14
ssem,14
tzemmar,14
udus,14
tapidgint,14
errabu,14
dos,14
akamruni,14
leqrar,14
usenfar,14
run,14
portugal,14
azagur,14
ge,14
yellilten,14
tebdu,14
ssarsen,14
ameq,14
malek,14
ez,14
yettarun,14
tilufa,14
isalen,14
isertanen,14
ungar,14
tmi,14
teslit,14
emmert,14
tagnitt,14
aban,14
yazid,14
kayt,14
aksil,14
tasnimeslit,14
tabrat,14
tignewt,14
yezwaren,14
kulumbya,14
paraguay,14
dir,14
iser,14
agraklan,14
ifarisen,14
tagrigurt,14
igber,14
tasudut,14
arbi,14
lbay,14
tmentilt,14
icafcalen,14
izzin,14
timezzit,14
issili,14
amer,14
itetten,14
tge,14
aâli,14
tikubaniyin,14
taman,14
don,14
tv,14
ersawt,14
asnirem,14
lbacir,14
rufen,14
valentin,14
tuffirt,14
yessawa,14
arurad,14
usen,14
izamulen,14
midden,14
taourirt,14
fir,14
agarsafen,14
tazelma,14
agummu,14
ajgu,14
uste,14
tezdemt,14
tsinin,14
tinafukin,14
asile,14
usignew,14
xp,14
semm,14
keccini,14
yemnayen,14
uwin,14
tusdidt,14
wandalus,14
acalim,14
temseksumin,14
tzermemmuyin,14
iylanen,14
kruwatya,14
tsensartut,14
ersiwt,14
tasnudrant,14
imeččiyen,14
burgiba,14
teqli,14
ibura,14
lilin,14
ibeldisen,14
ajiniral,14
ilaw,14
umyag,14
yettwaddgen,14
ugani,14
wedlag,14
köppen,14
köpen,14
anemgal,14
iucn,14
timentilin,14
nipal,14
tiruca,14
amseddas,14
ijider,14
yahia,14
ecter,14
huawei,14
yetten,14
usemmili,14
abusbis,14
iqeddsen,14
turfinn,14
idunatiyen,14
tteswira,14
yisawa,14
tazdayt,13
akkenni,13
amku,13
skud,13
gran,13
swayes,13
ussid,13
unabad,13
mémoire,13
massa,13
ebsaru,13
inemlayen,13
rcd,13
tidukkla,13
izuran,13
tanamurt,13
tanfust,13
tli,13
uzelma,13
weqbel,13
information,13
institut,13
adday,13
vi,13
andorra,13
dihya,13
masinisa,13
diri,13
yexser,13
umtawa,13
ibrir,13
yeggran,13
ifuk,13
caker,13
sdaxel,13
weslelli,13
umaru,13
eqq,13
lwelha,13
ssebt,13
tsusmi,13
ettem,13
yiqeddacen,13
lwe,13
temhelt,13
bdant,13
larbi,13
acur,13
qqnen,13
tezwara,13
isenfaren,13
nwali,13
menwala,13
awden,13
tessers,13
ttin,13
ttafen,13
amnay,13
imsu,13
ulawen,13
yules,13
asufe,13
tesfift,13
lbumba,13
aglizi,13
west,13
issem,13
wazalen,13
hitler,13
ker,13
axe,13
yugad,13
anafi,13
ibda,13
abib,13
poésie,13
ebt,13
raced,13
ibudraren,13
bar,13
ire,13
ksen,13
idda,13
imut,13
gallimard,13
amastan,13
code,13
volume,13
ifriqiyen,13
bella,13
yewit,13
que,13
linguistique,13
aqa,13
wewras,13
tiniri,13
iglamen,13
ddur,13
tagmu,13
tlitwanit,13
yextar,13
ikker,13
système,13
brahem,13
yessiwe,13
nouvelles,13
marx,13
amekla,13
idder,13
yilfan,13
bakunin,13
agrawliw,13
tigra,13
llufan,13
isemm,13
tewwura,13
qqa,13
yisu,13
yesseqdec,13
erkit,13
yesseqdacen,13
cfi,13
inumak,13
agrud,13
fara,13
tettarew,13
icc,13
tgemmunt,13
tirza,13
izu,13
uzamul,13
asertan,13
plus,13
naqal,13
tqacuct,13
uslig,13
tarrayin,13
yikamruniyen,13
fent,13
tiqdimin,13
yessekcem,13
ibu,13
tassemt,13
tettwasen,13
buciker,13
tineggura,13
nuit,13
xali,13
fares,13
imenzayen,13
état,13
tettwaggez,13
yenger,13
jack,13
tamesgida,13
yimrab,13
yufrar,13
articles,13
yesser,13
mira,13
swaswa,13
aqla,13
iqer,13
emmar,13
co,13
tela,13
kal,13
burundi,13
yiswiren,13
science,13
bois,13
kifkif,13
irzi,13
asammer,13
yettamnen,13
yebnu,13
qan,13
imazrayen,13
tansa,13
isek,13
manga,13
cirta,13
tafilalt,13
tiznit,13
tugg,13
talmat,13
lef,13
igarawen,13
ayanen,13
ssemrasen,13
usedday,13
kuiper,13
nwala,13
umada,13
messali,13
aql,13
tajapunit,13
one,13
sluvinya,13
tiwendu,13
agama,13
ijen,13
iferki,13
yixxamen,13
tuksitant,13
tabuda,13
mellul,13
uddun,13
uqe,13
tegma,13
sert,13
tigamanin,13
taru,13
yezri,13
yark,13
photoshop,13
leqbayelti,13
pocket,13
imwe,13
tameddurtacennay,13
anewrir,13
tessufe,13
rud,13
tayuga,13
mast,13
smith,13
rap,13
ugaz,13
yapan,13
uberkan,13
yiwe,13
felis,13
ikacbaren,13
tfesniwin,13
santa,13
yakuf,13
tfunasin,13
hungarya,13
records,13
tettusexdem,13
wekdu,13
yettusemres,13
yismilen,13
afelfesna,13
irmadduden,13
tiddiwin,13
imarikanien,13
ittem,13
yettwabder,13
usuji,13
agmar,13
imseggasen,13
uqamum,13
tisekrarin,13
yirawen,13
cupressus,13
tsemhuyin,13
tamtiwgant,13
afraw,13
wulli,13
tundra,13
agarwan,13
tasensakrart,13
tazyagurt,13
tagmant,13
ucubar,13
agadiz,13
adfar,13
thapsia,13
amaynag,13
imihiyen,13
motacilla,13
emrin,13
tuzdu,13
tagjdant,13
taferdisant,13
aglay,13
usbi,13
ameccaq,13
masilya,13
tanegluft,13
knut,13
uranya,13
silini,13
dasin,13
yitergiyen,13
tibirit,13
cirin,13
polo,13
hazdurba,13
yeqquren,12
ttun,12
tsekkurt,12
contes,12
denis,12
victor,12
eutropius,12
rac,12
mak,12
ssinen,12
ikka,12
tifi,12
tefran,12
littérature,12
royal,12
iso,12
lettres,12
seqdacen,12
ix,12
masidunya,12
agt,12
ibri,12
julya,12
jar,12
marra,12
tar,12
nefk,12
tukkist,12
iwec,12
yeqreb,12
acen,12
xir,12
summam,12
ug,12
awali,12
aqma,12
yimuren,12
moudjahid,12
lmizan,12
tririt,12
tiririt,12
asse,12
menguellet,12
yemjuhad,12
iqeddacen,12
wakli,12
abdellah,12
faren,12
irefden,12
ljal,12
lqayen,12
identité,12
teldi,12
tisuda,12
iqeddicen,12
tsuda,12
tuggta,12
fehmen,12
amour,12
nin,12
bohr,12
lqedd,12
div,12
elyani,12
iqqimen,12
tiliwa,12
isnulfa,12
sir,12
milan,12
tamacint,12
ticki,12
guda,12
yesker,12
tidukla,12
yerfed,12
izumal,12
awanen,12
tib,12
zman,12
yettwattun,12
yettwaqbel,12
att,12
zikenni,12
ème,12
essai,12
ellam,12
lbur,12
irra,12
ittaken,12
iwalan,12
afrique,12
ihendiyen,12
tegnizit,12
all,12
taksa,12
burkina,12
hewwari,12
cadli,12
iwna,12
ajdid,12
tuf,12
degsen,12
yettbeddil,12
icuban,12
uh,12
ifrax,12
asker,12
julius,12
caesar,12
mangellat,12
aqli,12
suff,12
oran,12
magu,12
imgaraden,12
imasayen,12
tamazirt,12
ameskan,12
dayin,12
by,12
imrigen,12
sibirya,12
tbeddel,12
tali,12
tluksemburgit,12
fehhmen,12
lee,12
kuz,12
bernard,12
tadart,12
lala,12
pop,12
yettwabnan,12
tunnigt,12
iswiyen,12
ugemmun,12
usile,12
bub,12
mil,12
idmaren,12
indunisya,12
inigen,12
musku,12
yeglu,12
amtawa,12
iwnen,12
asel,12
yessumer,12
tetteddu,12
nwen,12
essasen,12
usewwi,12
warazen,12
ayad,12
dr,12
cca,12
american,12
uslelli,12
yezger,12
imik,12
ters,12
yebder,12
tiwsatin,12
makawsen,12
irewlen,12
aseklan,12
ukerdis,12
montreal,12
ttwasnen,12
tyuga,12
lfu,12
uqasi,12
twala,12
yell,12
tettru,12
gge,12
ugummu,12
yessekles,12
uku,12
part,12
edward,12
pablo,12
köln,12
basset,12
das,12
rwanda,12
unafag,12
kuba,12
tarjentint,12
north,12
yettwaru,12
iniyen,12
timana,12
nnef,12
meknas,12
urway,12
tsedmirt,12
ibeddu,12
uzt,12
tirrayin,12
azen,12
yirden,12
issa,12
widen,12
ite,12
waddud,12
airlines,12
elma,12
ulempiyen,12
assan,12
yessexdem,12
short,12
teqsi,12
ilmayen,12
yettusesmel,12
tmesgida,12
tsekliwin,12
tayed,12
asrag,12
usnerni,12
allalen,12
huang,12
temsizzelt,12
tudes,12
tifrit,12
mellulen,12
emmu,12
ath,12
eau,12
ikkan,12
wwint,12
can,12
amuran,12
tenfust,12
uzadur,12
iyya,12
chopin,12
tissiwin,12
iseffuden,12
undiyen,12
ika,12
kebek,12
masters,12
kcem,12
amezray,12
mulay,12
tze,12
dem,12
up,12
teglizt,12
imzda,12
yillel,12
yidi,12
afarsi,12
mettijet,12
stanbul,12
ubagu,12
mississippi,12
tigawin,12
tafrent,12
tizermemmuyin,12
yisura,12
loire,12
tukkit,12
agezzum,12
lamarck,12
afrensaw,12
tsenfednin,12
yemnummsen,12
tiwetmin,12
ugemma,12
cu,12
wedrardzayer,12
prag,12
fed,12
ramberg,12
taci,12
tuggtudert,12
yideg,12
tettwasemma,12
uzun,12
tamezwart,12
sulfentid,12
vulgaris,12
tetrawin,12
awezziw,12
tnariyin,12
inegmaren,12
crataegus,12
tizumbiyin,12
yaggugen,12
izunyuren,12
ugellus,12
tbenferriwin,12
tayda,12
tikdi,12
tesnayyawin,12
imendiyen,12
ersaw,12
yimcac,12
tinigt,12
timezdit,12
tisengamin,12
inawen,12
iselsa,12
upiyin,12
imernayen,12
icebcalen,12
teucrium,12
tesragt,12
uzuf,12
tikwatin,12
genetta,12
tisekliwin,12
tesragin,12
aziwe,12
limamat,12
tassast,12
assuji,12
tadremt,12
wazag,12
idgel,12
agerram,12
lecyux,12
bizasina,12
ibizen,12
tenma,12
sammak,12
tdunatit,12
curt,12
marko,12
ulli,11
tif,11
canis,11
iwan,11
ammar,11
yekkaten,11
tedyant,11
lapologne,11
zerrad,11
imezgiyen,11
tanumi,11
ssu,11
texte,11
tub,11
idrisen,11
lhan,11
acaoh,11
tacawit,11
tisamiyin,11
langue,11
internationale,11
etudes,11
maroc,11
amazigh,11
maurice,11
berber,11
tkatalant,11
enna,11
uqba,11
nili,11
hibel,11
luluf,11
saldae,11
red,11
ibi,11
yeshel,11
ihudd,11
nouvelle,11
igemmamen,11
wiki,11
asarag,11
itekkan,11
tamesbanit,11
zan,11
yuraren,11
théâtre,11
comité,11
cité,11
ttlata,11
tudmisin,11
terza,11
tenmegla,11
ferhat,11
idan,11
rachid,11
yessefra,11
cennun,11
kkaten,11
ssulin,11
tsa,11
tesdawiyin,11
meqqran,11
timziregt,11
tettunefk,11
waggagen,11
timmuz,11
dindin,11
ggten,11
meyya,11
militants,11
yefra,11
mathématiques,11
igellil,11
elna,11
qar,11
icna,11
lxi,11
kecc,11
asnawi,11
iff,11
isnulfan,11
edison,11
yara,11
hid,11
niqal,11
yeqwa,11
yečča,11
erci,11
imnayen,11
isema,11
tizizwa,11
standard,11
japon,11
tmacahutt,11
tasusmi,11
oubliée,11
œuvres,11
républicain,11
mon,11
beyrouth,11
trois,11
teq,11
lkaf,11
uwra,11
texxamin,11
iqqar,11
isegasen,11
isyin,11
etc,11
yemmeslayen,11
tdukliwin,11
erfin,11
yimuha,11
ilmezyen,11
micli,11
isegassen,11
autres,11
tdukla,11
allan,11
gmas,11
wakraren,11
ers,11
tettent,11
budapest,11
dialecte,11
iwel,11
tazwart,11
ses,11
karl,11
amassan,11
atxaga,11
aspenyuli,11
arway,11
tasertant,11
usegmi,11
ahilen,11
xix,11
nettu,11
ayazi,11
akem,11
wegmar,11
club,11
errac,11
qe,11
anaddal,11
fc,11
zidane,11
qal,11
timsizzelt,11
yimeddukal,11
tirga,11
madagaskar,11
ansayen,11
ussukkes,11
tkebbanit,11
port,11
malizya,11
tahrest,11
zinya,11
inuda,11
newwi,11
isellek,11
ttawilat,11
nettmeslay,11
kim,11
ddmen,11
tesnutlayt,11
nations,11
tafulfuldet,11
ikamruniyen,11
yettwaxdam,11
usekcem,11
umelyun,11
umman,11
ekren,11
agga,11
ukku,11
wej,11
tewwet,11
tmellalt,11
emman,11
ace,11
waguren,11
burj,11
english,11
bugarmu,11
cri,11
petit,11
mezyan,11
ekku,11
peinture,11
imsulta,11
ixeddamen,11
yinzaren,11
yettunefken,11
ssili,11
ilasen,11
tujjya,11
yizmawen,11
tasutin,11
tmezgunin,11
agris,11
amezyan,11
tneb,11
tnekkit,11
asune,11
tesqamut,11
imalasen,11
benmuhub,11
zu,11
hinan,11
ilef,11
rabe,11
maamar,11
ts,11
fellasen,11
gretel,11
lbi,11
umeksa,11
henry,11
gustave,11
taktiwin,11
leqwanen,11
yessufu,11
tadersi,11
thibrut,11
georges,11
meryem,11
yinjil,11
lmehdi,11
lquds,11
katalunya,11
amadlan,11
taslullit,11
tagzirt,11
tamugri,11
atraw,11
tmuski,11
isesmilen,11
igezlanen,11
tagennawt,11
timaddudin,11
tafaska,11
tamart,11
icca,11
tekkat,11
mist,11
iwulem,11
uss,11
mya,11
uglan,11
tenza,11
yettura,11
bube,11
aneggal,11
kicu,11
yettune,11
yeflisen,11
rag,11
agzul,11
taseddart,11
imasla,11
qubrus,11
udbil,11
agin,11
nnfe,11
unsib,11
tasen,11
tamatant,11
tjummiwin,11
yesri,11
dad,11
takatulikit,11
yeqqa,11
wenzar,11
linux,11
sers,11
acennaytameddurt,11
stauffenberg,11
sun,11
amsedrar,11
facebook,11
takebbanit,11
capital,11
inzan,11
twilayet,11
leflay,11
taqli,11
ignan,11
mellulit,11
ezzuz,11
diyen,11
umanen,11
amernay,11
wuseggas,11
asegget,11
umcic,11
tanafukt,11
terwel,11
adobe,11
twines,11
my,11
chelem,11
tiwe,11
tinfusin,11
ajdir,11
imerna,11
ggan,11
teftist,11
commun,11
abagu,11
erdayen,11
molière,11
drama,11
ufakan,11
alaska,11
upyanu,11
camil,11
amawa,11
kabul,11
yizzayriyen,11
ttwan,11
asugnan,11
imezzwura,11
telmant,11
analman,11
isirgen,11
taycukt,11
yifsan,11
species,11
tasnayyawin,11
afeltwacult,11
tigmanin,11
imidduren,11
alluy,11
igmariyen,11
tasnakalt,11
asuri,11
winterfell,11
officinalis,11
taxatart,11
ufares,11
imqerqar,11
tmekkest,11
ake,11
tamazrayt,11
ifis,11
imesgumma,11
uged,11
hrawen,11
yaggug,11
umrawseggas,11
yiferran,11
igtal,11
tizwal,11
isbegsanen,11
tamsedfart,11
ugerru,11
darin,11
anesur,11
crocodylus,11
usekti,11
aruku,11
tacubrant,11
iged,11
amsulles,11
ugerjum,11
taganin,11
abies,11
anaw,11
aqelqul,11
aberni,11
tuddna,11
timaklasin,11
ayman,11
araklan,11
truca,11
asaflaw,11
ussuji,11
atmelli,11
yukkes,11
tufya,11
aweggir,11
tawment,11
aurigaster,11
ugeddis,11
adunati,11
yiceffaren,11
imceyye,11
yxedmen,11
lakumzis,11
yettunefka,11
usegnaf,11
tirrin,11
zul,11
ihad,11
tahibrut,11
uhad,11
basayib,11
amunak,11
vinisya,11
arxmides,11
elle,10
tet,10
ena,10
irdemt,10
iwet,10
azelma,10
tumgisent,10
tasanayt,10
mur,10
tjerrumt,10
msila,10
wartilan,10
udden,10
imesla,10
saïd,10
tagmat,10
wayla,10
yizenqan,10
izwawen,10
isertiyen,10
tum,10
tatergit,10
nagt,10
muritanya,10
recherche,10
documents,10
communication,10
mondeberbere,10
central,10
infusen,10
arami,10
ayfus,10
eqqani,10
uneggaru,10
bla,10
zzwa,10
tigeldiwin,10
amran,10
siwa,10
igujilen,10
bal,10
imiyen,10
taflist,10
imeqqren,10
azi,10
yizan,10
yeccna,10
tteddun,10
yibulisen,10
ibulisen,10
ajun,10
ssuttren,10
yeffer,10
tettwaru,10
elqen,10
guerre,10
révolution,10
africaine,10
asensu,10
hudden,10
tilibizyu,10
unef,10
sala,10
intellectuels,10
ttxemmimen,10
sskanayen,10
ttemlilin,10
aqbu,10
tefreq,10
igi,10
publications,10
tessawa,10
uzan,10
wesnulfu,10
itteff,10
tifaskiwin,10
nadya,10
uki,10
tisfifin,10
press,10
azenzar,10
amuqran,10
tissas,10
itta,10
issegwassen,10
ulfa,10
nnejma,10
tti,10
yussa,10
ifukk,10
sersen,10
fad,10
irin,10
malika,10
sid,10
abdelqader,10
eda,10
recherches,10
aggur,10
imuhal,10
poèmes,10
aix,10
provence,10
novembre,10
ouzou,10
ennif,10
tadmayt,10
tmerrit,10
igliziyen,10
skecmen,10
damien,10
tudart,10
isse,10
imlal,10
merrakec,10
livre,10
tome,10
khaldoun,10
ulen,10
awad,10
iwillimiden,10
wejda,10
yemxallaf,10
tazla,10
lfatti,10
sale,10
association,10
ahid,10
anza,10
adam,10
tnefsit,10
wayt,10
nayel,10
tiberraniyin,10
xeddment,10
bretagne,10
issinen,10
tettemcabi,10
dialectes,10
aber,10
tirawt,10
qedcen,10
tessel,10
tinzert,10
masnsen,10
misipsa,10
yemut,10
adigan,10
xxi,10
yezdi,10
zgant,10
tapulunit,10
tesbedd,10
xx,10
tiqbayliyin,10
afe,10
isuf,10
uglim,10
izen,10
amagnu,10
yettinigen,10
asalu,10
friedrich,10
leonardo,10
izde,10
tespenyulit,10
eqren,10
tmazirt,10
twuriwin,10
uya,10
qed,10
jurjya,10
tinselmin,10
tazrirt,10
brizil,10
wukud,10
adi,10
welmad,10
temsirin,10
tettmeslay,10
iteffe,10
mec,10
où,10
moi,10
ill,10
ixe,10
asmekti,10
walba,10
meqqar,10
tribus,10
yekkawen,10
twe,10
cic,10
teqbuct,10
dali,10
lyazid,10
temlal,10
marcel,10
bordeaux,10
suf,10
anazur,10
tucc,10
studio,10
itte,10
yettawe,10
alit,10
usnefli,10
sli,10
tettekki,10
ssutren,10
ussisen,10
nettwali,10
erda,10
imalen,10
lekwit,10
yettarra,10
tufrar,10
nekkes,10
wissen,10
yessuli,10
tigre,10
yesnen,10
comme,10
été,10
casbah,10
sadeq,10
leipzig,10
rose,10
catherine,10
franz,10
ifuyla,10
afaylu,10
bin,10
ahric,10
lxe,10
ufran,10
turdiwin,10
leo,10
siw,10
addar,10
tayla,10
zzbel,10
tfunast,10
ageffur,10
yettkemmil,10
ho,10
petite,10
tezde,10
amesnulfu,10
yales,10
tfukk,10
felli,10
ezza,10
zirem,10
essaid,10
yellis,10
waj,10
faqen,10
tiziri,10
cendrillon,10
zwa,10
kabusa,10
ulzasen,10
wertiran,10
tbessa,10
zur,10
yigenni,10
grinland,10
salvador,10
piru,10
cs,10
temliliyin,10
tettas,10
angeles,10
nicolas,10
unzul,10
langliz,10
baja,10
watan,10
tamarut,10
arthur,10
yulyus,10
carlo,10
tintaliwin,10
azayku,10
sina,10
tokyo,10
arjentin,10
iluled,10
ppa,10
asigna,10
afaris,10
imsawalen,10
fezzan,10
imesnallunen,10
usfijjej,10
temhalin,10
usemdu,10
imnummsen,10
usiden,10
alim,10
turew,10
wunti,10
tamirant,10
temmal,10
essast,10
usekkud,10
qqim,10
imuda,10
yemme,10
uke,10
air,10
tbatent,10
tibeskert,10
ki,10
mhidi,10
istambul,10
isli,10
timidranin,10
wegzam,10
sgi,10
wit,10
lab,10
tallelt,10
yider,10
iceyye,10
jadu,10
adeffu,10
itezzin,10
aberra,10
uttekki,10
aserdasi,10
anden,10
mumen,10
aweqqas,10
aslem,10
asemmam,10
yemmel,10
raft,10
imezzayen,10
ufransis,10
tettali,10
timzizelt,10
tfaskiwin,10
azegriran,10
timudmin,10
yimurigamen,10
yimuriyen,10
taleslalit,10
mmalen,10
adekran,10
wedras,10
tuzza,10
turrit,10
isegran,10
yettbeddilen,10
lawi,10
yali,10
asekkud,10
amecwa,10
asaka,10
yexde,10
anim,10
nufi,10
wimbledon,10
martina,10
asengam,10
tasna,10
mrin,10
rawen,10
mre,10
tader,10
dot,10
below,10
ibaburen,10
tasala,10
yixeddamen,10
ugrawliw,10
yayınları,10
azlaf,10
asafar,10
yijdi,10
yudren,10
kosovo,10
tmeskebrin,10
waras,10
temsisit,10
anja,10
yigumma,10
elmi,10
franklin,10
anglizi,10
tisenfednin,10
arizona,10
unemhal,10
wne,10
tadanict,10
dürer,10
tanzagt,10
tiwilayin,10
tasnim,10
irwasen,10
ifelasmil,10
ibeddilen,10
herbe,10
tiwura,10
amay,10
yifa,10
uziri,10
wayis,10
umagraman,10
nnill,10
abare,10
arryn,10
riwt,10
sauvage,10
sativa,10
amenferriw,10
tuččit,10
prunus,10
yisa,10
convolvulus,10
uzegga,10
tsegla,10
yisig,10
timsennent,10
tibenferriwin,10
yettusmersen,10
dâr,10
imesden,10
wsuji,10
ufunas,10
izegnan,10
uzeffar,10
tzumbiyin,10
adren,10
unemgal,10
afekkan,10
tizutar,10
imazzalen,10
amnummsan,10
ubaggus,10
izeffaren,10
tagda,10
salvia,10
umqerqur,10
tumdin,10
iwuza,10
tiseflayin,10
taninna,10
twurta,10
ččik,10
sirwa,10
azerke,10
ttwasemman,10
asru,10
cricetulus,10
apg,10
unezzu,10
tamekruzt,10
ncov,10
isnajjyanen,10
tasawt,10
timzer,10
efzanin,10
tuglimt,10
emberiza,10
unwi,10
gemnen,10
masunas,10
description,10
amensi,10
tudayin,10
tačikiyt,10
temcagzirt,10
dictionnaire,9
ddem,9
recueil,9
étude,9
musique,9
tewrirt,9
dre,9
tegmat,9
tudsa,9
nettwassen,9
yessetma,9
aurelius,9
illin,9
isiwan,9
tasili,9
nijir,9
titergiyin,9
faso,9
senegal,9
tamerrukit,9
ircam,9
negh,9
imazighen,9
abjed,9
mren,9
turufit,9
illel,9
tislamit,9
usigna,9
numidia,9
ellaten,9
index,9
ammer,9
tamezgunt,9
yesteqsa,9
yettwamne,9
xedda,9
uggug,9
lekwa,9
werkawal,9
parti,9
budwaw,9
tejja,9
yikabaren,9
lejhe,9
tisertiyin,9
msegrawen,9
asudu,9
yessegrew,9
tmacint,9
udren,9
imesdurar,9
aje,9
yessexdam,9
tke,9
officiel,9
yehwan,9
urfan,9
tiytiwin,9
usse,9
ssawlen,9
tesseqdec,9
yemxallafen,9
ctembe,9
timliliyin,9
ilelliyen,9
bennun,9
homme,9
yimassanen,9
maghreb,9
amihi,9
yehwa,9
inni,9
lunis,9
yers,9
igerzen,9
algérien,9
ikfa,9
projet,9
alugen,9
ilmed,9
buzgan,9
yumen,9
yuki,9
uqbayli,9
nemmeslay,9
yaggi,9
masibsen,9
masibsa,9
yesdukel,9
mlilen,9
tten,9
tarewla,9
bukus,9
yemdukal,9
yesdukkel,9
eh,9
ighil,9
tamara,9
université,9
fra,9
dalil,9
anisa,9
lkanun,9
talit,9
tafem,9
blues,9
colline,9
rsen,9
ayda,9
ebbar,9
canada,9
septembre,9
anthropologie,9
ville,9
cannes,9
imer,9
tawa,9
xedment,9
ameddakul,9
wanida,9
ittu,9
yigarawen,9
ibabaten,9
cba,9
asuqel,9
découverte,9
exposition,9
ibawen,9
meqqret,9
negrent,9
tenfalit,9
timeslayin,9
amud,9
yewin,9
isertayen,9
ixfawen,9
ayat,9
igelman,9
vii,9
ek,9
elfa,9
ermiwin,9
amensay,9
hamid,9
herzl,9
tahungarit,9
tebrat,9
nnger,9
collection,9
lfer,9
isnalayen,9
ilha,9
taka,9
teqdec,9
iraten,9
zew,9
peuple,9
vinci,9
césar,9
pape,9
asalay,9
musée,9
tkadimit,9
ms,9
imeksawen,9
yez,9
ssersen,9
takurmanjit,9
azerbijan,9
ujemmal,9
berr,9
imselle,9
usebded,9
tehib,9
zedd,9
assebded,9
forme,9
izmal,9
isker,9
deux,9
cette,9
front,9
fontaine,9
tagmatt,9
tabratt,9
free,9
yettarran,9
telkin,9
fort,9
ccer,9
nit,9
ifran,9
imurar,9
teqbucin,9
amara,9
garasen,9
bubker,9
meqbel,9
fifa,9
super,9
unnar,9
emmadi,9
yina,9
yima,9
kkant,9
nigeria,9
yiselman,9
ttemsefhamen,9
ttwassnent,9
south,9
sri,9
yinaziyen,9
tallinn,9
lqella,9
ifen,9
nitenti,9
yiqeddicen,9
daden,9
yettwaxedmen,9
riq,9
tasmanya,9
wana,9
dil,9
tfilkut,9
tayeffust,9
afessas,9
asammar,9
sam,9
arant,9
asenfa,9
enqa,9
farida,9
taklut,9
jennad,9
issiakhem,9
star,9
tamensayt,9
igdalen,9
azzug,9
tdukkli,9
azalen,9
mare,9
lafen,9
tegguni,9
usaduf,9
yettusismel,9
afimidi,9
tefrer,9
rre,9
yiferki,9
nerr,9
ifella,9
tibexsisin,9
camps,9
dépêche,9
gerruma,9
abiyen,9
tmane,9
ddunnit,9
réédition,9
chi,9
teddart,9
usbeddi,9
inijel,9
yidsen,9
édith,9
piaf,9
abdelkrim,9
busad,9
igerbucen,9
lzayer,9
lxiq,9
alyani,9
wab,9
zermani,9
wisconsin,9
qasem,9
ariq,9
gulussa,9
narabas,9
imsun,9
txencelt,9
umal,9
enal,9
platon,9
taxlijt,9
ssenf,9
kusta,9
rika,9
taneflit,9
animé,9
susa,9
mednin,9
nif,9
adn,9
wacer,9
tsuqilin,9
yigiman,9
bani,9
tutalyt,9
idris,9
rrebrab,9
sla,9
alat,9
tiftisin,9
tagnnawt,9
ixataren,9
iguza,9
keččmen,9
illant,9
drusen,9
big,9
yesmilen,9
jedd,9
ikerri,9
udfel,9
yxeddmen,9
uyazi,9
amectu,9
umanit,9
ccambi,9
tekwatt,9
ufell,9
hommes,9
afelsuf,9
naruto,9
ufaris,9
cwit,9
texas,9
ccam,9
itbir,9
ewt,9
iss,9
florida,9
tamarikant,9
mary,9
elizabeth,9
enja,9
ljame,9
sifaw,9
mac,9
yettales,9
agrawi,9
imetti,9
tabburt,9
timselyutin,9
tagma,9
rast,9
wed,9
butwab,9
tifra,9
tazart,9
agusim,9
wilaya,9
semme,9
arabe,9
akfadu,9
yisrayel,9
cicunq,9
bali,9
imezde,9
tiberkanin,9
assegas,9
hong,9
amurigam,9
asebdad,9
azadur,9
anzeggan,9
uglam,9
umurigam,9
tacacit,9
frédéric,9
iwra,9
izegga,9
amagdez,9
timuta,9
urured,9
imziken,9
yettmagen,9
umalay,9
tasakrart,9
iren,9
awdiw,9
ukala,9
tcennayt,9
ons,9
life,9
iva,9
ai,9
gdz,9
ittmeslayen,9
liya,9
toronto,9
lyanna,9
umnir,9
adamsan,9
idisken,9
mzab,9
mum,9
division,9
cikri,9
tesnilest,9
asin,9
lamir,9
yenbe,9
mimuna,9
yuw,9
iziganen,9
wegmam,9
iduba,9
marsa,9
babu,9
rouen,9
normandie,9
maritime,9
ariri,9
wemcic,9
tullist,9
cudden,9
tettwasismel,9
usama,9
hawaii,9
eugène,9
ifat,9
warsu,9
ziland,9
amudlif,9
kursika,9
timekkest,9
tuk,9
wegener,9
taldayt,9
agdef,9
usenmel,9
genus,9
astirf,9
bangladec,9
isni,9
malta,9
tadla,9
khaled,9
tuggdi,9
ayan,9
amekkasu,9
tiku,9
timental,9
tighzert,9
ttumeggzen,9
akatuliki,9
maupassant,9
tirawin,9
tuzzuft,9
tidawsanin,9
ibaw,9
centaurée,9
abdenour,9
java,9
catégorie,9
iben,9
rmt,9
montesqiueu,9
tusridt,9
lemsin,9
timsennenin,9
igedfen,9
tiski,9
yifrax,9
yedgan,9
spaghetti,9
amwan,9
asegmar,9
azzuzwel,9
tareddi,9
anessas,9
agtul,9
urnan,9
waray,9
ursuten,9
yettwazmer,9
yigmanen,9
iruka,9
imezzi,9
tengiwin,9
usdiden,9
unagi,9
niptun,9
scolymus,9
tlla,9
ifaylellisen,9
gebren,9
ajuga,9
bos,9
afriw,9
pyrrhula,9
isekliwen,9
useflay,9
tgemrawin,9
azdal,9
anus,9
ilew,9
aqer,9
sylvia,9
icidi,9
igem,9
affal,9
anamsad,9
anaffal,9
igim,9
buneggaf,9
akenni,9
wemruj,9
yimusnawen,9
laguna,9
tamsmunt,9
tifwin,9
zumba,9
aqur,9
uzmig,9
masisilya,9
tamyercalt,9
karkasan,9
yerfa,9
yinemba,9
yiwindaliyen,9
yititanen,9
kawsen,9
yigi,9
menceyato,9
djilali,9
tmezgidiwin,9
krimyu,9
tmesbaniyin,9
ubat,9
imunguliyen,9
rennun,8
minor,8
wessu,8
anzi,8
tezdayt,8
décembre,8
ligne,8
tiwizi,8
foundation,8
aqvayli,8
layant,8
auguste,8
bulifa,8
essan,8
tettwameslay,8
tazemmurt,8
ssif,8
zzi,8
tergalin,8
femme,8
chant,8
ccnawi,8
tarmit,8
anabad,8
tuddert,8
djaout,8
ttusemman,8
saw,8
tamace,8
arakal,8
tacenwit,8
tuness,8
tifin,8
vol,8
entretien,8
anne,8
htm,8
afiniqi,8
yettwura,8
tagrumma,8
abla,8
mack,8
lexrif,8
wawras,8
twilayin,8
emr,8
tur,8
akukru,8
aserdun,8
teglest,8
rfen,8
umaniyen,8
daymi,8
iziriyen,8
yiziriyen,8
ddemma,8
usellek,8
agim,8
yiflisen,8
columbia,8
amulli,8
uzemz,8
asfugel,8
terwi,8
uzaglu,8
tennerni,8
nefhem,8
tigin,8
yebdu,8
umeddakel,8
bedren,8
amna,8
lejnas,8
lmir,8
tefru,8
yefri,8
culturelle,8
tikliwin,8
terni,8
tasnawit,8
tegzem,8
zayed,8
yessa,8
yesnekren,8
kulci,8
erf,8
erre,8
werjin,8
ifurkawen,8
humaines,8
slan,8
tuwe,8
patrimoine,8
tamesluyt,8
inadi,8
ict,8
bnadem,8
teff,8
qqiment,8
théorie,8
iliktrunen,8
commons,8
jersey,8
fernen,8
yeslul,8
yegli,8
yessarem,8
ssin,8
tezyiwin,8
bulletin,8
jer,8
leflani,8
live,8
defla,8
coll,8
lexique,8
cahiers,8
critique,8
mai,8
entre,8
actes,8
sociales,8
moderne,8
illulen,8
ifi,8
tacentirt,8
usali,8
iturkiyen,8
ttwabnan,8
that,8
yuklal,8
turart,8
nekcem,8
tegwnitt,8
zenzen,8
tefrara,8
erra,8
uqus,8
lumur,8
lmitra,8
tripod,8
namibya,8
ttekksen,8
ccedda,8
tesle,8
asewzel,8
umussnaw,8
taffa,8
base,8
main,8
isaffen,8
rabi,8
aln,8
ccre,8
tawrat,8
yumnen,8
bed,8
isma,8
azewwa,8
flan,8
gre,8
ttru,8
jem,8
ccin,8
zzint,8
tgeldiwin,8
tibaltiyin,8
ilit,8
tintalyin,8
tentala,8
asuvyati,8
walmaniyen,8
tanesba,8
taseklant,8
icegge,8
iseggassen,8
wezref,8
rome,8
asentel,8
timettit,8
emmanuel,8
bis,8
anagi,8
tecrek,8
instituteurs,8
source,8
lundun,8
tiklisent,8
palais,8
iwwi,8
tanemlayt,8
cafiq,8
amnadi,8
arasen,8
agdal,8
usiwel,8
hiempsal,8
yettwafken,8
ttili,8
azayez,8
igensasen,8
umarir,8
kurdistan,8
ttemcabint,8
uqqten,8
constitution,8
takirgizit,8
tafulmant,8
tkirgizit,8
debba,8
isehlen,8
fessus,8
tefyirt,8
justice,8
enfants,8
isekles,8
unazur,8
yeggar,8
awah,8
kenza,8
usganfu,8
claude,8
radio,8
tasemlilt,8
ideb,8
yettekki,8
aqjun,8
werba,8
ulama,8
adebsi,8
aqe,8
ubben,8
tettnadi,8
larbaa,8
ugadez,8
icer,8
napoléon,8
ezzuzen,8
confédération,8
yettwabna,8
ibel,8
laksida,8
peter,8
mc,8
ahar,8
youcef,8
tamawin,8
zineddin,8
diego,8
bayern,8
munich,8
real,8
yass,8
nesla,8
acimi,8
tegnitt,8
tezdeg,8
egger,8
izwal,8
iwed,8
tesfifin,8
timzikin,8
yiberkanen,8
niger,8
côte,8
yezgaren,8
yesskan,8
gouvernement,8
icinwaten,8
asagen,8
lanka,8
tza,8
tenmiregt,8
igli,8
icerken,8
kemt,8
ansay,8
tafidiralit,8
han,8
yessefken,8
yiwwas,8
tudmist,8
tettwab,8
ixemmem,8
liens,8
tessekcem,8
system,8
society,8
wasun,8
iwezlanen,8
yessem,8
tettarra,8
région,8
jardin,8
iqt,8
tumart,8
ileddayen,8
uden,8
isemawen,8
bet,8
lengliz,8
arbaz,8
annuz,8
années,8
tceqqufin,8
imuqranen,8
square,8
lmuludeyya,8
bou,8
hugo,8
bien,8
wanaw,8
tsenselkimt,8
itekk,8
mechuren,8
bloody,8
pekin,8
neqqa,8
tames,8
lust,8
afrag,8
gellan,8
tezdi,8
tbadut,8
imrawen,8
rzi,8
rict,8
yiran,8
tettheggi,8
ttef,8
eddayen,8
trifit,8
tudra,8
ew,8
weqbu,8
asefrek,8
adt,8
tegmatt,8
yettiki,8
taneb,8
fin,8
minh,8
kopenhagen,8
uceqquf,8
yifer,8
ssya,8
ssufe,8
agrawli,8
yalla,8
afer,8
ayeb,8
atma,8
ldi,8
umeskar,8
usawen,8
aray,8
nom,8
partie,8
tale,8
ziyad,8
line,8
ip,8
tcennu,8
kunwi,8
sg,8
yimsawalen,8
tiddukliwin,8
tentaliwin,8
turat,8
anime,8
tatunsit,8
nun,8
ezzfan,8
tifeffe,8
asebter,8
tettwaxleq,8
teddukli,8
tasmilt,8
ssunna,8
awaden,8
tunsibt,8
tameddurttasertit,8
timezzayin,8
alan,8
lady,8
tgeldunt,8
awliwel,8
tifranin,8
tegrawliwin,8
suvyit,8
asfi,8
tafarest,8
tijelabin,8
amaway,8
benmhidi,8
vivre,8
agbur,8
umsaddas,8
ifakk,8
wannay,8
yeflalin,8
izelman,8
amsektay,8
tabagust,8
galileo,8
yessawlen,8
tukkest,8
salima,8
alem,8
ikkes,8
imed,8
twali,8
axeddam,8
userdas,8
lbabur,8
frawsen,8
arnu,8
gezmen,8
ekwan,8
yimennu,8
ezlan,8
rouge,8
uggar,8
anezwi,8
taselwit,8
tufga,8
herschel,8
tmuqra,8
yettwassenen,8
tadlafriwin,8
tcinwat,8
bilarusya,8
afarent,8
tismin,8
yilugan,8
tagrikit,8
igemma,8
tusniwin,8
tegrikt,8
ttju,8
ifellayen,8
wagla,8
collings,8
tabitha,8
tumast,8
wertilan,8
firefox,8
yisi,8
wallal,8
irt,8
alexander,8
teklut,8
yimdukal,8
group,8
inezwi,8
idularen,8
rbi,8
ike,8
wadday,8
souk,8
tanaddalt,8
emmic,8
twati,8
aqrib,8
ugni,8
tamudi,8
urtan,8
tawra,8
tibu,8
tamasayt,8
aled,8
rafin,8
bid,8
tidayrayin,8
ufraq,8
tasift,8
dg,8
sta,8
mmugren,8
arra,8
effren,8
fsusen,8
umecwa,8
tamku,8
tferkit,8
ansayan,8
tawlaft,8
ernuqen,8
talli,8
izan,8
kong,8
temmug,8
azmul,8
agratraw,8
tesdatin,8
ion,8
tseddi,8
tettwasile,8
tegla,8
wuglan,8
ammasen,8
addaden,8
ilili,8
yefrax,8
wurmir,8
tseftit,8
kent,8
seddiq,8
trewla,8
lewhi,8
iqerra,8
antoine,8
yettali,8
tisselwit,8
afu,8
tkalast,8
antonio,8
falco,8
film,8
minnesota,8
gauß,8
werke,8
gallica,8
göttingen,8
atlas,8
tasudest,8
tullawin,8
tasenbert,8
warzazat,8
usunen,8
lfar,8
imzeda,8
imyuraren,8
uzdal,8
mont,8
notes,8
taine,8
zénaga,8
ap,8
ouargla,8
tisiway,8
malawi,8
utram,8
missouri,8
temsaman,8
islami,8
idanen,8
delhi,8
balqan,8
itergiyen,8
anrar,8
ezfant,8
simal,8
atleta,8
urugway,8
pen,8
izzan,8
tespanyult,8
iken,8
teflal,8
teswasin,8
ttumeggzent,8
timesluffa,8
wanzaren,8
takemmart,8
tamgu,8
idmim,8
anwar,8
kalifurnya,8
isuka,8
idin,8
lmuziga,8
wezrar,8
usselkem,8
yesserfan,8
heyyan,8
ugasas,8
bill,8
iwent,8
addaltameddurtamarir,8
tamezzayt,8
tanayyurt,8
tesnim,8
imperium,8
tgezmi,8
taviani,8
punk,8
tsafin,8
imezdiyen,8
xnifra,8
jon,8
cersei,8
hab,8
anesba,8
timedkin,8
isemlel,8
map,8
ablug,8
takadimt,8
tkadimt,8
yinesba,8
udmawanen,8
addition,8
number,8
afurmas,8
montesquieu,8
tanecfalt,8
erflin,8
tigennawin,8
usdid,8
malva,8
igrawliwen,8
unnen,8
sâqî,8
yettwasxdmen,8
yettwasxedmen,8
imisin,8
asiden,8
timnummsanin,8
utmelli,8
isnarem,8
tikelmanin,8
agru,8
esma,8
irdmiwin,8
uyiren,8
tawalant,8
yall,8
werway,8
wermud,8
heavy,8
tazzurt,8
igriwlen,8
ifraren,8
tafizikt,8
tenkart,8
tafrirut,8
iskerci,8
taynayyawin,8
isismilen,8
teswermin,8
yigimen,8
alpaka,8
tegnizt,8
mangulya,8
yuza,8
tadayma,8
barbatus,8
adnanas,8
twinas,8
aylanen,8
vulpes,8
tazun,8
turdus,8
binyamin,8
rubin,8
asčewčew,8
alpes,8
phylloscopus,8
tazzirt,8
amsaylal,8
aklasik,8
asnegnag,8
iflis,8
yisekna,8
usefruret,8
timsedfert,8
tmekkisin,8
tmekkasin,8
yigim,8
yisragen,8
tazerzayt,8
unegliz,8
yettenfufuden,8
nopel,8
tzemkin,8
tezmekt,8
wesrem,8
umida,8
warda,8
luscinia,8
taklidant,8
mecken,8
yeflal,8
theft,8
auto,8
trebbuya,8
palistin,8
qertaj,8
rufan,8
tuwi,8
wazemz,8
tneglufin,8
yulyan,8
karuh,8
yemhel,8
yirebraben,8
utitan,8
aderba,8
mestanususus,8
maste,8
tasubyitit,8
ugitu,8
bumlikar,8
yemen,8
yiterkiyen,8
eqqi,8
tamhilt,8
maksimyan,8
brimyan,8
sardinya,8
akaribi,8
tzedmin,7
ttinigen,7
talamt,7
takerduft,7
idisan,7
tiqcicin,7
idumen,7
chez,7
pdf,7
mo,7
adolphe,7
hanoteau,7
emme,7
yizwawen,7
eqqa,7
aggay,7
taggayin,7
tussda,7
temxallaf,7
heddren,7
ifasen,7
taselwayt,7
abba,7
ilulufen,7
aqettal,7
bbc,7
tamazgha,7
racines,7
taliwin,7
tawellemt,7
mtawan,7
taznagt,7
atent,7
imru,7
ex,7
membre,7
sahara,7
yettuseqdacen,7
xiii,7
aqeb,7
alibi,7
agmmay,7
amesnallun,7
yusad,7
tadinastit,7
mez,7
yar,7
urumi,7
lwiz,7
tamdeswelt,7
sennig,7
ifniqen,7
leswaq,7
lbenyan,7
wame,7
eric,7
timelwi,7
tanaya,7
xii,7
yettnerni,7
utmani,7
lim,7
tafsirt,7
ddel,7
rregmat,7
taseddawit,7
esnawen,7
kul,7
tilleli,7
lesnin,7
ghef,7
teste,7
ersen,7
buxalfa,7
wurfan,7
lycée,7
ssuff,7
ttalasen,7
usudu,7
communiste,7
tmeskant,7
daniel,7
tuqqla,7
about,7
yelfa,7
tzeqqa,7
salle,7
place,7
yegguma,7
imes,7
imejjayen,7
olympia,7
mustafa,7
imassanen,7
tessken,7
irkawalen,7
ulfan,7
umam,7
tettbeddil,7
eggem,7
late,7
req,7
tesnakta,7
yeffi,7
tmawalt,7
bnun,7
sakk,7
yessken,7
yisalan,7
fan,7
tbennu,7
axemmem,7
ata,7
tilemmi,7
isla,7
nwa,7
tenni,7
twenza,7
leqhawi,7
tife,7
lmendad,7
tmacinin,7
iteff,7
umeqran,7
mastanabal,7
gulusa,7
zun,7
laba,7
ihegga,7
gher,7
agerruj,7
tezlit,7
buzid,7
best,7
yezra,7
inek,7
sned,7
traduction,7
arts,7
direction,7
anthologie,7
œuvre,7
mars,7
sba,7
taglest,7
tamerrit,7
temguri,7
tabexsist,7
abecki,7
chris,7
issufe,7
république,7
tamunt,7
lord,7
vincent,7
honneur,7
gabriel,7
octobre,7
immal,7
nesseqdac,7
statut,7
tegmi,7
agrudem,7
amenukal,7
agadez,7
tanut,7
ifra,7
organisation,7
dawud,7
nbi,7
inzaten,7
ibar,7
awaten,7
uselmad,7
mla,7
library,7
isellen,7
erran,7
tamella,7
tisuqilin,7
aflu,7
yegnan,7
mam,7
rqiqen,7
asalel,7
erbiyen,7
ufin,7
officielle,7
gaeltacht,7
inef,7
umawal,7
tka,7
usseqdec,7
yisallen,7
sbe,7
yimura,7
yesduklen,7
isuvyatiyen,7
gaius,7
claudius,7
kupernik,7
tabu,7
izli,7
tilifun,7
yelsa,7
aryan,7
umgaru,7
zemre,7
newwe,7
lmina,7
tettaru,7
tibratin,7
ikayaden,7
soleil,7
européenne,7
zzayeria,7
ofalac,7
iwtal,7
sutren,7
peintre,7
ajenyur,7
milano,7
iwwe,7
muhammad,7
anamur,7
asiwel,7
dren,7
tigejda,7
tidusiyin,7
warim,7
league,7
tafarsit,7
tiyitiwin,7
yessker,7
sselmaden,7
tteddu,7
abdar,7
erk,7
abin,7
empire,7
ufiyin,7
yettnadin,7
teqqnen,7
tazeqqa,7
scène,7
uzawan,7
umecwar,7
tout,7
vent,7
ttmagaren,7
zuhra,7
ččina,7
atnan,7
yisafen,7
tilkin,7
nadi,7
antiquité,7
yirna,7
binen,7
tidir,7
ksila,7
tiznatiyin,7
dris,7
fergani,7
akim,7
yaoundé,7
md,7
mahdi,7
nassim,7
yufad,7
wesmel,7
lulen,7
yeffren,7
ireggmen,7
sdis,7
champs,7
tamrawt,7
leqder,7
yebri,7
ulant,7
yufan,7
idra,7
yinigen,7
erruba,7
tuzna,7
deqqal,7
tdersiyin,7
yennerna,7
ttmeslayent,7
inurar,7
aterras,7
usligen,7
ulfun,7
unulfu,7
ggtent,7
tefki,7
book,7
temda,7
bassin,7
rio,7
tettim,7
yetturaren,7
teddukel,7
yimarikaniyen,7
tesnulfa,7
nadin,7
itteg,7
eqranit,7
yefken,7
timarikaniyin,7
alice,7
pays,7
icenga,7
tarwi,7
umm,7
tiqen,7
raq,7
public,7
ussegwass,7
yettargu,7
tayett,7
uterras,7
ččuren,7
tessa,7
ilif,7
afi,7
beqqu,7
unyir,7
ririj,7
lburj,7
yidisan,7
tayemmatt,7
abderrahmane,7
yemmuger,7
imsel,7
rwiced,7
djamila,7
rue,7
malik,7
yasmina,7
anar,7
taddert,7
tmettut,7
ifek,7
cnna,7
ilizan,7
isiaxem,7
festival,7
nina,7
raymond,7
unfafad,7
exe,7
arkun,7
besa,7
lbal,7
wak,7
ruc,7
abid,7
innulfan,7
taddayt,7
azag,7
ukzen,7
yudes,7
tasarut,7
wezger,7
asem,7
batna,7
axedda,7
oasis,7
autre,7
yeqqlen,7
tebratin,7
préfecture,7
calendrier,7
ranin,7
nwember,7
haute,7
lynx,7
umellil,7
xelfun,7
yewe,7
créteil,7
ismektayen,7
acewwiq,7
tezrigin,7
isawa,7
icennun,7
awaziw,7
mr,7
abdic,7
seddiqi,7
newwara,7
slimani,7
rifa,7
say,7
lmakla,7
yakkw,7
fus,7
tetti,7
sarah,7
genre,7
qim,7
ammi,7
yesseb,7
wedrim,7
wien,7
night,7
roi,7
trouve,7
imsune,7
aurès,7
ein,7
tafada,7
united,7
tfelseft,7
udebbuz,7
belize,7
honduras,7
mlilt,7
ann,7
sarkozy,7
benzart,7
mit,7
erfa,7
amdun,7
yettwaqqnen,7
amazun,7
teskanin,7
miguel,7
tamqqrant,7
ubb,7
injil,7
ancien,7
itargiyen,7
qu,7
calim,7
ambul,7
taspanyulit,7
tespanyulit,7
anzul,7
osaka,7
colonel,7
tayland,7
diana,7
pari,7
tayyugin,7
zenzla,7
amsen,7
tneflit,7
teddukla,7
asla,7
accawen,7
mugadur,7
premier,7
lwilaya,7
tibibelt,7
usenzi,7
tmess,7
tom,7
tisemranin,7
temurt,7
dat,7
termitin,7
temlilt,7
zzaweyya,7
surt,7
tettawe,7
imsullsen,7
yettfejjijen,7
ufimidi,7
umeskan,7
ttmagen,7
itrawen,7
ittili,7
weksujin,7
issers,7
rifin,7
tekti,7
timmunent,7
zdin,7
tiqer,7
ewwes,7
hraw,7
ukamyun,7
fessusen,7
talaba,7
aceb,7
ittwa,7
lfirma,7
imlil,7
tettbin,7
tafu,7
userdun,7
wizgan,7
yegdel,7
yil,7
urk,7
tsawin,7
tserran,7
dubay,7
weekly,7
aggad,7
aylan,7
wolfgang,7
mozart,7
timenza,7
usikel,7
hlal,7
lisbun,7
islamique,7
abxazya,7
tetteki,7
connecticut,7
house,7
people,7
white,7
lil,7
heinrich,7
benyusef,7
benxedda,7
telqey,7
tkatut,7
amusnak,7
rir,7
yekna,7
qqarn,7
nutenti,7
yejme,7
ider,7
tisi,7
ammad,7
claus,7
ubunsay,7
yedren,7
uryin,7
ixule,7
tesre,7
paolo,7
ihedd,7
sellam,7
lqer,7
rus,7
tucbi,7
twacculin,7
yimensi,7
agafataram,7
ssexdament,7
bouali,7
irmuden,7
moussa,7
wekfadu,7
zert,7
mlikec,7
xerra,7
mexluf,7
temsel,7
diduc,7
uzbu,7
azza,7
layet,7
ssufu,7
mna,7
tarennawt,7
izarazen,7
monster,7
damus,7
yimjuhad,7
alarmi,7
isurifen,7
sirya,7
taqerbuzt,7
beclul,7
nesnulfu,7
izegriren,7
anulfu,7
tiwin,7
ernuq,7
yoshizawa,7
yettfe,7
tette,7
tudfirt,7
wefsay,7
adalen,7
ideflawen,7
wefrux,7
forma,7
atlantique,7
tamsisit,7
igures,7
pro,7
knoll,7
brown,7
tawala,7
ibitten,7
show,7
imatuyen,7
ispenyuliyen,7
usalay,7
tecc,7
but,7
tsawel,7
tneqqi,7
zegren,7
usersi,7
vienna,7
isin,7
talu,7
rafael,7
steve,7
go,7
teswist,7
ayland,7
rekku,7
polandball,7
fox,7
gauss,7
über,7
éditeur,7
nns,7
atergi,7
chœurs,7
grammy,7
gergur,7
monte,7
laurent,7
baha,7
tallest,7
urba,7
llah,7
twaccult,7
tlifa,7
ugade,7
adin,7
tazanet,7
other,7
yexxdem,7
yurra,7
yidunan,7
xf,7
eds,7
collins,7
laudi,7
cielo,7
eroi,7
imelayn,7
yidisken,7
madani,7
ugzedu,7
malen,7
delheure,7
octave,7
mirbeau,7
landing,7
zambya,7
kansas,7
atunsi,7
lkarimeyya,7
uriyin,7
bordj,7
yedraren,7
tifelwiyin,7
johann,7
marine,7
izagiren,7
tkerbust,7
ns,7
tigemrawin,7
wirzan,7
nubel,7
ukrayin,7
lake,7
aneggaf,7
umeggez,7
dietrich,7
temzikrin,7
westan,7
yuddes,7
asafaylu,7
nengir,7
tfunasiyin,7
alalmani,7
azara,7
ax,7
tegwaranit,7
akala,7
blue,7
sucre,7
major,7
usnirem,7
inzer,7
lassell,7
afsax,7
hell,7
maja,7
tamtawant,7
tilsanin,7
alugan,7
amadal,7
imsefki,7
batent,7
regnum,7
dominium,7
ramus,7
branch,7
superphylum,7
superordo,7
imzik,7
tisedmirin,7
imseksumen,7
imečči,7
dustu,7
vatikan,7
walennas,7
gassion,7
vij,7
lxalifa,7
tata,7
tnegmu,7
lannister,7
tzerrew,7
teqeb,7
tasbeddit,7
assezgi,7
bean,7
hbo,7
talemmi,7
tisemhuyin,7
azawag,7
vulgare,7
calendula,7
arvensis,7
yum,7
abuferriw,7
amesfizik,7
uwe,7
igemmer,7
tibawt,7
lqalus,7
subsp,7
ač,7
chardon,7
veto,7
isebdaden,7
usfugel,7
tiffisin,7
udeffu,7
erfel,7
tilit,7
tegnut,7
timesdurifsan,7
timezgiyin,7
yegmanen,7
ttwaxdamen,7
thought,7
fikr,7
amsafag,7
indica,7
areksim,7
izawa,7
imzerreg,7
meqqr,7
ayis,7
amnursuy,7
azirdyaw,7
azeffar,7
tasrenka,7
tagertilt,7
tinliwin,7
aqziz,7
tiyeggert,7
timejjiwin,7
asafi,7
wsen,7
igezzumen,7
tiwinas,7
adapté,7
agnaw,7
taylalt,7
aberfiw,7
iberfiwen,7
uberni,7
wejgu,7
yessexdamen,7
tizunt,7
gallus,7
irwayen,7
uwliwel,7
reseda,7
igellmen,7
tasnakant,7
wesnay,7
icubar,7
tmesdurifsan,7
tmuskiwin,7
esyaf,7
makemake,7
wusud,7
tasint,7
timerniwt,7
tissit,7
lmasin,7
smyrnium,7
waggug,7
temzer,7
ubur,7
tillicin,7
imsineg,7
wedfar,7
cedrus,7
sinapis,7
umazzal,7
ameddis,7
udad,7
umaynag,7
tekwatin,7
awdaren,7
alullam,7
umlulli,7
tesdidin,7
polimiraz,7
dayt,7
idwi,7
tamarix,7
awdan,7
ayagwar,7
amsisi,7
twurtiwin,7
ibirya,7
agmudan,7
nalut,7
unag,7
isemiman,7
miwin,7
timser,7
yettwasemma,7
weg,7
ukawsar,7
premium,7
tamser,7
castanea,7
idawsanen,7
waffal,7
uneggaf,7
amsuji,7
iwula,7
asken,7
tgebber,7
juncus,7
waggad,7
tigni,7
wazagen,7
tick,7
tbuzegrayezt,7
ukaswar,7
tanilla,7
wallunmas,7
aloe,7
tatlu,7
yigeldunen,7
aggwa,7
abellez,7
himsal,7
sadat,7
yixfan,7
isdilasas,7
aygan,7
masuna,7
justinyan,7
yimejjayen,7
turfin,7
turkill,7
ledriq,7
ygelden,7
tgeldatin,7
yqerben,7
him,7
erbayun,7
tirba,7
umunak,7
aniyt,7
tasluvakt,7
marsil,7
tantalatin,7
yimunaken,7
yuwet,7
cirtéenne,7
araten,7
teqhirt,7
auxiliary,7
amestrisiti,7
buxara,7
hayti,7
tniriwin,6
duveyrier,6
belt,6
taurus,6
tizerzert,6
kessen,6
igider,6
wiyi,6
udiw,6
anta,6
timess,6
eryan,6
yezwar,6
amnen,6
yettwaf,6
touareg,6
cambridge,6
jeanne,6
voivodeship,6
sey,6
meqq,6
yisekkilen,6
ifukal,6
sekriyen,6
tamsetla,6
yifasen,6
tamettut,6
tanemmirt,6
caesaribus,6
tamsilt,6
ermin,6
imez,6
angaz,6
tifrusyawiyin,6
dwiret,6
taznast,6
tantalyin,6
ttaznen,6
chaker,6
directeur,6
inalco,6
académie,6
patrick,6
tmazight,6
sis,6
tunis,6
tawalt,6
marin,6
kull,6
ulemmas,6
aristot,6
warramen,6
tmendawt,6
nafi,6
bul,6
zri,6
lehmum,6
yimselmen,6
teknoloji,6
amana,6
sapiens,6
lmersa,6
iwandalen,6
idum,6
tmanya,6
lwert,6
amalway,6
lexde,6
ttwanfan,6
texser,6
amafag,6
yesban,6
amnukal,6
tagut,6
tlem,6
timest,6
tensa,6
azaglu,6
extrait,6
idetti,6
pièce,6
erban,6
ttalin,6
bitt,6
yettalin,6
yemmugren,6
yewhem,6
tessawal,6
yice,6
jjan,6
actualité,6
ussuffe,6
populaire,6
imin,6
amsegraw,6
ayes,6
mnayel,6
tger,6
ikemlen,6
eyyen,6
wemni,6
akanadi,6
nayet,6
amun,6
économie,6
ssiwlen,6
tasnakta,6
ljil,6
ledwa,6
iyit,6
ecrin,6
yenker,6
gin,6
action,6
qablen,6
uxemmem,6
ebbes,6
ttwakksen,6
kam,6
beddu,6
zem,6
ttesri,6
tgi,6
algériens,6
iteb,6
imussa,6
ist,6
yilsawen,6
itteffe,6
yuwyen,6
bouchène,6
azawan,6
nxemmem,6
zwi,6
ttwali,6
zibt,6
yegzem,6
ukt,6
structure,6
irwel,6
manhattan,6
avogadro,6
abuga,6
tferkiwin,6
amenzay,6
ohio,6
isbedd,6
rayen,6
tyemmatt,6
tezwar,6
massnsen,6
yada,6
set,6
erfen,6
teddunt,6
uzegzaw,6
teqqur,6
amuddur,6
wehmen,6
adris,6
muqren,6
sefra,6
juillet,6
désert,6
quotidien,6
constantine,6
dey,6
fri,6
makuda,6
aggwaca,6
tirmitin,6
ddheb,6
tamguri,6
tamectu,6
tazmart,6
sportive,6
loach,6
irlandiyen,6
acemmek,6
assegwass,6
irebraben,6
teddy,6
tecca,6
issefk,6
irfed,6
munaku,6
surinam,6
tmusniwin,6
afelsafi,6
tunisie,6
azwil,6
yettaf,6
yimeqranen,6
franco,6
nasa,6
wayi,6
buktu,6
bay,6
imalwayen,6
même,6
wiyad,6
isebtaren,6
ranen,6
ebren,6
hi,6
nait,6
fahd,6
abdel,6
tamawalt,6
uqeddac,6
nerna,6
tiddin,6
yulin,6
yicawiyen,6
layanen,6
isebtar,6
ssyin,6
leqwanin,6
yeglamen,6
ifrensisen,6
uy,6
ferdinand,6
nudan,6
ugarent,6
irlandi,6
wetram,6
yesnerni,6
almaniyen,6
yissin,6
umin,6
ssidren,6
fki,6
yinu,6
asekraf,6
anmezray,6
umnen,6
xal,6
duktura,6
tezzint,6
taglizt,6
ulit,6
tsemma,6
siècle,6
braham,6
imakaren,6
combat,6
rabah,6
lula,6
efk,6
isuffe,6
lmektub,6
cours,6
socialiste,6
congrès,6
après,6
freud,6
wulac,6
géométrie,6
issen,6
sebastian,6
abaski,6
mosku,6
issawe,6
anemlay,6
tuksa,6
marks,6
yad,6
imel,6
nil,6
yakuc,6
tagruma,6
amizur,6
emsa,6
yessuffu,6
traité,6
autonomie,6
tamtilt,6
yikirgiziyen,6
kazaxestan,6
tfarsit,6
neqsen,6
tamasla,6
conseil,6
jardins,6
welma,6
programme,6
ajen,6
muqle,6
rêve,6
couleurs,6
retour,6
mama,6
dix,6
aran,6
wagur,6
necra,6
dunit,6
madame,6
tijmilin,6
numidie,6
tmahe,6
timdininta,6
yimezwura,6
ittnadi,6
documentation,6
umeqqran,6
tiz,6
kerma,6
asemmad,6
zif,6
awer,6
tag,6
ttbeddilen,6
lasel,6
timri,6
dud,6
menad,6
xalef,6
lila,6
adan,6
emara,6
seghir,6
sofiane,6
amel,6
zizu,6
maradona,6
tilu,6
so,6
nantes,6
final,6
akd,6
iwulmen,6
wumdan,6
aju,6
ittak,6
aneggez,6
animt,6
umeccaq,6
sekles,6
voix,6
agu,6
temzi,6
ityupya,6
erzent,6
yiza,6
ikikuyuten,6
mandela,6
yeww,6
yijapuniyen,6
yersen,6
imdukal,6
universalis,6
mcb,6
issuf,6
tesnerni,6
snernin,6
tiber,6
tidersiyin,6
smenyafen,6
abbas,6
gabun,6
yemse,6
ttfa,6
cia,6
cameroon,6
tpidgint,6
wolf,6
tettuseqdec,6
arusrid,6
elleq,6
yessusem,6
akemmel,6
ussis,6
tiwtilin,6
yefki,6
unelmad,6
lbu,6
todd,6
social,6
virginia,6
east,6
cbel,6
rurt,6
iris,6
yessefhem,6
tibergent,6
zeyyan,6
ttra,6
tufra,6
rrant,6
yejbed,6
yettakken,6
imawalen,6
tigert,6
emla,6
tamal,6
ermanin,6
tessuf,6
ans,6
chroniques,6
tazuri,6
rebrab,6
sont,6
couverture,6
orchestre,6
sida,6
poète,6
quatre,6
mnba,6
isabelle,6
adjani,6
camille,6
carlos,6
actrice,6
ticra,6
informatique,6
bat,6
uneggez,6
ufaylu,6
pc,6
var,6
taqe,6
vu,6
abyzanti,6
hans,6
ekkmen,6
ujen,6
tuttut,6
asiwe,6
tour,6
eiffel,6
interview,6
yissu,6
tasimant,6
aseddayan,6
isgensisen,6
arimen,6
ittasen,6
grant,6
ufant,6
temnadt,6
aksel,6
ttusisemlen,6
sinigal,6
zel,6
yecba,6
weble,6
hull,6
amuli,6
taggi,6
tejmilt,6
inebgi,6
yesserwel,6
abruri,6
isuqel,6
yigujilen,6
lehlak,6
amrabe,6
liman,6
emdan,6
babur,6
yecnu,6
gezzmen,6
yessutren,6
tikci,6
historique,6
gaulle,6
nedjma,6
sans,6
avant,6
yedran,6
azemni,6
sexdamen,6
ratin,6
iyet,6
tunag,6
amasla,6
yekki,6
timezgunin,6
cenwa,6
ayamun,6
yimagraden,6
tatut,6
tissirt,6
tillas,6
isersen,6
eddant,6
igellilen,6
gayed,6
zakariya,6
cra,6
masin,6
aamruc,6
amani,6
tafarka,6
bahya,6
nussa,6
yur,6
xdem,6
lerba,6
assen,6
yemmas,6
prince,6
like,6
two,6
voir,6
guide,6
works,6
vers,6
aspenyul,6
luras,6
leroux,6
tomé,6
temrawt,6
skutlanda,6
great,6
ameyyez,6
anzaren,6
droit,6
tafelsuft,6
dzzayer,6
xa,6
tkar,6
duminik,6
irifiyen,6
eyyac,6
aviv,6
note,6
get,6
taqer,6
janduba,6
zdaxel,6
test,6
xmir,6
iwer,6
igrigiyen,6
imazanen,6
mkull,6
laq,6
honcu,6
kobe,6
zzewwar,6
claymore,6
mel,6
fantasy,6
amadalan,6
umesni,6
anu,6
birut,6
industrie,6
tazeggwa,6
bulman,6
azru,6
wansifen,6
umlil,6
externes,6
wled,6
ussen,6
tzemmurt,6
ilzuzen,6
tasehrest,6
erna,6
ukuz,6
amesni,6
tamas,6
ddukklen,6
tribu,6
imesnullanen,6
waffaw,6
russell,6
icubranen,6
yidrasen,6
imezrayen,6
tbagust,6
sas,6
erqan,6
ummam,6
ilhan,6
abernus,6
qqime,6
usfuggel,6
tamasit,6
tikal,6
asali,6
igerrujen,6
tkeryas,6
yufi,6
txedme,6
iffer,6
lqed,6
teglimt,6
ikamyunen,6
lkar,6
eslama,6
azrem,6
werja,6
ebdelmalek,6
tessuter,6
ansis,6
akuc,6
amir,6
vuk,6
isexdamen,6
guinness,6
tizizwit,6
ufarer,6
idraren,6
tefyar,6
mca,6
nefka,6
renaissance,6
notre,6
yimakaren,6
tessenz,6
awadem,6
indiana,6
starmont,6
dance,6
uzwel,6
old,6
girl,6
ulxu,6
emmal,6
utmaniyen,6
ussinen,6
amasay,6
amnekcam,6
xed,6
teğğa,6
yizri,6
zanen,6
tulmisin,6
yenzan,6
yuder,6
nejma,6
yeqqur,6
ayn,6
bray,6
apache,6
mysql,6
wamin,6
yuguslavya,6
abraham,6
tfransist,6
tejra,6
abus,6
affar,6
tahulandit,6
tusnant,6
wessi,6
ssen,6
mezzay,6
adut,6
wall,6
ttebyita,6
tzuri,6
bad,6
taxli,6
mechuret,6
acruf,6
xuwarzmi,6
adjed,6
wassif,6
sumam,6
idiganen,6
rn,6
elwan,6
uweqqas,6
iksilen,6
rwa,6
sedduq,6
slim,6
tisa,6
tagruja,6
ulman,6
rest,6
did,6
taga,6
tizra,6
lmajen,6
mula,6
takuct,6
umezda,6
uraba,6
abizar,6
winin,6
plantes,6
hanoi,6
ep,6
iyurayen,6
iferrawen,6
taleb,6
ccuhada,6
ugemmu,6
ggaren,6
simon,6
arazen,6
ennawt,6
ddg,6
urikata,6
tiferkit,6
fasen,6
kren,6
arbib,6
tamurant,6
yettwagdel,6
ibennu,6
igin,6
akira,6
mazel,6
aratak,6
anton,6
isegra,6
ahilium,6
usinuksid,6
yifawatayen,6
amik,6
westum,6
tessili,6
tzeglin,6
igemmuden,6
axeclawan,6
udmawan,6
wuccanen,6
wudi,6
wesget,6
kecme,6
qerri,6
inisi,6
acciwen,6
rrwa,6
menthe,6
more,6
waddag,6
amakken,6
list,6
hicem,6
tawezlant,6
yuk,6
yigen,6
bergara,6
uqra,6
tsudut,6
twen,6
bult,6
tesra,6
taglimt,6
wacciwen,6
yettwarna,6
ellasa,6
weltennas,6
tengalin,6
tanemhazt,6
chicago,6
adeblan,6
tanezdu,6
idu,6
lavigne,6
tadra,6
testenya,6
takalast,6
federer,6
trebbut,6
sat,6
tazal,6
venus,6
pollandball,6
out,6
tasmedna,6
hermann,6
amsterdam,6
taqbu,6
yult,6
tinariwen,6
tamaceq,6
tamikrest,6
wenissa,6
đoković,6
belgrad,6
viktorya,6
iznassen,6
fuda,6
lima,6
calais,6
tawerga,6
yesyi,6
uyama,6
tewwed,6
alala,6
tirmit,6
milt,6
wexre,6
zari,6
iqellalen,6
tizegzawin,6
tadawsa,6
aknul,6
endas,6
unnig,6
benyan,6
bennay,6
timuz,6
modern,6
tuzin,6
chelha,6
vermondo,6
brugnatelli,6
ibla,6
degli,6
ingliziyen,6
yessenker,6
santiago,6
xalifa,6
warglen,6
hip,6
hop,6
affaires,6
celtic,6
takatulikt,6
cigan,6
tafuyt,6
jackson,6
werya,6
eft,6
gsm,6
aderyati,6
yisen,6
pasteur,6
yemeslayen,6
amzeruy,6
pennsylvania,6
yibe,6
amrarad,6
wezrem,6
ihriren,6
tagemrawt,6
terjentint,6
akiwan,6
cilmun,6
hafez,6
amr,6
tuda,6
tallalit,6
almuggar,6
tamzwarut,6
mers,6
imanharen,6
yettwakelsen,6
byron,6
tennessee,6
communis,6
amsu,6
turmidt,6
tiseddarin,6
uhuki,6
victoria,6
kirkuk,6
yejre,6
xiv,6
baptiste,6
timegrudin,6
tusdidin,6
twaffra,6
agafay,6
illinois,6
yimeskaren,6
polnareff,6
termist,6
benzema,6
unab,6
izurar,6
colombia,6
ecuador,6
carey,6
walbumen,6
rihanna,6
tasiwant,6
yicennayen,6
tnazzant,6
amugay,6
tifunasiyin,6
muldavya,6
iteqqnen,6
abelkam,6
amru,6
uzegrir,6
fist,6
tifunasin,6
unsay,6
antilles,6
tamagdezt,6
assile,6
meb,6
awey,6
tasnal,6
enders,6
io,6
tdayriwin,6
uzumba,6
sitta,6
usegdef,6
wemray,6
wefran,6
tisnudranin,6
igburen,6
iberčečča,6
superregnum,6
subregnum,6
infraregnum,6
superdivisio,6
gzam,6
subphylum,6
subdivisio,6
infraphylum,6
subclassis,6
infraclassis,6
ordo,6
subordo,6
infraordo,6
microordo,6
superfamilia,6
familia,6
subfamilia,6
subtribus,6
subgenus,6
sectio,6
subsectio,6
subspecies,6
subvarietas,6
subforma,6
vittorio,6
umidag,6
imineg,6
tibet,6
acra,6
gogh,6
gandhi,6
ebbasiyen,6
yessebgen,6
ameqqren,6
ercen,6
tiwlalin,6
iliwi,6
yessegrawen,6
umya,6
iyufa,6
tyiwt,6
demnat,6
westeros,6
baratheon,6
targaryen,6
eddard,6
catelyn,6
jaime,6
nekkur,6
ici,6
tingi,6
ytett,6
piece,6
ames,6
entertainment,6
amegzu,6
isnazdu,6
ttusxedmen,6
bosnia,6
herzegovina,6
tugart,6
ittunefken,6
tigritin,6
imudar,6
nufel,6
umud,6
allegoria,6
yiswiyen,6
javascript,6
tagnizit,6
ufurmas,6
tetrawt,6
tasemmumt,6
wamlal,6
titrit,6
cistus,6
clematis,6
yessu,6
plantago,6
azwawa,6
ikritiyen,6
tmulla,6
hyaena,6
cytisus,6
daphne,6
tagrikt,6
amacemma,6
tagensawt,6
idrusen,6
tenzagt,6
asbegsan,6
agellusan,6
yettezzin,6
ubare,6
canariensis,6
isbenyuliyen,6
wedren,6
chêne,6
linaria,6
timejjirin,6
iferr,6
atlantica,6
opuntia,6
ficus,6
phlomis,6
ležžayer,6
tfednin,6
tettwagzam,6
kazaxistan,6
tuwmert,6
itis,6
sirbya,6
amnummes,6
tmentilin,6
tenfufed,6
imerwel,6
twetlin,6
temsiffatin,6
tamafart,6
ukbal,6
inzaren,6
yettwasentmen,6
tanarumt,6
iju,6
usegrew,6
timtegzitin,6
tizmekt,6
folio,6
loisirs,6
gellun,6
lo,6
tefrar,6
amcabi,6
yibur,6
tizyagurin,6
br,6
yettalsen,6
tabelkamt,6
tilkinin,6
rumex,6
salix,6
izun,6
haydn,6
isudaf,6
abaggus,6
tnezzayt,6
amper,6
tkeččawin,6
tniri,6
glis,6
azufan,6
yemrayen,6
tifus,6
wurtan,6
amiddur,6
tissisyin,6
camelus,6
nettwaggez,6
iqamumen,6
aberzegzaw,6
tigermamzikin,6
tasnasile,6
iseflayen,6
aseflay,6
cuyt,6
izinzer,6
tareygama,6
agermal,6
wadduden,6
udnanas,6
amlulli,6
tanmezrit,6
tamemmayt,6
anezzu,6
waydi,6
agazen,6
riba,6
tibura,6
yugten,6
taccelt,6
daboia,6
tsekrin,6
loir,6
asifliw,6
asfuggel,6
tiginit,6
imaklasen,6
cronquist,6
isnasen,6
asewse,6
erfelt,6
nnulfan,6
amekruz,6
imsujiyen,6
teflalit,6
tasenvirust,6
ersagmanen,6
temsedfart,6
kambudya,6
nennayen,6
tazayezt,6
jenner,6
tabuzegga,6
ineglizen,6
irrazen,6
magellan,6
tisnajjyanin,6
imgan,6
tzumar,6
uzizzer,6
nuddam,6
wadanen,6
icima,6
tedremt,6
waccaren,6
awaqu,6
ademraw,6
imas,6
panicum,6
ugniw,6
tkurawin,6
xef,6
areq,6
rect,6
timezdayin,6
ikebbiben,6
tibuzegrayezin,6
imeddulen,6
sibbus,6
atriceps,6
timeknutin,6
adik,6
tfeljumma,6
uzdiger,6
uzmigen,6
turwin,6
yettwasemmi,6
certhia,6
timizrirt,6
yizmulen,6
zammak,6
acibar,6
pelecanus,6
yinii,6
schwarze,6
zeit,6
umnukal,6
tizumag,6
tabuniqit,6
bulunda,6
cukken,6
ccari,6
ardekkal,6
yimceyy,6
midisinas,6
guntarik,6
rabels,6
iheyya,6
yiwudam,6
sbin,6
lmanga,6
mazuka,6
ajit,6
tettwafreq,6
uktab,6
imzad,6
baga,6
sakun,6
istan,6
zop,6
ceyy,6
ylulen,6
ardeqqal,6
shahnez,6
anaza,6
yessewse,6
kulagina,6
maillard,6
annetta,6
trafalgar,6
uxa,6
skutland,6
yettembiwil,6
ursa,5
ufrin,5
orion,5
pi,5
prasse,5
ccama,5
ssqef,5
yegan,5
eqlen,5
yewten,5
amanar,5
etta,5
gh,5
uqqin,5
nnefs,5
tergalt,5
abaraz,5
ibed,5
yinsleman,5
expression,5
matoub,5
edren,5
timeqbert,5
izenqan,5
igawawen,5
breviarium,5
duktur,5
yesbed,5
ittwasnen,5
usegder,5
srayer,5
rucnit,5
tasuknit,5
rif,5
melyun,5
tafiniqit,5
iseqdacen,5
bibliothèque,5
our,5
ssirilik,5
imira,5
lekdeb,5
itruski,5
sseqdacent,5
ukessar,5
tasiwelt,5
ususru,5
tanba,5
lingua,5
pisa,5
afelsaf,5
nikola,5
degsent,5
azbu,5
elben,5
ggunin,5
tamendawt,5
itij,5
tamyarut,5
tawes,5
louise,5
telmed,5
tamcumt,5
ddwa,5
beddel,5
kayin,5
mure,5
wayagi,5
tamzi,5
anbaz,5
tanawt,5
ebdelmumen,5
erben,5
lqader,5
takbabt,5
tafna,5
slam,5
tugnatin,5
info,5
nesli,5
yeggra,5
ibeddlen,5
lul,5
yeqjan,5
azedgan,5
nwembe,5
uwyen,5
yegren,5
ttes,5
pétition,5
ministre,5
zemlen,5
stenyan,5
wezniq,5
tasakbabt,5
ministère,5
libération,5
politiques,5
boudiaf,5
lewzir,5
teqcicin,5
chadli,5
taseqqamut,5
droits,5
démocratie,5
motion,5
yemmager,5
yessuff,5
amirouche,5
parlement,5
wusu,5
regglen,5
lbiru,5
lxemsa,5
anebdad,5
yemne,5
djurdjura,5
idéologie,5
emnen,5
qqarent,5
banent,5
ffren,5
llint,5
tmec,5
txu,5
snekren,5
uffiren,5
teqbel,5
telhu,5
universitaires,5
projets,5
weskasi,5
askasi,5
swadda,5
ssuffu,5
tisufa,5
attekki,5
ttej,5
aqen,5
tneggarut,5
isell,5
etteb,5
contre,5
scientifiques,5
maghrébins,5
bessif,5
yettgen,5
isbed,5
urdiyen,5
marconi,5
iskecmen,5
cherif,5
yebbwi,5
esnawi,5
chanteur,5
ittwassen,5
iqdec,5
manchester,5
doctorat,5
tiddit,5
corps,5
couleur,5
iddem,5
kepler,5
amalas,5
machine,5
tmesliwt,5
adolf,5
tezmart,5
yemlil,5
dheb,5
yerri,5
adebbuz,5
ixedem,5
wrida,5
camy,5
entreprise,5
iwimi,5
plon,5
tullizin,5
preuves,5
août,5
montréal,5
maspero,5
laphomic,5
collaboration,5
écrivains,5
numéro,5
bourdieu,5
emri,5
nef,5
imkiren,5
amecras,5
tourisme,5
taftist,5
ager,5
asegmi,5
issali,5
timad,5
yinni,5
isken,5
imeddukkal,5
tyita,5
irna,5
izmir,5
tirect,5
itekki,5
ittwali,5
igarzen,5
averroès,5
lwalid,5
dujenbir,5
khaldûn,5
ttew,5
eggiden,5
butswana,5
wacemma,5
takatalant,5
timselle,5
timeddursa,5
mathématique,5
basic,5
dbase,5
données,5
tmeslayin,5
ugdil,5
program,5
ajjer,5
kidal,5
wayetma,5
abdelmumen,5
ssla,5
yettraju,5
tefrant,5
ttrajun,5
tafrant,5
teselwit,5
mehenni,5
algerie,5
wisar,5
ttwarun,5
amellay,5
madina,5
tasuqelt,5
naït,5
italie,5
keč,5
amin,5
casablanca,5
left,5
twilayat,5
imprimerie,5
riya,5
dera,5
wanza,5
taqurant,5
usuter,5
izmulen,5
usfel,5
llun,5
uqqet,5
nru,5
errez,5
yurwen,5
amhaz,5
yessuturen,5
philippe,5
navarre,5
bent,5
irezzun,5
ssawa,5
assider,5
america,5
abalti,5
wemsefham,5
tekksen,5
ttaran,5
uber,5
mondiale,5
tilem,5
fakken,5
metellus,5
sula,5
augustus,5
iulianus,5
flavius,5
ssifa,5
ilemzi,5
strasbourg,5
tmenya,5
trakalt,5
géographie,5
ittekka,5
isurdiyen,5
imussnawen,5
timawit,5
chante,5
taselmadt,5
amedda,5
feu,5
sociale,5
lebyar,5
imset,5
teflest,5
ucin,5
turi,5
lxilaf,5
ukemmel,5
lehhu,5
ttaru,5
zeddig,5
voyage,5
aventures,5
beau,5
élite,5
lettre,5
dernier,5
automne,5
lors,5
bâle,5
fibonacci,5
commerce,5
duc,5
clos,5
louvre,5
idduklen,5
sani,5
tinmel,5
arasin,5
imerrukiyen,5
nnesen,5
wanu,5
umenu,5
temsulta,5
tessebded,5
cem,5
tasu,5
yettaran,5
sabat,5
linguistes,5
atni,5
tenqes,5
iraqi,5
isunniyen,5
communauté,5
efrent,5
contact,5
macmillan,5
uzbekistan,5
ttekkant,5
asselmed,5
influence,5
rwin,5
uruguay,5
ticerqiyin,5
tatrat,5
programmes,5
tgen,5
land,5
genève,5
isufe,5
icewwiqen,5
africa,5
rim,5
begnan,5
ffe,5
carte,5
ijja,5
nniya,5
tsartit,5
nader,5
fadma,5
ddi,5
dam,5
ttnadi,5
sumata,5
icel,5
genevois,5
tamedrart,5
meqran,5
tansawt,5
nissin,5
tyemmat,5
yettmettat,5
ttagaden,5
taznatit,5
ticcert,5
ixlef,5
ulma,5
carrée,5
kufi,5
awis,5
serba,5
nice,5
bouzid,5
hadj,5
hamlaoui,5
ufyan,5
umenzaw,5
yekfan,5
wamas,5
umyurar,5
guy,5
asela,5
juventus,5
suma,5
tezmel,5
add,5
taj,5
teswa,5
iwwin,5
azelli,5
tkerrust,5
asebges,5
cerken,5
mxallafent,5
addat,5
čad,5
tanezzawt,5
tgeldiyin,5
wurufiyen,5
afent,5
iritirya,5
uce,5
izmawen,5
usebter,5
myussanen,5
edlen,5
tqen,5
izdi,5
tay,5
wefru,5
ekkaz,5
uzwaw,5
anezmar,5
otan,5
ttqadaren,5
ellu,5
beddlent,5
dujembe,5
asnerni,5
izer,5
ssalin,5
asnas,5
tesselmed,5
tesdukel,5
nation,5
mart,5
tehrest,5
taywalt,5
amellil,5
congo,5
british,5
wakalen,5
tafidi,5
yinagrawen,5
yesselmaden,5
ifehhem,5
colonisateurs,5
langues,5
tiyemmatin,5
amni,5
yettxemmim,5
yikayaden,5
ineqqen,5
wegrud,5
qqnent,5
asekcem,5
tagrayt,5
languages,5
herbert,5
study,5
online,5
yawen,5
ssbe,5
tefses,5
tamnatt,5
bumen,5
deq,5
pluriel,5
botanique,5
yegfilen,5
tilemt,5
isteqsa,5
tasemmadt,5
tecbe,5
xarttum,5
tuder,5
tettaf,5
ibardan,5
nneyya,5
ddiq,5
farsen,5
ilat,5
begsen,5
ečč,5
nedder,5
lejdid,5
tewwid,5
isseqdacen,5
uqbu,5
ittekki,5
tisnat,5
tarennawet,5
noir,5
urasan,5
tceqquft,5
ticequfin,5
première,5
hollywood,5
fleurs,5
eyyad,5
issura,5
agumi,5
crifa,5
akwed,5
peintres,5
création,5
groupe,5
sofia,5
clara,5
va,5
codes,5
limara,5
yifuyla,5
langage,5
tessexdam,5
yefsi,5
lbir,5
yefsan,5
kemlen,5
ilemmasen,5
saben,5
umaren,5
infzawen,5
imssufen,5
infe,5
idamsanen,5
ttlalen,5
yettazzalen,5
ezt,5
weksil,5
beyynen,5
usemgirred,5
yettwabdar,5
yinzan,5
acbayli,5
azuran,5
reqqmen,5
tadimt,5
umaynut,5
tdukkla,5
taceqquft,5
tgerrez,5
yissen,5
sekcem,5
tikeddalin,5
lfakya,5
atlanta,5
areyya,5
gu,5
addit,5
amaduc,5
tm,5
tamhersa,5
kalidunya,5
tmekkist,5
iqe,5
rent,5
yettikki,5
igre,5
lemqadra,5
yetmeslayen,5
nerra,5
ner,5
jeb,5
artistique,5
ancienne,5
lewhayem,5
segwasen,5
usmekti,5
uzi,5
he,5
nast,5
accenay,5
tnuda,5
erdan,5
cemax,5
tennu,5
tebrek,5
eknun,5
uzegza,5
yettferfiren,5
berrik,5
tagella,5
aresqi,5
nabti,5
ga,5
awertilani,5
amya,5
salim,5
walu,5
sexxi,5
tidaf,5
sufyan,5
tabarkant,5
imant,5
ayetma,5
imjuhad,5
nfaq,5
rrekba,5
tifawin,5
nekkini,5
assagi,5
meskint,5
yensa,5
neqbil,5
grimm,5
hänsel,5
hansel,5
takurmut,5
tesgilt,5
denmark,5
titus,5
page,5
oro,5
mercier,5
köppe,5
etude,5
ikatulikiyen,5
tecnu,5
titre,5
horizons,5
kkse,5
depuis,5
morale,5
yemxalafen,5
jusqu,5
tizza,5
yeqbil,5
uyen,5
yetbe,5
atena,5
amayka,5
gwatimala,5
naff,5
drapeau,5
yiswen,5
isusiyen,5
ilatiniyen,5
yimedyaten,5
gamma,5
parlers,5
eastern,5
african,5
neg,5
amgal,5
light,5
tuzer,5
afit,5
sened,5
yettallen,5
libre,5
tanze,5
ajernan,5
legrad,5
zola,5
bell,5
ennet,5
adit,5
lxilafa,5
limam,5
imam,5
ulam,5
taqeb,5
westminster,5
tecba,5
aspanyuli,5
argigi,5
maggu,5
tus,5
tfakk,5
let,5
shōnen,5
beddun,5
yiz,5
takuryit,5
yinumiden,5
meden,5
oriental,5
qni,5
akec,5
ameknas,5
mgun,5
mtld,5
dzayertimdininta,5
europaea,5
ččurent,5
jpg,5
anamak,5
weyrad,5
tasiwit,5
lbus,5
tibbura,5
isensa,5
darna,5
lqeddafi,5
qqar,5
peine,5
plasma,5
asfijjej,5
tasengamt,5
amruj,5
tmezziyin,5
irekden,5
yessemdawen,5
yettwaglem,5
ugbur,5
igemmun,5
imenna,5
uksum,5
ğerğer,5
neqqim,5
lall,5
tassa,5
ssaramen,5
asayes,5
yeččan,5
taqjunt,5
tayazi,5
wasel,5
eskar,5
rqiq,5
yecc,5
edday,5
inser,5
issusem,5
yuzel,5
lkuca,5
tawat,5
muc,5
iset,5
ijjadarmiyen,5
awact,5
jja,5
iddi,5
kun,5
usensu,5
tettna,5
ubellu,5
isemme,5
yegrawen,5
izegren,5
marrakech,5
gueliz,5
titan,5
tisre,5
references,5
dakar,5
cervantes,5
tiza,5
useffud,5
silva,5
umanya,5
ugzam,5
amadeus,5
ulehlu,5
alec,5
sean,5
tliwa,5
ssemman,5
bugerra,5
mella,5
ifri,5
khan,5
wuraren,5
wekbal,5
yettbinen,5
tislatin,5
rra,5
sar,5
algèbre,5
analyse,5
asebrurez,5
igerrez,5
iliktrunik,5
tenglizt,5
yiqe,5
circonscription,5
tici,5
ttja,5
tsint,5
purtugal,5
ggu,5
rocky,5
wood,5
fiction,5
writers,5
jane,5
town,5
yisaffen,5
ilellen,5
flash,5
pardus,5
ugmar,5
ecser,5
tfelsuft,5
yegri,5
akalen,5
queen,5
usdukkel,5
usentel,5
umru,5
ajenyu,5
taxatemt,5
lqibla,5
urs,5
tit,5
urarent,5
lemqam,5
tebburt,5
braille,5
yaman,5
nanna,5
cms,5
tifelwa,5
sql,5
fif,5
ugris,5
abunsay,5
tbudit,5
lecyax,5
yettamen,5
iqenne,5
taktrist,5
uga,5
usmeskel,5
aleqqaq,5
yerba,5
ddunittimura,5
yilu,5
taqubbet,5
iha,5
aderyis,5
eddint,5
yub,5
anet,5
ewwas,5
arya,5
tsekta,5
superficie,5
amezdu,5
touazi,5
maren,5
buna,5
aliwen,5
emmacen,5
taqerrabt,5
rutt,5
tamena,5
tizemmurin,5
timezrit,5
taqi,5
imadaren,5
ellem,5
ibadisen,5
umalek,5
tihawt,5
erki,5
tasureft,5
gum,5
tiggura,5
kanti,5
tamda,5
tikilsa,5
camp,5
tidikelt,5
azra,5
cfar,5
villages,5
akeffadu,5
mezwara,5
xlil,5
ziwi,5
nam,5
thrash,5
kill,5
master,5
days,5
adal,5
tagemmut,5
js,5
yissem,5
iqessuyen,5
lyu,5
dlen,5
udrim,5
bibren,5
ilemmed,5
waraz,5
mendil,5
song,5
nsers,5
usebdad,5
uwaqqur,5
tilelliyin,5
eyt,5
randlett,5
umenzay,5
abendayer,5
tizel,5
amazallaw,5
ittbin,5
tasnullant,5
yettwase,5
tigmayin,5
timezziyin,5
tuccent,5
tuccanin,5
wadal,5
yizi,5
ibki,5
nesseqdec,5
diya,5
nessawal,5
taseftit,5
ruba,5
tigrawliwin,5
sainte,5
aji,5
troupe,5
nexdem,5
yebwid,5
efen,5
michelet,5
hammam,5
asegt,5
mlal,5
isnat,5
general,5
tagnawt,5
umray,5
usiked,5
polverel,5
tapurtugit,5
yessew,5
embubt,5
sstut,5
ukebri,5
tesli,5
tesla,5
yigudar,5
tasedda,5
idi,5
media,5
baku,5
heart,5
wissin,5
ammam,5
singles,5
bibt,5
gaga,5
atp,5
cup,5
tasle,5
williams,5
jennifer,5
games,5
temlilin,5
barra,5
amqun,5
yettwabeddel,5
arured,5
aywal,5
classe,5
umseqdac,5
meme,5
tegyizit,5
oscar,5
dark,5
th,5
institute,5
tf,5
reprint,5
untersuchungen,5
verlag,5
commentationes,5
societatis,5
regiae,5
scientiarum,5
gottingensis,5
recentiores,5
mathematicae,5
copley,5
hindi,5
tarebbut,5
taklast,5
awards,5
assed,5
novak,5
serbi,5
series,5
tmunent,5
tarudant,5
berkan,5
ezz,5
mid,5
mummu,5
henna,5
icud,5
agma,5
ati,5
nebdu,5
tikyi,5
fellawen,5
qey,5
tiqbayliyen,5
yidem,5
uqarruy,5
taca,5
adafal,5
tmeqbert,5
asbu,5
arri,5
sirida,5
ksa,5
ussi,5
yerructan,5
tisulla,5
telluga,5
ccekra,5
lmesk,5
yenumen,5
treba,5
zenaga,5
tixencelt,5
saga,5
seattle,5
indic,5
transliteration,5
madoka,5
ugmam,5
haut,5
igezennayen,5
twat,5
lakul,5
ubabat,5
frank,5
ikilumtren,5
amazwar,5
ukantun,5
wun,5
district,5
ercaw,5
mauritanie,5
dei,5
yimuca,5
tige,5
lqahira,5
adames,5
tanglizt,5
hampshire,5
ugerrum,5
alut,5
furat,5
muzambik,5
ifti,5
timdininimuca,5
rist,5
draa,5
hassi,5
aheyyi,5
asrir,5
cap,5
isennanen,5
tteddren,5
ugadir,5
huda,5
tefrensit,5
weimar,5
meister,5
ille,5
alexandre,5
yessermed,5
massinu,5
zin,5
abidin,5
cape,5
quartier,5
ttwas,5
vin,5
tebbest,5
yemcac,5
timesgidiwin,5
baltimore,5
ihudden,5
tezda,5
mmlen,5
germain,5
slama,5
park,5
