word,count
un,10053
de,7578
en,7489
dat,6941
dä,5256
em,4876
öt,4824
dr,4455
di,3755
es,3508
van,3492
op,3414
va,3219
et,3117
hä,3100
och,2744
wood,2684
met,2491
joohr,2404
ävver,1977
vun,1816
der,1809
die,1791
do,1765
als,1765
ön,1747
us,1706
am,1703
önö,1670
woch,1486
se,1309
in,1278
mer,1250
weed,1239
net,1197
no,1159
vöör,1147
sing,1139
noch,1134
sö,1131
öm,1127
zo,1113
jätt,1071
övver,1059
för,1015
wat,990
eß,969
sisch,966
wi,939
dann,912
hät,853
an,825
ene,825
beij,811
nit,789
däm,787
ze,763
sich,761
von,756
noh,755
mo,716
dörch,713
su,709
hätt,691
stadt,679
kann,650
lääse,648
wo,646
bes,640
is,636
wie,636
kölle,628
singe,618
watt,609
on,606
esu,599
und,598
woode,587
völl,579
vum,569
enne,555
aan,554
me,554
lääve,553
fun,550
jeboore,543
land,539
litt,519
kütt,512
zitt,512
mä,510
hör,502
jitt,499
had,499
mann,478
lüüh,477
sin,473
ischde,460
send,459
hod,457
han,445
häm,440
minnsche,431
tösche,430
unn,423
mi,409
bei,396
wor,394
naam,393
sinn,391
websigge,388
si,388
hat,380
domet,373
lang,373
im,370
wäde,366
paar,360
koom,358
hann,356
janz,356
film,355
all,350
kölsch,342
johr,341
platt,338
wääde,338
mit,334
ess,332
dütsche,330
ne,329
zm,327
für,326
at,316
anger,315
isbn,313
zwei,313
onger,312
jäng,312
deel,308
uß,304
dütschland,296
daach,296
joov,288
da,287
jruuße,284
dämm,283
dozo,280
hand,278
uss,275
usa,275
wenn,274
dem,272
odder,271
he,270
zom,269
jet,268
dö,268
paßßeed,266
wärm,264
lück,263
zick,262
ėß,262
jott,260
mieh,259
minsche,258
beld,256
maade,256
dobeij,254
oche,248
see,244
med,243
wasser,243
vrau,242
zweide,241
kölsche,240
jemaat,240
er,240
vom,238
frau,238
janze,235
nur,234
ösu,233
mänsche,233
joohre,232
maache,229
jo,228
ald,227
andere,226
hück,226
wann,226
rhingland,225
wä,225
siij,225
vreuer,223
rhing,222
sen,222
övv,222
km,221
enn,221
jäje,220
staat,219
jeld,214
wore,212
stolbersch,211
weil,209
filme,209
of,207
döck,206
mai,204
zwesche,201
ees,200
storv,197
ens,196
the,194
oder,193
enem,190
vam,190
wohr,186
vong,185
soll,184
stervd,184
vill,184
mol,183
bonn,182
verlag,182
neu,180
kutt,180
sobibór,180
köln,179
europa,178
sesch,176
äng,176
saare,175
alle,175
uns,173
ääd,172
säät,172
hörö,172
belder,171
alles,170
kräät,169
dezember,169
zösamme,168
moch,168
hodde,167
spiir,167
sprooch,166
juni,166
oktober,165
datt,163
aav,163
berlin,161
november,161
hüü,161
määz,159
suwi,159
dono,159
deutsch,158
juli,158
onjeväär,158
beß,157
hans,156
angere,156
jenau,156
weltkresch,155
peter,154
fö,154
entstäng,154
lajer,154
schauspeller,153
des,152
dörp,152
präsident,152
norde,150
veedel,150
sälvs,150
kresch,150
oddo,149
moss,149
september,149
isch,148
bis,147
so,147
kenne,147
januar,146
jenannt,146
bekannd,146
well,144
burch,144
ee,143
ha,143
unger,142
komme,142
zö,142
woo,141
eßß,141
frankreich,140
dodörch,140
widder,139
doh,139
fum,139
sproch,136
zem,136
mem,136
kerch,136
kenger,136
websiije,136
ier,135
witt,134
holland,133
kulltuur,133
famelisch,133
vängd,133
drei,132
woore,132
roll,132
äver,130
woh,130
wode,130
februar,129
ma,129
nix,129
kikke,128
solld,128
denn,127
vunn,126
leed,126
welt,126
donn,126
ävve,126
werkde,126
kapott,125
name,125
fc,125
shprooche,125
ischte,125
eröm,124
vraue,124
soldate,123
bösch,123
hee,122
om,122
jüdde,122
ii,121
neue,121
udder,121
jahrhondöt,121
dobei,120
papp,120
koome,120
kolumbus,118
insel,118
könne,118
jehüüd,118
jesproche,117
trock,117
sujar,116
esse,115
doch,114
meer,114
vornichtungslajer,114
düsseldorf,113
aprel,113
volk,113
bier,112
websiij,112
hiirode,112
hatt,111
zu,111
joot,111
fon,111
aam,110
hü,110
paris,110
model,110
dät,109
huchdütsch,109
kengk,109
zöröck,109
politik,108
durch,107
jong,107
ed,106
kopp,106
jemaad,106
usserdäm,106
veel,105
st,104
jät,104
däät,103
demm,102
dänne,101
insele,101
ohne,101
huuß,101
duud,101
ängland,101
band,100
karl,100
den,100
eng,100
beede,100
dröm,99
künne,99
meter,99
drop,99
bleed,99
sprooche,98
pänz,98
singem,98
zesamme,98
zoch,98
wudde,98
milliun,98
russland,98
paul,97
mamm,97
sitt,97
spelld,97
kenn,97
wobeij,97
rheinland,96
ahle,95
komm,95
jehüüre,95
pole,95
huus,95
nüüß,95
woot,95
jebouwd,95
bekannt,94
beim,94
kott,94
bo,94
maria,93
jrenz,93
werk,93
wooch,93
emmer,92
www,92
jemeende,92
woor,92
stelle,92
sönß,92
hitler,92
dren,91
amt,91
eine,91
alt,91
immer,91
vür,91
jäjend,91
nävver,91
ss,91
määt,90
das,90
kreis,90
weetschaff,90
dialekk,90
werke,90
spiidr,90
rom,89
ußdrock,89
new,89
hüüser,88
zwar,88
deutsche,87
kumme,87
dütsch,87
lineargradient,87
ich,86
oste,86
schloss,86
mood,86
la,86
shprooch,86
heechd,86
öruss,86
stäng,86
weede,85
johannes,85
dom,85
stöck,85
ooch,84
deutschland,84
sick,84
schauspellerin,84
saache,83
hatte,83
minsch,83
bëij,83
läävde,83
öns,83
nordrhein,82
au,82
bänd,82
kleng,82
troon,82
aujust,82
ue,82
ein,81
nem,81
jonn,81
städt,81
kluster,81
dor,81
zosamme,81
chr,81
öcher,80
westfalen,80
länder,80
sunn,80
stell,79
senn,79
denne,79
eh,79
deet,79
mache,79
sech,78
italie,78
ka,78
george,78
fastelovend,78
vör,78
kleen,78
aat,78
eeje,78
hoof,78
zosätzlich,78
persune,78
wilhelm,77
auto,77
staate,77
kilometer,77
hott,77
ripuaresch,77
sii,76
wääch,76
düre,76
ennem,76
http,76
dovöör,76
fluppde,76
kirchroa,75
fill,75
kirch,75
anndere,75
woodt,75
wält,75
äldere,75
braad,75
seijd,75
dorop,74
öff,74
lange,74
süde,74
museum,74
jruuß,74
wisse,74
deere,74
wigger,73
josef,73
sigge,73
hädd,73
mond,73
anna,73
ennzoteere,73
kam,73
allem,73
mänsch,73
floss,73
uch,72
ad,72
beispill,72
fröher,72
ni,72
berch,72
leitzde,72
jehood,72
ziidung,72
york,72
jood,71
een,71
losse,71
john,71
bruche,71
zeechd,71
än,71
schünn,71
schwoch,71
vorloore,71
oohne,70
jit,70
weste,70
söns,70
jejovve,70
paa,70
doför,70
maad,70
vonge,70
hosch,70
stroke,70
singer,69
shtadt,69
jesaat,69
brenge,69
napoleon,69
heecht,69
damols,69
mensche,69
äwwer,68
id,68
vamm,68
dovör,68
martin,67
sigg,67
ihr,67
jruße,67
dorp,67
änglisch,67
woohl,67
hön,67
al,66
mir,66
kunnt,66
aale,66
also,66
männer,66
iso,66
pooz,66
vorsood,66
sare,65
jehatt,65
je,65
ob,65
heeß,65
österreich,65
vänge,65
jejründ,65
wiir,65
friedrich,64
quelle,64
kritt,64
zum,64
jannze,64
moote,64
jrützde,64
leonardo,64
enß,63
draan,63
kom,63
johre,63
franz,63
duude,63
amerika,63
nitt,63
hen,63
marie,63
sish,63
zigg,63
entstänge,63
angisch,63
schaffde,63
könnig,63
iisch,63
aavang,63
jidd,62
london,62
weet,62
bouwe,62
römer,62
armee,62
hrsg,61
bad,61
heinrich,61
fott,61
hauptstadt,61
bökannd,61
planze,61
ändernde,61
vreuere,61
stommfilm,61
berof,60
euro,60
jebruch,60
münche,60
kultur,60
alder,60
sänger,60
brouwerei,60
um,59
ing,59
maat,59
kölner,59
ärm,59
medde,59
storve,59
entscheed,59
flott,58
jraad,58
ahl,58
jrupp,58
wing,58
övverall,57
jannz,57
zur,57
werde,57
april,57
nohm,57
persun,57
töt,57
nodäm,57
opstand,57
studiirde,57
jraav,57
doohter,57
bruch,56
pollitikk,56
wööd,56
adenauer,56
dach,56
besser,56
scheff,56
plaate,56
rolle,56
jeschrevve,56
china,56
dönö,56
cincinnati,56
meeßd,56
noam,56
ca,55
ner,55
jään,55
engk,55
bald,55
sesh,55
zeeje,55
liirde,55
kotte,55
hölp,55
jetz,54
bej,54
os,54
rheinische,54
woar,54
affjekööz,54
jewääse,54
jenoch,54
ov,54
georg,54
setz,54
windows,54
täshnigk,54
nöhde,54
vorhiirod,54
kutte,54
holocaus,54
ohio,54
hermann,53
inne,53
inn,53
woren,53
dunn,53
provinz,53
iss,53
sönnß,53
australie,53
kaiser,53
eruß,53
ängländer,53
ongerscheed,53
joo,53
besongisch,53
dova,53
jenou,52
dürener,52
vuur,52
oktoober,52
wänn,52
wör,52
vincent,52
historie,52
russische,52
pollitiker,52
spillt,52
stadtdeel,52
dojäje,52
du,52
kennt,52
firma,52
övversatze,52
fass,51
künnt,51
dialekte,51
bergisch,51
kalle,51
ierschte,51
zor,51
hoff,51
weeß,51
ußßerdämm,51
wäje,51
woröm,51
keij,51
huch,51
hellije,51
kriije,51
konzentratiunslajer,51
wääd,51
gladbach,50
limburg,50
jestorve,50
august,50
ode,50
kleene,50
över,50
aff,50
ovve,50
krijje,50
ener,50
japan,50
internet,50
jede,50
bank,50
art,50
övvernomm,50
schüll,50
jeet,49
sport,49
moot,49
wudd,49
donoh,49
joor,49
johann,49
doröm,49
sankt,49
web,49
weblinks,49
krefeld,49
dora,49
boch,49
woss,49
echnaton,49
stop,49
letzte,48
jeschichte,48
jemeinde,48
schull,48
spanie,48
frankfurt,48
eezte,48
stammd,48
loufe,48
räät,48
deele,48
normal,48
alleen,48
konst,48
duurde,48
jevangene,48
ömjebraad,48
borgward,48
nuur,47
iii,47
huhe,47
and,47
sproche,47
kee,47
russe,47
sollte,47
aa,47
afrika,47
vell,46
luur,46
münchen,46
reich,46
moond,46
rejiirung,46
welle,46
esuh,46
ußß,46
huhdeutsch,46
nett,46
moß,46
dan,46
musik,46
opjrond,46
schriive,46
doronger,46
faase,46
vott,46
sondern,45
mönster,45
beljie,45
knapp,45
uhr,45
booch,45
jaa,45
dovun,45
jehüürt,45
wierd,45
jrond,45
meetzde,45
bonaparte,45
zsamme,45
pen,45
jean,44
domols,44
schön,44
ocht,44
drinke,44
buure,44
vüür,44
statt,44
schwazze,44
stond,44
deeler,44
damet,44
jesus,44
jevonge,44
chef,44
moskau,44
bush,44
leevde,44
müller,43
katholische,43
jilt,43
essen,43
politiker,43
sommer,43
berjische,43
deiht,43
man,43
zoote,43
franzuse,43
nennt,43
wikipedia,43
schweiz,43
jädde,43
turiste,43
möjelich,43
jenannd,42
ander,42
rhein,42
oes,42
düx,42
weijl,42
unge,42
jebraat,42
jeht,42
joseph,42
doher,42
naame,42
jävve,42
ėn,42
schwaade,42
deutscher,42
nu,42
spelle,42
emi,42
joahr,42
sorje,42
stönd,42
vreud,42
zeechde,42
stummfilm,42
vols,41
eene,41
jewoode,41
universität,41
soch,41
geschichte,41
vorboone,41
adolf,41
charles,41
carl,41
robert,41
kohm,41
eu,41
jejange,41
ons,41
barcelona,41
jebout,41
viir,41
lüü,41
denge,41
wärk,41
kitt,41
möler,41
gogh,41
farao,41
kurze,41
aanfang,40
aus,40
zweite,40
joode,40
republik,40
walter,40
bovve,40
häng,40
bäj,40
iere,40
bejreff,40
iß,40
jung,40
heiß,40
selvs,40
loch,40
zaahl,40
dachs,40
don,40
änglische,40
mösse,40
zwëij,40
hot,40
eiße,40
los,40
bekannde,40
heimatforscher,40
fkk,40
willy,39
mie,39
cdu,39
juuli,39
will,39
fingk,39
belljie,39
wam,39
pott,39
halde,39
fiere,39
natur,39
planz,39
sängerin,39
theater,39
steht,39
erhalde,39
voll,39
wiiß,39
välld,39
bejraave,39
eemol,39
klenge,39
vorlosse,39
hollywood,39
kalifornie,39
linux,39
brasilie,39
dänemark,39
wörterbuch,38
heinz,38
städte,38
bundesland,38
jruß,38
jejründt,38
frööer,38
nor,38
darf,38
jedonn,38
koot,38
wööt,38
odde,38
huh,38
her,38
sie,38
brudde,38
liije,38
israel,38
baach,38
jezeechd,38
schreev,38
öröm,38
vorloor,38
park,38
per,38
meyer,38
mestreechs,38
mosel,37
óp,37
doa,37
noa,37
provins,37
wesse,37
stonn,37
mösch,37
meij,37
pääd,37
plaat,37
wäch,37
sollt,37
moohnd,37
passeed,37
kammer,37
provinß,37
sull,37
amplisch,37
leev,37
wonne,37
broch,37
org,37
cd,37
känne,37
jonge,37
söll,37
kongo,37
langefääl,37
uus,37
zr,37
orjanisatiun,37
heë,37
zoo,36
hinger,36
holz,36
doruss,36
stroß,36
ben,36
aujußß,36
jannowaa,36
zweij,36
technik,36
vier,36
doo,36
papst,36
venus,36
benz,36
ehr,36
wall,36
weßßeschaff,36
mädche,36
jeiht,36
dänn,36
bloß,36
jedde,36
vass,36
entstange,36
serisch,36
kleer,36
akikke,36
jrenze,36
sonn,36
hänger,36
dreide,36
südafrika,36
bremen,36
jeede,35
erus,35
ozean,35
jov,35
jesellschaff,35
kirche,35
jupp,35
hillary,35
üvver,35
füür,35
vumm,35
sunnesystem,35
jaade,35
mih,35
süd,35
wa,35
setze,35
ihre,35
kappes,35
wohre,35
richtung,35
ernst,35
minütte,35
bouwde,35
dör,35
meetste,35
jebraad,35
airbus,35
vluchjesellschaff,35
mao,35
willi,34
vatter,34
schon,34
thomas,34
auf,34
stärk,34
autos,34
nord,34
domit,34
dofür,34
sujenannte,34
französische,34
wesseschaff,34
dadd,34
ėßß,34
regijon,34
karneval,34
bekannte,34
jenannte,34
hillije,34
cm,34
jrüützde,34
ärch,34
entscheede,34
theatr,34
michael,34
boohm,34
bekanndste,34
dovan,34
jevängnis,34
neuseeland,34
jedriihnt,34
läävd,34
situatiun,34
vietnam,34
jrüüßer,33
plat,33
fritz,33
imm,33
kreesch,33
ist,33
literatur,33
dinge,33
dad,33
nämme,33
jekumme,33
jrad,33
alexander,33
hamburg,33
ann,33
jebäude,33
solle,33
erinn,33
winnijer,33
jebaut,33
alsu,33
änglesch,33
fööss,33
zoot,33
beßje,33
steehd,33
bröck,33
bliive,33
wenker,33
hell,33
lisa,33
oohr,33
schriiver,33
homo,33
partei,33
däng,33
vängt,33
rääte,33
siihr,33
daachs,33
besood,33
ställ,33
vörsetzende,33
irland,33
jedriihnd,33
mundart,32
óch,32
hückzedaach,32
finge,32
katharina,32
ming,32
bersch,32
jiddet,32
christoph,32
av,32
maas,32
jett,32
krank,32
richtije,32
uni,32
jesinn,32
af,32
strooß,32
langenfeld,32
enkele,32
hükßde,32
waaße,32
pro,32
unser,32
scheffe,32
beispell,32
nederläng,32
stöcker,32
sescher,32
fom,32
driihnde,32
positiun,32
vührde,32
övverlävverd,32
nakß,32
bönnsch,31
jewonne,31
woa,31
as,31
ostermann,31
wer,31
eefel,31
widd,31
dorch,31
jürgen,31
wäm,31
eijne,31
san,31
wooh,31
wien,31
louis,31
loss,31
maach,31
sijj,31
ejaal,31
com,31
vall,31
hallde,31
alld,31
unjeväär,31
desch,31
senge,31
övve,31
dorsch,31
säz,31
le,31
schlaach,31
aachen,31
siebursch,31
spräche,31
parlament,31
biir,31
sätt,31
wiss,31
kersch,31
turm,31
liiv,31
stee,31
huchschüll,31
mäddche,31
stammde,31
büühn,31
made,31
polisse,31
aktiun,31
vordrach,31
möjelichkeet,31
michelangelo,31
aserbaidschan,31
jläbbisch,30
späder,30
beijm,30
leeder,30
zahl,30
spd,30
unjefähr,30
kämpfe,30
englisch,30
richard,30
alß,30
max,30
ned,30
decke,30
allso,30
motto,30
kg,30
dun,30
trooßdoorf,30
demokratische,30
jenomme,30
form,30
segg,30
zint,30
annder,30
iih,30
moohß,30
drövver,30
dëijt,30
ongerscheede,30
jebrud,30
opjaav,30
moll,30
reih,30
sei,30
bibel,30
heescht,30
nööhde,30
kupferhoff,30
nööde,30
waahle,30
troff,30
jäddes,30
charlie,30
jruppe,30
bkannd,30
looft,30
bikini,30
tse,29
spass,29
aanjefange,29
nom,29
junge,29
nöh,29
kreech,29
reis,29
kirrshejoo,29
nsdap,29
be,29
apprill,29
hügg,29
satz,29
jedanke,29
enzije,29
ja,29
te,29
flönz,29
sigk,29
onge,29
jänge,29
jroße,29
meister,29
fess,29
main,29
kleine,29
veet,29
religiun,29
lävve,29
däte,29
ripoarisch,29
alde,29
höör,29
dörfe,29
wagner,29
hood,29
nät,29
style,29
wonnde,29
brand,29
leitzte,29
jömaad,29
bundesstaat,29
chaplin,29
louise,29
kanada,29
molde,29
nacktheed,29
marlene,29
stolberjer,28
auflage,28
evver,28
ludwig,28
äwer,28
idee,28
nach,28
noodrhing,28
jebiet,28
mier,28
isabella,28
nie,28
francisco,28
korsika,28
nüng,28
kattaßtrofe,28
nänne,28
köbes,28
eets,28
baan,28
ag,28
städtche,28
koum,28
up,28
huhdütsch,28
leete,28
https,28
veele,28
euregio,28
ärsch,28
bläck,28
gnu,28
kind,28
kood,28
jrußbritannie,28
mulle,28
sun,28
air,28
ett,28
däht,28
ring,28
chile,28
vorkoovd,28
schwazz,28
att,28
bleck,28
ke,28
hant,28
längde,28
breenich,28
bösbisch,28
kämpfde,28
with,28
sälve,28
wengkter,28
jeehd,28
indiana,28
belle,28
vorurdeeld,28
flochhaven,28
ripoaresch,27
werner,27
beste,27
direk,27
franzuuse,27
ooche,27
millione,27
hatten,27
oot,27
spanische,27
bess,27
zer,27
david,27
fall,27
mensch,27
febrowaa,27
jeshtorrve,27
ärdbebe,27
erhard,27
spille,27
ding,27
schaffe,27
metall,27
for,27
barbara,27
nid,27
dää,27
himmel,27
deijl,27
zigk,27
laach,27
pitter,27
rock,27
salz,27
schabau,27
krääte,27
sät,27
keine,27
levve,27
jöbäude,27
offizielle,27
pollitik,27
amerikaner,27
ängß,27
held,27
valle,27
küddelche,27
jalmei,27
stolberch,27
holp,27
sorchde,27
saad,27
kniiß,27
airways,27
ruuh,27
finnland,27
dünasti,27
nakße,27
pilatus,27
frankenhausen,27
zälle,26
düren,26
helmut,26
wrede,26
jans,26
mieste,26
eijene,26
suwie,26
werden,26
juuni,26
jooh,26
jenua,26
dätt,26
där,26
schwer,26
zaahle,26
reise,26
bäij,26
äwe,26
wollt,26
bee,26
föör,26
jähn,26
houpshtadt,26
weihnachte,26
hange,26
aart,26
schreff,26
zwa,26
ipsum,26
pfalz,26
jenumme,26
orjanisatiune,26
rur,26
häd,26
krääje,26
winnije,26
nenne,26
christi,26
el,26
widde,26
bahn,26
römische,26
militär,26
drenke,26
keen,26
saach,26
sprechd,26
jäähr,26
värv,26
rudolf,26
sepptämmber,26
bëijshpell,26
opdrach,26
vorbeij,26
trocke,26
ajaccio,26
belde,26
vordeene,26
knouche,26
platsch,26
brööhr,26
sold,26
county,26
anschlääch,26
vreij,26
ussem,25
lėßß,25
hennef,25
jen,25
denke,25
mark,25
jenooch,25
leeve,25
deil,25
länger,25
schrieve,25
christe,25
wobei,25
luxemburch,25
sibbe,25
meh,25
stamme,25
shtonn,25
heem,25
besonders,25
ėmmer,25
jan,25
lorem,25
sit,25
süüde,25
off,25
plaz,25
anders,25
platz,25
obb,25
kunnte,25
baas,25
date,25
strom,25
sellve,25
eijn,25
manche,25
to,25
sa,25
döütsch,25
theodor,25
hemmel,25
quälle,25
saint,25
otto,25
bakterie,25
tuvalu,25
deed,25
christus,25
vädisch,25
waffe,25
jeburt,25
fernsehe,25
hoov,25
woohle,25
wohd,25
inde,25
frankreisch,25
noord,25
steeht,25
bundeskanzler,25
noah,25
vluchzeuje,25
dalai,25
nommer,25
nomm,25
vinci,25
kentucky,25
biiß,25
trawniki,25
mérida,25
rheinisch,24
herbert,24
jing,24
krach,24
dääte,24
hüüre,24
wäßßfaale,24
besteht,24
dezemmber,24
kraff,24
jülich,24
studium,24
asie,24
treffe,24
santa,24
hätte,24
jewudde,24
meddel,24
jez,24
bahnhoff,24
alfred,24
albrecht,24
adams,24
millowitsch,24
noo,24
nederländisch,24
bliev,24
jetrocke,24
iir,24
dolor,24
ville,24
flöck,24
körperdeel,24
erin,24
hänn,24
wieß,24
widdo,24
wäll,24
kein,24
hött,24
eetste,24
kei,24
eije,24
dier,24
monika,24
firme,24
washington,24
kalk,24
harry,24
jöhüüd,24
beitzde,24
city,24
laufe,24
kapell,24
amptlich,24
vaare,24
völker,24
duet,24
pollitigk,24
jebiid,24
messing,24
äldste,24
napoléon,24
vreede,24
thüringe,24
schotz,24
jebiit,24
bischoff,24
republek,24
bökannde,24
xlink,24
thu,24
jöboore,24
palau,24
atoll,24
wiërd,24
schälse,23
äm,23
akademie,23
sjtad,23
musiker,23
bonndesland,23
südde,23
etwa,23
nidd,23
höck,23
dozoo,23
punk,23
indie,23
lande,23
wolfgang,23
audrey,23
doktor,23
buch,23
ddr,23
förr,23
shtaat,23
jedes,23
ärme,23
projramm,23
masse,23
planet,23
sammlung,23
enen,23
erkenne,23
jeck,23
weiß,23
unß,23
floßß,23
rund,23
töüsche,23
ligg,23
stadion,23
scheede,23
deer,23
jar,23
fijur,23
jeed,23
bränge,23
bilder,23
sellver,23
jreff,23
jitta,23
jedem,23
it,23
pastur,23
moonde,23
küt,23
industrie,23
jründe,23
ouch,23
heidi,23
kohme,23
koofe,23
nüdisch,23
rand,23
storm,23
erwaad,23
mole,23
ripuarisch,23
brüssel,23
jebrudd,23
bestäng,23
politische,23
eischwiller,23
regisseur,23
bedüüt,23
auschwitz,23
angeles,23
kosovo,23
lama,23
taiwan,23
jericht,23
vorzalld,23
width,23
bröss,23
jemold,23
kamera,23
udde,23
amazone,23
maroêd,23
mii,22
jebeed,22
sprich,22
aach,22
verein,22
berg,22
zie,22
wääsch,22
deit,22
bade,22
looch,22
keene,22
erop,22
handel,22
jetzt,22
herbst,22
klaus,22
websigg,22
monschau,22
kohl,22
bem,22
gerhard,22
konrad,22
jäz,22
heijß,22
franzüüsish,22
julius,22
norr,22
hin,22
sulle,22
sujaa,22
wäjen,22
füê,22
lija,22
eeschte,22
kome,22
dorf,22
schäfer,22
deck,22
onjöväär,22
baahn,22
prinz,22
mars,22
övverich,22
jon,22
dengkmool,22
emme,22
usserhalb,22
ändere,22
miss,22
bayere,22
danze,22
kinder,22
läuft,22
breenijerberch,22
mar,22
herzogtum,22
jehoote,22
denger,22
helpe,22
ställe,22
bewonner,22
jöhood,22
jezwonge,22
vörhen,22
övverläävde,22
voss,22
ziidunge,22
prozess,22
oohre,22
waahl,22
viirde,22
höd,22
vorbraad,22
räätsvordriiner,22
ledd,22
href,22
gradientunits,22
userspaceonuse,22
michaela,22
mundarten,21
jrens,21
historische,21
het,21
radio,21
drin,21
klütte,21
emm,21
jold,21
jingk,21
orr,21
kirshejoor,21
carlo,21
drette,21
aajevange,21
südsudan,21
joan,21
schwade,21
jääjendt,21
muss,21
jelääf,21
buur,21
bursch,21
amet,21
medd,21
zig,21
ööt,21
noom,21
hännesje,21
jot,21
jrößte,21
arnoldsweiler,21
krees,21
nohdämm,21
william,21
wellem,21
leef,21
dė,21
suffe,21
nordsee,21
henger,21
sööde,21
rösrod,21
tv,21
seij,21
rond,21
köllö,21
schwede,21
hük,21
kerche,21
upp,21
krankheete,21
nämmt,21
rütsche,21
fůn,21
warschau,21
mönze,21
jeseeh,21
böch,21
krankheet,21
opjebouwd,21
clinton,21
moler,21
stärke,21
övverdraare,21
nofretete,21
hor,21
läddche,21
sarah,21
vorbrannd,21
del,21
mount,21
emijrante,21
qin,21
goya,21
musical,21
metjlett,21
jotik,21
jrihscheland,21
houfe,20
düsseldorfer,20
aischwiele,20
jekallt,20
jeschrivve,20
leo,20
adam,20
alice,20
bij,20
wejl,20
spetznaam,20
normale,20
dich,20
ruhr,20
wuurd,20
wohl,20
jehüre,20
nemme,20
söcke,20
kolonie,20
ennen,20
stammende,20
andreas,20
erich,20
buonaparte,20
hardy,20
jeder,20
schimie,20
brauerei,20
jlöck,20
faare,20
spääder,20
sellde,20
heesch,20
ėm,20
baal,20
bööscher,20
hotel,20
woê,20
dreij,20
effzeh,20
zigge,20
lenke,20
koote,20
fabrik,20
tön,20
kallt,20
meddelalder,20
wolle,20
ish,20
ostere,20
zeeche,20
joof,20
swb,20
stemm,20
wöhr,20
klass,20
stamm,20
bëĳ,20
schäl,20
bühn,20
stuttgart,20
was,20
kanal,20
direkt,20
seid,20
wöötsche,20
shtëĳdt,20
äjnhäijte,20
moohße,20
vüürde,20
deht,20
ös,20
jët,20
ëijne,20
jeboud,20
passeerde,20
bedüüd,20
schlangeberch,20
preem,20
mö,20
rest,20
äwohner,20
zeecht,20
regiun,20
dohen,20
notzde,20
erschooße,20
jeddes,20
echt,20
wöch,20
sėn,20
obama,20
hodd,20
broohr,20
vluchzeuch,20
amtszitt,20
mexiko,20
bezeechnet,20
beschriivd,20
bismarck,20
estland,20
stäê,20
jääjend,19
nüss,19
böcher,19
sch,19
einer,19
schmidt,19
wappe,19
düxer,19
midde,19
wuppertal,19
seit,19
welche,19
preuße,19
wdr,19
deijt,19
naach,19
druß,19
jeändert,19
atlantik,19
wichtije,19
plän,19
kardinal,19
zoröck,19
jehalde,19
jakob,19
fiert,19
norm,19
türkei,19
scholl,19
sed,19
diam,19
fröhe,19
eijen,19
iêh,19
joa,19
bill,19
spell,19
knubbel,19
houpsaach,19
luff,19
ursula,19
schläät,19
mussik,19
zoh,19
woodte,19
lügg,19
nachfoljer,19
bewunner,19
woohr,19
südamerika,19
wigg,19
brandt,19
bänsberch,19
singk,19
beteijeuze,19
jesaad,19
zäng,19
erinnere,19
bensberg,19
bliid,19
hoore,19
träcke,19
doll,19
modern,19
frou,19
macke,19
charlotte,19
rösroth,19
weer,19
schlacht,19
quell,19
koffer,19
koovde,19
probleme,19
sex,19
ängs,19
örtche,19
driinde,19
jeschrävve,19
vröschjoohr,19
bleete,19
stänge,19
ongerstötzde,19
siije,19
simbabwe,19
zitte,19
övverjang,19
juverneur,19
virginia,19
wisu,19
nationalpark,19
jedichte,19
opacity,19
musikk,19
aldi,19
lublin,19
you,19
valència,19
mansche,18
bachem,18
gmbh,18
emil,18
dörper,18
weëd,18
öwer,18
wutt,18
selefs,18
jahrhundert,18
nen,18
zwej,18
mich,18
saren,18
besetz,18
kleve,18
zeit,18
wird,18
sind,18
märz,18
wem,18
indische,18
ort,18
online,18
benedikt,18
kanzler,18
munson,18
balduin,18
méliès,18
oliver,18
münster,18
ruude,18
oddor,18
elemente,18
dejt,18
alls,18
dorfe,18
text,18
heer,18
woosch,18
doot,18
firrma,18
houpstadt,18
ettlijje,18
druss,18
thiater,18
spillte,18
club,18
mät,18
extra,18
düür,18
arnold,18
schöne,18
html,18
dei,18
jeschwaadt,18
enner,18
äwonner,18
offizjälle,18
kannß,18
häß,18
holländische,18
looß,18
ungescheed,18
huß,18
beene,18
ostfriesland,18
eez,18
nächste,18
fijure,18
usser,18
ongerscheedlijje,18
rische,18
kään,18
läse,18
joe,18
eller,18
amerikanische,18
stöpp,18
jrüüde,18
kömmere,18
vordeende,18
speld,18
asu,18
marmor,18
öl,18
vlütt,18
priiß,18
song,18
world,18
menester,18
ford,18
reisde,18
bevöör,18
schülle,18
bökanndste,18
bouw,18
weetschaf,18
dollar,18
spital,18
mord,18
parteij,18
joohrhondöt,18
värve,18
diana,18
ömbraad,18
joahrhundert,18
wuhan,18
övverläävende,18
saturnio,18
hexejachd,18
arnoldswiele,18
langêweh,18
rijel,18
ejndhoave,18
kirchröadsj,17
faßß,17
këij,17
anton,17
spreche,17
joar,17
zunt,17
jefunge,17
stroße,17
musick,17
herrjott,17
pallz,17
nordweste,17
über,17
symbol,17
wutten,17
drusse,17
we,17
plan,17
kilometere,17
sullt,17
trecke,17
opjenomme,17
eijentlich,17
eetzte,17
jüdd,17
georges,17
henny,17
professor,17
woord,17
süüt,17
pils,17
affköözung,17
blaue,17
planneet,17
ejal,17
roman,17
wolf,17
tex,17
ou,17
bönnsche,17
brunei,17
jränz,17
berliner,17
leuf,17
schlemm,17
wäng,17
jenanndt,17
christian,17
florenz,17
zeröck,17
archive,17
loor,17
enzwesche,17
französisch,17
mööt,17
lässe,17
ußjedaach,17
heis,17
einfach,17
hochdeutsch,17
beishpill,17
jedaach,17
wales,17
jösproche,17
kattolische,17
messe,17
esch,17
optrett,17
eck,17
kaat,17
düüvel,17
det,17
links,17
system,17
jesonge,17
franke,17
reste,17
manchmol,17
klein,17
ehe,17
ongerhalde,17
wessfale,17
jäjende,17
lade,17
relativitätstheorie,17
wööter,17
ukraine,17
lattëĳnische,17
jönau,17
autobahn,17
kaasch,17
hem,17
loop,17
dobëij,17
macht,17
marilyn,17
nazis,17
kranke,17
les,17
määrz,17
bezirk,17
kläng,17
eejentlich,17
lett,17
kupfermeester,17
miihßte,17
jewonn,17
kontakt,17
sänge,17
hexe,17
schriivd,17
janet,17
vrönde,17
university,17
vize,17
nazizick,17
poste,17
urdeel,17
passeerd,17
mugabe,17
national,17
paaßde,17
jetto,17
anschlaach,17
ida,17
einzel,17
ron,17
bevölkerung,17
teje,17
dürer,17
kondome,17
selena,17
turpin,17
side,17
sokrates,17
tyr,17
iv,16
beuel,16
bonner,16
hollendsj,16
dialek,16
bekannteste,16
dir,16
dortmund,16
deshalef,16
einem,16
säht,16
kleenere,16
konnt,16
aanzahl,16
europäische,16
kaate,16
england,16
papß,16
sohn,16
paps,16
polnische,16
wid,16
frings,16
eva,16
lesotho,16
manfred,16
beijspill,16
besönders,16
kalländo,16
juppitter,16
entstande,16
richtisch,16
ecke,16
ähnlich,16
jeeht,16
jefiert,16
moderne,16
kloor,16
ut,16
dolore,16
lijje,16
shpääder,16
ng,16
bedügg,16
schwaadt,16
ehre,16
jod,16
jehat,16
jezallt,16
element,16
heimisch,16
saz,16
wadd,16
panz,16
bombe,16
loohße,16
könnt,16
steern,16
medizin,16
dii,16
saat,16
waade,16
äänlesch,16
kamelle,16
koche,16
ärjer,16
raum,16
linie,16
album,16
weech,16
verwandt,16
günter,16
jrön,16
nännt,16
sätz,16
hals,16
siesch,16
kreijß,16
desmol,16
helena,16
sterve,16
salomone,16
orsprong,16
balkan,16
sophie,16
informatiune,16
winnich,16
mio,16
simpsons,16
drätt,16
aavong,16
jitarr,16
schoss,16
kurt,16
lätt,16
bernhard,16
bauer,16
wesseshaff,16
weetshaff,16
jönoch,16
kerchejöbäude,16
köpp,16
poppe,16
bemm,16
övvernomme,16
zëijshe,16
qu,16
hüüde,16
vleeje,16
hüggzedaach,16
donoo,16
vörstelle,16
naturschotzjebiit,16
hövvel,16
ersatze,16
kömmerde,16
lucien,16
knöpp,16
vassjenomme,16
vorjeiße,16
amsterdam,16
reiste,16
zröck,16
ongerscheedliche,16
könnö,16
vörjänger,16
architekt,16
autonome,16
europpa,16
vorbräche,16
boeing,16
studente,16
chaitén,16
scheckde,16
äsatz,16
jenna,16
west,16
nixon,16
apartheed,16
faraonezitt,16
dorophen,16
äwwe,16
eltz,16
winnichstens,16
ouldtaimer,16
ziegfeld,16
ernannd,16
övversätzung,16
carmen,16
brengd,16
övvichde,16
fanny,16
pis,16
striptease,16
iowa,16
schamhoore,16
yun,16
jrüßde,16
baku,16
melechstroaß,16
wëijl,15
vi,15
fischer,15
heimat,15
gustav,15
rolduc,15
vöal,15
koam,15
uvver,15
roda,15
website,15
loß,15
freud,15
schmitz,15
bucht,15
aller,15
jrüßte,15
weltkreech,15
bundesrepublik,15
iirzte,15
jlische,15
jewählt,15
deutschen,15
richterskala,15
bävve,15
hüürt,15
nämlich,15
natürlich,15
jejen,15
wullt,15
juan,15
spanisch,15
stritt,15
här,15
fällt,15
war,15
zweimol,15
arthur,15
texte,15
jesetz,15
dattum,15
little,15
richtich,15
winter,15
aal,15
astronomie,15
dreck,15
pluuto,15
wemmer,15
daare,15
luxemburg,15
valloni,15
shtroohß,15
wöör,15
övverhoup,15
schunn,15
wääsh,15
blotwoosch,15
weßße,15
fahre,15
nordoste,15
sez,15
shtöck,15
dorsh,15
meeter,15
herr,15
naaß,15
johrhundert,15
zoademm,15
wibbel,15
bayern,15
tradition,15
mailand,15
punkte,15
jlich,15
end,15
steen,15
ardenne,15
weiss,15
shtaate,15
brabant,15
jründer,15
läzde,15
eetß,15
halve,15
holländer,15
höhner,15
kirmes,15
artikel,15
sätze,15
honnen,15
bass,15
jesunge,15
blau,15
weblink,15
gymnasium,15
schreffte,15
fotos,15
laade,15
wesseschaftler,15
jlas,15
wedder,15
deene,15
microsoft,15
holländisch,15
poole,15
nemm,15
muure,15
secher,15
muur,15
nevve,15
basiseinheite,15
saturn,15
schrett,15
fillem,15
lit,15
orion,15
dänge,15
amp,15
kalcheim,15
velle,15
bahl,15
opß,15
kräje,15
werkd,15
jääl,15
schprooch,15
söck,15
computer,15
opjebout,15
julia,15
petscherski,15
fochshung,15
äntdäckunge,15
boochshtaaf,15
kikkd,15
donävver,15
vor,15
enge,15
opbouw,15
woche,15
onß,15
pungk,15
ëijn,15
jewalt,15
dorövver,15
worringe,15
cornelissen,15
jeplant,15
judäa,15
engel,15
stil,15
alkohol,15
sälde,15
dronger,15
doren,15
heemöt,15
leuft,15
mönsterbaach,15
vällt,15
eisch,15
eejedömmer,15
woeëd,15
liihrer,15
jehad,15
barack,15
senator,15
senat,15
irak,15
mccain,15
airlines,15
islam,15
tun,15
äjesatze,15
iran,15
vorhalde,15
jackson,15
norweje,15
noohm,15
strand,15
mandela,15
könnijin,15
ossetie,15
stommfilme,15
mathias,15
vorsoote,15
metzger,15
none,15
houw,15
heesters,15
castrop,15
chaat,15
jenotzd,15
jömold,15
girl,15
rich,15
dayton,15
kinos,15
modele,15
jehüd,15
syphilis,15
sylt,15
harding,15
imdb,15
enwonner,15
schriewe,14
spaß,14
schneider,14
küürden,14
wied,14
daag,14
jemingde,14
mohl,14
schääl,14
hammer,14
bundesländer,14
sein,14
sieg,14
bzw,14
bürjermeester,14
joh,14
ligge,14
seleves,14
jrund,14
zentrum,14
süüd,14
breef,14
opp,14
indianer,14
trotzdäm,14
mündung,14
trick,14
römisch,14
späde,14
außtraalije,14
top,14
rtl,14
eisenstein,14
mae,14
venera,14
unesco,14
andrea,14
meddsen,14
degraa,14
flanndere,14
jehüert,14
ömlaufbaan,14
unserem,14
asteroid,14
wasse,14
aanfange,14
enz,14
iier,14
na,14
blooß,14
süüht,14
jän,14
joore,14
woote,14
jevve,14
suh,14
häzz,14
zweijte,14
jetroffe,14
kannte,14
selver,14
papier,14
lengeschdörp,14
mäht,14
schloß,14
sage,14
foßball,14
westdeutscher,14
kelte,14
öskerche,14
kannze,14
muul,14
raeren,14
domohls,14
odo,14
wasserstoff,14
hinge,14
internationale,14
kilojramm,14
vorbonge,14
jrützte,14
kooche,14
sonndaach,14
bang,14
äppel,14
zahle,14
ns,14
dran,14
nubbel,14
rußland,14
li,14
liehre,14
rösrath,14
sprong,14
ovends,14
multiplikatore,14
netz,14
fläch,14
hält,14
ball,14
avver,14
iiß,14
adler,14
aate,14
burje,14
antonio,14
brauch,14
bösongisch,14
vönf,14
kino,14
michel,14
vorschiidene,14
habilis,14
türm,14
öf,14
koblenz,14
möt,14
övverlääve,14
co,14
denk,14
hëijß,14
neederlängsch,14
omm,14
wod,14
andre,14
döör,14
mercedes,14
jevange,14
kikkt,14
naturschutz,14
pali,14
aachener,14
jeneral,14
besatze,14
spellte,14
carolinensiel,14
braate,14
wäät,14
vorsoot,14
weld,14
boom,14
klengk,14
norderney,14
zenk,14
jlööve,14
küppers,14
övverhaupt,14
bomb,14
weetschaft,14
busch,14
steiff,14
beschrevve,14
nachvoljer,14
spiidere,14
äfloss,14
tuur,14
wüste,14
hannah,14
jenotzt,14
flöss,14
sälv,14
stelld,14
brings,14
kz,14
lating,14
spellde,14
cochem,14
blevve,14
follies,14
blävve,14
lena,14
stald,14
jeschlooße,14
metjledder,14
könstler,14
prelk,14
föhr,14
kilt,14
ömfassd,14
shakira,14
walk,14
estera,14
patrik,14
jeschlechtsorjane,14
ripuarische,13
rheinischen,13
gesellschaft,13
bergischen,13
schnell,13
klee,13
sung,13
braat,13
greven,13
lippe,13
jekomme,13
auch,13
äärdbävve,13
schäde,13
feel,13
bööcher,13
ferdinand,13
leider,13
novemmber,13
wunne,13
boot,13
ei,13
frank,13
dovon,13
joachim,13
kallendo,13
opjemaad,13
huang,13
medwedew,13
jemaht,13
liere,13
alaaf,13
jemäjnschaff,13
krißßlijje,13
allt,13
wääje,13
elisabeth,13
musejum,13
kunnß,13
keijn,13
est,13
jehürt,13
dörpe,13
bräue,13
risch,13
däe,13
eraf,13
süßteem,13
blieve,13
fengk,13
jecke,13
pukal,13
madrid,13
prag,13
rude,13
landschaff,13
rhenbach,13
neutrone,13
notze,13
offizjäll,13
tiater,13
fritte,13
kösch,13
brühl,13
övvernämme,13
oper,13
hahn,13
üsch,13
moresnet,13
kirsch,13
usjesproche,13
hubert,13
süch,13
hügk,13
finster,13
wörd,13
ärzbischoff,13
herkütt,13
jöbrud,13
sorchd,13
dän,13
ööscher,13
mööd,13
länge,13
pingste,13
opjejovve,13
kompjutorëij,13
wad,13
pluto,13
hektar,13
schluff,13
nationale,13
jroß,13
gut,13
vorbei,13
fierdaach,13
aanjesinn,13
dönne,13
fläsch,13
wedde,13
eulenbroich,13
newton,13
hüüh,13
overath,13
kalt,13
sammele,13
wichtisch,13
jeschäff,13
men,13
damalije,13
fing,13
zweschen,13
breede,13
albert,13
bewäje,13
life,13
ejentlich,13
soldat,13
lidd,13
bessje,13
bezahle,13
jeviird,13
cave,13
josé,13
jrüüßere,13
vichtbaach,13
zöm,13
mr,13
international,13
jejend,13
wiesbaden,13
wiki,13
kompjuto,13
äjene,13
löüf,13
söde,13
sauron,13
frodo,13
texas,13
monroe,13
zwischen,13
wuurden,13
antwerpe,13
shtrohß,13
spetz,13
häär,13
service,13
strooße,13
alpe,13
voohr,13
bertha,13
catharina,13
color,13
näkßde,13
appöthek,13
kupfermeestere,13
oßte,13
afghanistan,13
prenz,13
langerwehe,13
selbe,13
wool,13
jérôme,13
vorstäng,13
vortrach,13
grolsch,13
college,13
kömmernde,13
pavarotti,13
birkenau,13
menesterpräsident,13
russisch,13
träiner,13
vouwelsang,13
serbie,13
këijl,13
laura,13
steech,13
james,13
angola,13
amenophis,13
molerei,13
hindi,13
troffe,13
winters,13
mona,13
läddcher,13
braunau,13
triir,13
star,13
dänzerin,13
tunfilm,13
jeworpe,13
bremm,13
liijende,13
minsk,13
jlaube,13
könnigrisch,13
anjola,13
rome,13
linus,13
drommer,13
kunst,13
nämmd,13
covington,13
street,13
alexis,13
abbott,13
warren,13
opjelößd,13
ho,13
chodorkowski,13
weßeschaff,13
sachse,13
lloyd,13
jae,13
doê,13
trooßdoorfer,12
pierre,12
christa,12
kürten,12
rode,12
ziech,12
linke,12
zeen,12
nederlands,12
jack,12
gertrud,12
aujuss,12
weltkreesch,12
jeojrafie,12
shtädt,12
hesse,12
landes,12
prozent,12
rejierung,12
jäjen,12
nävve,12
zwische,12
quasi,12
jliche,12
waare,12
wind,12
däten,12
ress,12
offiziell,12
heeße,12
kunt,12
testament,12
eeijne,12
jüddische,12
lesse,12
leben,12
or,12
spencer,12
künning,12
fred,12
griffith,12
aachte,12
onavhängichkeet,12
rötsch,12
sack,12
eisenbahn,12
kääl,12
sülz,12
stellt,12
jedder,12
helije,12
leet,12
zällt,12
tal,12
baanhoff,12
wämmer,12
zimmlish,12
opjemaat,12
stiftung,12
sėnn,12
duo,12
ömm,12
miestens,12
foljende,12
wigge,12
dozwesche,12
fesch,12
bach,12
wii,12
möße,12
hängk,12
kaffee,12
seng,12
menge,12
verëin,12
union,12
fröh,12
jewesse,12
trier,12
rheinisches,12
jääjende,12
jeblevve,12
sööhn,12
schmitt,12
pann,12
belje,12
wikkipedija,12
jr,12
älldere,12
öllisch,12
sääht,12
spellt,12
wikki,12
änn,12
christine,12
franzüüsesch,12
shpillt,12
hätz,12
schottland,12
bap,12
kneip,12
wichtichste,12
äschermettwoch,12
dit,12
minge,12
jewonnt,12
wells,12
hän,12
luure,12
jemesse,12
nöüje,12
etc,12
beeds,12
bedriefsystem,12
linnisch,12
johrhungert,12
titan,12
roum,12
wandere,12
colonia,12
pavement,12
jelääje,12
rechne,12
rääsch,12
jrooß,12
kan,12
aue,12
jebore,12
ahn,12
ovend,12
jejrönd,12
läät,12
sching,12
mess,12
tireck,12
müllem,12
dodurch,12
doof,12
bau,12
truppe,12
lateinisch,12
beck,12
setzt,12
went,12
day,12
westfale,12
liiß,12
kanns,12
louch,12
ost,12
award,12
willem,12
villa,12
breed,12
jekoch,12
chi,12
läufd,12
schlääte,12
schwirichkeete,12
ervonge,12
fleejerei,12
könig,12
lindlar,12
älder,12
mehr,12
hela,12
paoli,12
lüh,12
klömme,12
vulkan,12
fasteleer,12
orde,12
dürch,12
berches,12
ganze,12
eijentlesch,12
stemme,12
over,12
ek,12
websije,12
diverse,12
kerpe,12
peel,12
schötze,12
jotische,12
vings,12
jäjenövver,12
dijaläkte,12
ussdrock,12
onjlöck,12
wäche,12
schünne,12
nämmich,12
jezeecht,12
lü,12
jespelld,12
hödde,12
schleicher,12
zwiivöll,12
vorkoofe,12
joove,12
rejisseur,12
muusböch,12
brutt,12
nuthberch,12
fäll,12
carolina,12
milliune,12
zëijsche,12
ongerlaare,12
erwaade,12
vrönd,12
stephan,12
metz,12
demokrate,12
luo,12
männsche,12
rutsch,12
jeanne,12
jebeld,12
mary,12
dohmohls,12
natiune,12
köste,12
jemöss,12
bebe,12
jewäählt,12
vööre,12
pierce,12
onvall,12
joohreszitte,12
kampf,12
leoparde,12
vorein,12
kolumbie,12
duurd,12
jeläävd,12
vortroone,12
kerchhoff,12
vröndin,12
ruin,12
hiirod,12
ediger,12
medici,12
stroof,12
onaavhängije,12
offset,12
path,12
rect,12
aufl,12
dong,12
stehd,12
toronto,12
hauptrolle,12
lakinsk,12
vädich,12
bross,12
ongerwält,12
stadium,12
beldhouwer,12
jacques,12
tripper,12
ostsee,12
jemeenschaff,12
nordkorea,12
málaga,12
thor,12
scheiterhoof,12
neglect,12
edicions,12
attehn,12
mytholojie,12
schlesch,12
jenanngk,12
jränß,11
janß,11
fille,11
siegburg,11
alfons,11
sprache,11
hei,11
woare,11
roa,11
limburgse,11
moal,11
woeët,11
ónger,11
andrew,11
hein,11
möllem,11
singen,11
petrus,11
titel,11
enwohner,11
diese,11
weßßfaale,11
wahl,11
kraft,11
sooch,11
medden,11
boue,11
mool,11
jeijt,11
jlisch,11
kleijne,11
italienische,11
schold,11
jemaaht,11
joorhundert,11
marco,11
wahrscheinlich,11
einije,11
stück,11
muß,11
oss,11
ihrem,11
sache,11
jang,11
salvador,11
baue,11
moment,11
chinesische,11
jewunne,11
jefonge,11
dna,11
mach,11
wöörd,11
dreimol,11
bäĳ,11
jlish,11
drüxeente,11
laetitia,11
sibbente,11
stefan,11
bejreffe,11
archiv,11
fo,11
moßß,11
wallonish,11
ceres,11
doorchmesser,11
nepptuun,11
heeßen,11
vorstehd,11
unter,11
regina,11
rischtisch,11
mööte,11
sujet,11
oone,11
keijne,11
magna,11
erat,11
vero,11
ea,11
jelld,11
meckem,11
jelände,11
waßßer,11
brandeborsch,11
zeije,11
dörpche,11
vokale,11
ch,11
jejesse,11
bekanngk,11
noorde,11
jangk,11
jejröndt,11
matthias,11
selde,11
seijt,11
jode,11
wu,11
överall,11
bou,11
jrooße,11
süsh,11
suure,11
důnn,11
erövver,11
tittel,11
offizzjäll,11
bin,11
maa,11
färv,11
baaß,11
womet,11
benannt,11
cornelia,11
mädsche,11
määtes,11
nikolaus,11
oft,11
hööt,11
wigk,11
re,11
stuf,11
hängd,11
lädt,11
platte,11
sprecht,11
plannet,11
irjendwann,11
fröjo,11
fiese,11
indije,11
dousend,11
kattaĳ,11
lall,11
orthodoxe,11
kiel,11
kaviar,11
berjischen,11
kleij,11
mm,11
änglesche,11
allen,11
sehr,11
eetßte,11
wiener,11
mämme,11
bestonn,11
kroom,11
hit,11
norrde,11
schlääsch,11
lohße,11
jeschmack,11
hessen,11
dëijl,11
löstije,11
morjens,11
koufe,11
japanische,11
katz,11
stez,11
eenem,11
siegfried,11
ahlen,11
medmaacher,11
selve,11
allsu,11
schwemme,11
pijin,11
ongerwääß,11
eijnwohner,11
ard,11
henri,11
neet,11
wichtich,11
jelaad,11
häld,11
jrönd,11
hückzedaachs,11
jrammatik,11
fleesch,11
faaß,11
erkläre,11
priise,11
paaße,11
zeechne,11
fernsehn,11
fisternöll,11
große,11
vereine,11
school,11
kriiß,11
nn,11
jesond,11
ronald,11
meddlere,11
aape,11
ande,11
stolberg,11
eifel,11
australije,11
jrönland,11
wet,11
stärker,11
wasserburch,11
woohre,11
ingrid,11
jëijt,11
jewöönlėsh,11
dallas,11
marine,11
nimmie,11
ußerhallef,11
loff,11
ennere,11
maschine,11
nun,11
mode,11
öv,11
meetstens,11
nüüdisch,11
banke,11
vrassele,11
jermanische,11
afjanistan,11
jejraave,11
düster,11
sonst,11
velau,11
fenge,11
jrüße,11
jeschlaare,11
sahir,11
jooch,11
ömjebraat,11
jeholpe,11
nobbere,11
liire,11
beitste,11
caroline,11
rejiirde,11
saate,11
dorän,11
vorantwortlich,11
mildred,11
wurm,11
voor,11
wäähr,11
vorhältnis,11
jeschooße,11
roma,11
namibia,11
jeschäfte,11
reichsmark,11
alleiirde,11
wahle,11
darv,11
jewähld,11
zosammehang,11
vorstoche,11
jeff,11
pakistan,11
kepler,11
schwäjz,11
ziil,11
vorletzt,11
hong,11
sudan,11
hubschrauber,11
ënnëjii,11
äjüpte,11
welsch,11
carter,11
ongerzeechnede,11
erkannd,11
sooß,11
kengkheed,11
botswana,11
bärch,11
vorstange,11
beldcher,11
dojestalld,11
klima,11
jesse,11
hutt,11
franzüsesch,11
dorä,11
dörchbroch,11
klotten,11
dietrich,11
stadtmuur,11
sujenannde,11
wingberch,11
neef,11
papiir,11
partisane,11
silke,11
kongō,11
gumi,11
krääd,11
schingd,11
luanda,11
jötter,11
erscheen,11
teisch,11
dorv,11
koxinga,11
nannd,11
projekt,11
bösood,11
kulturpflege,11
heimatpflege,11
breitach,11
ömjävve,11
schriiverin,11
südoste,11
tupolew,11
gisele,11
youtube,11
manneken,11
ovid,11
gibson,11
fotojraf,11
hauptroll,11
bläär,11
himmler,11
wäßelnde,11
pimel,11
jesech,11
lajere,11
burning,11
ahrenshoop,11
schamhaftichkeet,11
wiwa,11
südspanische,11
andalusie,11
provinzhauptstadt,11
wikimedia,11
einhard,11
itil,11
rouge,11
ënem,11
jip,11
koreanisch,11
schwääde,11
albanien,11
finnische,11
schlich,11
iêschte,11
ripoarische,10
nüsser,10
seiten,10
druck,10
min,10
nog,10
bild,10
dääten,10
reuisch,10
verzälle,10
homepage,10
rejierungsbezirk,10
einwohner,10
kreise,10
nicht,10
nr,10
nordrhing,10
langsam,10
schade,10
aujuß,10
dohin,10
motter,10
portujal,10
rette,10
diego,10
theorie,10
kapitän,10
wick,10
anderem,10
doorch,10
station,10
stund,10
kontinent,10
erreiche,10
columbus,10
anfang,10
historisch,10
volek,10
weg,10
horst,10
kirchejoor,10
annus,10
oscar,10
volkskunde,10
iihre,10
männe,10
nää,10
sääd,10
altbier,10
bellji,10
komplättemang,10
urranuß,10
zehn,10
caesar,10
nahme,10
autor,10
maacher,10
shpeznaame,10
schöön,10
küdd,10
tempor,10
sea,10
ex,10
rishtish,10
puttes,10
sibbejebirsch,10
haupstadt,10
öwe,10
krieevel,10
fönnef,10
fraulück,10
wälle,10
wooren,10
heä,10
stimmlose,10
konsonante,10
jetrokke,10
süht,10
laache,10
enwonne,10
somme,10
weijß,10
schlösser,10
theo,10
heimatverein,10
säsong,10
jehollt,10
sölz,10
meisterschaff,10
spill,10
hennes,10
nöije,10
anjreff,10
röckspill,10
jespillt,10
duisburch,10
versök,10
daum,10
vizemeister,10
protone,10
heh,10
jääje,10
nannte,10
waechter,10
blatt,10
wir,10
viel,10
tiräk,10
dick,10
laut,10
täx,10
english,10
wöö,10
lejend,10
liev,10
versteht,10
brut,10
appel,10
bruno,10
änglesh,10
opjenumme,10
niederrhein,10
beßßje,10
bischof,10
könnigrich,10
alljemeen,10
jrüde,10
hüre,10
mansch,10
kerpen,10
arabisch,10
komeet,10
eeijnmol,10
usse,10
erkänne,10
luise,10
weltall,10
tours,10
merrkuur,10
beobachte,10
veenuß,10
südweste,10
aahle,10
mölmsch,10
loßß,10
wonnt,10
wei,10
bett,10
knipp,10
camus,10
darref,10
jefalle,10
hallve,10
koch,10
wille,10
füer,10
fleeje,10
lääje,10
sitzung,10
weße,10
mollie,10
king,10
leefe,10
eugen,10
sträck,10
keller,10
stickstoff,10
unsere,10
hüh,10
institut,10
jönannd,10
grafschafter,10
sieshloor,10
mönche,10
gen,10
swadesh,10
knappe,10
popp,10
jebiite,10
verschiddene,10
wild,10
lord,10
niederlande,10
jinge,10
soore,10
opjeschrevve,10
atikel,10
formel,10
springfield,10
simpson,10
zoständich,10
vleesch,10
angersch,10
peffer,10
shproochweßßeschaff,10
klang,10
stockholm,10
jevalle,10
carúpano,10
vught,10
pascal,10
eduard,10
elsa,10
bello,10
deng,10
sup,10
klëĳne,10
mam,10
moschee,10
schwatze,10
lisch,10
befengk,10
richroth,10
post,10
kling,10
möller,10
zëije,10
aap,10
nöü,10
drëij,10
heij,10
dönn,10
harte,10
ierem,10
höt,10
ahr,10
mijo,10
jewöönlesch,10
römesche,10
bëijm,10
leppe,10
pief,10
massachusetts,10
waach,10
feld,10
marc,10
siedlung,10
ossheim,10
soziale,10
mor,10
nonne,10
henckels,10
jesang,10
mosse,10
droom,10
laad,10
zeeland,10
ät,10
vreue,10
dalli,10
rott,10
zwivöll,10
bd,10
famelie,10
wisswiller,10
ädrock,10
klänge,10
ortsdeel,10
holpe,10
schah,10
nahe,10
schaffte,10
revolutiun,10
entlosse,10
günther,10
friesland,10
meddelmeer,10
höre,10
jewänne,10
ingmar,10
jöngste,10
jooe,10
party,10
jehiirod,10
victor,10
iihr,10
vange,10
plaatsch,10
klooch,10
bende,10
entweggelnde,10
jaahrhondöt,10
projramme,10
sester,10
känn,10
mölle,10
produktiun,10
ongerdeeld,10
hitlers,10
stürzde,10
liihr,10
kiesinger,10
zentrale,10
hofbräuhuus,10
ritter,10
wärke,10
hüüd,10
american,10
jlöövd,10
viätnam,10
worp,10
marianne,10
horn,10
diktator,10
schleed,10
islamische,10
angela,10
meere,10
waßer,10
halvinsel,10
jugoslawie,10
präsidentschaf,10
abu,10
terroriste,10
zsammebroch,10
avjeordnete,10
jane,10
gerald,10
opjestalld,10
henry,10
jestalld,10
nelson,10
doohtr,10
entstönd,10
zosätzliche,10
hälvde,10
jrääver,10
bundesstaate,10
tempel,10
ortodoxe,10
gabi,10
vorlinnt,10
hönö,10
else,10
porta,10
döheem,10
paaßd,10
hoffde,10
unjarn,10
sizilie,10
url,10
eenije,10
boomhummer,10
usszeechnunge,10
hüüdije,10
beishpell,10
ponzius,10
wöde,10
dörö,10
aton,10
stadtbezörk,10
bodendenkmalpflege,10
schröder,10
akt,10
jöbouwd,10
proserpina,10
jäck,10
sonß,10
nackte,10
jödriihnt,10
fame,10
sur,10
lyon,10
lake,10
potemkin,10
schwarzer,10
miami,10
sibelius,10
bewäjung,10
schünnheet,10
iata,10
norma,10
pin,10
critical,10
ummer,10
rischka,10
vung,10
tau,10
commons,10
sánchez,10
sunnefinsternees,10
moulin,10
leopoldine,10
miley,10
cyrus,10
gelenkhüü,10
kirow,10
yigu,10
göttingen,10
high,10
love,10
hex,10
galgeberch,10
editore,10
namibië,10
mellion,10
oêt,10
wodde,10
häêschaff,10
joêh,10
bellatrix,10
acj,10
nieuwvliet,10
ripoarėsch,9
jroppe,9
berchem,9
völzer,9
hötter,9
vii,9
beiträge,9
jules,9
heële,9
hu,9
jód,9
zieng,9
tswai,9
jc,9
geb,9
familisch,9
wees,9
tünnes,9
letze,9
brooch,9
verloore,9
dropp,9
foß,9
iersch,9
allerdings,9
rejion,9
kapotte,9
deef,9
övverisch,9
summer,9
nimmp,9
könich,9
mannschaff,9
brooder,9
kaum,9
affrika,9
jrusse,9
iirz,9
meinung,9
metalle,9
matrose,9
sklave,9
kommandant,9
keeijn,9
mallorca,9
verlore,9
vatikan,9
jraaf,9
ellefte,9
minshe,9
raumsond,9
pfeiffer,9
tibet,9
brun,9
edmund,9
lachmann,9
nomaal,9
kamme,9
nėt,9
däswäjje,9
schumacher,9
hälld,9
oßß,9
allemolde,9
dodrop,9
fink,9
planneete,9
drömeröm,9
stark,9
kleener,9
keern,9
mull,9
wort,9
nummer,9
künnte,9
shtrooße,9
triff,9
troisdorf,9
fängk,9
eetz,9
latein,9
natuur,9
consetetur,9
sadipscing,9
elitr,9
nonumy,9
eirmod,9
invidunt,9
labore,9
aliquyam,9
eos,9
accusam,9
justo,9
dolores,9
rebum,9
stet,9
clita,9
kasd,9
gubergren,9
takimata,9
sanctus,9
beßß,9
oure,9
hänge,9
ippedörp,9
krievel,9
sultan,9
rischste,9
weedt,9
flöß,9
lüttish,9
krüz,9
reisch,9
allein,9
gutturale,9
rejele,9
hejß,9
verzällt,9
arena,9
löck,9
lese,9
carneval,9
schäfers,9
dfb,9
hamburch,9
während,9
stundt,9
weber,9
liverpool,9
rut,9
ih,9
trotz,9
dieter,9
wurd,9
tabell,9
osste,9
wald,9
jebirje,9
elektrone,9
verschiedene,9
deijsch,9
jescheck,9
spiegel,9
nommaal,9
dumm,9
obwohl,9
rögge,9
ruhrpott,9
sůll,9
ovver,9
jannß,9
kies,9
beljische,9
helium,9
landkaat,9
sibbejebirje,9
bloot,9
unbedingk,9
index,9
körper,9
udssr,9
heß,9
pastuur,9
klenger,9
meeresspeiel,9
jädder,9
tok,9
pisin,9
middel,9
minutte,9
kallendresser,9
sėngk,9
verkiihr,9
verzallt,9
lehrer,9
keu,9
killomeeter,9
feste,9
kalender,9
damm,9
mim,9
nemmp,9
namen,9
leddig,9
leech,9
queen,9
ruud,9
planeet,9
tennessee,9
grand,9
borbecksch,9
pl,9
dubbel,9
bleev,9
betrieb,9
niedersachsen,9
hoor,9
määd,9
bewääje,9
pöngel,9
faß,9
lp,9
dorresch,9
brouereije,9
louf,9
schwängel,9
deckel,9
vereijn,9
drömröm,9
wand,9
falle,9
schecke,9
loofe,9
verbodde,9
naslang,9
abitur,9
üm,9
schun,9
zöch,9
entwicklung,9
wammer,9
momang,9
fach,9
steiht,9
sehe,9
ton,9
anno,9
eins,9
opmerksam,9
planete,9
lee,9
bure,9
englische,9
nördlich,9
entwickelt,9
hamacher,9
erzquell,9
black,9
malz,9
atikkel,9
rään,9
leverkusen,9
kleenste,9
johrhondert,9
urkund,9
williams,9
milesch,9
jröne,9
bounne,9
einstein,9
jelonge,9
krißßlish,9
hö,9
wän,9
rievkooche,9
holländesch,9
prinzessin,9
alte,9
seine,9
münd,9
jebacke,9
mietste,9
kick,9
pompe,9
kreiß,9
lenkeln,9
asterix,9
vinzenz,9
liechtenstein,9
fuchs,9
elisa,9
christchurch,9
sapiens,9
komplett,9
mönsterbösch,9
bövverschte,9
stolberger,9
dee,9
po,9
dialekt,9
jöhrije,9
bedde,9
jlabbach,9
kultuur,9
düüre,9
ußerdämm,9
anhalt,9
jewööhnlesch,9
eje,9
ävvo,9
hier,9
geij,9
schohn,9
lila,9
jens,9
vühr,9
schnett,9
besje,9
kennedy,9
boston,9
präsidente,9
zupp,9
opel,9
geldern,9
könning,9
herzogdom,9
nation,9
nörvenich,9
politisch,9
funz,9
ëngk,9
simon,9
löht,9
besöck,9
becker,9
alljemeenes,9
opjaave,9
väädisch,9
naat,9
doraa,9
flupp,9
stadtdeele,9
sahre,9
jewäh,9
erkännt,9
stammt,9
lennad,9
boude,9
saahre,9
pääder,9
änä,9
viire,9
vänwääje,9
mohammed,9
istanbul,9
republikaner,9
huchzitt,9
stooh,9
jescheckt,9
bürjerkresch,9
joldene,9
aaf,9
kilometr,9
entstong,9
kreijs,9
heeche,9
hömmele,9
ajenomme,9
jesatze,9
vrei,9
draare,9
heimbach,9
loos,9
kriie,9
erjendwann,9
früh,9
mühlen,9
ömfasst,9
anschlach,9
ömzöbrenge,9
ussepolitik,9
biografie,9
wade,9
heesche,9
kandideerde,9
huse,9
hengebach,9
stachus,9
zone,9
luhnd,9
leiter,9
ongerstötzd,9
vrösch,9
jöbrudd,9
dra,9
hildegard,9
jrenzt,9
beschloss,9
ulrich,9
douglas,9
röck,9
nederlängsch,9
lugo,9
vorfassung,9
gyatso,9
läävende,9
arabische,9
drok,9
ënnëjih,9
pazifik,9
fähre,9
florida,9
ziile,9
aik,9
vorstooh,9
kald,9
anschläch,9
trapp,9
reichsdaach,9
vorsöcke,9
anc,9
südlich,9
onaavhängich,9
politikerin,9
brown,9
koalitiun,9
kraftwärk,9
vassjestalld,9
pkk,9
aha,9
barth,9
drock,9
schnappde,9
aavhouwe,9
aavjeresse,9
tore,9
ussbeldung,9
kitsche,9
ussere,9
nigra,9
shtamm,9
eltzer,9
keie,9
kapäll,9
tauchde,9
opfer,9
seehofer,9
bänder,9
calmont,9
altar,9
bööhm,9
matisse,9
ongerneehme,9
jesesch,9
orjaniseerde,9
jriicheland,9
tesch,9
svg,9
rule,9
evenodd,9
linecap,9
butt,9
linejoin,9
miter,9
bakteerije,9
müüß,9
indonesie,9
zälld,9
clovis,9
qing,9
jemeenschaf,9
zar,9
deende,9
berje,9
mpla,9
jevööl,9
selbstverlag,9
beschoff,9
rufus,9
echnatons,9
ping,9
läuvd,9
hühde,9
onjefähr,9
wesseschafte,9
böjreff,9
now,9
river,9
irving,9
jözeechd,9
boere,9
seefeoper,9
schauspelle,9
nuenen,9
basse,9
pharao,9
deepde,9
steenzitt,9
alcy,9
enna,9
freikörperkultur,9
lische,9
hamilton,9
lajerdeel,9
demjanjuk,9
majdanek,9
jaßkammer,9
frenzel,9
sobibor,9
schotzstaffel,9
dublin,9
mysora,9
gertrude,9
airport,9
deë,9
roxelane,9
regie,9
jääch,9
maja,9
baboo,9
darwin,9
concepción,9
groote,9
fay,9
schtadt,9
melekeok,9
yu,9
stowasser,9
bahia,9
liihrde,9
berdolet,9
diech,9
schwatzbaart,9
naahß,9
rottleben,9
map,9
ëne,9
ën,9
luxembuerjesch,9
hd,9
alkuin,9
vietjet,9
heerschaff,9
krisch,9
menexenos,9
neo,9
odin,9
wodd,9
orrejejch,9
onjefäê,9
jalaksie,9
stäêne,9
oliejarchie,9
ripoaresche,8
viii,8
braun,8
norbert,8
zwöllef,8
dieksiejoneer,8
bhatt,8
herrwegen,8
verstonn,8
woeënere,8
waal,8
ham,8
muucherveld,8
terwinsele,8
kirchröadsjer,8
wiel,8
sint,8
usserdämm,8
ehemolige,8
bovven,8
medallje,8
wäßßte,8
bochum,8
usserdem,8
fdp,8
gibt,8
regionale,8
sowie,8
kreisfreie,8
root,8
beschlosse,8
führ,8
basel,8
zentimeter,8
epizentrum,8
wenau,8
wohne,8
schwatz,8
hoffe,8
nämlisch,8
port,8
eröffnet,8
doran,8
täsch,8
aristoteles,8
etliche,8
middelalter,8
jläuve,8
route,8
streck,8
deshalv,8
komitee,8
keeijne,8
haafe,8
frooch,8
kuba,8
festung,8
wesste,8
dritte,8
erfolch,8
üver,8
läje,8
fernando,8
fier,8
sehen,8
problem,8
destiny,8
kaale,8
great,8
hellisch,8
besöök,8
zürich,8
domain,8
tunick,8
sendung,8
sergei,8
sendai,8
niblo,8
elise,8
harold,8
ittner,8
oswalda,8
holocaust,8
onaavhängisch,8
porten,8
copernicium,8
baez,8
böcherschaaf,8
bevör,8
luurt,8
forme,8
jebrout,8
brouerei,8
fründe,8
asteroide,8
wejen,8
sig,8
bloos,8
aujustus,8
zojang,8
mößße,8
landt,8
janzen,8
aanluure,8
nommaale,8
drömm,8
voluptua,8
vel,8
eijner,8
bloose,8
siech,8
sank,8
jodesbersch,8
kessenich,8
broueräj,8
läve,8
koloni,8
flämish,8
langen,8
sand,8
räß,8
jlatt,8
bällin,8
kall,8
läng,8
jenauer,8
blädder,8
huhdütsche,8
plosive,8
bützje,8
zostand,8
beshtemmpte,8
opmaache,8
drüjje,8
beijshpill,8
lekker,8
jladbach,8
düsseldorwer,8
ejn,8
zwor,8
metmaache,8
trainer,8
hinspill,8
breme,8
jeschosse,8
maaß,8
haag,8
wieße,8
erfolje,8
websigk,8
jetrennt,8
ejfel,8
ech,8
italije,8
zwäj,8
koohm,8
nevven,8
anti,8
opa,8
fringse,8
ööl,8
ääpel,8
lischt,8
fdl,8
suja,8
ir,8
daat,8
dozu,8
jekouf,8
wienges,8
jejründet,8
wäste,8
äd,8
drenk,8
josephine,8
süsch,8
elbe,8
eraan,8
jeweech,8
unserer,8
himmelskörper,8
il,8
reng,8
konnte,8
parat,8
bösteehd,8
rääß,8
noppere,8
jreffe,8
aktiv,8
erüm,8
acker,8
hämmche,8
sujaar,8
kashmiri,8
hüert,8
keue,8
sonndach,8
eldere,8
kloore,8
kollestoff,8
temperatur,8
drunger,8
leer,8
viele,8
jedenfalls,8
erkannt,8
shproch,8
formelzeiche,8
einheit,8
sekunde,8
sechs,8
kvb,8
rvk,8
wunder,8
dichte,8
tonne,8
dos,8
jahre,8
salzwasser,8
stöcke,8
nich,8
dns,8
miißte,8
pittersbersh,8
aanfangs,8
jid,8
loot,8
shtadtpooz,8
bioloji,8
usem,8
mannheim,8
nidderrhing,8
faßteloovend,8
yuán,8
komponiss,8
schoh,8
milliarde,8
deshalb,8
piefe,8
bööm,8
klüngel,8
famillisch,8
schuld,8
möll,8
brud,8
manch,8
wed,8
son,8
bedügge,8
dunkel,8
sigck,8
bahnhof,8
boddem,8
websick,8
hees,8
steerne,8
wärme,8
eener,8
zweete,8
reed,8
arbeeder,8
steil,8
erzbistum,8
ever,8
jeit,8
bruud,8
nocht,8
deep,8
kaffe,8
zauß,8
blodwoosch,8
ki,8
haus,8
heide,8
jesetze,8
energie,8
süstem,8
leesch,8
how,8
zeechnede,8
homer,8
övvischde,8
bart,8
vengere,8
opvälld,8
pohl,8
kännt,8
misch,8
kühl,8
millionen,8
kurfürst,8
jedeut,8
philipp,8
jörg,8
ungen,8
lampe,8
moers,8
schmeck,8
fast,8
abraham,8
deswäje,8
fochschung,8
reichleitner,8
fönnefte,8
rampling,8
wovör,8
reissdorf,8
schreiner,8
gabriel,8
ömständ,8
chicago,8
frei,8
bürjermeijster,8
gottfried,8
schriif,8
sejj,8
eetze,8
sinne,8
ößtrish,8
fraue,8
östlisch,8
venn,8
spät,8
opjestallt,8
graf,8
evangelische,8
berghausen,8
frankrich,8
jeführt,8
parteie,8
allëijn,8
eier,8
daate,8
wischtije,8
ëijnem,8
dütsje,8
sällve,8
ußer,8
hächzoch,8
zemmer,8
jrüßere,8
schangß,8
jraf,8
luffschlange,8
bud,8
dermiihtß,8
blief,8
hürth,8
jesellschaft,8
speller,8
normalerwiiß,8
live,8
jemeendens,8
räum,8
technische,8
jewääh,8
kannd,8
schingk,8
px,8
kreuzung,8
nahtijällche,8
kulle,8
jeng,8
ketschebursch,8
klo,8
mulartshött,8
ovverstolbersch,8
dreieck,8
morje,8
zentrom,8
shtëijt,8
gressenich,8
liihe,8
scheevhött,8
rochus,8
vorsatze,8
oppositiun,8
trefft,8
stirvd,8
demokratie,8
besetzer,8
brööh,8
köpper,8
schwester,8
jaß,8
dähte,8
schnei,8
jehööt,8
félix,8
trennde,8
neer,8
bewiise,8
botanische,8
statiun,8
beroff,8
beldche,8
ct,8
wesseschaft,8
kess,8
light,8
passerd,8
daniel,8
läwe,8
aavjesatze,8
nüüdich,8
csu,8
kandidat,8
veur,8
lemieësj,8
skandal,8
bedügk,8
donald,8
illinois,8
präsidentschaft,8
kaufingerstrooß,8
from,8
maschiin,8
putin,8
vorsooht,8
duisburg,8
träffe,8
gagarin,8
websijje,8
isaac,8
brouerëije,8
mädcher,8
torrem,8
meddelallder,8
teatr,8
hewa,8
bora,8
zaire,8
onväll,8
tenzin,8
erklärde,8
peking,8
westliche,8
östlich,8
dohänger,8
bekleede,8
korea,8
aver,8
karlspriiß,8
werpe,8
reagan,8
äjypte,8
olympische,8
monica,8
ongerbroche,8
büro,8
gov,8
cent,8
jeklaud,8
jemeiße,8
klerk,8
vorkooft,8
bewesse,8
optrette,8
voreenijung,8
horusnaam,8
statue,8
möjelicherwiiß,8
jestoppd,8
erschösse,8
schess,8
alaska,8
böscherei,8
angerem,8
josefin,8
sälbe,8
jereesch,8
brooks,8
nobber,8
mohamed,8
nehren,8
hüühde,8
giocondo,8
piero,8
rejiim,8
rumänie,8
besoss,8
vorsteehd,8
dagmar,8
krankheed,8
lindt,8
height,8
miterlimit,8
dasharray,8
phage,8
vüürd,8
skol,8
historiker,8
berjesche,8
sowjetuniun,8
jewerkd,8
optroon,8
brung,8
breefe,8
coponius,8
embken,8
damolije,8
prevatlääve,8
relijiun,8
diäsch,8
nha,8
hoi,8
erbout,8
vluchhafe,8
kessenech,8
landschaftspflege,8
nüdich,8
breitachklamm,8
erläävde,8
mööhe,8
amerikka,8
skyline,8
chili,8
waaßd,8
övverläävd,8
vorsöckd,8
venedich,8
könstlere,8
jrönedaahl,8
musiköl,8
brängd,8
brice,8
cuyahoga,8
leddcher,8
ehreshoven,8
enid,8
greta,8
sien,8
vorkammesoole,8
seee,8
janneke,8
naftalan,8
kiki,8
ray,8
nevada,8
kirstie,8
leonardos,8
reinhardt,8
lubitsch,8
jedriihnde,8
cartier,8
brătianu,8
aajelaad,8
rübe,8
coo,8
tiresias,8
jaßwarels,8
prozesse,8
treblinka,8
raab,8
zelda,8
droch,8
girls,8
hughes,8
tit,8
stangl,8
nina,8
putativnutstand,8
helga,8
german,8
graetschus,8
börjermeester,8
my,8
ous,8
podolsk,8
auflach,8
fte,8
vereenichde,8
zedong,8
manavgat,8
joos,8
amoedo,8
makroshprooch,8
makroshprooche,8
kroiseti,8
ovverkerch,8
federal,8
petr,8
berounský,8
falkeburch,8
höhl,8
hexenwahn,8
grenzland,8
siemons,8
naamensliiß,8
pünklichkeet,8
vleech,8
gangemi,8
minas,8
gerais,8
vieëdel,8
vruier,8
lilili,8
seo,8
pil,8
spääter,8
hüdsche,8
lamprokles,8
sophroniskos,8
jermaansche,8
jejch,8
vanne,8
hauptstr,8
orionis,8
geysere,8
fahren,8
jülicher,7
esser,7
sprachschatz,7
landschaftsverband,7
landeskunde,7
heinrichs,7
protokoll,7
eupen,7
herzog,7
bergisches,7
abt,7
wörter,7
eschweiler,7
hauw,7
jroeëse,7
ziet,7
jaad,7
veld,7
janse,7
blieërhei,7
sjriever,7
karnevals,7
doropp,7
jeliehrt,7
selevs,7
ählste,7
moht,7
front,7
ruhrjebiet,7
hamm,7
bielefeld,7
ungere,7
detmold,7
ehemaligen,7
regierungsbezirk,7
ruhrgebiet,7
kommunale,7
jründung,7
jebildt,7
landdaach,7
nrw,7
portal,7
meddeleuropa,7
jägend,7
roermond,7
brängk,7
schwarz,7
wääste,7
erruß,7
dud,7
anjefange,7
forschung,7
namens,7
scheeff,7
são,7
jewäss,7
studeert,7
funk,7
hoffnung,7
verbunge,7
könijin,7
jenauesu,7
zehnte,7
entfärnt,7
spädder,7
besiedelt,7
fort,7
nohdäm,7
duure,7
domingo,7
ämter,7
opjävve,7
verwandte,7
stand,7
bees,7
mario,7
biographie,7
entdeckt,7
xvi,7
stein,7
cramer,7
themen,7
level,7
nic,7
jregorijanishe,7
marsh,7
xianfan,7
ossi,7
guillaume,7
mozart,7
padberg,7
melde,7
bierganz,7
nüngte,7
passeet,7
endlich,7
esuwie,7
deijle,7
dofüür,7
jummi,7
hüüert,7
sellevs,7
eßße,7
funn,7
dorr,7
flämijj,7
one,7
funke,7
schäng,7
asteoridejüddel,7
machß,7
jrüsser,7
material,7
insjesamp,7
iise,7
unsem,7
gaius,7
vreund,7
woll,7
ömbrenge,7
wööre,7
luxemburjer,7
kaufmann,7
circa,7
media,7
opjeboud,7
schööne,7
liehrer,7
berjisches,7
dish,7
üsh,7
äwwä,7
bunn,7
opjedeelt,7
jrau,7
amm,7
houm,7
jenausu,7
kleeijne,7
bersh,7
jedöns,7
vu,7
frööjer,7
wööde,7
klääve,7
stimmhafte,7
frikative,7
dentale,7
finger,7
winnish,7
aaluure,7
leopold,7
kermes,7
mettmann,7
osten,7
ekersch,7
bëi,7
spiller,7
bëim,7
leever,7
wollte,7
dis,7
mänche,7
wonn,7
trok,7
wöre,7
rejel,7
bestemmp,7
nöhkste,7
minute,7
sudat,7
bernd,7
jewäse,7
zeush,7
opjesteje,7
pokalsiejer,7
cup,7
reklame,7
atome,7
leite,7
fisik,7
diere,7
arbeide,7
ie,7
janns,7
aanjevange,7
wäpsigge,7
ellef,7
stille,7
shtell,7
tüppisch,7
sven,7
erunger,7
lizänz,7
ßoffwäer,7
wää,7
dofun,7
gleumes,7
jeedem,7
jaas,7
mal,7
tring,7
stadtjebiet,7
bröcke,7
innet,7
pomp,7
dursch,7
ok,7
dokumentation,7
äänlish,7
joht,7
jeweiht,7
nordirland,7
jöjründ,7
lädd,7
tellefon,7
klinge,7
driit,7
kallisto,7
päsonnal,7
öscher,7
profinß,7
advent,7
fronleichnam,7
klaaf,7
sulang,7
preetz,7
näz,7
lübeck,7
suwisu,7
kej,7
schnigge,7
iis,7
övverish,7
brassel,7
öllich,7
sieht,7
fessjelech,7
schriev,7
br,7
einheite,7
avstand,7
serie,7
seite,7
milton,7
jebeet,7
neutral,7
esperanto,7
botter,7
backe,7
krije,7
meint,7
hallef,7
emol,7
zwerchplaneet,7
schina,7
schief,7
lexikon,7
suu,7
naas,7
spanier,7
jäld,7
xena,7
pooze,7
jellt,7
kaal,7
lecker,7
red,7
knee,7
jelaat,7
städtsche,7
tomburch,7
bürjermeister,7
saarland,7
trotzdem,7
westerwald,7
halv,7
schörreskaarerenne,7
spektakel,7
pries,7
jehüren,7
einheitezeiche,7
jehoot,7
sunne,7
deuvel,7
fabrikke,7
schmölzje,7
siel,7
nohber,7
show,7
sääß,7
fies,7
kinno,7
kannste,7
trotzdämm,7
exil,7
olive,7
stern,7
schwaz,7
pool,7
waßo,7
bände,7
roger,7
jeneratiune,7
wess,7
aleroth,7
spich,7
hütt,7
berchop,7
solingen,7
jemeend,7
folje,7
time,7
zich,7
dans,7
mass,7
magazine,7
daför,7
schlosse,7
zunft,7
ongernehme,7
jlaaß,7
preußische,7
odenthal,7
bergische,7
zirka,7
jröön,7
berjisch,7
holstein,7
birre,7
modderjoddes,7
opjehange,7
vla,7
hagelslag,7
seesch,7
ändert,7
krüx,7
zdf,7
passeere,7
secherheet,7
ordnung,7
köppche,7
schaffd,7
jöhad,7
unse,7
prinzen,7
läv,7
harmonie,7
typisch,7
dochter,7
zucke,7
wipperfürth,7
aanfängk,7
äßße,7
grammatik,7
dodren,7
koleve,7
zwëijte,7
lukas,7
bistum,7
beröhmte,7
felenbaum,7
alexius,7
quincy,7
denis,7
erika,7
glässner,7
erdbebe,7
sat,7
euskirchen,7
jesällschaff,7
aar,7
vulkahn,7
jöändert,7
heim,7
tower,7
donnerbersch,7
jewerkt,7
arbeid,7
info,7
wim,7
vulkahne,7
vulkane,7
arte,7
hadde,7
apprell,7
mönchengladbach,7
saal,7
woaren,7
westlische,7
noordrhing,7
entlang,7
wozo,7
vörstellung,7
jraven,7
jh,7
madonna,7
moor,7
fläche,7
golf,7
benjamin,7
lank,7
horster,7
schöll,7
schälser,7
dees,7
dozoh,7
salt,7
oü,7
ongere,7
ëng,7
software,7
wan,7
hollesj,7
dare,7
basis,7
jeschaffe,7
sam,7
bus,7
pött,7
news,7
ussjesproche,7
sprachgeschichte,7
vo,7
elberfeld,7
jesechert,7
doamit,7
ställt,7
koahm,7
ümm,7
poppelsdörp,7
schinge,7
amen,7
infrastruktur,7
dormare,7
optredde,7
naaht,7
jerusalem,7
övversaz,7
nodämm,7
heeschd,7
höff,7
lääch,7
karlsruhe,7
schwöder,7
memorial,7
ojinaal,7
paimpont,7
mattematigk,7
musée,7
breenijerbersch,7
öne,7
jestange,7
söckt,7
vichtbach,7
jebrutt,7
kütte,7
änö,7
jedau,7
örenn,7
kommö,7
saubaach,7
vörkomme,7
besse,7
flochhave,7
steet,7
stolle,7
meent,7
rääts,7
vowelsänger,7
tabori,7
zwong,7
pilot,7
jöjovve,7
montpellier,7
jeneck,7
traude,7
akoom,7
konsul,7
invalidendom,7
flötter,7
sprääche,7
centrum,7
eberhard,7
bergman,7
begraave,7
usseree,7
eemoll,7
äntstäng,7
steebroch,7
samuel,7
italiänische,7
luciano,7
kent,7
iiser,7
nederland,7
blööte,7
usjestorve,7
bözirk,7
dame,7
luuhnt,7
sünner,7
zojesproche,7
derekt,7
nolde,7
vüühr,7
heidewitzka,7
pdf,7
edition,7
heidelberg,7
nürnberg,7
allerhellije,7
jespellt,7
vortroon,7
durde,7
ongerstötzt,7
nato,7
management,7
ziesj,7
pennsylvania,7
vörstand,7
weetschafte,7
kass,7
moritz,7
hannover,7
centro,7
örop,7
medallich,7
bässer,7
trump,7
jewäähld,7
justizpalast,7
nazi,7
kloh,7
not,7
jevangeschaff,7
petersburch,7
klomm,7
lat,7
bajore,7
fluchzeuch,7
stämm,7
erußjäver,7
first,7
boone,7
start,7
bröl,7
düütsch,7
väll,7
ische,7
aavsturz,7
polnesch,7
ussbroch,7
veschvang,7
chinese,7
philips,7
hüüdr,7
ecser,7
amy,7
wandernde,7
saakaschwili,7
ussland,7
vorhindere,7
limborjesche,7
akütt,7
bosnie,7
jesood,7
schöldich,7
kieler,7
nobelpriiß,7
aaß,7
plato,7
ongerzeechnet,7
vordeent,7
äck,7
france,7
bkannt,7
abydos,7
jaare,7
lucy,7
bestehd,7
honger,7
houwe,7
jerich,7
meine,7
lynen,7
oore,7
vüührde,7
tänzer,7
dank,7
wonnhuuß,7
finanzmaat,7
feehde,7
zentralbank,7
puddelnakß,7
aavjäng,7
lorenz,7
tüp,7
livni,7
kamal,7
märtes,7
datum,7
kommunistische,7
böstäng,7
stuben,7
enkel,7
jupiter,7
renaissance,7
mussolini,7
dütschlands,7
kontroll,7
tschechei,7
slowakei,7
dünnkerrsche,7
tschechoslowakei,7
island,7
nordamerika,7
sprüngli,7
besondere,7
filter,7
chase,7
alsdörp,7
wider,7
tempele,7
timor,7
hängerjrond,7
brahma,7
mangneet,7
wääßel,7
simone,7
könnije,7
werklich,7
sant,7
jriiche,7
jüddedom,7
fnla,7
möhler,7
ussaare,7
quellen,7
funktionelle,7
jewöhnlesch,7
marcus,7
ambibulus,7
tiberius,7
nobberschaff,7
rejiun,7
press,7
amarna,7
akikkd,7
zheng,7
dööhtisch,7
th,7
quang,7
hie,7
stoff,7
moslems,7
väähr,7
erkelenz,7
archäologie,7
kulturförderung,7
vorsitzender,7
kleinwalsertal,7
wasserväll,7
picasso,7
oberstdorf,7
kleerstöck,7
best,7
other,7
run,7
pötze,7
kaad,7
rejii,7
jöstorve,7
eejödömmer,7
calobra,7
platsche,7
opjönomme,7
broadway,7
mäddcher,7
oktoberfess,7
bikinis,7
helvetic,7
driihne,7
rip,7
gina,7
hängischte,7
tareboch,7
arbuckle,7
alessandra,7
alindao,7
opnahme,7
köst,7
nazaire,7
leide,7
collins,7
aldsteenzitt,7
panzerkreuzer,7
henkel,7
alley,7
lorenzo,7
boleyn,7
neumond,7
jeplande,7
ainola,7
ochtsdeel,7
vreijesproche,7
erschoße,7
wulff,7
helle,7
vorjaßd,7
leon,7
oberscharvührer,7
wissrussland,7
flevoland,7
venezuela,7
vorbrannde,7
jescheckd,7
dana,7
labor,7
zwangsarbeederlajer,7
jemeenschaftliche,7
bara,7
isidore,7
hoofsjtad,7
södlemborsh,7
printe,7
räuber,7
lancelot,7
lya,7
zelnik,7
aajenomme,7
bekekke,7
mebazaâ,7
omösecke,7
rio,7
frida,7
airline,7
femen,7
hüß,7
wieverfastelovend,7
ennwunner,7
örussjejovve,7
abel,7
northern,7
purity,7
corbusier,7
vergil,7
äjeweihd,7
annett,7
antoine,7
toyone,7
british,7
neddeläng,7
friesisch,7
andorra,7
paraguay,7
groningen,7
ella,7
bram,7
vluchjesellschaffte,7
know,7
mestreech,7
that,7
łomazy,7
brochstee,7
indian,7
königrich,7
oeë,7
noe,7
schosste,7
zweitjrüßte,7
trang,7
universidade,7
tres,7
magni,7
suchen,7
hyon,7
seok,7
kardashian,7
dörsch,7
vüül,7
fillosoff,7
weßeschaffler,7
jollde,7
oeëste,7
verwies,7
woêt,7
esuvell,7
seche,7
vande,7
marôed,7
chlodwisch,7
äêd,7
kofferoêd,7
vith,6
waldbröl,6
berchemer,6
erf,6
jemend,6
beueler,6
ëijeschaffte,6
bücher,6
volkssprache,6
landschaften,6
weffer,6
burscheid,6
stichting,6
kerkrade,6
olpe,6
geschichtsverein,6
remscheid,6
alsdorf,6
lu,6
eurode,6
nui,6
tsiet,6
plaatsj,6
doe,6
jroeës,6
zoeë,6
joare,6
jraat,6
klink,6
kamer,6
fuss,6
häät,6
entdeck,6
künsler,6
wenijer,6
jöck,6
maare,6
drooch,6
hejm,6
aanschwenke,6
landeshoupshtadt,6
solinge,6
jestallt,6
hüxte,6
staatliche,6
tritt,6
jrööne,6
wieder,6
handbuch,6
söndern,6
burg,6
knoche,6
meckenheim,6
brunge,6
wech,6
bildung,6
bekumme,6
teil,6
familich,6
santo,6
seejele,6
jemeint,6
besitz,6
jeschich,6
irische,6
jeliert,6
alljemein,6
ungerscheed,6
ungerstützung,6
seleve,6
portugiesische,6
scheeffe,6
benutz,6
kuurt,6
neuer,6
kette,6
santiago,6
moole,6
sevilla,6
zweesche,6
sitze,6
mooß,6
neven,6
jenaue,6
anderen,6
bern,6
bädde,6
freiburg,6
shpill,6
iana,6
merke,6
linnich,6
irste,6
julijanishe,6
kalläno,6
eezde,6
leßß,6
aulinger,6
bailey,6
irena,6
linder,6
ramolino,6
amadeus,6
patent,6
jussenhoven,6
emmo,6
stämmd,6
verändere,6
dröcke,6
studeere,6
jlöüv,6
nooh,6
ur,6
dößßeldorr,6
laden,6
dene,6
aßteroiit,6
million,6
kuiperjüddel,6
berühmte,6
satturr,6
ußßer,6
korn,6
jleuve,6
rääshte,6
thema,6
blindtex,6
jesatz,6
nam,6
bloohß,6
äänz,6
kaaßel,6
honnef,6
alfter,6
rhenania,6
houpschtadt,6
saaren,6
änglandt,6
bund,6
mieß,6
seeh,6
buune,6
büllingen,6
belljische,6
jemeinschaff,6
mießte,6
tirek,6
övversätze,6
mėd,6
jedronke,6
allß,6
labiale,6
röggelche,6
fööß,6
ejner,6
mėt,6
heijße,6
oda,6
heijs,6
ääks,6
määht,6
jrüüßte,6
final,6
seeg,6
düggsche,6
erfolg,6
verlor,6
ärg,6
levverkuse,6
düsseldörp,6
schorsch,6
wm,6
messepukal,6
athen,6
saison,6
schlääch,6
marseille,6
bejm,6
später,6
wofür,6
dorus,6
bewejung,6
quatsch,6
këijne,6
ewg,6
mansh,6
klooh,6
pöbel,6
mail,6
menutte,6
uur,6
luvv,6
danzig,6
baade,6
pardon,6
nannt,6
zeitung,6
jelääv,6
schule,6
böösher,6
zusammen,6
frankrish,6
erfunge,6
ruhe,6
häßß,6
drinne,6
ff,6
norren,6
jeshpillt,6
puute,6
jeschwadt,6
ent,6
däjl,6
jleumes,6
jleumeß,6
zwäij,6
plaaz,6
zeusch,6
teller,6
jehührt,6
ädäppel,6
kneipe,6
annemie,6
liss,6
frechen,6
antonius,6
mattes,6
südlische,6
stout,6
läwwer,6
blood,6
dousende,6
preußße,6
däijl,6
rfc,6
monte,6
jeschlosse,6
bronne,6
jern,6
jenutzt,6
besök,6
vordeele,6
jöhüüre,6
bödüüt,6
wäär,6
ongescheede,6
commonwealth,6
zemm,6
heut,6
ehrem,6
eimol,6
wiiße,6
karls,6
eijentlisch,6
jäd,6
jeden,6
schoon,6
poßß,6
äävenß,6
schweer,6
plastik,6
dinger,6
diamante,6
meistens,6
jas,6
aarte,6
kummen,6
kriische,6
quallmann,6
kruffer,6
ränne,6
henge,6
tan,6
tä,6
nübbelsche,6
dürfe,6
lvr,6
aß,6
angel,6
worde,6
huf,6
krätzje,6
jeseesch,6
offizier,6
winich,6
mantel,6
rad,6
kilo,6
history,6
offe,6
öwwer,6
blues,6
jekannt,6
allet,6
mussikk,6
bekanntste,6
woohd,6
hääre,6
nokixel,6
omegawiki,6
jibbet,6
oschi,6
paveier,6
fönef,6
hottel,6
hollz,6
häufischste,6
kannz,6
förderung,6
jehallde,6
rau,6
duurt,6
wih,6
ire,6
lööv,6
baden,6
ernannt,6
fabrike,6
besöcke,6
gruuße,6
ovverrhing,6
jummersbach,6
bëijem,6
laans,6
sallz,6
sh,6
rénmínbì,6
jezällt,6
verbonge,6
people,6
tirektemang,6
ääz,6
lohmar,6
lije,6
schaaf,6
belgien,6
ruusemoondaachszoch,6
kaare,6
kaar,6
mundaat,6
physik,6
norrens,6
sauerstoff,6
verbindung,6
mehrere,6
schmolz,6
buud,6
schmecke,6
rede,6
trekke,6
stallt,6
agger,6
jejävve,6
kölscher,6
kommen,6
grundschull,6
haupsächlich,6
jalaxie,6
brenne,6
poss,6
corporation,6
zik,6
neuguinea,6
jewess,6
goldsaft,6
dörfje,6
eenwunner,6
ab,6
zentrumspartei,6
claude,6
eent,6
rheinischer,6
null,6
kappott,6
needersachse,6
linnije,6
müsse,6
landkreis,6
bielsteener,6
siegtal,6
jattung,6
sunndaach,6
pindakaaß,6
aanjebout,6
beschrief,6
rauh,6
rang,6
kowelenz,6
leedche,6
jeestinge,6
ufer,6
südkorea,6
nederlandse,6
hus,6
temperature,6
blöhe,6
gute,6
rüsche,6
bunne,6
speck,6
hoppe,6
jröößte,6
maiboom,6
eiekroon,6
tempo,6
füsik,6
enthalde,6
allgemeine,6
wäbsigge,6
videos,6
laute,6
avong,6
paßeerd,6
koor,6
jäjedeel,6
jrondschüll,6
röbekruck,6
schprooche,6
monde,6
börse,6
tag,6
lieder,6
hännesche,6
berofe,6
eefach,6
kumede,6
verzäll,6
back,6
music,6
winnisch,6
jriife,6
heiße,6
löwe,6
jefahre,6
spieler,6
stehen,6
jönnerschdorf,6
kyla,6
steinmeier,6
billé,6
françois,6
bußße,6
hall,6
rhinglandt,6
kattoolesch,6
peta,6
wede,6
nä,6
bütze,6
sädd,6
kupferhöff,6
rudkäppche,6
handwerk,6
morris,6
jivv,6
zeuch,6
verloor,6
dunnt,6
benrather,6
une,6
markus,6
vennhuse,6
woher,6
stöckche,6
bedecke,6
luther,6
danz,6
langefääler,6
fisematente,6
mrd,6
huet,6
kurkölle,6
ėsh,6
wämm,6
koon,6
water,6
sönn,6
hoch,6
hond,6
wööterbooch,6
opbou,6
vorwaltung,6
mattrijaal,6
localhost,6
ebene,6
projamme,6
venlo,6
klamotte,6
erömm,6
söd,6
faßteleer,6
wolfram,6
ringe,6
meddelääd,6
henning,6
hirring,6
krit,6
fluppe,6
hl,6
bethlehem,6
ehne,6
herrschaft,6
grafschaft,6
kurfürstentum,6
ruh,6
säkß,6
winzer,6
merrem,6
zëijdong,6
siehr,6
jekräje,6
wëijß,6
sëllve,6
woer,6
ieh,6
zwescheröüm,6
brengk,6
feuerzangenbowle,6
bedück,6
nüggel,6
ersatz,6
php,6
rahme,6
brudd,6
seewer,6
zövöll,6
shpell,6
kriel,6
möjelisch,6
vorbindung,6
reichde,6
klappde,6
sėnge,6
schlangebersch,6
bösbijer,6
bareschesser,6
stolz,6
töösche,6
jehüüt,6
dotösche,6
redaktion,6
ruusedahl,6
meedste,6
jüllich,6
bääch,6
deepe,6
pona,6
pi,6
ike,6
ali,6
bab,6
paß,6
ungereneen,6
outobahn,6
orden,6
dönt,6
breenisch,6
meestens,6
loore,6
akikkt,6
jeschötzt,6
horumersiel,6
books,6
werkte,6
word,6
luftwaffe,6
fluch,6
plei,6
jeschwistere,6
jöveel,6
bestemmt,6
preußen,6
koohle,6
wäßte,6
stoh,6
jechner,6
vorkoovde,6
pauline,6
dabei,6
jebonge,6
wora,6
liie,6
wieh,6
schang,6
wau,6
wallhegge,6
georgia,6
stan,6
produzent,6
määhd,6
ajejreffe,6
prince,6
krebs,6
transporteere,6
altstadt,6
övverstange,6
jaffel,6
explosiun,6
ställd,6
usbroch,6
vorschiedene,6
stang,6
rodolfo,6
philadelphia,6
mattematik,6
denkt,6
maximilian,6
peters,6
mooler,6
qwälle,6
alljemeene,6
steinfurt,6
besteeht,6
stiir,6
benutze,6
övvichte,6
satze,6
sozial,6
aavkomme,6
jövangene,6
informatik,6
vorlätzt,6
johnson,6
weat,6
dursj,6
nag,6
motive,6
bissje,6
ovverhouse,6
auckland,6
schüllzitt,6
rafael,6
moolde,6
jeorgie,6
packde,6
eurolang,6
sėng,6
jrovvötsnäähl,6
illineus,6
avschloss,6
diane,6
vereenichte,6
donisl,6
prevat,6
roothuus,6
garden,6
münchener,6
soohn,6
stad,6
türkische,6
jesondheet,6
ömjesatze,6
bestämmde,6
panzere,6
situation,6
juri,6
albanie,6
schlemmer,6
vahre,6
frangke,6
bovverfrangke,6
brouwerëije,6
fluchzeuje,6
chronik,6
wääßelde,6
studio,6
jeschnappt,6
kääz,6
jordan,6
volchde,6
krėttėsche,6
vloch,6
arjentinie,6
weerstand,6
klüster,6
vorroone,6
vorurdeelt,6
valsche,6
yad,6
vörsetz,6
edward,6
japaner,6
houston,6
metjled,6
wivöll,6
manet,6
nackde,6
orjan,6
vrommisch,6
sorch,6
jimmy,6
ästellung,6
beschrävve,6
south,6
marcel,6
schlach,6
röcktrett,6
helsinki,6
vührer,6
list,6
wgl,6
unicode,6
shpelle,6
schrefte,6
voranstaltung,6
np,6
lävenslang,6
sambia,6
lra,6
onrouhe,6
packe,6
sprächende,6
rejiirt,6
wodörch,6
buscheberch,6
gusenbauer,6
reaktore,6
roj,6
bereich,6
wadji,6
horus,6
djer,6
övvermeddelt,6
semerchet,6
ophood,6
templ,6
opjeschrävve,6
kääre,6
ongersood,6
landweetschaff,6
biden,6
haupbahnhoff,6
bestönd,6
joohreszitt,6
ähnlesch,6
fluppd,6
träckd,6
jleise,6
frankrisch,6
still,6
aktive,6
milo,6
ärve,6
underground,6
deut,6
vorjävve,6
stalinjrad,6
vorbrannt,6
spricht,6
donau,6
produzeerd,6
ingenieur,6
wärkstatt,6
trutzeltz,6
ussjang,6
leipzich,6
lauf,6
muuß,6
opfere,6
meeßtens,6
primera,6
deent,6
vorband,6
vassstelle,6
inseljrupp,6
doro,6
halloween,6
naahd,6
vaste,6
sequoia,6
aigner,6
jemolt,6
düstere,6
naahl,6
uuhre,6
aavjehouwe,6
erklärd,6
skandinavie,6
möjelichkeete,6
stattvong,6
royal,6
jepland,6
stäche,6
jedeeld,6
paulus,6
munitiun,6
aavangs,6
schnee,6
darmstadt,6
everts,6
vresch,6
dashoffset,6
krangk,6
hershey,6
büdd,6
musikker,6
eiwiss,6
bakterium,6
äädbevve,6
aavstämmung,6
oppaaße,6
jestoche,6
jönd,6
venster,6
vruuh,6
rußßlandt,6
aavstammung,6
sydney,6
ardra,6
portugiese,6
benguela,6
missionare,6
unita,6
weimar,6
schuster,6
decoder,6
recovery,6
zweitakter,6
kolbe,6
jekoovd,6
annius,6
schlääd,6
parade,6
meritaton,6
ziine,6
vorholp,6
jewäßer,6
lage,6
füchsche,6
rauxel,6
küürdener,6
wonnhuus,6
plattdütsch,6
kultuure,6
federation,6
ömveld,6
usbeldung,6
shi,6
brunner,6
jöworpe,6
reinhard,6
pötz,6
lies,6
roebling,6
vorbängd,6
game,6
forrest,6
miehste,6
südhaalvkowel,6
fmd,6
jöjange,6
situatiune,6
stommfilmzitt,6
maurice,6
kääze,6
bödüüd,6
valley,6
schauspellerei,6
sängörin,6
nm,6
wallingford,6
usszeechnet,6
heerlen,6
bacchus,6
amor,6
smolensk,6
groot,6
stär,6
fotomodel,6
jäjestöck,6
dänemarkstrooß,6
jongsteenzitt,6
werkzüch,6
karolina,6
anine,6
sklavin,6
norris,6
zövöör,6
vollmond,6
berners,6
nicola,6
isle,6
kulture,6
vorbone,6
kondom,6
vanessa,6
micheline,6
ralph,6
daughton,6
benannd,6
aavjeordnete,6
jravens,6
brecht,6
jeprächd,6
aajeklachd,6
telejramm,6
opjevange,6
kroome,6
romina,6
kabel,6
vührd,6
ongerschiidliche,6
minh,6
lease,6
grove,6
gillard,6
szaul,6
zielinski,6
susana,6
ballad,6
tauchd,6
erntefess,6
goudeket,6
badehuuß,6
poppert,6
penn,6
yehuda,6
rensing,6
tunesie,6
kubx,6
group,6
fleeßt,6
hokusai,6
kahlo,6
fukushima,6
sky,6
emons,6
bainter,6
annemarie,6
slut,6
minniti,6
jöllesch,6
hüêtschewald,6
seligen,6
pelagische,6
lampedusa,6
şalom,6
cornett,6
kristen,6
farsta,6
stock,6
binchy,6
curran,6
roat,6
inseln,6
stoker,6
vaan,6
berounsky,6
jpg,6
marienthal,6
schwartzenburch,6
jemat,6
klenkes,6
night,6
garland,6
besjteet,6
johrhondet,6
miestendeels,6
keltische,6
zeirsch,6
serbien,6
wuerd,6
regiolek,6
wuerdt,6
natüerlich,6
lux,6
toendra,6
veldeke,6
vita,6
karoli,6
vossem,6
child,6
schprohch,6
zeck,6
jebohre,6
weßeschaffte,6
país,6
obres,6
completes,6
quatre,6
rantum,6
weltkrisch,6
etnijesche,6
jüüv,6
irsche,6
sihr,6
perikles,6
krestos,6
zwaij,6
kimchi,6
limbursj,6
bosnia,6
herzegovina,6
zuje,6
aserbaidschanische,6
wedderöm,6
römsche,6
vüêallem,6
jeschiêt,6
meddelahle,6
zwejde,6
merode,6
vanaan,6
vüê,6
rockmusick,6
iêsch,6
anime,6
fränksche,6
lj,6
ward,6
geyser,6
kts,6
trak,6
hansa,6
goliath,6
borgwards,6
bovverbejreff,5
aalerödder,5
höttener,5
jömelejer,5
luhmere,5
ix,5
frambach,5
geschichtsvereins,5
neunkirchen,5
herausgegeben,5
rheinbrohl,5
cds,5
likt,5
mieë,5
woeëde,5
weëde,5
jesjiechte,5
wieër,5
jaiajaad,5
hoeëg,5
adel,5
liet,5
alba,5
wies,5
dizze,5
vanaaf,5
ieësj,5
fortuna,5
frans,5
politieker,5
ralf,5
weelen,5
dichter,5
nullet,5
iisebahn,5
bessere,5
moont,5
jekrääje,5
ejene,5
verdeene,5
session,5
betroffe,5
russ,5
fründ,5
fään,5
sooße,5
staffel,5
hamme,5
niederrhing,5
paderborn,5
französischen,5
asten,5
wurden,5
wurde,5
sollen,5
danach,5
dieser,5
verkehrsverbund,5
provinze,5
aanjenumme,5
hagen,5
ministerpräsident,5
hannelore,5
räumliche,5
dohmols,5
nideggen,5
föhle,5
lüttich,5
äärd,5
hallv,5
kännd,5
oovens,5
kridd,5
colombo,5
europäer,5
fröhere,5
version,5
fatter,5
domenico,5
doochter,5
jöngere,5
bartolomeo,5
küss,5
lissabon,5
filius,5
ware,5
dätten,5
paolo,5
mönch,5
mot,5
sturm,5
kannt,5
allerdingens,5
schiev,5
falsche,5
karibik,5
jewinne,5
quintanilla,5
pedro,5
gonzález,5
befür,5
appril,5
mooten,5
weßßenschaftler,5
hispaniola,5
jelosse,5
hää,5
akzepteert,5
jamaika,5
siedler,5
jeschaff,5
nohdem,5
nördlisch,5
inndije,5
eeijn,5
bejrave,5
kluuster,5
familie,5
heute,5
hafen,5
karol,5
leipzig,5
eines,5
philosophie,5
bedrief,5
orijinal,5
wullte,5
wääßelle,5
käjne,5
michailowitsch,5
betty,5
hutton,5
ecclesiae,5
bürjerlich,5
civilis,5
riedewald,5
melanie,5
zimper,5
sendler,5
monjolei,5
rihanna,5
zvanzishßte,5
desargues,5
aavjehalde,5
veete,5
jenniches,5
studeet,5
nippes,5
kwaasi,5
himp,5
lööt,5
botz,5
esset,5
brouch,5
wėll,5
läuf,5
marieche,5
schwerkraff,5
aßteroiide,5
schätze,5
miistens,5
jrüützte,5
ällder,5
aujus,5
baahnhoff,5
hierode,5
barmen,5
köhm,5
wupper,5
marx,5
luxembursh,5
janosch,5
wö,5
ääshte,5
velit,5
äälßte,5
vüüre,5
duis,5
consequat,5
nulla,5
fröjer,5
dräät,5
jedd,5
hadd,5
blot,5
endenesch,5
landfürst,5
suppermaat,5
beliep,5
jahß,5
fiier,5
bn,5
dejl,5
käjn,5
wälldt,5
kreesh,5
sezz,5
schwömme,5
fröer,5
bär,5
metjemaat,5
fett,5
zucker,5
zosammejelaat,5
nöchtlijje,5
hanse,5
nasale,5
runde,5
broode,5
sitz,5
osse,5
toni,5
krötzau,5
hoesch,5
nöüe,5
joêhre,5
spezielle,5
lenks,5
rääschte,5
näh,5
erkrath,5
westen,5
müngersdörp,5
bekom,5
mänchmol,5
saht,5
dag,5
weisweiler,5
finale,5
schosse,5
dur,5
mihste,5
wolfjang,5
hannes,5
färve,5
scheed,5
budapest,5
sorchte,5
bordeaux,5
ömesöns,5
floch,5
mau,5
harald,5
uefa,5
eckersch,5
pokal,5
häz,5
jesat,5
holle,5
weß,5
vizepokalsiejer,5
masters,5
elektron,5
jebunge,5
praktisch,5
stoffe,5
dierche,5
ëijene,5
nazjonaale,5
ve,5
norme,5
änglish,5
ruuse,5
fooßball,5
iehr,5
fäädish,5
hoot,5
frankfurter,5
jeshrivve,5
bikannte,5
magazin,5
schöpp,5
machen,5
preis,5
hau,5
märchen,5
fest,5
angers,5
jesätz,5
winte,5
mangs,5
doföör,5
ruut,5
äänlijje,5
övverdrare,5
nohkixel,5
shtund,5
frünnde,5
lager,5
aanjedonn,5
ättwa,5
ihm,5
halver,5
periodesüßteem,5
mickey,5
äädtkondt,5
nome,5
drück,5
kätt,5
senk,5
norrem,5
alpha,5
shtaad,5
kooz,5
ingernet,5
jilld,5
ausstellung,5
roncalli,5
ühr,5
kries,5
münze,5
neuss,5
jemeind,5
schweizer,5
meeresspeijel,5
amtssproch,5
diräk,5
maastricht,5
luik,5
jewääßelt,5
flach,5
jelaach,5
pop,5
richtig,5
äsätze,5
wij,5
schmieße,5
jekooch,5
klaar,5
däijt,5
kode,5
pass,5
zack,5
bejriff,5
adventszick,5
faastezick,5
alljemeine,5
joohundert,5
aanschloß,5
shtrooß,5
bedeene,5
jeil,5
enander,5
vürkumme,5
froulück,5
komeete,5
kruffe,5
aw,5
röggelsche,5
köngk,5
rädd,5
wulle,5
fooß,5
drom,5
naaks,5
loußbärsh,5
herrscher,5
sundern,5
läz,5
stech,5
wirklich,5
zinte,5
jesaaht,5
diss,5
bedrivve,5
voore,5
shtil,5
jeshpellt,5
campbell,5
kongress,5
proiße,5
versailles,5
forrem,5
brengt,5
uff,5
muuze,5
tut,5
kinn,5
motte,5
klapp,5
nijmegen,5
ėnn,5
flandere,5
nask,5
päjtsch,5
verändert,5
drußße,5
drahn,5
nomaale,5
paijaßß,5
records,5
beinah,5
let,5
pfaffemöötz,5
werth,5
dm,5
schrihve,5
jerreshem,5
sij,5
drenn,5
werm,5
aanlaach,5
häss,5
usdrock,5
pünnt,5
euros,5
laat,5
pe,5
beluure,5
panzer,5
mussiker,5
wöötebersch,5
schiff,5
trennt,5
middelrhing,5
ziemlich,5
passeert,5
jewässe,5
xxiii,5
bahne,5
laetare,5
usw,5
sik,5
ji,5
heed,5
lüderich,5
flüüß,5
nevvenaan,5
yvelines,5
spröch,5
kampmann,5
ußmaache,5
schmetterlingsjaade,5
schwengel,5
ken,5
miih,5
handt,5
künnd,5
architektur,5
wahn,5
eso,5
jeschisch,5
befingk,5
niederrheinische,5
heutije,5
abtei,5
düsseldorp,5
benediktiner,5
kreisstadt,5
krieger,5
bundesliga,5
trenne,5
mileschstrooß,5
drüvver,5
maachen,5
punkt,5
rouh,5
nidder,5
werreke,5
papua,5
vorwandschaff,5
avv,5
siesh,5
trooßdorfer,5
müllekove,5
romilian,5
diplomat,5
decker,5
behallde,5
kommunikatiun,5
jeraad,5
wallonie,5
hart,5
dao,5
kalde,5
wodka,5
jesoffe,5
beide,5
ussenander,5
projekte,5
woman,5
living,5
kennd,5
aktiejesellschaff,5
jebrouwd,5
beere,5
huue,5
kääzje,5
spure,5
ruine,5
engländer,5
imi,5
antwood,5
wermelskirchen,5
bänsberjer,5
fluss,5
krüzz,5
imme,5
jescheesch,5
dohmohlß,5
wöd,5
wilhelmus,5
nassau,5
ierschten,5
näwe,5
relativ,5
beröhmteste,5
general,5
video,5
längßde,5
fox,5
metspelld,5
jöngßde,5
vorzälle,5
nohzelässe,5
mäll,5
opbouwe,5
rischtije,5
ruß,5
helden,5
närrische,5
italien,5
hits,5
brandenburg,5
hiiroode,5
klassische,5
bundesdaach,5
jäds,5
rektor,5
romeo,5
familije,5
büdde,5
koohme,5
unni,5
god,5
määhl,5
websegge,5
jääle,5
langs,5
lateinische,5
oliveira,5
buurehoff,5
weje,5
bock,5
leevste,5
weßeschaav,5
tadić,5
renfro,5
macintyre,5
vinxbach,5
germania,5
jrënß,5
tonnar,5
johanna,5
larissa,5
divärrse,5
öpnv,5
möpp,5
betriib,5
tiräg,5
näve,5
vorstand,5
läävewese,5
vorwandte,5
vorwandt,5
neandertaler,5
meet,5
ieser,5
dänger,5
meeste,5
drej,5
stecke,5
hannt,5
akkordeon,5
schlaachzeuch,5
niederfränkische,5
eesch,5
preusse,5
zanders,5
klum,5
disse,5
mönsche,5
pariser,5
lot,5
loße,5
ëßße,5
inwohner,5
standort,5
reusrath,5
straße,5
immichroth,5
helau,5
gegr,5
neuje,5
fünnef,5
scholde,5
opjemaht,5
europe,5
chemie,5
sachsen,5
moderatorin,5
fotomodell,5
informationen,5
büdche,5
froue,5
kandidate,5
details,5
jiesekereke,5
lick,5
lüüt,5
nemmieh,5
lied,5
löpps,5
döütsche,5
ungescheedlijje,5
hëijße,5
jeloufe,5
ach,5
dëijd,5
onder,5
ge,5
lili,5
single,5
ligk,5
jehadd,5
stratmann,5
fääbrowa,5
wochedaare,5
künninge,5
bëijde,5
center,5
anne,5
jefährten,5
isildur,5
heimlich,5
saruman,5
roche,5
motor,5
beyoncé,5
attentat,5
pazifische,5
rothuus,5
wichtige,5
erft,5
ungerscheide,5
herrschaff,5
follje,5
großherzogtum,5
krippsche,5
hirte,5
östliche,5
bestond,5
berge,5
ständ,5
ahleberjer,5
vörher,5
persönlich,5
divärse,5
ensel,5
erscheene,5
stadtbezirk,5
ossheimer,5
anstatt,5
amis,5
houpbaanhoff,5
loffschlang,5
luffschlang,5
schlang,5
troone,5
ëijmol,5
nämmlesch,5
fläsche,5
nonn,5
ba,5
bärbelche,5
blötschkopp,5
joldschmitz,5
genau,5
spingxe,5
genannt,5
rembrandt,5
klasse,5
öffentliche,5
südliche,5
kesternich,5
ostersonndaach,5
jesetzliche,5
ëije,5
ömjewandelt,5
äjösatze,5
kööh,5
gesocks,5
shtökke,5
fu,5
tod,5
stüür,5
örä,5
päd,5
ussjestalld,5
sollde,5
versiune,5
wenkel,5
räähr,5
reef,5
jeweet,5
zalld,5
sood,5
entweggele,5
ongernehmer,5
akte,5
sarre,5
neederländesch,5
äje,5
kreuder,5
fäbrowa,5
jesaz,5
sej,5
rouen,5
arnhem,5
jrüüdste,5
karnevalsverein,5
bohm,5
kicke,5
krohm,5
wirke,5
ajevange,5
brouwe,5
kloch,5
schleichers,5
leonhard,5
hondöt,5
schaat,5
beidste,5
toki,5
sina,5
bestemme,5
weschtijje,5
oldebursh,5
verjliche,5
kriis,5
nënnt,5
wöhre,5
schünnste,5
vorsproche,5
kurow,5
südosten,5
powiat,5
äne,5
stallte,5
leddche,5
breenijerheed,5
joav,5
taucht,5
kämpfte,5
europas,5
vorbong,5
swetlana,5
zweimoll,5
interesse,5
busse,5
sardinie,5
informatiun,5
erfolsch,5
hälpe,5
zeechte,5
oldenbursch,5
jever,5
drenthe,5
vorsproch,5
rebelle,5
jeschicht,5
desmoll,5
vorvalle,5
driine,5
weeth,5
triest,5
düütsche,5
südinsel,5
laurel,5
atlanta,5
opkoom,5
sell,5
bovverberjesche,5
botschafter,5
talsperr,5
edo,5
heinsberch,5
steecht,5
dräht,5
inge,5
jaaß,5
vorbessere,5
nävvebeij,5
jö,5
avang,5
wovan,5
aldr,5
zeechnet,5
mathematiker,5
vreischem,5
bräu,5
bürger,5
richmodis,5
päffgen,5
mullartshött,5
miihtß,5
atsch,5
hondöde,5
böötche,5
bell,5
töhn,5
studie,5
bejange,5
hellich,5
allersiele,5
setzung,5
literate,5
finanzmenester,5
ussemenester,5
emma,5
jümnasium,5
metgled,5
widderhollde,5
jäjä,5
muuch,5
döcker,5
erläävd,5
leistunge,5
jöholpe,5
friddach,5
braade,5
öraav,5
vaals,5
wäßfaale,5
aasije,5
erd,5
genauso,5
freie,5
dreikönninge,5
nö,5
schluss,5
jemeldt,5
tata,5
mont,5
künstler,5
werklichkeet,5
vöörwaahle,5
kandideere,5
studeerde,5
dream,5
daal,5
mutatis,5
mutandis,5
stüsst,5
wääche,5
weerkde,5
vorloohr,5
austria,5
öra,5
irjendwi,5
jeveel,5
kokokkölö,5
opvallend,5
wonnunge,5
movie,5
kritik,5
gilani,5
urdu,5
premiemenester,5
nationalvorsammlung,5
jeedes,5
toulouse,5
ärbus,5
jesellschafte,5
lufthansa,5
pullem,5
hasch,5
produzeerde,5
künstlere,5
pickford,5
times,5
kommuniste,5
ländr,5
jösellschaff,5
köbich,5
dijalägde,5
kathedral,5
paaßende,5
schwestere,5
wissbade,5
merkel,5
stätte,5
akomme,5
thailand,5
öhl,5
jaahß,5
beijshpell,5
rääjel,5
fofööshbare,5
dijajramm,5
haade,5
ëijnzel,5
secherheed,5
kaukasus,5
ireen,5
utc,5
önjeväär,5
erreichde,5
massaker,5
yale,5
ongerstötzung,5
osama,5
mohlde,5
orsay,5
salon,5
vormeddeld,5
eisenhower,5
invasiun,5
jefferson,5
vorhältnes,5
jlichzittich,5
nomme,5
yolanda,5
taylor,5
röckde,5
ussemenestr,5
kiew,5
revolution,5
vörjeworpe,5
jloote,5
torpedos,5
jedëngkmönze,5
portůjal,5
beatrix,5
fönver,5
sammlong,5
eenich,5
hööhl,5
erholle,5
leehnde,5
schwierichkeete,5
schotzjebiite,5
sorcht,5
nobberstaate,5
inyangani,5
beschlooße,5
fänmaile,5
betancourt,5
schösse,5
bkanndste,5
vaahrer,5
stephen,5
schöllzitt,5
lidl,5
lävvere,5
kurdistan,5
jrondstöck,5
teti,5
hetepsechemui,5
anedjib,5
düüd,5
joddes,5
ketsch,5
radar,5
pilote,5
pradesh,5
vluch,5
jk,5
amoklouf,5
manager,5
zwangsarbeeder,5
äähnlesch,5
yerkish,5
ziihl,5
maire,5
vüühre,5
katrin,5
liebe,5
siich,5
vaahre,5
zchinwali,5
vörjestalld,5
hauser,5
medica,5
beiker,5
mexico,5
demokrati,5
hängerher,5
prevate,5
salzach,5
koraidelstee,5
vels,5
deelde,5
ikb,5
heimatmuseum,5
bedüüde,5
bischöff,5
jlükol,5
ößtrisch,5
mänge,5
turbine,5
jöttin,5
bärchop,5
jüppche,5
magasin,5
zeechnunge,5
vorlaad,5
moselsiij,5
klusterkerch,5
jebouwde,5
aavange,5
italiäner,5
speijel,5
nationalparks,5
lööch,5
bond,5
vroch,5
plande,5
finne,5
ophalde,5
ural,5
saß,5
ypsilanti,5
marburg,5
prof,5
lawrence,5
long,5
labrador,5
kanadische,5
wääßelnde,5
canada,5
studiire,5
datei,5
xml,5
utf,5
translate,5
transform,5
ffffff,5
frederick,5
ömbränge,5
shtärk,5
iwf,5
bikannt,5
bombei,5
kafee,5
leeter,5
youku,5
peru,5
shanghai,5
jedooh,5
erkrankde,5
alexei,5
onaavhängichkeet,5
vordeend,5
erjoov,5
shtille,5
oozėjaan,5
wiffjer,5
peshawar,5
riccardi,5
egidio,5
kriste,5
vöschde,5
räänwald,5
klëine,5
sklavehandel,5
nacional,5
regime,5
acken,5
langensiepen,5
bochstabe,5
analfabetismus,5
matsue,5
rejentschaff,5
bekleed,5
krauss,5
bree,5
faraoh,5
hb,5
volley,5
alswie,5
dol,5
binh,5
hoa,5
cam,5
weiler,5
doadurch,5
wüürd,5
romanische,5
oppeln,5
tschätte,5
lährer,5
jebroode,5
aloo,5
puri,5
leizde,5
aavjöresse,5
dominik,5
heimatforschung,5
erforschung,5
blankenheim,5
heimatgeschichte,5
geologie,5
schüler,5
erftstadt,5
paulo,5
kaiserbrunnen,5
baad,5
aktmolerei,5
lingwand,5
vorzälld,5
good,5
häfe,5
cheerleader,5
kruschele,5
spelte,5
bahkauv,5
schläte,5
lävensmeddele,5
finis,5
terrae,5
helpd,5
ongerscheedlich,5
jöddin,5
häzzschlach,5
jömääßichde,5
opdräch,5
dostellung,5
vörbeld,5
heintz,5
jäckes,5
tucker,5
linh,5
nga,5
nguyen,5
aavschloss,5
carew,5
jörichd,5
börs,5
wiißd,5
waahr,5
cathedral,5
vüührd,5
roff,5
dohuk,5
michigan,5
euregiobaahn,5
usterkääz,5
werpd,5
schaffrath,5
ölvärv,5
auvers,5
stoss,5
kusin,5
gallery,5
zarin,5
buster,5
keaton,5
ziin,5
harvey,5
whitley,5
michele,5
nävverolle,5
werbung,5
bündchen,5
aavloufe,5
lumière,5
jejlood,5
janneken,5
erotische,5
java,5
jötroffe,5
schiidsrichterin,5
jöräte,5
jachd,5
sara,5
germany,5
ölbäder,5
lettland,5
montana,5
mauthause,5
australische,5
kongruent,5
dreiecke,5
jazz,5
julie,5
house,5
vorblävve,5
reaktiun,5
pelagius,5
erheld,5
théâtre,5
houdin,5
frieda,5
codex,5
costello,5
äbraad,5
vähr,5
tu,5
landrut,5
oslo,5
usjesood,5
hunter,5
mote,5
ömfasse,5
strecke,5
usjelößd,5
schnellstrooß,5
highway,5
jezalld,5
jaßkammere,5
feldhendler,5
knox,5
soohm,5
sobiborski,5
krajobrazowy,5
wengk,5
kelbermann,5
rümme,5
urkers,5
tor,5
folter,5
hairspray,5
irjends,5
andes,5
blond,5
inc,5
icao,5
dfk,5
hebeij,5
australian,5
peitsch,5
einsatz,5
bay,5
lima,5
faithfull,5
pernilla,5
poniatowa,5
sommerspelle,5
lea,5
deen,5
hoddis,5
luka,5
oos,5
oecher,5
wiiv,5
tossenstee,5
lilli,5
mara,5
tess,5
denisova,5
jukos,5
maktum,5
zacharias,5
jerry,5
bahr,5
arab,5
jehd,5
ghannouchi,5
aeonium,5
freske,5
sixtinische,5
onbekleede,5
jesellschaffte,5
lugano,5
wostoksee,5
oblast,5
comares,5
cútar,5
macharaviaya,5
atajate,5
jatropha,5
büün,5
america,5
övvenomme,5
cogan,5
flip,5
österrich,5
vannozza,5
järmaane,5
theophanu,5
félina,5
jestein,5
wöschele,5
romanik,5
eulrichs,5
konstantin,5
heedless,5
isola,5
conigli,5
small,5
bands,5
moresby,5
exchange,5
barbarossahöhl,5
cleve,5
eleonora,5
waterstone,5
petri,5
janeiro,5
grandezka,5
nadja,5
vivian,5
friesische,5
eiff,5
lėmborjesche,5
maaßtresch,5
soundtrack,5
ecuador,5
potter,5
naomi,5
euklid,5
judy,5
kyffhäuserkreis,5
acht,5
sjproach,5
tussje,5
evvel,5
ligke,5
elisabethquell,5
seehausen,5
huharabisch,5
arabe,5
alldaach,5
ärbeede,5
schuhmacher,5
curitiba,5
ähnlichkeete,5
zuud,5
zieë,5
và,5
holsj,5
loog,5
ääzezupp,5
nedderfränkesch,5
rieseradd,5
bacon,5
lihre,5
ahlt,5
züscholohre,5
pemberton,5
benne,5
vüürpommere,5
saxe,5
jrüß,5
hoeëgste,5
joohrhonnert,5
jemengschaff,5
kääm,5
kenge,5
jruhße,5
jrihschesch,5
jrihschelannd,5
aspahsija,5
zantipp,5
zing,5
etymolojie,5
bluß,5
tiwaz,5
jermaansch,5
döckes,5
pier,5
gression,5
superjeilezick,5
joêhhonget,5
doavan,5
noahwiesjere,5
stäênebeld,5
cheeseman,5
vespucci,5
doors,5
hôtt,5
jenanndte,4
allfabeet,4
trooßdorf,4
zweierlei,4
efeler,4
kaaschter,4
luhme,4
sieshloorer,4
opjenůmme,4
meisen,4
bönnsches,4
arbeitskreis,4
herausgeber,4
bruchhausen,4
seelscheid,4
bergheim,4
windeck,4
burjemeester,4
herzogenrath,4
tsezame,4
lankjraaf,4
daags,4
krig,4
löcher,4
tusje,4
tseruk,4
ieësjte,4
middelieëwe,4
sjpieëder,4
joarhónged,4
maachet,4
vinge,4
jrosse,4
sjteet,4
oane,4
festival,4
haander,4
kaalhei,4
nulled,4
sjevemet,4
oranje,4
neuste,4
liehr,4
theatere,4
lappe,4
soullt,4
tant,4
zahlreiche,4
neuenahr,4
letz,4
refräng,4
roofe,4
köllen,4
mellione,4
betrocke,4
sauerland,4
lanndt,4
regione,4
jäjesatz,4
bejspill,4
schlaare,4
dösseldörp,4
jejevve,4
minden,4
somit,4
bedeutung,4
zoon,4
rhingprovinz,4
jrundjesetz,4
parlamentarische,4
landeswappe,4
dodorch,4
einzije,4
doitsche,4
ochtnung,4
status,4
stärkste,4
hartmann,4
södlich,4
bodem,4
kame,4
läss,4
kounnt,4
beschriewe,4
serije,4
dollste,4
leß,4
jädd,4
düürter,4
maschiine,4
drunge,4
jeijd,4
ußße,4
jladd,4
bezeichnung,4
jebuurt,4
giovanni,4
jeblieve,4
kap,4
anjeblich,4
ziel,4
schiina,4
indien,4
zoll,4
beschrieve,4
jeschick,4
antike,4
einfache,4
jovv,4
leije,4
jruss,4
eurasische,4
haale,4
fessland,4
alonso,4
selever,4
kommission,4
ländereie,4
mat,4
verdraach,4
las,4
paus,4
sepptemmber,4
fingen,4
bahamas,4
erjovve,4
arawak,4
haven,4
enddäcke,4
besatzung,4
zonächs,4
jeland,4
blivv,4
hälefte,4
ferdisch,4
jeplaant,4
schlooch,4
tat,4
bringe,4
miir,4
reiß,4
deelwies,4
lichnam,4
wirklisch,4
herkunff,4
giorgio,4
beweis,4
natürlisch,4
jemeent,4
italjänisch,4
ungerscheede,4
jeschrieve,4
bestimmte,4
broder,4
christopher,4
erstausgabe,4
amerikas,4
seiner,4
oswald,4
entdeckungen,4
gott,4
gold,4
neuen,4
clemens,4
engl,4
krakau,4
längste,4
pius,4
menschen,4
alexandre,4
aunic,4
kaltenborn,4
flöppe,4
eg,4
porz,4
zusamme,4
stuttjart,4
altfuldisch,4
dutert,4
liberty,4
hyde,4
fuffzeente,4
vröndschaftsvordrach,4
jeschloße,4
dmitri,4
corbin,4
bleu,4
jödänkdaach,4
nüngunzvanzishßte,4
ismail,4
haniyya,4
altenberger,4
feete,4
aarna,4
sylvester,4
kelly,4
jeografie,4
tübingen,4
eijfach,4
poor,4
wishtijje,4
knopp,4
hooke,4
lööht,4
lückscher,4
bliiv,4
broue,4
antvärrpe,4
jebootsdaach,4
manes,4
kalker,4
jrüzte,4
halt,4
befink,4
starke,4
ungerschiedliche,4
trojaner,4
jetzije,4
beobachtet,4
innerhalb,4
ub,4
fävroa,4
dobej,4
jingke,4
janüüß,4
hald,4
vatte,4
zweich,4
zevür,4
houpsäschlisch,4
aaz,4
bm,4
boore,4
beedß,4
shtadd,4
jefaare,4
bilderboochmuseum,4
verjovve,4
schenk,4
museums,4
jeschenk,4
pack,4
aankütt,4
läj,4
mußß,4
rääsh,4
hällt,4
wellt,4
qui,4
söök,4
lißß,4
jemäjnde,4
jehüüert,4
ißß,4
dovüür,4
uure,4
klingk,4
schwaad,4
ijj,4
ääschte,4
jebroen,4
blötsch,4
becke,4
büros,4
aujustin,4
duisdörp,4
röttsche,4
königshof,4
ejemoolijje,4
ömjävvung,4
nävven,4
jleuven,4
jild,4
telekom,4
nöüj,4
buun,4
läĳsch,4
drißß,4
norre,4
bälliin,4
jedeelt,4
druße,4
hückzedach,4
eijentlish,4
jröößere,4
eijfel,4
shpetz,4
jeijht,4
lanß,4
bevüür,4
winnter,4
hallev,4
domed,4
billd,4
jewöönlish,4
omma,4
öß,4
üer,4
iire,4
velarisierung,4
zesammehang,4
sekundäre,4
dröppelminna,4
modelle,4
klejne,4
näämlish,4
zappes,4
drink,4
freut,4
fleisch,4
kuêt,4
nedderau,4
fans,4
doamoals,4
höckzedaach,4
kotzedörp,4
lijjt,4
hilden,4
monnem,4
süden,4
beutling,4
jröndung,4
kbc,4
nöij,4
chance,4
veer,4
dunnemols,4
kremers,4
erobere,4
kremer,4
düggscher,4
ovverlija,4
engklich,4
ähnz,4
jünther,4
breuer,4
braht,4
jesaht,4
fluppte,4
bundeslija,4
beids,4
gent,4
stunde,4
dobëi,4
löhr,4
verlängerung,4
bestund,4
münz,4
verdeent,4
schatte,4
hollt,4
oskar,4
rühl,4
fröhling,4
vfb,4
stoch,4
ungerm,4
strich,4
wëil,4
maht,4
nöchste,4
davun,4
noll,4
jeläje,4
mittelrheinmeister,4
jugendmeister,4
chemische,4
autoindustrie,4
stoohl,4
trik,4
wishtije,4
schleede,4
bibliothek,4
schemische,4
jäjensatz,4
erjitt,4
üvverhaup,4
pläsierche,4
wiess,4
grundgesetz,4
schlääsh,4
fisterenöll,4
ëĳn,4
aanzal,4
medije,4
ingernazjonaale,4
flash,4
mejnt,4
fammillisch,4
bernstein,4
looße,4
hoffmann,4
können,4
waren,4
kommt,4
kopf,4
mein,4
brööder,4
iiere,4
jevaare,4
äjn,4
klaa,4
schranke,4
äijen,4
dubbelte,4
rishtung,4
fräĳe,4
werr,4
darr,4
gpl,4
atikkelle,4
zwäck,4
affjesinn,4
by,4
non,4
deeshter,4
bezirrek,4
opjefalle,4
jedeesh,4
offizzjälle,4
shpezjälle,4
leesh,4
bäi,4
bäjem,4
half,4
ahlem,4
handkies,4
disch,4
jedöhns,4
kelmis,4
enno,4
ängk,4
moh,4
schemisch,4
flüch,4
ejne,4
belld,4
bert,4
agnes,4
sett,4
jill,4
kloster,4
hääzwasser,4
hääz,4
aandere,4
jedröck,4
zevill,4
dojääje,4
jewaaße,4
jebeede,4
affköözunge,4
äijn,4
shtälle,4
etlijje,4
din,4
drißßish,4
code,4
ingernazjonale,4
katholischen,4
kirresh,4
atomwaffe,4
jolt,4
ewwer,4
jestorwe,4
priester,4
stoche,4
verzällscher,4
gemeinde,4
dütlich,4
vorjangeheed,4
anglikanische,4
bäßßer,4
juuno,4
tredde,4
capella,4
leedcher,4
nette,4
wääßele,4
wiggere,4
haupsaach,4
wälld,4
bėß,4
brassica,4
verkouf,4
kappesbuur,4
wuh,4
kappäll,4
trupp,4
karrel,4
kashmir,4
sil,4
käĳne,4
dude,4
eijmool,4
weeden,4
fierdäsch,4
vollmoond,4
jäjt,4
dorresh,4
beschriive,4
steeijt,4
enerjie,4
schmuck,4
hale,4
eraff,4
eejn,4
rubbedidupp,4
satt,4
wido,4
angß,4
sarr,4
driive,4
objekte,4
streng,4
kwadraat,4
thek,4
bescheid,4
foll,4
metjleed,4
beej,4
sach,4
been,4
jejosse,4
strahlung,4
fache,4
zooch,4
krieje,4
bvr,4
ceg,4
db,4
reichsbahn,4
kbe,4
nikuta,4
poppespill,4
onnoch,4
killometeere,4
kleeder,4
einzelne,4
liter,4
jramm,4
bit,4
ten,4
bröh,4
döm,4
fodraach,4
föer,4
ömkreise,4
janus,4
zippel,4
aade,4
muuzich,4
wär,4
isset,4
millesch,4
nüggele,4
präsenteere,4
deeijl,4
bärrjische,4
limburjische,4
plattdeutsch,4
këttwish,4
süüdpool,4
kloo,4
looche,4
fungk,4
tunnel,4
püngel,4
dvd,4
besönderß,4
nohkiksel,4
opjepaß,4
haafen,4
auh,4
küüt,4
ej,4
määhß,4
astronomische,4
regiolekk,4
oßßflaandere,4
lotuko,4
bänds,4
open,4
schulz,4
brennt,4
üvverall,4
go,4
jedeent,4
flache,4
dingem,4
iese,4
scheeße,4
paßße,4
zwerchplaneete,4
övverlääf,4
ponttor,4
häs,4
jewennt,4
schleeßlich,4
koßß,4
fům,4
reßß,4
kinner,4
schnüßß,4
hüser,4
kanton,4
wen,4
touriste,4
fänk,4
andernach,4
jëijd,4
ëine,4
laanß,4
rövver,4
röm,4
wällt,4
wäßß,4
koss,4
ruusemoondaach,4
sunndach,4
mette,4
jedrieht,4
drieht,4
jetrodde,4
fēn,4
jebuddelt,4
hoffnungsthal,4
avfaht,4
erav,4
verbei,4
wohrzeeche,4
rösroder,4
plakate,4
körv,4
schönste,4
dumont,4
anke,4
chris,4
saaten,4
wischtijje,4
eijmol,4
besteijt,4
schmetterling,4
sayn,4
schmetterlinge,4
eemmer,4
insekte,4
fokoufe,4
boum,4
dörrep,4
schnapp,4
schödde,4
enjesaz,4
droppe,4
schullder,4
strunze,4
koh,4
looht,4
henn,4
jesteen,4
naturschotzjebiet,4
lejende,4
dausend,4
ice,4
maatplatz,4
wodurch,4
kreeg,4
eröffnung,4
asbach,4
besätz,4
rolf,4
pfarrer,4
bürgermeister,4
humboldt,4
pißßrinn,4
jebraut,4
entfeernt,4
dunkele,4
zemlich,4
fuffzehnte,4
jööv,4
wiggo,4
döütschland,4
nuut,4
husum,4
deenß,4
potsdam,4
woat,4
moddersproch,4
sökke,4
handele,4
späte,4
früher,4
jaanitt,4
wahner,4
wilhelms,4
eischem,4
erwähnt,4
amplich,4
direktor,4
journalist,4
regiolekt,4
mw,4
weib,4
määdsche,4
needersaxe,4
wallonesch,4
welkenraat,4
welkenraedt,4
chapelle,4
zech,4
make,4
suur,4
bißje,4
brügge,4
sinti,4
füüer,4
zösammeschloss,4
axel,4
haas,4
aktie,4
enthäld,4
kupfer,4
alkoholfrei,4
foder,4
äfonge,4
etymologie,4
hungk,4
dörppe,4
quadratkilometer,4
buurehöff,4
ussnahm,4
nennung,4
blankenbersch,4
toskana,4
architek,4
prima,4
fäädich,4
breid,4
spanijer,4
neederläng,4
taalunie,4
buddele,4
keiner,4
bürjer,4
öntlich,4
prumme,4
wichtischste,4
köh,4
verkoufe,4
traditionell,4
anschließend,4
suvell,4
pilsen,4
birke,4
perle,4
bunt,4
teeme,4
sinner,4
beobachter,4
uhre,4
jebruchte,4
zeechetrickserisch,4
opträäne,4
häwiise,4
nerjens,4
vähler,4
jäcke,4
marge,4
maggie,4
kärkraftwerk,4
ertrocke,4
füsiker,4
arbeijde,4
lier,4
kabarett,4
mischung,4
lief,4
traditionelle,4
kirresch,4
drann,4
hanswurstliche,4
narren,4
sagen,4
sang,4
zeiten,4
jymnasium,4
beta,4
börde,4
anjebout,4
knies,4
riche,4
marienheide,4
häff,4
söße,4
ursprung,4
viva,4
brauchtum,4
gitt,4
bestande,4
standard,4
gän,4
tiling,4
stöbb,4
endeilung,4
rühr,4
lich,4
sengem,4
prosa,4
stadtwappe,4
kleopatra,4
ketteplöck,4
wiers,4
asien,4
jeftisch,4
schloot,4
foto,4
dezämber,4
schmitze,4
typ,4
bovver,4
shproochejroppe,4
prozession,4
absolutus,4
schütze,4
zvëĳte,4
serge,4
achzehnte,4
krankehuuß,4
ënglėsh,4
fokeer,4
aanfangk,4
erzengel,4
jebätt,4
niederfränkisch,4
nano,4
jözalld,4
bergischer,4
hüsje,4
oh,4
lügge,4
hürt,4
akicke,4
kersche,4
zenkhötter,4
ähnleschkeite,4
engelskirchen,4
hohkeppel,4
linde,4
zeuje,4
jrafe,4
längs,4
verkehr,4
föß,4
htm,4
ierzte,4
magma,4
womit,4
röömer,4
alkalimetall,4
rein,4
büttsche,4
kriesch,4
territorium,4
kinger,4
alois,4
usserhalv,4
jewöhnlich,4
katterbach,4
uerdinger,4
ik,4
viersen,4
suo,4
uut,4
ömmer,4
velbert,4
wunnunge,4
felix,4
hundert,4
ääsch,4
dott,4
stangk,4
koste,4
scholle,4
thijater,4
löw,4
kath,4
löss,4
further,4
umweltschutz,4
wiescheed,4
jed,4
jütt,4
wechtije,4
mack,4
schulle,4
tennis,4
oise,4
bayer,4
äwa,4
project,4
jäät,4
isojlosse,4
jedrunke,4
vrouw,4
saage,4
killometer,4
wiesbade,4
hüüt,4
treck,4
fochscho,4
atlaß,4
lannschaffte,4
huhdöütsch,4
schlonn,4
waahße,4
schnii,4
reshtesh,4
fälld,4
pond,4
witte,4
boave,4
mainz,4
övversäzong,4
aanfäng,4
blog,4
vorsorjung,4
jenoujenumme,4
capitol,4
pr,4
ußßodämm,4
ip,4
probeere,4
zude,4
jadinge,4
trozdämm,4
optritt,4
höckerche,4
mathematik,4
bëijspell,4
erėnn,4
bëijshpöll,4
zeente,4
nommere,4
fange,4
famillije,4
hëijs,4
wëbsigge,4
frömmiche,4
männ,4
frauminsch,4
haute,4
zemmlesch,4
droht,4
gollum,4
zaubere,4
föhre,4
därm,4
verwääßele,4
menutt,4
reschtesch,4
landung,4
jriecheland,4
brode,4
schavuur,4
blou,4
mehschtens,4
wal,4
palz,4
tagebau,4
renne,4
dijaläk,4
jer,4
allder,4
kaschott,4
messias,4
zehuus,4
jesenn,4
lööf,4
färwe,4
murat,4
jemeinsame,4
zweck,4
jraafen,4
kinne,4
huhhillijen,4
koofmann,4
schuss,4
inz,4
joahren,4
gin,4
usjebreit,4
wichtigste,4
viktor,4
schauspillerin,4
keesche,4
jehüürte,4
wooden,4
avjerisse,4
veedelle,4
wissen,4
besönndoß,4
äkänne,4
kommunikation,4
johondot,4
schonn,4
jeshtannde,4
schmale,4
kwälle,4
juda,4
markt,4
lëijsch,4
weder,4
jeschäffte,4
besöndoß,4
uew,4
rita,4
mongk,4
fente,4
ajuja,4
schlau,4
deue,4
vos,4
dechter,4
kingsize,4
informatione,4
kumbe,4
bömmel,4
jeläse,4
rähn,4
verdeelt,4
regional,4
region,4
liif,4
spädestens,4
godesberg,4
jringkopp,4
ëijfach,4
zong,4
eronger,4
jenůmme,4
kraat,4
jemëijnde,4
marke,4
notzt,4
jespannd,4
penis,4
hür,4
risse,4
sölle,4
handlung,4
lattëijnesche,4
jereech,4
müll,4
herjestalld,4
vorsuche,4
övverlaad,4
modell,4
besongije,4
ps,4
tokyo,4
ladenburg,4
entwäggelnde,4
entweggelung,4
werkstatt,4
krom,4
schwiirichkeete,4
sprit,4
ideee,4
jödächtniswääch,4
schpresch,4
entweckelt,4
veuel,4
hollängsch,4
merk,4
ättlijje,4
opere,4
rené,4
hendrik,4
merkt,4
ajelaad,4
brockebersch,4
jejrave,4
adidas,4
apt,4
denkmol,4
jähr,4
vorstönd,4
habe,4
önnö,4
spiider,4
spiier,4
weete,4
ongerstolbersch,4
ratte,4
äjang,4
ramm,4
känger,4
vleuel,4
ongeväär,4
lynens,4
subald,4
leufd,4
sänd,4
jene,4
metr,4
petong,4
sujett,4
allsů,4
automobil,4
eie,4
lkws,4
hersel,4
bezaahle,4
shtemmp,4
kůnnte,4
zwai,4
leem,4
damit,4
selves,4
jrüütze,4
meddelpunkt,4
echte,4
soot,4
jerechnet,4
besooch,4
shtammp,4
etage,4
johv,4
kenk,4
onkel,4
änderde,4
natiun,4
bibliographie,4
dresden,4
sofia,4
stalt,4
wonnung,4
pest,4
kapelle,4
usjebeld,4
ajönomme,4
rejiment,4
jakobiner,4
gemaat,4
övvischte,4
malta,4
louisiana,4
versoot,4
schlachte,4
jöwonne,4
sövve,4
overijssel,4
korsische,4
böjraave,4
mädscher,4
rejissör,4
nelke,4
zaus,4
helde,4
jesorcht,4
övversee,4
dusende,4
steebröch,4
zojeworpe,4
bejonne,4
schollder,4
jruußherzogin,4
könnigin,4
kett,4
maori,4
äwanderer,4
vorsöckt,4
töschebee,4
wikkitëx,4
lengk,4
flut,4
express,4
boyer,4
minster,4
canterbury,4
schevenhütte,4
spazeere,4
hööre,4
städteregiun,4
gaffel,4
rejiert,4
atheneum,4
havo,4
lierlinge,4
aodste,4
noabersjaf,4
radioaktiv,4
ongerjrond,4
vassjestallt,4
opvällt,4
modena,4
sons,4
wettbewerb,4
samme,4
zwillinge,4
opera,4
bökannt,4
sinus,4
kurv,4
hondede,4
knouch,4
krankehüüser,4
haa,4
ärvonge,4
flüchtlinge,4
augustus,4
konvention,4
vorsteeht,4
mädde,4
ferrma,4
koohlbüsch,4
schwooch,4
liester,4
duvventr,4
dorper,4
birkejang,4
bedrevve,4
struktur,4
ersätze,4
ludwich,4
löse,4
waarel,4
abteilung,4
schwanger,4
weckelditz,4
dunkle,4
klor,4
bal,4
böll,4
schneidermann,4
ziidungsschriiver,4
floß,4
much,4
telefon,4
fongk,4
kulturgeschichte,4
fletcher,4
telekommunikation,4
velleisch,4
volkstrauertag,4
literat,4
dernoh,4
type,4
dreides,4
helene,4
vizepräsident,4
vottloufe,4
hm,4
övverjoov,4
ongernomm,4
bundesdach,4
deckkopp,4
jemoeld,4
veul,4
jekalld,4
wöad,4
rejjohn,4
shtökker,4
vadder,4
beese,4
miehßte,4
führer,4
herodes,4
beloore,4
neujohr,4
jodd,4
jeschäft,4
aavhalde,4
ruuerjebeet,4
wunnsetz,4
warel,4
veerd,4
erklärt,4
wäähle,4
südpol,4
heeld,4
iiwich,4
wonnig,4
jevängnes,4
droje,4
bagration,4
tiflis,4
spanien,4
ennfloß,4
letsche,4
kösche,4
hawaii,4
kandidatur,4
columbia,4
ußbeldung,4
nju,4
demokrat,4
affäre,4
jönt,4
laate,4
ännderonge,4
are,4
landesverbannd,4
article,4
coastal,4
state,4
this,4
latin,4
plural,4
can,4
solo,4
präsidenteamt,4
vortreent,4
holde,4
gaßprom,4
scheck,4
eruss,4
väälde,4
sträng,4
akzepteerd,4
akzepteere,4
vängere,4
düwelsbroade,4
krië,4
vürlaach,4
ulla,4
piples,4
parti,4
raumscheff,4
vlooch,4
montenejro,4
jeeße,4
prääje,4
düütschland,4
sällver,4
geiht,4
drare,4
bierfrangke,4
morde,4
leroy,4
römėsche,4
krėßtoß,4
dohmohlijje,4
ccaa,4
walld,4
treent,4
besatz,4
kënne,4
münsche,4
mohle,4
jropp,4
abba,4
guardian,4
fairbanks,4
united,4
artists,4
jescheede,4
jehange,4
scheedung,4
uuhr,4
kulisse,4
vorboon,4
vereinigung,4
jeföhl,4
spresch,4
gelderland,4
offizjäl,4
nedersaksisch,4
mölm,4
act,4
laot,4
dien,4
liirer,4
jedoo,4
käwela,4
veriehrt,4
luxembursch,4
ussjestorve,4
relijiüse,4
monjole,4
lamas,4
bezeechne,4
palast,4
jeroone,4
meld,4
zohjelohße,4
guinea,4
guard,4
antonow,4
gajewniki,4
kolonia,4
löößde,4
onö,4
jordanie,4
jasa,4
hebräisch,4
ländere,4
besöndersch,4
tëmpratuur,4
annalüttėsh,4
süßteeme,4
supßtannz,4
patikkelle,4
franzüüsesche,4
vorstänge,4
libanon,4
vashem,4
