word,count
de,53905
la,31826
el,21563
en,20305
del,12507
kon,10825
es,10791
los,9906
ke,6972
al,6186
una,6164
las,5810
se,5577
un,5488
por,4908
sivdad,4483
su,4272
komo,3387
estado,3019
para,2804
enel,2696
vikipedya,2571
endemas,2519
artikolos,2503
grafia,2261
ladina,2182
anyo,2161
mas,2150
fue,1997
eksternos,1914
topa,1859
referensias,1838
lingua,1744
era,1711
no,1648
atamientos,1625
este,1581
meksiko,1543
djudios,1511
belediye,1424
sus,1388
sud,1366
esta,1330
tiene,1328
ver,1259
lokalidades,1245
entre,1193
kapitala,1172
parte,1150
israel,1147
norte,1060
ser,1050
nombre,1043
son,984
grande,970
governo,936
desde,904
kualo,866
sivdades,853
oeste,853
ay,851
lo,845
belediyes,843
san,841
ande,832
anyos,819
territorio,801
estados,781
espanya,772
departamento,753
jeografia,744
ma,723
rejion,722
kuando,717
lugar,702
dela,682
km,681
the,662
paiz,658
kavesera,654
repuvlika,653
ivrit,652
otros,650
uno,645
esnoga,636
sentro,636
payis,636
dos,611
povlasion,611
linguas,610
kuala,610
iva,585
mundo,584
konta,583
unidos,574
moradores,574
oy,573
mar,570
durante,563
djudia,562
of,554
kolinda,552
munchos,551
avitantes,524
gerra,519
istorya,511
djudeo,508
ansina,503
eya,498
evropa,498
que,493
dempues,493
komunita,492
tambien,485
otras,479
vilayet,464
espanyol,460
administrasion,457
mueva,456
nord,441
con,440
biervo,440
emportante,438
yamado,435
universita,432
fransia,431
primera,422
má,420
kultura,420
amerika,420
arabo,419
fueron,414
más,409
djudio,403
orijin,401
anke,398
yamada,393
le,389
kapital,389
famiya,385
yerushalayim,384
diskues,383
asta,368
yisrael,363
mayor,361
todo,358
ala,355
istoria,349
sin,348
afrika,346
izo,346
aze,343
todos,341
eran,340
chile,338
turkiya,337
grandes,335
oseano,335
etimolojia,334
payises,334
provinsia,329
vida,327
esto,327
in,324
tres,320
espanyola,320
unos,320
gran,318
munchas,317
superfisie,315
zon,314
muevo,312
primer,311
santa,311
basho,309
mujeres,305
personas,304
puede,301
dio,301
ensima,298
suya,294
brasil,293
ya,292
almania,288
komunitas,287
hue,287
alkunos,284
relijion,282
antes,282
enlasos,280
muy,279
kaji,278
forma,277
premio,275
kualos,272
paez,271
orijen,270
eyos,264
varias,263
aki,260
estos,259
venezuela,259
konosida,259
rio,259
union,259
endiya,258
reyno,257
si,253
web,253
and,250
djudias,249
kada,248
konosido,247
rejiones,246
emportantes,246
portugal,246
demografia,246
tienen,245
italia,244
partito,244
djudaismo,243
paizes,241
milyones,239
arjentina,239
edad,238
imperio,236
vilayetes,235
komunidad,232
puevlo,230
shefe,230
syéklo,229
antika,229
marroko,229
inglez,227
klima,227
madrid,227
tierra,226
kontro,225
azer,224
fina,223
sobre,222
kazal,222
anyada,220
primeros,220
aresivio,219
sinyifika,219
turizmo,219
eskola,218
ainda,218
frontiera,218
vez,217
ha,217
kastilyano,215
buto,214
york,214
ivan,214
rusia,214
sigunda,213
tiempo,211
alto,211
afilu,210
padre,209
asigun,206
como,205
egzisten,205
kolombia,205
distrito,205
empesijo,204
kaza,204
serka,203
oryente,203
va,202
otro,201
espesialmente,201
guatemala,200
santiago,200
estatos,198
ben,198
kina,197
sentrala,197
tener,196
estan,194
estas,194
alkunas,194
isbn,194
leon,194
uzado,193
ovras,193
hidalgo,193
deke,191
ofisial,190
isola,190
da,189
fragua,189
solo,187
ebrea,186
mujer,186
ebreo,185
kalifornia,185
toda,184
arte,184
antiko,184
agua,183
delos,183
musika,183
sieklo,182
livro,181
rey,181
tel,181
otonoma,181
pueden,180
otra,180
mismo,180
aviv,180
todas,178
ermanas,178
filmo,176
departamentos,176
lavoro,174
beira,174
politika,173
unitos,173
ekonomia,173
pasifiko,173
topan,172
madre,172
oro,172
izla,172
modre,171
david,171
independensia,170
medio,169
fransez,168
también,168
evropea,168
espanyoles,167
asya,167
presidente,167
uzo,166
kulturala,165
deriva,165
ofisiala,165
internasional,164
haham,164
diya,164
idish,163
kontinente,163
tora,163
lugares,162
partido,162
muncho,161
diferentes,161
azia,161
kualas,160
antonses,160
fondada,160
yisraeli,160
kanada,160
basha,160
marso,159
río,159
arjelia,158
esnogas,158
organizasion,157
sefardi,157
rumania,157
egziste,156
estudio,156
muzika,156
dize,156
sede,156
djurnal,156
oja,156
muzeyo,156
anyadas,155
onde,154
endagora,153
grupo,153
nasio,153
asia,152
nasido,152
nahuatl,151
dentro,150
mondiala,150
erensia,150
livros,149
isolas,149
sovre,148
palavras,148
viya,148
vezes,147
menos,147
komersio,146
biografiya,146
mayo,146
estambol,146
ministro,146
fin,145
mitolojiya,145
unido,145
varios,144
paz,144
kontrolo,144
zona,143
india,143
avril,143
endia,143
tanto,142
akodros,141
ayroporto,141
grafias,140
biervos,140
xix,140
aktual,140
polonia,140
tuvo,139
oksidente,138
katro,138
atlantiko,138
rejión,138
kastiya,138
partajado,138
grupos,137
sefaradim,136
peru,136
endemás,136
juan,136
máale,136
literatura,135
poko,135
ijo,135
puebla,135
ii,134
eskritores,134
nunka,133
paris,133
puerto,133
politiko,133
syeklo,132
panama,132
unas,131
xx,131
avlada,131
medalya,131
beleyide,131
epoka,130
politikos,130
majorita,129
ladino,129
sefaradi,129
bulgaria,129
juárez,129
está,128
playstation,128
arkitektura,127
dar,127
lashon,127
diyas,127
an,126
josé,126
prestor,126
pero,125
sistema,125
estudios,125
luis,125
edukasion,125
ayudo,125
latina,124
metros,124
nasional,124
abitantes,124
pedro,124
alefbet,123
djuegos,123
morelos,123
espor,122
oryentala,122
metropolitana,122
djente,122
oksidental,121
sinema,121
persona,120
gresia,120
sido,120
muerte,120
verso,120
dempués,120
uzada,120
siendo,120
alta,120
kanal,120
frontieras,120
ansi,119
avla,119
signifika,119
izlas,119
djulio,118
instituto,118
peninsola,118
shabat,118
new,118
oksidentala,118
amijor,117
numero,117
movimento,117
armada,117
diritos,117
meksikana,116
nasionala,116
poder,115
umanos,115
ombres,115
puevlos,115
sólu,115
noroeste,115
echo,114
olam,114
popular,114
endjunto,114
moshe,114
pajina,114
les,113
ley,113
jeneralmente,113
prinsipal,113
kosta,113
yama,112
maroko,112
tunesia,112
francisco,112
prinsipalmente,111
radio,111
baza,111
hahamim,111
linea,111
ayifto,110
onor,110
betahayim,110
jenero,109
primero,109
romano,109
eskrito,109
relijioza,109
salvador,109
festival,109
amerikano,109
nasida,109
araba,109
kazas,109
chiko,109
tequixquiac,109
palavra,108
djunio,108
kaleja,108
bet,108
azen,107
akeyos,107
izmir,107
ovra,107
uza,106
aktualmente,106
jeneral,106
islam,106
industria,106
chika,106
kal,106
rabino,106
komparte,106
buenos,105
sensias,105
me,105
arabos,105
honduras,105
roma,104
bosnia,104
teatro,104
golfo,104
afinkaron,104
algunos,103
proviene,103
bivir,103
ijos,103
prezidente,103
paraguay,103
karriera,103
aglutinasion,103
meldar,102
izieron,102
diskués,102
ija,102
yego,102
territoriala,102
metro,102
fraguas,102
olimpikos,102
villa,102
kariera,102
maz,101
mientres,101
ruso,101
aguascalientes,101
andaluziya,101
futbol,101
internet,100
traverso,100
tenia,100
jewish,100
sitio,100
sinyor,99
oktobre,99
priméra,99
granada,99
kazales,99
sudeste,99
ekip,99
sensia,98
punto,98
italiano,98
ken,98
fevrero,98
yegó,98
referensia,98
ubikada,98
biven,98
azerbaidjan,98
rav,98
afilú,98
agora,97
mi,97
avlantes,97
eskolas,97
madjaristan,97
primér,97
guerrero,97
toluca,97
siempre,96
lista,96
periodo,96
programa,96
sefaradis,96
parlamento,96
evropeo,96
serralada,96
ese,95
yamados,95
entreprisa,95
empiesó,95
total,95
ekvador,95
kastilyana,95
campeche,95
dia,94
ekonomiya,94
kolor,94
noviembre,94
turko,94
ez,94
ogusto,94
van,93
for,93
prima,93
tyene,93
muncha,93
com,93
antikos,92
disho,92
antikas,92
akódro,92
barselona,92
sinko,91
leyes,91
partes,91
paso,91
ombre,91
viene,91
pueder,91
rika,91
area,91
asegun,91
govierno,91
ajuntamiento,91
echa,90
ambezo,90
kuzina,90
ofisialmente,90
mondial,90
kantikas,90
manera,89
santo,89
eskritos,89
tradision,89
bolivia,89
distritos,89
apartajado,89
turkana,89
disiembre,88
enla,88
yegaron,88
famiyas,88
portugez,88
on,88
titolo,88
nikaragua,88
tinía,88
querétaro,88
zumpango,88
prinsipales,87
unesco,87
nasiones,87
turkia,87
kamino,87
sur,87
kapitalas,87
delas,87
muevas,87
trenos,87
minima,87
vino,87
fraguada,87
hasta,86
nasió,86
real,86
kinezo,86
katalunya,86
wilaya,86
treno,86
alman,85
animales,85
han,85
lado,85
fransesa,85
unika,85
frágua,85
michoacán,85
komun,84
media,84
luz,84
orden,84
estar,84
tyempo,84
enfluensia,84
djenero,84
maría,84
potosí,84
konsiderado,83
grup,83
kantika,83
desvelopamiento,82
eskrita,82
donde,82
temperatura,82
publikado,82
mediterraneo,82
eskritor,82
internasionala,82
tyerra,82
iran,82
uruguay,82
nivel,81
grego,81
frente,81
misma,81
uzan,81
artes,81
sol,81
sigundo,81
ayi,81
porto,81
tierras,81
aek,81
lokalidad,81
guanajuato,81
siglo,80
otomano,80
iglesia,80
murio,80
sefardis,80
mil,80
jerusalem,80
territorios,80
noreste,80
knesset,80
meksikanos,80
evropeos,80
sigientes,79
padres,79
avlan,79
sarajevo,79
monte,79
shanghai,79
italiana,79
eskapo,79
emportansia,78
sentral,78
modelo,78
plata,78
vieja,78
déke,78
serie,77
turkano,77
ni,77
kolonia,77
sudoeste,77
karibe,77
sovyetika,77
kampo,76
tambyen,76
ekstension,76
kreye,76
chikas,76
estava,76
iberika,76
musulmanos,76
istoriko,76
bashos,76
nombres,76
asentamientos,76
ankontra,76
ve,76
entidad,76
jurnales,76
bien,75
konose,75
ekonomika,75
ar,75
fondado,75
veracruz,75
talmud,75
aviya,75
ursus,75
chiapas,75
kual,74
direktor,74
suisa,74
alkunya,74
zionismo,74
kordova,74
amerikana,73
kipre,73
prinsipala,73
sahara,73
montanyas,73
amostra,73
shefes,73
sony,73
kedo,72
final,72
einstein,72
moderna,72
akodro,72
avlado,72
elevos,72
onra,72
orijinalmente,72
endjuntamente,72
espasio,71
konosidos,71
tras,71
katolika,71
militar,71
kilisia,71
estil,71
dechidio,71
yukatan,71
kantidad,70
teksto,70
inglesa,70
entereso,70
espozo,70
aziendo,70
komunidades,70
londra,70
aktrisa,70
red,70
yisraelis,70
irak,70
galizia,70
hueron,70
ermanada,70
herzl,70
haifa,70
monterrey,70
ama,69
momento,69
reyes,69
shalom,69
to,69
meksikano,69
jalisco,69
enerjiya,68
xvi,68
et,68
templo,68
segunda,68
romanos,68
servisio,68
filmos,68
yosef,68
tanah,68
republika,68
plasa,68
fakto,68
portugeza,68
data,68
karne,68
ubikado,68
orijinaria,68
kriar,67
eyas,67
versiyon,67
kampos,67
premios,67
uzando,67
vaye,67
keda,67
idioma,67
moderno,67
troko,67
lashones,67
selanik,67
franseza,67
relijiozos,67
konsejo,67
palestina,67
dias,67
provinsias,67
quintana,67
kale,66
formas,66
informasion,66
kulturas,66
aktividad,66
publiko,66
asamblea,66
nasidos,66
ukraina,66
kantadera,66
denantes,66
universidad,66
maxima,66
aguas,66
roo,66
modo,65
eskritura,65
televizyón,65
pan,65
te,65
relijiozo,65
israeli,65
beljika,65
mérida,65
sentros,65
kolorado,65
guadalupe,65
zacatecas,65
prinsipio,64
soldados,64
universitas,64
serbia,64
eleksiones,64
japon,64
serro,64
oaxaca,64
kavesa,63
konsiderada,63
kuenta,63
jeografiya,63
resto,63
kontra,63
konkista,63
djeneral,63
muevos,63
otoridad,63
valle,63
defensa,63
miguel,63
lavorar,62
partir,62
tipo,62
armenia,62
ashkenazi,62
haketia,62
tresera,62
yehuda,62
vietnam,62
loz,62
konforma,62
provensiya,62
kalejas,62
cortés,62
uniko,61
agrikultura,61
revolusion,61
akademia,61
adá,61
flora,61
kalendario,61
dirito,61
palasio,61
makedonia,61
sosyete,61
trénos,61
apartiene,61
superfisia,61
uzar,60
vale,60
unidas,60
importante,60
hay,60
sea,60
enshemplo,60
latin,60
paezes,60
servisios,60
semana,60
koordenadas,60
azta,60
bive,60
fondasion,59
teknolojiya,59
estruktura,59
gurion,59
sitizenos,59
sivdadanos,59
korea,59
kima,59
or,59
aeropuerto,59
echos,59
trokado,59
ostria,59
federal,59
libanon,59
méxico,59
yeshiva,59
tlaxcala,59
aya,58
muestra,58
yamar,58
despues,58
movimiento,58
fe,58
maya,58
oriente,58
primeras,58
bronse,58
apoyo,58
dospues,58
romansas,58
estato,58
surya,58
ostralya,58
transporte,58
ciudad,58
ermanadas,58
servis,58
fisika,57
sino,57
diversidad,57
algunas,57
santos,57
zonas,57
revista,57
kriado,57
reino,57
mayores,57
shukur,57
kartago,57
oferta,57
franses,57
maale,57
pasajeros,57
konformado,57
atako,57
durango,57
jente,56
nobel,56
letras,56
kavzo,56
linguistika,56
university,56
dado,56
banda,56
fondo,56
entrada,56
aktuala,56
eskrivio,56
tu,56
animal,56
djuzgo,56
etiopia,56
latitud,56
resivió,56
konsesho,56
lineas,56
aperturada,56
demokratika,56
entreprisas,56
empeso,56
masa,55
elementos,55
vapor,55
restos,55
sitios,55
konsidera,55
zionista,55
katolikos,55
trokar,55
tetuan,55
rios,55
sietembre,55
nasyonal,55
cruz,55
aragon,55
septiembre,55
by,55
huersas,55
mansevos,55
bivio,55
bahia,55
atakos,55
teoriya,54
embargo,54
espesial,54
sierra,54
relijiones,54
jeografikas,54
chikos,54
kavza,54
emperio,54
ermano,54
konforman,54
piano,54
kantadores,54
palma,54
fraguar,54
kumida,54
diferente,53
dan,53
kultural,53
romana,53
diríto,53
ambezar,53
etimolojiya,53
aparese,53
tradisiones,53
rusa,53
king,53
bazado,53
mancha,53
mediterranea,53
fondador,53
afinkada,53
di,53
hersegovina,53
us,53
partitos,53
kriada,52
gregos,52
solar,52
tan,52
dizir,52
área,52
lengua,52
umanidad,52
segundo,52
publika,52
konosidas,52
aliya,52
nacional,52
buena,52
editor,52
poeta,52
indijenas,52
ankontran,52
parás,52
zaragoza,52
desharon,52
press,52
amortados,52
relasiones,51
historia,51
yegar,51
australia,51
finales,51
mundial,51
britaniko,51
representada,51
desho,51
ed,51
komunikasion,51
dezvelopamiento,51
grégo,51
payizes,51
independiente,51
belize,51
kineza,51
world,51
nifus,51
chihuahua,51
colima,51
gb,51
www,50
plantas,50
manos,50
almanes,50
sefardim,50
senso,50
elejido,50
pueblo,50
munisipalidad,50
katedrala,50
concepción,50
puntos,49
vista,49
tradisional,49
natural,49
altas,49
libertad,49
haim,49
imigrasion,49
mente,49
kristianos,49
autoridad,49
debido,49
ayí,49
abraham,49
ibn,49
aproksimadamente,49
teman,49
konformada,49
kanarias,49
melilla,49
des,49
buro,49
amos,49
eskrivió,49
coro,49
victoria,49
aztekos,49
planeta,48
org,48
medisina,48
miembros,48
sivil,48
munshos,48
yamadas,48
artikolo,48
katalan,48
komersial,48
afamada,48
presensia,48
akademikos,48
baleares,48
meridiano,48
iii,48
entidades,48
djurnales,48
konkorso,48
ps,48
temas,47
relasion,47
juegos,47
uzados,47
mientras,47
konosensia,47
persa,47
yaman,47
sistem,47
menester,47
berlin,47
kristyanos,47
dinguna,47
noche,47
don,47
ekipo,47
alkalde,47
djordania,47
komida,47
ayres,47
asosiasion,47
maghreb,47
sultan,47
minas,47
governador,47
coahuila,47
emigrantes,47
cuautitlán,47
aborijinala,47
tabasco,47
une,46
nuevo,46
igual,46
du,46
negro,46
estaba,46
turkanos,46
biblioteka,46
governa,46
medinat,46
turismo,46
israeliana,46
kaminos,46
ekonomiko,46
altitud,46
govyerno,46
federalas,46
lokal,46
inkisizion,46
diego,46
pokos,46
povlada,46
enverano,46
beit,46
greenwich,46
joseph,46
kupa,46
http,46
krio,46
monumento,46
muestro,45
tiempos,45
porke,45
kien,45
asigún,45
finalmente,45
produktos,45
latino,45
xvii,45
kuba,45
agosto,45
disko,45
vi,45
centro,45
burgos,45
muzeo,45
yisraeliana,45
mes,45
evenementos,45
airlines,45
birobidjan,45
desyerto,45
arabi,45
lisiones,45
co,45
naucalpan,45
umana,44
huersa,44
pertenese,44
alimentos,44
eskritas,44
tadre,44
arkitekto,44
nueva,44
ninyos,44
limita,44
der,44
polítika,44
kol,44
oryental,44
sesh,44
antikamente,44
eskrivir,44
populares,44
orijinala,44
viena,44
at,44
ministerio,44
prinsipalas,44
yisraeliano,44
city,44
international,44
toledo,44
air,44
kula,44
kilometros,44
do,44
afinkamiento,44
antonio,44
keila,44
levi,44
guadalajara,44
arivaron,44
perikolo,44
uvo,44
jews,44
sistemas,43
okupa,43
programas,43
tradisionala,43
aliansa,43
ekspulsion,43
respekto,43
medios,43
siete,43
siudad,43
internasionales,43
año,43
yo,43
hazinura,43
kulturalo,43
andalus,43
inglaterra,43
sara,43
militares,43
djudaizmo,43
bazada,43
caracas,43
longitud,43
fundada,43
kolorada,43
ester,43
trokó,43
olokósto,43
sinaloa,43
tipos,42
mayoria,42
grega,42
mano,42
estasion,42
pasar,42
empesijos,42
tomo,42
buró,42
nazis,42
kante,42
lago,42
umanitad,42
komarka,42
nombrado,42
bar,42
linda,42
beiras,42
eskritora,42
montanya,42
washington,42
prizion,42
tv,42
meir,42
huérsas,42
malinalco,42
naturales,41
futuro,41
modelos,41
idea,41
polítiko,41
sefarad,41
robert,41
luna,41
propio,41
mediante,41
flores,41
almana,41
orijinal,41
aksiones,41
michael,41
diaspora,41
turka,41
portal,41
mora,41
diskografiya,41
peninsula,41
vasko,41
sigir,41
turistas,41
bereberes,41
payiz,41
lisboa,41
siedra,41
blanko,41
tamaulipas,41
evrovizyón,41
oso,41
famine,41
ukraine,41
nayarit,41
consola,41
relasionados,40
aunke,40
importantes,40
kontinentes,40
valor,40
tekstos,40
proseso,40
institusiones,40
sonora,40
reushitá,40
aresivir,40
politikas,40
estuvo,40
arameo,40
xv,40
enriva,40
otomanos,40
yaakov,40
mayorka,40
music,40
meses,40
zion,40
from,40
almán,40
venezia,40
templado,40
fráguas,40
morantes,40
armadas,40
tenian,40
kongreso,40
lider,40
fraguado,40
kedaron,40
shefa,40
bravo,40
style,40
division,39
pesar,39
konsideran,39
trata,39
papel,39
general,39
kolores,39
filosofiya,39
akeyas,39
superior,39
eskultura,39
interior,39
eskapar,39
entrar,39
diferensia,39
djudíos,39
amsterdam,39
istanbul,39
olanda,39
kresio,39
kolonias,39
djurnalista,39
post,39
andorra,39
inverno,39
amerikanos,39
isaac,39
munisipio,39
modérna,39
avia,39
yegan,39
nazi,39
mosku,39
administrativa,39
guerra,39
limitos,39
mizrahi,39
leonardo,39
reushita,39
gano,39
defendido,39
rosh,39
yom,39
mishkita,39
amazonas,39
avraam,39
deklarado,39
karabah,39
livre,39
apaxco,39
ocampo,39
judeo,38
estudia,38
astronomiya,38
forman,38
aparte,38
umano,38
inkluye,38
mandato,38
konsepsion,38
istorika,38
yevado,38
viaje,38
obra,38
ultimos,38
produksion,38
munshas,38
profesor,38
treser,38
syéklos,38
pinyin,38
biblia,38
kolay,38
publikada,38
language,38
tomaron,38
povlasiyon,38
onu,38
website,38
tomar,38
esportes,38
felipe,38
termo,38
kolinas,38
unito,38
topava,38
transporto,38
aborijinalos,38
favna,38
topada,38
arjelina,38
florida,38
alaha,38
ankara,38
miles,38
all,38
kiryat,38
yeshivot,38
seya,37
bibliografiya,37
tal,37
eyo,37
viejo,37
piedra,37
después,37
mayas,37
fuentes,37
uso,37
propia,37
nativos,37
bueno,37
john,37
mitad,37
balkanes,37
ultimo,37
hayim,37
otomana,37
shlomo,37
mallorca,37
national,37
indoevropeas,37
ermana,37
afrikano,37
soberano,37
merkaderes,37
mando,37
nada,37
katoliko,37
albania,37
estonia,37
taiwan,37
sosyeté,37
versión,37
europa,37
muzeyos,37
gan,37
afinkamientos,37
sub,37
soria,37
letra,37
septembre,37
myél,37
bivió,37
rock,37
beta,37
ayroportos,37
arizona,37
komunista,37
lerma,37
kochi,37
biobío,37
otruna,37
versiyones,36
biolojiya,36
influensia,36
konstitusion,36
alrededor,36
problemas,36
klasika,36
fines,36
pueblos,36
xviii,36
amor,36
sólo,36
avlar,36
kabo,36
islamika,36
veses,36
yegando,36
nasion,36
katrena,36
tenía,36
kandidatos,36
anusim,36
estavan,36
libia,36
reforma,36
irlanda,36
kook,36
karakas,36
nasionalo,36
hernando,36
saragosa,36
bereber,36
yegada,36
tgv,36
kondado,36
russo,36
george,36
amikdash,36
komer,36
aerolinea,36
arientro,36
nasyones,36
ministra,36
benito,36
disco,36
arivo,36
nicolás,36
marcos,36
americanus,36
ecatepec,36
mexicali,36
natura,35
pasado,35
diversas,35
fuente,35
dizen,35
relijiosa,35
ortodoksa,35
endjuntos,35
kompanyia,35
ideas,35
vedre,35
aktor,35
afrikana,35
eslovakia,35
lituania,35
nagorno,35
saint,35
kansiones,35
meliya,35
diz,35
dosena,35
seviya,35
alimento,35
topado,35
nordeste,35
sinagoga,35
medina,35
aperturado,35
lagos,35
echas,35
indijena,35
sharas,35
maestro,35
kondados,35
orientala,35
negosios,35
myembros,35
poeziya,35
novembre,35
texas,35
netanyahu,35
background,35
imperia,35
shampiyonato,35
debe,34
prinsipios,34
menor,34
luego,34
valores,34
madera,34
kristianismo,34
kristiana,34
rabinos,34
esa,34
chikez,34
ir,34
lavorava,34
aktivista,34
kurasao,34
gerras,34
konflikto,34
status,34
sosyal,34
partajada,34
filipinas,34
software,34
levy,34
major,34
león,34
muchigua,34
garcía,34
tamazight,34
paul,34
reyna,34
muestros,34
center,34
máales,34
mizrahim,34
tréno,34
ana,34
satelit,34
onores,34
texcoco,34
garza,34
almoloya,34
apresenta,33
base,33
egzempio,33
kuatro,33
distintas,33
egzemplo,33
mejor,33
mal,33
puerpo,33
kasablanka,33
proyekto,33
musulmana,33
eretz,33
ocho,33
troka,33
mez,33
sofia,33
diksionario,33
línea,33
poetas,33
kazakistan,33
datos,33
están,33
arrivaron,33
laz,33
dezvelopó,33
leche,33
inyeve,33
navarra,33
blanka,33
moneda,33
mayorita,33
primavera,33
lima,33
parko,33
relijiozas,33
marzo,33
paulo,33
ortodokso,33
paras,33
pishín,33
atlas,33
são,33
eyal,33
ali,33
olim,33
antisemitizmo,33
muchiguamiento,33
carmen,33
kamareta,33
prodjekto,33
maduro,33
shampionato,33
ashram,33
español,32
amijorar,32
antigua,32
fuera,32
kompleto,32
permite,32
preta,32
diversos,32
patrimonio,32
dezir,32
literalmente,32
re,32
intereso,32
rosa,32
paresido,32
trokamientos,32
nos,32
kere,32
abasho,32
dokumentos,32
administrativas,32
povlasyon,32
emperador,32
egzistia,32
art,32
antiyas,32
guyana,32
mauritania,32
años,32
urbano,32
ponte,32
sal,32
samuel,32
ingleza,32
arvoles,32
mansevo,32
shabbat,32
evenemento,32
ofizialmente,32
cohen,32
gil,32
edisión,32
akre,32
pxx,32
you,32
alas,32
tula,32
objekto,31
establesida,31
largo,31
ramas,31
akeya,31
identidad,31
distintos,31
frutos,31
además,31
latín,31
tokio,31
teoría,31
atras,31
kontakto,31
katalana,31
salonika,31
jurnal,31
espera,31
kriasion,31
ingles,31
jeorjia,31
sudan,31
suesia,31
así,31
demanda,31
meskla,31
zulia,31
kruz,31
tenerife,31
kristianizmo,31
fiestas,31
yevada,31
fraguamiento,31
maksima,31
ekipos,31
alkuna,31
notas,31
fákto,31
its,31
lansado,31
elekta,31
ice,31
video,31
sosyalista,31
manseva,31
madero,31
pachuca,31
djudezmo,30
ermanos,30
seres,30
aspektos,30
fuerte,30
materiales,30
investigasion,30
yeva,30
privada,30
aktividades,30
referirse,30
mayoría,30
toma,30
día,30
kulto,30
obras,30
kong,30
kuentos,30
italianos,30
fuego,30
pintura,30
tamanyo,30
deshar,30
praga,30
pais,30
salonik,30
internasionalas,30
turkos,30
inkluyen,30
melda,30
mazal,30
deskues,30
am,30
negev,30
rafael,30
españa,30
punta,30
tribus,30
memorial,30
finlandia,30
kroasia,30
kulturales,30
mezes,30
galut,30
repúvlika,30
fiesta,30
anjeles,30
visitar,30
tijuana,30
kulá,30
huelva,30
ekspresion,30
tarde,30
lungo,30
bushka,30
dr,30
bursa,30
eleksiyones,30
tsahal,30
rusos,30
av,30
etr,30
ospital,30
direktora,30
votasiones,30
around,30
sentido,29
teknikas,29
konosimiento,29
kontinuo,29
monumentos,29
époka,29
testamento,29
buen,29
país,29
parese,29
bolos,29
lavoró,29
deshó,29
atatürk,29
reina,29
muerto,29
resientemente,29
polako,29
libya,29
deklarada,29
bruselas,29
moldova,29
oras,29
oktubre,29
infraestruktura,29
britanika,29
dechidió,29
emigraron,29
mesmo,29
suria,29
israeliano,29
kito,29
povlasión,29
dezvelopar,29
pp,29
junta,29
preto,29
carlos,29
dospuez,29
tefilot,29
ko,29
della,29
amariyo,29
sobro,29
aron,29
history,29
maiz,29
hak,29
beisbol,29
armenio,29
blu,29
komplekso,29
daniel,29
aramea,29
hueypoxtla,29
higgins,29
sher,29
ensenada,29
majikos,29
inkluyendo,28
kemika,28
unidad,28
etc,28
karakteres,28
kuyo,28
unión,28
estudiar,28
razones,28
sosial,28
simplemente,28
anterior,28
fotos,28
alma,28
últimos,28
tenido,28
yega,28
kree,28
situada,28
viktoria,28
banka,28
espoza,28
avía,28
die,28
portugezos,28
empesaron,28
arrivada,28
os,28
demokrasia,28
sisilia,28
beirut,28
frontera,28
fraguo,28
montenegro,28
opera,28
eshuérsos,28
fransezos,28
evropeas,28
kudia,28
bretanya,28
akódros,28
dezvelopamyento,28
atizapán,28
sirka,28
febrero,28
myémbro,28
ac,28
estrecho,28
korona,28
luvias,28
il,28
djeneralmente,28
domingo,28
dieron,28
ottomano,28
kipriyota,28
wadi,28
gerais,28
akodesh,28
lunga,28
toronto,28
film,28
nave,28
biviyan,28
diskorso,28
chilena,28
kreaturas,28
pop,28
axel,28
synagogue,28
krió,28
may,28
martín,28
emiten,28
budizmo,28
desen,28
lerdo,28
amrita,28
version,27
neerlandez,27
refiere,27
uzadas,27
matematikas,27
todu,27
tema,27
empresa,27
klasiko,27
ayuda,27
eventos,27
libros,27
kongo,27
kinezos,27
destinos,27
gobierno,27
olandeza,27
seko,27
tuvieron,27
albert,27
konsiderados,27
destino,27
sinyifikasion,27
pesah,27
austria,27
english,27
número,27
ramat,27
huerte,27
maales,27
one,27
herzegovina,27
hong,27
uzbekistan,27
ganado,27
eksploradores,27
último,27
junto,27
kuenka,27
petroleo,27
oficial,27
espesies,27
orijinalo,27
valensia,27
asturias,27
moreno,27
situasion,27
ultramar,27
shara,27
djustisia,27
andrés,27
aser,27
trokamiento,27
galanas,27
ostelera,27
esportivo,27
amortado,27
muntanyas,27
alkavo,27
pasharos,27
díaz,27
parke,27
dubai,27
viyas,27
galata,27
esperanto,27
chicago,27
yeno,27
manuel,27
kondjunto,27
posto,27
kue,27
amortamiento,27
abolto,27
hagim,27
faro,27
komite,27
asientos,27
apresentada,27
tumbas,27
musikala,27
orografia,27
tepotzotlán,27
karibeana,27
delegasion,27
lavoros,26
kompletamente,26
relatividad,26
griego,26
metodos,26
tasa,26
presente,26
rejional,26
él,26
personajes,26
dios,26
ekstremo,26
sige,26
kristo,26
von,26
parís,26
ray,26
propias,26
milano,26
klasa,26
ambezó,26
miembro,26
yamava,26
amostran,26
tene,26
zor,26
prensa,26
puertas,26
direktamente,26
kampanya,26
protestantes,26
muevamente,26
ex,26
galeria,26
letonia,26
zelanda,26
pakistan,26
ue,26
otrunas,26
bivian,26
myémbros,26
diputados,26
edikto,26
personal,26
abril,26
ajenos,26
komuna,26
mundiala,26
esportiva,26
kantaderos,26
planta,26
apartienen,26
liga,26
katreno,26
kozas,26
partajamiento,26
valey,26
eilat,26
destruyida,26
kasher,26
aerolineas,26
votos,26
protektorado,26
tyérra,26
sosyala,26
fox,26
miss,26
roza,26
kampus,26
alexander,26
kanto,26
imej,26
teotihuacán,26
ukrainian,26
cozumel,26
metepec,26
kateggoriya,26
braun,26
peso,25
bastante,25
kuanto,25
pokas,25
kondisiones,25
físika,25
ante,25
sosiedad,25
salud,25
nasimiento,25
familia,25
mos,25
posible,25
karta,25
gramatika,25
resultado,25
judíos,25
autor,25
jacques,25
relijioso,25
partisipar,25
bajo,25
eso,25
karl,25
islamiko,25
estaban,25
invierno,25
altura,25
isla,25
as,25
avlava,25
elevo,25
kitar,25
amostrar,25
alhad,25
merkar,25
ambos,25
vol,25
hebrew,25
serkana,25
gaza,25
avladas,25
dosen,25
redes,25
polis,25
nochada,25
valensiana,25
ut,25
laguna,25
eskudo,25
colonia,25
cristóbal,25
dekreto,25
ora,25
stalin,25
trigo,25
estremadura,25
segovia,25
ase,25
miami,25
povlado,25
naves,25
klub,25
alkaldia,25
maria,25
mira,25
alderedor,25
moran,25
campus,25
ti,25
kanta,25
sangre,25
ashkenazis,25
nasyon,25
biviendo,25
rabenu,25
konsigir,25
kavayo,25
navon,25
castro,25
temporada,25
ochu,25
aerea,25
burós,25
show,25
abu,25
dirita,25
shinkansen,25
murió,25
frutas,25
likud,25
demando,25
mato,25
edirne,25
auschwitz,25
agadá,25
prezidenta,25
diccionario,25
vichada,25
atenco,25
canis,25
haskil,25
prodjektos,24
estreyas,24
altos,24
entonses,24
aktores,24
segun,24
sientifiko,24
suele,24
relijiosos,24
pre,24
jean,24
representa,24
plano,24
munsho,24
prosede,24
kapachitá,24
federala,24
amigos,24
kritikas,24
kompleta,24
estreya,24
desendientes,24
oriental,24
derivado,24
syeklos,24
propios,24
plural,24
lonso,24
torno,24
keilá,24
salir,24
bereshit,24
eslovenia,24
timor,24
banko,24
universala,24
yitzhak,24
toparon,24
ríos,24
venezuelano,24
estradas,24
afrikanos,24
uva,24
malaga,24
endenantes,24
xi,24
kamara,24
grégos,24
xii,24
enlos,24
mediko,24
katenas,24
afamado,24
topo,24
neve,24
balat,24
pasó,24
pishkado,24
american,24
mishkitas,24
lavora,24
itshak,24
terroristas,24
torá,24
merkaz,24
nasyonala,24
modi,24
europe,24
obispado,24
medalyas,24
with,24
album,24
award,24
rakı,24
cuernavaca,24
tlalnepantla,24
izcalli,24
lise,24
ansiklopedia,23
libbera,23
termino,23
objeto,23
he,23
urbanos,23
puesto,23
tradisionalmente,23
período,23
social,23
ultima,23
obtener,23
grados,23
kantando,23
urbana,23
pasando,23
demokratiko,23
amigo,23
fernando,23
ekspulsados,23
im,23
debasho,23
empiese,23
shmuel,23
şalom,23
yevaron,23
puertos,23
kontrol,23
ganar,23
museum,23
afganistan,23
mali,23
informatika,23
sosyalas,23
estatal,23
kalorosa,23
autoridades,23
mohammed,23
sinkena,23
china,23
linyas,23
france,23
pagar,23
dinastiya,23
konekta,23
saharaui,23
destruksiyon,23
peking,23
djurnalistos,23
bukureshti,23
sinyora,23
finados,23
teilim,23
dulse,23
stanbul,23
kuzguncuk,23
galeriya,23
bin,23
akademika,23
atlanta,23
bashas,23
aviones,23
budapest,23
rodes,23
nombrada,23
vinieron,23
espital,23
desinyada,23
lega,23
yamo,23
méksiko,23
iv,23
kibbutz,23
bivían,23
sula,23
kantada,23
lior,23
representante,23
memoria,23
rito,23
prizión,23
minhag,23
pedrio,23
farsi,23
konsertos,23
yivo,23
aresividos,23
otomis,23
boyacá,23
tultitlán,23
colspan,23
nintendo,23
divide,22
mismos,22
progreso,22
serkano,22
universal,22
numeros,22
siglos,22
konsepto,22
prosesos,22
autores,22
arkeolojiya,22
dedikada,22
antiguo,22
palabra,22
administrativo,22
richard,22
tratado,22
pues,22
kuerpo,22
relijiosas,22
problema,22
it,22
trabajo,22
inkluso,22
esos,22
kontrario,22
sine,22
poblasion,22
kalidad,22
espesiala,22
muchiguar,22
times,22
kastiyano,22
ashkenazim,22
avlavan,22
tefila,22
lokales,22
riko,22
ch,22
rashi,22
boz,22
haber,22
vii,22
tenían,22
fortuna,22
komenzo,22
formar,22
julio,22
supremo,22
kristyanismo,22
dinamarka,22
enjunto,22
junio,22
instrumentos,22
venezuelanos,22
maracaibo,22
presidentes,22
tradisionalas,22
aprovechado,22
barcelona,22
toro,22
pirineos,22
indemas,22
privadas,22
selebrasion,22
cerro,22
dezvelopado,22
konektan,22
korte,22
jesús,22
puerta,22
kebek,22
sola,22
yena,22
club,22
sala,22
morelia,22
aktualos,22
ofisialas,22
montreal,22
frankfurt,22
vapores,22
dyo,22
gales,22
jacob,22
lavorando,22
kippur,22
vistidos,22
danza,22
aperturo,22
tódu,22
organisasion,22
tinia,22
unitas,22
lavorantes,22
tanjer,22
dov,22
reynado,22
internasyonal,22
tunis,22
ruta,22
alaska,22
clara,22
association,22
gracia,22
fyesta,22
modérno,22
varsovia,22
apresentado,22
fondó,22
company,22
ofek,22
esportistas,22
empiesaron,22
seksiyon,22
helen,22
tradisiyon,22
produktor,22
london,22
avinu,22
prezidentes,22
finala,22
antartika,22
humido,22
lesensia,22
rivera,22
carbón,22
tapachula,22
reglas,21
milyon,21
konjunto,21
realidad,21
analisis,21
unidades,21
relasiona,21
estudian,21
través,21
instrumento,21
industrial,21
fuerza,21
ek,21
ido,21
disenyo,21
versiones,21
razas,21
kualunke,21
muertos,21
maestros,21
yevar,21
apertura,21
magazin,21
eskojido,21
akel,21
dando,21
distansia,21
is,21
arrondjados,21
saba,21
trokaron,21
non,21
time,21
ets,21
ayegaron,21
sinkeno,21
sekular,21
esperansa,21
alberto,21
encyclopedia,21
dinero,21
entro,21
kayo,21
bahrein,21
virtual,21
arabia,21
indonesia,21
kosovo,21
nilo,21
enkuentra,21
klase,21
merkado,21
publikas,21
seguridad,21
bevida,21
respektivamente,21
ronda,21
direkto,21
rekonosido,21
seuta,21
jibraltar,21
málaga,21
cárdenas,21
diverso,21
vayadolid,21
korunya,21
espanyolas,21
lópez,21
enrique,21
maále,21
filosofo,21
kulturalas,21
estranieros,21
ekonomikas,21
motor,21
charles,21
simbolo,21
doseno,21
alkunyas,21
baku,21
mavi,21
aktualo,21
obtuvo,21
mentado,21
rodríguez,21
prefektura,21
klimas,21
residentes,21
syete,21
korason,21
arabas,21
reflanes,21
sefer,21
salta,21
indiko,21
fraguamyénto,21
proves,21
harvard,21
zarzavates,21
deklaró,21
kantadero,21
janeiro,21
catarina,21
grand,21
altesa,21
tuareg,21
fuyeron,21
bizantino,21
bir,21
via,21
ta,21
terrorizmo,21
komité,21
bagdad,21
distancia,21
purim,21
mordehai,21
komedia,21
konsulado,21
espesias,21
novela,21
vijita,21
bey,21
holon,21
afamadas,21
institute,21
dezvelopamyénto,21
neo,21
xxi,21
saban,21
enjenieriya,21
protestas,21
grosso,21
teotlalpan,21
coyoacán,21
tenochtitlan,21
atotonilco,21
chumbero,21
catalana,21
uygur,21
baz,21
televizyon,21
ixtapan,21
tenango,21
desiembre,21
latrans,21
desarroyo,20
asuntos,20
humanos,20
ambas,20
areas,20
terrestres,20
resivir,20
relasionada,20
ejipto,20
dividido,20
diferensias,20
istorikas,20
koza,20
hoy,20
human,20
grado,20
material,20
dominio,20
egzistensia,20
kuales,20
yevo,20
martin,20
verano,20
demas,20
habitantes,20
topar,20
topavan,20
kuantos,20
pudo,20
bivieron,20
romansa,20
akademiko,20
verbos,20
er,20
istoryas,20
rita,20
aparesio,20
sephardic,20
report,20
piko,20
okupada,20
indíjenas,20
koleksion,20
kanon,20
menores,20
yisraelianos,20
deklarasion,20
buros,20
kolonos,20
ginea,20
liechtenstein,20
luksemburgo,20
monako,20
namibia,20
dansa,20
online,20
konservadores,20
hab,20
mayora,20
aver,20
site,20
israelianos,20
eskosia,20
petersburgo,20
pasa,20
katedral,20
titolos,20
sinyifikado,20
estanbol,20
aires,20
yeshu,20
muntanya,20
primo,20
komunistas,20
morada,20
kopa,20
den,20
ojas,20
tyerras,20
gregoriano,20
shemot,20
trokada,20
cheka,20
organizasiones,20
kulturalos,20
paresida,20
amostro,20
papú,20
asentamiento,20
ak,20
kompanyias,20
haredi,20
fraguaron,20
kitado,20
edukasiyon,20
central,20
muchiguan,20
kriaron,20
diziembre,20
ideolojiya,20
partisipo,20
djerba,20
youtube,20
eksplorador,20
tomó,20
arifujiados,20
butikas,20
tornar,20
enrejistro,20
gréga,20
diskos,20
kantar,20
komentarios,20
apresentar,20
great,20
satelits,20
curiel,20
madjar,20
lanzamiento,20
bulgara,20
sitizena,20
women,20
libbero,20
montevideo,20
gueso,20
mateo,20
cl,20
azteko,20
desenes,20
loreto,20
fabela,20
tuxtla,20
jagan,20
reushito,20
tianguistenco,20
giorgi,20
venidos,19
ayudar,19
marina,19
objektos,19
antropolojiya,19
tales,19
medida,19
komienza,19
anteriores,19
pensamiento,19
ruinas,19
purke,19
komunes,19
batalya,19
global,19
aparesen,19
idiomas,19
research,19
arkitektos,19
totalmente,19
television,19
james,19
azteka,19
fonksiona,19
salida,19
arthur,19
penserios,19
aktivitas,19
pekenya,19
energía,19
estadounidense,19
anti,19
konoser,19
enlases,19
halis,19
na,19
eskrive,19
pertenesen,19
paredes,19
islas,19
fondar,19
bienes,19
salio,19
establesido,19
ameleh,19
kristyana,19
capital,19
man,19
singapur,19
tadjikistan,19
trokos,19
konservador,19
fruta,19
mares,19
ad,19
relasionado,19
kordiyera,19
región,19
principal,19
elevado,19
mamiferos,19
izabela,19
konvertirse,19
feria,19
tumba,19
ze,19
lyon,19
imigrantes,19
kilisias,19
muzeos,19
yafo,19
avlados,19
penínsola,19
estratejiko,19
templos,19
planadas,19
muchiguo,19
tenis,19
romero,19
djudeoespanyol,19
verbo,19
eksteriores,19
konkistadores,19
kedan,19
rejionala,19
kandidato,19
arvole,19
fundado,19
virreynato,19
cundinamarca,19
britanikos,19
mashiah,19
mendoza,19
planada,19
potensias,19
cervantes,19
ariéntro,19
azno,19
sosyales,19
school,19
pl,19
afinko,19
dedikado,19
din,19
andjak,19
sonete,19
empiegados,19
haredim,19
tresladado,19
bazas,19
sekretario,19
konformar,19
midio,19
bulgaros,19
lideres,19
djudo,19
servicio,19
plaza,19
simplifikado,19
kurto,19
benjamin,19
avraham,19
limon,19
zvi,19
ariel,19
usuarios,19
ovadia,19
arenas,19
gemara,19
sekulares,19
komunitá,19
mozart,19
cd,19
kostumbras,19
porko,19
asukar,19
israelianas,19
indiano,19
mondo,19
opuntia,19
kolombiano,19
operaciones,19
kanadiano,19
haberes,19
atlacomulco,19
junior,19
algarve,19
comayagua,19
komersiales,18
objektivo,18
dvd,18
según,18
simple,18
ojo,18
usa,18
atmosfera,18
kalor,18
nuklear,18
estadístika,18
derivada,18
modernos,18
siguientes,18
división,18
jenerala,18
ambiente,18
kualkier,18
magazine,18
espiritual,18
grasias,18
karakterístikas,18
oseania,18
signifikado,18
datan,18
andaluz,18
direktores,18
estadounidenses,18
estilo,18
etapa,18
espesiales,18
sitizeno,18
kavzó,18
permanente,18
rejima,18
polítikas,18
solamente,18
mizmo,18
armas,18
manhattan,18
kudio,18
viii,18
bulgaro,18
magreb,18
egzepto,18
diez,18
duro,18
poemas,18
posteriormente,18
libro,18
praktika,18
tropas,18
defender,18
kopias,18
prinsipado,18
sisdjordania,18
akseso,18
ministros,18
dividida,18
angola,18
malasia,18
marino,18
prinsipe,18
vatikano,18
rekursos,18
koste,18
dicha,18
enjenyeriya,18
tropikal,18
kansion,18
población,18
djunto,18
iberia,18
raiz,18
syklo,18
palmas,18
gayego,18
jose,18
columbia,18
nivelo,18
muerta,18
kilómetros,18
viajes,18
elejida,18
pardo,18
ángel,18
internasionalo,18
lavorista,18
sigintes,18
separada,18
museo,18
muchos,18
cambridge,18
aresivido,18
gabriel,18
bushkida,18
afinkadas,18
dor,18
monedas,18
napoli,18
tizi,18
arivada,18
meldado,18
huertes,18
sentralo,18
ves,18
aliados,18
védre,18
ayti,18
ayre,18
servir,18
sedaká,18
home,18
rodeado,18
st,18
seul,18
kavé,18
kantador,18
hillel,18
otomobiles,18
bnei,18
ortodoksos,18
ermenis,18
dili,18
blog,18
federasion,18
terminal,18
israelis,18
putin,18
pinos,18
metida,18
arrivo,18
náhuatl,18
naturalo,18
fraguáda,18
marroki,18
ho,18
pista,18
koro,18
polakos,18
benayoun,18
yerushaláyim,18
yenes,18
establesió,18
lutero,18
afrikaans,18
presidenta,18
aktivistas,18
foundation,18
kualker,18
uzualmente,18
mohamed,18
desinyo,18
aktivitades,18
ostro,18
ezra,18
rekodro,18
seda,18
nang,18
egzilio,18
mandela,18
network,18
taxco,18
otomi,18
agustín,18
arctos,18
magdalena,18
łódź,18
kinsenos,18
nyeve,18
huixquilucan,18
raisman,18
karman,18
aleman,17
materia,17
amplio,17
karakteristikas,17
numerosas,17
klasifikasion,17
existe,17
movimentos,17
teknika,17
dimensiones,17
humana,17
babilonia,17
konfliktos,17
kontenido,17
opinion,17
artíkulo,17
kontiene,17
psikolojiya,17
marko,17
kreado,17
news,17
agrikola,17
variado,17
patin,17
sí,17
fes,17
evidensia,17
estableser,17
editorial,17
definision,17
mueve,17
marka,17
yevan,17
pretas,17
kontar,17
fama,17
mis,17
life,17
ka,17
dialektos,17
keria,17
kantes,17
formada,17
vijitar,17
hazan,17
kairo,17
shimon,17
tribu,17
senegal,17
istoriadores,17
kolina,17
salvar,17
razon,17
sinagogas,17
tomando,17
partidos,17
georgia,17
bielorusia,17
eritrea,17
dominikana,17
aire,17
poka,17
bazados,17
meksikanas,17
yamó,17
doz,17
exekutivo,17
munisipios,17
djuzgos,17
afitos,17
inglés,17
produksiyon,17
seis,17
mursia,17
kantabria,17
artistika,17
casa,17
tempo,17
montes,17
marseya,17
atraktivos,17
rede,17
porsentaje,17
tour,17
tripoli,17
louis,17
fonseca,17
entero,17
franko,17
tomado,17
mediterráneo,17
seremonia,17
grups,17
syelo,17
minutos,17
li,17
bu,17
mapa,17
cultura,17
kolonial,17
estadio,17
dingun,17
lorenzo,17
suz,17
viernes,17
amijores,17
mishna,17
soto,17
emigrar,17
suez,17
marmara,17
treséra,17
egzistir,17
reunion,17
yesukristo,17
dólares,17
akademias,17
kantaderas,17
duke,17
rabat,17
zehava,17
hassan,17
tifinagh,17
puederes,17
otopista,17
líder,17
sinai,17
ahuéra,17
ahmed,17
kibris,17
governos,17
helsinki,17
komando,17
egzistian,17
enshemplos,17
maestra,17
resivido,17
krimea,17
uzos,17
ave,17
española,17
normal,17
pendolino,17
adar,17
schleswig,17
pasha,17
orijinalos,17
qū,17
dokumento,17
smith,17
mansevas,17
estudió,17
orkesta,17
shel,17
kg,17
noviembro,17
edisiyon,17
vijitó,17
yevados,17
rabbi,17
djurnalistas,17
ertzel,17
galería,17
east,17
puerko,17
koloniala,17
bárbara,17
papás,17
maga,17
otrunos,17
chico,17
aresiviendo,17
fabra,17
allende,17
tecámac,17
width,17
chalco,17
aroeste,17
cada,16
hoja,16
wikimedia,16
ekonomikamente,16
wikipedia,16
rama,16
mismas,16
deve,16
estadistika,16
konseptos,16
propiedades,16
números,16
espasios,16
akontesimientos,16
permiten,16
nase,16
lenguas,16
sierto,16
komprender,16
aktualidad,16
sosiales,16
motivo,16
partikolar,16
primarias,16
primaria,16
meldan,16
algo,16
libre,16
kreasion,16
griega,16
kriaturas,16
juego,16
unir,16
sagrado,16
kenes,16
orasion,16
doktor,16
theodor,16
nuestra,16
venesia,16
universitaria,16
oksidentales,16
dependiendo,16
majiko,16
personaje,16
tradisionales,16
nasionales,16
konosio,16
levelo,16
resive,16
aksion,16
weizmann,16
be,16
dialekto,16
ethnologue,16
avlo,16
olokosto,16
ella,16
empiesa,16
ermoza,16
aparesieron,16
resiente,16
halevi,16
kedar,16
nasimyento,16
ein,16
pérez,16
forum,16
empresas,16
fondaron,16
kadiz,16
okupado,16
elisa,16
ordeno,16
rutas,16
favor,16
hijos,16
ejersito,16
persia,16
kabala,16
esas,16
sigen,16
ba,16
apariensia,16
eliezer,16
rumano,16
ofrese,16
yeuda,16
deklaro,16
official,16
united,16
so,16
aruba,16
groenlandia,16
amerikanas,16
surinam,16
kostumbres,16
produkto,16
djuderia,16
fraguadas,16
lucha,16
andes,16
voto,16
shef,16
afito,16
kriadas,16
reservas,16
editado,16
república,16
yamavan,16
apartajada,16
tomat,16
rekonosida,16
fyestas,16
página,16
fondadores,16
ángeles,16
oporto,16
envierno,16
fútbol,16
xiii,16
sinken,16
monasterio,16
marco,16
fez,16
antartiko,16
causa,16
argentina,16
nevada,16
inyevadas,16
ofisiales,16
densidad,16
sebastián,16
bank,16
kavo,16
indias,16
massachusetts,16
folklore,16
altoplano,16
nova,16
indo,16
kritika,16
net,16
adelántre,16
delta,16
africa,16
ijas,16
mezuzá,16
prove,16
kome,16
edición,16
misiones,16
nazaret,16
menahem,16
menesteres,16
ermozura,16
bogotá,16
termos,16
arjel,16
belogrado,16
brasilia,16
eliyahu,16
marrakesh,16
golan,16
sami,16
emigrasion,16
centre,16
habad,16
akronimo,16
givat,16
har,16
rabí,16
akseptada,16
organisasiones,16
shemesh,16
montanyosas,16
sembol,16
archive,16
boris,16
esportista,16
semanal,16
viktimas,16
mellah,16
maglev,16
nordoeste,16
alarcón,16
olimpiko,16
aniyo,16
holstein,16
konvertir,16
kresió,16
uzaron,16
sderot,16
metal,16
chi,16
marx,16
musikos,16
haaretz,16
abd,16
braga,16
palestinos,16
kedando,16
modas,16
techo,16
harbin,16
gonzález,16
ortaköy,16
mario,16
direksiyon,16
jorge,16
european,16
profesora,16
studies,16
fermi,16
habér,16
haidar,16
gazeta,16
puedia,16
ca,16
tibet,16
industriala,16
tresladasion,16
camondo,16
prensipalmente,16
ermeni,16
slim,16
danimarka,16
rincón,16
delegasionala,16
acolman,16
espozada,16
suporte,16
felat,16
sabancı,16
sensiolojiya,16
lavoran,15
posivle,15
edision,15
karga,15
pierre,15
traduksion,15
fisiko,15
famosos,15
fenomenos,15
universo,15
relasionadas,15
método,15
término,15
elemento,15
propiedad,15
kreyensias,15
filosofos,15
preistoria,15
entrevistas,15
dezde,15
demografiya,15
figura,15
kasi,15
formado,15
kultivo,15
tiro,15
véase,15
leyenda,15
menudo,15
aedados,15
dioses,15
oral,15
doktrina,15
iglesias,15
komunmente,15
juana,15
roman,15
fonksion,15
días,15
franseses,15
depende,15
utilizado,15
variedades,15
merkader,15
provas,15
kedó,15
eskapando,15
eleva,15
yamaron,15
konsigio,15
buenas,15
olandez,15
sefardí,15
mediados,15
proksimo,15
konvirtio,15
oran,15
per,15
konserva,15
mantiene,15
personales,15
planos,15
tanyer,15
torres,15
bibliografia,15
invasion,15
britanikas,15
ninyo,15
eksepto,15
istorikos,15
pablo,15
menora,15
yisraelí,15
residensia,15
okupasion,15
kotel,15
chekia,15
emiratos,15
guayana,15
islandia,15
island,15
komoras,15
malta,15
mayotte,15
mongolia,15
trinidad,15
ekonómiko,15
parlamentaria,15
eksterior,15
kadena,15
hazinuras,15
plan,15
siklo,15
aresive,15
par,15
gracias,15
aunque,15
relijión,15
arkeolojikos,15
naturala,15
kreyensia,15
universidades,15
musulmano,15
platos,15
huera,15
djogos,15
informasiyon,15
señora,15
hecho,15
enkontra,15
cuatro,15
isidro,15
sektor,15
papa,15
amistad,15
monarkiya,15
konosió,15
iglezia,15
fey,15
konkistada,15
dependiente,15
ilan,15
materna,15
fundación,15
rin,15
empieso,15
elektrika,15
fista,15
kaliente,15
endustria,15
rioja,15
ayinda,15
em,15
eli,15
balkanos,15
fundasion,15
ohio,15
orijines,15
artiko,15
alderredór,15
dvarim,15
bisnes,15
produzir,15
beethoven,15
djuega,15
bizansio,15
türk,15
bosfor,15
indonesya,15
kresimiento,15
viaja,15
shaul,15
aniversario,15
lama,15
tiberias,15
balkan,15
azeri,15
belo,15
horizonte,15
tanyedor,15
violin,15
tefilá,15
sufijo,15
maroki,15
costa,15
arav,15
bodre,15
kashrut,15
musikal,15
amemshala,15
otobus,15
sox,15
express,15
última,15
ltd,15
https,15
qaida,15
organisasyon,15
minoritarias,15
publikados,15
portokal,15
gerreyo,15
mormonismo,15
california,15
hamas,15
disponible,15
merkato,15
minh,15
cuando,15
sharon,15
japón,15
huérsa,15
adentro,15
ram,15
peres,15
tokyo,15
arena,15
blanca,15
hazinos,15
concertos,15
ungario,15
razón,15
penang,15
sonetes,15
french,15
asosiasiyon,15
tinían,15
kudiar,15
baikonur,15
uvas,15
dechidieron,15
kolej,15
rabi,15
gustavo,15
macedonian,15
acapulco,15
avokato,15
diputada,15
kondisyonal,15
prekolombino,15
merkadurias,15
journal,15
papiamento,15
andalusi,15
apresento,15
vicente,15
cauca,15
universidade,15
gómez,15
aculco,15
franzisko,15
calimaya,15
estrada,15
nextlalpan,15
tomás,15
guanacaste,15
anunció,15
firmware,15
djidio,14
vivos,14
objetos,14
onda,14
resultados,14
jeometriya,14
análisis,14
kuya,14
hombre,14
kienes,14
regular,14
establesimiento,14
klasikos,14
nota,14
probablemente,14
tratamiento,14
define,14
rikeza,14
suelo,14
ademas,14
sean,14
independientes,14
vaska,14
mana,14
rol,14
ritos,14
intento,14
pro,14
justo,14
taoizmo,14
tren,14
free,14
fonksiones,14
pareser,14
sivilizasiones,14
europea,14
piedras,14
artistas,14
piel,14
famosa,14
mesa,14
efekto,14
munich,14
azía,14
doktorado,14
fuersa,14
distinta,14
djoven,14
review,14
ambasador,14
ee,14
pasaron,14
konosen,14
skopia,14
ottomana,14
konformando,14
tyempos,14
devido,14
dezvelopo,14
variantes,14
ra,14
sien,14
infinitivos,14
direkta,14
gad,14
sha,14
books,14
sánchez,14
fenisios,14
impuestos,14
flota,14
edisiones,14
aedado,14
muchas,14
ninguna,14
makao,14
nijer,14
yemen,14
estudiantes,14
ayá,14
profesional,14
formato,14
imajen,14
cultural,14
eskojida,14
topados,14
visitantes,14
nasi,14
enerjia,14
similar,14
kontinentala,14
música,14
otonomas,14
hispania,14
fundaron,14
lázaro,14
konsentrasion,14
montanyosa,14
kompostela,14
rif,14
tyenen,14
américa,14
meshiko,14
sayas,14
situado,14
enero,14
patria,14
galia,14
kovren,14
vizinos,14
linya,14
palacio,14
asegún,14
serkanas,14
mendes,14
kara,14
sieklos,14
das,14
mezkita,14
rosario,14
aljama,14
parkos,14
kalifato,14
desvelopo,14
provincia,14
salamanka,14
kapiya,14
siviles,14
basketbol,14
octubre,14
amar,14
anatolia,14
abashan,14
dicho,14
operasion,14
zamora,14
duero,14
poema,14
estimada,14
baska,14
transilvania,14
playas,14
iso,14
simón,14
inglezos,14
boston,14
kria,14
perfekto,14
judios,14
espesialas,14
fiyeles,14
merka,14
espandido,14
prinsipalos,14
estero,14
konsejas,14
territoryo,14
sofiya,14
florensia,14
vinyeron,14
poco,14
kavzos,14
galana,14
males,14
aedada,14
vise,14
kreen,14
kamaretas,14
noches,14
idiyoma,14
myembro,14
kadima,14
aaron,14
djugador,14
morado,14
etnikos,14
saleh,14
boeing,14
volos,14
mahon,14
my,14
elekto,14
gia,14
hevron,14
ida,14
aviasion,14
blue,14
munisipalitad,14
dirijido,14
priméro,14
akabar,14
dokumentalo,14
taipei,14
kresimyento,14
mercado,14
tepic,14
oregon,14
pared,14
ojos,14
akov,14
priméros,14
xuetas,14
tramvay,14
satélite,14
simon,14
protestante,14
rishon,14
chaim,14
ratzeburg,14
society,14
aktrisas,14
doze,14
djabotinsky,14
anne,14
panteras,14
apartheid,14
managua,14
mossad,14
movie,14
entrevista,14
commission,14
book,14
alzeyte,14
saharauis,14
marranos,14
reshet,14
violensia,14
toledano,14
college,14
magayanes,14
gerreyar,14
bevidas,14
espasiala,14
aroncados,14
sint,14
goiás,14
ramba,14
languages,14
cual,14
kitaron,14
yoni,14
konfesó,14
beleyides,14
kaktos,14
giudeo,14
avokatos,14
bernardo,14
hachuel,14
apartenia,14
arica,14
krav,14
comics,14
oh,14
cancún,14
coatepec,14
amecameca,14
apodaca,14
chiautla,14
tonanitla,14
melchor,14
shampiyonatos,14
veraguas,14
papalotla,14
piminton,14
actualización,14
eskrima,14
akra,14
topuz,14
kodrela,14
için,14
aktuales,13
movimientos,13
teniyan,13
aspekto,13
mekanika,13
evolusion,13
arriva,13
formasion,13
produse,13
bandiera,13
teoriyas,13
klaro,13
matemátikas,13
sierta,13
públika,13
definisiones,13
dada,13
kosas,13
teolojiya,13
ultimas,13
sirve,13
entender,13
anual,13
istórika,13
mapas,13
sabe,13
potensia,13
alderredor,13
arroz,13
edifisios,13
frekuente,13
edifisio,13
mitos,13
favlar,13
arabe,13
eterna,13
sekreto,13
sigiente,13
interes,13
aboltar,13
azul,13
artista,13
kumplir,13
sivilizasion,13
destakan,13
venir,13
roka,13
sera,13
praktikados,13
masedonia,13
vedrad,13
ekonomikos,13
pasaporto,13
empiegado,13
levelos,13
publikasion,13
siensias,13
paíz,13
djudía,13
establesio,13
uu,13
diziendo,13
rekonosidos,13
aresentaron,13
evidensias,13
yugoslavia,13
moravan,13
spanish,13
krear,13
diaria,13
kreyen,13
onze,13
ortografiya,13
ajenas,13
semanas,13
periodiko,13
aragonez,13
salomon,13
había,13
istmo,13
senado,13
diario,13
kostas,13
sirakusa,13
alianza,13
dominasion,13
rapidamente,13
mediná,13
suroeste,13
sovietika,13
ekstiende,13
modern,13
chad,13
norvejia,13
oseanografíya,13
partisipasion,13
puedan,13
finansiero,13
danyo,13
inkluir,13
poblasión,13
músika,13
japonezo,13
yanos,13
apresentan,13
mucho,13
elena,13
guesos,13
vedradera,13
afinkado,13
gitara,13
toradas,13
konstruyida,13
komprende,13
mariano,13
diciembre,13
turistiko,13
kortes,13
esportivos,13
internasionalos,13
cabo,13
barrio,13
asunción,13
az,13
shuadit,13
netanya,13
moldavia,13
turistos,13
komersiala,13
djudyos,13
egzistió,13
apresentadora,13
honoris,13
thomas,13
kriasiyon,13
ansí,13
komarkas,13
kontava,13
karar,13
industrias,13
nativas,13
est,13
institut,13
claude,13
kazamyento,13
murieron,13
bushkar,13
dava,13
pintadores,13
ganador,13
ántes,13
kandelas,13
teknolojiko,13
frio,13
mistura,13
terra,13
koordinadas,13
refrensyas,13
globalas,13
frase,13
solu,13
kreser,13
revolusiyon,13
urss,13
plataforma,13
desyérto,13
project,13
south,13
manadero,13
ambre,13
yitshak,13
facebook,13
álbum,13
ricardo,13
institusion,13
preseptos,13
bach,13
house,13
technion,13
niemeyer,13
paraná,13
persas,13
rebbí,13
solomon,13
proteksiyon,13
ropa,13
vistido,13
korno,13
suditansa,13
derechos,13
konferansa,13
októbre,13
egzistio,13
djugoslavia,13
djenosidio,13
diziembro,13
oblast,13
zionistas,13
dolar,13
produzido,13
apartener,13
kadosh,13
hill,13
utah,13
dirijida,13
desyertos,13
fuertes,13
midrash,13
birkat,13
sheka,13
taanit,13
megilat,13
tallinn,13
dokumental,13
frasas,13
kurdos,13
semi,13
djuego,13
sionista,13
tornó,13
vedradero,13
ev,13
kanales,13
aparesió,13
noble,13
dong,13
friedrich,13
títolo,13
kreemos,13
lezion,13
empuestos,13
chikés,13
patas,13
adjuda,13
adam,13
light,13
dezeyo,13
protesta,13
america,13
judío,13
recife,13
rejionalas,13
armenios,13
database,13
town,13
ynet,13
dushanbe,13
peter,13
plato,13
komunikasiyon,13
papas,13
restorada,13
sementario,13
north,13
revistas,13
siberia,13
brasiliano,13
soldado,13
karnes,13
colón,13
mishná,13
ceo,13
venta,13
karosas,13
enrico,13
tisha,13
iraki,13
buhara,13
neerlandesa,13
vinyedos,13
ambezava,13
estokolma,13
avokata,13
lisionado,13
enjuntamente,13
eden,13
galit,13
tejupilco,13
melamed,13
huehuetoca,13
prensipal,13
bando,13
idrografia,13
agrikolas,13
kolonialo,13
und,13
tibetano,13
altepetl,13
xochimilco,13
chapultepec,13
ignacio,13
gutiérrez,13
polandball,13
copán,13
ades,13
tecate,13
lokalo,13
temoaya,13
zinacantepec,13
rivas,13
tepetl,13
nezahualcóyotl,13
djimnastika,13
obregón,13
puntarenas,13
acheto,13
carole,13
fluret,13
turnuva,13
wilmès,13
ansiklopedya,12
libera,12
kodigo,12
metodo,12
aktivo,12
resientes,12
fuerzas,12
simbolos,12
kambio,12
inisialmente,12
operasiones,12
numerosos,12
relasión,12
alguna,12
ejemplo,12
etapas,12
moral,12
legal,12
umanas,12
sun,12
spinoza,12
terrestre,12
deskrivir,12
eksplikar,12
establese,12
kontinental,12
franzes,12
konosensya,12
ambezamiento,12
intelijensia,12
ix,12
variedad,12
naser,12
espesie,12
arko,12
muros,12
eskrituras,12
judía,12
series,12
korriente,12
kedarse,12
avlando,12
konversion,12
dyas,12
fabrika,12
terror,12
mejores,12
moda,12
traves,12
barro,12
tenemos,12
barroko,12
algun,12
hebreo,12
eskulturas,12
marfil,12
soporte,12
jersey,12
anunsio,12
mansevez,12
akseptado,12
aarau,12
tesis,12
eskala,12
max,12
inisiativa,12
estoria,12
israelí,12
tenga,12
djidios,12
bordeaux,12
tetuani,12
ebreas,12
vokales,12
medieval,12
sh,12
dezveloparon,12
enfluensya,12
partaja,12
definido,12
sigio,12
avian,12
guadrar,12
pronombres,12
kinze,12
desinyado,12
unikos,12
konjugasyón,12
dezvelopada,12
manyana,12
solitreo,12
imprenta,12
levante,12
universitá,12
muryo,12
plovdiv,12
bendicho,12
edition,12
antikita,12
enkontro,12
unida,12
pago,12
patron,12
península,12
sale,12
fondadora,12
indíjena,12
eskojidos,12
hizo,12
emiliano,12
kasa,12
aproksimada,12
entra,12
maksimo,12
yeruşalayim,12
ambasadas,12
estadistikas,12
internasionalmente,12
mezkitas,12
kitada,12
yad,12
library,12
bbc,12
levanon,12
estasiones,12
komputer,12
rekonosimiento,12
presisa,12
plastikas,12
comunidad,12
rei,12
ganó,12
anna,12
bomba,12
bonaire,12
bazadas,12
temperaturas,12
demandas,12
notisias,12
ciudades,12
inmigrantes,12
ateos,12
ejército,12
ancho,12
kontrolada,12
arkipielago,12
bilbao,12
gayega,12
arrivar,12
muzikos,12
eglesia,12
época,12
moro,12
municipal,12
aleste,12
estrasburgo,12
polisia,12
aterrizaje,12
nasieron,12
gush,12
parkes,12
lila,12
fraguamyento,12
toponimo,12
ayuntamiento,12
información,12
badajoz,12
atletismo,12
damask,12
eskriviendo,12
publikó,12
ph,12
william,12
kreyentes,12
podia,12
sa,12
kompuesto,12
santander,12
kaltilyano,12
ulai,12
nasionalas,12
divisado,12
uzu,12
isabel,12
park,12
pinturas,12
salyo,12
alkansar,12
proyektos,12
kriasyon,12
beraha,12
pasuk,12
kidush,12
kateggorías,12
reformista,12
dezvelopados,12
federalo,12
commonwealth,12
deshando,12
ekstranjeros,12
atina,12
asyatiko,12
kresiendo,12
congress,12
sul,12
meter,12
malo,12
marido,12
natal,12
love,12
kortijo,12
lisionadas,12
evitar,12
master,12
power,12
kayro,12
meta,12
inglezes,12
sydney,12
gama,12
miri,12
chriqui,12
amir,12
shabbazi,12
aeroporto,12
marrokis,12
lubavitch,12
djohannesburgo,12
baruh,12
avion,12
ofir,12
vilna,12
haskoy,12
arivar,12
seksiyones,12
organizasiyon,12
partisipa,12
magen,12
cargo,12
rabin,12
miracle,12
kanton,12
kulas,12
konvento,12
industries,12
kompuesta,12
lojistika,12
bratislava,12
hugo,12
morte,12
eskaparon,12
refujiados,12
singular,12
bezalel,12
male,12
call,12
iba,12
alstom,12
lgv,12
avlaron,12
pies,12
externos,12
moros,12
yediot,12
solidaridad,12
imno,12
oud,12
guide,12
navegadores,12
ng,12
sosyetá,12
flor,12
ganando,12
tinian,12
halfon,12
keren,12
elkabetz,12
operar,12
treinta,12
ale,12
novembro,12
valparaíso,12
airbus,12
djovenes,12
internacional,12
translation,12
komen,12
adumim,12
taifas,12
piloto,12
gandhi,12
koleksiyon,12
detalyo,12
navi,12
year,12
mentada,12
meka,12
orijinalas,12
manuskritos,12
mesika,12
lisé,12
egzistensya,12
komandante,12
ruah,12
katar,12
muntaner,12
curaçao,12
archivo,12
versos,12
pe,12
publikadas,12
paizaje,12
judensau,12
standard,12
paradesi,12
parashot,12
suárez,12
tlapanaloya,12
desague,12
atl,12
enlas,12
ganaderia,12
konvidada,12
oposizion,12
zarzavat,12
princhipe,12
shehrazad,12
russa,12
matar,12
mesmamente,12
dalai,12
iztapalapa,12
frida,12
kashgar,12
petén,12
kosmodrom,12
localidades,12
categoría,12
harinas,12
xonacatlán,12
mayana,12
seklo,12
lusho,12
arteaga,12
suzman,12
tezoyuca,12
kanotaj,12
shampionatos,12
acatlán,12
reushitar,12
cuauhtémoc,12
eskakes,12
puerkos,12
rubel,12
wta,12
dddddd,12
cooper,12
solika,12
goffin,12
usb,12
lector,12
ou,11
indika,11
disiplinas,11
astronomos,11
disiplina,11
komparten,11
podemos,11
sosiolojiya,11
kuantika,11
plakas,11
posibilidad,11
alemana,11
matematika,11
denomina,11
veinte,11
antiguas,11
siudades,11
definisión,11
naturaleza,11
kostumbre,11
títulos,11
aserka,11
partikular,11
kristiano,11
saber,11
baruch,11
humano,11
variados,11
modos,11
litoral,11
yegado,11
benadam,11
superiores,11
eskuelas,11
visión,11
momentos,11
mediterránea,11
sirven,11
istorias,11
jenerasion,11
vease,11
sagrados,11
kontinuar,11
edward,11
dainda,11
mantener,11
reserva,11
katolisizmo,11
kantante,11
jazz,11
dolares,11
kuento,11
dejaron,11
falta,11
mineral,11
unen,11
kapa,11
direksion,11
rodas,11
klasas,11
zurich,11
nasionalidad,11
mileva,11
liasiones,11
adolf,11
listas,11
konsekuensa,11
resivio,11
dediko,11
liberal,11
nukleares,11
opiniones,11
karakter,11
group,11
portugezes,11
fenisio,11
siekolo,11
mozotros,11
ferrara,11
eslavas,11
interna,11
okasiones,11
doble,11
detras,11
enfrente,11
mizura,11
yamaba,11
pishin,11
destruksion,11
destaka,11
periodos,11
dictionary,11
martínez,11
kargo,11
esposa,11
alternativa,11
franja,11
ada,11
adelante,11
resistensia,11
konkistado,11
fortaleza,11
protejer,11
definitivamente,11
datas,11
komunikasyon,11
shalem,11
kupola,11
ghana,11
guinea,11
madagaskar,11
zambia,11
definir,11
presion,11
propuesta,11
produksión,11
klásiko,11
enjenyeros,11
produsir,11
disenyos,11
árabe,11
hardware,11
artistiko,11
sevoya,11
gaz,11
munisipalidades,11
uzarse,11
especial,11
toros,11
konejos,11
kordoba,11
semanada,11
mayormente,11
manifiesto,11
alimentasion,11
archivos,11
marrokí,11
boskes,11
vasta,11
aumento,11
encuentra,11
visitados,11
olandezas,11
markas,11
eurostar,11
precio,11
urbanas,11
alfonso,11
avitada,11
altneuland,11
ofreser,11
odessa,11
rouen,11
aktivos,11
euro,11
kolonialas,11
esportivas,11
rekonkista,11
sería,11
djenerala,11
amérika,11
hunter,11
fundador,11
veneti,11
kriador,11
únika,11
anglo,11
reynos,11
plajas,11
caesar,11
imperador,11
povladas,11
aresivieron,11
konkistador,11
kazamiento,11
serraladas,11
nombrar,11
ochena,11
mersi,11
tarragona,11
portas,11
ruiz,11
oasis,11
parrokia,11
tropikalas,11
joan,11
pintador,11
vido,11
aun,11
teniya,11
adoptado,11
tolima,11
indios,11
kitados,11
fransya,11
berahot,11
mitsvot,11
defendidas,11
pyel,11
venidas,11
kolonistas,11
otomobil,11
puededora,11
gameo,11
msnm,11
pretos,11
alkansa,11
boka,11
arina,11
dinastia,11
britániko,11
muhammad,11
monoteizmo,11
arrogamiento,11
libero,11
bisnesman,11
vidas,11
hall,11
almería,11
polo,11
kripto,11
old,11
kooperasion,11
nikosiya,11
oscar,11
prensipales,11
heritage,11
saudi,11
tornaron,11
kulás,11
pisos,11
çanakkale,11
espasial,11
karataş,11
izrael,11
turkanas,11
ambasada,11
aruh,11
komentario,11
aksepto,11
nam,11
gréko,11
tinido,11
abasha,11
sentralas,11
entrega,11
ehud,11
curitiba,11
cia,11
gerreros,11
empieses,11
mineria,11
novelas,11
albuquerque,11
talavera,11
dulses,11
minsk,11
primeramente,11
ensayo,11
posta,11
ansestros,11
nómadas,11
bay,11
kimas,11
luisiana,11
big,11
mount,11
koreano,11
salvaron,11
aperturó,11
xauen,11
benoliel,11
kurdistan,11
belarus,11
empesar,11
vita,11
kumer,11
arutz,11
dante,11
unió,11
komunistos,11
finansas,11
souk,11
hoi,11
amostrado,11
avtoridad,11
silesia,11
canción,11
hanukka,11
sienes,11
muzikal,11
esther,11
shará,11
zero,11
maoz,11
mizrahis,11
firmado,11
logo,11
eric,11
ontario,11
pertenesio,11
eksterminio,11
holocaust,11
japoneza,11
bushkan,11
tegucigalpa,11
terremoto,11
salma,11
guevos,11
satmar,11
danyos,11
lonjitud,11
set,11
elias,11
bahía,11
venezuelana,11
editoriala,11
yiddish,11
delhi,11
uk,11
flory,11
janet,11
apresentó,11
chilenos,11
mitsva,11
annan,11
naciones,11
égzito,11
bloko,11
yevó,11
fuese,11
editore,11
pirámides,11
lejion,11
trafik,11
achetó,11
metidos,11
lleonard,11
els,11
artículo,11
buhori,11
konstantinopoli,11
azían,11
pernambuco,11
produktora,11
oświęcim,11
sakro,11
lisionados,11
korajoza,11
otoridades,11
poloneza,11
prens,11
villanueva,11
puntas,11
cun,11
pasharo,11
illinois,11
komunas,11
domestica,11
aktivismo,11
saltillo,11
villahermosa,11
porfirio,11
koyot,11
bisikleta,11
kolombianos,11
djava,11
lalla,11
rodin,11
rodrik,11
haliç,11
povlasiyón,11
serena,11
botikas,11
mau,11
sinkiang,11
rights,11
lonsos,11
kaninos,11
cali,11
carranza,11
kahlo,11
kapachita,11
kandidata,11
lempira,11
bajío,11
nahuas,11
sultepec,11
calvillo,11
otzolotepec,11
chetumal,11
jocotitlán,11
tlan,11
chilpancingo,11
beldiye,11
jilotepec,11
tláhuac,11
axapusco,11
chimalhuacán,11
jiquipilco,11
copias,11
verapaz,11
sonsonate,11
schrobsdorff,11
asembrada,11
capacidad,11
desvelopar,10
apropiada,10
ekolojiya,10
organismos,10
eksplikasion,10
sielo,10
reales,10
deven,10
sekos,10
fazer,10
elektrisidad,10
elektronika,10
matematiko,10
konsiderar,10
métodos,10
resolver,10
deskripsion,10
fenómenos,10
presentes,10
manifestasiones,10
akuerdo,10
éste,10
privado,10
filosofia,10
orde,10
tse,10
desir,10
informasión,10
testigos,10
orijenes,10
israelita,10
posterior,10
distribusion,10
ekonómika,10
komportamiento,10
konservan,10
rome,10
tendensias,10
kresiente,10
klases,10
klasifikar,10
posiblemente,10
bestias,10
utilizar,10
relatos,10
usar,10
munsha,10
divina,10
star,10
polaka,10
seria,10
terminos,10
miedo,10
representan,10
temor,10
hasia,10
jesus,10
viento,10
ford,10
puso,10
eskapada,10
representantes,10
lejos,10
vejetal,10
kotidiana,10
metales,10
ekspresiones,10
resibe,10
dura,10
apropiadas,10
aplika,10
eduardo,10
konkurso,10
partida,10
empiego,10
liasion,10
jonathan,10
aria,10
zur,10
avían,10
denominado,10
revolusionario,10
título,10
detalyos,10
prezente,10
arrondjamiento,10
konkisto,10
guadra,10
malgrado,10
original,10
parsialmente,10
we,10
morir,10
kasteyano,10
afuera,10
visto,10
nono,10
almosnino,10
vo,10
tresero,10
margalit,10
peretz,10
koen,10
avenir,10
judeoespañol,10
sefardíes,10
grecia,10
gordon,10
fenisia,10
jeografía,10
diosa,10
klaramente,10
sima,10
kombate,10
tersera,10
separa,10
duenyo,10
konstantinopla,10
diversita,10
administrasyon,10
shelomo,10
amaaravi,10
kristianas,10
vashem,10
day,10
map,10
turkas,10
mosambiko,10
nijeria,10
turkmenistan,10
faktores,10
oseanos,10
bolsa,10
normalmente,10
information,10
habla,10
komunikasiones,10
filmografiya,10
kubre,10
balear,10
medievala,10
naturalas,10
situasión,10
bolívar,10
dialecto,10
folklor,10
vakas,10
maritimas,10
minores,10
alikante,10
basika,10
rejionalo,10
praktikada,10
apostolo,10
pilar,10
selebra,10
gozan,10
rikesa,10
chocrón,10
pensar,10
puvlikado,10
open,10
cueva,10
castillo,10
conocido,10
pudieron,10
campos,10
meseta,10
lille,10
fransezas,10
otan,10
portos,10
migrasion,10
afama,10
enklave,10
oriyas,10
campo,10
puente,10
ventas,10
euros,10
pib,10
klubes,10
profeta,10
amburgo,10
safed,10
vinos,10
ashdod,10
arts,10
paises,10
oxford,10
sevilla,10
academia,10
pie,10
londres,10
anatomia,10
vannes,10
quien,10
menorka,10
ibisa,10
jeografika,10
medya,10
djirona,10
movimyentos,10
ribera,10
katalán,10
hijo,10
nur,10
pinto,10
sinyifikados,10
abundansia,10
administrativos,10
kapachitad,10
pintor,10
nona,10
aresivida,10
enterrado,10
kolomb,10
sharfa,10
virginia,10
adjustarse,10
aksiyones,10
telefon,10
festividades,10
eks,10
arjentino,10
orijinarios,10
xiv,10
provablemente,10
ofisyala,10
ata,10
interlingua,10
istoryador,10
blankos,10
hawaii,10
orbita,10
yelo,10
palo,10
savor,10
viejos,10
mansevés,10
promover,10
akabó,10
first,10
formava,10
djornal,10
raza,10
monarka,10
kavayos,10
control,10
indio,10
plaj,10
frasa,10
famoza,10
alex,10
maáles,10
restorantes,10
famozos,10
hot,10
uri,10
emmanuelle,10
foro,10
hashem,10
djerbi,10
fotografiyas,10
pasajeiros,10
fabrikante,10
bolo,10
gold,10
ubikasion,10
bandeira,10
provensiyas,10
mehmet,10
mosul,10
rekonose,10
sosyalistas,10
feridos,10
lod,10
rejionales,10
polisiya,10
tikva,10
actual,10
fundo,10
silicon,10
philips,10
teknolojiyas,10
trokando,10
hagana,10
amortada,10
voy,10
friya,10
brazo,10
chávez,10
vize,10
ankontrada,10
bivia,10
lenin,10
otonomiya,10
kriando,10
ola,10
kyiv,10
kastelyano,10
kompletar,10
interno,10
trenes,10
oklahoma,10
mexihco,10
nativo,10
kreyia,10
ensinos,10
ésta,10
kaveza,10
retorika,10
mota,10
estando,10
pishkados,10
tomada,10
enlaces,10
traduksiyon,10
torah,10
nelson,10
lansar,10
arenal,10
fuyendo,10
gazetas,10
kuantas,10
lavoravan,10
obispo,10
mandó,10
alfabeto,10
kultos,10
oren,10
shlomi,10
demandaron,10
oto,10
inglezo,10
múzika,10
yehoshua,10
gara,10
olimpika,10
liberalo,10
jason,10
djudío,10
dc,10
aleksandro,10
alkaldes,10
komún,10
hernández,10
dizía,10
holocausto,10
millones,10
schumann,10
op,10
bushkaron,10
pensador,10
huang,10
community,10
war,10
álvaro,10
talit,10
bamidbar,10
mikve,10
heinrich,10
rabinato,10
avlante,10
zalman,10
deshkovridores,10
forward,10
mondiales,10
wade,10
giles,10
kantava,10
defendidos,10
akontesió,10
tzitzit,10
nai,10
testemunyos,10
po,10
timbuktu,10
imdb,10
equus,10
aznos,10
imejes,10
repuvlikano,10
nivelos,10
perros,10
west,10
roketa,10
brasilianos,10
kaddish,10
algazi,10
ambezan,10
auto,10
akí,10
lech,10
parque,10
odmar,10
demandó,10
ua,10
konservatorio,10
vera,10
internasyonala,10
top,10
blanco,10
bolivar,10
valdivia,10
kitó,10
subjontivo,10
chekoslovakia,10
prunus,10
ahumada,10
zapata,10
prekolombinas,10
natasion,10
eds,10
emprestados,10
katowice,10
konsulados,10
sinyos,10
jerusalén,10
dani,10
game,10
kreatura,10
lincoln,10
arkidiosesis,10
bengualid,10
trakya,10
antofagasta,10
selahaddin,10
deziembre,10
taxonomia,10
otobusos,10
hacia,10
guajira,10
parinacota,10
holodomor,10
ukraini,10
tashkent,10
heredia,10
patrono,10
juarez,10
és,10
ayapango,10
matlatzingo,10
timilpan,10
siknifika,10
culiacán,10
leyva,10
pabellón,10
casas,10
xalapa,10
teoloyucan,10
jilotzingo,10
azcapotzalco,10
egzersisios,10
tlalpan,10
huatulco,10
manzanillo,10
temascaltepec,10
princhipesa,10
xalatlaco,10
tolcayuca,10
doktorat,10
tlaxiaca,10
tezontepec,10
alajuela,10
karamete,10
ghul,10
tínia,10
evrovizion,10
labut,10
nogueira,10
mijor,9
eksistensia,9
reinos,9
ellos,9
posision,9
espektro,9
impakto,9
asosiado,9
minerales,9
konosimientos,9
posteriores,9
verdadera,9
ekstendido,9
azerse,9
estrukturas,9
nesesidades,9
utiliza,9
humanidad,9
estilos,9
términos,9
dissiplina,9
humanas,9
países,9
normas,9
públiko,9
penal,9
lao,9
labor,9
eskriven,9
mais,9
utilizan,9
klásika,9
vio,9
nesesidad,9
propone,9
milenio,9
relativamente,9
haya,9
senyor,9
baron,9
hebrea,9
sagradas,9
imajenes,9
pasos,9
morales,9
konfusianizmo,9
ortodoksas,9
shi,9
fotografiya,9
basada,9
ninya,9
sigieron,9
polítikos,9
presta,9
nobles,9
nuevos,9
nuevas,9
apenas,9
barkos,9
bandas,9
biografia,9
aresivió,9
eskapó,9
eshuérso,9
johannes,9
sientifikos,9
enviados,9
físikos,9
anteriormente,9
nukleo,9
unifikado,9
kinse,9
salvo,9
error,9
ekilibro,9
science,9
filolojiya,9
je,9
maltez,9
dominante,9
ge,9
variante,9
komenso,9
embasho,9
leshos,9
luvya,9
syendo,9
are,9
formal,9
ot,9
delantre,9
trade,9
polar,9
romanse,9
uzava,9
difisil,9
yona,9
matilda,9
marruecos,9
ladinokomunita,9
derrota,9
punika,9
alejandro,9
kartajines,9
vender,9
kartajineses,9
desidio,9
desendiente,9
poderes,9
ekspedision,9
voz,9
nieto,9
territorial,9
kristyános,9
yishuvim,9
estatus,9
poblasyon,9
notable,9
quds,9
ebreos,9
palestinianos,9
administrada,9
ancient,9
maps,9
judaism,9
christian,9
djapon,9
noruega,9
tanzania,9
kontinentales,9
tiza,9
lionel,9
úniko,9
konsumo,9
disponibles,9
demás,9
fondasión,9
artifisial,9
konsideradas,9
ekspansion,9
formó,9
miyones,9
semetikas,9
yasmin,9
inter,9
totalidad,9
iguales,9
etniko,9
alonso,9
kolon,9
puederoza,9
vive,9
líneas,9
principales,9
musulmanes,9
servicios,9
ulay,9
sieten,9
kastilya,9
franco,9
ofisialo,9
otonomo,9
andar,9
edukativo,9
kastiyo,9
venido,9
nunca,9
enciclopedia,9
contra,9
castellana,9
municipio,9
fernández,9
cómo,9
frankos,9
nantes,9
turiztos,9
gasto,9
akabo,9
metropolitano,9
visitadas,9
organo,9
konstruksion,9
jaffa,9
dakar,9
ermanamientos,9
edukativa,9
konvenios,9
desplazar,9
popularmente,9
coimbra,9
omonima,9
valladolid,9
arkeolojika,9
murayas,9
autobusos,9
aktiva,9
embezo,9
béisbol,9
toponimia,9
arkeolojiko,9
ermozas,9
manchester,9
kanaria,9
chileno,9
jaen,9
roger,9
pampa,9
region,9
fideles,9
eterno,9
grasia,9
kurta,9
esti,9
aprender,9
francés,9
apartajamiento,9
arrivan,9
loja,9
povladores,9
fizo,9
dirijio,9
kijo,9
endependensia,9
ensenyansa,9
francesc,9
ramón,9
yerro,9
deklara,9
komunika,9
kabilia,9
debora,9
ungaria,9
panamá,9
sen,9
templada,9
vinci,9
camille,9
kazo,9
ermozo,9
allado,9
artistos,9
eglisia,9
kristof,9
orbe,9
alabama,9
endeluego,9
lunes,9
kumidas,9
viajar,9
aksidente,9
azerlo,9
chaco,9
catamarca,9
mayoras,9
jeografikamente,9
muntanyosas,9
üsküdar,9
holding,9
transliterasion,9
niger,9
üniversitesi,9
linguistiko,9
pode,9
reloj,9
asen,9
etiope,9
vias,9
kresimyénto,9
kita,9
magnetiko,9
avi,9
quijote,9
eres,9
djohá,9
voluntad,9
collection,9
amostrando,9
arrogar,9
mexico,9
makedonio,9
nahichevan,9
compostela,9
belmonte,9
karrera,9
amman,9
pronunsiado,9
tampoko,9
brasileno,9
essaouira,9
investigador,9
aryeh,9
shas,9
abdullah,9
bo,9
zohar,9
marrokano,9
kosto,9
viajero,9
margarita,9
domestikos,9
sde,9
dublin,9
begin,9
yamarse,9
mea,9
shearim,9
puedian,9
permiso,9
kazaz,9
adelantre,9
viejas,9
pasaje,9
izyeron,9
permitir,9
mustafa,9
ile,9
kontrola,9
culture,9
super,9
moshé,9
shulhan,9
uzaban,9
edisyon,9
kantones,9
unio,9
istóriko,9
cajamarca,9
systems,9
point,9
yair,9
siensia,9
organisado,9
kantado,9
kavida,9
trokarse,9
armado,9
sharia,9
politikamente,9
chechenya,9
djoga,9
demandar,9
sigido,9
cheko,9
larga,9
trokan,9
referencias,9
myel,9
insektos,9
producción,9
krakovia,9
prestar,9
oslo,9
prestores,9
osaka,9
tunel,9
fraguados,9
estes,9
ktx,9
rodeada,9
pasífiko,9
little,9
google,9
mahomat,9
kurtos,9
tov,9
referendum,9
atines,9
katólika,9
mirakolo,9
ki,9
nin,9
kiev,9
poyo,9
kaer,9
ahronot,9
euskera,9
revolta,9
nativa,9
movimyento,9
th,9
ghriba,9
raymond,9
nhat,9
sân,9
colonial,9
vietnamezo,9
hanoi,9
pájina,9
kroata,9
libberos,9
kanun,9
lisensia,9
resiven,9
enfluensias,9
evento,9
sheva,9
musafires,9
nissim,9
vila,9
lejislativa,9
fonksionar,9
djugadores,9
lieberman,9
brooklyn,9
apareser,9
yen,9
planifikado,9
amortamientos,9
programasiyon,9
ritorno,9
apoya,9
progresista,9
perahia,9
priméras,9
black,9
akseptó,9
mordechai,9
pia,9
walk,9
kazado,9
judit,9
katz,9
menashe,9
road,9
ariv,9
drama,9
kavayero,9
about,9
british,9
aerolínea,9
maran,9
nusah,9
sovyetiko,9
aaiun,9
scopus,9
javier,9
kudiado,9
fila,9
avenida,9
oksidentalas,9
kazamyéntos,9
beersheva,9
tam,9
she,9
partisiparon,9
mumbai,9
ofisio,9
lungeza,9
putumayo,9
resivieron,9
desinyar,9
yerushalmi,9
árabo,9
sigió,9
biografía,9
sanedad,9
enriko,9
deké,9
observatorio,9
dreyfus,9
rothschild,9
ensayos,9
eroe,9
lansadora,9
shavit,9
qadri,9
play,9
spor,9
porta,9
fierro,9
pujo,9
adelantar,9
bizantinos,9
personaz,9
karnaval,9
tresladada,9
polisario,9
koleksiones,9
ahuera,9
kerala,9
srpska,9
merko,9
leopold,9
pozisiyón,9
temani,9
goa,9
libres,9
nel,9
insyeme,9
kodreros,9
azerbaijan,9
gaddafi,9
sharfo,9
aborijinalo,9
moravano,9
indica,9
crucero,9
agaw,9
opozada,9
québec,9
ambasadora,9
imajes,9
krusatas,9
georgetown,9
bizans,9
munisipal,9
manoach,9
krusata,9
watch,9
salto,9
indarctos,9
thibetanus,9
wayuu,9
shah,9
tenochtitlán,9
venustiano,9
cochabamba,9
choluteca,9
minera,9
asansor,9
dumont,9
sientistos,9
lehem,9
kapitolo,9
ten,9
volkano,9
gramàtica,9
galerya,9
telefón,9
soumaya,9
afinkados,9
amanalco,9
tlalmanalco,9
otumba,9
religioza,9
inegi,9
atitalaquia,9
colorado,9
candelaria,9
lucía,9
escobedo,9
cheddi,9
ppp,9
jaltenco,9
coyotepec,9
ixtapa,9
tulancingo,9
atlautla,9
champotón,9
orange,9
mexicaltzingo,9
mágicos,9
amatepec,9
demografía,9
tultepec,9
joquicingo,9
iztacalco,9
pauker,9
zacualpan,9
espozamiento,9
ixtapaluca,9
ixtlahuaca,9
parras,9
regionala,9
periodismo,9
puno,9
chiquimula,9
caquetá,9
morazán,9
jutiapa,9
ahuachapán,9
duitama,9
trump,9
zihuatanejo,9
ufkir,9
cicek,9
antarctic,9
shampiona,9
yazidis,9
ezban,9
bcb,9
sougia,9
mercure,9
molière,9
move,9
tanxugueiras,9
gagauz,9
olarak,9
características,9
hdmi,9
avierto,8
artíkolos,8
pueda,8
kreo,8
eksiste,8
fisiolojiya,8
entorno,8
asi,8
identifikados,8
rojo,8
jeolojiya,8
gravedad,8
figuras,8
kalkulo,8
kuestion,8
seksiones,8
matemátika,8
probabilidad,8
aplikada,8
puerpos,8
sientífiko,8
griegos,8
palabras,8
origen,8
lugo,8
prenda,8
kontrato,8
definitiva,8
predominante,8
intelektual,8
seyan,8
vidal,8
moisés,8
linguistikos,8
ensenyanza,8
komparada,8
akto,8
tradisión,8
respuesta,8
práktika,8
rekonosen,8
komenzó,8
téknikas,8
presisan,8
sujeto,8
deidad,8
sumo,8
ven,8
kreensias,8
siklos,8
rumana,8
interpretasion,8
divino,8
transmisiyon,8
misioneros,8
yamando,8
enkuentran,8
toman,8
idolos,8
frekuensia,8
estatuto,8
individual,8
rituales,8
baha,8
josef,8
perro,8
dekada,8
kausa,8
alfred,8
orijinales,8
paolo,8
festivales,8
nuestros,8
gotiko,8
okurre,8
kumple,8
eskuela,8
atension,8
brazos,8
fasil,8
usado,8
marmol,8
ubikadas,8
seka,8
frekuentes,8
ordenador,8
finado,8
sientifika,8
fotoelektriko,8
gente,8
tentó,8
atomos,8
líderes,8
podía,8
estudiando,8
velosidad,8
konstante,8
posee,8
podían,8
gas,8
tento,8
manifestasion,8
numerozos,8
teorías,8
teniendo,8
senador,8
elizaveta,8
establesieron,8
alef,8
kenya,8
leksiko,8
fonemas,8
dijo,8
filologos,8
dezvelopa,8
trusho,8
literario,8
alliance,8
asturiano,8
periodikos,8
leer,8
keilas,8
vente,8
definidos,8
dientro,8
demanyana,8
mu,8
ortografia,8
stanford,8
papo,8
gabirol,8
uziel,8
achakes,8
egzistieron,8
linguístika,8
agríkolas,8
hombres,8
rikos,8
terrenos,8
istoriador,8
arkeolojikas,8
supo,8
administrativamente,8
playa,8
baal,8
alturas,8
posesiones,8
ekstender,8
krisis,8
pedir,8
kurso,8
profetas,8
pertenesientes,8
símbolo,8
mevaseret,8
midios,8
drusos,8
permitiendo,8
edukasyon,8
okuparon,8
reza,8
formula,8
samaria,8
alberga,8
victims,8
bangladesh,8
djibraltar,8
kambodja,8
kamerun,8
maurisio,8
montserrat,8
tomé,8
tailandia,8
uganda,8
boreal,8
artifisiales,8
kooperativa,8
desidir,8
atenas,8
repúblika,8
computer,8
áreas,8
logrado,8
komputadora,8
informátika,8
multimedia,8
pájinas,8
byervos,8
shirurjiya,8
kategoriya,8
aktivitás,8
edukasión,8
luvia,8
pdf,8
política,8
diccionari,8
primas,8
tony,8
dialog,8
live,8
ce,8
konstitusiyon,8
regiones,8
valencia,8
niveles,8
tendensia,8
desarrollo,8
arjentinos,8
llamada,8
alhambra,8
katolisismo,8
estima,8
xixon,8
leonés,8
hojas,8
persekusion,8
retorno,8
edukativos,8
amerikas,8
suertes,8
menéndez,8
benarroch,8
ghetto,8
kede,8
acceso,8
komares,8
omar,8
entonces,8
leste,8
turistika,8
sureste,8
tropikala,8
ejérsito,8
cerca,8
semiyas,8
canal,8
asima,8
estrella,8
buenavista,8
rosales,8
indise,8
merkados,8
kopenhage,8
glasgow,8
yavan,8
torino,8
maritimo,8
sarfatiko,8
phoenix,8
reformas,8
dispone,8
selebrar,8
kolavorasion,8
omonimo,8
gregas,8
konsul,8
sakramento,8
kudian,8
dito,8
tajo,8
mirar,8
esplendor,8
atacama,8
trieste,8
victor,8
jakob,8
vinir,8
deben,8
breton,8
alpes,8
loira,8
esklavos,8
consejo,8
oryentales,8
kruza,8
augustus,8
formentera,8
vuelos,8
favla,8
lei,8
representasion,8
nombramiento,8
avila,8
palensia,8
akavo,8
bandyera,8
serros,8
autónoma,8
sardenya,8
reggio,8
darija,8
teatros,8
gaon,8
viajaron,8
akta,8
atravesada,8
espektadores,8
auguste,8
brasos,8
colombia,8
party,8
aktos,8
unieron,8
unirse,8
navios,8
rachel,8
vienen,8
sieteno,8
eskapa,8
ashana,8
aparatos,8
aktivita,8
kandela,8
olandesa,8
edukativas,8
prekolombina,8
jujuy,8
umido,8
plaka,8
amuchigua,8
pisa,8
planifikada,8
evrasia,8
norteamerika,8
sudamerika,8
matados,8
divisyon,8
bering,8
madeira,8
minoriyas,8
gov,8
ong,8
paskua,8
lansados,8
boy,8
bever,8
reflan,8
existensia,8
ja,8
rahel,8
kaye,8
fundó,8
tokar,8
salam,8
nasionalista,8
britannica,8
refujio,8
boske,8
huila,8
virjin,8
middle,8
mandarin,8
teoria,8
angel,8
avrir,8
geto,8
director,8
ralph,8
presidénte,8
poniente,8
etnias,8
lavoraron,8
mimuna,8
orgolyo,8
raises,8
influensa,8
pronunsiasion,8
michel,8
baba,8
diputado,8
ani,8
rue,8
au,8
alahá,8
kabil,8
favlan,8
sabiha,8
libertador,8
sifrei,8
varna,8
ritual,8
kruzan,8
kresieron,8
lungas,8
tiera,8
salyeron,8
enlaso,8
pour,8
karo,8
amostró,8
cumhuriyet,8
amenasas,8
servidas,8
makkabim,8
ekstensa,8
suprema,8
iglezias,8
herzliya,8
inc,8
sientifikas,8
olmert,8
investigasiones,8
djudeos,8
vas,8
islamikos,8
arkivo,8
vieron,8
renunsia,8
repuesta,8
visyon,8
masas,8
pronto,8
kriados,8
shin,8
enrejistrada,8
aperturamiento,8
egzito,8
cruces,8
konversos,8
moraron,8
pavlo,8
konvirtió,8
barbara,8
idaho,8
taekwondo,8
arkitektoniko,8
lision,8
abait,8
honolulu,8
antisemitismo,8
kenpo,8
hapkido,8
azrieli,8
otobuses,8
gemará,8
bentolila,8
aza,8
anunsiar,8
paresidos,8
tote,8
negra,8
barry,8
literaria,8
marroquí,8
fraguádo,8
profesionala,8
comic,8
hatuna,8
endustrial,8
motores,8
asyatikos,8
femenina,8
ofisyalmente,8
eva,8
traduzido,8
pasan,8
tentando,8
info,8
principios,8
ss,8
kampesinos,8
sharif,8
mesklar,8
kabesa,8
mata,8
kontrolado,8
noah,8
autora,8
tsur,8
sekas,8
karreras,8
traduksiyones,8
habima,8
ahava,8
when,8
pendular,8
sueko,8
konserto,8
masakre,8
palestino,8
beiteinu,8
station,8
beni,8
diarios,8
high,8
petah,8
tiendas,8
orot,8
diskorsos,8
volga,8
krusar,8
marie,8
jenosidio,8
akodró,8
odio,8
ukrainio,8
eslavos,8
enrejistrado,8
tentar,8
medellín,8
jenera,8
ulpan,8
studio,8
harav,8
paresidas,8
congregation,8
murray,8
sonata,8
sonatas,8
academy,8
etnikas,8
temanis,8
sinyifica,8
serbio,8
ahayim,8
jeneró,8
harry,8
aprezados,8
lapid,8
remuevasiyon,8
brunswick,8
minhagim,8
tradisiyones,8
konservadora,8
oruro,8
tarija,8
conversos,8
telas,8
beyoğlu,8
konformo,8
hag,8
arkivos,8
kipa,8
korpo,8
ecuador,8
bivía,8
sidurim,8
editora,8
ferdinand,8
shir,8
ganadora,8
yid,8
lungesa,8
earth,8
ruth,8
valdgeym,8
ehal,8
espesialista,8
vendidas,8
jagoda,8
adio,8
vayikrá,8
djuderias,8
henry,8
kochin,8
sullivan,8
ayudó,8
uranio,8
sankore,8
rasizmo,8
entertainment,8
vie,8
clinton,8
propozado,8
akseptan,8
shemuel,8
debut,8
sovyetikas,8
personalas,8
ul,8
revisiyonista,8
kampamento,8
visegrád,8
djurnalismo,8
single,8
alsafrán,8
prenyada,8
palmahim,8
roketas,8
iai,8
uzó,8
komersialas,8
pritzker,8
ud,8
kuédra,8
sophie,8
woman,8
xuetes,8
serra,8
sistems,8
nicolas,8
sirios,8
tombas,8
guarda,8
canetti,8
maarten,8
vendió,8
development,8
videos,8
wałęsa,8
dans,8
nostrum,8
committee,8
belém,8
amazon,8
smadar,8
novosibirsk,8
satellite,8
azure,8
ocheno,8
your,8
authority,8
espesialisada,8
arábiga,8
malabar,8
arabic,8
desemboka,8
herrera,8
sm,8
uns,8
imperfekto,8
opozado,8
quetzaltenango,8
masaya,8
penjamo,8
irapuato,8
glifo,8
chichimekos,8
avitado,8
refugio,8
ficus,8
prekolombinos,8
voleibol,8
musafir,8
mon,8
amostrada,8
sweet,8
val,8
jefes,8
valparaiso,8
drae,8
ediciones,8
kales,8
usadores,8
bartolomé,8
kamondo,8
banker,8
uigur,8
uzbeka,8
governante,8
neuquén,8
arefujiados,8
madrasa,8
pedrieron,8
ailuropoda,8
kolektivo,8
tao,8
delegasiones,8
artigas,8
daniela,8
pino,8
periodistas,8
espozarse,8
kave,8
kateggoría,8
tarjetas,8
gangemi,8
ocotepeque,8
dolores,8
toqui,8
ekspedito,8
banco,8
contreras,8
guillermo,8
amuchiguando,8
pompeu,8
hernán,8
ontaryo,8
mx,8
zumpahuacán,8
azed,8
romo,8
industriozos,8
dog,8
fondose,8
ocuilan,8
sekretaria,8
deputada,8
peros,8
kranios,8
mesoamerikano,8
actopan,8
xicohténcatl,8
koraje,8
klasifiko,8
intérprete,8
milpa,8
tequisquiapan,8
kubanos,8
tizayuca,8
coacalco,8
temascalapa,8
tenancingo,8
chicontepec,8
polgár,8
chicoloapan,8
rayón,8
juchitepec,8
alquisiras,8
liberación,8
tenosique,8
chapa,8
ajacuba,8
hopelchén,8
escárcega,8
participación,8
vaupes,8
huehuetenango,8
bocas,8
chinandega,8
cacahoatán,8
sientistas,8
now,8
mabrouk,8
mehdi,8
abargil,8
ozsoy,8
go,8
kriminolojiya,8
mahavira,8
samama,8
resnik,8
holz,8
djami,8
lanzada,8
películas,8
consolas,8
jailbreak,8
wales,7
kondision,7
propozada,7
amijorada,7
formando,7
propuso,7
transkripsion,7
biolojika,7
anatomiya,7
espesialidades,7
obtiene,7
nm,7
mm,7
similares,7
realizada,7
umedad,7
eksperimentos,7
komputasional,7
eksperimental,7
formasiones,7
duda,7
algebra,7
aniyos,7
kantidades,7
kategoriyas,7
ekuasiones,7
dise,7
konsekuensia,7
konsiste,7
realizar,7
identifikar,7
médika,7
griegas,7
últimas,7
hai,7
konjunkto,7
estudiosos,7
propuesto,7
jenerales,7
suerte,7
desvelopa,7
terreno,7
aktitud,7
pasados,7
deskrive,7
elejidos,7
rural,7
konkreto,7
jeografikos,7
investigadores,7
trabajar,7
kausas,7
fertil,7
eksplika,7
konvertido,7
igualmente,7
kubierta,7
nesesario,7
kompetision,7
akordo,7
fondamentales,7
piensa,7
modernas,7
artíkulos,7
afirma,7
relieve,7
konstituyen,7
kategoria,7
virtud,7
luteranizmo,7
iglezya,7
sinematografía,7
aleksander,7
salvaje,7
profesionales,7
obtenida,7
eksito,7
lee,7
publikos,7
tito,7
simples,7
enkontrado,7
imaje,7
kaso,7
pintar,7
instalasiones,7
videojuegos,7
vokabulario,7
baden,7
stuttgart,7
amiga,7
serkanos,7
konsigió,7
hans,7
hitler,7
trayektoria,7
fenomeno,7
eksperimento,7
ondas,7
emite,7
prusia,7
bases,7
akseptar,7
intentos,7
sosialista,7
alemania,7
espíritu,7
triste,7
will,7
publishing,7
djudías,7
livorno,7
italianas,7
kemal,7
kana,7
rejistros,7
istorikamente,7
semitas,7
ll,7
vos,7
espesyalmente,7
dizia,7
konvirtieron,7
uzavan,7
finalas,7
estandar,7
goyim,7
verde,7
avagar,7
magazines,7
inferior,7
setenta,7
indikan,7
suelen,7
presto,7
dividir,7
vikipedia,7
siriliko,7
chapines,7
fr,7
hazino,7
zirguela,7
egzemplos,7
traduksyon,7
avner,7
carvajal,7
piesas,7
aharon,7
mizrah,7
fecha,7
amaneser,7
traduksiones,7
expulsados,7
komponente,7
hip,7
hop,7
kasos,7
famoso,7
reunir,7
solusion,7
joven,7
fueran,7
partio,7
familias,7
kartajinesa,7
ekspedisiones,7
poesía,7
konfirmado,7
yamas,7
kuentan,7
firmar,7
inspirados,7
deuterokanonikos,7
tarea,7
luterana,7
claudia,7
konstantino,7
bene,7
zionizmo,7
minoriya,7
sigidos,7
destruyeron,7
palestiniana,7
corpus,7
photo,7
tours,7
akrotiri,7
saudita,7
burkina,7
faso,7
dominika,7
marshall,7
samoa,7
kitts,7
nevis,7
sri,7
lanka,7
sigue,7
medias,7
abierto,7
ekonomistas,7
polos,7
ludwig,7
komunismo,7
monopolio,7
medidas,7
nasionalismo,7
eksperiensia,7
estándar,7
redusir,7
apoyado,7
eliminar,7
kontrolar,7
inspirado,7
realizado,7
aksepta,7
inklui,7
simbol,7
valensiano,7
konstituye,7
generalitat,7
myriam,7
meksikenyos,7
dedikó,7
suave,7
lindes,7
martinika,7
definisiyon,7
clima,7
fauna,7
dependensias,7
petrolera,7
deportivo,7
proceso,7
llamado,7
mesklaron,7
indígenas,7
castellano,7
católica,7
aún,7
rasas,7
soverano,7
eksklave,7
motivos,7
áfrika,7
poseye,7
arán,7
katóliko,7
jardin,7
pamplona,7
kruzaron,7
antoni,7
topadas,7
disenyado,7
autonoma,7
integrantes,7
membros,7
djornalista,7
cnn,7
funda,7
hospital,7
fray,7
ispano,7
volúmenes,7
microsoft,7
ne,7
córdoba,7
galilea,7
parlamentario,7
shekel,7
grenoble,7
sivdadano,7
mismamente,7
sncf,7
alrededores,7
aglomerasiones,7
incluyendo,7
atlántiko,7
ayazgos,7
barrios,7
alegre,7
histórico,7
blas,7
sektores,7
finansieros,7
noinclude,7
ron,7
sona,7
rotterdam,7
oksitano,7
mizma,7
juifs,7
pissarro,7
pas,7
hangzhou,7
rehovot,7
promedio,7
fraguó,7
metropolitanos,7
llobregat,7
orario,7
coruña,7
crunia,7
komunida,7
guertas,7
santuario,7
qingdao,7
ekstensión,7
embeza,7
universitario,7
fundasión,7
regina,7
lavorado,7
matriz,7
zoolojia,7
hechos,7
espacio,7
salvajes,7
morris,7
orozco,7
tresér,7
verdad,7
venida,7
alsasia,7
morbihan,7
negosio,7
konquista,7
inyevada,7
huesca,7
kaje,7
pakto,7
setiembre,7
tuda,7
responsavle,7
akaba,7
lanzarote,7
abitada,7
ubika,7
merindad,7
komenzaron,7
kontinua,7
katalanos,7
esperanza,7
alava,7
padova,7
taref,7
tinduf,7
nelly,7
praktikado,7
otronos,7
torneos,7
georges,7
henri,7
dizientes,7
kazada,7
vizino,7
organizo,7
kontada,7
deskonosido,7
sion,7
bogota,7
inyevado,7
barranquilla,7
kolonya,7
tamben,7
apoyaron,7
sujetos,7
martes,7
deskansar,7
fiestado,7
komidas,7
amida,7
meldada,7
proksima,7
elektrisita,7
duros,7
afamados,7
representativa,7
antepasados,7
migrasiones,7
marineros,7
alkuno,7
ganyo,7
romaniotas,7
relasiyon,7
egzista,7
save,7
apropiado,7
establesidos,7
urales,7
esklavitud,7
espesifikamente,7
ekstensiyon,7
isidoro,7
dardanelos,7
oseaniya,7
limito,7
trafiko,7
própio,7
organisasiyon,7
idris,7
selva,7
kostera,7
rasa,7
sharás,7
somalia,7
lektura,7
formo,7
produze,7
gatos,7
mala,7
shema,7
vistir,7
mataron,7
enkorajar,7
djordano,7
británika,7
étnikos,7
salió,7
abdul,7
membro,7
kaspia,7
maimon,7
almohade,7
cañiza,7
parrokias,7
torre,7
romanas,7
zimbabwe,7
teritoriyos,7
insolas,7
bucureshti,7
hollywood,7
color,7
uma,7
antiga,7
karaitas,7
andré,7
marokis,7
benacerraf,7
elbaz,7
judaica,7
sinemateka,7
leumi,7
ami,7
raizes,7
maroc,7
konstruida,7
tamajaq,7
benefisios,7
volo,7
oteles,7
kemaron,7
regulares,7
sheikh,7
rapido,7
amortar,7
pioneros,7
manga,7
sinyales,7
maalé,7
efendi,7
ajena,7
osmanlı,7
fraternalmente,7
distinto,7
doron,7
esporte,7
kampeonato,7
asher,7
rem,7
judaísmo,7
omónimo,7
kruze,7
partisi,7
permitio,7
eu,7
medyo,7
prestan,7
aerolíneas,7
fransisko,7
ofisinas,7
aborijinalas,7
valley,7
corporation,7
index,7
digital,7
objektivos,7
korpos,7
administrasiyon,7
tirana,7
melbourne,7
terrorista,7
laden,7
gerrear,7
sovyetikos,7
detener,7
konstruyido,7
mortos,7
djakarta,7
guía,7
presidensialas,7
vladimir,7
konformava,7
propaganda,7
amortadas,7
bezbas,7
kosina,7
produsen,7
stepanakert,7
almanya,7
eroes,7
bat,7
huersados,7
ab,7
estokolmo,7
guangzhou,7
arabás,7
aperturar,7
alfa,7
konstruyidos,7
susana,7
dolensias,7
aliado,7
lake,7
afinkarse,7
state,7
boxeo,7
tailandes,7
komparado,7
hamsas,7
kastilyo,7
hamra,7
koran,7
lukro,7
jackson,7
travel,7
salzburgo,7
agan,7
pagina,7
teddy,7
intelektuala,7
hazina,7
kassams,7
midia,7
hanukkiya,7
indoevropea,7
gravado,7
myentras,7
kompositor,7
andaluzí,7
vijitan,7
ofisyal,7
apartados,7
serbo,7
blankas,7
avtor,7
foto,7
sereales,7
tekstiles,7
demandava,7
pudong,7
organisar,7
perla,7
gnu,7
linux,7
resyentemente,7
kfar,7
vamos,7
nahum,7
presisamente,7
vision,7
será,7
restorasion,7
pomerania,7
publikar,7
tradisyon,7
imam,7
izz,7
min,7
batei,7
antisemitas,7
salieron,7
destruyido,7
sarano,7
partisipó,7
safra,7
kantigas,7
baile,7
avtores,7
tádre,7
bashir,7
charlie,7
palestine,7
etz,7
shirat,7
leha,7
tyémpo,7
lektores,7
mw,7
solista,7
skola,7
vivo,7
friedman,7
hermon,7
mohammad,7
dezvelopadas,7
most,7
bala,7
amijoramiento,7
lu,7
speed,7
kiriat,7
misturado,7
management,7
krisa,7
frank,7
aktuar,7
metropolitan,7
arsim,7
ah,7
ambeza,7
federasiyon,7
wilayas,7
internas,7
integrasion,7
korasón,7
late,7
golda,7
subliminal,7
arekipa,7
fuyir,7
djovenil,7
jew,7
caroline,7
yekkes,7
apresentador,7
alkansó,7
sana,7
presidensial,7
propietario,7
partikolares,7
guerras,7
limón,7
shapira,7
rebivir,7
shomron,7
mudó,7
konvertidos,7
rekonosimyento,7
sinyal,7
çiller,7
entraron,7
sir,7
reich,7
menachem,7
pereira,7
zhuang,7
embraer,7
enviado,7
siédra,7
defendida,7
yesh,7
hal,7
pronunsiasiyon,7
bombas,7
kodesh,7
kantan,7
musikales,7
rose,7
arvoliko,7
albums,7
musiko,7
kosher,7
rith,7
konferansas,7
falcón,7
enfluensa,7
entró,7
kontaba,7
multi,7
arrivó,7
jan,7
tank,7
espanto,7
diksionarios,7
hillary,7
lokomosion,7
transportar,7
publications,7
asimilasiyon,7
auckland,7
áraba,7
ashirim,7
peles,7
meridionala,7
totala,7
artsah,7
pedrer,7
diwan,7
aporte,7
kebab,7
kuchundúrya,7
alkól,7
samir,7
akontese,7
said,7
umut,7
death,7
indiana,7
imagen,7
font,7
riera,7
gül,7
ovligados,7
pt,7
caso,7
sciences,7
luzzatto,7
hoz,7
cementerio,7
armados,7
senior,7
rekodros,7
katólikos,7
autres,7
repuvlikas,7
eredero,7
angeles,7
amazonia,7
bizantina,7
broadcasting,7
vedres,7
pogrom,7
business,7
serbios,7
boulevard,7
kitadas,7
sesheno,7
paula,7
gharnati,7
marokanos,7
hanna,7
long,7
puededoras,7
vega,7
tannoudji,7
dande,7
portugezas,7
azete,7
meza,7
antigamente,7
hermosillo,7
departamentala,7
swahili,7
kuna,7
preistoriko,7
enrejistros,7
enkomiendas,7
mamut,7
frejol,7
fransisco,7
haziendas,7
mezquital,7
diosesis,7
judo,7
fronton,7
policía,7
djuhuri,7
didán,7
lishanid,7
lishana,7
noshan,7
aramaic,7
trakai,7
jta,7
marathi,7
dom,7
macias,7
bushkavan,7
mide,7
fotolyos,7
rumores,7
induizmo,7
yaúrt,7
vulgaris,7
jiménez,7
guadrados,7
camino,7
arim,7
too,7
consultable,7
direktiva,7
chelyabinsk,7
coquimbo,7
amatada,7
kayida,7
dyeron,7
alfassa,7
nochadas,7
urumchi,7
eskenazi,7
torreón,7
sustrato,7
can,7
balas,7
alfredo,7
kavzaron,7
katedralas,7
interfaz,7
barinas,7
kolmiyos,7
krios,7
cao,7
đài,7
wayuunaiki,7
viajo,7
tripla,7
akresento,7
tacna,7
soviet,7
prize,7
cam,7
geografía,7
deformasion,7
mila,7
rit,7
sekuritad,7
enrejistrar,7
wingate,7
quiché,7
polonezos,7
nunavut,7
medikos,7
delegados,7
aroncar,7
cabañas,7
paraíso,7
vice,7
patta,7
villarreal,7
equipo,7
right,7
labrador,7
mesoamerika,7
iturbide,7
porfiriato,7
purepecha,7
apan,7
calpulalpan,7
tonatico,7
faktorias,7
mateos,7
cuautémoc,7
romos,7
matlatzincas,7
rosarito,7
vijito,7
huasteca,7
temascalcingo,7
tepeji,7
tehuacán,7
mazatlán,7
zapotlán,7
akavidamiento,7
tulum,7
guzmán,7
represetado,7
kompitio,7
delegasionalos,7
tepetlaoxtoc,7
polotitlán,7
delegacionales,7
ambezando,7
texcaltitlán,7
comondú,7
chipilo,7
tvi,7
ocoyoacac,7
nopaltepec,7
tlazala,7
zacazonapan,7
kern,7
marokana,7
atamietos,7
bacalar,7
pavo,7
chumberos,7
coquimatlán,7
jiutepec,7
corrientes,7
tlaxcoapan,7
cactus,7
tunja,7
aramberri,7
aristegui,7
antioquia,7
boquerón,7
hayes,7
belén,7
pará,7
piura,7
departametos,7
tocancipá,7
dyp,7
keneset,7
fatma,7
pario,7
siber,7
akşener,7
saudia,7
kompetensas,7
khaja,7
tahounia,7
bushkita,7
kuveit,7
flurete,7
plazo,7
reem,7
mode,7
raqqa,7
cambourakis,7
pelivanura,7
dakhil,7
tatoeba,7
filipino,7
covid,7
alene,7
chikly,7
dieu,7
carnage,7
tapestry,7
benidorm,7
kutaragi,7
xbox,7
norteamérica,7
lanzado,7
psp,7
allatini,7
mitsotakis,7
fuzion,6
projekto,6
partajar,6
entendido,6
rom,6
obstante,6
partíkulas,6
molekular,6
definida,6
observasion,6
aparente,6
arabes,6
funsion,6
separadas,6
fisikas,6
radiasion,6
lejano,6
basadas,6
klimatolojiya,6
fundamentales,6
interaksion,6
teorika,6
korresponde,6
leibniz,6
variables,6
topolojiya,6
funsiones,6
algebraika,6
primos,6
matemátikos,6
pura,6
solusiones,6
representar,6
ekskavasiones,6
rekonstruksión,6
interés,6
influensias,6
arkeólogos,6
pertenesiente,6
arkeolójikos,6
lejislativo,6
ampliamente,6
empresario,6
matrimonio,6
sosiedades,6
epokas,6
tomas,6
aristoteles,6
estrikta,6
interpretasión,6
seriya,6
sekundarias,6
sekundaria,6
tabla,6
meteorolojiya,6
lenguaje,6
linguista,6
komponentes,6
fonetika,6
supone,6
perdido,6
avanse,6
asosiados,6
tengan,6
pretende,6
sustituir,6
silvestres,6
kultivos,6
olivo,6
konstruido,6
interiores,6
kapaz,6
yevarlo,6
resulta,6
djogo,6
frekuentemente,6
eksisten,6
inspirasion,6
kreensia,6
zulu,6
polinesia,6
budista,6
bon,6
budismo,6
maurice,6
akorruto,6
kolektiva,6
konteksto,6
kontenidos,6
madres,6
nombra,6
djehova,6
publikamente,6
mago,6
oz,6
kazan,6
sr,6
kuatrosientos,6
enkontraron,6
erik,6
mostra,6
produktores,6
eskultor,6
korresponden,6
emperadores,6
plazas,6
objetivo,6
mesopotamia,6
fruto,6
renasimiento,6
estatua,6
klasifikan,6
klasifika,6
emplea,6
korta,6
piezas,6
verdadero,6
tela,6
iban,6
sebastian,6
mezkla,6
plastiko,6
gana,6
bolas,6
princeton,6
tentaron,6
espozaron,6
browniano,6
ekivalente,6
marcel,6
otto,6
wilhelm,6
espozó,6
adoptada,6
irse,6
impulso,6
físiko,6
konsekuensas,6
galileo,6
observadores,6
ekuasion,6
produzida,6
konto,6
unifikada,6
sosialismo,6
kapitalista,6
admirasion,6
puedo,6
stephen,6
djamaika,6
viktorias,6
determinado,6
semítikas,6
importansia,6
hakitia,6
franzesa,6
dj,6
pedrida,6
merced,6
tresladar,6
vernakular,6
novia,6
mezma,6
uzarlo,6
meldadura,6
konstruye,6
yerros,6
kompletada,6
dies,6
dodje,6
trenta,6
sesenta,6
emprimero,6
djuntos,6
magazen,6
arba,6
golor,6
sonido,6
ny,6
murir,6
saray,6
romanses,6
tratados,6
kaida,6
severin,6
servia,6
hubo,6
public,6
russian,6
system,6
suzy,6
habían,6
konsigieron,6
paresen,6
vesinos,6
rikezas,6
komunikar,6
triple,6
muraya,6
estresho,6
podría,6
metropoli,6
ofresen,6
nadie,6
rebelion,6
piratas,6
bataya,6
tirano,6
amenaza,6
amílkar,6
bajas,6
palermo,6
mesina,6
kampanyas,6
vuelta,6
abandonar,6
peligro,6
matando,6
konstruyo,6
raíz,6
ordenar,6
mantienen,6
dek,6
guardia,6
severo,6
emperios,6
pila,6
shamir,6
ofisyales,6
munças,6
presensya,6
situasyon,6
liber,6
miksta,6
afirman,6
salem,6
sagrada,6
dokumentasion,6
mp,6
nations,6
making,6
why,6
djibuti,6
gabon,6
guam,6
ekvatoriala,6
bissau,6
khina,6
côte,6
lesotho,6
liberia,6
oman,6
lusia,6
konfederasion,6
togo,6
suma,6
elektrikos,6
ingléz,6
formasión,6
idrografiya,6
alternativos,6
funsión,6
marksista,6
presio,6
apropiados,6
artefaktos,6
jenerado,6
pobreza,6
djugar,6
programasión,6
usuario,6
dato,6
jenerasiones,6
bivos,6
mama,6
faktos,6
vídeo,6
ars,6
presenta,6
aporta,6
valenciana,6
intenso,6
flamenko,6
muzikales,6
violeta,6
awards,6
tower,6
sentir,6
repozo,6
cambia,6
montaña,6
tundra,6
pikos,6
oséano,6
atlántico,6
mandar,6
local,6
panorama,6
barquisimeto,6
hen,6
alemán,6
agrupa,6
cuenta,6
djogan,6
estadística,6
tiniendo,6
ostralia,6
desembokadura,6
kontroversias,6
homo,6
golpe,6
desertiko,6
peregrinasion,6
virjen,6
goza,6
rekonosensia,6
iberiko,6
emigro,6
incluye,6
comares,6
ligero,6
significa,6
censo,6
république,6
konvierte,6
globala,6
magrib,6
remontan,6
henares,6
partajamientos,6
imperial,6
retiro,6
bautista,6
atletiko,6
garden,6
mezmo,6
nuremberg,6
innsbruck,6
revolusyon,6
ejekutivo,6
eleksiyon,6
desinyos,6
famozo,6
prat,6
italika,6
disenyada,6
banderas,6
vizkaya,6
oviedo,6
transito,6
lindero,6
dezeya,6
butos,6
muzéo,6
desierto,6
yamaban,6
chili,6
ubikados,6
trabajadores,6
fundadores,6
introducción,6
honor,6
pekados,6
deskanso,6
limite,6
mor,6
integrado,6
invernal,6
ekstranieros,6
aragón,6
selta,6
asimismo,6
kompozado,6
vestijios,6
konkistaron,6
tudo,6
archipielago,6
mesma,6
ariento,6
ekstranjera,6
tudos,6
favlado,6
titulo,6
eksternas,6
klara,6
sedes,6
judería,6
cuenca,6
meldadas,6
konde,6
dels,6
retirada,6
diada,6
konsentra,6
vayes,6
basko,6
bolonya,6
kalabria,6
asentaron,6
abruzo,6
adriatiko,6
perugia,6
ardjelia,6
asiendo,6
egzemplares,6
redaktor,6
cluj,6
audiensia,6
firma,6
código,6
darién,6
name,6
nasyonales,6
hesse,6
marc,6
andrea,6
okupo,6
makinas,6
bolan,6
despuez,6
tiyo,6
francesco,6
melzi,6
kontinuaron,6
salaino,6
diskusion,6
repuestas,6
okupava,6
perfekta,6
kolombiana,6
arkipelago,6
kali,6
skosia,6
kolonisazion,6
eksterno,6
ela,6
tréser,6
díes,6
djueves,6
desha,6
alegriya,6
kantadas,6
trokadas,6
parashat,6
plazer,6
kateggoria,6
ortodokses,6
lampas,6
maneras,6
sajonia,6
populasion,6
estuario,6
solís,6
kazadores,6
avitaron,6
aportes,6
rason,6
thy,6
governantes,6
akseptasion,6
rapida,6
eurovision,6
biviya,6
kudiando,6
akuzativo,6
kero,6
egzempios,6
duolingo,6
separar,6
regalado,6
organisa,6
tróko,6
konferensia,6
endustriala,6
lamentar,6
kenia,6
rhodesia,6
durban,6
service,6
luses,6
fase,6
estamos,6
abundante,6
lea,6
kazar,6
banyo,6
kin,6
topó,6
shoá,6
broza,6
kansión,6
sirvió,6
street,6
abad,6
jeográfika,6
vizinas,6
aldredor,6
bab,6
ensinyansas,6
komunitario,6
fondos,6
islámiko,6
mit,6
ritmo,6
partisipantes,6
profesores,6
kyodan,6
religion,6
inmediatamente,6
brazil,6
maimonides,6
inisio,6
miranda,6
diyalektos,6
forte,6
haverim,6
cincinnati,6
bulgariya,6
bulgariana,6
kerida,6
avtonoma,6
ari,6
deste,6
silva,6
kolonizadores,6
povlados,6
sentroamerikano,6
idióma,6
baruj,6
kobi,6
sali,6
rebbe,6
dana,6
ofra,6
shahar,6
casablanca,6
bd,6
djidda,6
minyán,6
avot,6
amazigh,6
aeropuertos,6
finansiera,6
matmid,6
sucre,6
ekstensyon,6
teniente,6
fonda,6
formalmente,6
israir,6
atraer,6
arkia,6
dubrovnik,6
ramon,6
reality,6
strasburgo,6
atakar,6
trankila,6
deshavan,6
meskitas,6
enteresante,6
avyerto,6
ezmirna,6
yahudi,6
dario,6
merkó,6
prosedentes,6
nasyonalista,6
deklarasyon,6
nasen,6
konstituyente,6
akseptaron,6
luto,6
amostraron,6
relasyones,6
septiembro,6
who,6
bali,6
musa,6
türkiye,6
deputados,6
bankas,6
avoda,6
arabá,6
royal,6
fraguando,6
main,6
birmingham,6
eventualmente,6
serkada,6
bivas,6
pentekostalas,6
kesariya,6
malha,6
limitado,6
bushkando,6
yam,6
oyendia,6
kursos,6
br,6
ejea,6
franka,6
komersios,6
limassol,6
qaeda,6
indirekto,6
alkansando,6
atentados,6
koalision,6
leningrado,6
avrio,6
vladivostok,6
ukrainios,6
produsida,6
luxemburg,6
aktuasion,6
monetaria,6
ils,6
bilyetos,6
munisipala,6
habana,6
nektar,6
turiztikos,6
temporal,6
persekusiones,6
basikamente,6
yiddishe,6
kahal,6
krese,6
hervas,6
hara,6
jamil,6
camp,6
siemens,6
komparasiyon,6
tre,6
ferroviaria,6
kondisyones,6
diesel,6
operado,6
misisipi,6
orijinarias,6
vázquez,6
aedadas,6
navegador,6
misión,6
yelido,6
arkansas,6
animado,6
virrey,6
olympia,6
baja,6
organization,6
palasios,6
visita,6
miriam,6
interpretasiones,6
denver,6
pennsylvania,6
lublin,6
amán,6
gía,6
wa,6
marsiales,6
japonezas,6
ji,6
office,6
serrado,6
alkazarkivir,6
bendayan,6
armand,6
bundesländer,6
renania,6
atakada,6
greenberg,6
urdu,6
gramátika,6
galitzia,6
hadad,6
mormón,6
nomvre,6
kaliningrado,6
asentamyento,6
koloradas,6
ekips,6
egzistente,6
sidi,6
eksilio,6
kontaktos,6
bairros,6
arias,6
ordenes,6
etika,6
hotel,6
renasimyento,6
beijing,6
century,6
okupasyon,6
mamífero,6
urbe,6
posivlemente,6
mozilla,6
grafika,6
qu,6
instalasyon,6
judenstaat,6
slogan,6
dispositivo,6
engels,6
evanjelyo,6
tradisyonal,6
katolikas,6
izabal,6
etnika,6
promueve,6
irakis,6
darbuka,6
tomadas,6
natan,6
empuesto,6
perez,6
deklararon,6
morar,6
adopto,6
siginte,6
arafat,6
despertar,6
akadémikos,6
gloria,6
piesa,6
songs,6
volumen,6
gameos,6
osiko,6
khan,6
meuheret,6
yossi,6
gadol,6
barkan,6
ankontrar,6
atzmaut,6
konstruksiyon,6
televisyon,6
kompite,6
boikot,6
betar,6
defensor,6
anchura,6
empiesar,6
barulyo,6
white,6
ptolomeo,6
adjudo,6
amatar,6
dominado,6
malik,6
moledet,6
pinhas,6
abandonada,6
lokala,6
yavne,6
kaspio,6
bulgarianos,6
pronunsiada,6
arios,6
cu,6
referido,6
nasionalizmo,6
sometidos,6
emisoras,6
perú,6
ukrainia,6
pekin,6
védres,6
armenias,6
shino,6
fabrikantes,6
douglas,6
toparsen,6
tsavá,6
diplomatikas,6
avtoridades,6
pesaro,6
synagogues,6
akseptados,6
schubert,6
chopin,6
bernard,6
orchestra,6
diaz,6
kavkaz,6
yakutsk,6
inimigos,6
huérte,6
water,6
jeorjiano,6
steven,6
onorario,6
malaysia,6
djunta,6
conciencia,6
catalán,6
settimanal,6
binyamin,6
kapitán,6
avló,6
lit,6
reaksiyones,6
katrados,6
lev,6
page,6
story,6
states,6
ashkenaz,6
tomats,6
tyerritorio,6
frankel,6
rifujiados,6
hilonim,6
pogromos,6
akiva,6
kazó,6
rabiniko,6
podrían,6
ensino,6
riba,6
bimuelos,6
kézo,6
maíz,6
krema,6
aleppo,6
liechstenstein,6
rikas,6
fondasiyon,6
piso,6
references,6
people,6
august,6
ottomanos,6
sultán,6
barkat,6
dinguno,6
spacecom,6
aerospace,6
aksiyon,6
caddesi,6
monastir,6
bella,6
federation,6
wise,6
fresko,6
haleva,6
klein,6
geniza,6
presidensia,6
sirkulasiyon,6
trotsky,6
drogas,6
got,6
friend,6
kantó,6
jack,6
dóhany,6
franz,6
port,6
photos,6
prestijio,6
musikalas,6
djenerasion,6
rana,6
joão,6
manaus,6
ın,6
consuelo,6
giada,6
aves,6
tablas,6
kuédras,6
kostumbra,6
kohav,6
fi,6
kofi,6
riforma,6
diplomátiko,6
konferensas,6
matado,6
tyerritorios,6
lavor,6
aleksandriya,6
desinya,6
libanezo,6
evrovision,6
maalos,6
gallery,6
grammar,6
eastern,6
literature,6
tehran,6
galgalatz,6
arikódra,6
sfenks,6
kompleksos,6
ashaná,6
laura,6
esmirna,6
konsierto,6
shakespeare,6
estuvieron,6
títolos,6
institutos,6
siria,6
hade,6
vaka,6
yeni,6
safanórya,6
shohat,6
balkon,6
essays,6
rekonosimyénto,6
ormigon,6
trio,6
sabah,6
quebec,6
vancouver,6
girls,6
miquel,6
desaparesidos,6
tropikales,6
grizo,6
mersin,6
vinyas,6
seramika,6
grandor,6
selchukes,6
eyoz,6
atakaron,6
avyo,6
alevi,6
avio,6
mantuvieron,6
marrano,6
enkontros,6
deleon,6
mia,6
out,6
elías,6
isak,6
liberasion,6
mónica,6
kantaron,6
medika,6
montjuïc,6
ramhal,6
galil,6
komandantes,6
cambio,6
regional,6
boca,6
negros,6
eglesias,6
nes,6
biodiversidad,6
prof,6
sont,6
julian,6
milá,6
stock,6
not,6
praktikar,6
tresladasiones,6
iquitos,6
laredo,6
synagoge,6
rasd,6
ísland,6
individuala,6
malorozamente,6
vinya,6
hazanim,6
bitola,6
gimel,6
deklarasiyon,6
vietnameza,6
alexandra,6
giovanni,6
amina,6
antikitá,6
reformistas,6
pictures,6
avyertura,6
komersyo,6
ahora,6
hudson,6
river,6
amore,6
maximiliano,6
manseves,6
louise,6
konvensiones,6
hija,6
muchiguó,6
gutenberg,6
granos,6
akavar,6
rut,6
sinkenos,6
uvikadas,6
come,6
èt,6
emperatrisa,6
apresentava,6
asustado,6
avriya,6
mondialos,6
sevada,6
muammar,6
bavli,6
monclova,6
chiapa,6
tresladasiyon,6
akseptava,6
hacer,6
sua,6
aharvada,6
manantiales,6
gramática,6
sharfos,6
jehova,6
djovenos,6
keso,6
lishán,6
vernacular,6
malayalam,6
kolonializmo,6
indijenos,6
buenaventura,6
kandidatas,6
catalina,6
pleven,6
ospitales,6
yapto,6
soerjosoemarno,6
akava,6
kreyensya,6
vestidos,6
brasiliana,6
twitter,6
gerreyaron,6
portuguez,6
yisraelianas,6
transkavkazia,6
mesianiko,6
sementeryo,6
civil,6
rae,6
ariva,6
ürümqi,6
sidra,6
huejotzingo,6
simiteryo,6
eskaleras,6
almaty,6
bishkek,6
hotan,6
kreyian,6
martha,6
archaeology,6
edited,6
pedra,6
england,6
azian,6
inés,6
mahmoud,6
kompozador,6
bwv,6
walter,6
korrer,6
arctotherium,6
ursavus,6
cartier,6
ottawa,6
djurnalisto,6
raúl,6
ombeliko,6
basilika,6
comerciales,6
luciuk,6
mace,6
holod,6
into,6
documents,6
ranh,6
aleom,6
auma,6
yulio,6
astana,6
semanadas,6
amostradas,6
críticas,6
ayam,6
komision,6
seguritad,6
democracia,6
diplomatika,6
decir,6
azeitim,6
urú,6
expulsion,6
sosyetes,6
mirbeau,6
affaires,6
maldonado,6
electoral,6
mural,6
televizion,6
klausura,6
kampamentos,6
huersos,6
emblema,6
łobez,6
grijalva,6
martir,6
bufadora,6
venda,6
sekanias,6
kapiyas,6
desvelopado,6
tlachco,6
katena,6
galanos,6
arista,6
morando,6
llano,6
kuenko,6
otomíes,6
pai,6
mandamiento,6
djenetikas,6
unam,6
tecnología,6
montemayor,6
gaspar,6
prokuktos,6
serpyentes,6
méndez,6
purépecha,6
soconusco,6
akron,6
mesoamérika,6
lucas,6
enriquez,6
llegada,6
kuanasïjuatu,6
lonjas,6
uruapan,6
ortiz,6
slalom,6
aresividas,6
bartolo,6
behora,6
barra,6
treinador,6
ranking,6
espinoza,6
máximo,6
matehuala,6
cabos,6
momax,6
yukatán,6
amealco,6
texcalyacac,6
djenetika,6
fayard,6
capulhuac,6
luvianos,6
otzoloapan,6
tetepango,6
tenabo,6
donato,6
carrillo,6
tecomán,6
temixco,6
raquel,6
palizada,6
calakmul,6
riohacha,6
metztitlán,6
pando,6
rondônia,6
chocó,6
guaviare,6
sacatepéquez,6
hecelchakán,6
tocantins,6
zacapa,6
tumbes,6
despartamento,6
tlahuelilpan,6
meleagris,6
šiprage,6
singles,6
gökçen,6
zinacantán,6
balancán,6
amalgam,6
atassi,6
wilamowice,6
nayla,6
malika,6
özsoy,6
ziynet,6
ypj,6
sdf,6
feminista,6
fatimata,6
pavey,6
imola,6
aniyar,6
criminología,6
trotta,6
chikli,6
laput,6
deshadura,6
camila,6
schwarze,6
zeit,6
sega,6
discos,6
hd,6
xmb,6
syeriko,6
spaniya,6
ayga,5
wiki,5
jimmy,5
esforso,5
lójika,5
zoolojiya,5
botanika,5
ente,5
denominados,5
aseptada,5
utilidad,5
evolusión,5
astros,5
okupan,5
okurren,5
astronomia,5
nacido,5
astrolojiya,5
determinados,5
temprana,5
eksepsion,5
planetas,5
lonjitudes,5
usados,5
estableserse,5
rayos,5
unikamente,5
lograr,5
konosimyento,5
intenta,5
alkanse,5
unifikasion,5
atomika,5
rokosas,5
aprendizaje,5
afirmasiones,5
aritmetika,5
ambito,5
newton,5
definen,5
lojika,5
komienzos,5
artifisiala,5
fundamentos,5
analitika,5
variasiones,5
álgebra,5
teorema,5
hipótesis,5
fundamental,5
matemáticas,5
komplejo,5
usan,5
antiguos,5
logos,5
abarka,5
dirijidos,5
investigasión,5
dékadas,5
aplikado,5
atensión,5
itzá,5
creta,5
kondukta,5
kestiones,5
realiza,5
istórikamente,5
istórikos,5
surjen,5
parselas,5
normativa,5
posesión,5
obligasiones,5
prosesal,5
rodea,5
agustin,5
tenyian,5
propiamente,5
tzu,5
relato,5
fenómeno,5
dirijo,5
klasifikada,5
ordenados,5
geomorfolojiya,5
ekonómikas,5
determinasion,5
kodigos,5
interaksión,5
individuos,5
aristóteles,5
organismo,5
superar,5
denominan,5
kontemporanea,5
mui,5
trabajos,5
akabada,5
sombra,5
darle,5
produsido,5
trupas,5
kuevas,5
enkontran,5
pilares,5
mejora,5
kronikas,5
mitolojiyas,5
dichas,5
esensiales,5
ausensia,5
kategoría,5
yoruba,5
mikronesia,5
ladron,5
subterraneo,5
artistikos,5
orijinario,5
benveniste,5
modernidad,5
diskurso,5
artistikas,5
praktikas,5
izmo,5
sihizmo,5
ateizmo,5
abreviatura,5
aventuras,5
produjo,5
mudo,5
tono,5
dibujos,5
animados,5
kane,5
silensio,5
elia,5
abierta,5
roberto,5
rumbo,5
oliver,5
stone,5
revolusionaria,5
theo,5
paleolítiko,5
visible,5
oportunidad,5
seksion,5
klasikas,5
esena,5
eskultores,5
kabayo,5
muro,5
sovresale,5
sakar,5
herramientas,5
yeso,5
kaliza,5
konservasion,5
destakada,5
obliga,5
akabado,5
haser,5
pelo,5
pekenyas,5
tamanyos,5
hierro,5
sinetika,5
fabrikas,5
sometido,5
kasino,5
konosemos,5
seno,5
hermann,5
suiso,5
patentes,5
iguala,5
ronald,5
apresentando,5
ekivalensia,5
djusto,5
elsa,5
moises,5
elevados,5
ofisina,5
suiza,5
estadístikas,5
dekadas,5
sientífikos,5
mirando,5
demostrado,5
elegante,5
kuarto,5
dezia,5
enlase,5
paralelamente,5
kalkula,5
inisial,5
ekivalentes,5
uniforme,5
fuersas,5
destakado,5
abba,5
prezidensia,5
revela,5
soy,5
elijir,5
dados,5
space,5
bertrand,5
brian,5
lord,5
carol,5
liderazgo,5
tanbiyen,5
semitika,5
tavla,5
akadio,5
enklaves,5
konsonantes,5
meridional,5
nosotros,5
sueño,5
favlantes,5
kadaldia,5
dunke,5
linguistos,5
marrokanos,5
propria,5
provienen,5
adjektivos,5
freskos,5
israélite,5
universelle,5
sigun,5
ambezada,5
rekuperar,5
ellas,5
keilot,5
nueve,5
sustantivos,5
patrones,5
kompuestos,5
echar,5
roz,5
memorias,5
destakar,5
viktor,5
serrano,5
tradusido,5
kishot,5
peryodo,5
obligado,5
difikultades,5
depues,5
belgrado,5
alejandria,5
march,5
matitiahu,5
líbano,5
supuestamente,5
sufrir,5
magno,5
aumentar,5
poderoso,5
tunisia,5
hannon,5
protejido,5
kompra,5
desidieron,5
influyentes,5
dependensia,5
traer,5
bashar,5
oposision,5
mensiona,5
derrotado,5
asosiada,5
aga,5
mersenarios,5
puestos,5
navegante,5
enemigo,5
permanesio,5
konkistar,5
kartajinesas,5
plaga,5
firme,5
emerjente,5
kaptura,5
mamertinos,5
enviar,5
kulturalmente,5
poblada,5
situados,5
makabeos,5
kartas,5
diesiseis,5
akabaron,5
baltasar,5
claudio,5
cuyo,5
ekonomisto,5
munços,5
fyeles,5
monoteistas,5
peregrinos,5
kandelabro,5
diktan,5
denominasion,5
marrokana,5
limites,5
palestinas,5
municipality,5
law,5
dhekelia,5
barbuda,5
neerlandesas,5
bahamas,5
burundi,5
helena,5
kaiman,5
kuwait,5
kaledonia,5
osetia,5
sentroafrikana,5
somaliya,5
sudafrika,5
tobago,5
vanuatu,5
yerva,5
kapas,5
kosteras,5
efektos,5
derivadas,5
ordenadores,5
aula,5
utilizando,5
kompartido,5
aparato,5
tratan,5
satisfaser,5
kómo,5
puro,5
finanzas,5
diktadura,5
liberalismo,5
radikal,5
derecha,5
kreando,5
pruebas,5
previsto,5
design,5
aplikar,5
práktikas,5
koneksiones,5
eksplorar,5
jenerar,5
dijitales,5
biokemika,5
mete,5
konstituido,5
moscona,5
poezia,5
kristyano,5
contact,5
proceedings,5
trayido,5
apresentasion,5
more,5
night,5
propoza,5
transforma,5
destruida,5
bolivariana,5
kristobal,5
brega,5
toparse,5
vientos,5
merida,5
visepresidente,5
pozo,5
ejemplos,5
lara,5
televisión,5
kadenas,5
precios,5
masivo,5
boom,5
artículos,5
opinión,5
primitivo,5
destinada,5
monarshia,5
penyon,5
gomera,5
pazo,5
inkluia,5
mussolini,5
repuvlikanos,5
enfrentamientos,5
masizo,5
vigo,5
segonda,5
oksitana,5
intoleransia,5
huyeron,5
adoptar,5
bachiyerato,5
apostol,5
ochobre,5
karnavales,5
mudejar,5
ciencias,5
mediterraneos,5
laud,5
pidal,5
museos,5
mantenido,5
intension,5
majoria,5
faze,5
kumplen,5
perder,5
isieron,5
bibliotekas,5
aber,5
aora,5
modesto,5
denis,5
bernardino,5
kontener,5
dista,5
debió,5
castilla,5
visitada,5
toulouse,5
organisada,5
adelantado,5
ledjilastiva,5
djutisia,5
krimen,5
kompartida,5
diretos,5
asilo,5
vendidos,5
sivdadania,5
entretenimyento,5
kolonizasion,5
munsipio,5
tetuán,5
agricultura,5
djuegan,5
aglomerasion,5
genova,5
neerlandeza,5
roubaix,5
mijores,5
wuhan,5
musée,5
fluvial,5
nisa,5
djerevan,5
cartagena,5
manila,5
tolosa,5
mons,5
brevemente,5
invadido,5
kazalinos,5
endustrias,5
fransezes,5
teorias,5
fc,5
diminutivo,5
djudyo,5
ayudaron,5
guerta,5
magunsia,5
lopez,5
empesa,5
renombrada,5
antiguedad,5
espandida,5
ryal,5
umanidades,5
ildefonso,5
destakados,5
oriya,5
diskutido,5
lahore,5
envezes,5
vela,5
alkun,5
biolojia,5
especies,5
notar,5
félix,5
partikularmente,5
márquez,5
mai,5
traduksión,5
galardones,5
esteban,5
pieza,5
napoleon,5
vosges,5
aproximadamente,5
mare,5
vendio,5
postal,5
almeria,5
empezo,5
estratejika,5
kontan,5
rekonosidas,5
ekonimia,5
lavoradores,5
teruel,5
apartaja,5
himnesias,5
pitiusas,5
aparisiones,5
bisantino,5
grandemente,5
otonomia,5
defendiendo,5
eskojer,5
buz,5
tudas,5
agradavle,5
ancha,5
pov,5
ine,5
romanya,5
organika,5
konseiyeros,5
nombrados,5
merindades,5
internos,5
catalunya,5
euskadi,5
ensenyar,5
jaime,5
lerida,5
danzas,5
alcalá,5
yana,5
vasco,5
adas,5
bordeado,5
organizada,5
pone,5
marcas,5
nasionalos,5
umbria,5
ardjel,5
ain,5
enkanto,5
avenidas,5
afinkan,5
kastelyon,5
avram,5
yakup,5
pase,5
sevi,5
ventura,5
apartene,5
rumanos,5
moldava,5
kabildo,5
pertenensia,5
separasion,5
peshes,5
galano,5
pishkadores,5
deutsche,5
piero,5
inventor,5
eskrivano,5
mona,5
pontes,5
arekojeron,5
defendio,5
braso,5
adelanto,5
kitando,5
konformavan,5
medeyin,5
vermont,5
formaron,5
akumuladas,5
protestaron,5
neerlandezos,5
paizajes,5
aproksimativamente,5
novyembre,5
mierkoles,5
huego,5
arvit,5
organisadas,5
minha,5
demandando,5
meldados,5
asender,5
eruv,5
freska,5
ambezaron,5
forno,5
lampa,5
kuzinar,5
kazos,5
markada,5
yoro,5
baltika,5
teknolojia,5
moderado,5
fischer,5
prosedente,5
almanas,5
ateismo,5
pensadores,5
oportunidades,5
patagonia,5
manifiestos,5
djogado,5
australis,5
abian,5
kolonizasión,5
trato,5
australianos,5
hava,5
inkluzo,5
smyrna,5
destruyó,5
principalmente,5
amijoraron,5
indikativo,5
partisipio,5
nominativo,5
vado,5
adjustando,5
djermanikas,5
konosian,5
evrasya,5
erudito,5
nomadas,5
koloniales,5
konstruyir,5
krusada,5
sahel,5
arkipélago,5
jure,5
misturados,5
portugezo,5
adultos,5
afrikanas,5
domina,5
surjir,5
protestantismo,5
asosiasiones,5
superfisye,5
kuvijada,5
syempre,5
fraza,5
hohmá,5
edukar,5
deskriven,5
tevá,5
garganta,5
piedre,5
muere,5
kontado,5
bavá,5
refranes,5
rezos,5
patrick,5
editores,5
folk,5
selebrasiyon,5
salon,5
agríkola,5
selebrado,5
oficina,5
bahá,5
inkluida,5
ekstendida,5
musulman,5
saudí,5
aziz,5
mistiko,5
merkatos,5
dirijir,5
kings,5
llevar,5
viva,5
perfect,5
chibcha,5
datasion,5
veces,5
babel,5
povlasiones,5
pichona,5
kerian,5
mudaron,5
istoriya,5
galez,5
francez,5
embarko,5
jamaika,5
alegria,5
saya,5
carmelo,5
