word,count
ва,10805
тир,5932
авай,5288
йисан,4939
райондин,4884
йисуз,4579
хуьр,4396
лагьай,3865
лезги,3474
йис,3408
агьалияр,3311
элячӏунар,3160
вири,2829
са,2791
чӏехи,2641
пата,2637
галаз,2587
хуьрер,2517
кас,2479
баянар,2344
виш,2309
хуьруьн,2210
дагъустан,2196
республикадин,2121
тӏвар,2098
хьана,2090
км,1836
алай,1829
хуьре,1763
дагъустандин,1640
адан,1582
ава,1573
юкь,1567
дин,1549
килигна,1540
ам,1531
сад,1469
география,1468
кьилин,1423
район,1422
шегьер,1418
чӏал,1412
уьмуьр,1381
тарих,1378
ада,1350
урусатдин,1337
хуьруьнсовет,1331
районда,1329
пара,1318
ала,1215
виридалайни,1213
квай,1198
рагъакӏидай,1195
чӏавуз,1194
чка,1189
агьалийрин,1189
вичин,1180
пай,1163
кьадар,1151
акатзава,1138
къачунин,1136
яз,1136
администрациядин,1128
юкьван,1106
акатзавай,1105
рагъэкъечӏдай,1052
мусурманар,1047
арада,1028
кьибле,1026
арадал,1025
кьван,1014
кьурвал,1007
гьукуматдин,977
гьакӏни,929
суни,921
гзаф,921
яргъал,888
хьиз,869
сайт,859
цӏийи,858
йисара,853
талукь,839
официал,829
малуматрив,826
гьа,815
вилик,814
касди,803
маса,802
агьалидин,798
шегьердин,789
жезва,768
вини,754
дуьньядин,752
хьанвай,752
сиягьдиз,750
урусат,746
къене,742
дидедиз,734
хуьруьнсоветдик,733
чи,731
кьве,729
хва,723
халкьдин,720
галай,719
шаир,719
чӏалан,714
сифте,712
кефер,710
урус,698
азербайжандин,697
кцӏар,696
лезгияр,693
азербайжан,678
чӏалал,671
патал,667
вилаятдин,666
империядин,666
амма,665
кьулухъ,664
йисалай,640
стӏал,632
ийизвай,612
хуьруьнсоветдин,612
куьч,611
ван,607
садлагьай,602
вацӏун,596
чӏалар,589
хъачмаз,588
абур,587
хьунин,585
кьиле,584
округдин,576
патан,573
абурун,567
акуша,562
ахцегь,561
чара,560
кьунва,559
чпин,559
агъа,540
йисариз,536
дербент,532
дегь,530
эдебият,526
дегиш,525
хуьрелай,525
тарихдин,523
лап,518
хайи,518
гъилик,514
яшамиш,512
куьре,506
вакъиаяр,505
чкадал,499
шегьерар,495
авуна,493
гьалтайла,492
хьайи,483
самур,480
гьалзавай,478
жезвай,470
бине,461
сулейман,455
къавкъаздин,451
им,450
ина,449
динамика,447
административ,445
европадин,437
рутул,437
муниципалитет,437
югъ,434
пуд,430
мектеб,430
йисарин,428
асул,426
шегьерда,419
адаз,419
кьурагь,415
хьанай,414
сиягьриз,411
кеферпатан,409
империядик,409
шумуд,403
кьил,403
гьар,394
дарги,394
мукьвал,394
кефердинни,392
агъзур,392
эрадин,391
райондик,387
гьукумат,386
хуьруьнсоветар,386
ул,385
халкьарин,384
кардик,377
гъвечӏи,376
гьуьлуьн,375
агъзурни,374
шаирар,371
чилер,370
дяведин,368
кьиблединни,368
малуматар,363
патахъ,360
республика,359
халкьар,359
гилан,359
патай,358
мсб,357
майдан,356
тӏимил,355
авайди,355
жуьре,350
ксар,348
нетижайриз,343
гана,343
фена,339
гвай,334
хив,329
тӏварунихъ,326
советрин,326
кьиблепатан,325
хъсан,325
шиирар,324
санал,324
суван,320
шегьердилай,320
дуьньяда,318
округдихъ,318
пад,316
кьвепеле,313
гуьгъуьнлай,312
зурба,312
къачуна,311
авар,310
мегьарамдхуьруьн,307
абурукай,306
наибвалдиз,306
эгечӏна,305
америкадин,304
цин,304
араб,304
уьлкведин,302
чилерал,299
аваз,299
хьанва,298
алим,297
куьруь,295
яргъи,294
рехъ,292
чӏаларин,291
лугьудай,291
ботлих,291
илимрин,291
туьрк,289
эсерар,288
кьведлагьай,286
абуру,286
григорийдин,285
малуматриз,284
кӏвалахна,283
кьунвайди,282
акатнай,281
вич,280
дяве,280
авур,276
сувун,276
туш,275
ахпа,274
федерациядин,274
чилин,273
бабаюрт,273
малум,272
гафар,269
кьунвай,268
хьтин,268
буйнакск,266
умуми,265
чӏаваргандал,264
нугъат,263
куьтягьна,263
тухузвай,261
кутунай,261
ийизва,260
авунай,260
муькуь,258
сайтуна,258
тӏварар,257
кьакьан,256
вацӏ,255
гъейри,255
сиягь,255
ибарат,253
вилаят,253
цӏуру,253
гузвай,252
илимдин,252
дагъустанда,251
азербайжанда,251
ква,251
районар,250
экономикадин,250
саки,249
терг,247
ийиз,246
университет,245
гегьенш,243
зарияр,242
зари,240
кьулан,239
млн,237
анжах,237
чемпион,236
уьмуьрдин,235
виридалай,235
хьи,234
чкаяр,234
машгьур,234
анди,232
физвай,231
жеда,230
бязи,229
мадни,228
кьуд,226
ссср,225
райондихъ,225
асш,224
кар,224
лайихлу,223
хуьрерихъ,222
чирвилер,221
сан,221
халкь,220
гьисабдалди,219
тушир,219
гила,219
на,219
хьун,219
тирди,218
нетижада,218
дережадин,216
агъул,216
фад,215
хьайила,215
кьена,215
чкадин,214
гаф,214
гьаким,214
акъатна,211
кьуна,210
литературадин,210
мана,210
округ,209
хуьрерин,208
суварар,208
мо,208
метлеб,207
лезгийрин,205
къурбан,205
эцигна,204
вахтунда,204
даргияр,204
авачир,203
мад,203
винел,203
поселение,203
милли,202
акъудна,201
гьуьл,201
хуьруьз,201
хуьруьнжемятдик,200
аварар,200
табасаран,198
исмаиллы,198
кӏвал,197
буба,197
ана,196
ятӏани,195
эхиримжи,195
туькӏуьрзава,195
футболдин,195
паталай,194
атана,194
инсанар,193
сергокъала,193
кьилди,192
кваз,192
кьадарда,192
диндин,191
руш,191
яру,190
хан,189
гьавиляй,189
докъузпара,189
яд,188
къуба,187
авун,186
миллетрин,186
сеферда,185
элкъвена,185
москвадин,185
ахвах,185
гузва,184
агъадихъ,183
иниз,182
чӏаван,182
атанвай,181
кӏелна,180
мягьле,180
эгечӏзавай,180
чӏулав,179
гьукуматар,179
рахазва,178
тахминан,178
океандин,177
ингл,177
манияр,177
ельское,177
тек,176
аль,176
член,176
миллетдин,175
йисал,175
виликан,175
лагьайтӏа,173
официальный,173
кхьираг,172
ихьтин,171
жегьил,171
чӏалаз,171
сергьятра,170
кӏеви,170
вацӏар,170
вацӏал,169
ватандин,169
москва,169
тунвай,169
хуьрера,168
береда,168
гуьгъуьнин,168
дуьз,167
ганвай,167
хуьруькай,167
магьачкъала,166
испаниядин,166
федерал,163
шегьеррин,163
гъанвай,163
кутуна,163
литература,162
мукьва,162
йиса,162
менфят,161
еке,161
гьажи,161
яргъивал,160
чеб,160
патав,160
виниз,160
де,159
да,158
жуьреба,158
рагьметдиз,158
германиядин,158
ибн,157
хкаж,157
яни,157
ама,157
кӏвалах,156
жез,156
институт,156
девирдин,155
мектебда,155
университетдин,155
экономика,154
абуруз,154
мегьамед,154
кхьенвай,153
гатӏумна,153
куьредин,153
хзан,152
эцигнай,152
баку,150
гала,150
девирда,150
миллион,150
пак,150
хуьряй,149
къугъвадайбур,149
цӏахур,148
али,147
рим,147
хас,146
кьетӏен,146
агьали,146
сув,146
тарсар,145
йисалди,145
кьилдин,144
патаз,144
азад,144
хуьруьнсоветда,144
статус,143
метр,143
мумкин,143
нетижайрин,143
язва,143
патахъай,142
культурадин,142
йисар,142
гуржистандин,142
нах,141
туькӏуьрнавай,141
китайдин,141
сергьятдин,140
жедай,140
эцигнавай,140
кӏватӏал,139
сувар,139
къвезва,139
азербайжанар,139
чӏала,139
африкадин,139
сулейманан,139
футболист,139
ислам,138
температура,138
туькӏуьрна,137
гьакӏ,137
вучиз,137
кубок,137
къейд,136
италиядин,136
спортдин,136
санкт,135
махачкала,135
газет,134
вичиз,134
лагьана,134
кӏвалер,134
къвез,134
римдин,134
кутунвай,133
майишатдин,133
татар,133
латин,133
лугьузва,133
ибур,132
муаллим,132
булах,132
алфавит,131
лас,131
атанвайди,131
физва,131
артист,131
муниципалитетдин,131
гергебиль,131
женг,130
акъатзава,130
куьмекдалди,130
месела,129
нугъатар,129
тарумовка,129
акьалтӏарна,129
лугьузвай,128
урусар,128
кьерел,128
кӏвалахзавай,128
португалиядин,128
къвезвай,127
гьеле,127
чапла,127
урусрин,127
политикадин,127
шикилар,127
рикӏ,127
муниципалитетдик,127
чӏаларал,126
авач,126
крар,126
музыкадин,126
кӏвалахар,125
климат,125
чилерин,125
атанай,125
дяведа,125
гъалиб,125
фейи,125
чир,125
урусатда,124
жемятдин,124
кьилиз,124
амай,124
англиядин,123
паб,123
село,123
къалурзавай,122
вад,122
кӏуьд,121
арадиз,121
ктаб,121
рекьяй,121
уьлкве,120
чими,120
туькӏуьр,120
империя,120
ахъа,120
франциядин,120
кхьинар,119
аслу,119
табасаранар,119
ийидай,119
асср,119
гьисабзава,119
пачагь,119
система,118
советдин,118
къалурнава,118
эгьлияр,118
чил,118
москвада,118
кандидат,118
европада,117
гуьгъуьниз,117
президентдин,117
медениятдин,117
аял,117
совет,116
кӏаник,116
рекье,116
кӏватӏ,116
эфенди,116
диде,116
къирицӏ,116
лат,115
чпиз,115
эхирда,115
къарардалди,115
островар,115
мискӏин,115
эхирдал,115
майдиз,114
ракьун,114
къачунвай,114
лугьуз,114
куьмек,114
нугъай,114
вацран,113
уьлкведа,113
хуьруьхъ,113
гудай,112
иштираквал,112
хуьн,112
чӏалалди,112
авунин,112
идара,112
ирид,112
акьалтӏарнавайбур,112
орден,112
зи,112
автор,112
чемпионатдин,111
клубдин,111
тамам,110
ди,110
генерал,110
азиядин,109
инсан,109
девир,109
затӏар,109
икӏ,109
дережа,109
гьукум,108
кефердин,108
ихтияр,108
инглис,108
шегьердиз,108
майишатар,108
кьегьал,108
ракъинин,107
чирна,107
туькӏуьрзавай,107
кхьена,107
тухвана,107
абу,107
кӏвалахзава,107
пермдин,107
орёл,107
алаз,106
адак,106
президент,106
ганай,106
инсанрин,106
алпан,106
январь,106
къуват,106
союздин,106
жигьетдай,105
садахъ,105
акъуднай,105
мектебра,105
сифтегьан,105
авунвай,105
къайтагъ,105
къазмаяр,105
районра,104
кьибледин,104
стха,104
группа,104
вишни,104
республикада,103
гьалтзава,103
санлай,103
гъиляй,103
январдиз,103
уьлквейрин,103
китай,103
хасавюрт,103
хинелугъ,103
сельсовет,103
паталди,102
хабар,102
мугьаммад,102
жуьреяр,101
акатна,101
дербентдин,101
вилаятда,101
вахтара,101
гьалдин,101
рекьин,101
тарихда,101
крайдин,101
футболдай,101
къенепатан,100
кьазва,100
александр,100
августдиз,100
ругуд,100
къеле,100
экечӏна,100
фарс,99
аксиниз,99
яна,99
атай,99
магьачкъалада,99
суварин,99
къенин,99
олимпиядин,99
фк,99
районди,99
себеб,98
ал,98
гьукуматди,97
хуьзвай,97
адалай,97
уругвайдин,97
лацу,96
чкада,96
алайди,96
лезгистанда,96
гадарнавай,96
март,96
кӏвале,95
сиясатдин,95
каспи,95
химиядин,95
акъатнай,95
клуб,95
агъуз,95
муьжуьдвишни,95
тӏебиатдин,94
сергьятар,94
индиядин,94
доктор,94
газетдин,94
диб,93
алакъалу,93
къати,93
паюнар,93
акси,93
за,93
ссрг,93
кӏвалин,93
иридвишни,93
гъанай,92
къерехда,92
гваз,92
мартдиз,92
кь,92
вичи,92
кьвед,92
профессор,92
чапдай,91
зур,91
вацра,91
пудлагьай,91
гьатнава,91
рикӏел,91
филологиядин,91
жедалди,91
абурук,90
миллетар,90
эцигай,90
туна,90
цӏуд,90
ксарин,90
имам,90
статистика,90
изд,90
чемпионат,90
бакуда,89
инихъ,89
история,89
гьайван,89
лишан,89
тӏебии,89
районрин,89
магьалдин,89
сергьят,89
сур,89
къугъвана,89
чӏехиди,89
кьакьанвал,89
къизил,89
шамил,89
дасср,89
уф,89
къачузвай,88
рахазвай,88
къавкъаз,88
акъатзавай,88
пӏир,88
грекрин,88
чан,88
гьайванар,87
хел,87
кӏанзавай,87
алфавитдин,87
илим,87
ганва,87
терек,87
чирвилерин,86
эгьлийрин,86
къваларив,86
юкьва,86
кьушунрин,86
кьушунар,86
къецепатан,86
агакьна,86
эрчӏи,86
тахьайтӏа,86
шейх,86
килиг,86
кьадардиз,85
эгечӏнай,85
гьарф,84
агъулар,84
алпандин,84
бинедин,84
эрмени,84
мукьув,84
мисал,84
ярагъ,84
далай,84
чкайра,83
кьилел,83
кутур,83
тайин,83
гун,83
тайинарна,83
карты,83
кубокдин,83
девлетлу,82
инсандин,82
къалурзава,82
герек,82
культура,82
округар,82
рекьелди,82
чӏалай,82
журналист,82
мукь,82
адахъ,82
премьер,82
клиса,82
фикир,82
кьабулна,81
дараматар,81
регьбервал,81
кхьирагар,81
садхьанвай,81
нью,81
ахцегьрин,81
уьмуьрдикай,81
алимар,81
вир,81
февраль,81
бежта,81
хзандиз,80
зегьметдин,80
гьатта,80
группадик,80
хзанда,80
туькӏуьрнай,79
ирандин,79
ятар,79
тавуна,79
аялар,79
дережадилай,79
гьамиша,79
будугъ,79
топографические,79
германия,78
иллаки,78
чӏавалай,78
ваъ,78
пишкешар,78
таъсир,78
гьалзава,78
по,78
чирагъ,78
кьасумхуьрелай,78
паюн,77
къавкъазда,77
композитор,77
атанва,77
эгьлийри,77
къачуз,77
пачагьдин,77
апрелдиз,77
къумукьар,77
лайихвилер,77
патаг,77
июлдиз,77
др,77
жуьредин,76
вацӏарин,76
адакай,76
къара,76
ни,76
адет,76
кхьенва,76
экъечӏна,76
шаирдин,76
гьисаб,76
гьал,76
декабрдиз,76
акатнавай,76
исятда,76
арандиз,76
мажбур,75
арадай,75
директор,75
иер,75
къачур,75
во,75
табасарандин,75
агалкьунар,75
эдебиятдин,75
партиядин,74
кьилера,74
гьалар,74
диз,74
бубадин,74
дал,74
гь,74
башламишна,74
институтдин,74
лакӏаб,74
рагъ,74
кӏватӏалдин,74
нуькӏвер,73
группадин,73
мм,73
гъана,73
словарь,73
бедендин,73
кеферни,73
варз,73
тухузва,73
итим,73
европа,73
ибаратдик,73
зун,73
футболистар,73
къе,72
рутулар,72
залан,72
дуьнья,72
кхьирагрин,72
см,72
лекь,72
гафарин,72
масакӏа,72
жезвайди,72
рахун,72
космосдиз,72
хъсандиз,72
октябрдиз,72
сихилрин,72
авачиз,71
кьадардин,71
цӏудралди,71
эхир,71
тафават,71
заридин,71
бразилиядин,71
къачузва,71
газетар,71
июндиз,71
мектебдин,71
чечнядин,71
етим,71
суьнни,71
иван,71
сурар,71
темир,70
экӏя,70
набататар,70
автономиядин,70
цӏахурар,70
португалия,70
британиядин,70
франция,70
иштирак,70
каспий,70
шурадин,70
крым,70
гуниб,70
ктабар,70
акъвазна,70
рсфср,70
пер,70
февралдиз,70
италия,69
гъизва,69
гуз,69
вахт,69
сентябрдиз,69
кӏан,69
йикъан,69
ийсан,69
ччара,69
къ,69
куьтягь,69
кӏвенкӏве,69
факультет,69
гуьгъуьна,69
масабур,69
къугъунар,69
тренер,69
кӏватӏурдин,69
квайни,69
алакъа,68
дуьздал,68
алимри,68
шагь,68
чин,68
лугьуда,68
физ,68
райондиз,68
гьукуматрин,68
акъудзавай,68
хвена,68
министр,68
гайи,68
эрменистандин,68
не,68
рикӏин,68
математикадин,68
карата,68
тафаватлу,67
идалай,67
дилай,67
энциклопедия,67
сефер,67
театрдин,67
юкьвар,67
депутат,67
педагогикадин,67
рахунар,66
муьжуьд,66
тамун,66
арабрин,66
надир,66
кхьиз,66
тирвал,66
грек,66
аялрин,66
кхьин,66
там,66
устӏар,66
ахъаюнрин,66
тӏварцӏин,65
авурла,65
тамар,65
гьавадин,65
тухун,65
кьабулнай,65
петербург,65
атлантик,65
ятӏа,65
алфавитдиз,65
мани,65
машгъул,65
премия,65
бакудин,64
шегьерра,64
адал,64
виридаз,64
гафуникай,64
тӏварцӏикай,64
кьун,64
ухшар,64
къведалди,64
бицӏи,64
юкъуз,64
миллет,64
владимир,64
ла,64
фикирар,64
вишйисан,64
вине,64
дуьньядиз,64
къази,64
тухудай,64
академиядин,64
нетижариз,64
кхьизва,64
азия,63
ара,63
хзандин,63
рамазан,63
гуржи,63
къазмайрин,63
цӏапар,63
украинадин,63
хьанвайбур,62
ятари,62
сергьятдал,62
рахазвайбурун,62
идан,62
язык,62
тар,62
чӏаларикай,62
регьбер,62
геж,62
региондин,62
гъиле,62
ханвал,62
дик,62
чувудар,62
садан,62
завод,62
эфендидин,62
академия,62
чуькьуьнвал,62
чинриз,62
ноябрдиз,62
идалайни,61
гъед,61
четин,61
цӏийиз,61
дишегьли,61
татарар,61
гьич,61
тат,61
стхавилин,61
халкьдиз,61
чувудрин,61
петербургдин,61
публицист,61
гатун,61
языка,61
уефа,61
кӏеретӏдин,60
вагьши,60
пул,60
гьава,60
фенвай,60
къайдада,60
чкайрин,60
элкъуьрна,60
кьабул,60
гьасан,60
туькӏуьрай,60
асшдин,60
гъавурда,60
амукьнава,60
чирзавай,60
алкьвадар,60
жемиятдин,60
цӏиргъинин,60
женгинин,60
сихилар,60
лигадин,60
премиядин,60
биография,59
медицинадин,59
халкьарикай,59
къачунай,59
михьи,59
гьакӏан,59
элкъвенай,59
рагъэкъэчӏдай,59
остров,59
француз,59
лишанар,59
садаз,59
драматург,59
михаил,59
цез,59
духтур,59
россиядин,59
участок,59
яхул,58
регион,58
лай,58
кьабулнавай,58
хьанач,58
эцигнава,58
бразилия,58
галкӏдин,58
кхьизвай,58
африка,58
къерехдал,58
алимрин,58
дагъустандиз,58
музей,58
таржума,58
шииррин,58
дагестан,58
корея,58
ятарин,58
манийрин,58
мегьарамдхуьрелай,58
чӏалакай,57
ассимиляция,57
мусурман,57
хуьрериз,57
векил,57
кьадардал,57
америка,57
яшамишдай,57
чӏур,57
къачурла,57
тухвай,57
ленинан,57
макъалаяр,57
гьисабдик,57
ноябрь,57
авунар,57
гол,57
чӏаланни,57
къумукьрин,57
затӏ,57
кьепӏир,57
карьера,57
парк,56
нугъатдал,56
чпи,56
аран,56
кьибледа,56
гатуз,56
несилар,56
гьатнай,56
эрменияр,56
давам,56
цӏай,56
тухванай,56
тӏуз,56
чилел,56
гьуьрметдай,56
къачун,56
африкада,56
аргентина,56
океан,56
хуьрерикай,56
тегьерда,56
кӏелзавай,56
районрихъ,56
улуб,56
чӏални,56
журналдин,56
захитӏ,56
тухуз,55
къизилдин,55
дявеяр,55
ватан,55
тешкилнай,55
сада,55
авахьзава,55
къимет,55
нидерландрин,55
эль,55
чӏавара,55
архитектурадин,55
гафарикай,55
ктабда,55
кӏанда,55
испания,55
заз,55
кардар,55
дагъустандихъ,55
нугъаяр,55
кӏвалахиз,55
къваларин,54
иран,54
кӏелиз,54
системадин,54
акъудзава,54
хьанвайди,54
чкадиз,54
россии,54
андияр,54
магьачкъаладин,54
акахьай,54
журналрин,54
кхьей,54
университетда,54
сиягьдик,54
языки,54
фу,54
округда,54
россия,54
майдандин,53
халкьари,53
къуллугъ,53
хьайиди,53
август,53
лезгийри,53
майишат,53
кизляр,53
чидай,53
алакьунар,53
состав,53
лучек,53
ийс,53
теория,53
садвалдин,52
диндал,52
михьиз,52
цӏиргъ,52
мал,52
инсанри,52
кӏел,52
фикирдалди,52
азияда,52
рекьер,52
гьатна,52
хуьдай,52
чар,52
философиядин,52
сергьятрин,52
къалин,52
женгера,52
сихил,52
кьилелай,52
крархъан,52
къведай,51
урусри,51
гъайи,51
спорт,51
кьиляй,51
лугьузвайди,51
адетдалди,51
чкӏанвай,51
миграгъ,51
фидай,51
имаратар,51
идараяр,51
саягъ,51
округдик,51
чемпионрин,51
гьам,51
ашукь,51
макьар,51
актёр,51
уртах,51
матч,51
австриядин,50
адетар,50
экъечӏзава,50
телеф,50
арадин,50
аксина,50
ур,50
квайди,50
эмир,50
хъувуна,50
лезгистандин,50
агьалийрикай,50
къванцин,50
зона,50
чечен,50
хилен,50
уьлквеяр,50
из,50
островдин,50
аквадай,50
сергей,50
редактор,50
кӏам,50
колхоз,50
лауреат,50
имарат,49
дяведалди,49
гуьнгуьна,49
гагь,49
атайла,49
шегьерриз,49
гва,49
чилериз,49
виридан,49
кьведра,49
чӏуру,49
кариб,49
мусурманрин,49
гьарфар,49
къугъвадайди,49
гуьней,49
хуьрерай,49
гьапут,49
газетрин,49
ахъайна,48
хилер,48
аквазва,48
гьайванрин,48
мумкинвал,48
къанунар,48
ихтиярар,48
армиядин,48
сср,48
крарин,48
гилани,48
икӏа,48
кьасумхуьруьн,48
кард,48
сят,48
къуруш,48
ибрагьим,48
кӏеретӏ,48
харусенятдин,48
край,48
чӏалариз,48
чӏаларай,48
эвез,48
тухванвай,47
гъил,47
ан,47
гзафни,47
атуникай,47
агьмед,47
хъуьтӏуьн,47
дяведилай,47
кӏус,47
юкьвара,47
хзандик,47
америкада,47
акъуддай,47
кьазвай,47
ингилис,47
географиядин,47
мирза,47
кӏватӏна,47
акъудун,47
авахьзавай,47
шегьердай,47
паюнин,47
кхьенай,47
кӏукӏ,47
асулдай,47
азар,47
археологиядин,47
алидин,47
эцигунин,47
эминан,47
жемиятдик,47
кьилер,47
символ,46
абдул,46
кесиб,46
гьи,46
адетдин,46
сев,46
ахьтин,46
къвердавай,46
къарабагъдин,46
виляй,46
шии,46
роман,46
зариди,46
рин,46
чили,46
техникадин,46
шегьеррикай,46
фенай,46
бинедал,46
йисарилай,46
акъатнава,46
цӏап,46
гьикӏ,46
жемиятдинни,46
дидедин,46
пайгъамбардин,46
тренерар,46
кутан,46
белгендин,46
километр,45
крайда,45
антилопаяр,45
къацу,45
туькӏуьрун,45
экъечӏзавай,45
себебдалди,45
авайбур,45
везифаяр,45
кьаз,45
дагестана,45
малумат,45
эсер,45
сикӏ,45
ахцегьа,45
амукьнавай,45
шрифтдив,45
кн,45
хунзах,45
институтда,45
кули,45
вилаятдик,45
аваррин,45
мягьлейрин,45
ойконимар,45
стӏалрин,45
къугъун,45
рио,45
гьана,45
наибвилер,45
антилопайар,44
туькӏуьрнава,44
аквазвайвал,44
ксари,44
штат,44
йорк,44
куба,44
заланвал,44
уьлквейра,44
чӏехибритания,44
жемят,44
хиве,44
амукьна,44
чилера,44
администрациярин,44
лос,44
наука,44
кутунвайди,44
хана,44
гьалда,44
чеченар,44
тв,44
лапагар,44
ччилин,44
усугъчай,44
хъутур,44
гьарфуникай,44
голар,44
куьчарнай,44
муаллимвиле,44
комитетдин,43
посёлок,43
агакьнай,43
кьуьд,43
сувара,43
набататрин,43
малар,43
хуьз,43
къубадин,43
малумарнай,43
закатала,43
меденият,43
эсеррин,43
лукӏар,43
гьисабзавайди,43
ракъурна,43
хуьрел,43
жегьилрин,43
до,43
атунин,43
славян,43
журнал,43
леваши,43
образование,43
туьркиядин,43
табасаранрин,43
кӏири,43
малдарвал,43
веледри,43
хтана,43
мария,43
аргентинадин,43
къугъунрин,43
цӏахуррин,43
римда,43
наибвилиз,43
ичӏизва,43
млрд,42
хуьзва,42
алатар,42
кьунай,42
элкъуьрнай,42
гьисабзавай,42
кӏватӏалда,42
амукьзавай,42
алакъаяр,42
май,42
векилар,42
районриз,42
хейлин,42
алатай,42
рельеф,42
вирер,42
яшамишзава,42
гьуьрмет,42
самурдин,42
вахтунилай,42
физикадин,42
чӏав,42
сайте,42
истории,42
къунши,42
яхулар,42
дяведиз,42
сиягьда,42
ред,42
гьяркьуь,42
девирдиз,42
кьудлагьай,42
жуван,42
зегьмет,42
къалинвал,42
кучукнава,42
стр,42
департамент,42
лига,42
ордендин,42
азербайжанрин,42
финифра,42
унитар,41
австралиядин,41
пайни,41
ранг,41
аравилин,41
заманадин,41
кьушунри,41
туьрквер,41
фронтдиз,41
жаваб,41
кьиникь,41
йисарра,41
хъуьтӏуьз,41
сихилдин,41
патара,41
ядай,41
лайих,41
чӏугвар,41
гьажиев,41
малуматралди,41
польша,41
тешкилат,41
дагестанская,41
акъатнавай,41
вуч,41
советский,41
къумукъ,41
хзанар,41
рум,41
акӏ,41
диссертация,41
дережада,41
цӏарцӏин,41
вилаятдихъ,41
къеце,41
къалурна,41
кӏватӏалра,41
сити,41
къартас,41
коми,41
къалажух,41
галерея,41
гад,40
кутунва,40
тамамдаказ,40
кьенай,40
гьахьна,40
тешкил,40
армия,40
нубатда,40
штатар,40
ирс,40
театр,40
ахцегьпарадин,40
акимов,40
паюна,40
гьукуматдиз,40
мадрид,40
махсус,40
рази,40
император,40
шамилан,40
хкяна,40
хабарар,40
дахада,40
къвалав,40
къугъвазвай,40
акъуднавай,40
кирам,40
колхоздин,40
ран,40
пис,40
турнир,40
суперкубок,40
артистар,40
кӏватӏур,40
кӏватӏалрин,40
хьайитӏани,39
малумарна,39
тпиг,39
чизва,39
пачагьвал,39
жемият,39
къуватлу,39
вахтунин,39
алакьдай,39
императордин,39
алудна,39
йисузни,39
колумбия,39
къерехар,39
рагъэкъечӏдайпатан,39
рагъакӏидайпатан,39
нугъатрин,39
уьмуьрда,39
объектар,39
секин,39
муьгъ,39
билиж,39
гъилин,39
станция,39
мулк,39
адавай,39
париж,39
япония,39
игит,39
гъалибвал,39
харапӏаяр,39
сагьиб,39
улу,39
кьенвай,39
сентябрь,39
физика,39
наук,39
эцигнавайди,39
карл,39
китайда,39
аллагьдин,39
сурун,39
социал,38
немец,38
вили,38
патани,38
нафтӏадин,38
агакьзава,38
чимивал,38
акъудиз,38
тайифайрин,38
эрадилай,38
исмаил,38
эрменийрин,38
декабрь,38
кӏеретӏар,38
садвал,38
актриса,38
карта,38
зул,38
эцигун,38
кг,38
мексика,38
чӏалахъ,38
квачиз,38
илимдинни,38
къван,38
акваз,38
кьейила,38
бег,38
авунва,38
кӏелун,38
галкӏ,38
сулак,38
рубас,38
къванер,38
ракъурнай,38
турциядин,38
чинар,38
шаирди,38
гуьне,38
кӏеле,38
чаз,38
майор,38
командадин,38
хтул,38
экв,38
элкъвенвай,38
ктабрин,38
булахар,38
анна,38
барселона,38
разивал,38
алиев,37
гьуьлуьз,37
туькӏуьриз,37
гекъигайла,37
тегьер,37
эмин,37
гражданвилин,37
хуьруьнвияр,37
кирилл,37
теснифна,37
къерех,37
штатрин,37
канада,37
островрин,37
пешекарвилин,37
атун,37
чна,37
теснифнавай,37
социализмдин,37
гуржистанда,37
усманрин,37
жемиятар,37
хьайидалай,37
акахьзавай,37
акахьна,37
чешмейра,37
вун,37
дуст,37
хуьруь,37
чкӏанва,37
бомбардир,37
юлийдин,37
инхело,37
австралия,36
макъала,36
демократиядин,36
арандин,36
шартӏар,36
къадагъа,36
гуьгъуьнлайни,36
регионда,36
регьбервилик,36
вилаятар,36
аслутуширвал,36
фадлай,36
штатдин,36
иеси,36
квачир,36
роль,36
ял,36
къаст,36
николай,36
телеканал,36
малла,36
чӏехибританиядин,36
октябрь,36
дербентский,36
къуллугъдал,36
каратаяр,36
нетижа,36
волга,36
хсуси,36
кутун,36
уругвай,36
гьахъ,36
туп,36
акъудай,36
чап,36
ярар,36
улубхана,36
ругудвишни,36
ахматова,36
федератив,35
чизвай,35
гьалтзавай,35
чешме,35
фенва,35
хуьнин,35
амукьаяр,35
чирун,35
гьалай,35
вирини,35
халкьди,35
аялриз,35
жерге,35
физавай,35
гъетер,35
амач,35
чӏаварин,35
вах,35
тарихдар,35
кӏама,35
алатайла,35
ахцегьпара,35
тарихдикай,35
куьлуь,35
эфендиев,35
пекин,35
фин,35
для,35
бул,35
авурди,35
председатель,35
виликди,35
философ,35
кизилюрт,35
къерехдин,35
герман,35
луис,35
ванер,35
гьалдиз,35
лежбервал,35
шиир,35
венгриядин,35
кӏватӏалар,35
ацукьнай,35
папа,35
рок,35
хуьруьнжемятдин,35
манчестер,35
сериал,35
тухунин,34
чирзава,34
гимн,34
сувари,34
кьери,34
чкайриз,34
удияр,34
муьтӏуьгъ,34
июль,34
кьатӏ,34
хци,34
карда,34
физава,34
вашингтон,34
кутазвай,34
сссг,34
кубадин,34
тум,34
кьушундин,34
векилри,34
къуллугъдин,34
драмадин,34
харапӏайриз,34
къала,34
украина,34
ацукьна,34
чиле,34
гуьгъуьнай,34
улубда,34
дарамат,34
акъудунин,34
чемпионар,34
дидед,34
тӏуьнар,34
мира,34
акъатай,34
французрин,34
абдуллагь,34
важибвал,34
хтун,34
гелхен,34
осман,34
хосе,34
кафедрадин,34
атайди,34
словакиядин,34
коммунист,33
тахьана,33
кьуьзуь,33
миллиондилай,33
къедалди,33
тамара,33
июнь,33
тарар,33
кеспиятдин,33
процесс,33
уди,33
кореядин,33
юпик,33
агъзурдилай,33
акьалтӏай,33
территория,33
къарагъун,33
туризмдин,33
этимология,33
хазар,33
ягъунра,33
медресада,33
лондон,33
чида,33
капитан,33
инуит,33
тбилиси,33
къарар,33
ростов,33
миллетдай,33
алахънавай,33
клисадин,33
библиотека,33
сувал,33
кьасумхуьр,33
кишпирдин,33
халис,33
вил,33
мисри,33
касдин,33
стихи,33
терекемеяр,33
коды,33
кӏватӏнавай,32
бередин,32
гатӏумнай,32
регионар,32
спб,32
газетда,32
басма,32
тестикьарна,32
тӏварни,32
къайда,32
гьисабдиз,32
тӏул,32
яшамишзавай,32
акьван,32
бинеламиш,32
гьасил,32
князь,32
девлет,32
дерин,32
рухун,32
кукӏвар,32
мус,32
дагестанское,32
гьазурзавай,32
себебар,32
гуржистан,32
лезгийриз,32
сибирдин,32
гьисабдин,32
кумух,32
немецар,32
кубачи,32
цӏар,32
басмадай,32
кӏанзава,32
англия,32
ли,32
улубар,32
вахтар,32
чемпионатда,32
амукьнай,32
дявевилин,32
хъенчӏин,32
турцияда,32
лак,32
очеркар,32
ергуьж,32
штул,32
акатнава,32
недай,32
района,32
сайтда,32
лев,32
швейцариядин,32
хуьдайди,32
капӏ,32
окато,32
къерехдихъ,31
касдиз,31
шура,31
вацӏалай,31
чӏехивилел,31
виже,31
бегьем,31
хъуьтуьл,31
гелер,31
вирида,31
секретарь,31
шумудни,31
алеут,31
иштиракна,31
киев,31
рекьерин,31
чиледиз,31
рекьел,31
паяр,31
кӏватӏалдик,31
классик,31
халкьариз,31
провинция,31
чувуд,31
вацӏуз,31
мурад,31
хуш,31
хуьруьг,31
чепер,31
хъфена,31
президиумдин,31
райондикай,31
январьдиз,31
винихъ,31
административно,31
бес,31
варцар,31
вилер,31
анихъ,31
къарачай,31
осетия,31
чечня,31
ценерив,31
тарки,31
барабар,31
машинар,31
спортсмен,31
гьамни,31
словак,31
зуростровдин,31
народов,31
тӏебиатдикай,31
гьакъикъи,31
гунин,31
кавказа,31
гимишдин,31
куьчери,31
дербентда,31
къадим,31
намус,31
гъизвай,31
артух,31
женгер,31
йисаррин,31
москвадиз,31
кӏелдай,31
кьиса,31
чӏурар,31
фифа,31
акъажунар,31
том,31
гьуьрметдин,31
советринни,31
дженгутай,31
шегьервилин,30
доллар,30
хвереж,30
климатдин,30
ширвандин,30
шуьтруь,30
кӏанин,30
таъсирдик,30
тӏебиат,30
къирицӏар,30
гьукумдик,30
яргъалди,30
чун,30
зайиф,30
династия,30
тешкилатдин,30
мулкар,30
чӏавузни,30
полковник,30
икьрар,30
садра,30
мексикадин,30
санта,30
джон,30
гьакиматдин,30
хуан,30
испан,30
амайбур,30
эцигиз,30
къеледин,30
округдиз,30
шарвили,30
мектебар,30
къайи,30
территориальное,30
деление,30
идарадин,30
портал,30
усман,30
ватандиз,30
шемаха,30
порт,30
хъфенай,30
кьезил,30
грециядин,30
амаз,30
сурарин,30
карч,30
гьуьлелай,30
тайифадин,30
цик,30
юкьванни,30
сейли,30
журналистрин,30
хпеж,30
эцигзавай,30
нетижайрив,30
затӏарин,30
авурдалай,30
таниш,30
гада,30
га,30
гьина,30
вириурусатдин,30
вични,30
академик,30
вице,30
стальский,30
германияда,30
цӏумада,30
дель,30
ашар,30
дуствилин,30
мектебдиз,30
швециядин,30
сергокалинский,30
куьче,29
финин,29
заманада,29
католикар,29
вигьинар,29
исламдин,29
мяденар,29
газдин,29
хъвадай,29
гъилив,29
йисарал,29
агъ,29
апрель,29
гьатай,29
патайни,29
вахтуналди,29
шумудра,29
этник,29
къах,29
абурухъ,29
кхьинин,29
гьикаяяр,29
гьукуматда,29
конституция,29
сент,29
франк,29
рол,29
чӏугур,29
дене,29
къуьл,29
версия,29
юкьварикай,29
ин,29
алиди,29
виликра,29
жедач,29
газета,29
ай,29
ксариз,29
гьяркьуьвал,29
берлин,29
буэнос,29
океандиз,29
цӏехуьл,29
греция,29
тарихдал,29
акъвазнавай,29
гуржияр,29
кьур,29
ягъиз,29
титул,29
дегишарнай,29
филиал,29
жалгъан,29
нидерландар,29
кьетӏенвилер,29
гьабурукай,29
ра,29
кавказ,29
войны,29
муькуьбур,29
лагьанай,29
акуна,29
уезддин,29
дугуна,29
совхоз,29
гектар,29
манаяр,29
папарин,29
чеченрин,29
министрдин,29
музыка,29
архитӏ,29
кирил,29
дид,29
назначен,29
кеспи,29
нугъайрин,29
касни,28
мегъуьн,28
къулай,28
патарихъай,28
набатат,28
кьетӏендаказ,28
хьуниз,28
шегьерни,28
дели,28
хкудна,28
яргъа,28
финифда,28
тежедай,28
везифадал,28
тирвиляй,28
къуватар,28
султан,28
къанни,28
двул,28
ийизвайди,28
колония,28
революция,28
экуь,28
гафарган,28
пайзава,28
садав,28
тайифа,28
кьвевар,28
аниз,28
чириз,28
лейтенант,28
туькӏуьрунар,28
акунар,28
алимди,28
мирзе,28
чӏугуна,28
дугун,28
чкадилай,28
кьведлагьайди,28
юрий,28
сихилриз,28
кьулувал,28
векьин,28
тестикьарзава,28
татаррин,28
пётр,28
империяда,28
шариатдин,28
ибадат,28
як,28
месэла,28
евразиядин,28
новая,28
къачурди,28
гилиг,28
патар,28
программа,28
таржумахъан,28
испик,28
пушкинан,28
от,28
призёр,28
ханвалдихъ,28
турциядиз,28
идарайра,28
кьуьчхуьр,28
гьайиф,28
пудра,28
сес,28
вичихъ,28
чахчах,28
къулухъ,28
мискӏиндин,28
тамарин,28
къванкчечихгалей,28
герейханован,28
юнайтед,28
мир,28
дахьайтӏа,28
лигада,28
администрации,28
ливерпуль,28
хъишлах,28
губерниядин,28
наибвалдик,28
цунта,28
югь,28
пединститут,28
квн,28
профил,27
гьамишан,27
тайифаяр,27
див,27
япониядин,27
тарарин,27
инсанриз,27
азербайжанарин,27
гьукумдин,27
авайвал,27
министерстводин,27
гьадалай,27
элячӏнава,27
ччилер,27
тежер,27
пайдах,27
гъетерин,27
континентдин,27
канададин,27
заливдин,27
грамматика,27
меркез,27
паюниз,27
биологиядин,27
шагьан,27
кӏвалерин,27
гьазур,27
ахъайнавай,27
куьмекчи,27
борч,27
гьикьван,27
интернет,27
пахун,27
баскӏум,27
кавалер,27
правда,27
кьегьалар,27
гьер,27
душмандин,27
октябрдин,27
килигиз,27
рангунин,27
астрахань,27
урахи,27
цур,27
муьшкуьр,27
пешер,27
экономикадинни,27
хвенва,27
акъатиз,27
къалурнавай,27
активдаказ,27
радио,27
яратмишунин,27
муниципал,27
лингвист,27
физикадинни,27
дережадал,27
къумукь,27
багъар,27
куьчеяр,27
училище,27
эмина,27
хийир,27
дарман,27
гужлу,27
уезд,27
немцарин,27
жедайди,27
иа,27
футбол,27
федерация,27
дмитрий,27
ягъун,27
кӏунтӏар,27
куьгьне,27
республики,27
ханвилин,27
вишйиса,27
департаментар,27
вахтарилай,27
къазбек,27
касдилай,27
журналистар,27
алахънавайди,27
думадин,27
тарумовский,27
хемисдиз,27
пешедай,27
журналриз,27
кӏвалахнава,27
алахъавайди,27
театрадин,27
информациядин,26
островдал,26
къаякент,26
азербайжанариз,26
рангар,26
аранда,26
хам,26
гимияр,26
регионра,26
регионрин,26
армениядин,26
ийсуз,26
монголрин,26
династиядин,26
женгина,26
султӏан,26
везифа,26
составдик,26
гилалди,26
украинар,26
шеки,26
тистикьар,26
алукьун,26
датӏана,26
финансрин,26
статистикадин,26
урусатдинни,26
мара,26
аллагь,26
гафунин,26
христианар,26
цӏиргъер,26
галайвал,26
кьуру,26
кудай,26
ивидин,26
иви,26
чирвал,26
азиз,26
илимар,26
революциядилай,26
тамари,26
кьулу,26
элкъвей,26
ваз,26
вичел,26
биология,26
гьуьлерин,26
дегьне,26
ламу,26
фекьи,26
каспийск,26
ахвахар,26
газ,26
буйнакскдин,26
итимрин,26
чӏаварилай,26
школа,26
кандидатвилин,26
шотландиядин,26
квахьна,26
лексика,26
ири,26
гиман,26
акур,26
тӏварцӏихъ,26
малдарвилел,26
махар,26
артистка,26
командир,26
инфратуькӏуьрун,26
къугъваз,26
хьайитӏа,26
поэма,26
филер,26
юкьв,26
мекка,26
амукьай,26
магьмуд,26
режиссер,26
фиригъ,26
ляхля,26
унцукул,26
гимиш,26
рагъакӏидайпата,26
пайгъамбар,26
эверун,26
футболхъан,26
арбедиз,26
мулебки,26
картли,26
планета,25
актив,25
австрия,25
вена,25
венгрия,25
кутазва,25
бинедаллаз,25
урусатдиз,25
фикирда,25
тӏаратӏ,25
хъипи,25
курсар,25
ар,25
экологиядин,25
накьвадин,25
кутунин,25
чав,25
арабри,25
квадарна,25
чкӏайдалай,25
империядиз,25
гьуьжет,25
тахьай,25
дуствал,25
агалкьунралди,25
документра,25
гегьеншдиз,25
гьуьлуь,25
ракь,25
гвинея,25
ад,25
инженер,25
чӏавалди,25
ви,25
акъвазарна,25
гамар,25
пеше,25
революциядин,25
абдурагьман,25
абад,25
ялахъ,25
клубар,25
шурайрин,25
посёлокдин,25
адав,25
бельгия,25
декабрьдиз,25
килигайла,25
кьулувилин,25
живедин,25
душман,25
мезгьебдин,25
мегьамедан,25
лезгинского,25
митаги,25
калмыкиядин,25
виридуьньядин,25
агьалийри,25
стӏур,25
византиядин,25
жезвач,25
кура,25
гг,25
ру,25
кцӏарин,25
кьел,25
грозный,25
къенен,25
инфраструктура,25
гуьлгери,25
арагъ,25
йикъалай,25
кӏунтӏал,25
азербайжанви,25
алахъна,25
альбом,25
гелмецӏ,25
азарар,25
кӏвализ,25
чӏехивиляй,25
штатда,25
хиле,25
йй,25
катана,25
умар,25
вацӏу,25
дах,25
редакцияда,25
редакторвиле,25
виктор,25
будугъар,25
саласадиз,25
меккадин,25
жуьмядиз,25
марз,25
мичӏи,24
чинеруг,24
океанда,24
ругудлагьай,24
чехия,24
агакь,24
усугъ,24
хуьпуькь,24
тийизвай,24
азербайжанари,24
къуьлуьн,24
кьадардай,24
авайвиляй,24
конституциядин,24
фарсарин,24
туьркверин,24
яракьлу,24
гадарна,24
депортация,24
уьлкведиз,24
большая,24
ксарикай,24
туькӏуьрунин,24
муркӏарин,24
цавун,24
калифорния,24
венесуэла,24
гьакъикъатда,24
тунис,24
чӏугунай,24
хашпара,24
вишйисуз,24
варар,24
хкатна,24
чкӏана,24
ийизавай,24
кьиникьин,24
докъузпарадин,24
польшадин,24
кишдиз,24
тагьир,24
яргъивилихъди,24
режиссёр,24
медреса,24
усур,24
хин,24
айрес,24
индия,24
жанавур,24
йикъалди,24
къабарда,24
гэс,24
вишелай,24
пачагьди,24
тӏварцӏелди,24
уркарах,24
зидьян,24
болгария,24
залив,24
яр,24
политика,24
шегьерди,24
мягьлеяр,24
кӏунтӏ,24
провинцияр,24
липӏлипӏ,24
элемент,24
гьатнавай,24
математика,24
кьуршахар,24
российской,24
тарихдиз,24
зарийри,24
катна,24
днц,24
кьадардилай,24
агьмедан,24
мискискар,24
чирдай,24
париждин,24
крымдин,24
кальял,24
шиназ,24
ник,24
тираж,24
издательство,24
гьатзава,24
хьанвайбуру,24
юкьвал,24
пушкин,24
сельское,24
версиядалди,24
седакъет,24
вилья,24
дустагъда,24
дегишарна,24
тӏят,24
аваран,24
календарьдал,24
цолода,24
годобери,24
трактат,24
калмык,24
кутада,24
ленинграддин,24
гьикаяр,24
иштиракчи,23
метрдилай,23
жуьреда,23
къул,23
рахазвайди,23
ставропольдин,23
цӏаяр,23
пулунин,23
бегьер,23
зулун,23
кьериз,23
вишералди,23
чукӏурдай,23
ганвайди,23
яшайишдин,23
персиядин,23
христианвал,23
къавкъаздиз,23
экъечӏнай,23
узун,23
пайдахдин,23
хуьнуьхин,23
хирер,23
картар,23
эскимос,23
цмур,23
поэмаяр,23
чӏалалай,23
кьере,23
авахьун,23
перу,23
пуэрто,23
гьабурун,23
война,23
кӏенин,23
эквадор,23
регьят,23
грамматикадин,23
аскӏан,23
бере,23
яшар,23
нугъатдин,23
чапдиз,23
жегьилди,23
дуьшуьш,23
дукъузпара,23
сауди,23
маймун,23
политикар,23
нава,23
зтӏар,23
никӏер,23
къойсу,23
избербаш,23
къат,23
иванович,23
дагъустандинни,23
массайрин,23
урал,23
жив,23
петербургда,23
кьунин,23
бубаяр,23
рахадай,23
къанунрин,23
сятдин,23
провинциядин,23
чӏалара,23
катрух,23
себебдилай,23
экз,23
кьадай,23
атӏай,23
цлан,23
израильдин,23
манидар,23
ктабдин,23
огъуз,23
халкьарихъ,23
теснифзава,23
кузун,23
цуьк,23
багьа,23
доцент,23
гьалзавайди,23
квач,23
команда,23
хуьруьнсоветдикай,23
агломерациядин,23
саид,23
миграгърин,23
тула,23
ласокеандин,23
вадлагьай,23
гел,23
жугъурна,23
кӏани,23
шаиррин,23
алексей,23
орда,23
мамедов,23
сезон,23
кӏварчагъ,23
гьяддиз,23
риман,23
фридрих,23
медалар,23
кпсс,23
парабур,23
зурзунрилай,23
ислендиз,23
немецрин,23
казанище,23
планетаяр,22
евро,22
швейцария,22
масса,22
кьведни,22
буркихан,22
азерб,22
нуфус,22
кардин,22
къазах,22
къалурай,22
хвенай,22
иштиракнай,22
гьукуматдик,22
чуькьвена,22
гьасанан,22
иранда,22
къахчуна,22
цк,22
яракьар,22
кьейи,22
финиз,22
чешмеяр,22
конго,22
таъмин,22
кхьенвайди,22
колониядин,22
филиппинар,22
йаргъивал,22
гафалаг,22
коста,22
русский,22
чӏугвазвай,22
жемятди,22
гъиз,22
галачиз,22
заводдин,22
килигуниз,22
гьажиева,22
агьмедов,22
нариман,22
малик,22
кантон,22
тур,22
дакка,22
фотографии,22
классификация,22
субъект,22
ас,22
лезгистан,22
чиркей,22
кьерин,22
амукьзава,22
векьер,22
султӏанат,22
къуватрин,22
заводар,22
амух,22
ахъайнай,22
тербия,22
рушан,22
къалурдай,22
латвия,22
гафари,22
ихрек,22
нуькӏ,22
юлий,22
вичик,22
муаллимар,22
губерниядик,22
энциклопедиядин,22
гьерекат,22
эгечӏзава,22
рамазанов,22
группаяр,22
жуьредай,22
ацукьнавай,22
империи,22
керимова,22
куьтягьайдалай,22
стхаяр,22
автомобил,22
эрм,22
класс,22
магьсулар,22
къалурнай,22
кӏелунин,22
гуьнедал,22
кучун,22
сезондин,22
дарманар,22
элячӏна,22
анай,22
сантос,22
республикадик,22
продюсер,22
василий,22
устӏарар,22
вацӏук,22
июньдиз,22
азербайжанарихъ,22
актер,22
ингуш,22
уругвайда,22
факультетдик,22
фон,22
элик,22
турнирдин,22
азербайжанриз,22
заведиш,22
системада,21
инд,21
островрал,21
чкӏанвайди,21
лингвистикадин,21
европадиз,21
кутадай,21
суьретар,21
чкайрикай,21
азербайжандихъ,21
авуниз,21
кьетӏенвал,21
даим,21
гуржийрин,21
июльдиз,21
апрельдиз,21
къанун,21
ягъунар,21
вацралай,21
октябрьдиз,21
гузвайди,21
зигьин,21
газетдиз,21
поэзиядин,21
компаниядин,21
боливия,21
советская,21
рахадайбурун,21
кӏвалахдин,21
чешне,21
дагъ,21
аслан,21
атабаск,21
фикирдай,21
ламувал,21
гьахьун,21
важиб,21
куь,21
кӏевиз,21
аэропорт,21
зегьметар,21
йигинвал,21
анджелес,21
тушиз,21
лув,21
живер,21
григорий,21
мекьи,21
борис,21
вцик,21
ирсинин,21
идахъ,21
штаб,21
гьасилзавай,21
центр,21
спортсменар,21
къайдаяр,21
очерк,21
сост,21
дав,21
лексикадин,21
пешекар,21
дишегьлийрин,21
къачунва,21
зарият,21
албания,21
гьадан,21
года,21
чарар,21
тухузава,21
чалагъан,21
къалуриз,21
забит,21
народы,21
патарай,21
квайбур,21
элементрин,21
атомдин,21
лезг,21
савад,21
гуьнеда,21
химия,21
эгечӏнавай,21
арчи,21
форма,21
гзафбур,21
вуж,21
балкӏанар,21
уружба,21
хьти,21
хуьруьнвийри,21
атӏанвай,21
кьиблени,21
калмыкия,21
министрар,21
художник,21
инс,21
индустриядин,21
гьукуматдинни,21
кӏвалахдай,21
азербайжанри,21
тлярата,21
даркӏуш,21
порту,21
колхозда,21
ялцугъ,21
фильм,21
хуьруьнэгьлияр,21
павел,21
осетиядин,21
сихилдай,21
су,21
гьикаяйрин,21
къуллугъна,21
муаллимвал,21
лори,21
департаментди,21
адигъея,21
шиирра,21
велаятдин,21
матчда,21
суьник,21
тӏифлисдин,21
экуьнин,20
чилерикай,20
чиликай,20
икьван,20
нуькӏверин,20
нек,20
зуростров,20
гьуьлел,20
кыпчак,20
къад,20
азадвал,20
вуганай,20
йифиз,20
кьабулай,20
эрменистан,20
энциклопедический,20
цив,20
журналра,20
кьабулнава,20
винелай,20
фундукӏ,20
хилек,20
абурал,20
чӏалавай,20
астрономиядин,20
къерехрал,20
кал,20
статья,20
дугунда,20
яргъавал,20
минерал,20
вигьин,20
парталар,20
расзавай,20
садбур,20
тарихдинни,20
расун,20
дуьньядикай,20
депутатар,20
це,20
пел,20
ийизава,20
пруссиядин,20
пруссия,20
инай,20
гатфар,20
марфар,20
масадбур,20
агъз,20
хандин,20
акъвазнай,20
илисудин,20
сергьятрал,20
ботлихар,20
кеспият,20
оао,20
салам,20
субъектар,20
адетрин,20
берикей,20
финляндия,20
швеция,20
газетринни,20
пакистандин,20
жув,20
кӏане,20
ччил,20
сальвадор,20
ханвай,20
турция,20
делилар,20
ингушар,20
алем,20
гьиссер,20
лезгидин,20
къатар,20
хьуй,20
мягьлейриз,20
цӏапарин,20
къачудай,20
давамарна,20
материалар,20
рикӏелай,20
таблица,20
дараматрин,20
цӏинитӏ,20
вкп,20
душманрин,20
хинелугъар,20
пӏирер,20
люксембург,20
проект,20
ломоносован,20
братислава,20
нумра,20
парижда,20
кьилив,20
дидеди,20
корей,20
кьурагьвал,20
бубади,20
ордендиз,20
писатель,20
серия,20
католик,20
тухузвайди,20
сакӏус,20
рагар,20
композиторар,20
георгий,20
философия,20
кьванцӏил,20
цнал,20
урга,20
финикия,20
ду,20
титулар,20
олимпия,20
реал,20
акьалтӏарай,20
вал,20
акъажунра,20
жек,20
музыкант,20
ордадин,20
саидов,20
дубримахи,20
кассагумахи,20
ниж,20
пишкеш,20
наибвал,20
адигъ,20
кӏуьдвишни,20
дзонгхагдин,20
тавуш,20
мирас,20
агакьнава,19
лагьайди,19
словакия,19
рича,19
къалурун,19
термин,19
сивел,19
кицӏ,19
чӏехибур,19
ирак,19
османрин,19
акьалтӏарнай,19
жар,19
сентябрьдиз,19
агъзурралди,19
амачир,19
угъуз,19
кипр,19
кьушун,19
къвезмай,19
жагъанвай,19
ацӏай,19
этнографиядин,19
пункт,19
урусатди,19
кӏвалахра,19
салан,19
чӏул,19
лугьун,19
тариххъан,19
чуьлдин,19
хуьруьнвийрин,19
сагъдиз,19
куьне,19
театрда,19
туризм,19
кӏвалахзвай,19
девлетар,19
устӏарвилин,19
уьлквейриз,19
диндар,19
эсерриз,19
шииратдин,19
дихъ,19
цал,19
монголия,19
кӏанзавайди,19
вацӏарикай,19
ибне,19
атайбур,19
жизнь,19
об,19
азов,19
такьатар,19
садлагьана,19
акурла,19
хъувунай,19
сувариз,19
колонияяр,19
йисаралди,19
гьасилунин,19
мазан,19
цӏун,19
чӏаларалди,19
падар,19
салик,19
румыния,19
балтик,19
балкъар,19
гъанва,19
парламентдин,19
мисалар,19
инал,19
къуллугъар,19
парагвай,19
кишпир,19
под,19
лакар,19
орган,19
гафуни,19
кӏанивал,19
тайифайрикай,19
элкъвезва,19
лет,19
элкъвенва,19
фонд,19
авунвайди,19
ахъайзавай,19
устадвилин,19
агакьнавай,19
байрам,19
кӏелунар,19
чӏугун,19
газетра,19
цӏапариз,19
ичӏи,19
низам,19
муьгъверган,19
йифен,19
станциядал,19
газетриз,19
амсар,19
муьхрек,19
дагестане,19
диего,19
саяд,19
хтайла,19
кек,19
ягъна,19
лукьман,19
кӏусар,19
императорди,19
физик,19
казакар,19
гилигна,19
гитара,19
чӏилихъ,19
франц,19
меккада,19
бакр,19
роберт,19
бахцугъ,19
кутул,19
крара,19
араяр,19
бомбардирар,19
чебни,19
драматургар,19
топоним,19
авайла,19
наци,19
хелетури,19
техникум,19
директорвиле,19
женгиниз,19
къелемдиз,19
рагъэкъечӏдайпата,19
удийрин,19
премиер,19
ахматовой,19
ачух,18
къубада,18
континент,18
чилинмикит,18
иудаизм,18
эхирра,18
гоа,18
фите,18
эгьлийриз,18
азиядиз,18
кьурла,18
шикил,18
накьв,18
дармандин,18
зонада,18
азербайжандиз,18
галайбур,18
расунин,18
макан,18
классдин,18
пачагьрин,18
садавай,18
сефевийрин,18
кьейидалай,18
империяди,18
бакудиз,18
февральдиз,18
регьберар,18
хьаначир,18
телефвилер,18
тахсир,18
алиева,18
гьикаятдин,18
дериндай,18
хата,18
векилрин,18
англияда,18
авахьунин,18
эркек,18
гондурас,18
къени,18
версиядив,18
руьгь,18
гьакъиндай,18
йикъар,18
лекьер,18
юкьвалай,18
аскер,18
жемятрин,18
вишйисарин,18
къал,18
мукьвара,18
шейгь,18
эцигунар,18
викӏегь,18
кьин,18
пьеса,18
яцӏу,18
кинодин,18
гьажидин,18
машгуьр,18
теснифнава,18
диндиз,18
мацар,18
хкем,18
смугъулрин,18
емишар,18
культуры,18
дере,18
нюгди,18
алфиб,18
чилерайтӏуз,18
гимры,18
метлеблу,18
дукъузпарадин,18
къвезвайди,18
сибирдиз,18
христиан,18
расул,18
керимов,18
вв,18
цудахар,18
рашид,18
гуьтӏуь,18
элементар,18
нумраяр,18
баян,18
пиреней,18
дон,18
литва,18
идаз,18
къакъатна,18
ванерин,18
алакъадин,18
куьрелди,18
рика,18
месэлаяр,18
тик,18
андрей,18
абурувай,18
кьилихъ,18
уьмуьрзавай,18
нур,18
чечняда,18
антон,18
бубайрин,18
писателрин,18
цазвай,18
емишрин,18
барда,18
халиф,18
куьчарна,18
алава,18
архитектор,18
цунин,18
начальник,18
курс,18
журналда,18
несилри,18
журналар,18
руьгьдин,18
сулеймана,18
тавун,18
тиртӏа,18
муьзеффер,18
пайда,18
макъалада,18
садни,18
мес,18
балкӏан,18
авачирди,18
тала,18
кьадардикай,18
фикирралди,18
тӏуьн,18
сеул,18
куьчедал,18
кӏуьдлагьай,18
космосдин,18
туькӏуьрдай,18
эхиримжиди,18
монгол,18
хер,18
татарстан,18
тропик,18
къерехра,18
инсанди,18
металлар,18
плазмадин,18
гьализ,18
къаравулдин,18
эстрададин,18
гъвандик,18
карлос,18
король,18
дагъларин,18
административни,18
римдиз,18
мировой,18
газетди,18
сурарал,18
ракъурнавай,18
чирунин,18
армияда,18
дубна,18
сезонда,18
гавдишан,18
васильевич,18
анчик,18
качалай,18
мегьамеда,18
поэмайрин,18
прозаик,18
пьесаяр,18
урусатдихъ,17
гуржистандихъ,17
блика,17
буршагь,17
кумторкъала,17
авурвал,17
тавур,17
эрменийри,17
рехи,17
сагъардай,17
усал,17
агакьай,17
акахьунин,17
тайифайри,17
миллетдиз,17
регьбервилин,17
арайра,17
акъуд,17
тунай,17
шагьид,17
продуктар,17
элячӏнавай,17
тавунвай,17
томах,17
осетинар,17
савадлу,17
кино,17
бассейндин,17
даз,17
гьукуматрикай,17
мартин,17
колонияр,17
джордж,17
сифтени,17
багъ,17
паюникай,17
дувулар,17
чхел,17
чпиндал,17
инсаниятдин,17
атанвайбур,17
суваяр,17
кьисадив,17
ахты,17
аватзава,17
кутаз,17
квез,17
кхьинра,17
комплекс,17
цэс,17
сссрдин,17
октябрьдин,17
печатдиз,17
къарардив,17
туьркия,17
вьетнам,17
гдр,17
ахтармишдай,17
шад,17
туькӏуьрнавайди,17
дагъдин,17
бур,17
уьумуьр,17
календардин,17
япон,17
федерацияда,17
кьакьандал,17
хтанай,17
губерния,17
инкъилаб,17
ставрополь,17
налогрин,17
гьарфаралди,17
горькийдин,17
штулви,17
антропологиядин,17
къапар,17
великент,17
рукель,17
тахьанвай,17
дания,17
туькӏуьрунрин,17
зеландия,17
византий,17
эсерра,17
тифлис,17
магьачкъаладилай,17
бала,17
фольклор,17
лежбервилел,17
гафарганда,17
красноярск,17
медицина,17
шегьердикай,17
тийижир,17
гьалара,17
стальского,17
генрих,17
анжи,17
константин,17
магомедов,17
века,17
цӏелегуьн,17
алам,17
чпихъ,17
зарийрин,17
теснифзавай,17
къияс,17
туькьуьл,17
лазим,17
гилияр,17
кьисмет,17
масад,17
чӏалак,17
минара,17
къуза,17
къатарин,17
атом,17
форум,17
кӏвачел,17
ччилерин,17
юкьа,17
агъдаш,17
сувавийрин,17
кӏвалахдар,17
гарун,17
иридлагьай,17
мас,17
киркар,17
ибрагьимов,17
лежбервилин,17
хьтинбур,17
чинебан,17
мишлеш,17
азарлу,17
эцигзава,17
джеймс,17
кӏарасдин,17
хкягъай,17
ичин,17
виле,17
энергия,17
францияда,17
тегьерар,17
тӏварцин,17
куьмекар,17
ноябрьдиз,17
ястреб,17
дирин,17
лиссабон,17
кьуьлер,17
батлух,17
паулу,17
акъажунрин,17
италияда,17
медал,17
финалист,17
вып,17
аст,17
николаевич,17
территориал,17
португалияда,17
къусар,17
факультетда,17
эверна,17
къуватдик,17
эциг,17
алейгьи,17
эцигайди,17
котур,17
вишйисара,17
инин,17
матчар,17
бек,17
койсу,17
ширвановка,17
убых,17
радиодин,17
дамаск,17
чанко,17
гагатли,17
дгьу,17
къуллугъэгьли,17
корреспондент,17
секретарвиле,17
къирицӏрин,17
ватандикай,17
кадар,17
акатзавайди,17
къатардин,17
сьюдад,17
юкьварар,17
убыхар,17
квемо,17
кисриев,17
арагацотн,17
касдал,16
респу,16
сувайрин,16
чкайрал,16
лишандал,16
смт,16
тийир,16
хутхул,16
курагъ,16
дулдугъ,16
алукӏунар,16
вирин,16
тарцин,16
энергиядин,16
кьадарни,16
гуьлуьн,16
кутугай,16
фауна,16
садак,16
сикӏер,16
чӏуран,16
кӏуф,16
агъу,16
вилаятрин,16
феодал,16
эмират,16
элкъуьрунин,16
пайди,16
кьабулун,16
карди,16
тайинарнай,16
гьахьнай,16
галукьнай,16
яракь,16
иса,16
кардиз,16
аскеррин,16
къуллугъзавай,16
сиясат,16
индонезия,16
бизнесмен,16
виридлай,16
кьер,16
къачузвайди,16
органрин,16
кьамугдиз,16
лувар,16
океанрин,16
чай,16
галкӏанвай,16
телевидение,16
ктабра,16
къвалар,16
кьиспес,16
гьаваяр,16
экваториал,16
гъуьлуьз,16
тарихвилин,16
гар,16
гьакимвал,16
ягъзавай,16
тежезвай,16
ганач,16
худат,16
кӏеретӏрин,16
хьурай,16
гужуналди,16
куьн,16
къадар,16
валентин,16
нажмудин,16
хинерин,16
агъада,16
пвс,16
итал,16
православие,16
тӏварцӏи,16
маймунар,16
таиланд,16
рф,16
гьафтеда,16
гьалтна,16
энциклопедии,16
гъуц,16
исп,16
гьуьлер,16
марс,16
агакьзавай,16
елай,16
суварилай,16
кичӏен,16
къум,16
кичӏевилик,16
давуд,16
ханан,16
монархия,16
килигзавай,16
алакъайрин,16
мегьамедов,16
даргийрин,16
бежтаяр,16
жуьмя,16
тваз,16
фекьияр,16
садбуру,16
акьазва,16
ареал,16
очерки,16
имени,16
системаяр,16
патарихъ,16
норвегия,16
дибдин,16
даниядин,16
гьасятда,16
португал,16
муьгьуьббатдикай,16
халкьдикай,16
аракс,16
вацӏари,16
керекул,16
кьула,16
акьванни,16
къуйсун,16
мегьарамдхуьр,16
эгьлиярни,16
гьасанов,16
сурал,16
затӏни,16
масакӏавилер,16
ооо,16
филология,16
лугьузвайвал,16
устӏарвал,16
волгадин,16
инлай,16
винидихъ,16
материал,16
русско,16
марк,16
генани,16
кукваз,16
эвезар,16
языке,16
алексеев,16
малуматри,16
гьалдай,16
къвазва,16
тамамвилелди,16
гарар,16
маарифдин,16
академии,16
шегьердихъ,16
уралдин,16
магадан,16
алачир,16
киевдин,16
курдул,16
со,16
шартӏара,16
гьукуматри,16
гонконг,16
спутникар,16
чуьнуьх,16
кӏандай,16
тӏварцӏиз,16
книга,16
мурада,16
вьетнамдин,16
кьуьл,16
концертар,16
гарик,16
чувек,16
секретар,16
чуьхверхуьр,16
кьеан,16
пеле,16
райондай,16
валенсия,16
областдин,16
медина,16
пекиндин,16
дору,16
атӏана,16
медаль,16
кӏвалахрин,16
бугъ,16
хашперес,16
компания,16
банкгородов,16
антил,16
франциядиз,16
дж,16
клубрин,16
муни,16
алиеван,16
метал,16
азербайджандин,16
бургимакмахи,16
бутри,16
коса,16
юрт,16
немецри,16
тирла,16
заместитель,16
хайям,16
мвд,16
керим,16
наибвилик,16
темадай,16
робина,16
вирииндиядин,16
могох,16
педучилище,16
алазани,16
хкянава,16
передача,16
варархъан,16
театрада,16
зулуз,15
абхаз,15
кӏвалахарзава,15
лезгивал,15
нугъатриз,15
садрани,15
квардал,15
герб,15
малуматрикай,15
нафтӏ,15
кутӏуннавай,15
антик,15
къамат,15
акатай,15
чкӏанай,15
арабар,15
машгьурвал,15
майдандиз,15
инкъилабдин,15
вакъиайрин,15
динни,15
ислягь,15
бязибур,15
хуьрерни,15
египет,15
евразия,15
аляскадин,15
акахьзава,15
уьленар,15
океанди,15
хкана,15
континентал,15
къачуртӏа,15
американ,15
йашамиш,15
никарагуа,15
антилопа,15
эдебиатдин,15
илимда,15
алжир,15
литературада,15
лакз,15
астрономия,15
критика,15
грекар,15
та,15
нафт,15
елена,15
авто,15
шагьдин,15
администрация,15
чӏурна,15
хайила,15
кьинай,15
къуватдин,15
кеспияр,15
веревирдер,15
магьарам,15
асари,15
экъечӏун,15
фий,15
кьакьанда,15
муниципалитетар,15
экономикада,15
боснияни,15
кьенва,15
тӏвал,15
буддизм,15
сингапур,15
суал,15
цӏ,15
шегьерарда,15
кизлярдин,15
зонаяр,15
къайтагъдин,15
сурхай,15
туьхкӏуьр,15
алайбур,15
дуван,15
ругьани,15
хунин,15
къазахстандиз,15
гьамзатрин,15
рамазанан,15
сборник,15
гзафбуруз,15
гуьмбет,15
ереван,15
кьурай,15
дунай,15
хорватия,15
сербия,15
ирландиядин,15
субтропикрин,15
ийидайла,15
орденар,15
членар,15
чӏугвадай,15
алакъайра,15
таж,15
къурулуш,15
хъувунин,15
туьркери,15
большой,15
краснодар,15
сифтедай,15
кара,15
фактар,15
гъидай,15
мелик,15
мектебрин,15
далди,15
галкӏанва,15
этнограф,15
графикадин,15
фан,15
критик,15
бахча,15
кутурди,15
тарихдихъ,15
патарин,15
туьрквери,15
пушкина,15
хуьруьнжемят,15
гьалнавай,15
къиметлу,15
хьуникай,15
мумкинвилер,15
улубдин,15
гъилелди,15
тариф,15
жизви,15
фил,15
тай,15
аспирантура,15
чӏугваз,15
аватӏа,15
тестикьарзавай,15
теснифунал,15
чилиз,15
ахъай,15
аквада,15
бутахуьруьн,15
гъебцегь,15
газардкӏам,15
киркарин,15
тигьирхуьруьн,15
гьукуматра,15
статьи,15
эвер,15
латвиядин,15
единая,15
кӏелед,15
ттар,15
дуьзен,15
гьална,15
конмебол,15
цилинг,15
хуьрни,15
давид,15
монтевидео,15
новый,15
лугьузава,15
муалим,15
талукьарнавай,15
садвилин,15
устад,15
гъалибвилин,15
зилдик,15
межгуьл,15
гьумбет,15
нехишар,15
къванерал,15
рк,15
пиперхуьр,15
цӏудлагьай,15
сел,15
къазанмишна,15
къетӏъ,15
дивизиондин,15
динамо,15
времени,15
кӏамун,15
кӏвалахнай,15
акатзвай,15
къуллугъчи,15
макъалайрин,15
редактордин,15
ша,15
хизанда,15
кучукна,15
аллагьди,15
цуьквер,15
муаллимрин,15
курах,15
илису,15
сихилрикай,15
баркаллувилин,15
технуцал,15
таб,15
венадин,15
хушарал,15
куьтягьай,15
ялама,15
хзанди,15
гунзиб,15
гьуьсейнов,15
райкомдин,15
жемиятрикай,15
нахки,15
арчо,15
тад,15
магитль,15
тукита,15
тамазатюбе,15
шодрода,15
ашали,15
риквани,15
повестрин,15
кцӏарвияр,15
ширин,15
абилова,15
ставрополдин,15
институтдик,15
директордин,15
арадилай,15
тбилисидин,15
уттар,15
хебда,15
каранай,15
шапсугъар,15
шапсугъ,15
шида,15
чӏаварганра,15
газетризни,15
ленкоран,15
нафтадин,14
уьмуьрзава,14
укуз,14
их,14
зарб,14
камаралди,14
талыш,14
гьамбархана,14
мублагъ,14
гьалт,14
гьалариз,14
арчияр,14
зарар,14
ханвилер,14
алахъзавай,14
дегишвилер,14
армения,14
уьлквейрай,14
садал,14
президентвилин,14
автономия,14
кьегьалвилин,14
агъзурав,14
сталинан,14
акъвазнава,14
рагъакӏидайдан,14
тема,14
казань,14
чупик,14
тонн,14
вест,14
цӏару,14
дяведик,14
арадлай,14
гегьеншдаказ,14
флорида,14
сша,14
гаити,14
цуцӏул,14
метрдин,14
ишлемишзава,14
рахунрин,14
кӏелай,14
википедия,14
супик,14
диге,14
тун,14
эфиопия,14
гъун,14
кӏвалахда,14
ка,14
садлагьайди,14
гугурт,14
фарси,14
жемятдиз,14
касдикай,14
финар,14
фабрика,14
гъери,14
къекъвез,14
дербентдиз,14
художестводин,14
назир,14
акьул,14
эфендиди,14
административвилелди,14
ассрдин,14
малдарвилив,14
лондондин,14
кӏанз,14
тийиз,14
канадада,14
космонавт,14
описание,14
православиедин,14
жемятдик,14
гъиливкхьинра,14
гьуьлуьк,14
суварал,14
чепедин,14
гьуьле,14
ци,14
фёдор,14
фейила,14
гужалди,14
шак,14
гатфариз,14
округрин,14
ансамбль,14
багулалар,14
гунзибар,14
региондиз,14
абд,14
муги,14
татляр,14
хкудун,14
дибвилин,14
псков,14
испанияда,14
украинада,14
эстония,14
марино,14
ассоциация,14
кӏвалахун,14
лексикада,14
тарс,14
эхирдалди,14
университетдиз,14
муг,14
панама,14
агломерация,14
бутахуьр,14
регьметдиз,14
альберт,14
филолог,14
тип,14
алтай,14
кавказе,14
ленинград,14
акьуллу,14
инсандиз,14
некӏедин,14
ризванов,14
гьил,14
несилриз,14
сивяй,14
агъаниз,14
галкӏанвайди,14
несилрин,14
гьахьзава,14
папар,14
эхирдай,14
агъсу,14
рекьиз,14
сфи,14
хзанрин,14
йикъал,14
хуьрехуьр,14
яваш,14
морфология,14
базар,14
ери,14
пабни,14
гьакъикъат,14
хъел,14
повесть,14
дуьздаказ,14
лацар,14
лезгин,14
арарат,14
кьванни,14
группайрин,14
белорусар,14
сайтдал,14
пётрдин,14
политик,14
кӏвалера,14
революционер,14
хъувун,14
майданар,14
чилелай,14
кьилерин,14
мурадова,14
авиациядин,14
сантьяго,14
фашистрин,14
къерехал,14
парламент,14
вирен,14
грозныйдин,14
къен,14
ийида,14
гъедер,14
ньюкасл,14
песни,14
итимар,14
салат,14
уьцӏуь,14
мавзолей,14
радиус,14
межидов,14
маничияр,14
таганрог,14
макьамар,14
кьисаяр,14
сувалай,14
совхоздин,14
испикрин,14
зизик,14
нуьцӏуьгъ,14
уллугъетягърин,14
уллугъетягъ,14
бигер,14
мехкергъ,14
джули,14
си,14
председательдин,14
милан,14
профиль,14
ругун,14
математик,14
ренессанс,14
четинвилер,14
къугъуна,14
гьакӏа,14
цӏийикӏа,14
алак,14
сценарист,14
албомар,14
коллективар,14
чеченарни,14
вокал,14
муругъ,14
ягъизвайди,14
экономист,14
асланов,14
балхар,14
усиша,14
кавкамахи,14
тлибишо,14
хасанай,14
тюбе,14
ансалта,14
ахтармишунин,14
лагос,14
кьуьлерин,14
дгу,14
гьапутар,14
повестар,14
акъуднава,14
эдуард,14
комсомолдин,14
жавабдар,14
бактлук,14
ишкарты,14
салли,14
аллагьу,14
акатайдалай,14
жергейра,14
алидиз,14
вайоц,14
тӏифлисда,14
хаби,14
каналда,14
пьесада,14
техника,13
абхазия,13
чӏехивилиз,13
уьлквейрикай,13
къвб,13
хилера,13
демократия,13
кьилинни,13
тахьун,13
словения,13
малуматрин,13
манат,13
къастар,13
гафарни,13
векъи,13
ирандихъ,13
элкъвезвай,13
сасанидрин,13
динар,13
чилерни,13
майдандал,13
къекъвезвай,13
тайифадикай,13
шекидин,13
мамед,13
гьуьжетар,13
тежриба,13
аслутушир,13
винизвал,13
гьял,13
лерик,13
тестикь,13
советского,13
икӏни,13
хизан,13
самоа,13
туширвал,13
пудлагьайди,13
островда,13
тӏегъерхъан,13
дишиди,13
мехелар,13
гну,13
къуръандин,13
рахаз,13
фонетика,13
гьафтедин,13
тутчоне,13
хьунухь,13
кицӏеринбур,13
кабо,13
кӏанзвай,13
теклифна,13
кам,13
шейхдин,13
эмиратдин,13
гъилера,13
шамхалвал,13
белокандин,13
трофей,13
чилерай,13
гьуьжре,13
ниси,13
кӏелзава,13
обелиск,13
алла,13
ражаб,13
печатдай,13
гъ,13
смугъул,13
манидин,13
балугъ,13
гвайди,13
литвадин,13
тиртӏани,13
узбекистан,13
тепе,13
фото,13
къумадин,13
ингушетия,13
удинар,13
шари,13
есирда,13
акахьнавай,13
океандихъ,13
густав,13
сарир,13
майдандикай,13
къеняй,13
эцигдай,13
кӏарна,13
астраханьдин,13
пачагьдиз,13
жемиятрин,13
мегьти,13
республикади,13
жаза,13
ракъурзавай,13
барбатӏ,13
храхуба,13
лезгийрихъ,13
группайриз,13
этносдик,13
регионал,13
чӏехивал,13
балетдин,13
даргийри,13
кӏвачин,13
плита,13
гьуьлуьхъ,13
цава,13
тирбур,13
ирландия,13
справочник,13
аспирантурада,13
гьарфарин,13
чӏем,13
гунуг,13
жемятар,13
кӏалуб,13
ливерпулдин,13
или,13
гафарганар,13
кӏвалахунин,13
гватемала,13
транспортдин,13
операдин,13
чӏаларик,13
яратмишунар,13
кечмиш,13
субут,13
ччин,13
индустрия,13
структура,13
магомед,13
гуда,13
колледж,13
хурай,13
зуростровда,13
металл,13
аварри,13
чеченри,13
лезгийрикай,13
темаяр,13
зариятдин,13
кеферда,13
вуганвай,13
резиденция,13
къачунвайди,13
октября,13
кархъан,13
игорь,13
къугъунин,13
монография,13
ингье,13
чӏаларихъ,13
алимрикай,13
кхьизвайвал,13
этнография,13
ахпани,13
кардикай,13
лезгинский,13
алимдин,13
кьисас,13
кумухъ,13
кьасумхуьрел,13
гьакимар,13
кутазвайди,13
кьудкъанни,13
беден,13
гафарилай,13
авайтӏани,13
юлдаш,13
диаметр,13
лидер,13
историческая,13
жагъуриз,13
аскерар,13
журналди,13
къазикъумух,13
процент,13
студентрин,13
мирзебегов,13
кьулувилел,13
малайзия,13
майишатра,13
гьакьарзавай,13
туриствилин,13
рахуна,13
астроном,13
мукьвуг,13
аквазвай,13
атмосферадин,13
территорияда,13
туристдин,13
информация,13
пакистан,13
гьерекатдин,13
филипп,13
муьжуьдлагьай,13
кхьинал,13
экечӏнай,13
саха,13
краяр,13
мухах,13
играх,13
эш,13
материкдин,13
мяден,13
организмрин,13
франциско,13
сиягьат,13
луи,13
граждан,13
гьерекатар,13
черкес,13
первый,13
атмосфера,13
президента,13
багъиш,13
тӏулар,13
чӏавунилай,13
яргун,13
тӏигьиржал,13
яракьвилин,13
лагьайвал,13
авайбурукай,13
крарал,13
вахтарин,13
гитис,13
теориядин,13
агъзурдалай,13
сирия,13
авадан,13
альберто,13
гьужумдайди,13
яб,13
таржумачи,13
галазни,13
практикадин,13
португалияди,13
чӏавар,13
эвичӏна,13
жезвачир,13
кьулувиле,13
хашпересвал,13
книги,13
наполеон,13
хкажна,13
алайчӏаван,13
керимовадин,13
вугузвай,13
кьадайди,13
сагъар,13
федерации,13
лежбервилив,13
лежберар,13
исятдани,13
лежберрин,13
гвардиядин,13
пападин,13
велаят,13
марадиз,13
дяведай,13
базилика,13
композиторрин,13
шоу,13
сочи,13
кӏеретӏди,13
кьуьхуьруба,13
зинданмуругъ,13
керимрин,13
кьегьалвилелди,13
куьмекда,13
къарадагъ,13
театрди,13
къелемдикай,13
саидгьасанов,13
магьал,13
гапшима,13
урхучимахи,13
цугни,13
къачудайла,13
ингердах,13
кудиябросо,13
адиль,13
зило,13
кванхидатли,13
рахата,13
евгений,13
таловка,13
аул,13
российская,13
очеркрин,13
сирер,13
чӏаварган,13
абдуррагьман,13
уллучай,13
ведено,13
къарабудахкент,13
мекеги,13
идальго,13
иванан,13
кӏвачи,13
гурия,13
дарада,13
алонсо,13
редакцийра,13
эверунин,13
кӏватӏурди,13
зердаб,13
кӏартӏвел,13
куьрдамир,13
гёйгёл,13
мукьтадир,12
агентство,12
кв,12
тӏинкӏ,12
уьлкведи,12
адольф,12
нугъатрикай,12
арсугъ,12
гьат,12
девирра,12
тарихдарри,12
жуьрейрикай,12
жуьрейрин,12
сумгаит,12
гьисабдай,12
алпанрин,12
ширван,12
агьалийриз,12
халифатдин,12
къуватралди,12
къарагънай,12
хкянай,12
дявейрин,12
гьукумдал,12
хьайидилай,12
туширвилин,12
агьалиди,12
регьим,12
президентди,12
суьрет,12
районрай,12
аямда,12
набран,12
жегьилриз,12
чизвач,12
чӏаларни,12
улакь,12
архипелаг,12
чешнеяр,12
кхьирагдин,12
эсерри,12
ата,12
аляска,12
индияда,12
рико,12
дувандин,12
конгрессдин,12
нубатдалди,12
каролина,12
хурал,12
килигайвал,12
нетижаяр,12
гатӏум,12
бассейн,12
сен,12
как,12
кьиблепата,12
ракъурунин,12
гекъигунин,12
сесер,12
къуллугъдай,12
физвайди,12
версиядиз,12
агъана,12
виктория,12
судан,12
ахцегьар,12
шалбуздагъ,12
эхирни,12
желб,12
йизвай,12
стӏалдал,12
транспорт,12
къадарда,12
нугъатдиз,12
музеяр,12
культурадинни,12
алатрин,12
жуьредиз,12
мукьвавал,12
рангарин,12
мурадов,12
нури,12
кӏанивиликай,12
районрикай,12
гутум,12
кьакӏарин,12
кьакӏар,12
луткун,12
мичегь,12
рутулрин,12
умма,12
атӏун,12
токио,12
минараяр,12
гайила,12
лелев,12
область,12
экъечӏдай,12
дикъет,12
хъач,12
алания,12
союза,12
къагьриман,12
беринг,12
гайиди,12
субтропик,12
гатфарин,12
тамерланан,12
ягь,12
урусатдик,12
алахъунар,12
къуватри,12
дережадиз,12
хкун,12
уьлквейрихъ,12
кьадардик,12
годоберияр,12
гьазурун,12
самбодай,12
медресайра,12
гъалатӏ,12
шикилда,12
чӏарар,12
услара,12
посёлокар,12
уллутеркеме,12
ст,12
дуьгуь,12
абурулай,12
халкьаринарадин,12
израиль,12
классрин,12
тӏварарин,12
яц,12
лугьунин,12
алат,12
компьютердин,12
гьисабнай,12
къазанмишнай,12
теклифнай,12
кандидатура,12
музыкадал,12
шихидхуьр,12
векьелар,12
кӏвачихъ,12
гафаралди,12
гафунихъ,12
гекъигун,12
къав,12
алгъай,12
вулкандин,12
зурзунрин,12
максимум,12
гьулуьн,12
аграхан,12
къазахстан,12
къугъунра,12
город,12
манкъулидхуьре,12
ямайка,12
хев,12
курхуьр,12
терекдин,12
хзанри,12
кьантӏар,12
культурадиз,12
колхозар,12
зегьметдал,12
кирамри,12
халифат,12
гьукуматдихъ,12
красная,12
готфрид,12
асеф,12
скульптор,12
илимдиз,12
субутзава,12
гуьгьуьллувилелди,12
меликмамедова,12
гьихьтин,12
экъечӏай,12
цӏикьвед,12
къайдадин,12
бахтавар,12
марф,12
зиярат,12
теклиф,12
синиф,12
чуьл,12
диплом,12
концерт,12
анра,12
языков,12
албаниядин,12
чкӏайла,12
гъанвайди,12
тӏебиятдин,12
кьудра,12
хкуддай,12
конкурсда,12
галайди,12
юпитер,12
наибвилин,12
азадугъли,12
цӏийихуьр,12
федеральный,12
кхьидай,12
формула,12
вакъиа,12
каир,12
портар,12
дустар,12
азадвилин,12
мгьу,12
амстердам,12
шлемдин,12
католикрин,12
миграгъар,12
публицистар,12
тайвань,12
русь,12
цан,12
бязибуру,12
новгороддин,12
сахалин,12
вруш,12
хуник,12
лакун,12
ичӏа,12
аракул,12
кина,12
муслах,12
алан,12
жинсинин,12
хкягъиз,12
агьалидихъ,12
антонио,12
цӏивин,12
жими,12
умуд,12
литературы,12
массадин,12
субэтник,12
гъуцар,12
финн,12
руша,12
жедайвал,12
христианвилин,12
христианрин,12
гимнастика,12
ракъинилай,12
хвех,12
чӏугунин,12
къудрат,12
сегьнедал,12
эвленмиш,12
русьдин,12
бубайри,12
кулик,12
кувиг,12
уртил,12
фурдаг,12
вертил,12
атрик,12
хурсатил,12
къуштӏил,12
сихилдиз,12
бо,12
кьвалар,12
экен,12
птидхуьр,12
сайтархуьр,12
татархан,12
макьарин,12
ференц,12
лечет,12
майданда,12
халичаяр,12
гафунилай,12
месала,12
войне,12
област,12
автомобилдин,12
исмаилов,12
села,12
фердинанд,12
ччилериз,12
муаллимвилин,12
докторвилин,12
карьерадин,12
то,12
алюминийдин,12
казакрин,12
мисридин,12
аладаш,12
урсун,12
геба,12
тунва,12
аламаз,12
пулар,12
чӏугварар,12
теоретик,12
эйнштейн,12
тафаватлувилелди,12
кӏвалахал,12
яратмишунрин,12
балкан,12
иоанн,12
топология,12
числояр,12
алгебрадин,12
тестикьарзавайди,12
кьабулзавай,12
обкомдин,12
хъвер,12
велаятда,12
эрнесто,12
гъалибна,12
дашкесан,12
имишли,12
кӏек,12
хтанвай,12
стхайрин,12
чӏагай,12
баскетболдин,12
дискография,12
уба,12
булахдин,12
дали,12
мах,12
сван,12
абдуллаев,12
шаиррикай,12
сажидин,12
яралиев,12
къуватда,12
посёлокда,12
уллучара,12
куркимахи,12
тебекмахи,12
местерух,12
янгиюрт,12
колумбиядин,12
католиквилин,12
канда,12
удин,12
отделдин,12
зарбвал,12
керимовади,12
умаран,12
завай,12
чирагъар,12
нетижайра,12
дивизиядин,12
машгъулатар,12
ав,12
кафедрада,12
субдиалект,12
хинелугъвийрин,12
робин,12
аксай,12
нугъайри,12
армавир,12
ассоциациядин,12
акъуша,12
ванашимахи,12
цурунин,12
кхьирагди,12
урахивияр,12
каратайрин,12
бежтинский,12
буглен,12
шурайринни,12
версиядай,12
призер,12
салим,12
сентябрдилай,12
эмирали,12
мцхета,12
аз,12
вакъияр,12
сегьнедин,12
ролар,12
финалдин,12
батына,12
эд,12
котайк,12
ширак,12
дзор,12
юкьванпата,12
евлах,12
пермяк,12
кьенвайбур,11
экономикадиз,11
океаниядин,11
аватзавай,11
лихтенштейн,11
яркуг,11
агъулрин,11
анклух,11
чилерик,11
акъат,11
цӏаюн,11
зулар,11
жинс,11
жанавурар,11
мирг,11
жуьрединди,11
ктабдиз,11
авачирвиляй,11
йигиндаказ,11
кӏарабар,11
вирибурулайни,11
монголар,11
хпер,11
союз,11
чилихъ,11
гьалнай,11
шагьди,11
еревандин,11
жабраил,11
къецихъ,11
дестек,11
катнай,11
патанни,11
машин,11
къейдзава,11
хзанра,11
гадади,11
антология,11
рига,11
дуньядин,11
вацӏни,11
харжи,11
километрдал,11
авачирвилин,11
хвехуьнин,11
картаяр,11
агалкьун,11
атайбуру,11
икьрардин,11
эхен,11
ибаратдикай,11
туракь,11
классикадин,11
кӏватӏалдиз,11
фонетикадин,11
системади,11
хазаррин,11
кукӏварна,11
танана,11
памятник,11
кӏвенкӏвечил,11
римвийри,11
атлас,11
ресурсар,11
кения,11
умм,11
кьвенал,11
салар,11
список,11
гъилиз,11
рушар,11
хцин,11
ахцегьра,11
хийирар,11
шемахадин,11
урусриз,11
цанвай,11
йикъарин,11
туристар,11
мискӏинар,11
жуьме,11
бельгиядин,11
рикӏиз,11
хрунин,11
агъаев,11
ярагьмедова,11
автордин,11
девиррин,11
луткунрин,11
фиярин,11
хилерикай,11
майдилай,11
анкара,11
бангладешдин,11
рубль,11
хьайидайлай,11
хьанвач,11
афинар,11
акьалтӏайдалай,11
алачиз,11
улакьдин,11
университетар,11
будапешт,11
гьисабун,11
аватна,11
датч,11
краснодардин,11
поти,11
дикай,11
непал,11
гъуьгъвезар,11
хушал,11
краткий,11
образ,11
жизни,11
карс,11
чкаярни,11
элячӏзава,11
муркӏар,11
пипин,11
валар,11
векь,11
кьудай,11
падни,11
уцми,11
шагьа,11
эгьли,11
мугьаммада,11
алатна,11
дидояр,11
урусрихъ,11
юждаг,11
карханаяр,11
механикадин,11
максим,11
литературайрин,11
территориядин,11
антропология,11
ажам,11
мецин,11
тлингит,11
агълаб,11
жемикент,11
молдавия,11
пьер,11
дугунар,11
рейн,11
македония,11
нато,11
все,11
герцог,11
суддин,11
онлайн,11
гьинд,11
электрондин,11
гилигнавай,11
чӏава,11
сервис,11
константинополь,11
индоевропадин,11
ихтилат,11
дережадив,11
жагъурна,11
хкягъзава,11
мурк,11
рельефдин,11
цӏиргъини,11
цӏиргъери,11
руслан,11
полякар,11
нянин,11
мурманск,11
килига,11
мой,11
тибетдин,11
кцӏара,11
топонимар,11
заманарилай,11
алфавитдикай,11
мух,11
сивиз,11
женгерин,11
кьасумхуьре,11
заводда,11
бегьерар,11
йикъара,11
лайихвал,11
кац,11
садазни,11
умара,11
гатӏумнавай,11
фабрикаяр,11
генерала,11
кутурбур,11
депутатрин,11
эцигзавайди,11
нуфуз,11
улубрин,11
энергетикадин,11
города,11
юнеско,11
литературадиз,11
гафариз,11
пайдиз,11
вичелай,11
эл,11
дамах,11
буржи,11
гафни,11
эхиз,11
эхниг,11
аварриз,11
кардал,11
хъсандаказ,11
кавха,11
жергеда,11
сагърай,11
формаяр,11
хуьрек,11
дакӏар,11
эгер,11
муьгьуьббат,11
гьалун,11
алуча,11
яйлах,11
гуж,11
ажуз,11
водород,11
варцарин,11
пачагьвилин,11
дагълара,11
киргизия,11
коэффициент,11
хьанвайбурун,11
чешмейри,11
нугъатдик,11
цлахъ,11
чӏулавар,11
регъв,11
фидайла,11
владикъавкъаз,11
базардин,11
архитектура,11
астероидар,11
магнитдин,11
педагог,11
сатирадин,11
кӏвачер,11
вели,11
туькӏуьрайди,11
кьамуг,11
теннис,11
юсуф,11
армиядиз,11
регьятдиз,11
патариз,11
уьлкведай,11
бразилиядихъ,11
тӏулдиз,11
накьвар,11
субъектрин,11
текар,11
пермь,11
калининград,11
липецк,11
новгород,11
самара,11
севастополь,11
метлебдин,11
хкягъунра,11
спид,11
юкьни,11
геологиядин,11
температурадин,11
набататрикай,11
сидней,11
итальянви,11
чирнай,11
медицинада,11
хкудзавай,11
рагъакӏидайни,11
устӏарри,11
къушунар,11
къакъудна,11
шиирда,11
заманда,11
тагьиран,11
красный,11
сталин,11
процессрин,11
нефес,11
атеистар,11
альбомар,11
элкъуьн,11
гзафбуру,11
мао,11
чӏугвазва,11
тухудайла,11
куьчедин,11
къванерикай,11
агъухъ,11
физавайди,11
кӏватӏиз,11
яхулрин,11
леонид,11
янвай,11
концертда,11
куьтяхьна,11
майдин,11
толстой,11
ректор,11
кашанхуьр,11
анцух,11
демирар,11
кӏварчагърин,11
хъпуьхъ,11
цмуррин,11
зугьрабхуьр,11
цицӏигъ,11
бобби,11
мур,11
беккенбауэр,11
йогьан,11
марадона,11
мишель,11
роберто,11
цӏувадлагьай,11
яргунрин,11
факультетдин,11
политехникадин,11
атлетико,11
мировая,11
объектрин,11
пулунихъ,11
тади,11
томас,11
кьулусуван,11
серра,11
галтад,11
жанейро,11
ль,11
клубда,11
бавария,11
папан,11
педро,11
шимихуьр,11
графвал,11
алентежу,11
майдал,11
цун,11
хкягъунин,11
дивизионда,11
меликмамедов,11
кӏелдайла,11
илимдал,11
октябрдилай,11
мартдилай,11
кгб,11
ислягьвилин,11
цезарь,11
ацукьарнай,11
цадай,11
тител,11
сейфудин,11
николаян,11
анал,11
материалы,11
трассадал,11
августдин,11
ктӏуна,11
кьабулиз,11
кузвай,11
че,11
эсперанто,11
урук,11
ягъунрин,11
акъваздай,11
дипломатиядин,11
график,11
гьасана,11
хулио,11
советник,11
топономика,11
меликмегьеммедов,11
къкм,11
мискӏинда,11
дагълар,11
абдулгьамид,11
хкягъ,11
алиханмахи,11
гинта,11
шукты,11
изано,11
цияб,11
туршунай,11
татаюрт,11
геметюбе,11
львовское,11
кижани,11
миарсо,11
тандо,11
гузвачирвиляй,11
акадрунин,11
суарес,11
ао,11
дворянрин,11
меккадиз,11
кума,11
абилов,11
кавалерар,11
къирицӏви,11
варташен,11
филиалдин,11
магьалда,11
ростовдин,11
эфендиева,11
кавказские,11
тркал,11
кикуни,11
кӏвалаххъан,11
теннисхъан,11
славъян,11
клубди,11
музыкантар,11
мугри,11
дивизион,11
гёте,11
прадеш,11
гьарйяна,11
эрпели,11
карамахи,11
пфа,11
ктабдай,11
англивийрин,11
мугьаммадан,11
романдин,11
адигъеядин,11
квахьда,11
миллер,11
ширвани,11
тамамарна,11
писательрин,11
ибрагьимова,11
марздин,11
ганг,11
гобустан,11
сиягьра,10
чараз,10
немецви,10
цирхе,10
худигъ,10
вести,10
виликпатан,10
илгьам,10
символар,10
пипӏен,10
гъетрен,10
тӏаратӏдин,10
кеферпата,10
таъминарзава,10
санани,10
хъуьтӏуьл,10
январ,10
доломит,10
флора,10
виче,10
кӏамара,10
машах,10
проблемаяр,10
анин,10
азербайжандинни,10
румар,10
къалабулух,10
алудиз,10
зулумар,10
кхьинрин,10
таъсирдин,10
азиядай,10
акьалтӏ,10
ханди,10
урусринни,10
ихтиярдик,10
чӏук,10
председательвиле,10
къарабагъ,10
тӏалабнай,10
советди,10
партия,10
уьнуьгъ,10
чукурнай,10
декларация,10
генже,10
бунтар,10
катай,10
авуртӏа,10
белокан,10
астара,10
шри,10
малай,10
доп,10
бахтлу,10
университетра,10
агъаева,10
края,10
алма,10
наталья,10
истамбул,10
экватордин,10
сив,10
юзун,10
америкадиз,10
цӏипуд,10
урусни,10
барабарвал,10
мусурманри,10
садалай,10
къуръан,10
чӏалани,10
ил,10
миллиард,10
расадин,10
къвазвай,10
йа,10
ливия,10
нил,10
талукьарзава,10
дибар,10
динда,10
йике,10
верде,10
чӏехибурукай,10
къурукал,10
ракьинин,10
ахцегьриз,10
дагъустандай,10
сувавийри,10
подполковник,10
шамиль,10
тарихвилелди,10
кӏвалахни,10
цуькверин,10
муькъвер,10
пар,10
ихтибар,10
мемориал,10
сун,10
булат,10
гьажибег,10
ибрагьиман,10
мустафа,10
агьмедова,10
ахтармишна,10
вилаятра,10
теснифиз,10
хуьруьгрин,10
чеперин,10
смугъулар,10
ухул,10
алахънава,10
юриспруденциядин,10
новое,10
аватун,10
укр,10
лугьудайди,10
гьалдив,10
ийидайди,10
алишверишдин,10
герцогвал,10
хъувунвай,10
мехико,10
вуна,10
фида,10
амур,10
кьебле,10
тухумдай,10
влксм,10
верховны,10
черкесар,10
лачин,10
панда,10
каталог,10
улубра,10
чуьлер,10
динди,10
кьулухъди,10
тарашхъанрин,10
хъийиз,10
петровск,10
чукӏурна,10
крариз,10
къанундалди,10
шариат,10
путина,10
къайтагъар,10
мезгьебдиз,10
православ,10
чехир,10
мвт,10
ктабхана,10
халкьарик,10
гзафбурун,10
географ,10
малдарвилин,10
программадин,10
аямдин,10
страны,10
цӏусад,10
деличобан,10
къарадагълы,10
падана,10
ибериядин,10
суварра,10
методикадин,10
ян,10
тешкилатар,10
зеландиядин,10
халкьарни,10
кӏвалахарзавай,10
германрин,10
островриз,10
тӏварарни,10
апостол,10
финиф,10
морфологиядин,10
зурбадаказ,10
хилерин,10
девирдилай,10
ливан,10
евразияда,10
юнескодин,10
меркездин,10
кьажар,10
кӏ,10
сергьятарзава,10
региондик,10
акъатун,10
тау,10
ччинин,10
известия,10
новости,10
рагъул,10
проблемы,10
гьайванринни,10
аста,10
къатда,10
группы,10
номер,10
къумукьри,10
туьрквериз,10
иоганн,10
брокгаузан,10
кӏахцугъ,10
индексар,10
рычал,10
ксарни,10
савдавилин,10
венециядин,10
линия,10
гасанова,10
гимийрин,10
юстициядин,10
гьасанова,10
сихилдик,10
авсиятда,10
лексикадиз,10
бинедилай,10
йигин,10
чӏалари,10
хуралай,10
чирвилин,10
кавхаяр,10
тӏ,10
тварар,10
яратмишун,10
гьаларай,10
тахта,10
мезгьеб,10
иман,10
къанунралди,10
гьевес,10
эдеб,10
сир,10
къугъванвай,10
кака,10
кооператив,10
диктатор,10
алгебра,10
азархана,10
при,10
издание,10
гаджиев,10
талибов,10
хвейи,10
тӏварцӏелай,10
лежберри,10
геокчай,10
диаспораяр,10
акъваз,10
суалар,10
типография,10
пас,10
шанхай,10
чкадай,10
чукӏурнай,10
невскийдин,10
эцигуниз,10
институтар,10
чапна,10
системадик,10
гегьеншар,10
венера,10
сар,10
органар,10
коммерциядин,10
банк,10
диндихъ,10
метрополитен,10
хоккей,10
гьикая,10
азардик,10
социалист,10
гьалунин,10
белгород,10
брянск,10
челябинск,10
гузвач,10
пачагьар,10
гьукуматриз,10
чарода,10
кича,10
хъулидар,10
россияда,10
къерехрин,10
давамарзава,10
пайдин,10
чирунрин,10
алакьа,10
исследования,10
ятах,10
кхьинри,10
совхозда,10
сатира,10
гьелелиг,10
эвел,10
тӏал,10
цифер,10
агаев,10
гвардия,10
кислород,10
углероддин,10
кипрдин,10
машгьурди,10
хкягъна,10
гъилер,10
дестедин,10
акушервилин,10
кхр,10
хкягъунрин,10
тибет,10
группадиз,10
харусенят,10
диринвал,10
чилик,10
вишйис,10
испанрин,10
гьуьлерал,10
софия,10
болгариядин,10
илья,10
кӏвалахдиз,10
себебралди,10
къуншидал,10
цяй,10
галачир,10
вичикай,10
самолёт,10
хъукьвар,10
арчуг,10
чере,10
игъир,10
гандурар,10
керимханар,10
эсетар,10
салиян,10
хпитӏар,10
яшин,10
гарринча,10
альфредо,10
стефано,10
платини,10
круифф,10
авторди,10
къафланов,10
сурара,10
италиядиз,10
авачирвал,10
акъвазар,10
хъийидай,10
эгечӏ,10
мадриддин,10
кантонар,10
виликамаз,10
шуради,10
несилдин,10
формал,10
студент,10
кантонриз,10
лондонда,10
гьисабна,10
реакция,10
год,10
муллахуьр,10
арабляр,10
лиссабондин,10
статистикадиз,10
интернат,10
заместителвиле,10
связи,10
хьайивиляй,10
аламат,10
византийской,10
лео,10
пайгъамбардиз,10
гьашим,10
гьазурна,10
мединадиз,10
салават,10
пайгъамбарди,10
такьатралди,10
ветеран,10
сувавияр,10
солдатар,10
тибр,10
амачиз,10
хъфиз,10
февралдилай,10
ноябрдилай,10
президентдихъ,10
гимназия,10
канал,10
садани,10
шегьердик,10
вилла,10
династиядай,10
фильмда,10
муслим,10
кӏеретӏдик,10
ансамблдин,10
бас,10
философар,10
уьзден,10
манкъулидхуьр,10
алама,10
чӏурарин,10
къазмайра,10
ясаб,10
кит,10
ергуьжар,10
жекар,10
жаруллагь,10
сифтедин,10
ветеринариядин,10
гьамид,10
трассадин,10
герхмахи,10
танты,10
къадир,10
индира,10
лологонитль,10
новокаре,10
отар,10
тлядал,10
хашархота,10
тлох,10
хкведай,10
уезддик,10
шамила,10
иондин,10
шиирринни,10
рамазана,10
шамилаз,10
мамедкъала,10
дарвагчай,10
бригададин,10
эликар,10
будугърин,10
керимован,10
худуц,10
джафаров,10
къзикъумух,10
ашти,10
шведрин,10
ольденбург,10
армияди,10
чирхчир,10
кашуб,10
нии,10
махаргимахи,10
кислотадихъ,10
сванетия,10
хъуьруьн,10
дебют,10
чехиядин,10
правительстводин,10
уртахар,10
кнессетдин,10
марсел,10
белла,10
сюрги,10
гъугъанар,10
ленинградда,10
куяда,10
халимбекаул,10
аймаки,10
идарада,10
башкъортостан,10
черкесия,10
дмитриевич,10
марина,10
субэтнос,10
записки,10
усманан,10
абдусамад,10
чапнава,10
сегьнеда,10
имеретия,10
леся,10
окуджава,10
артистдин,10
тӏалиб,10
марзар,10
севан,10
хлен,10
заммер,10
анны,10
раснавай,9
ихтияррин,9
бавариядин,9
чӏугвана,9
какатзава,9
кушан,9
къекъвена,9
дуруштул,9
араз,9
гьамбарханадин,9
электричестводив,9
начагъ,9
алатзава,9
цурцин,9
миргер,9
барсук,9
цӏегь,9
чкайрай,9
текъвер,9
эсердик,9
харж,9
закаталадин,9
жагъанай,9
ашкара,9
жаваншир,9
виринриз,9
къарагъунар,9
везифайрал,9
дакӏан,9
ширваншагьрин,9
процессар,9
янай,9
кухтунай,9
адр,9
ихтиярдиз,9
снг,9
курдар,9
часть,9
сиягьар,9
брокгауза,9
ефрона,9
гьикаятчи,9
бубадивай,9
эдебиятда,9
дегьнедай,9
ташкент,9
партнёрар,9
плата,9
мадейра,9
жезава,9
виргин,9
гуам,9
атлантикадин,9
парча,9
лекьрен,9
гьисабунин,9
кутӏунна,9
тайинарзавай,9
ри,9
чӏалални,9
аватӏани,9
ишлемишзавай,9
марокко,9
парламентди,9
ривер,9
континентда,9
гафуниз,9
кьветӏ,9
чад,9
мавритания,9
намибия,9
нигерия,9
руанда,9
адани,9
гзафвилин,9
цӏиргъерин,9
цӏалцӏам,9
январьда,9
яцар,9
водороддин,9
сердер,9
дарвишайи,9
тӏалабна,9
гамарин,9
дам,9
кьушунриз,9
туьквенар,9
кӏелзавайбур,9
филиалар,9
диндинни,9
саимат,9
дагъустанви,9
ахцегьви,9
абдурашид,9
мяденра,9
вилив,9
сивера,9
садыкъиди,9
кӏамар,9
сессиядин,9
гъуьгъвез,9
ялахърин,9
майишатрин,9
информационный,9
кӏватӏзавай,9
деринвал,9
авахьдай,9
арабистан,9
вилаятдиз,9
конституциядив,9
берлиндин,9
брюссель,9
джакарта,9
чирунар,9
акъуднавайди,9
гьакьван,9
лезгидал,9
север,9
день,9
гагарин,9
ахъана,9
саратов,9
апрел,9
газар,9
галкӏурзавай,9
гренландидин,9
туьркияда,9
фагьум,9
анализ,9
лиф,9
норвегиядин,9
чечнядихъ,9
кьулувилер,9
гьуьлуьв,9
патайтӏуз,9
хилериз,9
яргъивилин,9
кьакьанвилин,9
сивин,9
нарат,9
ругуджа,9
хазарри,9
къумух,9
мулкарин,9
сагъ,9
дидо,9
комитетди,9
комитет,9
ватанэгьлияр,9
урьянуба,9
гзафмиллетрин,9
дугурнай,9
кавказовед,9
чамалалар,9
миллетдикай,9
къугъвазва,9
финансринни,9
бюджет,9
тестикьарнай,9
миллетри,9
муьшкуьрви,9
отв,9
диаспора,9
пӏ,9
якӏун,9
буй,9
музаим,9
сабнова,9
бильгади,9
гафарихъ,9
яргъалвал,9
массив,9
сергьятда,9
муркӏадин,9
къазакъстан,9
республикадихъ,9
ватикан,9
мэн,9
мединиятдин,9
гьахьтин,9
суд,9
солдат,9
шеффилд,9
къерехдив,9
флоридадин,9
хьанавай,9
ийизавайди,9
веб,9
системадиз,9
стратегиядин,9
медениятдинни,9
пекдин,9
кӏватӏун,9
тер,9
зал,9
шииррай,9
свас,9
хиляй,9
цавар,9
агаж,9
ногъаяр,9
клисаяр,9
общества,9
его,9
ислагьвилин,9
карелия,9
эволюция,9
дегьневал,9
гьардаз,9
тӏварарикай,9
майишатда,9
сергеевич,9
боксёр,9
селимов,9
гьаларин,9
хуьзвайди,9
гьазурзава,9
гьилерин,9
пек,9
къилихар,9
стильда,9
халкьарилай,9
сийидар,9
кьасумхуьруьз,9
кьасум,9
тӏям,9
крарикай,9
кӏватӏунин,9
кӏвалахрал,9
султӏанан,9
селим,9
километрдин,9
даях,9
къелеяр,9
расна,9
пачагьри,9
петр,9
империядихъ,9
адам,9
магал,9
даг,9
конструктор,9
адмирал,9
нунавутда,9
ватикандин,9
классра,9
фенвайди,9
чавай,9
жагъурун,9
жагъай,9
жегьилри,9
хуьрерани,9
сатирик,9
лезгинка,9
ки,9
лагьанвай,9
гьиз,9
жеч,9
къазиев,9
мусибатар,9
къалурнавайвал,9
мугъарты,9
жегьилар,9
хъимил,9
мугьман,9
фикирзава,9
бегдин,9
хь,9
уь,9
паярикай,9
падежар,9
жува,9
лежбер,9
абстракт,9
бахт,9
аби,9
баябан,9
гьисс,9
арза,9
маларин,9
комбинат,9
губернатор,9
офицер,9
дипломат,9
бокс,9
анатомия,9
градус,9
опера,9
автомобиль,9
сагъвал,9
гвачир,9
кутузвай,9
къурушрин,9
лукӏ,9
хьухь,9
шагьдагъ,9
халисан,9
урусрилай,9
губернияда,9
агьалидикай,9
число,9
акъатнавайди,9
метрополитендин,9
богота,9
кӏунтӏунин,9
муса,9
гьамзатован,9
уьмуьрдиз,9
йисандавай,9
программаяр,9
чирнавай,9
полюсдин,9
тигьирхуьр,9
филерин,9
хужадхуьруьн,9
северо,9
рд,9
миграгъа,9
чӏугунвай,9
калуга,9
чимиди,9
вугана,9
туширди,9
немцерин,9
турнирар,9
китайдихъ,9
чӏугнай,9
усфср,9
игьтиятар,9
байкал,9
паркар,9
воронеж,9
киров,9
хкягъунар,9
касдивай,9
тайинарзава,9
кусур,9
куфа,9
гьинай,9
гъурбатда,9
велс,9
чилидин,9
зурзунар,9
островра,9
режим,9
индонезиядин,9
ратарин,9
тӏвех,9
францияди,9
атмосферада,9
крарик,9
командади,9
жан,9
эгъуьнар,9
китайдиз,9
парар,9
парчаяр,9
пекер,9
валентина,9
азабар,9
гьарай,9
эсеррикай,9
искусстводин,9
рикӏе,9
нурар,9
востока,9
первой,9
кала,9
молодая,9
первомайское,9
цацар,9
тӏебиатда,9
тухуниз,9
гьавада,9
йиф,9
къведа,9
алюминий,9
экспорт,9
закон,9
хтар,9
несил,9
агъалар,9
хкатзавай,9
электрик,9
хань,9
хкудунин,9
садакай,9
политикада,9
монголиядин,9
кучудунар,9
къекъведай,9
элкъуьнин,9
ереванда,9
ягъдай,9
маниярни,9
куьчеда,9
классдай,9
тийидай,9
анатолий,9
душманар,9
мажусивилин,9
лирикадин,9
фидалди,9
европадай,9
премиядиз,9
кьилерай,9
чӏарода,9
гидатли,9
хьайивал,9
текипиркент,9
бурши,9
хутаргъ,9
цицӏер,9
кройф,9
цӏикьведлагьай,9
авунивди,9
арбен,9
композициядин,9
гьейран,9
къведайдивай,9
кампания,9
руман,9
микеланджело,9
гьукуматрихъ,9
французри,9
леон,9
филискъар,9
амни,9
регьбервиле,9
пеньяроль,9
приз,9
легенда,9
криштиану,9
роналду,9
режиссёрар,9
дзюдодай,9
туьркмен,9
редакциядин,9
мурадар,9
винсент,9
нейтрал,9
украины,9
екевал,9
фернандо,9
уран,9
карванд,9
кай,9
модель,9
англивийри,9
горы,9
бугъда,9
стӏалар,9
азор,9
акьалтӏун,9
къуллугъдиз,9
кьеридиз,9
профессионал,9
шекердин,9
метро,9
почтадин,9
алахъзава,9
нобелдин,9
кӏвалахай,9
январдилай,9
муаллимди,9
эгечӏнава,9
исполкомдин,9
тухудайди,9
механика,9
кандидатар,9
собрание,9
код,9
олег,9
вацрал,9
гудайди,9
геометрия,9
арабист,9
стхадин,9
кубада,9
гъуцран,9
хашпересрин,9
кӏанивилин,9
людовик,9
кедабек,9
геранбой,9
несилдиз,9
властдин,9
стадион,9
тарашнай,9
оскар,9
хиндах,9
муьрид,9
гори,9
британ,9
текст,9
атлухан,9
римма,9
мучугъ,9
стӏурин,9
майишатдал,9
нумрадин,9
эльдар,9
амайбурни,9
хтай,9
бабаев,9
юрист,9
специалист,9
односельчане,9
абдулкъадир,9
молла,9
даниял,9
ассрдик,9
наибвалриз,9
участокриз,9
участокар,9
гьатнававиляй,9
кантонрикай,9
аметеркмахи,9
кутанар,9
львовский,9
мужукай,9
оразгулаул,9
карханайра,9
ацукьзавай,9
къарагъунин,9
геренвал,9
дилбер,9
мехъер,9
казиев,9
гимейди,9
аллагьдиз,9
полкунин,9
акьалтӏарайдалай,9
къилихрин,9
мирзеханов,9
шихвердиев,9
кӏелзавайбурув,9
диссертацияр,9
диван,9
дустагъ,9
губден,9
участокдик,9
маджалис,9
калмыкар,9
немцери,9
александрович,9
пахундиз,9
сиднейдин,9
кӏудна,9
пачагьвилик,9
чех,9
филиалда,9
артухан,9
саратовдин,9
башламиш,9
шаирвилин,9
пенсиядиз,9
юк,9
куьмекхъан,9
дугунал,9
словениядин,9
джульярд,9
комедия,9
гьольштайн,9
чехословакиядин,9
андреас,9
хкянва,9
даккадин,9
дуьньядал,9
фаридабад,9
заповедник,9
апши,9
манасаул,9
атланаул,9
хвартикуни,9
эдеби,9
виталий,9
шаирни,9
шиирин,9
эсеррар,9
кахетия,9
аргун,9
муьгьуьббатдин,9
лирика,9
диабетдин,9
аграрный,9
диссертаци,9
кьурагьрин,9
гимназияда,9
шаркия,9
вилаятди,9
гегаркуник,9
эвездин,9
гьажикьабул,9
кӏватӏуррин,9
фет,9
территориядай,9
агъстафа,9
гьефер,9
украинка,9
гьуьлдин,8
сферада,8
австралияни,8
венгриядихъ,8
рахунриз,8
масабуру,8
хабардар,8
мисси,8
бедуьхъ,8
районарни,8
къаткай,8
дегьвал,8
вацӏарик,8
курортдин,8
паюнал,8
гъуьлягъар,8
рекьерикай,8
тамариз,8
акат,8
хьуни,8
республикадиз,8
зонайра,8
душмандиз,8
къалабулухар,8
шегьердал,8
селжукрин,8
гъилериз,8
аватнай,8
икьрардалди,8
балакен,8
грузиядин,8
гьукумдиз,8
фронт,8
суьрсетар,8
килигун,8
тегьердин,8
атуниз,8
эвернай,8
алибег,8
цӏийивилер,8
фетягьова,8
патални,8
гашаров,8
ауданы,8
къазакъстандин,8
алтайдин,8
кардрин,8
департаментдин,8
гьамза,8
лепеяр,8
виринра,8
алакьун,8
вашингтондин,8
пенсильвания,8
род,8
къураматдин,8
голландиядин,8
вирерин,8
метрополиядин,8
форт,8
агьалидиз,8
йиртижи,8
андорра,8
гамиш,8
куду,8
жейран,8
мураддалди,8
акьазвач,8
поэзия,8
астана,8
енисей,8
рахазай,8
гвичин,8
мейваяр,8
векилрикай,8
испанияди,8
къахчуз,8
эфиопиядин,8
карфаген,8
дяведал,8
финикиядин,8
флавий,8
египетдин,8
вулкан,8
авазва,8
наме,8
муслиман,8
гельмец,8
ахцегьдин,8
вацӏай,8
рутулдин,8
кьиникьар,8
къурайш,8
агьмад,8
феодалрин,8
туьркер,8
аварви,8
туьркерин,8
ханрин,8
амал,8
къеледиз,8
къарагъна,8
ичер,8
жен,8
яран,8
шарвилидин,8
сеть,8
кьиливал,8
рагьимат,8
герейханов,8
идрис,8
месэлайриз,8
гасан,8
хкатзава,8
къутунхъар,8
ухулрин,8
советское,8
къугъвадай,8
туьр,8
нем,8
стамбул,8
куьр,8
бангладеш,8
беларусия,8
агъунваз,8
беларусиядин,8
зонадин,8
къарарар,8
гьисабдал,8
гьавизда,8
улусс,8
мулла,8
табасаранри,8
жендек,8
амайди,8
цӏивиндин,8
диши,8
названия,8
гими,8
инсанрихъ,8
фрг,8
рустави,8
зугдиди,8
эрменар,8
рутулри,8
татрин,8
лит,8
иванов,8
большевикрин,8
уьцӏуьвал,8
тувалу,8
филиппин,8
малуматра,8
гьавиздин,8
кьазвач,8
жинсерин,8
юзазва,8
эхирдилай,8
дарваг,8
александран,8
эндирей,8
къакъатнавай,8
шамхал,8
вафалу,8
терефдарар,8
дяведикай,8
инхо,8
дуванханадин,8
синагога,8
храм,8
успенский,8
тестикьарнавай,8
джамбулатован,8
электро,8
гьажиеван,8
минералар,8
атӏудай,8
расулан,8
документар,8
волк,8
шихсаидова,8
санжи,8
салигь,8
парабуру,8
суваррин,8
къенез,8
кавказская,8
вердиш,8
эяк,8
участокдин,8
гежух,8
мугарты,8
мичурина,8
островарни,8
аранар,8
политикадинни,8
европы,8
пагьливан,8
девирриз,8
затӏарикай,8
ислягьвал,8
хеб,8
хъижезва,8
паюни,8
чӏехибританияда,8
жуьревал,8
шотландия,8
юкьваз,8
цӏарар,8
алакъада,8
инюпиак,8
сиясатдинни,8
кум,8
азербайджан,8
гвиана,8
аладардай,8
вадра,8
провинциядик,8
малумарзава,8
шаирдиз,8
отто,8
авачирбур,8
царь,8
королвал,8
процессдин,8
мадагаскардин,8
архангельск,8
къазахстандин,8
кирован,8
чуьхуьзва,8
луварин,8
гъвечи,8
мез,8
саруханов,8
акъвазиз,8
душманрикай,8
балкӏандал,8
колледжда,8
элкъуьрнава,8
усть,8
михьна,8
моздок,8
делил,8
яхулри,8
сиягьатхъан,8
сил,8
игьтияжриз,8
гьалтда,8
кӏвалериз,8
мугьманхана,8
ханвалдик,8
наибвалдин,8
шуьшедин,8
сортар,8
цуькведа,8
вахтуна,8
рикӏера,8
кӏваляй,8
галукьнавай,8
театрдинни,8
дзюдо,8
сефердин,8
каспийдин,8
къалурзавайди,8
гилигзавай,8
зегьем,8
гарарин,8
чукӏурунар,8
экспедиция,8
масаниз,8
бахчахъанвал,8
чинал,8
элкъуьрнавай,8
грекри,8
ленина,8
красноармейский,8
низами,8
орджоникидзе,8
степной,8
южная,8
алиевич,8
туькӏуьрзавайди,8
артиллериядин,8
дирижёр,8
студентар,8
камал,8
азербайджана,8
исаев,8
цӏарцӏел,8
план,8
мукьвавилин,8
твар,8
ишел,8
межид,8
урбанизациядин,8
талукьвилин,8
никягьар,8
кьуьзуьбурун,8
учебникар,8
гьелени,8
мукьувай,8
аялри,8
институтра,8
кӏватӏалди,8
филфили,8
гилигунивди,8
хьунивди,8
глагол,8
техилдин,8
буйругъ,8
билбил,8
есир,8
залум,8
ими,8
халу,8
туьркни,8
нугъатра,8
акъатдай,8
коммунизм,8
драма,8
время,8
шалбуз,8
тайифайрихъ,8
агъзурдав,8
ягъ,8
вегьена,8
ччилера,8
пачагьвилиз,8
гьиндистан,8
хандиз,8
ев,8
чинра,8
графикадалди,8
организациядин,8
мискискарин,8
вигьинрикай,8
петрдин,8
поездар,8
экъечӏиз,8
кьар,8
гилигнай,8
элячӏдай,8
улакьар,8
гададин,8
юлдашар,8
жагъанва,8
жамалдин,8
билбилахуьруьн,8
жезвайвал,8
гьахъсузвилер,8
также,8
ибнедиз,8
вацраз,8
фундукӏдиз,8
тӏурфан,8
мумбаи,8
областьдин,8
баскетбол,8
космос,8
йоркдин,8
океания,8
палестина,8
кана,8
миллиондал,8
хъхьана,8
пирал,8
университетдик,8
публицистикадин,8
кале,8
дуьнядин,8
чилери,8
субъектра,8
республикаяр,8
курск,8
хкязавай,8
оттал,8
джилихуьр,8
миких,8
хиях,8
суьгут,8
азардин,8
галукьай,8
чӏвегьер,8
сатурн,8
антарктидадин,8
французви,8
магдалена,8
кьакьанвилер,8
амукь,8
хилез,8
жуьрейриз,8
циф,8
оро,8
халкьарадин,8
кореяда,8
мурсал,8
таза,8
дишегьлидин,8
большевик,8
низамидин,8
ацӏанвай,8
цӏадасадин,8
ноября,8
флот,8
путь,8
составил,8
перев,8
искусство,8
творчество,8
избранные,8
геология,8
океанар,8
гьавайрин,8
углерод,8
белоруссия,8
кемах,8
протестантар,8
кӏанив,8
бегар,8
тарлан,8
угор,8
регби,8
либертадорес,8
кубокда,8
ма,8
рубаияр,8
сихилди,8
квахьнава,8
къарачи,8
азербайжандал,8
кьехуьл,8
халкьдихъ,8
тарихни,8
савдадин,8
гьаниз,8
политикадиз,8
агакьда,8
къазахар,8
узбекар,8
урусатдай,8
метрдал,8
бахчаяр,8
фяле,8
гуниз,8
цикл,8
гугуртдин,8
гьадалайни,8
шегьерарни,8
территорияр,8
диндик,8
кавказдин,8
кӏунтӏарин,8
лувак,8
масан,8
передачаяр,8
польшада,8
певица,8
училищедик,8
хордин,8
училищедин,8
училищеда,8
декабрдин,8
гунугар,8
нижний,8
фамилия,8
чехов,8
лауреатар,8
гурар,8
менделеева,8
давамариз,8
дардархуьр,8
цудук,8
лака,8
кутурла,8
хуьруьвай,8
уллубий,8
нуькӏер,8
сардархуьр,8
отделение,8
асалдхуьр,8
куркӏурхуьр,8
хучни,8
нилтон,8
пушкаш,8
паоло,8
пи,8
цӏемуьжуьдлагьай,8
фи,8
магомедович,8
шагьдагъдин,8
ийса,8
образования,8
лишандиз,8
квахьнай,8
ийсар,8
австро,8
испаниядиз,8
экӏидай,8
швейцарияда,8
беденда,8
второй,8
эксмо,8
танк,8
кьуьгъверар,8
гьажияр,8
ваха,8
саад,8
эгера,8
дугъри,8
дявединни,8
германияди,8
сергьятриз,8
чарчар,8
мегьарамдхуьре,8
пединститутда,8
учебник,8
мусурманвал,8
финал,8
актёрар,8
къугъвай,8
биатлондай,8
чемпионатар,8
туьрколог,8
полициядин,8
реакцияр,8
чимивилин,8
кьетӏендиз,8
идлай,8
готар,8
зиянар,8
кометаяр,8
чарчел,8
тежу,8
римди,8
къабул,8
идалди,8
фашиствилин,8
дяверин,8
къиметар,8
роза,8
хуьруьнви,8
ахтармишзавай,8
агьалийрихъ,8
алудун,8
президентар,8
яхцӏурни,8
авуналди,8
доминикадин,8
исследование,8
кичӏе,8
официалвилелди,8
но,8
намдо,8
хьайивили,8
хкягънавай,8
сетӏренжар,8
кимихуьр,8
тирвилиз,8
сурарни,8
кучуднавай,8
ибрагимов,8
мусаев,8
бинеяр,8
государственный,8
рауль,8
таун,8
шегьеррилай,8
къушунри,8
къецяй,8
жемятдинни,8
цӏарцӏе,8
мэр,8
австриядихъ,8
молекуляр,8
давамарун,8
аякс,8
рекорд,8
билясувар,8
флотдин,8
красное,8
садхьун,8
физиология,8
рекордар,8
пий,8
вокзал,8
жугъурунрин,8
париждиз,8
гуьрметдай,8
гьемзет,8
сербиядихъ,8
иосиф,8
пол,8
азербажан,8
англиядинни,8
акай,8
тажидин,8
кьилегьуба,8
къурушар,8
тӏалабуналди,8
мучугърин,8
вацӏухъ,8
тигьиржал,8
цӏегьрен,8
кьуьхуьр,8
гъенер,8
цӏехуьлуба,8
чӏакӏар,8
мерсисайд,8
энд,8
трэш,8
сихилдикай,8
кьазвайди,8
карла,8
узунуба,8
ватандихъ,8
храх,8
эверзавай,8
анклав,8
шийи,8
венесуэладин,8
органра,8
сабир,8
восточного,8
авазар,8
алазан,8
петрович,8
касбуба,8
иштиракнавай,8
мы,8
камилов,8
кьулувалдиз,8
стхади,8
эхтилатралди,8
чӏилихъар,8
гьазурнавай,8
ахмед,8
каршли,8
чиамахи,8
надежда,8
герменчик,8
уцмиюрт,8
хамаматюрт,8
ахай,8
гарбутль,8
кристиан,8
дизахлы,8
кӏвални,8
ибрагим,8
дявейра,8
агъдам,8
муниципальное,8
комиссиядин,8
штулрин,8
велед,8
фондунин,8
хьизни,8
манидарар,8
кӏевера,8
алахъиз,8
хизри,8
ашты,8
фиба,8
дербентского,8
чулак,8
куьтягьайла,8
кьегьалвилерай,8
библиография,8
хзандихъ,8
иштиракнавайди,8
турнирда,8
чайковскийдин,8
гьанай,8
кьиникьикай,8
гьажигьатемли,8
куьреда,8
арабистандин,8
доктордин,8
лкс,8
лермонтован,8
мамнун,8
газетдай,8
авайвили,8
вишйисалай,8
таржумаяр,8
аксидаказ,8
мехельта,8
урари,8
немцари,8
роджер,8
сунжа,8
цвар,8
гьажибегов,8
аймаумахи,8
бурдеки,8
кичи,8
гамри,8
образар,8
талукьарна,8
бурхимахи,8
стадиондал,8
багъдад,8
эдебиат,8
кидеро,8
белгенда,8
капучи,8
эмираслан,8
фрид,8
аркас,8
дуранги,8
кафыр,8
чанкурбе,8
маали,8
кудутль,8
курми,8
чемпионатдал,8
хийирдиз,8
уфа,8
финалда,8
экспедицияр,8
астрахандин,8
энциклопедияда,8
миллетрикай,8
шахе,8
агата,8
сайтдин,8
сегьнедилай,8
гьикаятар,8
кӏелзвай,8
устадвал,8
регьбердин,8
фазу,8
баскал,8
агьан,8
ашукьбайрамлы,8
гьадлай,8
ольденбургдин,8
сенжефил,8
хуарес,8
июлдал,8
дахилия,8
ноябрдин,8
самцхе,8
джавахети,8
айрарат,8
ташир,8
тарихдалди,8
тӏифлис,8
макаревича,8
долинади,8
азизрин,8
агъжабеди,8
бегьемрунин,8
стс,8
чжэн,8
айин,8
лежбердин,7
демократик,7
кьиблепатахъ,7
стандарт,7
потенциал,7
жагъурунар,7
давамарнай,7
экспедициядин,7
петрозаводск,7
бсэ,7
расай,7
гимндин,7
макьам,7
кърабагъдин,7
регионрикай,7
вулканрин,7
къванерин,7
климатдиз,7
шуькӏуь,7
табий,7
заманайрилай,7
кутуниз,7
тарихдаррин,7
эрдебил,7
арандал,7
мусурманвилиз,7
элячӏнай,7
грузия,7
зангезур,7
вугун,7
хъсанарун,7
операция,7
къарабагъдай,7
дай,7
шабран,7
ланка,7
материк,7
чапхунчийрин,7
веси,7
ялзавай,7
жагъурнавай,7
минск,7
чевакдин,7
амазун,7
агъавацӏар,7
чехословакия,7
векилвал,7
промышленность,7
глобал,7
кхьидайди,7
франциядинни,7
колонизация,7
аксивал,7
акт,7
инг,7
антарктида,7
газел,7
хизандин,7
чӏ,7
апай,7
атна,7
денайина,7
хура,7
руг,7
къерехрив,7
нигер,7
лацубур,7
замбия,7
сенегал,7
того,7
ахцегьрай,7
ийсариз,7
шагьбани,7
ун,7
гуьгъуьнилай,7
ахцегьвийри,7
кӏевивал,7
паяриз,7
ахцегьвияр,7
гьусейн,7
аббас,7
дугундин,7
галукьна,7
элячӏзавай,7
къеледа,7
йисун,7
гузвачир,7
ракъуриз,7
гафарив,7
инфратуькӏуьрунар,7
акъвазарнай,7
берейра,7
хперин,7
санаторий,7
чӏехини,7
кьушунди,7
хасбулат,7
хрун,7
мобил,7
мектебни,7
назим,7
ражабов,7
рашидов,7
насир,7
кьатӏунар,7
алкадари,7
шиирриз,7
кесибрин,7
шиирдай,7
ахлакь,7
нарази,7
савкьватар,7
ноябрьдин,7
калук,7
продукция,7
газдив,7
дворец,7
дагестанский,7
чилерилай,7
къачузава,7
зиян,7
брест,7
суверенитет,7
мукьал,7
чидач,7
лишанрикай,7
партнёр,7
ахъаюн,7
бурятия,7
рекъяй,7
къамуг,7
алексеевич,7
летчик,7
человек,7
первого,7
апреля,7
летию,7
германии,7
гибралтар,7
женгчи,7
просвещение,7
уездда,7
коралл,7
соломон,7
фиджи,7
крайдихъ,7
муркӏади,7
миатли,7
вацӏунни,7
киреждин,7
кьакьандиз,7
патавай,7
куьмекдиз,7
иесияр,7
лагерь,7
ханар,7
союздик,7
телави,7
эгечӏай,7
шурада,7
антантадин,7
папари,7
волгограддин,7
дагъустанди,7
гинухар,7
къумукьриз,7
дагъустанвийрин,7
иудеяр,7
татри,7
собор,7
агвали,7
планар,7
дагдизель,7
агъзуралай,7
кирпич,7
символика,7
къанундив,7
ярагъви,7
гомер,7
гьабиб,7
аскеров,7
стильдин,7
кубачияр,7
этноним,7
сухокумск,7
типдиз,7
гьаларикай,7
важиблу,7
моисей,7
посёлокдиз,7
араблинское,7
первомайский,7
коммуна,7
посвящённый,7
хьтинди,7
скандинавиядин,7
днепр,7
дондин,7
мальта,7
балтикадин,7
исландия,7
ассамблея,7
уьмуьрдай,7
къвал,7
дипломдалди,7
чӏаларилай,7
вак,7
иштиракхъан,7
талукьбур,7
епископ,7
британия,7
гатӏумзава,7
агъавал,7
малдин,7
графвилин,7
кӏалубда,7
вй,7
галат,7
чикаго,7
калифорниядин,7
хайиди,7
цивилизациядин,7
заман,7
сетдин,7
ахтармишунрин,7
интернетда,7
дегишрун,7
рахана,7
белиз,7
кувейт,7
королдин,7
кьадайвал,7
контролвал,7
он,7
зегьметчи,7
дерди,7
гъуьлягъ,7
советской,7
цуру,7
кьулувалдин,7
континентрин,7
гилигзава,7
ленкорандин,7
гьакӏани,7
гафун,7
гай,7
кубань,7
апшерон,7
маргъалрин,7
субэтносар,7
чинин,7
абазинар,7
агъазвай,7
географических,7
управление,7
археология,7
каспидин,7
мукьварал,7
савдавал,7
гум,7
острова,7
марагъ,7
вирина,7
камар,7
культурада,7
дишегьлияр,7
буьркьуь,7
барбадос,7
доминика,7
парагвайдин,7
ризван,7
сайтунал,7
нальчик,7
къавах,7
зуростровдинни,7
кӏватӏидаказ,7
авурвиляй,7
йисалайни,7
казак,7
акимова,7
реформайрин,7
къурбанан,7
касумкент,7
нтв,7
самбо,7
цлар,7
шегьердайтӏуз,7
хар,7
квадарнавай,7
гьасилун,7
жагъурунри,7
восточная,7
саидова,7
проезд,7
марко,7
оглы,7
ципицӏрин,7
миллиардер,7
омар,7
юсуфов,7
бабаева,7
кронштадт,7
хкизва,7
людмила,7
шамсудин,7
къакъудиз,7
алакьна,7
ида,7
гафуналди,7
шагьидвалзава,7
ихилова,7
кхьенвайбур,7
шарвал,7
эсердай,7
саида,7
шиират,7
ханбиче,7
чӏаларални,7
акъудуниз,7
авайбурун,7
дуьшуьшра,7
акахьун,7
тавуртӏа,7
мугъулар,7
лезгидалди,7
низ,7
амукьнач,7
кьатӏуниз,7
цӏахурри,7
ерси,7
гьахълу,7
акъудзавайди,7
классда,7
хинелугъви,7
гатӏунна,7
гилийрин,7
теклифзава,7
алфавитда,7
чеченриз,7
адетрикай,7
шихидхуьруьн,7
гьарайна,7
цӏувад,7
кӏватӏдай,7
синтаксис,7
тӏалабун,7
девирдал,7
терминология,7
кьул,7
марифатдин,7
гъуьл,7
къилих,7
гьарам,7
лагьайла,7
яракьрин,7
чуькьуьн,7
бунт,7
олимпиада,7
аптека,7
рахайтӏа,7
лезгинские,7
ахмедов,7
лезгинских,7
абурай,7
акьалтна,7
асирдин,7
гьужум,7
ният,7
дереда,7
гагьди,7
неинки,7
ресурсы,7
аш,7
фар,7
шамахи,7
нуха,7
яшарилай,7
украинрин,7
нугъатни,7
декабря,7
ярагьмедов,7
королвилин,7
сиве,7
шегьеррихъ,7
кинотеатр,7
хвал,7
кавказский,7
элячӏун,7
таъминарзавай,7
идарайрин,7
гекъигай,7
орджоникидзедин,7
суьргуьндиз,7
кичӏевал,7
ахтармишунар,7
марсдин,7
жедайла,7
кьакьанвилел,7
гьабурулай,7
согратль,7
тӏарикъатдин,7
чепел,7
гьажимурадов,7
вокруг,7
света,7
ашукьрин,7
акатзавач,7
марфадин,7
улан,7
кхьизвайди,7
рейнджерс,7
папуа,7
замана,7
ядердин,7
иль,7
ттарарин,7
провинциядиз,7
путин,7
кхдр,7
динрин,7
тахтунал,7
цуниз,7
гъулцин,7
хабаровск,7
волгоград,7
иркутск,7
новосибирск,7
ярославль,7
советдиз,7
къанунрив,7
московский,7
петроград,7
республикайрин,7
джиных,7
хъулид,7
хаталу,7
рекьизва,7
научно,7
ятара,7
мариан,7
плитаяр,7
антарктикадин,7
плато,7
перуан,7
къекъуьн,7
кислороддин,7
хъжезва,7
гьуьляй,7
хкатай,7
мартдин,7
заливда,7
къекъуьнар,7
проливдай,7
кьетӏенвилерикай,7
райондал,7
приморье,7
асшда,7
колон,7
хкудзава,7
хълар,7
мирзоев,7
тухумдикай,7
кьисметдикай,7
гуьзел,7
къафкъаз,7
дад,7
кавк,7
поэмы,7
серго,7
ленин,7
поэзии,7
слово,7
маяк,7
объект,7
канаб,7
фотосинтез,7
пешерин,7
чкадикай,7
государственное,7
сибирьдин,7
цавай,7
мукьвабур,7
чатун,7
социалвилин,7
садвалдик,7
декабрдилай,7
палатадин,7
гьуьлерилай,7
автомобиляр,7
гьарда,7
ягъзава,7
касардин,7
хкянавайбур,7
девечи,7
цыганар,7
гелеваз,7
хинер,7
чемпионатрин,7
регьберрикай,7
пӏирен,7
гъуьгъуьнин,7
тӏигьиржалви,7
хкажиз,7
кхаж,7
патарикай,7
китайвияр,7
контроль,7
императордиз,7
къуллугъэгьлияр,7
императоррин,7
атлетика,7
акьалтзавай,7
имни,7
рагъэкӏидай,7
заридиз,7
маршал,7
фейиди,7
автономдин,7
пишкешдин,7
аялвилин,7
румынияда,7
вигьинрин,7
русские,7
христианвилиз,7
афанасий,7
яков,7
богдан,7
каякент,7
асадхуьр,7
яргиль,7
мугьажир,7
акахь,7
андалал,7
кахиб,7
иштиракзавай,7
ким,7
лапаг,7
президиумди,7
эседуллагь,7
ивигар,7
рак,7
цӏипудлагьай,7
цӏекӏуьдлагьай,7
командайрик,7
мазанаев,7
халичачивал,7
угълангерек,7
сош,7
халичайрин,7
мажбури,7
гуьлуьтар,7
анлай,7
барселонадин,7
гатана,7
страница,7
интернационале,7
рухваяр,7
давление,7
отечественной,7
гравитациядин,7
стивен,7
маза,7
ялцугърин,7
цӏийз,7
амр,7
сириядин,7
венеция,7
къуз,7
черногория,7
жезмай,7
армии,7
бразил,7
дережаяр,7
авурдилай,7
пабло,7
росарио,7
чарльз,7
ботафого,7
мастер,7
сирияда,7
гьидрогендин,7
хьайла,7
термохвехуьнин,7
вилериз,7
автоном,7
кп,7
паччагьвал,7
крус,7
юпитердин,7
цикай,7
плазма,7
кл,7
искандер,7
мисрида,7
ихтиярда,7
сараг,7
рейтингда,7
диктатура,7
ципицӏ,7
никӏин,7
университетрин,7
кьиникьрин,7
зариятда,7
вергилий,7
жанр,7
иштиракзава,7
хашпересар,7
химик,7
журналистикадин,7
меслят,7
чпел,7
ктабди,7
кӏелзавайдаз,7
экземпляр,7
нуреддин,7
фундаментал,7
кайи,7
кома,7
вещество,7
влади,7
гатӏумдалди,7
экономистар,7
ванцин,7
чӏавун,7
англи,7
фронтдин,7
органри,7
оксид,7
свободен,7
вириниз,7
кванъёкси,7
императорри,7
валерий,7
меккедиз,7
меслятар,7
дифференциал,7
мягьлейрикай,7
шиирарни,7
колхоздиз,7
тӏалар,7
хъийизва,7
мухтар,7
хзанни,7
нигериядин,7
марка,7
виней,7
бахчахъанвилив,7
ба,7
гуьрчег,7
кастро,7
телевидениедин,7
къарагънавай,7
къуллугъдилай,7
амазма,7
хьанатӏани,7
хгана,7
кичӏ,7
англиядиз,7
веществояр,7
ядни,7
температурада,7
навадиз,7
кӏили,7
сабирабад,7
эсперантодин,7
бактерийрин,7
агъзурдал,7
поселка,7
павелдин,7
клубрикай,7
волейбол,7
бактерияр,7
квадарнай,7
кьиникьалди,7
зияратдин,7
григориан,7
бум,7
студиядин,7
ацукьун,7
медалдин,7
манийриз,7
тринидад,7
без,7
вурвар,7
эфендиеван,7
тесниф,7
далагь,7
сенгер,7
жамал,7
гьуьсейн,7
акатайла,7
гонсалес,7
цӏвал,7
министрвилин,7
бернли,7
роверс,7
империядикай,7
куьтягьнай,7
хутор,7
миллионер,7
куьчедиз,7
нуэва,7
казмаляр,7
хужадхуьр,7
къарибов,7
тварцин,7
кандидатдин,7
сергьятрилай,7
ватандал,7
эквер,7
эй,7
чукӏурнавай,7
тхэквондодин,7
аух,7
бубайрилай,7
кьисади,7
кутӏуннай,7
гьуьжреда,7
жазаяр,7
кериман,7
яхулви,7
шихидхуьруьнсовет,7
саксония,7
хкаждай,7
кипрда,7
набататдин,7
къарагъайла,7
хӏ,7
муаллимдин,7
царьдин,7
цуликана,7
учреждения,7
насруллагь,7
андуз,7
рацитль,7
рачабулда,7
гко,7
белгенар,7
джугут,7
нахада,7
ортаколо,7
анхель,7
гарсия,7
механик,7
акьулдин,7
футболистни,7
тайинарнавай,7
лезгинцев,7
гьуьсейнован,7
композиторри,7
критикри,7
манийрал,7
нишапур,7
тежез,7
ая,7
омаров,7
несилрикай,7
чӏугузвай,7
эсед,7
садикь,7
самолётдин,7
терекеме,7
авуртӏани,7
населения,7
населенных,7
медалриз,7
сулейманов,7
хциз,7
герои,7
кусары,7
абасов,7
рыбников,7
вильгьельм,7
элгьед,7
мирзеханова,7
депутатвиле,7
гуьйчай,7
гьапутрин,7
гьапутлу,7
кукӏвал,7
эвернавай,7
килигайтӏа,7
лариса,7
бубадикай,7
куьмекдай,7
эпос,7
фейзудин,7
ярагъдал,7
место,7
мугьи,7
кутандин,7
кошанапу,7
католиквал,7
кантондин,7
цацархуьр,7
усларан,7
табасаранвияр,7
кхьенвайвал,7
автореф,7
хиналугского,7
хаджи,7
бизнесдин,7
дружба,7
вачи,7
чечнядинни,7
къаранугъай,7
пруссияди,7
македониядин,7
гази,7
историко,7
цӏиргъинилай,7
ихтиярдин,7
шииррал,7
чӏша,7
затор,7
конгодин,7
воскресенское,7
кӏилияр,7
тито,7
меликов,7
территориядал,7
эсеррай,7
гьелбетда,7
цӏудахар,7
концентрироватнавай,7
замбиядин,7
промышленностдин,7
уильямсди,7
уильямс,7
тамашаяр,7
кинода,7
директоррин,7
айнурбимахи,7
бахмахи,7
уллукимахи,7
цурмахи,7
арачанамахи,7
миглакасимахи,7
новогеоргиевка,7
новодмитриевка,7
муайдар,7
фарер,7
сентябр,7
магьарамдхуьруьн,7
гьарйянадин,7
голотль,7
куаниб,7
футболхъанар,7
тоттенхэм,7
хотспур,7
албум,7
гъугъанрин,7
гъугъандал,7
баркаллу,7
ахвахрин,7
колхозрин,7
микьи,7
алтӏушунин,7
андийрин,7
чалда,7
никӏел,7
хьтинбурун,7
ольга,7
гьадж,7
кьерерал,7
вечер,7
литературная,7
эмиралиди,7
издательствода,7
ингушетиядин,7
султӏанатдин,7
наша,7
руставида,7
бегьемардайди,7
цӏикьудлагьай,7
шихсаидов,7
чехи,7
хребет,7
редакторвал,7
мегьманан,7
стихотворения,7
бахшнавай,7
хкатнава,7
искусствойрин,7
абдулмалик,7
нуцал,7
кахети,7
акьалтӏардайлай,7
тешкилна,7
партийный,7
юридический,7
лагьиж,7
галагагь,7
буровдал,7
галынчаг,7
гарайбейли,7
машина,7
чайковский,7
чайковскийди,7
радиаллагьу,7
гегам,7
рача,7
варденис,7
гьасанован,7
лайихлувилин,7
фестивальда,7
вахтундилай,7
элза,7
марфад,7
алонсоди,7
апрелдилай,7
мгимо,7
кириенко,7
гейчай,7
павлиашвилиди,7
неру,7
мисалрикай,7
заместител,7
альп,6
векилвилин,6
виликфинин,6
лютеранар,6
материалрин,6
фикирдал,6
шаумяна,6
чешмейрив,6
адигъар,6
индустриал,6
гъурбатдиз,6
зуларикай,6
рангни,6
гербдин,6
кьилерикай,6
кӏунчӏ,6
бередилай,6
дигидай,6
климатрин,6
нахчивандин,6
азербайжанди,6
вулканар,6
ацӏана,6
чакъалар,6
пси,6
жедайбур,6
экология,6
атӏунин,6
галукьзава,6
рекьера,6
кьацӏурзава,6
пунктар,6
турциядихъ,6
тестикьарзавайвал,6
аслувилик,6
генжедин,6
энтогенезда,6
алпанар,6
азербайжанаринни,6
къакъатнай,6
къакъатунин,6
себебрикай,6
монголри,6
исмаилан,6
чукурна,6
дуванханаяр,6
агатнай,6
идакай,6
душманвал,6
тешкилунин,6
касдихъ,6
эрменийриз,6
кӏеретӏри,6
якъуб,6
хатасузвилин,6
командирар,6
шегьервияр,6
агакьана,6
урусдал,6
европе,6
рагъэкъечӏдайдан,6
лезгиди,6
фетягьов,6
шиирралди,6
гашарова,6
таъсирна,6
тель,6
юкон,6
риу,6
сивелай,6
миграциядин,6
давамарзавай,6
пипӏерин,6
кьудлагьайди,6
алахъун,6
бостон,6
колонийрин,6
мэриленд,6
чилерар,6
колониядиз,6
корол,6
уильям,6
дуьзар,6
карчарин,6
баха,6
хувентуд,6
багамар,6
гренада,6
цуцӏулрин,6
море,6
гапур,6
йару,6
алфавитдал,6
курд,6
сомали,6
дуьзвал,6
ку,6
афгъанистандин,6
лагьй,6
атеизм,6
ухшарвал,6
тӏинкӏер,6
сахара,6
заливдиз,6
ангола,6
бисау,6
зимбабве,6
мали,6
мозамбик,6
ахцагь,6
тарашна,6
самсам,6
юзурзава,6
хъфин,6
тавакъу,6
ахцегьан,6
факт,6
вегьин,6
иранви,6
чӏехибуру,6
савдагар,6
цазва,6
номердин,6
хкудиз,6
эпосдин,6
аскар,6
ючм,6
дассрдин,6
геолог,6
агьед,6
гьажимурадан,6
шакӏурт,6
шамхалов,6
езне,6
къизилдере,6
гутумрин,6
цуругърин,6
цуругъ,6
калукрин,6
зонайриз,6
ахъаюнин,6
мярекат,6
мектебдилай,6
къекъуьнин,6
дело,6
нугъ,6
река,6
иордания,6
фр,6
дакар,6
герцеговина,6
балугъар,6
кьит,6
алакьунин,6
беларус,6
кьибледихъ,6
катун,6
камбоджа,6
калмыкияда,6
жеди,6
сас,6
данные,6
янцзы,6
вилерин,6
вирт,6
глюкоза,6
лишанрин,6
человека,6
аудио,6
эхем,6
кьвал,6
гардан,6
гренландия,6
афинаяр,6
украинвияр,6
мусурманарни,6
кӏалубар,6
гъуьр,6
сал,6
хаш,6
редакция,6
гьисаба,6
эгей,6
ява,6
тимор,6
къерехдиз,6
пайнай,6
рекьералди,6
кӏук,6
диклосмта,6
шалиб,6
тундраяр,6
валари,6
хъуьтуьн,6
алахьай,6
зонадиз,6
къумлух,6
хъфидай,6
хъфизвай,6
раятвилиз,6
адил,6
агьмедхан,6
персиядиз,6
мулкдар,6
алтыпарадин,6
сувахъанрин,6
округриз,6
округарни,6
агалкьунриз,6
гьажиди,6
межлис,6
сентябрьда,6
иштиракдалди,6
тахсирар,6
кӏвалахриз,6
реформа,6
ивияр,6
сентябрдин,6
васильев,6
демография,6
йисав,6
вандерлоо,6
хваршияр,6
лингва,6
франка,6
чувудри,6
ирганай,6
избербашдин,6
къалхандин,6
живери,6
бай,6
олимпиадин,6
исинбаева,6
двух,6
опыт,6
восток,6
эфендияр,6
акъатайди,6
казим,6
этнос,6
къарабудагъкент,6
уьлквейрани,6
ийизвайбур,6
перем,6
вахчагар,6
валчагъ,6
хъчарин,6
дасхуьруьнви,6
ктабрикай,6
субутарзава,6
культуре,6
сибирда,6
смит,6
рыбзавод,6
вавилово,6
кельтрин,6
зуростровар,6
кама,6
тахо,6
къерехдай,6
чуьлерин,6
урусатдани,6
словакияда,6
чкӏайдилай,6
косово,6
исторический,6
ег,6
школада,6
ве,6
чӏехибританияди,6
графикадал,6
англ,6
хъижезвай,6
римвийрин,6
британиядиз,6
терминар,6
рафтарвилерин,6
орфографиядин,6
чешир,6
северный,6
проектдин,6
концепция,6
немецкий,6
ччарар,6
проектар,6
технологияр,6
персия,6
нафтадинни,6
тарихди,6
хорасан,6
гайана,6
кюрасао,6
аруба,6
пудай,6
акурди,6
римдинни,6
килигунин,6
рахадайла,6
наследия,6
еврейский,6
видео,6
баладикай,6
сиверай,6
эфендидиз,6
дуьшуьшдик,6
вирелай,6
гуьнедин,6
замандин,6
эсерда,6
сакӏани,6
римви,6
юзунар,6
депрессия,6
зуростровдал,6
шхара,6
зурзун,6
муркӏари,6
раса,6
кабардинар,6
гуржистандинни,6
садбуруз,6
кузнецов,6
главный,6
географические,6
руниверс,6
суринам,6
конфедерация,6
мукьан,6
французар,6
далу,6
восточный,6
заливар,6
туьркменистан,6
куб,6
спутник,6
нуькӏрен,6
руфун,6
грамм,6
лирлияр,6
медениятда,6
нагьакьан,6
абдуллагьан,6
ризванова,6
барбуда,6
кучуднай,6
лезгинской,6
версияр,6
бидиркъеле,6
чилегир,6
гудермес,6
кхьейвал,6
шагьидвалзавайвал,6
броневскийди,6
зегьметрин,6
ефронан,6
адетарни,6
эльдаров,6
халидин,6
къуйсунрин,6
кьунвайвиляй,6
къазимегьамед,6
айванар,6
экъечӏайла,6
куьчейрин,6
мейвайрин,6
экъечӏзавайди,6
теле,6
эгечӏайла,6
твазвай,6
амукьайди,6
квахьзавай,6
къуьр,6
икрам,6
кишинёв,6
заланвилин,6
категориядин,6
вар,6
дар,6
девирар,6
эхи,6
къуншивал,6
тахт,6
чола,6
акунай,6
ацукьзава,6
фатали,6
дина,6
исмаилова,6
кази,6
заря,6
поло,6
октябрьский,6
рамазанова,6
заде,6
арс,6
махмудова,6
мукар,6
хатӏ,6
жедатӏа,6
къвалаг,6
этнолог,6
паспортра,6
падежриз,6
кьулухъан,6
зайнаб,6
тайифайриз,6
генетикадин,6
къатариз,6
атӏанва,6
делилрай,6
культуради,6
межидова,6
алирза,6
самури,6
литератор,6
моисеян,6
что,6
дили,6
хквезва,6
жал,6
хкиз,6
гьуьрметлу,6
йисарани,6
гуьлмегьамедов,6
акатайвал,6
неве,6
аяларни,6
гьазурдай,6
ашахуьр,6
кирамди,6
лезгиярни,6
къазанфар,6
авуникай,6
месэлайрикай,6
элифба,6
цӏийибур,6
чкадив,6
яхцӏур,6
тикрар,6
яхун,6
такьатрин,6
кент,6
десте,6
мерд,6
хесет,6
жем,6
хажалат,6
зарафат,6
эхтилат,6
партал,6
дава,6
балкӏандин,6
хамунин,6
гьажибугъда,6
къазма,6
къуй,6
куьтягьун,6
хьуналди,6
акъвазун,6
грамота,6
доклад,6
делегат,6
гия,6
поезд,6
кислота,6
самух,6
вопросы,6
дагучпедгиз,6
мейланова,6
къазанмишай,6
сиягьатчи,6
сунна,6
муьридвал,6
азербайжанарилай,6
йисандивай,6
гайивал,6
чкайрилай,6
демографиядин,6
нормадилай,6
фикирзавай,6
магьсулрикай,6
хьран,6
гьерен,6
общественная,6
мирзабеков,6
селиман,6
чкадихъ,6
ноябрьда,6
пиво,6
дону,6
къванцикай,6
прогресс,6
кьацӏай,6
реформаяр,6
алуднай,6
рекьелай,6
жагъурунрин,6
варцара,6
кьегьалдин,6
макао,6
жинсиникай,6
планетадин,6
кӏаникай,6
тухум,6
ярагъи,6
ярукьвалар,6
къемер,6
уста,6
бегенмиш,6
эсерарни,6
какаяр,6
тӏурфанар,6
пассажирар,6
мукьар,6
маариф,6
бангкок,6
прагьа,6
рома,6
кӏватӏзава,6
истису,6
хуьрьун,6
проблема,6
науру,6
квартира,6
сериядин,6
иерусалим,6
кирибати,6
тонга,6
асшди,6
тухунвай,6
сена,6
кӏиви,6
гимидин,6
логотип,6
пелен,6
малых,6
къейдер,6
чируниз,6
хъпи,6
промышленностьдин,6
гьисабиз,6
акъатайла,6
камчатка,6
ненец,6
пеш,6
садавайни,6
курган,6
тамбов,6
гунивди,6
советдик,6
язвай,6
акатунин,6
кьабулнач,6
муркӏад,6
континентар,6
йигинвилелди,6
шельфда,6
кӏунтӏарикай,6
ятариз,6
гекьигайла,6
гарари,6
экспедицияди,6
франсуа,6
экспедицияда,6
институтди,6
кутузва,6
ацӏанва,6
сиреникдин,6
юсуфан,6
пери,6
марксан,6
ватанперес,6
аялвал,6
инкъилабдилай,6
нагъиева,6
саидан,6
регъуьн,6
гьадаз,6
зарийриз,6
наследие,6
дня,6
рабочий,6
памяти,6
сталине,6
песня,6
речь,6
эф,6
капиева,6
период,6
чукӏул,6
таму,6
цурун,6
твадай,6
атӏузвай,6
цивилизация,6
къайдадиз,6
сибир,6
урусатдилай,6
казаньдин,6
къарардиз,6
улус,6
баят,6
кьеблесудан,6
начагъхана,6
заманрилай,6
гьамзатан,6
аладайди,6
эчӏехуьр,6
кьадарар,6
азербайжанарни,6
аялдиз,6
гуьмбетар,6
биохимия,6
хъалхъамар,6
кьелер,6
абукар,6
чал,6
къанунриз,6
кхрдин,6
къалурзавайвал,6
киргизар,6
гъуцариз,6
цларин,6
ийзвай,6
балкӏанрин,6
бахтунин,6
олимпиададин,6
перепелятник,6
малый,6
тело,6
мартиника,6
галкӏдик,6
ахвар,6
пака,6
сайтар,6
шахматист,6
хнуб,6
мензилда,6
категорияда,6
акӏидай,6
репертуарда,6
резник,6
кубаньдин,6
псковдин,6
атанвайбурун,6
хашунин,6
клисади,6
романс,6
элементрикай,6
дережайриз,6
вестник,6
дагестанские,6
алфавитар,6
тайифади,6
чпелай,6
тинди,6
сихилри,6
хкягъзавай,6
кимел,6
хъуьтуьз,6
дишегьлийри,6
катманду,6
гъин,6
кӏурукӏун,6
манаф,6
гьасилдай,6
форель,6
гачалхуьр,6
ялцӏугъ,6
альфа,6
аркит,6
джалма,6
пенджаб,6
цӏусадлагьай,6
къадлагьай,6
посол,6
чемпионардин,6
бутса,6
шабан,6
декан,6
замир,6
фикирдиз,6
городов,6
гуьгьуьл,6
буьруьнж,6
эрадал,6
масабдур,6
вишйисалди,6
сувавилин,6
хкажун,6
ават,6
колизей,6
металлрин,6
гунгар,6
гав,6
кастилиядин,6
пайнавай,6
диндай,6
галатасарай,6
рекьидай,6
официалвилин,6
экъечӏнавай,6
фронтдал,6
блок,6
воспоминания,6
колхозник,6
итимдин,6
хьалиф,6
кхьейи,6
тухузавай,6
вилгьелм,6
иштиракчияр,6
германиядиз,6
золотой,6
иисус,6
бассейндик,6
агьвал,6
толстойдин,6
адавал,6
насьональ,6
аргентинада,6
чаоян,6
хоккеист,6
туькӏуьрдайла,6
кьушунра,6
дидени,6
яшамишзвай,6
норма,6
уьнуьгърин,6
планетаярни,6
карлик,6
чукӏурун,6
чукӏурунин,6
массадиз,6
яргъара,6
полякрин,6
мальвин,6
астероидрин,6
областда,6
областар,6
заряд,6
земли,6
наполеона,6
ихтийрар,6
дагцик,6
миранд,6
масабурун,6
португалиядиз,6
ттунвай,6
антониу,6
амукьиз,6
буржар,6
чкайрихъ,6
ттарар,6
нафтӏадинни,6
студентриз,6
диабет,6
рекьизвай,6
компанияди,6
молдова,6
алахъунрин,6
сергьятдилай,6
науки,6
дигагь,6
алиханов,6
алуднавай,6
кӏвалерни,6
бонапарт,6
воениздат,6
канд,6
сантиметрдив,6
далдам,6
кӏвалахарзавайди,6
далдамар,6
кӏвач,6
къалур,6
формадин,6
азот,6
учебное,6
пособие,6
сьерра,6
киншаса,6
казахстан,6
зарезервировано,6
области,6
тӏалабзавай,6
чхунчхон,6
пукто,6
азиядинни,6
византия,6
вассал,6
гишила,6
ахъайдай,6
гьурметдин,6
абдулла,6
саламни,6
гьижра,6
кьуръан,6
хкуд,6
исаак,6
хатасузвал,6
грар,6
гарнизон,6
атӏанай,6
мукьуг,6
куьчарунин,6
кӏунтӏарал,6
алимурад,6
нез,6
спортзал,6
совхоздиз,6
билалов,6
батальондин,6
эмирдалди,6
солдатрин,6
боржоми,6
хуквадинни,6
кӏвалахри,6
банкунин,6
сербиядин,6
цахурский,6
рутульский,6
нова,6
сунни,6
гьабрук,6
гьавана,6
островдиз,6
марфарин,6
чинеба,6
нивай,6
константина,6
чӏавуналди,6
сенатдин,6
налогар,6
тфенг,6
авуни,6
генералар,6
ломбардиядин,6
воды,6
февралдал,6
гузавай,6
кьетӏъ,6
къугъвадайдан,6
футболка,6
расим,6
людвиг,6
генетик,6
клеткадин,6
январдал,6
нева,6
папариз,6
майами,6
кьисадиз,6
клисайрин,6
цӏаю,6
кухтунвай,6
цӏехуьлдиз,6
атӏуз,6
кафедра,6
килигдай,6
кьилериз,6
неоклассицизм,6
бюст,6
къариб,6
церемония,6
гьазурунин,6
кинояр,6
къанницӏудлагьай,6
дэвид,6
себастьян,6
поп,6
айникабмахи,6
ботлихрин,6
элкъуьрзавай,6
агван,6
ювентус,6
калунхуьр,6
хуьлуьхърин,6
цларал,6
къванцел,6
хъишлахрин,6
нуьсрет,6
гуьндуьзкӏеле,6
шерифов,6
эвежугъ,6
агъадин,6
паласа,6
пост,6
кьатӏанай,6
математикар,6
милициядин,6
къутургъан,6
къвадайла,6
уьцӏуьзвай,6
беделов,6
чешмейрай,6
нямет,6
рустамов,6
ливерпул,6
сейидликентйери,6
моторс,6
атлетик,6
александра,6
гьакимвилин,6
так,6
гуржу,6
даргинский,6
пӏиркъулууба,6
алик,6
куьмекдин,6
палчухуба,6
илхичи,6
къарабагълы,6
чехирдин,6
ичерин,6
уллу,6
синтез,6
реакциядиз,6
драматургиядин,6
къартасрин,6
кирпичрикай,6
екатеринбург,6
евреи,6
мегьди,6
кьилегь,6
азизов,6
лгар,6
аскерри,6
мягьледа,6
орденрин,6
халилов,6
акахьнай,6
регьберрин,6
мийит,6
эхо,6
хъуьлер,6
эбеди,6
дугундал,6
хьилерин,6
альдер,6
мусайиб,6
абдулгьамидан,6
ариф,6
гуьнеяр,6
татарханрин,6
мирзебутай,6
майрудин,6
талукьарнай,6
диндикай,6
эски,6
абдулбари,6
эминхуьруьз,6
сайдумов,6
маштада,6
казиюрт,6
айтхан,6
калининаул,6
караозек,6
ачи,6
гунха,6
беледи,6
зибирхали,6
анхо,6
хандо,6
шивор,6
вашингтонда,6
сесар,6
самарканд,6
станциядин,6
гьайдарабад,6
веймар,6
сунияр,6
гьамбарханаяр,6
михайлович,6
азарханадин,6
суваз,6
лезгинцеван,6
ийидайбур,6
вакъиайриз,6
мансур,6
квадратдин,6
гьаят,6
тӏварарихъ,6
цӏудалай,6
зия,6
дахдин,6
кӏирийрин,6
агалкьунрин,6
командирдин,6
солистка,6
кат,6
гьакимрин,6
серкер,6
цана,6
ципицӏар,6
дарго,6
хъчар,6
консулвал,6
чайка,6
куьчейрикай,6
абилован,6
ротадин,6
ракъурай,6
гьажимет,6
вулканы,6
агульского,6
крыз,6
вакъиф,6
герой,6
машгъулат,6
кӏелнай,6
цавуз,6
седреддин,6
чкани,6
сидкьидай,6
меликан,6
елизаветполь,6
эхирриз,6
будугълу,6
ергуьжрин,6
хинелугърин,6
киривияр,6
букар,6
суву,6
хуьруьнсоветди,6
пилек,6
месэлайрин,6
нагъиеван,6
дустуниз,6
афанди,6
лингвистар,6
гьезерчи,6
сухтайриз,6
эминаз,6
агроном,6
зирдаг,6
хьар,6
филол,6
дауд,6
гьумьбет,6
акташ,6
ясная,6
ури,6
куьчарун,6
вацӏа,6
эфирдин,6
курфюрст,6
франкфурт,6
дакӏур,6
португалрин,6
ацтекрин,6
экъечӏунар,6
чӏурнавай,6
фикирри,6
ишлемишна,6
ингьул,6
бисмарк,6
крайдик,6
ягъана,6
кьиникьилай,6
владимиран,6
петран,6
финалра,6
сефереда,6
бойнице,6
кьурурда,6
чӏулавкьалар,6
хьайилани,6
меликова,6
эдебиятдиз,6
мая,6
къайтагърин,6
кубачинский,6
шеварднадзе,6
секретардин,6
хиялар,6
кристофер,6
калиновка,6
халифа,6
хорватиядин,6
сиягьди,6
гьабсбургрин,6
императординни,6
разивили,6
куьмекна,6
урду,6
кӏиливал,6
ренат,6
джамна,6
панипат,6
прадешдин,6
ругьтак,6
сунипат,6
агьмадулина,6
кириллицадал,6
андых,6
ассаб,6
гоготль,6
цумада,6
гаквари,6
абакаров,6
астон,6
сувуз,6
шарой,6
вицхи,6
сарагоса,6
гъенервацӏ,6
пушкиназ,6
ктабханада,6
дустарин,6
граф,6
къазакьстан,6
видади,6
сегьнеламишна,6
эдуарда,6
абура,6
миллетди,6
къирим,6
макка,6
бурят,6
шсрг,6
андреян,6
убыхрин,6
учебникрин,6
калмыкрин,6
нуфуслу,6
черкесиядин,6
славься,6
юриспруденция,6
синьцзян,6
румыниядин,6
банска,6
даргинского,6
гунугрин,6
современник,6
альманахдин,6
директорвал,6
гьикаяйринни,6
чирков,6
уьмьурдин,6
председателдин,6
зураб,6
махачкъаладин,6
мегьаммед,6
ровно,6
рекьекьуьл,6
алатайдалай,6
хкягъун,6
бакрди,6
дрезден,6
ольденбургда,6
тунисдин,6
маскат,6
тбилисидилай,6
риони,6
саркисян,6
муниципалитетдал,6
петросян,6
ахурян,6
велаятди,6
тамамарзавай,6
экъечӏзвай,6
ахтармишиз,6
гьанлай,6
собраниедин,6
вкпб,6
бану,6
муавияди,6
муавиядин,6
рена,6
сарат,6
ягънавай,6
кепке,6
командадиз,6
турнирдал,6
кӏватӏурдиз,6
маттиас,6
очко,6
гола,6
алахъзвай,6
шевчук,6
макаревич,6
язвайбур,6
артем,6
данелия,6
гималаяр,6
гималайра,6
казакова,6
агния,6
балкъариядин,6
кьейиди,5
хьуре,5
еридин,5
германиядихъ,5
парламентвилин,5
альпар,5
жагъурзавай,5
керен,5
ареални,5
тарланов,5
чкӏизва,5
тӏа,5
зулал,5
гербдал,5
девирдани,5
ленкаран,5
туькӏуьруниз,5
электростанция,5
аязар,5
жегьре,5
ккӏанвай,5
лекьен,5
гьашаратар,5
ддт,5
эксклав,5
армениядихъ,5
къванцӏин,5
малуматрилай,5
хвенвай,5
князьдин,5
пехъи,5
мугъан,5
ширванда,5
база,5
барбатӏнай,5
афшарар,5
нубатдин,5
вилаятриз,5
уездрин,5
регьберри,5
къатара,5
азербайжандай,5
кьарар,5
арменияда,5
авачирвилелди,5
компартиядин,5
къанундин,5
къахчун,5
базаяр,5
муьгьлетдин,5
дустагъра,5
оккупациядин,5
катнавай,5
итимдал,5
хрестоматияр,5
кьисметар,5
урумчи,5
вильнюс,5
авив,5
къарамат,5
нунивакдин,5
конкурсдин,5
ятарив,5
километрдилай,5
гимийривай,5
амазонка,5
факто,5
конгрессди,5
джерси,5
айленд,5
коннектикут,5
хьел,5
канададинни,5
китайдинни,5
китайди,5
колониал,5
юзунин,5
хъун,5
конгресс,5
миссисипи,5
техас,5
икьрардив,5
штатарни,5
андоррадин,5
нйала,5
канна,5
гапурар,5
балкӏандиз,5
жуьрейрал,5
аравиядин,5
ишлемишиз,5
масадалай,5
фактор,5
семитрин,5
финивай,5
авунач,5
арабриз,5
вам,5
арш,5
нуристан,5
индоарий,5
июндин,5
мехел,5
инкар,5
афар,5
островрикай,5
банту,5
африкадай,5
къерехдилай,5
уна,5
эцигайла,5
гьалтнай,5
абруз,5
фикирдив,5
гафба,5
чӏулавбур,5
либерия,5
майотта,5
танзания,5
уганда,5
ахцегьдиз,5
формада,5
ахцегьвацӏ,5
тешкилзава,5
жуьредикай,5
цӏегьер,5
машахар,5
гьавай,5
хазарар,5
кьушундихъ,5
жуваз,5
шалбуздагъдин,5
гьукумвал,5
кӏур,5
хъфейила,5
жазадин,5
къарагъунда,5
кьилик,5
икьрардиз,5
имаман,5
экономикани,5
багъдин,5
рейс,5
исскустводин,5
музыкадинни,5
муьгъвер,5
хореографиядин,5
цирк,5
паркуна,5
храдай,5
магьшур,5
гьасрет,5
абдулвагьид,5
вагьабов,5
алмас,5
амирханов,5
шабанов,5
вафа,5
муглах,5
аялринни,5
авахь,5
ятарни,5
евровидение,5
бордо,5
классриз,5
бенгали,5
жуьревилив,5
бел,5
украинадихъ,5
князвал,5
белиджи,5
кьабгъанар,5
вадлагьайди,5
гфр,5
бранденбург,5
варшава,5
прага,5
магалдиз,5
хизандай,5
бутан,5
дуьнеда,5
вари,5
чиляй,5
вацӏариз,5
парана,5
хзандикай,5
смоленск,5
инженердин,5
самолет,5
памятникар,5
природе,5
акъатда,5
фандукӏ,5
офицал,5
европани,5
грузияда,5
кутаиси,5
ахпана,5
сванар,5
бацбияр,5
евразида,5
чӏурал,5
вугузва,5
гъуьгъвезрин,5
алуван,5
мгу,5
лифер,5
хьунни,5
флорес,5
лабрадор,5
адриатик,5
балеар,5
ион,5
тиррен,5
кирамрин,5
манада,5
богос,5
аранрин,5
къумлухар,5
гийин,5
экечӏзава,5
чкайри,5
тамерлан,5
дагъустандал,5
магьмуда,5
кӏватӏнай,5
дегьлиз,5
кьабулуникай,5
рустам,5
пётрди,5
улусар,5
кавхайри,5
раятвал,5
бега,5
меселаяр,5
коалициядин,5
мешверада,5
хасавюртдин,5
отдел,5
силисдин,5
хронология,5
салман,5
хъиткьинунин,5
теклифдалди,5
субъектрикай,5
дагъустадин,5
ней,5
энвер,5
храмар,5
министерстводи,5
педагогвилин,5
банкар,5
квт,5
кӏвалахдик,5
туькӏуьрунра,5
каспийскдин,5
чӏагурнавай,5
шиирдин,5
театрар,5
макъаматдинни,5
драм,5
дагъустанвияр,5
камалэгьли,5
нафта,5
аллагьяран,5
начале,5
взгляд,5
гор,5
дом,5
геле,5
векилриз,5
казимов,5
тарсуна,5
лингвистри,5
расу,5
батыраян,5
мярекатра,5
шур,5
ацӏурзава,5
вакъиайрикай,5
кавказской,5
народа,5
деве,5
запун,5
дуьзлер,5
азиядихъ,5
гъизвайди,5
дегьчӏаван,5
гекъигна,5
вишекайди,5
океанри,5
адриатикадин,5
мармар,5
балканар,5
эльбрус,5
парани,5
ока,5
белая,5
эльба,5
женева,5
арктикадин,5
шартӏ,5
кеферпатахъ,5
украин,5
монако,5
хьунар,5
таможнядин,5
кӏапӏал,5
между,5
чурчул,5
муьтӏуьгъарна,5
рахуниз,5
дегишун,5
гегьеншвал,5
гьалтун,5
парталрин,5
къачунвайбур,5
чуьхвер,5
норманн,5
судья,5
глаголрин,5
эхирдиз,5
дакота,5
квебек,5
сети,5
ракъурун,5
кьумекдалди,5
домен,5
телефондин,5
гекъигунар,5
архив,5
тегьран,5
технологиядин,5
вацӏарал,5
эрменистандихъ,5
тобаго,5
проливдин,5
цӏудра,5
гузава,5
стамбулдин,5
муниципалитетрин,5
радикал,5
миллетдинни,5
амайбурун,5
электронная,5
режеб,5
сивериз,5
йемен,5
календарь,5
азарханада,5
тектоник,5
арагац,5
типдин,5
православиядин,5
русского,5
франциядихъ,5
провинцияни,5
чуру,5
сикӏерин,5
фарсидал,5
европадинни,5
набататри,5
дельта,5
ибадатхана,5
йсуз,5
тӏалаб,5
керекулар,5
агакьун,5
ахъавал,5
салара,5
люсия,5
невис,5
чъакъал,5
заланди,5
риваятар,5
гьатайла,5
мелика,5
консерврин,5
асфальт,5
гьазурвилер,5
ихилов,5
бакудилай,5
суважал,5
осетияда,5
наур,5
квекай,5
атанватӏа,5
эхирдин,5
тюрколог,5
бартольда,5
тешкилатди,5
татарни,5
литературани,5
савдагарар,5
отличник,5
алидхуьр,5
юбилейдин,5
алцумдин,5
алцумар,5
кпул,5
пландин,5
куьмекзава,5
пӏинияр,5
лугьуникай,5
кьатӏунин,5
геннадий,5
технология,5
мейланрин,5
жамалдинан,5
шагьабудин,5
рамазанрин,5
тюмень,5
банд,5
баб,5
