word,count
nu,1147
irā,960
ar,721
godā,683
nūvoda,522
pogosta,471
td,454
nūruodis,445
kai,442
latgolys,416
iz,397
beja,396
pogosts,386
latgaļu,382
pogostu,381
pa,343
par,332
latvejis,293
da,272
pogostā,255
daugpiļs,242
vaļsteibys,235
latgolā,225
ļauds,217
solys,217
taipoš,213
centrys,210
pi,208
goda,207
volūda,202
olūti,199
latvīšu,194
teritoriskais,192
piec,189
dzeivoj,188
km,188
gods,186
latgalīšu,182
republika,178
godu,167
ir,167
viesture,166
ka,164
padalīņs,158
volūdys,155
vaļsteiba,153
kas,146
pasauļa,144
voi,143
kod,143
ap,141
ci,140
var,139
katuoļu,137
mīsts,135
vīna,132
teritoreju,132
teiklavītys,131
fon,130
aba,129
cm,128
krīvu,125
the,125
jis,119
solu,117
lītovys,117
nazcik,115
garums,115
rēznis,112
tur,112
dzeivuotuoju,112
azars,110
tyka,109
pošu,109
mīsta,107
juo,106
volūdā,105
anglīšu,105
puolejis,103
europys,103
roksts,103
cierkva,103
tr,102
godam,101
laikā,101
krīvejis,100
jū,99
bazneica,98
zeimeigi,97
dora,97
latvejā,96
tautys,96
ludzys,96
vydzemē,95
iraid,92
volūdu,90
vīns,90
von,89
tok,86
tys,85
vaira,85
kulturys,84
upis,83
kura,81
nūvods,80
rūbežu,80
of,79
por,79
lv,78
pūstumu,78
piļs,78
giņts,77
tuo,76
europā,76
reigys,76
leidz,75
zemis,75
sovu,74
nūvodā,74
staroveru,74
daļa,72
geografeja,72
pasauka,72
kruoslovys,71
saimis,71
leopardus,71
biblioteka,71
golvysmīsts,70
kab,69
solā,69
tik,69
dobys,69
teritorejā,69
pravoslavu,69
kūpā,68
azara,68
dzeivinīki,68
rēzeknis,68
teiklavītā,68
kurs,67
navā,67
deļ,67
juos,66
pasaulī,65
kur,64
tei,63
vēļ,63
verīs,63
dīnavydu,63
daudzi,63
augstums,62
tū,61
ari,61
tai,61
lelumam,61
cīši,61
ite,60
noms,60
dagdys,60
dīnys,60
aglyunys,59
jau,59
na,59
datu,59
bejs,58
vyds,58
krystapiļs,58
vydā,57
jūs,57
pīvadumam,56
auguma,56
posta,56
corvus,56
un,55
sola,55
dīna,55
cytu,54
ii,54
rūbeži,54
bet,53
svors,53
kg,53
dzeivuotuoji,53
dzeļžaceļa,53
kurys,52
tuoļsative,52
mieneša,52
vyrtuve,52
ļeidz,52
iudiņa,51
jiuru,51
mīsti,51
vuocīšu,50
bejuse,50
vīta,50
daugovys,50
zeimeibys,50
škira,50
iedīņs,50
atsarūn,49
dzims,49
nūv,49
ha,49
solai,49
pyrmais,48
bazneicys,48
dīnā,48
reitu,48
nūvodu,48
izavierīņs,48
cyblys,48
teritoreja,48
bavārejis,48
dalejums,47
gs,47
kaču,47
jei,47
felis,47
īstateja,47
kuru,46
pluots,46
teritorejis,46
ct,46
lītaunīku,46
vītejuo,46
cylvāka,45
gruomotys,44
apleiciņa,44
vysu,44
demografeja,44
igaunejis,44
laika,43
byut,43
plieseigais,43
zviers,43
punkts,43
republikys,43
daļu,43
pats,42
jam,42
to,42
grupa,42
vysā,42
baļtejis,42
mienesī,42
daškiera,42
pyrmū,41
lītoj,41
tūlaik,41
bolvu,41
kuorsovys,41
volūduos,40
lelums,40
partū,40
augšuok,40
teiklavīta,40
leluos,40
bez,39
administrativais,39
nautrānu,39
tymā,39
vītejuos,39
vokoru,39
politika,39
romys,39
svātuo,39
kūku,39
vuords,38
sielejā,38
pyrma,37
felidae,37
cyti,37
soluos,37
jākubmīsta,37
parāds,36
ļaužu,36
parostai,36
cytys,36
leluo,36
jiurys,36
senejūs,36
leivuona,36
livonejis,36
pūstumūs,36
škārsoj,36
vileks,36
reiga,35
skaits,35
akmiņs,35
astes,35
kolns,35
ailis,35
aiļa,35
daškir,35
nūvodam,35
saimisteiba,35
vuorna,35
latgola,34
vuordu,34
lelais,34
daļā,34
kuri,34
savīneibys,34
afrikā,34
dekteru,34
html,34
viesturiskai,34
reorganizej,34
gregora,33
cylvāku,33
de,33
padūmi,33
godūs,33
reitūs,33
and,33
www,33
azaru,33
muzyka,33
škirys,33
lynx,33
atdale,33
bezdeleiga,33
tī,32
dzeive,32
saulis,32
caur,32
vītā,32
viņ,32
regiona,32
azari,32
pluotā,32
mīstu,32
transports,32
saiteibys,32
sataiseišonys,32
pyrmuo,31
nūteik,31
asv,31
muokslys,31
pogostim,31
daudzatmejeiba,31
dīnavydūs,31
iudini,31
poša,31
staceja,31
leluokais,31
pīdar,31
div,31
iudiņs,31
muižys,31
prionailurus,31
apkalpoj,31
diskografeja,31
bavāreja,31
pryušu,31
gruomotu,30
kuramā,30
rokstu,30
roksta,30
škiru,30
saime,30
daugpilī,30
universitets,30
raisteibys,30
sūpluok,30
leidzīņa,30
cieški,30
administrativu,30
dybynuota,30
ira,29
lela,29
ailinīks,29
piečuok,29
universiteta,29
romans,29
zamškiru,29
apmāram,29
iii,29
vuocejis,29
viļānu,29
preiļu,29
zeimebys,29
feļčeru,29
līk,29
tod,28
varakļuonu,28
oficialai,28
pret,28
niule,28
sasadora,28
godusymta,28
cikom,28
suomu,28
lineja,28
politiks,28
pyldys,28
milijoni,28
pūrs,28
guļbinis,28
vuiceibys,27
teik,27
rajona,27
cylvāks,27
pīterpilī,27
sīnuojis,27
īstateits,27
upe,27
ordyna,27
sovetu,27
http,27
mīstā,27
prezidents,27
līvu,27
dzeivova,27
celi,27
krīvejā,26
literaturys,26
reizi,26
tūs,26
padūmu,26
jī,26
juoņs,26
muzejs,26
reigā,26
zīmys,26
kieneste,26
centri,26
molā,26
azejā,26
religeja,26
in,26
darejs,26
panthera,26
mieness,26
puoļu,25
pīterpiļs,25
īt,25
kū,25
zeme,25
sovā,25
gon,25
lelu,25
dzeivinīku,25
viersa,25
doba,25
baltu,25
pastateita,25
slavvītys,25
ribinišku,25
buļbis,25
labi,25
osyuna,24
rakstinīks,24
no,24
process,24
volūdai,24
pīters,24
ontons,24
ceļš,24
boltkrīvejis,24
īīt,24
administrativai,24
vajag,24
vysuvaira,24
ip,24
xx,24
azarsola,24
kods,24
sovys,24
igauņu,24
vaidu,24
praņcīšu,24
parks,24
lynu,24
likvidātū,24
kam,23
viesturis,23
taisa,23
cytuos,23
itū,23
bibliotekys,23
latgale,23
rēzne,23
dorba,23
pusē,23
dzeivis,23
centra,23
pasaukys,23
suokuos,23
naleļs,23
golvonais,23
vītys,23
vaļsteibu,23
boltkrīvu,23
godusymtā,23
linejis,23
kurā,23
leptailurus,23
serval,23
pog,23
autoceļš,23
ēst,23
karaļi,23
dorbu,22
pyrmuos,22
latiņu,22
vāluok,22
sauc,22
tam,22
sātys,22
vītu,22
lai,22
kurymā,22
byun,22
jauna,22
apleicīnis,22
igauneja,22
aiz,22
vokorūs,22
caracal,22
placu,22
vīnu,22
afrikys,22
saroksts,22
pīv,22
xix,22
ļutaru,22
rajonā,22
apleikmīsta,22
kaunatys,22
suoce,22
dīvs,22
puma,22
pamatškola,22
veipa,22
kumbuļa,22
ād,22
olyuksnys,22
nacionalais,22
politiki,22
vii,22
palāda,22
strix,22
sova,21
īstateita,21
jezups,21
folklora,21
lītuot,21
byutu,21
formys,21
volūdom,21
vuorda,21
treis,21
teatra,21
sv,21
vysa,21
ombumuižys,21
centrā,21
pīminieklis,21
pasaukai,21
meža,21
nūstuošona,21
nūtyka,21
muzykys,21
vuiceibu,21
rundānu,21
pīdrujis,21
škilbānu,21
nūmyrs,21
myltu,21
cytur,20
nav,20
krystus,20
dreiži,20
kara,20
pīdzims,20
apleicīnē,20
partejis,20
auguoju,20
amerikys,20
tuoļuok,20
koč,20
beidzs,20
pocock,20
alfabets,20
iso,20
vosorys,20
sīnuoja,20
tak,20
puoleja,20
azarā,20
čūrkste,20
naškārsoj,20
cyukys,20
symta,19
raisteiba,19
pīmāram,19
vuocu,19
der,19
tuos,19
arī,19
laiku,19
godus,19
pošā,19
niu,19
runoj,19
krīveju,19
sadors,19
vikipedejis,19
žydu,19
com,19
školuotuoju,19
stacejis,19
maizis,19
rāznys,19
ix,19
mežuoris,19
lopu,19
spanīšu,19
kūka,19
jys,19
damat,19
lelbrytanejys,19
talsu,19
gruomota,18
īstots,18
autors,18
vysys,18
tautu,18
taids,18
lels,18
raksteit,18
beiguos,18
dareituojs,18
anna,18
zineibu,18
aiļu,18
rūmys,18
bārnu,18
ūtruo,18
itys,18
objekts,18
blontu,18
vuicejīs,18
pusis,18
latveja,18
myuslaikūs,18
darbeibu,18
modyunis,18
tiļžys,18
švedu,18
pastateja,18
sporta,18
silvestris,18
trešuo,18
cierkvys,18
pavasara,18
indreicys,18
cyanocorax,18
kūrzemē,18
maltas,18
impērejis,18
škeļtovys,17
vuordim,17
nakai,17
vuordi,17
darbeiba,17
ļaun,17
greku,17
cytim,17
zemnīku,17
labeibys,17
himnys,17
rēznē,17
fraņcs,17
es,17
darbeibys,17
atmeja,17
vys,17
leidumnīku,17
diveju,17
lītova,17
rufus,17
švedejis,17
oficialuo,17
pošys,17
sistema,17
web,17
zeimoj,17
jākubmīsts,17
molys,17
etniskais,17
tīseibys,17
galereja,17
leluokuo,17
skaita,17
zeime,17
krysta,17
pūri,17
buļbu,17
heinrihs,17
bārns,17
you,17
vuoceja,17
sīra,17
rudzu,17
atašīnis,17
davīnova,17
gali,17
suoļa,17
dalīk,17
goreigos,17
atteisteibas,17
trauciejumim,17
že,17
myusu,16
dīnavydreitūs,16
baļtīšu,16
byus,16
nakod,16
jezus,16
latgaliskai,16
jūrdžs,16
datim,16
mirs,16
latgales,16
dzymuse,16
dalis,16
trasuns,16
apleicinī,16
svātuos,16
jiura,16
akmiņa,16
aizjam,16
saroksti,16
itei,16
školu,16
rajonu,16
marejis,16
škīznys,16
reizis,16
augstainē,16
marta,16
universitetā,16
švedeja,16
gercogiste,16
bengalensis,16
gale,16
celim,16
jersikys,16
demokratiskuo,16
valna,16
kuovē,16
vulpes,16
ituos,16
apgabaļa,16
iudinī,16
vaļdeišona,16
tīk,16
mitologejā,16
sative,16
pūstinis,16
mežavydu,16
tradicionals,16
limbažu,16
plīkšni,16
kļuva,16
izīt,15
sasadorūšs,15
gruoveru,15
bīži,15
ūtrais,15
vairuok,15
poezejis,15
kurū,15
filologejis,15
bārnim,15
pīrakstejs,15
naviņ,15
atmejis,15
tt,15
kopi,15
bazneicu,15
pasaceļ,15
canis,15
informacejis,15
rūbeža,15
dīnu,15
klubs,15
dareit,15
norvegejis,15
mpls,15
otkon,15
moskova,15
vaļsteibuos,15
arhitekturys,15
dzymuši,15
pasauku,15
ītak,15
br,15
vītuos,15
net,15
leldīnis,15
daguojumu,15
leics,15
savīneibā,15
peisi,15
školā,15
kaleņders,15
cukra,15
wiedii,15
kolkoza,15
reitulatvejis,15
for,15
teiču,15
neicgaļa,15
sīna,15
sokolku,15
amerikā,15
iztak,15
saukts,15
johans,15
upeitis,15
azarmalē,15
norvegeja,15
turku,15
sadraudzeiba,15
medņovys,15
hirundo,15
svareņu,15
goldam,15
ņukšu,15
burtinīka,15
sadraudzeibys,15
izvolta,14
školys,14
cylvāki,14
vai,14
zynoms,14
varātu,14
literatura,14
dorbs,14
andryvs,14
bolss,14
saimisteibys,14
rēzekne,14
vaļstiskuo,14
tān,14
myusdīnu,14
suoku,14
dzīšmu,14
apleik,14
rudiņa,14
vīnys,14
danejis,14
plotums,14
mudovys,14
klimats,14
nacionaluo,14
rakstīņs,14
programa,14
kūrzemis,14
kuorms,14
zeimeigs,14
sielejis,14
kolnu,14
parka,14
chaus,14
vengru,14
ituo,14
maltys,14
vuorkovys,14
pardalis,14
myuslaiku,14
ceļu,14
leiksnys,14
ūlys,14
germanu,14
oleja,14
praņcejis,14
golvysmīsti,14
žogota,14
konstaņtinovys,14
sagrīž,14
zemīs,14
latgolu,13
lasejums,13
vaļsts,13
gruomotā,13
putnu,13
dorbi,13
studentu,13
pīsadaleja,13
juņa,13
rakstejs,13
juoņa,13
gaismys,13
pamatškolā,13
laiks,13
olūts,13
maņ,13
dīnuos,13
itymā,13
reižu,13
it,13
bīdreiba,13
samārā,13
miglinīks,13
programys,13
vef,13
vaļsteibom,13
baļtinovys,13
pusi,13
itamā,13
latgali,13
mūrmastinis,13
augstainis,13
kaupri,13
kūna,13
natuoli,13
pošvolds,13
lītne,13
organizacejis,13
vīnā,13
puorsauce,13
bazneicnīks,13
vard,13
kaupris,13
cyta,13
grupys,13
radeja,13
muokslinīks,13
cytom,13
augusta,13
zemu,13
pošvolda,13
dale,13
kaitys,13
onca,13
piliskolns,13
sistemys,13
galis,13
perekli,13
zam,13
škaunys,13
on,13
filmys,13
latiņamerikā,13
pīna,13
juleja,13
saļņovys,13
parapejai,13
padūd,13
kaunotys,13
nierzys,13
ļeluokais,13
karaļs,13
ļudvigs,13
albumi,13
live,13
vicebskys,12
gramatika,12
pītera,12
ūtrys,12
jūrdža,12
uz,12
daudz,12
folklors,12
literatūra,12
tāvs,12
biografeja,12
publicists,12
tāvu,12
institutā,12
laikrokstā,12
vysim,12
tradicejis,12
dīvam,12
ni,12
as,12
sirds,12
godim,12
svātki,12
dzymtuo,12
rupaiņa,12
austrejis,12
dziļums,12
dzeivuojs,12
upmalis,12
linnaeus,12
apjam,12
augstumam,12
temperatura,12
janvara,12
adveņtistu,12
parapeja,12
taišni,12
daneja,12
puorlaida,12
kanalu,12
poši,12
māri,12
pili,12
dynaburgu,12
vaļstiskuos,12
instituta,12
dekteri,12
futbola,12
ceļa,12
pastateits,12
cik,12
latgaliskuos,12
seviški,12
pluota,12
tierdzeibys,12
samu,12
iudiņtveris,12
speidyns,12
trešais,12
concolor,12
colocolo,12
neofelis,12
pardus,12
kora,12
lelakmiņs,12
olejs,12
daīt,12
sīrs,12
dasys,12
nacionaluos,12
drupeit,12
malta,12
vysusvātuokuos,12
londona,12
ola,12
pīgatave,12
mienešim,12
petrochelidon,12
ezs,12
kepovys,12
cybuli,12
suoļs,12
īlyukstys,12
dīvi,12
napoļeons,12
simteņa,12
dareja,11
kastulinys,11
rūbežoj,11
dzeivi,11
lelī,11
vīn,11
formu,11
mozuok,11
tekstu,11
sovus,11
sataisa,11
upu,11
psrs,11
padūmis,11
akademejis,11
tīseibu,11
laikūs,11
lopys,11
rēzeknes,11
gaisma,11
puors,11
aug,11
fakuļtetu,11
sevi,11
žurnalā,11
bavārejā,11
ciļts,11
pīvadumi,11
auguoji,11
lelakmini,11
kulturu,11
zamainis,11
juļa,11
vydyskai,11
tehnologeja,11
norvegu,11
reitim,11
rakstīņu,11
world,11
tehnologejis,11
kaidu,11
centru,11
krīveja,11
armeja,11
dīvamuotis,11
muzeja,11
viesturē,11
dybyns,11
kolni,11
gona,11
dzierkaļu,11
vadeituojs,11
biblioteku,11
maja,11
federacejis,11
ekonomika,11
zeimeigu,11
leidzīņs,11
katuoli,11
apreļa,11
arabu,11
deputats,11
seņuok,11
līpkolns,11
kuormi,11
car,11
puolejā,11
laikvuordu,11
nikolaja,11
mežu,11
lubuona,11
tajūs,11
slyšāns,11
korejis,11
nakts,11
filma,11
bezdeleigys,11
sāklys,11
kaleņderim,11
kilometru,11
rudzātu,11
pypyri,11
purynu,11
aluojis,11
jaunmeitovys,11
puļceņš,11
pranču,11
karaļa,11
dokumentūs,10
suoc,10
daškierta,10
ītaka,10
literu,10
tikai,10
lelumu,10
atškireibys,10
ābele,10
nazkod,10
vysod,10
dūd,10
datoru,10
kuo,10
dabuojs,10
direktors,10
valoda,10
dzimšonys,10
procesu,10
eistyn,10
vuordam,10
saimē,10
dzejis,10
kaida,10
ailineica,10
vydsškolā,10
muna,10
putni,10
malnuo,10
dzejas,10
beiguse,10
rakstīni,10
grib,10
zemes,10
apleice,10
ītaku,10
apleicis,10
natur,10
okeana,10
informaceju,10
zviergzdiņa,10
borkovys,10
nūlīgtiņs,10
vylks,10
schreber,10
thomas,10
catopuma,10
ciļviecis,10
samiereigais,10
parapejis,10
hokeja,10
atdareita,10
rūbežs,10
sarokstā,10
taipat,10
kurim,10
protokols,10
izaškir,10
puorlaidis,10
jim,10
preili,10
krīvi,10
magistris,10
pīminiekli,10
partnermīsti,10
sadorā,10
latgalim,10
vydyskais,10
azarsolys,10
golvonuo,10
mads,10
daudzejis,10
augstuo,10
viersyunis,10
nūvodi,10
roduos,10
napavaļdeibys,10
napavaļdeibu,10
igaunejā,10
sadora,10
daškierts,10
apleikmārs,10
abrinis,10
vikipedeja,10
yagouaroundi,10
pajeros,10
objektu,10
žemaišu,10
pošvoldu,10
karūgs,10
īdzeivuotuoju,10
kurūs,10
moz,10
lelys,10
istrys,10
seimys,10
aulejis,10
seimaņu,10
dīvanoms,10
xviii,10
daļai,10
stiļa,10
opinku,10
vaļdeja,10
posyunis,10
vydslaiku,10
ministru,10
smolkai,10
iņdejis,10
kenejis,10
pruottelefonu,10
gaisa,10
ūlu,10
nivīna,10
stelenboša,10
svacainis,10
likvidieja,10
suoka,10
žogotys,10
krauklis,10
cyanolyca,10
tachycineta,10
progne,10
pamatskūla,10
azarmalis,10
vjl,10
muiža,10
vydsskūla,10
bierzpiļs,10
gološovys,10
saldus,10
internatpamatškola,10
naratys,10
prīkuļu,10
vydsguļānu,10
specialo,10
karaļiste,10
valdnīks,10
pasaruoda,9
raksteibys,9
stateit,9
slavu,9
dorbus,9
taida,9
lelūs,9
eiropys,9
burtu,9
lobajā,9
prīškā,9
vysi,9
pamata,9
ļaudyskais,9
roksti,9
janina,9
kūrseite,9
stafecka,9
vaļdeiba,9
vaļdeibu,9
raksteja,9
kurus,9
pyrmajā,9
lyugšonu,9
miglinīku,9
darejuse,9
jamā,9
elementi,9
premeja,9
godi,9
tu,9
publikacejis,9
tiemej,9
kopūs,9
kurš,9
skūla,9
literaruo,9
projektu,9
zineibys,9
atzare,9
mērdzinis,9
daugavpils,9
augškaļnis,9
skaņdinavejis,9
beringa,9
azejis,9
krysts,9
īstateišonys,9
sataiseits,9
meži,9
class,9
klasis,9
suņu,9
leļs,9
mm,9
saitys,9
article,9
dalikt,9
atpakaļ,9
puorlaidys,9
lītuotuoja,9
nūstuošonys,9
zynuošonuos,9
pļaveņu,9
ļaudeibys,9
boltkrīvejā,9
viļnis,9
boltkrīvi,9
tyukstūšys,9
labtik,9
jaunu,9
org,9
forma,9
savīneiba,9
zemē,9
eurazejis,9
viesturi,9
margarita,9
kačs,9
ketlers,9
kurzemis,9
ībolsuots,9
vi,9
veiskups,9
leidzeiga,9
zemi,9
igauneju,9
ūtrūs,9
mīstūs,9
cylv,9
pīstuovi,9
bukmuižys,9
latvīši,9
zemisviersa,9
atdzimšonys,9
bazneicā,9
geoffroyi,9
nebulosa,9
tipa,9
nokia,9
varīšu,9
uobeļu,9
staceju,9
parteja,9
golvys,9
lg,9
we,9
šveicarejis,9
byušonys,9
plysūna,9
funkcejis,9
upeite,9
konrads,9
lyma,9
ventspiļs,9
pīminis,9
zvīdris,9
zīdi,9
mežūs,9
andžāne,9
vuocejā,9
ru,9
vyšku,9
news,9
čile,9
kultura,9
nivīns,9
zīmā,9
akneišys,9
svahili,9
tygrs,9
acarūn,9
turisma,9
palādu,9
palādys,9
garumā,9
jaunagods,9
ādažu,9
solnys,9
minhene,9
katōļu,9
žurnals,9
kryšānu,9
rūžupis,9
malnovys,9
virīņs,9
lynsāklu,9
kūknuoja,9
paguļānu,9
smogim,9
specialōs,9
jevğēnijs,9
suocēs,8
īskaitūt,8
nūtikšonys,8
niulejuo,8
škola,8
aglyunā,8
kaleņderam,8
kulturviesturis,8
tāmātuojs,8
latviešu,8
andryva,8
dareituoju,8
atsaškir,8
pavuorde,8
burtim,8
vuordus,8
lītuots,8
daudzums,8
kūki,8
pyrms,8
garuma,8
leluma,8
gola,8
vīgli,8
atrūnami,8
pyrmī,8
en,8
redaktors,8
geologeja,8
beidze,8
tīsys,8
vadeituoju,8
lobi,8
ailinīki,8
soka,8
bejuši,8
tautas,8
simbols,8
maklātuojs,8
vuicejusēs,8
golvonū,8
kā,8
dzeivē,8
taidu,8
periodikā,8
golvonī,8
latgolas,8
jaunuo,8
vuoceju,8
šuplinska,8
škārsteikla,8
apleiczineiba,8
pīmūrdīņs,8
sevkurs,8
cytus,8
atmeju,8
dzīsmis,8
pūstumreitūs,8
mozuo,8
suomeju,8
tyukstūšu,8
tehnologeju,8
reļjefa,8
pūstumreitu,8
kauprainē,8
dīnavydreitu,8
roberts,8
veirīšu,8
viersā,8
komanda,8
ītaisis,8
bīzeiba,8
datora,8
vīneigais,8
dalineica,8
online,8
dators,8
informaceja,8
itai,8
an,8
svareigs,8
ītaišu,8
jom,8
nūstota,8
ītaise,8
kūpeigais,8
lobuos,8
republikā,8
olūtūs,8
leivuons,8
krīvyskai,8
puoli,8
jorke,8
cytā,8
zamyn,8
daugovu,8
dzeļžaceļš,8
bīdrys,8
lauskys,8
dareituoja,8
universitetu,8
dreidzs,8
latgaliskuo,8
metri,8
tiemiešonys,8
lrra,8
euru,8
politiku,8
rakstinīku,8
nazkur,8
ordiņs,8
gepards,8
acinonyx,8
jubatus,8
gothards,8
dabuoja,8
gotu,8
hermans,8
vajadzeibys,8
latveju,8
dīnavydvokorūs,8
suomugru,8
saimei,8
vaidūs,8
zynoma,8
pluotu,8
ībolsuošonā,8
četrim,8
golvonuos,8
sports,8
jaunys,8
lads,8
iudiņture,8
literaturā,8
kuļdeigys,8
pīgatavis,8
treju,8
zvaigžņu,8
lukaševičs,8
literats,8
lītovā,8
vaļdeišonys,8
dz,8
armejis,8
dubuļu,8
sovai,8
dzeivinīks,8
tigrinus,8
kuorsova,8
uorsts,8
ūgļu,8
teritorejuos,8
ieds,8
jāēd,8
snāgs,8
zyluo,8
padūme,8
kodu,8
dialekta,8
taidi,8
pūstumvokorūs,8
zemisvierīņs,8
rāzna,8
vysaideiba,8
pūru,8
strodu,8
lelkūki,8
jaunovys,8
anatolejs,8
kapleicys,8
ruguoju,8
statuss,8
cyskuodu,8
brugenejs,8
heinrich,8
johann,8
vuocīši,8
la,8
gora,8
putyns,8
centrs,8
kolna,8
aizajim,8
mozam,8
dzymtys,8
cīšuok,8
australejis,8
zeimeibā,8
vydsdaļā,8
mitologeja,8
dasīta,8
baroka,8
zīmeļūs,8
golvysmīsta,8
svātku,8
trejmiereigs,8
sateikams,8
veice,8
centris,8
ļeluokuo,8
reindeer,8
time,8
vādara,8
dendrocitta,8
cecropis,8
sast,8
vysnovys,8
pylda,8
lozdulejis,8
sutru,8
gūdu,8
vardpūdā,8
samaisa,8
izvard,8
pypyru,8
škēlem,8
lauru,8
batviņu,8
tradicionalais,8
saskys,8
solujuoņu,8
drypatā,8
und,8
izgleitojamajīm,8
itaļīšu,8
ļeonovs,8
karaļisti,8
napoļeona,8
kilometrus,8
dīvu,8
dīvim,8
all,8
kuolka,8
at,8
klase,7
suokta,7
leidza,7
suocās,7
parteju,7
literaturu,7
kad,7
vyss,7
atškir,7
starp,7
kairajā,7
žurnalu,7
nūsādys,7
cītumā,7
vysūs,7
procesa,7
vaļdeibys,7
dorbā,7
daboj,7
bārni,7
lobs,7
vacūs,7
dzejūļus,7
ekonomikys,7
publikaceja,7
kolpoj,7
aproksta,7
kaidys,7
filmā,7
susātivs,7
rupaiņs,7
instituts,7
moskovā,7
laikrokstu,7
bīdreibys,7
sovs,7
pat,7
viesturiskais,7
saimi,7
palīku,7
datorzineiba,7
senejuos,7
transporta,7
cieškuok,7
napatuoļ,7
atlaņtejis,7
centraluos,7
saškir,7
kanals,7
skaitam,7
šauris,7
sibira,7
biznesa,7
lobuok,7
vysaidu,7
puormej,7
škiras,7
dīnavydvokoru,7
gray,7
temminckii,7
senejī,7
sasadola,7
garu,7
vydyskuo,7
religeju,7
varams,7
is,7
adress,7
škārsteiklys,7
telefonu,7
iņterneta,7
lītuošona,7
puorlaide,7
vīnam,7
sovom,7
leluoks,7
zinis,7
teritorejom,7
viersu,7
projekts,7
datakys,7
golvonūs,7
dynaburgs,7
koordinatys,7
xii,7
daškiertys,7
šudiņ,7
pasadora,7
itaidys,7
https,7
vaļstiskais,7
kausa,7
rezultats,7
dieļ,7
suocūt,7
uoraišu,7
viersyune,7
studiejs,7
patautys,7
acim,7
atpyutys,7
vītom,7
laidīs,7
vysuos,7
autoru,7
ordini,7
nacik,7
februara,7
literaruos,7
magistri,7
zemgolys,7
viļhelms,7
pasaukom,7
andreass,7
padaleita,7
sasīta,7
indoeuropīšu,7
pyrmūs,7
īguoja,7
vadeja,7
savīneibu,7
vaļstiskū,7
viers,7
parlaments,7
italeja,7
ītakā,7
leli,7
golā,7
koru,7
kinīšu,7
preiļūs,7
cybuļs,7
tīseibom,7
rekovys,7
cytam,7
jimā,7
zamsaime,7
mežakačs,7
apzeimoj,7
likvidātuos,7
zamainē,7
leidzonaine,7
lītovu,7
parkā,7
izsaceiba,7
kemps,7
ļaudyskūs,7
guņs,7
keisieļs,7
paneju,7
cybulim,7
zierņu,7
gerbs,7
augstuos,7
lubuons,7
regionā,7
peisu,7
sateikamys,7
vabalis,7
vyscaureigais,7
kulturviesturiskuo,7
sataiseja,7
kuprovys,7
augstuma,7
dorbuojuos,7
centraluo,7
goldman,7
allen,7
kuove,7
otto,7
sovvaļnīks,7
zyvu,7
ludza,7
vysucieškuok,7
soveibys,7
putnys,7
puse,7
spuornu,7
ļaudim,7
do,7
loba,7
sāta,7
pilī,7
zamaine,7
tyvai,7
sevkura,7
napys,7
san,7
regions,7
leidzonainis,7
rancāns,7
vydums,7
saule,7
bīdris,7
angolys,7
bulgarejis,7
italejis,7
vengrejis,7
portugāļu,7
lūmu,7
ļuove,7
dzeivuotuojim,7
lizeiku,7
zalta,7
paplateits,7
muotainis,7
mln,7
life,7
akmiņu,7
populars,7
aproksts,7
redzīni,7
prezidenti,7
zipfa,7
zipf,7
out,7
leita,7
head,7
me,7
vuornys,7
pica,7
riparia,7
dareitovys,7
bīzapīna,7
dailis,7
septenim,7
imdb,7
ya,7
zīmara,7
mynāts,7
brīžucīma,7
vydsmuižys,7
kryuts,7
tauteibu,7
verhņadzvinskys,7
oleju,7
pasauļā,7
sagrīztu,7
kriejumu,7
kriejums,7
gavieņa,7
dalej,7
soldons,7
cybuļu,7
gr,7
meikli,7
īrauga,7
izdavumu,7
daškevič,7
eistynuos,7
nūsādom,7
beverinys,7
osotys,7
gersikys,7
nūsādplīkšni,7
paguļānūs,7
jūzmiņs,7
rokoko,7
imperators,7
pījāme,7
ticeibu,7
impēreja,7
ļels,7
dostojevska,7
soloņicins,7
poproka,7
now,7
kuolkys,7
dīnom,6
izaglobuojuši,6
poš,6
zinē,6
stuņdis,6
alfabetā,6
sūplok,6
dūti,6
mozūs,6
zeimis,6
paleidz,6
cyts,6
bīžuok,6
ūtra,6
alfabeta,6
lelā,6
nikod,6
cylvākam,6
standarta,6
puorīt,6
pedagogs,6
puorvārsuojs,6
izlaids,6
žurnala,6
gimnazejā,6
kliva,6
byudams,6
pīsadalejs,6
luoča,6
lykumu,6
sajēme,6
nalela,6
vacumā,6
sātu,6
turēja,6
dīnai,6
materials,6
raksteiba,6
zemnīka,6
attāluots,6
lpp,6
autore,6
laikroksta,6
pie,6
annys,6
leluokuos,6
kruosa,6
spaiti,6
atsaucis,6
ziniskūs,6
latgalys,6
skūlys,6
cytūs,6
vysom,6
vairuokys,6
vairuoki,6
viesturiskuo,6
atmūdys,6
skaista,6
bukmuiža,6
latgolai,6
skaitā,6
literatu,6
resursu,6
ekonomiskuos,6
klimata,6
lelajūs,6
jezupa,6
zininīks,6
vysuleluokuo,6
šauri,6
leluoki,6
leluokī,6
dzymtū,6
jiurā,6
kalendars,6
šauru,6
reigai,6
pušmucovys,6
nazkodejuo,6
pasaukts,6
vacs,6
pļovuos,6
hercegovina,6
muola,6
zvieru,6
canidae,6
giņtī,6
palākais,6
sapratīņs,6
režima,6
izalikaliejuse,6
leidzonainē,6
kaupru,6
vabaļu,6
krytuļu,6
ciļmis,6
septeituos,6
bolta,6
sasaveicīnī,6
viersligā,6
dabuot,6
solom,6
daneju,6
danīšu,6
organizaceju,6
nato,6
termini,6
latgalian,6
be,6
data,6
up,6
sadurs,6
adresu,6
style,6
datorā,6
formā,6
pyrmaguojiejs,6
saceisim,6
daudzuok,6
sasauksme,6
protocol,6
lītuos,6
daugova,6
greivys,6
nabeja,6
polacka,6
senejuo,6
īskaita,6
varšova,6
leidzeigs,6
atsaroda,6
kreit,6
gerhard,6
ītakys,6
kieneņš,6
pamatu,6
styprūtne,6
pasajāmums,6
aleksandra,6
nūvodtēmis,6
īstatis,6
komponists,6
britu,6
vaļds,6
vuicejušīs,6
google,6
augstškolys,6
puorsaukts,6
dinaburg,6
dreidža,6
smiļkšuots,6
dyuņuots,6
zivs,6
leidakys,6
dareitova,6
stateiba,6
symtu,6
tic,6
piļskolns,6
sveņtis,6
vierīni,6
stīpās,6
styga,6
symtā,6
ltg,6
pr,6
milijonim,6
volda,6
geografiskai,6
viņa,6
karogs,6
nigripes,6
gedimina,6
īlicīni,6
vaļstiskajā,6
latgaliski,6
hercogs,6
iv,6
uzskateits,6
rūnys,6
teiklu,6
itūs,6
skoloj,6
radneiga,6
pusei,6
mīra,6
leici,6
gondreiž,6
snīga,6
ībolsoj,6
suomejis,6
palīk,6
industrejis,6
sābru,6
līcynoj,6
ticeibys,6
kaitu,6
viesteitivu,6
kimejis,6
myuža,6
oktobra,6
ssrs,6
ludzā,6
ereļu,6
vydsškolu,6
vydškolā,6
patmalis,6
jākubmīstā,6
puortykys,6
golam,6
aviacejis,6
mozais,6
breivuo,6
pavalis,6
tecīņam,6
rubiginosus,6
viverrinus,6
guigna,6
pardofelis,6
marmorata,6
diardi,6
cylvākim,6
rogāļu,6
puotarnīki,6
terehova,6
svareiga,6
varšovys,6
xvi,6
kurīņs,6
pamatā,6
ladslaiku,6
izsaceibys,6
tev,6
pīnā,6
pīns,6
studiņs,6
grifs,6
uorejuos,6
gazeta,6
školuos,6
vīnai,6
taidys,6
koda,6
divejim,6
viesteitivi,6
ješs,6
azarsolu,6
taigys,6
sieņs,6
rezervats,6
aņdzeļu,6
lelū,6
pasadarejs,6
objekti,6
ondrupinis,6
ļauderu,6
skrynda,6
dynavid,6
golva,6
augstškolā,6
ditrihs,6
burhards,6
genannt,6
atsasaceja,6
murāns,6
kuozynda,6
sīvītem,6
svātū,6
mieršonys,6
līkne,6
žugure,6
black,6
malnuos,6
kolnim,6
iļža,6
turistu,6
leiča,6
suodu,6
pussolys,6
puorguoja,6
napavaļdeiga,6
vaļsteibai,6
sistemu,6
spāku,6
nyctereutes,6
seņkopi,6
studeju,6
moskovys,6
jaunūs,6
jeb,6
id,6
rogoukys,6
dali,6
malns,6
aste,6
vylki,6
brazileja,6
peru,6
turcejis,6
vjetnams,6
imperejis,6
high,6
eistynūs,6
meiksta,6
nūtaļ,6
mihails,6
parostais,6
korejīšu,6
vacumu,6
kuruos,6
augstskūlys,6
ceļās,6
festivaļs,6
dīva,6
romanīšu,6
kristīšu,6
trejmiereiga,6
versejis,6
lelajā,6
pīgatavē,6
elementu,6
lopa,6
urocissa,6
aphelocoma,6
čūrkstis,6
psalidoprocne,6
sulu,6
opskovys,6
dasaškiera,6
rūbežkontrolis,6
suods,6
aivīkstis,6
izguoja,6
linejā,6
pareču,6
mariņdzis,6
ozbora,6
soltu,6
aizvard,6
īlīk,6
sagrīztys,6
samaļ,6
kriejuma,6
gabalenim,6
apvydūs,6
myltus,6
vyrtys,6
ozboru,6
cap,6
ceplī,6
cukrys,6
mylti,6
citrona,6
saski,6
omotys,6
voļtera,6
daškeviča,6
aizkraukļa,6
stabuļnīku,6
rock,6
žemaitejis,6
puļvierņa,6
ltv,6
calta,6
kinopoisk,6
aktīrs,6
urbanskis,6
bavārīšu,6
franku,6
saceļšonuos,6
korā,6
karaļistis,6
konigzī,6
sadraudzebys,6
valdnīki,6
kuļdeiga,6
jezuitu,5
teksts,5
lītuota,5
augstuokais,5
školuotuojim,5
vaļsteibā,5
dorbojās,5
literim,5
latgaliskūs,5
goduos,5
burti,5
lelajim,5
rokstoms,5
ogruok,5
lītojūt,5
baum,5
bäume,5
vuordineicā,5
atškireibu,5
metatoneja,5
text,5
jaunū,5
teologejis,5
doktora,5
cylys,5
navaļā,5
jaunais,5
stiļs,5
pūļu,5
īsastuoja,5
suoca,5
līta,5
vysus,5
sorkonajā,5
asūt,5
aprelī,5
tāva,5
guojs,5
gruomotom,5
skaistumu,5
sātā,5
tika,5
suokumā,5
zaudieja,5
saīt,5
dorbim,5
tekstim,5
folklorys,5
formom,5
volūdas,5
rīga,5
zeimeiguokūs,5
lasejumi,5
soveigs,5
nr,5
dvēseles,5
dzejūļu,5
kluot,5
tauta,5
skūluotuoju,5
skūluotuoja,5
teatris,5
muokslinīku,5
tautā,5
aktivi,5
aizlīguma,5
māra,5
pīterburgā,5
vaicuojumim,5
dzīsme,5
darbeibai,5
latgalica,5
asūšūs,5
kūpums,5
pījimt,5
apleici,5
zaļūs,5
iudiņu,5
puormejis,5
kūpa,5
izslivs,5
saimesteibys,5
objekta,5
augusts,5
svietneica,5
baseina,5
boltuos,5
viļne,5
geografiskuo,5
vuordā,5
atsarads,5
tyltu,5
bondarovys,5
reši,5
bosneja,5
būrzovys,5
pasacālums,5
svitys,5
dīnavydim,5
al,5
homo,5
zeimuot,5
natuoļ,5
administrativa,5
laduoju,5
vysucīšuok,5
snīgs,5
vacuma,5
vīneiguo,5
sezonā,5
portals,5
maisīņs,5
pūga,5
mozys,5
eurys,5
organizacejā,5
tierga,5
styprys,5
datorūs,5
into,5
access,5
computer,5
radeit,5
name,5
system,5
dns,5
internet,5
daslēdzis,5
vuordineica,5
url,5
radejis,5
transmission,5
bitu,5
atostumā,5
saitom,5
izlītojūt,5
asūšais,5
beigu,5
sevkurā,5
nūtyktu,5
sevkuru,5
protokolu,5
obadiveju,5
atjaunynuot,5
keguma,5
leiksna,5
dubna,5
kurei,5
xiii,5
ernsts,5
dynaburga,5
cara,5
cars,5
atjaunynuota,5
viesturiskuos,5
reļjefs,5
kasdīnā,5
ukraini,5
pīmynāta,5
gerhards,5
atjaunynoj,5
vītauts,5
kleštors,5
atdareits,5
tylts,5
tapātuojs,5
darejuši,5
ben,5
archive,5
oskars,5
kalējs,5
vol,5
jaunīšu,5
ligā,5
vareibu,5
latv,5
pošlelais,5
kuormu,5
mežciems,5
ziņu,5
krostā,5
aizasuoc,5
volūdzininīks,5
viļnē,5
only,5
gors,5
atdzimšonu,5
eura,5
lītuošonu,5
dekabra,5
sakņu,5
pūstum,5
tāviņš,5
pīcys,5
specialitetā,5
astis,5
literi,5
lītuoti,5
vierteibys,5
švedeju,5
pebraļa,5
sevim,5
obeju,5
beigom,5
nojabra,5
socialistiskuo,5
naceju,5
pījimts,5
myuslaikim,5
nalelys,5
vaļdi,5
angliskai,5
staroveri,5
ekzistej,5
olimpiskajuos,5
kaituos,5
sataiseita,5
akademejā,5
obadivejis,5
jaunī,5
arhitektura,5
vērtini,5
drycānu,5
vadynuotuojs,5
ustobys,5
regularai,5
pirminīks,5
raisteibā,5
aizsuociejs,5
školuotuojs,5
lsdsp,5
latgaliešu,5
vysaiduos,5
kolekceja,5
statusu,5
arciveiskupa,5
gadā,5
jai,5
cīte,5
raisteibu,5
īstoti,5
karu,5
oto,5
voda,5
termina,5
stateja,5
muokuļkolns,5
kavieklis,5
kaviekļu,5
kinys,5
stykla,5
brodaižu,5
krysti,5
otocolobus,5
manul,5
leopards,5
taidus,5
daudzu,5
vysuleluokais,5
pīgatavātuojs,5
strods,5
solsaimesteibai,5
lītojamuo,5
dzeivisvīta,5
pyrmā,5
boltkrīveju,5
putys,5
kuram,5
soveiga,5
planetys,5
izsoka,5
viņas,5
rešuok,5
seimā,5
izglobuot,5
asuškys,5
bārzu,5
būrkuonu,5
siļče,5
komys,5
oknu,5
putruomu,5
karūga,5
fona,5
tymsai,5
karūgā,5
apstyprynuots,5
kuorta,5
pareizraksteibys,5
lt,5
dialektu,5
italīšu,5
language,5
with,5
godusymtūs,5
termins,5
viesturiskīs,5
dreižuok,5
dagdā,5
registrāta,5
gradi,5
sorgojama,5
atsaguļs,5
kulturviesturiskī,5
role,5
atspaida,5
lelolys,5
leldūbis,5
pasajāmuma,5
latvijas,5
pošvoldā,5
stanislava,5
nūvodim,5
kryvandys,5
bīdreibu,5
planaveibys,5
laikavydūs,5
foļvarkys,5
dzeivuoja,5
paruoda,5
cuvier,5
molina,5
čilē,5
failu,5
pūrā,5
pasaukšona,5
venemars,5
fitinghofs,5
bokenvorde,5
meņgede,5
osthofs,5
borhs,5
loringhofe,5
ej,5
golvu,5
svieteibu,5
lellaivu,5
lubuonā,5
canadensis,5
puormaņtīņa,5
dzeivuļus,5
kursi,5
boņuks,5
dzeivuli,5
publicāti,5
sak,5
mežvydu,5
angl,5
dzīves,5
redz,5
diveji,5
atlasynuojumi,5
voļkenberga,5
veinūgu,5
denavydpustum,5
pošūs,5
norvegi,5
aizasuoce,5
leidzeigys,5
ticeigī,5
disertaceju,5
zineiba,5
devs,5
apvīneibys,5
socialuo,5
petru,5
fiziks,5
nūsyuteits,5
gūda,5
pādejū,5
laikagruomotā,5
tyvumā,5
paplateiba,5
cielīs,5
žemaiši,5
islama,5
federativuo,5
koreja,5
keneja,5
kolumbeja,5
praņceja,5
vengreja,5
peirāgs,5
pda,5
veirs,5
gov,5
pruottelefonim,5
prūsejis,5
tekstus,5
lītnis,5
acs,5
deve,5
jēme,5
apleicīnī,5
vuicejuos,5
nuovis,5
masys,5
unesco,5
daškeire,5
četrys,5
deļtuo,5
nazkodejuos,5
vogys,5
dzeļža,5
bruoļu,5
puorsaukta,5
izškireigim,5
skonu,5
tāvaini,5
puor,5
suodā,5
van,5
upi,5
filials,5
university,5
projekta,5
rokmuzykants,5
uors,5
viestule,5
urocyon,5
bantu,5
vadeibā,5
austreju,5
golvmīsts,5
cāsu,5
uralu,5
boltys,5
divdesmit,5
veremu,5
turīni,5
federaluo,5
aizprasejums,5
fox,5
softa,5
podoces,5
jiursolu,5
molu,5
notiochelidon,5
akmiņkolna,5
agruok,5
kotru,5
nomu,5
cierkvu,5
pagrauda,5
vīmyna,5
sylmolys,5
zaļesis,5
dlužņovys,5
litinis,5
padola,5
buoreņtīsa,5
lozdukolna,5
tyvuokuo,5
suovānu,5
bryunys,5
grybuli,5
vosorā,5
dīnas,5
daber,5
izjam,5
peteļnis,5
vyrtu,5
garžys,5
pīdavom,5
ozbors,5
pūdā,5
salīk,5
garžu,5
sauce,5
kvīšu,5
litris,5
saber,5
kanepu,5
svīkstu,5
studini,5
gercogistis,5
opys,5
školom,5
daškevičys,5
školas,5
borkovas,5
svāto,5
skaistvabalis,5
ukrainys,5
sylajuoņu,5
solujuoni,5
leldīne,5
plīkšņu,5
kazimirs,5
deutsche,5
zīmeļvokorim,5
ļudviga,5
poļarrots,5
ferdinands,5
pakļauteibā,5
izgleiteibas,5
struodova,5
kina,5
aktīri,5
tamdieļ,5
rūmīšu,5
dzymta,5
voru,5
vorys,5
bohēmejis,5
maksimiļians,5
maksimiļianam,5
topa,5
praņču,5
bavārejai,5
daļeišona,5
kļuve,5
sanū,5
rokstūs,5
rolling,5
stones,5
death,5
deep,5
led,5
zeppelin,5
sabbath,5
ukrainīšu,5
kiss,5
symts,4
laikavyds,4
tuoļuojuos,4
bazneickungu,4
bazilika,4
krīvejai,4
lideja,4
beidz,4
latvīšim,4
zeimeiba,4
tautysdzīšmu,4
nūzeimej,4
albaneja,4
albaņu,4
parādavuošona,4
ceiruļs,4
nūzeime,4
lītuojuma,4
nasaverūt,4
mozajim,4
sekundaruos,4
die,4
atrast,4
pījam,4
nabyutu,4
stabeņā,4
bayern,4
parādavuošonā,4
raksteiti,4
pirms,4
storp,4
stuov,4
korpusā,4
nest,4
metatonejis,4
java,4
javys,4
taiseit,4
puorvierss,4
turīņa,4
andorra,4
principalitets,4
uorlītu,4
ministrs,4
dāla,4
baku,4
muote,4
školuotuoja,4
atsagrīze,4
paleigs,4
febraļa,4
maskavys,4
saimnīceibys,4
puorstuovs,4
tīsā,4
ceiņā,4
tīsu,4
runa,4
laiki,4
dāls,4
ūtru,4
stanislavs,4
tīpat,4
lūku,4
rūku,4
dzīduotuojs,4
dzymtajā,4
kūkles,4
ocu,4
lobū,4
vacais,4
kruojums,4
dzīšmis,4
sovim,4
rēzeknē,4
tautai,4
laikim,4
rūkā,4
izdevnīceiba,4
fakuļtetā,4
dzeivuojuse,4
teatrī,4
diena,4
ko,4
dzeja,4
rancānis,4
kategorejis,4
trūņa,4
puovula,4
straume,4
rudinī,4
vaļstsveirs,4
vaidi,4
pīstuov,4
gaisā,4
spīgeļu,4
magazeinis,4
osina,4
lasejumūs,4
izdrukavuotys,4
guoja,4
pamatskūlu,4
muosu,4
izgleiteibys,4
aktīra,4
režisors,4
direktora,4
seminaru,4
dziļu,4
lūmuos,4
zīdūnis,4
nuoce,4
puori,4
pusem,4
svātkus,4
vadejs,4
drukys,4
viestej,4
palyka,4
periodā,4
daļuos,4
jauno,4
izdūtuos,4
romanu,4
kultūras,4
nūsacejumu,4
subjekts,4
ms,4
leidziekļu,4
izlītuošonu,4
aplikaceja,4
raksteits,4
omotu,4
paruodēs,4
runys,4
vareibys,4
izškireigi,4
pamati,4
barūkle,4
pussola,4
saškierta,4
generala,4
sīvu,4
trejim,4
ladslaikūs,4
beļgeja,4
bolvi,4
malē,4
krystu,4
mežs,4
stuošku,4
rakstinīki,4
ūzuluojs,4
lisinis,4
kauprainis,4
morenu,4
dolomiti,4
solyspiļs,4
izlītuošonys,4
plieseigo,4
badia,4
sapiens,4
agreimī,4
guojumā,4
vysumu,4
sīvīšu,4
nūtaleju,4
vyscaureigajam,4
tips,4
baptistu,4
čempions,4
kluba,4
aleksandrs,4
valeimajā,4
syltuma,4
damīgt,4
veidoj,4
konstitucionala,4
monarheja,4
parlamentarisku,4
vydtautiskuos,4
kūpādareibys,4
veseleibys,4
radnesteiga,4
terminu,4
latvian,4
other,4
are,4
puortraukt,4
address,4
line,4
domain,4
follow,4
puslopa,4
nūruode,4
interface,4
vandaļu,4
total,4
vīneibys,4
datus,4
paketu,4
signalu,4
pārraide,4
puorsyuteit,4
puorvēris,4
metodu,4
liters,4
dreizums,4
tikt,4
nūsacejumi,4
kaidam,4
apstyprynoj,4
atsaroduse,4
vajadzeiga,4
dabuojuse,4
iudiņspākaine,4
akmini,4
indreica,4
aivīkste,4
ekonomiskais,4
tradiceigai,4
cālusēs,4
dünaburg,4
apzeimuot,4
daugpilei,4
mīstam,4
aglyuna,4
žydi,4
latvyskai,4
vadynuoja,4
budavuot,4
myurini,4
dynaburgam,4
lītaunīki,4
iznycynoj,4
ivans,4
īstota,4
puorsauc,4
napoleona,4
molai,4
eigims,4
rihards,4
varūņs,4
viesturnīks,4
dzeivuojuši,4
wikimedia,4
apdzeivuotuo,4
muzeju,4
universiteti,4
cēlēs,4
dasnādz,4
dūbu,4
nakur,4
pošleluo,4
azaram,4
nūlīgtinī,4
raudys,4
izškireigu,4
soveibu,4
stateibā,4
krystapilī,4
vacuokuo,4
septembra,4
wikitable,4
latvyskuo,4
trepe,4
jersika,4
pyrmaviesturis,4
itī,4
pupys,4
mienešam,4
arheologs,4
jānis,4
absolutajam,4
voļters,4
magistra,4
ļaudyskuos,4
profesors,4
materiali,4
augsts,4
redzīs,4
miļjonim,4
struodoj,4
agentura,4
skūlā,4
beigšonys,4
varama,4
zonā,4
leidziekli,4
nvo,4
reigis,4
viersineica,4
ukraiņu,4
lasejumā,4
ufo,4
pseid,4
gada,4
andreja,4
kausu,4
zvaigzne,4
rakstineica,4
pdf,4
eņciklopedejis,4
uorzemis,4
ordiņa,4
atjaunynuošonys,4
zynomais,4
genitiva,4
acta,4
kurai,4
vaļdeit,4
rūnu,4
radeits,4
divim,4
baļke,4
vaļdeišonu,4
ajā,4
faktu,4
parlamentariska,4
votu,4
vīneiguos,4
dalinīkvaļsteiba,4
etimologeja,4
eesti,4
nacionalū,4
puorjēme,4
tamlaiceiguo,4
konstaņtins,4
reiha,4
saškiertūs,4
sno,4
pošuo,4
lykumlaideibys,4
golvysmīstā,4
dvēseliskai,4
ticeigū,4
zeimeiga,4
jauns,4
kuramuos,4
water,4
atsaļ,4
krytuli,4
zamzemis,4
iudiņturis,4
pošleluos,4
studiejuse,4
poezejā,4
dzejā,4
folklorā,4
janopolis,4
greiškānu,4
dr,4
veiksnys,4
augstumā,4
šmulāns,4
aizpūris,4
cīts,4
rūkrokstā,4
himnu,4
literarū,4
eļksnis,4
aktivists,4
stateibys,4
laistuve,4
vysaidūs,4
dareituoji,4
ortografejis,4
novembra,4
paglobuots,4
pedagogejis,4
atdalis,4
viersinīks,4
kongresa,4
publiciejs,4
meikuls,4
pīstateiba,4
īraksteita,4
atdareja,4
kārlis,4
dzīduotuoja,4
dramaturgs,4
temom,4
pavaļa,4
taiseišona,4
amateru,4
golda,4
iedīni,4
kazeicu,4
bykakmiņs,4
guodojams,4
senejs,4
profelis,4
aurata,4
napaseņ,4
apsavērt,4
mobilūs,4
sakstygola,4
viļceņu,4
garais,4
vylku,4
kruoslova,4
dabasu,4
federaceja,4
norvegeju,4
ukrainu,4
koreju,4
kļovs,4
puordūtuvis,4
kuorsovā,4
vaivadejā,4
dobysgazys,4
pyrmaviesture,4
laduoji,4
zemei,4
vaicuojumu,4
dzīd,4
ass,4
laikvuordam,4
gribīs,4
skaiteit,4
sevkuram,4
tekstūs,4
resursi,4
bloks,4
etnokulturys,4
pirminīku,4
materialu,4
vītinīks,4
skaidrā,4
olūtā,4
kuopusti,4
boltais,4
zuts,4
raugeņa,4
vuškys,4
žagareni,4
zynomuo,4
gerba,4
bolts,4
kruosu,4
sataiseit,4
kodus,4
eisa,4
preteimā,4
sapratīni,4
portugalīšu,4
izagoda,4
dis,4
varbyut,4
ethnologue,4
vydzemi,4
sieleju,4
veicis,4
pīcus,4
svareiguokys,4
soveigys,4
plotys,4
atradnis,4
kreiču,4
pīkreit,4
plotuo,4
īceļoj,4
kustūne,4
pildys,4
vierīnim,4
iļdzs,4
nazkodejais,4
paplateibys,4
nūvodūs,4
dalejuma,4
ceļamolu,4
saškiertuos,4
vysumā,4
īveice,4
nūbolsuoja,4
atrastovys,4
dabasūs,4
uzjimšonys,4
paaugstynuošonys,4
iļžukolna,4
puordrūsynuot,4
socialū,4
snāgi,4
zamoškys,4
līvi,4
pasaruodīņa,4
nalels,4
augš,4
divi,4
pīminiekļu,4
lelbrytaneja,4
pādi,4
schinz,4
nelson,4
lizeikys,4
kuojis,4
dalei,4
īleikums,4
aizkrauklis,4
herike,4
vietinghof,4
bruggenei,4
konrad,4
viii,4
šuņgeļs,4
xi,4
hazenkamps,4
wilhelm,4
vr,4
veirīts,4
vysleidza,4
koza,4
ruoda,4
veirīšim,4
vādars,4
ūksta,4
pupu,4
vīni,4
merriam,4
druka,4
kars,4
dyžan,4
apleicīne,4
rūbežys,4
vaidim,4
kerr,4
eurazejā,4
dramys,4
seiksts,4
nominacejā,4
kūplasīņūs,4
izlītuot,4
škārs,4
boltuo,4
augums,4
malnūs,4
marija,4
caturtais,4
ūtrū,4
meklē,4
pošskaņu,4
write,4
leidzaskaņu,4
švedejā,4
pakuopīņa,4
muokuļkolna,4
līknis,4
maisa,4
kolnūs,4
vīnulaik,4
turizma,4
suodūs,4
pogostam,4
muižu,4
zaļmuižys,4
izalikaliejs,4
jaunīšim,4
daudzeju,4
laureats,4
jaunnorvegu,4
izacēluse,4
senejū,4
zeimeibu,4
šudinejī,4
breidaks,4
izkapts,4
piedejais,4
ticeiba,4
radejizotopu,4
premejis,4
paruodis,4
dorbūs,4
sīnu,4
lāva,4
dzilīne,4
kolekceju,4
seiksta,4
valeņtina,4
kūplasīnī,4
pūstumim,4
ekvatora,4
veseleibu,4
pīrunu,4
angola,4
gvinejis,4
konga,4
madagaskara,4
namibejis,4
nigerejis,4
portugaleja,4
spanejis,4
suomeja,4
šri,4
tanzanejis,4
ukraina,4
kaita,4
xiv,4
geologiskais,4
ryuču,4
pūstumvokoru,4
saint,4
hilaire,4
muzykā,4
pruottelefons,4
izškir,4
funkceju,4
amerikanīšu,4
microsoft,4
apgabali,4
nūmyra,4
machine,4
natyka,4
akmiņlaiki,4
lītu,4
dalenis,4
dabuotuos,4
uodu,4
paleigu,4
putra,4
maize,4
miglinīka,4
vuicuos,4
citi,4
eisā,4
veļteits,4
idejis,4
jaunim,4
ūsta,4
baltejis,4
aļberts,4
godusymtam,4
vydzemis,4
filosofs,4
vera,4
ancāns,4
legiona,4
vuiceitīs,4
zīmyssvātku,4
ceiņu,4
ancānu,4
invalidu,4
dasnēdz,4
tāvainim,4
sorkonī,4
alpu,4
sorkonuos,4
kategorejā,4
vokorim,4
nīdris,4
skūrstys,4
audreņu,4
vierteibu,4
dižvanagi,4
stellenbosch,4
roll,4
plauds,4
vītai,4
skulptura,4
dasnēgt,4
dorūt,4
īraksteits,4
verseja,4
vysuvairuok,4
speidyni,4
skeletons,4
tradiceju,4
stelenbošs,4
very,4
english,4
strāpposts,4
kr,4
apstuokļūs,4
pīcu,4
muotaine,4
lopsa,4
irbītis,4
pamat,4
kuršu,4
kuortys,4
bieržgaļa,4
vikipedejā,4
vikipedejai,4
breivuos,4
izlītoj,4
kleštoru,4
oktebra,4
elementus,4
log,4
puorstaipteikla,4
nūsaukums,4
htm,4
island,4
carnikovys,4
nūvede,4
škūrsteitivu,4
operaceju,4
pusrutuļa,4
aļņu,4
īra,4
konsepsjons,4
apgabalī,4
raudive,4
passeriformes,4
pyrrhocorax,4
cissa,4
garrulus,4
kryumu,4
perisoreus,4
seiļs,4
kongo,4
blue,4
ptyonoprogne,4
delichon,4
olu,4
gerbā,4
sīru,4
pebreļa,4
breiveibys,4
virīņa,4
cierkvā,4
sorgojamais,4
valūda,4
azarūs,4
seppuku,4
valeņtinu,4
lukaševiču,4
valerjana,4
oskaru,4
seikstu,4
batvini,4
volūdim,4
sia,4
škauna,4
parkūs,4
nūpierka,4
ītaiseits,4
myuds,4
malnī,4
nūvodtiemeibys,4
aizdareja,4
mātrainis,4
modyune,4
daškiersta,4
specialuo,4
loginu,4
kaļnīšu,4
dvorčānu,4
pasažiru,4
aizdareita,4
bykovys,4
myudu,4
buozovys,4
nīderlandšu,4
lyni,4
baško,4
daļeibu,4
jaunagoda,4
braslovys,4
buļbem,4
buļjonu,4
pavard,4
olejā,4
maizi,4
pīnu,4
stuļčuks,4
atsaļdej,4
apcap,4
meiklis,4
būrkuonus,4
meikle,4
bīzs,4
auzys,4
gryudi,4
casnāgu,4
kurī,4
plateiba,4
mežuore,4
dignuojis,4
sasku,4
pasataisa,4
beļovys,4
šahno,4
mozumtautu,4
školai,4
fondūs,4
valeimū,4
pyrmō,4
ješa,4
zujoka,4
puorzvols,4
brenguļu,4
pravests,4
ziberga,4
simons,4
gaveiku,4
nierza,4
rūjīnys,4
svātkim,4
karteņu,4
deutschland,4
über,4
alles,4
deutscher,4
uns,4
gersika,4
vydsguļāni,4
poļaruo,4
sīvīts,4
jūzmiņa,4
pirmškolas,4
vairōkim,4
pamatizgleiteibas,4
vadeitōja,4
zinuoms,4
paļeidzieja,4
turpinova,4
golvonajim,4
minhenis,4
ļeluo,4
viteļsbahu,4
pirmais,4
zemem,4
eļektorats,4
vīnuošonuos,4
sastuovā,4
kimzī,4
eļektorata,4
paraksteišonys,4
augļeibys,4
symteņa,4
patrimps,4
sešys,4
dream,4
day,4
please,4
calling,4
beatles,4
night,4
light,4
oro,4
kūolka,4
ruojis,4
dundagys,4
purple,4
motörhead,4
izdrukavuota,3
īstateit,3
paturēt,3
vuica,3
leikuma,3
symti,3
kaleņderi,3
pījamts,3
četru,3
oficiali,3
zinuoma,3
albanejis,3
jiurom,3
aleksejs,3
literaturviesturnīks,3
gruomotuos,3
atļuovis,3
metods,3
sarokstu,3
vuordineicu,3
parādavuošonys,3
vārā,3
pazeit,3
dūts,3
jo,3
poziceju,3
lelumā,3
kimā,3
kūks,3
dūtys,3
storpā,3
eisū,3
ābelē,3
taidā,3
primaruo,3
zeimem,3
citom,3
parādavoj,3
verūtīs,3
parāda,3
saknē,3
golds,3
gaļdeņš,3
nasu,3
pirmeigs,3
vaicuojumi,3
gaida,3
gimnazejis,3
draugs,3
pajimts,3
dvēseliska,3
apostolu,3
andora,3
andorys,3
andrejs,3
višinskis,3
jurists,3
pīdzyma,3
tauteibys,3
muzikys,3
ļeņina,3
zinovjeva,3
skaiteja,3
struoduoja,3
universitatis,3
procesūs,3
saceja,3
piļneigi,3
organizēja,3
bejis,3
staļina,3
muocēja,3
angliski,3
ņujorkā,3
apglobuots,3
višinska,3
dūmys,3
apraksteitys,3
procesā,3
donats,3
novembrī,3
apriņča,3
desetnīku,3
jūrdžu,3
apsaprecej,3
vacuoku,3
suok,3
gaitys,3
veronika,3
myužs,3
šis,3
rakstnīku,3
dažaidom,3
pamozom,3
mienešus,3
vysur,3
cybuļskis,3
vacū,3
naktī,3
rakstnīks,3
varieja,3
stypri,3
literarais,3
viktora,3
ziņom,3
moza,3
prozys,3
eksemplari,3
siejumu,3
skaitu,3
gryuts,3
muzejā,3
janvarī,3
pyrmajūs,3
saimisteibu,3
dzejūli,3
izlūksnē,3
ortografejā,3
augstu,3
red,3
rancāne,3
publiciste,3
liriku,3
lyuzinīku,3
moskvys,3
birojā,3
biblejis,3
stuosts,3
pauls,3
himna,3
presis,3
annu,3
mīlesteibu,3
antologeja,3
varu,3
struoduot,3
tova,3
pamats,3
boguota,3
saknem,3
profeseja,3
valodā,3
dzeju,3
doktore,3
vuordineicys,3
septembrī,3
bieržgalis,3
cīmā,3
muns,3
pabeigts,3
munys,3
vacuos,3
latvejys,3
pogostūs,3
sauleite,3
katūļu,3
popularitati,3
augustā,3
izdavumūs,3
dirigents,3
te,3
katoļu,3
emigracejis,3
pīteri,3
mostas,3
problemys,3
ontona,3
bibliografeja,3
periods,3
laikmeta,3
gryb,3
viesturisku,3
pādejais,3
izdūts,3
augstskola,3
windows,3
ciļvēcis,3
aktu,3
resursus,3
kusteiba,3
fizikaliskūs,3
biologiskūs,3
problemu,3
augzemis,3
rāds,3
tvereiguo,3
naatkareigs,3
leluoka,3
programu,3
pūdars,3
šmulāna,3
daslāguma,3
putānu,3
plebanejis,3
dzeivinīkim,3
jiursolys,3
kategata,3
kanalim,3
boltū,3
talins,3
līpuoja,3
zeile,3
redzīņa,3
izcalta,3
pīlaseit,3
uzjiemiejdarbeibys,3
sasprīdumus,3
rāda,3
zamatzaru,3
boltkrīveja,3
azarus,3
krystā,3
atostums,3
krystakmiņs,3
atrūnams,3
sašys,3
kairai,3
vad,3
kruši,3
pīstuoškim,3
sagvuords,3
lasejumu,3
horvatu,3
zamklase,3
vierss,3
pamatplīkšni,3
viersejuo,3
žvyra,3
say,3
lupus,3
fischer,3
matschie,3
horsfield,3
vysums,3
iņdividu,3
milijonus,3
nūmieršonys,3
personu,3
pilīšu,3
rezultata,3
cybla,3
vosor,3
zīm,3
dīvanomi,3
sinagoga,3
kruosys,3
sovinīks,3
ladshale,3
pasadarejuse,3
sātvīta,3
aizjimtuos,3
komandys,3
dadurekrans,3
izdūt,3
dzeiv,3
daguļs,3
asūšū,3
energejis,3
kurīņa,3
daguļa,3
energeja,3
pelis,3
skons,3
dūmuota,3
fareru,3
kanala,3
jiurai,3
demokratisku,3
zonys,3
valuta,3
krona,3
vydtautisku,3
vekro,3
ekonomiku,3
pīzeita,3
viesturiskys,3
datorzineibys,3
this,3
some,3
may,3
languages,3
when,3
mail,3
lītys,3
nūglobuots,3
globojās,3
iztreit,3
muižvuordu,3
file,3
link,3
saksteit,3
home,3
page,3
index,3
information,3
dazynuošona,3
nūstateitu,3
režims,3
open,3
likt,3
after,3
daguoja,3
lūdzeņš,3
atzarēs,3
lītojams,3
biti,3
vysaidys,3
servera,3
vārtivi,3
syuteišona,3
mobiluo,3
telefona,3
teikla,3
nūstateit,3
optiskī,3
taiseišonys,3
wi,3
fi,3
puorlaižamūs,3
atmejā,3
sistemā,3
vajadzeigi,3
lineju,3
labviņ,3
mudruok,3
bitus,3
paviestej,3
pagaisynuot,3
napareizs,3
nakuri,3
skaitlis,3
dasarunuot,3
divejis,3
suokusēs,3
ītakūša,3
pastateitys,3
catūrtuo,3
uogre,3
narata,3
magistrys,3
ernst,3
sūpluokuos,3
geografiskuos,3
atostumi,3
gaisūsta,3
koņtinentaluoks,3
regionūs,3
vysuaugstuokuo,3
kunigaikštis,3
nūdadzynoj,3
karapulki,3
daugovā,3
magdeburga,3
dynaburgā,3
rauga,3
aleksandrys,3
ceikstīņu,3
vitebska,3
planu,3
imperatora,3
riedejumam,3
martina,3
borisa,3
gleba,3
katedrale,3
damāruota,3
greivu,3
tārauda,3
pabudavuots,3
taiseitova,3
taiseitovu,3
mīstadalis,3
nevska,3
jehuda,3
atdaļa,3
docātuojs,3
sovrūču,3
dekters,3
cīma,3
uefa,3
dalinīks,3
niulejā,3
aizsuoce,3
vysudziļais,3
akmiņuots,3
leičūs,3
leiču,3
polu,3
svātvītu,3
asari,3
betons,3
eipaši,3
left,3
elektrejviļcīni,3
dizeļviļcīni,3
līksna,3
zīmeļu,3
prīkš,3
dzeļžalaiku,3
audzēt,3
iedīņa,3
sabīdreibys,3
ņukšūs,3
samiereigajam,3
studejis,3
aizastuojs,3
kaunis,3
skaitejs,3
egļukolns,3
egļukolna,3
zemisvierīni,3
bruno,3
dazinis,3
baza,3
trasu,3
eistynuo,3
kusteibys,3
bīdru,3
zīmyssvātki,3
leidzeigai,3
lr,3
public,3
vuicūtīs,3
dūms,3
izraeļa,3
pariža,3
eira,3
kūpeiguo,3
naudys,3
lītojama,3
atsaskaitīņu,3
valutys,3
eur,3
latu,3
centralais,3
dalinīkvaļsteibu,3
koņtinentu,3
eva,3
zonta,3
prezidente,3
bīdre,3
pētera,3
zvērests,3
ukrainas,3
esejis,3
tv,3
publiciejuse,3
rokstus,3
religiski,3
atzarē,3
autoris,3
byunūt,3
bieti,3
groves,3
thomasi,3
vaļstiskūs,3
ļaudyskajā,3
personys,3
vydtautyskuo,3
olimpiskuo,3
muziks,3
svieteibys,3
laikvuords,3
radeju,3
genovefa,3
dasalykuse,3
īstotūt,3
gotthard,3
kettler,3
pavaļdeibā,3
kieneņa,3
vaļdis,3
piecguojiejs,3
lītuoja,3
mārā,3
gadīnī,3
graižu,3
grekeja,3
veļfens,3
pasajāmumu,3
igauni,3
napīdar,3
napavaļdeiba,3
saukt,3
izacāluse,3
apdzeivuota,3
sasadorūša,3
baļtejā,3
gercogisti,3
ordynam,3
atdūta,3
proviņceja,3
lelajai,3
ītyka,3
vydzeme,3
pīdarēja,3
okupacejis,3
guberneju,3
okupaceja,3
seņtebra,3
paceli,3
oficialais,3
tarbatys,3
nūstateits,3
augstais,3
četri,3
garuokuos,3
politiskuo,3
demokrateja,3
prezidentu,3
taisnā,3
prīškinīku,3
mīstim,3
europu,3
atzaris,3
telekomunikacejis,3
jaunuos,3
bezdorba,3
vacums,3
apklausys,3
runuot,3
vuocyskai,3
konkretys,3
pravoslavi,3
kaids,3
pīsadalejuse,3
gradu,3
laidiejs,3
sīnuojā,3
puormeju,3
grīžās,3
īteik,3
kimeja,3
iudiņtvere,3
napalelys,3
ies,3
fakuļteta,3
poetika,3
svātveiksna,3
zoru,3
eugeņs,3
sagvuordi,3
sastatejs,3
ļaudyskū,3
snāgu,3
īsuoku,3
projektūs,3
muokslyskuo,3
varakļuonūs,3
decembra,3
teoreju,3
politikā,3
deputatu,3
redaktoru,3
vasals,3
laidīņūs,3
myura,3
raistejuos,3
industreja,3
akters,3
operys,3
kareiba,3
politikys,3
paturiešonu,3
armeju,3
daudzeji,3
kaviekli,3
alfabetam,3
datorkaitys,3
turiešona,3
audziešona,3
muoksleiguos,3
raksteišona,3
ryuča,3
iriomotensis,3
planiceps,3
kanadys,3
pardinus,3
ļovs,3
jaguars,3
tygrys,3
uncia,3
stota,3
atrosti,3
programiešonā,3
poets,3
andžānis,3
eisprozys,3
atmūda,3
daškiersts,3
apleicinim,3
sorgoj,3
ryucs,3
nūstuošonu,3
catūrtais,3
atmosferys,3
puoleju,3
statne,3
ustobu,3
dzeidātovys,3
ostrovys,3
pasalelynuoja,3
eugeneja,3
fonda,3
īstateituojs,3
dabova,3
uodys,3
uorejū,3
škeistais,3
oleji,3
izlītuots,3
kurīni,3
gaza,3
produkti,3
kūknys,3
apgabaļūs,3
laduojs,3
dobyska,3
masa,3
lej,3
raksteis,3
atsateikūši,3
konstrukcejis,3
man,3
viņai,3
mums,3
jums,3
duorzuoju,3
izavuiceit,3
gryutu,3
nūsoka,3
laikvuordi,3
simbolu,3
sarokstūs,3
leidzeigi,3
demokratu,3
dzeņs,3
lgekc,3
arturs,3
lītysvuordu,3
soveibnīks,3
ēdieni,3
auzu,3
sulys,3
meiceknis,3
latgalīšim,3
dzyra,3
gryuslis,3
krupnīks,3
leiņs,3
bīzapīnu,3
stoks,3
stuļčs,3
suonkauleiši,3
karūgu,3
zyluos,3
cytaida,3
muokslu,3
vīneibu,3
grupai,3
oficiala,3
kūpeiba,3
rūbežmalē,3
nikaida,3
statusa,3
standartizacejis,3
us,3
šaļtim,3
teksta,3
pasaver,3
vareiba,3
mes,3
navar,3
nadora,3
linux,3
ausbausprache,3
abstandsprache,3
pussolā,3
misionaru,3
there,3
itūreiz,3
golvanīs,3
kauprim,3
līknem,3
laduoja,3
geologiskajūs,3
zylūs,3
līknēs,3
atrassim,3
skaistuo,3
izaplātuši,3
egļu,3
prīžu,3
zemisvierīņam,3
kvarca,3
vīnmār,3
soltuokys,3
bīzuoka,3
palykušajā,3
syltuokys,3
iudiņbaseina,3
kustūnis,3
molusku,3
masivūs,3
apteikamys,3
luoči,3
vacupē,3
sausajuos,3
smiļkšuotuos,3
atdareituos,3
stepu,3
tauryni,3
voguli,3
pīskaiteits,3
vogulu,3
sorgojamu,3
sorgojamuos,3
odumovys,3
zemisvierīņa,3
apvydi,3
viersdaugovys,3
izslyvuši,3
sovpateigajim,3
daudzatmejeigajim,3
sevišku,3
īriedeitu,3
parku,3
sivers,3
vysulelais,3
padalīni,3
vierīņu,3
demokratiskuos,3
bolsu,3
raisteibai,3
augstaiņu,3
zamaiņu,3
namoz,3
aizjim,3
pasauļs,3
rajonim,3
kūpeigū,3
deputati,3
bīdri,3
suopu,3
augustovys,3
trejadeibys,3
lojolys,3
juosmuižys,3
napeļneiguo,3
organizaceja,3
sabīdreiba,3
regionalais,3
stypru,3
regionaluos,3
sastota,3
pokrova,3
breinumdora,3
muzykaliskuo,3
kulturā,3
zemgali,3
latvejai,3
pīterburga,3
seminara,3
docents,3
orkestri,3
laikroksti,3
autoceļa,3
stateita,3
jumta,3
dabeidze,3
klasicizma,3
neogotikys,3
trim,3
sardzeibys,3
desmarest,3
mearns,3
cabrera,3
tim,3
kūpeiga,3
kuojom,3
asti,3
garumu,3
wroughton,3
volūdzineibys,3
kabineta,3
vadeituoja,3
lisine,3
gara,3
meirānu,3
mežim,3
lelmagistris,3
veiskupa,3
padaleitys,3
dūrbis,3
vaļters,3
walter,3
vilekens,3
grīzis,3
kuna,3
treuderys,3
gotfrids,3
reimars,3
eberhards,3
gosvins,3
arnolds,3
robins,3
eļcs,3
torks,3
dietrich,3
zigfrids,3
laņders,3
špaņheims,3
siegfried,3
eise,3
ruteņbergs,3
fraņke,3
kerskorfs,3
fiņke,3
oferbergs,3
volthuss,3
herze,3
bernds,3
freitags,3
pletenbergs,3
hermann,3
reke,3
galens,3
firstenbergs,3
ordyns,3
hane,3
aptuomeņ,3
ūksts,3
nalobs,3
nahuj,3
nūzeimi,3
meiksts,3
cīta,3
lopsys,3
hodgson,3
garajuo,3
japonejā,3
absolutais,3
teiceja,3
mozuokys,3
sergejs,3
kanadā,3
grada,3
audzis,3
līgai,3
apduovaņs,3
roda,3
suope,3
sovvaļnīka,3
krājums,3
plotuokā,3
zynomys,3
skaitūt,3
zemgalis,3
pjesys,3
tāvaine,3
laidīņs,3
dekšuoru,3
mozuoka,3
kilogrami,3
spolvys,3
vardivis,3
barūklis,3
pereklis,3
gnēzi,3
tyvuok,3
kilometri,3
žuguris,3
perekļa,3
republic,3
īsastuoj,3
dzeiveibai,3
mīl,3
tādēļ,3
patiesību,3
atrod,3
andžānes,3
gaišs,3
pēc,3
rakstniece,3
andžānei,3
rakstījusi,3
presē,3
meikultūrņs,3
pizys,3
pizā,3
jiurmalē,3
reizys,3
veic,3
puormeja,3
darynuošonys,3
saksteja,3
izagloboj,3
bruoli,3
lykums,3
vecs,3
zemgaļu,3
arheologiskī,3
apjamūšs,3
styurs,3
dasaglauž,3
zamaini,3
muižvuordi,3
registrēt,3
desmišu,3
piļskrytys,3
sīvys,3
rositten,3
kalifornejā,3
pazeistama,3
izsliviejs,3
atradīni,3
laizānu,3
salinīku,3
rozenšildu,3
paulinu,3
leluokū,3
parapeju,3
doktors,3
informativais,3
atness,3
gazetu,3
organiziejs,3
bārnus,3
nikolajs,3
kongeriket,3
norge,3
skaloj,3
tradicejom,3
kienestis,3
izadeve,3
demokratejis,3
iņdeksam,3
padūmē,3
lule,3
piļdeituojvaļdi,3
daguojumi,3
ugru,3
temminck,3
objektim,3
vītrunu,3
fonetikys,3
vydtautyskai,3
from,3
plotu,3
darbinīks,3
decembrī,3
dominika,3
īgivs,3
organizej,3
uobeļduorzs,3
publicātys,3
regina,3
lobuokū,3
lītom,3
palākuo,3
dažys,3
iņženers,3
pušmycovys,3
fizikys,3
matematikys,3
jaunuokais,3
vajadzeibom,3
tukuma,3
bāgaļu,3
tepiejs,3
zemisvierīņus,3
top,3
latgaliska,3
slavi,3
daudzejim,3
augsta,3
gari,3
organiziešonā,3
kritiks,3
vadynuojs,3
oskara,3
lukaševiča,3
myuslaiceigūs,3
atdzimšonai,3
lasīnī,3
populara,3
tiuleņ,3
pliesieji,3
bolti,3
auss,3
teritorejai,3
kuoni,3
puordaris,3
dzeivuot,3
ratai,3
vuiceiba,3
latvīts,3
alžirejis,3
argeņtinys,3
australeja,3
bolivejis,3
burundi,3
burundu,3
čekejis,3
eirejis,3
gvineja,3
elefanta,3
kaula,3
gajanys,3
iņdeja,3
kanada,3
kosta,3
kubys,3
malavejis,3
meksikys,3
mozambikys,3
nigereja,3
portugalejis,3
surinama,3
turceja,3
vatikans,3
vjetnama,3
zaļuo,3
zambejis,3
zimbabvis,3
sariedīni,3
šauruokā,3
breivajā,3
grupā,3
dobā,3
itaida,3
petanks,3
aprakstejums,3
komandu,3
košoneta,3
krisšonys,3
vydslaikūs,3
atguojuse,3
plaukstinīks,3
plaukstinīki,3
lītojami,3
strāpposta,3
dzeislom,3
gruovu,3
geoffroy,3
iņdejā,3
mobilais,3
telefons,3
parūči,3
pīgatavātuoji,3
kaleņdera,3
nadaudzi,3
plaukstinīku,3
simon,3
parostūs,3
paradzāta,3
palm,3
centralajā,3
čekeju,3
varšovā,3
translators,3
pyrmaviesturi,3
nakurys,3
sadalejums,3
apmīreitu,3
drēbu,3
apleicē,3
vieja,3
čyuska,3
ašņa,3
plota,3
viejs,3
pereklī,3
zvonu,3
ūzuls,3
komponātys,3
socialuos,3
draudzis,3
andrivs,3
tūreiz,3
taisneibys,3
talants,3
muižnīku,3
taisneiba,3
pavadeja,3
myra,3
pasaruodīņs,3
strukturys,3
finansu,3
golvysmīstu,3
metru,3
īstateišonu,3
administraceja,3
ūtrajā,3
vīnaids,3
hokejists,3
raimonds,3
svietneicys,3
skryndu,3
ceiņuos,3
divizejis,3
ceinis,3
komitejis,3
pamatškolu,3
atskaitūt,3
alfabeti,3
baļsīņroksts,3
kinejā,3
rubyns,3
skujukūku,3
suonu,3
rubynu,3
muotainem,3
centralajuo,3
tuoleimim,3
areala,3
izaceļ,3
guņsnalaime,3
celseja,3
skolai,3
kompaneja,3
satversmis,3
medicinys,3
abe,3
modeliešonu,3
nakuruos,3
laičinis,3
napalelom,3
upē,3
puorteciejums,3
pyrmuok,3
augstskūla,3
augstskūlu,3
blāzma,3
sunsat,3
paceļnīks,3
wheels,3
saprūt,3
mozu,3
ūtrai,3
nūmīļuots,3
šaļtī,3
aleksandrejis,3
golapunkts,3
kuruo,3
škīznu,3
auguojus,3
ingars,3
gusāns,3
roka,3
vārtuvis,3
pazeistams,3
ailinīku,3
lītojamūs,3
speidynu,3
futbols,3
afrikaans,3
keiptauna,3
dīnavydafrikys,3
association,3
universities,3
south,3
sun,3
gimnazeja,3
viktorejis,3
studentim,3
serverī,3
milijonu,3
zylupe,3
agruokuos,3
three,3
saceļ,3
budapešta,3
palīkys,3
ustobuos,3
palāka,3
hau,3
mežamoluos,3
balkanu,3
am,3
metrūs,3
maisu,3
napalels,3
golvmīsta,3
ukrainā,3
vydsškolys,3
sasprīdumu,3
bāgaleibys,3
lībīšu,3
dobu,3
atstotumā,3
napalela,3
eņciklopedejā,3
moksa,3
pareizraksteiba,3
commons,3
failus,3
viļāni,3
aļpim,3
gorūzys,3
vīneiba,3
meitovys,3
gaisalaiks,3
bīžuokais,3
vasalu,3
lykumam,3
korpusa,3
zynuot,3
args,3
int,3
pīraksteits,3
hiperteksta,3
formatā,3
adobe,3
atributi,3
elements,3
atributu,3
flash,3
video,3
garkaļnis,3
berģu,3
vydskūla,3
škūrsteitivs,3
maklātu,3
gabaleņu,3
lītuotuojim,3
resursa,3
škūrsteitivi,3
škūrsteitiva,3
bar,3
atspaids,3
vuovere,3
tāvaiņs,3
pyrmūreiz,3
mugora,3
santjago,3
kečūa,3
aimara,3
valparaiz,3
baļsteita,3
zeimu,3
latviskai,3
kažuks,3
zvierbulini,3
aves,3
turdidae,3
čāguons,3
crypsirina,3
cucullata,3
temnurus,3
jays,3
palmu,3
nucifraga,3
corax,3
zylspuornu,3
new,3
calocitta,3
cyanocitta,3
pseudochelidon,3
phedina,3
swallow,3
atticora,3
stelgidopteryx,3
sastdīnē,3
muzyku,3
heraldikys,3
zūbynu,3
myruse,3
paglobuota,3
tymsi,3
golasnāgs,3
divys,3
kleštora,3
augstim,3
ūļneicā,3
bīzu,3
saimisteibā,3
seminars,3
ipa,3
ūtruos,3
upei,3
izaglobuojs,3
sateikama,3
kalimahs,3
dorbuojīs,3
bibliotekā,3
mōras,3
lirikys,3
pasajāmumi,3
gars,3
ratu,3
komuna,3
komunā,3
skroblys,3
nakurūs,3
zīd,3
izsliva,3
ceļuojuma,3
zamys,3
mozū,3
gleivinis,3
puosmā,3
stuovonys,3
vysnova,3
septeituo,3
koņtinents,3
kino,3
nairobis,3
miļjoni,3
vysaižu,3
kryumuojūs,3
tradicionalai,3
zīmars,3
dzeivojama,3
alsviķa,3
olyuksna,3
pyrmaskūliņs,3
ceiņa,3
vysucīškuok,3
felčeru,3
vydsskūlys,3
padalūt,3
seiļukolna,3
bazņeica,3
škilbāni,3
pitalovys,3
pacyluma,3
aņčipovys,3
joninu,3
kuzminu,3
voicuļovys,3
leidaka,3
aizraksteits,3
raņču,3
afrikandu,3
vītejī,3
doļu,3
kūkus,3
saškierstū,3
lyns,3
auguojs,3
solsaimisteibys,3
sieklineicys,3
zīdu,3
puormeiš,3
reita,3
pīci,3
papeira,3
saisteits,3
aizvīn,3
dzimis,3
diviziona,3
tukums,3
gareigais,3
čakste,3
vasiļs,3
likvidēja,3
nūskoloj,3
nūsmeļ,3
nūlaupeitu,3
šaļti,3
veļ,3
pypyrus,3
zaļumus,3
vyrti,3
rutuleiši,3
piļdejumu,3
dukuri,3
mašinē,3
rūkom,3
zeļteitai,3
bryuni,3
bļūdā,3
puorlej,3
korstys,3
vasalus,3
gryudus,3
izkaļtej,3
asūšuos,3
škeistums,3
ber,3
syltu,3
variantam,3
cukru,3
pupenis,3
būrkuoni,3
vokorā,3
cyuku,3
masu,3
lašini,3
virīni,3
nūmozgoj,3
gotovs,3
garžai,3
ūla,3
svīksts,3
sacapums,3
lašiņa,3
aplej,3
putruomi,3
putruomus,3
saldynuotu,3
dabuotū,3
dzierīņs,3
litri,3
slūga,3
opolys,3
ilgai,3
žagareņus,3
gluozis,3
marguču,3
ļeimeņa,3
pīvīnuoja,3
malnais,3
piļskolna,3
gercoga,3
dorbuotnuma,3
atašīne,3
antužu,3
dunovys,3
dīvanoma,3
obruozi,3
spūdri,3
guļbine,3
vyški,3
cauņu,3
daukstu,3
druvīnys,3
galgovskys,3
lajis,3
lyzuma,3
leigū,3
stuomerinis,3
rankys,3
gaujīnys,3
babru,3
iršu,3
metropolejis,3
diecezis,3
nevys,3
niulejuos,3
revoļuceja,3
stalina,3
tukišs,3
laizāns,3
skryndys,3
katris,3
izdeve,3
bibliotēku,3
fondi,3
žurnali,3
eisuļs,3
šai,3
sōkuma,3
krōjums,3
klasei,3
lauksaimesteibys,3
siedeibys,3
īslāgts,3
lāvys,3
straumei,3
puorzvoli,3
otuori,3
zīmoj,3
ticeibā,3
kauguru,3
trykuotys,3
vuorniņu,3
gūdam,3
producents,3
jaunlatgolys,3
internatškola,3
kriumuoji,3
gruovs,3
stolerovys,3
lūrupu,3
gārsinis,3
osoris,3
ievilis,3
breivzemnīku,3
sierinis,3
bebrinis,3
dvīta,3
eglainis,3
katvaru,3
pyrmškolys,3
īstate,3
kotļarovys,3
rušyuna,3
divu,3
kuļturys,3
muzykanti,3
augšonceļšonuos,3
pādejuos,3
grāku,3
pīzeimoj,3
karteņa,3
eversmuižys,3
brigu,3
kaupre,3
ciļtī,3
narcisis,3
ku,3
mineralu,3
izaceļšonai,3
magmatiskī,3
intruzivī,3
vulkaniskī,3
metamorfiskī,3
maklātuoju,3
bolsā,3
atrostais,3
bubo,3
niccolò,3
cusano,3
welt,3
puorjāme,3
pīdzima,3
ūtrs,3
īdzeivuotuojim,3
łobez,3
paguļānim,3
saknis,3
aužguļānu,3
nometne,3
kurortsāta,3
vasarneicys,3
sanatoreju,3
mīstadaļā,3
storys,3
gubaiņa,3
komunists,3
kūkļu,3
klaipiedas,3
jiurmola,3
festivalā,3
mōceibu,3
interešu,3
internats,3
rozentovys,3
internatpamatškolas,3
specialos,3
kvalifikacija,3
specialū,3
vakarūs,3
reitslavu,3
vairuokim,3
nome,3
kurjers,3
uzjimta,3
sižets,3
alans,3
lūmys,3
lūmom,3
filmuos,3
urbanska,3
saimī,3
minhenī,3
paviļjons,3
stilā,3
simtenī,3
uzcaltys,3
piļi,3
schloss,3
cieļīs,3
mitologejis,3
linderhofys,3
ļela,3
voucejis,3
plateibys,3
sostuovā,3
agilolfingu,3
gercogu,3
eļektors,3
suokumam,3
gercogs,3
sovuos,3
uzticeibu,3
eļektorim,3
pour,3
presburgys,3
acaroda,3
reinys,3
konfederacejis,3
koraspākam,3
ļelu,3
suokūtnieji,3
uzskota,3
imperatoru,3
krūnāts,3
rašonuos,3
cīneituojs,3
nuovei,3
ceļtnīceiba,3
eļizabetis,3
feimaņu,3
zinoms,3
ilgus,3
uzvorys,3
kaujā,3
daļeišonys,3
varēje,3
korš,3
pastuoviešonu,3
ļelgercogiste,3
citim,3
jans,3
osmaņu,3
sudovu,3
aušaits,3
vātrys,3
graudu,3
povosora,3
piergrubs,3
kopyune,3
kopyunys,3
singli,3
dance,3
fire,3
master,3
battle,3
talsi,3
kind,3
heart,3
by,3
love,3
more,3
sweet,3
angel,3
final,3
abba,3
binomio,3
vallenato,3
zemgolu,3
kuolkā,3
mārsroga,3
steel,3
iron,3
seventh,3
here,3
queen,3
magic,3
hell,3
wild,3
genesis,3
anno,2
dabeigta,2
seminareja,2
gimnazeju,2
pasvieteita,2
bazilikys,2
lielvārds,2
gubernejis,2
kolegeja,2
laižami,2
veļās,2
nūlīgta,2
rūkroksta,2
lelynojās,2
muotis,2
aizrakstejuse,2
satversmys,2
dalys,2
deputata,2
kempa,2
oficialu,2
nateik,2
puorstuovi,2
pījimšonu,2
apīnis,2
rakstītājs,2
nautrēniem,2
tiemiejs,2
alfabetiskuo,2
sevkurys,2
dažaidim,2
principim,2
leidzeigim,2
zemļuok,2
burtus,2
mozī,2
reizim,2
eisynuojumus,2
saparādavoj,2
alfabetiskai,2
kaidi,2
verās,2
algoritms,2
angļu,2
principu,2
daudzuos,2
mejis,2
vīgļuok,2
atškireigi,2
tuoli,2
baumwolle,2
baustelle,2
bauwerk,2
primarajā,2
ignorej,2
gorū,2
patskaņu,2
aa,2
ee,2
uu,2
aka,2
kuorteibā,2
pyrmiejuo,2
kuortūšonā,2
sakreit,2
ll,2
sekundaruo,2
umlautim,2
sekundarom,2
atškireibom,2
inversais,2
inversuo,2
vydus,2
fragments,2
apstuoklinīku,2
atsagrīž,2
vāza,2
viezeņa,2
gryutumi,2
pastuov,2
vajadzeigys,2
primari,2
sekundari,2
acteņa,2
atsacejuma,2
varim,2
minēt,2
cylps,2
pošuos,2
lejislatvīšu,2
īstuodejumu,2
zīdūņs,2
viestulis,2
nūtalejis,2
katalaņu,2
principat,2
novembris,2
puorsacēle,2
kijevys,2
universitates,2
daleibu,2
partejā,2
maskavā,2
revolucejis,2
komisaru,2
boļševiku,2
universitatē,2
augstuokuos,2
pazeistamajūs,2
uperim,2
veļteja,2
kameņeva,2
suokuma,2
vītnīks,2
ano,2
nūmira,2
laukumā,2
represejom,2
teorejis,2
atzeit,2
daruodejumu,2
karalīne,2
amerikaņu,2
andris,2
viejāns,2
publicistikā,2
nūmirs,2
andryvam,2
pīdzimst,2
andryvu,2
dāli,2
meitas,2
karā,2
aizīt,2
tāvam,2
muotei,2
guojums,2
atrads,2
drusku,2
izmontuot,2
padarejs,2
cīš,2
mīļuojs,2
veiduots,2
puordevs,2
apvainūts,2
aicynuots,2
pošam,2
vacumam,2
aci,2
kūpumā,2
sarakstejs,2
cybuļska,2
kuodreiz,2
siejumi,2
dzejūlim,2
satura,2
nazynoma,2
īviereibu,2
seņču,2
rūkroksti,2
vairumā,2
miķeļa,2
literatūras,2
laikrokstūs,2
dryva,2
antologejā,2
kūkle,2
pīminieklim,2
pastuovēja,2
styngri,2
nūsaukumu,2
liesma,2
rakstejuse,2
latgaļīšu,2
redaktori,2
gads,2
dzejūļs,2
za,2
sātai,2
aizlūgums,2
svātdīne,2
saules,2
izlase,2
poezejai,2
vierteibom,2
ticeibai,2
izsaceit,2
rancānes,2
dvēselis,2
daži,2
paļuoveibu,2
žielesteibys,2
paļāvību,2
žēlastības,2
troņa,2
pāvesta,2
īkļauts,2
aizlyugums,2
izmontuoti,2
laima,2
karūdznīks,2
veidenbauma,2
bolva,2
rancāni,2
boguoteibys,2
būs,2
mūsu,2
cykla,2
tagad,2
izškireigs,2
izdzeivuos,2
svareiguokais,2
muni,2
sorkonuo,2
telpa,2
almanahs,2
unda,2
antoloģija,2
valeinis,2
kursīte,2
volūdzinineica,2
antons,2
pirmī,2
vacā,2
tryukums,2
ilgi,2
boguotū,2
upuri,2
jaunuokū,2
lobā,2
agrā,2
bierneibā,2
izveiduoja,2
kļiut,2
praktiskā,2
vel,2
skūluotuojs,2
tanī,2
muoceibu,2
divus,2
muocejūs,2
kursūs,2
munu,2
režisora,2
staņislavska,2
skūlu,2
kūrs,2
dzīduošonys,2
vārds,2
punkti,2
jaunatnys,2
vadeit,2
agliunē,2
lauku,2
jaunatne,2
publicēja,2
vōrds,2
literārajā,2
audze,2
lugys,2
latgalīts,2
dybynuošonu,2
baltie,2
tēvi,2
nūmetnis,2
kaidā,2
tematika,2
gaili,2
dzīdōja,2
romana,2
gaiļi,2
darbinīkim,2
garajā,2
jaunō,2
rakstnīka,2
personeibys,2
arheolingvistika,2
ozoliņš,2
stuostu,2
pasaules,2
vējos,2
veļteita,2
dzeivei,2
pseidonimi,2
bērzgales,2
novads,2
dzimtenes,2
pasaulis,2
publicātais,2
prozā,2
via,2
humanitāro,2
zinātņu,2
žurnāls,2
apstuokļu,2
raistuos,2
automatizāta,2
ekologeja,2
apleicsardzeiba,2
dobyskuos,2
konkretu,2
apleicei,2
iudiņus,2
pīmūrdīņa,2
vadynoj,2
sorgojūšus,2
kimiskūs,2
izlītuošona,2
atškireibā,2
apolinarejs,2
dieglis,2
žbanus,2
traukus,2
palādiņu,2
skaistomota,2
pujats,2
paliedziejs,2
sovpateigū,2
muokslinīki,2
armeneja,2
armenejis,2
armeņu,2
aizraksteituojs,2
leksikys,2
laseituojs,2
kuozys,2
subjekta,2
augļu,2
atmejuos,2
izalaseit,2
organizmu,2
barojās,2
energeju,2
pazeistamī,2
pučis,2
zuole,2
daudzumu,2
saulei,2
augškaļne,2
aviaceja,2
skrīnmašiņu,2
azerbaidžana,2
azerbaidžanu,2
belta,2
eresuna,2
skageraka,2
kīļa,2
kaune,2
klaipieda,2
šauli,2
paneviežs,2
tarbata,2
statistika,2
benedikts,2
zazerskis,2
krimys,2
vitebskys,2
pīmiņai,2
aļaskys,2
čukču,2
pasauktys,2
danejā,2
sauszemis,2
puorīma,2
hipoteze,2
varēja,2
atīt,2
zamiudiņa,2
dareiti,2
beļgejis,2
analitika,2
pajiemīņu,2
pareizus,2
tuoluoku,2
pulka,2
karaveirim,2
dīvalyugšonys,2
mjakinku,2
grīžūt,2
braucūt,2
eseju,2
politiskajuos,2
tāvzeme,2
ūzulu,2
bosnīšu,2
serbu,2
bulgareja,2
programā,2
bārnklase,2
kaupraine,2
izsaceigom,2
devona,2
karbonatplīkšni,2
rati,2
dolomitmergeļu,2
vydkluoški,2
kurjis,2
vapnakmini,2
smiļkts,2
nikur,2
suņi,2
zdansky,2
latrans,2
wagner,2
borneo,2
vigors,2
tristis,2
milne,2
edwards,2
ciļviece,2
pūsmys,2
vāleimī,2
dzeivuotuojus,2
viesturiskā,2
ciļvieci,2
meitu,2
filosofeja,2
kaupraini,2
turīs,2
vieji,2
salaspiļs,2
apkluoj,2
vysaida,2
bīzuma,2
valeimuo,2
liga,2
igors,2
saškirūt,2
čempionu,2
komandas,2
viersligys,2
atspaidoj,2
dasnāgumi,2
paruodeit,2
lītuotuojs,2
dadurekranā,2
atsateikūšū,2
piersta,2
datori,2
dagda,2
škeista,2
dedzeiga,2
škeistu,2
dabuotu,2
daudzuma,2
dzeitivi,2
benzins,2
dizeļdaguļs,2
dizeļs,2
mazuts,2
soļarolejs,2
soļars,2
gazolins,2
pūgu,2
jutlandejis,2
škir,2
danejai,2
pošvoldi,2
drūsuma,2
jaukta,2
teikluošonys,2
tabeleiti,2
vērtīs,2
terminology,2
terms,2
wikipedia,2
articles,2
baltic,2
uorsaileiguo,2
dabeigšona,2
datikšona,2
application,2
dīnroksts,2
browser,2
puormeit,2
command,2
technology,2
cookie,2
glabiņs,2
copy,2
puorspīst,2
dial,2
posts,2
fails,2
faila,2
nūīt,2
sātyslopa,2
iņterfeiss,2
flickr,2
automatiskai,2
biļdeitis,2
program,2
aplikacejis,2
login,2
slāgvuords,2
dasaslēgt,2
server,2
viestuļu,2
message,2
viests,2
dūmu,2
meits,2
mode,2
service,2
pakaļpīni,2
dictionary,2
daslēdzē,2
work,2
peer,2
network,2
saksteiba,2
memory,2
ram,2
atguods,2
puorsaukt,2
grīzt,2
attack,2
security,2
apsardzeiba,2
syuteit,2
servers,2
source,2
neits,2
uniform,2
resource,2
locator,2
puorsorguot,2
wide,2
datoreibys,2
baiti,2
cītuo,2
dati,2
izškireigūs,2
asūšu,2
syuta,2
svešu,2
vara,2
vodi,2
gaismysvodi,2
kabeli,2
lazerdaslāgums,2
radejsaita,2
infrasorkonī,2
standartizātys,2
grupiešonys,2
dsl,2
adsl,2
max,2
protokoli,2
patur,2
syuteišonu,2
myrgu,2
morzys,2
serejeiguo,2
syutomi,2
dabuojiejs,2
blokus,2
leluokā,2
skaitli,2
puoreiguma,2
puorsasyuta,2
darbeibom,2
tryukumus,2
asinhroniskuo,2
sinhroniskuo,2
suokšonys,2
apzeimuotu,2
ascii,2
puorlaiž,2
tiks,2
soku,2
ūtraiži,2
suoksīs,2
dreizumu,2
syuteituoja,2
dabuojieja,2
ītaisē,2
klaidu,2
dasarunuots,2
protokolā,2
stuņdinīku,2
puordrūsynoj,2
pareizu,2
dasarunuoti,2
formatam,2
saita,2
syuteituojis,2
dabuojiejis,2
maršrutātivs,2
lelim,2
paviesteis,2
paradzāti,2
pajiemīni,2
aptikt,2
takūša,2
leicī,2
upem,2
dambom,2
zeimeiguokuos,2
polota,2
kairuos,2
dvīts,2
eglaine,2
radeita,2
darynuota,2
daug,2
male,2
varianti,2
ratsenbergs,2
ratsenberg,2
naujinis,2
dvinsku,2
borisoglebskys,2
laiceiguo,2
aizjēme,2
mihailovičs,2
puolejai,2
bejušuo,2
dyneburg,2
vysuzamuokuo,2
etniskūs,2
rusifikacejis,2
ulmaņa,2
ciļmi,2
procents,2
kieneņam,2
vodomi,2
adoļfs,2
sasaceļšonys,2
īkreit,2
bonaparta,2
budaune,2
forštats,2
greiva,2
gubernejai,2
īmešļu,2
paradzāts,2
niulejū,2
vagonu,2
lutera,2
kimiskuos,2
vysuleluokū,2
ssr,2
izalikaliejušys,2
bezvaineiguos,2
ījimšonys,2
gluobis,2
władysław,2
ekonomists,2
eliezers,2
myuslaiceiguos,2
izraelī,2
atjaunynuotuojs,2
vadynuotuoja,2
maps,2
ie,2
region,2
city,2
lang,2
leluokūs,2
pedagogiskais,2
akreditacejis,2
pedagogiskū,2
zemislopā,2
paceļnīkatvaigi,2
fc,2
intertoto,2
celtnieks,2
stateibnīks,2
viesturiskūs,2
kaitiejuse,2
sezonu,2
ligys,2
puoru,2
lauzt,2
spraust,2
lauzīšu,2
kuodīšu,2
spraudīšu,2
azarmola,2
stuovona,2
leiči,2
bernātu,2
līpu,2
apšu,2
zamuo,2
dreidzī,2
pošsvareigūs,2
plauži,2
temperaturys,2
vīnaiži,2
align,2
vuocyskuo,2
reigysatostums,2
rumbula,2
ikškile,2
kegums,2
kaibala,2
dendrarejs,2
aizkraukle,2
kūknuojs,2
kilometrs,2
ais,2
kilometris,2
nadabeigts,2
dzeļžalaiki,2
eiropā,2
cyrma,2
apmetnē,2
gryudu,2
putru,2
īcīneita,2
daudzom,2
pārkiuņam,2
vladislavs,2
apals,2
kopulauku,2
lejysbytānūs,2
etnografs,2
dzeivys,2
volūdzineibu,2
etnografejis,2
kursus,2
tautysdzīsmis,2
skaisti,2
apleicejū,2
kļovu,2
pastotys,2
eireja,2
vosorysvātku,2
konfesejis,2
kīnā,2
kristīteibys,2
mārūga,2
rezuļtatā,2
sešūs,2
desmit,2
svātais,2
kristīteiba,2
point,2
daīmys,2
lraa,2
reģiona,2
attīstības,2
aģentūra,2
ideja,2
nacejis,2
atdzimšona,2
praktiskai,2
vīnine,2
aizvoduota,2
atīsmē,2
vērte,2
lvl,2
leidzieklis,2
nauda,2
apgrūzā,2
europīšu,2
maina,2
banks,2
ecb,2
dasaver,2
europa,2
septeņu,2
niulenejuo,2
ļaudiskais,2
žurnalistu,2
izdavums,2
bize,2
acī,2
atvārsumi,2
eseja,2
ieva,2
bondere,2
delfi,2
īvods,2
digna,2
sīvīti,2
sāpes,2
gazetā,2
padomju,2
students,2
literarūs,2
laidīņus,2
cīņa,2
linda,2
ītēmēt,2
olūtu,2
tāmātuoju,2
autori,2
martuza,2
dspace,2
lu,2
eņciklopedeja,2
affinis,2
winton,2
heptner,2
loche,2
zamškiras,2
hemmer,2
ognev,2
burchell,2
moutīte,2
mežogs,2
catus,2
ornata,2
kunigaikšta,2
zeimeigūs,2
davuši,2
darbeibā,2
daškiert,2
kazimers,2
komiteta,2
akuzativa,2
tradicionalajā,2
klausīs,2
viesturneica,2
aktivistu,2
institutu,2
lasejuma,2
izlaisšonu,2
organizejūt,2
saharys,2
velox,2
york,2
dasarunu,2
vasaļs,2
špitalis,2
jelgava,2
konsonaņtiskai,2
vokaliskais,2
godusymtu,2
redzējuos,2
nuok,2
zamuok,2
graiži,2
skaists,2
vierīņs,2
gruzeja,2
horvateja,2
switching,2
standartizāta,2
tekmi,2
sataisoms,2
asūša,2
vajadzeigs,2
fr,2
modeļa,2
kluoškā,2
leidzīnī,2
dreizynoj,2
puordrūsynuotu,2
vydtautyskūs,2
skaituos,2
taiseišonā,2
bīzeibys,2
ruodejumu,2
demokratiska,2
apleiciņūs,2
izacēle,2
romīšu,2
viesturnīka,2
izškireigā,2
rakstīņūs,2
styprynuotu,2
ideņtitetu,2
kronikā,2
konfederacejā,2
teutonu,2
republikai,2
atjaunynova,2
mienesi,2
pataiseita,2
īdzeivynoj,2
pretiveiba,2
okupacejai,2
atjaunynuoja,2
petseru,2
jiurmalis,2
dasnīdz,2
māranajuo,2
godslaiki,2
sveirej,2
zemisvidīnī,2
syltuokajuo,2
soltuokajuo,2
bīzums,2
mozi,2
pernova,2
ībolsuošona,2
pazeimoj,2
ministri,2
parlamentu,2
proporceigā,2
myužu,2
itaids,2
puorguojuse,2
elektronika,2
jiureiba,2
izraisteita,2
infrastruktura,2
talinā,2
mazynojās,2
zama,2
dzeivuotuoja,2
zyna,2
religiskajom,2
īskaiteja,2
ļutari,2
musulmoni,2
natic,2
goram,2
energejai,2
itim,2
mozuokais,2
komiteja,2
olimpiskuos,2
specialai,2
raudzej,2
maļtīšu,2
asāns,2
ļaudyskys,2
aprakstejumu,2
proteinu,2
tiemiejuse,2
piloproteinu,2
naveseleibys,2
cyklys,2
cycle,2
cikls,2
cytaiž,2
īmā,2
atmosferā,2
kristaleni,2
palykušuo,2
upēs,2
okeanūs,2
snāgim,2
vīteja,2
dubnys,2
piļcinis,2
body,2
muoksleigūs,2
napalelu,2
muorki,2
ostoņgadeigajā,2
profesore,2
monografejis,2
kulturai,2
raiņa,2
spīgelī,2
apduovani,2
augšonys,2
vaiņuka,2
projekceja,2
zori,2
japoneja,2
gramatiku,2
dvēseliskū,2
garus,2
vysuzeimeiguokūs,2
īstotu,2
meit,2
dzeivisvītys,2
paslapyn,2
lasīni,2
fabulys,2
palics,2
kulturviesturnīks,2
aizalikšonu,2
paraudzeibu,2
poligrafejis,2
grīzīs,2
tresta,2
docātuoju,2
laisšonu,2
atroda,2
laidīni,2
komisejis,2
humanitaruo,2
apduovanāts,2
dvēseliskuos,2
izvoltā,2
jurs,2
ceikstinīks,2
lvu,2
uorsvolūdu,2
fronta,2
uorejūs,2
saitu,2
storptautyskūs,2
dokumentu,2
leikumu,2
lementari,2
gramatikys,2
pīlasejs,2
regionu,2
uorzemē,2
saškeire,2
jākubmīstu,2
jakobstadt,2
lenu,2
apdzeive,2
jākuba,2
pilsētas,2
fabriki,2
stateibmaterialu,2
nagars,2
puosmu,2
tuoma,2
pīminekļu,2
uoraišūs,2
īrūču,2
pīgatavi,2
planavuošonu,2
lāvom,2
pīguoznem,2
izsaceigu,2
praktikā,2
apzeimīni,2
raugoms,2
terminus,2
lītuošonā,2
mīstus,2
draugu,2
rotu,2
paleidzēt,2
izškireigai,2
regularumu,2
modeļu,2
origami,2
eksperimenti,2
leidzavēre,2
kartavuošona,2
lego,2
kolekcioniešona,2
dzīduošona,2
automašinis,2
elektroniskuos,2
skaiteišona,2
kazaheja,2
rūbežakmiņs,2
volgonā,2
līknē,2
īkolti,2
kakis,2
škirom,2
kači,2
mežakači,2
myrušuo,2
kenotafi,2
arheologu,2
sagaideit,2
kiprys,2
lītuojams,2
metodus,2
komunikators,2
guņsgrāks,2
zeimeiguokī,2
sevī,2
zala,2
azarīšu,2
viļnaina,2
ploskona,2
laukazara,2
precipitation,2
nokrišņi,2
leits,2
sadordaļa,2
sausīnys,2
dv,2
paradzātu,2
statņu,2
ministrejis,2
ļaudyskuo,2
iudrupe,2
kurova,2
ļublina,2
vislys,2
reagej,2
lelam,2
cītais,2
kūkna,2
raketu,2
eteri,2
taukskuobu,2
benzinūs,2
butans,2
metans,2
dobysgaza,2
siņteze,2
butana,2
iudinekļa,2
putekli,2
puļviers,2
ladslaiki,2
geologiskajā,2
kvartara,2
cītūs,2
viersyunēs,2
gravitacejis,2
nūteikūšu,2
dareis,2
brauc,2
asūte,2
persona,2
eistynuma,2
ēss,2
runuotuojs,2
nazyna,2
nūtics,2
āduši,2
apstuokli,2
ēd,2
ūtrajai,2
dasaīt,2
dasavest,2
nanūsaceibā,2
vajadzeiba,2
daīs,2
laikvuorda,2
atlasynuotuos,2
vīnskaita,2
izsaceibā,2
dorūtne,2
cīšūtne,2
sastateit,2
konjugacejis,2
personuošonys,2
atsagrīžamī,2
nanūsaceiba,2
atsagrīžamuo,2
ceļtīs,2
repertuars,2
saksteibu,2
parādu,2
alfabetiskam,2
saparādam,2
vuordineicuos,2
jaunajā,2
lītuoj,2
roskošs,2
sariedīņu,2
tiemiejumu,2
taiseišonu,2
etnografiskūs,2
dalinīkim,2
pīstuovim,2
lītysvuords,2
pakuopīni,2
apstuoklinīks,2
trailoj,2
svieteigai,2
tykuse,2
teirumā,2
batveņa,2
bygucs,2
buļbešnīki,2
katuku,2
cymuss,2
cureite,2
dzjupka,2
guļbešnīki,2
capta,2
juknova,2
kanepīns,2
kapcāts,2
karseknis,2
kļockys,2
krapanīks,2
kukuleiši,2
kūčys,2
salati,2
rysa,2
miļtinīks,2
murce,2
murcauka,2
pancaks,2
peirāgi,2
puorpace,2
ramans,2
ruļads,2
saladuks,2
sīrnīki,2
skuobuļs,2
styumīņs,2
sutiņs,2
škvarkys,2
tatarvans,2
trombelis,2
ubagine,2
uboga,2
asnis,2
ūlukne,2
ūlinīks,2
veisteknis,2
veitātys,2
virtiņs,2
zacerka,2
zalī,2
sorkona,2
streipu,2
boltu,2
simbolizej,2
samārs,2
regionalūs,2
heraļdikys,2
boltai,2
planavuošonys,2
sarunys,2
komiseju,2
apstyprynuošonu,2
simbolika,2
pīdarūša,2
uorzemu,2
kūpeibys,2
runuotuoju,2
soveibnīku,2
tipi,2
osni,2
osnim,2
standartūs,2
rokstā,2
stuosteits,2
gb,2
kodi,2
variantu,2
kombinacejis,2
office,2
dareitu,2
aizjimts,2
rakstīņa,2
standarts,2
apzeimuošona,2
scouse,2
garuoka,2
dialekti,2
word,2
minusa,2
strukturu,2
saprūtameiba,2
olaņdīšu,2
nā,2
dialekts,2
politiska,2
stuosta,2
standartizej,2
standartu,2
daškierti,2
liv,2
vydtautyskū,2
tipu,2
about,2
samogitian,2
bat,2
has,2
look,2
redakceja,2
vaicuojums,2
lyudzu,2
foundation,2
sorgojamūs,2
fonds,2
izškireiba,2
relativajam,2
saguluši,2
kulturviesturiski,2
vysusvareiguo,2
gobola,2
leikumus,2
upleju,2
sadz,2
trešu,2
pūstumlatgolā,2
skuti,2
gar,2
syli,2
dīnavydlatgolys,2
bierzs,2
kreņovas,2
strūžānu,2
kuprovā,2
leivuonā,2
neicgalī,2
uplejā,2
smiļkšu,2
smiļkti,2
miļža,2
karaļu,2
kromaņu,2
dekšņa,2
greizais,2
rušyuns,2
cierms,2
dzilī,2
ormejs,2
līpnys,2
daleita,2
administrativuos,2
cariskuos,2
dalejumu,2
teritoriskuo,2
augstaine,2
izslyvušais,2
strodūs,2
īteceiguokūs,2
populariziešonā,2
juris,2
aplīcūt,2
davuse,2
sariedīņus,2
karaktereigais,2
pareizi,2
azarzemis,2
vysuzamuo,2
absoluotuo,2
vysuaugstuo,2
sorgojamī,2
mers,2
vidavskis,2
pctvl,2
ībolsuošonys,2
meru,2
gaismu,2
laukums,2
kudrys,2
ojuots,2
paleiga,2
krysteituoja,2
atašinis,2
magdalenys,2
ignaceja,2
jura,2
gorbunovs,2
rugāte,2
anta,2
politiskuos,2
latvijā,2
danišeukys,2
pavula,2
aizmigšonys,2
golyšovys,2
development,2
oganizaceja,2
īdzeivynuošonu,2
rādu,2
prioritetu,2
puormeits,2
regionalajā,2
regionalū,2
sadareibā,2
instituceju,2
planavīni,2
atzaru,2
programai,2
radeišonu,2
agenturys,2
bīdrusaīsme,2
rūbežakmini,2
eņdžeļu,2
kostigu,2
kovaļovys,2
lomu,2
kolupa,2
leţmō,2
zemgola,2
sieleja,2
kūrzeme,2
zeimeiguo,2
kulturyskū,2
studenti,2
škoļnīki,2
bazneicnīka,2
rancāna,2
saīsme,2
dvēseliskuo,2
logins,2
apstyprynuoja,2
trasuna,2
sagatavātūs,2
bīdreibai,2
dūs,2
kūkļuotuoju,2
simfoniskū,2
aktivuma,2
jauneiba,2
saīsmis,2
jezuiti,2
zibergs,2
statīņs,2
tūrneiti,2
zibergu,2
sovumā,2
izlītuoti,2
stateibai,2
sasaglobuojuši,2
stiļā,2
divtūrņu,2
apskaiste,2
ansambli,2
varganis,2
darynuotys,2
instrumentim,2
mākslas,2
inspekcejis,2
amateibys,2
līpukolns,2
orientalis,2
budini,2
lönnberg,2
jacobita,2
steinbachi,2
central,2
oaxacensis,2
yucatanicus,2
servals,2
servalim,2
dzeivnīkim,2
dzeivnīks,2
eisu,2
augumu,2
garuos,2
ausis,2
musturs,2
parosti,2
kuoju,2
brachyurus,2
phillipsi,2
morrison,2
humanitarū,2
dialektologejis,2
asociacejā,2
leikumys,2
pīterburgys,2
lementars,2
liktenšteina,2
divdasmytajā,2
moluos,2
atškiertūs,2
izaglobovuse,2
cāsūs,2
atsaceigs,2
xv,2
karaveiru,2
rezideņceja,2
sovums,2
komturi,2
komtureju,2
livonejā,2
vajadzēja,2
piļu,2
īšonys,2
originalā,2
darunys,2
balke,2
welven,2
groningen,2
heimburg,2
stirland,2
sangerhausen,2
verners,2
werner,2
mandern,2
karūsys,2
nortecken,2
nordeck,2
hazzingenstein,2
dinkelaghe,2
rogge,2
vrimersheim,2
robin,2
eltz,2
wennemar,2
tork,2
lander,2
spanheim,2
eisse,2
rutenberg,2
franke,2
kerskorff,2
bockenworde,2
schungel,2
vinke,2
overberg,2
mengede,2
osthof,2
wolthus,2
herse,2
bernd,2
borch,2
freitag,2
wolter,2
plettenberg,2
hasenkamp,2
recke,2
galen,2
fürstenberg,2
vilaņde,2
vilaņdis,2
jelgovā,2
hercogi,2
diņkelage,2
dreilebens,2
burchard,2
endorps,2
feuhtvaņgens,2
frimersheims,2
groniņgens,2
haciņgenšteins,2
heimburgs,2
hornhuzens,2
luterbergs,2
maņderns,2
moņheims,2
nortekens,2
rasburgs,2
roge,2
štirlands,2
andreas,2
ana,2
zaņgerhauzens,2
zūbynbruoļu,2
uorā,2
sprīža,2
turētīs,2
bezdīvs,2
sīvīte,2
aizajam,2
čūksts,2
čiuļs,2
dierst,2
tevi,2
nabarāgs,2
veceļs,2
nacylvāks,2
razgaļs,2
nakauņa,2
salauzt,2
ūgu,2
dzymumorgans,2
pipss,2
pliuka,2
krīvs,2
šērve,2
syuds,2
lītuojūt,2
prīškmatu,2
spruodzine,2
urkagans,2
veikšs,2
vucyns,2
īveicis,2
imperejā,2
dasaruna,2
japonejis,2
generals,2
sony,2
aizsuoka,2
libana,2
cylvākus,2
daile,2
tagore,2
fjodors,2
azarsolom,2
nūteciejums,2
aivīksti,2
ītakūšuos,2
malmuna,2
pagrīztys,2
ītaiseiti,2
pīminēta,2
latgaļus,2
lītauniki,2
luksemburga,2
bangs,2
mola,2
rafinesque,2
popularizātuoja,2
bakalaura,2
radeigajai,2
izaugsmei,2
literati,2
aktivuok,2
vosoruošona,2
rundānei,2
atlaidys,2
nūmīļuotys,2
tykušys,2
līgys,2
rundānis,2
vī,2
ties,2
augstskolas,2
valley,2
škeists,2
gazeigs,2
elementardaleņu,2
turūšs,2
fizikaliskuos,2
snādzūtīs,2
guodojūt,2
kimiska,2
jelgovys,2
stuoškus,2
motivi,2
mīleiba,2
drukavuots,2
dzymtuos,2
pasaukta,2
ukru,2
zīmeļmakedonejis,2
kv,2
malnkalneja,2
vīglai,2
ceņtimetru,2
koklys,2
malna,2
pazali,2
sorkonu,2
metalisku,2
gnēze,2
izavedīņs,2
meklej,2
atskrīn,2
zīmuošonys,2
žuguru,2
etiopeja,2
pūrūs,2
gryuši,2
perej,2
divejūs,2
mežogumā,2
putynu,2
pallas,2
landskoronys,2
literarajā,2
reits,2
bierzeņu,2
dzeivojuse,2
puordaugovys,2
kruojumu,2
publicej,2
konkursā,2
atcerei,2
bēgļu,2
dzejniece,2
līdz,2
namīra,2
variants,2
māksla,2
dzejnieces,2
domas,2
tāpat,2
laime,2
seņči,2
visiem,2
marijas,2
trimdā,2
ilgas,2
tomēr,2
piederēt,2
stāsti,2
labais,2
darbs,2
publicējusies,2
gan,2
marijai,2
supluok,2
kruojumi,2
kozu,2
sātuos,2
miķeļtornis,2
lūcejumūs,2
formuos,2
saceit,2
sg,2
he,2
pl,2
raksteišu,2
savadums,2
pošskaņs,2
pozicejuos,2
maun,2
kreisajā,2
bejušuos,2
apdzeivuots,2
mikeļs,2
moldaveja,2
monaks,2
baseinu,2
augstainei,2
kūkova,2
adresi,2
rus,2
muižvuordus,2
privatpersona,2
moksu,2
relativais,2
dokumenti,2
legenda,2
trejom,2
mareja,2
vileki,2
asūšuo,2
audzej,2
apleicejūs,2
vysuzeimeigūs,2
piliskolnā,2
izraisteitu,2
sasaliejuse,2
xvii,2
zaļmuiža,2
grafim,2
sovumu,2
dzimtinīku,2
buntu,2
ceikstīņam,2
meitovuos,2
nazkodejū,2
platpīrs,2
bazneicnīku,2
arciveiskups,2
nikodems,2
sviklis,2
kristcelēs,2
papylda,2
izlauzta,2
sproga,2
saškailuojs,2
blučs,2
apsorgojams,2
pīstuoški,2
valns,2
valnam,2
griffith,2
jaunaglyunys,2
ūļneicys,2
religiska,2
tecīņa,2
sākla,2
mozim,2
atdarejs,2
voduot,2
peļnejumim,2
jana,2
divejom,2
vikingu,2
izastuoja,2
naftys,2
atrostuvis,2
ep,2
pto,2
nord,2
bukmolā,2
noreg,2
pylnuo,2
sadar,2
kabinets,2
deputatim,2
īdzeivynojūt,2
militarū,2
budisti,2
skaņdinavu,2
mitologejai,2
rezultatā,2
musulmonu,2
somalīšu,2
nīderlandeja,2
daļom,2
administrativuo,2
ombumuiža,2
ambeli,2
stupeliški,2
putāni,2
vacī,2
lēperu,2
lelūzuls,2
vysuzeimeiguokais,2
ziniskū,2
leksiku,2
dociejs,2
linguistica,2
baltica,2
lingua,2
studies,2
vydtautyskuos,2
vītvuordu,2
ziniskai,2
vuociejs,2
pietnīks,2
stabļovys,2
bulduru,2
duorzkūpeibys,2
nakluotīnē,2
upītes,2
brigaderi,2
bīdrs,2
vadeituos,2
izdūd,2
slyšāna,2
seminarā,2
julī,2
žurnālā,2
izdūtys,2
pīaugušajim,2
tītupats,2
poema,2
proza,2
ontonam,2
izmontoj,2
dažaidys,2
pylna,2
ailēs,2
viesturei,2
apziņā,2
jākupānu,2
mežavydūs,2
stepon,2
kule,2
procesim,2
golvonajā,2
postā,2
tics,2
aktivai,2
tveikys,2
religiskus,2
motivus,2
radejs,2
portretus,2
zvīdra,2
valeims,2
tepiejumu,2
ideju,2
gaišai,2
tymsu,2
paduovynuoja,2
tepiejumus,2
aizraksteita,2
ortografeju,2
atvaigs,2
valnu,2
darīni,2
kaunē,2
paruodē,2
piliskolnu,2
teireišonys,2
pavasar,2
grīsti,2
olā,2
suņs,2
bāgaleibā,2
tiemiešonu,2
atdaļu,2
keramikys,2
sariedeita,2
stiļam,2
atsarasšonu,2
solsaimesteibys,2
laikavydu,2
trešā,2
kuota,2
bruoļ,2
pīmiņ,2
pādejūs,2
dzeivojamuo,2
rekords,2
malni,2
moti,2
masivs,2
dzeivojamuos,2
spanejā,2
italejā,2
radeitu,2
globuošonys,2
samazynuot,2
etimologejis,2
riedeit,2
paremiologeja,2
pīruna,2
tiemiešona,2
materiala,2
aizraksteišonys,2
čeki,2
čyguons,2
ekvadorīts,2
greki,2
komi,2
latgaļs,2
lītaunīks,2
puoļs,2
suomi,2
turki,2
vengri,2
alžireja,2
argeņtina,2
bahamu,2
benina,2
boliveja,2
botsvana,2
brazilejis,2
sultanats,2
mjanmars,2
čilis,2
egipts,2
ekvadors,2
ekvadora,2
etiopejis,2
gajana,2
gvatemala,2
hondurass,2
izraeļs,2
īslandeja,2
jaunzelaņdeja,2
kinejis,2
kolumbejas,2
komoru,2
rika,2
kuba,2
laosa,2
madagaskars,2
malaveja,2
maldivu,2
malis,2
maršalu,2
meksika,2
federativuos,2
mozambika,2
namibeja,2
nauru,2
nikaragva,2
palau,2
jaungvineja,2
paragvajs,2
gviāna,2
rumuneja,2
salvadors,2
samoa,2
marins,2
sauda,2
seišelu,2
serbeja,2
sjera,2
slovakeja,2
sloveneja,2
somalejis,2
spaneja,2
surinams,2
lankas,2
tanzaneja,2
tonga,2
ugandys,2
urugvajs,2
vanuatu,2
venecuela,2
roga,2
zambeja,2
zimbabve,2
entertainment,2
pasūleitūs,2
atrakcejis,2
sapratīnī,2
napalelā,2
dvd,2
pīdareigs,2
capums,2
bumbuļu,2
laukumeņā,2
bumbuleišus,2
bumbuleiti,2
kaitaunīki,2
senejā,2
izlītuoja,2
praņciskai,2
vydsjiuru,2
petanka,2
mozs,2
turēt,2
sinhronizaceja,2
spieļuotivs,2
geomorfologiskais,2
veiram,2
soltumā,2
karpys,2
guļ,2
portugal,2
sody,2
chinensis,2
muotīte,2
bennett,2
vērtine,2
zineibā,2
dobyskys,2
daudzifunkcionals,2
soveibom,2
operātuojsistema,2
personiskuo,2
postu,2
sasatikšonys,2
communicator,2
ended,2
mobile,2
phone,2
pruottelefona,2
leidzeigu,2
parostī,2
kūpeigai,2
ūtraileigys,2
korporaceja,2
ruodeja,2
modeļs,2
pylnai,2
operātuojsistemys,2
symbian,2
os,2
rim,2
research,2
motion,2
thumb,2
px,2
slovakeju,2
kristeiguo,2
politiskai,2
breiva,2
organizacejys,2
poļanu,2
poloniae,2
regnum,2
daudzejuos,2
lītavyskai,2
persiskai,2
itamuos,2
nūzeimoj,2
operaciju,2
kill,2
numurs,2
translator,2
translation,2
tulks,2
puorvierš,2
sacīņus,2
garuokus,2
history,2
izguoduošonys,2
atsarasšonai,2
tomsena,2
kritika,2
viesturiskajim,2
šumeru,2
tīnis,2
lobumu,2
radeišona,2
piesārņojums,2
pollution,2
straujeņom,2
eiss,2
glupu,2
svīd,2
vāzu,2
atrassi,2
acīs,2
rūkys,2
padora,2
boguots,2
uobeļs,2
akminim,2
nasvīd,2
kryumūs,2
čorts,2
cyuka,2
bods,2
spāka,2
pruots,2
mēle,2
dūmoj,2
meiluma,2
dziļuma,2
okā,2
šmuks,2
rogovkys,2
ūtram,2
rogoukā,2
jaunatnis,2
audzynuotuoju,2
sabīdriskū,2
darbinīku,2
puorogri,2
myrušū,2
piļsātys,2
stuovūkli,2
aizstuovi,2
akteivs,2
pruovā,2
muižai,2
atbreivuots,2
vālī,2
cītuma,2
uzvarēja,2
piedejūs,2
miļzeigs,2
lyka,2
ceineitīs,2
palikt,2
turātīs,2
lingvists,2
apstuoklim,2
māru,2
nūtikšonu,2
fiziskuo,2
jugendstiļa,2
arhitekturu,2
misejis,2
koloneja,2
kleštori,2
albert,2
kienestē,2
napavaļdeiguos,2
byutuve,2
rūbežūs,2
mežaparkā,2
zamai,2
klimatu,2
gaisu,2
atejūšī,2
cikloni,2
vāsys,2
muokuļojis,2
syltys,2
bīžom,2
meikstūnem,2
izkreit,2
speid,2
kvadratkilometru,2
papyldomys,2
niulenejuos,2
atseviškys,2
reformu,2
apsadzeivuot,2
raibs,2
revoļucejom,2
ītakuoja,2
pīstuovu,2
baleta,2
doncuotuojs,2
berlins,2
sandis,2
satiriks,2
georgs,2
apvyds,2
katuoleibys,2
religiskuo,2
ribiniški,2
bruninīka,2
pabeidze,2
labvaleigi,2
boļševikim,2
zemgales,2
austrumu,2
sarānuots,2
kotlā,2
ancāna,2
vadeituo,2
robertu,2
kurzemes,2
izvasts,2
neištatē,2
international,2
piļdeja,2
pamatškolys,2
daguojumus,2
kopu,2
latgalīši,2
vydsškolai,2
ideografiskais,2
skaniejuma,2
baļsīņu,2
baļsīņus,2
vīnaidu,2
leidzaskani,2
pošskanim,2
japanīšu,2
etiopīšu,2
iņdīšu,2
atsateik,2
kleiņroksts,2
elamīšu,2
kiprīšu,2
bulgaru,2
azeja,2
varang,2
afrika,2
gvinejā,2
meņdis,2
kongys,2
amerika,2
rongo,2
indys,2
jūstā,2
muotaiņu,2
kruosuojums,2
jūsta,2
tāvaiņu,2
spūdrys,2
palāks,2
medņu,2
leluokys,2
rubyni,2
populaceja,2
šam,2
pasludynova,2
australejā,2
ivars,2
džeimss,2
edamaruku,2
emre,2
futbolists,2
milito,2
daņu,2
tradiceiguos,2
rādazineiba,2
vadeibys,2
zosna,2
ryuči,2
kompleksa,2
rezekne,2
izavej,2
nagļu,2
zamupe,2
mozuoks,2
atspaidu,2
sovrūčs,2
sk,2
muoksleigais,2
palaists,2
delta,2
inženerejis,2
taiseitivs,2
mrad,2
atvaigu,2
subjektu,2
tehniskuos,2
sariedīņs,2
salosa,2
grupu,2
sasaveicīņs,2
puortraukuma,2
signals,2
ītaisei,2
zini,2
nūsyuta,2
viersyuņu,2
īsavērt,2
jodazars,2
guļbeits,2
zyrga,2
audžu,2
sauleskalns,2
kompleksā,2
duorzs,2
statnis,2
apjamūt,2
breinumu,2
vīseitis,2
pošaugstuo,2
antarktidu,2
solsaimesteiba,2
eistynajam,2
vokalists,2
gitarists,2
melanholiskuo,2
pīstuovs,2
sedmenc,2
veļtejums,2
albums,2
españa,2
runojamuo,2
pasaplateja,2
speidynūs,2
dorūši,2
tūrņs,2
kruosā,2
sasamazynuojuse,2
senejais,2
puorsokys,2
krakovys,2
stefans,2
baginskis,2
religiskai,2
styglovys,2
pīzeits,2
daleiba,2
commonwealth,2
higher,2
education,2
africa,2
atsadareja,2
kolegeju,2
naskaitūt,2
izslyvušajā,2
park,2
kareibys,2
kursu,2
breiv,2
doktoranturys,2
skaitomi,2
still,2
one,2
institutions,2
afrikaner,2
have,2
or,2
over,2
fakuļteti,2
asūšajā,2
sistemuos,2
pastinīkserverī,2
pruotinīku,2
pruotinīkā,2
kaleņderī,2
svareigai,2
sadarynuot,2
suom,2
sātparāds,2
aizpeļnejamuo,2
dzeivuotovys,2
komforta,2
sīnupe,2
puorcālums,2
terezeja,2
broka,2
kordirigeņte,2
atdali,2
koledža,2
viersdirigeņte,2
tiervetē,2
vairs,2
tiervete,2
tiervetis,2
vītejū,2
realiska,2
dizains,2
türkiye,2
apmīreit,2
aizprosa,2
sūļus,2
laikam,2
centrālojā,2
saleņā,2
prīkšmati,2
ceļtnīceibu,2
ikdīnys,2
lāmums,2
svareigu,2
peliediņu,2
strigidae,2
pīzeime,2
medej,2
vak,2
rūbežā,2
korejā,2
lopsu,2
progressus,2
konstruēja,2
spuorna,2
pasaceļšonys,2
motora,2
irbitis,2
suocūtīs,2
sataisūt,2
garonys,2
dūbis,2
dūbe,2
gobolim,2
varakļuoni,2
demokratiskūs,2
referendumā,2
pījēme,2
tiemiejumus,2
slovonuokais,2
stypruok,2
nūcītynuotuos,2
vodūņs,2
zuoļu,2
navieleiguo,2
veiriškuos,2
saaugušu,2
runysvolūdā,2
veirīša,2
veiru,2
medicina,2
vareigi,2
dūt,2
gatavej,2
iņternets,2
pīraksteita,2
lītuotuoji,2
britannica,2
vysaidom,2
nikuo,2
breivai,2
kritiki,2
kritiku,2
rakstīņus,2
vikipedeju,2
profani,2
streideibys,2
vysaidus,2
autorim,2
kūpeigi,2
kūplasejums,2
vikiviesteitivu,2
susāju,2
tylta,2
volūdzineiba,2
repubļika,2
praņceju,2
šveicareju,2
dzyms,2
arhitekta,2
vizejis,2
afrikas,2
geografejis,2
versejā,2
bīžums,2
kuortas,2
vysbīžuok,2
divtik,2
brauna,2
sastata,2
tymūs,2
atbiļst,2
bīžuokī,2
svareigi,2
sadalejumu,2
dareits,2
pīmārs,2
main,2
if,2
temp,2
leluokai,2
divreiz,2
matematika,2
kuzmu,2
aizspīstumā,2
zemkūps,2
pīdovu,2
meita,2
komunikacejis,2
tcp,2
puorsyuteišonys,2
škīzna,2
sverige,2
stokholmys,2
impereja,2
skaņ,2
vīnkuoršai,2
īzeimuošonys,2
markēšonys,2
saturu,2
škūrsteitivim,2
dokumenta,2
naapzeimoj,2
xml,2
elementam,2
īkšpusē,2
elementa,2
nūklusātuos,2
span,2
color,2
font,2
malnys,2
taisnstūri,2
citu,2
atbolsta,2
xhtml,2
arhitektu,2
audio,2
nps,2
chis,2
islandfox,2
grey,2
story,2
saulismalis,2
ādaži,2
dzeivo,2
puorstaipteiklā,2
ncsa,2
mosaic,2
lītuošonys,2
uzjāmumu,2
nūsauce,2
netscape,2
komercialū,2
explorer,2
opera,2
chrome,2
webkit,2
android,2
prīkšu,2
atsagrīztu,2
lopā,2
škūrsteišonys,2
reload,2
stop,2
īraksteitu,2
search,2
veidus,2
vīnkuoršu,2
formatim,2
raudonā,2
vuoveru,2
grauzači,2
brīds,2
pūstuma,2
casvainis,2
pūstumaļņs,2
rogi,2
rangifer,2
caribou,2
human,2
hunting,2
thousand,2
year,2
long,2
last,2
show,2
zaļkts,2
čyuskys,2
kalba,2
polo,2
anseriformes,2
anas,2
konkretai,2
kompleksys,2
komunikaceju,2
saukta,2
īskaiteits,2
izškireiga,2
ūļneica,2
mežakačim,2
spolvu,2
ausu,2
strigiformes,2
zamaiļa,2
vuornu,2
paridae,2
bezdeleigu,2
zvierbuliņu,2
saimem,2
platysmurus,2
eisastis,2
thalassina,2
boltspuornu,2
old,2
ptilostomus,2
zavattariornis,2
insularis,2
tasmanicus,2
jaunzelandejis,2
klusuo,2
havaju,2
tropu,2
macrorhynchos,2
apkaklis,2
unicolor,2
cornix,2
corone,2
ruficollis,2
boltkoklu,2
sinaloae,2
raibuo,2
cyanopica,2
nana,2
gymnorhinus,2
platylophus,2
fuliginosa,2
palākuos,2
pseudhirundo,2
cheramoeca,2
gaišuo,2
karibu,2
white,2
andu,2
haplochelidon,2
neochelidon,2
raudgolvys,2
alopochelidon,2
boltreiklis,2
streipuotuo,2
nomā,2
stiļu,2
skanātu,2
dalinīki,2
folkloru,2
zynomi,2
jaunom,2
grupom,2
gerbi,2
pots,2
atvaiguots,2
radejums,2
spuornim,2
nūsacejumim,2
taisieja,2
svīstu,2
produkcejis,2
produkceji,2
veici,2
firmys,2
agrofirmys,2
čedars,2
stuņdē,2
produkceja,2
baltejā,2
laurinoviča,2
nadabeigta,2
mōkūni,2
sasavalk,2
apmekļiejuši,2
puovasti,2
puovuls,2
kleštornīki,2
cierkvi,2
slavanuo,2
dzeivuojamuos,2
pamatmasa,2
granits,2
saškierstuos,2
ronoj,2
praņciski,2
runojūšuos,2
paplateiti,2
apskaitim,2
komplekss,2
obejom,2
kalimaha,2
postmodernuos,2
jiems,2
darba,2
nūdrukavuoti,2
kvalitativai,2
pagrīzīni,2
tematikys,2
muokslyskuos,2
auteņtiskuos,2
postmodernizma,2
ingrida,2
cyskodu,2
valentins,2
luna,2
lakuga,2
vīgla,2
ironeja,2
izdadzynuota,2
soveigi,2
jimt,2
literaturzininīks,2
grads,2
vot,2
vēstnesis,2
grenlandejis,2
atjaunynuots,2
dūmuot,2
rudovys,2
centram,2
dzeidātovā,2
ziniskuo,2
pyrmskūlys,2
īstote,2
solsaimesteibu,2
pakaļpīņu,2
lelbritaneja,2
kon,2
konsepsjona,2
proviņcejis,2
concepción,2
kūkim,2
molom,2
augs,2
arhitekturā,2
izslivuo,2
madonys,2
muižinīki,2
kerbedza,2
atvede,2
kerbedzu,2
suoda,2
oporim,2
opori,2
jaunivis,2
soluoja,2
mežainis,2
osori,2
pededze,2
dataka,2
hānjis,2
vyrovys,2
pededzis,2
nūtece,2
skaļbi,2
aizaug,2
puorteciejuma,2
gekteri,2
konstitucionaluo,2
republiku,2
tradicionalū,2
jimta,2
planeta,2
dabeigs,2
paceļnīki,2
laikroksts,2
leldīņu,2
viļānūs,2
redaktore,2
klīdzēja,2
iztaiseita,2
jamhuri,2
kenya,2
svahilu,2
utc,2
keneju,2
goru,2
iņdustrejā,2
vītejais,2
sovam,2
jaunlaicinis,2
muorkaļnis,2
vaclaicinis,2
alsvikis,2
briedeņu,2
prīds,2
vierīniska,2
internatpamatskūla,2
vactiļžys,2
parapejom,2
kapiņu,2
jaunokrys,2
škoļnīku,2
atguoja,2
etniskī,2
nivīnys,2
mūrmastine,2
sorgojamuo,2
pelieča,2
aleksandris,2
likvidātuo,2
degļovys,2
noma,2
stirnīnis,2
muolkolna,2
lenina,2
barūkli,2
kuopurus,2
sver,2
dzeivisvītu,2
egļovys,2
zaļčupis,2
medņova,2
atzolys,2
pazamynuojumā,2
samārojūt,2
buorgs,2
ludumka,2
autoceli,2
cierpīne,2
vierteigs,2
pīdzimšonys,2
bazņeicis,2
aišpūru,2
apaļu,2
osyuns,2
suokuškolu,2
skuku,2
nauļānu,2
pūstine,2
baļbynovys,2
reformai,2
kelovys,2
república,2
karušs,2
krasnogorodskys,2
nesteru,2
ruskulovys,2
mežavydi,2
lima,2
wuliwya,2
suyu,2
isindebelu,2
luanda,2
josé,2
malgašu,2
kituba,2
tshiluba,2
kinšasa,2
pogolmu,2
sātmaļs,2
ūtrā,2
grafs,2
puškina,2
pilij,2
pūra,2
doļā,2
reformys,2
pīktais,2
siejamais,2
linum,2
vīngadeigs,2
kuots,2
krūņlopom,2
syltā,2
agrai,2
beidzuos,2
augšona,2
bryuna,2
dzaltona,2
pūgaļai,2
gotovys,2
šķīznu,2
apavis,2
dīgu,2
sausys,2
samolta,2
senejim,2
vilekī,2
mots,2
vaļdeibā,2
vyda,2
nominaluo,2
īkp,2
skraidnīks,2
jasmuižys,2
vuocīšim,2
īceļts,2
kamaņderi,2
paškierts,2
prīkšnīku,2
paaugstynuots,2
kandova,2
gareigojā,2
seminārā,2
vuiceibom,2
gazetys,2
dīvakolpuošonys,2
dybynuotuojs,2
parapejā,2
kapļovys,2
aleksandrova,2
kumbuļu,2
iudreišu,2
muiženīku,2
pundoru,2
vaļščuonu,2
politike,2
kaulenim,2
līsmeitis,2
gaļa,2
sokopuotus,2
kropus,2
pīterzuoli,2
cybuleišus,2
nūceļ,2
kauleņus,2
nūskrubynoj,2
virīnī,2
rapšu,2
piļdejumam,2
suoleitys,2
meikstys,2
pluocineišus,2
vyducī,2
kapcātu,2
puorkaisa,2
viļojūt,2
rutuleišus,2
vardpūdeņā,2
putu,2
pastota,2
sacap,2
kuopustus,2
atsaldātu,2
saladuka,2
sadīdzej,2
rupai,2
pabīzs,2
vyrums,2
keiseļam,2
marmeladam,2
vīņ,2
soldona,2
garža,2
rupu,2
sīnama,2
salynōt,2
aplīt,2
īsolu,2
vardušu,2
kubulā,2
izškeist,2
īsolā,2
samoltus,2
gleizdynuotus,2
vardūšā,2
sabīzēs,2
bļūdōs,2
škeivūs,2
aplejūt,2
škēlis,2
styngrys,2
pajimt,2
recepta,2
atsaldātys,2
sagryuž,2
svīžu,2
aizlejā,2
ryuguļa,2
mīlis,2
sodys,2
brangai,2
dabuotajai,2
masai,2
izviļoj,2
rombenim,2
samārc,2
pypyrim,2
zornuos,2
lapeņom,2
škeistumu,2
bīzai,2
peteļnē,2
lašiņs,2
mynoti,2
sokumenim,2
madu,2
traukā,2
siļči,2
palākys,2
bļūdeņā,2
izškeidynoj,2
litrī,2
stakaņs,2
kaņapu,2
damest,2
mīžu,2
apgrudynuot,2
myzu,2
izvyrtys,2
nūmīdz,2
samoltu,2
oknys,2
komu,2
izlīk,2
mizeņa,2
mizeņu,2
zamoškā,2
plotom,2
īlej,2
gūvs,2
sarja,2
drysys,2
rāznovys,2
panejis,2
teļa,2
soma,2
apjimtu,2
kurymūs,2
somu,2
kaunota,2
kaunotā,2
stoļerovys,2
rundēnu,2
antropovas,2
tajā,2
viršu,2
kolhoza,2
jaunuli,2
kūkūs,2
cīceris,2
radazms,2
buobu,2
veips,2
olimpiskū,2
fridriha,2
apkolpoj,2
pūdarneica,2
ļaudūnis,2
pyrmaškoliņs,2
varīši,2
medni,2
koledžys,2
mozuoki,2
sakrytys,2
rimeicānu,2
rūžupe,2
sutri,2
sylovys,2
arhitekts,2
pundamenta,2
nalelā,2
kira,2
nīdrupeite,2
bušma,2
upmalē,2
semanova,2
kristeigojā,2
pasauļī,2
datorlingvistika,2
sorma,2
viersys,2
krystalu,2
ūtratik,2
stacejā,2
apkolpa,2
viļcīni,2
dubno,2
giņtis,2
saskim,2
jiursoluos,2
saska,2
bryuns,2
vaiga,2
osu,2
dzeiveibu,2
īnaidnīki,2
jaunguļbinis,2
tirzys,2
trapinis,2
vyrešu,2
drabešu,2
pīsacejumam,2
viktors,2
luoseica,2
sanktpeterburga,2
greivā,2
leningrada,2
pīterpilīšu,2
ūstys,2
saukti,2
zvīdrejis,2
periodika,2
pīterpili,2
blokadys,2
goreigais,2
zaļvis,2
piļkaļnis,2
mozzaļvis,2
skaiteituoju,2
imperatoriskū,2
ļaudeibai,2
katre,2
prospektā,2
sagatavēja,2
olūteņš,2
novosibirskā,2
bite,2
nacionalajā,2
vuiceišonys,2
tehnikums,2
pīraksteituos,2
sastateituos,2
mōceibas,2
grōmota,2
novosibirsks,2
ortografisku,2
vyngrynōjumu,2
gromota,2
latgališu,2
eisuli,2
tulkoja,2
porstrodoja,2
sakūpōja,2
tulkōja,2
kūrzemi,2
demoina,2
azarim,2
asars,2
kupra,2
teļu,2
puosmys,2
pīslaiti,2
pagrīztu,2
leikumojuos,2
meandru,2
meandra,2
straumem,2
sausīnis,2
strukturai,2
denudativuos,2
akumuļativuos,2
birzgaļa,2
spuorni,2
seiļu,2
romas,2
grafa,2
azarmali,2
akvinu,2
auguste,2
zu,2
bell,2
pasauce,2
domopolis,2
benislovys,2
golvoru,2
osudaru,2
ignatovys,2
iskrys,2
subtropu,2
skraida,2
grauž,2
pošlelī,2
skaistvabaļu,2
puorsameišona,2
zurzu,2
sleinovys,2
gaveiki,2
ņukši,2
gaveikys,2
egluoju,2
komunars,2
tymuļu,2
kušneri,2
raipole,2
vonogi,2
reikle,2
jūsleņa,2
kryutežys,2
baļteju,2
vysaižus,2
vacatis,2
rancānu,2
mateišu,2
volmīrys,2
staicelis,2
daudzesis,2
secis,2
staburoga,2
sunākstys,2
prūdis,2
šederis,2
pālis,2
umurgys,2
vydryžu,2
vilkinis,2
jaunolyuksnys,2
ipika,2
suomiskai,2
aizsuocieju,2
veiskupu,2
uralīšu,2
līpys,2
mārsnānu,2
komunalsaimisteiba,2
vasalovys,2
raunys,2
padaleja,2
holandīšu,2
kapeņu,2
kruoceitis,2
sešu,2
ohotys,2
pīdareiga,2
damāruoti,2
smierti,2
izvede,2
poguonu,2
liturgeja,2
catūrtdīnē,2
pīktdīnē,2
svietejama,2
ticeigūs,2
rituala,2
atīšona,2
grākus,2
pacelšonys,2
franapolis,2
jaseņcu,2
ozupinis,2
akašu,2
josku,2
lebedinca,2
narcissus,2
skaistu,2
curitiba,2
geological,2
plīkšņus,2
plīkšnim,2
nūsādplīkšnim,2
nūsādplīkšņu,2
efuzivī,2
magma,2
kristalizejās,2
aiztuo,2
izalikalejūt,2
klastiskajom,2
organiskajai,2
lītnai,2
kimiskajom,2
evaporitim,2
izalikaliešonys,2
sapluokšt,2
cemeņtejās,2
diagenezi,2
spīdīņa,2
nūsagloboj,2
stulpa,2
styura,2
daskaita,2
nūsaglobuotuoju,2
daskrīt,2
aluco,2
uralensis,2
ciļti,2
fibt,2
bezsvors,2
stāte,2
lītyns,2
svora,2
padreizīņs,2
orbitā,2
gaisšonu,2
kosmiskū,2
vks,2
bruocānu,2
semanovā,2
kanguru,2
babeitis,2
alšvangys,2
haidna,2
vārsna,2
brüderlich,2
bis,2
frauen,2
treue,2
wein,2
sang,2
einigkeit,2
recht,2
freiheit,2
vaterland,2
glückes,2
pastuovēje,2
ordeņs,2
suicide,2
river,2
activist,2
men,2
oda,2
prīcai,2
instrumentalais,2
viļcīņu,2
peso,2
desmitēs,2
vasarneicu,2
pluociņa,2
vydsguļānūs,2
rajons,2
paguļāni,2
uļmana,2
vīnaiduošonys,2
pļatera,2
sasprīde,2
dzeideibys,2
sovuma,2
gektaru,2
vinu,2
nasabeidz,2
plotuma,2
vytrūps,2
vytrūpa,2
bļūdkauli,2
vysušauruokuo,2
anatomeja,2
puponys,2
gūrņu,2
apleikmāru,2
woman,2
sīviškuos,2
puļvierņs,2
beznūteciejuma,2
īriedeits,2
šyuneica,2
song,2
šiprage,2
maplandia,2
steiguom,2
king,2
ķīnīšu,2
azejys,2
festivals,2
uzastuoja,2
green,2
festivala,2
izgleiteiba,2
paleigškola,2
maltā,2
īlā,2
bazneicai,2
āka,2
bōriņu,2
sanatorijas,2
audzēkni,2
specialaja,2
mozōkumtauteibu,2
mozōkomtauteibu,2
izstrōdōjumu,2
puļceņi,2
rūkdorbu,2
ņam,2
taiseišonas,2
svyn,2
pasōkumus,2
krīvijā,2
youtube,2
edirne,2
monteagjla,2
fransua,2
neapoļī,2
glaznys,2
īraudzeit,2
ceļtnys,2
onkuļs,2
terskis,2
vladimirs,2
aļeksandrs,2
biuvnīceibys,2
brigadīrs,2
potapovs,2
atveiduotuojs,2
oļegs,2
karjera,2
maratons,2
dza,2
venecejis,2
kinofestivalā,2
studejā,2
suokums,2
skateituoju,2
lūma,2
čuhraja,2
nimfenburgys,2
stila,2
tulkuojumā,2
jozefa,2
efnera,2
projektāts,2
kuorļa,2
sangreku,2
sauļis,2
vairuokus,2
versaļis,2
ustubu,2
interjers,2
elementim,2
vairuokuos,2
golma,2
cauri,2
bavarīšu,2
uzduovinova,2
bavāreju,2
pirmuo,2
nūdeve,2
augstmaņs,2
garibaļds,2
hronikuos,2
karolingu,2
ļelais,2
dzymtai,2
nūstiprinuot,2
nūpalnim,2
reformācejis,2
faļcys,2
frīdriķs,2
karaļistys,2
gabsburgu,2
dzymtu,2
īmaslu,2
treisdesmitgodu,2
saglobuot,2
saglobova,2
gabsburgim,2
pateiceibā,2
atjāme,2
titulus,2
frīdriķam,2
duovoja,2
eļektoratu,2
uzvora,2
austrīšim,2
labvieļeiga,2
eksistenci,2
atbolstu,2
vaļdnīkim,2
augstuokus,2
statusus,2
krūnēt,2
veida,2
gadejumā,2
juopaļeidz,2
praņcejai,2
sasnīdz,2
pot,2
kuortejs,2
miļļers,2
fiļips,2
milljonim,2
tais,2
ordeņa,2
pirmūreiz,2
aptuveni,2
metrus,2
kusa,2
miļzeigi,2
interesanti,2
slavynuots,2
tykai,2
valdnīku,2
teodo,2
kristeits,2
pozīcejis,2
zaudēt,2
naatkareibu,2
karaļam,2
pūsmā,2
dzymšonys,2
piecteci,2
karaļim,2
napoļeonu,2
naatkareiba,2
ļelgercogistis,2
karaļistī,2
uzcalta,2
spīsts,2
koraspāka,2
apspīsta,2
cīņeituojs,2
pasiutejuma,2
myusdīnuos,2
herenkimzī,2
izzust,2
pabeigta,2
svietņeica,2
apmekļej,2
gjodollo,2
vengrejā,2
imperatoris,2
draugim,2
atzeits,2
feimaņi,2
mynāti,2
daudzys,2
atbolsteituojs,2
pourguoja,2
paguonu,2
kristīteibu,2
ekspanseju,2
guva,2
nazaverūt,2
mindaugs,2
bonaparts,2
revoļucejis,2
nūzeimeigys,2
jauneibys,2
korsikā,2
di,2
izceļsmis,2
korsikys,2
akademeju,2
briennā,2
ļe,2
šato,2
zemgaļis,2
uzvoru,2
nuocuos,2
trešuos,2
pīderēje,2
impēreju,2
praņcejā,2
žaņs,2
antuans,2
vato,2
muoksla,2
sicīlejis,2
sicīleju,2
ylga,2
zinuomuokajim,2
sobeska,2
saksonejis,2
jonas,2
gruomoteņa,2
veseļeibys,2
pīļeidzinuots,2
autrimps,2
neptunam,2
ciļme,2
nagaisu,2
bangpyuti,2
buordaits,2
pazemis,2
hronists,2
patuls,2
jaunīts,2
milj,2
videvuta,2
korūgā,2
vāsturnīks,2
pekkoļs,2
patols,2
augu,2
jons,2
pretstateits,2
ūkapyrma,2
pārkiuņs,2
piļveits,2
svaikstiķs,2
ūkapyrms,2
mihaļs,2
naizadeve,2
zaudēje,2
kazaku,2
kazaki,2
pīdzyms,2
berļina,2
dostojevskis,2
gryuteibu,2
devēs,2
natuolu,2
kasdīna,2
grupas,2
kolektīvs,2
your,2
hands,2
air,2
mozaļbums,2
call,2
blood,2
george,2
aizpute,2
dzeļtenis,2
japaņu,2
čedžu,2
gruzejis,2
carpenters,2
ride,2
close,2
then,2
hush,2
christmas,2
made,2
days,2
goodbye,2
yesterday,2
once,2
doors,2
voices,2
full,2
prayer,2
soul,2
band,2
let,2
re,2
gone,2
album,2
boten,2
don,2
walk,2
morning,2
burn,2
ain,2
lies,2
cut,2
ring,2
con,2
siempre,2
uogrys,2
kuolkysroga,2
tecīņā,2
centrisu,2
dundaga,2
ruoja,2
ūlainis,2
mārsrogs,2
deivids,2
vudards,2
st,2
maiden,2
son,2
dark,2
book,2
souls,2
metallica,2
moon,2
wish,2
were,2
perfect,2
rapture,2
what,2
heaven,2
through,2
door,2
birmingham,2
cross,2
innocent,2
driven,2
living,2
sin,2
faith,2
down,2
metal,2
power,2
seven,2
cream,2
familiar,2
millions,2
sleep,2
hammersmith,2
than,2
cure,2
siouxsie,2
banshees,2
upon,2
singles,2
kalenderam,1
dasagrīzšona,1
svātajam,1
kūkam,1
līpai,1
izaglobuojuse,1
vilnē,1
hilzena,1
inflanty,1
izdrukavuoti,1
evangelia,1
toto,1
evaņgeleji,1
plaši,1
bazneicuos,1
normativais,1
paraugs,1
kruoslovu,1
atsaucami,1
lacaristi,1
goreigajam,1
seminaram,1
stotoma,1
sagatavādams,1
bazneickungus,1
seminarejā,1
puortaiseita,1
teologejys,1
bazneickungim,1
sagatavēt,1
tituls,1
daleišonys,1
pasastyprynoj,1
sadordaļu,1
izlaista,1
vyssa,1
mocieyba,1
katoliszka,1
vierteiga,1
macilevičs,1
pawujciejszonys,1
atceļama,1
dzimteiba,1
gustava,1
manteifeļa,1
bunta,1
drukavuošona,1
rateņa,1
dīvakolpuojumu,1
izdrukavuots,1
platere,1
likvidātys,1
styprynojās,1
puorkrīvuošona,1
smeļtera,1
izlaseite,1
raksteibā,1
gubu,1
istodišonys,1
sapuļcys,1
sēdē,1
apsprīsšona,1
fraņca,1
prīšklykumu,1
panta,1
apgabalā,1
skateita,1
vītruna,1
balsoj,1
blokej,1
shqipëria,1
shqipërisë,1
adrejis,1
jonejis,1
kosovu,1
malnkalneju,1
grekeju,1
zīmeļmakedoneju,1
gruomateiba,1
grāmatniecība,1
naprosūt,1
neprasot,1
atļauju,1
svuorstejs,1
klekeri,1
limani,1
pīraksteitajā,1
raksteituojs,1
kolaceja,1
algorithm,1
alfabetisku,1
kūpys,1
pīraksteiti,1
nazkaidā,1
baļsteitīs,1
svareiguoks,1
matematiskai,1
vīnkuoršs,1
juoatsarūn,1
leksikografu,1
izplateitī,1
metodi,1
jemt,1
vydslaikim,1
simboli,1
simbolim,1
atškireigys,1
leksikografejā,1
sovumvuordus,1
proper,1
noun,1
abbreviation,1
nazkas,1
suga,1
nasamaina,1
pasaukuos,1
īmesļa,1
dēļ,1
sūļu,1
atškireiba,1
prīšku,1
burts,1
sastateits,1
sprostū,1
skaņu,1
metatoneju,1
roksteits,1
daudzskaitļa,1
vīnskaitļa,1
leksikografi,1
prūtams,1
sekundarū,1
alfabetiskajā,1
parādā,1
sūds,1
vīnaiduošonu,1
primarū,1
āā,1
ēē,1
ūū,1
abava,1
akā,1
akys,1
leidzskani,1
cc,1
čč,1
ļļ,1
atškirami,1
pyrmiejā,1
sekundarajā,1
īvāroj,1
naatsaškir,1
terciaruo,1
sygys,1
lītvuords,1
pavuordes,1
nūsaukuma,1
līkami,1
parādavuošana,1
ää,1
oo,1
öö,1
üü,1
sekudaruos,1
primaruos,1
najem,1
abele,1
volūdnīceibā,1
nūder,1
vīnaidom,1
golūtnem,1
vīnaidim,1
pīdēklim,1
nominativā,1
izskane,1
eiba,1
komentūs,1
piedējī,1
šūgod,1
divdaba,1
naatsagrīž,1
kaba,1
juopīgrīž,1
atrībeiba,1
jebkod,1
atgrīž,1
apsasprīž,1
sadarbeiba,1
apguož,1
īdarbeiba,1
nūlauž,1
vardarbeiba,1
snauž,1
bezdarbeiba,1
taitod,1
izapauž,1
seceiba,1
dzērd,1
juoizapauž,1
garlaiceiba,1
raud,1
īgryuž,1
reiceiba,1
atgryuž,1
nadūd,1
secynuojumi,1
morfologiskuo,1
boguoteiba,1
lūcejumi,1
puormaina,1
galūtnis,1
patskani,1
mainuos,1
radnīceigu,1
nanūsaceibu,1
nazyn,1
eipateibu,1
juomeklej,1
ra,1
logiski,1
parādavuot,1
arabim,1
najemt,1
patskanus,1
juopīcīš,1
navarim,1
dūmuošonys,1
puorjemt,1
patskanu,1
sovpateigys,1
datorizaceja,1
daguojuse,1
kolacejis,1
algoritmim,1
atšķireibys,1
eisajim,1
garajim,1
juoroksta,1
godadīna,1
obadvieju,1
ābļavuot,1
ēvelēt,1
ciļpeņš,1
styprs,1
stiprinīks,1
īmeslim,1
franču,1
rulebasedcollator,1
algoritmus,1
lokalizaceju,1
aloizs,1
broks,1
religiskais,1
studejs,1
teologeju,1
vienā,1
inspektors,1
pedagogisku,1
nūvasts,1
štuthofa,1
koņcentracejis,1
nūmetnes,1
tuoluokais,1
nūlicīņs,1
nazynoms,1
originala,1
svātī,1
īstuodejums,1
evaņgelejs,1
apokalipse,1
aluviskuos,1
aluvejs,1
alluvius,1
alluere,1
skoluot,1
skoluotīs,1
alūvijs,1
upmolu,1
puornosoj,1
laiceigys,1
straujis,1
lejuos,1
principado,1
principauté,1
andorre,1
dekabris,1
diplomats,1
odesā,1
januarijs,1
farmaceits,1
piļsātā,1
īsuoca,1
juridiskajā,1
fakultatē,1
izslāgts,1
namīrūs,1
socialdemokratiskajā,1
struodnīku,1
ksdsp,1
meņševiks,1
revolucejas,1
apcītynuots,1
bailovskys,1
īsapazina,1
josifu,1
staļinu,1
universitati,1
sasagotovūt,1
profesora,1
omotam,1
turīnis,1
izraideits,1
politiski,1
nauzticams,1
pasnīdze,1
privatā,1
nūsadarbuoja,1
advokaturu,1
pazeistamā,1
advokata,1
maļantoviča,1
jakimanskys,1
milicejis,1
omotā,1
paraksteja,1
reikūjumu,1
arestam,1
gadejumam,1
pasaruodeitu,1
pagaidu,1
ļeņinu,1
spīgu,1
komunistiskajuo,1
pārtikys,1
voldā,1
profeesors,1
iņstitutā,1
prokurors,1
rektors,1
generalprokuroru,1
safabricātajuos,1
šahtinskys,1
prompartijys,1
politiskajūs,1
politiskū,1
nažeileigu,1
retoriku,1
nūbeigumā,1
pazeistamū,1
frazi,1
aptrakušūs,1
suņus,1
pīprasu,1
nūšaut,1
pīsavīnuošonu,1
ultimata,1
atcēle,1
omota,1
naatkareiguos,1
ulmani,1
saeimys,1
ībolsūšonys,1
farsu,1
nirnbergys,1
prīkšsādātuoja,1
komisara,1
akademikis,1
nuoves,1
pastuoveigais,1
fraņču,1
tīseibzineibā,1
višinskys,1
izstruoduoja,1
likumiskū,1
pomotu,1
kriminalū,1
reiku,1
teoreja,1
justicejā,1
premeju,1
sistemai,1
višinskim,1
pīroksta,1
apsyudzātuo,1
atsazeišona,1
zynuotniskajā,1
citaiž,1
vaineiguo,1
atsazeišonai,1
praksē,1
trockistu,1
buharinīšu,1
venon,1
transkripts,1
spīga,1
algiers,1
hiss,1
syutejums,1
pošjaunī,1
kalnačs,1
aprakstīņu,1
mozaika,1
poezeja,1
drukavuota,1
ludzas,1
zaļmuižas,1
kuorklinīku,1
kopsātā,1
literuots,1
gruomotnīks,1
pīdzymst,1
dzimtcylvāku,1
meikuļa,1
johannas,1
nūmierst,1
pusbruoļs,1
pusmuosa,1
patāvs,1
naīrauga,1
sadaleita,1
hektaru,1
patstuoveigas,1
zuzannu,1
meikstumu,1
tīm,1
myruši,1
mozūtnē,1
krits,1
varšavys,1
dīnieja,1
flotē,1
syuteits,1
apspīsšonai,1
puorguojis,1
revolucionaru,1
tīsuots,1
siediejs,1
opočkas,1
saslymst,1
dylūni,1
izidors,1
pazudušuo,1
septeņpadsmit,1
grybu,1
dūdās,1
pīterburgu,1
napateikamu,1
tauteibas,1
piļsātneicu,1
mantoj,1
johanna,1
franciška,1
īsaprecieja,1
tyvuokā,1
izveidoj,1
kuplys,1
klaušu,1
klaušuos,1
pīredziejs,1
breivlaisšonu,1
dzimtnīceibys,1
skūluos,1
skaitēt,1
rakstēt,1
īsavuiciejs,1
gonūs,1
īdams,1
ūgli,1
tuoss,1
zeimiejs,1
drukavuotūs,1
vīnkuoršuojūt,1
palīcūt,1
sleipuok,1
raksteišonai,1
atrodums,1
tuoļuokū,1
izgleiteibu,1
smielīs,1
avīzem,1
īsamuocejs,1
veidā,1
redzis,1
plašuoku,1
saimnīks,1
kuorteigs,1
teireibu,1
prats,1
peit,1
peitiņus,1
kūpe,1
bitis,1
struoduodams,1
magazejas,1
klēts,1
napatīsi,1
zagšonā,1
pavadejs,1
dzeivisprīcu,1
nazaudieja,1
atainuots,1
dzejūlī,1
žarāna,1
brīsme,1
muzikāls,1
tenors,1
cīneits,1
dzīduošonu,1
pīsadaliejs,1
skūluotūs,1
reikuotajā,1
izruodē,1
prata,1
spielēt,1
zemnīks,1
puorpyulē,1
raksteidams,1
skola,1
gaismenis,1
petrolejis,1
lampys,1
sabeidza,1
gaismi,1
nadaudz,1
redziet,1
izidora,1
kaitejūt,1
gumejis,1
bumbeņu,1
najauši,1
īsyta,1
redzi,1
pavysam,1
oklys,1
devīņs,1
literariskuo,1
ražena,1
originaldorbus,1
tulkuoja,1
atdzejuoja,1
vuoce,1
gudreibu,1
bīzus,1
siejumus,1
formata,1
aptvēre,1
puslopu,1
kotra,1
kūpsummā,1
puslopys,1
saskaitūt,1
saglobuotuos,1
fragmentus,1
nūruodeituos,1
prozu,1
kalendari,1
sokomvuordu,1
aforismu,1
religiskim,1
lyugsnys,1
uzrunys,1
stuosteni,1
nanūskaidrojamu,1
tulkuojumu,1
siejums,1
ziniska,1
praktiska,1
vuordneica,1
uorstnīceibys,1
īpašu,1
peļnej,1
sastuodeitais,1
myužeigais,1
kalinders,1
padūmim,1
kotrai,1
nūvacuojis,1
uzskateit,1
litararuo,1
enciklopediska,1
poetiska,1
folkloriska,1
vīla,1
jimts,1
pyura,1
precīzu,1
sadaga,1
guņsgrākā,1
bukša,1
viestures,1
nūdedzis,1
velkmes,1
dekans,1
muoja,1
nūdaguse,1
korespondents,1
syuteidams,1
aforismus,1
stuosteņus,1
materialus,1
aprokstus,1
īsyutiejumus,1
publicieja,1
kalendarūs,1
ītylpa,1
dziesminieki,1
rūkrokstu,1
mantuojums,1
nūzeimeiguokais,1
ītvarta,1
gruomotūs,1
teira,1
pījaukumim,1
krūpļainom,1
konsekventa,1
izturāti,1
principi,1
fonetiska,1
morfologiska,1
seikstumam,1
ceiņai,1
iztureibai,1
uzvarai,1
teiši,1
drukuotuo,1
napīcīšameibai,1
juones,1
īmantuojs,1
gūdpylnu,1
prometeja,1
jūrdžam,1
veiduotajā,1
pīminieklī,1
jauneklis,1
pacaltā,1
nes,1
guni,1
izmantuotuo,1
vl,1
klekere,1
limane,1
andriva,1
dzīve,1
veikums,1
gorkeja,1
programātuoju,1
infomacejis,1
skaitļuošonys,1
centrī,1
ekonomisti,1
tec,1
laistivis,1
literariskuos,1
atseviškim,1
dzeivulim,1
dzīduoja,1
buora,1
dziedāja,1
bāra,1
bērni,1
pobedu,1
komunizma,1
dec,1
lyugšona,1
lūgšana,1
mājai,1
pīktdīne,1
piektdiena,1
advents,1
advente,1
azilyugšona,1
svētdiena,1
kolpyuneite,1
kalponīte,1
zeimes,1
zīmes,1
puorlykumi,1
dvēseliskums,1
reminisceņceju,1
izlītuojums,1
dvēseliskajom,1
mīleibai,1
saprasmei,1
ciļveiceigumam,1
patriotismam,1
lasejumim,1
karaktereigs,1
seviškys,1
smolkums,1
vydumyskuma,1
apzeimejūši,1
dzeivuļūs,1
spīgeļs,1
jutūņu,1
atspeidīņs,1
mieginuojumi,1
dramaturgejā,1
mistereja,1
francs,1
francis,1
terezys,1
dzeives,1
dvieselis,1
kādas,1
stāsts,1
dramatiziejums,1
scenareja,1
autorem,1
dokumentalajai,1
filmai,1
vizeiti,1
izmontuotais,1
cykls,1
kruojumā,1
sarakstiejuse,1
libretu,1
pyrmajai,1
operai,1
tāvuzeme,1
komponiste,1
svilpe,1
dzīsmu,1
izmontuojuši,1
arne,1
rutmanis,1
dažu,1
izpildeituoju,1
muzikā,1
tranzīts,1
nanuocit,1
vaikule,1
skaidra,1
naoficaluo,1
apbolvuojumi,1
ed,1
juliana,1
kardinala,1
vaivoda,1
aspazejys,1
gūdolga,1
manuskriptu,1
portala,1
saruna,1
dzejnīci,1
žurnalisti,1
jyusu,1
gimenis,1
saskaņa,1
sirdsapziņu,1
mēs,1
bijām,1
zāle,1
nomin,1
celsimies,1
spārnos,1
ticība,1
spārni,1
rokstat,1
nūslāgumā,1
velteits,1
vizeitei,1
tycot,1
breivvaļsts,1
politikis,1
goreidznīks,1
tycu,1
pīsavīnojūs,1
breids,1
gluži,1
pieckora,1
izdzeivuoja,1
cv,1
tovā,1
sajiuta,1
napījem,1
uzspīž,1
nagrybu,1
reizem,1
besakūka,1
ļilovuo,1
skumeigūs,1
griecinīku,1
naaizmiersšu,1
tovs,1
veira,1
karjerys,1
mož,1
zyls,1
gaiss,1
dabasi,1
byutiskuokuos,1
kūplasejumūs,1
ūdenī,1
vācu,1
zēhauza,1
afanasjeva,1
annas,1
vējāns,1
rakstu,1
sprīdītis,1
sylovā,1
dialektologeju,1
janinu,1
kūrseiti,1
sastatejuse,1
eisys,1
piecrunuos,1
rupainis,1
pūrišķu,1
lakrosā,1
viskonsinā,1
urna,1
palnim,1
puorapbedeita,1
puorabedeits,1
sūļi,1
vingrinuoti,1
sādžys,1
muojenā,1
dūbumainuo,1
klūna,1
nīvojamais,1
sekuoja,1
kamār,1
uzveiču,1
sovym,1
spākim,1
tuopiec,1
vēlētīs,1
trenētīs,1
īkuorēs,1
pīpildamis,1
osorom,1
valdzāts,1
syurā,1
naatlaideibā,1
griuteibom,1
izlamts,1
augstskūlai,1
vajadzēje,1
bruolu,1
trauksmys,1
napaliktu,1
pusceļā,1
šķieršļym,1
aizsprūstuotais,1
dīzgon,1
spieceigu,1
atzinu,1
dereigam,1
nadūmuot,1
gaitom,1
īgiutuos,1
zinuošonys,1
šūboltdīn,1
jyutūs,1
zvārinuots,1
orūds,1
vysmīļuokuo,1
atgiustu,1
navin,1
bierneibu,1
jauneibu,1
īpatikās,1
pusaudža,1
uzastuotīs,1
pamatskūlys,1
sareikuojumūs,1
nūpītneibā,1
pīsavērstīs,1
īvasta,1
obligatuo,1
studeja,1
prīkšmets,1
pirmūs,1
patosa,1
segleņa,1
šytom,1
studejom,1
tiku,1
muocejīs,1
zaltmota,1
koriģēje,1
dikceju,1
feldmaņa,1
liugumu,1
gatavuoja,1
mani,1
amatam,1
šitajā,1
nūliukā,1
apmeklieju,1
slavenū,1
čehova,1
gromova,1
reikuotū,1
konservatorejā,1
cīneit,1
nūpītneibu,1
analizēt,1
dramatiskūs,1
ījustīs,1
draudzys,1
centrālbīdreiba,1
bārzgalē,1
ģimnazejā,1
redakcejys,1
pīturys,1
simtu,1
nūdaļom,1
bīdrym,1
plašuokuo,1
organizāceja,1
latgalē,1
izsieju,1
spākus,1
uzņiemūs,1
kūri,1
īgiutu,1
liluoku,1
mudinuoju,1
organizāceju,1
reikuot,1
estrādys,1
stuovēje,1
dzīduotuoju,1
suleigom,1
balsim,1
regulari,1
tāluojumus,1
skicis,1
periodiskajūs,1
apspīž,1
skolas,1
īspīstī,1
mōkūneits,1
puornūvoda,1
sadzeivis,1
luga,1
laikmetu,1
maiņā,1
komedejis,1
muokslinīciski,1
naizstruodotys,1
popularys,1
vairuokkuort,1
īstudātys,1
izruodeituos,1
teātris,1
teātra,1
sasaglobuojušuos,1
atpūta,1
publicāts,1
nūzeimeigs,1
plašs,1
viduslaikim,1
dominikaņu,1
klūstera,1
pazuduši,1
humoristiski,1
emigrejs,1
biegļu,1
gaituos,1
vyspyrms,1
nūnuocs,1
altetingā,1
nūmetnē,1
neuetingā,1
pamatskūlis,1
varganists,1
puorsaceļ,1
pajumti,1
klūsterī,1
sentpolā,1
minesotā,1
panuokumim,1
atsevišķūs,1
leluokajā,1
viesturiska,1
lugā,1
izmontuots,1
trilogejā,1
poļu,1
dumpis,1
pusnaktī,1
pēteris,1
miglenieks,1
minhenē,1
dzeivōt,1
napabeigts,1
rekviēms,1
tāluotys,1
stuostā,1
skūlōtōja,1
romanā,1
sōļs,1
ironisks,1
ulmaņlaika,1
īkšpolitikys,1
veiduošanūs,1
tragiskumu,1
tragikomiku,1
sabīdreibā,1
zynuotnīku,1
izraiseja,1
pietejums,1
atteisteibu,1
melngailis,1
reinholde,1
iznuocs,1
nūvodpietnīceibys,1
apskotama,1
pastuoveigo,1
ekspoziceja,1
ivāruojamuo,1
skolotājs,1
stabiņu,1
kepīts,1
vīntūļs,1
symtgadei,1
maiņa,1
dzimtā,1
jaunā,1
trimdys,1
izdūtī,1
divuos,1
dzeivot,1
soļs,1
drāma,1
monografeja,1
skoti,1
mini,1
gruomateņa,1
dažim,1
katalogā,1
īkļautys,1
dūbeļa,1
trilogeja,1
literaturzynuotneicys,1
paulīnis,1
zalānis,1
guodeibu,1
rupaini,1
komisma,1
izdevniecība,1
veseleiga,1
ekologiska,1
sveša,1
sorguošona,1
ryupaste,1
izglobuošonu,1
atjaunynuošonu,1
palobuošonu,1
sorguot,1
teirejūt,1
atjaunynojūt,1
populacejis,1
puordorūt,1
palīkus,1
atsateikūšu,1
lykumi,1
aprūbežoj,1
napaļaun,1
politisku,1
