word,count
dari,185888
ko,135691
nan,127097
asteroid,125823
adolah,114828
langau,108354
dan,94231
spesies,87663
marupokan,85867
di,85595
bagian,80982
juo,76982
famili,70627
ordo,68919
rujuakan,68363
iko,65099
filum,64940
animalia,63775
arthropoda,63412
kingdom,63408
insecta,62509
kelas,51835
matoari,47203
diptera,47193
kayu,46129
cerambycidae,46068
nebula,44369
sabuah,39820
biasonyo,39625
untuak,39373
planet,33068
dapek,32908
dalam,32754
kumbang,30714
pado,30570
database,28003
dek,27251
ditamukan,26677
sacaro,25679
planetesimal,25474
ataupun,24515
sabagai,24066
lua,24031
pautan,23931
manjadi,23856
gadang,23695
indak,23587
sarupo,23417
tabantuak,23299
kasaluruahan,23289
pambantuakan,23288
primordial,23282
mudo,21177
cukuik,21131
barubah,21109
pacahan,21091
sasuatu,21091
panjang,20203
larva,20190
hiduik,18785
talatak,18656
ka,16231
inyo,15763
mai,15644
disabuik,15541
batang,15498
kapalo,15472
tanggal,15457
laweh,15449
biaso,15407
lah,15406
the,15377
catatan,15364
kaki,15364
titan,15363
karusakan,15362
manyebabkan,15361
tanduak,15360
kalas,15360
bunda,15358
coleoptera,15356
panggerek,15356
manggerek,15356
ditabang,15356
tavakilian,15356
dima,15335
jo,15101
samantaro,14422
sabuak,14292
referensi,13509
lawah,12753
yupiter,12293
dewasa,12259
orbit,11588
limoniidae,10608
world,10459
tachinidae,10234
tagolong,10153
taun,10151
utamo,10061
tampek,9866
lambok,9714
socorro,9653
linear,9652
jpl,9421
namo,9350
minor,9227
porifera,9182
semi,9150
parairan,9143
habitatnyo,9138
paraiaran,9138
kali,9042
ilmiah,8965
small,8904
body,8902
browser,8902
genus,8819
daftar,8817
sagadang,8660
international,8650
tacatat,8644
center,8641
magnitudo,8639
eksentrisitas,8638
mutlaknyo,8638
union,8631
astronomical,8620
muscidae,7989
tingga,7572
spons,7480
asilidae,7343
punyo,7316
dakek,7295
troya,7153
apollo,7114
makanan,6994
of,6961
saroman,6811
pertamo,6801
an,6706
demospongiae,6658
banyak,6603
cecidomyiidae,6582
ditabik,6417
museum,6403
history,6395
american,6386
natural,6385
spider,6383
catalog,6383
araneae,6371
larvanyo,6275
mahisok,6194
mamakan,6165
amor,6116
batu,6113
ditamui,6037
aia,6024
nektar,5892
bungo,5719
ceratopogonidae,5632
maso,5545
ado,5475
bombyliidae,5446
oktober,5340
salticidae,5210
parasit,5119
protelean,5116
bumi,5103
dolichopodidae,4888
version,4778
antena,4729
sayoknyo,4729
tephritidae,4636
van,4595
kabanyakan,4546
umumnyo,4430
kadang,4423
tipulidae,4412
mycetophilidae,4408
tabanidae,4396
linyphiidae,4332
saikua,4326
phoridae,4176
itu,4021
darah,4007
lain,3933
salain,3883
soest,3822
malalui,3819
ed,3810
mamiliki,3795
mampunyoi,3777
proses,3765
drosophila,3765
pamukaan,3751
kareh,3748
tubuah,3746
mode,3743
manyerap,3741
bapori,3740
oksigen,3740
difusi,3740
worms,3740
utamonyo,3702
polen,3694
predator,3672
saranggo,3672
insting,3671
agresif,3671
culicidae,3596
labiah,3552
indonesia,3359
kenek,3292
barambuik,3291
objek,3225
barasal,3190
agromyzidae,2992
daun,2952
psychodidae,2876
mangorbit,2833
araneidae,2773
tuo,2719
walaupun,2706
bahwa,2696
alun,2689
ketek,2685
ditamuan,2667
evolusi,2664
mampakiroan,2664
lambrecht,2663
perm,2663
fosil,2663
eosen,2663
pendek,2656
atau,2625
transneptunus,2564
ditabikan,2554
babarapo,2545
mm,2439
september,2439
salamo,2395
kurang,2379
sangaik,2376
buah,2354
mano,2346
ateh,2341
muncua,2338
nyo,2336
sangkek,2335
jaringan,2334
tanaman,2330
manamuan,2324
partamonyo,2324
barumua,2321
saminggu,2321
batalua,2318
mato,2312
partamo,2267
sabalun,2265
akan,2246
mambantuak,2232
sari,2223
misalnyo,2223
kudo,2212
mampu,2206
ranang,2206
sainggo,2204
artinyo,2204
balansuang,2203
kolam,2202
efektif,2200
dilatakkan,2200
vegetasi,2199
butuah,2199
sakalompok,2198
sarbuak,2198
betino,2198
anautojenik,2198
bareproduksi,2198
telua,2198
malah,2197
gravitasi,2194
tagaduah,2192
in,2176
platnick,2164
norman,2162
panjangnyo,2091
sekitar,2057
chironomidae,2036
provinsi,1978
kecamatan,1967
syrphidae,1901
kota,1858
vertebrata,1801
rangik,1798
maret,1731
amerika,1726
versi,1623
marupoan,1578
simon,1555
anthomyiidae,1540
subregnum,1527
parazoa,1527
latin,1521
ambun,1509
panyuko,1507
drósos,1506
herbivora,1496
babantuak,1472
barat,1472
agustus,1430
sumatera,1422
kato,1363
yunani,1363
april,1344
istilah,1319
araneus,1318
kabupaten,1301
januari,1292
desember,1281
baarati,1270
tipula,1268
aten,1118
lainnyo,1104
babagai,1078
anderson,1066
mesa,1066
loneos,1062
brasil,1047
macam,998
dolichopus,989
nagari,987
peak,987
kitt,986
spacewatch,980
rusia,978
levi,976
cina,965
neat,965
dicranomyia,951
mei,948
molophilus,922
palomar,907
salah,906
arachnida,905
satu,894
serikat,889
millidge,873
india,872
selatan,859
peckham,812
modern,785
sampai,762
pebruari,757
megaselia,755
feminin,754
saintifik,754
adaptasi,754
ditambahkan,753
akiaran,753
japang,749
sarikat,732
hidup,717
juli,684
calcarea,674
tabanus,673
cambridge,668
jauah,666
jarak,652
neptunus,645
culicoides,640
jumlah,633
afrika,625
februari,622
urang,620
utara,620
padang,620
clathria,620
koto,616
houten,616
kapulauan,615
meksiko,607
november,606
minangkabau,591
kajadian,585
kamatian,581
riau,581
la,580
kalahiaran,576
thorell,572
nopember,565
lutzomyia,562
data,560
oxyopes,560
townsend,551
sarato,527
basis,524
de,523
desa,519
anthos,513
myia,513
timur,503
forcipomyia,500
kanada,493
chamberlin,488
provisional,486
argentina,484
bahaso,478
baru,475
peru,466
eropa,459
mycale,457
tokoh,454
tanah,450
al,450
tanasevitch,449
jiwa,446
hymedesmia,443
haleakala,432
koch,428
pterolophia,416
gonomyia,403
myrmarachne,403
oxyopidae,403
malayu,399
juni,399
daerah,398
strand,385
tu,384
culex,383
wesolowska,382
walckenaeria,381
silla,380
malaysia,379
keyserling,374
acalolepta,368
alah,366
mycetophila,365
regnum,364
wilayah,363
kolombia,362
palearktik,361
panama,359
tengah,357
parancih,346
lepthyphantes,345
azerbaijan,342
gynoplistia,334
queensland,334
basobok,333
turki,327
meioneta,327
biasanyo,326
helina,321
catalina,321
ivie,321
tahun,316
new,315
phaonia,315
nagara,314
css,314
glenea,314
rumania,312
heliophanus,311
groeneveld,308
gehrels,308
manuruik,307
nasional,307
haematopota,307
panduduknyo,306
hexatoma,306
datar,305
pandidikan,305
wunderlich,305
sumatra,304
pulau,303
jawa,301
teucholabis,299
jakarta,296
haliclona,296
eskov,293
padusi,292
aceh,290
australia,290
elst,290
jorong,289
sungai,285
lebih,285
phytomyza,282
bactrocera,280
distrik,278
caporiacco,277
gazetteer,276
mangora,275
hercostomus,273
lunatipula,271
troglohyphantes,271
asia,268
mello,268
leitão,268
prószynski,268
eriocera,268
islam,267
balando,266
nugini,265
laki,262
panduduak,261
zabka,260
cyclosa,259
popula,258
alpaida,258
karajaan,256
dasyhelea,253
baliau,248
atrichopogon,247
erigone,246
nephrotoma,245
libnotes,245
rhipidia,244
kini,242
kongo,241
selandia,240
marusik,240
lissodendoryx,240
suku,239
ethiopia,239
surang,236
mantari,236
microcionidae,236
anopheles,234
korea,231
south,231
coenosia,231
italia,230
dasineura,230
ahli,225
rato,223
tinggi,222
logunov,222
minang,220
filipina,219
aljazair,219
emerton,219
bola,217
banks,217
callyspongia,216
helius,216
kampung,215
schmidt,215
erioptera,215
dunia,214
kawasan,214
madagaskar,214
tangah,213
ormosia,213
cino,212
pulo,210
anthrax,210
sensus,209
anggota,209
kenya,209
paliang,208
venezuela,207
wales,206
iyolah,205
situs,205
habronattus,205
pajuang,204
tingkek,203
mycomya,202
dubiaranea,202
kamardekaan,201
gunuang,200
melanagromyza,200
yang,199
hingga,196
tanzania,196
chrysosoma,196
populasi,195
myanmar,195
austrolimnophila,195
liriomyza,194
zhu,193
halichondria,192
antaro,191
bawah,191
geodia,189
bosmans,189
dolichopeza,188
denis,188
tadiri,187
anak,186
indragiri,186
holm,186
statistics,185
trentepohlia,185
kelurahan,184
geranomyia,184
leptotarsus,182
dorcadion,182
universitas,180
adaik,179
mambaco,179
ekuador,178
turkey,177
lyssomanes,177
rumah,176
brazil,176
contarinia,175
oizumi,175
centromerus,175
sasudah,174
kobayashi,174
kulczynski,173
duo,172
sulawesi,172
melayu,170
limnophila,170
et,169
limnophora,169
borneo,169
exoprosopa,168
copestylum,168
rajo,167
inggirih,167
exocentrus,166
leiponeura,165
pantai,165
linyphia,165
condylostylus,165
republik,164
masyarakaik,164
resmi,164
bombylius,163
psychoda,163
nepal,163
ommatius,162
kudian,162
tachina,162
pseudicius,162
villa,159
tigo,159
topsent,159
galiano,159
asphondylia,158
pelecopsis,158
dialek,157
sri,157
sajak,157
alaska,157
phlegra,157
program,156
dendy,156
darussalam,155
mermessus,155
micrathena,155
state,154
stelletta,154
chile,154
yin,154
phidippus,154
argiope,154
antocha,154
klub,153
hulu,153
ibu,153
institute,153
sympycnus,153
mongolia,152
demonax,152
abaik,151
spanyol,151
tamasuak,150
cities,150
map,150
bezzia,150
observatorium,150
crosby,149
sipak,148
eumicrotipula,148
vietnam,148
wakil,148
chrysotus,148
agam,147
hari,147
sistem,147
eunidia,147
largest,147
chrysops,147
yllenus,147
dacus,147
presiden,146
sergentomyia,146
jocqué,145
pellenes,145
epiphragma,145
pernah,144
nanggroe,144
guyana,144
hyllus,144
subspesies,143
višnjan,143
eustala,143
ophiomyia,142
caliak,142
pamarintahan,142
politik,142
na,142
saito,142
blest,142
ampek,141
apocephalus,141
oberea,141
orimarga,141
li,141
schenkel,141
metazygia,141
pariaman,140
and,139
kampar,139
stilobezzia,139
prosopocera,139
sabanyak,138
spongia,138
uranotaenia,137
miller,137
guatemala,137
hamataliwa,137
tasabuik,136
atherigona,136
smith,136
pusek,135
km,135
wanless,135
diaphorus,135
datuak,134
spilogona,134
ia,134
oedothorax,134
kamerun,133
roewer,133
menemerus,133
bicolor,132
laphria,132
holarktik,132
mycalidae,132
ocyptamus,132
st,131
op,131
basamo,130
lampung,130
cecidomyia,130
county,130
swedia,130
iei,130
gasteracantha,130
namun,129
ochlerotatus,129
institutul,129
ional,129
statistică,129
recensământul,129
locuin,129
elor,129
martie,129
conform,129
structurii,129
administrativ,129
teritoriale,129
ianuarie,129
localită,129
ilor,129
româniei,129
idiocera,129
karano,128
similis,128
lanka,128
russell,128
katua,127
palpomyia,127
atarba,127
elephantomyia,127
rhabdomastix,126
chickering,126
gracilis,125
leptogaster,125
bishop,125
jambi,124
tanjung,124
kaum,124
sophronica,124
gertsch,124
agdam,123
umum,123
korlević,123
erylus,123
berland,123
walckenaer,123
graptomyza,123
neolophonotus,122
el,122
bolivia,122
leucandra,122
blackwall,122
bao,122
jerman,121
angola,121
cerodontha,121
tmesisternus,120
neriene,120
euophrys,120
twitter,119
dichaetomyia,119
caussols,119
song,118
mughiphantes,118
hilir,117
gorontalo,117
paraguay,117
dohrniphora,117
axinella,117
crella,117
lessert,117
lauik,116
sakitar,116
ri,116
asbestopluma,116
bathyphantes,116
menteri,115
ekonomi,115
kazakhstan,115
hu,115
karsch,115
palliduphantes,115
taczanowski,115
hybomitra,115
rasmi,114
gubernur,114
mareka,111
kosta,111
rika,111
agamo,110
apicalis,110
tedania,110
promachus,110
halichondriidae,110
saaristo,110
ccd,110
xinglong,110
web,109
carcelia,109
simplex,109
lendenfeld,109
yeung,109
anastrepha,109
saurang,108
wakatu,108
katiko,108
chalinidae,108
dysidea,108
robineau,108
desvoidy,108
arab,107
administratif,107
singapura,107
pasaman,107
pterelachisus,107
orientalis,107
bulan,106
taiwan,106
rhopalomyia,106
ulama,106
affinis,106
geodiidae,106
thalysias,106
marpissa,106
sm,105
suatu,105
tapi,105
kapado,105
randang,105
politisi,105
cliona,105
tikader,105
barasa,104
toxorhina,104
elegans,104
unicolor,104
ceratinopsis,104
diplocephalus,104
mohammad,103
alluaudomyia,103
hymedesmiidae,103
locket,103
kanari,103
desert,103
para,102
von,102
chlorophorus,102
coelosphaeridae,102
brauer,102
pambagian,101
abdul,101
spring,100
scotinotylus,100
baumua,99
jalan,99
vi,99
exorista,99
agromyza,99
ircinia,99
odas,99
bergenstamm,99
kamudian,98
alam,98
geron,98
laubenfels,98
forcepia,98
siding,98
trupanea,98
pamain,97
partai,97
delia,97
pakistan,96
bus,96
bin,96
sa,96
myxilla,96
peucetia,96
masih,95
kamampuan,95
thailand,95
sabalah,95
kasadonyo,95
muhammad,95
portal,95
campiglossa,95
limonia,95
ii,94
banamo,94
ciek,94
ropica,94
nigra,94
stenopogon,94
hawaii,94
mesnil,94
phryxe,93
sabagian,93
mulai,93
to,93
machimus,93
acutipula,93
carter,93
austria,93
chondrocladia,93
oi,93
ono,93
pericoma,92
tim,92
limo,92
isbn,92
minuta,92
habrocestum,92
metaphidippus,92
liga,91
sd,91
kinabalu,91
arcuphantes,91
laminacauda,91
sg,91
sq,91
amblypsilopus,91
kaduo,90
bengkulu,90
phasia,90
obereopsis,90
petrosia,90
scharff,90
israel,90
tephritis,90
baso,89
com,89
lestodiplosis,89
peromyia,89
siphona,88
sciophila,88
australis,88
seni,87
sr,87
lispe,87
africa,87
paralimnophila,87
amphimedon,87
yaginumaella,87
dasybasis,87
lalu,86
kuba,86
linnaemya,86
lelaki,86
uganda,86
vestiplex,86
burton,86
microciona,86
tachytrechus,86
budayo,85
zaman,85
gala,85
patamo,85
styringomyia,85
te,85
sh,85
callyspongiidae,85
latrunculia,85
yemen,85
sx,85
mandapek,84
baliak,84
microtipula,84
se,84
rhaphuma,84
sk,84
sl,84
tethya,84
demografik,84
telmatoscopus,84
oceanapia,84
biemna,84
tanamo,83
karya,83
pasisia,83
epicypta,83
melaloncha,83
bryant,83
rainbow,83
neurigona,83
parang,82
yaitu,82
kabinet,82
xylotrechus,82
peng,82
evarcha,82
uesac,82
sn,82
sitticus,82
cyrtarachne,82
dewan,81
shannonomyia,81
exechia,81
montana,81
barrion,81
grammonota,81
tenuiphantes,81
co,80
kampuang,80
basa,80
lispocephala,80
sp,80
mythicomyia,80
raspailia,80
eagle,80
hispaniola,80
kleť,80
larinia,80
rhaphium,80
sadangkan,79
sahinggo,79
kalimantan,79
sambilan,79
sv,79
lasioptera,79
guinea,79
ridley,79
mastophora,79
raspailiidae,79
barado,78
masuak,78
hukum,78
leia,78
serixia,78
hymeniacidon,78
bösenberg,78
tapinocyba,78
td,78
hanyo,77
pamarintah,77
tantara,77
phronia,77
go,77
panggiat,77
islands,77
spirembolus,77
holoplatys,77
medetera,77
asilus,77
bantuak,76
asa,76
lima,76
internasional,76
ke,76
sc,76
aq,76
tullgren,76
litsinger,76
pelegrina,76
phintella,76
sj,76
laman,75
systropus,75
dengan,75
palabuahan,75
militer,75
at,75
fakultas,75
as,75
ra,75
indica,75
antho,75
coelosphaera,75
cyrtophora,75
tajadi,74
hinggo,74
rantau,74
monticola,74
suberites,74
sycon,74
phiale,74
plexippus,74
sf,74
syntormon,74
microstylum,73
bamain,73
awal,73
bagi,73
mancapai,73
pun,73
north,73
sabalunnyo,73
pandiri,73
solok,73
fa,73
tv,73
neoempheria,73
boletina,73
bhutan,73
opisthoncus,73
sy,73
ss,73
xm,73
tantang,72
cm,72
taman,72
pamarentahan,72
en,72
swiss,72
mongoma,72
cladorhizidae,72
isodictya,72
araeoncus,72
sphecozone,72
corythalia,72
ilmu,71
on,71
pidonia,71
ma,71
ta,71
intermedia,71
hydrotaea,71
pegomya,71
ceraticelus,71
sz,71
cydistomyia,71
tradisional,70
jaya,70
rp,70
fc,70
undang,70
ad,70
sharur,70
peleteria,70
tibialis,70
obscura,70
re,70
qd,70
qm,70
inggo,69
maluku,69
acok,69
sultan,69
lagu,69
monochamus,69
holorusia,69
su,69
malabihi,69
stegomyia,69
haplinis,69
metepeira,69
philoliche,69
manota,68
samo,68
hal,68
central,68
masajik,68
rw,68
nigripes,68
so,68
sb,68
paraclius,68
cheilotrichia,68
api,67
us,67
diri,67
pesisir,67
th,67
polymera,67
hooper,67
trichomyia,67
dpr,67
biswas,67
tb,67
fh,67
qc,67
rj,67
dikenal,66
sapanjang,66
balai,66
dipakai,66
hindia,66
kasultanan,66
batipuh,66
brachypogon,66
aktris,66
winthemia,66
pulitzer,66
finali,66
aplysina,66
pallida,66
aelurillus,66
guiana,66
tz,66
rn,66
scaptia,66
teuchophorus,66
sijarah,65
kuantan,65
sabah,65
bukit,65
masakan,65
bukittinggi,65
saropogon,65
cc,65
phytoliriomyza,65
hentz,65
typhochrestus,65
langona,65
chironomus,65
bangunan,64
rayon,64
satiok,64
sosial,64
negeri,64
polymastia,64
lubuk,64
cylindromyia,64
fm,64
flavipes,64
jr,64
heteralonia,64
ah,64
phorbas,64
gnophomyia,64
wyeomyia,64
niphatidae,64
thaler,64
costa,64
rv,64
cj,64
rq,64
rz,64
qa,64
thinophilus,64
turkmenistan,63
film,63
tadapek,63
dikana,63
badan,63
monohelea,63
ty,63
tk,63
echinoclathria,63
eurypon,63
trichoncus,63
porrhomma,63
qk,63
tg,63
xn,63
arkys,63
lamo,62
raya,62
stefaniola,62
bukik,62
dr,62
er,62
aprionus,62
chromatomyia,62
elongata,62
tetragoneura,62
rm,62
fasciata,62
ch,62
rs,62
rk,62
hentschel,62
axinellidae,62
gellius,62
tasmania,62
icius,62
qe,62
rc,62
tq,62
actinopus,62
hypognatha,62
ditutuakan,61
masiang,61
ro,61
tr,61
tari,61
qz,61
rt,61
puliciphora,61
rb,61
ae,61
sw,61
rf,61
qh,61
qu,61
rh,61
cyrtopogon,61
ellipteroides,61
andalas,60
ini,60
nagaro,60
da,60
rd,60
natsir,60
musca,60
yamatotipula,60
cacia,60
symplecta,60
brunettia,60
insignis,60
nupserha,60
ac,60
colobothea,60
creek,60
qb,60
hasarius,60
rl,60
juta,59
rayo,59
barikuik,59
tenggara,59
pamarentah,59
sutan,59
maningga,59
air,59
manjabat,59
trichonta,59
tx,59
pseudolimnophila,59
neolasioptera,59
tristis,59
tasiocera,59
tt,59
fp,59
kirgizstan,59
franganillo,59
urquhart,59
rica,59
cr,59
qf,59
rx,59
efferia,59
sunda,58
teluk,58
musim,58
ag,58
ar,58
by,58
nesopeza,58
strandi,58
robusta,58
namibia,58
tc,58
ommata,58
tetilla,58
callitrichia,58
havaika,58
fe,58
fs,58
uc,58
qq,58
qv,58
tj,58
iran,57
danau,57
saluruah,57
es,57
nitida,57
basalis,57
longicornis,57
brasiliensis,57
lepturges,57
tripteroides,57
maculata,57
leptoconops,57
cz,57
ev,57
vacelet,57
occidentalis,57
axinyssa,57
craniella,57
desmacella,57
fage,57
broughton,57
reedy,57
qn,57
lucas,57
mogrus,57
tw,57
vh,57
tn,57
thrypticus,57
villeneuve,57
az,56
jadi,56
industri,56
gading,56
ameh,56
haji,56
ab,56
clinodiplosis,56
mirabilis,56
ceratopogon,56
ceresium,56
qj,56
qr,56
systoechus,56
vittata,56
america,56
cv,56
ceratinella,56
oreoneta,56
rg,56
qs,56
cq,56
tm,56
patandiangan,55
kuala,55
ligyra,55
savtshenkia,55
fr,55
maroko,55
bengkalis,55
archytas,55
apolysis,55
un,55
press,55
phlebotomus,55
mydaea,55
cn,55
afroneta,55
ff,55
griswold,55
ee,55
qy,55
va,55
xo,55
atypophthalmus,55
divisi,54
san,54
medan,54
soekarno,54
hatta,54
musajik,54
buku,54
cs,54
panyanyi,54
japonica,54
myospila,54
pselliophora,54
glaphyra,54
plagithmysus,54
cd,54
clathrina,54
bergquist,54
bowerbank,54
cladorhiza,54
discodermia,54
iophon,54
aa,54
collinsia,54
gonatium,54
millot,54
ax,54
gu,54
ec,54
xs,54
xa,54
ts,54
fd,54
damalis,54
pamimpin,53
spinosa,53
mambuek,53
wali,53
flava,53
pt,53
diakses,53
pothyne,53
fu,53
grandis,53
au,53
pangusaha,53
ga,53
thiele,53
acarnidae,53
rr,53
savignia,53
zhang,53
neon,53
pancorius,53
ql,53
vk,53
comba,53
prescott,53
gd,53
xg,53
macromastix,52
etnis,52
indopuro,52
tangan,52
caro,52
am,52
pseudonapomyza,52
ay,52
fusca,52
cy,52
duta,52
xl,52
ej,52
ep,52
vb,52
tl,52
fj,52
xv,52
vf,52
rhene,52
allograpta,52
pusat,51
halodiplosis,51
lai,51
profil,51
ru,51
vo,51
variabilis,51
portugal,51
phora,51
tunisia,51
jl,51
ez,51
xx,51
verrallina,51
mesosa,51
rujuak,51
ct,51
agelas,51
borealis,51
cinachyrella,51
echinodictyum,51
halisarca,51
vink,51
balogh,51
pocock,51
gajbe,51
gy,51
tf,51
cg,51
vd,51
fo,51
aj,51
urophora,51
eloeophila,51
sarikek,50
www,50
digunokan,50
bank,50
wisata,50
ba,50
panulih,50
timea,50
aru,50
jv,50
canduang,50
cf,50
tenuis,50
merionoeda,50
rhytiphora,50
niger,50
aphoebantus,50
drino,50
porricondyla,50
niphona,50
fg,50
chloridolum,50
longipes,50
lundbeck,50
pulchra,50
fy,50
ornata,50
qp,50
disembolus,50
entelecara,50
laetesia,50
ap,50
qo,50
chalcoscirtus,50
fb,50
ry,50
xd,50
ex,50
xj,50
tp,50
carmia,50
euphranta,50
lahia,49
akhianyo,49
salapeh,49
negara,49
arah,49
orang,49
no,49
buo,49
masia,49
marantau,49
caroline,49
eo,49
edwards,49
atra,49
insularis,49
stichopogon,49
estola,49
toxorhynchites,49
zygomyia,49
ea,49
ek,49
desmacellidae,49
hilaira,49
gb,49
jy,49
ux,49
uq,49
vq,49
xy,49
ce,49
jz,49
cl,49
fidena,49
malloch,49
sajarah,48
bidang,48
major,48
musik,48
organisasi,48
parva,48
gp,48
diangkek,48
id,48
ruiz,48
fq,48
ey,48
jepang,48
wu,48
acanthella,48
qw,48
hemipenthes,48
fasciospongia,48
reniera,48
brignoli,48
plexippoides,48
dendryphantes,48
ua,48
av,48
ak,48
xw,48
vz,48
qt,48
jb,48
toxomerus,48
argyra,48
empeda,48
sepak,47
putra,47
georgia,47
brunei,47
malaka,47
antaronyo,47
pangaruah,47
nomor,47
saudi,47
sumber,47
ha,47
manjabaik,47
eu,47
uk,47
urgleptes,47
frea,47
lasiopogon,47
eburia,47
madeira,47
kacamatan,47
phytobia,47
gc,47
af,47
dubia,47
pilosa,47
fl,47
bj,47
tetillidae,47
agyneta,47
deeleman,47
reinhold,47
incestophantes,47
harten,47
berry,47
ck,47
xf,47
actinopodidae,47
cricotopus,47
dicranophragma,47
tambo,46
bc,46
guru,46
ulu,46
tanjuang,46
bintang,46
administrasi,46
amir,46
spogostylum,46
longurio,46
lateralis,46
zimbabwe,46
philosepedon,46
psapharochrus,46
ge,46
chetogena,46
meridionalis,46
hamacantha,46
fk,46
beatty,46
coccorchestes,46
hypaeus,46
mexcala,46
vy,46
gv,46
fz,46
xh,46
xc,46
ue,46
fountain,46
hills,46
katurunan,45
dipimpin,45
pasukan,45
piliang,45
modesta,45
lintau,45
http,45
raja,45
rufescens,45
rakyat,45
truncata,45
victoria,45
gn,45
leptostylus,45
eq,45
qg,45
minima,45
higginsia,45
jaspis,45
karakorum,45
jamaika,45
pallidus,45
cu,45
maddison,45
zenodorus,45
ut,45
hp,45
ondřejov,45
wc,45
jj,45
gz,45
uw,45
fv,45
salticus,45
macquart,45
metalimnobia,45
samananjuang,44
darek,44
digunoan,44
khas,44
sriwijaya,44
open,44
neodexiopsis,44
salatan,44
singingi,44
mentawai,44
ca,44
triphleba,44
dc,44
sakola,44
qx,44
malawi,44
finlandia,44
drymeia,44
oncideres,44
bacchisa,44
brevis,44
up,44
vs,44
jp,44
incrustans,44
fallax,44
bulgaria,44
fn,44
brescovit,44
nippononeta,44
fx,44
vg,44
ft,44
cx,44
jh,44
vn,44
gw,44
vj,44
yp,44
xz,44
js,44
dioctria,44
aegogropila,44
esenbeckia,44
dactylolabis,44
lecteria,44
manusia,43
hb,43
west,43
pagaruyuang,43
pihak,43
putri,43
adat,43
mulo,43
ja,43
capensis,43
hd,43
cinerea,43
for,43
pusilla,43
rymosia,43
jm,43
calycomyza,43
padilla,43
botanophila,43
hajdu,43
hentzia,43
xk,43
ub,43
wj,43
xe,43
uj,43
tanikawa,43
palpada,43
dicranoptycha,43
novel,42
cabang,42
kalompok,42
jam,42
bakambang,42
ju,42
pambangunan,42
baitu,42
pahlawan,42
puluh,42
phthiria,42
trinidad,42
prri,42
grantia,42
chonocephalus,42
be,42
eb,42
syafruddin,42
acarnus,42
dragmacidon,42
dysideidae,42
gelliodes,42
prionolabis,42
westring,42
mecopisthes,42
lycidas,42
uh,42
uy,42
vc,42
xq,42
hj,42
xb,42
juels,42
aculepeira,42
neoscona,42
hn,41
maupun,41
gampo,41
piala,41
adityawarman,41
silek,41
pygophora,41
bintan,41
obscurus,41
gonia,41
brevicornu,41
ischnotoma,41
ramosa,41
allodia,41
neoclytus,41
distincta,41
aw,41
hw,41
yo,41
ancorinidae,41
brevicornis,41
clionaidae,41
actia,41
phytoecia,41
oreodera,41
chen,41
neomaso,41
doleschall,41
ho,41
uv,41
wp,41
vp,41
ve,41
wb,41
wr,41
wq,41
vw,41
dd,41
allobaccha,41
stenotabanus,41
aedes,41
aldrich,41
formosa,40
latifrons,40
dianggap,40
bahkan,40
satalah,40
sakik,40
he,40
manulih,40
media,40
bimaculata,40
petrorossia,40
sciades,40
wartawan,40
hirsuta,40
fuscipennis,40
cp,40
africana,40
humeralis,40
proxima,40
eburodacrys,40
mallophora,40
spheciospongia,40
maro,40
eg,40
tanita,40
nigrescens,40
bp,40
ew,40
ao,40
crellidae,40
br,40
mexicana,40
helsdingen,40
greenland,40
hy,40
honduras,40
cytaea,40
ectyodoryx,40
mago,40
noegus,40
em,40
je,40
bx,40
vr,40
gx,40
xp,40
dm,40
telamonia,40
vx,40
trypeta,40
mamainan,39
iv,39
dibangun,39
tarutamo,39
paik,39
baraja,39
sadoalah,39
padagangan,39
hujan,39
pintu,39
bg,39
hr,39
final,39
simoni,39
ya,39
suriname,39
anwar,39
meigenia,39
comptosia,39
apomecyna,39
eh,39
senegal,39
mesocyphona,39
bb,39
compsibidion,39
hf,39
notolomatia,39
uruguay,39
agelasta,39
myiopharus,39
rufipes,39
stenellipsis,39
endectyon,39
esperiopsis,39
hippospongia,39
gt,39
gongylidiellum,39
montanus,39
hogg,39
fiji,39
portia,39
fw,39
ul,39
vl,39
dichelacera,39
polypedilum,39
reinhard,39
cryptolabis,39
panonton,38
tabagi,38
ukraina,38
kepulauan,38
taluak,38
aktif,38
rakyaik,38
monumen,38
parlemen,38
populer,38
puluah,38
taruih,38
campylomyza,38
dibuek,38
du,38
gl,38
kiri,38
direktur,38
pimpinan,38
juan,38
batusangkar,38
dispar,38
kp,38
gk,38
leucosolenia,38
haeckel,38
exigua,38
laia,38
pangguno,38
cb,38
thorectidae,38
conica,38
sweden,38
acartauchenius,38
merrett,38
asthenargus,38
davis,38
thenea,38
improphantes,38
labicymbium,38
hq,38
xu,38
microcyba,38
soares,38
cosmophasis,38
uf,38
bw,38
xr,38
vm,38
hz,38
jc,38
ceratitis,38
humilis,37
kandangnyo,37
anam,37
bahasa,37
university,37
muslim,37
talang,37
muko,37
padagang,37
salanjuiknyo,37
mahasiswa,37
jabatan,37
bupati,37
banso,37
patanian,37
tni,37
bandung,37
usia,37
magna,37
aberrans,37
hozawa,37
heterachthes,37
exechiopsis,37
we,37
kk,37
odontocera,37
viridis,37
conophorus,37
setosa,37
flavescens,37
jx,37
triangularis,37
bk,37
camptomyia,37
jg,37
sinensis,37
fragilis,37
punctata,37
tanytarsus,37
wang,37
metaleptyphantes,37
poeciloneta,37
zygoballus,37
ug,37
wg,37
gg,37
vt,37
vv,37
cw,37
jf,37
bl,37
wn,37
gq,37
jd,37
milesia,37
hydrophorus,37
bakapasitas,36
umua,36
langsuang,36
angkek,36
ulahrago,36
besar,36
malaya,36
sadang,36
manggunokan,36
kiro,36
tagadang,36
dagiang,36
struktur,36
adalah,36
surek,36
ht,36
pendidikan,36
wa,36
abdominalis,36
perdana,36
hx,36
annulata,36
gymnophora,36
cornuta,36
dt,36
dv,36
lineata,36
jaapiella,36
minutus,36
gj,36
tolmerus,36
gr,36
paradelphomyia,36
oxyrhiza,36
phakellia,36
spongillidae,36
ciocalypta,36
echinochalina,36
localities,36
napomyza,36
maculipennis,36
petrunkevitch,36
maculatus,36
seychelles,36
phaeacius,36
bd,36
uo,36
yt,36
jn,36
wk,36
gf,36
wm,36
kh,36
viciria,36
catachlorops,36
andrenosoma,36
róndani,36
indotipula,35
docosia,35
rabdophaga,35
bateh,35
namonyo,35
mangalami,35
banda,35
hotel,35
geografi,35
kagiatan,35
obrium,35
periode,35
do,35
thomas,35
grisea,35
pekanbaru,35
platytipula,35
pasangan,35
topomyia,35
tropidion,35
formosana,35
woodiphora,35
nigeria,35
annulipes,35
trigonoptera,35
natuna,35
chilensis,35
diplonevra,35
prosoplus,35
komoro,35
polisi,35
longipennis,35
cylindrica,35
anelaphus,35
variegata,35
dx,35
cleptometopus,35
debilis,35
jw,35
nigriventris,35
dz,35
dw,35
chrysoprasis,35
adetus,35
lévi,35
castanea,35
dl,35
pygmaea,35
salvador,35
holopogon,35
tachygyna,35
dexia,35
kaledonia,35
dy,35
jk,35
debehogne,35
uz,35
gh,35
bv,35
dk,35
črni,35
vrh,35
orthocladius,35
diogmites,35
babateh,34
bakarajo,34
sejarah,34
kubu,34
sembilan,34
kapa,34
tuberculata,34
basurek,34
uu,34
suturalis,34
parantau,34
yakni,34
semen,34
united,34
oleh,34
phorocera,34
euscelidia,34
tricolor,34
zelandotipula,34
versicolor,34
pictipennis,34
belvosia,34
ozodicera,34
oa,34
koltun,34
topsenti,34
calthropella,34
dh,34
lanei,34
anastoechus,34
hl,34
erigonoplus,34
crassipes,34
linyphantes,34
oreonetides,34
parafroneta,34
scutellata,34
jt,34
pochyta,34
psecas,34
wv,34
batrachorhina,34
wx,34
vu,34
kn,34
bq,34
ur,34
thyene,34
saitis,34
chorizopes,34
austromolophilus,34
pakambangan,33
satampek,33
jinih,33
east,33
banten,33
jenderal,33
sajumlah,33
ayahnyo,33
sastra,33
didirian,33
ceromya,33
katigo,33
ceratocheilus,33
luhak,33
tradisi,33
richter,33
kaluarga,33
ud,33
juaro,33
malakuan,33
yunnanensis,33
prima,33
acara,33
karier,33
salim,33
pada,33
inermis,33
perissus,33
morellia,33
scutellaris,33
lugubris,33
phytomyptera,33
dorsalis,33
agapanthia,33
mormia,33
femoralis,33
gymnastes,33
fernandez,33
amorphinopsis,33
sinotipula,33
dercitus,33
japanagromyza,33
leptura,33
irciniidae,33
nethinius,33
kratochvíl,33
silometopus,33
stemonyphantes,33
microneta,33
beata,33
messua,33
wd,33
gm,33
wy,33
gs,33
db,33
wf,33
hg,33
bu,33
eriophora,33
rhagoletis,33
sciapus,33
choerades,33
mamakai,32
hak,32
manyabuik,32
kalangan,32
pantiang,32
dataran,32
sate,32
posisi,32
sajo,32
tujuah,32
simpang,32
dusun,32
ketua,32
manikah,32
pangulu,32
dimidiata,32
tapiliah,32
butler,32
der,32
nilobezzia,32
egesina,32
lawrence,32
hc,32
bifida,32
loghat,32
poecillastra,32
ceroplesis,32
dirut,32
rektor,32
exhyalanthrax,32
wilson,32
edwardsi,32
hoshino,32
topsentia,32
billaea,32
rufa,32
koponen,32
slovenia,32
micrargus,32
pityohyphantes,32
ptocasius,32
um,32
wz,32
df,32
ef,32
thiodina,32
synagelides,32
terellia,32
ocrepeira,32
aedimorphus,32
cerdistus,32
plato,31
johor,31
artikel,31
kerajaan,31
kolonial,31
musium,31
bakeh,31
kauangan,31
olahraga,31
gaya,31
rao,31
tomé,31
datuk,31
bahan,31
tatap,31
heteropogon,31
bagabuang,31
blepisanis,31
nitens,31
anisia,31
panchayat,31
neocompsa,31
sudan,31
aurea,31
psiloconopa,31
eucelatoria,31
hh,31
nana,31
signata,31
aulagromyza,31
puerto,31
lepidanthrax,31
yu,31
hakim,31
frontalis,31
nerax,31
picta,31
lobata,31
parastrangalis,31
uniformis,31
modestus,31
dg,31
rubra,31
singularis,31
bissau,31
dn,31
bm,31
dahl,31
nigriceps,31
wider,31
eulaira,31
inornata,31
megalepthyphantes,31
azarkina,31
bianor,31
camargo,31
kalcerrytus,31
bf,31
hs,31
bs,31
xt,31
kj,31
ws,31
metopina,31
oy,31
jq,31
farpoint,31
atylotus,31
diamesa,31
dasypogon,31
nobilis,30
tuan,30
babatehan,30
ali,30
baragam,30
parubahan,30
mati,30
badasarkan,30
tibo,30
diagiah,30
arsitektur,30
soeharto,30
pariwisata,30
model,30
puncak,30
galombang,30
grand,30
caniago,30
slowakia,30
yayasan,30
dharmasraya,30
garih,30
kong,30
bt,30
masicera,30
majalah,30
phaea,30
armata,30
solieria,30
singh,30
karshomyia,30
amauromyza,30
azores,30
pamilik,30
thoracica,30
digitata,30
luar,30
rufiventris,30
macrolabis,30
heligmonevra,30
gabon,30
difficilis,30
neomyia,30
adesmus,30
parvula,30
chinensis,30
winnertzia,30
lespesia,30
schummelia,30
jordanoleiopus,30
pm,30
sollas,30
levii,30
amphilectus,30
chalinula,30
varipes,30
corvospongilla,30
bo,30
dactylia,30
hemiasterella,30
laphystia,30
grantessa,30
gao,30
nepalensis,30
psammocinia,30
semljicola,30
panamomops,30
martella,30
paraphidippus,30
farra,30
isonzo,30
kq,30
wh,30
yq,30
ds,30
araniella,30
hypsosinga,30
kaira,30
philophylla,30
micropsectra,30
blanchard,30
baeoura,30
coquillettidia,30
dysmachus,30
meter,29
agung,29
buddha,29
baiak,29
balakang,29
bangka,29
nusa,29
padalaman,29
ichthyodes,29
untuk,29
yogyakarta,29
dibantuak,29
aka,29
pindah,29
transportasi,29
gantiang,29
bapak,29
pb,29
pagaruyung,29
hutan,29
limbago,29
gemeente,29
akibaik,29
super,29
cortodera,29
bangladesh,29
satchelliella,29
hong,29
nealcidion,29
campylocheta,29
lydella,29
cordyla,29
dp,29
cameroon,29
lomatia,29
caryomyia,29
alba,29
kg,29
nigripennis,29
medina,29
syarifah,29
anomala,29
pulchella,29
px,29
pc,29
fasciatus,29
natalensis,29
pacifica,29
gracilipes,29
falcata,29
stenhomalus,29
paravilla,29
ruficornis,29
anguliphantes,29
olenecamptus,29
floricomus,29
menge,29
galapagos,29
orsonwelles,29
kf,29
oe,29
yy,29
kd,29
dj,29
wo,29
rutilia,29
bh,29
anepsion,29
campsicnemus,29
chionea,29
dziedzickia,28
seri,28
ditulih,28
dasar,28
adonyo,28
bukan,28
kedah,28
perak,28
pales,28
mamimpin,28
datang,28
hampia,28
asli,28
alepia,28
utama,28
turun,28
peribaea,28
pdri,28
daya,28
tuanku,28
pajuangan,28
psammoclema,28
luak,28
libya,28
abdullah,28
reformasi,28
derolus,28
parusahaan,28
neoitamus,28
xestospongia,28
phylidorea,28
rondibilis,28
scylaticus,28
alpina,28
uracanthus,28
pallens,28
reticulata,28
pallipes,28
toxophora,28
eutrichota,28
fulva,28
menesia,28
bn,28
vittatus,28
lamarck,28
cladochalina,28
funebris,28
polita,28
nigricornis,28
graphomya,28
elongatus,28
dq,28
incerta,28
irregularis,28
alticola,28
thyridanthrax,28
longipalpis,28
islandiana,28
pseudacteon,28
solomon,28
purpuricenus,28
xie,28
rakov,28
margaromma,28
palpelius,28
helin,28
wt,28
ww,28
ecuador,28
isoxya,28
aneomochtherus,28
armigeres,28
wulp,28
alliopsis,27
sisi,27
belitung,27
muara,27
ilir,27
kl,27
ruang,27
ibukota,27
kakuasaan,27
studi,27
komunitas,27
kahidupan,27
kaba,27
panghulu,27
nilai,27
pandai,27
kisah,27
phyllolabis,27
sumbar,27
austrosynapha,27
niphoparmena,27
parallela,27
ot,27
euderces,27
analis,27
brunnea,27
heterotropus,27
bella,27
mr,27
planetella,27
varia,27
ciliata,27
atrata,27
helena,27
pa,27
trifasciata,27
clytus,27
fumipennis,27
anatella,27
philornis,27
habropogon,27
pubescens,27
abyssocladia,27
kim,27
kirkpatrick,27
artemisina,27
pegohylemyia,27
ceratopsion,27
chondrilla,27
megacyllene,27
ferruginea,27
darwinella,27
periscepsia,27
eunapius,27
hm,27
hymenancora,27
bolyphantes,27
clerck,27
gnomidolon,27
são,27
mansuphantes,27
hispo,27
jollas,27
pensacola,27
oc,27
yf,27
yl,27
yd,27
curran,27
megaciella,27
sterphus,27
oedaspis,27
trichosia,27
procladius,27
hoplolabis,27
iii,26
bangsa,26
bajumlah,26
bana,26
mako,26
pasa,26
palembang,26
jatuah,26
aurata,26
disingkek,26
sabauh,26
kantua,26
diantaronyo,26
keluarga,26
kaciak,26
departemen,26
awalnyo,26
lata,26
malawan,26
hasia,26
katinggian,26
sepuluh,26
pd,26
kareta,26
sastrawan,26
majelis,26
jahja,26
rahman,26
mediterania,26
pradesh,26
epania,26
maira,26
longirostris,26
ledomyia,26
americana,26
kroasia,26
kaszabi,26
botswana,26
antennalis,26
vulcanella,26
laosensis,26
eremotipula,26
pegesimallus,26
oh,26
goodricke,26
pigott,26
nigricans,26
layanan,26
monardia,26
hamata,26
nyssodrysternum,26
interrupta,26
marmorata,26
vicina,26
eupogonius,26
brunneus,26
teuku,26
yg,26
trichotipula,26
californica,26
flavipennis,26
neopetrosia,26
lutea,26
amphoriscus,26
strongylacidon,26
lineatus,26
blepephaeus,26
arthrocnodax,26
marcello,26
kicauan,26
ph,26
parampek,26
ahsan,26
perplexa,26
duchassaing,26
clavata,26
mispila,26
pytheas,26
crassa,26
vomerula,26
blepharella,26
yaginuma,26
caledonia,26
barrows,26
holmelgonia,26
sintula,26
hk,26
longicauda,26
neaetha,26
neonella,26
phanias,26
rhabderemia,26
bz,26
yn,26
ys,26
stenaelurillus,26
emerit,26
archer,26
asarkina,26
mesembrius,26
sybistroma,26
smittia,26
astochia,26
atomosia,26
melanolimonia,26
sutradara,25
kumpulan,25
mulonyo,25
sekolah,25
takah,25
iolah,25
pachydissus,25
campuran,25
ciri,25
akhia,25
etnik,25
melaka,25
town,25
mandirikan,25
batavia,25
hubuangan,25
maagiah,25
merdeka,25
teknologi,25
tahadok,25
niniak,25
tatinggi,25
euphylidorea,25
bumbu,25
lixophaga,25
imam,25
barisan,25
jawi,25
tersebut,25
tamil,25
bandar,25
le,25
angkatan,25
batak,25
pp,25
udaro,25
harus,25
nabi,25
yr,25
staf,25
surah,25
ahmad,25
pusillus,25
carito,25
wanita,25
cometes,25
white,25
karim,25
cytherea,25
opaca,25
tarsalis,25
immaculata,25
with,25
paramongoma,25
asiatica,25
school,25
cincta,25
australiensis,25
needville,25
insulana,25
variegatus,25
batocera,25
grisescens,25
chariesthes,25
leschenaultia,25
verrucosa,25
cognata,25
diplomat,25
pemeran,25
afghanistan,25
pj,25
kelly,25
boury,25
esnault,25
heteroxyidae,25
hirta,25
micans,25
isodictyidae,25
bengalensis,25
ptilodexia,25
psorophora,25
dubius,25
mycodiplosis,25
bidentata,25
deltshev,25
hongaria,25
corsica,25
hypomma,25
microlinyphia,25
minicia,25
ditamuii,25
mintonia,25
philaeus,25
yh,25
hv,25
tucker,25
yk,25
yj,25
ks,25
yc,25
wl,25
ox,25
ok,25
missulena,25
cortés,25
mantan,24
sabethes,24
maculosa,24
elaphidion,24
gerakan,24
lambah,24
hindu,24
kuno,24
saketek,24
lokal,24
tata,24
aliran,24
daratan,24
sar,24
putiah,24
umaik,24
saat,24
balahannyo,24
sasuai,24
pariangan,24
padangpanjang,24
pagunuangan,24
utaro,24
radio,24
sinetron,24
pseudosuberites,24
samoa,24
pardana,24
politikus,24
epalpus,24
astathes,24
rambatan,24
salimpaung,24
californicus,24
stackelbergi,24
panamensis,24
phalacrotophora,24
protosuberites,24
costalis,24
confusa,24
ateng,24
palpalis,24
exilis,24
kr,24
robustus,24
aurantiaca,24
spinipennis,24
plaumanni,24
michelotti,24
mollis,24
delicata,24
aulospongus,24
abnormis,24
angusta,24
villosa,24
parisus,24
spongiidae,24
fuscus,24
echinostylinos,24
ecionemia,24
hemigellius,24
iotrochota,24
laeta,24
gongylidioides,24
persimilis,24
hormiga,24
mecynargus,24
pulcher,24
nicaragua,24
tomasiewicz,24
bathippus,24
cotinusa,24
amboina,24
laufeia,24
ocrisiona,24
philates,24
py,24
urata,24
os,24
yv,24
oo,24
beaver,24
brady,24
mesomyia,24
wagneriana,24
bryophaenocladius,24
chrysopogon,24
cophura,24
marujuak,23
ctenophora,23
kabangsaan,23
baritania,23
dimulai,23
mamak,23
bangso,23
tionghoa,23
pinang,23
sawah,23
jamaicensis,23
area,23
jalur,23
ismail,23
budaya,23
baleh,23
sektor,23
austrophorocera,23
karajo,23
sapuluah,23
padi,23
paguruan,23
ikuik,23
pai,23
adnan,23
leucophora,23
babedo,23
tarian,23
darurat,23
lembah,23
masyarakat,23
aktivis,23
berdeniella,23
mecometopus,23
erecta,23
nt,23
or,23
borneensis,23
garakan,23
tipulodina,23
philodicus,23
poso,23
glabra,23
carinata,23
schizomyia,23
obtusa,23
propinqua,23
observatory,23
fascipennis,23
linearis,23
metallica,23
simulans,23
communis,23
assamensis,23
saperda,23
mpr,23
pandidik,23
ambigua,23
carteri,23
yonex,23
aaptos,23
esperiopsidae,23
paradoxa,23
antarctica,23
angustifrons,23
quadrimaculata,23
albifrons,23
dentata,23
ku,23
latrunculiidae,23
bioko,23
angulatus,23
gymnodia,23
kolosváry,23
latipennis,23
griseus,23
macaroeris,23
maevia,23
mendoza,23
raychaudhuri,23
ob,23
ym,23
ye,23
pravec,23
aldrichi,23
hamadruas,23
eriovixia,23
tomoplagia,23
ancylorhynchus,23
ischnothrix,23
dissimilis,22
tuhan,22
khusus,22
mungkin,22
manggunoan,22
patangahan,22
klasik,22
kuek,22
cando,22
patani,22
kubang,22
usaho,22
paringkek,22
orde,22
iklim,22
barang,22
lubuak,22
diambiak,22
manarimo,22
ceko,22
manganai,22
london,22
maambiak,22
radiata,22
pusako,22
gunung,22
ikolah,22
panah,22
tani,22
tulisan,22
iduik,22
sijunjung,22
pangkalan,22
anoplophora,22
mancaliak,22
sempat,22
mandirian,22
dingin,22
manggantian,22
paristiwa,22
randai,22
pranala,22
surau,22
antara,22
laut,22
harato,22
rohana,22
saidi,22
books,22
schmidti,22
spirastrella,22
bivittata,22
emarginata,22
penares,22
coniceromyia,22
papuensis,22
cereopsius,22
opsion,22
leskia,22
thevenetimyia,22
rondoni,22
xenofrea,22
gigas,22
lasiocercis,22
acnemia,22
nemoraea,22
sibirica,22
mexicanus,22
aphrodisium,22
hirtipes,22
phorbia,22
akademisi,22
pr,22
acuta,22
serromyia,22
goephanes,22
annulicornis,22
pz,22
boattini,22
nilea,22
globosa,22
closterus,22
rufula,22
echinopodium,22
aplysinidae,22
thorecta,22
dendyi,22
stellata,22
vicinus,22
abbreviata,22
pogonioefferia,22
thricops,22
spongilla,22
yvesia,22
tenella,22
venusta,22
plagiata,22
stylopus,22
marginalis,22
lord,22
howe,22
korsika,22
dondale,22
subtilis,22
solenysa,22
toschia,22
tutaibo,22
praestigia,22
neoplocaederus,22
vinson,22
wheeler,22
irura,22
senostoma,22
freya,22
pn,22
ky,22
pf,22
kt,22
om,22
tullgrenella,22
simaetha,22
grasshoff,22
caerostris,22
dolophones,22
silvius,22
trirhithrum,22
hemilea,22
anomoia,22
psectrocladius,22
orimargula,22
eretmapodites,22
tajikistan,21
allah,21
babeda,21
sanjato,21
mayoritas,21
rokan,21
chrysanthrax,21
furcata,21
nama,21
fulvus,21
samudra,21
ng,21
dua,21
sangek,21
nusantara,21
lado,21
portugis,21
manuju,21
maliputi,21
titiak,21
asiang,21
singkek,21
sikumbang,21
jacobs,21
malam,21
atok,21
kayo,21
per,21
tarusan,21
sekarang,21
hasil,21
sato,21
sarana,21
sakaligus,21
unand,21
lu,21
lt,21
kawan,21
cinta,21
sawahlunto,21
harian,21
peta,21
sumatrana,21
africanus,21
pardano,21
resseliella,21
wikipedia,21
cluzobra,21
census,21
nigrita,21
nova,21
anisopodus,21
falsomesosella,21
brachypremna,21
earth,21
menjadi,21
pilosus,21
bunguran,21
kw,21
bombylisoma,21
caricea,21
anarete,21
nebulosa,21
carolinensis,21
survey,21
tuberosa,21
infuscata,21
claripennis,21
lukman,21
rahmah,21
linda,21
umar,21
laevis,21
magnifica,21
mallochohelea,21
lc,21
prix,21
setigera,21
dictyonellidae,21
methia,21
aciculites,21
pachastrellidae,21
aperta,21
asteropus,21
spinosus,21
cacospongia,21
decorata,21
characella,21
cladocroce,21
litorhina,21
chondropsis,21
paryphoconus,21
kenyensis,21
townsendi,21
erythrus,21
desmacidon,21
pictus,21
cyrtoneurina,21
ataxia,21
ephydatia,21
canadensis,21
johnsoni,21
holopsamma,21
zenillia,21
hyrtios,21
iotroata,21
istocheta,21
eurithia,21
indophantes,21
kaestneria,21
hebrides,21
transversa,21
réunion,21
mediterranean,21
pesarini,21
rico,21
kraus,21
sisicottus,21
tchatkalophantes,21
kochi,21
southern,21
ophrynia,21
asynapta,21
tanyptera,21
piel,21
helvetia,21
naubolus,21
po,21
yx,21
yz,21
ld,21
arachnura,21
bakhvalov,21
metania,21
monanchora,21
pangonius,21
stypommisa,21
aegophagamyia,21
eutreta,21
limnophyes,21
parilisia,21
goniodineura,21
progonomyia,21
york,20
macedonia,20
parempheriella,20
kasatuan,20
tabuek,20
bamulo,20
betawi,20
komering,20
ogan,20
sinan,20
kelapa,20
mamiliah,20
sakolah,20
muaro,20
randah,20
mambantu,20
kaluargo,20
patumbuahan,20
paraturan,20
tagak,20
tatantu,20
bodi,20
baruah,20
bambang,20
basi,20
panjajahan,20
tiga,20
pemerintah,20
kajuaraan,20
ranah,20
tarab,20
dahulu,20
kopi,20
suhu,20
pariode,20
revolusi,20
abu,20
malik,20
ayah,20
tamu,20
jati,20
kecil,20
idris,20
tunku,20
boliviana,20
psyrassa,20
nadu,20
nagar,20
pygommatius,20
lb,20
nd,20
shannoni,20
trichopoda,20
pbb,20
texana,20
hirsutus,20
maruina,20
thompson,20
apriona,20
phorinia,20
series,20
bakeri,20
peruviana,20
prionus,20
rhodopina,20
concolor,20
aneflomorpha,20
rustica,20
biannulata,20
aculeata,20
tiang,20
stephens,20
yb,20
spongosorites,20
neurolyga,20
taeniata,20
hispida,20
madagascariensis,20
dlr,20
kc,20
arctotipula,20
obsoleta,20
amabilis,20
sikkimensis,20
flavus,20
marshalli,20
lk,20
konglomerat,20
lh,20
somatidia,20
calodexia,20
ps,20
coptocercus,20
neomuscina,20
eastern,20
kaisar,20
niphates,20
goodwin,20
inflata,20
gymnosoma,20
poecilanthrax,20
tuberculatus,20
sinuosa,20
marginata,20
neognophomyia,20
varians,20
oz,20
bellus,20
femorata,20
anceps,20
hydrophoria,20
walkeri,20
decora,20
halichoclona,20
dimidiatus,20
distinctus,20
gnelitsa,20
ceratinops,20
spectabilis,20
heimer,20
palustris,20
maorineta,20
brevipes,20
sciastes,20
bosnia,20
hercegovina,20
wabasso,20
nitidus,20
dymasius,20
asemonea,20
ligonipes,20
massagris,20
meleon,20
andriamalala,20
pseudamycus,20
lw,20
kv,20
yw,20
zoltowski,20
baldratia,20
pg,20
geniculata,20
sarinda,20
sibianor,20
spartaeus,20
synemosyna,20
leucetta,20
acanthonevra,20
pelastoneurus,20
acropsilus,20
culiseta,20
meigen,20
afrolimonia,20
peripheroptera,20
protogonomyia,20
dibagi,19
aguang,19
taba,19
teknik,19
ibadah,19
maninjau,19
online,19
sarawak,19
tiok,19
siak,19
warga,19
kelantan,19
barupo,19
halim,19
mambangun,19
batahan,19
kaamanan,19
demokrasi,19
pamiliahan,19
indah,19
tropis,19
mada,19
pajalanan,19
parusahoan,19
punctipennis,19
tukang,19
my,19
perwakilan,19
panggunoan,19
guguak,19
urusan,19
panikahan,19
pagawai,19
muhammadiyah,19
pustaka,19
pemerintahan,19
sado,19
indicus,19
vincent,19
alumni,19
md,19
dicerura,19
jungiella,19
perang,19
adejeania,19
rengat,19
cenaku,19
rosenbergia,19
lo,19
ghana,19
lucida,19
pumila,19
korupsi,19
longiseta,19
valida,19
neuratelia,19
hainanensis,19
soror,19
aidil,19
crossotus,19
pullata,19
elegantula,19
cristata,19
brunnescens,19
beckeri,19
ornatus,19
krakatau,19
masril,19
grammoptera,19
polyzonus,19
mimosybra,19
compacta,19
me,19
gonarthrus,19
gold,19
stonei,19
whitelegge,19
lehnert,19
antennata,19
obscuripennis,19
lambe,19
decipiens,19
batesi,19
djur,19
novaezealandiae,19
neolimonia,19
ov,19
pruinosa,19
theonellidae,19
callidium,19
assimilis,19
amoena,19
guttata,19
paquin,19
grube,19
bursellia,19
georgescu,19
anaglyptus,19
hypselistes,19
penicillata,19
yarkand,19
nikobar,19
cristatus,19
jacksonoides,19
trichopterna,19
striata,19
wubana,19
fuscipes,19
pocadicnemis,19
notata,19
onomastus,19
lz,19
kz,19
pw,19
lv,19
flavicornis,19
alexanderi,19
holvorcem,19
holt,19
salpingogaster,19
bertrana,19
gea,19
parawixia,19
poltys,19
cladura,19
clephydroneura,19
zelandoglochina,19
heizmannia,19
uzbekistan,18
bahasonyo,18
dischistus,18
armenia,18
nk,18
kok,18
asali,18
mawakili,18
contohnyo,18
kakuatan,18
geografis,18
sikolah,18
ujuang,18
pakaian,18
kuaso,18
voc,18
persatuan,18
kakuasoan,18
palawanan,18
duduak,18
bafungsi,18
khatulistiwa,18
bapindah,18
tumbuah,18
tumbuahan,18
informasi,18
rancak,18
jambak,18
rami,18
payakumbuh,18
usua,18
dprd,18
bonjol,18
bagindo,18
rimbo,18
mesir,18
ganting,18
tak,18
sarai,18
kesehatan,18
cylindrepomus,18
perguruan,18
politeknik,18
merah,18
parabezzia,18
dere,18
gan,18
ilyas,18
balangsuang,18
vockerothi,18
sekretaris,18
salalu,18
kampus,18
rapek,18
acaro,18
si,18
andaman,18
parantauan,18
rivai,18
jurnalis,18
isa,18
sjahrir,18
brabant,18
orthopodomyia,18
theonella,18
cosmisoma,18
clytocerus,18
dinera,18
panzeria,18
gymnopapuaia,18
mar,18
mali,18
flaviventris,18
longicollis,18
row,18
jackson,18
concinna,18
testacea,18
peripsychoda,18
santos,18
rostrata,18
penampang,18
undulata,18
ochracea,18
pharsalia,18
cyrtinus,18
rhizaxinella,18
crocidium,18
pollinosa,18
appendiculata,18
trochospongilla,18
holcocephala,18
bisetosa,18
minuscula,18
ostedes,18
radiospongilla,18
day,18
willistoni,18
purpurea,18
macrocondyla,18
allohelea,18
suriah,18
tanypremna,18
kb,18
zaquan,18
gorybia,18
inaequalis,18
fromont,18
carballo,18
alectona,18
stryphnus,18
iotrochotidae,18
acarnia,18
desqueyroux,18
picticornis,18
borojevic,18
cornulum,18
coelosia,18
stoeba,18
pauper,18
cingulata,18
scopalina,18
bimaculatus,18
deroplia,18
mimomyia,18
guitarra,18
glacialis,18
homaxinella,18
thrypticomyia,18
elytrimitatrix,18
pygmaeus,18
levis,18
lepida,18
sardinia,18
fox,18
coleoxestia,18
neomochtherus,18
frontinella,18
fusciphantes,18
britania,18
kreta,18
penai,18
audouin,18
arctica,18
regalis,18
silometopoides,18
spinipes,18
bifasciata,18
metopobactrus,18
benoit,18
minimus,18
notiomaso,18
novafroneta,18
arcuata,18
clinohelea,18
agorius,18
rhabdastrella,18
merian,18
heçiak,18
carrhotus,18
brevipalpis,18
haddad,18
harmochirus,18
mozambique,18
helpis,18
antilles,18
holcolaetis,18
marengo,18
pq,18
pe,18
monoxenus,18
schoutedeni,18
callia,18
sassacus,18
kušnirák,18
chrysanthus,18
meromacrus,18
celaenia,18
acidiella,18
scione,18
achalcus,18
metriocnemus,18
amphineurus,18
discobola,18
bakuaso,17
teori,17
satunyo,17
produk,17
rumpun,17
dimano,17
panuah,17
kerinci,17
sakai,17
papua,17
lumpur,17
mereka,17
albovittata,17
inggris,17
tunggal,17
tetap,17
bararti,17
majapahit,17
istimewa,17
angko,17
lapangan,17
club,17
walau,17
parekonomian,17
kabudayoan,17
panduduaknyo,17
maju,17
pajanjian,17
dipiliah,17
paninggalan,17
kariang,17
festival,17
terminal,17
sakali,17
tanpa,17
jao,17
aie,17
meja,17
agus,17
macquarti,17
profesional,17
kudus,17
puisi,17
batas,17
samudera,17
emas,17
dara,17
bakadudukan,17
pasir,17
dilakuan,17
salapan,17
sebagai,17
swasta,17
tugu,17
kemerdekaan,17
sarjana,17
latar,17
makah,17
daripado,17
panguruih,17
rosalba,17
seniman,17
manantang,17
tangga,17
kamerdekaan,17
konstitusi,17
golongan,17
muda,17
pulang,17
madang,17
diniyah,17
parti,17
probezzia,17
andina,17
novantinoe,17
his,17
bisaltes,17
amphicnaeia,17
laetus,17
award,17
orbitalis,17
oxford,17
consobrina,17
nigripalpis,17
acuminata,17
microphthalma,17
mongolica,17
splendens,17
javana,17
barbata,17
canariensis,17
merupakan,17
epepeotes,17
sumatrensis,17
choeromorpha,17
vernalis,17
setosus,17
talavera,17
ulomyia,17
greater,17
pasifik,17
splendida,17
trivittata,17
lophosia,17
caudata,17
arnaudi,17
leucostoma,17
admontia,17
argentata,17
uramya,17
ocularia,17
excavata,17
rotundipennis,17
plumosa,17
canada,17
prawiranegara,17
atlantica,17
dosen,17
apicata,17
princeps,17
marginatus,17
amurensis,17
neomelaniconion,17
benjamin,17
papuana,17
celebensis,17
agelasidae,17
gray,17
compressa,17
cavernicola,17
prominens,17
acutus,17
mayetiola,17
orseolia,17
gigantea,17
eranina,17
pseudoperomyia,17
similosodus,17
plagiohammus,17
clara,17
basilewskyi,17
angulata,17
halisarcidae,17
poléjaeff,17
notabilis,17
andreeva,17
coquillettomyia,17
corsomyza,17
parvulus,17
canariphantes,17
dicymbium,17
annamanum,17
diploplecta,17
reducta,17
glyphesis,17
gnathonarium,17
aleucosia,17
idionella,17
verde,17
banksi,17
ptilogyna,17
serrata,17
satilatlas,17
tapinopa,17
nasoona,17
pseudafroneta,17
pseudotyphistes,17
sericea,17
cleomenes,17
bauab,17
syllimnophora,17
sokotra,17
lapsias,17
mantius,17
canescens,17
reimoser,17
nagaina,17
pharacocerus,17
bifurcata,17
prostheclina,17
irrorata,17
šarounová,17
nq,17
lr,17
ou,17
oq,17
oj,17
estheria,17
od,17
costata,17
pv,17
proctacanthus,17
hug,17
floridensis,17
ametlla,17
palearctic,17
acusilas,17
carepalxis,17
gibbaranea,17
hexachaeta,17
diachlorus,17
philipotabanus,17
metasphenisca,17
dasophrys,17
lipsothrix,17
idioglochina,17
pyrestes,16
badaulaik,16
ari,16
olimpiade,16
gnadochaeta,16
ikan,16
angek,16
austronesia,16
from,16
makassar,16
bali,16
sakitarnyo,16
pahang,16
parak,16
samanjak,16
mancari,16
mudah,16
badiri,16
barek,16
manjadikan,16
anti,16
tando,16
kompleks,16
gajah,16
thai,16
legenda,16
buliah,16
pisang,16
mamanangkan,16
pamainan,16
stadion,16
turuik,16
thoosa,16
unit,16
kilometer,16
lambang,16
marapi,16
total,16
baraik,16
xi,16
statistik,16
parnah,16
ajaran,16
sialang,16
kabijakan,16
campo,16
bela,16
tetraopes,16
mauritius,16
elok,16
ms,16
mexico,16
paran,16
tujuan,16
mu,16
ibrahim,16
ulosa,16
cuspidata,16
acyphoderes,16
crinita,16
lombok,16
kabau,16
autumnalis,16
kata,16
siam,16
perkawinan,16
life,16
halaman,16
volksraad,16
eny,16
masyumi,16
makmur,16
hypsioma,16
rufithorax,16
nm,16
rhabdogaster,16
times,16
bunyi,16
jambu,16
situjuah,16
multiformis,16
situbondo,16
sagan,16
pgs,16
tragocephala,16
heliographa,16
pallidipennis,16
pu,16
janetiella,16
japonicus,16
mo,16
massa,16
nu,16
spain,16
pk,16
ganda,16
pangkek,16
sastera,16
amictus,16
tetropium,16
trichomachimus,16
nx,16
pachastrella,16
luctuosa,16
nigritarsis,16
eriothrix,16
ussuriensis,16
prosena,16
tomopterus,16
angolensis,16
echinata,16
cacostola,16
tonkinensis,16
muchtar,16
roni,16
panglimo,16
epimelitta,16
perforata,16
reticulatus,16
gonioscelis,16
furva,16
phoriospongia,16
zimini,16
sordida,16
paragymnastes,16
pegoplata,16
tombelli,16
festiva,16
bicincta,16
sim,16
bilobata,16
keller,16
lecania,16
acanthocinus,16
villosus,16
kieschnick,16
ndsted,16
rigida,16
darwinellidae,16
fenestrata,16
nuda,16
depressa,16
biseta,16
paradidyma,16
psectrosema,16
gressitti,16
laxenecera,16
ozineus,16
oculata,16
cornutus,16
aequalis,16
cyrtosia,16
attenuata,16
gibbosa,16
mutabilis,16
consimilis,16
pallidula,16
vosmaeropsis,16
charitonov,16
dactylopisthes,16
dismodicus,16
alticeps,16
sha,16
nicolet,16
parallelodiplosis,16
sundevall,16
seriphidomyia,16
erigonella,16
flavipalpis,16
forster,16
stylissa,16
sycorax,16
decoratus,16
paradoxus,16
speciosa,16
mecynidis,16
scotargus,16
uyemura,16
styloctetor,16
syedra,16
formosus,16
metamynoglenes,16
loewi,16
eximia,16
sycettusa,16
afraflacilla,16
dyal,16
badcock,16
chirothecia,16
cobanus,16
bifasciatus,16
decorus,16
richman,16
lenz,16
fabricius,16
jotus,16
leptorchestes,16
scalaris,16
diolenius,16
frigga,16
börngen,16
tautenburg,16
bickel,16
bergisch,16
gladbach,16
ueda,16
kaneda,16
kushiro,16
ne,16
nh,16
lj,16
comusia,16
conicera,16
ol,16
mv,16
lg,16
nz,16
thiania,16
trite,16
bituberculata,16
woomera,16
utahensis,16
synageles,16
petromica,16
mcnaught,16
paresperella,16
larinioides,16
dicladocera,16
platensina,16
viridigona,16
cladotanytarsus,16
erax,16
caenoglochina,16
mons,16
pseudoglochina,16
finlaya,16
abad,15
kaampek,15
otonomi,15
dibuang,15
english,15
bak,15
hilia,15
kamungkinan,15
dibaok,15
manunjuakan,15
syekh,15
pakan,15
masarakaik,15
pasatuan,15
supayo,15
ratu,15
vibrissina,15
kaputusan,15
ix,15
belanda,15
kutiko,15
markas,15
dinamokan,15
pangeran,15
timua,15
dagang,15
proyek,15
sarangan,15
bisnis,15
dulunyo,15
pasar,15
pasambahan,15
diadoan,15
grup,15
santan,15
urban,15
pasukuan,15
sombilan,15
badarah,15
lareh,15
karyanyo,15
mahkota,15
masalah,15
violacea,15
bundesliga,15
juara,15
saaik,15
gareja,15
hidangan,15
jaso,15
dayo,15
drama,15
paris,15
bangkinang,15
utan,15
pura,15
masehi,15
singgalang,15
singkarak,15
mardeka,15
nv,15
pidari,15
pos,15
lokasi,15
nl,15
nn,15
pl,15
lompek,15
raso,15
pakakeh,15
tropicomyia,15
basatu,15
adam,15
sulaiman,15
parormosia,15
makam,15
soal,15
hikayat,15
aktivitas,15
siberut,15
tun,15
sagalo,15
maningkek,15
matrilineal,15
kami,15
pangatahuan,15
pambarontakan,15
siti,15
armatus,15
pertanian,15
lirik,15
maxima,15
nations,15
venustus,15
lasi,15
karang,15
phoracantha,15
perjuangan,15
chaetopleurophora,15
velutina,15
sanguinea,15
irwini,15
meterioptera,15
guttatus,15
malaisei,15
murina,15
macquartia,15
collaris,15
tang,15
madu,15
likas,15
thecocarcelia,15
vulgaris,15
facialis,15
komisi,15
dasymolophilus,15
ospriocerus,15
diversa,15
texanus,15
pelargoderus,15
apiogaster,15
seabrai,15
ventralis,15
albitarsis,15
bithia,15
aenea,15
cruz,15
curvipes,15
grahami,15
northern,15
sjafruddin,15
gadjah,15
djohan,15
virescens,15
atesta,15
dorysthenes,15
bispinosa,15
suhatman,15
pangaragoan,15
littoralis,15
claspettomyia,15
rubriceps,15
incisa,15
oligotrophus,15
coloradensis,15
persis,15
mc,15
nodosa,15
suberitidae,15
acanthotetilla,15
calcinai,15
ancorina,15
rossi,15
laticeps,15
tubulosa,15
calyx,15
septentrionalis,15
cerbaris,15
geniculatus,15
chondrosia,15
rugosa,15
virgata,15
burtoni,15
sigmatomera,15
procera,15
alternata,15
tropicalis,15
kunbir,15
crambe,15
myxillidae,15
duplex,15
carbonaria,15
prolixa,15
matilei,15
rhizomyia,15
stichillus,15
albomaculata,15
formotipula,15
regina,15
diacarnus,15
uppsala,15
glauca,15
incognita,15
euryspongia,15
bryanti,15
auriceps,15
bulbosa,15
leptocometes,15
schmidtiana,15
leiodermatium,15
leiosella,15
drensky,15
aplomya,15
baryphyma,15
caviphantes,15
excisa,15
calcaratus,15
sinuata,15
panimerus,15
coloncus,15
cresmatoneta,15
nebulosus,15
silvicola,15
pseudexechia,15
erigonoploides,15
mulaik,15
hybauchenidium,15
woodi,15
annulatus,15
vitticollis,15
kulczynskii,15
hingston,15
sibiricus,15
milleri,15
rollard,15
baert,15
pavesi,15
nesioneta,15
intermedius,15
zeuxia,15
oldroydi,15
arizonensis,15
cuprea,15
peckhami,15
cutler,15
plastophora,15
michotamia,15
goleba,15
hasselt,15
langelurillus,15
próchniewicz,15
maratus,15
centralis,15
muziris,15
bismarck,15
guérin,15
artimpaza,15
rosalia,15
martini,15
nachi,15
katsuura,15
deopalpus,15
margites,15
ll,15
og,15
nj,15
sabroskyi,15
callimetopus,15
borophaga,15
nomen,15
phytomia,15
mecynogea,15
pseudophorellia,15
ammophilomima,15
antiphrisson,15
coquillett,15
howardina,15
dinasti,14
disabuikan,14
qur,14
sang,14
biaro,14
sudah,14
bendera,14
western,14
baku,14
lewat,14
selat,14
semenanjung,14
apobilo,14
televisi,14
kristen,14
timor,14
tabek,14
producta,14
gaduang,14
tatok,14
sabalumnyo,14
sabananyo,14
didirikan,14
wilayahnyo,14
era,14
migrasi,14
mandukuang,14
marzuki,14
pamukiman,14
puluahan,14
city,14
barisi,14
katarangan,14
dibawah,14
malintang,14
tenis,14
phthinia,14
balaku,14
dikalola,14
mediocris,14
pangambangan,14
tanam,14
residen,14
wordpress,14
berita,14
konfederasi,14
aturan,14
babahaso,14
taratak,14
sakaliliang,14
tambusai,14
magnus,14
aterrima,14
pauh,14
bayua,14
dipakiroan,14
siko,14
dikatahui,14
mamasak,14
kode,14
kuniang,14
naiak,14
langkah,14
patahanan,14
madinah,14
kasehatan,14
gol,14
los,14
sabana,14
bebas,14
baro,14
manyadiokan,14
dimainkan,14
buruang,14
lama,14
ukiran,14
miliar,14
katumanggungan,14
sumando,14
proto,14
latief,14
syah,14
aktor,14
campestris,14
atripennis,14
xylotoles,14
bisa,14
uttar,14
cruciata,14
hubungan,14
freyi,14
pseudochaeta,14
aurifrons,14
england,14
siamensis,14
kivuensis,14
spinulosa,14
melas,14
pione,14
graphogaster,14
mw,14
iklan,14
spiniphora,14
floridana,14
seberang,14
incompta,14
veribubo,14
papustakaan,14
maropoan,14
antodice,14
blepharipa,14
dynatosoma,14
kima,14
pilaria,14
fasciculata,14
florida,14
akademi,14
terpios,14
lasiomma,14
senior,14
confinis,14
chaetophthalmus,14
eodorcadion,14
cordylomera,14
ephies,14
drycothaea,14
del,14
sangaris,14
meridiana,14
notomulciber,14
poimenesperus,14
hovorei,14
ruber,14
hypenetes,14
hebecnema,14
clathriodendron,14
stuckenbergi,14
australoechus,14
argentea,14
latus,14
collarti,14
stomatosema,14
leptomorphus,14
horrida,14
nippotipula,14
bangalaia,14
zelia,14
seriata,14
munir,14
zainuddin,14
atripes,14
flavida,14
crassicornis,14
jefri,14
isochariesthes,14
villiersi,14
lypha,14
hilaris,14
fimbriatus,14
lp,14
nasuta,14
ly,14
maritima,14
taonura,14
melanocephala,14
ruficollis,14
rubens,14
vasseur,14
dichotoma,14
wiedenmayer,14
connexa,14
kraussi,14
auletta,14
sisyropa,14
philippinensis,14
trinitatis,14
epipedocera,14
chondrillidae,14
canaliculata,14
dendrocia,14
samaai,14
nivea,14
separata,14
ametrodiplosis,14
vidua,14
grayella,14
dendrilla,14
suberea,14
athylia,14
thelaira,14
bidens,14
parvus,14
gertschi,14
oreophila,14
amphelictus,14
fisheri,14
mongolicus,14
hamacanthidae,14
tenuipes,14
microps,14
bilineata,14
pictipes,14
zosteria,14
jacksoni,14
asemostera,14
striatus,14
zonata,14
gentilis,14
atriceps,14
holmi,14
deelemania,14
spongionella,14
aglaoschema,14
costaricensis,14
floronia,14
sigmaxinella,14
saaristoi,14
anthracina,14
macrargus,14
jurinia,14
pacificus,14
concinnus,14
capitata,14
barnes,14
silvestriola,14
thaleria,14
tmeticus,14
troxochrus,14
ummeliata,14
incompleta,14
dalmas,14
nematogmus,14
bipunctata,14
bicornuta,14
piniphantes,14
psilocymbium,14
trilineata,14
breitfuss,14
echinohelea,14
puncticollis,14
acragas,14
idiopyga,14
nowickia,14
neosybra,14
kx,14
bavia,14
bahama,14
chira,14
chai,14
habrocestoides,14
narayan,14
hahn,14
fimbriata,14
homalattus,14
punctatus,14
pachomius,14
paramarpissa,14
perty,14
pseudeuophrys,14
epocilla,14
stelodoryx,14
kagawa,14
gekko,14
shimizu,14
nw,14
flavifrons,14
ow,14
leptostylopsis,14
acutipennis,14
munroi,14
laticornis,14
phebellia,14
tethyopsis,14
sidusa,14
bequaerti,14
sposetti,14
gnosca,14
acantharachne,14
arenochalina,14
grapelia,14
chaetacis,14
cryptaranea,14
neaspilota,14
asyndetus,14
ablabesmyia,14
deinocerites,14
atarbodes,14
bathypogon,14
cerotainia,14
downsiomyia,14
diganti,13
paparangan,13
maharajo,13
mamulai,13
etimologi,13
aratinyo,13
muncul,13
org,13
dystasia,13
nc,13
barakhia,13
deli,13
dilakukan,13
marga,13
khususnyo,13
flores,13
agak,13
batabuah,13
benteng,13
dicaliak,13
mamiliaki,13
mamarintah,13
sanskerta,13
durian,13
satangah,13
fasilitas,13
curah,13
hewan,13
minyak,13
restoran,13
wakia,13
nogori,13
bawang,13
david,13
sadonyo,13
tatapi,13
suci,13
kadatangan,13
saliang,13
istano,13
bung,13
suaro,13
gutenberg,13
sudaro,13
mambaok,13
manyabuikan,13
payokumbuah,13
asisten,13
bayang,13
maya,13
jikok,13
hitam,13
tapanuli,13
manguasoi,13
pandidikannyo,13
limau,13
djamil,13
sakit,13
tentara,13
masjid,13
pop,13
angin,13
mistar,13
bill,13
halimah,13
alboplagiata,13
singa,13
baasa,13
karambia,13
dimasak,13
kadai,13
bajudul,13
perempuan,13
jurnal,13
basudaro,13
adinegoro,13
pangusaho,13
katuo,13
forum,13
saraiella,13
albolineata,13
cinereus,13
leei,13
obscuripes,13
nigrum,13
lahir,13
flavitarsis,13
pleuralis,13
revolusioner,13
ruficauda,13
anubis,13
meninggal,13
dikaruniai,13
atas,13
doktor,13
baju,13
therobia,13
rizal,13
tidak,13
masa,13
corus,13
microdebilissa,13
jacobsoni,13
sexmaculata,13
haruyan,13
hemingway,13
carl,13
groningen,13
jucunda,13
phoebe,13
vadonia,13
flavibasis,13
nonyma,13
haplusia,13
sturmia,13
cloniophorus,13
nigrina,13
bonai,13
neosardus,13
desertorum,13
pseudocalamobius,13
trichopsychoda,13
tillobroma,13
spinifera,13
sierra,13
leone,13
britain,13
hexoplon,13
arisemus,13
albosignata,13
mesembrina,13
areolata,13
spiralis,13
pectinata,13
albifacies,13
threticus,13
rhaphiptera,13
pseudalosterna,13
senegalensis,13
javanica,13
neoarisemus,13
thelairosoma,13
tropica,13
remota,13
fuliginosa,13
zanzibar,13
hello,13
chatib,13
pangacara,13
sjarifuddin,13
prionocera,13
caliginosa,13
exiguus,13
psilomerus,13
balap,13
maikuti,13
antiqua,13
thompsoni,13
brøndsted,13
trifida,13
bigoti,13
solida,13
lissonotus,13
pasan,13
akun,13
pedostrangalia,13
mk,13
hystrix,13
nannocyrtopogon,13
papillata,13
clathrata,13
denticulata,13
bubaridae,13
hesperandra,13
secunda,13
occulta,13
discolor,13
insolita,13
formosia,13
metaniidae,13
crambeidae,13
manni,13
varipennis,13
polystepha,13
pogonocherus,13
zikani,13
angustipennis,13
pulchellus,13
machadoi,13
leptolabis,13
moechotypa,13
klautau,13
indistincta,13
nigricauda,13
marshall,13
schoenomyza,13
phryneta,13
olivacea,13
disjuncta,13
parandra,13
nigrifrons,13
moluccas,13
gnoma,13
dentichelis,13
suavis,13
aenigmatistes,13
helophora,13
longiventris,13
rubriventris,13
keyserlingi,13
longispina,13
callichroma,13
lurida,13
lygarina,13
asiaticus,13
dupérré,13
fei,13
hebes,13
unimaculata,13
saloca,13
antennatus,13
smermisia,13
proximus,13
albonotata,13
tibioploides,13
tiso,13
limbata,13
insulanus,13
berlandi,13
allodiopsis,13
longipalpus,13
albipennis,13
ater,13
crane,13
wirthi,13
ancita,13
superba,13
congoensis,13
forcipata,13
wijesinghe,13
elateropsis,13
gelotia,13
szombathy,13
itata,13
ligurra,13
zaitzevi,13
solitaria,13
metacyrba,13
nycerella,13
pachyballus,13
panysinus,13
holmberg,13
xenocytaea,13
aeolesthes,13
eudejeania,13
mq,13
trisopsis,13
quadrivittata,13
rubida,13
nf,13
ln,13
aerenea,13
np,13
lq,13
imitator,13
mecosaspis,13
trigonospila,13
lm,13
bebelis,13
idiostrangalia,13
telothyria,13
nigerrima,13
xanthogaster,13
panegyrtes,13
vanduzeei,13
kvistaberg,13
ventricosus,13
schaenicoscelis,13
acrosomoides,13
amazonepeira,13
argentinomyia,13
micrepeira,13
stibasoma,13
sophira,13
blepharoneura,13
actinoptera,13
pseudosmittia,13
paratanytarsus,13
catageiomyia,13
dapanoptera,13
keuangan,12
phyllomya,12
jiko,12
diateh,12
iskandar,12
terkenal,12
ampang,12
dirinyo,12
ilmuwan,12
sahari,12
sanak,12
huruf,12
dki,12
ragam,12
regional,12
contoh,12
dasa,12
ampia,12
terengganu,12
kacuali,12
dipangaruahi,12
naning,12
baba,12
malay,12
tua,12
banuhampu,12
dikecamatan,12
sabalum,12
proklamasi,12
salasai,12
mh,12
status,12
jambatan,12
mangubah,12
walikota,12
taseba,12
tasadio,12
sea,12
mall,12
nio,12
induak,12
tali,12
medali,12
kompetisi,12
yudhoyono,12
uralensis,12
rubripes,12
net,12
arena,12
mira,12
liau,12
synapha,12
album,12
dangan,12
salaweh,12
pangarang,12
produksi,12
dinamoan,12
persen,12
tabik,12
ton,12
painan,12
inderapura,12
blog,12
ditarimo,12
tapeknyo,12
manyalasaian,12
utusan,12
palabuhan,12
sumpur,12
manjalankan,12
aspek,12
fruhstorferi,12
kelok,12
bamukim,12
mandapekan,12
manyababkan,12
sipil,12
pelajar,12
sma,12
institut,12
konsep,12
bond,12
mekkah,12
mulia,12
haram,12
malakukan,12
old,12
tarakhia,12
klan,12
batujuan,12
mallorca,12
kalau,12
budayawan,12
putih,12
nampak,12
kebudayaan,12
transmigrasi,12
koran,12
pachyteria,12
sungayang,12
masing,12
rempah,12
komunis,12
saleh,12
sosialis,12
gani,12
majilih,12
kompas,12
als,12
nanus,12
hylemya,12
cana,12
lugens,12
irlandia,12
pusio,12
punctulata,12
lepidus,12
terdapat,12
pembagian,12
penduduk,12
mp,12
nr,12
ruficeps,12
blabia,12
ams,12
modal,12
japan,12
sei,12
mochlosoma,12
divisa,12
recta,12
dafta,12
zambia,12
baringin,12
tessellata,12
grata,12
euporus,12
nigricollis,12
berasal,12
garuda,12
promolophilus,12
vadoni,12
epropetes,12
charoides,12
kurarua,12
tonga,12
brevipennis,12
hygiea,12
coronata,12
motif,12
stictica,12
mayor,12
john,12
music,12
recchia,12
doliops,12
metallicus,12
coptops,12
auriculata,12
pallidicornis,12
agilis,12
bivittatus,12
phaenobezzia,12
sericeus,12
nasutus,12
bini,12
gardneri,12
ropalopus,12
arhopalus,12
silvestris,12
beckerina,12
scapularis,12
boninensis,12
empidideicus,12
beringotipula,12
granulipennis,12
eutolmus,12
setifera,12
bumetopia,12
atrichobrunettia,12
pennata,12
nicholsoni,12
barukuran,12
megawati,12
obesa,12
deputi,12
harun,12
kamil,12
dahlan,12
nelly,12
yeni,12
pamuda,12
polri,12
chrysotachina,12
albicans,12
prestasi,12
polyardis,12
williamsi,12
murik,12
driopea,12
mionochroma,12
albescens,12
imperfecta,12
hubneria,12
viridescens,12
eurhipidia,12
stone,12
levy,12
planodema,12
oxeata,12
stylifera,12
chelidonium,12
cervicornis,12
curvata,12
bavestrello,12
primitiva,12
annandale,12
sulphurea,12
repens,12
hyatt,12
papillosa,12
toxochalina,12
rufipennis,12
ridleyi,12
lumawigi,12
arenosa,12
schulzei,12
curtus,12
fristedt,12
discreta,12
koreana,12
wilsoni,12
coccinea,12
estoloides,12
clavicornis,12
guancha,12
wilsonella,12
complicata,12
cliothosa,12
aurivillii,12
corallistes,12
plectroninia,12
cribrochalina,12
cyamon,12
cymbastela,12
delectona,12
fulviventris,12
ochraethes,12
megaphorus,12
sarà,12
mallochi,12
granulosa,12
arenicola,12
turneri,12
fibulia,12
idactus,12
pyrellina,12
ebaeides,12
rhizoniera,12
helenae,12
soestella,12
flexuosa,12
proagonistes,12
tethionea,12
halicometes,12
heteromeyenia,12
amazonica,12
simillima,12
rubescens,12
hymerhabdia,12
coomani,12
conulosa,12
hippa,12
alioranus,12
allomengea,12
logunovi,12
obliqua,12
canariellanum,12
dumitrescu,12
crinitus,12
cheniseo,12
crassipalpis,12
diplocentria,12
luteola,12
modica,12
stratospongilla,12
alaskensis,12
inornatus,12
goneatara,12
cyanea,12
pratensis,12
plectromerus,12
jalapyphantes,12
lasiargus,12
crocea,12
andamanica,12
hardyi,12
mimetica,12
marples,12
darlingtoni,12
elgonensis,12
ledoux,12
hull,12
dönitz,12
unicornis,12
blondelia,12
flavicauda,12
furcifer,12
strandella,12
introduced,12
turinyphia,12
velox,12
potanini,12
ukraine,12
pulcherrima,12
deserticola,12
microbathyphantes,12
sexmaculatus,12
paikiniana,12
litoralis,12
spiroxya,12
annamensis,12
scotti,12
neavei,12
edmunds,12
parasyringella,12
ashtabula,12
ballus,12
nemopalpus,12
blantoni,12
cocalodes,12
coryphasia,12
cyrba,12
flavolineata,12
gangus,12
gastromicans,12
ghelna,12
bohdanowicz,12
hyetussa,12
brevitarsis,12
cumming,12
lurio,12
sylvicola,12
mexigonus,12
orthrus,12
paradamoetas,12
paraheliophanus,12
peckhamia,12
geminata,12
emathis,12
epeus,12
bicolorata,12
lx,12
nudospongilla,12
allophorocera,12
ocellata,12
lindneri,12
rhachoepalpus,12
vitripennis,12
burtonanchora,12
browni,12
thorelliola,12
titanattus,12
aethiops,12
discalis,12
notatus,12
colombiana,12
rufina,12
batters,12
bisei,12
sobasina,12
scutellatus,12
leuconia,12
leucettusa,12
imperatore,12
leucascus,12
uenohara,12
acacesia,12
microxina,12
senaspis,12
molinaranea,12
acrotaeniostola,12
pliomelaena,12
aphrosylus,12
dicrotendipes,12
rheocricotopus,12
glyptotendipes,12
guimarães,12
barraclough,12
laosa,12
neoglochina,12
elephantomyodes,12
emphysomera,12
bangun,11
rujukan,11
diakui,11
sabatang,11
asal,11
pacah,11
filsuf,11
bada,11
basah,11
tentang,11
kita,11
norwegia,11
jaleh,11
hiburan,11
lintang,11
capek,11
mudiak,11
dulu,11
british,11
samaso,11
isi,11
langkok,11
tan,11
kondisi,11
samacam,11
metropolitan,11
group,11
asean,11
panyakik,11
kotamadya,11
artis,11
jazz,11
ulang,11
lantai,11
nasi,11
merek,11
panghargaan,11
palatiah,11
tabaiak,11
awak,11
picea,11
ayam,11
tapek,11
ilimu,11
man,11
is,11
pamekaran,11
cagar,11
kotanyo,11
marupakan,11
jingga,11
banyaknyo,11
sago,11
kadudukan,11
ditunjuak,11
masyarakaiknyo,11
keju,11
bantuan,11
pandatang,11
ls,11
simbol,11
tatuo,11
mandorong,11
siswa,11
malanjuikan,11
samulo,11
lanjuik,11
kan,11
jalua,11
tanago,11
moyang,11
sirah,11
disinan,11
jolong,11
anjik,11
didapek,11
ayat,11
chaniago,11
dictenidia,11
kanduang,11
kaadaan,11
agama,11
cerita,11
pertama,11
residentie,11
aur,11
pers,11
istri,11
barikuiknyo,11
derobrachus,11
kuliah,11
kehidupan,11
kerabat,11
hamka,11
damai,11
fahmi,11
rosihan,11
alisjahbana,11
zain,11
ani,11
sukses,11
breda,11
achryson,11
calon,11
ikatan,11
parmena,11
cherrybelle,11
penyanyi,11
lispoides,11
aspera,11
cycnidolon,11
ormia,11
cuneata,11
gloriosa,11
philonicus,11
sinica,11
mata,11
paratelmatoscopus,11
peranap,11
tamaik,11
kemal,11
maria,11
gaung,11
kemuning,11
burung,11
lordotus,11
calanthemis,11
ti,11
fulvipes,11
aliena,11
phelipara,11
schineri,11
protuberans,11
crassus,11
terminalis,11
ute,11
inc,11
mars,11
public,11
sebuah,11
kemudian,11
kapas,11
pia,11
darat,11
sarambi,11
flavovittata,11
leiopus,11
nang,11
plesiomma,11
collessi,11
barulak,11
amblymora,11
eugnophomyia,11
guangxiensis,11
notiocharis,11
piszkéstető,11
macrodiplosis,11
eriphus,11
zaira,11
desisa,11
ns,11
rhypholophus,11
triplicitipula,11
rwanda,11
elemen,11
jesselton,11
kongres,11
paralipophleps,11
begalung,11
barbatus,11
parvicornis,11
genitalis,11
nigrithorax,11
corrhenes,11
arabica,11
luzonica,11
neglecta,11
densepunctata,11
flavicans,11
peureulak,11
pendleburyi,11
cinerascens,11
dasyphora,11
anomalus,11
neotelmatoscopus,11
haematobosca,11
bezzii,11
histrio,11
trotteria,11
metro,11
costatus,11
bantan,11
laxa,11
truncatus,11
cryptomeigenia,11
parwira,11
lutfi,11
nazir,11
nawawi,11
kumandan,11
dotor,11
kepala,11
ssb,11
rhopalizus,11
signifera,11
ectophasia,11
divisus,11
sparnopolius,11
conjuncta,11
caesia,11
simulator,11
rhipidocephala,11
hebetula,11
micomitra,11
borgmeieri,11
logo,11
topik,11
sauteri,11
ully,11
saragih,11
nazaruddin,11
france,11
ceylonica,11
lampria,11
phloeodictyidae,11
voogd,11
rudis,11
barraza,11
hemiasterellidae,11
beglinger,11
alata,11
ferrer,11
linnaeus,11
patelloa,11
parasitica,11
guineensis,11
rosea,11
sisyrnodytes,11
bazarella,11
densa,11
murrayi,11
fibrosa,11
fluviatilis,11
aphria,11
mima,11
beccarii,11
johannsenomyia,11
tridens,11
chromalizus,11
corrugata,11
phacodes,11
gyaritus,11
palmata,11
cylindricus,11
anomophysis,11
pallescens,11
divergens,11
phymatodes,11
fortis,11
flaviceps,11
fuscoapicalis,11
paraensis,11
manicata,11
sumatranus,11
pyriformis,11
penicillatus,11
fuscicornis,11
ischnolea,11
pyrellia,11
pexopsis,11
coerulea,11
mixta,11
usitata,11
castaneus,11
genea,11
spinata,11
pseudhammus,11
fairmairei,11
alpinus,11
clarkei,11
lancearius,11
digitatus,11
seo,11
asthenargoides,11
atypena,11
silvatica,11
alpicola,11
fagicola,11
emertoni,11
sachalinensis,11
tridentata,11
uncinata,11
drapetisca,11
drepanotylus,11
magnificus,11
dunedinia,11
falkland,11
aureola,11
gorbothorax,11
hybocoptus,11
hylyphantes,11
ribera,11
schlingeri,11
andamanensis,11
rhynchomicropteron,11
aconodes,11
clavatus,11
pennatus,11
scandinavia,11
furcatus,11
polenec,11
comatus,11
madagascar,11
plusiomyia,11
saaristoa,11
apache,11
spiniger,11
sisicus,11
tallusia,11
pinguis,11
lesserti,11
lise,11
montivaga,11
metafroneta,11
aethiopica,11
millidgea,11
moebelia,11
limatus,11
subalpina,11
perro,11
plectembolus,11
glaurocara,11
inconspicua,11
hyalina,11
ischnocnemis,11
tetraglenes,11
unifasciata,11
thaumastoptera,11
eudicrana,11
militaris,11
mimica,11
territory,11
amycus,11
trimaculata,11
pallidipes,11
tesi,11
gedea,11
grayenulla,11
morocco,11
helicius,11
validus,11
transversalis,11
clark,11
separatus,11
indomarengo,11
rectangularis,11
macutula,11
lunata,11
constricta,11
vestita,11
neobrettus,11
nosferattus,11
taiwanensis,11
paraplatoides,11
aureus,11
pystira,11
zebraplatys,11
curta,11
sanguinolenta,11
fusiformis,11
lochmaeocles,11
luteiventris,11
stroncone,11
modra,11
oropeza,11
nb,11
freadelpha,11
linsleyi,11
trestonia,11
hystricia,11
ny,11
solenoptera,11
hirticornis,11
luteipennis,11
mn,11
lutescens,11
fucellia,11
neonitocris,11
paramormia,11
trichophora,11
praxithea,11
planodes,11
polyrhaphis,11
anthomyia,11
stelligera,11
thraxan,11
lestremia,11
cineos,11
oaxaca,11
mccook,11
bal,11
austalis,11
fairchildi,11
milonia,11
chasmia,11
cecidochares,11
tetreuaresta,11
parasyntormon,11
afroestricus,11
alcimus,11
parachironomus,11
mansonia,11
chaetocladius,11
eukiefferiella,11
pseudorthocladius,11
aphrophila,11
shima,11
crosskey,11
baranov,11
emden,11
crypteria,11
connomyia,11
glochina,11
engelepogon,11
eupolyphragma,11
kalahiran,10
kamba,10
dirajo,10
sir,10
panampuang,10
candi,10
diantaro,10
brachineura,10
anyo,10
manih,10
padeh,10
indonesian,10
dirancang,10
kutai,10
ambon,10
institusi,10
itulah,10
pabedaan,10
pandapaik,10
anaknyo,10
ulando,10
prasasti,10
tacataik,10
selangor,10
mukomuko,10
sampiang,10
maculosus,10
ladang,10
gedung,10
patah,10
pangganti,10
league,10
bogor,10
malaporan,10
unsur,10
setia,10
manangah,10
wayang,10
mandiri,10
mamintak,10
pitih,10
linteh,10
diikuti,10
pondok,10
mambukak,10
pitopang,10
atlet,10
games,10
paneh,10
manajemen,10
kaduonyo,10
china,10
thranius,10
mirip,10
uefa,10
parageron,10
dijadian,10
bulek,10
uni,10
panggilan,10
kabudayaan,10
cetak,10
bandaro,10
sidang,10
maalami,10
enam,10
lingkung,10
vii,10
gadangnyo,10
whitei,10
football,10
pohon,10
tantaro,10
diparintah,10
harimau,10
sariak,10
kain,10
bagala,10
rembau,10
samakin,10
sabutan,10
kanagarian,10
baganti,10
mauni,10
sairiang,10
andaleh,10
sitti,10
resort,10
maadoan,10
aziz,10
bacoan,10
dijadikan,10
laporan,10
sikek,10
pellucida,10
bukti,10
malalak,10
dihuni,10
bujang,10
titik,10
persiba,10
takamuko,10
kahormatan,10
malambangkan,10
dibandiangan,10
sariamin,10
konflik,10
phycopsis,10
tasebar,10
manganuik,10
naskah,10
way,10
agresi,10
jenis,10
dibaco,10
bakti,10
syahrir,10
menara,10
abbas,10
djamin,10
suko,10
rais,10
nudus,10
andorra,10
palinduangan,10
bangsawan,10
jurusan,10
górecki,10
hungarica,10
presenter,10
neopelta,10
pilipes,10
kashmir,10
trinidadensis,10
punctifrons,10
floralis,10
fasciatum,10
tujuh,10
bersatu,10
kodepos,10
dipacayo,10
lebanon,10
studies,10
bunga,10
puella,10
americanus,10
tampuo,10
dekat,10
vesperus,10
patenih,10
fulvithorax,10
scamboneura,10
gaurotes,10
macrurohelea,10
neotropica,10
tonnoira,10
pemekaran,10
rutilotrixa,10
zaphne,10
pandawan,10
parilis,10
human,10
secara,10
index,10
prothema,10
noinclude,10
lobus,10
himalayensis,10
strongylodesma,10
incertus,10
albipes,10
spinigera,10
cnemolia,10
oswaldia,10
prof,10
taurhynchus,10
miranda,10
lópez,10
europe,10
liberia,10
pamilu,10
kasutanan,10
pelbagai,10
gong,10
halal,10
sepanggar,10
walker,10
bi,10
kadazan,10
tewas,10
rhopalophora,10
aneflus,10
ectyomyxilla,10
wallacei,10
viridipennis,10
ponti,10
bispinosus,10
stiphrolamyra,10
langsa,10
bruchi,10
pagar,10
angustata,10
cyrtoclytus,10
travassosi,10
acemya,10
samarensis,10
tinctipennis,10
conradti,10
oestranthrax,10
delicatula,10
neolipophleps,10
taiwanomyia,10
erycia,10
masiphya,10
biseriata,10
megophtalmidia,10
albomaculatus,10
blanda,10
procontarinia,10
besseria,10
teleneura,10
mauna,10
nigrofasciata,10
palawanensis,10
albofasciatus,10
paraleucilla,10
psikologi,10
atur,10
antonia,10
arif,10
saldi,10
dpd,10
soedarpo,10
flavomaculata,10
petai,10
nas,10
dalu,10
malanjuik,10
oeax,10
timnas,10
kariernyo,10
parmenonta,10
pemilihan,10
palpibracus,10
ambiguus,10
insolens,10
ussurica,10
hermya,10
bryomyia,10
scleropogon,10
curticornis,10
flabellata,10
robinsoni,10
oceanica,10
bing,10
slamet,10
pokat,10
seychellensis,10
keshogunan,10
setulosa,10
rotunda,10
tener,10
carpenteri,10
pallas,10
scleritodermidae,10
mediterranea,10
thoosidae,10
cerrano,10
fistulosa,10
brickle,10
lobatus,10
smidtia,10
hernandez,10
dickinson,10
multisetosa,10
picton,10
aruensis,10
longiscapus,10
calcarata,10
moneilema,10
chondropsidae,10
ciocalyptoides,10
coreana,10
diffusa,10
kanoi,10
lacustris,10
brucei,10
cinctipes,10
brumptomyia,10
relicta,10
nigromaculata,10
setomima,10
violaceus,10
vagans,10
cremersia,10
axosuberites,10
integra,10
mitroplatia,10
vasiformis,10
laevicollis,10
tenuissima,10
ascandra,10
frigida,10
aethiopicus,10
pogonosoma,10
perakensis,10
breuningi,10
ornatipennis,10
neodohrniphora,10
nigrolineata,10
abyssi,10
procleomenes,10
hunedoara,10
marginella,10
istanbul,10
cephalispa,10
lopesi,10
misella,10
spallanzania,10
papuatipula,10
evanescens,10
lacordairei,10
alternans,10
transversus,10
nemorilla,10
stylata,10
diluta,10
lundbecki,10
stylifer,10
peregrinus,10
cryptopalpus,10
triangulifera,10
longistylus,10
nemaschema,10
coriacea,10
werneri,10
euparatropesa,10
arbuscula,10
felix,10
calocosmus,10
keiseri,10
auratus,10
gaediopsis,10
weiss,10
jocqu,10
tumida,10
tao,10
munda,10
sola,10
belgium,10
umbrosa,10
erythrocera,10
thomsoni,10
indies,10
siphosturmia,10
tetraommatus,10
posticata,10
helsdingenia,10
marmoratus,10
umbripennis,10
hypsocephalus,10
ipa,10
dentipes,10
alluaudi,10
kolymensis,10
nenilini,10
graminicola,10
duplicata,10
bruggmannia,10
masoncus,10
loksa,10
crete,10
caucasicus,10
bryantae,10
inflatus,10
nemoralis,10
esyunin,10
collina,10
nipponica,10
delecta,10
hortensis,10
praecox,10
taranucnus,10
trematocephalus,10
excavatus,10
fagei,10
typhistes,10
reimoseri,10
linzhiensis,10
arida,10
perplexus,10
sodalis,10
ovatus,10
candida,10
nigromaculatus,10
özdikmen,10
parapelecopsis,10
promynoglenes,10
prosoponoides,10
mz,10
nigroapicalis,10
cordata,10
varius,10
jenkin,10
pachychalina,10
pericharax,10
chaetexorista,10
ascyltus,10
youngi,10
anauxesis,10
fausta,10
bellota,10
chalcotropis,10
guianensis,10
auxa,10
hesperotipula,10
prodiaphania,10
rex,10
signatus,10
cupreus,10
mordax,10
hurius,10
subinermis,10
frosti,10
beg,10
tenebrosa,10
ochraceus,10
smithi,10
dilatata,10
naphrys,10
omoedus,10
pandisus,10
phaulostylus,10
phausina,10
bipunctatus,10
pseudosynagelides,10
zeuxippus,10
eustiromastix,10
schmadel,10
watanabe,10
kitami,10
ml,10
diocophora,10
tomentosa,10
heteromyia,10
sarcotragus,10
chrysoexorista,10
centrotoclytus,10
incamyia,10
loewia,10
petiolata,10
ceralocyna,10
tariona,10
tauala,10
thyenula,10
tusitala,10
diadiplosis,10
quadrispinosa,10
engyum,10
trachysomus,10
masatopes,10
romitia,10
siler,10
siloca,10
raspaxilla,10
sondra,10
jurić,10
truncatipennis,10
bahiensis,10
oxylamia,10
kolenohelea,10
thrinacophora,10
morio,10
buie,10
kawasato,10
argyrophylax,10
saha,10
socotra,10
patel,10
tapinillus,10
plocamione,10
starkenburg,10
lepidomyia,10
acanthocera,10
palumbia,10
cyphalonotus,10
dubiepeira,10
enacrosoma,10
tabanocella,10
pseudotabanus,10
trypanaresta,10
rhabdochaeta,10
myopites,10
acroceratitis,10
achradocera,10
albibarbefferia,10
corynoneura,10
paracladopelma,10
tanypus,10
hydrobaenus,10
brachyrhopala,10
ctenolimnophila,10
caenolimonia,10
haemagogus,10
eudioctria,10
eximius,9
extensa,9
aleksander,9
bapaknyo,9
ingin,9
upayo,9
gurah,9
fisika,9
moderen,9
kapal,9
lawan,9
sajinih,9
asam,9
george,9
internet,9
tadaftar,9
diwakili,9
barusaho,9
banjar,9
amaik,9
dayak,9
kapantiangan,9
portugih,9
lahan,9
sistim,9
salo,9
aneka,9
ada,9
atlantik,9
real,9
surakarta,9
minggu,9
bekasi,9
panalitian,9
kamanangan,9
alasan,9
dipandang,9
strategis,9
itam,9
mamutuihan,9
letnan,9
bukanlah,9
didominasi,9
digantian,9
upacaro,9
sains,9
makan,9
signifikan,9
manyatoan,9
warisan,9
patuang,9
koleksi,9
surabaya,9
guci,9
korong,9
kutianyia,9
subarang,9
pangian,9
sati,9
lomba,9
dimakamkan,9
panyaia,9
asian,9
susilo,9
bibliografi,9
chlorolydella,9
gawang,9
fifa,9
pandukuang,9
yesus,9
tapantiang,9
yaitunyo,9
manjago,9
istiadaik,9
dana,9
jantuang,9
gigi,9
lueh,9
didukuang,9
miliak,9
docidomyia,9
stadium,9
westkust,9
pua,9
patamuan,9
mandailing,9
ujan,9
masiah,9
pemilu,9
mancakuik,9
dirujuak,9
tiongkok,9
singgah,9
natal,9
lurah,9
pelalawan,9
mambawahi,9
okinawa,9
federasi,9
femoratus,9
mangambangkan,9
aliah,9
tajadinyo,9
tsunami,9
tingginyo,9
babasis,9
citra,9
maningkekan,9
kuranji,9
delta,9
dinas,9
nieh,9
nias,9
pandirian,9
hakka,9
salat,9
malayani,9
uin,9
kadokteran,9
selasih,9
badagang,9
pasca,9
lulusan,9
pilihan,9
tarlatak,9
manchester,9
akia,9
faktor,9
strategi,9
nenek,9
ungkapan,9
bah,9
jamaah,9
nitidiventris,9
sipakbola,9
pajabaik,9
semifinal,9
panguaso,9
cadiak,9
yatim,9
acuminatus,9
conifera,9
kamang,9
brachypeza,9
pangalaman,9
bantul,9
martinezi,9
aestiva,9
molorchus,9
gayo,9
upacara,9
diuni,9
diingek,9
alim,9
mandi,9
tungku,9
jose,9
tridentatus,9
karena,9
rusli,9
badasakan,9
ditetapkan,9
anai,9
potensi,9
katolik,9
manggantikan,9
pakawinan,9
mansoer,9
dewi,9
pambalajaran,9
kakak,9
sataruihnyo,9
kategori,9
mahkamah,9
dikatokan,9
pakarajo,9
ughang,9
ocu,9
intan,9
dipanggia,9
tempo,9
thawalib,9
sejak,9
trichoferus,9
diotrepha,9
murphyi,9
society,9
bbc,9
madhya,9
kæn,9
shah,9
longula,9
sebahagian,9
hastata,9
berada,9
balkan,9
arcuatus,9
kulim,9
madrasah,9
kakaknyo,9
bajuang,9
mandah,9
pelangiran,9
balengkong,9
tembilahan,9
purba,9
selain,9
cirebon,9
sichuanensis,9
aurescens,9
luctuosus,9
geospasial,9
bnpb,9
limpasu,9
plocaederus,9
kpg,9
goes,9
dapat,9
lagi,9
iain,9
remaja,9
esthlogena,9
egle,9
melanura,9
strandiella,9
lamellata,9
anambas,9
petani,9
pinggir,9
zelindopsis,9
hamid,9
anza,9
cilipes,9
decellei,9
cerro,9
monte,9
general,9
red,9
middle,9
cyaneus,9
bulu,9
bagaimanopun,9
zafuan,9
razak,9
abidin,9
bajau,9
point,9
kapolisian,9
badminton,9
tetrops,9
obscurum,9
quadrisetosa,9
bilineatus,9
downeshelea,9
mallosia,9
sylvatica,9
chávez,9
clytellus,9
rotundus,9
potemnemus,9
badius,9
eurysthea,9
saxicola,9
subfasciata,9
paratropesa,9
strobilomyia,9
rhopalomeces,9
ubek,9
kea,9
gracilior,9
serbia,9
subarctica,9
nigrovittata,9
parsegi,9
dokter,9
purn,9
hybozelodes,9
stomoxys,9
tripunctata,9
obscurella,9
dirjen,9
koordinator,9
sekjen,9
komunikasi,9
eksekutif,9
tara,9
herman,9
syamsir,9
anshary,9
religion,9
kostrad,9
laevigata,9
bremia,9
bahasil,9
periboeum,9
parepidosis,9
macropeza,9
nevadensis,9
miccolamia,9
helymaeus,9
laosica,9
apatophysis,9
aenigmatias,9
angularis,9
robertsi,9
carcellia,9
partita,9
holoneurus,9
dia,9
dorsey,9
mutahar,9
misye,9
noemia,9
viridana,9
sakhalin,9
prosopofrontina,9
plumicornis,9
acanthancora,9
azana,9
recurvata,9
aitkeni,9
acanthopolymastia,9
maura,9
rugosus,9
imperator,9
anomoianthella,9
hemilissa,9
procumbens,9
pteroplatus,9
mimenicodes,9
arenosclera,9
solomonensis,9
gardineri,9
zea,9
cook,9
myrmosicarius,9
batzella,9
olivaceus,9
albofasciata,9
bubaris,9
hechtel,9
ndez,9
yunnana,9
ignobilis,9
allocotocera,9
molobratia,9
carteriospongia,9
chelonaplysilla,9
cephalodromia,9
grammoechus,9
cinachyra,9
rutila,9
baryssinus,9
albopilosa,9
simile,9
athemistus,9
tetraulax,9
gibbons,9
nervosa,9
crucifera,9
birmanica,9
subulata,9
tonnoiriella,9
cornulella,9
schurmanni,9
chirosia,9
cribrata,9
plana,9
ischasia,9
euryarthrum,9
impar,9
dasychalina,9
fijiensis,9
occultus,9
clavipes,9
senex,9
obliquata,9
phyllocnema,9
unica,9
emodotipula,9
trichodolichopeza,9
desmacididae,9
dictyodendrilla,9
didiscus,9
davidi,9
spadix,9
arenaria,9
drulia,9
papyracea,9
mulciber,9
ectyonopsis,9
minax,9
dentifera,9
biformis,9
reniformis,9
fungicola,9
wittei,9
atlanticus,9
hamigera,9
lagocheirus,9
hyattella,9
omissa,9
ianthella,9
griseipennis,9
kaliapsis,9
pluto,9
dubiosa,9
locketi,9
martensi,9
antrohyphantes,9
aphileta,9
hoplistomerus,9
asperthorax,9
dresco,9
brachycerasphora,9
comata,9
perdita,9
hamifera,9
zonatus,9
maculiventris,9
serratus,9
crosbyi,9
carinatus,9
cymatura,9
hackman,9
denisi,9
bertkau,9
marusiki,9
enguterothrix,9
tenuipalpis,9
malayana,9
conspicua,9
fissiscapus,9
flagelliphantes,9
approximata,9
frontinellina,9
confusus,9
trichodura,9
gonatoraphis,9
wunderlichi,9
angarotipula,9
gravipalpus,9
herbiphantes,9
holminaria,9
falcatus,9
pamiricus,9
ausserer,9
syntemna,9
pulchripes,9
rodrigues,9
piceus,9
plagionotus,9
locketidium,9
pieza,9
gynandromyia,9
monoceros,9
millidgei,9
balkans,9
clarus,9
fulgens,9
electa,9
minutissima,9
nivalis,9
uncinatus,9
megafroneta,9
kurile,9
phlyctenosis,9
saitonia,9
mitis,9
bonneti,9
biceps,9
nigerrimus,9
thorelli,9
chyzer,9
pullus,9
nigeriensis,9
reclusa,9
wubanoides,9
zornella,9
flaveola,9
turanicus,9
nodicornis,9
verticalis,9
quadripunctata,9
minyriolus,9
mioxena,9
hamatus,9
neserigone,9
notiohyphantes,9
notioscopus,9
novafrontina,9
obscuriphantes,9
abrous,9
inconspicuus,9
peponocranium,9
plesiophantes,9
xizangensis,9
campbelli,9
poecilium,9
nigella,9
metopomyza,9
siporensis,9
timorensis,9
atomaria,9
steirastoma,9
venezuelensis,9
engeli,9
spalacopsis,9
freidbergi,9
stathmodera,9
rhagium,9
pseudomonardia,9
crassiseta,9
metzner,9
szűts,9
homogenia,9
taylori,9
sexpunctata,9
haemorrhoidalis,9
maculipes,9
mandibularis,9
logisticus,9
virgin,9
lagynogaster,9
foliacea,9
lipastrotethya,9
infrequens,9
oregonensis,9
glaucus,9
rusticus,9
heliophanoides,9
giltay,9
krause,9
mucronatus,9
gardzinska,9
ilargus,9
makhan,9
ciliatus,9
ikeda,9
maenola,9
principe,9
arabicus,9
macilenta,9
microbianor,9
microhasarius,9
mopiopia,9
annandalei,9
melancholica,9
dives,9
penionomus,9
pignus,9
papuanus,9
richardson,9
proszynskiana,9
wallaba,9
yaginumanis,9
trichostylum,9
mariae,9
micromya,9
clausa,9
endate,9
pacheco,9
choriolaus,9
macrocera,9
argentifrons,9
enes,9
incisuralis,9
mb,9
deltaspis,9
oakley,9
phryno,9
isthmiade,9
nemophas,9
lenkoi,9
elacomia,9
gymnocheta,9
paraleprodera,9
hefferni,9
alcidion,9
tasmaniensis,9
picturata,9
latifascia,9
montium,9
trilobata,9
granulosus,9
breviseta,9
fuscinervis,9
peruvianus,9
filiolus,9
glabellula,9
sericosoma,9
ectrepesthoneura,9
strongygaster,9
columbiana,9
phagomyia,9
peringueyi,9
pascoei,9
hessei,9
brithura,9
caspica,9
currani,9
neodiplocampta,9
squamosus,9
flavicollis,9
pectoralis,9
aculeatus,9
compactus,9
convergens,9
eumea,9
roe,9
caudatus,9
syngamoptera,9
uccle,9
schmidi,9
albiceps,9
hitchens,9
antipalus,9
lithoplocamia,9
acanthepeira,9
bjørn,9
melophlus,9
moluccensis,9
quichuana,9
spheginobaccha,9
court,9
vidalia,9
scedella,9
euaresta,9
chetostoma,9
nemoscolus,9
carpophthoromyia,9
perilampsis,9
coelotrypes,9
cladopelma,9
cryptochironomus,9
stictochironomus,9
beameromyia,9
kugler,9
bigot,9
herting,9
ceraturgus,9
clydonodozus,9
metalibnotes,9
nealexandriaria,9
sivalimnobia,9
mixtus,8
aslinyo,8
tricuspis,8
bapanduduak,8
kalender,8
sebutan,8
tahta,8
kalah,8
barasil,8
mangatokan,8
gabuangan,8
pasia,8
pakambangannyo,8
kamboja,8
tampak,8
maangkek,8
lansuang,8
amoenus,8
dipakirokan,8
franca,8
variasi,8
tapisah,8
kreol,8
mangecek,8
beda,8
unsua,8
tasuo,8
sub,8
putrajaya,8
kaya,8
identitas,8
tanggo,8
marica,8
kesatuan,8
memang,8
funerea,8
madrid,8
lembaga,8
praja,8
viii,8
global,8
jayakarta,8
pribumi,8
taakhia,8
sakutu,8
cito,8
nasionalis,8
layang,8
papindahan,8
pagarakan,8
skala,8
mini,8
maritim,8
feri,8
babukik,8
buruak,8
sakita,8
pinggiran,8
jaksa,8
teater,8
flora,8
rekreasi,8
pusaka,8
ratusan,8
maha,8
otomotif,8
road,8
barasia,8
wijaya,8
pabalanjoan,8
mas,8
mandaliko,8
arsitek,8
balatiah,8
patandingan,8
turnamen,8
fungsi,8
banua,8
gebu,8
dalamnyo,8
kiniko,8
alaik,8
mancetak,8
biografi,8
lee,8
main,8
limopuluah,8
mancataik,8
mambantang,8
balanjuik,8
sikaping,8
bariklim,8
topografi,8
lereng,8
pagai,8
pamarintahannyo,8
rangkaian,8
mambarikan,8
musafir,8
pokok,8
barus,8
balakangan,8
kesultanan,8
manyusun,8
karakter,8
selo,8
otonom,8
tamurun,8
toboh,8
pasang,8
jelebu,8
karate,8
susu,8
pasti,8
gurun,8
arau,8
kalinyo,8
pakotaan,8
maadok,8
mampatahankan,8
maraso,8
generasi,8
dianuik,8
nasution,8
nurbaya,8
kapau,8
peristiwa,8
syarif,8
jong,8
lingkuangan,8
ujung,8
rangkayo,8
penulis,8
tagantuang,8
paruik,8
kanan,8
panjajah,8
dindiang,8
basung,8
dibukak,8
dakwah,8
nangko,8
tampaik,8
alek,8
hyalinata,8
manatap,8
mitra,8
hasyim,8
ishak,8
teks,8
strigata,8
josé,8
paula,8
epidiplosis,8
polo,8
palma,8
majorca,8
mambueknyo,8
lamonyo,8
bapangaruah,8
paranan,8
lapeh,8
gujarat,8
kuah,8
pambuek,8
juru,8
bundo,8
usman,8
beberapa,8
pssi,8
diturunkan,8
kapua,8
bukiktinggi,8
kaduduakan,8
demokratis,8
tambang,8
dipagunokan,8
tahunan,8
record,8
siso,8
panulisan,8
talibaik,8
ranau,8
kalimo,8
mangasilkan,8
geminatus,8
washington,8
steini,8
thomasi,8
panari,8
aquinas,8
trichardis,8
perpatih,8
kalarehan,8
pribadi,8
meulaboh,8
bakal,8
tautamo,8
kudiannyo,8
rawa,8
mansur,8
kajo,8
daan,8
pni,8
permi,8
pamiliak,8
produser,8
undangan,8
niveus,8
suami,8
puti,8
manyalasaikan,8
johr,8
alias,8
chemsaki,8
senobasis,8
chalcochiton,8
trivittatus,8
aminagar,8
video,8
meranti,8
science,8
imitans,8
gansal,8
parallelus,8
fraterculus,8
kelayang,8
rakit,8
obscurior,8
quran,8
centre,8
islamic,8
pancasila,8
jurnalistik,8
baik,8
jasonyo,8
hasan,8
enok,8
barbicornis,8
ipothalia,8
demokratik,8
beliau,8
arifin,8
metapogon,8
solomonis,8
atimura,8
tuapejat,8
wörheide,8
pumilio,8
kec,8
humas,8
odontodiplosis,8
pasamankab,8
sumbarprov,8
wilayahindonesia,8
subfusca,8
whiteheadi,8
gadis,8
house,8
juga,8
sara,8
langi,8
pula,8
rendah,8
koordinat,8
php,8
pulai,8
baruang,8
caucasica,8
microdymasius,8
scalarispongia,8
heterostylum,8
syndocosia,8
danguang,8
segar,8
polynesia,8
rosa,8
frater,8
doctor,8
country,8
ltd,8
order,8
gagal,8
pembangunan,8
kampanye,8
aksi,8
roy,8
golf,8
hephaestion,8
compta,8
polylepta,8
parepilysta,8
fumicosta,8
menozziola,8
indra,8
norrisi,8
nesozineus,8
patens,8
evansi,8
hyalipennis,8
cima,8
ekar,8
darwini,8
uniseta,8
rhaphoxya,8
conarete,8
heterogenella,8
angustus,8
euthera,8
dihexaclonus,8
phyllophilopsis,8
gracilicornis,8
hyperalonia,8
cuthbertsoni,8
hiekei,8
neolimnomyia,8
cecidomyza,8
dreisbachi,8
stipitata,8
pseudoceratina,8
semanotus,8
rara,8
mandau,8
turkestanica,8
xenotachina,8
bicornis,8
prolepsis,8
hesychotypa,8
proteus,8
atripalpis,8
lopes,8
bujua,8
kolonel,8
ibunyo,8
lophopoeum,8
malaria,8
alwi,8
ferdy,8
kowani,8
rasjid,8
properti,8
soetan,8
bursa,8
aisjah,8
buruh,8
mien,8
devia,8
kub,8
habib,8
tatei,8
hexomyza,8
sternalis,8
pol,8
adiak,8
peculiaris,8
ateloglossa,8
philematium,8
colomyia,8
recurva,8
azelia,8
bremiola,8
dentatus,8
thelyconychia,8
dijabat,8
psi,8
eurycarenus,8
caribbomerus,8
columbia,8
maculicollis,8
philosophy,8
philippines,8
publishing,8
ovata,8
par,8
williams,8
tagar,8
rcti,8
sosok,8
masoni,8
tangkis,8
bona,8
distigma,8
vera,8
rosacea,8
borges,8
claviformis,8
vosmaer,8
enigmatica,8
hemisphaerica,8
thielei,8
tubulata,8
queenslandica,8
uriz,8
pronzato,8
ianthellidae,8
pauciseta,8
simplicissima,8
brondstedi,8
siribelli,8
arborescens,8
convexa,8
imbrius,8
heimler,8
transiens,8
corallistidae,8
tethyoides,8
hallmann,8
xoanodera,8
homohelea,8
sollasi,8
euplacella,8
ternatensis,8
durissima,8
calthropellidae,8
recondita,8
minutissimus,8
augusta,8
brunnipes,8
kuekenthali,8
giesberti,8
microchela,8
cinctus,8
bicuspis,8
melzeri,8
hispidula,8
psilonyx,8
prolifera,8
rubicunda,8
mastersi,8
contigua,8
hesperia,8
ceracia,8
virgo,8
aprica,8
latens,8
bullata,8
pseudostixis,8
cantharocnemis,8
aerenicopsis,8
victoriae,8
paravelleda,8
flabelliformis,8
theresae,8
patruelis,8
adumbrata,8
globosus,8
informis,8
bra,8
marma,8
egregia,8
aderpas,8
trachycladus,8
psammochela,8
mindanaonis,8
spinimegopis,8
allardi,8
opacus,8
nyoma,8
nigeriae,8
rohdendorfi,8
phellodermidae,8
eulasiopalpus,8
anevrina,8
trichoprosopon,8
maculithorax,8
aenigmaticus,8
stephensi,8
capito,8
clemelis,8
hyphantrophaga,8
saxatilis,8
gibberosa,8
oopsis,8
convexus,8
grossa,8
citrina,8
vansoesti,8
elongatum,8
compsa,8
rava,8
lampropterus,8
glabrata,8
magellanica,8
gratiosus,8
histodermella,8
plesiocera,8
ugandae,8
hypocrites,8
rubiginosa,8
latefasciatus,8
abacoproeces,8
furtiva,8
obscurata,8
insulicola,8
anodoration,8
anthrobia,8
aprifrontalia,8
estonia,8
metaleptus,8
hastatus,8
asthenargellus,8
iviei,8
rainbowi,8
cheesmanae,8
batueta,8
bifurcia,8
abditus,8
cockerelli,8
brachyptera,8
yadongensis,8
wiehle,8
oliger,8
claviphantes,8
cononedys,8
winthemi,8
dolabritor,8
aduncus,8
geraldia,8
setifacies,8
decolor,8
turbinata,8
personata,8
wen,8
exechopsis,8
exocora,8
fageiella,8
rostratus,8
frederickus,8
ihara,8
testaceus,8
taczanowskii,8
gongylidium,8
voria,8
albomarmorata,8
saundersiops,8
basarukini,8
altaicus,8
zorsch,8
kenocymbium,8
labulla,8
cunha,8
vivida,8
dilutus,8
thienemanni,8
lessertia,8
barbara,8
sisilia,8
comorensis,8
poland,8
artemisiae,8
kaston,8
laetabilis,8
cuba,8
yaginumai,8
onoi,8
sororcula,8
scirites,8
scolecura,8
secundus,8
boreus,8
scutpelecopsis,8
mirus,8
nigrotibialis,8
morosus,8
sabulosus,8
thyreosthenius,8
tibiaster,8
tomohyphantes,8
casta,8
trachyneta,8
trichoncoides,8
lucasi,8
tusukuru,8
vesicapalpus,8
ott,8
placida,8
wiehlenarius,8
zygottus,8
molesta,8
finitima,8
longus,8
bermuda,8
microctenonyx,8
monocephalus,8
somalia,8
myrmecomelix,8
fluminensis,8
neonesiotes,8
uncata,8
pallidulus,8
kishida,8
oreocyba,8
ostearius,8
pachydelphus,8
paratapinocyba,8
intricata,8
perlongipalpus,8
deformis,8
cyclops,8
cambridgei,8
prinerigone,8
pronasoona,8
protoerigone,8
majuscula,8
latipes,8
microselia,8
angulosa,8
bucki,8
melanderi,8
camerunica,8
degener,8
enganensis,8
socia,8
kozlovi,8
pulchrum,8
guerryi,8
distans,8
gemina,8
wheeleri,8
anasaitis,8
asianellus,8
tahiti,8
attidops,8
bacelarella,8
balmaceda,8
kei,8
albuquerquei,8
opsilia,8
brettus,8
capidava,8
chrysilla,8
costipennis,8
biroi,8
oligopogon,8
taeniatus,8
wanlessi,8
vexans,8
copocrossa,8
iridescens,8
apagomerina,8
punctiventris,8
trichrous,8
pictithorax,8
galianora,8
longulus,8
xiao,8
aldabra,8
goleta,8
jucundus,8
marquesa,8
verecunda,8
aeneus,8
footei,8
hisukattus,8
clarki,8
insolitus,8
nigricaudus,8
amazonicus,8
langerra,8
lauharulla,8
leikung,8
kinabaluensis,8
illustris,8
lophostica,8
expansa,8
mantisatta,8
striatipes,8
sadana,8
meata,8
regius,8
tropicus,8
bradley,8
nannenus,8
natta,8
nebridia,8
albiventris,8
orsima,8
paradecta,8
luteus,8
petersi,8
hybrida,8
zuniga,8
aphroceras,8
poecilognathus,8
xanthomelanodes,8
eris,8
turkmenica,8
paroeme,8
flacillula,8
microtropesa,8
paratimea,8
agnia,8
amazonensis,8
trachyderes,8
nyssodrysina,8
yasumatsui,8
svenzea,8
californiensis,8
vittipennis,8
dominicana,8
grossepunctata,8
stigmatica,8
xenomyia,8
desmatoneura,8
sobrina,8
hystriomyia,8
hemisturmia,8
haruspex,8
monnei,8
isomerida,8
aneura,8
aemula,8
dichroa,8
potamolepis,8
mythenteles,8
cordyligaster,8
mx,8
braziliensis,8
imitatrix,8
vasta,8
mg,8
terralonus,8
trikentrion,8
thiratoscirtus,8
radialis,8
fidelis,8
milloti,8
braueri,8
catharosia,8
thornburghiella,8
confluens,8
sceptonia,8
oncosclera,8
forattinii,8
filipes,8
palpata,8
nitidula,8
opsamates,8
odonatisca,8
anacamptomyia,8
tarsata,8
acrostichalis,8
peregrina,8
quadratus,8
coptosia,8
oohira,8
mucronata,8
diversipes,8
rudra,8
dendya,8
houghia,8
porteri,8
scopocira,8
pedestris,8
rhipidoxylomyia,8
stertinius,8
stylocordyla,8
pleraplysilla,8
punctigera,8
tetramerinx,8
maai,8
cribripennis,8
eutrixopsis,8
phorocerosoma,8
bombylella,8
indianus,8
ferrugineus,8
zealandotachina,8
phakettia,8
rhytidodera,8
tenebrosus,8
athrycia,8
verso,8
tedaniopsis,8
taracticus,8
chichibu,8
bradleyi,8
meijere,8
acroaspis,8
andrewsi,8
appendiculatus,8
wagneria,8
perkinsi,8
oxymycale,8
chao,8
citrogramma,8
phlyctaenopora,8
hiatomyia,8
mixogaster,8
nausigaster,8
propinquus,8
lurdia,8
hingstepeira,8
kapogea,8
kilima,8
leviellus,8
lipocrea,8
luzonensis,8
rapax,8
gastrozona,8
fasciventris,8
craspedoxantha,8
cornutrypeta,8
heterofibria,8
dyseuaresta,8
acinia,8
pseudeutreta,8
ordgarius,8
pronous,8
rhochmopterum,8
strauzia,8
zygiella,8
hendrella,8
scellus,8
calyxochaetus,8
ablautus,8
afroholopogon,8
stenochironomus,8
apoclea,8
aridefferia,8
nanocladius,8
eurhamphidia,8
nothormosia,8
rhampholimnobia,8
parakiefferiella,8
paratrichocladius,8
conchapelopia,8
carinefferia,8
conosia,8
campbellomyia,8
brachylimnophila,8
kenknightia,8
flavolineatus,7
anoploderomorpha,7
keturunan,7
zulkarnain,7
adopun,7
katumangguangan,7
parpatiah,7
tungga,7
mangatoan,7
daulunyo,7
corak,7
neomexicana,7
demografi,7
guide,7
language,7
library,7
standar,7
lingua,7
arek,7
panutua,7
bilah,7
pamakaian,7
tamiang,7
pattani,7
rejang,7
mui,7
takana,7
panyebaran,7
tatulih,7
persekutuan,7
lambek,7
labuan,7
cocos,7
pangikuik,7
pancarian,7
ekspedisi,7
motto,7
konon,7
baa,7
dimainan,7
terdiri,7
bancano,7
paku,7
depok,7
babaun,7
pra,7
pesat,7
ancaman,7
demak,7
palimo,7
manyarang,7
mangirim,7
imigran,7
maninggakan,7
malarang,7
trisakti,7
diubah,7
domestik,7
kasanian,7
tampil,7
patunjuakan,7
pangadilan,7
kuliner,7
bagantuang,7
gagasan,7
baranti,7
diponegoro,7
baparan,7
toko,7
jantan,7
kandang,7
panyalai,7
parik,7
simalanggang,7
panglima,7
penyair,7
pandapek,7
dokumen,7
disusun,7
batandiang,7
komite,7
pria,7
double,7
akbar,7
ni,7
ruangan,7
federal,7
garam,7
takanan,7
non,7
kito,7
bapusek,7
kamatiannyo,7
jasa,7
superstes,7
filmografi,7
time,7
panorama,7
parahu,7
peraturan,7
awa,7
rusak,7
bavariasi,7
kamiriangan,7
papanjangan,7
kurinci,7
pilar,7
panabangan,7
lia,7
gadangan,7
emdeni,7
padri,7
ibnu,7
mangiriman,7
musyawarah,7
fenomena,7
saudara,7
dinyatokan,7
lagenda,7
lunang,7
coast,7
pasakutuan,7
dahulunyo,7
inti,7
melalui,7
tabiang,7
bungsu,7
ujong,7
nasib,7
bamuaro,7
maraiah,7
smp,7
pola,7
puskesmas,7
itiak,7
palupuh,7
antar,7
bajarak,7
balantai,7
premier,7
saparuah,7
tulakan,7
malompek,7
sadar,7
trowongan,7
ribu,7
panti,7
jones,7
motivasi,7
julukan,7
riwayat,7
bani,7
enaretta,7
langik,7
litopus,7
pseudoptilolepis,7
malang,7
pemain,7
nigrosignata,7
mana,7
pesta,7
idul,7
kalio,7
bapandapek,7
bahwasanyo,7
talua,7
manggabuangkan,7
ditangkok,7
mande,7
ingens,7
mutiara,7
tugeh,7
sajarangan,7
baoperasi,7
wisatawan,7
elly,7
kasim,7
biro,7
saisuak,7
barito,7
digantikan,7
tabukak,7
development,7
palayaran,7
putera,7
diadaikkan,7
uang,7
filsafat,7
chino,7
egaliter,7
fisik,7
tabantuaknyo,7
karabaik,7
sibolga,7
cikal,7
amrullah,7
effendi,7
biduanda,7
manca,7
yamin,7
chaerul,7
kamantarian,7
liberal,7
said,7
pakar,7
ning,7
eunos,7
hangek,7
nogoghi,7
empat,7
pilah,7
manjalin,7
talibat,7
komoditas,7
grande,7
cubana,7
giganteus,7
zona,7
maharashtra,7
tempatan,7
leechi,7
alang,7
mecas,7
kepada,7
nagorno,7
karabakh,7
kepadatan,7
profile,7
yli,7
edition,7
binjai,7
seberida,7
kepustakaan,7
info,7
mampalajari,7
alahan,7
gumanti,7
manampuah,7
lulus,7
mangkritik,7
panjaro,7
petisi,7
letjen,7
mamuek,7
koperasi,7
kalua,7
glabricollis,7
sukajadi,7
megalopelma,7
braunsi,7
thomensis,7
gusti,7
konferensi,7
urutan,7
mulya,7
parerigone,7
pectiniseta,7
caenobrunettia,7
serrulata,7
coerulescens,7
sobria,7
angku,7
magek,7
sebelah,7
tobipuranga,7
greenomyia,7
sipora,7
tenax,7
helladia,7
dipindahkan,7
all,7
takenal,7
hermonensis,7
engelomyia,7
corruption,7
manis,7
tokohindonesia,7
coxalis,7
review,7
information,7
interview,7
coauthor,7
mind,7
serta,7
hulontalangi,7
hulontalo,7
tempat,7
nani,7
bersama,7
sebelum,7
sejenis,7
sutera,7
kurun,7
news,7
osphryon,7
payung,7
muscina,7
pala,7
setipes,7
oedopeza,7
sabang,7
euphorbiae,7
koreanus,7
halme,7
oxycoleus,7
nubeculosa,7
paludicola,7
forticornis,7
mirei,7
ecituncula,7
tepi,7
rupat,7
ito,7
harmandiola,7
eritrea,7
pici,7
imbellis,7
collins,7
sárneczky,7
flavofasciata,7
tyrinthia,7
gracillima,7
ochreosignata,7
chiriquí,7
santa,7
national,7
quadrata,7
ungulata,7
buru,7
picayo,7
progresif,7
agong,7
mayang,7
mohd,7
radzak,7
komisaris,7
sagi,7
purus,7
carpatica,7
megophyra,7
gamma,7
caliptera,7
definitif,7
kembang,7
sigli,7
binotata,7
darul,7
setifer,7
lycochoriolaus,7
giardomyia,7
pratorum,7
kolorehan,7
piezocera,7
nicarete,7
germaria,7
fulvipennis,7
dolok,7
tubericollis,7
hyperdiplosis,7
purpureus,7
luzonicus,7
floricola,7
andersoni,7
vetusta,7
buay,7
wangi,7
melania,7
albida,7
rondania,7
nubilis,7
celticecis,7
xixuthrus,7
gymnoclytia,7
unifasciatus,7
thaib,7
nicolae,7
roberts,7
dufouria,7
artelida,7
laraesima,7
entelopes,7
langkuweh,7
pajabat,7
achmad,7
jandela,7
setiawan,7
raden,7
penghargaan,7
cara,7
lucidus,7
xanthomelas,7
bahubuangan,7
suntiang,7
panasehat,7
armida,7
gerindra,7
bustami,7
ramli,7
chandra,7
husein,7
ade,7
amalia,7
latif,7
sjamsuddin,7
andre,7
shamsiah,7
fakeh,7
tatty,7
hasnan,7
lkma,7
kapolda,7
pangdam,7
yugoslavia,7
macrodontia,7
prodegeeria,7
flavosignatus,7
mimorsidis,7
qinghaiensis,7
porosa,7
dicrodiplosis,7
marangkap,7
giat,7
parkeri,7
iresioides,7
gabonensis,7
oxylymma,7
papuaphila,7
scleroprocta,7
elytroleptus,7
maximus,7
peruana,7
malaccensis,7
triploechus,7
angustatus,7
koalisi,7
malacoscylus,7
manduduak,7
formosensis,7
nitidicollis,7
bisignatus,7
divaricata,7
stovia,7
eumecocera,7
fernandezi,7
carrerai,7
redaksi,7
singapore,7
rufitibia,7
greek,7
iskak,7
pelawak,7
aplikasi,7
menikah,7
pembantu,7
tokyo,7
paulista,7
cadurcia,7
kabel,7
nominasi,7
chiastocheta,7
indiana,7
satjipto,7
markis,7
kido,7
sunrise,7
high,7
tokugawa,7
mammillata,7
inflexa,7
peixinho,7
nakamurai,7
dimorpha,7
nicocles,7
callipogon,7
maynei,7
tolandi,7
glaber,7
caribica,7
amerohelea,7
dohrni,7
tethyidae,7
patagonica,7
gomez,7
solangeae,7
perlucida,7
torquata,7
rutilans,7
boppeus,7
zebra,7
cavernosa,7
kielman,7
semirufa,7
fulvescens,7
setifemur,7
actinochaetopteryx,7
janus,7
sensu,7
sessilis,7
teledapus,7
perpusilla,7
brewin,7
flabellifera,7
sphaerica,7
lerner,7
mutica,7
beveren,7
hansen,7
thylactus,7
rufus,7
lastaurus,7
stefaniella,7
flavonigra,7
ceylonensis,7
bethelium,7
inconstans,7
pollex,7
italica,7
ceylanica,7
vernoniae,7
apiculata,7
hartmani,7
subaequalis,7
granulata,7
guitarridae,7
hancocki,7
javanicus,7
lehri,7
loricata,7
curvinervis,7
mephritus,7
iberica,7
alander,7
populi,7
montanum,7
reptans,7
chaetogaedia,7
aegomorphus,7
sisyromyia,7
prahova,7
trichoneura,7
protodejeania,7
gahani,7
antalya,7
cestonia,7
macrocerides,7
championi,7
ferox,7
trispinosa,7
orthomegas,7
pseudohippopsis,7
grayi,7
barbiellinii,7
jeanneli,7
arcifera,7
profunda,7
prionota,7
parvicellula,7
geminus,7
afra,7
benoiti,7
cava,7
macula,7
multidentata,7
satanas,7
interruptus,7
phaedinus,7
hesthesis,7
cingulatus,7
variata,7
erinacea,7
caliginosus,7
weerdt,7
rubella,7
punctulatus,7
kurilensis,7
pedunculata,7
nigrohumeralis,7
caerulea,7
arborea,7
dasyuromyia,7
apicale,7
barnesi,7
stabilis,7
fasciolata,7
hibernica,7
quadriseta,7
typica,7
sororia,7
spinifer,7
vilis,7
serotina,7
carphina,7
bactromyia,7
tachinomyia,7
leonensis,7
pachyta,7
calamomyia,7
ordinaria,7
tyschchenko,7
spinicosta,7
ussuricus,7
malawiensis,7
archaraeoncus,7
delicatus,7
arcana,7
annae,7
perforatus,7
habilis,7
zhai,7
duplicatus,7
bolephthyphantes,7
nigropictus,7
sylvestris,7
albidus,7
prudens,7
hispanica,7
roeweri,7
shirakii,7
mastododera,7
georgiana,7
hirticeps,7
cnephalocotes,7
wulpi,7
coreorgonal,7
jilinensis,7
bilobatus,7
teres,7
fuscipalpis,7
epibellowia,7
coquilletti,7
aegyptiaca,7
pictilis,7
canus,7
horcotes,7
longissima,7
ketambea,7
knischatiria,7
argentinensis,7
tristan,7
peruensis,7
aberdarensis,7
acoreensis,7
siprus,7
bidentatus,7
intricatus,7
marquesas,7
transcaspica,7
luteipes,7
monepidosis,7
norfolk,7
locketina,7
lophomma,7
tonnoiri,7
lautus,7
inca,7
breviceps,7
thaleri,7
simillimus,7
caracladus,7
sinuatus,7
subalpinus,7
sinuosus,7
clavipalpis,7
decens,7
suspecta,7
minutum,7
lihat,7
falsamblesthis,7
seyyar,7
alpica,7
imitata,7
acanthoderes,7
cognatus,7
gestroi,7
leoninus,7
ryojius,7
frontata,7
pectinatus,7
ruralis,7
caporiaccoi,7
longidens,7
plumipes,7
diversus,7
macrophthalma,7
fugax,7
mitrata,7
solivaga,7
tricornis,7
medius,7
boliviensis,7
robustum,7
lineola,7
ovalis,7
dux,7
leleupi,7
midas,7
cuspidatus,7
aequabilis,7
agrestis,7
coronatus,7
howardi,7
trilineatus,7
oryphantes,7
fornicata,7
pavida,7
reclinata,7
pseudomicrargus,7
invenusta,7
balteata,7
aurifacies,7
claviger,7
doliogethes,7
brachycera,7
furcula,7
frenchi,7
kusamai,7
sericans,7
alvarengai,7
neocerambyx,7
tenuicornis,7
amicus,7
carinifrons,7
latefasciata,7
paravibrissina,7
moucheti,7
cantarella,7
constrictus,7
imantocera,7
avitus,7
flavitibia,7
albopunctatus,7
richteri,7
carbonarius,7
facilis,7
inepta,7
cephalotes,7
melloleitaoi,7
albicincta,7
bomarion,7
apsil,7
frenata,7
primus,7
dyali,7
pretiosus,7
lloydi,7
zabkai,7
kauaiensis,7
italy,7
gladiator,7
pratti,7
erlangeri,7
pulcherrimus,7
longimanus,7
reductus,7
jabalpurensis,7
maltecora,7
butt,7
majumder,7
pulla,7
mirifica,7
albocinctus,7
depressus,7
rubicundus,7
neglectus,7
principalis,7
albocincta,7
isolata,7
seriatus,7
uniseriata,7
trifasciatus,7
liturata,7
parajotus,7
bicuspidata,7
purpuratus,7
stellatus,7
profuga,7
mushtaq,7
pseudomaevia,7
tso,7
wedoquella,7
marmorea,7
robustior,7
minthodes,7
andinus,7
speciosus,7
aenescens,7
cicco,7
sudbury,7
hyperechia,7
andicola,7
clastobasis,7
xanionotum,7
epacmus,7
mesolita,7
mesoprionus,7
trigona,7
ptericoptus,7
lf,7
kempi,7
eluta,7
philicus,7
disparilis,7
rhathymoscelis,7
pascoea,7
paradelia,7
hova,7
lucifer,7
spenceri,7
wolfe,7
eulasiona,7
mimostrangalia,7
luteicornis,7
heterocompsa,7
magnicornis,7
adusta,7
sparsus,7
ectenessa,7
palirika,7
marginicollis,7
normalis,7
parvisquama,7
fergusoni,7
albopicta,7
mt,7
calolimnophila,7
paramimistena,7
pantomallus,7
radiella,7
excavatipennis,7
aurantiacus,7
mj,7
lutzi,7
australopericoma,7
wiedemanni,7
lygrus,7
octomaculata,7
nigrifacies,7
cornigera,7
aegosoma,7
palauensis,7
latigena,7
vietnamensis,7
phymatopsis,7
flavifacies,7
capixaba,7
alpestris,7
ziczac,7
blapsilon,7
paratryphera,7
complexa,7
wilcoxi,7
somaliensis,7
barbipes,7
texensis,7
oxyprosopus,7
pandelleia,7
aleiphaquilon,7
doliopteryx,7
tanganjicae,7
fabomyia,7
neolimnophila,7
nigroscutellata,7
pretoriamyia,7
snowi,7
euryptera,7
superbus,7
erythronychia,7
itoi,7
hirsutipes,7
attenuatus,7
plagiomima,7
atimia,7
vivax,7
amphibolia,7
altaica,7
scitula,7
cazieri,7
tololo,7
lativentris,7
hoogstraali,7
quadrifasciata,7
amicula,7
reinhardi,7
lopesia,7
namibiensis,7
aquila,7
vanchidiplosis,7
colleverde,7
algeria,7
sherriffs,7
dippenaar,7
schoeman,7
brunetti,7
coeruleus,7
alenatea,7
subviridis,7
aranoethra,7
austracantha,7
flavoscutellata,7
zhao,7
latifacies,7
spathidexia,7
aristosyrphus,7
excellens,7
betasyrphus,7
breviventris,7
dolichogyna,7
kertesziomyia,7
leucopodella,7
tragidion,7
pechumani,7
cladomelea,7
colaranea,7
gastroxya,7
testudinaria,7
lewisepeira,7
gressittia,7
rhigioglossa,7
leucotabanus,7
mycteromyia,7
phaeotabanus,7
clusiosoma,7
ceratitella,7
themara,7
enicoptera,7
xanthaciura,7
strobelia,7
pherothrinax,7
oxyna,7
mesorhaga,7
eurynogaster,7
amblyonychus,7
rheotanytarsus,7
albuginosus,7
arctoconopa,7
austrosaropogon,7
parahexatoma,7
hovamyia,7
lechria,7
colepia,7
limnophilomyia,7
euglochina,7
lyriomolophilus,7
dobrotworskyius,7
elliptera,7
eremisca,7
eucyrtopogon,7
macleaya,7
vivesi,6
perdagangan,6
great,6
murid,6
aristoteles,6
cucu,6
mancubo,6
dipacah,6
sandiri,6
astronomi,6
prinsip,6
unik,6
anoplistes,6
barasiah,6
dictionary,6
belajar,6
kombinasi,6
archive,6
ucapan,6
vokal,6
musi,6
manado,6
serdang,6
enim,6
apa,6
min,6
pekan,6
iaitu,6
rekonstruksi,6
ideologi,6
ditambah,6
kue,6
kapadatan,6
cut,6
gudang,6
kalimaik,6
dharma,6
malempa,6
riveti,6
pangawasan,6
tangerang,6
dibandiangkan,6
beijing,6
djakarta,6
samparono,6
tarumanagara,6
katujuah,6
basakutu,6
james,6
dibantu,6
balado,6
parumahan,6
bundaran,6
kusuih,6
becak,6
krisis,6
budi,6
seribu,6
rawan,6
baralek,6
dibandiang,6
kambang,6
plaza,6
mangasiakan,6
java,6
fauna,6
sataun,6
tapusek,6
tekstil,6
pemuda,6
lubang,6
jalanan,6
gado,6
infrastruktur,6
oto,6
hijrah,6
wisma,6
palancongan,6
hampar,6
warih,6
cubadak,6
dalimo,6
dendang,6
depati,6
labuah,6
sungkai,6
sani,6
walter,6
wafat,6
michael,6
patamonyo,6
parunggu,6
karir,6
karyawan,6
team,6
skor,6
dukungan,6
ivan,6
kleinschmidtimyia,6
futsal,6
malahiakan,6
manonjol,6
bilo,6
protestan,6
sasamo,6
bamacam,6
scutomyia,6
proklamator,6
jazirah,6
syair,6
pangatauan,6
diatua,6
ide,6
manuskrip,6
pamandangan,6
minanga,6
afdeeling,6
halaban,6
bakakuatan,6
kadalaman,6
korban,6
panurunan,6
bagalombang,6
rawang,6
nalayan,6
pagu,6
kuaik,6
panguasoan,6
kadalam,6
lingkungan,6
independen,6
kairo,6
propinsi,6
tagabuang,6
malayapura,6
maanggap,6
manyabuiknyo,6
saruaso,6
bangih,6
babaliak,6
ibadat,6
makhudum,6
manampekkan,6
batindak,6
manggopoh,6
kapeh,6
nasionalisme,6
padek,6
kasado,6
rampah,6
situasi,6
adipura,6
sabab,6
kilangan,6
siang,6
berikut,6
gonjong,6
antaranyo,6
rangka,6
mamaluak,6
dipindahan,6
telkom,6
tawa,6
perpustakaan,6
pambantu,6
ideal,6
ijau,6
gulai,6
panyarangan,6
usang,6
susunan,6
minimum,6
landai,6
galeri,6
sentral,6
batuah,6
tumangguang,6
cieknyo,6
chelsea,6
mambari,6
tandiang,6
akianyo,6
adelpha,6
palompek,6
luruih,6
sikap,6
mamanangan,6
mangunoan,6
palang,6
rupo,6
warna,6
daulu,6
sumua,6
rasulullah,6
wajib,6
street,6
kabakeh,6
busby,6
murphy,6
charlie,6
mark,6
akibaiknyo,6
paradaban,6
pakai,6
asuahan,6
manyatokan,6
manjalani,6
mahmud,6
mangikuik,6
anisogaster,6
fera,6
cinerella,6
sepakbola,6
francisco,6
october,6
curva,6
karno,6
adiah,6
bajaso,6
samaran,6
nyanyian,6
kasenian,6
batugeh,6
fitri,6
panjalehan,6
dicampua,6
mangariang,6
masak,6
hati,6
paru,6
kuscheli,6
untung,6
panji,6
editor,6
tulisannyo,6
kembali,6
ungu,6
saya,6
foundation,6
rufitarsis,6
singkil,6
ampiang,6
simin,6
kakayoan,6
dihiasi,6
panganuik,6
diatur,6
indeks,6
pdrb,6
lawang,6
dokumentasi,6
kajuaroan,6
diadokan,6
apopun,6
talempong,6
bakaitan,6
ramon,6
pancipta,6
payuang,6
lalaki,6
babahan,6
uma,6
kacang,6
satasiun,6
tvri,6
kitab,6
manarangkan,6
manyabuikkan,6
antonio,6
monarki,6
disarang,6
konten,6
education,6
manuntuik,6
manguasai,6
bakaik,6
leo,6
daniel,6
muyang,6
demi,6
mufakaik,6
saudaro,6
handak,6
pikiran,6
rotan,6
balingka,6
babicaro,6
halamannyo,6
jalaluddin,6
khatib,6
abdoel,6
kawannyo,6
tanyato,6
merantau,6
dato,6
djamaluddin,6
emil,6
tulih,6
kurangnyo,6
benda,6
states,6
ukuran,6
diraja,6
lada,6
tokunagai,6
esakii,6
lycidola,6
nyctonympha,6
salomonum,6
gounellei,6
coptoeme,6
rotundicollis,6
probata,6
klapperichi,6
hyperplatys,6
pelecotheca,6
musaria,6
ajnala,6
part,6
akola,6
graciella,6
helvina,6
tetrabezzia,6
balcanica,6
ki,6
pentadbiran,6
universal,6
luas,6
tingkat,6
aku,6
sakti,6
nasa,6
lagunyo,6
lautan,6
stanley,6
petulans,6
penyu,6
lala,6
staurostichus,6
taadok,6
saudagar,6
name,6
dekker,6
pandudukan,6
muslimin,6
manolak,6
tuaka,6
dolichosybra,6
bicristata,6
examnes,6
fuscohalterata,6
bird,6
kabung,6
singkatan,6
belakang,6
volume,6
burkina,6
faso,6
akses,6
surya,6
zürich,6
brunneipennis,6
maka,6
appula,6
patmarksia,6
buxtoni,6
iproca,6
salak,6
bipartita,6
oculatum,6
sinoropeza,6
tadakek,6
soleneiscus,6
neoschrammeniella,6
sintuk,6
argenteus,6
tmemophlebia,6
potret,6
seorang,6
reteh,6
sisyrophanus,6
albert,6
camus,6
bell,6
one,6
jonathan,6
random,6
ballantine,6
richard,6
bone,6
mengenai,6
berubah,6
selanjutnya,6
sama,6
hilie,6
html,6
publik,6
io,6
zumpti,6
nubilipennis,6
mauritiana,6
tilloclytus,6
persica,6
emarginatus,6
pseudiphra,6
pantonyssus,6
siantan,6
elastica,6
neoeutrypanus,6
megistomastix,6
gilmouri,6
gombak,6
honesta,6
gadih,6
proletaria,6
blairi,6
rypellia,6
dorcasta,6
microsoma,6
kuwanimyia,6
circularis,6
filicornis,6
aeneiventris,6
balimbing,6
chaplin,6
palawak,6
near,6
theodori,6
demeijerei,6
simawang,6
albicollis,6
mandahiliang,6
pandapekan,6
opsomeigenia,6
río,6
rita,6
republic,6
tylosis,6
cubilia,6
delesserti,6
balainan,6
deutero,6
college,6
umno,6
pekerja,6
matohari,6
kulik,6
sayang,6
mazhab,6
parayoan,6
putatan,6
inanam,6
luyang,6
kepayan,6
crocker,6
macau,6
taipei,6
kasihatan,6
cineplex,6
bwf,6
talata,6
ajang,6
ruetzleri,6
caricis,6
moerens,6
tren,6
demang,6
pesantren,6
eunemorilla,6
suka,6
kuta,6
hecate,6
davisi,6
hermanni,6
dampfi,6
semiflava,6
virens,6
asiago,6
borasa,6
perasis,6
postica,6
earinis,6
resplendens,6
brachyolene,6
poeciloxestia,6
adustus,6
pematang,6
gnathoenia,6
agglutinans,6
belida,6
longiceps,6
saphanodes,6
nudipennis,6
meomyia,6
walteri,6
exul,6
freemani,6
pseudotypocerus,6
megalops,6
morimopsis,6
comatacta,6
idi,6
maulana,6
trypanidius,6
spoliata,6
about,6
church,6
racodiscula,6
signaticollis,6
fuscata,6
bithoracochaeta,6
catocha,6
chaetosa,6
neoscleropogon,6
meruensis,6
komandan,6
kapten,6
adha,6
pki,6
ir,6
azhar,6
pdi,6
lunatus,6
genetis,6
statis,6
pamantau,6
samestinyo,6
silahkan,6
luanyo,6
mahendra,6
bkpm,6
ugm,6
isra,6
rasad,6
biokimia,6
ipb,6
ui,6
itb,6
zairin,6
amin,6
pengusaha,6
rasjad,6
nyak,6
pertahanan,6
verbasci,6
achthophora,6
inexpectatus,6
maculicornis,6
meunieriella,6
contorta,6
solita,6
falaq,6
qadar,6
gokart,6
racing,6
mutata,6
semarang,6
kursus,6
arya,6
dianugarahi,6
hidayat,6
caloptera,6
hurdi,6
amphidesmus,6
frederick,6
cendekiawan,6
cayennensis,6
lepidiella,6
ampla,6
gabonicus,6
schwarzi,6
oblonga,6
pedalis,6
angelicae,6
cyardium,6
subuah,6
ditugehan,6
olgae,6
ealensis,6
akhir,6
hongkong,6
pmi,6
riset,6
pwi,6
caffra,6
bancrofti,6
paradocus,6
kimia,6
hidayatullah,6
elydnus,6
parmenides,6
greece,6
essays,6
teocchii,6
ravus,6
carterica,6
sms,6
ceo,6
mangumuman,6
pandanaan,6
capital,6
ball,6
meraih,6
kpu,6
flavopicta,6
step,6
jamesia,6
nihon,6
kekaisaran,6
daimyo,6
hideyoshi,6
ryukyu,6
panas,6
macrochenus,6
perfida,6
bejaranoi,6
flagelliformis,6
tenuispiculata,6
vaceleti,6
cerebrum,6
grandidieri,6
atratus,6
conferta,6
flexa,6
maldonado,6
kirkpatricki,6
anheteromeyenia,6
potts,6
bellae,6
tropidozineus,6
virilis,6
paucispina,6
thienemanniella,6
tzler,6
bakus,6
cavillatrix,6
trichophoroides,6
esper,6
polietina,6
alvarez,6
oligodranes,6
vermiculata,6
fulvicornis,6
muricy,6
flabellum,6
axechina,6
monticularis,6
diversicolor,6
lindgren,6
linopteridius,6
lissoteles,6
plicata,6
rios,6
serraticornis,6
polejaeff,6
callipelta,6
pulvinata,6
piesarthrius,6
azurea,6
fusifera,6
caminus,6
aurotipula,6
caulospongia,6
armatum,6
rugosum,6
pansini,6
torquatus,6
hooperi,6
congolensis,6
renieroides,6
psammastra,6
linnaei,6
baumhaueria,6
stricklandi,6
wells,6
gaussiana,6
incurvata,6
embrikstrandia,6
epectasis,6
armeniaca,6
lochmorhynchus,6
haematobia,6
megaphthiria,6
coralloides,6
translucida,6
errans,6
tortuosa,6
xylopriona,6
allotraeus,6
setiventris,6
ramulosa,6
microxea,6
coralliophila,6
delaubenfelsi,6
micropunctata,6
toxifera,6
virgultosa,6
vulpina,6
aphiura,6
crypta,6
discors,6
calolydella,6
celosterna,6
striolata,6
macrosigma,6
squamigera,6
corvoheteromeyenia,6
corvomeyenia,6
coscinoderma,6
latitarsis,6
myzomorphus,6
sumpigaster,6
cyclacanthia,6
damiria,6
royi,6
dendoricella,6
dendoricellidae,6
massicus,6
fergussoni,6
lacunosa,6
sibogae,6
nanohammus,6
napoca,6
binotatus,6
lucens,6
macilentus,6
anaclileia,6
tomomyza,6
balıkesir,6
samsun,6
fuscomaculata,6
neivai,6
gryllica,6
hyalurgus,6
desmanthus,6
desmapsamma,6
podospongiidae,6
diplastrella,6
auricollis,6
tuberosum,6
fumifera,6
demodes,6
micrambyx,6
batesii,6
isosturmia,6
axinelloides,6
alboguttatus,6
morosa,6
baculifera,6
bellardina,6
ectyoplasia,6
scalenus,6
alleni,6
oblongus,6
gnoriste,6
xeramoeba,6
lactea,6
fangophilina,6
caliculata,6
bifacialis,6
fibulata,6
opima,6
triseta,6
spongiosa,6
eudasyphora,6
flemingi,6
gallica,6
malthonea,6
nepiodes,6
onocephala,6
cratera,6
fascigera,6
strongylophora,6
feltiella,6
strongylata,6
microtoxa,6
panis,6
crocata,6
knowltoni,6
stolonifera,6
membranacea,6
calozenillia,6
haliclonissa,6
halicnemia,6
mediofasciata,6
acerata,6
izuensis,6
hemimycale,6
herengeria,6
heterorotula,6
micronyx,6
hexadella,6
ensifera,6
lamellosa,6
clavigera,6
procax,6
eutrichopodopsis,6
norvegica,6
unguifera,6
virgatus,6
hymetrochota,6
acuticornis,6
cleroides,6
inflatella,6
macrophthalmus,6
quatei,6
leucaspis,6
strandiellus,6
azoricidae,6
kirkpatrickia,6
deserta,6
coeruleipennis,6
brevifurca,6
longispinosa,6
anacornia,6
anibontes,6
seyrigi,6
picturatus,6
subniger,6
semisuturia,6
neodiogmites,6
asiceratinops,6
kastoni,6
placidus,6
thailandica,6
approximatus,6
potamophloios,6
malkini,6
tanypremnella,6
fickert,6
plagiatus,6
bordea,6
syriaca,6
ruwenzoriensis,6
carorita,6
centromerita,6
denticulatus,6
elizabethae,6
centrophantes,6
chetogaster,6
vitrea,6
chiangmaia,6
momisis,6
bifurcatus,6
penthea,6
concavocephalus,6
eleonorae,6
nipponensis,6
crispiphantes,6
diechomma,6
graecus,6
nubilus,6
cirrhicera,6
paracornulum,6
consors,6
dumoga,6
erythropus,6
trichophoropsis,6
eridantes,6
bisignata,6
marina,6
nitidithorax,6
occipitalis,6
moorei,6
eskovia,6
eurymorion,6
proba,6
zhui,6
pallidum,6
kerteszi,6
habreuresis,6
promeces,6
heterolinyphia,6
nigrocincta,6
carneades,6
limpida,6
projecta,6
lydellina,6
marxi,6
ancylistes,6
piterkina,6
mauensis,6
crucifer,6
nericonia,6
braendegaard,6
jacksonella,6
janetschekia,6
paludosa,6
deelemanae,6
acronia,6
sphagoeme,6
leptepania,6
laperousea,6
ormiophasia,6
strenua,6
freitas,6
lessertinella,6
limoneta,6
karschi,6
thalloptera,6
ludibunda,6
machadocara,6
circumdata,6
sulcata,6
amplus,6
lehtineni,6
martensinus,6
desertus,6
praeceps,6
conigera,6
eskovi,6
ivory,6
silvae,6
bifurca,6
jugorum,6
ireland,6
fet,6
fractus,6
canalis,6
hunanensis,6
japonicum,6
tuberculifera,6
himalaphantes,6
prolata,6
monoclona,6
triodontopyga,6
equestris,6
carvalhoi,6
lauta,6
durantoni,6
britteni,6
shaanxinus,6
sisis,6
labiata,6
strongyliceps,6
tanasevitchia,6
lindrothi,6
vara,6
thaiphantes,6
thaumatoncus,6
tibioplus,6
jocquei,6
hirtus,6
triplogyna,6
cerberus,6
schenkeli,6
uusitaloia,6
antica,6
palmgreni,6
walckenaerianus,6
atypica,6
hauseri,6
ramosus,6
petrophila,6
impudicus,6
latreille,6
politus,6
alter,6
crassirostris,6
turkestanicus,6
alboguttata,6
pinicola,6
flagellata,6
simulata,6
impigra,6
microplanus,6
millplophrys,6
mythoplastoides,6
digna,6
nipponotusukuru,6
notholepthyphantes,6
novalaetesia,6
muscicola,6
oia,6
onychembolus,6
muticus,6
margaritae,6
parameioneta,6
spicata,6
pasteuri,6
dubium,6
phlattothrata,6
juncea,6
pocobletus,6
procerocymbium,6
pseudomicrocentria,6
fletcheri,6
forcipatus,6
vaga,6
poecila,6
camptoneuromyia,6
rothschildi,6
rubricornis,6
spurgia,6
orthogonis,6
sulcicollis,6
menesida,6
allarete,6
pauliani,6
flavidus,6
comoro,6
macra,6
smodicum,6
bicoloripes,6
perissa,6
achramorpha,6
blanchardi,6
sphaerotylus,6
neophrissospongia,6
ramonda,6
hewitti,6
sebasmia,6
formosanus,6
cnemoplites,6
lineatipes,6
pumilus,6
admestina,6
bitaeniatus,6
palposa,6
