word,count
ta,161247
tal,149820
il,121797
li,98644
fl,54500
fil,42776
mill,34995
kien,29944
minn,28321
ma,22378
għall,21409
bħala,20630
fuq,19803
it,19594
huwa,18193
tiegħu,15888
għal,15756
tas,15453
is,15250
jew,15249
wara,14781
kienet,14440
biex,14095
kienu,13281
ewwel,12863
tat,12409
dan,12367
ir,12128
belt,11840
hija,11738
huma,11114
id,10480
fis,10229
hemm,9907
fit,9657
mal,9424
bil,9054
ukoll,9006
ġie,8408
sena,8224
tar,8211
oħra,8205
tad,8194
din,8146
fejn,8019
meta,7988
fi,7866
lil,7829
de,7828
iktar,7607
seklu,7538
xi,7494
ħafna,7468
bl,7381
bejn,7329
aktar,7290
in,7201
tagħha,7153
wieħed,7132
kif,7059
sit,6614
żewġ,6575
the,6434
żmien,6314
dawn,6311
malta,6189
iż,6097
hu,6056
lill,5946
iżda,5941
matul,5937
ġiet,5892
tagħhom,5831
wkoll,5761
aħħar,5655
lejn,5615
fid,5601
snin,5407
madwar,5406
ġew,5397
kontra,5363
wirt,5324
of,5206
san,5174
hekk,5135
tan,5036
dinji,4940
dinja,4815
parti,4764
taħt,4724
nazzjonali,4701
kollha,4683
sal,4665
tieni,4637
knisja,4614
dak,4605
kull,4541
qabel,4501
kbira,4490
ix,4455
tax,4390
biss,4273
sa,4272
siti,4261
minħabba,4248
diversi,4219
waħda,4198
mod,4193
gwerra,4125
fir,4012
post,4011
gvern,3999
tim,3944
la,3929
pajjiż,3919
dwar,3895
isem,3858
mhux,3823
sar,3788
tliet,3756
unesco,3590
żona,3568
referenzi,3548
istess,3537
kellu,3498
art,3409
bħal,3395
xogħol,3372
ġdid,3371
flimkien,3360
futbol,3308
tramuntana,3253
hi,3250
nies,3233
klabb,3227
nofsinhar,3145
barra,3119
familja,3105
bi,3103
renju,3085
lvant,3072
popolazzjoni,3038
ftit,3019
fost,2996
importanti,2996
perjodu,2985
punent,2922
plejers,2921
repubblika,2886
saret,2879
skont,2879
malti,2860
bosta,2836
magħrufa,2828
ċentru,2814
għat,2812
kbir,2763
gżira,2758
iċ,2746
permezz,2740
grupp,2731
and,2717
bidu,2713
beda,2700
re,2697
istaġun,2680
tazza,2672
mit,2654
partit,2639
qed,2637
darba,2634
magħruf,2633
dawk,2625
ħajja,2624
filwaqt,2615
ordni,2574
arti,2570
iżjed,2558
għalkemm,2542
kapitali,2535
għandu,2499
min,2497
fin,2494
għandha,2488
istorja,2485
ħoloq,2478
internazzjonali,2476
kemm,2435
naħa,2411
baħar,2404
kulturali,2384
ieħor,2373
uffiċjali,2368
lingwa,2355
quddiem,2331
lura,2330
mis,2319
esterni,2312
jiġu,2304
reġjun,2286
nofs,2278
dik,2266
madankollu,2254
se,2253
jista,2248
tul,2240
pajjiżi,2240
imma,2240
erba,2232
kellha,2219
taċ,2214
di,2192
imperu,2179
qrib,2173
ewropa,2165
jkun,2162
jiġi,2161
ilma,2155
taż,2154
università,2140
league,2137
franza,2125
uniti,2114
president,2112
naturali,2079
ii,2073
finali,2070
lista,2068
istati,2043
sistema,2031
ġenerali,2031
kampjonat,2001
għar,1983
inqas,1982
logħba,1980
isfel,1974
biċċa,1972
waqt,1972
xogħlijiet,1969
jekk,1967
twieled,1965
kellhom,1958
ingliż,1950
ġewwa,1943
lokali,1943
triq,1940
ħames,1932
mejju,1923
numru,1917
palazz,1916
ġeneru,1902
mil,1896
xmara,1882
storja,1881
bliet,1869
jinsab,1866
sabiex,1865
tinsab,1849
għandhom,1845
italja,1845
mir,1839
billi,1834
lulju,1830
ikbar,1821
istat,1820
marzu,1819
prinċipali,1812
plejer,1807
kriterju,1800
ġdida,1797
differenti,1788
ċentrali,1786
dar,1784
diċembru,1781
twieldu,1779
kbar,1772
settembru,1772
minkejja,1772
april,1771
metru,1770
minnhom,1768
fih,1752
fosthom,1748
ġermanja,1746
maltin,1745
għamel,1734
ġunju,1734
fc,1732
tkun,1727
bniedem,1727
raħal,1719
jannar,1698
park,1695
tiġi,1673
ottubru,1664
issa,1658
tielet,1652
miet,1649
saru,1643
akbar,1638
ebda,1636
aqwa,1634
politika,1633
al,1633
awwissu,1627
diviżjoni,1618
new,1615
speċi,1613
gżejjer,1607
fiha,1604
bit,1595
ministru,1595
novembru,1592
mar,1591
straordinarju,1586
għad,1582
ikun,1579
membru,1572
miljun,1567
mużew,1564
franċiż,1560
mingħajr,1552
papa,1551
kultura,1549
militari,1542
bdiet,1538
katidral,1536
alla,1532
frar,1521
gowl,1520
tempju,1518
kostruzzjoni,1513
ħin,1512
bini,1510
bħall,1501
jistgħu,1478
le,1476
għolja,1475
oħrajn,1474
peress,1464
membri,1463
għax,1462
mat,1457
arkitettura,1455
użu,1454
inkluż,1453
ħa,1452
unjoni,1450
kważi,1439
dinjija,1434
stat,1429
għas,1427
karriera,1415
territorju,1413
km,1412
isbn,1407
binjiet,1405
ħdan,1401
mid,1386
ogħla,1383
aktarx,1378
għalhekk,1370
livell,1367
kunsill,1362
stess,1358
qatt,1356
popolari,1352
ewropej,1348
binja,1345
fix,1344
rebħa,1341
bdew,1334
ruħ,1334
santa,1334
mewt,1334
forma,1320
tard,1317
għażla,1313
spanja,1305
valur,1303
fiċ,1303
mużika,1294
sitt,1284
edukazzjoni,1277
tip,1273
għadd,1269
gruppi,1269
ġermaniż,1264
ġurnata,1263
kollu,1255
taljan,1248
ewropea,1247
dejjem,1243
eżempju,1242
indipendenza,1238
baqa,1234
komuni,1233
sinifikanti,1226
united,1225
rebħu,1224
pajsaġġ,1224
bis,1223
disinn,1220
ġodda,1216
kastell,1214
nhar,1213
ħajjin,1211
fiż,1193
fatt,1191
storiku,1191
skorja,1190
titlu,1188
uefa,1182
timijiet,1177
nisa,1172
lingwi,1167
mietu,1163
isqof,1160
fdalijiet,1160
għadu,1153
kriterji,1153
ruma,1148
suċċess,1144
tnejn,1141
provinċja,1141
mbagħad,1140
del,1138
torri,1135
gowls,1131
saħħa,1130
ktieb,1129
jinsabu,1125
jinkludu,1123
unit,1121
kollox,1112
illum,1111
rebaħ,1109
maltija,1109
ewlenin,1102
prim,1101
ħabta,1100
unika,1100
spiss,1096
soċjali,1094
linja,1093
afrika,1090
universali,1090
żgħar,1089
imperatur,1084
laburista,1081
iżvilupp,1081
kap,1080
pariġi,1076
iskola,1076
sekli,1071
abbażi,1069
jkunu,1062
kosta,1061
żoni,1060
mara,1059
milli,1059
għoli,1058
għan,1055
armata,1054
kilometru,1054
pożizzjoni,1044
reġa,1044
port,1041
għadha,1040
oriġinali,1037
iii,1032
punt,1029
partijiet,1028
kienx,1024
ġebel,1024
seba,1023
premier,1023
annimali,1020
ingilterra,1016
liġi,1013
ħitan,1011
imbagħad,1006
jum,1005
fażi,1005
wied,1002
parlament,998
tista,997
sehem,996
logħob,995
daħla,989
jgħixu,989
jidher,984
għaxar,983
bir,971
dinastija,971
festival,971
kiseb,955
kelma,951
eks,950
da,947
toroq,943
kappella,943
żgħir,942
press,937
rjali,932
ċina,932
rebbieħa,927
anke,925
kompetizzjoni,925
amerika,923
blat,918
speċjalment,918
hawn,914
jagħmel,912
drabi,911
politiċi,910
żgħira,906
messiku,906
deheb,904
kumpless,904
postijiet,903
jinkludi,903
russja,903
bażi,902
muntanji,902
jiġifieri,901
sajf,900
teatru,900
premju,900
pereżempju,899
tmiem,899
poplu,897
polonja,896
daqs,894
rumani,891
aħjar,891
distrett,888
kontroll,887
klabbs,885
forzi,882
peniżola,877
franċiżi,875
edizzjoni,875
milan,875
university,875
ferm,873
franċiża,869
magħmula,868
iv,868
llum,867
ewropew,865
jaf,864
persuna,864
tradizzjoni,864
pitturi,863
partikolari,861
ċivili,860
kowċ,858
istil,856
qorti,856
tradizzjonali,855
john,855
ewlieni,854
ue,851
tant,849
jintuża,849
importanza,848
londra,847
għadhom,845
ruman,844
kumpanija,844
injam,844
kiteb,843
knejjes,841
antik,841
ħsieb,840
minflok,839
ekonomija,838
pubbliku,838
xejn,837
politiku,836
frott,829
simili,828
monumenti,828
notevoli,828
klima,827
tmien,827
soċjetà,824
gran,823
sovjetika,822
rwol,821
hemmhekk,821
cup,821
tfal,818
partita,818
wassal,817
jilgħab,817
ilu,816
attwali,816
antika,815
raba,808
sala,805
kumitat,804
produzzjoni,803
valletta,800
kummerċjali,796
stabbilita,795
siġar,793
fihom,792
bla,788
monasteru,787
battalja,786
reliġjon,783
jagħmlu,781
lagħab,781
asja,779
indipendenti,778
teorija,778
organizzazzjoni,777
qal,776
inħawi,775
film,774
kotba,772
xhur,772
sakemm,771
magħmul,770
abitant,767
artijiet,765
età,765
world,765
proġett,763
madonna,762
tempji,762
kummerċ,758
ħaddiema,757
indja,756
letteratura,754
kristu,754
tajjeb,753
għarbi,752
mexxej,751
sant,746
tfisser,746
influwenza,745
poter,744
diġà,744
mużikali,744
to,742
medja,739
el,738
kitba,737
każ,736
era,735
et,734
joħroġ,731
karatteristiċi,730
xjenza,729
moviment,728
ħajt,728
nazzjonijiet,727
pied,727
sensiela,726
manchester,725
riżultat,722
komunità,721
qasam,720
pjanti,720
għamla,718
york,718
xulxin,712
kamra,712
villa,711
jintużaw,710
mammiferi,709
xemx,708
russu,707
awstrija,706
tmexxija,705
jagħti,705
trattat,704
iżgħar,704
ikel,704
missieru,704
ambjent,700
ġeneralment,699
storiċi,698
joseph,697
għawdex,695
baqgħet,695
stabbilit,694
telfa,692
terminu,691
riċerka,690
għaliex,688
pjazza,688
seta,686
elezzjonijiet,686
saħansitra,686
kattolika,683
teknoloġija,683
idejn,682
rrikonoxxut,681
natura,680
affarijiet,680
marija,678
latin,678
uħud,677
ħdejn,676
grieg,674
twil,674
jieħu,673
kontinent,673
ġermaniżi,673
von,673
kanzunetta,673
unuri,672
portugall,672
rawnd,672
elezzjoni,671
tinkludi,667
dawl,664
wasal,663
paċi,662
pittura,662
proċess,661
opossum,660
kliem,659
wisq,659
monument,659
medjevali,658
grawnd,658
qiegħed,655
nuqqas,655
nru,655
madrid,655
oriġini,654
imsejħa,654
partiti,653
malajr,653
tintuża,653
oriġinarjament,653
servizz,650
mix,649
ukrajna,649
ikunu,646
imsejjaħ,645
informazzjoni,645
elett,644
stati,643
antiki,643
data,643
mad,640
uniku,639
ġwann,639
raġel,638
barranin,637
lhud,637
monumentali,637
kostituzzjoni,636
sew,636
oġġetti,636
bogħod,636
traduzzjoni,635
stadju,635
jaħdem,634
maġġoranza,633
arkitettoniku,633
vot,632
għajnuna,630
ħaġa,630
direttur,630
servizzi,629
amerikan,628
avvenimenti,627
wħud,627
però,627
qasir,627
sas,626
staġun,624
assoċjazzjoni,624
totali,624
punti,623
pont,620
football,620
xahar,619
ħadu,618
kampjonati,618
djar,617
speċjali,615
brażil,614
villaġġ,613
uffiċjalment,612
tkabbir,612
stil,612
forti,611
trasport,611
moderna,610
thomas,610
baqgħu,608
foresti,608
klassi,607
qk,606
lum,605
champions,605
ħadd,604
ġappun,603
ġesù,603
industrija,602
istruttura,602
un,601
dieher,601
wirja,600
charles,600
iben,599
vi,598
sede,598
ħareġ,598
xlokk,598
bid,597
dritt,597
awstralja,597
ġonna,596
bikrija,596
spiċċaw,596
reġina,595
żieda,594
taljani,594
ispeċi,594
prinċep,593
xorta,593
faċċata,593
żejt,592
gvernatur,591
għerien,591
problemi,590
des,590
awtur,588
kwadru,588
fortizza,588
qabar,588
amministrazzjoni,586
jingħad,584
jgħix,583
artisti,583
favur,582
juru,579
xita,579
jiffurmaw,579
għaqda,579
reġgħet,579
estonja,579
restawr,579
eqdem,577
setgħu,576
eurovision,576
kittieba,575
żgħażagħ,575
enerġija,573
reliġjużi,572
drittijiet,572
serbja,572
metri,571
elementi,570
xhieda,570
korea,570
preċedenti,569
għamlu,566
dun,565
anki,565
quċċata,565
nbniet,565
reġjuni,564
inbena,563
city,563
per,562
mexxejja,562
ġebla,561
disa,560
lit,560
kultant,560
rekord,560
poeta,557
nazzjonalista,557
tilfu,557
on,557
mas,556
personali,555
ġej,554
ħakma,554
interess,554
amerikani,553
kuntratt,553
kuljum,552
ingliżi,552
ħal,551
istitut,549
van,549
juri,548
kompla,548
tagħmel,548
arċisqof,548
ekonomika,548
evidenza,547
ġnien,546
bin,546
insedjament,546
sentejn,545
isir,545
maria,543
ġorġ,543
della,543
klassifikazzjoni,542
aħmar,541
ħadem,541
ewlenija,540
antonio,540
belġju,539
inklużi,537
pawlu,537
arkitett,537
opri,537
għalih,537
swar,536
ingħata,536
umani,535
rivoluzzjoni,535
professur,534
ara,533
medju,533
spiċċa,533
relazzjonijiet,533
santwarju,533
saint,532
riżultati,532
prodotti,531
programm,531
ruħu,530
kolonja,529
rumana,528
wiċċ,528
george,528
kwalifikazzjoni,528
stabbiliti,527
konservazzjoni,527
lir,526
daħal,525
ismijiet,525
firenze,524
kampanja,524
fruntiera,522
qalb,522
twieldet,522
truppi,520
nbena,520
miegħu,520
imperjali,520
fifa,520
speċijiet,520
jgħid,519
eġittu,519
rigward,519
william,519
david,516
jieħdu,514
appoġġ,514
total,514
professjonali,514
twemmin,512
magħhom,512
karozzi,512
lbiċ,512
ippjanar,511
ssir,510
minbarra,509
les,509
kolonjali,508
storika,508
lag,508
jsir,508
rumanz,507
radju,507
erja,507
kittieb,505
proprjetà,505
pjan,505
kummissjoni,504
ġimgħa,503
valuri,502
logħbiet,502
jirrappreżenta,501
twila,501
għoljiet,500
modern,500
maġġuri,500
ċittadini,500
difiża,499
serje,499
arkeoloġiċi,499
muscat,498
reġjonali,498
għalkollox,498
species,498
tikkonsisti,497
kinux,496
għoxrin,496
flus,496
missier,494
attwalment,494
poeżija,493
robert,493
ġwanni,493
nobbli,492
industrijali,492
wales,492
turkija,492
għasafar,491
lepus,491
festa,490
akkademja,490
seħħ,489
suq,488
der,488
ftehim,487
films,487
ħajtu,487
tajba,487
spanjol,487
jibqa,486
pjanta,486
funzjoni,486
eċċezzjonali,486
qawwa,485
miż,483
mintoff,481
territorji,480
nar,480
tmur,480
okkupazzjoni,480
abitanti,479
jean,479
eventwalment,478
parlamentari,478
istudji,476
biżżejjed,476
parroċċa,476
minnu,475
albanija,475
ċampjins,475
jużaw,474
du,474
paul,473
jaħdmu,472
venezja,472
greċja,472
muniċipalità,472
residenza,471
jidhru,470
ngħata,470
liebru,470
taljana,469
turiżmu,469
qedem,469
stabbilixxa,468
maqsuma,468
saqaf,468
jmorru,467
ungerija,467
torrijiet,467
ġermaniża,466
nbnew,466
real,466
spanjola,465
xitwa,464
grigal,464
minuta,464
dħul,463
debutt,462
ħadet,462
ħolqien,462
pp,462
st,461
futbolers,461
attivitajiet,460
irlanda,460
wasslet,459
miċ,458
possibbli,458
wasslu,458
vjetnam,458
meqjusa,457
ġejjin,457
inbniet,457
assemblea,457
teknoloġiku,457
bijografija,456
attakk,455
bidla,455
bajja,455
fenek,455
meqjus,454
istudju,454
baxxi,454
linji,454
sqallija,453
preżenti,453
rebbieħ,453
kariga,453
persuni,453
federali,453
termini,451
club,451
en,450
jikkonsisti,450
preżenza,449
tipi,449
michael,448
nnifsu,448
danimarka,448
forza,447
abjad,447
maħsub,447
ras,447
pjuttost,446
kuluri,446
dehra,445
qawwija,443
segretarju,442
vjaġġ,442
muntanja,441
irġiel,441
arġentina,441
man,439
duka,439
karlu,438
pulizija,438
skola,437
mediterran,437
santiago,437
differenza,436
kristjaneżmu,436
portugiż,436
arsenal,436
sempliċi,435
denbu,435
tagħlim,434
għarab,434
responsabbli,434
awtorità,434
famuż,434
soltu,434
ażerbajġan,433
oqbra,432
mietet,432
kwartieri,432
pubbliċi,431
fond,431
affreski,431
sliema,431
sezzjoni,431
bażilika,430
majjistral,430
voti,429
ajruport,429
żminijiet,428
waslu,428
issir,428
pawl,426
gallerija,426
twelid,426
op,426
skambju,426
normalment,425
salib,424
marsupjali,424
ittra,423
attività,423
turi,423
kisbet,422
gwerer,422
rappreżentazzjoni,422
iswed,421
ideat,421
monarkija,421
jeżistu,420
for,420
tantx,419
moderni,418
tnax,418
forom,418
għoljin,418
idea,417
figuri,417
kisbu,417
prinċipalment,416
klassifika,416
verżjoni,415
ginea,415
kavallieri,414
aċċess,414
alfred,414
bżonn,414
istazzjon,414
temperatura,413
jagħtu,413
kitbiet,413
tribù,413
bank,413
bqija,412
nazzjon,412
bħalissa,412
kompożitur,412
kulur,412
russa,412
semifinali,412
ottoman,411
jibda,411
kunvent,411
pietru,410
mhumiex,410
brittaniku,410
lis,410
olanda,410
ħadid,410
che,409
pubblika,408
com,408
birkirkara,408
sottoġeneru,408
jmur,407
ċar,407
minjieri,407
opra,407
fa,407
jsiru,406
att,406
tlieta,406
giovanni,405
patri,405
berlin,405
ħabs,405
test,404
fundatur,404
xatt,404
norveġja,404
an,404
figura,403
kulleġġ,403
ċiniż,403
abbazija,402
sottofamilja,402
bikri,401
lilu,401
invażjoni,401
kanal,400
rotta,400
sorsi,400
olandiż,400
do,400
fiżika,399
lejl,399
sħiħ,399
rata,399
struttura,399
kwalunkwe,398
pittur,398
litwanja,398
ħidma,397
diffiċli,397
darbiet,397
album,397
sors,396
reliġjuża,396
unur,396
mibnija,395
bikrin,395
iżvezja,395
kinitx,394
patrijiet,394
għadda,392
mudell,392
tissejjaħ,391
ad,391
librerija,391
protezzjoni,391
kollezzjoni,391
numri,391
tagħti,390
msejħa,390
viżitaturi,390
tradizzjonijiet,389
rumanija,389
enormi,389
eżempji,389
permanenti,388
commonwealth,388
ċimiterju,388
żwieġ,388
jirrappreżentaw,388
matematika,387
dipartiment,387
mewtu,387
ġab,386
komunitajiet,386
tidher,385
bieb,385
suġġett,385
federazzjoni,385
são,384
iżviluppi,384
kundizzjonijiet,383
ajru,383
armati,383
kowċis,383
ċivilizzazzjoni,383
louis,382
serva,382
reġgħu,382
avveniment,381
ra,381
istadju,381
baxx,380
strutturi,380
sultan,379
eluf,379
ommu,379
residenti,378
vjenna,378
awtoritajiet,378
familji,378
kattoliċi,378
simbolu,378
kanada,378
ħdax,377
kaptan,377
ritratti,376
nistgħu,376
ċerti,376
moskea,376
darhom,376
nobel,376
istituzzjonijiet,375
ddeżinjat,375
bena,375
ġeneral,374
esperjenza,374
imgħoddi,373
iskwadra,373
isiru,372
tifel,371
bronż,371
mikiel,371
magħquda,371
liġijiet,371
kilometri,371
ingliża,370
insibu,370
ekonomiku,370
sur,370
ispanjol,370
musulmani,368
jissejjaħ,368
laħaq,368
museum,368
twaqqif,368
ittri,367
qegħdin,367
darb,367
massa,367
mogħdija,366
prominenti,366
amerikana,366
sens,365
brittaniċi,364
mastru,364
evu,364
darbtejn,364
relazzjoni,364
klassiku,362
bidliet,362
ħalla,362
imwieled,362
max,362
kompetizzjonijiet,362
napli,361
suldati,361
filosofija,361
sħiħa,361
pressjoni,361
ed,361
ħsara,361
wilson,361
spiċċat,360
juża,360
materjal,360
imħabba,360
poeżiji,359
ried,358
ispazju,358
libertà,357
rabat,357
għarfien,356
istudenti,356
div,356
użat,355
qaddis,355
tropikali,355
lviv,355
assedju,354
xmajjar,353
sab,353
waqgħa,353
tron,353
arkeoloġiku,353
standard,352
studja,352
studju,351
evoluzzjoni,351
uffiċċju,351
ibnu,351
los,351
ibbażat,350
ħġieġ,350
miktub,349
wera,348
provinċji,348
qalba,348
ġieħ,348
russi,348
chelsea,347
inbnew,346
marru,346
jerġa,346
legali,346
tgħix,345
kontinentali,345
ħamra,345
koppla,345
istatwa,345
ammont,344
ġejja,344
oċean,343
lagi,343
minuri,343
sudan,343
wettaq,343
tassew,342
attakki,342
oppożizzjoni,342
żjara,342
grad,342
vii,342
settur,341
sitwazzjoni,341
sħaħ,341
aħwa,341
għamlet,341
distribuzzjoni,341
sett,341
promozzjoni,341
omm,340
ċentri,340
direttament,339
edition,339
dei,339
impatt,339
pjanu,339
ġeografija,338
statali,338
montenegro,338
hopkins,338
estinta,338
dirett,337
artist,337
lanqas,337
sir,337
griega,337
kodiċi,337
marret,337
annwali,337
qamar,337
għebet,337
qawwi,336
għaż,336
up,336
proġetti,335
istatus,335
jitqies,335
daqqa,335
famużi,335
peter,335
didelphimorphia,335
johns,334
ilsien,333
oqsma,333
madanakollu,333
si,333
griegi,332
kompliet,332
spazju,332
deher,332
dukat,332
kolonni,331
pakistan,331
konvenzjoni,331
marbuta,330
viċi,330
kunċett,330
rari,330
inter,330
ochotona,330
referenza,329
tlett,329
entità,329
eċċ,329
qiegħda,329
bulgarija,329
fidda,329
ħlief,328
sular,328
ġestjoni,328
munita,328
minnha,328
juan,328
irjali,328
belġjana,328
nstabu,327
demokratika,327
parzjalment,327
sigurtà,327
miktuba,327
vol,327
napuljun,326
hinn,326
naħat,326
partikolarment,326
caruana,326
ġrajja,325
taħriġ,325
tnaqqis,325
dam,324
riżerva,324
mifruxa,324
isptar,324
as,324
direzzjoni,324
torok,324
pollakk,324
meħtieġa,324
baxxa,324
sindku,323
laqgħa,323
deskrizzjoni,321
żagħżugħ,321
xjenzi,321
kardinal,321
irħam,321
mammal,321
demm,320
tieħu,320
kumpaniji,320
varjetà,320
skulturi,320
formazzjoni,320
kor,320
olimpiku,320
immexxija,319
kuruna,319
ispirtu,319
umana,319
rabta,318
ċertu,318
rejiet,318
ordna,318
korp,318
turisti,318
alleati,318
ħuh,318
ewro,317
kanzunetti,317
wanderers,317
kamp,317
kunflitt,316
diretta,316
sistemi,316
inħatar,316
liema,316
ritratt,316
ġlied,315
dakinhar,315
deċiżjoni,315
azzjoni,315
wiesgħa,315
firxa,314
irid,314
rewwixta,314
francesco,313
ċittadella,313
kristjani,313
ġabra,313
jikteb,313
fabbrika,313
teżisti,312
famuża,312
individwali,312
kostituzzjonali,311
ħbiberija,311
twal,311
iucn,311
serie,311
gazzetta,310
lin,310
olandiżi,310
jirreferi,310
spanjoli,310
kapaċi,309
jitkellmu,309
flotta,309
materjali,309
kontea,309
ijiem,309
sema,309
jkollhom,309
ilha,308
indiġeni,308
brittanika,308
ministeru,308
munich,308
fidi,308
siġra,308
tniżżel,308
letterarji,307
rappreżentanti,307
innu,307
tilef,307
kwistjoni,307
livelli,307
armenja,307
mammiferu,307
ħarġu,306
primarjament,306
xellug,306
avukat,306
finalment,306
dieta,306
golf,306
maja,306
tospita,305
irħula,305
jeżisti,305
martu,305
riżorsi,304
periklu,304
allura,304
leġġenda,304
sylvilagus,304
għaldaqstant,303
tarf,303
kapulavur,303
aires,303
regolari,302
iżvizzera,302
with,302
tv,302
mi,302
dell,302
kongo,302
fondazzjoni,301
twaqqfet,301
problema,300
skond,300
xena,300
rd,300
prodott,299
regoli,299
suċċessur,299
mard,299
bwv,299
eds,299
fortifikazzjonijiet,298
magħha,298
statistika,298
kwarti,298
from,298
buenos,298
martin,297
eżistenti,297
jara,297
tletin,297
taħdem,297
maż,297
qaddisin,297
telaq,296
waslet,296
tifla,296
ġid,295
immexxi,295
pilastri,295
wasla,294
mizzi,294
jidħlu,294
karatteristika,293
atti,293
kungress,293
ħarġet,293
televiżjoni,293
fjuri,293
ħamrija,293
ottomani,292
jkollu,292
missjoni,292
ferrovjarja,292
ngħatat,291
jikseb,291
reċenti,291
rikostruzzjoni,291
isqfijiet,291
tiżjin,291
pierre,291
ħaiti,291
ljubljana,291
arja,291
reeder,291
qatta,290
qari,290
fiżiċi,290
futur,290
pari,290
par,290
arkitettoniċi,290
francisco,290
rispettivament,289
ġo,289
monte,289
kompletament,289
james,289
mexxa,289
kapaċità,289
ħut,289
kumplament,289
palazzi,289
eżatt,289
sat,288
mhuwiex,288
agrikoltura,288
raġuni,288
ċiniżi,288
blu,288
reali,288
ettaru,287
iskavi,287
żar,286
fruntieri,286
karattru,286
dr,286
ċipru,286
funzjonijiet,286
lemin,286
tibqa,285
kulturi,285
raġunijiet,285
fadal,285
ġappuniż,285
red,285
ħsarat,284
history,284
ismu,284
bandiera,284
attenzjoni,284
kaċċa,284
prattika,284
pika,284
bundesliga,284
irnexxielu,283
soċjalista,283
waqqaf,283
sengħa,283
femminili,283
ladarba,283
rebħet,283
biċċiet,283
royal,282
metodu,282
tagħna,282
armi,281
effett,281
programmi,281
by,281
iddeżinjati,281
nett,281
ġrajjiet,280
kwalità,280
setgħet,280
seħħet,280
żwiemel,280
milied,280
teknika,280
liverpool,280
żviluppat,279
artistiċi,279
kriżi,279
fergħa,279
sulari,279
estrazzjoni,279
mmexxija,278
għalihom,278
ingħatat,278
ingħaqad,278
tgħid,277
jingħata,277
attiv,277
jien,277
parteċipazzjoni,276
għaliha,276
mużewijiet,276
moska,276
qatar,276
għarbija,275
kompożizzjoni,275
jidħol,275
no,275
privati,275
lagħbu,275
amerka,274
bibbja,274
konfini,274
negozju,274
rapport,274
urbana,274
iżrael,274
istrutturi,274
artal,274
anton,273
lhudi,273
enriku,273
ġisem,273
kroazja,273
ħaxix,273
żvilupp,272
studji,272
mifsud,272
assi,272
pubblikazzjoni,272
dokumenti,272
konferenza,272
msejjaħ,272
uża,272
rivali,272
portal,272
bix,272
distretti,272
johann,272
kmamar,271
indjan,271
bejniethom,271
banda,271
at,271
xeni,271
sittax,271
inizjalment,271
talba,270
biljun,270
hawnhekk,270
jiem,270
ġir,270
brittanja,269
temperaturi,269
tgħaddi,269
kambodja,269
karta,269
biż,268
tabib,268
maqsum,268
intern,268
mario,267
ġustizzja,267
kmieni,266
mitt,266
bbażata,266
relattivament,266
testi,266
henry,266
skorer,266
konfederazzjoni,266
marie,266
iskejjel,265
bdiewa,265
ħażin,265
sierra,265
rinaxximentali,265
taraġ,265
fuqu,264
tibda,264
twaqqaf,264
siegħa,264
lhudija,264
jfisser,264
attur,264
orkestra,264
iffirma,264
ungeriż,264
barcelona,264
istabbiliment,264
mija,263
illi,263
richard,263
ġenituri,263
ċensiment,263
mediċina,262
noti,262
titli,262
riga,262
superjuri,262
kawża,262
komunikazzjoni,261
daħlu,261
ftuħ,261
instabu,261
jemmnu,261
nofsani,261
konsiderevoli,261
foresta,261
ċirku,261
element,260
jitqiesu,260
żebbuġ,260
kritika,260
oxford,260
grech,260
khan,260
ġirien,259
imur,259
mijiet,259
suġġetti,259
sbuħija,259
miftuħa,259
daħliet,259
santu,259
kulħadd,259
finlandja,259
jissejħu,259
ifisser,258
artiklu,258
każijiet,258
silġ,258
grazzi,258
għex,258
kwistjonijiet,258
riforma,258
kostali,258
għajn,257
jibqgħu,257
taw,257
għalliem,257
żamm,257
rebbiegħa,257
bnedmin,257
tikber,257
ġlieda,257
disponibbli,257
reġim,257
klassika,257
barokk,256
non,256
tallinn,256
fondi,255
staġuni,255
jospita,255
katina,255
vantaġġ,255
national,255
twieqi,255
apparti,254
funtana,254
sajd,254
skejjel,254
deżert,254
somma,254
tlesta,254
vassalli,253
lid,253
bajda,253
kapital,253
għaċ,253
josé,253
urugwaj,253
lega,253
gotiku,253
hibernians,253
international,252
kibret,252
muniti,252
laħqu,252
komplew,252
iskor,252
impjant,252
nsibu,251
azzopardi,251
ibliet,251
navali,251
jan,251
kunċerti,251
insara,251
eżistenza,251
idejh,251
għand,251
komunista,251
stqarr,251
statwa,251
konti,250
metodi,250
introduzzjoni,250
lorenzo,250
rotot,250
għelbu,250
stmat,250
dominju,250
marsupjal,250
għaddiet,249
jinstabu,249
vatikan,249
relatati,249
ikollhom,249
ħamrun,249
popli,249
insedjamenti,249
deskritt,249
inbid,248
qasira,248
radio,248
slovakkja,248
urban,247
ikollu,247
żfin,247
jilgħabu,247
organiżmi,247
attakkant,247
arċipelagu,246
reliġjuż,246
perjodi,246
għalliema,246
setgħa,246
mitkellma,246
permess,246
tirrappreżenta,246
miguel,246
kanali,246
insetti,246
fossili,245
laħqet,244
pn,244
sid,244
miftuħ,244
profil,244
eżekuttiv,243
skala,243
pjanijiet,243
itwal,243
ekonomiċi,243
organizzazzjonijiet,243
super,243
lagomorpha,243
etimoloġija,242
jistudja,242
joqgħod,242
qima,242
marokk,242
group,242
riħ,242
distanza,242
smith,242
mingħand,241
ħelu,241
proposta,241
ferrovija,241
west,241
vella,240
allat,240
rinaxximent,240
privata,240
sikwit,240
bih,240
wirjiet,240
belġjan,240
navata,240
rumanzi,239
protettorat,239
innifsu,239
unità,239
fuqhom,239
cambridge,239
karozza,239
atlantiku,239
ġeneri,239
muntanjuża,239
sport,239
runners,239
daħlet,238
borg,238
talab,238
filippu,238
grand,238
renji,238
und,238
align,238
rnexxielu,237
spiritwali,237
uffiċjal,237
konfront,237
sussegwentement,237
die,237
qerda,237
minjiera,237
opossumi,237
tupaia,237
tiegħi,236
ġerusalemm,236
opera,236
kunċert,236
żdied,235
abela,235
network,235
attriċi,235
partitarji,235
netherlands,235
densità,234
bagħat,234
tradizzjonalment,234
portugiżi,234
tinqix,234
ulied,233
territorjali,233
wiesa,233
bint,233
qtil,233
paċifiku,233
mili,233
prova,233
forsi,232
globali,232
est,232
festi,231
bord,231
espansjoni,231
ħabbar,231
kostanti,231
una,231
ibn,231
iskozja,231
anna,231
monodelphis,231
bayern,231
kontenut,230
ddikjarat,230
ħabib,230
self,230
volum,230
ruħhom,230
reżistenza,230
analiżi,230
aspetti,229
student,229
deputat,229
jgħaddu,229
attrazzjonijiet,229
franz,229
statwi,229
aħna,228
ħmistax,228
ħelsien,228
giuseppe,228
ballun,228
primarja,228
ritorn,228
tibdil,228
tork,228
żviluppa,228
fluss,228
barrani,227
kreattività,227
mons,227
rikonoxximent,227
edward,227
quddiesa,227
moda,227
iran,227
jgħaddi,227
tifsira,227
tassonomija,227
testment,226
kundizzjoni,226
jirbħu,226
albaniż,226
palm,226
mhedda,226
difensur,226
trofew,226
ħamsin,225
għoti,225
society,225
fuqha,225
minuti,225
uman,225
tlestiet,225
don,225
jipprovdi,225
nel,225
iskoperta,225
jaqsmu,224
bnew,224
mark,224
veloċità,224
rurali,224
preżent,224
operazzjonijiet,224
trasferiment,224
internet,223
ministri,223
twassal,223
prinċipat,223
erbgħa,223
għen,223
eż,223
kont,223
sovjetiċi,223
pollakka,223
mogħtija,223
newton,223
sezzjonijiet,223
missierha,223
dokument,222
maltese,222
studenti,222
latvja,222
latina,222
qishom,222
sottospeċi,222
victoria,221
biċ,221
storikament,221
mument,221
arkitetti,221
ramel,221
ser,220
fenech,220
kantanti,220
ġeorġja,220
mifrux,220
ħielsa,219
konkwista,219
marsaxlokk,219
sinjali,219
jifforma,219
jasal,219
ġara,218
camilleri,218
gwida,218
dehret,218
identità,218
kmand,218
ivan,218
elettorali,218
kantanta,218
marda,218
malli,218
jikkonsistu,218
poeti,217
interni,217
kolonji,217
jibdew,217
żied,217
formali,217
tribujiet,217
ram,217
pronunzja,217
liga,217
jismu,216
ħamsa,216
qafas,216
dikjarazzjoni,216
ħwejjeġ,216
terremot,216
con,216
didelphidae,216
ċess,216
vulkan,215
tlugħ,215
taqsima,215
jiksbu,215
sigħat,215
biżantini,214
jipprovdu,214
kattoliku,214
fakultà,214
rekords,214
mejta,214
pellegrini,214
gowler,214
bastimenti,213
faċilitajiet,213
temm,213
rikonoxxut,213
mhix,213
kura,213
indoneżja,213
bitħa,213
viżibbli,213
ġużè,212
ekwivalenti,212
slovenja,212
kappelli,212
brikks,212
kuntrast,211
elf,211
brussell,211
jipprova,211
pl,211
piju,211
fama,211
damet,211
american,211
estiż,211
djoċesi,211
europa,211
minerali,211
ordnijiet,211
center,211
albert,210
dramm,210
qbil,210
maġenb,210
kompjuter,210
ġużepp,210
suldat,210
jmiss,210
bbażat,210
mibni,209
karattri,209
espressjoni,209
ħadmet,209
ċiniża,209
goguryeo,209
sostitut,209
ronaldo,209
bħalma,208
komponenti,208
laqgħat,208
pjaneta,208
imwielda,208
sewwa,208
karl,208
paris,208
kantant,208
skoperti,208
listi,208
funebri,208
qroll,208
awturi,207
nirien,207
rivista,207
ddedikata,207
sħubija,207
serb,207
mnaqqxa,207
istampa,206
konkors,206
infushom,206
titqies,206
pjanura,206
prinċipji,206
sekondarja,206
jerġgħu,206
ngħaqad,206
parrokkjali,206
tali,206
miżjuda,206
mogħdijiet,206
muniċipali,206
alexander,205
matematiku,205
taxxa,205
bojod,205
assoċjati,205
ali,205
ġappuniżi,205
għargħar,205
krimea,204
tema,204
nisranija,204
widien,204
vapuri,204
jirbaħ,204
jiġri,204
palermo,204
naqas,204
bniet,204
suwed,204
joħorġu,204
litteralment,204
etniċi,204
zealand,204
piż,204
ġurdien,204
parks,204
times,203
status,203
ħbieb,203
konċilju,203
movimenti,203
residenzjali,203
artifiċjali,203
iżlam,203
spazjali,203
komun,203
fawna,203
mm,203
praga,203
ngħidu,202
għażel,202
nħatar,202
interna,202
isforzi,202
albaniża,202
gama,202
kavallier,201
moħħ,201
separati,201
deċennji,201
mezzi,201
proċessi,201
attard,201
iżlanda,201
oġġett,201
lwiġi,201
olimpjadi,201
joe,200
kimika,200
imsemmi,200
ħwienet,200
setax,200
anniversarju,200
xandir,200
atturi,200
semi,200
artista,200
persjan,200
november,200
tikal,200
jaqsam,199
inġinerija,199
iddeċieda,199
riformi,199
operazzjoni,199
ekwatorjali,199
kosovo,199
biżantin,199
marmosops,199
nafu,198
isbaħ,198
eżilju,198
diskors,198
pollakki,198
monasteri,198
epoka,198
saff,198
volta,198
ppubblikat,197
flora,197
assistent,197
infrastruttura,197
għajr,197
terġa,197
artikli,197
imħallef,197
xtut,197
qotni,197
ħieles,196
libja,196
naħal,196
lokalità,196
teoloġija,196
kmandant,196
finanzjarji,196
association,196
xewqa,196
floriana,196
maċedonja,196
altitudni,196
laħam,196
copa,196
inkluża,195
uniċi,195
baġit,195
kieku,195
sbatax,195
fundamentali,195
dettalji,195
itfal,195
qisu,195
organizzat,195
jemen,195
iddeżinjata,195
xiva,195
jafu,194
sabu,194
universitajiet,194
żewġt,194
franġisk,194
subien,194
jingħataw,194
ċerimonja,194
ħlas,194
meħtieġ,194
istrateġija,194
mammalia,194
dal,193
ġeoloġiċi,193
mdawra,193
joħloq,193
sidien,193
diversità,193
taħlita,193
ribelljoni,193
rebħiet,193
pass,192
amministrattivi,192
xbieha,192
tifforma,192
alleanza,192
weraq,192
maħsuba,192
papwa,192
popolazzjonijiet,192
journal,192
pre,192
kiev,192
fabbriki,192
isfar,192
dottorat,191
jkollha,191
filosfu,191
ċeka,191
agħar,191
portugiża,191
iskultura,191
hamilton,191
arkata,191
raw,190
definizzjoni,190
frank,190
ħaddiem,190
kastilja,190
ġakbu,190
iz,190
london,190
applikazzjoni,190
sri,190
kastelli,190
oriġina,190
kwadri,190
iskulturi,190
tieqa,190
dgħajjes,190
estonjan,190
mekkanika,189
qofol,189
tvarja,189
midalja,189
tirreferi,189
użata,189
medici,189
patrun,189
biblijografija,189
ġimgħat,189
jiġbor,189
transnazzjonali,189
magna,188
birgu,188
veġetazzjoni,188
xjentifika,188
anthony,188
telf,188
olandiża,188
mimlija,188
awtonomija,188
sempliċement,188
moldova,188
bismarck,188
skavi,188
infraklassi,188
apposta,187
għassa,187
kooperazzjoni,187
sovran,187
iżlamika,187
żdiedu,187
kċina,187
perù,187
inċiżjonijiet,187
rispett,186
tuża,186
jikber,186
solari,186
leone,186
lewn,186
babilonja,186
negozjati,186
traffiku,186
abitat,186
dalí,186
buddisti,186
eqreb,185
qassis,185
gonzi,185
simboli,185
iskop,185
rċieva,185
ħila,185
tmenin,184
sagru,184
referendum,184
magħżul,184
denb,184
progress,184
rnexxielhom,184
sjieda,184
tlettax,184
estint,184
penalties,184
jibni,183
wilhelm,183
letterarja,183
sportivi,183
ġużeppi,183
jgħin,183
union,183
fetaħ,183
karibew,183
tentattiv,183
mżejna,183
teorema,183
prestazzjoni,183
zammit,182
eżattament,182
jgħidu,182
saċerdot,182
mqaddsa,182
kurrenti,182
trid,182
mandat,182
tajwan,182
luis,182
matematiċi,182
ruħha,181
ħaż,181
inkella,181
tinbena,181
magħżula,181
ilhom,181
palk,181
interpretazzjoni,181
soluzzjoni,181
format,181
presidenzjali,181
jugoslavja,181
all,181
baċir,181
life,181
verġni,181
twettaq,181
proprjetajiet,181
adam,181
las,181
salzburg,181
sottoklassi,181
lilhom,180
miljuni,180
estinti,180
protestanti,180
indiċi,180
iżomm,180
għeluq,180
singapor,180
turistika,180
beraħ,180
ekwazzjonijiet,180
faqqgħet,179
bonnici,179
għada,179
mistenni,179
ppubblika,179
ippubblikat,179
differenzi,179
stazzjon,179
filippini,179
tipikament,179
pedro,179
awstrijaka,179
south,179
friedrich,179
turnew,179
play,179
pietruburgu,179
presidenza,178
jindika,178
ortodossa,178
elettriku,178
klassijiet,178
letterarju,178
kontemporanja,178
sinjal,178
jżomm,178
gvernijiet,178
digriet,178
ribelli,178
popolata,178
guinea,178
franġisku,178
kampnar,178
baku,178
aħbarijiet,177
djalett,177
jitkellem,177
kuntatt,177
amministrattiva,177
qiegħ,177
king,177
editur,177
sagra,177
preservazzjoni,177
françois,177
bbażati,177
afrikan,177
afrikani,177
estensivi,177
rio,177
superordni,177
dro,177
kuntest,176
regola,176
galea,176
temi,176
afrikana,176
cassar,176
carlo,176
ntemmet,176
sorijiet,176
arma,176
seħħew,176
ha,176
passaġġ,176
intuża,176
inġinier,176
xagħar,176
graz,176
theria,176
tuneżija,175
demokratiku,175
joħolqu,175
hitler,175
rat,175
tipprovdi,175
biha,175
prinċipju,175
jilagħbu,175
jitlob,175
koppja,175
ġenerazzjoni,174
okkażjoni,174
house,174
kalendarju,174
materja,174
estiża,174
rock,174
imorru,174
jvarjaw,174
tama,174
mużajk,174
dortmund,174
tessuti,173
għajnejn,173
passat,173
jinbnew,173
bejgħ,173
sussegwenti,173
estensjoni,173
warajh,173
artefatti,173
mimli,172
kwartier,172
kontinwu,172
ferroviji,172
dom,172
kleru,172
porto,172
ħaġar,172
iraq,172
carlos,172
limiti,172
tinżel,172
ajax,172
ċara,171
faċilment,171
ordnat,171
msemmi,171
taylor,171
tfulija,171
pjattaforma,171
imwaqqfa,171
daniel,171
kemxejn,171
qosra,171
bilqiegħda,171
ispeċijiet,171
leg,171
drammi,170
saħħtu,170
ambjentali,170
assoċjat,170
roma,170
edizzjonijiet,170
barranija,170
kolp,170
qormi,170
arloġġ,170
lussemburgu,170
metropolitana,170
użaw,170
premjijiet,170
fk,170
awtonomu,169
deputati,169
xjentifiku,169
viċin,169
british,169
time,169
california,169
hemmx,169
effetti,169
mużiċisti,169
siġġu,169
żiemel,169
okkupat,169
ħarifa,169
kostantinopli,169
ffirma,169
reċentement,169
qisha,169
darwin,169
ġappuniża,169
saffi,169
bologna,169
kontemporanji,168
użati,168
viii,168
paġna,168
www,168
kompożituri,168
rabtiet,168
riedu,168
mawżolew,168
addizzjonali,168
kiber,168
żdiedet,168
awtonoma,168
sostitwit,168
mikelanġlu,168
skopert,167
alfabett,167
mudelli,167
cremona,167
mary,167
france,167
seminarju,167
studjużi,167
intellettwali,167
dehru,167
ġurnal,167
mmexxi,167
net,167
marco,167
talli,167
kandidat,167
rapporti,167
ħobż,167
simon,167
utc,167
pgd,167
pellegrinaġġ,167
was,167
bratislava,167
carl,167
xjentifikament,167
flokk,167
legs,167
tniżżlu,167
ħaġriet,167
sovranità,166
palazzo,166
formalment,166
buddiżmu,166
ippubblika,166
talb,166
divorzju,166
ħatra,166
privat,166
delle,166
ponta,166
okkupata,166
depożiti,166
kannella,166
ċm,166
ħabitats,166
amministrattiv,165
interessi,165
ex,165
mogħti,165
vapur,165
mosta,165
bibien,165
dominanti,165
ħażina,165
neo,165
interazzjoni,165
urbani,165
isport,165
town,165
ijiet,165
sonata,165
midja,164
imdina,164
perspettiva,164
naqset,164
jaraw,164
joqogħdu,164
perit,164
ngħataw,164
veru,164
one,164
bbc,164
ġordan,164
maskili,164
kant,164
mixi,164
sitta,164
ekwazzjoni,164
inka,164
għaddew,163
sittin,163
tela,163
foqra,163
individwi,163
tilfet,163
dixxendenti,163
alġerija,163
distinti,163
battista,163
th,163
titolu,163
tmintax,163
balkani,163
pożizzjonijiet,163
vjolin,163
music,163
sultanat,163
ilbies,163
major,163
henri,163
saqajn,163
istudjużi,163
love,163
kjostru,163
teotihuacan,163
tanġibbli,162
bijoloġiċi,162
stadji,162
varji,162
sewda,162
preca,162
suppost,162
maħtur,162
prima,162
italia,162
bħat,162
miksija,162
armen,162
relegazzjoni,162
kompartiment,162
pietro,161
ħtieġa,161
temp,161
esperanto,161
istoriku,161
organizzati,161
reliġjonijiet,161
kontribut,161
ġieli,161
inizjali,161
appostolika,161
sostanzjali,161
imsemmija,161
furjana,161
jipproduċu,161
co,161
fehma,161
alessandru,161
tkopri,161
kitbet,161
kejl,161
leonardo,161
midfilder,161
khmer,161
kontroversjali,160
vera,160
setgħux,160
qadim,160
destinazzjoni,160
erbatax,160
jaslu,160
kollezzjonijiet,160
bożnija,160
parteċipanti,160
arkeologi,160
għeruq,159
ibbażata,159
awissu,159
ħomor,159
kristjana,159
produttur,159
filgħodu,159
jiddeskrivi,159
msemmija,159
long,159
gradwalment,159
unifikazzjoni,159
rebħ,159
tendenza,159
skoperta,159
tajbin,158
kummissarju,158
tidħol,158
dsatax,158
portijiet,158
tradott,158
kontinwi,158
giorgio,158
tunnellata,158
villaġġi,158
mulej,158
ġnus,158
ħallew,158
talent,158
tingħata,158
liberali,158
baħrejn,158
relegati,158
għadam,158
wahl,158
calakmul,158
għelieqi,157
tkompli,157
toħroġ,157
web,157
anti,157
nukleari,157
kontinwa,157
għanijiet,157
stmata,157
jindikaw,157
surmast,157
ġnub,157
muhammad,157
stabbilew,157
istatwi,157
teatro,157
arkati,157
formazzjonijiet,157
volti,157
instab,156
bastiment,156
votazzjoni,156
jiltaqgħu,156
venere,156
sejjaħ,156
jirreferu,156
melħ,156
modi,156
verità,156
korpi,156
influwenti,156
vittmi,156
manuel,156
kopja,156
għodod,156
esperti,156
ospitat,156
jispiċċa,156
books,156
toledo,156
organizzata,155
vjaġġi,155
gazzetti,155
iddikjara,155
qablu,155
memorja,155
sostna,155
unitajiet,155
sovjetiku,155
eliminati,155
massimu,155
grande,155
bruges,155
ddedikat,155
silla,155
sminthopsis,155
poteri,154
jgħinu,154
daru,154
kors,154
mezz,154
teatrali,154
skopra,154
jkunx,154
turistiċi,154
neputi,154
opinjoni,154
tentattivi,154
best,154
ateni,154
apollo,154
fuħħar,154
me,154
ħiliet,154
fiżiku,154
delphi,154
romeo,154
novelli,153
ottomana,153
patt,153
eletti,153
proposti,153
demokrazija,153
theddida,153
irnexxielhom,153
pedamenti,153
annimal,153
qaws,153
song,153
pjaneti,153
une,153
kafka,153
dizzjunarju,152
jiżdiedu,152
responsabbiltà,152
regolarment,152
fundaturi,152
kritiku,152
emblema,152
ċittadinanza,152
washington,152
presidenti,152
ċekoslovakkja,152
prussja,152
mhijiex,152
erożjoni,152
priġunieri,152
nu,152
lingwistika,152
andré,152
stadium,152
elevazzjoni,152
sydney,152
elephantulus,152
superfamilja,152
brażiljan,152
kandidati,151
ġabu,151
pubblikazzjonijiet,151
casa,151
protetta,151
medda,151
ippubblikata,151
farrugia,151
ġranet,151
tirana,151
michel,151
arkeoloġika,151
teoriji,151
shah,151
kompartimenti,151
ġurnalist,150
divinità,150
infatti,150
realtà,150
għexu,150
online,150
tgħallem,150
sentenza,150
sfond,150
varsavja,150
dollaru,150
verona,150
thylamys,150
bougainville,150
sħan,149
xorb,149
għandux,149
college,149
irċieva,149
skopijiet,149
sptar,149
fatturi,149
lesta,149
terrestri,149
qoxra,149
amsterdam,149
ming,149
francis,148
tagħrif,148
musulmana,148
proprju,148
nisel,148
barbara,148
jilħaq,148
estensiv,148
kenn,148
influwenzi,148
sirja,148
danubju,148
beethoven,148
induisti,148
franco,148
grotta,148
laqam,148
tila,148
list,148
antenati,147
sammut,147
mejtin,147
isimha,147
jemmen,147
razza,147
faqar,147
monarka,147
ċad,147
kapijiet,147
arena,147
disinni,147
protetti,147
iskjavi,147
records,147
oclc,147
żviluppata,146
qawwiet,146
kabinett,146
arkeoloġija,146
marino,146
reputazzjoni,146
univers,146
jaħsbu,146
biża,146
korruzzjoni,146
jinbena,146
lul,146
limitat,146
aħħari,146
vladimir,146
come,146
klassiċi,146
attrazzjoni,146
ispanjoli,146
domestiċi,146
kappillan,146
jżommu,145
karm,145
isabella,145
finanzjarju,145
luqa,145
ffurmat,145
daniż,145
otto,145
ġarrbet,145
barriera,145
finanzi,145
titjib,145
xii,145
christian,145
mixja,145
bulgaru,145
mafja,145
kolonna,145
aċċessibbli,145
sports,145
cm,145
belġjani,145
buddha,145
lavanja,145
pyu,145
naraw,144
normali,144
tiżdied,144
jiltaqa,144
sħabu,144
wisa,144
marsa,144
inġenerali,144
segwit,144
popolarità,144
żżewweġ,144
metall,144
nota,144
żviluppati,144
għajxien,144
ċinema,144
petra,144
qrati,143
kritiċi,143
isla,143
rappreżentant,143
repubbliki,143
xjenzati,143
fiżjografiċi,143
jilħqu,143
qalbu,143
żviluppaw,143
riċenti,143
artistiku,143
jacques,143
us,143
jikbru,143
vjolenti,143
rikonoxxuta,143
gass,143
hans,143
plaċentat,143
tupaja,143
apparenzi,143
iddebutta,143
okkażjonijiet,142
borra,142
ħaj,142
jgħallem,142
funeral,142
manwel,142
mdawwar,142
ċans,142
ċili,142
facto,142
ippubblikati,142
hall,142
qtugħ,142
database,142
kardinali,142
bijoloġija,142
mewġ,142
drake,142
vokali,141
marshall,141
jwasslu,141
fenomeni,141
prattikament,141
istituzzjoni,141
sofra,141
riżenja,141
first,141
astronomija,141
jugożlavja,141
papali,141
gotika,141
ipoteżi,141
andrew,141
offerta,141
sinfonija,141
leporidae,141
mantova,141
merv,141
agius,140
aspett,140
tah,140
vjolenza,140
kuba,140
postu,140
sessjoni,140
serbi,140
abu,140
sejbiet,140
għandna,140
fortizzi,140
nacional,140
plaza,140
galizia,140
qala,140
senġi,140
specialist,140
xjentifiċi,139
faħam,139
għexieren,139
maċ,139
dimech,139
european,139
iżżewweġ,139
vilnius,139
dubju,139
utenti,139
muniċipju,139
promossi,139
este,139
kaskati,139
żammew,138
essenzjali,138
dati,138
ko,138
iltaqa,138
kongregazzjoni,138
law,138
lord,138
militar,138
opportunità,138
trattament,138
blata,138
marbut,138
federiku,138
miżmuma,138
metropolitan,138
ac,138
jieklu,138
kumplessi,138
muntanjużi,138
aħdar,138
han,138
dasyuromorphia,138
tripletta,138
juventus,138
imnaqqxa,138
stampa,137
manifattura,137
involuti,137
stejjer,137
bhejjem,137
awstrijak,137
probabbilment,137
żmienu,137
traduzzjonijiet,137
aġenzija,137
tekniku,137
jsostnu,137
domestiku,137
school,137
mappa,137
that,137
ħerzegovina,137
atmosfera,137
islam,137
jimxi,137
lübeck,137
kyiv,137
indjani,137
oħxon,137
heinrich,137
tagħmir,137
riċerkaturi,136
victor,136
ntużaw,136
għaddej,136
influwenzat,136
illegali,136
attenda,136
partikulari,136
palestina,136
tinstab,136
front,136
refuġjati,136
stili,136
ukren,136
immigranti,136
taqsam,136
ideali,136
ġilda,136
ħaġra,136
star,136
tekniki,136
lqugħ,136
analisi,136
probabbiltà,136
armeni,136
yogyakarta,136
azzjonijiet,135
ġurnalisti,135
eroj,135
tneħħija,135
taz,135
aċċetta,135
koreana,135
rritorna,135
salvador,135
awstraljani,135
tranżizzjoni,135
riskju,135
nikola,135
adottat,135
magħrufin,135
ispirat,135
ntuża,135
xbihat,135
tniżżlet,135
ħnejjiet,135
penh,135
terz,134
qagħda,134
spiteri,134
muniċipalitajiet,134
naqsu,134
morali,134
taxxi,134
iddedikata,134
għandhomx,134
erbgħin,134
messaġġ,134
walter,134
andrea,134
provinċjali,134
setgħat,134
kunflitti,134
fernando,134
finanzjament,134
miġbura,134
teżor,134
skultura,134
ilmijiet,134
georges,134
lake,134
rettangolari,134
sintra,134
lest,133
sebgħin,133
iddikjarata,133
jinstab,133
traċċi,133
eliżabetta,133
sinjura,133
tħares,133
stefan,133
akkademiċi,133
ġibiltà,133
chi,133
prestazzjonijiet,133
prinċipessa,133
dante,133
xiv,133
doppja,133
partiċelli,133
jissodisfa,133
das,133
bgcolor,133
ferguson,133
kwantistika,133
vassallo,132
anġlu,132
reqqa,132
wistin,132
agrikoli,132
lokalment,132
benedittu,132
mafkar,132
or,132
saħħithom,132
artistika,132
kolombja,132
ntużat,132
euro,132
ferdinand,132
rumen,132
usa,132
jikkompetu,132
enfasi,132
korean,132
partiċella,132
żgur,131
rikonoxxuti,131
deskritta,131
kulma,131
nisrani,131
ġbir,131
ġiżwiti,131
isib,131
dejn,131
iħobb,131
frankfurt,131
introduċa,131
assoċjazzjonijiet,131
waqa,131
kampijiet,131
nażista,131
magħmudija,131
żvizzera,131
ekwador,131
albaniżi,131
alfonso,131
ħanut,131
pietà,131
dgħajsa,131
apparenza,131
mitoloġija,131
żjarat,131
siena,131
threatened,131
borussia,131
ellul,130
parroċċi,130
kunċetti,130
pajjiżu,130
qawmien,130
be,130
paolo,130
veduta,130
rġiel,130
telqu,130
litwan,130
udjenza,130
joffri,130
nattiv,130
ħadit,130
tobba,129
żammet,129
għasel,129
negozjanti,129
tindika,129
swali,129
dawra,129
ddikjara,129
ferrovjarju,129
irdumijiet,129
ipprova,129
lawrence,129
inċident,129
azzar,129
kellux,129
motto,129
martri,129
great,129
ħu,129
delta,129
mewġa,129
versailles,129
barrieri,129
qing,129
ħarir,129
laterali,129
segwita,128
eletta,128
kristjan,128
segwenti,128
banjijiet,128
passjoni,128
diplomatiċi,128
involut,128
duttrina,128
ħatar,128
pussess,128
irritorna,128
eċċezzjoni,128
diffikultajiet,128
daqshekk,128
żejtun,128
company,128
stabbiliet,128
ritwali,128
eġizzjan,128
biswit,128
promoss,128
jiskorja,128
jistax,127
anqas,127
anġli,127
provi,127
tluq,127
sk,127
leġiżlatura,127
dixxiplina,127
twelidu,127
borża,127
faċli,127
għaddejja,127
suċċessjoni,127
tomé,127
lanka,127
via,127
torka,127
probabbli,127
persunal,127
tara,127
sodda,127
pilastru,127
selvaġġi,127
dürer,127
waqgħet,126
saħħitha,126
inizjattiva,126
nnifisha,126
pastorali,126
qaddisa,126
aħbar,126
intużat,126
komunisti,126
ġiljan,126
am,126
infetaħ,126
difensuri,126
bolivja,126
mindu,126
nstab,126
jinvolvi,126
fażijiet,126
rsssf,126
eġizzjani,126
konfigurazzjoni,126
shakespeare,126
identifikati,126
televiżiva,126
vulnerabbli,126
marmosa,126
vivaldi,126
bċejjeċ,125
sinjuri,125
kobor,125
ħalliet,125
pace,125
verżjonijiet,125
stabbli,125
vetturi,125
ċirkolari,125
etjopja,125
diego,125
jingħaqad,125
iddedikat,125
speċifiċi,125
tfittxija,125
millenju,125
għid,125
stħarriġ,125
jsib,125
mini,125
tneħħew,125
pazjenti,125
soqfa,125
teresa,125
pergamon,125
deċiżjonijiet,124
jwassal,124
jibnu,124
demografija,124
finanzjarja,124
senat,124
divina,124
volumi,124
waħdu,124
bormla,124
inħoloq,124
qassisin,124
distinzjoni,124
kisbiet,124
bambin,124
skwadra,124
maldivi,124
superjur,124
battalji,124
luigi,124
impjanti,124
preistorja,124
pesta,124
nunzjatura,124
lyon,124
tpinġijiet,124
ikħal,124
athletic,124
mammals,124
tate,124
ħolqu,123
frekwenti,123
pprova,123
alternattiva,123
jridu,123
kategorija,123
qosor,123
miller,123
ikompli,123
sadanittant,123
miżuri,123
immedjatament,123
każakistan,123
wettqu,123
netwerk,123
sħab,123
sivilja,123
ġeoloġija,123
tour,123
jrid,123
arthur,123
off,123
alġebra,123
bavarja,123
provvista,123
orgni,123
promontorju,123
karabakh,123
efesu,123
xvi,122
http,122
sħana,122
preċipitazzjoni,122
foss,122
separata,122
minoranza,122
ommha,122
primarji,122
professjoni,122
jkompli,122
protesti,122
iskultur,122
fergħat,122
oblast,122
żżomm,122
annessjoni,122
skorers,122
għaġeb,122
formula,122
devozzjoni,122
istoriċi,122
finalisti,122
que,122
anderlecht,122
nekropoli,122
cercle,122
jiżviluppa,121
frans,121
iżlamiku,121
esportazzjoni,121
assisi,121
koordinati,121
ddeċieda,121
taf,121
xibka,121
ġabet,121
ghal,121
lixandra,121
bierda,121
stabbilixxew,121
libanu,121
suċċessi,121
migrazzjoni,121
ludwig,121
ġenna,121
dijametru,121
kunjom,121
archer,121
tottenham,121
angkor,121
rv,121
stonehenge,121
kon,120
midfun,120
sekondarji,120
torino,120
ajruplan,120
filgħaxija,120
ebrajk,120
old,120
ispirazzjoni,120
speċifikament,120
busuttil,120
kellhomx,120
ċelebrazzjonijiet,120
tarxien,120
bolol,120
bihom,120
estinzjoni,120
drawwiet,120
island,120
andorra,120
burma,120
irtirar,120
bosnja,120
pil,120
katidrali,120
mela,120
vertebrati,120
karnivori,120
kunsilli,119
irtira,119
uniformi,119
djaletti,119
waqfien,119
joffru,119
kompjuters,119
merkanzija,119
wild,119
ħalib,119
semma,119
jispiċċaw,119
suċċessivi,119
xoljiment,119
rivalità,119
sejħa,119
legat,119
aggregat,119
librett,119
istemma,119
sportiv,119
piedi,119
spazji,119
bernoulli,119
tajn,119
żvediża,119
riljievi,119
biddel,118
ortografija,118
rodi,118
setturi,118
delegazzjoni,118
katerina,118
fenomenu,118
irqiq,118
nazzjonalisti,118
iżommu,118
trattati,118
bernard,118
dibattitu,118
individwu,118
kriminali,118
award,118
titkellem,118
uġigħ,118
skur,118
serra,118
au,118
sagri,118
ppreservati,118
estonjani,118
abitazzjonijiet,118
grammatika,117
org,117
ingħataw,117
toffri,117
awtostrada,117
ġun,117
maħluqa,117
tneħħa,117
qadima,117
segwaċi,117
micallef,117
ċittadin,117
tekniċi,117
inawgurat,117
intervent,117
folla,117
stazzjonijiet,117
maġi,117
appartamenti,117
minnufih,117
mira,117
ffurmaw,117
ħarab,117
etniku,117
talbu,117
istanbul,117
qċaċet,117
possibbiltà,117
gotiċi,117
disinji,117
ċiklu,117
ġarrab,117
sesswali,117
diga,117
klassifiki,117
paulo,117
sheki,117
studjat,116
aragona,116
limitata,116
ikollha,116
versi,116
tieghu,116
tipika,116
topera,116
viżjoni,116
jitlaq,116
bomba,116
daqstant,116
ħarbu,116
isvezja,116
impressjonanti,116
pontijiet,116
ukraina,116
serviet,116
norveġiż,116
ħoss,116
tipproduċi,116
vasco,116
deklin,116
doppju,116
tang,116
strateġija,116
mqabbla,115
leġġendi,115
appostli,115
jipparteċipaw,115
diviżjonijiet,115
serp,115
tmiss,115
marka,115
għanja,115
kontroversja,115
ħniena,115
aċċettat,115
rakkont,115
you,115
lirika,115
midfuna,115
prezz,115
gabriel,115
sad,115
qsim,115
vuċi,115
varjazzjonijiet,115
north,115
capita,115
impjieg,115
mqabbel,115
brabant,115
intlagħbu,115
reġija,115
messikan,115
idejhom,114
interessanti,114
sejjer,114
fatti,114
tkellem,114
vulkanika,114
proporzjon,114
alpi,114
erbat,114
għenu,114
jistgħux,114
deċiż,114
emerġenza,114
jinnota,114
jservi,114
jisimha,114
ltaqa,114
matthew,114
na,114
arabja,114
okkupaw,114
te,114
għonja,114
diġitali,114
kelmiet,114
kompluta,114
tpinġija,114
miżjud,114
ċelebrazzjoni,114
akkwist,114
ravenna,114
su,114
akkwedott,114
metatheria,114
yerevan,114
rieda,113
kwart,113
schembri,113
ffirmat,113
bħas,113
sempliċiment,113
aġent,113
adami,113
diplomatiku,113
reġistrazzjoni,113
strumentali,113
isfond,113
claude,113
kaxxa,113
panama,113
ti,113
effettivament,113
kroat,113
limitu,113
trinità,113
arts,113
roti,113
iddisinjata,113
wieqfa,113
organizza,113
ġenb,113
den,113
awstraljan,113
griż,113
liżbona,113
gracilinanus,113
ballut,113
feniċi,112
jirrakkonta,112
intenzjoni,112
ġol,112
gli,112
karti,112
jingħaqdu,112
sibt,112
miti,112
belle,112
negozjant,112
divertiment,112
saltna,112
gana,112
entitajiet,112
jissuġġerixxu,112
approċċ,112
tafal,112
nb,112
prospero,112
klassifikat,112
koran,112
brugge,112
karmenu,111
sjuf,111
investiment,111
adotta,111
truf,111
televiżiv,111
konsegwenza,111
konsulent,111
anne,111
qamħ,111
tħejjija,111
pjanuri,111
valencia,111
istaġuni,111
ġudaiżmu,111
medalja,111
bajd,111
dejta,111
sarajevo,111
giotto,111
didelphoidea,111
żewġha,111
komponent,111
riffieda,111
poġġa,110
oliver,110
ferdinandu,110
tlaħħaq,110
siġġijiet,110
ingħaqdu,110
lava,110
ġove,110
onorarju,110
frammenti,110
jippermetti,110
air,110
koalizzjoni,110
jikkwalifikaw,110
bhala,110
kontinwament,110
ħajjitha,110
tikseb,110
settijiet,110
tpittir,110
niġerja,110
żvizzeru,110
ġibs,110
his,110
studies,110
vilel,110
ġeni,110
didelphinae,110
rikkezzi,110
apsida,110
mediterranja,109
jissemma,109
paġni,109
jokkupa,109
olivier,109
intervista,109
forum,109
liċeo,109
żabbar,109
kruċjali,109
frażi,109
sejra,109
anzjani,109
lawrenz,109
baltiku,109
agrikola,109
iffurmat,109
waqfa,109
abbandunat,109
strumenti,109
wagner,109
estensiva,109
più,109
iberika,109
district,109
liċ,109
irdum,109
iddeskriva,109
vista,109
rikk,109
loġġa,109
genk,109
phnom,109
puntdivista,109
strateġika,108
merkanti,108
għaxra,108
assoluta,108
appostlu,108
jaqblu,108
tippermetti,108
who,108
folklor,108
ajruplani,108
passiġġieri,108
ħadmu,108
ġietx,108
kampanji,108
karigi,108
stephen,108
rikka,108
abbandunata,108
ġiex,108
viżitatur,108
jżuru,108
jiżdied,108
indjana,108
uffiċċji,108
tgħaqqad,108
poloz,108
kwadra,108
modena,108
córdoba,108
ceau,108
bajjiet,107
tiddependi,107
kelliema,107
santwarji,107
jgħaqqad,107
studjuż,107
weqfin,107
konġunt,107
ghall,107
elena,107
parir,107
belgrad,107
għeleb,107
iwettaq,107
xorti,107
klieb,107
għamara,107
ġibjun,107
place,107
attiva,107
vasari,107
georg,107
rettili,107
immaġnijiet,107
jaħseb,106
maħkuma,106
attivi,106
black,106
qniepen,106
introdotta,106
medika,106
teżi,106
domanda,106
approvazzjoni,106
ben,106
doppjetta,106
jipproduċi,106
mistennija,106
neolitiku,106
white,106
istħarriġ,106
immaġni,106
barokka,106
gardner,106
endemiċi,106
tiddeżinja,106
xtiewi,105
politiki,105
lilha,105
iwassal,105
ortodossi,105
abitata,105
akkademiku,105
arkeologu,105
tlestew,105
żball,105
laboratorju,105
veneżwela,105
adeżjoni,105
ġwienaħ,105
paragwaj,105
timor,105
kolonizzazzjoni,105
degli,105
ħodor,105
tifkira,105
prosperità,105
subtropikali,105
basketball,105
my,105
hermann,105
dos,105
beijing,105
ameghino,105
konsekuttivi,105
mahal,105
curaçao,105
tebe,105
politikament,104
proża,104
imperaturi,104
galleriji,104
jattendu,104
iservi,104
aramajk,104
għerf,104
imġiba,104
mejjet,104
isemmi,104
sforz,104
sinjur,104
impjegati,104
kisba,104
hugo,104
dilettanti,104
okkupati,104
kategoriji,104
bażiċi,104
tipiċi,104
provvisti,104
ambaxxatur,104
ġabar,104
pasha,104
ppruvaw,104
priġunier,104
jkopru,104
tiegħek,104
jiekol,104
ferrovjarji,104
spartans,104
vs,104
umanità,104
kwartett,104
simpson,104
santos,104
tra,104
laguna,104
romero,104
escu,104
mitkellem,103
ħakmu,103
riżervi,103
vulkani,103
duminku,103
jimxu,103
lukandi,103
impenn,103
qallu,103
elettronika,103
ħabbret,103
rasu,103
imdawwar,103
dokumentarju,103
biżantina,103
magħmulin,103
kwalifika,103
angeles,103
xewkija,103
joperaw,103
swieq,103
kuritur,103
alessandro,103
introdott,103
issieħeb,103
torres,103
afc,103
mawrizju,103
piramida,103
samarkanda,103
industriji,102
language,102
varjazzjoni,102
kontinenti,102
lukanda,102
kajr,102
toħloq,102
xtaq,102
toqgħod,102
castro,102
jirċievi,102
jitolbu,102
ħakem,102
es,102
tlestija,102
drawwa,102
xtara,102
cervantes,102
brown,102
selvaġġa,102
padova,102
kollaborazzjoni,102
esterna,102
artiġjani,102
penalty,102
ani,102
portiku,102
tutankhamun,102
ħolma,101
aċċettata,101
konnessjoni,101
sħun,101
tarzna,101
tissuġġerixxi,101
pajsaġġi,101
għalaq,101
massima,101
magħluqa,101
impjiegi,101
jinġabru,101
liċenzja,101
jippreferi,101
televiżivi,101
ungeriża,101
jistabbilixxi,101
niġer,101
diskussjoni,101
son,101
ċċelebrata,101
goethe,101
osservatorju,101
skoċċiż,101
wiri,101
williams,101
stima,101
papua,101
ġuħ,101
ġewx,101
left,101
rudolf,101
dolmens,101
armena,101
għotjiet,101
vespucci,101
superfiċe,101
pécs,101
xaqlibiet,101
għerq,100
jmexxi,100
filosfi,100
kripta,100
león,100
żminijietna,100
tħassib,100
jappartjenu,100
mattew,100
ġurisdizzjoni,100
osservazzjoni,100
pro,100
livonia,100
ġeografika,100
rafael,100
għamliet,100
nadur,100
żamma,100
magni,100
stokkolma,100
difensivi,100
ppreservat,100
renaissance,100
slovakk,100
xewk,100
sv,100
quebec,100
funtani,100
transett,100
ramli,100
drenaġġ,99
tradutturi,99
tixrid,99
abbozz,99
bintu,99
debono,99
tensjoni,99
ħarsa,99
eredi,99
assenjat,99
liberja,99
ċrieki,99
trabba,99
immigrazzjoni,99
waqaf,99
eġizzjana,99
speċifiku,99
loġika,99
protett,99
imżejna,99
akkademika,99
java,99
iljun,99
alberto,99
affresk,99
faxxa,99
rovers,99
ċeramika,99
messikana,99
botaniċi,99
ċilì,99
galatasaray,99
neruda,99
wiki,98
utli,98
jivvutaw,98
ibħra,98
jiddependi,98
josef,98
sabiħa,98
ward,98
tiddeskrivi,98
plural,98
jħalli,98
ugwali,98
zokkor,98
prezzijiet,98
qalet,98
sostitwiti,98
slavi,98
titla,98
oċeanja,98
stilla,98
kanuni,98
strutturali,98
karnival,98
pop,98
mozart,98
komunement,98
ernst,98
ħesrem,98
ktajjen,98
tistudja,98
ċerimonji,98
pisa,98
faċilità,98
xellugija,98
konfederazzjonijiet,98
rinnovazzjoni,98
ross,98
due,98
lesti,97
jiġġieldu,97
skjavi,97
wk,97
bilanċ,97
ħxejjex,97
faċċati,97
alex,97
street,97
attentat,97
isostni,97
akkomodazzjoni,97
telfiet,97
nancy,97
caravaggio,97
niċċa,97
imperatriċi,97
fużjoni,97
aston,97
umdità,97
ġenerazzjonijiet,97
tumas,97
ne,97
vita,97
lisa,97
ou,97
snien,97
paleobiology,97
tbilisi,97
micoureus,97
ottagonali,97
bagan,97
possibbilment,96
endemika,96
trab,96
pjazez,96
disgħin,96
ċerta,96
jippermettu,96
inkjesta,96
facebook,96
inbidel,96
imqaddes,96
manutenzjoni,96
mekkaniżmu,96
żżewġet,96
radikali,96
jkopri,96
għana,96
antikità,96
tmienja,96
armonija,96
rappreżentazzjonijiet,96
sajjieda,96
eċċellenti,96
sud,96
ancient,96
tumbata,96
albums,96
naħla,96
manis,96
orycteropus,96
sufi,96
tome,96
djalogu,95
ħtiġijiet,95
general,95
luċija,95
monsinjur,95
enrico,95
residenzi,95
rtira,95
għedewwa,95
tarbija,95
imsida,95
int,95
jispjega,95
madwaru,95
personalità,95
elizabeth,95
episodju,95
nil,95
waqqfu,95
ungeriżi,95
tilħaq,95
jirrifletti,95
inferjuri,95
zkuk,95
ispazji,95
rati,95
karbonju,95
saħara,95
episkopali,95
rangers,95
fraser,95
billejl,95
nagħaġ,95
pjanuforti,95
festivals,95
ebu,95
ospiti,95
estonjana,95
mata,95
delhi,95
ng,95
kremlin,95
manuskritti,94
fattur,94
minima,94
kelliem,94
xahrejn,94
assoċjata,94
ippreservati,94
invażjonijiet,94
għallem,94
jiena,94
rakkonti,94
state,94
boffa,94
ċampjin,94
xolt,94
jinżlu,94
baqax,94
deċennju,94
megħluba,94
boemja,94
liechtenstein,94
tajlandja,94
proviżorju,94
rrestawrat,94
ċiviltà,94
amore,94
varjetajiet,94
inhu,94
english,94
nstabet,94
uċuħ,94
periferija,94
apparat,94
iseħħu,94
merkurju,94
vertikali,94
ġarrbu,94
río,94
tequila,94
siracusa,94
tipiku,93
snajja,93
aquilina,93
imexxi,93
għodda,93
porta,93
tispiċċa,93
centre,93
preistoriċi,93
terminoloġija,93
grima,93
mirbuħa,93
sofrew,93
kesħin,93
reġistru,93
mistieden,93
rnexxielha,93
jaħrab,93
century,93
profeta,93
diska,93
tħaffir,93
tinvolvi,93
deskritti,93
raġġi,93
fjandri,93
abbundanti,93
jiżviluppaw,93
panewijiet,93
friefet,93
induista,93
arles,93
palenque,93
carter,93
wat,93
ilsna,92
terzi,92
kattoliċiżmu,92
jikkorrispondi,92
diskussjonijiet,92
isservi,92
samuel,92
sloven,92
rċeviet,92
dixxendenza,92
iffurmata,92
sc,92
jones,92
integrazzjoni,92
maħruġa,92
falliment,92
korsijiet,92
fiduċja,92
ltd,92
titulari,92
balzan,92
monarki,92
angola,92
peru,92
jeħtieġ,92
introdotti,92
istilla,92
għażlu,92
sforzi,92
novella,92
nattivi,92
impjegat,92
libsa,92
karità,92
ddisinjat,92
qxur,92
tfajla,92
frederick,92
kolokolo,92
piki,92
hoffmann,92
kirurġija,92
bremen,92
rrenja,92
indikattivi,92
toruń,92
ivvjaġġar,91
qoton,91
awstrijaċi,91
lira,91
esperjenzat,91
lokal,91
elettroniku,91
kurċifiss,91
jqisu,91
xiri,91
ggradwa,91
edukattivi,91
reazzjoni,91
patrick,91
awstro,91
etnika,91
jitilqu,91
jistabbilixxu,91
waqfet,91
qaddejja,91
jinżel,91
patroċinju,91
jirriflettu,91
pinġa,91
ġmiel,91
ċerimonjali,91
rħula,91
chris,91
ekosistemi,91
niexfa,91
orizzontali,91
minsk,91
piero,91
ch,91
abbundanza,91
lo,91
pmid,91
ispedizzjoni,91
youtube,91
sul,91
ġrieden,91
paucituberculata,91
donazzjoni,91
atlético,91
irreversibbli,91
emir,91
relatat,90
avukati,90
ħajjithom,90
vokabularju,90
segwiti,90
iskrizzjoni,90
mejda,90
nizza,90
komposta,90
ristoranti,90
mentali,90
dublin,90
saċerdoti,90
tabella,90
parzjali,90
band,90
produtturi,90
irrifjuta,90
gaddafi,90
passi,90
ħafif,90
dipendenti,90
suprema,90
konverżjoni,90
marittimu,90
irreġistrati,90
estetika,90
żaru,90
kanċillier,90
integrali,90
għasfur,90
anglo,90
testendi,90
manju,90
awtomatikament,90
iljuni,90
imdawra,90
jikkompeti,90
fondoq,90
esperimenti,90
ferrara,90
pinto,90
kimiċi,90
kalkulu,90
muħammad,90
xtieli,90
raffaello,90
arkitettonika,90
arġentin,90
goryeo,90
mertu,90
marsupial,90
sophia,90
ispettaklu,90
brażiljani,90
santo,90
ġemellaġġ,90
anche,90
sao,90
rumanesk,90
definit,89
dgħajfa,89
portelli,89
impressjoni,89
żurrieq,89
kuxjenza,89
high,89
ifforma,89
sittinijiet,89
media,89
jissuġġerixxi,89
mħabba,89
veduti,89
franġiskani,89
qatlu,89
iskala,89
gallery,89
persentaġġ,89
gwarniġjon,89
kwantità,89
heritage,89
persjani,89
argument,89
dinastiji,89
maría,89
irlandiż,89
bijodiversità,89
missjonijiet,89
niċeċ,89
road,89
disinjatur,89
out,89
idejha,89
mistagħdra,89
antwerp,89
jin,89
plaċentati,89
eutheria,89
ukreni,89
shylock,89
iskoll,89
kv,89
angra,89
rikostruwita,89
ħakkiema,88
singapore,88
effettiv,88
qatel,88
mħallta,88
war,88
rettur,88
xiii,88
rose,88
irriżenja,88
twettqu,88
familjari,88
instabet,88
maġistrat,88
lija,88
jumejn,88
escher,88
ħerżegovina,88
sawdija,88
jagħżel,88
dokumentazzjoni,88
fu,88
istrumenti,88
ssieħeb,88
widnejn,88
kontemporanju,88
arkivji,88
lajċi,88
lee,88
investigazzjoni,88
purċissjoni,88
shield,88
indji,88
angelo,88
futboler,88
smewwiet,88
tereża,88
rivoluzzjonarji,88
story,88
applikazzjonijiet,88
kompożizzjonijiet,88
dinamo,88
johnson,88
vjaġġaturi,88
botaniku,88
ikkulurit,88
fortijiet,88
pour,88
nfetaħ,87
jinbidel,87
teatri,87
websajt,87
ħolqot,87
maħluq,87
prefiss,87
kkunsidrat,87
privileġġi,87
mediċi,87
ronald,87
oratorju,87
protagonista,87
qerdu,87
adottata,87
restrizzjonijiet,87
bolla,87
jippruvaw,87
kenja,87
istrett,87
iqis,87
harry,87
jirċievu,87
ġenetika,87
chicago,87
motivi,87
pijunier,87
ċentimetru,87
stilel,87
gradi,87
allen,87
sedimenti,87
ċriev,87
kim,87
water,87
baekje,87
vleġġa,87
championship,87
antechinus,87
canal,87
għelejjel,87
occidental,87
kappar,87
distinta,86
jammonta,86
nominat,86
ċifri,86
soċjalisti,86
irriżulta,86
jħares,86
għadira,86
jaqra,86
ħalli,86
brian,86
riżoluzzjoni,86
newcastle,86
attendew,86
rriżulta,86
irwol,86
scicluna,86
raymond,86
leali,86
nażisti,86
kamerun,86
afganistan,86
nattiva,86
separat,86
tiżviluppa,86
separazzjoni,86
ssr,86
relatata,86
drama,86
fniek,86
qanpiena,86
jitħallew,86
jules,86
antoine,86
köppen,86
niexef,86
spettaklu,86
mina,86
iddisinjat,86
ulterjuri,86
jilbsu,86
sua,86
diskografija,86
rispons,86
giggs,86
ażerbajġani,86
coimbra,86
fuji,86
wikimedia,85
lingwistiċi,85
kapitlu,85
lino,85
wrew,85
każi,85
stella,85
musulman,85
medjuevu,85
esejs,85
katarina,85
kompost,85
are,85
piro,85
iddikjarat,85
tpoġġiet,85
fm,85
two,85
qabad,85
litwana,85
leipzig,85
attakkaw,85
jokkupaw,85
jwettaq,85
arrestat,85
għexet,85
jack,85
uk,85
induiżmu,85
platti,85
baltiċi,85
irrigazzjoni,85
ħruġ,85
derby,85
selezzjoni,85
glaċjali,85
intelliġenza,85
ryan,85
mużiċista,85
ljun,85
america,85
involviment,85
madum,85
pangolin,85
ospitu,85
tikkollega,85
havre,85
bath,85
guanajuato,85
dingli,84
hotspurs,84
tammonta,84
ispejjeż,84
ortodoss,84
orjentali,84
internazzjonalment,84
ibbażati,84
party,84
iebes,84
jkunux,84
uliedu,84
jġib,84
marina,84
qies,84
costa,84
roman,84
talbiet,84
qligħ,84
konrad,84
minimu,84
jammontaw,84
rit,84
armla,84
artillerija,84
jagħżlu,84
book,84
relattività,84
dumnikani,84
soluzzjonijiet,84
nicolas,84
pablo,84
rugby,84
compostela,84
esplorazzjoni,84
tennis,84
jospitaw,84
dekorazzjoni,84
appell,84
ġurija,84
liż,84
tasal,84
fort,84
tavla,84
kawkasu,84
archaeology,84
dans,84
fanal,84
dettall,84
anderson,84
sriep,84
żerriegħa,84
ċomb,84
intervall,84
sinagoga,84
maya,84
rumaneska,84
mirfuda,84
bartholdi,84
orlando,83
buttigieg,83
sofriet,83
banek,83
konferenzi,83
jivvjaġġaw,83
bħar,83
potenzjal,83
libreriji,83
moħbija,83
preċiż,83
rené,83
jistudjaw,83
benefiċċji,83
doi,83
trade,83
mediku,83
edukattiva,83
propost,83
ċeda,83
glorja,83
magħluq,83
golden,83
intużaw,83
inkurunazzjoni,83
príncipe,83
tinbidel,83
lok,83
ppubblikati,83
sportiva,83
jesa,83
johannes,83
bach,83
kopji,83
ddedikati,83
rodin,83
italiana,83
tissemma,83
barċellona,83
mwielda,83
astronomi,83
nobbiltà,83
difensiva,83
qattus,83
koreani,83
forn,83
felix,83
dimensjonijiet,83
walker,83
gustav,83
hiv,83
rapid,83
gray,83
lima,83
iddisinjati,83
linnaeus,83
show,83
roberto,83
eliminatorja,83
sporting,83
ħnejja,83
ġellieda,82
friggieri,82
ddeskriva,82
inħolqot,82
jservu,82
ħamest,82
esperjenzi,82
tbatija,82
kuntrarju,82
spirtu,82
meħuda,82
her,82
guido,82
eddie,82
kurunell,82
tfakkar,82
mexa,82
kumplessa,82
kanċer,82
miżżewweġ,82
estrem,82
litwani,82
samoa,82
gwatemala,82
kong,82
maqtula,82
stalin,82
sofia,82
patrijarka,82
couto,82
nom,82
bħad,82
soċjetajiet,82
miksi,82
nixfa,82
kultivazzjoni,82
nħolqot,82
theory,82
subborgi,82
wesgħin,82
aden,82
utrecht,82
liège,82
science,82
diana,82
mongoli,82
research,82
buddista,82
bokka,82
giulietta,82
invertebrati,82
elenkati,82
caluromys,82
tazez,82
hertz,82
antikitajiet,82
ġurnali,81
delia,81
arranġament,81
manoel,81
vulkaniku,81
posta,81
passaġġi,81
nutar,81
far,81
trobbija,81
ċert,81
iridu,81
bill,81
konsegwenzi,81
jitla,81
maurice,81
abbord,81
domestika,81
boston,81
day,81
artikolu,81
esploratur,81
baqgħetx,81
belarus,81
setgħetx,81
telefon,81
użbekistan,81
konsistenti,81
prinċpijiet,81
kollass,81
iebsa,81
avversarji,81
limitati,81
ia,81
free,81
metalli,81
żvediż,81
sabiħ,81
klassifikati,81
mendelssohn,81
terremoti,81
meqruda,81
cd,81
serji,81
barokki,81
viċinat,81
xebba,81
lezzjonijiet,81
prix,81
gravità,81
idroġenu,81
turner,81
iljunfanti,81
attribwit,81
għaqdiet,81
marte,81
central,81
wolfgang,81
auschwitz,81
databażi,81
rapidu,81
tondi,81
mexico,81
louvre,81
einstein,81
pico,81
cusco,81
ċaqliq,80
philip,80
influwenzata,80
tkeċċew,80
komplut,80
grazzja,80
mussolini,80
draghi,80
emmanuel,80
ferħ,80
iħares,80
kronoloġija,80
iskrittura,80
protesta,80
nazzjonalità,80
jippreżenta,80
ospita,80
ussr,80
awgustu,80
drapp,80
proklamazzjoni,80
nqatlu,80
ab,80
irregolari,80
kostantinu,80
annessa,80
offensiva,80
eżatta,80
ħatfu,80
rota,80
catherine,80
eea,80
vincenzo,80
avversarju,80
tgħin,80
strument,80
misilmin,80
indo,80
kawżi,80
nova,80
jħarsu,80
teżori,80
joqtol,80
interkontinentali,80
riljiev,80
maqtul,80
miksuba,80
sħuna,80
tikteb,80
konkos,80
dolmen,80
caenolestes,80
bugeddum,80
rai,80
nella,80
arequipa,80
vicenza,80
nqerdet,80
gjirokastër,80
manuskritt,79
domenico,79
mistoqsija,79
dejqa,79
niżel,79
blue,79
ħarġa,79
abbandunati,79
vojt,79
mistiedna,79
https,79
rumanzier,79
adrian,79
michelangelo,79
carmelo,79
strickland,79
ġurnalista,79
daħħal,79
iżżewġet,79
jirriżulta,79
lady,79
adulti,79
sperimentali,79
sess,79
pdf,79
ppreżentat,79
young,79
serba,79
jorge,79
għandhiex,79
jagħmilha,79
fehim,79
vers,79
togħma,79
tabilħaqq,79
granit,79
linjari,79
suf,79
roża,79
iso,79
ħass,79
speċifika,79
sekonda,79
identifikata,79
joseon,79
balhae,79
ristretta,79
amburgu,79
queensland,79
kkwalifikatx,79
joão,79
wadi,79
bukhara,79
lwów,79
latini,78
nomi,78
ifittxu,78
preżentazzjoni,78
stampi,78
agrikolu,78
maestro,78
sebgħa,78
diretti,78
ntlagħbet,78
kullimkien,78
herbert,78
qasma,78
dwardu,78
evidenti,78
mossa,78
medina,78
jonqos,78
infetħet,78
torċa,78
ħinijiet,78
jaqa,78
tneħħiet,78
regolamenti,78
straordinarja,78
timxi,78
ħataf,78
blokk,78
tito,78
innovazzjoni,78
trijonf,78
ċċelebrat,78
modifiki,78
sejrin,78
roger,78
jazz,78
għalfejn,78
prattiċi,78
qalu,78
għamilha,78
granada,78
felipe,78
żagħżugħa,78
primarju,78
trofej,78
jaqdi,78
jaħarbu,78
johan,78
identifikazzjoni,78
persja,78
fourier,78
women,78
istazzjonijiet,78
solo,78
projbizzjoni,78
indiġena,78
żeffiena,78
cui,78
genova,78
piazza,78
cryptonanus,78
janeiro,78
oħtha,78
coppa,78
wien,78
graf,78
ringiela,78
xaft,78
użufruttwarju,78
qajla,77
carmel,77
saydon,77
għawdxin,77
inti,77
definiti,77
toni,77
oscar,77
każin,77
jiddependu,77
issemma,77
kontestanti,77
definita,77
laos,77
nepal,77
inqatel,77
ċari,77
akkumpanjat,77
rumena,77
estern,77
tqassim,77
spettatur,77
skop,77
adattament,77
taha,77
isimhom,77
tiġbor,77
home,77
blokok,77
papiet,77
serata,77
louise,77
publishing,77
ġemellata,77
bolonja,77
bijoloġika,77
kostruzzjonijiet,77
fiera,77
mu,77
rreġistrat,77
sostenibbli,77
botanika,77
leeds,77
iżbroffar,77
korsiji,77
supercup,77
skurjati,77
ditta,77
milano,77
istmu,77
tamworth,77
impittra,77
użufrutt,77
utzon,77
sisien,76
predominanti,76
dizzjunarji,76
konċentrazzjoni,76
taqa,76
temporanjament,76
kelb,76
leġiżlattiva,76
leġiżlattiv,76
humiex,76
kantat,76
jirriżenja,76
ġudizzju,76
more,76
moħħu,76
rokna,76
ċekja,76
avorju,76
gujana,76
ja,76
prevalenti,76
alan,76
suċċessiv,76
arkivju,76
ġulju,76
speċjalizzati,76
nature,76
bust,76
jitgħallem,76
subborg,76
burgundy,76
kaliffat,76
part,76
allegatament,76
balieni,76
oħtu,76
fgura,76
skavati,76
salt,76
qui,76
predeċessur,76
eva,76
għaxaq,76
tumur,76
dfin,76
estanti,76
palebijoloġika,76
distribuzjoni,76
hotspur,76
dfb,76
relikwi,76
principe,76
mérida,76
konsonanti,75
tweġiba,75
psaila,75
calleja,75
imblokk,75
qered,75
iffurmaw,75
ddisinja,75
rispettivi,75
tarka,75
aħrax,75
kitbu,75
destin,75
mondjali,75
jiddeskrivu,75
istejjer,75
stuttgart,75
tony,75
ifittex,75
approvat,75
ippropona,75
jiftaħ,75
iżżomm,75
pitter,75
għalqa,75
kruċjati,75
żero,75
ss,75
temmew,75
kuntatti,75
bar,75
applikata,75
karpazji,75
vie,75
storia,75
diski,75
kleopatra,75
medji,75
library,75
komposti,75
daqqiet,75
franki,75
ċesri,75
visby,75
vjola,75
vasta,75
għeneb,75
ċifra,75
live,75
astronomu,75
tiswijiet,75
inqatlu,75
marittima,75
spedizzjoni,75
jiddikjara,75
qu,75
sieħbu,75
pellegrinaġġi,75
niżla,75
sewwieq,75
suċċessuri,75
toskana,75
rhynchocyon,75
colspan,75
everton,75
abd,75
lamborghini,75
governanza,75
piramidi,75
vertiċi,75
borobudur,75
portia,75
minaret,75
inhi,74
rivisti,74
invadew,74
kumitati,74
ngħaqdu,74
rappreżentanza,74
ambaxxata,74
fqar,74
raħħala,74
lejh,74
morda,74
imqaddsa,74
enċiklopedija,74
oriġinat,74
toulouse,74
mistoqsijiet,74
ġurament,74
prattiki,74
jiddefendu,74
akkuża,74
jattendi,74
xitan,74
iqsar,74
tistax,74
krakovja,74
federico,74
essenzjalment,74
estiżi,74
kkawża,74
senegal,74
tokkupa,74
naqqas,74
bagħtu,74
ragusa,74
estremament,74
inġiniera,74
ċek,74
suprem,74
suwiċidju,74
leo,74
sbieħ,74
fra,74
project,74
elit,74
miġburin,74
preċedentement,74
gordon,74
klassifikazjoni,74
tnissil,74
bennejja,74
miżżewġin,74
regina,74
pulzier,74
vinci,74
metropoli,74
pinyin,74
mużiċist,74
dubrovnik,74
kklassifikat,74
awards,74
panew,74
fulham,74
ukrena,74
schrödinger,74
xjenzat,74
rix,74
żnuber,74
kf,74
cuenca,74
akru,74
hampi,74
bażiku,73
tkeċċija,73
misluf,73
briffa,73
iffirmat,73
tniġġis,73
kwalitajiet,73
kompitu,73
jiddefendi,73
impossibbli,73
ħelwa,73
filarmonika,73
adolf,73
jiġġieled,73
naxxar,73
intgħażel,73
marbutin,73
perfett,73
windows,73
this,73
operat,73
eżami,73
bażijiet,73
stiefnu,73
fetħet,73
nicholas,73
kostitwenti,73
pagani,73
titjira,73
oman,73
emirati,73
qasmu,73
ltaqgħu,73
ca,73
denominazzjoni,73
bulgari,73
kontribuzzjonijiet,73
adattati,73
community,73
val,73
sinonimi,73
adattat,73
fjamming,73
dictionary,73
varjabbli,73
verb,73
jifhem,73
renu,73
sabet,73
istadium,73
moħbi,73
dojoq,73
ħafifa,73
tażmanja,73
parma,73
riproduzzjoni,73
dong,73
macroscelidea,73
takson,73
skura,73
ġorġjan,73
koppli,73
rikostruwit,73
hibs,73
pittriċi,73
vjetnamiż,73
lampun,73
esej,73
cauchi,72
kunċizzjoni,72
xv,72
ħarsien,72
flok,72
prodotta,72
demokratiċi,72
ġlormu,72
dipartimenti,72
jvarja,72
ikopri,72
ċedew,72
serja,72
jaċċetta,72
xiħ,72
ħakkiem,72
iggradwa,72
tieġ,72
wiegħed,72
jevita,72
jaqbel,72
dehriet,72
workers,72
laburisti,72
tilwim,72
urew,72
nord,72
tmexxi,72
go,72
appartament,72
institute,72
alleat,72
iffirmar,72
minoranzi,72
pożittiv,72
konċentrament,72
murija,72
resident,72
verdi,72
leġiżlazzjoni,72
spettakli,72
korda,72
zokk,72
marki,72
massakru,72
patruni,72
jedd,72
sejba,72
jagħmluha,72
jikkostitwixxu,72
tħallew,72
professjonijiet,72
ħjiel,72
wieqaf,72
ikkawżat,72
fawwara,72
pożittiva,72
lucrezia,72
ħabbru,72
każwali,72
ipproċessar,72
aids,72
tumuri,72
ċelluli,72
ka,72
yuan,72
ekwipaġġ,72
ġava,72
istrixxi,72
daniża,72
għarabja,72
żebgħa,72
cruz,72
américa,72
jintwerew,72
ar,72
hari,72
istudjo,72
faragħun,72
traduttur,71
ċertament,71
lokalitajiet,71
vitorja,71
ugwaljanza,71
jħallas,71
hafna,71
grawnds,71
biedja,71
mistrieħ,71
ugo,71
mfakkar,71
orali,71
jibgħat,71
perijodu,71
review,71
may,71
skultur,71
tr,71
iskema,71
opportunitajiet,71
newtrali,71
żejjed,71
makkinarju,71
jinżammu,71
vincent,71
rilevanti,71
regulari,71
vettura,71
popolat,71
rewwixti,71
inkorporat,71
faroe,71
okkupa,71
intemm,71
fewdali,71
tribunal,71
jikkontrolla,71
ċediet,71
potenzjali,71
jiġbru,71
sseħħ,71
jinvolvu,71
austria,71
ambjenti,71
denis,71
hindu,71
rinomat,71
bordeaux,71
terre,71
bilkemm,71
andalusija,71
mimlijin,71
reġista,71
ġerarkija,71
county,71
vitali,71
jitilgħu,71
korrispondenza,71
binha,71
prince,71
wiċċu,71
oħt,71
salva,71
xierqa,71
diżastru,71
arki,71
konservatorju,71
sqaq,71
kkwalifikaw,71
didelfimorfju,71
andes,71
tazzi,71
hockey,71
maradona,71
elaborat,71
plata,71
minh,71
icomos,71
tumbati,71
ekonomikament,70
jsegwu,70
mater,70
said,70
irreġistrata,70
jiffoka,70
konklużjoni,70
irrestawrati,70
xquq,70
bay,70
birmingham,70
friegħi,70
spinta,70
titoli,70
east,70
daqq,70
gwu,70
rivoluzzjonarju,70
imiss,70
fforma,70
kumpens,70
lkoll,70
silvio,70
maħduma,70
diploma,70
ppreżenta,70
aristokrazija,70
inkurunat,70
uganda,70
dipendenza,70
pjantaġġuni,70
approvata,70
tensjonijiet,70
leħen,70
ħamrani,70
jkomplu,70
ħsejjes,70
invenzjoni,70
rigal,70
carmen,70
kiser,70
elementari,70
garcía,70
radjazzjoni,70
rtiraw,70
marittimi,70
river,70
cape,70
superviżjoni,70
seoul,70
jeju,70
colin,70
germain,70
concacaf,70
vittma,70
ġeroglifiċi,70
amir,70
imwettaq,70
bamberg,70
mugal,70
zacatecas,70
mercer,69
ddeċidiet,69
abitati,69
evanġelju,69
ħżiena,69
mellieħa,69
profonda,69
istili,69
imbiegħed,69
iżur,69
semitiċi,69
edinburgu,69
minfloku,69
fidili,69
riferiment,69
tħalli,69
xifer,69
kkompona,69
he,69
nani,69
zmien,69
pajjiżna,69
chairman,69
gravi,69
satellita,69
avvanz,69
duki,69
gvernaturi,69
teħtieġ,69
titlob,69
sostnew,69
other,69
jintlagħbu,69
kwalifiki,69
tirbaħ,69
personalment,69
avvanzati,69
għ,69
ġismu,69
fittex,69
modifika,69
franko,69
lorraine,69
tellieqa,69
iraċ,69
jipprattikaw,69
christopher,69
ittieħdet,69
sorpriża,69
gudja,69
madre,69
daniżi,69
timur,69
tikek,69
inċiżjoni,69
trasformazzjoni,69
müller,69
nowak,69
artemisia,69
suo,69
psv,69
köln,69
bassanio,69
doñana,69
drammaturgu,68
ri,68
sciberras,68
pedament,68
istatistika,68
jiżgura,68
guide,68
intemmet,68
falla,68
għaqqad,68
ndifen,68
żgħożija,68
jittratta,68
diġa,68
diretturi,68
titjiriet,68
sagristija,68
inżul,68
qraba,68
tkeċċa,68
tħabbar,68
jippromwovi,68
informali,68
popolati,68
pajjiżhom,68
kunsens,68
dinamika,68
verde,68
solomon,68
suċċessivament,68
ftehimiet,68
tqiegħed,68
temporanju,68
governorat,68
ċkejkna,68
sekwenza,68
trophy,68
vojta,68
idu,68
rwoli,68
irjieħ,68
lewis,68
kitarra,68
salamanca,68
canterbury,68
ian,68
isaac,68
orbita,68
inkorporata,68
fdal,68
mesopotamja,68
taqbida,68
kaliff,68
appostoliku,68
tiswija,68
torre,68
riti,68
għeġubijiet,68
ark,68
vleġeġ,68
ifjen,68
baqar,68
alcalá,68
maniġer,68
mewtha,68
gowlkiper,68
newfoundland,68
sono,68
arġentini,68
ġungla,68
oaxaca,68
mona,68
unam,68
daudet,68
flamurtari,68
kkollegati,68
professjonisti,67
jaqbad,67
study,67
kartaġni,67
nifs,67
academy,67
tinħoloq,67
patruna,67
bombi,67
ispirata,67
distanzi,67
konnessjonijiet,67
jippubblika,67
damu,67
prof,67
école,67
microsoft,67
segwew,67
maħfra,67
offra,67
public,67
għajdut,67
its,67
mapep,67
diċ,67
sigriet,67
fqira,67
eleganti,67
arċidjoċesi,67
ġeografiċi,67
jattakkaw,67
imħażen,67
arnold,67
swaba,67
tipprova,67
moskej,67
nominali,67
isostnu,67
cf,67
ġurnaliżmu,67
klement,67
sol,67
reims,67
vikingi,67
postali,67
leminija,67
kompetittiv,67
tond,67
ħarxa,67
sax,67
owen,67
dixxipli,67
nana,67
botticelli,67
jacob,67
arkanġlu,67
għani,67
gent,67
sonati,67
joqtlu,67
serq,67
regensburg,67
macbeth,67
karol,67
australidelphia,67
ikklassifikat,67
rooney,67
selvaġġ,67
berberi,67
bjelorussu,67
camino,67
greenland,67
inqerdet,67
ringieli,67
silva,67
nannakola,67
campeche,67
borsellino,67
évora,67
jirfdu,67
røros,67
attribwiti,66
mitlufa,66
tistabbilixxi,66
kirkop,66
adozzjoni,66
ġganti,66
ttieħdu,66
berġa,66
jopera,66
melita,66
miżmum,66
ray,66
pjaċir,66
strixxi,66
kevin,66
england,66
jirtira,66
full,66
imwaqqaf,66
news,66
awtobijografija,66
aġenziji,66
jestendi,66
ajkla,66
dittatorjat,66
sunni,66
kroati,66
bidel,66
normanni,66
rumeni,66
pan,66
denbhom,66
oriġinaw,66
tirrifletti,66
jitgħallmu,66
jaqgħu,66
dwejra,66
bonaparte,66
alexandre,66
davis,66
taħdit,66
klimatika,66
relattiva,66
budapest,66
issemmiet,66
nqatel,66
marcel,66
neokatekumenali,66
differenzjali,66
offerti,66
batterija,66
dejjaq,66
tkanta,66
hangul,66
investigazzjonijiet,66
january,66
ameridelphia,66
żaqqu,66
basel,66
pelé,66
champion,66
ochotonidae,66
mfa,66
dasyurus,66
iżuru,66
ppreservata,66
museo,66
adrijanu,66
żvizzeri,66
afonso,66
hudson,66
transfermarkt,66
boskijiet,66
cassatt,66
sand,66
paviljun,66
prambanan,66
posthom,65
ebejer,65
spjega,65
xogħlu,65
nato,65
favorevoli,65
sfortunatament,65
ssemmiet,65
qarrejja,65
qajjem,65
destinazzjonijiet,65
tella,65
qagħad,65
telqet,65
konsekuttiva,65
isfera,65
staff,65
inkwiet,65
bejta,65
kollegament,65
magnus,65
żejda,65
xaqliba,65
giacomo,65
ingħaqdet,65
mibdula,65
memorji,65
jistenna,65
avvanzata,65
vidjo,65
jsostni,65
baruni,65
tfulitu,65
tispikka,65
ksur,65
anseatika,65
kanarji,65
jinqasmu,65
terran,65
steve,65
konsum,65
qaddej,65
kunsillier,65
identifikat,65
barrin,65
mongolja,65
mgħaġġla,65
osservazzjonijiet,65
rappreżentati,65
tonqos,65
sostitwita,65
kontijiet,65
princeton,65
ċatt,65
arloġġi,65
organiżmu,65
favoriti,65
żrieragħ,65
philander,65
didelfidu,65
under,65
napoli,65
ġinevra,65
superliga,65
mnaqqxin,65
marrakesh,65
nagorno,65
divinitajiet,65
tartu,65
ħabitat,65
landa,65
wikipedija,64
soldanis,64
mgħallma,64
proċedura,64
iħalli,64
jitilfu,64
esportazzjonijiet,64
erkole,64
twettiq,64
elef,64
città,64
invażuri,64
jintemm,64
proprja,64
turistiku,64
warajha,64
iseħħ,64
bartolo,64
mercieca,64
assistenza,64
neħħa,64
propjetà,64
ikkunsidrat,64
iġib,64
kurrent,64
miss,64
blokka,64
zijuh,64
ħaseb,64
bumbardamenti,64
bennej,64
unitarja,64
għenet,64
adottaw,64
girgor,64
mali,64
trabi,64
jirritorna,64
ahmed,64
sopravivenza,64
jitlef,64
żvelat,64
anness,64
irnexxielha,64
venezjana,64
ivarjaw,64
awdjo,64
entużjażmu,64
xirka,64
xandar,64
ekoloġija,64
inkorporati,64
ciudad,64
komunali,64
korporazzjoni,64
denominazzjonijiet,64
poddati,64
missjunarju,64
imżejjen,64
torganizza,64
little,64
espert,64
funzjonali,64
kklassifikati,64
set,64
datazzjoni,64
akkużi,64
kkaratterizzat,64
paula,64
gonzaga,64
qtates,64
urbino,64
cohen,64
ħsad,64
tramm,64
imġarr,64
anni,64
bahrain,64
bridge,64
weġġa,64
pfc,64
piaf,64
ahmad,64
barbiera,64
ponchielli,64
locle,64
ġenetiku,63
mibdul,63
derivata,63
franka,63
niżlet,63
kontribuzzjoni,63
konsegwentement,63
alto,63
mallia,63
ispirati,63
sservi,63
mosè,63
church,63
jiktbu,63
kantuniera,63
gilbert,63
gross,63
mkien,63
texas,63
firma,63
kkummissjonat,63
klijenti,63
kapulavuri,63
vinċenz,63
żiedet,63
ippreżenta,63
japplika,63
ġudikatura,63
bjelorussja,63
eżekuzzjoni,63
iwettqu,63
ddeċidew,63
tribali,63
proto,63
alpina,63
influss,63
sun,63
applikat,63
attakkat,63
jwettqu,63
encyclopedia,63
what,63
korretta,63
lejla,63
pproduċa,63
scott,63
dame,63
piena,63
three,63
istilel,63
ċelesti,63
kometa,63
ornamentali,63
bumbardament,63
inawgurata,63
jiċċelebraw,63
kiesaħ,63
ikla,63
kewkba,63
kg,63
akkużat,63
sustanza,63
august,63
immobbli,63
katalgu,63
bemoll,63
ossiġenu,63
mechelen,63
dukessa,63
ho,63
philadelphia,63
portali,63
verlag,63
ħżin,63
georgia,63
murray,63
mżejjen,63
conmebol,63
trust,63
angela,63
żvelaw,63
villacañas,63
ktr,63
plakka,62
wiehed,62
jirtiraw,62
ġeografikament,62
partikularment,62
google,62
ikkompona,62
għawdxi,62
pullicino,62
opposta,62
stqarrija,62
delegati,62
soda,62
lealtà,62
jistennew,62
second,62
implimentazzjoni,62
żidiet,62
katavru,62
inawgurazzjoni,62
ffurmata,62
difiżi,62
imperi,62
temmet,62
konformità,62
komuniżmu,62
tinżamm,62
elite,62
waħedha,62
imwiet,62
kruċjata,62
eliminazzjoni,62
inkarigat,62
muntanjuż,62
isvizzera,62
ażores,62
maħdum,62
tnaqqas,62
disinjaturi,62
marc,62
jipparteċipa,62
madwarha,62
brillanti,62
mogħoż,62
riservi,62
irridu,62
stars,62
fkieren,62
ġgant,62
ħatru,62
indikat,62
ce,62
distint,62
jeħtieġu,62
saba,62
traġedja,62
ipproduċa,62
musica,62
mgħammra,62
fußball,62
telliefa,62
akropoli,62
omnivoru,62
gżejra,62
campeonato,62
maltempata,62
furnara,62
avignon,62
daphne,62
segovia,62
trump,62
dentali,62
immakulata,61
wegħda,61
ħrejjef,61
maġġur,61
joqgħodu,61
kkontrollat,61
mumenti,61
liebes,61
edwin,61
deni,61
boeing,61
eliġibbli,61
jorganizza,61
europe,61
markiż,61
sewwieqa,61
qara,61
kummiedja,61
nominazzjoni,61
eżekuttiva,61
jsemmi,61
magħqudin,61
żimbabwe,61
system,61
strateġiku,61
logutenent,61
jilqa,61
khanate,61
minor,61
qabdet,61
episodji,61
kuraġġ,61
folkloristika,61
stampat,61
bilfors,61
introduction,61
midħla,61
historical,61
iskrizzjonijiet,61
jikkorrispondu,61
influwenzati,61
ħwawar,61
provence,61
vassall,61
stabbiliment,61
jonathan,61
eric,61
birra,61
millimetru,61
neolitiċi,61
ċatta,61
deżinjazzjoni,61
diffikultà,61
hill,61
midi,61
jeanne,61
adult,61
ħadra,61
sintomi,61
hanja,61
umdi,61
ekoloġiċi,61
msida,61
sumatra,61
lagomorph,61
pennsylvania,61
infonatura,61
indiġenu,61
scala,61
ham,61
bagdad,61
kondiviż,61
messikani,61
itzá,61
nri,61
scarlatti,61
bijosfera,61
tkaħħil,61
apsidi,61
terrazza,61
albán,61
semitiku,60
lingua,60
mamo,60
pisani,60
votanti,60
iskart,60
jmissu,60
mont,60
po,60
qgħad,60
bidlet,60
labour,60
im,60
teknoloġiji,60
ganado,60
maħbub,60
fqir,60
jattira,60
sospiż,60
soru,60
lasta,60
installat,60
link,60
negozji,60
kkonfermat,60
jipproteġu,60
razzett,60
baċellerat,60
wettqet,60
integrata,60
tħalla,60
emerġenti,60
kkontribwixxa,60
kkawżat,60
keċċa,60
gwinea,60
awto,60
konfużjoni,60
dgħajjef,60
sub,60
ġermaniċi,60
suffiss,60
damx,60
derivati,60
valutazzjoni,60
nieqsa,60
rashom,60
fortifikazzjoni,60
stampati,60
simbolika,60
dil,60
hamburg,60
pirati,60
avvanzi,60
xagħra,60
sfaw,60
osservatur,60
tħaddan,60
riflessjoni,60
main,60
latvjan,60
karteżju,60
dalla,60
mwaqqfa,60
bażika,60
preċiżjoni,60
jaqbeż,60
age,60
anzjan,60
mases,60
point,60
eżemplari,60
talenti,60
musée,60
sofor,60
your,60
melbourne,60
nqerdu,60
dragun,60
prefettura,60
buyeo,60
skoprew,60
dasyuridae,60
jseħħu,60
ni,60
rue,60
covid,60
jakob,60
awstrijaku,60
tatar,60
universidad,60
obama,60
vermont,60
ávila,60
saigon,60
ispettakli,60
lierse,60
istupa,60
jseħħ,59
mgħaġġel,59
tiżgura,59
ċkejken,59
dekorattivi,59
tilqa,59
jipproteġi,59
ħasbu,59
ħeġġeġ,59
tfaċċaw,59
mhu,59
xieraq,59
ċertifikat,59
ikkontesta,59
mozzjoni,59
indaqs,59
reviżjoni,59
emigrazzjoni,59
jieqaf,59
kampus,59
affettwat,59
ħfief,59
multi,59
ttieħdet,59
mibgħuta,59
qabdu,59
segwa,59
sod,59
prussjana,59
gwardja,59
sloveni,59
iddedikati,59
isforz,59
bulgara,59
bessarabia,59
rriżultat,59
howard,59
distakk,59
xejra,59
not,59
claudio,59
valida,59
kordi,59
interessat,59
riġlejn,59
parallel,59
trans,59
fejqan,59
isports,59
galileo,59
kompluti,59
moresby,59
iwasslu,59
artiġjanat,59
kunjomijiet,59
maħżen,59
sebastian,59
inventur,59
rigali,59
numerużi,59
esposti,59
emissjonijiet,59
gerry,59
bilingwi,59
fagu,59
charleroi,59
orange,59
bejġing,59
imlaqqam,59
ċelloli,59
ittrasferixxa,59
gaya,59
klad,59
kemmxejn,59
żarbuna,59
assistenti,59
kampjuni,59
search,59
proust,59
galapagos,59
ks,59
ikkonvertita,59
falcone,59
trasversali,59
sihanouk,59
sankt,59
bridgetown,59
djarju,58
megalitiċi,58
plastik,58
sovrani,58
ntbagħat,58
inqered,58
safi,58
ġenesi,58
literature,58
ħaddieħor,58
dnub,58
priministru,58
jgħaqqdu,58
missjunarji,58
approva,58
esprima,58
jilbes,58
top,58
birżebbuġa,58
ġeografiku,58
teħid,58
paralleli,58
ppruvat,58
ippermetta,58
rċevew,58
somalja,58
mobbli,58
ġibed,58
maħtura,58
stefano,58
pparteċipaw,58
asjatiċi,58
ukrain,58
ai,58
manifattur,58
sotto,58
qodma,58
arte,58
rikostruwiti,58
yale,58
tawh,58
telgħu,58
maħbuba,58
philippe,58
españa,58
safra,58
hong,58
ċirkolazzjoni,58
għawdxija,58
mistednin,58
salvatore,58
midalji,58
baqgħux,58
foundation,58
vjolinċell,58
ħuha,58
ikklassifikata,58
difensiv,58
pjanista,58
susan,58
robinson,58
venezwela,58
capensis,58
pronolagus,58
pseudantechinus,58
albion,58
iżlamiċi,58
puebla,58
lussużi,58
kafè,58
lotus,58
primera,58
manson,58
alleli,58
binhar,58
projbita,58
pirandello,58
jikkollegaw,58
pythagore,58
kapitelli,58
mandapa,58
vaska,58
settlers,57
chetcuti,57
miġja,57
verament,57
attakka,57
tradotti,57
lazio,57
faxxista,57
jgħallmu,57
eżamijiet,57
dmirijiet,57
hena,57
alphonse,57
argumenti,57
flores,57
għarb,57
sciortino,57
tripli,57
navy,57
kkunsidrati,57
kontroversji,57
rappreżentat,57
sea,57
konservattivi,57
assunta,57
reazzjonijiet,57
maħruġ,57
rekwiżiti,57
bidlu,57
merkant,57
lili,57
nagħmlu,57
silta,57
effettiva,57
jevitaw,57
nomina,57
kiribati,57
serju,57
kellhiex,57
favorit,57
amministrat,57
persekuzzjoni,57
antenat,57
intbagħat,57
nħoloq,57
gradwali,57
kw,57
nħolqu,57
eżiljat,57
riedet,57
realiżmu,57
columbia,57
rossi,57
mekkaniżmi,57
intelliġenti,57
patrimonju,57
wismar,57
taqbeż,57
elche,57
awtostradi,57
goya,57
jimmarka,57
tqila,57
russell,57
gallarija,57
julius,57
ssemma,57
iddeċidiet,57
olokawst,57
dumnikan,57
appoġġat,57
digi,57
kanadiż,57
drammatiku,57
nanu,57
ġeometrija,57
binarji,57
night,57
campo,57
mekka,57
banju,57
campbell,57
barbier,57
replika,57
trażmissjoni,57
mergħat,57
qbid,57
tintlagħab,57
baltimore,57
arbuxelli,57
belarussja,57
freetown,57
universitarja,57
jixtru,57
kandidatura,57
palladio,57
istukko,57
gomes,57
elenkat,57
bellinzona,57
radam,57
vinji,57
dranaġġ,57
lyga,57
amun,57
picchu,57
warajhom,56
waqgħu,56
tkunx,56
sfida,56
bagħtet,56
iermu,56
misraħ,56
jinħoloq,56
awtonomi,56
josserva,56
permessi,56
ħutu,56
ħlewwa,56
nistgħux,56
għaddejjin,56
soċjeta,56
jsibu,56
we,56
cefai,56
inglott,56
pubblikament,56
talbet,56
sostenn,56
miżżewġa,56
saħaq,56
paga,56
arrestati,56
tilwima,56
dinjità,56
jispikkaw,56
kalkara,56
ħxuna,56
avventura,56
liberazzjoni,56
żgurat,56
futura,56
benefiċċju,56
mitejn,56
für,56
fetħu,56
venezjani,56
norman,56
pprovda,56
boris,56
xewqat,56
ikkonferma,56
fertilità,56
early,56
mgħottija,56
sieq,56
evolvew,56
pubblikatur,56
kibru,56
their,56
kkaratterizzata,56
kurja,56
voltaire,56
notre,56
joan,56
iżvediż,56
julio,56
margaret,56
inħolqu,56
sinodu,56
andrews,56
bell,56
kwantitajiet,56
marea,56
testijiet,56
orjentat,56
ġeometriċi,56
tindif,56
bernardo,56
saturnu,56
applikati,56
ludovico,56
ovali,56
skavat,56
interi,56
ich,56
kaċċaturi,56
digrieti,56
rembrandt,56
weimar,56
nazionale,56
virus,56
elaborati,56
tu,56
jaqbdu,56
ntlagħbu,56
thylamyini,56
cesare,56
amiens,56
konversazzjoni,56
aquileia,56
supplementari,56
intertoto,56
internazionale,56
division,56
gary,56
keith,56
rabbi,56
allah,56
boccaccio,56
olimpika,56
isfruttament,56
multilingwiżmu,56
parque,56
vixnu,56
hildesheim,56
informatika,55
obbligatorja,55
jaħtar,55
strada,55
iqisu,55
żviluppi,55
vittorio,55
nsara,55
innijiet,55
junior,55
miktubin,55
profeti,55
luteru,55
dritta,55
spjegazzjoni,55
tispjega,55
falzon,55
mt,55
bilwieqfa,55
frażijiet,55
ikkonsagrata,55
falz,55
jinbidlu,55
rrifjuta,55
abel,55
libjan,55
rużarju,55
salvatur,55
lejlet,55
service,55
tre,55
publications,55
twaqqgħu,55
inizjattivi,55
garanzija,55
ġenju,55
kkonvertit,55
gabon,55
żambja,55
falkland,55
abitazzjoni,55
tpattija,55
anatolja,55
assolut,55
sq,55
tibni,55
lix,55
karmelitani,55
sessjonijiet,55
universitarji,55
lions,55
sannat,55
jduru,55
amministratur,55
utent,55
fr,55
maltempati,55
normandija,55
flanders,55
ċikliżmu,55
metro,55
sheffield,55
tom,55
graham,55
finlandiż,55
avvanzat,55
iskoperti,55
konvenzjonali,55
tfajliet,55
isparar,55
gold,55
mart,55
leopold,55
atleta,55
bastjun,55
lucia,55
irlandiża,55
fassal,55
jr,55
filmat,55
uffiċċjali,55
chan,55
awstraljana,55
tonda,55
atleti,55
solista,55
isteppa,55
leporidu,55
tigers,55
richter,55
upper,55
strauss,55
introjtu,55
cinque,55
pandemija,55
persjana,55
jikkollega,55
nunzju,55
fjuwil,55
imtieħen,55
irkejjen,55
sofonisba,55
parvati,55
khartoum,55
olzata,55
diviżorju,55
irrestawrata,55
carcassonne,55
proċeduri,54
iffurmati,54
konsultattiv,54
neqsin,54
jesprimi,54
mro,54
folkloristiċi,54
sider,54
ambitu,54
kummenti,54
standards,54
freddie,54
tinkiseb,54
għola,54
twaqqfu,54
universitarju,54
venera,54
tintemm,54
eta,54
martirju,54
ragħaj,54
moll,54
wriet,54
attitudni,54
turkmenistan,54
effiċjenti,54
mortalità,54
kkawżaw,54
ohrid,54
split,54
totalment,54
tatari,54
inău,54
infern,54
futuri,54
culture,54
istandard,54
preżenzi,54
berlioz,54
indiċjar,54
istampar,54
jikkawża,54
secondo,54
mataram,54
vvjaġġa,54
indifen,54
française,54
jiswa,54
pas,54
gonzález,54
ġeoloġika,54
stretta,54
dekorazzjonijiet,54
borgia,54
mount,54
fosos,54
uranju,54
ammonti,54
konslu,54
emisferu,54
stone,54
mirbuħ,54
german,54
aux,54
spencer,54
hidalgo,54
temporali,54
jaqtgħu,54
lawrja,54
monastika,54
arblu,54
mondo,54
moqdija,54
ikkwalifikaw,54
platt,54
burgos,54
gould,54
pulzieri,54
ssostni,54
pfa,54
mpittra,54
vicente,54
guerra,54
división,54
quito,54
atalanta,54
youngsters,54
irjus,54
lumi,54
navati,54
bitcoin,54
sukhothai,54
vézelay,54
chichén,54
arkwright,54
maulbronn,54
commons,53
jinkiteb,53
kienux,53
gramma,53
cultural,53
preċiża,53
titlef,53
riedx,53
sekondarju,53
għonq,53
għaref,53
sultana,53
attendenza,53
aċċettati,53
ttrasferixxa,53
ġiegħel,53
tħobb,53
ġġib,53
għawm,53
fehmiet,53
accademia,53
fontana,53
xlendi,53
ħamis,53
power,53
which,53
tiftaħ,53
jinħolqu,53
ittieħed,53
konservattiv,53
prestiġju,53
ġar,53
ħalq,53
klijent,53
ibrahim,53
żiedu,53
evitat,53
avvanzaw,53
invada,53
slovena,53
ċatti,53
isle,53
jixbħu,53
auguste,53
migranti,53
waqfu,53
kunventi,53
software,53
ispira,53
illuminiżmu,53
waqqfet,53
fieri,53
zaragoza,53
telgħet,53
elettrika,53
pérez,53
doppji,53
forest,53
wembley,53
dickens,53
osservati,53
żwiġijiet,53
tir,53
għajnejh,53
filippo,53
tlielaq,53
irtirat,53
coleiro,53
shanghai,53
twaqqa,53
rev,53
gravitazzjonali,53
western,53
straordinarji,53
ddebutta,53
jaqbżu,53
nouveau,53
leuven,53
alba,53
theatre,53
ji,53
imnaqqxin,53
innoċenti,53
luca,53
artab,53
saqajh,53
logo,53
ċediment,53
umanitarja,53
lourdes,53
pronunzjata,53
portiċi,53
singh,53
dyck,53
indoneżjan,53
architecture,53
vienna,53
klose,53
huntelaar,53
tikkorrispondi,53
juniors,53
ggradwat,53
amerigo,53
diesel,53
chile,53
baxkiri,53
leoncavallo,53
hagia,53
ittrasferita,53
nikkō,53
attribwita,52
nelson,52
għadajjar,52
importazzjonijiet,52
ikomplu,52
sitwazzjonijiet,52
fran,52
karmnu,52
benito,52
akkwistat,52
bixra,52
kanonku,52
iltaqgħu,52
rriżenja,52
jistqarr,52
tinqasam,52
dmir,52
esperiment,52
diskorsi,52
dubji,52
rrifjutat,52
tirċievi,52
ishma,52
tiddikjara,52
sospensjoni,52
sebgħinijiet,52
ton,52
big,52
jittieħdu,52
jsegwi,52
istandards,52
barbados,52
surinam,52
republika,52
iżolament,52
nieda,52
appoġġa,52
jispikka,52
amministrata,52
abbużi,52
ukraini,52
viżigoti,52
segretarjat,52
interessati,52
swieqi,52
sikurezza,52
jeqred,52
open,52
harris,52
bejjiegħa,52
pparteċipa,52
people,52
espressjonijiet,52
wignacourt,52
iġsma,52
narrattiva,52
taparsi,52
baptiste,52
organizzaw,52
romantiku,52
virginia,52
istim,52
about,52
ba,52
xama,52
tkabbar,52
gejtanu,52
konnessi,52
rosa,52
spettakolari,52
barri,52
integrati,52
pjattaformi,52
holland,52
jaqta,52
butler,52
clara,52
ingredjenti,52
ippjanat,52
questo,52
bibljografija,52
għammiela,52
jissieħeb,52
iffortifikata,52
portsmouth,52
tirrapreżenta,52
kranju,52
mifruxin,52
sunderland,52
kaskata,52
retrieved,52
bassasa,52
downloaded,52
valle,52
lorentz,52
domingo,52
messi,52
abraham,52
slovakka,52
trasferit,52
filmografija,52
cristiano,52
diżappuntanti,52
asburgi,52
curie,52
planetarju,52
ġavaniż,52
ġewż,52
qin,52
neftchi,52
indoneżjana,52
ittrasferiti,52
kazan,52
trogir,52
meroë,52
bauhaus,52
plitvice,52
freġju,52
tokaj,52
lingwaġġ,51
jivvjaġġa,51
ball,51
liberu,51
jiddeterminaw,51
notevolment,51
trapass,51
governattivi,51
sergio,51
nbidlet,51
green,51
idoqq,51
jixhdu,51
inċidenti,51
oriġni,51
ġejjieni,51
salvazzjoni,51
translation,51
ssegwi,51
senatur,51
montebello,51
aaron,51
fjura,51
jġibu,51
ddikjaraw,51
miċħuda,51
tqegħid,51
sinonimu,51
ċaħad,51
siġġiewi,51
messina,51
iħallas,51
mibgħut,51
legalment,51
wżat,51
antartika,51
bangladexx,51
xolta,51
twaqqigħ,51
edukattiv,51
ipproklamata,51
hasan,51
qarib,51
kara,51
nemanja,51
djoklezjanu,51
rey,51
ettari,51
aachen,51
matulu,51
softwer,51
kuratur,51
series,51
ġirolmu,51
jindirizza,51
katalan,51
zola,51
channel,51
oċeanika,51
bilbao,51
prado,51
ivarja,51
ispiża,51
lig,51
bull,51
vulkaniċi,51
ħolm,51
imnaqqax,51
arrest,51
tgawdi,51
mitħna,51
tbaħħir,51
kimiku,51
imam,51
elettroni,51
massimo,51
misjuba,51
ħnieżer,51
tut,51
bruno,51
tqala,51
sons,51
frotta,51
yeats,51
nikolai,51
evolution,51
maskri,51
jacopo,51
flokkijiet,51
terapija,51
florida,51
ann,51
ġentili,51
inqerdu,51
studjo,51
artali,51
żnied,51
scandentia,51
nov,51
griża,51
shan,51
cerro,51
immaġini,51
nixxigħat,51
zürich,51
trafford,51
niksbu,51
setgħana,51
terrakotta,51
allende,51
ligue,51
reval,51
kontributi,51
guljelmu,51
adn,51
loro,51
ptad,51
inaċċessibbli,51
raggruppament,51
inġenju,51
agra,51
insedjaturi,51
machu,51
ppropona,50
niket,50
awtriċi,50
finanzjarjament,50
strateġiċi,50
kemmuna,50
ippreżentat,50
sptarijiet,50
jattiraw,50
dalmazja,50
jintlaħqu,50
fertili,50
tifħir,50
qaleb,50
fomm,50
inbeda,50
cross,50
lat,50
ħsibijiet,50
johnny,50
inġenji,50
konġunta,50
temporanja,50
kkontrollati,50
potenzi,50
unions,50
jirritornaw,50
imut,50
nelle,50
harvard,50
kummissjonijiet,50
fiskali,50
ikkawża,50
ċirkostanzi,50
sassonja,50
papat,50
indikazzjoni,50
trinidad,50
gambja,50
sważiland,50
eritrea,50
monako,50
rika,50
adrijatiku,50
jinżamm,50
konsenja,50
aħħarnett,50
ismail,50
kotor,50
disgħinijiet,50
strettament,50
abbandun,50
guy,50
morte,50
ci,50
jikkontribwixxu,50
vaganzi,50
pariri,50
dna,50
iħallsu,50
tibdiliet,50
jikkawżaw,50
astratta,50
imħallat,50
cultura,50
miftuħin,50
edgar,50
gastronomija,50
kabbar,50
atlas,50
ċeltiċi,50
ntemm,50
alta,50
churchill,50
skoċċiża,50
jane,50
queen,50
eklissi,50
ekosistema,50
zona,50
trunċieri,50
nkunu,50
ammirall,50
kklassifikata,50
sfat,50
ittieħdu,50
rum,50
dewmien,50
drammatika,50
longobardi,50
vermeer,50
djamanti,50
raġġ,50
interazzjonijiet,50
zu,50
volume,50
vanġelu,50
datati,50
kumbinazzjoni,50
viżiva,50
jinqasam,50
ua,50
prezzjuż,50
forestali,50
tisħin,50
marċ,50
ana,50
alonso,50
beatrice,50
hotel,50
soċji,50
château,50
nervuża,50
were,50
rawnds,50
iddisinja,50
xabla,50
matteo,50
termali,50
doclea,50
macroscelides,50
homo,50
tnixxi,50
attakkanti,50
calcio,50
lagomorfu,50
bromwich,50
mħabbar,50
donazzjonijiet,50
kaká,50
brażiljana,50
relegat,50
racing,50
veskovat,50
klinika,50
sassanidi,50
boca,50
kombinament,50
goa,50
tpoġġew,50
guimarães,50
rikki,50
ċisterċensi,50
qwas,50
instagram,50
battisterju,50
asklepju,50
illustrazzjonijiet,49
ngħaqdet,49
geoffrey,49
dalli,49
personalitajiet,49
irreġistrat,49
ġeomorfiċi,49
assenza,49
jeħles,49
protestanta,49
daż,49
slaten,49
eterna,49
tradotta,49
enċiklopediji,49
ohra,49
pijunieri,49
dominanza,49
iva,49
emigraw,49
industrijalizzazzjoni,49
ħeġġa,49
għażliet,49
jiffirma,49
determinat,49
ħati,49
tingħaqad,49
jappartjeni,49
mckenna,49
wieġeb,49
dettal,49
definizzjonijiet,49
pupazzi,49
megħjuna,49
dalwaqt,49
sp,49
konklużjonijiet,49
għarusa,49
priża,49
habsburg,49
kanun,49
dominji,49
ikkonfermat,49
tħabbira,49
intensità,49
lower,49
tagħmilha,49
taħditiet,49
nazzjonal,49
xenarju,49
toqob,49
istrument,49
jiftħu,49
ħasil,49
divin,49
navigazzjoni,49
miżura,49
dinjin,49
pascal,49
twettqet,49
centro,49
land,49
northern,49
kkaratterizzati,49
postha,49
bata,49
ntgħażel,49
manċurja,49
india,49
vittoriosa,49
tommaso,49
barrakki,49
arġentier,49
estrema,49
superfiċi,49
fotografija,49
psikoloġija,49
ellenistiku,49
antónio,49
komplessi,49
sia,49
paleolitiku,49
sekondi,49
kontinwità,49
nnominat,49
ħruq,49
bella,49
amor,49
ernest,49
ikklassifikati,49
montana,49
procavia,49
dendrohyrax,49
driegħ,49
plečnik,49
eindhoven,49
stanley,49
ro,49
livonjan,49
ikonografija,49
lesotho,49
charlie,49
pirin,49
uffizi,49
cáceres,49
özil,49
xeff,49
viċirè,49
derwent,49
lanark,49
ellora,49
fini,48
ġenetiċi,48
mediterranji,48
rinomati,48
matriċi,48
lascaris,48
baned,48
sardinja,48
romantiċiżmu,48
xebh,48
isegwu,48
codex,48
blogg,48
staqsa,48
jugoslav,48
riċerkatur,48
gafà,48
serracino,48
masters,48
irlandiżi,48
influwenzaw,48
iħaddan,48
ħorox,48
pproklamat,48
skema,48
saritx,48
spjegat,48
espost,48
omelija,48
laqa,48
frekwenza,48
salvu,48
għaxart,48
cachia,48
saliba,48
ġġieldu,48
fisser,48
suċċessiva,48
jissemmew,48
żvezja,48
installazzjoni,48
dovut,48
abolita,48
ipparteċipa,48
ħakmet,48
tittratta,48
tippromwovi,48
rriżultaw,48
nations,48
os,48
restawrata,48
bżonnijiet,48
empire,48
profitt,48
toqba,48
lenin,48
papers,48
isegwi,48
interpretazzjonijiet,48
disgħa,48
epika,48
urdu,48
marsilja,48
tisjir,48
most,48
sint,48
single,48
direzzjonijiet,48
solenni,48
thames,48
rreġistrata,48
africa,48
romantiċi,48
semiċirkolari,48
bżar,48
jħobbu,48
antnin,48
jippreżentaw,48
fritz,48
nettunu,48
andreas,48
trojja,48
four,48
work,48
capital,48
can,48
histoire,48
cyrus,48
tendenzi,48
għadhomx,48
aristotli,48
jmutu,48
repertorju,48
ariosto,48
jackson,48
gojoseon,48
għaġina,48
alternattivi,48
provviżorju,48
temporanji,48
jong,48
sirenia,48
bidwi,48
tmun,48
dugong,48
afer,48
musical,48
fb,48
puskás,48
leporinae,48
leporini,48
dwieli,48
orjentati,48
dqiq,48
attendiet,48
trasferimenti,48
prossimità,48
beach,48
opere,48
roland,48
ariel,48
struve,48
tunnellati,48
osserva,48
żraben,48
rapa,48
donaturi,48
anguissola,48
kristjanu,48
bosch,48
plotinu,48
sonatas,48
rumaneski,48
erbil,48
lessiku,47
sistematiku,47
xogħolijiet,47
zahra,47
jdum,47
kkunsidrata,47
irċeviet,47
jittellgħu,47
moderata,47
dittatur,47
laurent,47
pensjoni,47
universita,47
monti,47
nomadi,47
dixxiplini,47
so,47
bruce,47
tbiddel,47
propju,47
konsulenti,47
istudjuż,47
rabja,47
qrendi,47
mitluf,47
familtu,47
institut,47
jissodisfaw,47
ssib,47
field,47
tirrakkonta,47
saġġi,47
deċiżiv,47
information,47
fazzjonijiet,47
deportati,47
magħqud,47
jespandi,47
iddikjarati,47
aġenti,47
dušan,47
qabeż,47
ċirilliku,47
varjanti,47
puccini,47
baċin,47
libera,47
kaxxi,47
safa,47
ballet,47
petizzjoni,47
kavallerija,47
valla,47
għamluha,47
madwarhom,47
historia,47
imponenti,47
taqdi,47
morfoloġija,47
kantata,47
jiġru,47
jżur,47
sulla,47
force,47
french,47
jestendu,47
puerto,47
negattiv,47
konsorti,47
latitudni,47
assigurazzjoni,47
tiġdid,47
etruski,47
konsumatur,47
skjav,47
konna,47
deċiżiva,47
imutu,47
light,47
blokki,47
veloċi,47
interim,47
luna,47
hawaii,47
rendikont,47
fissa,47
dwana,47
ħajjiet,47
imsaħħa,47
massimiljanu,47
montaigne,47
rgħajja,47
mikhail,47
epidemija,47
mniżżel,47
ċella,47
għotja,47
nixxiegħa,47
pagoda,47
perli,47
sturm,47
amour,47
dniefel,47
gremxul,47
macroscelididae,47
waterhouse,47
limited,47
kwantistiku,47
algoritmu,47
riversleigh,47
żooloġija,47
tarġa,47
ċeki,47
sieħeb,47
blackburn,47
coelho,47
kurituri,47
niccolò,47
caf,47
mohamed,47
involuta,47
haber,47
hassan,47
weltfussball,47
spiš,47
tirrikonoxxi,46
nfisha,46
ruġġieru,46
mifhum,46
triqtu,46
youths,46
qalila,46
jwaqqaf,46
maggiore,46
sebat,46
buddist,46
perikli,46
jikkomponi,46
maqlub,46
sfurzat,46
ppubblikata,46
jħallu,46
cardiff,46
qarrej,46
opinjonijiet,46
ibniet,46
akkwista,46
attivisti,46
tahom,46
turija,46
jixbah,46
ħaditx,46
attivista,46
determinazzjoni,46
andrija,46
għajnsielem,46
years,46
education,46
konfoffa,46
ressaq,46
prekursur,46
pagan,46
ajkli,46
għadux,46
ħonduras,46
brunej,46
ħong,46
ein,46
nbidel,46
jżid,46
jipprevjenu,46
jiżguraw,46
russo,46
bożnja,46
ipproklama,46
diplomatika,46
tikkontrolla,46
inklużjoni,46
jiddominaw,46
diżastri,46
marzjali,46
allavolja,46
lisbona,46
jikkontrollaw,46
regolament,46
bejt,46
jdoqqu,46
joriġinaw,46
twaqqgħet,46
preparazzjoni,46
fajl,46
possibilità,46
fatali,46
tagħbija,46
baħħara,46
ttieħed,46
mutur,46
jappoġġaw,46
iberiċi,46
emirat,46
rodríguez,46
teide,46
kosti,46
site,46
tressqet,46
inħakmet,46
salarju,46
anfibji,46
produzzjonijiet,46
god,46
dahar,46
jaqdu,46
arbuxxelli,46
imsaġar,46
anno,46
orchestra,46
prijorità,46
mentri,46
ġemellaġġi,46
astronomiku,46
iljieli,46
gassijiet,46
wright,46
kometi,46
jaqilgħu,46
puy,46
leibniz,46
gott,46
seine,46
gosti,46
robin,46
year,46
testwali,46
ħmar,46
abort,46
kortrijk,46
pilota,46
franca,46
padre,46
ak,46
hughes,46
ġibjuni,46
jinkiseb,46
dermoptera,46
sedis,46
tubu,46
contest,46
sussegwentament,46
savana,46
meyer,46
parker,46
iżolati,46
zidane,46
arterjuża,46
didelphis,46
emilia,46
tamil,46
agora,46
parkeġġ,46
grandjuż,46
ospitanti,46
moscow,46
siro,46
schalke,46
rinnovazzjonijiet,46
winners,46
piano,46
livonjana,46
minar,46
mumbai,46
saġġ,46
knock,46
ttrasferit,46
ott,46
tolomew,46
ġojjellerija,46
nei,46
bioko,46
khazar,46
nazca,46
lokeren,46
gouges,46
msaqqfa,46
ohm,46
żapoteki,46
vijayanagara,46
semitika,45
tixbah,45
xuereb,45
hull,45
marsamxett,45
westminster,45
today,45
affettwati,45
perimetru,45
jorganizzaw,45
tattira,45
xebħ,45
gawdiet,45
sekulari,45
għomor,45
millennju,45
tfittex,45
inkiteb,45
japplikaw,45
abbuż,45
tenur,45
hugh,45
abolit,45
tapplika,45
jiddiskuti,45
children,45
have,45
dilettant,45
isibu,45
monopolju,45
ħarba,45
alwiġi,45
droga,45
gawda,45
stabbiltà,45
eventwali,45
siġill,45
nikaragwa,45
hdi,45
ambaxxaturi,45
sostituzzjoni,45
preliminari,45
parteċipant,45
importazzjoni,45
canto,45
jipprattika,45
impressjonat,45
donnu,45
integrat,45
qattgħu,45
rranġati,45
possibli,45
fiħ,45
evalwazzjoni,45
ippublikata,45
how,45
edmund,45
tefa,45
jidentifikaw,45
kanta,45
margerita,45
filosofiċi,45
għaraf,45
singular,45
taħtu,45
topografija,45
abbanduna,45
ph,45
terra,45
jitneħħa,45
nexfin,45
estenda,45
omosesswali,45
jitħalla,45
delegat,45
atletika,45
soccer,45
pitagora,45
tifsiriet,45
krater,45
qlugħ,45
ġbid,45
tewmin,45
oraklu,45
ikona,45
laura,45
there,45
għażlet,45
qasab,45
blues,45
alkoħol,45
jiġbed,45
monaco,45
rodrigo,45
klassifikata,45
human,45
sustanzi,45
ors,45
siberja,45
grandjuża,45
jixtri,45
rritornat,45
draw,45
frisk,45
filoġenetika,45
jirrapreżentaw,45
lamantin,45
kuntent,45
spareġġ,45
issn,45
fotografu,45
opéra,45
premiership,45
sexton,45
luís,45
berbatov,45
mansur,45
integral,45
disney,45
cricket,45
kulleġġi,45
gian,45
limes,45
hetmanate,45
rratifikat,45
mondadori,45
nell,45
canale,45
röntgen,45
tizjanu,45
karlskrona,45
pattadakal,45
bacharach,45
caernarfon,45
ilkoll,44
dieħla,44
kottonera,44
rrappreżentati,44
ajruporti,44
kunsilliera,44
lunzjata,44
osservat,44
ġust,44
altar,44
magħrufha,44
como,44
jisma,44
jinġabar,44
salini,44
fakultajiet,44
kkontesta,44
ddedika,44
jivvota,44
akronimu,44
tirriżulta,44
teologu,44
lost,44
bono,44
imkien,44
pinna,44
douglas,44
gie,44
emendi,44
ippruvaw,44
immarka,44
propaganda,44
iskjavitù,44
dettaljata,44
ikkunsidrata,44
stazzjonati,44
sagrifiċċju,44
diplomazija,44
bugeja,44
arranġamenti,44
kuntratti,44
imnut,44
invadiet,44
megħlub,44
eqqel,44
ppermettiet,44
rank,44
merkantili,44
niue,44
ideoloġija,44
razzjonali,44
ffirmaw,44
sostniet,44
usd,44
nazzjonaliżmu,44
ostili,44
siam,44
woman,44
miksub,44
niżlu,44
qabżu,44
ntilfu,44
jħallsu,44
works,44
jieqfu,44
dwaru,44
maddalena,44
jimmy,44
qdusija,44
tgħodd,44
lille,44
cristo,44
tiġrija,44
avenue,44
galizja,44
qawwijin,44
jersey,44
ordinarji,44
end,44
obbligu,44
freud,44
wood,44
mon,44
żvediżi,44
ħejja,44
monitoraġġ,44
rotazzjoni,44
patata,44
spirali,44
sarkofagu,44
jfittex,44
fondat,44
beni,44
filippina,44
prominenza,44
dresden,44
bħallikieku,44
nfetħet,44
kennedy,44
perjodika,44
catania,44
formulazzjoni,44
kubu,44
er,44
erodi,44
caterina,44
anfiteatru,44
mother,44
tfajjel,44
va,44
kirurgu,44
jaipur,44
infezzjoni,44
jgħidlu,44
ażjatika,44
muskoli,44
fe,44
inbejjed,44
opus,44
rikreazzjoni,44
hesse,44
repubblikani,44
svediża,44
amerki,44
afrotheria,44
offs,44
bown,44
incertae,44
reklamar,44
jitpoġġew,44
lawrija,44
deskrizzjonijiet,44
guadalupe,44
fiżjoloġija,44
adams,44
ristorant,44
ġebliet,44
referì,44
ofc,44
awtoritratt,44
eredivisie,44
werder,44
rsc,44
fame,44
édith,44
istabbiltà,44
pinġiet,44
nħakmet,44
majapahit,44
malala,44
tournament,44
gwarniċ,44
ġene,44
tel,44
indokina,44
norodom,44
krc,44
mafjużi,44
soccerway,44
illarju,44
ambjentat,44
traduttriċi,44
xaftijiet,44
tian,44
interlingue,44
cromford,44
tétouan,44
wiret,43
avjazzjoni,43
tabakk,43
mastri,43
fortunato,43
meqjusin,43
jisparaw,43
repubblikan,43
pagi,43
għadhiex,43
possedimenti,43
onorat,43
pembroke,43
konvint,43
kwiekeb,43
protestantiżmu,43
strasburgu,43
kelli,43
nagħtu,43
ħażen,43
kult,43
jiskopri,43
etika,43
jesprimu,43
naturalment,43
dimostrazzjonijiet,43
sfurzati,43
mall,43
diżgwid,43
stieden,43
oppost,43
fallew,43
bħalu,43
yana,43
ibati,43
tebut,43
editjat,43
tressaq,43
tolleranza,43
pproklama,43
dominikana,43
ikkontrollat,43
iżolata,43
tisħiħ,43
servew,43
esklussivament,43
inflazzjoni,43
rritornaw,43
tappartjeni,43
allokati,43
nfirxet,43
bħan,43
studjati,43
ville,43
skor,43
artikoli,43
stampata,43
jaċċettaw,43
filosofika,43
marid,43
fwar,43
żaqq,43
vigarju,43
turist,43
koki,43
loire,43
inventarju,43
palatina,43
użi,43
estwarju,43
tnedija,43
teleskopju,43
rand,43
evolviet,43
espożizzjoni,43
iltaqgħet,43
interpretat,43
yi,43
karrijiet,43
ġesu,43
sindki,43
intatt,43
country,43
mekkaniku,43
qatlet,43
redin,43
primordjali,43
nqered,43
euler,43
omar,43
anatomija,43
mike,43
montale,43
gost,43
ħallieq,43
back,43
tivoli,43
tale,43
inc,43
iċċentrat,43
australia,43
operattiva,43
turġien,43
terminal,43
malasja,43
sabha,43
sole,43
benjamini,43
bern,43
oslo,43
elevazzjonijiet,43
myoictis,43
armenjan,43
żbroffar,43
chopin,43
mai,43
kollettiv,43
libro,43
rasputin,43
madame,43
pokal,43
sophie,43
mainz,43
abbasidi,43
rilokazzjoni,43
installata,43
grammy,43
għandhu,43
herrera,43
ġestit,43
bramante,43
speyer,43
eufo,43
aviv,43
beerschot,43
amilcare,43
kathmandu,43
shiva,43
monrovia,43
donatello,43
lekċers,43
burmiżi,43
jahan,43
henderson,43
conwy,43
lingwistiku,42
separatament,42
jaġixxi,42
stimi,42
devastanti,42
piemonte,42
kulturalment,42
ħuta,42
possibilment,42
orjentazzjoni,42
sentimenti,42
misteru,42
dedikazzjoni,42
nerik,42
ekkleżjastiċi,42
tiltaqa,42
ristrett,42
ekonomista,42
daily,42
colombo,42
jegħleb,42
rappreżentata,42
qam,42
risposta,42
kollegi,42
rivoluzzjonarja,42
jirrikonoxxi,42
jiddeċiedi,42
foloz,42
immarkat,42
broadcasting,42
immedjat,42
iżraeljan,42
magazine,42
ekkleżjastika,42
taġikistan,42
jinfetħu,42
jure,42
voluntiera,42
rrifjutaw,42
struzzjonijiet,42
affettwata,42
iffirmaw,42
zeta,42
kroata,42
amministrati,42
gregorjan,42
kkonċentrati,42
aħħarija,42
interkjuż,42
timmarka,42
iddeċidew,42
michele,42
noto,42
innota,42
korretti,42
ambizzjuż,42
folji,42
jdoqq,42
jirrapreżenta,42
iżbalji,42
indirizz,42
académie,42
simboliżmu,42
ġobon,42
aquitaine,42
eu,42
cordoba,42
rivera,42
xellugi,42
spanish,42
martín,42
immaniġġjar,42
jappoġġjaw,42
quddiemu,42
webb,42
tiġrijiet,42
bertrand,42
liċenzji,42
mare,42
xewka,42
kiri,42
ineħħi,42
miġġielda,42
mkeċċi,42
jonqsu,42
inawgurali,42
tqal,42
artiku,42
jħaddan,42
mr,42
irmied,42
proporzjonijiet,42
mein,42
sewa,42
oranġjo,42
über,42
ċirkwit,42
kostumi,42
italian,42
giulio,42
waqqa,42
fernández,42
type,42
nofshom,42
head,42
bang,42
xwabel,42
jintwera,42
sinfonika,42
trijonfali,42
fratellanza,42
irkoppa,42
predaturi,42
glis,42
ħjata,42
federation,42
abitudni,42
andalus,42
baker,42
grazzjuż,42
kwadrat,42
pproduċiet,42
bażalt,42
rinnovat,42
xhud,42
stoke,42
leverkusen,42
board,42
alfredo,42
urna,42
dai,42
rouge,42
lettres,42
arċisqfijiet,42
kew,42
kawkaw,42
qamħirrum,42
instituto,42
momentu,42
boulanger,42
frida,42
würzburg,42
minaturi,42
admira,42
wacker,42
gala,42
ħandaq,42
linga,42
sistematika,41
sura,41
valette,41
zamenhof,41
links,41
konventwali,41
kerċem,41
alleata,41
xagħri,41
jdaħħal,41
nkiteb,41
leningrad,41
navigatur,41
lucas,41
vvutaw,41
introduċiet,41
pulptu,41
jiddiskutu,41
splużjoni,41
miexi,41
jagħtih,41
romano,41
multinazzjonali,41
telekomunikazzjoni,41
television,41
iżolat,41
sigrieti,41
ġabriet,41
ħbiebu,41
għalija,41
norveġiża,41
sigrieta,41
qiesu,41
tqis,41
fide,41
datata,41
invers,41
saħħaħ,41
werriet,41
ist,41
investimenti,41
reich,41
segwiet,41
maqbuda,41
konkwisti,41
venezjan,41
kontej,41
armat,41
ipa,41
għebu,41
sassoni,41
interkjużi,41
preċiżament,41
tokyo,41
filosofiku,41
promettenti,41
tifkiriet,41
skurjat,41
leġġendarju,41
maqsumin,41
siltiet,41
rossini,41
isabel,41
assirjani,41
plinju,41
but,41
formola,41
konxju,41
antropoloġija,41
myanmar,41
sandro,41
vjaġġatur,41
preċiżi,41
nationale,41
eugène,41
iskandinavja,41
jgawdu,41
guadalquivir,41
adattata,41
labirint,41
sardenja,41
terroriżmu,41
jilqgħu,41
tiffoka,41
attirat,41
isfida,41
xandara,41
ċirka,41
fonda,41
jitwieled,41
jagħlaq,41
dlam,41
lestew,41
ikkaratterizzat,41
esploraturi,41
neville,41
wieġbu,41
assedjata,41
mirakli,41
jaqblux,41
ekwatur,41
tqabbil,41
pożittivi,41
imġieba,41
nd,41
roy,41
gauss,41
setta,41
astronomiċi,41
last,41
lui,41
jappoġġa,41
xarba,41
punto,41
ritmu,41
tours,41
mayor,41
springer,41
hart,41
xirkiet,41
suġġeriment,41
ippreservat,41
slovakki,41
lazar,41
beg,41
taħlit,41
talpi,41
conservation,41
ċilen,41
heterohyrax,41
augusta,41
drappijiet,41
stade,41
etjopjan,41
roi,41
fortuna,41
nannakoli,41
speċjalizzat,41
sarcophilus,41
iżlandiż,41
xarabank,41
enrique,41
dance,41
bayer,41
montreal,41
russian,41
wayne,41
kkollegata,41
trasformata,41
grafi,41
barry,41
liebsa,41
schumann,41
lascaux,41
gallen,41
augsburg,41
rama,41
pakkett,41
scerri,41
botero,41
fse,41
lineups,41
nui,41
grilja,41
manama,41
querétaro,41
dessau,41
karstiċi,41
baxkortostan,41
tavli,41
ottagonu,41
hallstatt,41
battir,41
himeji,41
fajls,40
jifhmu,40
ffurmati,40
punika,40
rreġistrati,40
portugal,40
kristofru,40
leġjun,40
definittiv,40
nifhmu,40
werrieta,40
isplużjoni,40
istrixxa,40
godfrey,40
ivvutaw,40
appella,40
evitata,40
istituti,40
management,40
isptarijiet,40
sagrifiċċji,40
speċjalista,40
ġġieled,40
nannu,40
brincat,40
diżabilità,40
sentiment,40
terribbli,40
nara,40
governattiva,40
anjou,40
theddidiet,40
dukali,40
strixxa,40
tobago,40
ġudizzjarja,40
kriminalità,40
jugoslava,40
mexxew,40
instabbiltà,40
mustafa,40
aleksandar,40
sanjak,40
datat,40
sofija,40
unifikat,40
renjanti,40
rifless,40
attakkata,40
litteriżmu,40
soġġetti,40
jġorru,40
galicia,40
organi,40
sui,40
prestiġjużi,40
rotterdam,40
haydn,40
mamluk,40
żbalji,40
attira,40
donna,40
soġġetta,40
ikollna,40
benjamin,40
lapida,40
ilsiera,40
jattakka,40
farfett,40
ħoxnin,40
estremi,40
issib,40
evolva,40
gustave,40
arc,40
plus,40
baħrin,40
depressjoni,40
tefgħu,40
parte,40
tankijiet,40
greenwich,40
marx,40
mexxiet,40
ħallas,40
presbiterju,40
anzi,40
marku,40
offensiv,40
gregorju,40
xxiii,40
nawfraġju,40
nasa,40
staġonali,40
quedlinburg,40
kwadratiċi,40
biljetti,40
nużaw,40
jesus,40
induna,40
dixxendent,40
xjentisti,40
ġiżwita,40
marlene,40
distrettwali,40
see,40
meraq,40
folk,40
għollieq,40
maħbubin,40
duni,40
estratti,40
irziezet,40
style,40
jaqla,40
jiċċelebra,40
lópez,40
she,40
greater,40
sodi,40
oażi,40
some,40
dud,40
sagħtejn,40
ippreservata,40
mirqum,40
iżid,40
publishers,40
tippreżenta,40
paċifika,40
uroš,40
donald,40
pero,40
galeopterus,40
igor,40
filmati,40
bachmani,40
endemiku,40
kampnari,40
rotunda,40
anteċinu,40
kitchener,40
masġar,40
rinnovata,40
mohammed,40
stamford,40
altri,40
khalifa,40
segment,40
foster,40
ikoniċi,40
vitale,40
tismija,40
ikoni,40
solstizju,40
vllaznia,40
rahman,40
donnhom,40
nguy,40
hanoi,40
eremitaġġ,40
indoneżjani,40
madrasa,40
maġenbu,40
waregem,40
avenida,40
morrison,40
kanton,40
imraġ,40
zamość,40
parrukkiera,40
fawwariet,40
jaqraw,39
repubblikana,39
lingwista,39
jdur,39
bastjan,39
ifakkar,39
izda,39
ammirazzjoni,39
protestant,39
pur,39
fair,39
girolamo,39
sopran,39
arturo,39
frendo,39
kok,39
government,39
inkunu,39
jirriżultaw,39
strajk,39
newtralità,39
ahhar,39
partitarju,39
jinħatar,39
tħabbret,39
fundazzjoni,39
preċedent,39
viva,39
giovanna,39
kontessa,39
gdid,39
blitz,39
tfaċċa,39
ikkaratterizzata,39
feudali,39
jgħodd,39
augustus,39
virtwali,39
archive,39
tipproteġi,39
malarja,39
mewta,39
midruba,39
abolizzjoni,39
profond,39
trasferiti,39
mpe,39
grant,39
stedina,39
qali,39
ddominat,39
tinkiteb,39
affidabbli,39
philosophy,39
pedestall,39
verbi,39
insista,39
kollettivament,39
jitneħħew,39
issuġġerixxa,39
iraċi,39
jintlaħaq,39
inbidlet,39
kolombu,39
iskambju,39
intlagħbet,39
andrés,39
dibattiti,39
aberdeen,39
steven,39
naturalista,39
tħallas,39
kostellazzjoni,39
astronomika,39
tort,39
tiela,39
gozo,39
fakkar,39
norveġiżi,39
atoll,39
oro,39
tank,39
pajpijiet,39
ħofor,39
kunjomha,39
good,39
ħabat,39
plutone,39
matulha,39
archaeological,39
fundat,39
ġometrija,39
ars,39
salvataġġ,39
angolu,39
ċentimetri,39
plate,39
entre,39
camera,39
if,39
iġġib,39
volpi,39
sainte,39
nuova,39
petit,39
biol,39
analysis,39
erik,39
għalqet,39
prezzjużi,39
kronaki,39
jinkorpora,39
tempesta,39
jintlagħab,39
mgħammar,39
ssuġġerit,39
natural,39
liebri,39
ħanżir,39
monotipiku,39
murina,39
frangisk,39
bellini,39
tilgħab,39
gowlers,39
bobby,39
europaeus,39
antijokja,39
braun,39
planigale,39
cathedral,39
wolf,39
leon,39
transport,39
ħajjata,39
montevideo,39
donizetti,39
highbury,39
uno,39
schiele,39
kronaka,39
ġovanili,39
berlusconi,39
kumplessiva,39
quran,39
khanat,39
meazza,39
escorial,39
maltafootball,39
porzjon,39
chef,39
routledge,39
allele,39
installati,39
chartres,39
reichenau,39
caliban,39
niang,39
mtarraġ,39
privattiva,39
taj,39
asturjas,39
zollverein,39
ksetra,39
qutb,39
dolomieu,39
isqalli,38
lsien,38
ipoġew,38
nafux,38
xtaqu,38
inhuma,38
affiljat,38
għandi,38
devot,38
tatu,38
kanoniċi,38
ordinazzjoni,38
anglikana,38
paragun,38
ħares,38
buhagiar,38
emanuel,38
imposti,38
ordnati,38
sanzjonijiet,38
rikonċiljazzjoni,38
mġiegħel,38
qanqal,38
intitolat,38
konfronti,38
pm,38
will,38
theddid,38
emma,38
virtù,38
xejriet,38
wassluh,38
kuwajt,38
ċermen,38
mauro,38
attivist,38
okkupanti,38
appoġġjat,38
solidarjetà,38
novi,38
semmiet,38
ppermetta,38
rrappreżentat,38
tieqaf,38
kmandanti,38
waħedhom,38
pparteċipat,38
rappreżentattivi,38
tsar,38
tespandi,38
approvati,38
istituzzjonali,38
irrikonoxxa,38
saqajhom,38
kapaċitajiet,38
vast,38
rajt,38
number,38
nannuh,38
simone,38
inqabad,38
emenda,38
maqtugħ,38
support,38
negattivi,38
kiesħa,38
eħfef,38
riċerki,38
inkluda,38
jissepara,38
flussi,38
passiġġier,38
injazju,38
temple,38
istatut,38
tattiċi,38
cornwall,38
joriġina,38
shaw,38
tikkawża,38
qalbhom,38
formosa,38
nħawi,38
kolossali,38
issejjaħ,38
jsemmu,38
ġenoċidju,38
apprezzat,38
tiswa,38
morgan,38
kondiviżi,38
pura,38
meqjuma,38
burton,38
jfittxu,38
ħinduiżmu,38
christ,38
herr,38
jenfasizza,38
animals,38
ċikli,38
nbeda,38
arbli,38
innovazzjonijiet,38
jitwieldu,38
elephant,38
death,38
african,38
kappell,38
mwiet,38
fondut,38
prevenzjoni,38
ikkontribwixxa,38
nbidlu,38
zhou,38
tortura,38
deforestazzjoni,38
udjenzi,38
kassel,38
schubert,38
homme,38
kent,38
pixxina,38
shrew,38
tpoġġa,38
bandikut,38
kwantistiċi,38
tipparteċipa,38
ling,38
bourgogne,38
vidjos,38
miranda,38
biegħ,38
charlton,38
ġuljetta,38
professjonista,38
cska,38
corinthians,38
salon,38
primi,38
ordnata,38
iffortifikat,38
olimpja,38
refettorju,38
cosimo,38
fiorentina,38
albrecht,38
akkużati,38
doha,38
gustavo,38
yucatán,38
soġġorn,38
editt,38
psewdonimu,38
malabo,38
obiang,38
kejk,38
vjetnamiżi,38
egypt,38
sultán,38
tappoġġa,38
mhz,38
kaa,38
watts,38
pożati,38
třebíč,38
pontormo,38
searle,38
fjord,38
assur,38
isni,38
jsejħu,37
preistoriku,37
jċedi,37
qamu,37
kontrolli,37
żrar,37
żvela,37
huwiex,37
ll,37
lejha,37
vittorja,37
imgħallem,37
ġiri,37
puniċi,37
xx,37
xjuħ,37
dmugħ,37
kopenħagen,37
mgħallem,37
sempliċità,37
isaħħu,37
master,37
enzo,37
gatt,37
francesca,37
tuneż,37
għajta,37
irvellijiet,37
riedni,37
israel,37
kontinwazzjoni,37
assista,37
taqbel,37
istaff,37
silenzju,37
virtujiet,37
bijografiji,37
agostino,37
rome,37
palace,37
intqal,37
onorarja,37
normi,37
terroristi,37
urbanizzazzjoni,37
avviż,37
responsabbiltajiet,37
jasar,37
ċertezza,37
libertajiet,37
witta,37
klann,37
multipli,37
jappoġġja,37
mehmed,37
unifikata,37
repressjoni,37
osservaturi,37
slava,37
mmarkat,37
fazzjoni,37
intensa,37
dikjarazzjonijiet,37
lupu,37
mwettqa,37
riveduta,37
jippreferu,37
prestiġjuż,37
misruqa,37
meħlusa,37
rreġistra,37
index,37
monastiċi,37
studio,37
ewkaristija,37
komplessa,37
tmint,37
internament,37
immaġinazzjoni,37
tiġri,37
muturi,37
way,37
maupassant,37
fontainebleau,37
predeċessuri,37
illinois,37
enklavi,37
fliegu,37
kuruni,37
cabo,37
klimatiċi,37
idum,37
norte,37
ricardo,37
pascual,37
inkarnazzjoni,37
esposta,37
douro,37
konflitt,37
jitħallsu,37
welsh,37
teknikament,37
five,37
durham,37
youth,37
jmut,37
maris,37
faxex,37
lussuża,37
vokazzjoni,37
dwal,37
seljuk,37
cappella,37
infinit,37
istqarrija,37
identifika,37
brest,37
kanadiża,37
page,37
moon,37
atomiku,37
iwaqqaf,37
xbiex,37
koeffiċjenti,37
riemann,37
weierstrass,37
wang,37
negattiva,37
zur,37
kżar,37
ġellied,37
betlehem,37
arċiera,37
libbra,37
gutenberg,37
kalċju,37
heart,37
comme,37
has,37
karru,37
detentur,37
larinġ,37
flawt,37
charlotte,37
alaska,37
tikketta,37
reyes,37
hajja,37
ħabel,37
bjar,37
ppp,37
wei,37
jiffaċċjaw,37
operaturi,37
pereira,37
imweġġa,37
damasku,37
elettriċi,37
irqajja,37
gremxula,37
malcolm,37
euarchontoglires,37
mammalogy,37
peters,37
sottordni,37
inca,37
notturna,37
baqra,37
angoli,37
jiżen,37
iljunfant,37
eduardo,37
michigan,37
presepju,37
ferrari,37
skorjaw,37
ibridi,37
xutt,37
asjatiku,37
skolpiti,37
varjant,37
brasil,37
dasycercus,37
wallace,37
jitniżżel,37
pi,37
march,37
watford,37
þingvellir,37
jikkwota,37
bolton,37
veda,37
sont,37
spartak,37
dora,37
estratt,37
ġojjelli,37
players,37
indifnu,37
orkidej,37
ashoka,37
camenzuli,37
bad,37
theuma,37
ażerbajġana,37
balavostri,37
pyrénées,37
buka,37
building,37
cap,37
devon,37
poesía,37
albi,37
canaletto,37
arġentiera,37
marker,37
bardejov,37
schröder,37
ashkenazy,37
samarra,37
tassili,37
poddata,37
leptis,37
muri,36
tħaddim,36
ġibda,36
wżati,36
rumanziera,36
trevor,36
