word,count
de,116602
van,65426
in,59622
en,54088
et,28086
is,25913
een,18521
as,17163
op,15553
den,12189
an,10573
of,10378
te,10020
der,8906
dat,8860
veur,8358
mit,8128
was,7842
ne,7145
uut,6987
deur,6830
met,6374
nen,5492
ok,5458
wat,5295
dee,5081
die,4726
ze,4668
artikel,4657
zien,4475
hef,4374
het,4293
oet,4082
zo,3852
um,3846
nog,3746
ook,3735
dit,3716
bie,3593
tied,3496
tot,3423
up,3361
ien,3277
bi,3076
gemeente,3001
stad,2907
det,2882
med,2842
wör,2795
al,2686
disse,2632
hee,2546
töt,2511
wordt,2454
neet,2443
tweants,2428
vöär,2404
kan,2395
niet,2341
meer,2285
noar,2279
vuur,2232
wördt,2217
bint,2177
un,2161
naor,2156
gebeurtenissen,2060
binnen,2047
dan,2038
bin,2038
je,2007
aandere,1972
ouk,1913
wördden,1887
nederlaand,1814
drèents,1803
wal,1791
onder,1714
eerste,1696
duur,1696
mar,1688
had,1684
he,1671
wörden,1668
völle,1664
grote,1634
vake,1631
oaver,1631
heur,1613
wodden,1578
dizze,1578
noord,1575
by,1556
veluws,1556
hebt,1548
tussen,1537
ligt,1533
wörd,1525
alle,1514
wel,1502
at,1498
laand,1485
over,1465
west,1448
worden,1441
dr,1437
döär,1407
hebben,1390
grunnegs,1374
stellingwarfs,1359
hi,1358
ni,1352
dij,1317
gemiente,1312
achterhooks,1309
noa,1292
leu,1290
oek,1277
andere,1268
nederlaands,1227
mear,1222
om,1202
nedersaksisch,1192
km,1178
wonnen,1172
waren,1171
name,1166
zuud,1131
twee,1127
zee,1127
ik,1123
se,1120
aan,1102
oost,1091
bekend,1084
antal,1082
sint,1079
vanof,1071
deel,1063
mer,1050
üm,1049
olde,1046
nederlaandse,1042
nao,1033
man,1033
jaor,1029
zeent,1026
doar,1017
woord,1008
veural,1003
drenthe,995
hier,991
the,986
groot,981
plaatse,980
hevt,979
jan,971
dörp,955
volgende,942
veul,937
zoas,929
moar,928
joar,926
duutslaand,920
to,917
waor,915
geboren,913
under,912
bunt,907
geboorn,902
weer,893
zich,886
mangs,885
noch,874
gelderlaand,874
europa,872
noorden,871
komt,862
karke,861
land,852
når,852
bij,851
zol,848
daor,843
oawer,841
later,834
nit,827
ten,824
nå,814
dag,813
eneumd,812
gebied,812
lange,805
steet,804
syn,803
eigen,799
darp,798
duutse,776
maken,775
dus,775
oaveriessel,774
wark,772
taal,769
wodt,765
wier,765
frieslaand,762
gien,760
hij,759
eeuw,758
lig,758
naam,755
mär,754
hollaand,746
lüde,738
gebeed,736
grunnen,724
nait,723
toch,718
woorden,704
volk,703
huus,699
hen,694
nederlands,689
woar,682
uutgaonde,680
good,677
water,675
net,674
nedersaksische,674
willem,672
meyr,669
plaotse,666
dialekten,660
hum,660
zie,658
hadden,653
tusken,648
kwam,646
nederlaanse,639
ene,637
volgens,634
weg,632
soorten,629
inwoners,627
geschiedenis,626
kump,626
gebruuk,625
umdat,624
zwolle,623
schriever,623
eilaand,620
oosten,616
tegen,610
grootste,609
dialekt,609
oorlog,607
leste,607
westen,607
inwonners,607
syne,599
align,595
er,594
midden,593
wöd,593
september,586
aover,586
gebruukt,585
riek,585
juli,584
sou,584
stoat,583
juni,581
meter,579
verskillende,575
kunnen,573
nederlandse,570
eerst,568
zin,567
april,564
augustus,564
kleine,562
ter,562
har,562
afrika,561
so,560
utrecht,559
jaoren,558
ie,558
ende,556
dree,555
gemainte,554
toe,553
altied,552
samen,551
umdet,550
grötste,550
gedichten,549
amerika,547
vunnen,541
slim,541
aander,538
zi,537
vöäle,537
ieuw,534
tyd,531
meeste,531
verschillende,531
kommen,531
rond,530
kreeg,529
geet,529
hamilton,527
besteet,526
minder,526
duuts,525
veule,525
warren,525
wearld,525
jår,525
jannewaori,524
sinds,523
oktober,522
tweante,520
tweede,519
vrogger,517
eeuwe,516
hy,515
gin,514
engels,512
god,512
wödden,511
nederland,507
tüsken,503
too,502
plaose,500
per,498
zit,497
eyrste,496
amsterdam,493
zuden,484
hendrik,481
drèentse,479
emaakt,478
europese,477
vienen,470
boek,470
oonder,470
tou,470
grönnegs,469
mut,468
friese,468
wezen,464
drentse,464
ebouwd,461
tiedens,460
fries,459
november,459
kwaamp,458
ii,454
achter,454
köm,453
eyne,452
diel,449
begin,448
kilometer,448
december,448
urkers,445
kasteel,444
twente,442
zinne,441
soort,440
sik,439
previnsie,439
taol,437
stichting,436
see,436
leven,435
zik,434
verwiezing,433
sallaans,428
vroggere,428
goed,426
wierd,424
staot,423
kultuur,422
verwiezingen,422
wean,422
es,420
keump,417
aal,416
hoge,413
verhalen,413
regio,409
köant,408
meert,405
kon,402
buurtschap,402
zelf,398
noe,398
webstee,397
mei,394
wil,393
iene,393
amerikaanse,392
leit,392
mekoar,392
joaren,392
nedersaksiese,391
kop,391
doon,390
hele,390
belangrieke,389
vri,388
bieveurbeeld,387
zai,387
vuural,387
gelderland,386
pas,385
nich,385
toen,385
vaste,384
begun,382
vandage,382
ontstaon,380
wieder,380
wördn,379
woer,379
frankriek,378
beide,378
miljoen,377
titel,376
voor,373
bekende,372
plak,372
bronnen,371
veluwe,369
nederlaans,369
ewest,368
ut,368
klein,367
tiedschrift,366
wödt,366
wort,365
now,365
nedersaksies,364
bekeand,363
vanuut,362
verwiezen,362
nieje,361
heurt,361
old,361
achterhook,360
ziene,360
niks,359
warken,358
noam,358
heel,357
oranje,356
wodde,356
museum,355
hebbet,355
dår,353
lid,350
eanske,350
nooit,349
broekt,349
mien,348
want,348
gebroekt,348
twey,348
wår,347
verskeaidene,347
buten,346
ongeveer,346
maakt,346
môr,346
dichter,346
buurtschop,345
provinsie,344
left,343
bv,341
aait,341
paus,341
umme,340
ain,340
republiek,339
nl,338
germaanse,338
wie,338
sproake,338
gung,335
dood,334
deurdat,334
kriegen,334
belgië,333
slag,333
januari,332
kümt,332
ümdat,332
groep,331
leaven,330
romeinse,330
muziek,330
ontstoan,329
boer,329
ongevear,328
perveensie,327
goan,326
voak,325
liggen,323
verwiezings,323
biej,323
veer,322
groute,321
witte,320
stoaten,319
eywe,319
officiële,318
belangriekste,318
toon,318
mekaar,317
hai,317
vörm,316
ståt,316
rundumme,316
bevolking,314
stark,313
maor,313
radio,313
staon,312
gaon,312
doot,312
do,312
elk,311
rap,311
meest,311
mekare,311
plaante,310
öp,310
heufdstad,308
zelfs,307
deyl,307
henk,306
landen,305
engelaand,304
wi,304
meestentieds,303
langs,303
saksen,302
oppervlakte,302
wereld,301
oolde,301
and,301
vrouwe,300
jonge,299
kin,299
wol,298
jen,298
em,298
unie,297
löp,297
naost,296
oetgoande,296
teagen,296
gelre,296
webstea,296
kwamen,295
karel,293
spanje,293
af,293
grunning,293
gemeynde,292
worren,291
völ,290
schreef,290
vöäral,288
engelse,288
jåren,287
één,286
doe,286
grunneger,286
wont,286
schrievers,285
chr,285
zeen,284
via,283
laanden,281
hoes,281
beste,281
synen,281
keizer,279
rest,279
doarnoa,279
beent,278
vanaf,278
riessen,277
plat,276
soms,276
apeldoorne,276
enuumd,276
geslacht,276
grond,276
macht,275
bruukt,275
pries,275
femilie,274
drie,273
center,273
kort,272
üüt,272
holden,272
rechtevoort,272
blad,272
recht,272
miljoon,271
mid,271
mos,271
iii,270
steden,270
språke,269
niej,268
vier,268
nu,268
bos,268
als,268
woarvan,267
vorm,266
limburg,265
sallaands,265
maakn,265
mag,263
wuir,263
verhaal,263
kampen,262
gef,262
paar,262
febrewaori,262
und,262
book,261
oe,259
darpen,259
toal,259
iessel,258
belangriek,255
sy,255
riege,254
meyste,254
gebieden,253
joarhoonderd,253
talen,252
dörpen,252
naeme,252
eten,251
namen,251
kunt,251
öare,251
mekander,251
maar,251
eschreven,250
johan,249
dut,249
stiet,249
band,248
prins,248
lös,247
weader,247
weasen,247
vort,246
geografie,245
eersten,245
steyt,244
offisjele,244
waorvan,243
proveensie,243
sunt,242
dizzen,242
gebruken,241
lag,241
top,241
daoras,241
overiessel,240
bron,240
eyn,240
kernen,239
dialect,239
assen,238
hoe,237
stee,236
doarumme,236
vene,235
haar,235
gemeenten,234
wit,234
spelling,234
zienen,234
vief,233
mooi,233
ümme,233
koning,232
von,232
meensen,231
ons,231
stoan,231
dialecten,230
da,230
ruslaand,229
hail,229
zal,229
rund,228
wereldoorlog,227
maria,227
anders,227
staoten,226
vinden,226
altyd,225
alles,224
geleuf,224
echt,224
sund,223
dissen,223
ging,223
joarn,223
sommige,222
schrieveri,222
literatuur,222
centrum,222
streek,221
iets,221
lieste,221
geld,221
omdat,220
dieren,220
rivier,220
harm,220
iej,220
wordn,220
polen,219
veurbeeld,219
zain,219
hudige,219
album,219
öär,219
delen,218
tuzzen,218
doarp,218
beheurt,217
ku,217
ear,217
term,217
wet,217
universiteit,216
pervincie,216
plaatsen,216
best,216
nye,215
verenigde,215
nou,215
plaots,215
provìnzie,215
uit,214
tweantse,214
zitten,214
darde,213
frais,213
heer,213
drok,212
rooms,212
literaire,212
gedicht,212
heuren,211
eur,211
sallaand,211
algemeen,210
nuimd,210
uutgoande,210
warn,210
klooster,210
kinder,210
wiek,210
woardeur,210
doen,209
peter,209
des,209
vs,208
persoon,208
jlusen,208
allene,208
ericht,207
tegenswoordeg,207
oldste,207
stadsrechten,207
nunspeet,206
krek,206
schreven,206
proat,206
seend,206
familie,205
daornao,203
gaf,203
boven,202
geval,202
praot,202
rifferenties,202
neumd,202
zat,202
ja,202
wo,202
non,202
moderne,202
rien,202
keer,201
vanoet,201
revier,201
neumt,201
elke,200
natuur,200
ander,200
twie,199
bekeande,199
edoan,198
teggen,198
eerde,198
zanger,198
neaderland,197
vlagge,197
dou,197
geluud,197
woerduur,197
öäre,197
langes,196
hollaands,196
anderen,196
foto,196
wordet,196
enkele,195
kömp,195
neudig,195
geven,195
giet,195
bestaon,194
betekent,194
platduutse,194
könt,194
hoog,194
waorin,194
moal,194
zes,193
tael,193
jezus,193
leager,193
olle,193
nummer,193
gunk,193
meie,193
gewoon,192
terwiel,192
kenmarken,192
aanders,192
bulte,192
laank,192
meerdere,192
ste,192
fraankriek,192
neerlaand,192
platduuts,191
leegsaksisch,191
hiervan,191
bisschop,191
genog,191
britse,191
heilige,190
breevoort,190
luu,190
volker,190
boeren,189
zunder,189
sich,189
race,189
herman,188
könning,188
verscheen,188
red,188
küm,188
schrieverije,188
hans,187
park,187
waordeur,186
frans,186
boom,186
st,186
gain,186
keuninkriek,186
språken,185
allinnig,185
eerder,185
ståten,185
inwoeners,184
steeds,184
stried,184
putten,184
omdebi,184
dagen,184
franse,183
almelo,183
gebouw,183
zodat,183
verskeidene,183
öar,183
wieze,183
maurits,183
feest,183
stellingwarven,182
lopen,182
china,182
wönnen,182
la,182
zowat,181
vaalt,181
biebel,181
zölf,181
heb,181
kö,181
ies,181
hierdeur,181
güng,181
streektaal,180
officieel,180
sport,180
zeuven,180
maas,180
verscheiden,180
tien,179
kent,179
zeggen,179
eyrsten,179
veurbeelden,178
weinig,178
dät,178
roet,178
graaf,178
krig,177
johannes,177
nie,177
eiland,177
noast,177
invlood,177
ieslaand,177
spaanse,177
waoter,176
bouwen,176
better,176
boaven,176
jödden,176
kreg,176
nassau,175
verdan,175
grolle,175
mèensen,175
jong,175
heuwdstad,175
stuk,174
teksten,174
zeelaand,174
epe,174
hiele,174
gebroek,174
wieter,174
begrip,173
zetten,173
vroger,173
wilde,173
espreuken,172
drents,172
liemers,172
noordwesten,172
gaot,172
veuraal,172
latere,172
gemeante,172
historische,171
paor,171
woater,171
vrouger,171
periode,171
werd,171
vormen,170
veurmaolige,170
benthem,170
leiding,170
kaante,169
schrieven,169
koemen,169
doan,169
aiw,169
lang,169
tweeden,169
bepoalde,169
goat,169
zijn,169
bleef,168
arg,168
teegn,168
gebeden,168
hem,168
kregen,167
hof,167
bestaot,167
vaak,167
peerd,167
skreef,167
groond,167
inwoaners,167
seen,167
ovver,167
geyt,167
president,167
schriefwieze,166
acht,166
christus,166
bestoan,166
plaanten,166
doo,166
italië,166
liek,166
nederlanden,166
zonder,165
kwammen,165
oorsprong,165
leger,165
veerder,164
vrogge,164
dail,164
gevolg,164
doarvan,164
gerard,164
instituut,163
echte,163
doarmet,163
fraans,163
meziek,163
gewone,163
cd,163
azië,162
zollen,162
auto,162
noordoosten,162
uur,162
stund,162
ekonomie,162
zuudwolde,162
zet,162
geskiedenisse,162
music,162
heugte,161
richting,161
oold,161
fraise,161
wa,161
terugge,161
opstaand,161
eilanden,161
meestal,161
doarnöast,161
deers,161
roman,161
beweging,160
hengel,160
bestuur,160
braobant,160
ooit,160
zunne,160
film,160
geen,159
edaon,159
vrouw,159
afrikaanse,159
waar,159
vader,159
lokale,159
dinge,159
cm,159
melk,159
wear,159
groter,158
twiede,158
rtv,158
oceaan,158
donar,158
daorumme,157
lu,157
stiel,157
praoten,156
ruumte,156
griekse,156
new,156
bargen,156
zint,156
grout,156
john,156
minister,155
los,155
zwarte,155
neaderlandske,155
programma,155
heyle,155
isbn,155
holt,154
zuudwesten,154
vaeke,154
kiender,154
christendom,154
veen,154
düütskland,153
noen,153
latien,153
twentse,153
körte,153
helfte,153
enöömd,153
nederlaanden,152
verschillen,152
eneumen,152
zoo,152
korte,152
katholieke,152
grunnegse,152
groten,152
krieg,152
rakers,152
wyr,152
politiek,151
behalve,151
tekst,151
kreag,151
buren,151
aj,151
tydens,151
invloed,150
media,150
plek,150
cultuur,150
portugal,150
bouw,150
rolle,150
albert,150
eu,149
ouwe,149
aordig,149
hej,149
dingen,149
latiense,149
tweyde,149
toerisme,149
vereynigde,149
stammen,148
leden,148
miest,148
leiden,148
bloemen,148
dikke,148
mensken,148
mi,148
buurte,148
haag,147
internet,147
umgeving,147
nuumd,147
waoronder,147
drei,147
beaide,147
brengen,147
brazilië,146
twents,146
graofschop,146
poar,146
aans,146
wörren,146
elegen,146
ungeväär,146
ween,145
leut,145
wy,145
referensies,144
zaken,144
end,144
juust,144
ehad,144
on,144
partie,144
nöast,144
goeie,144
lief,144
goden,144
selv,144
woont,144
nommer,144
kunden,144
door,144
soortn,144
alexander,143
gelderse,143
hardenbarg,143
punt,143
meensken,143
ee,143
meesttieds,143
eure,143
plaetse,143
mölle,143
hyr,142
esteld,142
idee,142
aandern,142
dreuge,142
mor,142
eande,142
attem,142
rome,142
men,141
wee,141
waeter,141
liekt,141
bezit,141
legen,141
romeinen,141
düütske,141
locht,141
kenia,141
seisoon,141
ewörden,140
barg,140
oetsproak,140
wonen,140
zowal,140
riesn,139
bestiet,139
konden,139
mot,139
vol,139
enommen,139
ierlaand,139
regearing,139
beveurbield,139
müt,139
wörn,139
groningen,138
stam,138
zuudwest,138
bepaolde,138
ezet,138
goud,138
westelike,138
noordrien,138
eholden,138
rieke,138
cbs,138
breur,138
gavven,138
meugelik,137
sprekers,137
va,137
tieden,137
drèentstalige,137
open,137
fraanse,137
zutfent,137
york,137
geskiednis,137
viering,137
dårmed,137
terwyl,137
loop,136
hoogduuts,136
verschenen,136
allend,136
rechten,136
woard,136
grouten,136
frederik,136
niekark,135
haile,135
valt,135
wolden,135
kuj,135
stamt,135
zuudoosten,134
klinkers,134
aa,134
afrikaans,134
hom,134
thomas,134
vechte,134
meender,134
kömmen,134
zönne,134
zeg,134
boerderi,134
woerbie,134
verleden,133
diek,133
stok,133
dochter,133
heyl,132
middel,132
stienwiekerlaand,132
jveurbeeld,132
haand,132
tv,132
dervan,132
hie,132
zaand,132
höyvdstad,132
gån,132
kömn,132
blaojen,132
lätste,132
zwat,131
noordelike,131
klaank,131
algemien,131
me,131
single,131
wårmed,131
deens,130
kamer,130
zok,130
huze,130
grotere,130
oen,130
nam,130
trekken,130
deed,130
wearldoorlog,130
ginne,130
orde,130
makeden,130
napoleon,129
verdrag,129
ezien,129
hanze,129
dielen,129
lik,129
zegt,129
skole,129
nederlaandsen,129
gerrit,129
blif,128
heurden,128
zinnen,128
handel,128
bedrief,128
kümmen,128
nedersaksen,127
zowel,127
stellingwarver,127
mieste,127
lege,127
noordn,127
frank,127
plan,127
naar,127
bedoold,127
japan,127
wårby,127
paul,127
filips,127
neadersassisk,126
besteyt,126
bloemhoff,126
versie,126
vervangen,126
kleur,126
wied,126
kristus,126
roond,126
na,126
normaal,126
dorp,126
steadn,126
woanet,126
hieronder,125
bekendste,125
mythologie,125
zuudn,125
anne,125
oostfraislaand,125
vast,125
elegd,125
verskil,125
rock,125
vi,125
enkel,125
centimeter,125
eilaanden,124
rood,124
hambörg,124
daorvan,124
letters,124
egypte,124
plekke,124
woapen,124
nije,124
wårdöär,124
zujen,123
laoten,123
hun,123
geliek,123
winter,123
ligging,123
mooie,123
woarin,123
loater,123
süden,123
politieke,123
dal,123
hard,123
naamn,123
rotterdam,122
einde,122
denken,122
feit,122
kattelieke,122
skriever,122
kanaal,122
gaait,122
neie,122
bentheim,122
leg,122
daornaost,121
kracht,121
kummen,121
wöarde,121
voordan,121
vaossen,121
begint,121
speult,121
licht,121
oostfreisk,121
fort,121
hollaandse,120
vörmen,120
ploats,120
bouwd,120
kante,120
boeken,119
wordden,119
oale,119
ebracht,119
fraislaand,119
slot,119
holland,119
sikkom,119
gungen,119
meervold,119
olden,119
bundel,119
eskreaven,119
beter,118
döt,118
starke,118
waark,118
karakter,118
offisjeel,118
lodewiek,118
blieven,118
hoop,118
alleneg,118
officiele,117
laoter,117
grens,117
ij,117
karken,117
rooie,117
verkocht,117
geaven,117
kun,117
heerlekheid,117
düs,117
amerikaanske,117
steade,117
vos,117
edaone,116
woordenboek,116
nuumt,116
hiel,116
daarp,116
twij,116
belang,116
verbaand,116
geskiedenis,116
ommen,116
grenze,116
regionaole,116
zwz,116
mus,116
blz,116
alleen,115
onmeundig,115
oa,115
wierden,115
maakten,115
distrikt,115
rosberg,115
eleid,114
barreveld,114
grode,114
deylen,114
boeten,114
college,114
begunt,114
döärdat,114
literetuur,114
muzikaant,114
kunde,114
kind,114
reggae,114
regering,113
oud,113
achterhoek,113
kennis,113
holten,113
knoal,113
ao,113
doarbie,113
gemeentes,113
india,113
kearl,113
mossen,113
wij,113
otto,113
mår,113
sunte,112
ontwikkeling,112
andacht,112
hierbie,112
plakken,112
doarop,112
montenegro,112
hartog,112
güngen,112
les,112
oetsproken,112
vruchten,112
oppervlak,112
veld,112
gode,112
galleri,112
martin,112
seizoen,112
verskilnde,112
spaans,111
middeleeuwen,111
taelen,111
goor,111
twijde,111
gat,111
zikzelf,111
onderwies,111
ousten,111
wordde,111
wezep,111
lanen,110
ontwikkeld,110
langer,110
londen,110
aine,110
polder,110
laandbouw,110
leer,110
planten,110
ezeen,110
gangs,110
löt,110
herdenking,110
stroom,110
künnet,110
geschiedenisse,109
grunnings,109
heet,109
zelfde,109
klank,109
warkt,109
huzen,109
gong,109
sproaken,109
start,109
nummers,109
late,109
streake,109
iv,109
letterkunde,109
wåras,109
boerskop,109
ebruukt,109
grieks,108
verschil,108
verschaaidene,108
kulturele,108
staait,108
hoorn,108
veurzitter,108
sassen,108
heerde,108
gingen,108
bomen,108
jazz,108
kern,108
blauwe,108
schriefster,108
skoonwal,108
google,108
mangsmoal,108
bedoeld,107
flevolaand,107
sleeswiek,107
sol,107
volgt,107
armelo,107
variaant,107
worde,107
grenst,107
lutje,107
reppubliek,107
standaard,107
internationale,107
tegenswoordig,106
eeuwen,106
blik,106
joe,106
toalen,106
doarnoast,106
loaten,106
sticht,106
begunnen,106
trekt,106
münster,106
veel,106
ryk,106
uutgave,106
kleaine,106
seyd,106
gitaar,106
wördet,106
min,105
mee,105
kieken,105
eanter,105
vörmt,105
groepen,105
brood,105
spölt,105
möppelt,105
allennig,105
wazzen,105
gold,105
soorte,105
half,105
gevt,105
musik,105
evoerd,104
gauw,104
ef,104
we,104
vot,104
dudelik,104
wenters,104
meyst,104
ìnde,104
môkt,104
oeze,104
deade,104
wer,104
emmen,104
vule,104
korpsn,104
erkend,103
www,103
hierveur,103
jannewoari,103
eseen,103
heed,103
zag,103
oprichting,103
allemoal,103
kunst,103
dagblad,103
klimaat,103
grand,103
wårin,103
regeyring,103
limburgs,102
varianten,102
bekke,102
mederne,102
studie,102
smaak,102
bossen,102
golden,102
aailaand,102
neerlaands,102
zij,102
februari,102
veurkommen,102
naodat,102
zweden,102
esprökn,102
zodet,102
stünd,102
ruum,101
weerumme,101
platt,101
schoele,101
kiek,101
zuudoost,101
him,101
onze,101
zölfs,101
oostn,101
westn,101
meren,101
presideant,101
wårvan,101
halen,101
gebouwen,101
volgden,101
weur,101
druk,101
republik,101
italiaanse,101
world,101
deels,101
middeleeuwn,101
stadholder,101
krygen,101
benaming,100
personen,100
variaanten,100
emeuken,100
dezelfde,100
di,100
drij,100
historiese,100
twei,100
even,100
nacht,100
anleg,100
it,100
schrieverij,100
eegne,100
engelsk,100
são,100
parti,100
dartmoor,100
düütsk,99
denemarken,99
oostenriek,99
raand,99
zudelike,99
geert,99
westfalen,99
veluwse,99
hoogste,99
belgische,99
spreuken,99
eyrst,99
keuning,99
dei,99
unesco,99
live,99
vrog,99
mie,99
ezat,99
moder,99
wyse,99
oaverleaden,99
wun,98
bunsjoten,98
allienig,98
kennen,98
bracht,98
westerse,98
hemmen,98
eyw,98
wuiren,98
vlak,98
dezölfde,98
lek,98
grund,98
vertellegies,98
geboaren,98
terechte,97
nazi,97
angeet,97
hebn,97
oldebroek,97
freesk,97
kleinere,97
beeld,97
overijssel,97
bestaait,97
berend,97
mensen,97
loopt,97
mijn,97
san,97
ai,97
buurt,97
germaanske,97
weren,97
neerlaandse,97
eailaand,97
kreagen,97
culturele,97
woarbi,97
duutsers,96
dalsen,96
hoksebarge,96
greanze,96
golf,96
begon,96
dårümme,96
oldambt,96
dreug,96
symbool,96
lied,96
bestoat,96
natuurlike,96
menare,96
alfabet,96
komen,96
stappest,96
neaderlandsk,96
echter,96
bloemlezing,96
gemaente,96
spel,96
solde,96
arnold,96
mål,96
kleuren,95
doun,95
elburg,95
allenig,95
moet,95
indo,95
zeker,95
kört,95
woervan,95
meardere,95
daar,95
mòr,95
stellen,95
keunst,95
ofstaand,95
vk,95
duutsen,95
limbörg,94
volgen,94
vallen,94
braand,94
plant,94
albums,94
ken,94
vaort,94
wördde,94
öm,94
skriefwies,94
wyder,94
meysttyds,94
dårnå,94
noordzee,93
gedeelte,93
vrie,93
klanken,93
gewest,93
eerstn,93
germanen,93
köppel,93
krigt,93
hand,93
wetten,93
nationale,93
nr,93
iederene,93
leggen,93
markt,93
formule,93
glas,93
beleg,93
bakker,93
düt,93
ho,92
europees,92
vuuf,92
für,92
leup,92
liwwadden,92
typisch,92
be,92
prinses,92
inmiddels,92
flink,92
bekieken,92
strekke,92
naom,92
paleis,92
deutekem,92
universiteat,92
skryver,92
houge,92
kongo,92
tweyden,92
kummet,92
inhold,91
liende,91
brits,91
organisasie,91
vaker,91
terogge,91
makkelik,91
evolgd,91
oldnzel,91
courant,91
liene,91
kiekt,91
vienden,91
johanna,91
vyv,91
bunder,91
aalten,91
heyting,91
road,91
woonden,91
swieniegeltje,91
heugste,91
menske,91
borklo,91
evünden,91
totaal,90
zwitserlaand,90
plaotsen,90
australië,90
greune,90
twintigste,90
ooststellingwarf,90
dichte,90
aantel,90
mìnsken,90
serie,90
wieken,90
verdeeld,90
zoe,90
are,90
saint,90
riessens,90
emaak,90
brussel,90
etten,90
maond,90
mij,90
blef,90
loo,90
lochem,90
buurtschoppen,90
anna,90
doud,90
for,90
roomse,89
nauw,89
algemene,89
hoewel,89
neumen,89
zoonder,89
kiend,89
vlaanderen,89
brugge,89
kriegn,89
gemientes,89
vrougere,89
waal,89
voegel,89
blues,89
oaveriesselse,89
woermet,89
regels,89
gedrag,89
artikels,88
duutsland,88
willen,88
noors,88
deense,88
regionale,88
noordwest,88
törf,88
eer,88
bevat,88
maiste,88
george,88
hierduur,88
moakt,88
toeristen,88
enömmen,88
you,88
uutgånde,88
industrie,88
reden,88
doarveur,88
toren,88
prissedent,88
basis,88
nijkeuter,88
zwart,88
vikingen,88
kaarte,88
allens,88
guinea,88
broersma,88
ny,87
lengte,87
wollen,87
geldt,87
wille,87
zangeres,87
städen,87
vereniging,87
meugelk,87
verwiest,87
mure,87
bisskop,87
steaden,87
zitt,87
lastig,87
klassieke,87
graven,87
theorie,87
daorin,87
bad,87
doarduur,87
regelmoatig,87
kearls,87
redactie,87
piano,87
twèentse,87
loki,87
leidden,87
koppel,86
harderwiek,86
hìnwiezen,86
waorbi,86
können,86
eleagen,86
model,86
aparte,86
meant,86
taalkundige,86
iesselstreek,86
klaas,86
hooltn,86
eziene,86
charles,86
hadn,86
tekste,86
runde,86
must,86
urk,85
zweeds,85
gevallen,85
verspreiding,85
plekken,85
revieren,85
sten,85
schrif,85
baseerd,85
hüdige,85
moor,85
ton,85
noo,85
onderwiezer,85
harry,85
deu,85
beheurden,85
vervolgens,85
éne,85
prix,85
diemer,85
gröätste,85
beschrieving,84
vel,84
belgie,84
westfoaln,84
gang,84
rippebliek,84
paries,84
spul,84
moment,84
woark,84
klasse,84
gearne,84
keender,84
dårvan,84
haandel,84
grafschaft,84
voorst,84
haalden,84
hermann,84
gezin,84
spöllen,84
euro,83
daordeur,83
dom,83
amerikaans,83
nemt,83
voetbal,83
wind,83
lösse,83
gezag,83
sunder,83
johann,83
bepoald,83
haren,83
naarding,83
opni,83
aoveriessel,83
stunden,83
ehaald,83
vieftig,83
börgemeister,83
richard,83
lignt,83
egoan,83
afrikaanske,83
skreav,83
offisiële,82
verenigd,82
bremen,82
sociale,82
doel,82
stoatn,82
school,82
heufd,82
oldere,82
bewoners,82
waols,82
maarkel,82
nöm,82
woerin,82
beer,82
fm,82
vrieje,82
frankryk,82
esleuten,82
provincy,82
binnenstad,82
heeroma,82
berkelland,82
landbouw,82
vormt,82
hulpe,82
verienigd,82
riest,82
havezate,82
enömn,82
nöäst,82
byvöärbeald,82
emaked,82
hiddink,82
vlakte,82
leawn,82
skryvwyse,81
völt,81
zou,81
neersassies,81
espröäken,81
hìn,81
doardeur,81
nemmen,81
sproak,81
grötter,81
kraante,81
arnem,81
bronckhorst,81
nimwaege,81
heide,81
betrökken,81
komn,81
musten,81
schip,81
robert,81
nådat,81
wikipedia,80
legere,80
mark,80
blauw,80
bult,80
beiden,80
woenen,80
groninger,80
rijn,80
online,80
saksische,80
historisch,80
systeem,80
hulst,80
boetende,80
oons,80
vöärnamelik,80
ham,80
thema,80
bievuurbeeld,80
harren,80
euren,80
schrieverskring,80
zwols,80
lucht,80
festival,80
kamp,80
onofhankelijk,80
duurdet,80
platduutske,80
nieuwe,80
uppervlakde,80
verwysing,79
onderdeel,79
onderdiel,79
beteeknt,79
engelsen,79
le,79
miljard,79
resten,79
servië,79
kinnen,79
engeland,79
winnen,79
veurbield,79
uutegeven,79
fransk,79
renaissance,79
adel,79
laeter,79
verkeer,79
plannen,79
selvs,79
kleain,79
fraanske,79
entjes,79
gelöyv,79
nigeria,79
hotel,79
filosoof,79
noordelik,78
breurs,78
vanwegen,78
gemienten,78
letterlik,78
sit,78
dienst,78
bleek,78
ommelanden,78
staand,78
jonker,78
helpen,78
verholding,78
verskillen,78
oostfrais,78
du,78
wanneer,78
betaikent,78
letter,78
gemeeinte,78
nijenhuis,78
villa,78
ekommen,78
meynet,78
terügge,78
moate,78
jöäden,78
hüm,78
köänet,78
koninkriek,77
nederduuts,77
verspreid,77
derveur,77
sommigen,77
koarke,77
bleven,77
onderzuuk,77
monumenten,77
leedn,77
omroep,77
grunningen,77
vierde,77
woarbie,77
islam,77
deden,77
veerde,77
bouk,77
no,77
dik,77
scheupers,77
verlag,77
william,77
verbeendige,77
river,77
prys,77
verwant,76
enz,76
trivia,76
stokken,76
aanderen,76
vörme,76
noadat,76
hangt,76
netuurgebied,76
inwoner,76
antwarpen,76
gröttere,76
fc,76
toew,76
station,76
karl,76
literair,76
horst,76
grunninger,76
hervormde,76
stof,76
möägelik,76
ghana,76
rouke,76
kring,76
wöörde,76
ekonomy,76
öf,76
woanden,76
meyrdere,75
proaten,75
binn,75
soamen,75
sloten,75
zeer,75
tieds,75
meniere,75
ben,75
hierin,75
minsen,75
veurdat,75
ieder,75
wieters,75
keunink,75
klaanken,75
negen,75
begonnen,75
klinkt,75
tomé,75
dèventer,75
voegels,75
verzameling,75
gåt,75
wonden,75
spöller,75
bünt,75
sovjet,74
oostelike,74
vastelaand,74
kleiner,74
hoger,74
wief,74
veraanderd,74
klinker,74
veenstra,74
utrechtse,74
weststellingwarf,74
proza,74
gebeurt,74
anhangers,74
eens,74
bert,74
herindeling,74
peunt,74
könninkriek,74
geskydenisse,74
grönnen,74
maisttieds,74
zeune,74
vanwege,74
mars,74
populair,74
heurn,74
bier,74
baand,74
ein,74
spraoke,74
veno,74
winkels,74
pieter,74
haoste,74
zestig,74
woarnoa,74
saamn,74
speulen,74
mm,74
vrouwlüde,74
nasionale,73
russische,73
uutspraak,73
gelders,73
ha,73
kuunder,73
verleuren,73
poëzie,73
stille,73
regge,73
haven,73
terug,73
iran,73
dool,73
tachtigjoarigen,73
dartig,73
stea,73
greun,73
rieksuniversiteit,73
sproakn,73
derk,73
verienigde,73
meugelek,73
kriegt,73
kilemeter,73
verneumd,73
uutstalling,73
deure,73
tukker,73
voot,73
wodan,73
mönster,73
trouwden,73
gorcum,73
leider,73
kriegnt,73
eygene,73
zwolse,73
stand,72
samenwarking,72
zolt,72
jeugd,72
vlaamse,72
my,72
drinken,72
enen,72
jeudse,72
laandschop,72
meugelijk,72
trek,72
ekeuzen,72
vor,72
haande,72
hartogdom,72
nei,72
franken,72
bladen,72
wiezen,72
sluus,72
vry,72
virginia,72
waen,72
evonden,72
maket,72
edda,72
britske,72
mercedes,72
noorwegen,71
erekend,71
egaon,71
friezen,71
enige,71
grammatika,71
oo,71
stellingwarf,71
verwis,71
bal,71
paulus,71
telt,71
veendn,71
sey,71
wilt,71
egene,71
beilen,71
nij,71
ei,71
fietse,71
uutspraoke,71
weerd,71
zon,71
monument,71
kenaal,71
tiedns,71
island,71
eaten,71
middeleewn,71
deaden,71
trög,71
mek,71
devon,71
form,70
parlement,70
beschreven,70
ebleven,70
maekt,70
kolonisten,70
kortbie,70
kristendom,70
kust,70
kom,70
geheel,70
last,70
volledig,70
konnen,70
skriefwieze,70
une,70
dårup,70
grup,70
lien,70
waarn,70
woarop,70
kloar,70
inheemse,70
ontdekt,70
politicus,70
begunden,70
oge,70
spöln,70
gram,70
koster,70
oseaan,70
amerikaansen,70
grachte,70
skip,70
leet,70
friedrich,70
instrumeant,70
com,70
kampioonskap,70
staotus,69
oorspronkelik,69
russisch,69
zegen,69
cda,69
breed,69
jgelieks,69
finkers,69
ses,69
esticht,69
houwen,69
dage,69
stasjon,69
vertelt,69
hoaste,69
verbond,69
eslotten,69
wört,69
halle,69
gans,69
woold,69
hadde,69
zels,69
krachten,69
mulder,69
viej,69
gehucht,69
ierse,69
waopenvelde,69
koomt,69
tillevisie,69
rechts,69
egeaven,69
links,69
skryven,68
freeslaand,68
anval,68
weten,68
nogal,68
jacob,68
tel,68
aerde,68
epast,68
westerkertiers,68
vanweage,68
angeyt,68
begün,68
jesus,68
verdwenen,68
kr,68
helemoal,68
olders,68
etn,68
coevern,68
ondanks,68
kloeke,68
möt,68
gibraltar,68
rusland,68
wiedere,68
das,68
vervoer,68
brittannië,68
krödde,68
kuste,68
harte,68
harde,68
anvang,68
washington,68
opericht,68
fransen,68
michael,68
elaegen,68
bestån,68
ligget,68
vord,68
beginnen,67
totale,67
egeven,67
uu,67
sk,67
beheuren,67
organiseerd,67
elf,67
lieken,67
ezegd,67
laot,67
hit,67
ekregen,67
apart,67
dörpe,67
internasjonale,67
mu,67
keze,67
beholden,67
reker,67
richten,67
vis,67
im,67
james,67
gelieknamige,67
numen,67
opdracht,67
kats,67
temperatuur,67
wön,67
steen,67
dale,67
öären,67
val,67
januwoari,67
keuze,67
niger,67
boern,67
låten,67
souwat,67
geyn,67
erkenning,66
gif,66
liekewel,66
ae,66
homo,66
ienige,66
kark,66
nederlanse,66
wårskynlik,66
samenstelling,66
ems,66
laanks,66
stukken,66
lèven,66
ogen,66
gemiddeld,66
joarhonderd,66
zorgen,66
slecht,66
achterhookse,66
boetn,66
regel,66
trad,66
problemen,66
woarschienlek,66
proto,66
graafschap,66
hende,66
veurmoalege,66
volkslied,66
bestund,66
moe,66
beheer,66
koops,66
bestoande,66
gemeenteroad,66
britten,66
geleyrden,66
laandn,66
helder,66
veurbielden,66
twèents,66
wilhelm,66
kooi,66
samba,66
internationaal,66
vettel,66
luxemburg,65
raken,65
maarten,65
achterhoeks,65
sont,65
informasie,65
streektael,65
weke,65
geest,65
ebaseerd,65
hou,65
oorspronkelijk,65
js,65
naemen,65
uns,65
geef,65
lesten,65
oetsproake,65
sprekkers,65
stemme,65
nöömd,65
tachtig,65
twintig,65
vet,65
deer,65
künnen,65
diels,65
tiedschriften,65
handen,65
laandgoed,65
garder,65
woernoa,65
stukke,65
köäning,65
vloot,65
saken,65
hoolt,65
soldoaten,65
gene,65
hamaland,65
direkt,64
vermeld,64
kaorte,64
hitler,64
haost,64
noordoost,64
heeft,64
amersfoort,64
gehuchten,64
tegere,64
verder,64
lezen,64
meerstal,64
sal,64
stichten,64
dier,64
tegensworig,64
war,64
oaweriessel,64
heanig,64
post,64
letterkundig,64
zommer,64
zea,64
aigen,64
dicht,64
gemiddelde,64
heufdplak,64
plaats,64
egeten,64
skriewer,64
wegen,64
woarmet,64
biskop,64
grootn,64
beginne,64
webstae,64
groafschap,64
gele,64
höld,64
oaverwinning,64
moi,64
kaap,64
admiraliteit,64
edeeld,63
uutespreuken,63
zeeuws,63
rekend,63
peer,63
germoanse,63
wien,63
aaltied,63
börger,63
evunden,63
vandaag,63
asselt,63
düdelik,63
turkije,63
iezer,63
zeet,63
verzet,63
komp,63
vöäl,63
maist,63
doarom,63
wenterswiek,63
politikus,63
slaven,63
etrouwd,63
loatn,63
wild,63
wim,63
dwars,63
sahara,63
köäningryk,63
dårdöär,63
club,63
nommers,63
weainig,63
betekkend,63
skrivt,63
söäne,63
kurasau,63
endigeden,63
bond,62
waorbie,62
kaant,62
saksisch,62
gao,62
spreken,62
mutten,62
indeling,62
verwaant,62
veurkomt,62
raod,62
botswana,62
löwik,62
probeerden,62
wold,62
wieders,62
lecht,62
bakken,62
bezet,62
machtig,62
weken,62
belangryke,62
most,62
veenkelonioals,62
wiend,62
wisch,62
trouwen,62
vrögger,62
duurt,62
dailstoat,62
don,62
piet,62
show,62
akteur,62
doet,62
schilder,62
deenkellaand,62
md,62
steund,62
zovölle,62
döärsneyde,62
vünden,62
steades,62
ofbeeldingen,62
streumt,62
uutendelik,62
määrt,61
sentrum,61
ma,61
invleud,61
litouwen,61
steun,61
kienders,61
luther,61
uutspreuken,61
edoane,61
huis,61
slöt,61
ofkomstig,61
ipa,61
christelijke,61
binoa,61
loat,61
filosofie,61
iesselmeer,61
waorop,61
oosterwoolde,61
punten,61
winschoot,61
vonden,61
hoogelaand,61
geschiednis,61
hunebed,61
heuvel,61
weet,61
zwoar,61
kristelike,61
nationaal,61
opvolger,61
gemeentelike,61
beuke,61
kreenk,61
hart,61
ezw,61
hogere,61
lichtkaans,61
planeet,61
oude,61
noordoostpolder,61
middelieuwen,61
zweedse,61
vernuumd,61
jans,61
komponist,61
dörpien,61
neilusen,61
honderd,61
erica,61
heinrich,61
sünne,61
vöärnaamste,61
weaderümme,61
kleef,61
ska,61
poorte,61
howal,61
wist,61
leevde,61
englaand,61
hoo,61
klingon,61
dinosauriers,61
gebruked,60
biezunder,60
kanada,60
taalgebied,60
nemen,60
lübeck,60
jo,60
tegenover,60
stienwiek,60
opricht,60
korea,60
geleuven,60
roem,60
bestaonde,60
sprekt,60
vvd,60
zuderzee,60
hemel,60
tiejens,60
vearder,60
kwiet,60
latiens,60
manere,60
leaden,60
iestied,60
tacitus,60
vrea,60
laandskop,60
vanzelf,60
muziekgroep,60
boot,60
extra,60
boerderieje,60
bouwden,60
herindieling,60
twea,60
films,60
david,60
blek,60
louis,60
fraansk,60
länger,60
nietzsche,60
spöllers,60
haiku,60
oldsassisk,60
pünten,60
tröppe,60
stejen,59
militaire,59
vanaof,59
leren,59
warkwoorden,59
leegsaksische,59
or,59
vraauw,59
http,59
vie,59
daarde,59
netuur,59
tubantia,59
friesland,59
beatrix,59
vun,59
duzend,59
noorweagen,59
stelden,59
gent,59
rivieren,59
hiermet,59
hannover,59
holdt,59
langen,59
grötte,59
nijverdal,59
historie,59
kapel,59
broek,59
vund,59
theater,59
oare,59
meart,59
lieren,59
höyrt,59
henne,59
laeger,59
boawn,59
begünde,59
skreaven,59
mv,59
handboek,59
löpt,59
wedstried,59
koneginne,58
hierop,58
oostzee,58
oekraïne,58
schrieversronte,58
friso,58
maeken,58
heden,58
brocht,58
meugelkheden,58
ploatsen,58
stelt,58
zingen,58
bisdom,58
beheurlik,58
variant,58
denmaark,58
elken,58
achterhen,58
koffie,58
aone,58
vries,58
máxima,58
dizzent,58
westerwoolds,58
montferland,58
kleinste,58
kastelen,58
aende,58
generaal,58
dokter,58
maakte,58
ennigste,58
jannie,58
ontstund,58
wyd,58
keuken,58
zang,58
university,58
probeert,58
dichtbundel,58
wies,58
kalifornië,58
art,58
warkte,58
brunnen,58
family,58
bepaold,57
gelieke,57
beieren,57
centraal,57
ede,57
streektaol,57
elementen,57
nee,57
vindt,57
zoch,57
lopt,57
meens,57
warking,57
vörmd,57
junge,57
bewoond,57
summege,57
wis,57
kant,57
kans,57
woonde,57
territorium,57
jager,57
kapelle,57
wekke,57
konservatorium,57
zingt,57
tip,57
oldambtsters,57
zègt,57
siemon,57
kaans,57
verplicht,57
jaar,57
noordeleke,57
hertog,57
gebruukten,57
simon,57
jongen,57
lohues,57
grupen,57
pot,57
youtube,57
seksuele,57
generoal,57
kim,57
grol,57
ebroekt,57
heerkomst,57
oppervlaakte,57
waterval,57
önnevear,57
höygste,57
premier,56
ou,56
overiesselse,56
wotter,56
vechtdals,56
vörmden,56
ding,56
sprek,56
sums,56
dichters,56
deeln,56
ad,56
gewesten,56
gebruukte,56
réunion,56
geeld,56
banden,56
israël,56
mexico,56
middeleywen,56
leeg,56
kruus,56
evestigd,56
federale,56
dj,56
wiedters,56
romaanse,56
deventer,56
salland,56
politike,56
grunnegers,56
vul,56
ôf,56
hiet,56
klimaot,56
esprokken,56
umvat,56
lechtenvoorde,56
laeste,56
deren,56
digitale,56
essen,56
eigendom,56
brogge,56
pad,56
team,56
geleefd,56
zoz,56
stemmen,56
wichter,56
soortenbank,56
veertig,56
tanzania,56
santa,56
bedacht,56
ezene,56
pp,56
wegens,56
rivyr,56
belangryk,56
ov,56
meynden,56
conservatorio,56
dino,56
namelik,55
wilhelmina,55
schrift,55
hoed,55
feitelik,55
uutgever,55
dubbele,55
geboorte,55
iemand,55
inkelde,55
bob,55
vöärdat,55
reiderlaand,55
ronde,55
slechte,55
vrede,55
opper,55
noamen,55
vrouwleu,55
verbunden,55
heuger,55
italiën,55
rassen,55
geern,55
bedrieven,55
krim,55
muren,55
baauwd,55
heern,55
romans,55
jean,55
rechtevoord,55
onofhaankelik,55
appel,55
moand,55
journalist,55
dedemsvaort,55
gemeentehuus,55
international,55
likt,55
missouri,55
dollar,55
joseph,55
drum,55
eynen,55
espöld,55
undersöök,55
spreakers,54
prusen,54
adolf,54
part,54
grotendeels,54
besluut,54
stamme,54
betekenis,54
verbonden,54
tegelieke,54
komst,54
waddenzee,54
ginnen,54
stoete,54
vanweagen,54
griekenlaand,54
ston,54
vlot,54
troapel,54
beheurde,54
ambt,54
redelik,54
vörms,54
grönnegse,54
noamelk,54
ais,54
wèst,54
balk,54
bewoard,54
vöärbeald,54
middelpunt,54
kolonie,54
albanië,54
wessel,54
beston,54
hei,54
loch,54
berkel,54
vrucht,54
wyders,54
haïti,54
keltische,54
ontsteet,54
county,54
spaansen,54
jurjen,54
heek,54
jersey,54
gluten,54
música,54
national,54
neadersassiske,53
leed,53
amparte,53
smalle,53
uutbreiding,53
heldern,53
liest,53
putters,53
joodse,53
cultureel,53
wus,53
probleem,53
vanôf,53
dailen,53
rogge,53
troepen,53
egaone,53
daorveur,53
moaken,53
middeln,53
vuurbeeld,53
woarskienlik,53
motte,53
europeeske,53
luxembörg,53
weerde,53
sumtieds,53
identiteit,53
westerwoolde,53
ekonomiese,53
gouw,53
tekens,53
fan,53
finlaand,53
ziekte,53
noordelijke,53
eier,53
bezen,53
zundag,53
nederlaandstalige,53
andré,53
parochie,53
tweide,53
bepålde,53
neer,53
löät,53
suker,53
lagen,53
tour,53
rio,53
middeleeuwse,53
romeins,53
drums,53
vaals,53
bruked,53
vulleydig,53
wün,53
beweaging,53
börgeroorlog,53
berlien,52
mexiko,52
video,52
vergeliek,52
eers,52
kenmark,52
orthodoxe,52
welke,52
heerd,52
zoogdier,52
werden,52
moslims,52
verband,52
pierre,52
oew,52
jaap,52
verwysingen,52
oender,52
untstån,52
chinese,52
vechten,52
mocht,52
zeuventig,52
äs,52
duurden,52
bek,52
schotlaand,52
stokkies,52
dna,52
alaska,52
bescharmd,52
skilder,52
linde,52
uutgaves,52
baden,52
ke,52
veraandert,52
meanse,52
nasjonale,52
zov,52
spanjoarden,52
actrice,52
deenst,52
nöömden,52
groth,52
öllie,52
kroasië,52
il,52
tromme,52
bekeandste,52
leavden,52
saxo,52
noabi,52
rundum,52
drente,51
vrouwelike,51
behalven,51
taolen,51
verschiensel,51
gaven,51
hond,51
sallaandse,51
verschilt,51
wierdn,51
rossum,51
staring,51
verloren,51
bruken,51
geft,51
sproken,51
staark,51
christenen,51
vertoald,51
laangs,51
doarvuur,51
fryske,51
wolvege,51
sukses,51
brengt,51
engelske,51
lelystad,51
presentator,51
bereiken,51
oorspronkelk,51
daam,51
börg,51
veranderd,51
umgewing,51
tak,51
lest,51
acteur,51
verbeending,51
verskilt,51
europääske,51
italiaans,51
kwaliteit,51
deze,51
leep,51
tientallen,51
bewonners,51
maonden,51
tegenwoordig,51
turf,51
autonome,51
beek,51
boerderiejen,51
daorop,51
juuste,51
el,51
produkten,51
meansen,51
feaitelik,51
bas,51
eheuldn,51
publiek,51
zwoare,51
esturven,51
graofschopper,51
bleav,51
toorn,51
bleui,51
niebaum,51
delft,51
fraansen,51
kiel,51
intied,51
king,51
laandgood,51
freya,51
sun,51
sikselv,51
lyste,51
arabiske,51
amelaands,51
noordbråbant,51
bezetting,50
wanen,50
estlaand,50
ko,50
vlaams,50
hout,50
wikipedie,50
scholtmeijer,50
ries,50
betrekking,50
eilanen,50
graof,50
texas,50
bernhard,50
liefde,50
oonze,50
gebrüked,50
südelik,50
belangstelling,50
platte,50
rol,50
lea,50
franske,50
studeren,50
zinn,50
danken,50
museums,50
sluten,50
uny,50
modersproake,50
belaangriekste,50
börgers,50
ondaanks,50
oldheid,50
graf,50
angola,50
cornelis,50
gas,50
pervincies,50
speuld,50
liedties,50
betekkent,50
rondumme,50
ridder,50
materiaal,50
daeventer,50
nieuwleusen,50
twentske,50
anzeen,50
brook,50
spesjale,50
eyrder,50
daans,50
carl,50
websteade,50
hop,50
dårby,50
bands,50
underwys,50
vloanderen,50
weaten,50
sovjetuny,50
nöydig,50
kaanten,49
neumden,49
wereldwied,49
elspeet,49
grune,49
kenmarkend,49
mens,49
terrein,49
allemaole,49
oorlogen,49
mans,49
haaln,49
lippe,49
gebeuren,49
grunningse,49
kultureel,49
kontakt,49
invloud,49
vunden,49
opkomst,49
doezend,49
warkten,49
dam,49
older,49
eanters,49
euldere,49
hölden,49
rand,49
zujerzee,49
mond,49
dvd,49
omreden,49
din,49
waorbij,49
algemeyn,49
legende,49
europeanen,49
verval,49
dijk,49
greunte,49
beneumd,49
eeuwse,49
bibliotheek,49
mannen,49
prehistorie,49
zudeleke,49
sage,49
edån,49
solden,49
singles,49
set,49
bleaven,49
onderwarpen,49
zachte,49
noorske,49
vaccinium,49
holocaust,49
wolde,49
vervougen,49
île,49
kumries,49
vaa,49
låtste,49
gemeyndewebsteade,49
arabies,48
daon,48
hebbe,48
taelgebied,48
negentiende,48
amelaand,48
protte,48
verschient,48
germaans,48
groote,48
testement,48
döarpe,48
boerschop,48
oaveriessels,48
gungn,48
stoet,48
leeft,48
plattelaand,48
gemaintes,48
hol,48
paosen,48
moeten,48
zogeneumde,48
enkeld,48
leuven,48
grootte,48
tubbige,48
skolen,48
strekken,48
öaren,48
kampioen,48
heurde,48
indieling,48
oostelik,48
trouw,48
vertaald,48
duden,48
sardinië,48
riep,48
hamburg,48
letste,48
am,48
marie,48
halve,48
brummen,48
japanse,48
marken,48
greuien,48
velde,48
ogeveine,48
smit,48
edacht,48
london,48
dreks,48
veste,48
standerdfries,48
konn,48
weelt,48
eenn,48
volg,48
hertogenbosch,48
kreegn,48
tune,48
maone,48
del,48
wetholder,48
haj,48
schutteri,48
mochten,48
groand,48
hall,48
helena,48
metal,48
darden,48
sasland,48
sei,48
reviere,48
eyns,48
vöärname,48
novelle,48
höyvdsteade,48
belangrykste,47
projekt,47
marten,47
overige,47
makkeliker,47
iezig,47
thuus,47
nijmegen,47
verdwienen,47
blokziel,47
tegenstelling,47
gen,47
verschienen,47
tom,47
noorse,47
geweld,47
disn,47
vertaling,47
christelike,47
stoffen,47
natuurgebied,47
stelsel,47
tin,47
fraizen,47
volgorde,47
doarin,47
broabant,47
richt,47
waorschienlik,47
vervoor,47
leawen,47
viefde,47
lieden,47
westelik,47
stel,47
gerecht,47
kuiert,47
broeken,47
jongere,47
oostelijke,47
moespot,47
dårvöär,47
stån,47
alpen,47
totdat,47
centraol,47
zulf,47
middelaiwen,47
leeftied,47
wieven,47
môken,47
piramide,47
perveensies,47
grèenze,47
weerld,47
lot,47
stien,47
verbinding,47
iesselakkedemie,47
veurwarpen,47
rechte,47
loopn,47
italie,47
eaven,47
groiden,47
klanenbeek,47
kentucky,47
black,47
bokse,47
elve,47
fritz,47
kinderen,47
baas,47
banthum,47
betalen,47
beslotten,47
initiatief,47
egoane,47
germoans,47
denne,47
awards,47
ôfgelaaide,47
middelnederduuts,47
tyden,47
alleyne,47
jaorboek,47
sporter,47
tröäk,47
britsken,47
verkesingen,47
süüdafrika,47
volken,46
revolusie,46
poolse,46
iers,46
pools,46
veurnamelik,46
maote,46
jagen,46
berg,46
ui,46
woordeboek,46
klaus,46
pattie,46
schoelen,46
veuren,46
aktiviteiten,46
freeske,46
amsterdamse,46
hailmoal,46
geschriften,46
philips,46
getal,46
ofsluutdiek,46
dak,46
maak,46
keunenkriek,46
westerwolde,46
vandoar,46
lèste,46
dieken,46
gongen,46
veurnaamste,46
iederiene,46
evierd,46
ziet,46
turkse,46
jacques,46
peerden,46
vloedbeld,46
records,46
navo,46
grondwet,46
undanks,46
ewarkt,46
miestal,46
betuwe,46
maol,46
gebrek,46
verskeiden,46
slange,46
departement,46
meerste,46
venlo,46
waorschienlijk,46
veurnamelijk,46
nat,46
architekt,46
umroep,46
tee,46
enkhuzen,46
ideen,46
deal,46
vecht,46
heuld,46
ekömn,46
grös,46
allewal,46
love,46
reuter,46
korps,46
metaal,46
weurd,46
noaber,46
geboarn,46
tröäken,46
meems,46
wysen,45
evormd,45
gebiejen,45
opleiding,45
anleiding,45
vere,45
greuit,45
huuze,45
vjenne,45
werner,45
umliggende,45
buurtschappen,45
fryslân,45
zölfde,45
neersassiese,45
mindere,45
enigste,45
oogst,45
au,45
onderscheiden,45
veraandern,45
kritiek,45
juliana,45
ezungen,45
sporen,45
inkomsten,45
deuren,45
trokken,45
richtten,45
heren,45
priezen,45
heuwdzakelik,45
oonderzeuk,45
zorget,45
drenten,45
emst,45
maastricht,45
tirool,45
lucas,45
nederlaanders,45
mout,45
gruide,45
stelling,45
grootsten,45
keulen,45
rode,45
han,45
erik,45
aachter,45
oengeveer,45
randstad,45
antwoord,45
maandblad,45
natte,45
jd,45
zuster,45
dunne,45
meestieds,45
mussen,45
eygen,45
uutspråke,45
zaojen,45
jamaika,45
vien,45
keel,45
umhen,45
príncipe,45
city,45
max,45
geldersen,45
gemeenteleke,45
etselvde,45
uutendelek,45
stoand,45
jeruzalem,45
höär,45
quickborn,45
ritme,45
dårnöäst,45
völlen,45
award,45
evangely,45
gröait,45
mclaren,45
vöägel,45
startpositsy,45
offisieel,44
poletiek,44
luui,44
kontinent,44
hoogduutse,44
ng,44
waarken,44
vallei,44
kettel,44
harrie,44
overal,44
limburgse,44
sprökn,44
ch,44
gooi,44
teggenwoordig,44
niejs,44
vaastelaand,44
oaveral,44
oorspronkelike,44
heten,44
oorsprung,44
eerdere,44
aorig,44
zogenaamde,44
landschap,44
drìnt,44
hulp,44
lichte,44
evunnen,44
veurmoalige,44
earder,44
vermoord,44
minuten,44
gebroeken,44
galen,44
noabers,44
hook,44
regionaal,44
leek,44
zörgt,44
tiel,44
skrieveri,44
femilies,44
nationaol,44
ienigste,44
ure,44
zuid,44
sittard,44
ideeën,44
georg,44
zwaor,44
ottomaanse,44
verklaort,44
klei,44
week,44
jeuden,44
staotsbosbeheer,44
libië,44
traditionele,44
gouverneur,44
ehölden,44
doarbi,44
verstarkt,44
vek,44
klokke,44
kool,44
massa,44
volgde,44
dragen,44
leraar,44
regelmåtig,44
wev,44
rapper,44
ohio,44
bergen,44
nepal,44
vn,44
bronne,44
naamp,44
gewicht,44
gek,44
netwark,44
ryge,44
emmerik,44
warket,44
earste,44
streaken,44
amerikanen,44
jenever,44
swarte,44
trop,44
kornies,44
braobaant,43
allewel,43
swahili,43
portugees,43
iso,43
aof,43
kaark,43
bok,43
utrechts,43
hangen,43
vaor,43
blikt,43
middelkerwies,43
minst,43
vergelieken,43
aktief,43
begraven,43
dagelikse,43
bestuurlike,43
harlingen,43
invloeden,43
greens,43
zichzelf,43
os,43
roemenië,43
almere,43
vierhouten,43
laange,43
ienwoners,43
woapens,43
wachten,43
karst,43
begrippen,43
bietjen,43
desember,43
industriële,43
geveul,43
botter,43
marga,43
studenten,43
zoals,43
brede,43
seggen,43
inheymske,43
liechtenstein,43
doudestieds,43
noudoagse,43
let,43
kenden,43
stond,43
eursprong,43
woongebied,43
ofhaankelik,43
harsens,43
jacht,43
negatief,43
etrökken,43
daormit,43
ieuwen,43
skrift,43
speulde,43
ca,43
regen,43
morgen,43
bronstied,43
gemeentehoes,43
kalender,43
dy,43
bezig,43
dèt,43
bange,43
ow,43
wierumme,43
huusraod,43
reup,43
koe,43
dårin,43
geel,43
louisiana,43
kopen,43
type,43
draank,43
basgitaar,43
time,43
decennia,43
setten,43
beduudt,43
burcht,43
kolony,43
muzikale,43
bekand,43
skotlaand,43
gedachte,43
heurdn,43
unse,43
tradisjonele,43
middelsassisk,43
balder,43
behåleden,43
vrye,42
sassiske,42
belgiese,42
bonaparte,42
trökken,42
betekenisse,42
streken,42
bergveld,42
daormee,42
portugese,42
meervoud,42
oes,42
veurkeur,42
vootballer,42
vaok,42
hersteld,42
valen,42
atlantische,42
groutste,42
begünnen,42
histories,42
verkopen,42
vaaier,42
loug,42
bloed,42
funksie,42
wellicht,42
achtste,42
humor,42
boawen,42
vertellen,42
activiteiten,42
tweanteraand,42
plaatselike,42
skrif,42
buursink,42
anwezig,42
vereynigd,42
hälvde,42
nkander,42
moeder,42
feesten,42
sagen,42
algemiene,42
kost,42
motten,42
oslo,42
antarktika,42
untwikkeling,42
raakten,42
pro,42
wieren,42
middellaandse,42
centrale,42
verbouwd,42
nieuw,42
gemientelike,42
organiseert,42
liedjes,42
uitgeverij,42
emsland,42
hollaanse,42
bekenden,42
woerop,42
mr,42
beelden,42
derop,42
betaald,42
kabinet,42
nöömt,42
böke,42
hooldn,42
tocht,42
schippen,42
alderhaande,42
redacteur,42
rugge,42
kilo,42
bedriewe,42
oonderdeel,42
oonderwies,42
slinge,42
marley,42
grieg,42
instrumeantn,42
meanske,42
douden,42
eveundn,42
yts,42
toostaand,42
partye,42
leawt,42
öäly,42
doebai,42
låter,42
wågen,42
noordousten,41
heufstad,41
epraot,41
argentinië,41
iezelig,41
vergelieking,41
leusden,41
onderscheid,41
zulfs,41
allen,41
deepn,41
pvda,41
eskreven,41
dokkum,41
dänemarken,41
däänsk,41
historiske,41
drank,41
mede,41
nåst,41
delfziel,41
ernst,41
vrogere,41
immigranten,41
wè,41
underdeyl,41
distrikten,41
oostfraise,41
kanten,41
aigelks,41
peters,41
veraandering,41
bestond,41
appelsche,41
wiede,41
kraanten,41
grotendiels,41
genre,41
pakken,41
evörmd,41
haanden,41
ga,41
uitgevers,41
internasjonaal,41
kleane,41
karspel,41
euldste,41
snee,41
teken,41
woarkn,41
hoogleraar,41
dook,41
floris,41
carolina,41
benuumd,41
wk,41
landgoed,41
studeerden,41
waarkwoord,41
dublin,41
veurkump,41
dele,41
jnoa,41
ludwig,41
ieuwse,41
orleans,41
ård,41
segt,41
mient,41
krosenbrink,41
deenk,41
league,41
mytology,41
heure,41
goties,41
kelten,41
kön,41
wedstriedn,41
skonwal,41
koloniale,40
gemeenschap,40
volle,40
holstein,40
normale,40
zatten,40
eut,40
zelfstandige,40
vosbergenschriefwiese,40
internasionale,40
web,40
vraoge,40
zegd,40
mekeer,40
zooas,40
verkeerd,40
vleis,40
eenheid,40
kenmaarken,40
stienen,40
eplaatst,40
plaatsn,40
oatmörsken,40
bestuurd,40
twentsche,40
verbunnen,40
verskel,40
noordske,40
vermelding,40
formeel,40
vlaag,40
karnevaal,40
alva,40
beie,40
emden,40
geeft,40
mis,40
papier,40
klub,40
fusie,40
zeun,40
apaarte,40
riepe,40
ontston,40
all,40
zette,40
summer,40
zegswiezen,40
bestoand,40
slimme,40
achterhooksen,40
brief,40
vorst,40
dynastie,40
doezebarg,40
zudelik,40
lichaam,40
vanolds,40
riesns,40
daniël,40
bane,40
bedekt,40
wetenschop,40
techniek,40
loon,40
stengels,40
véur,40
hot,40
wonn,40
bebouwing,40
westerkertier,40
skriewn,40
eankele,40
samenleaving,40
söäven,40
bloeme,40
roze,40
acer,40
vestigden,40
brazzaville,40
elizabeth,40
umgaeving,40
haalt,40
ryden,40
blyven,40
dem,40
håste,40
lätsten,40
interesse,40
sproaklear,40
süüdwesten,40
nöäm,40
löppe,40
wårnå,40
deage,40
spöälden,40
grondgebied,39
tegeliekertied,39
herkennen,39
tsjechië,39
provincie,39
go,39
begriepen,39
zokke,39
zörgen,39
sch,39
inheems,39
religieuze,39
haarlem,39
vrogste,39
tal,39
bewies,39
doden,39
erectus,39
beveurbeeld,39
michigan,39
vleden,39
vaar,39
tweedn,39
speulden,39
nederlans,39
oog,39
moalen,39
hoaren,39
baaide,39
opstand,39
aord,39
jozef,39
groan,39
blood,39
gerechten,39
duo,39
rudolf,39
olst,39
bosch,39
status,39
ali,39
betaikenis,39
eein,39
vôlk,39
openboar,39
energie,39
piramides,39
gebeurde,39
evenementen,39
bargh,39
reurle,39
gemienschop,39
drìntse,39
functie,39
kristelik,39
viii,39
hanen,39
dunen,39
vissen,39
bulgarije,39
previncie,39
karmis,39
zwaore,39
haolen,39
russiese,39
leeuw,39
marke,39
gaank,39
stadhoes,39
lente,39
naobi,39
snelweg,39
café,39
vroage,39
könn,39
magnt,39
vingers,39
blok,39
geskedenisse,39
heetn,39
begünden,39
romeinske,39
störven,39
sat,39
beater,39
keend,39
twentsk,39
studies,39
utah,39
chicago,39
staal,39
madonna,39
rechteren,39
zolden,39
finale,39
grötsten,39
ewodden,39
francis,39
vlaggen,39
zetn,39
ieslaands,39
unafhangelik,39
brittanje,39
bezoen,39
deyls,39
columns,39
meyrere,39
homoseksualiteit,39
revoluty,39
förme,39
eailaandn,39
norn,39
küste,39
oust,39
hülpe,39
plautdietsch,38
poletieke,38
negentig,38
hessen,38
uutzundering,38
veurkoemen,38
ol,38
algemeyne,38
lieke,38
bekken,38
laat,38
taofel,38
stellingwarfse,38
eduud,38
persoonlike,38
sien,38
gaan,38
joden,38
dudelk,38
oaversticht,38
florida,38
monaco,38
dien,38
skandinaviske,38
pår,38
malta,38
aantal,38
pervìnzie,38
leefde,38
grenzen,38
bewond,38
besteur,38
brachten,38
bokel,38
pop,38
goa,38
legt,38
vestigd,38
rune,38
beantem,38
tweantsen,38
bernard,38
th,38
beskreaven,38
poolske,38
vrij,38
laege,38
schiereilaand,38
rad,38
zetels,38
bommelerweerd,38
adam,38
legd,38
beslöt,38
vandan,38
nationaole,38
vasteland,38
illinois,38
noordse,38
amerikoanse,38
reumse,38
pekel,38
straote,38
netuurlijke,38
kyken,38
kannede,38
caesar,38
neit,38
langste,38
teelt,38
route,38
bekendheid,38
herinnert,38
sociaal,38
vee,38
epubliceerd,38
ss,38
bouwwark,38
waornao,38
actief,38
veenkelonien,38
podium,38
anbod,38
politieker,38
gregoriaanse,38
banke,38
zwarten,38
joa,38
wessels,38
moo,38
mak,38
espeuld,38
månd,38
nach,38
israel,38
byzantiense,38
feestdag,38
eva,38
jheid,38
aoveriesselse,38
christian,38
diem,38
hellig,38
pregramma,38
alfred,38
feesdag,38
encyclopedie,38
veurmalige,38
manskap,38
betjen,38
abel,38
keppel,38
hierbi,38
drokte,38
deedn,38
magt,38
köln,38
openeumen,38
drentsche,38
sebastian,38
gavn,38
begunde,38
mesjester,38
veriening,38
tegelyke,38
edåne,38
samengoan,38
grense,38
january,38
beald,38
seekde,38
hypothalamus,38
düütsken,38
dart,38
grönningen,37
krone,37
opniej,37
arabisch,37
beparkt,37
nederduutse,37
gronings,37
percent,37
kold,37
vjens,37
soest,37
bewaord,37
moes,37
ere,37
maondblad,37
argens,37
godsdienst,37
enschede,37
titels,37
wiej,37
ysland,37
nauwe,37
oustelike,37
akkers,37
effekt,37
joarleks,37
penne,37
stelde,37
vrouwen,37
romeinsen,37
heiligen,37
lokaal,37
eegn,37
ontwikkelde,37
amstel,37
universiteiten,37
archief,37
digitaal,37
lienen,37
kootwiek,37
diep,37
principe,37
latynske,37
ekonomiske,37
rivyren,37
middellaanse,37
ras,37
traditsie,37
hervörmde,37
geslachten,37
steerns,37
directeur,37
klaor,37
veurjaor,37
zoemer,37
verwante,37
kulturen,37
vliegen,37
kaorten,37
kees,37
balkan,37
letlaand,37
citaot,37
passen,37
dreugen,37
hongarije,37
gres,37
wielrenner,37
beem,37
knecht,37
vreug,37
dutch,37
edrokt,37
heemstede,37
rechter,37
bred,37
schepen,37
dubbel,37
gebroekn,37
velden,37
weetn,37
irak,37
geluk,37
ziede,37
vrömde,37
leem,37
hoolden,37
spölden,37
lyk,37
hals,37
starker,37
vroge,37
veilig,37
veurbi,37
nothoorn,37
weagen,37
noaberskop,37
scharsterlaand,37
trök,37
dever,37
zoer,37
christiaan,37
noordelek,37
kleinen,37
maatschappij,37
middelieuwse,37
middelburg,37
dèn,37
jolink,37
blivt,37
bach,37
roll,37
adriaan,37
mös,37
bewarking,37
nederlandsche,37
abu,37
gotiek,37
deep,37
kopper,37
bentheimer,37
unafhangelikheid,37
eweasd,37
eantersen,37
öarn,37
årdig,37
soldoatn,37
vermeudelek,37
deelstoat,37
republeek,37
stünden,37
skiereilaand,37
stükke,37
künst,37
kortweg,36
biezundere,36
helemaole,36
verhuusden,36
houten,36
zuk,36
deerne,36
from,36
us,36
diesel,36
org,36
harskamp,36
omkrieten,36
ooldste,36
vervongen,36
spoor,36
besten,36
veurwarp,36
veraanderen,36
regionoale,36
doch,36
oetgaonde,36
schiermonnikoog,36
won,36
kiezen,36
re,36
union,36
voort,36
sleug,36
nijjoar,36
brand,36
katholiek,36
gebrok,36
westfaalse,36
esprökken,36
hoeve,36
loster,36
moeras,36
verkiezingen,36
verbiending,36
deil,36
deurdet,36
hanzestad,36
maggen,36
umgeaving,36
veurmaolig,36
wenen,36
dordrecht,36
levende,36
kaste,36
suriname,36
nederrien,36
struken,36
beke,36
sunds,36
ekocht,36
eind,36
volwassen,36
volksverhalen,36
zilver,36
koppeling,36
önner,36
loen,36
erich,36
bedrag,36
indiese,36
ozeoan,36
alns,36
verleaden,36
bybel,36
skryvers,36
höygere,36
mg,36
dun,36
kameroen,36
delaware,36
kansas,36
mississippi,36
wattum,36
keuper,36
berre,36
strak,36
janeiro,36
inwonnertal,36
pers,36
oonderwiel,36
verskeadene,36
greujden,36
geewn,36
taalgids,36
egbert,36
bbc,36
wüst,36
zalk,36
taak,36
bezunder,36
biester,36
moderspraoke,36
ungeveyr,36
bröder,36
mauritius,36
dizzend,36
ait,36
parish,36
wearldwyd,36
afon,36
dhabi,36
keniaanske,36
roude,35
jiddisj,35
staorigan,35
oudste,35
telling,35
antallen,35
schaole,35
aai,35
warkwoord,35
ugchelen,35
nunspeets,35
vlielaand,35
ampart,35
dialektn,35
zimbabwe,35
folklore,35
keren,35
goes,35
uterste,35
kocht,35
duuster,35
volledige,35
vandoag,35
eiers,35
gevolgen,35
zaoterdag,35
froai,35
oldenzel,35
bommen,35
kuiern,35
begeent,35
nemp,35
hits,35
boorn,35
maokt,35
iens,35
vrömd,35
gait,35
skotsk,35
uropa,35
petersburg,35
tut,35
ome,35
oostelke,35
zonnen,35
koninklijke,35
wald,35
beïnvloed,35
wageningen,35
vrouwelijke,35
spoorliene,35
emmeloord,35
zagen,35
skokkelaand,35
waormee,35
bene,35
veurnaemelik,35
bevatten,35
anvallen,35
moskou,35
unieke,35
grachten,35
insekten,35
weite,35
organisatie,35
bosnië,35
herzegovina,35
losse,35
ontwarp,35
rieksweg,35
speciale,35
baron,35
ebreuken,35
profiel,35
besleut,35
dai,35
voeren,35
opera,35
temperetuur,35
halfrond,35
stekt,35
stroate,35
fuchsia,35
moord,35
wint,35
eisen,35
laegere,35
veldtocht,35
geskrivten,35
poten,35
joggert,35
bliede,35
eek,35
vangen,35
weuste,35
groessen,35
joegoslavië,35
contreien,35
beroep,35
goten,35
maande,35
niejen,35
broene,35
kotor,35
europesen,35
kapot,35
beker,35
könningin,35
höldt,35
hooft,35
oorsproonk,35
germs,35
limes,35
willemstad,35
dirk,35
bökkers,35
breda,35
körter,35
naodet,35
traditioneel,35
alphen,35
muziekinstrumaent,35
banjo,35
sittet,35
sproakleer,35
heugen,35
ewesd,35
nömn,35
wårup,35
corps,35
kumrië,35
veraenigde,35
races,35
allemåle,35
alarmschijf,35
nöch,35
bedryv,35
menskelike,35
nyen,35
turks,34
monarchie,34
munt,34
milieu,34
fins,34
poging,34
erkende,34
weden,34
overig,34
evuld,34
frankische,34
dacht,34
vlaandern,34
natuurlik,34
rechtstreeks,34
ek,34
relatief,34
behold,34
öppervlakte,34
daorbi,34
spanning,34
terschelling,34
ministerie,34
bush,34
beleid,34
lukas,34
bestånde,34
landskap,34
vocht,34
bart,34
proberen,34
ebrocht,34
tegenswoordege,34
antwaarp,34
zied,34
ontstond,34
aailanden,34
peard,34
groafskop,34
breef,34
wallen,34
brink,34
weerldoorlog,34
hoolten,34
skrievers,34
natys,34
ebleaven,34
akademie,34
toalwiezer,34
schaanze,34
hoogelaandsters,34
zulfde,34
droad,34
erekkend,34
vierkaante,34
hoogte,34
fietsen,34
neffens,34
economische,34
ens,34
aken,34
lely,34
roermond,34
snavel,34
graafschopper,34
stap,34
verwezen,34
amerike,34
biologie,34
ryssen,34
italiaanske,34
wiskundige,34
gedachten,34
arabische,34
butengebied,34
anton,34
meertens,34
dekker,34
verhaaln,34
with,34
koevern,34
averiest,34
plein,34
och,34
krie,34
slachtoffers,34
krante,34
parken,34
komputer,34
zand,34
klachten,34
riessense,34
mooiste,34
wichers,34
oeteandelik,34
modern,34
woden,34
facebook,34
kelender,34
tristan,34
rhode,34
tennessee,34
senegal,34
wiet,34
streektaolmuziek,34
waarkwoorden,34
mali,34
begund,34
verslagen,34
zwn,34
indië,34
moanden,34
jackson,34
lewis,34
gezondheid,34
sloot,34
stoatsgreep,34
haank,34
leo,34
devotie,34
volkstaal,34
kestiel,34
wetholders,34
oldenbarnevelt,34
hilversum,34
hieltied,34
dårnåst,34
verhoalen,34
psv,34
kastele,34
oder,34
kwamp,34
denge,34
keltiese,34
sempervivum,34
onner,34
natura,34
superior,34
slagwoark,34
bewys,34
edelleu,34
warkeden,34
steads,34
grundwet,34
officiäle,34
spaanske,34
butenlandske,34
ogwr,34
azerbaidjan,34
koureurs,34
koureur,34
tweyds,34
teammåt,34
sassisk,33
vuuftig,33
estörven,33
wellen,33
paraguay,33
ar,33
keerl,33
helmut,33
verwarkt,33
procent,33
vrienden,33
roonde,33
mearvoold,33
meule,33
religie,33
komme,33
studio,33
bescharmen,33
barre,33
regelmaotig,33
meunster,33
bataafse,33
wales,33
besleuten,33
verdield,33
pseudoniem,33
gebed,33
evangelie,33
testament,33
mins,33
chili,33
fivelgo,33
hoogezaand,33
uniek,33
tomas,33
termen,33
herstel,33
wieringen,33
previnsies,33
luuk,33
treuk,33
iezertied,33
weersel,33
platteland,33
egen,33
generaol,33
roon,33
deinse,33
vliet,33
oever,33
kosovo,33
kolde,33
ziej,33
südelike,33
gehiel,33
onderverdield,33
zèggen,33
woaronder,33
westerkertaaiers,33
ick,33
achtergrond,33
annere,33
past,33
lingen,33
zaltbommel,33
day,33
oosterriek,33
petrus,33
belasting,33
netuurkundige,33
oorspronkelijke,33
revolutie,33
voet,33
warm,33
tempo,33
uutleg,33
minstens,33
nuumde,33
domeneer,33
passe,33
skatting,33
arme,33
broenswiek,33
borken,33
si,33
gij,33
stoark,33
doarde,33
sind,33
eigenaar,33
symbolen,33
catharina,33
wek,33
rauwe,33
evoegd,33
kamers,33
stengel,33
wees,33
pius,33
idaho,33
takken,33
queen,33
manuel,33
populaire,33
kontrakt,33
vootbal,33
boargen,33
beurte,33
gitarist,33
wod,33
haals,33
letsten,33
mo,33
hete,33
helen,33
ferdinand,33
inzet,33
boken,33
informeel,33
kierkegaard,33
sköape,33
roel,33
jongn,33
weald,33
februwoari,33
woarket,33
podcast,33
yrske,33
house,33
castellum,33
vöärmålige,33
förm,33
stryd,33
köäm,33
meem,33
jy,32
kün,32
butenlaand,32
inval,32
germania,32
japans,32
westfaolen,32
kolonies,32
daoruut,32
véúr,32
kiekn,32
daan,32
plaotselike,32
zout,32
wäter,32
skik,32
uddel,32
gaat,32
toekomst,32
uutspraok,32
lidwoord,32
woordenschat,32
meugelike,32
oosters,32
spreker,32
veerkaante,32
ontwörpen,32
zeuvende,32
greanst,32
tradisie,32
verlet,32
georgië,32
teagenoaver,32
meansken,32
angrenzende,32
wilp,32
verwist,32
blaauwe,32
vierd,32
ontvangen,32
sapmeer,32
wor,32
kärke,32
wassen,32
eigenlik,32
henegouwen,32
eskrewen,32
hande,32
families,32
hunebedden,32
oonderskeaid,32
beweerd,32
opvallend,32
meesten,32
brouweri,32
liggende,32
metropool,32
vesten,32
eel,32
schier,32
vrije,32
hest,32
rug,32
umlaut,32
volkstelling,32
hoek,32
gemenebest,32
vandaor,32
hollaans,32
krap,32
kristenen,32
zoemers,32
mongolië,32
bezeukers,32
athene,32
verklaoring,32
filosofen,32
trein,32
voedsel,32
kreggen,32
oprichter,32
one,32
hoast,32
sentraal,32
nature,32
nico,32
theo,32
riet,32
veurzienings,32
rvan,32
maank,32
dej,32
liedtien,32
stadsregio,32
emslaand,32
roalte,32
jacobus,32
heugere,32
jeroen,32
schoon,32
bolle,32
knippe,32
besteund,32
eheulden,32
verhoolding,32
godinne,32
halfroend,32
lubeek,32
nest,32
boekvorm,32
beståt,32
ewördn,32
måne,32
jack,32
district,32
plusregio,32
vochtige,32
life,32
project,32
gaanks,32
kortbi,32
gottschalk,32
munten,32
visken,32
heimatverein,32
helpt,32
veenden,32
zelfstaandig,32
fleenk,32
theoloog,32
gendringen,32
spegel,32
snel,32
henry,32
motor,32
windmölle,32
shakespeare,32
publiceerden,32
aids,32
welle,32
brak,32
hamer,32
noordwiek,32
spöld,32
kaarten,32
meziekstiel,32
rostock,32
hiphop,32
untstünd,32
musikanten,32
veldman,32
swår,32
enzowieder,32
botje,32
cello,32
australie,32
standard,32
russiske,32
nyjork,32
kommissie,32
neaderzetting,32
ofwal,32
uutstroaling,32
groandgebeed,32
demokratiese,32
enömed,32
korsikaans,32
nauro,32
nysassiske,31
provinsies,31
streektalen,31
voltooid,31
osen,31
eraakt,31
herkomst,31
nivo,31
lingua,31
boers,31
verloop,31
steenwiekerlaand,31
variëteiten,31
lunteren,31
veurloper,31
én,31
achttiende,31
kouwe,31
verzameld,31
jeudendom,31
heliand,31
vechtdal,31
langere,31
daorum,31
earde,31
bod,31
stoppen,31
spöäler,31
drìnts,31
berichten,31
vuilt,31
figuur,31
vestigen,31
haor,31
twai,31
belgisch,31
koarel,31
grolsch,31
daorbij,31
protestaantse,31
väke,31
terwolde,31
wiesel,31
raolte,31
anduding,31
eén,31
estemd,31
zung,31
juan,31
dankt,31
stadsgrunnegs,31
goede,31
oorspronkelke,31
klassen,31
gaauw,31
positief,31
gesprek,31
loan,31
geschichte,31
leopold,31
onderwarp,31
zetel,31
jongeren,31
dichteres,31
bosrieke,31
pooln,31
grieken,31
egyptische,31
wiskunde,31
schans,31
dinsper,31
stroomt,31
kenmarkende,31
linie,31
kopzeerte,31
stappen,31
provìnzies,31
belt,31
slechts,31
geologie,31
daormet,31
rieken,31
tokio,31
zörgden,31
weinige,31
kommunisme,31
komputers,31
inleiding,31
precies,31
slagharen,31
lieve,31
been,31
sociaole,31
bouwn,31
pebliek,31
koor,31
drost,31
edragen,31
waopen,31
artiesten,31
south,31
veurzien,31
derin,31
sanders,31
stoatus,31
heufdplaatse,31
roma,31
geewt,31
mosn,31
schönfeld,31
kleenkers,31
deselvde,31
filesoof,31
underwyl,31
kapitein,31
eilaandn,31
stadsmure,31
nevada,31
laan,31
örgel,31
bloom,31
stokkien,31
noaberschop,31
verzamelde,31
dielstaot,31
raam,31
zei,31
pen,31
bourgondië,31
milaan,31
duren,31
bennie,31
groondwet,31
loopbaan,31
arts,31
toertieds,31
bbp,31
dudelek,31
ekeuzn,31
ring,31
natuurgebeed,31
ontwikkelings,31
trouwde,31
loenen,31
reagen,31
givt,31
naarden,31
tenielstok,31
künt,31
hougdüütsk,31
cent,31
madrid,31
funk,31
mandielige,31
unafhangelike,31
groepn,31
bespöld,31
stökke,31
kienderboek,31
alfabetische,31
verstarken,31
kamerlid,31
bename,31
depe,31
manx,31
vüür,31
aoverzetting,31
ewödden,31
verwoost,31
huussen,31
maart,31
behandeling,31
untwikkelden,31
spöl,31
skryverye,31
amerikaansken,31
meysten,31
salix,31
agnosticisme,31
nolan,31
formen,30
jutlaand,30
meerderheid,30
onderzeuk,30
bohemen,30
onderling,30
etc,30
zujelike,30
heui,30
dialektgroep,30
ontwikkelen,30
frees,30
westlaauwers,30
zambia,30
worst,30
naos,30
algemain,30
zoveul,30
hollandse,30
joen,30
höyren,30
üütgånde,30
marokko,30
zeewolde,30
provinsy,30
oprichten,30
leegsaksen,30
westelke,30
vörmde,30
invlouden,30
stait,30
verkriegen,30
streuming,30
groend,30
groaven,30
gronden,30
instellingen,30
kleare,30
bewind,30
monnik,30
kloosters,30
goderen,30
gemeenskop,30
thoes,30
westfaals,30
jij,30
ofkomst,30
dialectkring,30
gebrüük,30
uropese,30
diverse,30
verteld,30
rembrandt,30
italiaansk,30
room,30
regionen,30
doarmit,30
zègd,30
visk,30
vond,30
hait,30
solo,30
drekt,30
achteruut,30
pluto,30
plato,30
vondsten,30
jovink,30
keuzen,30
musea,30
omvat,30
qua,30
melodie,30
nor,30
straand,30
evert,30
muziekstiel,30
eleden,30
indonesië,30
vlakbi,30
kreta,30
bereikt,30
palestina,30
verjaordag,30
skoele,30
ge,30
letteren,30
lekker,30
spoorliende,30
verni,30
hotels,30
honderden,30
bedould,30
vlaonderen,30
erichte,30
predikaant,30
gruuiden,30
borgemeister,30
verliekensboar,30
straoten,30
monden,30
oostelek,30
klomp,30
ontwikkelden,30
teen,30
koken,30
weend,30
baai,30
kleren,30
oorsproonkelike,30
taken,30
revue,30
hooldt,30
stuks,30
ooststellingwarfse,30
tellen,30
militair,30
doatum,30
ewunnen,30
mary,30
gebruket,30
bonen,30
arabiese,30
jårhunderd,30
poaske,30
arkansas,30
colorado,30
sporten,30
schole,30
kerne,30
ansluting,30
natuurmonumenten,30
madagaskar,30
star,30
esteeld,30
darwin,30
tiesing,30
egraven,30
gebeurden,30
martinus,30
regent,30
vietnam,30
gasten,30
gymnasium,30
sir,30
restaurant,30
vört,30
lissabon,30
champions,30
keien,30
keaizer,30
däänske,30
zaender,30
laeven,30
weaken,30
architektuur,30
zaakn,30
moond,30
pette,30
big,30
beskriewing,30
kg,30
gebeeden,30
scheer,30
pan,30
godfried,30
drummer,30
gerhard,30
sylt,30
vulkaan,30
tenerife,30
verwiezingn,30
aus,30
industry,30
venies,30
bundels,30
styl,30
veerden,30
dån,30
rakeden,30
schref,30
fase,30
eneumde,30
reynke,30
twitter,30
sinne,30
cornwall,30
veerkaant,30
umrengende,30
betekkenis,30
ulk,30
mosch,30
grunningstalige,30
wardt,30
knoet,30
leavet,30
alonso,30
lyknamige,30
positsy,30
depärtement,30
jödske,30
baosis,29
heetten,29
nargens,29
expansie,29
franca,29
proces,29
werk,29
ketel,29
aauwerk,29
geute,29
westerveld,29
echten,29
meerten,29
zullen,29
vergeleken,29
party,29
protestantisme,29
mouten,29
nut,29
uutvoering,29
wilsum,29
polders,29
leeuwarden,29
drachten,29
rondum,29
teagenstelling,29
gemeynden,29
eywen,29
wunnen,29
leefden,29
slochter,29
bevindt,29
volkslaid,29
stoal,29
tunnel,29
waore,29
wiest,29
herstellen,29
stämme,29
tradisies,29
voorden,29
skandinavië,29
witt,29
landelik,29
loatt,29
rektum,29
graofschap,29
nörg,29
verstoan,29
hiervuur,29
vogel,29
westelijke,29
volksalmanak,29
oostnriek,29
jao,29
betaikenissen,29
sfeer,29
ienvloud,29
opzicht,29
westfeels,29
behaalve,29
oldsheer,29
apmoal,29
beschrieven,29
rieden,29
denk,29
hooglerer,29
laandelijke,29
paart,29
scheemde,29
ooldsher,29
planeten,29
jupiter,29
struktuur,29
bekekken,29
cross,29
stil,29
reviertien,29
zestiende,29
winkel,29
finse,29
markermeer,29
vroeger,29
aovend,29
wolf,29
deurgaons,29
stockholm,29
riegelmaotig,29
opzet,29
russen,29
stielen,29
vuul,29
publicaties,29
driemaandelijkse,29
klompen,29
leegste,29
middelste,29
vitamine,29
harbarg,29
tuun,29
pianist,29
stenen,29
westerhuis,29
oosterveen,29
uuteindelijk,29
kok,29
east,29
north,29
taiken,29
drent,29
stout,29
sosjale,29
gebeedn,29
wegge,29
valley,29
julius,29
gedurende,29
twickel,29
verleedn,29
middelpeunt,29
storm,29
pastoor,29
kafee,29
reffereansies,29
halvrund,29
vasten,29
nederzetting,29
positieve,29
yrland,29
heuwd,29
westerske,29
dichtwark,29
upstand,29
klassike,29
beyne,29
snelheid,29
aaltieds,29
times,29
meinsen,29
arizona,29
massachusetts,29
oregon,29
wedstrieden,29
prinsesse,29
omgeving,29
sie,29
gemak,29
getallen,29
smilde,29
koop,29
alkmaar,29
proefschrift,29
raaive,29
scandinavische,29
leen,29
tiedskrift,29
eing,29
hoar,29
oostvaardersplassen,29
mes,29
tante,29
francisco,29
kluur,29
produkt,29
seet,29
zwemmen,29
lage,29
plaatsnamen,29
beume,29
arnhem,29
elisabeth,29
spesjaal,29
stalin,29
skots,29
sentimeter,29
kazakstan,29
doornbos,29
jung,29
ümgeaving,29
edward,29
cola,29
tu,29
wetering,29
veurnoamelek,29
halv,29
seade,29
mitwarkers,29
müttet,29
maagien,29
cunha,29
zaank,29
swarten,29
ontsteund,29
rulle,29
yrsk,29
öldste,29
vannys,29
bettere,29
eike,29
leavende,29
vuurdet,29
groad,29
roerdalen,29
grammy,29
hormonen,29
meyrderheid,29
domino,29
kwalifikatsy,29
nama,29
herero,29
spröäken,28
posisie,28
vervöngen,28
vvv,28
vient,28
uutestörven,28
minderheid,28
anzien,28
haandvest,28
niederdeutsch,28
vormp,28
reeks,28
zèlng,28
archive,28
bedoeling,28
lemsterlaand,28
stadsfries,28
zwakke,28
ver,28
zoksoort,28
jou,28
starven,28
veulal,28
floams,28
katte,28
connecticut,28
baarn,28
zusters,28
huwelik,28
versies,28
asse,28
priester,28
politik,28
oaverige,28
sin,28
wisse,28
laandschap,28
roend,28
hunzego,28
oostelk,28
slik,28
grieze,28
elkenain,28
beneden,28
zicht,28
ethiopië,28
angst,28
tessel,28
bliekt,28
hasselt,28
allerhande,28
boadem,28
treuken,28
bouwstiel,28
óf,28
saksiese,28
bouwt,28
leazn,28
group,28
olympische,28
onger,28
noordenvelds,28
zun,28
marco,28
zangers,28
platina,28
loeks,28
daip,28
zichtboar,28
gruien,28
vertoalen,28
zoaken,28
gruin,28
weerom,28
veendam,28
heft,28
verleur,28
klain,28
farao,28
berkoop,28
vormd,28
vreuger,28
latyn,28
minderheden,28
zekere,28
wieke,28
gedielte,28
keus,28
ziel,28
kosten,28
meenske,28
speciaal,28
proveensies,28
waornemingen,28
newton,28
bried,28
denen,28
dadde,28
hoevelaken,28
eawen,28
skreven,28
daotum,28
karkhof,28
ontginning,28
luuks,28
openbaore,28
plaatselijke,28
vastelegd,28
ewoond,28
estaone,28
canter,28
viendt,28
arend,28
dorpen,28
ridders,28
herbouwd,28
benamingen,28
ehouwen,28
zuudwestn,28
synagoge,28
keark,28
nasjonaal,28
bulten,28
neuze,28
eskreewn,28
temperaturen,28
touw,28
voren,28
eerdbeving,28
soldåten,28
holdet,28
nöämen,28
wortels,28
reste,28
singer,28
jehannes,28
vruch,28
oklahoma,28
oftewal,28
hel,28
tsjaad,28
optredens,28
dance,28
morgan,28
zu,28
deursnee,28
zwatte,28
donkere,28
oom,28
fragment,28
steeg,28
stukn,28
las,28
riekdom,28
parlemeant,28
sjina,28
zult,28
sloan,28
schagen,28
hiv,28
darwinkel,28
xiv,28
verbeendiges,28
willy,28
nevven,28
neudeg,28
nederlandsen,28
jansen,28
soortement,28
trekzak,28
napels,28
onofhankelijkheidsdag,28
franz,28
kapeln,28
gebrüken,28
wörterbuch,28
muzikaantn,28
vörst,28
skounwal,28
drey,28
tromn,28
snoarn,28
begön,28
reijntjes,28
ascension,28
satten,28
egeewn,28
greekske,28
sauvagerd,28
strijd,28
süüdousten,28
hyves,28
studeerde,28
drea,28
spöälen,28
muden,28
dealstoat,28
grave,28
saksenspegel,28
sül,28
homoseksuele,28
industriele,28
uuteandelik,28
joarhönnerd,28
teory,28
verteagenweurdiger,28
officiääl,28
namibie,28
willet,27
ewezen,27
industrieel,27
etröffen,27
gruppen,27
schrieftaal,27
meuite,27
etzelfde,27
aktieve,27
liekas,27
deaventer,27
persoonlik,27
hoezen,27
zuudvene,27
wieje,27
sprache,27
sentrale,27
grammatica,27
uutslutend,27
aalgemain,27
krekt,27
zelfstaandige,27
geslachte,27
oren,27
streektoal,27
minsken,27
zomer,27
nos,27
cyprus,27
verlichting,27
ienheid,27
ekend,27
helemaol,27
bestuurlijke,27
zegn,27
voader,27
råd,27
sap,27
peru,27
partij,27
hiermit,27
kroon,27
munster,27
ommelaand,27
gl,27
borg,27
terecht,27
twaalf,27
verandering,27
hogen,27
protestantse,27
koopleu,27
fien,27
karnaval,27
dong,27
saomen,27
tiene,27
ofbeelding,27
kiest,27
nömmen,27
heino,27
eheurd,27
sowat,27
tirol,27
denkt,27
knien,27
genoat,27
groet,27
staarke,27
westerwôlde,27
zugt,27
erwin,27
ìnd,27
helft,27
optreden,27
leaftied,27
ebröcht,27
bescharming,27
kantoor,27
versierd,27
streke,27
slagen,27
alderbastend,27
bureau,27
wealdkrieg,27
zutphen,27
doezenden,27
objekt,27
trok,27
geleen,27
bezetten,27
nekke,27
werschienlijk,27
kattelieken,27
treditionele,27
daoromme,27
untwikkeld,27
swart,27
lo,27
heen,27
hielemaole,27
urker,27
klaos,27
witten,27
appels,27
stern,27
diepte,27
begunn,27
neumn,27
ingang,27
lodewijk,27
uutebreid,27
ekomen,27
lichtmis,27
vind,27
jonges,27
umvang,27
haard,27
stroaten,27
eigenlijks,27
rob,27
altijd,27
professor,27
gevangen,27
vledder,27
bol,27
spöälers,27
canada,27
arabisk,27
wortel,27
bienaam,27
turken,27
pinkster,27
nul,27
tillefoon,27
indiana,27
zwärtewäterlaand,27
dick,27
mundart,27
sierra,27
soedan,27
umvatten,27
baoven,27
inne,27
garriet,27
huwelijk,27
trouwd,27
amalia,27
informatie,27
oxford,27
country,27
lichem,27
tref,27
sea,27
brug,27
terborg,27
eibargen,27
ketten,27
bezeensweerdig,27
dröyge,27
zegnt,27
begraafplaatse,27
marx,27
levend,27
iesselmuden,27
orgaan,27
ploatse,27
sokkeloa,27
maai,27
françois,27
ewönnen,27
bladzieden,27
ondertitel,27
russies,27
sass,27
forten,27
tègen,27
vv,27
sanderink,27
eeuwn,27
medeyne,27
volget,27
verskeen,27
gelyke,27
boum,27
marine,27
beroop,27
liga,27
freesland,27
tijdschrift,27
geskydenis,27
speuler,27
geisha,27
seks,27
veurzeen,27
runden,27
wassenaer,27
anvankelek,27
veerkant,27
snorri,27
oaverkwarteer,27
oaverwinningen,27
endigen,27
underverdield,27
egerländer,27
zeektes,27
skandinaviese,27
neagen,27
vyvde,27
pizza,27
vöärolder,27
terskelling,27
verstappen,27
schrieversname,27
nds,26
mannelike,26
veiligheid,26
venezuela,26
vakerder,26
ouwere,26
erkennen,26
gebeurd,26
kerk,26
boarg,26
indailen,26
lank,26
noordwoolde,26
gieteren,26
materiaol,26
referenties,26
zoveule,26
that,26
verloor,26
oosterse,26
ofstand,26
betreft,26
lougen,26
zak,26
sanger,26
umdät,26
organisaotie,26
kringen,26
franeker,26
sneek,26
kenaol,26
indische,26
sluut,26
skandinavie,26
lyken,26
syrië,26
eleaden,26
wårunder,26
namelijk,26
daorbie,26
mìnzen,26
schiere,26
laauwers,26
dateert,26
nuimt,26
wedde,26
rust,26
zaggen,26
raakt,26
hörn,26
noordfrais,26
fabriek,26
ong,26
dealden,26
roomske,26
kontreien,26
steege,26
dreeit,26
vroomshoop,26
beeste,26
amsterdams,26
zudelijke,26
zul,26
voetballer,26
aktrice,26
oele,26
stadjen,26
laandelik,26
eregeld,26
maarkt,26
diederik,26
veenkelonies,26
dezulfde,26
dijent,26
leegduuts,26
roelof,26
gevoar,26
vak,26
pdf,26
holstain,26
eine,26
typische,26
typies,26
uutevoerd,26
gelegenheid,26
moan,26
verplaatst,26
éen,26
lende,26
jaorliks,26
onofhaankelike,26
drokt,26
quebec,26
kenmarkt,26
madeira,26
afstand,26
sleuten,26
zakynthos,26
griekelaand,26
oor,26
machtige,26
paspoort,26
stesjon,26
roevène,26
tunen,26
pasta,26
verkoop,26
roes,26
beuningen,26
overbliefsel,26
partieje,26
raakte,26
maniere,26
gronau,26
braandstof,26
ea,26
klean,26
lat,26
bliewt,26
eare,26
stadspoorten,26
woarken,26
annie,26
neerslag,26
stemming,26
kapbaarg,26
kvd,26
eynheid,26
buurtskop,26
nuumden,26
winters,26
bay,26
maryland,26
olympiese,26
millimeter,26
dri,26
spèllen,26
burundi,26
rwanda,26
marcus,26
baker,26
teniel,26
uutgeveri,26
leben,26
albrecht,26
koningin,26
tol,26
kanonnen,26
onderlinge,26
vii,26
vernuimd,26
desmond,26
butenlaandse,26
veurdeel,26
donne,26
ontwikkeln,26
zöt,26
plaant,26
bedde,26
atlantiesen,26
eveunden,26
alverdan,26
afro,26
geheim,26
vreade,26
allieerden,26
oawerhen,26
woanen,26
spieker,26
bassist,26
taelkundige,26
landgood,26
krusing,26
vooral,26
ruïne,26
zeenivo,26
sake,26
opbouw,26
abortus,26
belangen,26
thryothorus,26
hein,26
swåre,26
karakters,26
keant,26
gröppe,26
song,26
sokrates,26
michel,26
ingenieur,26
ghanese,26
preensesse,26
board,26
tor,26
anno,26
unde,26
vünd,26
religy,26
echo,26
sweyden,26
wearldwied,26
lessen,26
brederode,26
tt,26
oldsaksisch,26
geeldt,26
zommers,26
schrieverskringen,26
heimat,26
guf,26
gevangenen,26
ontstoand,26
zeekte,26
fresen,26
geldern,26
brons,26
cc,26
jeneawer,26
sülvs,26
klaankverskoeving,26
diogenes,26
sarkasme,26
räikkönen,26
hammershaimb,26
afhangelik,25
groit,25
eindhoven,25
curaçao,25
uuteindelik,25
soldaoten,25
succes,25
betekenen,25
betere,25
limbörgs,25
woordeschat,25
nimp,25
ouwers,25
achterhoekse,25
uutwarking,25
twentsewelle,25
zaak,25
wik,25
jullie,25
heit,25
toonn,25
ich,25
klinken,25
this,25
tredisie,25
duzenden,25
menieren,25
zais,25
eet,25
oldsten,25
woordenbouk,25
duvel,25
makkelijk,25
noordwestn,25
doaroet,25
gert,25
vermaak,25
frysk,25
jouwer,25
vuurtn,25
zel,25
skade,25
moldavië,25
oorsprungelike,25
leeuwen,25
tim,25
umringd,25
kenmaarkt,25
gember,25
stopt,25
gevecht,25
minste,25
schelde,25
selassie,25
overigens,25
warkelikheid,25
meteen,25
healdern,25
vuurbie,25
leiders,25
instelling,25
brulfte,25
ekömmen,25
zangeresse,25
kranten,25
zichzölf,25
readen,25
wilmink,25
gigengack,25
klubs,25
mä,25
dialektkringe,25
grundgebeed,25
gemeynskap,25
klok,25
mäken,25
gav,25
verwysen,25
toalgebied,25
scheuvel,25
zaandgronden,25
bennen,25
weeg,25
varen,25
keunen,25
direkte,25
co,25
blieft,25
weert,25
meppen,25
vergeliekbaor,25
kode,25
toun,25
evenement,25
veeteelt,25
keltiske,25
vöärbealden,25
ptolemaeus,25
beschouwd,25
atmosfeer,25
schone,25
kessel,25
eworden,25
varken,25
gruunlaand,25
pepier,25
pars,25
toto,25
veroverd,25
tsaar,25
gebrukt,25
verbastering,25
oaverheid,25
weerskaanten,25
veurhen,25
deuden,25
oostenriekse,25
costa,25
hiernao,25
brune,25
opening,25
zaandverstuving,25
prissentator,25
namens,25
meijer,25
loek,25
oorkonde,25
legden,25
naodrok,25
berkum,25
basiliek,25
vastesteld,25
neuten,25
haorlem,25
haorlemmermeer,25
lôten,25
kesteel,25
greven,25
marne,25
bodem,25
eredivisie,25
hope,25
heidense,25
jaorige,25
oosteleke,25
vlakke,25
möl,25
li,25
stemmert,25
cohen,25
binnenlaand,25
stichtten,25
traditys,25
mosten,25
arm,25
donderdag,25
huud,25
händig,25
genootschap,25
doagen,25
nap,25
ajax,25
anthony,25
lever,25
georgia,25
iowa,25
column,25
brummel,25
taalkunde,25
aksent,25
spa,25
vossen,25
kolkman,25
veertien,25
american,25
gregorius,25
benedictus,25
perbeerden,25
portugezen,25
margaretha,25
clemens,25
helligen,25
grip,25
goold,25
radioprogramma,25
sunterkloas,25
gast,25
anelegd,25
fragaria,25
vanwaege,25
real,25
ofzeunderlike,25
evoogd,25
streumgebeed,25
eurspronkelek,25
klassiek,25
lykas,25
ebrokken,25
richter,25
lukken,25
buur,25
weagens,25
alderhaand,25
ford,25
helden,25
ziepe,25
liedteksten,25
noabie,25
effekten,25
betula,25
meister,25
abbey,25
blind,25
state,25
roadhoes,25
belangrieksten,25
molukken,25
gaddafi,25
parma,25
sturluson,25
slaawn,25
skreewn,25
heylemåle,25
korten,25
gevööl,25
jårliks,25
tjiftjaf,25
uk,25
high,25
enöämen,25
groutendeyls,25
esegd,25
lp,25
beskarmen,25
lensing,25
mitteilungen,25
eigenheid,25
vnde,25
vereanigde,25
erichtet,25
oustenryk,25
lyne,25
aske,25
köämen,25
höyret,25
partyen,25
woarunder,25
beverwiek,25
asie,25
egroaven,25
viking,25
behear,25
akademy,25
ragnarök,25
uwen,25
virus,25
papua,25
bekant,25
grenset,25
spaansk,25
wulv,25
portugeesk,25
völgende,25
jaguar,25
vöärnaam,25
måte,24
flevoland,24
wiki,24
chinees,24
leien,24
breedte,24
kwak,24
tegenhanger,24
sprake,24
belangrieker,24
tabel,24
feite,24
kearke,24
isoglosse,24
varve,24
achtige,24
zacht,24
vollenhove,24
wannepervene,24
uutgeven,24
zorgt,24
floandern,24
grìns,24
steedn,24
misschien,24
ontstaone,24
verslag,24
allerlei,24
wekken,24
dominante,24
ainege,24
veurt,24
dealdn,24
riviern,24
deenkel,24
heerlikheid,24
vandaege,24
franco,24
kwaod,24
sprak,24
meiden,24
skyreiland,24
sweedsk,24
meystentyds,24
biejen,24
ehaold,24
geschikt,24
inwunners,24
bepåld,24
grotendails,24
huil,24
vernuimde,24
stoatse,24
heuvels,24
gods,24
mohammed,24
störf,24
nag,24
skipbekke,24
germaansen,24
frankiese,24
groaf,24
spinola,24
kaarke,24
stip,24
zender,24
gogh,24
luk,24
komiek,24
werken,24
arie,24
jongste,24
gud,24
toeristische,24
sardies,24
wait,24
zieden,24
schaaiden,24
westerwôlds,24
reiderlaands,24
korrekt,24
vlagtwedde,24
veengebieden,24
spellen,24
enkelvold,24
bak,24
netuurkunde,24
ekonomies,24
belastingen,24
zunnesysteem,24
stainen,24
heerenbarg,24
samengaon,24
rifferensies,24
tachtigjaorige,24
auschwitz,24
airport,24
internationaole,24
onbekend,24
verdaild,24
kerakter,24
enkhuzens,24
neemt,24
susteren,24
blue,24
helsinki,24
wezens,24
televisy,24
vestiging,24
invoering,24
tiende,24
gedailte,24
verieniging,24
volksleven,24
skrieven,24
ontgonnen,24
sallands,24
publiceerde,24
kunnigheid,24
noordwestelike,24
maa,24
giftig,24
noordelijk,24
joop,24
poorten,24
arf,24
viever,24
marianne,24
hudege,24
mement,24
held,24
centraole,24
lebuïnus,24
poortman,24
hold,24
sterken,24
busse,24
compagnie,24
componist,24
psychologie,24
jakob,24
vincent,24
zoom,24
ulster,24
hgl,24
voc,24
telden,24
trekn,24
dortmund,24
bield,24
bloem,24
zaod,24
zuudhörn,24
volksleed,24
bis,24
reed,24
verskillend,24
zoln,24
celsius,24
seizoenen,24
weenter,24
katolike,24
vloere,24
everhard,24
doornspiek,24
militäre,24
eerdoppervlak,24
geografische,24
port,24
sorgden,24
neaderlandsken,24
neamen,24
bedüdet,24
steyds,24
reis,24
hannen,24
mussolini,24
duudt,24
montana,24
twelle,24
columbus,24
helm,24
beeldhouwer,24
stadsbestuur,24
esteuken,24
schotse,24
ins,24
eritrea,24
artiest,24
inspireerd,24
lezers,24
arthur,24
ewonnen,24
zerbolt,24
ex,24
society,24
boten,24
iedere,24
verkloard,24
zoogdeers,24
middelen,24
rekord,24
billy,24
genneraal,24
bezittingen,24
loupen,24
höygde,24
bear,24
miej,24
divisie,24
banen,24
bestudering,24
oflevering,24
night,24
odink,24
anleggen,24
trouwt,24
steenbergen,24
kampioene,24
heerlen,24
besloten,24
bonn,24
geuzen,24
graon,24
royal,24
trump,24
visigoten,24
oprichters,24
walter,24
akkoord,24
titanic,24
zur,24
neamp,24
trompet,24
geulden,24
jaarboek,24
rechtstreyks,24
artisten,24
oaldheid,24
bloemlezings,24
jöädske,24
plattdeutsche,24
ufkes,24
vloten,24
fokko,24
belangrieken,24
godsdeenst,24
stoarke,24
moderspråke,24
höyger,24
ekstra,24
süüd,24
manks,24
grafschafter,24
allemål,24
prinse,24
elftal,24
heerlekheden,24
vereanegde,24
staedn,24
veeld,24
grensen,24
roelfe,24
tellevisie,24
vröwkes,24
babylon,24
fame,24
navajo,24
veerdes,24
hülp,24
raven,24
triticum,24
strav,24
eann,24
eulifaantn,24
february,24
meystal,24
demokratiske,24
covid,24
inwöäners,24
bottas,24
kleyder,24
somalie,24
düütskers,24
tzu,24
informaty,23
oaveryssel,23
leasen,23
romani,23
takke,23
regime,23
behulp,23
gulden,23
toestemming,23
verlies,23
eertieds,23
bolivia,23
veurkömp,23
vergeten,23
vuuftien,23
lettergrepe,23
foi,23
staat,23
derbie,23
luden,23
maekte,23
volkskunde,23
aanduud,23
mooring,23
weurde,23
overheid,23
leenwoorden,23
mais,23
achternaam,23
gedichte,23
apostels,23
vroag,23
goeree,23
bedreigd,23
amen,23
kat,23
heelal,23
here,23
monique,23
beheerd,23
veren,23
kreis,23
verwaante,23
zesde,23
strip,23
dienen,23
dageliks,23
bestünd,23
miss,23
earth,23
onstwedde,23
spek,23
kouk,23
sommege,23
laid,23
voeten,23
redden,23
brieven,23
rasta,23
ebrach,23
zouwen,23
overgang,23
eskatt,23
akker,23
gelearden,23
ekuierd,23
domie,23
bestand,23
anlegd,23
tukkers,23
deezelfde,23
jos,23
hennie,23
zuch,23
maoken,23
vergeliekt,23
achte,23
deelt,23
biezeundere,23
televisie,23
hierden,23
grei,23
wenum,23
hiermee,23
eem,23
nicolaas,23
koaningryk,23
naamwoord,23
onderweg,23
uuteprakkezeerd,23
meater,23
katteliek,23
formele,23
nuimen,23
stadjeders,23
veraanderde,23
wereldkraig,23
verschillend,23
noordelke,23
blift,23
oldgrunnegs,23
doem,23
moat,23
ontginnen,23
stool,23
exemplaren,23
velp,23
greui,23
beneuming,23
opzichte,23
apeldoorn,23
voederbietels,23
buuten,23
leafden,23
woolden,23
economie,23
direkteur,23
simpel,23
vormden,23
slavische,23
baltische,23
bestait,23
laandelike,23
magdalena,23
arbeid,23
grondlegger,23
gletsjers,23
bestung,23
dezelde,23
eene,23
kunsten,23
ontspanning,23
heedvelden,23
direct,23
bewegen,23
zwärte,23
inhoold,23
volgns,23
evangen,23
warme,23
koo,23
stung,23
brouwer,23
gezinnen,23
financiële,23
klazien,23
prof,23
eric,23
hoarlem,23
winzum,23
behoefte,23
brandenbörg,23
textiel,23
muur,23
lemmer,23
baarlo,23
wassenaar,23
zörg,23
noadet,23
noadruk,23
ab,23
meuk,23
rheden,23
binne,23
haan,23
tijd,23
aziatiese,23
archipel,23
bewaard,23
vele,23
dreit,23
keerden,23
effen,23
marc,23
louise,23
skåle,23
soudat,23
ramen,23
geslach,23
xi,23
sjanghai,23
angeles,23
jname,23
vervolg,23
taolkundige,23
dissend,23
ebouwde,23
tegenwoordige,23
otter,23
bezundere,23
benin,23
burkina,23
laten,23
rituelen,23
kamper,23
waorumme,23
rieverst,23
johnson,23
nasies,23
rono,23
föör,23
openbaor,23
marle,23
umhoge,23
amazone,23
keuniginne,23
duursnee,23
besprekings,23
biografie,23
series,23
fotografie,23
umsgeveer,23
young,23
ac,23
beltrum,23
kroatiese,23
kwart,23
noaberschap,23
ziekenhuus,23
festivals,23
elten,23
antonius,23
waterschap,23
kamera,23
bioloog,23
nicht,23
kroonprins,23
opa,23
sney,23
original,23
woln,23
gemeantn,23
tenielstokken,23
spreaken,23
test,23
trainer,23
tìmpelders,23
page,23
regenten,23
drumstel,23
schaa,23
klucht,23
nåby,23
turisme,23
löäten,23
esloopt,23
gerriet,23
skilderen,23
uutegèven,23
singen,23
eawn,23
noaberschoppen,23
bussum,23
heugtepunt,23
politiker,23
gedoernde,23
bewegung,23
osnabrück,23
stuksken,23
wodöanig,23
versy,23
jungen,23
vindet,23
healigen,23
beemster,23
groop,23
deenden,23
anweazig,23
vianen,23
heamel,23
uutgeverije,23
oldfreesk,23
heylen,23
oogne,23
skemer,23
platen,23
inch,23
esat,23
yder,23
wearümme,23
angelsassiese,23
botsing,23
dös,23
conservatoire,23
hochschule,23
etiopie,23
etniske,23
oorsprüng,23
seyr,23
vråge,23
technology,23
karriere,23
dawkins,23
beteykent,22
projekten,22
aruba,22
dreje,22
etekend,22
neder,22
samenleving,22
kontakten,22
hinne,22
invleujen,22
anglo,22
strekt,22
ondergaon,22
uutgang,22
zoolt,22
otterlo,22
niederdeutsche,22
lastiger,22
dudelike,22
bildt,22
indeeld,22
helgolaands,22
greutste,22
kleenker,22
klap,22
meel,22
vlogge,22
ziektes,22
dreante,22
greenst,22
zaeken,22
rené,22
clinton,22
claus,22
gebuurt,22
maer,22
kreyg,22
myn,22
sitten,22
visser,22
bestuurleke,22
schild,22
viert,22
eerdappels,22
kozen,22
hiernoa,22
honger,22
tonge,22
vlissingen,22
gezichte,22
pearde,22
oardig,22
slachten,22
skriewen,22
reformasie,22
preens,22
denzelfden,22
geleefde,22
kuipers,22
bent,22
veroorzaakt,22
ledder,22
geregeld,22
baskisk,22
esperanto,22
productie,22
zorreguieta,22
leef,22
bus,22
verainen,22
overain,22
latainse,22
zudelke,22
leupen,22
bar,22
welk,22
ainegste,22
publieke,22
kìrk,22
auf,22
venen,22
woonkern,22
ebben,22
onderscheidt,22
ier,22
siefers,22
harten,22
kringe,22
wiechen,22
uutmaken,22
wienters,22
steern,22
eigenlek,22
vasseveld,22
vervening,22
klokkestoelen,22
ingels,22
synoniem,22
ouwer,22
wei,22
nova,22
perbeert,22
troon,22
bezocht,22
hat,22
spoorlien,22
burgemeister,22
berieken,22
korfoe,22
drek,22
näme,22
plaetsen,22
verbund,22
diepe,22
eteeld,22
genen,22
oaverhen,22
döa,22
miene,22
akte,22
darpshuus,22
rieksmonument,22
diersoorten,22
schaans,22
kilometers,22
zolder,22
gouda,22
donker,22
var,22
hunze,22
verdween,22
ean,22
harfst,22
müller,22
amper,22
ebreid,22
gewoonte,22
veurrechten,22
ereupen,22
fout,22
epakt,22
info,22
warmte,22
zeuken,22
ebundeld,22
kader,22
wedstryden,22
langn,22
hölde,22
höyvd,22
ottomanen,22
bewarken,22
daniel,22
midln,22
omme,22
burgeroorlog,22
tekort,22
uutebracht,22
eplaant,22
kroonblaojen,22
barok,22
tropen,22
haskerlaand,22
deud,22
fr,22
bliende,22
methode,22
deran,22
kerel,22
faso,22
leone,22
gewoonlik,22
like,22
first,22
braziliaanse,22
jdag,22
flora,22
ewi,22
weensum,22
tropies,22
bezukers,22
geer,22
xiii,22
regeling,22
siberië,22
cele,22
umstandigheden,22
toafel,22
uutdrokking,22
westervoort,22
voart,22
aaier,22
toer,22
kaukasus,22
fraansken,22
männekes,22
eulder,22
eibarge,22
vorden,22
verre,22
wieden,22
mössen,22
zudelek,22
sprekken,22
verstarkte,22
spieren,22
stadion,22
vöärby,22
lesturgeon,22
verandert,22
eerbeek,22
houp,22
drama,22
gèld,22
woerden,22
palts,22
gemeenschappelijke,22
wildspieker,22
kas,22
umvaank,22
körtbi,22
noordfries,22
slaviske,22
oostenrieks,22
radiomaker,22
ryan,22
beden,22
oldsassiske,22
mening,22
polygonatum,22
ju,22
jouk,22
nömet,22
ist,22
language,22
mörn,22
mandielig,22
collega,22
stabo,22
geneeskunde,22
mengsel,22
metdoon,22
segget,22
lear,22
sassische,22
richtige,22
vulpes,22
oostnederland,22
snoaren,22
veurdrachten,22
streekromans,22
hüse,22
skotse,22
vöärkummen,22
oberkrainer,22
útjouwerij,22
geysten,22
essays,22
initiatieven,22
gerei,22
wye,22
pünt,22
restaurasie,22
skeape,22
untwarp,22
zuudwesthoeks,22
indianen,22
vgl,22
krüüs,22
trui,22
boerskoppen,22
brammert,22
konfusius,22
private,22
lonicera,22
trekket,22
eanigste,22
islamitiske,22
steyn,22
wårümme,22
alven,22
sodat,22
hüdigendaagse,22
westerskellings,22
eilannen,22
calidris,22
emiraten,22
kwalificereden,22
mau,22
maked,21
rutte,21
antillen,21
vorstendom,21
versiering,21
ekeumen,21
erkent,21
raandstad,21
verstaon,21
oostfrieslaand,21
naamwoorden,21
umluud,21
uutebrocht,21
act,21
boh,21
niekarks,21
verscheidene,21
woarbiej,21
malawi,21
opvallende,21
hebreeuws,21
biebelse,21
mainen,21
gelden,21
historikus,21
betiekenis,21
webstie,21
westergo,21
opsterlaand,21
anstelling,21
verspreide,21
bill,21
terrorisme,21
liekewels,21
gedeeltelik,21
samuel,21
nomen,21
feailik,21
kwoad,21
finland,21
yslandsk,21
summige,21
dronten,21
invlööd,21
verenige,21
westerkertaaier,21
stadsknoal,21
wilhelmus,21
belgies,21
veurganger,21
theologie,21
vergangen,21
ontdekking,21
oens,21
zone,21
dinkel,21
germanicus,21
leuten,21
kuieren,21
roomsk,21
dure,21
venne,21
orthodox,21
groafskops,21
kappe,21
loage,21
great,21
berge,21
glanerbrug,21
lönnker,21
leidde,21
dudelijk,21
derde,21
zeander,21
bun,21
zunt,21
gruun,21
schaap,21
dialektkringen,21
referensys,21
riviere,21
got,21
veurweerden,21
benelux,21
kelonie,21
culturen,21
selterfrais,21
òf,21
diftongen,21
omliggende,21
daer,21
redens,21
veraanderden,21
drokken,21
hollaanders,21
alex,21
lokoale,21
nienhuis,21
kiekers,21
anner,21
stempel,21
fel,21
overienkomsten,21
scheikunde,21
wärk,21
kongres,21
emeten,21
word,21
twaide,21
archeologen,21
hiette,21
bestuurder,21
dichtbundels,21
zeist,21
kolle,21
neptunus,21
roer,21
slapen,21
waoren,21
oft,21
mineralen,21
prince,21
baargen,21
kopenhoaven,21
zweedn,21
verkoch,21
azoren,21
scheiding,21
trente,21
opzetten,21
drukken,21
millennium,21
fiets,21
holen,21
oblast,21
hertogdom,21
oceanen,21
greep,21
leipzig,21
gemientelijke,21
stun,21
bonte,21
nederlanen,21
buisman,21
bezeuken,21
skelet,21
definitief,21
ned,21
gouden,21
carnaval,21
begreefplak,21
ns,21
anwezigheid,21
weelde,21
ummezet,21
laetere,21
etroffen,21
dartien,21
voorthuzen,21
ing,21
betekenissen,21
herinnering,21
gebeurtenis,21
gemientehuus,21
abraham,21
jaren,21
aalt,21
waoras,21
centen,21
middag,21
beroemde,21
droog,21
alabama,21
hogelaandsters,21
architect,21
mode,21
landelike,21
transport,21
bank,21
goodn,21
jeugnd,21
angef,21
legn,21
zwd,21
morgens,21
waddeneilaand,21
sleut,21
totaole,21
knooppunt,21
klarenbeek,21
hongaarse,21
element,21
insekt,21
wurd,21
riessenders,21
peunten,21
eslötten,21
zonne,21
starten,21
zeut,21
pakistan,21
nelson,21
maert,21
weerkunde,21
mantel,21
vertrouwen,21
doorn,21
apokope,21
populäär,21
höyrden,21
untdekked,21
invallen,21
ofhankelijk,21
doelen,21
kotte,21
victoria,21
rubus,21
blomen,21
heuvelrug,21
mengeling,21
symposium,21
hanzesteden,21
gambia,21
kot,21
subsp,21
heilig,21
herdaenking,21
beschrif,21
brinkers,21
pedro,21
liever,21
innocentius,21
daankt,21
weerribben,21
anti,21
sultan,21
bereik,21
ofleverings,21
angeln,21
ambachten,21
vertrek,21
azie,21
kleurn,21
doarum,21
elektrische,21
beslat,21
limerick,21
ostara,21
anhanger,21
atlantiese,21
dezember,21
apparaten,21
oard,21
riejen,21
wals,21
beslot,21
meddo,21
verhuusde,21
uutgebreid,21
bliksem,21
baeke,21
indiase,21
verkloaring,21
kwarteer,21
achternamen,21
stoanden,21
podagristen,21
lidwoorden,21
kunstskilder,21
treedt,21
deankaamp,21
toneel,21
verbünden,21
ale,21
uutstarven,21
maagies,21
heidenen,21
jongs,21
pablo,21
jüüst,21
grappenmaker,21
verspreidden,21
diekerhook,21
partiejen,21
breking,21
jürgen,21
lublin,21
prunus,21
koenen,21
pennevogel,21
bibliografie,21
underwarpen,21
hör,21
jah,21
tora,21
unmündig,21
bass,21
precys,21
gletsjer,21
soep,21
history,21
circuit,21
kryget,21
bakkevene,21
breder,21
för,21
brinckman,21
rombom,21
two,21
bestuurslid,21
association,21
lübecker,21
dokters,21
conservatorium,21
warkgroep,21
betaalde,21
nordhorn,21
höyvdsakelik,21
beskryving,21
stemhebbende,21
nemn,21
niejn,21
wèden,21
steyntyd,21
eankel,21
westflinge,21
bennebrook,21
stadspoorte,21
noordamerika,21
skooln,21
hennep,21
könninklek,21
runes,21
uefa,21
vereanigd,21
operichte,21
streektaalpries,21
domålige,21
plaantn,21
strouming,21
frigg,21
gaerne,21
jannuwoari,21
stonehenge,21
sterren,21
wüsten,21
zeuwen,21
düvel,21
kän,21
opezet,21
mearen,21
jerusalem,21
stichteden,21
eköäsen,21
binnenland,21
vikingtyd,21
verklåring,21
romantik,21
otters,21
leanzn,21
aeschines,21
geyst,21
samn,21
esties,21
natüür,21
breyd,21
besit,21
vanav,21
khoisan,21
loupbane,21
traditionäle,21
geskeedkünnigen,21
lesoto,21
loupet,20
brasilie,20
inklusief,20
twaolf,20
trone,20
federasie,20
organisasies,20
boel,20
taalkundigen,20
overeneumen,20
evormp,20
binnenlaandse,20
aandersumme,20
hierboven,20
hooguut,20
verwarring,20
kik,20
overiessels,20
hoenderloo,20
freudenthal,20
barneveld,20
sj,20
levert,20
pat,20
zogenaemde,20
postuum,20
docht,20
maisttied,20
zölfstaandige,20
breven,20
veere,20
walcheren,20
zeeland,20
jie,20
tanden,20
germaonse,20
leerlingen,20
hieruut,20
noordoostn,20
steenwiek,20
tweantekanaal,20
leaft,20
benaeming,20
pompsters,20
ontstung,20
andorra,20
alkohol,20
eerd,20
kanneda,20
heksen,20
soortgelieke,20
duve,20
vriedag,20
vogels,20
eb,20
lande,20
vuilen,20
aksìnt,20
ontzet,20
veurof,20
verkeerde,20
prooi,20
verkeuzen,20
jaortelling,20
profeet,20
hammadi,20
iedereen,20
verbörgen,20
torens,20
belaangriek,20
overzicht,20
bleken,20
keizerriek,20
esplitst,20
huttenkloas,20
döarpken,20
versken,20
lechte,20
vraogen,20
dialogen,20
figuren,20
hattem,20
donau,20
bestemming,20
ekort,20
bern,20
bazel,20
provinciale,20
moarum,20
gruid,20
aangaait,20
waiten,20
edik,20
bovenste,20
roege,20
regioon,20
standerd,20
aargens,20
gesprekken,20
gemainten,20
gällemuden,20
demokrasie,20
bronkhorst,20
bevölking,20
hielendal,20
bisschoppen,20
vliegveld,20
stuyvesant,20
hongari,20
bedocht,20
wetenschoppen,20
ente,20
bissau,20
skokkers,20
hin,20
benen,20
heeltied,20
til,20
bruggen,20
achterin,20
veroorzaken,20
continent,20
naemelik,20
twiefel,20
gelüüd,20
immers,20
isaac,20
stasion,20
vladimir,20
veldslag,20
allemaol,20
moen,20
nefertiti,20
umtrek,20
beeldende,20
schaarpezeel,20
etrokken,20
leeglaand,20
junior,20
kalf,20
schaopen,20
ebröch,20
uw,20
betrokken,20
bruun,20
ron,20
battem,20
febriek,20
bedrievigheid,20
peblieke,20
sallaanse,20
waterink,20
overijsselse,20
visscher,20
stöppelhaene,20
hillege,20
koch,20
verspreiden,20
oosterhof,20
wissel,20
sluzen,20
hering,20
zelde,20
zoaterdag,20
muzikaal,20
firma,20
kleifries,20
jonk,20
armenië,20
tegenoawer,20
belcampo,20
meug,20
deawenter,20
klokken,20
gewen,20
direks,20
leadn,20
vaake,20
inzicht,20
geur,20
schrieft,20
baank,20
blanke,20
weake,20
riem,20
doospiek,20
externe,20
veulen,20
achteran,20
zeeuwse,20
balkenende,20
spreaket,20
untstünden,20
baltiske,20
hugo,20
middelaiven,20
structuur,20
verbeundn,20
haald,20
skilderi,20
kökken,20
website,20
produksie,20
uutslag,20
pennsylvania,20
castra,20
nachts,20
august,20
ienvloed,20
vrumd,20
broggen,20
amfibieën,20
benoamen,20
mozart,20
brielle,20
dwingel,20
fulleton,20
neengtiende,20
teeng,20
veurname,20
zwollerkärspel,20
veroordeeld,20
vraag,20
ri,20
kiepe,20
byzantium,20
bevel,20
uutviender,20
omrop,20
gezicht,20
koare,20
gooien,20
heil,20
born,20
provinzie,20
springen,20
gedien,20
eleverd,20
stadtien,20
smal,20
pond,20
stevige,20
treffen,20
porto,20
baanke,20
tegenstaanders,20
openboare,20
noawas,20
bewust,20
lake,20
bord,20
egewen,20
woant,20
schure,20
maker,20
guus,20
wonkernen,20
heurne,20
laeg,20
bokelt,20
bredevoort,20
umstreaks,20
kere,20
vestingwarken,20
prottestantse,20
kenners,20
metkleenkers,20
lestn,20
learn,20
estoan,20
eloaten,20
lengs,20
achtername,20
koreaanse,20
kontrole,20
romantiek,20
eilish,20
toeristn,20
elvis,20
wul,20
verzeuk,20
oscar,20
little,20
ed,20
brekken,20
hormoon,20
bang,20
wisten,20
kìrst,20
valencia,20
heerser,20
mal,20
gemienskop,20
oustelik,20
contact,20
sars,20
drèentstalig,20
atlantis,20
musical,20
bruijn,20
monako,20
vervöngn,20
european,20
langediek,20
laegste,20
widukind,20
gebreuk,20
muurn,20
wanneyr,20
mienden,20
freerk,20
vörming,20
praag,20
teggenstelling,20
vleais,20
jaorgaank,20
dar,20
anfietern,20
maandewark,20
lammert,20
grönneger,20
guernsey,20
gelöyve,20
williams,20
vortgoan,20
trio,20
tau,20
oostfriese,20
vanneis,20
dialectliteratuur,20
balans,20
bekeaken,20
houwn,20
kinau,20
leankte,20
wyset,20
åvend,20
eleaidt,20
empe,20
dåruut,20
verlöären,20
möllens,20
reagels,20
oaverlieden,20
iederen,20
ploog,20
jakobus,20
silbo,20
eijsden,20
pruusen,20
stükken,20
ooldhoogduuts,20
dci,20
nauweliks,20
windesheim,20
gaanzn,20
musikant,20
rots,20
keuninkrieken,20
wydere,20
stress,20
homoseksueel,20
steynder,20
låtet,20
gälisk,20
farish,20
nöamd,20
pyramid,20
zarathustra,20
harsenanhangsel,20
sele,20
kaïn,20
alleannig,20
evink,20
natuurkeuze,20
wyren,20
båne,20
dardes,20
verdeyld,20
klazieneveen,20
gotlandsk,20
bijname,20
andes,20
stadshagen,20
grupe,20
havens,19
reaksie,19
reizen,19
breuk,19
veroveren,19
minnesota,19
veurbie,19
leerden,19
volwassenen,19
kijken,19
medeklinker,19
buuk,19
verkleinwoord,19
groene,19
muzikaanten,19
friestaelige,19
oosterzee,19
angaot,19
bevolken,19
hindeloopers,19
klaankn,19
westers,19
verhaolen,19
letterlijk,19
vlucht,19
katten,19
scharpe,19
bekeken,19
gelukkig,19
wooldfries,19
studeern,19
eksterne,19
lei,19
rekken,19
protestanten,19
gelyk,19
geheyl,19
färöer,19
bült,19
noordmacedonie,19
oorsprungelik,19
leutje,19
waddenaailanden,19
aarm,19
zongen,19
peking,19
hebreeuwse,19
moer,19
aramees,19
proses,19
wakker,19
vleugels,19
eendracht,19
brabant,19
seine,19
heuwels,19
gadderaars,19
oer,19
groafschop,19
teegnoawer,19
krang,19
duurdat,19
lood,19
heksel,19
lokken,19
erkenden,19
specifiek,19
michiel,19
goaitsen,19
gratis,19
siepel,19
neersasse,19
hermen,19
tsjechie,19
deelstaat,19
traditie,19
allah,19
ukraine,19
veurnoamelk,19
sjouken,19
wierde,19
latain,19
sollen,19
vanòf,19
riekste,19
vroagen,19
weerden,19
enkelde,19
dank,19
kristelke,19
deutsche,19
münchen,19
wezer,19
weder,19
boertanger,19
immer,19
tegenstellen,19
elaoten,19
gelderlaond,19
verantwoordelik,19
volksraodpleging,19
miljoenen,19
betaikenen,19
gegevens,19
toeristiese,19
bescharmde,19
negende,19
speciaole,19
else,19
minor,19
waoran,19
overflakkee,19
broabaant,19
saturnus,19
oorzaak,19
kolonisasie,19
emääkt,19
eiwitten,19
xvi,19
gotland,19
kanon,19
bestuderen,19
praktiek,19
aristoteles,19
dochters,19
kos,19
nederlangdse,19
vlag,19
blaauw,19
katwiek,19
wisconsin,19
renswou,19
keek,19
verklaord,19
mevrouw,19
inclusief,19
mozzen,19
zörgde,19
noordenveld,19
paais,19
grietje,19
boerema,19
richtte,19
monniken,19
röp,19
tropische,19
eerpels,19
inwonertal,19
staeden,19
gaanderen,19
niel,19
felix,19
dreugn,19
lere,19
prachtige,19
ree,19
beslag,19
zus,19
estaon,19
escheiden,19
wöör,19
koek,19
ekenmarkt,19
verlengde,19
malen,19
greta,19
westerman,19
boerderijen,19
koman,19
ruben,19
karkdarp,19
hailege,19
giovanni,19
wieringermeer,19
tongeren,19
verlaoten,19
getto,19
stavoren,19
zoltkamp,19
veendaam,19
wes,19
rieksmuseum,19
ringe,19
stoande,19
pure,19
allìnd,19
gezegde,19
bolsward,19
alternatieve,19
your,19
organen,19
regelen,19
tegeliek,19
refrein,19
vuurjoar,19
eanterse,19
steas,19
gerefformeerde,19
wearde,19
dannenberg,19
kleenkt,19
kiste,19
inwonner,19
bleuit,19
periodes,19
noajoar,19
tuk,19
logo,19
ballade,19
liefst,19
tekse,19
vaderland,19
destieds,19
hekke,19
wacht,19
variasie,19
ruut,19
ronald,19
dusenden,19
ryke,19
heylemål,19
saggen,19
opvoeding,19
protestaants,19
koolde,19
columbia,19
amesfoort,19
kussen,19
ontdek,19
wyoming,19
girl,19
uutsproak,19
uutsproken,19
eis,19
haovelte,19
mekaer,19
zudelk,19
mitwarker,19
oostfreisland,19
veranderingen,19
perspectief,19
nöst,19
zorgden,19
hanny,19
europe,19
lan,19
inname,19
leonardo,19
isabella,19
verovert,19
baos,19
uutzunnen,19
puut,19
uelsen,19
behaandeld,19
kwamt,19
woonwiek,19
kip,19
more,19
anesteld,19
fiene,19
sins,19
oldenbörg,19
jury,19
bezeuk,19
amerikoa,19
deuze,19
vrouwlu,19
banken,19
heurzölf,19
invoord,19
salvador,19
vöchten,19
slawen,19
joonk,19
josé,19
sinatra,19
much,19
manchester,19
bat,19
hudigen,19
beskarming,19
vlegen,19
turisten,19
woningen,19
ulft,19
dc,19
zettels,19
stadsmuren,19
wonplaatse,19
anholt,19
steinfurt,19
reinald,19
üütspråke,19
opnames,19
eurspronkeleke,19
drait,19
energy,19
vrög,19
leazen,19
vear,19
openbare,19
grolse,19
belegeringe,19
bestemd,19
weust,19
link,19
amerongen,19
nes,19
soesie,19
stroming,19
naamval,19
albertus,19
stephen,19
boris,19
keunststof,19
stemloze,19
rienlaand,19
karkraods,19
alleman,19
vitis,19
lanteern,19
warkvolk,19
obama,19
dingeldein,19
arabië,19
franciscus,19
russell,19
jenkins,19
italiaansen,19
boston,19
lee,19
neerlaandsen,19
comité,19
kempis,19
zeeslag,19
gelder,19
oostfreiske,19
landkreis,19
einer,19
jahrbuch,19
oetkeump,19
liester,19
superfemilie,19
rotsen,19
stieln,19
bekns,19
bekeandn,19
soul,19
brach,19
vlais,19
ossenbrügge,19
onofhaankelikheaid,19
veunden,19
neumdn,19
inrichting,19
underwarp,19
suze,19
seuliakie,19
allent,19
vermeerderde,19
sijthoff,19
winst,19
parys,19
oontwikkeling,19
kluus,19
sprekker,19
ummezetting,19
bullerdiek,19
siefkes,19
verskiensel,19
diploma,19
kömt,19
hanse,19
düden,19
flamenco,19
tubby,19
teekn,19
machine,19
wedstryd,19
hiej,19
philomène,19
böker,19
plaat,19
lamm,19
ymand,19
tröpken,19
bloomendaal,19
tröppen,19
jwal,19
rieksmonumenten,19
annales,19
iesselstein,19
vergeliekbere,19
vers,19
instagram,19
reuzen,19
fenrir,19
agnes,19
cuijk,19
cruz,19
wielrennen,19
helpet,19
weat,19
latynsk,19
belfast,19
oeteaindelik,19
gp,19
hienebees,19
son,19
zwöpslag,19
sangeresse,19
weatenskap,19
apologische,19
märse,19
jörmungandr,19
plantages,19
skeiden,19
strips,19
wearldspråke,19
inwoanertal,19
bestüür,19
portugeyske,19
verleevdheid,19
verklården,19
gemeynskappen,19
lyden,19
tema,19
hanna,19
trojan,19
filosofy,19
dey,19
betekkenisse,19
zwömbad,19
bütte,19
joyce,19
eenlingen,19
buchte,19
döärgåns,19
koamet,19
emåked,19
ry,19
indisken,19
veureerst,19
haorste,19
ydereyne,18
grönning,18
verrineweerd,18
wessen,18
ontario,18
laandstaal,18
zuudkaante,18
sleeswieks,18
uutsprake,18
wagen,18
hett,18
luttn,18
plus,18
etymologie,18
jam,18
volksmond,18
jim,18
verhaelen,18
minne,18
geleerden,18
nammen,18
breje,18
verhaol,18
apaart,18
omgeven,18
bevelaand,18
spinnen,18
weeld,18
dient,18
zuudoostn,18
healige,18
iel,18
spanningen,18
eenmoal,18
probeerd,18
vars,18
katholieken,18
noorsk,18
thailaand,18
vöärwarpen,18
gröön,18
parel,18
basisskole,18
geheime,18
oudheidkamer,18
dollert,18
beschaarmen,18
kombinoatsie,18
boertang,18
onthuld,18
voert,18
stichter,18
baord,18
vinci,18
eems,18
mechelen,18
beskrif,18
kenmoarken,18
verdeadigen,18
heul,18
autobane,18
kuierd,18
olga,18
songfestival,18
westerhaar,18
organiseren,18
angere,18
eand,18
dreei,18
deankt,18
deanekaamp,18
tweeklaanken,18
verwantschap,18
apeldoorns,18
eslagen,18
bomhof,18
diana,18
schient,18
hoeft,18
totaol,18
iezeren,18
sülv,18
ainhaid,18
haalve,18
pdt,18
beurt,18
vrouge,18
laandrecht,18
bode,18
middelnederlaands,18
overnomen,18
westfele,18
voaren,18
sturen,18
belaangrieke,18
atlas,18
wiel,18
verkleinwoorden,18
moaten,18
biest,18
ontdekken,18
baanden,18
stemden,18
objekten,18
bollen,18
zulke,18
woarmit,18
zeldzaam,18
nömp,18
zellem,18
dennen,18
mekaor,18
veurstel,18
glad,18
schiphol,18
kompleet,18
ontstonden,18
ringen,18
duven,18
oldst,18
riepen,18
zuvel,18
mèènsen,18
odense,18
og,18
sveden,18
pervinsie,18
referendum,18
baiern,18
bayern,18
scandinavië,18
haandelings,18
domein,18
verbod,18
oonderverdeeld,18
veurwoord,18
urbanus,18
mienbouw,18
elfde,18
khan,18
bolwark,18
woud,18
infermatika,18
aspekten,18
theorieën,18
zeuvenhuzen,18
canon,18
besloet,18
sunterklaos,18
jr,18
jork,18
voltooide,18
oma,18
weanig,18
meisje,18
aarde,18
fraanken,18
vesting,18
bosskop,18
dikkels,18
besef,18
victor,18
hbs,18
regisseur,18
joris,18
campings,18
vrouwluui,18
plas,18
duustere,18
talent,18
slaon,18
veranderen,18
menier,18
uutvoeren,18
ploeg,18
zwembad,18
edelman,18
woor,18
scholder,18
martens,18
hille,18
ijssel,18
english,18
metaol,18
zuuk,18
velsen,18
volgd,18
bruuk,18
legde,18
oader,18
steln,18
stadsdeal,18
utrech,18
splitst,18
orkest,18
strategiese,18
wielen,18
onderkaante,18
dea,18
stuwwal,18
griffermeerde,18
woarom,18
angel,18
moarke,18
verbettering,18
imago,18
verhuusd,18
ezungn,18
agteresch,18
vlög,18
geit,18
syprus,18
tradity,18
heiden,18
veurzieningen,18
rijk,18
couplet,18
strand,18
vrijheid,18
mart,18
scho,18
bewård,18
ousteuropa,18
tåfel,18
slaot,18
poort,18
uus,18
langzaam,18
buurtskap,18
gries,18
zungen,18
her,18
xii,18
laktose,18
pak,18
oplossing,18
californië,18
vermont,18
christoffel,18
orchis,18
plante,18
rose,18
teugen,18
kriej,18
oevers,18
opneumen,18
historicus,18
naovolging,18
who,18
verhoal,18
gaanze,18
ankum,18
wolfgang,18
lisa,18
nieuwsblad,18
personages,18
schiet,18
thorbecke,18
press,18
grauwe,18
daoraj,18
ka,18
delta,18
arc,18
pol,18
venetië,18
rocksteady,18
monumentale,18
speulers,18
overg,18
meters,18
sul,18
humzölf,18
nachten,18
publiceren,18
plastic,18
edrok,18
slaopen,18
poot,18
vuurbeelde,18
bahia,18
krisis,18
diktator,18
muziekskriewer,18
verdenen,18
geleuwe,18
zorg,18
mienen,18
montenegriense,18
geater,18
kuba,18
openbaar,18
engel,18
bergh,18
baek,18
miste,18
spiegel,18
fusiegemeente,18
streng,18
verbouwen,18
briede,18
egröaid,18
bepoalden,18
mute,18
huissen,18
groesbeek,18
zevenaar,18
veengebied,18
gerd,18
heeld,18
hölp,18
raad,18
company,18
voluut,18
schriefwiezen,18
teuge,18
deent,18
verzörgde,18
söms,18
klemtoon,18
darpjen,18
roakt,18
tenten,18
super,18
brech,18
volendam,18
stro,18
tjeukemeer,18
rhenen,18
karkraode,18
halverweage,18
bekiekn,18
birk,18
beze,18
oring,18
peel,18
angelus,18
patriotten,18
estich,18
heinz,18
antibiotika,18
pierik,18
liesttrekker,18
loevestein,18
kumt,18
long,18
bahrein,18
pvv,18
rita,18
romienen,18
dachten,18
mest,18
hollandsk,18
tydskrivt,18
skreyv,18
oapen,18
verein,18
zingn,18
drukn,18
brian,18
piene,18
allain,18
karnen,18
bezeensweerdeg,18
kortby,18
vryheid,18
instrumenten,18
elektroniske,18
scheuvels,18
noords,18
lyv,18
ewunn,18
graofschup,18
learen,18
riempies,18
dagense,18
korsika,18
braobaans,18
nederlaandstalig,18
tonko,18
winnaars,18
kinderrijmen,18
plate,18
oaversicht,18
britsk,18
veurm,18
seaker,18
streektaalfunctionaoris,18
veurdet,18
vortgaon,18
veund,18
grimm,18
makers,18
benthemer,18
naober,18
edreagn,18
dreein,18
vuurkomn,18
literäre,18
apps,18
betaaln,18
oontdekt,18
stones,18
geneumd,18
plaatnriege,18
bodbreef,18
goode,18
plekn,18
vuurkeump,18
seends,18
sorget,18
greuj,18
verkreggen,18
boavendeen,18
könninkleke,18
oostzaan,18
verdeald,18
geesteleken,18
underdeel,18
velen,18
leerdam,18
deurgoans,18
vloamse,18
noorweagn,18
moraal,18
bochte,18
voodsel,18
oaverdracht,18
beheyr,18
remmen,18
vita,18
tuskn,18
gebrukers,18
hoonderden,18
islamitiese,18
koloniseerd,18
zeuwn,18
regearige,18
leawert,18
meansn,18
ewe,18
ellert,18
ellertsveld,18
sjinese,18
grav,18
car,18
fjord,18
plofklaanken,18
niejenhoes,18
groafskoppen,18
upleiding,18
casino,18
breemn,18
loand,18
skiednisse,18
jugoslavie,18
conservatory,18
uppervlakte,18
neadersetting,18
wåpens,18
publik,18
collendoorn,18
baawd,18
senryu,18
waerde,18
ström,18
dealstöate,18
draiden,18
kizomba,18
ümliggende,18
russisk,18
bedryven,18
halloween,18
måkeden,18
ateisme,18
ferrari,18
gråd,18
myles,18
persöönlik,18
ümmebracht,18
afrikaansk,18
artsach,18
ohnsorg,18
pona,18
bunskoek,18
mosambyk,18
syde,17
vuufde,17
nasionaal,17
toevoeging,17
versailles,17
depressie,17
normandië,17
oostfries,17
oostkaante,17
proezen,17
praotten,17
veurkwam,17
geografisch,17
uruguay,17
angelen,17
overwegend,17
eleerd,17
medeklinkers,17
baarg,17
waarkt,17
nederfrankisch,17
zalt,17
geut,17
ijsselacademie,17
wekerum,17
nederfrankies,17
korter,17
noordeliker,17
bunsjoots,17
haulerwiek,17
beidend,17
veurzetsel,17
saemen,17
ovend,17
stellingwerf,17
grönningn,17
veundn,17
mist,17
namibië,17
respektievelik,17
khoikhoi,17
maondag,17
espeld,17
pagina,17
jodendom,17
vandaon,17
concilie,17
dooien,17
bezöcht,17
boeddhisme,17
archeologie,17
achtergroond,17
daornaos,17
kollege,17
daorbuten,17
achtkarspelen,17
departementen,17
wetn,17
stemn,17
draagt,17
weduwe,17
stadhuus,17
breng,17
reken,17
hollaandsen,17
religieus,17
geografiske,17
pråten,17
bokmål,17
verenigen,17
beslöäten,17
målen,17
code,17
rugby,17
bojem,17
advies,17
hondsrug,17
ruten,17
bloader,17
veurjoar,17
jhwh,17
keuninginne,17
ofwiekende,17
gracht,17
hooge,17
wallonië,17
gouwen,17
landskop,17
gewassen,17
stift,17
ossenbrugge,17
dialekte,17
oaverzicht,17
oldsher,17
enske,17
bekendsten,17
kampioenskop,17
lut,17
wiene,17
purmerend,17
steeit,17
gelieknaomige,17
zesse,17
roondum,17
opdeeld,17
kenmärken,17
zuver,17
oosterwolde,17
doorspiek,17
laandstreek,17
verdeling,17
heuge,17
marino,17
edield,17
laanksoam,17
baaident,17
verainde,17
kaande,17
oostlaauwers,17
ix,17
voer,17
weergeven,17
rekenen,17
onderste,17
schippers,17
doagelks,17
onderschaaid,17
verstand,17
muite,17
academie,17
moren,17
nau,17
heugt,17
elopen,17
groenlinks,17
grambargen,17
beest,17
deelstaot,17
verhuzen,17
bloot,17
noordfraislaand,17
venus,17
zunnestelsel,17
vergeliekboar,17
zonuimde,17
begroaven,17
evochten,17
veurnamelek,17
hutten,17
heidevelden,17
dammen,17
stal,17
donkerbroek,17
bestuurlik,17
kolonys,17
spaokenburg,17
ooldere,17
benrather,17
guinee,17
dode,17
centroal,17
varder,17
valkenburg,17
löss,17
gennep,17
behaandeling,17
keis,17
ti,17
scheiden,17
sauna,17
liter,17
orkney,17
individuele,17
distriktn,17
index,17
ban,17
azerbeidzjan,17
konstantinopel,17
veroverde,17
breiden,17
kèrk,17
funksies,17
vestingstad,17
eheven,17
infermaosie,17
geluden,17
fikse,17
voral,17
jaorlijkse,17
karkien,17
clewits,17
tie,17
meester,17
aard,17
rutger,17
geskriften,17
ofstaanden,17
tabak,17
baltiese,17
vilnius,17
bevolkingsgroepen,17
wilfried,17
grap,17
vergeliekn,17
makkinga,17
rovers,17
restaurants,17
gelieknaemige,17
koos,17
timmer,17
moandag,17
potter,17
hoeven,17
beud,17
ongeluk,17
darpskern,17
basisschoele,17
karkelijke,17
beentjesgraven,17
tötdet,17
koren,17
nsb,17
schie,17
roos,17
bedrieventerrein,17
meugen,17
städken,17
wonder,17
veraind,17
ìndegen,17
kotbi,17
elbe,17
emmer,17
praissen,17
ekelogische,17
plaetselik,17
laoge,17
raakn,17
voetbalspöller,17
stop,17
westfaaln,17
eulie,17
oftewel,17
serviërs,17
originele,17
yn,17
autonomie,17
staan,17
katoen,17
wolle,17
folk,17
hollands,17
dalen,17
pelmölle,17
jödn,17
dreg,17
vuurnamelik,17
weard,17
kraa,17
oord,17
sc,17
weln,17
almanak,17
zukke,17
bleuien,17
noordhorn,17
wienter,17
månden,17
kommende,17
beantel,17
enk,17
restaureerd,17
zoerstof,17
fijn,17
streven,17
veurkommende,17
weesp,17
rappe,17
verböäden,17
ougen,17
starken,17
andeyl,17
internationalen,17
middenousten,17
pest,17
besmetting,17
reisden,17
paors,17
geheugen,17
mous,17
zurgen,17
vuurdeel,17
verzetten,17
machtigen,17
ewes,17
hasje,17
gemienschoppen,17
verbannen,17
buenos,17
aires,17
graoden,17
vrouwelik,17
nebraska,17
woensdag,17
discografie,17
kabaal,17
luch,17
ster,17
nicolas,17
scholen,17
ph,17
schelle,17
zuudvenegers,17
zijlstra,17
kampers,17
zolange,17
struke,17
gevuul,17
eswatini,17
gabon,17
singel,17
can,17
newfoundland,17
steve,17
bismarck,17
persoonlijke,17
dinsdag,17
anhaling,17
steel,17
streekroman,17
onderhold,17
bosschop,17
fragmenten,17
drieven,17
vrijmezzelderij,17
constantinopel,17
zanzibar,17
burgers,17
scheuvellopen,17
eeftink,17
toete,17
mund,17
hammerk,17
vervolgd,17
onderholden,17
watt,17
ontstunden,17
baksteen,17
eventueel,17
wielst,17
gr,17
sjem,17
portugesen,17
fernando,17
leenks,17
cup,17
italianen,17
kantoren,17
publicatie,17
kommunistiese,17
investeringen,17
dominikaanse,17
zuuden,17
stadsgrachte,17
geesteren,17
wichmond,17
leeuweld,17
achterkaante,17
daoran,17
eng,17
peerde,17
bynå,17
westeleke,17
gröne,17
zeuk,17
lidwoard,17
etrökn,17
zuken,17
estokken,17
vieftien,17
burgerleu,17
joarig,17
genres,17
zujelik,17
voerden,17
monster,17
estuurd,17
anslag,17
reize,17
weerum,17
beethoven,17
werren,17
overleden,17
presley,17
sp,17
hyrdöär,17
sni,17
plaatn,17
adriatiese,17
weenters,17
kreuze,17
butenland,17
leaider,17
waolse,17
town,17
contacten,17
bezat,17
scheidde,17
varus,17
politica,17
roessingh,17
anraking,17
jorge,17
sumtyds,17
argentinie,17
academy,17
mol,17
eprissenteerd,17
hulzebosch,17
mormonen,17
apartheid,17
wilders,17
zänger,17
gustav,17
dennis,17
wonnear,17
instrument,17
kaarvel,17
vrooger,17
busk,17
achtsten,17
ärtieste,17
britn,17
kreool,17
verlangen,17
veugel,17
organisaties,17
plietsie,17
vlaisk,17
umroop,17
reinhard,17
seattle,17
zinnig,17
