word,count
og,629733
av,374529
på,337241
er,297323
som,295121
til,291063
ein,247634
frå,219969
den,218340
det,192267
med,190556
for,186876
han,163372
vart,153834
var,151717
dei,134217
eit,110863
har,100592
ei,88032
at,75251
the,72292
etter,68091
kjelder,67104
om,65987
denne,64703
ved,62274
under,50463
eller,48256
seg,47823
ut,47531
men,45795
hadde,45386
ho,42765
ikkje,42219
artikkelen,42142
mellom,41284
òg,40838
bygger,40701
andre,40177
to,38891
over,38824
ligg,38257
kan,37563
der,36842
bakgrunnsstoff,36453
of,34564
då,32967
km,32840
norske,31678
dette,29988
blei,29872
desse,29318
inn,28925
songar,28803
kom,26038
norsk,25799
opp,25660
fekk,25442
vert,25406
fleire,25038
år,24939
kommune,24239
albumet,23879
talet,23841
mot,23779
byen,23753
første,23740
songen,22784
noreg,22772
kalla,22064
mange,21166
tidlegare,20667
sin,20622
hans,20470
nord,20029
sør,19718
usa,19636
også,19456
blir,19083
and,18312
seinare,18101
store,17745
ol,17739
tre,17601
land,17274
sidan,16965
før,16880
meter,16866
namnet,16778
gjennom,16749
så,16717
anna,16659
berre,16396
del,16290
sitt,16271
lag,16083
fram,15904
saman,15735
ha,15495
gjekk,15433
alle,15383
album,15189
spelte,15029
no,15004
sine,14977
folk,14726
vore,14644
song,14606
same,14561
kjeldene,14209
de,14178
tok,13979
oppgav,13831
sjå,13727
meir,13705
medan,13621
åra,13530
si,13431
enn,13293
in,13014
mars,12976
går,12765
vest,12713
sjølv,12469
både,12396
oslo,12377
fjell,12355
februar,12102
aust,12051
januar,11861
noko,11826
ofte,11747
bandet,11643
kjend,11595
gav,11552
nytta,11441
new,11434
rundt,11429
dag,11328
august,11292
største,11271
nokre,11208
innbyggjarar,11116
oktober,10998
finst,10996
amerikanske,10953
her,10918
mest,10902
området,10847
vm,10658
øya,10645
tid,10629
stor,10570
september,10549
juli,10440
vann,10352
kommunen,10333
john,10218
fire,10190
siste,10103
mai,10080
mykje,9978
tida,9974
records,9855
kring,9848
kunne,9781
november,9741
juni,9600
ulike,9545
heile,9518
elva,9417
sett,9328
året,9266
fyrste,9246
slik,9182
deira,9158
la,9027
nye,9023
få,8945
namn,8940
spelt,8930
lang,8865
når,8844
by,8796
historie,8784
april,8777
desember,8745
skulle,8716
ny,8618
al,8589
tillegg,8561
landet,8418
medlem,8294
ned,8176
engelsk,8170
skal,8082
sommar,8049
brukt,8020
on,8011
kjem,7976
island,7959
fylkesveg,7937
kommunar,7929
like,7911
byar,7864
gjorde,7840
vere,7816
døydde,7777
nådde,7731
gitar,7713
laga,7556
skreiv,7462
britiske,7446
staden,7425
nær,7414
særleg,7397
først,7382
havet,7379
rekna,7363
mindre,7296
you,7269
vil,7235
storbritannia,7192
russland,7191
nr,7184
bygd,7151
byrja,7145
referansar,7131
kyrkja,7066
sverige,7056
tyskland,7043
grunn,6932
kjende,6920
stortingsrepresentantar,6898
london,6875
plass,6865
fylke,6800
område,6786
delar,6744
singlar,6650
deltakarar,6650
dømes,6583
blitt,6553
språk,6543
eurovision,6524
bergen,6509
utan,6498
gong,6492
fødd,6484
busetnader,6484
langs,6458
europa,6380
distriktet,6352
isbn,6340
vinter,6323
frankrike,6319
antarctic,6313
gruppa,6308
gjeve,6287
contest,6266
gamle,6249
vorte,6225
me,6152
fem,6122
provinsen,6103
tysk,6087
større,6041
tyske,6031
regionen,6031
tidleg,6000
heilt,5996
vera,5988
bruk,5965
franske,5951
geografi,5944
rock,5934
david,5917
spelarar,5892
vokal,5866
spela,5858
delen,5793
viktig,5766
beste,5726
band,5726
hennar,5676
antarktis,5652
kyrkje,5636
fleste,5607
en,5600
kvar,5559
musikk,5542
england,5541
begge,5534
verda,5481
ii,5460
fotballspelar,5438
tilbake,5367
blant,5366
lista,5340
kvart,5332
låg,5331
att,5292
stad,5279
amerikansk,5271
alt,5209
vegen,5141
igjen,5124
moh,5120
perioden,5113
italia,5109
russisk,5092
skriven,5081
engelske,5064
finn,5055
sveits,5039
starta,5029
trommer,5025
st,5009
fotballspelarar,5008
love,4995
fotball,4988
opphavleg,4987
singelen,4975
israel,4965
øyar,4914
fjellet,4910
likevel,4900
bli,4895
framleis,4882
oppdaga,4869
innan,4837
stort,4835
skipa,4823
består,4785
stortinget,4783
slutten,4750
førte,4742
live,4730
flytta,4697
ville,4691
utvikla,4684
vidare,4676
kyrkjer,4671
gjeven,4636
fransk,4633
renn,4631
forfattar,4616
side,4614
korvokal,4604
paul,4589
står,4583
em,4573
produserte,4571
skrive,4565
danna,4560
stader,4543
tyder,4533
truleg,4523
nummer,4504
krigen,4496
inneheld,4494
høgaste,4494
hos,4481
einaste,4470
fordi,4455
ta,4454
måtte,4414
vanleg,4406
heldt,4380
toppen,4372
eg,4366
gjort,4366
songane,4341
skrivne,4332
henta,4328
artar,4317
versjon,4306
internasjonale,4305
seks,4298
peter,4286
vatn,4274
deltok,4246
ca,4228
bass,4227
york,4207
danmark,4205
stod,4204
rekkje,4196
millionar,4192
fjorden,4184
hovudsakleg,4172
kort,4160
langt,4097
attende,4089
russiske,4080
verdskrigen,4079
gresk,4076
svensk,4064
filmen,4055
sa,4017
it,4012
tredje,4011
moderne,4002
sokn,3998
bowie,3996
plassen,3980
vegar,3960
us,3958
kong,3956
hjå,3953
spor,3944
utanfor,3930
menneske,3929
my,3919
lc,3910
all,3908
trøndelag,3906
guvernement,3892
universitetet,3883
lite,3882
music,3879
livet,3861
nesten,3859
medlemmar,3853
svenske,3852
små,3850
godt,3843
areal,3821
kvinner,3819
svært,3816
amerika,3805
følgje,3803
japanske,3800
eitt,3785
arbeidde,3770
ingen,3743
piano,3743
grensa,3731
fann,3725
nytt,3725
kommun,3716
james,3714
george,3701
medverkande,3695
university,3690
må,3687
delt,3671
sørvest,3662
sida,3656
deretter,3651
mount,3650
landsbyen,3647
olympiske,3644
nordaust,3639
offisiell,3637
nordvest,3637
elvar,3632
japansk,3621
zealand,3620
du,3619
kysten,3616
oppretta,3614
gjer,3606
sette,3606
øyane,3599
gonger,3597
viser,3594
form,3589
committee,3570
names,3567
leiar,3564
særs,3557
robert,3546
vi,3541
får,3528
politikar,3508
søraust,3495
litteratur,3487
opna,3475
innhald,3471
liv,3469
ti,3458
per,3454
lange,3429
samband,3425
finalen,3421
rett,3409
sørlege,3407
sogn,3405
is,3397
gruppe,3390
liten,3389
annan,3385
paris,3384
son,3377
slaget,3365
vald,3361
viktigaste,3361
fått,3358
et,3357
mål,3355
dagar,3354
meste,3346
leksikon,3340
nordlege,3333
elles,3327
verk,3324
vanlegvis,3323
län,3321
gå,3319
world,3308
britisk,3289
enda,3285
hatt,3268
menn,3251
billboard,3240
ord,3228
kva,3218
kjent,3205
sesongen,3201
gjerne,3200
høyrer,3199
klubben,3179
gull,3178
sju,3170
sommaren,3163
singel,3161
familien,3160
spania,3154
dermed,3151
forfattarar,3146
afrika,3145
ski,3140
derimot,3137
best,3137
national,3135
skipet,3132
halde,3128
skipingar,3114
løpet,3105
bilete,3105
bay,3098
neste,3087
ordet,3085
knytt,3075
brukte,3046
produsent,3030
tv,3019
kilometer,3016
elektrisk,3015
omfattar,3010
distrikt,3010
skildra,3009
gjev,3003
høgd,3002
spelar,2998
god,2997
gje,2990
oblast,2990
lagt,2984
uk,2983
trondheim,2973
regjeringa,2957
http,2956
spele,2954
boka,2953
blues,2946
basert,2943
richard,2939
musikarar,2939
karl,2936
museum,2906
garden,2902
dato,2888
innsjøen,2887
don,2884
eldre,2883
nokon,2880
nordland,2880
namngjeven,2875
hellas,2869
nrk,2866
nok,2861
kartlagd,2847
personar,2846
coast,2841
veg,2832
inkludert,2831
survey,2826
fast,2825
slo,2822
cd,2817
gongen,2816
tettstader,2816
kor,2808
leia,2805
endra,2803
døde,2802
austerrike,2797
samla,2792
slutt,2786
innanfor,2785
høgre,2784
lokale,2783
kongen,2779
aktiv,2768
resten,2767
indre,2760
olav,2758
åtte,2755
opphav,2752
budde,2747
fjordane,2744
sentrale,2735
døme,2729
with,2728
gammal,2727
aldri,2726
canada,2726
bøker,2723
tittelen,2720
michael,2719
mil,2716
com,2715
finland,2714
san,2711
grunnlagd,2710
jorda,2709
mann,2707
hendingar,2707
versjonen,2706
eigen,2704
as,2700
nettstad,2691
hjelp,2679
riket,2677
kr,2670
thomas,2665
somme,2664
litt,2664
time,2663
from,2662
king,2660
fall,2655
skip,2652
city,2651
eige,2645
dansk,2643
kultur,2642
forskjellige,2639
far,2637
kome,2636
telemark,2636
landsby,2636
selde,2635
nm,2627
samstundes,2626
føre,2625
kina,2624
man,2624
von,2623
poeng,2621
william,2616
derfor,2615
australia,2615
via,2614
bak,2613
grand,2613
lenger,2612
partiet,2611
sovjetunionen,2609
områda,2608
martin,2606
dessutan,2597
dronning,2597
øy,2596
wikipedia,2591
da,2591
victoria,2591
venstre,2589
black,2589
young,2582
dagen,2574
arabisk,2574
knutepunkt,2572
laget,2567
system,2560
høve,2558
liknande,2558
finnmark,2550
graham,2540
sjølve,2537
korleis,2528
hovudstaden,2528
forma,2527
arbeidet,2526
fotnotar,2526
bob,2522
romsdal,2513
kvarandre,2507
midten,2497
nes,2493
artistar,2493
bygde,2490
eldste,2490
funne,2486
irland,2484
alpane,2475
ser,2473
sølv,2472
produsert,2468
klaverinstrument,2464
an,2462
byrjinga,2460
strekkjer,2458
faren,2458
samt,2457
innsjøar,2456
held,2447
fødde,2443
musikken,2436
høg,2415
hausten,2414
minst,2412
møre,2412
flyfoto,2408
viktige,2407
navy,2406
skottland,2401
india,2397
slått,2396
nederland,2396
tettstaden,2393
point,2391
agder,2390
dannar,2390
valde,2386
grad,2384
danske,2381
kantonen,2381
ekspedisjonen,2372
art,2371
meinte,2370
sentrum,2370
vinteren,2366
arten,2356
teksten,2352
perkusjon,2344
serien,2342
japan,2342
politiske,2338
folketeljinga,2338
tom,2338
iii,2335
lever,2333
di,2326
bakgrunn,2318
erstatta,2308
selskapet,2307
dylan,2305
polen,2300
nettstaden,2300
scott,2295
difor,2294
arbeid,2293
cm,2290
fjella,2287
tyrkia,2285
framført,2283
asia,2283
veker,2266
slekt,2263
elv,2259
troms,2258
united,2258
forlag,2255
spanske,2246
innspelinga,2245
byane,2243
reiste,2242
vestland,2238
seint,2227
stavanger,2223
øvre,2223
slike,2222
teke,2221
red,2219
sterkt,2215
stafett,2215
innbyggjarane,2211
italiensk,2210
voks,2205
henne,2198
charles,2198
fra,2196
såkalla,2195
press,2193
politisk,2190
hall,2186
bruka,2183
blue,2182
minor,2180
friidrett,2177
prosti,2174
barn,2174
par,2168
medaljevinnarar,2163
sentral,2153
musikkalbum,2153
lydteknikar,2153
steve,2152
friidrettsutøvarar,2146
auka,2145
van,2145
dyr,2139
historia,2136
professor,2134
betre,2125
rogaland,2124
republikken,2124
tekne,2123
allereie,2120
nautiske,2117
trass,2113
mellomalderen,2111
antarktiske,2109
white,2109
såg,2104
gjere,2102
fuglar,2102
romerske,2100
utgjer,2099
kraftig,2097
be,2096
center,2095
lenge,2094
islands,2094
italienske,2093
roma,2091
tek,2091
vestlege,2081
tekst,2079
topp,2078
utgåva,2075
hot,2075
vatnet,2073
royal,2072
roll,2071
slutta,2062
norges,2062
henrik,2061
johan,2060
roman,2059
marie,2056
one,2048
representerte,2048
little,2043
dikt,2040
kommunane,2040
kanskje,2037
grensar,2035
fyrst,2032
vitja,2029
smith,2028
turneen,2025
greske,2020
vinnarar,2019
sonen,2012
eigne,2004
produksjon,2004
folketal,1996
radio,1995
melodi,1994
historiske,1991
carl,1989
heller,1987
www,1986
georgia,1984
fc,1984
jones,1979
viss,1978
president,1977
kristiania,1975
nærleiken,1970
offisielle,1967
dagens,1961
møtte,1959
teken,1957
konge,1956
klarte,1953
europeiske,1949
berlin,1945
your,1943
raskt,1937
vanlege,1936
christian,1934
debuterte,1927
rolling,1926
knut,1924
suksess,1921
historisk,1920
mike,1919
kristne,1917
le,1912
gode,1911
akustisk,1908
fylket,1906
død,1905
finsk,1898
skulen,1897
noregs,1894
direkte,1891
mark,1891
studerte,1885
peak,1883
film,1882
plata,1879
west,1878
albuma,1878
grunnlagde,1877
stundom,1874
mountains,1874
spesielt,1871
høgare,1870
ferdig,1870
prix,1869
diskografi,1868
advisory,1865
tettstad,1865
moskva,1865
discovery,1865
lita,1856
artiklar,1854
sovjetiske,1854
gift,1854
midt,1853
høge,1853
ukraina,1849
skodespelar,1849
queen,1843
studioalbumet,1842
jazz,1841
fjerde,1837
hordaland,1836
utgåve,1834
arabiske,1833
life,1833
jan,1832
california,1829
gullmedalje,1829
alltid,1826
columbia,1825
status,1824
språket,1822
vestfold,1820
dreiv,1820
skil,1816
bort,1813
kaptein,1813
parti,1812
månader,1812
bestod,1809
noverande,1809
die,1809
kvite,1805
joe,1803
verka,1802
viste,1802
frank,1799
grupper,1798
prisen,1796
oftast,1793
høgt,1788
stasjonen,1784
halvøya,1784
måte,1782
tromsø,1782
taylor,1782
kulturminne,1777
place,1776
lars,1775
svart,1775
sende,1774
bassgitar,1770
fører,1768
opphavlege,1767
austsida,1765
landa,1765
omkring,1764
arne,1763
vestsida,1761
erobra,1758
delvis,1757
ni,1757
maria,1757
fri,1756
hæren,1755
night,1748
harald,1744
bwv,1743
versjonar,1741
stil,1740
landsbyar,1740
austlege,1738
ytre,1735
hamna,1734
hus,1733
musikar,1729
namngjeve,1725
påverka,1723
komponist,1723
nasjonale,1720
originale,1718
fide,1714
los,1710
und,1710
snl,1709
unge,1708
brian,1708
staten,1707
kontroll,1707
anne,1706
periode,1702
lengre,1701
el,1700
gått,1695
landskapet,1695
kjelde,1695
rolle,1692
dårleg,1686
lee,1685
punktet,1683
verket,1683
williams,1677
våren,1675
slag,1673
ole,1670
nyttar,1668
latin,1666
omsett,1666
pop,1665
stein,1664
spansk,1664
relativt,1663
utvida,1663
tidlege,1662
verte,1661
studio,1659
støtte,1658
nordsida,1658
eine,1655
kommunesenteret,1653
roger,1653
kona,1650
dave,1650
busett,1648
gifta,1647
harry,1645
gjeld,1641
skjer,1640
arrangert,1639
nynorsk,1637
kunst,1637
iran,1636
isbrear,1636
munnar,1634
mat,1633
mm,1632
let,1631
country,1630
bur,1625
syner,1623
lys,1623
lufta,1621
lett,1621
stone,1617
hit,1617
tal,1615
johannes,1615
solovokal,1615
type,1613
bulgaria,1610
filmar,1609
des,1606
brann,1605
utviklinga,1603
drog,1602
bad,1602
planet,1601
regel,1599
beatles,1597
county,1594
universitet,1594
fvt,1593
minutt,1592
vel,1591
hill,1591
stockholm,1590
populære,1589
tony,1589
orden,1588
byrd,1585
sider,1583
can,1583
slekta,1582
brukast,1581
chris,1579
range,1576
nyare,1571
international,1571
jean,1570
sterk,1569
populær,1569
brei,1568
prestegjeld,1567
henry,1567
uttrykk,1565
so,1563
saint,1561
klima,1560
mccartney,1559
mogleg,1557
bru,1557
anten,1556
utnemnd,1555
ungarn,1553
erik,1552
slåtten,1551
gang,1548
offisielt,1547
omfatta,1547
finske,1546
karriere,1545
klassisk,1544
norge,1543
dersom,1543
dalen,1543
bill,1541
johnny,1540
utdanning,1539
tildelt,1539
totalt,1536
person,1534
ordførar,1534
fredrik,1533
formann,1532
utlandet,1530
samisk,1530
ross,1522
that,1522
klubbane,1521
huset,1520
chicago,1518
systemet,1515
nest,1514
kart,1514
ført,1511
utgjeve,1508
cape,1508
lake,1507
makta,1507
out,1505
braut,1504
geological,1503
avgrensa,1503
sørover,1502
tradisjonelle,1501
british,1500
syria,1498
følgde,1497
utanom,1496
up,1496
nedre,1493
inspirert,1492
handball,1491
akershus,1490
river,1490
jon,1487
svarte,1487
heiter,1482
studios,1481
enno,1480
sølvmedalje,1480
landmålingar,1479
oppført,1479
biografi,1478
typisk,1477
american,1476
medaljar,1476
omgrepet,1475
lærar,1475
avisa,1475
day,1472
hebraisk,1470
tevlinga,1469
københavn,1466
wilson,1466
finne,1465
mista,1463
viken,1461
brothers,1457
bibliografi,1456
listene,1455
utval,1454
we,1454
drive,1452
romania,1452
starten,1450
enkelte,1450
sørsida,1450
skule,1447
billy,1445
meister,1445
oppstod,1443
dekkjer,1443
folketalet,1442
jimmy,1442
kampen,1441
meisterskap,1441
liste,1440
framom,1440
skiskyting,1439
årets,1435
typar,1435
økonomisk,1435
trekte,1433
samarbeid,1431
stilen,1428
innlandet,1427
konsertar,1427
gongar,1426
åtak,1424
statsminister,1422
fleirtyding,1421
prisar,1418
salslister,1416
sjøen,1415
maud,1414
familie,1412
eiga,1410
norrønt,1409
nå,1408
ettersom,1407
sentralt,1404
stand,1404
big,1404
innsjø,1404
seier,1402
keisar,1402
sagt,1401
amt,1400
do,1400
meiner,1399
heilage,1398
research,1398
måla,1398
periferieininga,1397
veks,1396
lov,1394
éin,1393
ray,1393
galleri,1393
problem,1391
varierer,1391
kvit,1390
les,1389
jim,1388
verna,1388
israelske,1386
karrieren,1384
forsøk,1383
antarktisekspedisjonen,1383
avvikla,1381
lik,1380
prøvde,1377
støtta,1373
bronse,1373
artikkel,1372
egypt,1371
hovudstad,1370
songaren,1369
stadig,1368
down,1368
bbc,1367
lengd,1367
bok,1365
vanskeleg,1363
fly,1363
tilsett,1362
hevda,1361
sat,1359
elvis,1359
flyt,1356
presley,1356
back,1355
prega,1351
ønskte,1350
nederlandske,1350
greiner,1347
iv,1346
ifrå,1345
generelt,1344
nordover,1342
austerrikske,1341
phil,1337
songarar,1335
militære,1334
senter,1330
ganske,1330
joseph,1327
who,1326
spelet,1325
skrift,1324
delstaten,1324
folket,1323
metal,1323
long,1322
samling,1322
yngre,1321
felles,1321
society,1321
informasjon,1320
val,1320
vist,1316
energi,1315
sound,1313
fame,1312
resultat,1311
visa,1311
omfattande,1310
kamp,1310
kartlagt,1309
busetnaden,1309
økonomiske,1309
offentlege,1308
følgjer,1308
johnson,1308
simon,1308
bronsemedalje,1307
dur,1307
omtrent,1304
bern,1304
spel,1303
former,1301
jødiske,1301
regionale,1300
sjeldan,1297
fortel,1296
inne,1295
soldatar,1294
south,1294
jerusalem,1293
landslaget,1292
osmanske,1291
stoff,1290
skildring,1288
teikna,1288
wilhelm,1287
redaktør,1287
johann,1287
krig,1286
kvinnelege,1286
jackson,1285
jemen,1284
seie,1282
mor,1279
senteret,1279
heart,1279
north,1277
plassert,1276
jerry,1276
gjera,1274
born,1272
tidene,1272
verdscupen,1272
dåverande,1269
angeles,1269
retning,1267
varme,1267
hundre,1266
gitt,1266
allierte,1266
heim,1265
utdanna,1262
münchen,1261
bakken,1259
brown,1259
boys,1258
artane,1256
vunne,1254
heitte,1251
internasjonal,1251
eric,1251
romanen,1249
palmer,1246
zappa,1243
stewart,1242
green,1242
football,1241
reknar,1240
baserer,1239
zeppelin,1238
forfattaren,1237
il,1237
fred,1236
house,1235
org,1234
what,1233
songs,1233
dotter,1233
this,1233
skåra,1230
brasil,1229
magnus,1229
go,1229
sola,1228
styret,1226
rolla,1226
mary,1225
vekt,1223
skriv,1222
knytte,1222
hedmark,1222
orchestra,1221
religiøse,1219
levde,1219
park,1219
bach,1218
eksemplar,1217
unna,1216
delane,1216
verdsmeisterskapen,1214
stasjon,1213
nils,1213
louis,1213
fjordar,1212
sekund,1211
ian,1210
konsert,1210
open,1208
byggjer,1207
sterke,1207
skapte,1207
verande,1207
program,1206
inngår,1206
låtskrivar,1206
element,1205
klasse,1205
led,1204
meg,1202
imot,1200
riksveg,1198
full,1197
samfunnet,1197
katolske,1196
topps,1194
bygda,1193
østfold,1193
arbeidarpartiet,1190
gud,1189
fastlandet,1189
skjedde,1189
avslutta,1188
kjøpte,1188
if,1188
are,1186
forhold,1186
bruke,1185
ludvig,1185
styrkar,1185
lågare,1184
siger,1182
finale,1182
tar,1180
instrument,1180
offentleg,1179
verdsmeister,1178
måten,1177
pink,1177
framfor,1176
nemnd,1173
tradisjonelt,1171
or,1170
bygningar,1170
solo,1169
berg,1168
målar,1165
page,1165
alan,1164
departementet,1164
utvikling,1163
gardbrukar,1162
soga,1162
ifølgje,1161
administrative,1160
halden,1160
visse,1159
samfunn,1159
andreas,1158
stifta,1157
mora,1156
orgel,1155
styrkane,1153
konserten,1153
oppdagarar,1153
språka,1152
krav,1152
lewis,1151
road,1151
romersk,1150
mexico,1149
plantar,1148
fysikk,1148
harris,1148
history,1147
sikra,1146
tilsvarande,1145
mercury,1145
neil,1142
tider,1141
tilsette,1141
expedition,1139
vår,1138
fotografi,1137
publikum,1136
bukta,1136
symbol,1134
great,1134
kampar,1134
portugal,1133
acan,1132
hekkar,1132
college,1132
konsertane,1128
styresmaktene,1127
egg,1127
fisk,1126
skotske,1126
drift,1125
hansen,1123
overført,1120
altså,1118
noregsmeisterskap,1118
nivå,1117
divisjon,1117
georg,1116
raude,1116
anders,1114
utført,1113
tema,1112
christmas,1112
oppstår,1111
kongedømet,1111
politikk,1110
minne,1109
låtskrivarar,1109
way,1109
trur,1108
kanalen,1106
jack,1106
kalenderen,1104
tatt,1104
etablert,1104
dream,1104
kinesisk,1104
journalist,1102
enden,1100
delta,1099
enkelt,1098
co,1098
debutalbumet,1098
handel,1097
rekord,1096
bruce,1095
rad,1094
operasjon,1094
nemninga,1092
vesle,1092
programmet,1092
mac,1092
alpine,1091
politikarar,1091
korte,1088
singellista,1088
edward,1087
ålesund,1086
arbeidd,1086
bror,1085
vol,1085
utover,1084
følgjande,1083
legg,1083
bruker,1081
rom,1081
molde,1081
antikken,1081
framførte,1080
samiske,1080
dels,1079
femte,1074
belgia,1073
blanda,1073
voss,1072
skog,1072
irske,1072
bidrag,1072
bjørn,1071
idrettslag,1071
gamal,1071
handlar,1069
oppløyst,1069
kristiansand,1069
bortsett,1067
school,1066
aten,1063
tett,1062
materiale,1062
albert,1062
nordisk,1061
deep,1060
dr,1060
otto,1059
håkon,1058
rockebandet,1058
sist,1057
kraft,1057
bidraget,1057
snakka,1056
naturleg,1056
planets,1056
ivar,1054
grunnlagt,1054
warner,1054
bruken,1053
ola,1053
libanon,1052
sjølvstendig,1052
meisterskapen,1052
fortsette,1051
club,1051
brukar,1050
innført,1050
collins,1050
grunnla,1048
gitaristen,1047
bind,1043
middelhavet,1043
motsetnad,1042
nordre,1042
målet,1039
junior,1039
reist,1038
nytte,1037
jarl,1036
omtalt,1036
jpl,1036
hovudbelteasteroide,1036
asteroidelister,1034
årleg,1033
alexander,1033
tapte,1033
min,1031
old,1031
mineral,1030
isbre,1028
company,1028
kjempa,1028
busetnad,1027
street,1026
lister,1025
blad,1025
rca,1024
oppland,1023
tolv,1022
eu,1022
høvesvis,1022
austover,1021
jeff,1020
nedskrift,1020
skapt,1019
region,1018
waters,1018
baneparametrar,1018
ute,1017
circumstances,1017
home,1016
hovudet,1016
wales,1016
numbered,1016
soul,1015
oppdagingsplassar,1015
grunna,1014
valet,1014
stones,1014
kroppen,1014
barcelona,1014
tidsskrift,1013
høgda,1012
målarar,1012
bygg,1010
vind,1010
light,1009
samtidig,1008
museet,1008
intervju,1008
organisasjonen,1007
serie,1006
polske,1006
sit,1006
ekstra,1006
manchester,1006
floyd,1006
høyrde,1006
am,1006
may,1005
roy,1004
nunatak,1004
folkesetnaden,1002
nordiske,1001
vis,1001
polsk,999
latinske,997
dance,997
stillinga,997
show,997
tilfelle,996
prosjektet,996
anderson,996
nederlandsk,995
foreldra,995
get,995
hekk,994
estland,993
reise,992
snart,991
skildrar,991
baby,991
råka,990
ting,989
internasjonalt,989
irak,989
klart,988
arthur,988
shetlandsøyane,988
rørsla,987
sjakk,987
avhengig,986
styre,986
sun,985
general,984
teknisk,984
last,984
wien,984
linja,984
utbreidd,983
america,983
dynastiet,983
såleis,982
revolusjonen,982
kristian,981
produksjonen,980
now,979
super,979
dvd,979
sunnmøre,978
nemnt,975
good,975
fyr,975
australian,975
larsen,974
komponistar,973
leiaren,972
vise,971
byrjar,971
andersen,971
ep,971
statens,971
drammen,970
fort,969
konsertalbum,968
mogeleg,968
nominert,968
peninsula,967
re,966
jødar,966
oxford,966
kritikk,966
tap,966
åsar,965
utgjeven,965
sideelvane,964
stammar,963
grammy,963
ordførarar,963
potter,963
buskerud,962
avdeling,962
økonomi,962
east,962
deler,961
lengste,961
meistrar,961
turner,961
rike,960
stykke,960
opera,960
tyding,959
utbreiing,959
stortingsmann,959
vestbreidda,958
stadion,957
och,957
te,956
tala,955
luft,955
byggverk,955
kontakt,952
mozart,952
lillehammer,952
mengder,950
vinne,950
davis,950
serbia,949
seld,949
liknar,947
arabia,946
minste,945
fjerna,944
jesus,944
skotsk,943
fiolin,943
atlantic,942
small,941
high,941
tekstar,940
kyst,940
broren,940
spreidde,939
timar,939
kroner,938
hovudsak,937
irsk,936
tokyo,936
star,935
etterkvart,935
ar,934
inneheldt,934
jordan,933
direktør,933
vestkysten,933
larvik,933
dekt,932
periodar,931
innlemma,931
førre,931
olsen,930
top,930
einar,929
storleik,929
personleg,929
oss,929
beach,929
endringar,928
lokal,928
bokmål,927
sport,926
dyrka,926
gitarist,925
selskap,925
tyrkiske,925
syng,924
jr,924
stillehavet,924
statistikk,923
skole,923
leiande,923
olavs,923
mytologi,922
kvinne,921
bros,919
styrt,918
ruta,918
fiske,917
nyttast,917
australske,917
sameinte,916
britane,916
fanst,915
delte,915
washington,915
aller,914
tusen,914
sete,913
elektriske,913
gabriel,912
elvane,912
grønland,912
endepunkt,912
teater,911
moon,911
makt,911
bayern,910
saksofon,910
gjevne,909
nedbør,909
representant,909
bygt,908
sistnemnde,907
will,907
punkt,907
hand,907
teneste,907
indiske,906
lage,906
medlemmer,905
klassiske,905
reed,905
nasjonalpark,904
dan,903
vaksne,902
svalbard,902
capitol,901
truga,901
gate,901
brua,900
tilgjengeleg,899
romartal,899
gary,899
kåra,899
neset,899
fredrikstad,898
tradisjon,897
innspeling,897
lund,897
treng,896
musikalsk,895
bodø,895
keith,895
nasjonal,894
samlealbum,894
odd,893
runde,892
bobby,892
mottaking,892
synthesizer,891
registrert,890
bispedømme,890
plasseringa,890
institutt,890
head,890
sir,888
elizabeth,887
vestre,887
girl,887
allmusic,887
argentina,886
driv,886
vende,884
festival,884
nærliggande,884
svein,884
naturlege,884
kjenner,883
stilling,883
mick,883
jobba,883
opphavet,882
grevskapet,881
stå,880
moll,880
jord,879
medlemmane,879
hundreåret,877
bulgarsk,877
skodespelarar,876
private,875
innspelingar,875
ibuarar,875
kjøpt,875
resultatet,874
fell,874
rekke,874
jakob,873
omgrep,873
insekt,873
personlege,872
elevar,872
interesse,872
forsking,872
bakom,872
air,870
kg,870
slags,869
temperaturen,869
kasta,868
valley,868
musikkgrupper,868
lennon,867
ed,867
fv,867
bygningen,866
was,866
overtok,865
gunnar,865
bra,865
europeisk,864
arbeider,864
storm,864
opne,863
koma,863
never,863
orkester,863
regjering,862
kommunaleining,862
møte,861
inndeling,861
tommy,861
publisert,861
noregsmeisterskapen,861
munningen,861
halda,860
presidenten,860
million,860
usgs,859
award,859
andy,859
gazetteer,859
stilte,857
kinesiske,857
media,856
nelson,856
fart,856
bøkene,855
månad,855
slå,854
typen,853
kongelege,853
sweet,853
tradisjonell,852
ap,852
groven,852
øydelagd,852
sveitsiske,852
særskild,852
kristen,851
video,851
landskampar,851
fremste,851
romarane,851
more,850
hard,850
overflata,850
representerer,849
set,849
fjord,849
samlinga,849
pris,849
semifinalen,849
fremst,848
sesong,847
busette,847
sologitar,847
faste,846
veit,844
atlanterhavet,844
raud,844
friidrettsutøvar,843
asker,843
religion,842
hits,842
lindstøl,842
stjerner,842
ellsworth,842
religiøs,841
tyrkisk,841
dukka,841
kombinert,839
hamar,839
plate,839
fjellkjeda,838
kunstnarar,837
tallak,837
arkeologiske,836
district,835
tilhøve,834
basen,834
komponert,834
moss,834
kulturen,833
keisaren,833
varte,833
varer,833
walker,833
vare,833
ung,832
lengst,831
hills,831
industri,831
våpen,831
utsett,831
class,831
sendt,830
times,830
enkel,829
send,827
opprør,827
opptak,827
halvparten,827
prins,827
utgjevingar,827
jødisk,826
funn,825
forbetra,824
statsraadet,824
horn,823
standard,822
mannen,822
nettside,822
biskop,822
individ,821
rykte,821
fløyte,821
science,820
inkluderer,820
statistisk,820
forsvaret,819
kypros,818
verdas,818
sosiale,818
gram,818
pave,818
victor,818
singles,818
linje,818
lova,817
stephen,817
transport,815
musikalske,815
real,815
plater,814
bygginga,813
styrke,813
purple,813
gard,811
mens,810
nekta,810
chile,810
åt,810
boy,808
idrett,807
clark,807
his,807
jens,806
stig,806
variantar,805
wild,805
drepen,804
flest,804
composite,804
verdsmeistrar,803
flora,803
vinnar,803
santa,803
opptil,802
sekundar,802
trekk,801
sund,801
jordbruk,801
joel,801
blå,800
stykket,799
vik,799
line,799
party,799
design,799
normalt,798
blanding,798
uvanleg,797
daniel,797
sjølvstende,797
lokalt,797
dependencies,797
startar,797
miksing,797
group,796
omkom,796
flytte,795
lord,795
saudi,794
golden,794
gradvis,792
endar,792
heime,792
sigra,792
brasilianske,792
here,791
periferien,791
falkland,790
organisasjonar,790
prest,789
pengar,788
eigd,788
vilhelm,788
mountain,788
helst,787
sjukdom,787
sigeren,787
ben,786
eigentleg,786
data,786
stortingsrepresentant,785
prinsesse,785
tropiske,785
klimaet,785
utgjevinga,785
klede,785
lyd,784
cand,784
innverknad,783
arkitekt,783
town,783
aviser,782
arbeide,782
loch,782
fordelt,782
lufthamn,781
norrøne,780
samanheng,780
populært,780
grunnlaget,780
th,780
produsenten,779
kapell,779
graubünden,779
gustav,778
utvalde,778
scar,778
sand,777
utmerkingar,777
naturreservat,776
wright,775
oscar,774
mitchell,774
tapt,774
måleri,773
kanadiske,773
utslått,773
heavy,772
olje,772
føretak,772
grunnlag,771
definert,771
kalde,771
trykk,770
finna,770
heimeside,770
borgarkrigen,770
hollywood,770
bane,770
linda,770
militær,769
ukrainsk,769
chart,769
arrangement,769
guide,768
delteke,768
idrettstilskipingar,768
samlaget,767
snø,767
samanlikna,766
bærum,766
møter,765
amundsen,765
alfred,765
forlet,765
retten,763
fylkesvegar,763
pakistan,762
nunatakar,762
seriemeister,762
øvinga,761
post,760
minuttar,760
administrativ,759
regionar,759
andreplass,759
orknøyane,759
solar,759
studioalbum,758
texas,758
take,758
freda,757
munnspel,755
stranda,754
farge,754
øvste,753
mengd,753
eivind,753
mix,753
skilde,752
cambridge,752
selt,751
salt,751
meint,750
norrøn,750
rytmegitar,750
nedanfor,749
mannskapet,749
prosjekt,749
høgste,749
göteborg,749
emi,749
verta,748
omsetjing,748
objekt,748
nobelprisen,748
dead,748
artist,747
pete,747
variant,746
geologi,746
kvitt,746
war,745
tour,745
first,744
albania,744
kraftverk,744
diamond,744
matematikk,744
fullt,743
avtalen,743
spring,743
hardt,742
op,742
sjette,741
plateomslaget,741
øygruppa,741
when,741
fanga,741
førenamn,741
veldig,740
robertson,740
levande,739
tydeleg,739
bibelen,739
armeen,739
ridge,739
arm,739
faktisk,738
breidda,738
clapton,738
ac,738
charlie,737
not,736
spreidd,736
collection,736
miljø,735
statsråd,735
turisme,735
fartøy,735
turné,735
lettare,734
base,734
kongsberg,734
endå,734
davies,734
sjef,733
na,732
langkyrkje,732
sundet,731
lp,731
prince,731
prosent,731
medverka,730
francisco,730
sølvmedaljen,730
got,730
dal,729
klosteret,729
nemning,728
trenar,727
dottera,727
brørne,727
mørk,726
kroatia,725
foten,724
seia,724
omtala,724
sal,724
gir,723
strid,723
trommeslagaren,723
sekretær,723
innløpet,723
kraftige,723
there,723
kirke,722
helsinki,722
fjellkjeder,722
drepne,721
kallar,721
mcmurdo,721
fritt,721
hitten,721
strykarar,721
saka,720
kloster,720
miller,720
lady,719
elton,719
harrison,718
plasseringar,718
sverre,717
hamburg,716
petter,716
jacob,716
ås,716
verksemda,715
div,715
litauen,714
tor,714
centimeter,714
individuelle,714
vitskaplege,713
inntil,713
tradisjonen,713
nick,713
olympisk,713
plant,713
utgåver,712
ordre,712
vern,712
ds,711
bystatus,711
vestover,711
folkemusikk,711
råd,711
engelskspråklege,711
just,711
machine,711
fleirtal,710
preussen,710
dominerande,710
valais,710
skape,709
turneringa,709
tonn,709
stund,707
makedonia,707
segla,707
fysikarar,707
mr,707
she,707
muslimar,706
sandnes,706
andreplassen,706
nordmenn,705
database,705
crosby,705
subantarktiske,705
forskarar,704
stjerne,704
pressa,703
utstyr,703
rick,702
nashville,702
walter,701
alder,700
years,700
landslag,699
isen,698
felt,698
flåten,698
brasiliansk,698
turn,698
vidaregåande,697
friedrich,697
ryggen,697
station,697
state,696
måtar,695
storleiken,695
høyre,694
langrenn,694
digital,694
gilmour,694
praksis,693
sky,693
veka,693
tru,692
gravlagd,692
scene,692
franskmennene,692
sur,692
tale,691
ja,691
båtar,691
johansen,691
temperatur,691
storslalåm,691
nordlegaste,690
dc,690
erklærte,690
fysikar,689
dollar,689
align,689
namnedag,688
hindra,688
korea,688
tur,688
alternativ,688
zürich,688
suksessen,688
dale,687
sprang,687
kontrakt,687
bydel,687
albumlista,687
references,687
sibir,686
sporet,686
again,686
kjente,684
breen,684
låge,683
vers,683
ma,683
adam,683
avtale,683
sportsboken,683
ymse,682
aukande,682
christiania,682
slalåm,682
af,681
nærare,681
etablerte,681
kortare,681
hol,680
klokka,680
enkle,680
unntak,679
union,679
uttrykket,679
earth,679
geolog,679
das,679
aktive,678
unngå,678
peru,677
estimert,677
romarriket,677
klar,676
wood,676
leikane,676
apc,676
fengsel,676
las,676
gardar,675
namna,674
madrid,674
fotografert,674
heidelberg,674
muslimske,673
funksjon,673
langrennsløparar,673
alta,673
bø,673
tina,673
konsertopptak,673
edvard,672
volume,672
rhinen,672
regissert,672
flykta,672
gyldendal,672
styrte,671
free,671
lukkast,671
two,671
tittel,671
års,670
kjell,670
arbeida,670
opprøret,669
programleiar,669
terry,668
skular,667
parlamentet,667
sigurd,667
au,666
botn,665
eigenskapar,664
volda,664
thompson,664
bidrog,663
greatest,663
rygg,663
marinen,663
walk,663
vanlegaste,662
røynda,662
have,662
låten,662
jensen,661
innspelingane,661
europameister,661
brev,661
naturen,660
max,660
laurdag,660
påverknad,660
utgangspunkt,659
tone,659
nintendo,659
byggje,658
palestina,658
ungdom,657
båten,656
indisk,655
atmosfæren,655
vokalist,655
skeiser,655
djup,654
forsvann,654
dagane,654
kvalifiseringa,654
sogndal,654
vulkanar,652
familiar,651
bassisten,651
come,651
lou,651
skien,651
teorien,650
festa,650
festninga,650
stoppa,649
feira,648
manglar,648
sebastian,648
elleve,648
venezia,648
donau,648
forbi,647
provins,647
kvinnenamn,647
omslaget,647
beijing,646
franz,646
sletta,646
tekstane,645
colombia,645
feil,645
ber,644
opptrer,644
straum,644
mållag,643
anton,643
only,642
sølvmedaljevinnarar,642
oppdrag,641
reiser,641
oversyn,641
forlét,641
bør,641
alfabetet,640
samferdsle,640
francis,640
special,640
geografiske,639
austkysten,639
funnen,639
tønsberg,639
service,638
ortodokse,637
dans,637
tak,637
campbell,637
stat,637
banen,636
konfliktar,635
kjelda,635
bar,635
reisa,635
eigde,635
lengdehopp,635
kven,634
see,634
markerte,633
målt,633
hamn,633
haugesund,633
teikn,633
diktet,633
salstrofé,633
deg,633
skilje,632
utspring,632
ørsta,632
rein,632
krona,632
gulen,632
im,632
rosa,632
perry,632
kraj,632
skriva,631
vekk,631
persisk,631
utgjeving,631
flyet,631
sidene,631
avis,631
natta,631
helse,630
lukka,630
uavhengig,630
aktivitet,630
arkitektur,630
oh,630
fana,630
bord,629
fargar,629
disney,629
motstand,629
formelt,628
redusert,628
landskap,628
islam,628
story,628
utfor,628
borte,627
ungarsk,627
league,626
ukjend,626
nova,625
tim,625
helsingfors,625
innførte,624
andrew,624
gran,624
frukt,624
plateomslag,624
næraste,623
turnerte,623
struktur,622
guinea,622
regn,622
hovud,621
trommeslagar,621
melodien,621
he,621
nemnde,620
offiser,620
effekt,620
dekker,620
cupen,620
slovakia,619
trudde,619
rette,619
arendal,619
orda,618
endeleg,618
book,618
sandefjord,618
berry,617
mørke,617
kingdom,617
trompet,617
bronsemedaljen,617
førde,616
rose,616
plassering,616
studentar,616
metall,616
venta,615
dynamics,615
aserbajdsjan,614
austerriksk,614
stille,614
statsrådar,614
syn,613
fjernsyn,613
natur,613
astrid,613
cash,613
tvinga,613
straumen,613
jeg,612
representere,612
sikre,612
bydelen,612
boston,612
kampane,612
langkyrkjer,611
vinden,611
jul,611
lysår,611
trua,610
mo,610
institute,610
bidraga,610
hardanger,609
matematikar,609
lyden,609
nordsjøen,609
tilpassa,609
einingar,609
tekniske,609
synleg,608
filosofi,608
ll,608
allen,608
start,608
næringsliv,607
auke,607
skade,607
diameter,607
bratt,606
petersburg,606
eirik,606
port,606
størst,605
ernst,605
fleetwood,605
vestlandet,604
slovenia,604
unesco,604
jørgen,604
kryssa,604
ronstadt,604
privat,603
nært,603
fullstendig,603
tilgang,603
gitaristar,603
lærte,603
palestinsk,603
gullmedaljen,603
alaska,603
primærfaktor,603
tydinga,602
spørsmål,602
ungarske,602
nash,601
husa,601
ansvar,601
statlege,601
vinnaren,601
mannsnamn,601
bukter,601
publiserte,600
original,600
states,600
breitt,600
kryssar,600
rolf,599
alpinistar,599
diktar,598
nilsen,598
avretta,598
russell,598
hendinga,597
verkeleg,597
nøyaktig,597
vg,596
edition,596
flagget,596
aschehoug,596
synte,596
christopher,596
hagen,596
masse,596
how,596
soldatane,596
grunnen,595
kravde,595
utforma,595
biologisk,594
project,594
space,593
skifta,593
liverpool,593
ordenen,593
pierre,593
bronsemedaljevinnarar,593
klipper,593
fysisk,593
dikta,593
sjølvstendige,593
besetninga,592
øystein,592
representert,592
dark,592
people,591
rod,591
retta,589
trona,589
sungen,589
magasinet,589
bird,588
speler,588
tredjeplass,588
tel,587
verksemd,587
ron,587
framover,587
orbison,587
videoen,587
aukar,587
krigar,586
dalar,586
grensene,586
åsane,586
verkar,586
organisert,586
berge,585
leiing,584
israelsk,584
jo,584
steinar,584
hertug,584
geologiske,584
fysiske,584
rhythm,584
bukt,584
bonusspor,584
beit,584
part,584
bahrain,583
dagleg,583
reglar,583
gordon,583
concert,583
veke,582
vii,582
ain,582
tribute,582
mønster,581
strand,581
douglas,581
avstand,581
sivile,580
romanar,580
organisasjon,580
plante,580
fange,580
sam,580
plan,580
ferdinand,579
eksamen,579
know,579
southern,579
arealet,578
bergenske,578
viking,577
osaka,577
aerosmith,577
stuttgart,577
likte,576
ikke,575
lege,575
bergartar,575
sørlegaste,575
woman,575
beck,575
mesteparten,574
plasserte,574
europameisterskapen,574
bruer,574
ulik,574
mario,574
barry,573
skåne,573
matematikarar,573
spelaren,573
electric,573
forkorta,572
klassifisert,572
kongens,572
aktuelle,572
three,572
english,571
økonomien,571
rekorden,571
teori,571
verdi,571
regi,571
nt,571
underlagt,571
sesongar,570
festning,570
jugoslavia,570
nedslagsfelt,570
moore,570
bein,570
singlane,570
tittelsporet,570
reservoaret,570
merke,569
austersjøen,569
eksempel,568
vinje,568
avgjerande,568
driven,568
lære,568
tropisk,568
komponisten,568
virgin,568
retninga,567
årsaka,567
ytterlegare,567
medisin,567
dahl,567
baker,567
kommunal,567
bygningane,566
want,566
landsbyane,566
geografisk,565
milliardar,565
kari,565
bull,565
virke,565
norden,565
holland,565
tevla,565
os,565
vladimir,563
slottet,563
bassist,563
skulda,563
bank,563
barne,563
halvdelen,562
musikaren,562
representantar,562
eining,562
prosessen,561
krev,560
genesis,560
fuglane,560
western,560
abu,559
aktivt,559
tiår,559
observert,558
amsterdam,558
tørre,558
fa,558
evans,557
away,557
willie,557
leipzig,556
skogen,556
sarpsborg,556
spesielle,556
grunnleggjande,555
provinsane,555
skild,555
france,555
our,555
spora,555
terje,554
rik,553
nielsen,553
frie,553
slekter,553
trio,553
murray,553
markert,552
totale,552
hav,552
dekte,552
kristiansund,552
christensen,552
richards,552
festivalen,552
about,551
kunstnar,551
wolf,551
namneberarar,551
stjerna,551
rettar,550
utgjorde,550
rangert,550
invasjonen,550
dublin,550
robin,550
ms,549
dependency,549
scenen,549
livingston,549
tsjekkia,548
forholdet,548
sjuande,548
motiv,548
power,548
hell,548
rio,548
månen,547
kenny,547
flytande,547
dominert,546
feltet,546
produserer,546
assisterande,546
parken,546
sunnfjord,546
ven,546
internett,546
søndre,546
hoa,546
raudt,545
søkte,545
vaud,545
kombinasjon,544
lengda,544
stadfesta,544
komiteen,544
wadi,543
flatevidd,542
leiarar,542
larry,542
planar,542
kulturelle,542
innløp,542
utførte,542
sea,542
pedersen,541
narvik,541
soloalbumet,541
end,540
permanent,540
chuck,540
alice,540
gass,540
plateselskapet,540
leiinga,540
rocks,540
bratte,539
inkluderte,539
nyleg,539
kontinentet,539
gjøvik,539
mottok,539
sydney,539
gregorianske,538
ansvarleg,538
trekt,537
stavkyrkje,537
tore,537
wind,537
academy,537
fids,536
ungane,536
västra,536
sideelv,536
ring,535
studiar,535
student,535
marknaden,535
nett,534
organ,534
stord,534
ford,534
kjemisk,534
kapp,533
inspirerte,533
atlas,533
okkuperte,533
skodespel,533
territorium,533
fylt,533
soge,533
klassen,533
rørsle,532
modell,532
elektronisk,532
arnold,532
gitarar,532
grader,532
hotell,532
edinburgh,532
ad,531
ve,531
musikkvideo,531
tenor,531
isdekt,531
storleiksklasse,531
gruppene,530
nordmøre,530
tonight,530
kunna,530
kjemiske,530
omsyn,529
busetnadane,529
petty,529
eddie,529
jakt,528
litterære,528
årlege,528
adams,528
minogue,528
yes,528
bat,527
heimen,527
language,527
pattedyr,527
erling,527
konsertalbumet,527
melding,527
grøne,526
family,526
ukrainske,526
gray,526
merksemd,525
løyve,525
arts,525
sovjetisk,525
tårnet,525
ideen,525
birdlife,525
vestleg,524
jane,524
spellemannprisen,524
snakkar,523
kunnskap,523
bladet,523
melde,522
hotel,522
markant,521
båt,521
ekspedisjon,521
filma,521
ansvaret,520
oppe,520
turistar,520
fungerer,520
water,520
association,520
other,520
sentralbyrå,520
eno,520
habitat,520
saker,519
miljøet,519
lyn,519
styresmakter,519
sn,519
hindre,519
afghanistan,518
sjukehus,518
ivan,518
toppar,518
ombord,517
inst,517
vedtok,517
too,517
vu,517
khan,516
forbundslandet,516
fangar,516
likt,516
nasjonalt,515
våre,515
florida,515
semifinalane,515
ali,514
lie,514
portugisiske,514
rosenborg,514
viii,514
heaven,514
parsons,514
wall,514
verb,513
samuel,513
flate,513
teams,513
josé,513
wolfgang,513
guy,513
fuglen,513
magic,513
lost,513
levert,513
svenska,513
føremål,512
heinrich,512
buddy,512
slikt,511
nærast,511
tyskarane,511
byrds,511
days,511
cross,511
døden,510
utanlandske,510
cappelen,510
eidsvoll,510
sv,510
statar,509
hevdar,509
tradisjonar,509
setje,509
hop,509
dennis,509
sprint,509
svar,509
forlate,509
fjerdeplass,509
landkommune,508
stortingsvalet,508
banda,508
kritisk,507
lillestrøm,507
tente,507
instrumental,507
steinkjer,507
vekeslister,506
howard,506
tevlingar,506
medaljen,506
bestemt,505
christie,505
grå,505
guitar,505
oppnådde,505
donald,504
utsjånad,504
høyrte,503
freden,503
konstant,503
danne,503
albums,503
studere,503
brun,502
profil,502
cook,502
ann,502
strekninga,502
planta,502
produkt,502
einskilde,502
aker,502
skilt,501
etterfølgd,501
napoleon,501
friends,501
freista,501
fossen,501
baden,500
fyret,500
aure,499
newton,499
drap,499
etniske,499
isle,499
islandske,498
bergens,498
grenser,498
aleksander,498
arena,498
latinsk,498
midtre,497
eyes,497
herman,497
dvs,496
rana,496
reprise,496
herad,495
årslister,495
samansett,494
marx,494
kartografar,494
cooper,494
merittar,494
traktaten,494
cove,494
nemner,493
utvikle,493
tidsskriftet,493
sofia,493
frakta,493
skiskyttarar,493
noveller,493
mengda,493
helgeland,493
positiv,492
nedlagde,492
ferd,492
bygder,492
austre,492
effekten,492
stråling,492
fugl,491
dra,491
tvers,491
alf,491
damaskus,491
bileta,491
tilskodarar,491
egil,491
sosial,491
angel,491
biletet,490
rain,490
bibliotek,490
signerte,490
svartehavet,490
mi,489
flyttar,489
skandinavia,489
positive,489
gjennomført,489
awards,489
handlinga,488
involvert,488
etterpå,488
heimlandet,488
åleine,487
praktisk,487
visstnok,487
sokneprest,487
blood,487
nedleggingar,487
styrken,487
røter,486
mannskap,486
nettsida,486
fenomen,486
five,486
bygget,486
abbey,486
tårn,486
sjangeren,486
unionen,485
nedover,485
team,485
ekteskap,485
kevin,485
prøver,484
fungerte,484
barrett,484
tell,484
portugisisk,483
record,483
hadhramaut,483
shackleton,483
valdres,482
korn,482
kunstnarisk,482
kim,482
patrick,482
cirka,482
menneska,481
lagar,481
kanal,481
vitskap,481
mandolin,481
marc,481
game,481
ære,480
jordskjelv,480
tredjeplassen,480
josef,480
andré,480
bell,480
syriske,479
opninga,479
dick,479
vangelis,479
opplag,479
reknast,478
filmane,478
play,478
sicilia,478
mason,478
online,477
analyse,477
symfoni,477
lynne,477
bryan,477
sardinia,477
hundreår,477
barnet,476
øydela,476
ronnie,476
auckland,476
utgangspunktet,475
oppnå,475
ståande,475
fine,475
jonas,475
julianske,475
hugh,475
borg,475
arie,475
botnen,475
halvdel,475
global,474
markerer,473
alvorleg,473
filip,473
distansen,473
orientering,473
child,473
administrativt,473
oversikt,473
trykt,472
nordkysten,472
bjørndal,472
elev,472
lågt,472
sven,471
lahti,471
sachsen,471
castle,471
utforska,471
nebb,471
kapellet,470
iron,470
elisabeth,470
stills,470
partia,470
polydor,470
sp,470
førsteplassen,470
anti,469
journalistar,469
rommet,469
okkupert,469
budapest,469
linné,469
planten,469
læra,468
månaden,468
flat,468
komponerte,468
harstad,468
portrett,468
baserte,467
innbyggjartalet,467
ssb,467
bush,467
tyler,467
soloalbum,467
nordsamisk,467
arrangør,467
glenn,467
danny,467
morrison,467
sakprosaforfattarar,467
politikken,466
bu,466
borga,466
mind,466
afrikanske,466
slott,466
oppover,466
luster,466
barnebok,466
trong,465
undersida,465
vekst,465
koloniar,465
hk,465
yorkshire,465
sopran,465
after,465
sosialistisk,464
flying,464
palestinske,464
winter,464
oppkalla,464
saga,464
avstanden,463
administrasjonssenter,463
harde,463
colin,463
crazy,463
nestleiar,463
helge,462
grense,462
norman,462
rikt,462
cello,462
indonesia,461
ferje,461
virginia,461
make,461
naudsynt,461
vêr,461
kuwait,460
kvelden,460
kåre,460
gold,460
eininga,460
birds,460
harbour,460
stemmer,459
kvinna,459
bilar,459
grenda,459
stadnamn,459
hittar,459
estiske,459
planlagt,459
death,459
box,459
plassar,459
vitskapleg,458
dokument,458
endelege,458
kongeleg,458
passerer,458
samtida,458
åtaket,458
åsen,458
kvalifiserte,457
tømmer,457
typiske,457
starte,457
klatra,457
omtale,457
bakke,457
farga,457
another,457
natt,456
nasjonalbiblioteket,456
monument,456
utbrotet,456
götalands,456
vokalen,455
straks,455
katolsk,455
lover,455
edgar,455
anthony,455
navn,455
påfølgjande,455
gjerning,455
fjellkjede,455
ovanfor,454
nasa,454
books,454
verdens,454
fullført,454
ål,454
båe,453
turneringar,453
adolf,453
antonio,453
nebbet,453
helga,453
freddie,453
phillips,453
things,453
lokalhistoriske,453
emne,452
skapar,452
yngste,452
estisk,452
paret,452
dit,452
torino,452
stades,452
central,452
stockholms,452
council,451
summer,451
ruinane,451
dreams,451
continuo,451
latvia,450
heng,450
four,450
knopfler,450
pass,450
kunsten,450
northern,450
syne,449
europameistrar,449
apple,449
gott,449
imperiet,448
journal,448
inga,447
grovt,447
peder,447
hovudsete,447
verne,447
starr,447
opplevde,447
tower,447
departement,447
ich,447
stevens,447
tull,447
arkipel,447
tabellen,446
studiomusikar,446
luther,446
isolert,446
verdsrekord,446
ope,446
smale,446
indikerer,446
konservative,445
inspirasjon,445
føra,445
canterbury,445
instrumentet,445
hinder,445
gi,445
begynte,445
uefa,445
anare,445
gammalt,444
fordel,444
steven,444
utøvarar,444
kjønn,443
funksjonar,443
gul,443
dirigent,443
budd,443
midtausten,443
haydn,443
motsett,443
kai,443
noregsmeister,443
energien,443
ferry,443
skilnad,442
blomar,442
omhandlar,442
sei,442
pause,442
frederik,442
kallast,442
version,442
into,442
sankt,442
senterpartiet,442
lågaste,441
hjelpte,441
net,441
hopp,441
temperaturar,441
nede,441
bønder,441
smal,441
tilsynelatande,441
mannlege,441
mastering,441
mennene,441
stryn,441
illustrert,440
gjenstandar,440
benjamin,440
din,440
introduserte,440
ltd,440
vang,440
handling,439
djupt,439
innspelt,439
regulert,439
vidt,439
dømd,439
hylla,439
ticino,439
kommunikasjon,438
kongeriket,438
arrangerte,438
prosess,438
nei,438
landområde,438
ecuador,437
nederlanda,437
where,437
luxembourg,436
tempelet,436
ibn,436
jurist,436
løp,436
juan,436
oates,436
carter,436
datert,436
montenegro,435
operaen,435
mca,435
arrestert,435
foster,435
kommersielle,435
pdf,435
medisinsk,435
expeditions,435
ssp,435
kjenneteikna,434
grande,434
miksa,434
professorar,434
diktaren,434
episode,434
glas,434
fk,433
powell,433
situasjonen,433
roller,433
eva,433
highjump,433
second,433
visst,433
fjerdeplassen,433
bevart,432
steinen,432
oman,432
mine,432
halvt,432
hammerfest,432
monte,432
drifta,432
sideelvar,432
presten,432
stoffet,432
snorre,431
busetnadene,431
prøyssiske,431
carlos,431
figurar,431
utbrot,430
massachusetts,430
kjemi,430
robinson,430
gælisk,430
reiret,430
leidde,429
contemporary,429
glacier,429
girls,429
still,429
list,429
dobbelt,429
litteraturpris,429
falle,428
olaf,428
sol,428
matematisk,428
provinsar,428
kommunaleininga,428
dialektar,427
posisjon,427
malcolm,427
halv,427
aleksanderøya,427
innhenta,427
grøn,427
volum,427
resitativ,427
distrikta,426
jamaica,426
bølgjer,426
populasjonen,426
normalår,426
vulkanen,426
turen,426
kommersiell,426
hertugen,426
venezuela,425
ludwig,425
selje,425
komme,425
drama,425
flagg,425
churchill,425
fot,425
jagger,425
dame,425
dog,424
posisjonen,424
kommunistiske,424
sel,424
demokratiske,424
samarbeidet,424
dobbel,424
platået,424
morning,424
hannar,424
kinks,424
armenia,423
stått,423
elliott,423
namngav,423
banks,423
thing,423
platene,423
interessert,423
dimed,423
massivet,423
bridge,423
lese,422
stikk,422
vedteke,422
kommunaleiningar,422
musikarane,422
tinn,422
røros,422
kritikarar,422
run,422
force,421
news,421
klippeformasjonar,421
kibbutzen,421
till,421
île,421
mont,421
dean,421
serbisk,420
lawrence,420
lo,420
bonnie,420
vitskapsakademiet,420
se,420
forsterka,420
guden,419
gardane,419
resultata,419
abc,419
meldingar,419
kunstig,419
teknologi,418
konflikt,418
marine,418
auga,418
bonde,417
skaffa,417
earl,417
innfødde,417
verdsmeisterskap,417
miles,417
føretaket,417
fare,416
mennesket,416
bakgrunnen,416
flyplassen,416
europaveg,416
frans,416
måling,416
mf,416
dampskibsselskab,416
holmenkollen,416
betyr,415
gene,415
filosof,415
trykket,415
eventyr,415
folketalsutvikling,415
utg,415
ab,415
modern,415
tsjekkoslovakia,415
undersøkingar,415
main,415
reformasjonen,414
bosnia,414
comună,414
opnar,414
dyra,414
franklin,414
kautokeino,414
stamma,414
væske,414
lyset,413
dårlege,413
bo,413
heimbyen,413
cbs,413
cuba,412
forsvar,412
biologiske,412
kyrkjene,412
reint,412
mawson,412
some,412
lille,411
skala,411
mekaniske,411
milano,411
kennedy,411
hudson,411
late,410
materialet,410
landkommunen,410
sørenden,410
komposisjon,410
politiet,410
rettane,410
grunnlova,410
porsgrunn,410
rask,409
bokstaven,409
historikar,409
opptredde,409
kongsvinger,409
slade,409
fullførte,408
ras,408
niels,408
planen,408
æra,408
kent,408
cup,408
ullensvang,408
islandsk,407
kasakhstan,407
tempel,407
innhaldet,407
kontor,407
rektor,407
samarbeidde,407
napoli,407
single,407
theatre,407
troppar,407
joan,407
sønene,407
omgjeve,407
fjelltopp,407
internet,406
grimstad,406
djupe,406
stanley,406
skuldast,406
gullplate,406
varmt,406
blada,406
lét,405
personen,405
leif,405
leo,405
egyptiske,405
sommarleikane,405
through,405
arktiske,405
arvefølgjekrigen,405
rotterdam,405
autonome,405
merka,405
høgdehopp,405
bratsj,405
turistmål,405
avsett,404
metodar,404
innover,404
duett,404
vener,404
løytnant,403
costa,403
haiti,403
gule,403
tjue,403
partiklar,403
nordfjord,403
belgiske,403
philip,403
stuart,403
sender,403
klare,403
mit,403
folkesetnad,403
sterkare,402
introdusert,402
lansert,402
samanhengande,402
endre,402
scena,402
himmelen,402
avleidd,402
linjer,402
burde,401
pat,401
diktsamling,401
ende,400
aftenposten,400
vincent,400
encyclopedia,400
nokså,400
solberg,400
isaac,400
halvkula,400
jacobsen,400
prestar,400
medlemmene,400
behandling,400
highway,400
måle,400
prinsippet,399
es,399
testamentet,399
mitt,399
herøy,399
tilknytte,399
ekteskapet,399
württemberg,399
françois,399
svarar,399
kvinnherad,399
hugo,399
klaus,399
vulkansk,399
lekam,399
fantasy,399
master,399
hannen,399
administrasjonssenteret,398
parker,398
hayes,398
nordenden,398
slektsnamn,398
kristin,398
tennessee,398
røysta,398
vin,397
breie,397
wergeland,397
moshav,397
bytta,396
sjeldne,396
soknet,396
morten,396
gata,396
forholdsvis,396
tilhøva,396
decca,396
akademi,396
tidlegaste,396
fjerne,396
osb,396
underground,396
primære,395
samle,395
kristendommen,395
samlar,395
industrien,395
oppom,395
bana,395
ekte,395
hest,395
overgangen,395
tresteghopp,395
teikningar,395
easy,395
cat,395
vegetasjon,394
julius,394
kjærleik,394
skadar,394
formel,394
beirut,394
framståande,394
høyrt,394
utbreidde,393
konflikten,393
særskilde,393
sannsynlegvis,393
endemiske,393
nordaustlege,393
musikkvideoen,393
styremedlem,393
lærdal,393
kvinnene,392
flyplass,392
nidaros,392
sjø,392
fuktig,392
ragnhild,392
voice,392
tilstand,392
carolina,392
skihopparar,392
redda,391
bjarne,391
brått,391
grant,391
rute,391
rune,391
bydelar,391
framtidige,391
around,391
treet,391
reine,390
forteljingar,390
marshall,390
stemme,390
variert,389
landbruk,389
funk,389
allan,389
spesiell,389
årsaker,389
visconti,389
randy,389
studiomusikarar,389
volga,389
hank,389
busetjing,388
tunge,388
fargen,388
tidende,388
halen,388
storbyområdet,388
forlaget,388
tangerine,388
taket,388
hallingdal,387
warren,387
kolonien,387
dansar,387
suksessrike,387
produsere,387
blod,387
birmingham,387
kulestøyt,387
rex,387
uppsala,387
austlandet,386
kulturar,386
jacques,386
wallace,386
nato,386
nære,386
hole,386
note,386
levanger,386
sabbath,386
königstuhl,386
alternative,385
fokus,385
malta,385
heilag,385
omgang,385
hawaii,385
ball,385
plateprodusent,385
kylie,385
lagtinget,385
bestemte,385
innslag,385
landessternwarte,385
handla,384
fabrikken,384
kanadisk,384
praha,384
trond,384
elektroniske,384
artisten,384
verv,384
sosialistiske,384
jura,384
piz,384
øvst,383
kanalar,383
invaderte,383
sarah,383
allkunnebok,383
syster,383
prøve,383
planter,383
church,383
hendrix,383
ken,383
laus,383
utstyrt,383
isbreen,383
takt,383
species,382
sierra,382
eksil,382
søraustlege,382
eksisterte,382
order,382
cole,382
avdelinga,382
remix,382
vålerenga,382
null,382
sørvestlege,382
bryst,382
dem,381
marokko,381
omsette,381
næring,381
tunnel,381
skadd,381
centre,381
statane,381
leikanger,381
laura,381
geir,381
alex,381
beat,381
ledd,381
raskare,380
endring,380
vikingtida,380
restar,380
erklært,380
aleksandr,380
verdsarv,380
forskjellig,380
restane,380
holm,380
windows,380
titlar,380
kvadratkilometer,380
hoffet,380
satsar,380
frø,380
dagbladet,379
skotår,379
fylgje,379
tiåra,379
mellombels,379
battle,379
jødane,378
nådd,378
frode,378
restaurert,378
epic,378
fjørdrakta,378
jesu,378
geologisk,378
giovanni,378
normal,377
moe,377
koret,377
minna,377
åttande,377
ralph,377
fox,377
haakon,377
empire,377
ham,377
für,377
aasen,376
ibsen,376
fjordarm,376
øvingar,376
deltakarane,376
medalje,376
varanger,376
westfalen,376
sesongane,375
halvøy,375
ringerike,375
nikolaj,375
figur,375
varm,375
bin,375
villa,375
maiden,375
tilhøvet,374
tilknyting,374
senja,374
høgder,374
strukturen,374
periodane,374
sevilla,374
verlag,374
fiction,373
overlevde,373
føde,373
indiahavet,373
nordvestlege,373
un,373
kiev,373
væpna,373
hær,373
right,373
showet,373
alive,373
sitjeplassar,372
chess,372
toppa,372
riddar,372
innbyggarar,372
statsministeren,372
fridom,372
gerry,372
ungar,372
bon,372
samtidige,371
handelen,371
ferjesamband,371
synlege,371
produsentar,371
synet,370
tolka,370
ekvator,370
jupiter,370
anlegget,370
kongane,370
cliff,370
jethro,370
studiet,369
eig,369
tenester,369
friidretts,369
sana,369
historikarar,369
bygge,369
village,369
plateselskap,369
medley,369
kyrkjeleg,369
seven,369
heil,369
farten,369
site,368
kyrkjelege,368
eventuelt,368
australsk,368
atlanta,368
hsd,368
retningar,367
knyter,367
halsen,367
grava,367
duoen,367
wave,367
charlotte,367
uttakinga,367
glen,367
grev,367
stevie,367
framstilt,367
oppfatta,366
gardbrukarar,366
greg,366
austen,366
leonard,366
sein,366
eld,366
memphis,366
oldfield,366
djupaste,366
bøndene,365
metoden,365
hertugdømet,365
substantiv,364
skilnaden,364
rekne,364
major,364
vietnam,364
malmö,364
kritikarane,364
reservoar,364
springar,364
skapa,363
age,363
oppteken,363
stilt,363
marcus,363
ringo,363
auge,363
velvet,363
human,362
trudd,362
dictionary,362
signal,362
metode,362
rare,362
samsvar,361
forslag,361
grein,361
borna,361
living,361
europe,361
sundag,361
notar,361
say,361
aleine,361
mother,361
samanlagt,361
yokohama,361
tenkt,361
motor,361
ash,361
oversida,361
hytta,360
lagd,360
emirata,360
antikke,360
hauge,360
guvernør,360
borchgrevink,360
lofoten,360
sciences,360
studert,360
refererer,360
every,360
egga,360
bil,359
tilgjengelege,359
guds,359
terra,359
ohio,359
law,359
forest,359
premiere,359
köln,359
plyndra,359
bilde,359
talar,359
wilkes,359
visste,358
folkeparti,358
rekkjefølgje,358
katedralen,358
registrerte,358
skeiseløparar,358
hammill,358
vanskelege,357
doble,357
avgjort,357
amerikanarar,357
mtv,357
total,357
fele,357
glasgow,357
frankfurt,357
format,357
trombone,357
jersey,357
lom,357
happy,357
likskap,356
klårt,356
library,356
snitt,356
skadde,356
ingeniør,356
astronomar,356
definisjon,356
mislukka,356
stars,356
heights,356
sara,356
juridisk,355
terrenget,355
hamilton,355
darwin,355
blind,355
brekke,355
ronne,355
eugene,355
programleiarar,355
refrenget,355
argentinske,355
falun,355
nobelprisvinnarar,355
kjenneteikn,355
atom,355
tilskriven,355
arktis,355
negative,354
karakteristiske,354
inge,354
symphony,354
lette,354
castilla,354
foundation,354
venen,354
trekkje,354
måleiningar,354
toppane,354
regionane,353
abraham,353
kontinuerleg,353
omsetjingar,353
fotballklubb,353
michel,353
generelle,353
nettopp,353
endrar,353
tracks,353
færøyane,353
motsette,353
lengdeløp,353
årgangar,353
antarctica,353
formene,352
organiserte,352
brot,352
samlingar,352
innom,352
province,352
vinyl,352
recording,352
kjernen,351
children,351
ishockey,351
vanskar,351
gras,351
biografisk,351
bygging,351
grave,351
yellow,351
leeds,351
pp,351
statleg,351
minner,351
eigar,351
wellington,351
train,351
stjernebiletet,351
steig,350
smak,350
kristendom,350
norway,350
leve,350
eid,350
newcastle,350
systera,350
sveitsisk,350
kunstnaren,350
hebridane,350
flaum,350
gitaren,350
kvam,350
lekamen,350
trust,350
series,349
thailand,349
følte,349
modellen,349
skodespelaren,349
fortalt,349
spelarane,349
årdal,349
normalbakken,349
hjelpe,348
høgskolen,348
kjøt,348
louise,348
xiv,348
kurs,348
clarke,348
sex,348
jay,348
drake,348
mangel,348
åring,348
channel,348
framstilling,348
sukker,348
oppgåver,348
sakte,347
einskildspråk,347
driva,347
fattige,347
nunataks,347
stalin,347
kinn,347
kaukasus,347
nedslagsfeltet,347
haugen,346
delast,346
eta,346
færre,346
nedlagt,346
varierande,346
nemleg,346
venger,346
einast,346
parallelt,346
valle,346
krim,346
nice,346
holly,346
redigert,345
century,345
døyr,345
mektige,345
folkegrupper,345
annonserte,345
pianist,345
bluff,345
marit,345
tevlingane,345
eigedom,345
donovan,345
koral,345
tvil,344
youtube,344
kongo,344
but,344
fisken,344
money,344
morgonen,344
busetjingar,344
lagde,343
fulle,343
leiarane,343
platina,343
tunnelen,343
ferja,343
eagles,343
overfor,343
oppgåve,342
akkurat,342
kommandør,342
slår,342
kurt,342
teoriar,342
innvigd,342
ektemannen,342
hektar,342
sergej,342
rumensk,342
holmen,342
greenwich,342
sjukdommar,342
gullmedaljar,342
off,342
hestar,342
syklonar,342
tonar,341
passasjerar,341
tiande,341
utstilling,341
preg,341
folkerepublikken,341
køyretøy,341
møtt,341
konkurranse,341
vararepresentant,341
karpatane,341
complete,340
jf,340
forteljinga,340
inger,340
konstantin,340
studioet,340
gjennomførte,340
gonna,340
forsvarte,340
utgitt,340
underviste,340
årsak,339
reglane,339
temaet,339
stjernene,339
galilea,339
enorme,339
fossar,339
fjelltoppen,339
filmmusikk,339
utviklar,339
kibbutz,339
karakteristisk,338
sande,338
feel,338
handballspelarar,338
busetjinga,338
punk,338
beina,338
vulkanske,338
pund,338
eigenskapane,338
uttalt,338
sats,338
gifte,338
setja,338
stjørdal,338
verneområde,337
mangla,337
hale,337
maritime,337
moshavar,337
rudolf,337
elektron,337
sjuk,337
kirker,337
kongar,337
tidspunktet,337
hugsa,336
fortalde,336
wayne,336
jente,336
ramma,336
sony,336
uro,336
hollies,336
vakre,336
made,336
tears,336
storbakken,336
year,336
bds,336
soloartist,336
koloniane,336
oppstå,335
takka,335
ragnar,335
eide,335
knapt,335
edwards,335
kvalitet,335
ørkenen,335
bygning,335
vokalisten,335
claude,335
they,335
ernest,335
ro,335
vokalar,334
administrasjon,334
kristeleg,334
arkiv,334
sunde,334
peace,334
ingrid,334
paven,334
stortingsbiografi,334
arbeiderbladet,334
hålogaland,334
anita,334
regional,334
verkelege,334
stadium,334
krafta,334
videoar,334
charcot,334
skriftlege,333
emil,333
gjennomsnittleg,333
act,333
fotballag,333
before,333
mcdonald,333
landområdet,333
austromarriket,333
hearts,333
hår,333
gamlebyen,333
teateret,333
verken,333
tog,333
secret,333
iggy,333
elevane,332
ruinar,332
tiltak,332
studie,332
look,332
languages,332
verdskrig,332
ice,332
progressive,332
passa,332
kontrollen,332
bulgarske,332
tidspunkt,332
silver,332
rv,331
astronom,331
leopold,331
idear,331
lagra,331
lise,331
tinget,331
bd,331
trinityhalvøya,331
tidvis,331
striden,331
manageren,331
legge,331
hoppa,330
skrifter,330
foss,330
leiren,330
venus,330
faith,330
skje,330
menneskeleg,330
um,330
miss,330
kol,330
karakter,330
lunde,330
innsats,330
pr,329
ove,329
tørka,329
hals,329
allegro,329
biskopen,329
name,329
besteplasseringar,329
left,329
forbode,328
strøk,328
holstein,328
komplekse,328
landslagsspel,328
forbundet,328
lyse,328
jam,328
priest,328
akustiske,328
melodifestivalen,328
ulikt,327
moglege,327
enklare,327
admiral,327
jefferson,327
utstillinga,327
universal,327
samanhengar,327
inngangen,327
toten,327
were,327
hyllest,327
paa,327
prosessar,326
detaljar,326
tenorsaksofon,326
hovudrolla,326
cupmeister,326
duke,326
cohen,326
konkurransen,326
bystyret,326
negativ,326
øyvind,325
herbert,325
møtet,325
flyktningar,325
låtskrivaren,325
møttest,325
spanjolane,325
chelsea,325
jamvel,325
landsmannen,325
banjo,325
anlegg,325
betalte,325
kanten,325
magazine,325
rush,325
aargau,325
greina,324
filippinane,324
magne,324
meisterligaen,324
observasjonar,324
arbeidarar,324
rob,324
ynskte,324
interessa,324
utstillingar,324
utforminga,324
innandørs,324
bømlo,324
ask,324
utløpet,324
most,324
tettstadene,323
rauma,323
kronprinsesse,323
eriksen,323
forening,323
okkupasjonen,323
european,323
midnight,323
høvet,322
røyster,322
institusjonar,322
mjølk,322
sørkysten,322
barna,322
entertainment,322
særskilt,322
tenkte,322
jernbanen,322
kl,322
forever,322
referanse,322
litteraturen,321
baptiste,321
haifa,321
observatory,321
style,321
symbolet,321
sk,321
initiativ,320
bolivia,320
opprettinga,320
krf,320
atlanteren,320
dalane,320
lincoln,320
planeten,320
oppdaginga,320
forsøket,320
bustad,320
vintrar,320
karibia,320
journey,320
dialekt,319
verd,319
monaco,319
tilhøyrande,319
ettertid,319
offiserar,319
minnesota,319
tanke,319
leid,319
dronninga,319
digitale,319
kfar,319
overvintrar,319
kalle,318
etiopia,318
omgjort,318
nina,318
lloyd,318
essay,318
klubbspel,318
nasjonalparken,318
elektra,318
dataspel,318
ringsaker,318
barbara,318
ike,318
atter,318
roxy,318
stasjonar,317
lasta,317
skaut,317
framifrå,317
omtalte,317
kongelige,317
vengene,317
kansas,317
afroamerikanske,317
horten,317
erobringa,317
zu,317
urfolk,317
målaren,317
utdøydd,317
papir,316
rutherford,316
grønsaker,316
ulovleg,316
verden,316
østre,316
søraustover,316
femteplass,316
strender,316
roald,315
niande,315
mineralet,315
grammatikk,315
amadeus,315
pretty,315
samlealbumet,315
cembalo,315
konstruert,315
knight,315
poesi,315
hender,314
tilbod,314
sultan,314
regissør,314
planane,314
elverum,314
morgan,314
gratis,314
kragerø,314
bergenhus,314
stop,314
orkidear,314
velje,313
handsama,313
argentinsk,313
verdscuprenn,313
pan,313
omdøypt,313
hitler,313
andrea,313
sikkert,313
territoriet,313
ist,313
captain,313
pål,312
oppnådd,312
judas,312
ishockeyspelarar,312
individuelt,312
domkyrkje,312
gjennombrotet,312
vefsn,312
hey,312
slidre,312
kvifor,311
svake,311
fjernsynsseriar,311
hercegovina,311
hendingane,311
medlemer,311
historikk,311
trondhjems,311
adult,311
brussel,311
artemisia,311
salmar,311
noregsmeistrar,311
bit,311
bær,311
wonder,311
sørøya,311
nordaustover,311
oransje,311
animals,311
avgjorde,310
very,310
tamburin,310
bestanden,310
kjetil,310
torsdag,310
diaspora,310
henri,310
presidentar,310
karen,310
highland,310
low,310
shetland,310
opptre,310
investigations,310
sri,309
sigrid,309
gitashenasi,309
fellesråd,309
skoten,309
stefan,309
modellar,309
diktarar,309
savoie,309
adrian,309
horse,309
kanonar,309
classic,308
tjukk,308
dry,308
profesjonelle,308
frykta,308
høglandet,308
øydelagde,308
bokstavar,308
johnsen,308
pennell,308
firenze,308
verdien,308
bennett,308
haldne,308
instrumenta,308
trekkspel,308
emmylou,308
nb,308
kald,307
marino,307
mekanisk,307
kyrkjegard,307
rasmus,307
fjørdrakt,307
ombygd,307
märtha,307
republikk,307
müller,307
trafikk,307
forskar,307
prisvinnarar,307
skatt,307
kontrollerte,307
tydingar,307
artistane,307
give,307
lydar,307
eksisterer,306
verdiar,306
dominerer,306
annleis,306
problemet,306
axel,306
kjøpmann,306
presentert,306
vika,306
føremålet,306
matematiske,306
slapp,306
germanske,306
kontrabass,306
grønt,305
brukarar,305
låglandet,305
fienden,305
gudar,305
gjeldande,305
joachim,305
marianne,305
folkesett,305
mikhail,305
spencer,305
hold,305
bang,305
musikkvideoar,305
ida,305
fugler,305
kravet,305
chance,305
grotta,305
sambandet,304
brooks,304
verdshandelssenteret,304
tsjekkisk,304
basel,304
sørpolen,304
ss,304
hammer,304
ettermæle,304
together,304
snow,304
kalkstein,304
margin,304
something,304
risør,304
prinsipp,303
øydelagt,303
arabarar,303
diverse,303
påverkar,303
melbourne,303
vêret,303
wings,303
lærde,302
gjennombrot,302
kopla,302
pennsylvania,302
kate,302
drivne,302
paradise,302
rådet,302
grace,302
simple,302
enderby,302
anatolia,302
vinna,302
svakt,301
istida,301
krefter,301
mongolia,301
sak,301
søre,301
koloni,301
kings,301
kjensle,301
opplæring,301
senatet,301
leningrad,301
stemma,301
femten,301
plateprodusentar,301
spitsbergen,301
arkitekten,301
industrielle,301
material,301
namngjevne,301
uansett,301
johnston,301
jason,301
vårt,300
slavar,300
talrike,300
fotograf,300
knudsen,300
heroes,300
teoretisk,300
sjangrar,300
fredag,300
isolerte,300
stemne,300
matt,300
dna,300
stories,300
mississippi,300
heritage,300
eddy,300
tyngre,300
townshend,300
kontrakten,300
html,300
muslimsk,299
minnesmerke,299
suite,299
aktivitetar,299
regimet,299
plateau,299
osmanarane,299
brandenburg,299
seine,299
signert,299
handlingar,299
disco,299
heat,299
ngc,299
bilen,298
bangladesh,298
progressiv,298
tiåret,298
vesentleg,298
aviv,298
sporvefuglar,298
auf,298
tynne,298
engasjert,298
godkjend,298
joni,298
herr,298
kommunale,298
grove,298
ebu,298
skjønnlitterære,298
britannia,298
firmaet,297
kategorien,297
gone,297
tørr,297
ble,297
gjaldt,297
kenneth,297
svenskane,297
parlophone,297
urban,297
ingeborg,297
oppdikta,297
sanskrit,297
ørpen,297
omleiringa,297
organismar,297
ekspedisjonar,297
eliteserien,297
artium,297
stadar,297
vekta,297
nivået,296
leggje,296
evt,296
daglege,296
utrydda,296
endemisk,296
tilknytt,296
abel,296
meldinga,296
beitar,296
lane,296
ligaen,296
scientific,296
astronomi,296
akademiet,296
dresden,296
overraskande,296
landområda,296
hindi,296
blått,296
harmonivokal,296
notre,296
grunnstoff,296
debutalbum,296
rangerte,295
kveite,295
steen,295
kyrkjelyd,295
odda,295
salzburg,295
skogar,295
hope,295
milan,295
alabama,295
rådgjevar,295
presenterte,295
goes,295
strategisk,295
julie,295
face,295
lyrikarar,295
celler,295
slåttar,295
framtida,294
nigeria,294
grunnar,294
fjelltoppar,294
uvanlege,294
newman,294
montreal,294
bevarte,294
høgskulen,294
tonen,294
garcia,294
gut,294
bolan,294
glass,294
lonely,294
rodgers,294
omliggande,294
ris,293
generell,293
ensemble,293
hamnebyar,293
ntnu,293
vinterleikane,293
please,293
tilhøyrer,293
gallen,293
hende,293
stafetten,293
gloppen,293
bakteriar,293
yardbirds,293
ex,292
éi,292
skildre,292
liberale,292
eigna,292
butikkar,292
arild,292
harold,292
fron,292
baron,292
teknikk,292
strekte,292
eigaren,292
chapman,292
elver,292
fylkesleksikon,292
prostiet,292
framlegg,291
inneber,291
islamske,291
upon,291
fag,291
sunge,291
krinsar,291
konstantinopel,291
express,291
cæsar,291
kyrkjegarden,291
europacupen,291
kind,291
nettverk,291
byggja,291
velståande,291
kiss,291
believe,291
røystene,291
early,291
ekstremt,291
forum,290
steg,290
frp,290
leon,290
nicholas,290
tippeligaen,290
vesten,290
kallenamnet,290
bernard,290
vid,290
assistent,290
been,290
skihopping,290
mekka,289
sokk,289
arafat,289
kombinasjonen,289
change,289
rive,289
lisa,289
stengd,289
uttala,289
kosta,289
uspesifisert,289
ordbok,288
verset,288
tretten,288
trygve,288
margaret,288
mons,288
moderat,288
innsjøane,288
convention,288
denny,288
orleans,288
kviterussland,288
spissen,288
lea,288
sparks,288
hat,288
idol,288
askvoll,288
tales,288
po,288
overgang,287
sudan,287
uruguay,287
karin,287
jern,287
ry,287
hammond,287
opphald,287
sessions,287
sahara,287
fengsla,287
beograd,287
carole,287
sigrar,287
utsette,287
militært,287
avdelingar,287
innsbruck,287
kjempe,287
brød,287
ruter,287
elo,287
samanhengen,286
kosovo,286
variasjonar,286
nemnast,286
gjenverande,286
femner,286
kristus,286
non,286
werner,286
designa,286
fartøyet,286
sinatra,286
shirley,286
administrert,286
crimson,286
forvekslast,286
verksemder,286
vilkår,286
avtalar,286
medium,286
janeiro,286
soft,286
field,286
massen,286
soger,285
kapittel,285
framføringa,285
livskraftig,285
oppløyste,285
følgd,285
sametinget,285
houston,285
annie,285
manuel,285
angrep,285
vega,285
utkanten,285
middel,285
dominerte,285
varmare,285
lynn,285
dubai,285
cupfinalen,285
turar,285
hammondorgel,285
dialektane,284
kjønna,284
bagdad,284
stabil,284
jonathan,284
høgdepunktet,284
tree,284
vesaas,284
meyer,284
diktsamlinga,284
jimi,284
attmed,284
murmansk,284
asteroide,284
kraftverket,284
craig,284
øl,284
gaza,284
teologi,283
eng,283
plukka,283
embetsmann,283
utsyn,283
krinsen,283
likninga,283
styrta,283
rasmussen,283
bevis,283
flukt,283
matthew,283
ferda,283
psykedelisk,283
everything,283
corporation,283
uttalte,283
jobb,283
studera,283
grateful,283
why,283
utnytta,283
kritisert,282
jenter,282
dyreliv,282
sørleg,282
kvinneleg,282
diana,282
cornwall,282
kjærasten,282
jobben,282
shaw,282
soleis,282
meining,282
stål,282
likna,282
guvernøren,282
talk,282
kontrollert,282
oppå,282
detroit,282
ragnvald,281
rise,281
arkivverket,281
viktor,281
rytme,281
apollo,281
immigrantar,281
diskoskast,281
kartlagde,281
trekkjer,281
quartet,281
alderen,281
oksygen,281
storleikar,281
studies,281
makedonía,281
doug,281
yrke,280
sendte,280
better,280
afrikansk,280
kelly,280
richie,280
kommunestyret,280
dramatisk,280
polar,280
mein,280
ete,280
true,280
underartar,280
motion,279
sjølvstyre,279
fiskar,279
kunngjorde,279
morris,279
fylte,279
befolkninga,279
than,279
avbilda,279
reidar,279
spirit,279
strange,279
russarane,279
redaktørar,279
ryggar,279
sounds,279
nothing,279
handa,279
trevor,279
final,278
inntrykk,278
måndag,278
utkjempa,278
semifinale,278
operaer,278
hunter,278
samde,278
hms,278
sjetteplassen,278
behov,278
grunnleggande,278
komposisjonar,278
marlborough,278
tirol,278
himalaya,278
glad,278
måler,278
blodet,278
broadway,278
dee,278
skandinaviske,277
oppdal,277
solid,277
gamalt,277
fat,277
edmonton,277
bernhard,277
heimesida,277
division,277
figuren,277
attvald,277
springfield,277
vassdraget,277
dampskip,277
hughes,277
must,277
folkehøgskule,277
kommersielt,277
forsyningar,277
bølgja,277
personell,277
farsgarden,277
størstedelen,276
ytst,276
steel,276
utbreiingsområdet,276
strekker,276
nancy,276
hessen,276
identifisert,276
puerto,276
fortalte,276
heradsstyret,276
ontario,276
strategiske,276
selja,276
truls,276
boogie,276
forteljing,276
varaordførar,276
fribourg,276
dårlegare,275
tankar,275
håp,275
tsar,275
fish,275
suldal,275
leir,275
dancing,275
styreleiar,275
heimebane,275
arrangementet,275
tempo,275
seljord,275
tettsteder,275
ærespris,275
nyhus,275
nordøya,275
kenya,274
historikaren,274
permanente,274
statusen,274
tusenvis,274
halvvegs,274
lensmann,274
sapporo,274
albansk,274
alba,274
dele,274
danninga,274
vasskraftverk,274
komande,274
programmering,274
synge,274
forstå,273
forbod,273
rapport,273
qatar,273
dirt,273
augustus,273
asteroiden,273
skihoppar,273
katarina,273
oppvarming,273
illinois,273
ukjende,273
baez,273
tung,273
notodden,273
flekkefjord,273
innvald,273
somrar,273
åtferd,273
øvingane,273
br,273
tanken,272
brannen,272
renessansen,272
målte,272
moshaven,272
sørvestover,272
kavaleriet,272
grieg,272
rogers,272
games,272
vigsla,272
dj,272
betale,272
utgjevne,272
stillingar,272
salmebok,272
grunnleggjaren,271
arv,271
fylka,271
peikar,271
today,271
gult,271
lena,271
inni,271
ya,271
culture,271
segl,271
sverdrup,271
hero,271
usas,271
fisher,271
opprette,271
piemonte,271
front,271
utforming,271
balkan,271
syngje,271
etternamn,271
arista,271
tevling,271
felttoget,271
kyrkjesøk,271
engasjerte,270
ortodoks,270
vilje,270
dukkar,270
publishing,270
fastsett,270
kronprins,270
alvorlege,270
julian,270
operasjonar,270
gro,270
händel,270
hart,270
primær,270
bremen,270
bustader,270
eye,270
fool,270
hi,270
cry,270
garfunkel,270
hakea,270
bryt,269
mandal,269
byggverket,269
theodor,269
olsson,269
nautisk,269
skipinga,269
gods,269
oliver,269
fis,269
information,269
louisiana,269
menneskelege,269
cupvinnarcupen,269
flatt,269
eiker,269
muren,269
angus,269
gruppespelet,269
tsjekkiske,269
hoer,269
avskaffa,268
sant,268
vender,268
romantiske,268
sørsamisk,268
saturn,268
kreta,268
watson,268
carr,268
leidd,268
seoul,268
vaughan,268
klassa,268
domkyrkja,268
platå,268
resulterte,268
instituttet,268
overraska,268
maskin,268
going,268
persiske,267
attåt,267
passerte,267
persiabukta,267
militæret,267
oppløysing,267
brystet,267
hjartet,267
rainbow,267
gjerast,267
gravlagde,267
sentrumssoner,267
army,267
swing,267
monster,267
novgorod,267
butterfly,267
manfred,267
arva,266
overlevande,266
bronsealderen,266
trans,266
tilnamnet,266
anker,266
sing,266
vancouver,266
sullivan,266
sjetteplass,266
opplysningar,266
tileigna,266
skaffe,266
lough,266
etnisk,265
forretningsmann,265
heva,265
sleit,265
brother,265
grekarane,265
thin,265
døgn,265
ireland,265
godkjende,265
ride,265
osmansk,265
robbie,265
jabal,265
michigan,265
oppgåva,264
sjåast,264
eksisterande,264
embetet,264
utbygging,264
smalt,264
maurice,264
utanriksminister,264
jæren,264
evna,264
digitalt,264
ordna,264
cale,264
carlsen,264
presentasjon,264
kandidat,264
føreslo,264
need,264
lærarar,264
regisserte,264
roland,264
mama,264
populariteten,264
medals,264
lekamar,264
pacific,264
flyg,264
interesser,264
medisinske,264
svak,264
havnivå,264
fairport,264
klubbar,263
rørsler,263
inviterte,263
magnetiske,263
helt,263
reserve,263
riven,263
boris,263
hending,263
sunnhordland,263
inc,263
strøm,263
frederick,263
foreininga,263
sonate,263
kommando,263
sc,263
hampshire,263
posten,263
turne,263
public,263
för,263
talt,262
jobbar,262
unnatak,262
alfa,262
moldova,262
åge,262
instrumentale,262
elias,262
dommar,262
rockegruppa,262
eksperimentelle,262
stiftinga,262
låtar,262
målingar,262
harvard,262
russarar,262
inndelt,262
tørt,262
dass,262
krateret,262
christine,262
høgdeskilnad,262
verbet,261
giske,261
universet,261
fest,261
muhammed,261
tilbyr,261
britannica,261
ellen,261
massif,261
dolly,261
livs,261
aurdal,261
kombinerte,261
bislett,261
mad,261
svekka,260
kartla,260
gylne,260
venner,260
framsida,260
vestlegaste,260
nedlagd,260
valleys,260
klår,260
straits,260
verknad,260
trommeslagarar,260
kulturelt,260
austin,260
maraton,260
søner,260
variere,260
spesialiserte,260
arna,260
vurdert,260
derek,260
fiolinar,260
chilenske,260
department,260
tucker,260
mcvie,260
instrumentering,260
leva,259
jødedom,259
bergensbanen,259
skilja,259
henning,259
konkurs,259
dire,259
statsministrar,259
drepe,259
leggja,259
walt,259
square,259
price,259
rumenske,259
oppvaksen,259
skriftspråk,258
høgdepunkt,258
mills,258
angripe,258
elektrisitet,258
diego,258
demokratisk,258
karmøy,258
ruth,258
foreslått,258
toronto,258
guevara,258
fakultet,258
krava,258
lier,258
ogae,258
øygarden,258
perm,258
tilstanden,258
alkohol,258
kaffi,258
akt,258
konseptet,258
salmen,258
prefekturet,258
stardust,258
ønskjer,257
bygdene,257
hermann,257
thor,257
lid,257
burton,257
irish,257
motoren,257
familiane,257
ingenting,257
kritiserte,257
valt,257
sona,257
funksjonen,257
ájos,257
filmmusikken,257
ru,257
utøvarane,257
nu,256
garborg,256
vesen,256
picture,256
segn,256
bytte,256
utbygd,256
kroatisk,256
soldat,256
istanbul,256
landsbygda,256
manager,256
nansen,256
ulukka,256
basso,256
baksida,256
call,256
fint,256
usemje,256
utdanninga,256
peaks,256
molekyl,256
raitt,256
artists,256
keyboard,256
legend,256
dactylorhiza,256
manus,255
forsvare,255
radikale,255
uttale,255
são,255
skolen,255
dikting,255
steinalderen,255
asbjørn,255
høgast,255
tungt,255
hjelmeland,255
jordbruket,255
fremja,255
søndag,255
kommunestyre,255
sterkaste,255
philadelphia,255
mill,255
drikke,255
nordrhein,255
væska,255
dawn,255
lanka,254
hebraiske,254
høgtider,254
hagar,254
pommern,254
sjøs,254
kveld,254
skvadron,254
definisjonen,254
avgjere,254
board,254
jotunheimen,254
innsatsen,254
litauiske,254
herre,254
frittståande,254
austerrikarane,254
ferskvatn,254
bronsen,254
vaksen,254
orkesteret,254
rs,254
lèt,253
bonaparte,253
leverte,253
maximilian,253
dømde,253
meters,253
globale,253
orange,253
faktorar,253
african,253
valkomiteen,253
wisconsin,253
nasjonane,253
farleg,253
fenomenet,253
fan,253
igjennom,253
bystyre,253
ryan,253
ted,253
verdsrekorden,253
femteplassen,253
room,253
ecm,253
tempererte,253
rajon,253
kaldt,252
studium,252
nøye,252
kategori,252
automatisk,252
kunstmålar,252
hittane,252
works,252
kartago,252
oppstått,252
tin,252
vadsø,252
bei,252
separate,252
utafor,252
li,252
gallery,252
reir,252
flåte,252
edge,252
leire,252
føda,252
undersøking,251
episoden,251
schmidt,251
normandie,251
bles,251
bibelske,251
paulus,251
forskingsekspedisjon,251
temperaturane,251
meininga,251
quebec,251
porter,251
parton,251
demografi,251
pl,251
varamann,251
web,251
risiko,251
holmestrand,251
cola,251
roterande,251
södermanland,251
moody,251
mørkare,250
jur,250
hjelpa,250
biography,250
ronald,250
beethoven,250
cornelius,250
foreldre,250
musikalen,250
well,250
klippa,250
annektert,250
obo,250
geometri,250
fogerty,250
tilfellet,250
ocean,250
variabel,250
nasjonar,249
action,249
uavhengige,249
alexandria,249
myrda,249
snøgt,249
flott,249
stoltenberg,249
folka,249
farvatn,249
verve,249
genève,249
reaksjon,249
firth,249
shine,249
toppskårar,249
tenesta,249
husdyr,249
dogs,249
kulturell,248
kast,248
håvard,248
ix,248
kyoto,248
dreg,248
lisboa,248
juventus,248
della,248
amman,248
alliansen,248
komplett,248
social,248
varierte,248
forklarte,248
fuge,248
oppfølgjaren,248
tendens,248
ch,248
åstad,248
elvene,248
archipelago,248
osv,247
tanzania,247
nordamerikanske,247
tolking,247
absolutt,247
fi,247
varianten,247
natural,247
duncan,247
stavhopp,247
klaverspelaren,247
strøymer,247
lyssterke,247
hip,247
frys,247
isbrem,247
røyr,247
stadane,247
ph,247
byprefektur,247
skiljet,246
fakta,246
passar,246
evne,246
leie,246
krigane,246
medlemmet,246
vidar,246
keltisk,246
sakprosa,246
lyst,246
soundtrack,246
hannover,246
kroatiske,246
archive,246
movie,246
keep,246
troppane,246
tilnærma,246
eigedomen,246
tjukke,246
adelaide,246
freeze,246
grendene,246
lilla,246
sang,246
idrettslaget,246
regelmessig,246
wallis,246
sideveg,246
ixodes,246
viktigare,245
breiare,245
hjernen,245
skjedd,245
caroline,245
iranske,245
six,245
hovudkvarteret,245
skada,245
butler,245
dorset,245
aktig,245
roleg,245
slette,245
meteorolog,245
edmund,245
valkrinsen,245
hear,245
gould,245
styreformann,245
raymond,245
drenerer,245
iucn,245
halvøyar,245
text,245
mangfald,244
gudbrandsdalen,244
utdøydde,244
strukturar,244
klarinett,244
nilsson,244
scotland,244
georges,244
slidegitar,244
austtyske,244
harvey,244
espen,244
kommunistpartiet,244
syrisk,244
frost,244
kjøpe,244
effektiv,244
nakne,244
sikker,244
return,244
grevskap,244
pasientar,244
spørsmålet,243
utelukkande,243
austleg,243
nobelprisvinnar,243
austlegaste,243
nature,243
observatoriet,243
ob,243
raske,243
kopar,243
massiv,243
colorado,243
arsenal,243
finnast,243
carmen,243
styrar,243
ordninga,243
grammyprisen,243
unike,243
volumet,243
tråd,242
positivt,242
hovudkontor,242
bykommune,242
terreng,242
linux,242
indiana,242
klippe,242
vita,242
generalsekretær,242
adriahavet,242
medlåtskrivar,242
vardø,242
presse,242
derfrå,242
grov,242
vesterålen,242
korkje,242
short,242
comes,242
tynt,242
liter,242
variasjon,241
dyrking,241
klubb,241
panama,241
uttrykt,241
sluttar,241
sunndal,241
holmar,241
herskar,241
shakespeare,241
prøvd,241
frankie,241
work,241
jarlsberg,241
særeigne,241
historier,241
est,241
deutsche,241
lastebilar,241
middels,241
oslofjorden,241
psykedeliske,241
tripoli,241
oberst,241
erobre,241
serbiske,241
rapporterte,241
kristi,241
programvare,240
jamt,240
tvungen,240
augo,240
bryne,240
liks,240
their,240
problema,240
utnemnde,240
namsos,240
produsera,240
makedonsk,240
hovudvegen,240
døypt,240
pluss,240
owl,240
lorraine,240
gjennomsnitt,240
carol,240
cool,240
dome,240
løysing,239
spenning,239
moses,239
svara,239
fylkeskommune,239
kommunesenter,239
feiringa,239
without,239
prov,239
greve,239
waiting,239
skiskyttar,239
ryfylke,239
milton,239
fritz,239
playstation,239
antwerpen,239
cromwell,239
ferdige,239
commission,239
publikasjonar,239
danse,239
ommastra,239
lagtevlinga,239
satsa,239
gåver,239
nettet,239
rockeband,239
lyrikk,239
køyrer,239
viker,239
fossil,239
varamedlem,239
episodar,238
lågtrykk,238
fugleartar,238
teknikkar,238
ressursar,238
bernie,238
aurland,238
dekar,238
camp,238
meteren,238
gjest,238
belfast,238
sone,238
gospel,238
hawkins,238
wembley,238
vakse,238
ønske,238
herrar,238
friend,238
disk,238
parma,238
økologi,238
mcguinn,238
framstegspartiet,237
bugge,237
catherine,237
dokumentert,237
stan,237
forkorting,237
omdanna,237
women,237
inter,237
talent,237
øvstkommanderande,237
doktorgrad,237
fuktige,237
hamner,237
kopi,237
helsa,237
skjold,237
walsh,237
romanforfattarar,237
double,237
grus,236
jomfru,236
ultimate,236
prestegarden,236
nicolai,236
måleria,236
teknikken,236
area,236
tilhøyrde,236
rockegitaristar,236
murphy,236
theater,236
miste,236
kristiansen,236
vedtak,236
langvarig,236
fødsel,236
departementa,236
hindrar,236
bryte,236
skilnader,235
nepal,235
religionar,235
ten,235
stamme,235
lært,235
minka,235
ulstein,235
borgund,235
merkedag,235
macdonald,235
halvor,235
kongressen,235
romanane,235
advokat,235
sandwichøyane,235
krydder,235
roses,235
generasjon,235
betra,235
fasen,235
løyse,235
tyrkarane,235
chamberlain,235
vassdrag,235
sonny,235
oboar,235
devon,235
vertikale,235
aurskog,235
systematisk,234
kontrast,234
hendene,234
fin,234
furu,234
birger,234
utsjånaden,234
rev,234
patent,234
reiskap,234
bestseljande,234
ella,234
hovudpersonen,234
bare,234
omtalar,234
eigentlege,234
partane,234
ba,234
lindesnes,234
kjensler,234
tunnelar,234
norwich,234
forstad,234
ricky,234
solothurn,234
løyst,233
these,233
talarar,233
commonwealth,233
preston,233
sparebank,233
omsetjar,233
halvorsen,233
tysdag,233
hovudkvarter,233
sophie,233
wagner,233
nøgd,233
todd,233
betydeleg,233
hekking,233
sisters,233
nordleg,233
freedom,233
kreft,233
skot,233
personane,233
gangar,233
dom,233
fitjar,233
kompleks,233
passet,233
himmel,233
forbunde,233
sortland,233
cher,233
blomstrar,233
debutantar,233
voivodskap,233
stjernebilete,233
konsonantar,232
cold,232
trengde,232
spelemann,232
julia,232
homs,232
klippene,232
springsteen,232
kibbutzar,232
hebron,232
innsida,232
recordings,232
lombardia,232
melodiar,232
posthumt,232
oppførte,232
hald,232
planlegging,232
tana,232
karakteren,232
årsjubileet,232
tomorrow,232
beautiful,232
holy,232
bert,232
skyer,232
asteroidar,232
rhône,232
gudane,231
maten,231
utføre,231
nektar,231
religionen,231
musical,231
grey,231
astronomiske,231
eurasia,231
tryggleik,231
premier,231
valencia,231
info,231
gullet,231
nærskylde,231
hopkins,231
kringkastaren,231
vokse,231
motteke,231
tilfeldig,231
sings,231
steely,231
pinyin,231
praktiske,230
kino,230
fødselen,230
admininistrasjonsreform,230
grunnleggjarane,230
muhammad,230
lydteknikarar,230
isfri,230
inside,230
andes,230
sogene,230
arkeologi,230
planla,230
johns,230
stage,230
traktorar,230
princess,230
myntar,230
palace,230
wii,230
byprefekturet,230
snakk,229
egyptisk,229
development,229
nobels,229
gerhard,229
grotter,229
feilaktig,229
ukjent,229
fjorten,229
massive,229
videnskaps,229
hastings,229
nordhordland,229
effektar,229
kunstige,229
øygruppe,229
keltiske,229
namnsett,229
utdrag,229
fase,229
vulkan,229
jamn,228
next,228
identitet,228
kledd,228
betong,228
warszawa,228
verksted,228
harvest,228
nasjonaldagar,228
uroa,228
karibiske,228
scottish,228
invitert,228
reeves,228
plaga,228
landslagsspelarar,228
øyer,228
måleriet,228
tilbaud,228
hardrock,228
glimt,228
fun,228
spector,228
pictures,227
kropp,227
bibsys,227
krins,227
lester,227
framføring,227
kaspihavet,227
våpenet,227
egearhavet,227
landskamp,227
unik,227
smelta,227
has,227
henley,227
kanariøyane,227
hundrevis,227
fordelte,227
krossfararane,227
godkjent,227
uventa,227
tysnes,227
solund,227
negev,227
femti,227
kollapsa,227
palestine,227
iphone,227
primært,226
basis,226
hundreåra,226
eintal,226
stammen,226
krone,226
lager,226
felix,226
skogane,226
sannsynleg,226
reelle,226
algebra,226
ora,226
gudinna,226
rita,226
luis,226
marius,226
rådde,226
sjuårskrigen,226
innafor,226
farsund,226
keramikk,226
bidra,226
biologi,226
avslo,226
protein,226
djupare,226
exploration,226
tyde,225
norwegian,225
indian,225
inndelinga,225
føderale,225
stige,225
definerer,225
denis,225
roberts,225
kross,225
utgravingar,225
len,225
touch,225
silva,225
mektig,225
alone,225
böhmen,225
herska,225
rå,225
forfattarane,225
froese,225
sims,225
småøyar,225
lovin,225
sams,224
endringane,224
nine,224
fleirtalet,224
else,224
oskar,224
organist,224
underside,224
vakker,224
nøyaktige,224
eksperiment,224
varma,224
etc,224
dramatiske,224
enorm,224
krossen,224
krosskyrkje,224
wish,224
holiday,224
tangen,224
everybody,224
huda,224
atmosfærisk,224
frey,224
juridiske,223
strenge,223
vegsamband,223
minister,223
helgedag,223
chet,223
oppheva,223
sultanen,223
frisk,223
shannon,223
montert,223
tilsvarar,223
handballspelar,223
rikard,223
justin,223
platekontrakt,223
foreslo,223
berømte,223
asiatiske,223
søk,223
jus,223
haldeplass,223
magasin,223
string,223
gåve,223
regjeringstida,223
umm,223
kafr,223
melhus,223
eigarar,223
jølster,223
steinalder,222
slovakisk,222
bernt,222
skikken,222
revival,222
protestantiske,222
hello,222
management,222
nynorskforfattarar,222
grunne,222
moen,222
otis,222
assosiert,222
hannibal,222
illustrasjonar,222
sårbar,222
lyngdal,222
hydrogen,222
plast,222
sparta,222
brune,222
pas,222
styrer,221
innføringa,221
skipe,221
maine,221
fredspris,221
fischer,221
vellukka,221
diddley,221
mel,221
kasus,221
overgav,221
hotellet,221
rhodes,221
medlemskap,221
chandler,221
benny,221
frøya,221
sveriges,221
petroleum,221
påvist,221
svingar,221
libanonfjella,221
konseptalbum,221
jakta,221
alpint,221
råds,221
fjellovergangar,221
vernar,221
chr,221
sardisk,221
beite,220
bassistar,220
reisande,220
mari,220
prøva,220
lizzy,220
flaggdagar,220
langrennsløpar,220
jackie,220
solsystemet,220
nicolas,220
merknadar,220
nedst,220
ifylgje,220
straffa,220
pro,220
dyret,220
høland,220
düsseldorf,220
utstyrte,220
versa,220
romartida,220
lokalpolitikarar,220
attikí,220
kantate,220
stay,220
trod,220
avviste,219
riksmål,219
uten,219
avvist,219
jarnbanestasjonar,219
kapteinen,219
doobie,219
hjalmar,219
fylgde,219
tette,219
french,219
fråflytta,219
vurderte,219
linjene,219
synest,219
frukta,219
catalonia,219
leikar,219
amy,219
småland,219
ward,219
føderasjonen,218
islamsk,218
sitjande,218
fylkesgrensa,218
lyrikar,218
skjåk,218
alexandra,218
oppdagar,218
danmarks,218
vite,218
sarajevo,218
marta,218
førsteplass,218
león,218
føtene,218
landemerke,218
tarjei,218
bonham,218
inntekter,218
theory,218
veksande,218
normale,218
word,218
hønefoss,218
bas,218
styx,218
osterøy,218
kriminalroman,218
stavingar,218
cream,218
asteroidefamilien,218
apertium,218
kjennetegna,218
uss,217
filosofar,217
staving,217
greidde,217
sula,217
bruksområde,217
såra,217
høgsterett,217
debuten,217
xii,217
poet,217
gjennomgang,217
komen,217
veggen,217
drivstoff,217
ajax,217
them,217
strait,217
kant,216
riksantikvaren,216
døy,216
tilhengjarar,216
trekke,216
vara,216
administrasjonen,216
mørkt,216
overside,216
doktorgraden,216
biolog,216
kjemikar,216
halve,216
tynset,216
siouxsie,216
karasjok,216
arkitektar,216
hiroshima,216
byte,216
elementa,216
bly,216
samar,216
observerte,216
absolute,216
think,216
jarn,216
melody,216
iso,216
avanserte,215
algerie,215
skulpturar,215
generalen,215
provinshovudstaden,215
indirekte,215
slett,215
pettersen,215
profesjonell,215
eds,215
aksen,215
palasset,215
vestenden,215
demokrati,215
hjul,215
heilskap,215
demo,215
utbygginga,215
stoppe,215
vigd,215
demninga,215
said,215
reynolds,215
originalen,215
vaksdal,215
skrivast,215
sjælland,215
factsheet,215
ever,215
col,215
versjonane,215
forstadane,215
motown,215
ziggy,215
optisk,215
patti,215
lei,214
framføre,214
noka,214
gutar,214
utføra,214
stoppar,214
spiss,214
opning,214
fornya,214
clements,214
claus,214
kapasitet,214
foto,214
skodespelet,214
bomull,214
førekomst,214
vasilij,214
peloponnes,214
sørensen,214
tyskarar,214
plays,214
hud,214
striper,214
liggande,214
baku,214
etterkrigstida,214
motstanden,214
forlenga,214
svakare,214
sprintarar,214
aktiviteten,214
quo,214
bremanger,214
nahiyah,214
dich,214
høyanger,214
mystery,213
roar,213
kingston,213
forskinga,213
crystal,213
florø,213
donna,213
samleplata,213
kid,213
deacon,213
revolution,213
review,213
ideane,213
doha,213
litle,213
låt,213
medrekna,213
hamnebyen,213
ljos,213
gillan,213
thunder,213
hesten,213
hyllestad,213
dansen,213
kommandert,213
schulze,213
haute,213
strengt,212
regelen,212
dyre,212
etymologi,212
fjellområde,212
folkesette,212
sjukdommen,212
pedro,212
nederlaget,212
nasjonalforsamlinga,212
welcome,212
ferguson,212
forstod,212
samane,212
manhattan,212
litterær,212
herja,212
arbeidarane,212
produktet,212
bispedøme,212
network,212
barnebokforfattarar,212
business,212
geographic,212
annonsert,212
reduserte,212
kyrkjelyden,212
religiøst,211
sjuke,211
marmor,211
flokkar,211
forlis,211
hjørnet,211
balladar,211
laust,211
urbane,211
forbund,211
fair,211
fiskarar,211
etablere,211
tang,211
vågå,211
framgang,211
fronten,211
venn,211
prestegard,211
symptom,211
coming,211
goodbye,211
lac,211
fansen,210
bjørnson,210
gater,210
forklaring,210
fabrikk,210
fastbuande,210
protest,210
gibson,210
petersen,210
belgisk,210
flaug,210
veksten,210
nedgang,210
universitetsforlaget,210
eksistert,210
krigføring,210
ground,210
arms,210
rené,210
johannessen,210
deltakar,210
schneider,210
tide,210
ungdomsskule,210
princeton,210
arkeologisk,210
blanc,210
finlands,210
biscoe,210
kolibriar,210
june,210
høgde,210
official,210
riders,210
respekt,209
endringa,209
humor,209
akseptert,209
usarp,209
næringslivet,209
dekke,209
rapportert,209
astrup,209
avfall,209
røtene,209
haag,209
matthews,209
hanne,209
erlend,209
emma,209
einstein,209
senda,209
bing,209
granitt,209
tiden,209
milde,209
sirkel,209
kviteseid,209
vekte,209
imponerande,209
skildringa,209
omringa,209
fjaler,209
kinas,209
køyre,209
google,209
solokarriere,209
gassar,209
bani,209
browne,209
skildrande,209
ottar,208
erkebiskop,208
triumf,208
sjølvstendekrigen,208
pioner,208
report,208
nederlag,208
renna,208
austevoll,208
tent,208
stormeister,208
hanna,208
martha,208
mellomtida,208
visepresident,208
forventa,208
fm,208
audio,208
fargane,208
rymill,208
choir,208
poems,208
alpes,208
focus,208
nedste,207
madagaskar,207
fallet,207
jewish,207
introduction,207
utviding,207
herren,207
manglande,207
statue,207
fe,207
sørafrikanske,207
nissen,207
dakota,207
clara,207
klaverspelar,207
drapet,207
antarktisk,207
betalt,207
alvor,207
alliert,207
restaurantar,207
gmelin,207
alpin,207
belgica,207
skogbruk,207
lyon,207
technology,207
syd,207
stange,207
årbok,207
productions,207
weather,207
sykling,207
galaksar,207
vonde,206
forsvinn,206
handsaming,206
severin,206
nyttig,206
teiknar,206
kantar,206
lengde,206
biblioteket,206
ur,206
mayall,206
offer,206
teatret,206
journalisten,206
konsept,206
mislukkast,206
oppfordra,206
formelle,206
delinga,206
sorenskrivar,206
buskar,206
hage,206
devil,206
holder,206
medprodusent,206
brote,206
reaksjonar,206
infeksjon,206
sjukehuset,206
optiske,206
høyrest,206
vekse,206
nights,206
sts,206
kvaliteten,205
malaysia,205
leier,205
samlingane,205
segna,205
nordpolen,205
schleswig,205
encyclopædia,205
globalt,205
oppfinnar,205
persia,205
own,205
kartet,205
warwick,205
simone,205
https,205
gilbert,205
skard,205
folkemuseum,205
borgen,205
semje,205
slaviske,205
aus,205
klepp,205
studentane,205
erstatte,205
vaks,205
emiratet,205
oppfølgjar,205
regiment,205
katalogen,205
nor,205
austenden,205
website,205
damm,205
krimhalvøya,205
krasnojarsk,205
sud,205
auget,205
definerte,204
drag,204
seriar,204
jødedommen,204
tankane,204
besøk,204
sharon,204
blake,204
sjølvstendet,204
helena,204
joy,204
usikkert,204
sølvmedaljar,204
lysare,204
banken,204
helen,204
akademiske,204
krepsdyr,204
canadian,204
returnerte,204
fukt,204
ns,204
riksvåpenet,204
sampla,204
sørishavet,204
coverversjonar,204
askøy,204
plateboksen,204
virus,204
geiter,204
buffalo,204
ørn,204
øyene,204
daude,204
luzern,204
västerbottens,204
lærer,203
sopp,203
fattigdom,203
kamerun,203
brooklyn,203
madison,203
francesco,203
omstridd,203
gloria,203
nazistane,203
marvin,203
armenske,203
ik,203
mon,203
valdemar,203
gatene,203
mur,203
kunstnariske,203
invasjon,203
delstatar,203
arizona,203
rund,203
personbeste,203
holme,203
infanteriet,203
hev,203
ligge,203
prestasjon,203
hovudstader,203
fortenestmedalje,203
akutt,203
vendte,203
fellesstart,203
shadows,203
yourself,203
klåre,202
hytter,202
pilot,202
morfologi,202
nedbøren,202
lesja,202
eik,202
ikring,202
brende,202
kiel,202
oliven,202
installert,202
bronsemedaljar,202
infrastruktur,202
komi,202
essex,202
duo,202
fans,202
søraustsida,202
nettsider,202
nazi,202
scotia,202
moog,202
regjerte,202
hal,202
juristar,202
ramallah,202
split,202
heimstaden,202
trasé,202
simpson,202
brigade,202
monaleg,202
västergötland,202
sanka,202
christ,202
martyn,202
cut,202
airplane,202
nedskrifter,202
fylkesvegfleirtyding,202
hull,201
marknad,201
spesifikke,201
lånord,201
holt,201
kopiar,201
administrerande,201
sokna,201
bygga,201
vide,201
lesa,201
always,201
reformer,201
jørgensen,201
joplin,201
bysantinsk,201
xi,201
lives,201
sigmund,201
slepp,201
sverd,201
stridsvogner,201
willy,201
angels,201
fru,201
tangentinstrument,201
revolusjonære,201
hefte,201
pseudonymet,201
smile,201
styringa,201
laut,201
ynskjer,201
bølgje,201
jordoverflata,201
verktøy,200
psykologi,200
hinduismen,200
vente,200
parallelle,200
loven,200
kristoffer,200
skifte,200
karlsen,200
jenny,200
helgen,200
oppdagaren,200
circle,200
armensk,200
sandy,200
låtane,200
stereo,200
guten,200
zur,200
haug,200
stigande,200
sjukdomen,200
dixon,200
venstresida,200
doors,200
bjørgvin,200
against,200
teikning,200
ringen,200
lydopptak,200
cumbria,200
følgja,199
setninga,199
fiendar,199
rica,199
moskeen,199
tingvoll,199
statssekretær,199
slow,199
hamneby,199
litauisk,199
avløyste,199
førekomstar,199
ga,199
tau,199
fund,199
høyrast,199
roskilde,199
artslista,199
pianistar,199
frampton,199
stilar,199
behind,199
henriksen,199
utøvande,199
blackmore,199
nd,199
edda,199
vei,199
gazastripa,199
tettleik,199
spydkast,199
maskina,199
rea,199
troppen,198
konstruerte,198
apparat,198
beta,198
aksepterte,198
sanne,198
formell,198
grav,198
akademisk,198
tu,198
atkins,198
napoleonskrigane,198
connor,198
objektet,198
nestformann,198
kielland,198
igor,198
organiske,198
merry,198
kraftigare,198
gravlund,198
tyne,198
anca,198
ne,198
ørland,198
strykearrangement,198
maori,198
oppfor,198
hardingfeleverket,198
munnleg,197
herskaren,197
missil,197
kontinent,197
salet,197
nolevande,197
arctic,197
deltaking,197
andersson,197
distanse,197
utanlands,197
mellomrom,197
stipend,197
fabrikkar,197
coverversjon,197
setesdal,197
forhandlingar,197
avhandlinga,197
beyond,197
welch,197
servert,197
boge,197
kunstakademiet,197
handbook,197
door,197
oldtida,197
china,197
eilean,197
nynorske,196
dess,196
kaste,196
kone,196
nyhende,196
maskinar,196
splitta,196
mali,196
språklege,196
tåke,196
båtane,196
lasteskip,196
skribent,196
tolkien,196
aluminium,196
mainstream,196
effektivt,196
konsentrert,196
klassifisering,196
athen,196
santiago,196
walisisk,196
prinsen,196
rører,196
judy,196
mellotron,196
sosialt,196
manuskript,196
hoff,196
filosofiske,196
juryen,196
nyfødde,196
plantane,196
omgangen,196
medførte,196
lappland,196
notes,196
mw,196
dirty,196
bera,196
skin,196
kalmar,196
festningsverk,196
nicht,196
konstruksjon,195
marknadsføre,195
onkelen,195
nettstader,195
brit,195
redde,195
breidd,195
sovjet,195
underteikna,195
utbreiinga,195
kentucky,195
bysantinske,195
watts,195
rockegrupper,195
koch,195
ptolemaios,195
allianse,195
regentar,195
munnen,195
filmografi,195
fond,195
troll,195
fortet,195
sjeldnare,195
minds,195
flight,195
prosa,195
perfect,195
examen,195
pa,195
sjuandeplassen,195
sister,195
synt,194
brent,194
kirkenes,194
gassen,194
oppdatert,194
finansiert,194
senka,194
pearl,194
habsburg,194
edit,194
bitar,194
framme,194
seksten,194
behandla,194
presterte,194
words,194
heard,194
distriktsby,194
cruz,194
santos,194
dialekten,194
meløy,194
takk,194
legat,194
saturday,194
nunavut,194
ull,194
hoene,194
hannane,194
ronson,194
rating,194
utfører,193
graden,193
fonologi,193
myr,193
trykte,193
riksgrensa,193
kroppslengd,193
buenos,193
aires,193
westminster,193
loving,193
seattle,193
lån,193
politi,193
temple,193
holst,193
dickinson,193
slegne,193
hilde,193
sharpe,193
skarp,193
musikkinstrument,193
nordishavet,193
temminck,193
flytt,193
faces,193
betty,193
etterfølgjaren,193
sandstein,193
markus,193
hjarte,193
sjanger,193
komponentar,193
knop,193
vinkel,193
mg,193
hepatitt,193
kritikaren,193
rising,193
kommentarar,192
høgtida,192
snødekt,192
festivalar,192
sugar,192
erstatning,192
geoff,192
byrettar,192
britain,192
lights,192
penguin,192
abyan,192
missouri,192
fyrstedømet,192
rann,192
leigh,192
hund,192
farger,192
barnehage,192
ungdomslag,192
femmila,192
eight,192
elektromagnetisk,192
månane,192
ullensaker,192
odal,192
motorar,192
færøysk,191
fremje,191
belte,191
lanserte,191
senegal,191
spenninga,191
bokstavane,191
olga,191
steppenwolf,191
guru,191
djupne,191
dekorert,191
mosafinn,191
spreiing,191
erosjon,191
trea,191
dekka,191
reiarlaget,191
ulvik,191
jørn,191
jula,191
ddr,191
conrad,191
arvid,191
grafisk,191
hof,191
samanslåing,191
slutte,191
månadane,191
semifinalar,191
preludium,191
toscana,191
miami,191
pegg,191
graver,191
nasjonalparkar,191
elden,191
dansa,191
torevêr,191
préfecture,191
woodpecker,191
forklare,190
anerkjende,190
lingvistikk,190
berga,190
liberal,190
iransk,190
sivil,190
engelskmennene,190
had,190
its,190
tettleiken,190
beauty,190
grunnlegginga,190
rich,190
samveldet,190
leigde,190
komplisert,190
høyra,190
bl,190
pfalz,190
sjåarane,190
glover,190
hundar,190
nahal,190
frogner,190
hytte,190
ia,190
trafikken,190
creek,190
sf,190
norfolk,190
lineær,190
nødvendig,189
babylon,189
historical,189
nordnorsk,189
terminologi,189
debatt,189
eks,189
kv,189
iversen,189
sámi,189
borgarar,189
torstein,189
mellomstore,189
moment,189
kawasaki,189
peterson,189
emerson,189
nevada,189
tsaren,189
number,189
mer,189
legacy,189
kaldare,189
woodstock,189
philips,189
gun,189
naustdal,189
move,189
snøen,189
waltz,189
trysil,189
concerto,189
nicks,189
generator,189
spelemannen,189
vladivostok,189
nynorsken,188
je,188
framande,188
derifrå,188
mar,188
åttandeplassen,188
klein,188
fruit,188
stabæk,188
joniske,188
ra,188
helikopter,188
aretha,188
popsong,188
future,188
perkins,188
redusere,188
sosialdemokratiske,188
frykt,188
vesttyske,188
leslie,188
matlaging,188
platinaplate,188
hodgson,188
hadsel,188
caravan,188
howe,188
vegas,188
creedence,188
elektronikk,188
avgjer,187
nasjonen,187
identisk,187
gjerde,187
hitra,187
årsdagen,187
vitjar,187
stiller,187
marco,187
utrecht,187
avrunda,187
musikkgruppa,187
fridtjof,187
cr,187
lektor,187
link,187
mickey,187
sum,187
nasjon,187
asher,187
byta,187
britar,187
styrmann,187
organisk,187
hitlistene,187
utsida,187
darkness,187
mare,187
fr,187
nordaustsida,187
åmot,187
presidentvalet,187
utdelt,187
hospital,187
heider,187
pyreneane,187
loire,187
filosofen,186
pensacolafjella,186
motivet,186
romantisk,186
knud,186
kay,186
canal,186
føregår,186
jarlen,186
stanford,186
much,186
waits,186
aleppo,186
forhandlingane,186
oppløysinga,186
tuberkulose,186
henderson,186
mobile,186
undervisning,186
christiansen,186
forhandla,186
uns,186
fragment,186
help,186
liberty,186
groove,186
mirror,186
aude,186
glatt,186
taiwan,185
dela,185
teolog,185
konow,185
venene,185
søkk,185
theme,185
hagerup,185
massakren,185
heimehøyrande,185
lazio,185
aaron,185
formelen,185
mp,185
formannskapet,185
verste,185
notert,185
katolikkar,185
sleggjekast,185
allman,185
amazonas,185
kar,185
hekkesesongen,185
månadar,185
pye,185
summen,185
danco,185
countrylista,185
samleplate,185
trekka,184
dømet,184
redigerte,184
øvrige,184
granada,184
stranger,184
champions,184
sørvestsida,184
checklist,184
forståing,184
anthology,184
inntektene,184
bakre,184
atle,184
anerkjend,184
gill,184
talte,184
byrje,184
vieillot,184
tapet,184
forska,184
integrert,184
innvandrarar,184
kunstmuseum,184
flowers,184
winwood,184
jernbane,184
fjellområda,184
sognefjorden,184
themsen,184
gardsbruk,184
arkitekturen,184
takast,184
hvem,184
krysse,184
bydelane,184
tristan,184
marseille,184
tottenham,184
monica,184
cc,184
bgle,184
akkompagnert,184
øystre,184
streng,183
fokuserte,183
generasjonar,183
grundig,183
microsoft,183
attraksjonar,183
trefte,183
tilført,183
knutsen,183
bluegrass,183
sons,183
redd,183
tekster,183
idrettsutøvarar,183
moritz,183
perth,183
bomba,183
trouble,183
could,183
holmes,183
skulane,183
montana,183
kill,183
turnere,183
stavkyrkja,183
classics,183
gale,183
sametingsrepresentantar,183
siden,182
sau,182
kritiske,182
comuna,182
aas,182
riksdagen,182
lånt,182
filmmusikkalbum,182
kull,182
register,182
uttrykte,182
fontana,182
ellis,182
sinclair,182
gruvedrift,182
audun,182
bond,182
vindauge,182
armstrong,182
tallinn,182
farm,182
eufrat,182
rikaste,182
kompani,182
kassel,182
genova,182
grender,182
nedlasting,182
nora,182
tiger,182
utgivinga,182
libanesiske,182
haugerud,182
dub,182
provence,182
jag,182
ulster,182
va,182
konstruksjonen,181
pronomen,181
singapore,181
tunisia,181
spesifikk,181
straff,181
perspektiv,181
dufek,181
skipsreiar,181
støy,181
soknekyrkje,181
myklebust,181
rockesongarar,181
wanna,181
hunt,181
jules,181
attverande,181
atmosfære,181
fields,181
mangelen,181
mette,181
busetjingane,181
breidde,181
døydd,181
sheffield,181
køyrde,181
even,181
eidfjord,181
stønad,181
odin,181
sanga,181
motstandar,181
byttedyr,181
norskspråklege,181
body,181
situasjon,181
cocker,181
bygland,181
schlesien,181
ravenna,181
verdsrommet,180
tretti,180
overlevd,180
minnar,180
slovensk,180
harmoni,180
wheel,180
eden,180
omforma,180
quisling,180
harper,180
mona,180
karahavet,180
vitjande,180
round,180
håkonsson,180
pedalsteelgitar,180
domprosti,180
stammer,180
frivillige,180
third,180
rakkestad,180
krater,180
hands,180
besetning,180
minkande,180
rebel,180
forholda,180
nigel,180
office,180
handverk,180
tailed,180
noise,180
våler,180
mir,180
sous,180
rimeleg,179
prestane,179
glede,179
hjelper,179
perfekt,179
dirigert,179
venskapsbyar,179
auguste,179
archer,179
jylland,179
bruno,179
undersøkt,179
fauske,179
kongedøme,179
frue,179
sylvia,179
deir,179
biskopar,179
harlem,179
utsikt,179
førehand,179
eggen,179
burns,179
curtis,179
sporliste,179
opus,179
skattar,179
sjølvsagt,179
kurdisk,179
modum,179
dokumentar,179
kompliserte,179
løypelengd,179
avløyst,179
vågan,179
orkdal,179
sideelva,179
førekjem,179
evangeliet,179
hybridar,179
bamble,179
magnetisk,179
slegen,178
morsmål,178
formålet,178
farlege,178
profeten,178
bondevik,178
surnadal,178
gundersen,178
kortvarig,178
fl,178
faktor,178
gregor,178
delstatane,178
madonna,178
xbox,178
mekanikk,178
innføring,178
romerike,178
folkeslag,178
mjuke,178
embetseksamen,178
symbolsk,178
sauer,178
tamil,178
carlo,178
andesfjella,178
bokmålswikipedia,178
skulptur,178
alver,178
forenkla,178
restaurant,178
aa,178
målvakt,178
kløfta,178
spektrum,178
parkar,178
verdal,178
grunt,178
interest,178
merk,177
høgresida,177
planlagd,177
ritual,177
tids,177
bøn,177
bryllaup,177
segner,177
vegane,177
røyken,177
giftige,177
liggjande,177
midlar,177
fukuoka,177
aslak,177
miguel,177
munch,177
sonja,177
underart,177
lenin,177
gustaf,177
jef,177
djupna,177
calgary,177
aksel,177
color,177
landets,177
dyktig,177
nkp,177
making,177
blomane,177
gol,177
traffic,177
kupert,177
jämtland,177
korta,177
bye,177
nordenskjöld,177
tomme,177
dalarnas,177
sunday,177
føreslått,177
surrey,177
symjing,177
matvarer,177
kode,177
valthorn,177
utvald,176
skalaen,176
fungere,176
karakterisert,176
guyana,176
niger,176
paraguay,176
detaljert,176
rota,176
bøygd,176
eksport,176
masters,176
primitive,176
nikolai,176
grunnleggjar,176
skirennar,176
onsdag,176
konrad,176
husar,176
fallières,176
neville,176
torbjørn,176
herbie,176
common,176
produsentane,176
politikaren,176
skald,176
skildringar,176
astronomen,176
hunden,176
feat,176
barnes,176
nyskapande,176
frodig,176
porsanger,176
golvet,176
valkrins,176
næringskomite,176
artilleri,176
opprørarane,176
pokalen,176
ekstreme,176
wir,176
broad,176
kramer,176
forlikskommissær,176
sage,176
interessant,175
inngjekk,175
isak,175
umogleg,175
setjast,175
trekker,175
austom,175
hamre,175
mothers,175
nordvestsida,175
margrethe,175
meteorologi,175
richter,175
jarnbane,175
feste,175
fn,175
lavik,175
innsett,175
thessaloníki,175
dickens,175
lynott,175
columbus,175
break,175
kairo,175
klipp,175
roosevelt,175
jordskjelvet,175
once,175
kommisjonen,175
arabarane,175
statuen,175
roots,175
bykommunen,175
rådhuset,175
sjølvbiografien,175
helgenar,175
borge,175
mono,175
portland,175
langvarige,175
framandart,175
java,175
fargerike,175
erfaring,175
skarpe,175
dovre,175
firma,175
debut,175
setet,175
essays,175
everly,175
fender,175
nzgsae,175
statssekretærar,175
rabbit,175
adjektiv,174
fattig,174
arter,174
trekket,174
spesifikt,174
mosebok,174
hovudnæringa,174
protestar,174
verdy,174
tronge,174
naval,174
bilethoggar,174
mathias,174
utpeikt,174
enten,174
snur,174
heartbreakers,174
hitsinglar,174
debutplata,174
ventures,174
fremre,174
artistnamnet,174
arbeidarparti,174
cerezo,174
feitt,174
stengde,174
vh,174
then,174
ram,174
forsøka,174
tokke,174
temperert,174
ytste,174
røyst,174
bandmedlemmane,174
sussex,174
somerset,174
glir,174
sveio,174
krødsherad,174
airport,174
handels,174
pour,174
kantaten,174
mais,174
virvellause,174
belarus,173
resolusjon,173
grytten,173
diplomat,173
won,173
løysinga,173
cover,173
uralske,173
flo,173
ion,173
crow,173
selskab,173
noterte,173
refreng,173
tilstrekkeleg,173
klaver,173
kronisk,173
between,173
vedvarande,173
heimar,173
raudlista,173
mellomkrigstida,173
eastern,173
nordvestover,173
garnisonen,173
az,173
marillion,173
metallica,173
vision,173
vs,173
jenta,173
butikk,173
sediment,173
sendinga,173
overvintra,173
kjerne,173
jamleg,173
christgau,173
elbasan,173
doctor,173
løten,173
myotis,173
torp,172
eigenskap,172
bølgjene,172
indoeuropeiske,172
forsvunne,172
underhaldning,172
uncle,172
geffen,172
giuseppe,172
oppdraget,172
testa,172
overførte,172
ekspedisjonane,172
sem,172
cornell,172
nassau,172
marsjerte,172
beståande,172
hayward,172
flandern,172
arbeiderblad,172
fyresdal,172
vilt,172
kemp,172
dobbeltalbum,172
ulf,172
skya,172
narkotika,172
slovakiske,172
looking,172
uri,172
stooges,172
cooder,172
webb,172
gausdal,172
bristol,172
observatoire,172
kombinertløparar,172
vitne,171
liechtenstein,171
læraren,171
separat,171
holocaust,171
weber,171
berit,171
kurdistan,171
past,171
percy,171
stang,171
seminar,171
millimeter,171
tørke,171
htm,171
negativt,171
study,171
ambassadør,171
isles,171
tornadoar,171
hopprenn,171
buss,171
buckingham,171
omsider,171
savoy,171
bailey,171
toppserien,171
svendsen,171
celtic,171
fitzgerald,171
formål,171
hå,171
iberiske,171
sameint,171
tyda,171
tynn,171
duck,171
kjølige,171
norrbottens,171
onkel,171
dana,171
sides,171
kontoret,171
tener,171
herskarar,171
jude,171
slovenske,171
noinclude,171
sakhalin,171
framtredande,171
påverke,171
bring,171
mission,171
kantonane,171
osbourne,171
jönköpings,171
verker,170
hente,170
libya,170
okkupasjonsmakta,170
biletkunstnar,170
ferjer,170
lafta,170
arktisk,170
rauk,170
marty,170
være,170
omvendt,170
munthe,170
dos,170
ubåtar,170
overta,170
kritikar,170
gitarsolo,170
reklame,170
mesopotamia,170
hong,170
gallia,170
favoritt,170
fortida,170
universiteta,170
lutherske,170
etasjar,170
systematikk,170
kjøpa,170
daegu,170
hovudkontoret,170
clifford,170
vilkåra,170
røyste,170
tilbodet,170
bellmare,170
durham,170
beefheart,170
etne,170
bootleg,170
forteljingane,170
kjeda,170
varmen,170
kamera,170
samarbeidd,170
anniversary,170
svulst,170
dolls,170
hele,169
niigata,169
nettsidene,169
bergart,169
sedimentære,169
grete,169
lokalpolitikar,169
åbo,169
garth,169
pietro,169
santo,169
bourbon,169
sjuandeplass,169
frontmann,169
clive,169
close,169
omslag,169
avhandling,169
throated,169
gap,169
rekka,169
nationale,169
revolusjon,169
avdøde,169
forutan,169
faget,169
marskalk,169
utandørs,169
tvedestrand,169
utvide,169
føretrekte,169
thames,169
kommenterte,169
misnøgd,169
fjernsynsserien,169
torv,169
lago,169
fristil,169
partiklane,169
sosiologi,169
uendeleg,169
alvin,169
ballen,169
firkamp,169
nortraship,169
conway,169
kraftwerk,169
særeigen,168
tillate,168
trinn,168
planetar,168
emigrantar,168
innebar,168
tydelege,168
kyrkjestader,168
government,168
altartavla,168
forsvarets,168
avgjerda,168
tolstoj,168
court,168
abstrakt,168
susan,168
legendariske,168
elsa,168
placid,168
buck,168
lucas,168
tibet,168
broken,168
ah,168
rytmen,168
banebrytande,168
mytologiske,168
owen,168
riga,168
flyplassar,168
innehalde,168
ul,168
fugleslekter,168
vitamin,168
utvalet,168
standarden,168
distribuert,168
dallas,168
overflate,168
somebody,168
mestseljande,168
insisterte,168
pianisten,168
follo,168
frimerke,168
heimbygda,168
bone,168
middelvassføring,168
bunden,167
teikneseriar,167
rot,167
herskarane,167
hovden,167
utlendingar,167
soknegrenser,167
luigi,167
becker,167
cave,167
id,167
løysingar,167
landslagsmål,167
konkluderte,167
matematikken,167
lasse,167
forliste,167
knust,167
irakiske,167
sleppt,167
klapping,167
track,167
fullføre,167
edwin,167
lina,167
spurte,167
heimskringla,167
tydde,167
planlagde,167
raudehavet,167
ehf,167
laks,167
kjenneleg,167
experience,167
tenner,167
case,167
oberstdorf,167
oppvekst,167
ready,167
dir,167
kutta,167
bayt,167
nme,167
leveområde,167
territoria,167
porto,167
munkar,167
umeå,167
hang,167
armé,167
travel,167
lineære,167
åttekanta,167
remember,167
samanlikning,166
kategoriar,166
funnet,166
verdt,166
burma,166
verde,166
landbruket,166
test,166
turistforening,166
historielag,166
preikestolen,166
påverknaden,166
reid,166
oseania,166
rollene,166
språkfamilien,166
flekker,166
gerhardsen,166
cowboy,166
globe,166
sjølvmord,166
krosstoget,166
lotta,166
bustadområde,166
barokken,166
verre,166
evner,166
linguistics,166
lindås,166
trioen,166
gwh,166
brunt,166
deltek,166
reggae,166
lynx,166
lucky,166
halle,166
kystlinja,166
brageprisen,166
pet,166
running,166
sabeltann,166
observatorium,166
majalis,166
jennings,166
kérkyra,166
bear,166
fripp,166
mael,166
cantatas,166
stavinga,165
lev,165
ætta,165
samanslåinga,165
interesserte,165
kirkebøker,165
elliot,165
marin,165
whole,165
støttar,165
connecticut,165
castro,165
oklahoma,165
omstridde,165
irene,165
carpenter,165
thomson,165
myllarguten,165
møta,165
miksen,165
hva,165
utarbeidd,165
historien,165
rekordar,165
sagan,165
television,165
ballade,165
treffer,165
canadiske,165
rockin,165
nk,165
interne,165
meteorologisk,165
holmenkollmedaljen,165
frekvens,165
dragon,165
føregåande,165
half,165
guardian,165
stive,165
bluesrock,165
turnear,165
skriftspråket,164
nyaste,164
salvador,164
avla,164
fosen,164
teoretiske,164
folketeljing,164
amalie,164
rhino,164
stripe,164
maudfjella,164
hitsingelen,164
datoen,164
fotballklubben,164
unni,164
newfoundland,164
stirling,164
tredjedel,164
luftforsvaret,164
rocky,164
rikdom,164
ku,164
parlamentarisk,164
regjerande,164
carnegie,164
sad,164
slettene,164
anglo,164
fødestaden,164
doo,164
theol,164
trekkfuglar,164
nagoya,164
selfangarar,164
rowspan,164
flotte,163
vegetasjonen,163
frivillig,163
kjenne,163
jeffrey,163
skriftsystem,163
drukna,163
halvdan,163
oluf,163
minkar,163
blåsarar,163
uio,163
sjømann,163
angripen,163
metropolitan,163
pluto,163
raf,163
franco,163
legar,163
bere,163
krisa,163
guthrie,163
romanske,163
suveren,163
pengane,163
institut,163
overordna,163
arkhangelsk,163
stemmene,163
niandeplassen,163
etasje,163
redusera,163
synthesizerar,163
aktige,163
oregon,163
julesongar,163
imponert,163
verdsbasis,163
fjelltoppane,163
örebro,163
peters,163
drenert,163
warbler,163
wakeman,163
helm,163
ostrov,163
stift,162
markante,162
mønsteret,162
forskjell,162
sykkylven,162
funna,162
ordinære,162
murane,162
vill,162
maryland,162
hyde,162
grue,162
ag,162
maudheimekspedisjonen,162
radar,162
utnytte,162
støv,162
førhistorisk,162
oppbygging,162
regent,162
trick,162
germain,162
partileiar,162
antoine,162
demonstrasjonar,162
che,162
smør,162
greene,162
edith,162
erkebiskopen,162
portrait,162
fernando,162
vargas,162
verkstad,162
turnert,162
kobe,162
bretagne,162
strykekvartett,162
messe,162
rekkja,162
trening,162
mag,162
nordkapp,162
middeltemperaturen,162
newzealandske,162
wren,162
fangst,162
europearar,162
førebels,162
nos,162
grått,162
sjanse,162
maskiner,162
control,162
vedlikehald,162
rostov,162
gibraltar,162
performance,162
dnepr,162
duane,162
silke,162
strømsgodset,162
clementslista,162
orig,162
otago,162
veglengda,162
motsetning,161
målfolk,161
sørlandet,161
framtid,161
ghana,161
guatemala,161
konservativ,161
friluftsliv,161
fots,161
sumaren,161
næss,161
mellomdistanseløparar,161
sørstatane,161
travis,161
digitaliserte,161
hardare,161
terror,161
nagano,161
blair,161
fotballigaen,161
magdalena,161
wight,161
doc,161
singers,161
pablo,161
helle,161
wells,161
canyon,161
kappgang,161
idrettsforening,161
blandar,161
monarkar,161
reality,161
fastsette,161
mandatet,161
droppa,161
spider,161
tinglag,161
teksta,161
miks,161
middle,161
sletter,161
filter,161
kofu,161
kompaniet,161
marka,161
søndeled,161
reinmuth,161
jernalderen,160
opplevd,160
ancient,160
omhandla,160
verdsarvliste,160
dramatikar,160
stoppestad,160
mecklenburg,160
carsten,160
uvêr,160
avenue,160
fylgjer,160
gates,160
fangenskap,160
kids,160
slege,160
camilla,160
opphaldet,160
adelen,160
reich,160
nærma,160
generasjonen,160
father,160
headed,160
kashmir,160
seksuell,160
stella,160
scener,160
fil,160
ale,160
kritikken,160
brevet,160
aleksej,160
evil,160
vestvågøy,160
rivne,160
antiokia,160
trygg,160
turnering,160
musa,160
berger,160
vince,160
kulturpris,160
brukaren,160
augusta,160
digitalarkivet,160
lava,160
ventforet,160
meteorologiske,160
strålinga,160
mastergrad,160
herb,160
spektralklasse,160
albirex,159
løn,159
folkerike,159
fortald,159
naturgass,159
omfang,159
verft,159
oddvar,159
nablus,159
jesse,159
gerald,159
rodney,159
munk,159
merket,159
timothy,159
wang,159
hadeland,159
jorge,159
sambindingar,159
lucy,159
medal,159
jeremy,159
leivningane,159
folkrock,159
kjennskap,159
forureining,159
nore,159
extended,159
taksonomi,159
hundredels,159
many,159
somrane,159
divisjonen,159
pie,159
brå,159
riff,159
maker,159
kunstverk,159
fjører,159
nøytrale,158
forstand,158
vinn,158
verftet,158
kontrollere,158
amanda,158
hour,158
språkleg,158
skikkeleg,158
agency,158
hovudbygningen,158
trengst,158
simmons,158
vertigo,158
utøvar,158
våte,158
europearane,158
fauna,158
forfattarskap,158
alberto,158
vitskapsfolk,158
hood,158
gerlache,158
levkosía,158
letter,158
chang,158
marcel,158
jerome,158
kunsthistorie,158
konsekvensar,158
daily,158
kulturhistorisk,158
fruktbare,158
figurane,158
missa,158
storfe,158
brad,158
krystall,158
pt,158
fantasi,158
klimaendringar,158
skjera,158
rødøy,158
hamarøy,158
helten,158
arkivet,158
engel,158
imperial,158
pynta,158
greater,158
assyriske,158
bordeaux,158
hoppveka,158
cliffs,158
hillman,158
eagle,158
sclater,158
instrumentert,158
einskild,157
bøygde,157
påske,157
salme,157
referert,157
boksen,157
flyfotografi,157
hemmeleg,157
subjekt,157
arresterte,157
myhre,157
filmmusikkalbumet,157
walisiske,157
berkeley,157
maskinomsette,157
cleveland,157
toulouse,157
lorentzen,157
fór,157
kunnskapen,157
bondepartiet,157
ender,157
folkehøgskole,157
inste,157
gjennomgåtte,157
angelsaksiske,157
vindafjord,157
vinnarane,157
indikerte,157
oppfinningar,157
marknadsføring,157
underdistrikt,157
uavgjort,157
likningane,157
eigenleg,157
eigarane,157
petit,157
energy,157
conservation,157
molly,157
mc,157
oftare,156
verdiane,156
generation,156
intellektuelle,156
etiopiske,156
feiring,156
komikar,156
stadene,156
økosystem,156
aktivist,156
emily,156
cumberland,156
sjøfart,156
masker,156
gandhi,156
banshees,156
inngått,156
eli,156
gamba,156
harbor,156
førti,156
øving,156
skinn,156
revidert,156
gymnas,156
tyskspråklege,156
vinnarlag,156
glomma,156
fjellsida,156
pulse,156
genetisk,156
kunstakademi,156
shadow,156
forlagt,156
utstyret,156
euro,156
hiv,156
avstandar,156
prize,156
operasjonen,156
williamson,156
vev,156
torkjell,156
selbu,156
stokke,156
heidra,156
fedje,156
para,156
cellene,156
clearwater,156
voices,156
mccoy,156
likskapar,155
nordmennene,155
trek,155
føter,155
merksemda,155
avispa,155
gregory,155
aarflot,155
hannah,155
vakta,155
ost,155
etternamnet,155
kjærleiken,155
kristendomen,155
honey,155
cetera,155
mu,155
ka,155
krigsskip,155
venstreparti,155
oita,155
keisarar,155
opptaka,155
clayton,155
oppmuntra,155
nøydd,155
aspekt,155
vidareutvikla,155
universität,155
eksperimenterte,155
statsvitskap,155
humboldt,155
justiskomiteen,155
nationaltheatret,155
shimizu,155
mandat,155
astronomisk,155
reindrift,155
aids,155
feeling,155
kvalifisering,155
liège,155
pest,155
skisenter,155
sally,155
korrekt,155
langdistanseløparar,155
burning,155
vanguard,155
termodynamikk,155
renaissance,155
gabrels,155
dalarna,155
edderkoppar,155
basra,155
rafferty,155
kaliber,155
windmill,155
grammatiske,154
mito,154
hollyhock,154
zambia,154
forskarane,154
feirar,154
skandinavisk,154
fungerande,154
konstituert,154
lækjar,154
waterloo,154
cameron,154
studiane,154
internt,154
verkliste,154
jostein,154
pradesh,154
døtrer,154
pops,154
vedteken,154
garcía,154
fillmore,154
sax,154
paulo,154
rubin,154
opningssporet,154
balsfjord,154
breasted,154
wie,154
kinsarvik,154
andletet,154
borgarlege,154
oder,154
vanskelegare,154
joey,154
glarus,154
sichuan,154
neal,154
køyring,154
domino,154
älv,154
marion,154
barrow,154
isbreane,154
swan,154
segle,154
deltaet,154
iommi,154
konsentrerte,153
industriell,153
oppretthalde,153
petra,153
økologisk,153
haraldsson,153
jazzmusikarar,153
agent,153
heiberg,153
alessandro,153
blix,153
symfonien,153
strasbourg,153
undersøkte,153
vasskraft,153
jahn,153
haugland,153
kjersti,153
prost,153
bi,153
våtmarksområde,153
barbra,153
austrheim,153
gjennomføre,153
sissel,153
døgnet,153
frelsers,153
jaga,153
arbeidarrørsla,153
opererte,153
norskekysten,153
skipsfart,153
krosskyrkjer,153
omsetjinga,153
volvo,153
russ,153
did,153
should,153
fylkesarkivet,153
fangeleir,153
oppgåvene,153
maculata,153
komedie,153
kiryat,153
rena,153
jamaicanske,153
folketeljingar,153
ane,152
klassar,152
tolvte,152
mellomalder,152
ostanhai,152
altsaksofon,152
arab,152
finansminister,152
asylum,152
mikael,152
sauda,152
firkanta,152
christoph,152
aid,152
health,152
billed,152
wars,152
wyatt,152
lies,152
eduard,152
boyd,152
dødsfall,152
kvalifisert,152
camel,152
anerkjent,152
elska,152
manuskriptet,152
offentleggjort,152
als,152
tilhengar,152
verkemiddel,152
skjult,152
drikk,152
blømde,152
building,152
informasjonen,152
vennesla,152
folkeretten,152
horisonten,152
keisarlege,152
dixie,152
sørfjorden,152
spelemenn,152
neve,152
kystområda,152
moglegvis,152
mack,152
kärnten,152
bakover,152
mjuk,152
klipperik,152
loves,152
midtvegs,152
væsker,152
bishop,152
forvaltingsreformen,152
fortid,151
emnet,151
tene,151
misjonærar,151
omgjeven,151
skipsverft,151
clinton,151
illustratør,151
césar,151
krogh,151
gjesdal,151
rice,151
eple,151
tilfella,151
wenche,151
åse,151
factory,151
monarki,151
kamtsjatka,151
hel,151
copleymedaljen,151
browning,151
opposisjon,151
komposisjonane,151
ideal,151
komitear,151
høgskular,151
betala,151
stora,151
inderøy,151
rang,151
engasjement,151
salten,151
thessalía,151
opptaket,151
parish,151
vor,151
indoariske,151
outside,151
louie,151
niederösterreich,151
diskvalifisert,151
kongepokalvinnarar,151
him,151
musikkmagasinet,151
vegner,151
teiknet,151
balestrand,151
greie,151
letters,151
underhuset,151
limited,151
overalt,150
buddhismen,150
rovdyr,150
fiskeri,150
shah,150
søren,150
herredøme,150
imellom,150
helland,150
middelhavsklima,150
subtropiske,150
randi,150
burke,150
oske,150
talen,150
brundtland,150
sjefen,150
helene,150
løfta,150
ulrich,150
brukarane,150
nemne,150
spd,150
gyldendals,150
sendai,150
hattfjelldal,150
kreftene,150
prefektur,150
magiske,150
stortingets,150
tekstforfattar,150
woods,150
khaimah,150
undervegs,150
trent,150
opererer,150
grampus,150
felttog,150
ranges,150
storbyområde,150
smash,150
clock,150
akko,150
monsters,150
ant,150
estuaret,150
thrush,150
åtaka,149
ulovlege,149
emmanuel,149
seiast,149
fylkesmann,149
varmaste,149
arve,149
hyser,149
emanuel,149
sr,149
hemmelege,149
bengal,149
alexis,149
slave,149
valuta,149
leigd,149
libretto,149
urter,149
fredsavtale,149
winston,149
alfabet,149
tenerife,149
sandberg,149
cox,149
spreie,149
nordahl,149
ellington,149
trinity,149
brigaden,149
pisa,149
neumann,149
philippe,149
lyng,149
monumentet,149
ønska,149
håret,149
passande,149
utgåvene,149
levetid,149
pax,149
nyoppretta,149
forårsaka,149
slektene,149
søvn,149
enger,149
sint,149
midi,149
andreassen,149
evje,149
hjørne,149
biletkunst,149
gotisk,149
asa,149
kunstnarane,149
underarten,149
lørenskog,149
vindar,149
teleskopet,149
como,149
cap,149
kusama,149
snakke,148
skriftene,148
vogt,148
innimellom,148
borgarkrig,148
konsul,148
møller,148
frøa,148
view,148
leave,148
kjelderdenne,148
mongolske,148
nat,148
jenssen,148
kenyanske,148
vibrafon,148
birkeland,148
festar,148
forskning,148
forsamlinga,148
denver,148
monarkiet,148
sainte,148
german,148
oppbygginga,148
spesialisert,148
andrej,148
romantikken,148
beau,148
satsen,148
ihr,148
frontmannen,148
hardangervidda,148
bjørnafjorden,148
sparken,148
bells,148
øksnes,148
bogen,148
bokstav,148
forfall,148
judea,148
velkomen,148
hòl,148
lunner,148
søyler,148
bidreg,148
brecker,148
hancock,148
hekkande,148
plymouth,148
kravområde,148
svartedauden,147
samarbeide,147
lucia,147
greinene,147
saladin,147
bybanen,147
folkeleg,147
blåseinstrument,147
annekterte,147
fredrikshald,147
usikker,147
woody,147
kirsten,147
police,147
delhi,147
hussein,147
severus,147
trettiårskrigen,147
riffet,147
jury,147
falcon,147
fjernsynsprogram,147
solheim,147
multi,147
søkje,147
framheva,147
reiskapar,147
stabilt,147
kystlinje,147
su,147
maritimt,147
youth,147
kjensla,147
pels,147
slektningar,147
instruktør,147
telefon,147
wrong,147
mellomstor,147
fyller,147
nasaret,147
toget,147
sentinel,147
kubikkmeter,147
danning,147
brabant,147
rocken,147
koordinatar,147
phoenix,147
marne,147
morgon,146
fordelinga,146
myanmar,146
dokumenterte,146
nasjonalisme,146
fokuserer,146
nation,146
utanriks,146
benson,146
enough,146
rapportar,146
lulesamisk,146
bjerke,146
griffin,146
rømde,146
isabella,146
krigsfangar,146
finansdepartementet,146
republikanske,146
muddy,146
omlag,146
streisand,146
omleira,146
musikkindustrien,146
innvendig,146
lenny,146
høyrdest,146
tidsrommet,146
utmerkte,146
faktiske,146
sirkelen,146
velja,146
innbyggjartal,146
