word,count
li,7566
de,6958
es,3554
in,1966
del,1516
sud,1022
en,862
esed,747
kel,741
ek,703
lo,686
afrika,667
un,661
urbe,623
komunies,570
did,568
maxim,568
total,561
nombro,559
elektionure,552
lingues,508
kun,495
por,475
ke,445
lun,444
kom,428
have,419
lu,412
ye,411
la,389
homes,388
parla,383
anke,378
provinse,375
bli,370
lande,365
distrikte,363
al,361
populatione,349
da,310
lingue,310
non,308
politike,306
chef,301
majoritate,297
fontes,296
general,294
elektione,289
resenti,287
page,286
sa,285
sexu,283
independent,283
board,282
demografie,280
demarcation,280
commission,280
votes,280
statistikes,279
municipal,279
stats,279
census,279
electoral,279
election,279
results,279
ma,277
etnikiso,276
afrikal,276
grandi,260
depos,254
fro,250
on,245
unionati,243
plu,239
the,233
amerika,223
du,213
lon,212
tu,202
yares,199
per,199
nord,188
altri,188
les,183
nome,181
ha,179
unesmi,176
novial,174
vida,173
pro,170
familie,169
naskad,165
states,164
germania,158
inter,157
yare,156
disi,156
multi,155
habitantes,155
eventes,149
til,148
blid,141
amerikani,140
of,140
naskos,139
kabe,139
morios,138
kam,131
esmi,130
fransia,128
kand,126
sekle,125
sur,125
pri,124
estu,123
parte,122
state,121
biologia,116
area,115
omni,115
usa,114
pove,114
monde,112
tre,112
and,111
novi,109
fa,108
after,105
landes,105
regia,104
sen,102
nur,101
europa,101
le,100
west,100
germani,98
devenid,96
nordi,96
tempe,95
studio,91
me,90
westu,90
durant,89
sientie,88
esti,88
tum,88
duesmi,87
historie,87
international,87
se,87
republike,85
distriktes,85
si,84
asia,83
kelki,83
situat,82
sentral,82
urbes,82
occidental,82
distributione,81
matematike,81
pos,81
guere,79
uni,78
kemiisto,76
segun,76
dunke,76
partise,76
fransi,75
km,75
importanti,75
sudi,74
tri,73
vordes,72
zulum,72
geografia,71
vivo,70
nombre,70
grupe,70
diviset,69
sisteme,69
kemial,69
kemie,68
vor,67
lan,67
marte,66
china,66
an,66
maye,65
januare,65
mikri,65
sienties,65
ti,65
kwazulu,65
natal,65
kantera,64
morid,64
exista,64
est,64
japan,64
afrikansum,64
den,63
ante,63
fransum,63
et,63
unione,63
aprile,62
tere,62
subfakes,62
oldi,62
paris,62
com,61
angli,60
oktobre,60
dikte,60
to,60
teorie,60
linkes,60
desembre,59
membre,59
rego,58
vorde,58
anglum,58
nondependanti,58
famosi,58
liberi,57
konstrukteti,57
februare,57
lus,56
jespersen,55
sirk,55
julie,55
aktora,54
ansieni,54
regione,54
westi,54
fisike,53
studia,53
italia,53
dek,53
sirkumdat,53
presidente,53
visines,53
john,52
dal,52
exemplim,52
ofte,52
sin,52
nunim,52
septembre,51
forme,51
korpore,51
finlande,51
interlingue,51
spania,51
isle,51
presidante,50
inkluse,50
vud,50
talim,50
age,50
artes,49
sutum,49
fisikal,48
nus,48
auxiliari,48
sub,48
théâtre,48
literature,47
mare,47
mamiferes,47
astronomia,46
signifika,46
veni,46
kosum,46
barcelona,46
robert,45
natural,45
elementes,45
nobel,45
austria,45
otto,44
primi,44
este,44
nun,44
sosial,43
fakes,43
nomat,43
ordine,43
deveni,43
konter,43
suisia,43
novembre,42
krea,42
june,42
haved,42
negativ,42
ensemble,42
www,42
had,41
des,41
quar,41
max,41
or,41
kilometrequadrate,41
william,40
probableso,40
skripte,40
ofisiali,40
isles,39
super,39
komenso,39
triesmi,39
referos,39
premie,39
polonia,38
chile,38
auguste,38
che,38
binomial,38
sal,38
pova,38
britani,37
organismes,37
greki,37
generalim,37
konsidera,37
liste,37
europani,37
lesen,37
externi,37
ido,37
nordu,37
karu,37
tswanum,37
aktoro,36
plus,36
konsista,36
even,36
wahl,36
kantes,35
konosat,35
fonte,35
genetike,35
lum,35
provinses,35
http,35
vietnam,35
boxe,35
populari,34
homal,34
studiad,34
romanes,34
proxim,34
diferanti,34
lusen,34
chanja,34
esperanto,34
nuni,34
el,34
sporte,34
preske,33
tamen,33
alti,33
skripted,33
gramatike,33
materie,33
literes,33
for,33
universitate,33
europan,33
limpopo,33
fad,32
disdi,32
mase,32
sami,32
diversi,32
chaki,32
jean,32
malgre,32
exemple,32
kreat,32
language,32
federali,32
parlamente,32
po,32
norde,31
latini,31
politikal,31
dis,31
trova,31
as,31
planete,31
nin,31
komensad,31
defense,31
sir,30
fake,30
arte,30
evolutione,30
teknikes,30
pluri,30
latinum,30
national,30
george,30
patro,30
komunisti,30
france,30
demokrati,30
kombate,30
komensa,29
tretes,29
formes,29
sunal,29
animales,29
artikle,29
frui,29
vu,29
nusen,29
sink,29
alfred,29
nombres,29
denseso,29
lexike,29
autonomi,29
boni,29
pierre,29
https,29
kolpes,29
fisikisto,28
von,28
moderni,28
linguistike,28
partes,28
elemente,28
algebra,28
sukseso,28
skriptet,28
marita,28
martial,28
forma,27
geometria,27
tra,27
objektes,27
movo,27
sude,27
are,27
len,27
alfabete,27
il,27
ed,27
michel,27
die,27
berlin,27
ministre,27
laibach,27
der,27
chefi,26
usani,26
vivanti,26
lege,26
klase,26
min,26
anglia,26
extri,26
germanum,26
isbn,26
suedia,26
popule,26
ofisial,26
atomi,26
no,26
web,26
london,25
trakta,25
loke,25
tardim,25
verkes,25
usat,25
steles,25
teorial,25
komuni,25
sune,25
sistemes,25
nasko,25
bonim,25
fonda,25
edgar,25
live,25
oc,25
muss,25
mpumalanga,25
bantual,25
pede,25
inklusent,24
grand,24
mensu,24
siential,24
rusia,24
arabi,24
primim,24
ob,24
planetes,24
australia,24
kelen,24
simbole,24
stele,24
prenda,24
libre,24
anglim,24
filia,24
ja,24
nato,24
lume,24
kad,24
website,24
kreda,23
newton,23
strukture,23
filosofia,23
it,23
nature,23
kasu,23
energie,23
venid,23
romani,23
van,23
adolf,23
soli,23
kontena,23
povo,23
interlingua,23
verbes,23
dar,23
granta,23
di,23
cosmoglotta,23
pleni,23
resta,22
termine,22
kulture,22
fluvie,22
universe,22
komputal,22
funktione,22
deo,22
hasardal,22
james,22
sentre,22
vicente,22
louis,22
armee,22
kolonie,22
komunie,22
korea,22
prefektures,22
adversarie,22
kum,22
volid,21
henri,21
rand,21
rusi,21
irgi,21
libres,21
savo,21
origine,21
matematikal,21
produkte,21
verke,21
love,21
real,21
personal,21
tal,21
johann,21
kread,21
fine,21
costalago,21
latin,21
dialekte,21
vine,21
miliones,21
los,21
vilaje,21
populen,21
prefekture,21
auvernia,21
wilhelm,20
quankam,20
mensus,20
uso,20
vada,20
oseane,20
nationes,20
poete,20
fondat,20
references,20
albert,20
einstein,20
richard,20
atome,20
puri,20
base,20
with,20
skole,20
labora,20
karl,20
ii,20
te,20
duanti,20
chris,20
joe,20
gert,20
sibande,20
saint,20
epistle,20
am,20
kick,20
india,19
smi,19
matematikisto,19
basi,19
trianti,19
poki,19
borde,19
refera,19
role,19
voli,19
informatione,19
spesies,19
chanjo,19
weste,19
propri,19
poemes,19
latinidi,19
friedrich,19
rapidim,19
tand,19
dania,19
keles,19
poloni,19
belgia,19
rumania,19
arabum,19
epoke,19
frances,19
hani,19
tambo,19
umgungundlovu,19
waterberg,19
is,19
na,19
spani,19
nukleus,19
boxing,19
valència,19
egiptia,18
alexander,18
land,18
logike,18
resulte,18
edukatione,18
filme,18
teatre,18
aritmetike,18
qualim,18
fenomenes,18
developo,18
explika,18
disu,18
ludes,18
nivele,18
eventa,18
time,18
you,18
set,18
religione,18
tam,18
mitologia,18
kurti,18
periode,18
simpli,18
milite,18
sekles,18
germanidi,18
fischer,18
pasa,18
regles,18
from,18
internationali,18
substantives,18
by,18
matra,18
israel,18
foye,18
anteu,18
lingua,18
dikted,18
world,18
chefe,18
lejweleputswa,18
nkangala,18
rifoy,18
korean,18
morio,17
tua,17
home,17
dies,17
nigri,17
lune,17
plantes,17
posibli,17
developal,17
my,17
tes,17
spesial,17
sankti,17
indo,17
spatie,17
pokim,17
science,17
variable,17
poisson,17
tro,17
omnes,17
nederlande,17
paul,17
hitler,17
luxemburgia,17
brasilia,17
kanto,17
david,17
peso,17
gauteng,17
eden,17
namakwa,17
amatole,17
zulu,17
ugu,17
tabo,17
mofutsanyane,17
rivere,17
georgia,17
afrikani,17
sivili,17
brasiliani,17
duran,17
mendès,17
pagine,16
ministere,16
kontinente,16
grekum,16
multim,16
larji,16
ordinarim,16
roma,16
astronomial,16
relativitate,16
sava,16
mus,16
ambi,16
toti,16
bon,16
noma,16
vers,16
grupes,16
molekular,16
komprenda,16
manere,16
veri,16
nukleusal,16
aplikatione,16
persone,16
skripteres,16
montra,16
parlad,16
probo,16
aditione,16
va,16
madrid,16
mexiko,16
membres,16
monte,16
elekte,16
kroatia,16
jugoslavia,16
estonia,16
federal,16
perda,16
mondal,16
irlande,16
naskat,16
skriptad,16
katalanum,16
baard,16
umzinyati,16
bojanala,16
sedibeng,16
futbale,16
armes,16
morit,16
ki,16
departemente,16
politi,15
francis,15
filosofo,15
rega,15
serbia,15
aje,15
anatomia,15
tempes,15
eme,15
ankore,15
musike,15
tipes,15
fisiologia,15
radiatione,15
povud,15
charles,15
histoire,15
altres,15
biokemie,15
kontinua,15
prosedo,15
emil,15
evolutional,15
viva,15
regiones,15
laboro,15
porta,15
signifikatione,15
spanum,15
versione,15
chefim,15
distributi,15
latino,15
sine,15
novialiste,15
partikles,15
last,15
slovenia,15
skriptere,15
ofisialim,15
lituania,15
malta,15
qu,15
nomes,15
rumanum,15
governo,15
irak,15
nova,15
mult,15
ni,15
their,15
kasakstan,15
utukela,15
gariep,15
norda,15
ehlanzeni,15
mopani,15
kaprikorn,15
org,15
gana,15
multiplikatione,15
galaxie,15
sportes,15
imdb,15
mute,15
politikiste,14
textes,14
varia,14
six,14
grekia,14
dees,14
klasiki,14
determina,14
spesialim,14
selande,14
koses,14
chanjos,14
yarsento,14
veste,14
self,14
objekte,14
konosa,14
kon,14
leges,14
bernoulli,14
flexione,14
restad,14
divisione,14
gravitatione,14
norvegi,14
politikista,14
hungaria,14
montenegro,14
popules,14
parlat,14
basat,14
mol,14
york,14
psychology,14
illinois,14
amayuba,14
utungulu,14
ilembe,14
sekukune,14
kakadu,14
sudan,14
bosnia,14
honshu,14
kristiani,14
ng,14
sumo,14
veritate,14
aus,14
povad,13
joseph,13
pop,13
mi,13
proximi,13
organisatione,13
kariere,13
ekonomike,13
interni,13
kelkitem,13
turkia,13
proba,13
fundamental,13
indonesia,13
partikulari,13
aplikat,13
aque,13
selular,13
relationes,13
sume,13
kristanisme,13
korpores,13
mova,13
unesmim,13
basal,13
pase,13
eklesie,13
slavi,13
august,13
aplikati,13
mitologial,13
molekulal,13
teoreme,13
english,13
hidrogene,13
studies,13
que,13
litere,13
henry,13
auxiliary,13
mey,13
chekia,13
kanada,13
christian,13
femas,13
deskovrad,13
litore,13
nationali,13
imperie,13
slovakia,13
poke,13
barselona,13
commons,13
sarah,13
sintaxe,13
dr,13
romanikal,13
persones,13
hause,13
denove,13
vie,13
oriente,13
plural,13
poza,13
links,13
overberg,13
gqabi,13
nzo,13
umkanyakude,13
vembe,13
archive,13
do,13
bopirima,13
flages,13
envada,13
iran,13
federation,13
ji,13
republikani,13
angeles,13
words,13
karate,13
kolpe,13
fina,13
edicions,13
charlotte,13
thomas,12
peter,12
boyle,12
inventere,12
astronome,12
sinkesmi,12
quaresmi,12
filosofes,12
fondatione,12
developa,12
geologia,12
sekuenti,12
relapse,12
definit,12
habita,12
duime,12
konserna,12
prosedos,12
asides,12
medieve,12
dekyare,12
deskripte,12
konsiderat,12
taxonomie,12
idees,12
pronuntiat,12
sempre,12
industrie,12
mil,12
nov,12
forti,12
substanties,12
distributiones,12
serie,12
positiv,12
autore,12
sufixes,12
nomisat,12
generali,12
harry,12
quo,12
was,12
at,12
aktivi,12
simboles,12
matematikiste,12
martin,12
norvegia,12
jacques,12
wien,12
teritorie,12
manu,12
bavaria,12
liber,12
militari,12
latvia,12
elekted,12
hir,12
prendad,12
katalunia,12
filio,12
parlati,12
franca,12
occidentalistes,12
sam,12
spanium,12
also,12
insted,12
bernard,12
he,12
sisonke,12
chefo,12
tailande,12
positione,12
gase,12
elektrones,12
hamburg,12
laborad,12
tailandani,12
kickboxing,12
garde,12
records,12
nuit,12
anonyme,12
brontë,12
davy,11
filosofe,11
austriani,11
françois,11
aristotéles,11
ordinari,11
oseania,11
neptune,11
representa,11
problemes,11
inquesto,11
geneti,11
patres,11
serteni,11
populational,11
ekologia,11
italiani,11
poetes,11
subfake,11
kompleti,11
helpa,11
atlanti,11
jesu,11
heme,11
universal,11
aminim,11
andré,11
vivad,11
dona,11
linguistes,11
fat,11
sense,11
lude,11
forses,11
falios,11
apartena,11
variables,11
valore,11
kalifornia,11
okupa,11
fonologia,11
ahlstedt,11
novialistes,11
ve,11
labore,11
verbe,11
tardi,11
artikles,11
suedi,11
kurt,11
new,11
monako,11
mondiali,11
monete,11
ad,11
sankte,11
region,11
situatione,11
portugal,11
publikat,11
tallinn,11
publika,11
sciences,11
kosmologia,11
morfologia,11
ukraina,11
jorne,11
johannesburg,11
moteo,11
tshwane,11
we,11
city,11
mali,11
diferenti,11
frontiere,11
barayn,11
japani,11
laos,11
redi,11
south,11
atomes,11
subtraktione,11
operationes,11
mori,11
su,11
sent,11
elekta,11
man,11
atake,11
une,11
filmaro,11
editore,11
filmes,11
partie,11
eksterni,11
tv,11
scène,11
maât,11
fini,11
aktiviste,10
kape,10
ronald,10
piktere,10
moon,10
grekim,10
nuli,10
temes,10
soologia,10
substantie,10
vidal,10
qui,10
galaxies,10
profesional,10
kolektione,10
merkurie,10
limitat,10
biologial,10
proteine,10
interaktos,10
metodes,10
dna,10
reaktiones,10
teral,10
savat,10
praktikal,10
proteines,10
trans,10
defini,10
durante,10
lasti,10
selules,10
dise,10
klari,10
final,10
omne,10
medisine,10
longi,10
radike,10
nomad,10
chinani,10
struktures,10
frederick,10
maral,10
mikrobes,10
visita,10
elektri,10
lingual,10
efekte,10
filies,10
that,10
one,10
men,10
permise,10
abel,10
skriptera,10
zone,10
flage,10
emperere,10
naska,10
europe,10
euro,10
italianum,10
omna,10
moldova,10
moskva,10
skriptero,10
organisationes,10
dependa,10
lincoln,10
indika,10
naturalisti,10
poste,10
ex,10
reste,10
konjugationes,10
don,10
album,10
engineering,10
doppler,10
forse,10
joan,10
internet,10
first,10
metsweding,10
kongo,10
grande,10
blanki,10
flua,10
kambodia,10
balonpede,10
alianse,10
extensione,10
papere,10
aside,10
soria,10
dextri,10
moneye,10
politikistes,10
soldates,10
boxo,10
jure,10
romane,10
aeroplane,10
kelke,10
sumotori,10
georges,10
ekvada,10
éditions,10
akitania,10
jornes,10
fransiani,10
maurice,10
mise,10
kurdes,10
bellen,10
ostwald,9
brown,9
vanbrugh,9
isaac,9
edward,9
kantere,9
faktim,9
alteso,9
antropologia,9
platone,9
metode,9
publisad,9
probablim,9
maneres,9
psikologia,9
grekes,9
amb,9
areas,9
pleo,9
montes,9
mongolia,9
vesti,9
medi,9
solim,9
simili,9
uniki,9
linie,9
komplexi,9
komun,9
relat,9
organisme,9
sosiete,9
provise,9
ohio,9
all,9
resiva,9
prinsipes,9
kredad,9
akto,9
quantum,9
aplika,9
studios,9
molekules,9
kompositione,9
historial,9
materies,9
molekule,9
kontinuad,9
hermann,9
baeyer,9
turisme,9
quantitate,9
logikal,9
konto,9
pensa,9
topologia,9
apari,9
felde,9
siele,9
besties,9
normal,9
tipe,9
probos,9
sero,9
volapük,9
original,9
plubonisa,9
konosata,9
aftru,9
adjektives,9
future,9
ekonomia,9
reformad,9
wiki,9
not,9
which,9
go,9
cun,9
afere,9
co,9
premies,9
papo,9
maria,9
soviet,9
sosialisti,9
frank,9
marie,9
yves,9
bible,9
fisikiste,9
kosovo,9
andora,9
fema,9
regali,9
und,9
bela,9
demanda,9
ministro,9
avan,9
semane,9
foneme,9
ts,9
danum,9
iii,9
chekoslovakia,9
aksepta,9
internationale,9
planat,9
laboreres,9
important,9
praha,9
las,9
junie,9
klein,9
siyanda,9
ekuruleni,9
washington,9
yer,9
televisione,9
au,9
birmania,9
santiago,9
standos,9
partikle,9
jira,9
nebula,9
brase,9
omnum,9
roman,9
plea,9
sange,9
metres,9
fonetike,9
kandidate,9
münchen,9
klube,9
tito,9
anna,9
konarski,9
sundie,9
guangxi,9
japanum,9
eser,9
antiqui,9
arts,9
gelbi,9
guvernamente,9
rome,9
map,9
tampone,9
sentria,9
laffont,9
galianes,9
avec,9
fratro,9
anti,9
kastele,9
marit,9
dani,8
debye,8
moissan,8
bacon,8
harold,8
barnard,8
koreani,8
televisional,8
koldi,8
antoine,8
logos,8
klasifika,8
notes,8
aktiveso,8
trivium,8
kanale,8
termines,8
teories,8
resultes,8
simplim,8
aferes,8
evolutionari,8
bioinformatike,8
informatike,8
statistike,8
ri,8
akademial,8
milke,8
konduite,8
populationes,8
gradus,8
komprendo,8
if,8
mediterani,8
modela,8
existad,8
partikularim,8
planck,8
fisikistes,8
lerna,8
chanjad,8
genes,8
amino,8
environmental,8
evita,8
plusi,8
relate,8
let,8
organi,8
aktivitate,8
formal,8
lewis,8
gilbert,8
mulliken,8
sanderson,8
onsager,8
lars,8
carl,8
kilometres,8
genres,8
vidabli,8
akseleratione,8
mikrobiologia,8
klasifikatione,8
lasa,8
finale,8
exept,8
ninesmi,8
gravitational,8
profesore,8
kreatione,8
ortografia,8
publikatione,8
adverbies,8
im,8
revue,8
adi,8
novialides,8
franco,8
novialide,8
projektes,8
prega,8
questione,8
vadad,8
main,8
university,8
law,8
so,8
aparid,8
florida,8
lokes,8
boole,8
argentina,8
japon,8
true,8
pedes,8
kristo,8
radio,8
skotia,8
resivad,8
bulgaria,8
diktature,8
texte,8
honore,8
rumani,8
rumanes,8
helpo,8
presidento,8
note,8
ekonomi,8
duko,8
korte,8
regal,8
ka,8
naturali,8
donad,8
liges,8
geometriki,8
foyes,8
geometrikim,8
voto,8
ot,8
iala,8
punktu,8
somre,8
albums,8
jan,8
prince,8
samim,8
hores,8
els,8
quantitates,8
virginia,8
nelson,8
mandela,8
etekwini,8
pakistan,8
seoul,8
river,8
baiji,8
both,8
signifikant,8
moroko,8
puerto,8
port,8
hertsegovina,8
olimpik,8
administratione,8
katar,8
tokyo,8
swatum,8
rapiditate,8
ringe,8
spiral,8
subatomi,8
filosofial,8
manja,8
leonardo,8
urbete,8
saxonia,8
politikisto,8
has,8
taekwondo,8
marcel,8
beli,8
devan,8
unesma,8
gangemi,8
firenze,8
cantal,8
fakte,8
corrèze,8
lou,8
youtube,8
watch,8
arvernia,8
mistral,8
jpg,8
morie,8
trotski,8
baumeister,8
farbenspiel,8
holmes,8
sadat,8
julien,8
duvivier,8
carré,8
duda,8
petrus,7
josephus,7
wilhelmus,7
humphry,7
clayton,7
reagan,7
animale,7
totim,7
retorike,7
fondad,7
sertim,7
kelkes,7
stile,7
traditionalim,7
lia,7
renkontra,7
mutu,7
medike,7
kometes,7
astronomes,7
astrologia,7
aserte,7
jupitere,7
multes,7
relativim,7
latere,7
luderes,7
ordines,7
matematikistes,7
usant,7
developat,7
sintese,7
varietate,7
movos,7
delfine,7
direktione,7
originalim,7
mary,7
environmente,7
deriva,7
rapideso,7
agrikulture,7
deskriptet,7
kredo,7
kristani,7
altrim,7
samiman,7
karaktere,7
konseptos,7
usad,7
identi,7
editione,7
proximim,7
nomine,7
japonani,7
shablones,7
diferant,7
sosie,7
komunikatione,7
kanteres,7
anthony,7
ramsay,7
soddy,7
hoff,7
jacobus,7
henricus,7
listes,7
aktores,7
satelite,7
ferni,7
altris,7
lerno,7
mikrobal,7
industrial,7
par,7
diskreti,7
variantia,7
jeta,7
parametre,7
this,7
minim,7
anteim,7
linguiste,7
useres,7
yahoo,7
wikipedie,7
neutral,7
proposid,7
briti,7
peano,7
infinitive,7
perfekte,7
antologie,7
bibliografia,7
his,7
lexique,7
book,7
profesoro,7
samtem,7
vun,7
niels,7
israeli,7
testamente,7
walter,7
edwin,7
alan,7
rose,7
branche,7
evangelie,7
simone,7
beauvoir,7
nederlandani,7
hubble,7
kirke,7
faire,7
medalie,7
chambre,7
kanta,7
libereso,7
konstrukte,7
kordie,7
budapest,7
feste,7
modiari,7
governe,7
elektiones,7
amerikanes,7
islande,7
giorgia,7
meloni,7
luxemburg,7
pli,7
rusum,7
nul,7
konsiderad,7
wales,7
loglan,7
quum,7
ne,7
pote,7
pa,7
association,7
regle,7
idee,7
berger,7
solutione,7
altrilok,7
medie,7
information,7
provensalum,7
akorde,7
austrian,7
prinsipate,7
ko,7
komto,7
negri,7
germanes,7
san,7
jersey,7
kalagadi,7
baartman,7
metropoli,7
gulfe,7
nepal,7
kilometresquadrate,7
can,7
municipality,7
verdi,7
leone,7
flags,7
duktere,7
stuart,7
fin,7
monegaskum,7
suno,7
liban,7
zf,7
mgcawu,7
ndebelum,7
signe,7
baye,7
mas,7
unitate,7
nek,7
komutativ,7
bende,7
rive,7
elektrone,7
protone,7
neutrone,7
elektrode,7
elektrolise,7
iones,7
ph,7
operatione,7
semantike,7
vespertilies,7
sufixe,7
bulbasaur,7
fransim,7
emmy,7
ahlberg,7
sosiali,7
milano,7
für,7
literari,7
literatura,7
quang,7
novajes,7
dumil,7
ban,7
pieds,7
poings,7
seremonie,7
trie,7
aktione,7
utilisa,7
polise,7
tres,7
jack,7
katalani,7
catalunya,7
episodes,7
manat,7
quatre,7
interslavum,7
kirkeslavum,7
octobre,7
après,7
galiani,7
tel,7
komunistes,7
pueres,7
alienor,7
noktes,7
semanes,7
zo,7
gomz,7
raymond,7
revolución,7
lev,7
peri,7
fratra,7
helene,7
bin,7
ramses,7
apaches,7
indochina,7
indochinoise,7
domat,7
ss,7
torsten,7
haß,7
nr,7
barker,7
protected,7
protekta,7
bts,7
olaf,7
scholz,7
nehammer,7
vinci,7
andrzej,7
basel,7
perry,6
como,6
direktere,6
arkitekte,6
irlandani,6
itali,6
shore,6
ayn,6
doris,6
astronomo,6
filmal,6
anc,6
antarktika,6
terra,6
komunim,6
eventad,6
sokrate,6
pre,6
skoles,6
stranjeri,6
montrat,6
ural,6
uzbekistan,6
kontinentes,6
etimologia,6
radikes,6
red,6
australasia,6
sielal,6
exter,6
atmosfere,6
datumes,6
analiso,6
modeles,6
richi,6
forsan,6
expresione,6
spesifikat,6
intereso,6
genomike,6
karbo,6
questiones,6
individus,6
range,6
patre,6
direktiones,6
parenti,6
fundamente,6
band,6
heart,6
over,6
lokal,6
suisi,6
resono,6
revolutione,6
termodinamike,6
resulta,6
besonat,6
aplikationes,6
mesuro,6
petrolie,6
kelkifoy,6
jurisprudentia,6
spesie,6
teme,6
genre,6
hómeros,6
traditione,6
filios,6
lunes,6
bases,6
experienties,6
arrhenius,6
svante,6
pople,6
hobite,6
establi,6
injenieria,6
augustin,6
relatione,6
ales,6
resentim,6
about,6
parametres,6
exprese,6
infiniti,6
lekte,6
blu,6
panama,6
autoritates,6
proposi,6
idiom,6
probleme,6
konstruktet,6
publisat,6
influo,6
generatione,6
eurial,6
quam,6
seku,6
presente,6
konditionale,6
direkti,6
prepositiones,6
jacob,6
society,6
esad,6
hans,6
italian,6
languages,6
but,6
gradu,6
kongrese,6
couturat,6
retro,6
serva,6
april,6
life,6
egarda,6
polve,6
komensim,6
jane,6
victor,6
heinrich,6
expektati,6
chadwick,6
gases,6
albania,6
makedonia,6
chambres,6
separa,6
katolikes,6
kelti,6
turkes,6
resista,6
martie,6
revolte,6
neutri,6
diktet,6
malti,6
ch,6
dialektes,6
amo,6
napoléon,6
pagines,6
viro,6
traduktet,6
indiana,6
id,6
desimal,6
along,6
komuneso,6
ganad,6
suksese,6
gestapo,6
romanchum,6
anglesi,6
opinione,6
part,6
plurale,6
partisipa,6
portad,6
antei,6
vokales,6
sol,6
nicolas,6
arvernium,6
sosiologia,6
seu,6
episkopo,6
mantena,6
lentim,6
lokali,6
poeto,6
press,6
equatione,6
falsi,6
insendie,6
leipzig,6
chicago,6
venda,6
senate,6
namibia,6
hi,6
number,6
they,6
major,6
st,6
arizona,6
dakota,6
fe,6
burundi,6
yes,6
anglo,6
evolu,6
zagreb,6
manama,6
filipines,6
bishkek,6
formule,6
siria,6
external,6
fronte,6
vendum,6
um,6
inertia,6
resisto,6
stando,6
sirku,6
kausa,6
nokte,6
neutrones,6
negativi,6
kepler,6
redesko,6
korali,6
elektromagneti,6
ond,6
suone,6
varmi,6
radies,6
anode,6
katalise,6
difero,6
ludere,6
frases,6
substantive,6
sekun,6
morfeme,6
lefti,6
pumpa,6
mayore,6
fr,6
musee,6
unioni,6
populal,6
maladi,6
basketbale,6
klubes,6
marid,6
bremen,6
saarlande,6
bs,6
extremi,6
poeme,6
putin,6
vatikan,6
stanislas,6
binh,6
renkontrad,6
vanhanen,6
obama,6
visitad,6
frequentim,6
rio,6
janeiro,6
deklinationes,6
dictionary,6
pugne,6
genu,6
batalie,6
kombates,6
boxes,6
document,6
fédéral,6
formation,6
entraîneur,6
toulouse,6
netboxe,6
plesire,6
atitude,6
antiquitate,6
belo,6
postal,6
país,6
obres,6
completes,6
pasad,6
tour,6
be,6
now,6
presidantali,6
biden,6
sovieti,6
yuni,6
ou,6
herzegovina,6
gali,6
mauriac,6
provensale,6
senteyare,6
gaston,6
dea,6
lenn,6
eur,6
liour,6
tournee,6
mortimer,6
sinioro,6
verim,6
beethoven,6
chevalier,6
homme,6
firmin,6
gémier,6
oscar,6
auschwitz,6
moyen,6
âge,6
patrick,6
maximilien,6
novlingue,6
emmanuel,6
macron,6
pikteres,6
noether,6
settlemente,6
emily,6
nhk,6
inventero,5
florence,5
nightingale,5
lenin,5
alma,5
nederlandi,5
victoria,5
dinah,5
skribere,5
day,5
alkemiisto,5
urey,5
young,5
populosi,5
kovra,5
teritories,5
plante,5
historia,5
kemiistes,5
unesmifoy,5
poesie,5
kredos,5
dises,5
desfasil,5
embriologia,5
komposit,5
definitione,5
inkluset,5
opera,5
medieval,5
universitates,5
quadrivium,5
akademie,5
mesopotamia,5
korekti,5
istme,5
via,5
kombina,5
quu,5
fiktione,5
astrofisike,5
observational,5
sercha,5
deskovro,5
konstruktione,5
analiti,5
positiones,5
distinktet,5
pasifiki,5
kultural,5
havent,5
gene,5
genal,5
responda,5
rna,5
selule,5
signale,5
kresko,5
yunes,5
heredo,5
homaro,5
produktione,5
biologes,5
botanike,5
examina,5
kardinal,5
koresponda,5
alighieri,5
dante,5
promote,5
organes,5
nesesari,5
resone,5
deskovra,5
fisiologial,5
abderhalden,5
instruktione,5
deve,5
kulta,5
rakontes,5
spirites,5
equivalenti,5
klarim,5
spirite,5
interpretatione,5
efektes,5
mekanike,5
letre,5
multe,5
distinkte,5
esentialim,5
milital,5
sixesmi,5
signifiko,5
trete,5
katoliki,5
teatral,5
latinim,5
oxigene,5
introdukted,5
signifikad,5
gradualim,5
danjere,5
analise,5
divisiones,5
proximeska,5
exemples,5
skandinavi,5
od,5
direktim,5
etc,5
history,5
books,5
parametrisatione,5
distribut,5
kontinui,5
suksesos,5
identim,5
obtena,5
binomialim,5
geometri,5
tali,5
sekuent,5
suposa,5
finiti,5
sembla,5
febli,5
ringes,5
deskovrat,5
institute,5
estima,5
amerikas,5
grinlande,5
amerikan,5
interete,5
komparo,5
tot,5
plubonisat,5
ortografial,5
disum,5
sc,5
valter,5
sekretario,5
chandler,5
voises,5
preterite,5
verbal,5
developad,5
iv,5
group,5
profundi,5
mekanismes,5
københavn,5
oxford,5
havad,5
who,5
collection,5
place,5
years,5
legal,5
four,5
study,5
up,5
beaufront,5
kreatore,5
publiki,5
nos,5
tena,5
modern,5
erik,5
pennsylvania,5
korzybski,5
gamow,5
jules,5
marx,5
marilyn,5
monroe,5
logikiste,5
golda,5
howard,5
gottlob,5
frege,5
stockholm,5
jr,5
michael,5
beijing,5
vii,5
godel,5
autora,5
pensera,5
afganistan,5
german,5
dez,5
protestantes,5
antikeso,5
arverni,5
viktorie,5
beograd,5
mehmet,5
permised,5
reali,5
vilnius,5
fortrese,5
luxemburgum,5
ta,5
pronunsati,5
mode,5
valahia,5
dinastie,5
artiste,5
aktos,5
pokes,5
kateb,5
nega,5
glosa,5
liva,5
binari,5
fonemes,5
inflektiones,5
simplifikat,5
feminini,5
besona,5
derivat,5
jurnale,5
projekte,5
audi,5
lige,5
junkte,5
aktivesos,5
story,5
histori,5
argumente,5
trovat,5
verb,5
prinsipe,5
partisipad,5
fala,5
mark,5
pronuntiatione,5
feminin,5
cultura,5
portugalum,5
kenneth,5
hipotese,5
american,5
guvernere,5
rhode,5
royal,5
organisa,5
see,5
tolkien,5
musikal,5
urgell,5
foix,5
fransianes,5
presisi,5
astana,5
vota,5
your,5
jurnalisto,5
cibber,5
spektakle,5
vespre,5
riga,5
oklahoma,5
konservativi,5
texas,5
polokwane,5
ga,5
myanmar,5
profile,5
news,5
five,5
deputates,5
hawaii,5
helena,5
são,5
local,5
algeria,5
gini,5
gabon,5
komoros,5
povri,5
kolonia,5
sahara,5
quadrati,5
riko,5
helsinki,5
administrativi,5
java,5
bagdad,5
situad,5
kirgistan,5
beyrut,5
malaysia,5
budisme,5
ali,5
saudi,5
arabia,5
irani,5
equador,5
official,5
gov,5
vale,5
ba,5
ubuntu,5
material,5
euklidan,5
egali,5
konsepto,5
propositiones,5
gödel,5
pruva,5
karakterisat,5
explosione,5
kolore,5
duopli,5
stelaro,5
vente,5
komposi,5
rife,5
quantus,5
pare,5
observere,5
extremum,5
rifes,5
akte,5
katod,5
kurente,5
katode,5
reaktione,5
movant,5
ensimes,5
ensembles,5
matematiki,5
abelan,5
botle,5
komerse,5
shake,5
two,5
curitiba,5
porte,5
studente,5
mamiferal,5
oses,5
lunges,5
ventrikle,5
aves,5
global,5
irgitem,5
nonrekognit,5
musée,5
musees,5
ich,5
feminisme,5
rick,5
australiani,5
redaktere,5
amiko,5
partiso,5
voise,5
ekonomie,5
rosa,5
chi,5
desaparid,5
asile,5
russia,5
anton,5
kause,5
rakonte,5
punkta,5
carlos,5
judo,5
multum,5
kategorie,5
fighting,5
française,5
tantim,5
ambite,5
wka,5
blanchet,5
éducation,5
amphora,5
valorosi,5
kovre,5
ofensive,5
kim,5
angels,5
gibraltar,5
rafael,5
miguel,5
das,5
music,5
kansai,5
kyoto,5
romanisatione,5
hui,5
hunan,5
tōhoku,5
mallorca,5
moll,5
vi,5
dels,5
title,5
sirili,5
arabes,5
kreati,5
marshale,5
josip,5
broz,5
mused,5
film,5
alois,5
futuri,5
independenti,5
senatane,5
germano,5
amerikano,5
galia,5
druides,5
naskita,5
kantone,5
amour,5
israël,5
muzike,5
kantos,5
influense,5
termina,5
sati,5
yuneso,5
semi,5
ultimi,5
mikhaïl,5
boris,5
arvernum,5
bretonum,5
lefte,5
rusa,5
ein,5
dem,5
monsieur,5
egiptanes,5
egipti,5
konosati,5
baur,5
tourneur,5
renaissance,5
berry,5
lasad,5
lumine,5
faraono,5
massiac,5
fransanes,5
fayard,5
hachette,5
fransani,5
asemblee,5
sim,5
kessel,5
departamente,5
clovis,5
kurmanji,5
houston,5
robespierre,5
pronuntia,5
hu,5
liguri,5
cirgues,5
sont,5
imi,5
past,5
netflix,5
myuzik,5
michelangelo,5
kahlo,5
poe,5
tbs,5
alva,4
edison,4
aferisto,4
flegera,4
enemikes,4
cogan,4
linguisto,4
tuat,4
dramatiste,4
gustav,4
geun,4
yvonne,4
carlo,4
angela,4
medivaloral,4
temperature,4
interrete,4
literalim,4
fondationes,4
parleres,4
fruim,4
disus,4
studentes,4
alme,4
teologia,4
arkitekture,4
danso,4
desino,4
inklused,4
liberal,4
suez,4
mares,4
definitiones,4
striktim,4
plate,4
astrobiologia,4
fokusa,4
observationes,4
departa,4
pluto,4
saturne,4
urane,4
derivad,4
sientiistes,4
produktet,4
presenti,4
biomolekules,4
vasti,4
ensime,4
spektre,4
dependanti,4
spasie,4
funktiona,4
sistematike,4
homo,4
poles,4
komedie,4
literatural,4
diverseso,4
spesialisatione,4
invente,4
ernst,4
menaje,4
partikular,4
artifisial,4
esential,4
finni,4
longitem,4
mixure,4
omnidial,4
marka,4
elfes,4
larjim,4
suposi,4
renesanse,4
deskriptione,4
postulad,4
biofisike,4
prehistorie,4
fingre,4
prisonieres,4
viros,4
religie,4
setesmi,4
kultures,4
evalua,4
komunika,4
balti,4
teresa,4
joni,4
storm,4
gale,4
autores,4
luna,4
satelites,4
families,4
resones,4
manjaje,4
format,4
formula,4
axiomes,4
dukted,4
kristanes,4
surfase,4
rapidi,4
relativ,4
trakto,4
drake,4
liberim,4
dinamike,4
gamma,4
kube,4
integres,4
integre,4
medivalore,4
tikas,4
relatet,4
subu,4
infinit,4
detekte,4
pensad,4
hemisfere,4
california,4
institutione,4
europanes,4
sesad,4
diskusione,4
mentionat,4
solutiones,4
apud,4
usabli,4
fonetikal,4
forume,4
infinitives,4
sta,4
marcos,4
phillip,4
jonsson,4
nulitem,4
modes,4
parlo,4
tradukte,4
komense,4
kreere,4
proyo,4
traduktione,4
auerbach,4
work,4
inglés,4
comparative,4
description,4
lenti,4
movad,4
boy,4
made,4
more,4
take,4
some,4
maestre,4
identitate,4
dura,4
nor,4
luda,4
cartes,4
existo,4
originali,4
establit,4
planetal,4
devud,4
skribiste,4
henrik,4
meir,4
ministera,4
industriisto,4
dinamite,4
establid,4
arthur,4
jaroslav,4
luis,4
moore,4
vladimir,4
georg,4
lee,4
donald,4
walker,4
agre,4
festa,4
judiko,4
skoti,4
isabella,4
wayne,4
onde,4
filosofa,4
chaplin,4
diktatoro,4
sepulte,4
destruktet,4
republika,4
ipa,4
sudu,4
demokratia,4
apartene,4
alpes,4
yure,4
germaniani,4
antiles,4
monarkia,4
okupat,4
supra,4
modiarum,4
livad,4
davan,4
volga,4
kroates,4
legali,4
invadad,4
sz,4
jures,4
dakes,4
ortodoxi,4
desida,4
savad,4
federatione,4
sirkum,4
woodard,4
fiktionali,4
action,4
polisie,4
detentione,4
nondefinit,4
ya,4
konstitutione,4
mondial,4
montana,4
ok,4
blog,4
suportat,4
digites,4
instruktere,4
penos,4
abandona,4
kosmoglott,4
manko,4
munde,4
krise,4
revenu,4
jurnales,4
destrukted,4
materiales,4
union,4
skriptat,4
prova,4
long,4
etimologi,4
standard,4
vidad,4
esent,4
poves,4
filosofie,4
postula,4
son,4
post,4
serti,4
apti,4
pruvad,4
morti,4
steve,4
oposit,4
prinse,4
salute,4
racontas,4
con,4
facebook,4
margaret,4
felix,4
puva,4
article,4
social,4
physics,4
cognitive,4
civil,4
medicine,4
publisa,4
julia,4
roberts,4
massachusetts,4
sloveni,4
oslo,4
komtos,4
rekonosa,4
nota,4
aserbaijan,4
az,4
baku,4
kiprus,4
nom,4
multempe,4
heine,4
shift,4
colley,4
platforme,4
aktore,4
plead,4
artisti,4
kompetitione,4
atraktione,4
vol,4
drama,4
cantor,4
turku,4
destrukte,4
albumes,4
omnitem,4
república,4
milan,4
kentucky,4
mafikeng,4
ruth,4
yangtze,4
there,4
people,4
use,4
view,4
verbs,4
full,4
rari,4
usania,4
alaska,4
little,4
rock,4
atlanta,4
kolorado,4
rouge,4
jackson,4
nc,4
karolina,4
nh,4
nm,4
santa,4
utah,4
lake,4
richmond,4
vermont,4
paulo,4
district,4
lesedi,4
afares,4
chad,4
libia,4
brazavil,4
konektet,4
kontru,4
gueres,4
puere,4
used,4
trinidad,4
tobago,4
legendes,4
saxoni,4
sexual,4
bukuresht,4
kiyev,4
ljubljana,4
italium,4
kanali,4
guernsey,4
urbal,4
portu,4
persian,4
jakarta,4
islami,4
parties,4
signes,4
arkipelage,4
hokkaido,4
jordania,4
flue,4
radikali,4
tuad,4
mongoli,4
blui,4
temple,4
yangon,4
islamabad,4
katmandu,4
chinum,4
thai,4
tajikistan,4
ankara,4
guyana,4
partises,4
pan,4
altre,4
ore,4
aspx,4
taolo,4
gaetsewe,4
site,4
tsongum,4
mbeki,4
breede,4
lekwa,4
delmas,4
solide,4
liquide,4
mc,4
mikroni,4
signales,4
serchad,4
brahe,4
silogisme,4
exteri,4
fixi,4
asosiativ,4
foy,4
lumositate,4
variabli,4
transmise,4
television,4
komete,4
demonstrad,4
klosat,4
stabili,4
protones,4
gold,4
okule,4
longitates,4
ariva,4
persepte,4
vies,4
nebulas,4
skeletes,4
charjo,4
ione,4
alkali,4
mobius,4
vakui,4
linies,4
majuskle,4
strategie,4
morfologie,4
finales,4
filmegrafia,4
fan,4
francisco,4
usati,4
pt,4
br,4
flanke,4
chiroptera,4
fruktes,4
studiat,4
temples,4
regarda,4
valensia,4
germanim,4
pokémon,4
nazi,4
einen,4
sentrali,4
egalitate,4
medium,4
gimnastike,4
schleswig,4
holstein,4
autoro,4
potsdam,4
leningrad,4
palau,4
josé,4
bestie,4
religiosi,4
posture,4
sola,4
lublin,4
astrid,4
shelley,4
andrew,4
klaus,4
programe,4
wolfgang,4
goethe,4
may,4
bình,4
hanoi,4
pasajer,4
air,4
arme,4
ansip,4
sundi,4
normandia,4
autumne,4
smaug,4
hugo,4
deklinatione,4
entratas,4
ultra,4
kontine,4
lector,4
html,4
os,4
kombata,4
alfabeti,4
pugnes,4
basa,4
elbove,4
aikido,4
pese,4
lukto,4
japanani,4
arena,4
ring,4
gambe,4
low,4
muay,4
nule,4
rondes,4
diletanti,4
sports,4
aktual,4
stoa,4
dei,4
scott,4
konteratake,4
combat,4
alain,4
aix,4
provence,4
majori,4
aurillac,4
servo,4
bloke,4
kombatant,4
skripture,4
concepción,4
order,4
under,4
tan,4
sang,4
tr,4
aeroporto,4
marjorie,4
noël,4
regisoro,4
andrea,4
prinsipali,4
nume,4
osaka,4
nordwest,4
zhejiang,4
word,4
kantō,4
chūbu,4
español,4
catalana,4
sant,4
ciutat,4
selecta,4
valencià,4
nacional,4
cultures,4
cervantes,4
slaves,4
interslavi,4
genitive,4
konjuga,4
baneres,4
yarsente,4
bibliografie,4
napoli,4
art,4
jugoslavi,4
interdikte,4
svastike,4
devil,4
kandidates,4
jim,4
retrakte,4
natione,4
will,4
generale,4
reposo,4
maplandia,4
siprage,4
konsiderati,4
prisone,4
drinka,4
okupatione,4
cum,4
alverniate,4
marsilia,4
prose,4
benezet,4
broc,4
duesma,4
harmattan,4
lua,4
komersantes,4
auvergne,4
provensali,4
jousé,4
arbaud,4
gourgaud,4
philippe,4
bokassa,4
kalendare,4
legione,4
dacko,4
sirke,4
fakta,4
regos,4
ramon,4
profesora,4
seremonies,4
tenid,4
morge,4
clermont,4
marites,4
mensues,4
chifres,4
lustre,4
fransiano,4
kampione,4
venka,4
ina,4
branko,4
lazitch,4
socialista,4
cnt,4
konosad,4
poum,4
trovad,4
kingdom,4
reihe,4
videos,4
tag,4
best,4
stadion,4
dvd,4
besonie,4
doktoro,4
yuno,4
naser,4
aksidente,4
generalo,4
golder,4
judeo,4
reveni,4
petits,4
roi,4
fernand,4
été,4
daunou,4
nouvelle,4
rostand,4
ordre,4
hititi,4
asosiati,4
vespero,4
saturdie,4
profesiones,4
hospital,4
kafe,4
belfort,4
baski,4
pétain,4
nadene,4
amerindiani,4
re,4
prix,4
plon,4
visigotes,4
sorbonne,4
presses,4
université,4
siècle,4
auverniati,4
letres,4
sibiu,4
chefurbe,4
sorani,4
naskit,4
katalonia,4
llivia,4
fakted,4
teres,4
yusu,4
utaravento,4
daoyen,4
kapa,4
sesu,4
dokumente,4
reformat,4
dodoma,4
steinmeier,4
avokato,4
definid,4
godal,4
big,4
peruani,4
want,4
questions,4
act,4
billboard,4
awards,4
mrbeast,4
kaunas,4
rembrandt,4
pikte,4
frida,4
bangkok,4
doha,4
riyad,4
yorkshire,4
bell,4
allan,4
kantero,3
marlon,3
brando,3
fanny,3
wałęsa,3
rosemary,3
clooney,3
kases,3
tremblo,3
noemi,3
calvin,3
histologia,3
mites,3
akseptat,3
vido,3
permananti,3
kemiiste,3
parlant,3
dosed,3
influanti,3
skriptures,3
traktad,3
vereso,3
etike,3
konstitu,3
ensiklopedie,3
traditiones,3
fulmine,3
kaukasus,3
siberia,3
xinjiang,3
konsepture,3
presisim,3
subkontinente,3
nomos,3
astres,3
origina,3
kosmal,3
formatione,3
kontribu,3
instrumentes,3
mars,3
venus,3
otesmi,3
frase,3
parlanti,3
emfasa,3
implika,3
plates,3
asian,3
davis,3
solu,3
populareso,3
diskuse,3
fundat,3
desense,3
ansestre,3
implementes,3
metabolisme,3
chifra,3
regardat,3
kunu,3
vivant,3
fogles,3
oves,3
skale,3
epokes,3
molekulari,3
orcinus,3
orca,3
banksia,3
busolal,3
divina,3
fino,3
deskriptiv,3
duantesmi,3
trovos,3
dukte,3
again,3
duete,3
clark,3
shanghai,3
influos,3
klimate,3
arkti,3
geografial,3
tektoni,3
sufase,3
influa,3
komputatione,3
pagani,3
kristianisme,3
dee,3
poved,3
diskurse,3
heroes,3
ansestres,3
omnilok,3
divini,3
karakteres,3
pregad,3
fortune,3
protektione,3
galileo,3
galilei,3
finalim,3
explikatione,3
funktiones,3
extense,3
arbre,3
konsentra,3
sientiiste,3
sugested,3
singli,3
dependant,3
transkriptione,3
reglat,3
diferos,3
ge,3
ratione,3
geologes,3
milione,3
metales,3
argile,3
klore,3
helium,3
standardi,3
multiselular,3
primates,3
multu,3
uniselular,3
emerjad,3
memora,3
islame,3
abstrakti,3
stilistikat,3
nonorgani,3
reflekte,3
brewer,3
pauling,3
linus,3
selene,3
suporta,3
explora,3
egipte,3
rigore,3
uli,3
angusti,3
mathematica,3
penso,3
ares,3
praktiso,3
trigonometria,3
grandeso,3
temperatures,3
kreska,3
imunologia,3
disis,3
interfasie,3
rational,3
pascal,3
alternative,3
formalim,3
darfa,3
sample,3
supera,3
egal,3
modele,3
xr,3
parameters,3
limite,3
sat,3
inverse,3
valores,3
infinitim,3
konstato,3
infiniteso,3
pr,3
egala,3
exponente,3
wikipedia,3
voyager,3
metane,3
varta,3
extrem,3
vision,3
teknologia,3
karibeani,3
konektione,3
traduktiones,3
modifikationes,3
ials,3
nudi,3
adoptione,3
prefero,3
komisione,3
jurie,3
nove,3
lekter,3
noviala,3
noviali,3
modernizat,3
fundi,3
gode,3
pronomines,3
pasive,3
prefixes,3
komite,3
jay,3
bowks,3
siegfried,3
derivatione,3
allen,3
short,3
progreso,3
faktes,3
konditiones,3
observat,3
jens,3
judikere,3
studie,3
start,3
while,3
school,3
own,3
these,3
few,3
philology,3
house,3
literatures,3
once,3
father,3
when,3
three,3
way,3
outside,3
refusad,3
delegatione,3
resepted,3
destinat,3
quand,3
table,3
mem,3
progress,3
ff,3
grammar,3
philosophy,3
edited,3
nielsen,3
arne,3
linguist,3
animal,3
frequenti,3
nane,3
migratione,3
wright,3
fisher,3
krede,3
rituales,3
sepesmi,3
holandani,3
bankere,3
verne,3
fisiologisto,3
logikisto,3
marlene,3
ernest,3
frédéric,3
ferdinand,3
bruce,3
karle,3
sidney,3
ada,3
jesus,3
quaranti,3
yule,3
baptiso,3
beliz,3
experientia,3
landi,3
bruxelles,3
sitadane,3
flandrum,3
parlantes,3
prefera,3
nederlandum,3
metropolitan,3
suriname,3
nasional,3
weimar,3
demokratie,3
strofe,3
patria,3
feliseso,3
sentri,3
serbi,3
krone,3
tribues,3
atakes,3
hunes,3
sona,3
ataka,3
emperie,3
hungari,3
invada,3
hungares,3
prendati,3
transilvania,3
regnad,3
emigra,3
artistes,3
okupati,3
sovietikes,3
ese,3
sosialisme,3
yugoslavia,3
autonomie,3
huwa,3
ilsien,3
mal,3
mill,3
spesiali,3
muti,3
sh,3
mane,3
gloriosi,3
face,3
internationalim,3
desde,3
government,3
leon,3
betty,3
michelle,3
aperio,3
justeso,3
godwin,3
sinstatal,3
enmigrational,3
desised,3
guverna,3
permiset,3
kanadani,3
globasa,3
romanica,3
towards,3
character,3
lojban,3
vorlin,3
disfasili,3
studiant,3
gravi,3
erore,3
mo,3
ra,3
proto,3
ci,3
nomisa,3
permisent,3
blogspot,3
sequense,3
konditional,3
quanti,3
observa,3
ofisiere,3
regulari,3
vest,3
lektebleso,3
kontakte,3
aparitione,3
komensant,3
venio,3
anunsia,3
tard,3
esperantiste,3
kande,3
ofisie,3
dekade,3
dat,3
refusa,3
sentres,3
restat,3
postes,3
permiser,3
tempo,3
praktika,3
dekrete,3
desisiones,3
finali,3
scrir,3
scripter,3
trovant,3
pesosi,3
ankor,3
pronti,3
asosiatione,3
morris,3
ric,3
montrad,3
versiones,3
importantie,3
venko,3
uneso,3
partisanes,3
diferent,3
singulare,3
vive,3
konfirma,3
harlow,3
unfoy,3
revues,3
novas,3
ulm,3
jonathan,3
vokal,3
konsonantes,3
maskulin,3
lis,3
pronomes,3
amos,3
podobský,3
memories,3
gruppe,3
natur,3
italum,3
chafee,3
sarkozy,3
thatcher,3
galo,3
latine,3
sistemati,3
savos,3
health,3
computer,3
berlusconi,3
evariste,3
galois,3
rekogni,3
andorra,3
protekto,3
prinsos,3
prinses,3
valls,3
komprena,3
spanianes,3
testes,3
belarus,3
liechtenstein,3
yugoslavie,3
marino,3
quantitatal,3
dosente,3
restaurational,3
restauratione,3
suksesosi,3
retena,3
judith,3
comment,3
presione,3
volumine,3
expansiones,3
quartere,3
clara,3
tennessee,3
liberali,3
konfliktes,3
perdo,3
komunisme,3
hills,3
josephine,3
kaunda,3
segomotsi,3
mompati,3
koste,3
indiani,3
bangladesh,3
amsterdam,3
swazilande,3
lipotes,3
vexillifer,3
delfines,3
cetacea,3
team,3
any,3
diakritikes,3
digrames,3
komparos,3
several,3
endings,3
only,3
nd,3
dislok,3
galerie,3
presidental,3
abreviatione,3
ak,3
arkansas,3
connecticut,3
delaware,3
tallahassee,3
honolulu,3
ia,3
iowa,3
indianapolis,3
ca,3
denver,3
louisiana,3
baton,3
boston,3
minnesota,3
carson,3
bismarck,3
oh,3
oregon,3
pensilvania,3
providence,3
ut,3
salt,3
olympia,3
wisconsin,3
wyoming,3
cheyenne,3
mente,3
kolores,3
suda,3
etnikeso,3
midvaal,3
somalies,3
somalia,3
kairo,3
librevil,3
mayotte,3
olie,3
islam,3
nomina,3
senegal,3
exakti,3
informational,3
leibniz,3
instrumental,3
kartum,3
januar,3
tanzania,3
bangui,3
lojia,3
saneso,3
hinter,3
eduka,3
fortim,3
club,3
flag,3
aruba,3
barbados,3
salvador,3
haiti,3
kilometrequadrates,3
central,3
vinsent,3
grenadines,3
country,3
experimentes,3
mashines,3
kombinatione,3
separat,3
persanum,3
probad,3
iranianes,3
jordan,3
regno,3
paga,3
phnom,3
penh,3
vientiane,3
religiones,3
link,3
chini,3
pinyin,3
brikes,3
minoritate,3
tailandia,3
th,3
timor,3
emirates,3
hebrum,3
kolombia,3
peru,3
venezuela,3
lima,3
movement,3
simple,3
organization,3
imaje,3
za,3
newcastle,3
rustenburg,3
stellenbosch,3
beaufort,3
giyani,3
gwala,3
pixley,3
seme,3
ladysmith,3
king,3
bay,3
mangaung,3
ulundi,3
rege,3
hall,3
fluve,3
rute,3
utrecht,3
pseudo,3
tant,3
enormi,3
equivala,3
uniformi,3
vektor,3
atena,3
rapiditates,3
kopernikus,3
premises,3
ver,3
rimemora,3
ludwig,3
atitudes,3
fundamentes,3
shablone,3
aere,3
familiari,3
milion,3
supernova,3
emise,3
kaude,3
universes,3
lumes,3
brilianti,3
bombarda,3
positivi,3
funde,3
lagune,3
frequenteso,3
konstante,3
longitate,3
bald,3
reges,3
konstrukted,3
orion,3
fase,3
nulum,3
mar,3
je,3
starta,3
kalkulus,3
velositate,3
antipartikle,3
positrone,3
komposientes,3
isotopes,3
radie,3
charjat,3
suon,3
konverte,3
kable,3
soluebli,3
algebral,3
angule,3
maximi,3
histories,3
satses,3
satse,3
modifika,3
silabe,3
suones,3
kognates,3
rené,3
schopenhauer,3
sister,3
castilla,3
león,3
matematikere,3
influat,3
tropikal,3
rodentia,3
roderes,3
mammalia,3
subklase,3
servikal,3
maxile,3
ose,3
atrie,3
mures,3
eku,3
subfilum,3
strade,3
kapitalisme,3
iso,3
known,3
samuel,3
sydney,3
fiji,3
prisoniere,3
mancha,3
valencia,3
spanie,3
valensium,3
konservativ,3
japanim,3
bulbizarre,3
koreanim,3
pokédex,3
pesa,3
kg,3
sm,3
fushigisō,3
fi,3
grey,3
katie,3
lisa,3
abkasia,3
vulad,3
show,3
yuna,3
eu,3
emma,3
wollstonecraft,3
organe,3
fc,3
kiribati,3
evente,3
balete,3
existeskad,3
oskar,3
brandenburg,3
erste,3
aktivista,3
diktatore,3
puera,3
pense,3
hollande,3
kandite,3
gambes,3
tarja,3
halonen,3
heinz,3
profesione,3
kronikes,3
figures,3
percy,3
sark,3
saarbrücken,3
elekto,3
representante,3
warszawa,3
collegium,3
voyajad,3
influential,3
old,3
kombatad,3
prus,3
madeira,3
ho,3
minh,3
saigon,3
nha,3
bang,3
parke,3
index,3
potenti,3
sixanti,3
kondemna,3
matti,3
diskused,3
visito,3
kase,3
russi,3
ministerie,3
sercho,3
habitad,3
huang,3
orsay,3
whitaker,3
konjugatione,3
konta,3
miles,3
amabantur,3
indikativ,3
persona,3
recherche,3
mac,3
signifikationes,3
preparatione,3
moli,3
aktualim,3
konkurse,3
maskulines,3
lukteres,3
shinto,3
eset,3
edo,3
praktikat,3
sportiv,3
boxeres,3
disiplines,3
contact,3
genus,3
expertes,3
boxere,3
kolpa,3
permitet,3
voyaja,3
urquidez,3
utilisat,3
evitar,3
evitatione,3
realisa,3
doktrine,3
stoikistes,3
vivar,3
komunitate,3
physique,3
chiron,3
autres,3
combatique,3
dempsey,3
championship,3
cuddy,3
gabrielle,3
roland,3
habersetzer,3
encyclopédie,3
martiaux,3
extrême,3
orient,3
lerda,3
casteyre,3
sachons,3
boxer,3
vigot,3
antene,3
rubrike,3
formations,3
onglet,3
ceinture,3
noire,3
plakes,3
boxrec,3
encyclopaedia,3
ground,3
pound,3
normalim,3
mixed,3
dolore,3
glorie,3
kroati,3
protekter,3
pasivi,3
fasie,3
defenser,3
anglofones,3
egalim,3
adoptar,3
escrime,3
rejime,3
osasco,3
lopez,3
carmen,3
blood,3
vietnami,3
campo,3
ap,3
coronel,3
octave,3
mirbeau,3
femme,3
niccolò,3
cusano,3
estiano,3
vento,3
benedicta,3
boccoli,3
shakespeare,3
ariel,3
augusto,3
end,3
anggun,3
indonesi,3
star,3
island,3
kobe,3
borders,3
autonomous,3
gansu,3
ningxia,3
through,3
jiangxi,3
name,3
castel,3
poesia,3
barcino,3
valencians,3
catalans,3
mai,3
generalitat,3
vent,3
interslavun,3
ku,3
pozati,3
litres,3
profesionali,3
opositione,3
bologna,3
net,3
konserte,3
konsertes,3
kusino,3
ivan,3
realim,3
opus,3
einer,3
sebastian,3
bach,3
diskes,3
sky,3
sintesatore,3
luka,3
bulgari,3
tabu,3
pseudonime,3
oksitanum,3
languedoc,3
refusati,3
fabriciano,3
aïn,3
bobby,3
santorum,3
united,3
empire,3
hare,3
ekipes,3
ekipe,3
minutes,3
konkurses,3
melbourne,3
woman,3
jolie,3
bombe,3
into,3
bosna,3
angel,3
alvernia,3
conneau,3
ama,3
chakifoy,3
karne,3
mut,3
afluente,3
riviere,3
pele,3
baptisat,3
privat,3
departement,3
marseille,3
murat,3
arsène,3
vermenouze,3
mongier,3
occitan,3
parle,3
eterni,3
enter,3
puvad,3
poetos,3
reviste,3
afer,3
frederic,3
provensala,3
liseanes,3
judika,3
terminad,3
sinkanti,3
trapero,3
atentate,3
ergo,3
setembre,3
nous,3
ekvadad,3
dalfi,3
riom,3
montferrand,3
flume,3
nemeton,3
poitiers,3
komtad,3
favorosi,3
allos,3
germaniano,3
kampionate,3
bretonia,3
omnitempe,3
manes,3
souvarine,3
aktes,3
andreu,3
aderad,3
partido,3
urss,3
obrer,3
anarkistes,3
diktend,3
kulturali,3
theater,3
filmografie,3
ist,3
deutschen,3
zeit,3
filmportal,3
mit,3
zum,3
dezember,3
centre,3
madame,3
wie,3
lokalitates,3
proklama,3
indikative,3
pasinte,3
esud,3
ruranes,3
kolegie,3
resepte,3
kandidato,3
fratros,3
amati,3
vola,3
sufrid,3
vus,3
gance,3
symphonie,3
victorin,3
hippolyte,3
jasset,3
césar,3
vidocq,3
denola,3
mort,3
baroncelli,3
dans,3
sarati,3
père,3
cœur,3
nozière,3
édouard,3
variétés,3
verneuil,3
pagnol,3
bernhardt,3
mathurins,3
ai,3
representad,3
aproximativim,3
diakriti,3
kurdum,3
hor,3
dati,3
hatti,3
duri,3
netisa,3
laikeso,3
arverniatum,3
vilajes,3
turkum,3
haut,3
vizini,3
aquitaine,3
lohitzun,3
baskum,3
maritad,3
hauses,3
statione,3
worldcat,3
nu,3
flagstaff,3
elodie,3
frenck,3
articles,3
origines,3
superstrates,3
vikinges,3
wolf,3
medievali,3
dudek,3
servise,3
asiates,3
yunas,3
cao,3
vietminh,3
negosia,3
kria,3
gaulle,3
pourquoi,3
presenta,3
boxero,3
kampe,3
krematorie,3
prisoniero,3
penda,3
tatia,3
mgeladze,3
rouche,3
civilisations,3
goncourt,3
éd,3
nomati,3
oradour,3
alsasianos,3
volontari,3
istanbul,3
zazaki,3
kurdi,3
mondo,3
street,3
us,3
zuñis,3
kontro,3
maltum,3
basikim,3
dialektali,3
bastid,3
deputate,3
wallenstein,3
ligurium,3
munegu,3
türbia,3
provensi,3
tera,3
moneie,3
malbert,3
cirgue,3
auverniana,3
komuna,3
ete,3
imisu,3
maxmo,3
bala,3
denwatu,3
kaj,3
estis,3
zelensky,3
tirana,3
basad,3
white,3
twitter,3
doraemon,3
gotum,3
kolonial,3
regiro,3
medici,3
upon,3
valensum,3
present,3
continuous,3
been,3
answer,3
kontra,3
tutkun,3
pletf,3
single,3
million,3
yourself,3
became,3
kasakhum,3
akmola,3
almaty,3
kishinau,3
fratres,3
frankfurt,3
dramas,3
faust,3
picasso,3
pikture,3
inventeres,3
teran,3
pyongyang,3
deli,3
manila,3
ulaanbaatar,3
publikisa,3
eyre,3
aviv,3
amazon,3
valletta,3
verdes,3
pedbalone,3
operat,2
lech,2
boutros,2
ghali,2
gordon,2
bill,2
bixby,2
emperera,2
clyde,2
barrow,2
bonnie,2
parker,2
krimeres,2
furteres,2
sparo,2
kennedy,2
jeanne,2
arc,2
coolidge,2
klimt,2
orson,2
welles,2
elvis,2
presley,2
komparativ,2
sirkumda,2
kovrat,2
australis,2
expeditione,2
lazarev,2
laurent,2
lavoisier,2
renkontros,2
aléxandros,2
guverno,2
transformad,2
preferim,2
milyares,2
dialoges,2
traktates,2
partim,2
repetitim,2
metafisike,2
poetike,2
meteorologia,2
estetike,2
kustomes,2
kombinat,2
subdivisione,2
handfabriko,2
historialim,2
sivilisationes,2
karakterisiv,2
distinktiv,2
eurasia,2
sudest,2
kaspian,2
tibet,2
turkmenistan,2
antiqueso,2
kredat,2
kara,2
refero,2
indi,2
piese,2
astron,2
interfakal,2
environmentes,2
spekulativ,2
biologe,2
aurores,2
praktisad,2
metodologia,2
avansat,2
deskovros,2
exekute,2
divise,2
brosses,2
aux,2
absenteso,2
quamkam,2
perseptet,2
instedu,2
kelkim,2
biologialim,2
marjine,2
sulawesi,2
borneo,2
tenise,2
olimpi,2
koinsida,2
inquestos,2
linifiko,2
asemblo,2
genomes,2
prediktione,2
qualitate,2
mrna,2
ponte,2
biokemies,2
semblanti,2
arbitriari,2
alternativi,2
nuklei,2
biokemial,2
subunos,2
investiga,2
existeska,2
similesos,2
metamorfose,2
atrakta,2
domestikatione,2
spesiatione,2
ets,2
entes,2
selulari,2
ontogenia,2
individu,2
posibleso,2
animalia,2
karnevori,2
plantal,2
reproduktione,2
brownii,2
rotatione,2
busole,2
punktus,2
mediat,2
degli,2
ann,2
evanston,2
journey,2
renown,2
dreams,2
buddy,2
secret,2
give,2
never,2
ekologial,2
abundo,2
parta,2
oikos,2
fisiologe,2
teste,2
gravideso,2
fisikalim,2
peninsule,2
formant,2
marke,2
desensione,2
mamiferologia,2
ornitologia,2
herpetologia,2
fosilus,2
teoriistes,2
konseptal,2
religional,2
honora,2
nixes,2
marjines,2
mital,2
divines,2
apartenad,2
malim,2
yumi,2
ilmarinen,2
foreste,2
prego,2
vetre,2
agres,2
garantira,2
provisione,2
ansestral,2
efortes,2
unque,2
yeste,2
partura,2
variatione,2
bateson,2
adam,2
konfero,2
aplikad,2
sintesa,2
fenotipe,2
produktetus,2
nukleotide,2
semblo,2
determinatione,2
solidi,2
mantele,2
superi,2
karbone,2
fere,2
ekonomial,2
sulfre,2
introdukte,2
horace,2
kompletisat,2
antike,2
serebre,2
referant,2
suposit,2
blindi,2
biografia,2
batalies,2
senda,2
loyaleso,2
skripto,2
miliardes,2
islām,2
inklusa,2
salutatione,2
muslim,2
salāmah,2
sekurese,2
gigantes,2
jupiter,2
representatione,2
vietnamani,2
amalthea,2
reactiveso,2
transformationes,2
kultiva,2
simboli,2
poveso,2
identifika,2
empereria,2
falio,2
patti,2
astronomi,2
lunal,2
mailes,2
abordad,2
apollo,2
regla,2
protektet,2
evolud,2
selektet,2
expanset,2
plubonisos,2
ansien,2
deskovratus,2
klasik,2
adjektive,2
konsia,2
inspiratione,2
desisione,2
aparienti,2
vehikle,2
genera,2
punte,2
unikode,2
bakteries,2
viruses,2
sugeste,2
entomologia,2
organisat,2
epidemiologia,2
bioteknologia,2
fenixe,2
grifone,2
mantikore,2
unikorne,2
viverne,2
infera,2
konfuse,2
frapo,2
selulal,2
filogenetike,2
diferentia,2
musikistes,2
suele,2
technology,2
negbin,2
alternativ,2
alternativim,2
konverga,2
kontrola,2
deviatione,2
triesmim,2
akumulat,2
beta,2
spesifikatim,2
tempal,2
disperset,2
supru,2
demonstra,2
konforma,2
integere,2
elementari,2
orbite,2
gasal,2
deslumosi,2
makule,2
posese,2
konfirmat,2
remarkabli,2
nitrogene,2
preter,2
propositione,2
missions,2
misione,2
amerigo,2
vespucci,2
europane,2
indies,2
landal,2
politikalim,2
ial,2
patrial,2
atrakte,2
vokablaro,2
ntia,2
konvalescentia,2
inteligentia,2
presentia,2
itate,2
felisitate,2
sinseritate,2
fasil,2
fonetikalim,2
chaken,2
fn,2
tilnun,2
admise,2
kolaborad,2
interlingual,2
usoniani,2
studantes,2
publikad,2
linguum,2
publikis,2
diskutet,2
intereti,2
inklusione,2
adapted,2
guisepe,2
komprenad,2
chanse,2
neutrum,2
tempus,2
partisipes,2
imperative,2
adverbial,2
korelatives,2
vestes,2
barral,2
eforta,2
kritikat,2
revisione,2
nunifikos,2
posto,2
request,2
updates,2
emailing,2
geocities,2
multilingual,2
referenties,2
grammatical,2
miscellany,2
unwin,2
great,2
chapter,2
planned,2
winter,2
heidelberg,2
reformes,2
discussion,2
randers,2
laboros,2
publi,2
read,2
rask,2
grammars,2
still,2
good,2
berg,2
interest,2
among,2
much,2
before,2
spite,2
less,2
grandfather,2
gave,2
personality,2
opinions,2
called,2
against,2
wanted,2
butter,2
during,2
back,2
should,2
ulter,2
genève,2
planlingues,2
selekte,2
sendad,2
justi,2
siniore,2
emfase,2
pasu,2
silentia,2
suspecte,2
sr,2
concorda,2
necesari,2
absolutim,2
fair,2
means,2
growth,2
its,2
development,2
analytic,2
syntax,2
literary,2
jørgen,2
trues,2
korporal,2
parasitologia,2
vival,2
kustome,2
parasiti,2
representantes,2
vertebroses,2
praktises,2
vena,2
kladistike,2
regional,2
asosiationes,2
tenat,2
asteroides,2
meteoroides,2
stelal,2
alfa,2
sportali,2
morgan,2
leopard,2
austen,2
incluse,2
signatad,2
grantat,2
dietrich,2
rutherford,2
zealand,2
curie,2
werner,2
theodore,2
richards,2
fritz,2
reinhold,2
joliot,2
norman,2
ilmari,2
finland,2
meredith,2
glenn,2
porter,2
vincent,2
cyril,2
republikes,2
sanger,2
libby,2
odd,2
gerhard,2
stein,2
herbert,2
aaron,2
smith,2
mario,2
ahmed,2
irwin,2
roger,2
church,2
paske,2
salvatione,2
uppsala,2
kurtose,2
nomim,2
exponential,2
deklarat,2
emperero,2
remplasat,2
gustaf,2
bostrom,2
resigna,2
naples,2
einar,2
dessau,2
radiosenda,2
transmisilo,2
cousteau,2
oseanali,2
ekologe,2
vakatione,2
interlandali,2
festet,2
bram,2
stoker,2
price,2
glasgow,2
high,2
parlamentali,2
ottawa,2
köln,2
honorisa,2
albanum,2
balkani,2
parlamentari,2
parlament,2
vlaanderen,2
personali,2
dokumentes,2
minoranse,2
zones,2
online,2
dannebrog,2
validi,2
rhine,2
hexagone,2
departementes,2
bordes,2
tunele,2
bundesrat,2
representation,2
nationalsosialist,2
franz,2
skriptati,2
ambigui,2
rekte,2
flori,2
ortodoxes,2
jorni,2
pannonia,2
mediani,2
planaje,2
regularim,2
bizantini,2
aktuali,2
bratislava,2
desise,2
ofiseres,2
servi,2
magyarorsàg,2
köstarsasàg,2
terore,2
libera,2
regente,2
nultempe,2
espera,2
free,2
prometed,2
janos,2
kàdàr,2
proklamati,2
mentione,2
viktor,2
prim,2
yaral,2
ministraro,2
chefa,2
sisilianum,2
repubblika,2
uffiċjali,2
kif,2
dan,2
għarbi,2
forte,2
ghaïn,2
punkte,2
norvegum,2
bukareshti,2
traian,2
venkad,2
aprendad,2
veniti,2
gare,2
românia,2
prinsipat,2
alexandru,2
ioan,2
cuza,2
definitivi,2
asemble,2
rekonosati,2
prinsipalim,2
carol,2
ordona,2
nevo,2
suksesoro,2
republic,2
monarkie,2
autonoma,2
rekonosata,2
alteri,2
densitate,2
existed,2
ghazi,2
gellar,2
heroe,2
superman,2
komiki,2
comics,2
fluore,2
kurtim,2
resivo,2
normes,2
autoritate,2
visa,2
enmigratione,2
kuwait,2
palestinian,2
voyajant,2
arivad,2
adaptat,2
quebec,2
trafike,2
abraham,2
adjuvilo,2
dunia,2
esperando,2
fasile,2
interglossa,2
neo,2
special,2
experimental,2
ceqli,2
energy,2
systems,2
ithkuil,2
ro,2
projete,2
aspektes,2
rivalisa,2
esperanti,2
brighton,2
frol,2
berkeley,2
feli,2
kate,2
bonvoli,2
bi,2
parlamenta,2
ep,2
grega,2
unio,2
waldemar,2
rosenberger,2
intentione,2
giuseppe,2
peanon,2
nulu,2
ekartad,2
gramatikal,2
lexikes,2
plurales,2
positional,2
skriptos,2
nuntios,2
amoretti,2
una,2
equivalentim,2
kasus,2
ludo,2
kumulantes,2
lli,2
yr,2
kuplos,2
naval,2
vordaro,2
dupli,2
perdit,2
bombardos,2
hospitale,2
psikiatri,2
ultim,2
deklina,2
magasine,2
auli,2
reforma,2
intentet,2
akselera,2
librete,2
transcendent,2
linzbach,2
debuto,2
sekueres,2
gramatikes,2
materiale,2
radicarium,2
directiv,2
kambiat,2
engelbert,2
pigal,2
finansial,2
forsat,2
subskriptiones,2
kreskant,2
respondat,2
publikationes,2
interdiktet,2
mantenad,2
nonpovo,2
pagos,2
kolektaje,2
chaskun,2
often,2
occidentalist,2
sendat,2
kontaktos,2
permiseble,2
scriptura,2
situesos,2
eses,2
posiblesos,2
dutos,2
restant,2
prosese,2
suisian,2
kambio,2
alice,2
personalim,2
marito,2
plubonisad,2
planad,2
konsideratione,2
disperse,2
kontrole,2
unifikat,2
retenad,2
optional,2
developos,2
prisenta,2
ekarta,2
fusione,2
nonrekusat,2
perseptione,2
barandovská,2
sirkumstanties,2
kausad,2
revista,2
provad,2
prevente,2
rivivatione,2
sequenti,2
voce,2
interlinguistic,2
european,2
interesat,2
loyal,2
reached,2
kelk,2
sesone,2
pilgrim,2
komensat,2
propagatione,2
castelle,2
dewahl,2
hispan,2
fabules,2
gu,2
plug,2
modifikat,2
kajš,2
schmidt,2
ie,2
resume,2
pdf,2
romance,2
geografie,2
searight,2
linguistikal,2
cooke,2
stalin,2
vivi,2
retum,2
sardum,2
rumanium,2
gaskonum,2
piemontum,2
importantisi,2
frs,2
explikationes,2
prediktiones,2
fields,2
categories,2
expertise,2
terminology,2
below,2
computational,2
dynamics,2
plasma,2
polimeres,2
spektroskopia,2
soil,2
freshi,2
neuroscience,2
physical,2
therapy,2
above,2
neuropsychology,2
library,2
agricultural,2
control,2
silvio,2
fiona,2
portreta,2
lone,2
ranger,2
alex,2
kendrick,2
equationes,2
rekognit,2
lukte,2
pozad,2
navarra,2
presidentes,2
consell,2
legislativi,2
akseptad,2
indianes,2
lleida,2
barseloni,2
aserbaijanum,2
rbaycan,2
minsk,2
fortalese,2
mondiale,2
retroveni,2
mama,2
sea,2
nationale,2
integri,2
virtue,2
vertu,2
libertine,2
tentatione,2
intensi,2
resistad,2
lord,2
finim,2
intentiones,2
plusim,2
fakti,2
trip,2
scarborough,2
moderne,2
komedies,2
fasili,2
lejeri,2
between,2
comedy,2
harris,2
holland,2
cambridge,2
clarendon,2
carbondale,2
southern,2
together,2
period,2
wife,2
kontroverso,2
audientia,2
pleos,2
piktera,2
relatent,2
exaktim,2
matematikes,2
egaleso,2
kelkus,2
nombral,2
fenomene,2
fraktiones,2
nl,2
repeterende,2
aura,2
carmella,2
babbo,2
exempleres,2
judi,2
bricker,2
republikane,2
proposit,2
supresed,2
opiniones,2
retrovadad,2
respondo,2
difusione,2
spanim,2
uruguay,2
bolivia,2
kimberley,2
pietermaritzburg,2
bloemfontein,2
nelspruit,2
kap,2
platinum,2
sri,2
lanka,2
maldives,2
interretal,2
windhuk,2
plata,2
arkive,2
images,2
foundation,2
biodiversity,2
info,2
dolphin,2
service,2
bbc,2
hope,2
instagram,2
followers,2
month,2
follow,2
because,2
our,2
just,2
usd,2
know,2
nomines,2
ambigueso,2
separati,2
differ,2
other,2
formed,2
interlinguistics,2
overview,2
than,2
various,2
however,2
uses,2
many,2
greater,2
person,2
rd,2
contains,2
including,2
derivation,2
atraktiv,2
flores,2
mošovce,2
sk,2
kulmine,2
posti,2
alabama,2
montgomery,2
juneau,2
phoenix,2
ar,2
ct,2
hartford,2
dover,2
fl,2
moines,2
idaho,2
boise,2
springfield,2
sacramento,2
ks,2
kansas,2
topeka,2
ky,2
frankfort,2
md,2
maryland,2
annapolis,2
maine,2
augusta,2
michigan,2
lansing,2
mn,2
missouri,2
jefferson,2
ms,2
mississippi,2
mt,2
nebraska,2
nv,2
nevada,2
raleigh,2
hampshire,2
concord,2
nj,2
trenton,2
ny,2
albany,2
columbus,2
salem,2
harrisburg,2
columbia,2
sd,2
tn,2
nashville,2
tx,2
austin,2
vt,2
montpelier,2
wv,2
charleston,2
wa,2
wi,2
madison,2
wy,2
fratral,2
birmingham,2
mental,2
logia,2
ukahlamba,2
north,2
pretoria,2
munisipes,2
issas,2
ivoire,2
equatoral,2
gambia,2
moroni,2
comore,2
anjouan,2
desegalitate,2
komorum,2
etate,2
renversa,2
kamoros,2
ylang,2
moritania,2
mauritius,2
niger,2
nigeria,2
rwanda,2
familial,2
gottfried,2
preservatione,2
sentra,2
tunisia,2
tome,2
dikim,2
populisat,2
tormentet,2
hutu,2
tutsi,2
nondependi,2
rural,2
devanu,2
povos,2
expanse,2
members,2
signal,2
meanings,2
navy,2
nautical,2
light,2
telekomunikatione,2
representationes,2
difera,2
konstruktere,2
grenada,2
virja,2
honduras,2
guadelupe,2
manuel,2
lópez,2
rika,2
antilles,2
portal,2
kits,2
nevis,2
lusia,2
navasa,2
extremus,2
paradise,2
atakos,2
kritiko,2
dennis,2
jurnalisme,2
esaye,2
aparate,2
banjul,2
sarajevo,2
mure,2
pronunso,2
ara,2
principatu,2
evented,2
vintral,2
dufoy,2
varsava,2
russian,2
guinea,2
rusianes,2
rivali,2
ameriki,2
suvereni,2
suni,2
kyushu,2
abdallah,2
mekong,2
fluvies,2
nondepedanti,2
khmer,2
hommes,2
championate,2
kuwayt,2
anka,2
manjui,2
hot,2
grisi,2
musulmanes,2
oman,2
mount,2
taiwan,2
assembly,2
yemen,2
abu,2
gaza,2
hong,2
kong,2
jerusalem,2
historiki,2
judei,2
kuala,2
lumpur,2
forestes,2
bogota,2
organisation,2
convention,2
marxisti,2
god,2
nasionale,2
congress,2
death,2
workers,2
african,2
elizabeth,2
pedum,2
queenstown,2
durban,2
url,2
cetshwayo,2
buffalo,2
kungwini,2
tulamela,2
msunduzi,2
bushbuckridge,2
makado,2
mbombela,2
sabata,2
dalindyebo,2
matjhabeng,2
tzaneen,2
maluti,2
phofung,2
matlosana,2
madibeng,2
nkomazi,2
mogalakwena,2
mogale,2
umhlatuze,2
mnquma,2
emalahleni,2
nyandeni,2
tubatse,2
makudutamaga,2
thembisile,2
mbashe,2
ngquza,2
hill,2
mbizana,2
js,2
moroka,2
moses,2
kotane,2
lepele,2
nkumpi,2
emnambiti,2
govan,2
groblersdal,2
umlalazi,2
letaba,2
hibiscus,2
merafong,2
mhlontlo,2
plaatjie,2
nongoma,2
umzimvubu,2
matatiele,2
drakenstein,2
umzumbe,2
abakulusi,2
luthuli,2
lukanji,2
jozini,2
taung,2
moretele,2
hlabisa,2
intsika,2
yetu,2
umzimkulu,2
nkutu,2
msinga,2
mokaka,2
chapitre,2
sanskritum,2
blouberg,2
kwadukuza,2
ndwedwe,2
engkobo,2
aganang,2
ditsobotla,2
johns,2
mkondo,2
tshwete,2
umhlabuyalingana,2
amahlati,2
okahlamba,2
elundini,2
ramotshere,2
moiloa,2
ntabankulu,2
senku,2
nkandla,2
palaborwa,2
dihlabeng,2
randfontein,2
endondakusuka,2
nkonkobe,2
potchefstroom,2
msukaligwa,2
setsoto,2
marble,2
mapumulo,2
imbabazane,2
upongolo,2
ngwate,2
metsimaholo,2
tswaing,2
indaka,2
molemole,2
westonaria,2
umshwati,2
ingwe,2
ratlou,2
dannhauser,2
ubuhlebezwe,2
nala,2
lepalale,2
maruleng,2
teewaterskloof,2
umuziwabantu,2
umvoti,2
fetakgomo,2
kagisano,2
ntambanana,2
oudtshoorn,2
ngqushwa,2
witzenberg,2
vulamehlo,2
mutale,2
edumbe,2
thaba,2
chweu,2
makana,2
umngeni,2
photo,2
modimole,2
swartland,2
mossel,2
kouga,2
saldanha,2
segonyana,2
maquassi,2
masilonyana,2
tabazimbi,2
sakisizwe,2
umdoni,2
nketoana,2
pokwane,2
inxuba,2
yetemba,2
umtshezi,2
mkambatini,2
naledi,2
mafube,2
kokstad,2
kopanong,2
kai,2
garib,2
overstrand,2
mantsopa,2
ndlambe,2
ezingoleni,2
umjindi,2
tswelopele,2
nokeng,2
tsa,2
taemane,2
knysna,2
endumeni,2
pumelela,2
mtonjaneni,2
matzikama,2
mamusa,2
bergrivier,2
nama,2
khoi,2
kei,2
kamdebo,2
hessequa,2
ventersdorp,2
highlands,2
letsemeng,2
teemane,2
sundien,2
cederberg,2
musina,2
dipaleseng,2
maletswai,2
mooi,2
mpofana,2
linke,2
kgetlengrivier,2
mohokare,2
siyankuma,2
dikgatlong,2
emthanjeni,2
grue,2
kou,2
kamma,2
mtubatuba,2
impendle,2
tsolwana,2
tokologo,2
mookgopong,2
bitou,2
swellendam,2
agulhas,2
nxuba,2
tsantsabane,2
kannaland,2
umsobomvu,2
gamagara,2
magareng,2
inkwanka,2
hantam,2
siyatemba,2
kheis,2
baviaans,2
kwa,2
sani,2
kgatelopele,2
thembelihle,2
molopo,2
khai,2
kamiesberg,2
hoogland,2
ikwezi,2
richtersveld,2
kareeberg,2
renosterberg,2
mier,2
laingsburg,2
democratic,2
alliance,2
equivalant,2
equivalo,2
expreset,2
isolat,2
dimensiones,2
duratione,2
provised,2
standarde,2
sekunde,2
temp,2
movanti,2
konstanti,2
konsekuentim,2
briliant,2
observeres,2
signifikanti,2
aristotle,2
posiblitate,2
axiome,2
pruvo,2
konsequenti,2
analisad,2
nondependantim,2
ockham,2
konsistant,2
konklusione,2
asosiat,2
induktione,2
boolean,2
inspirat,2
kritike,2
bertrand,2
pokum,2
kompletim,2
profundim,2
efekta,2
kohesione,2
solides,2
kristalatri,2
reglari,2
vitre,2
komposure,2
aquira,2
vapore,2
multis,2
subisa,2
ab,2
distributiv,2
simil,2
implikant,2
sfere,2
bilion,2
brases,2
kolapso,2
individui,2
nubes,2
nonreglari,2
konstantim,2
elipsal,2
ondes,2
seyfert,2
apario,2
desapario,2
interpretad,2
halley,2
aurora,2
kelkum,2
homogeni,2
elektrim,2
atomisme,2
suposid,2
fixa,2
atole,2
tipalim,2
atoles,2
elabora,2
paketes,2
bohr,2
imajes,2
sodiake,2
multopli,2
augmento,2
spektres,2
distanti,2
suonal,2
relativi,2
tone,2
fate,2
westan,2
dekdu,2
johannes,2
nube,2
difuset,2
jetat,2
krabe,2
eskapa,2
bare,2
koralie,2
kalke,2
kalendre,2
explorad,2
formulad,2
koleges,2
emiset,2
distantias,2
orbitales,2
milita,2
mixures,2
karakterisa,2
nonmetales,2
katione,2
anione,2
negativim,2
transfera,2
elektrolite,2
kationes,2
aniones,2
gano,2
kamera,2
kapabli,2
alkalis,2
sales,2
fabrikatione,2
muskles,2
vitamines,2
diete,2
obedia,2
inversi,2
topologial,2
silindre,2
seka,2
mesura,2
descartes,2
nikolai,2
interesanti,2
konseptet,2
simbolisat,2
dual,2
strategies,2
probabli,2
qualifika,2
noam,2
chomsky,2
isolant,2
aglutinativ,2
diferisa,2
fonetikiste,2
vintre,2
kant,2
artur,2
logikistes,2
tale,2
sisters,2
bride,2
romanikali,2
vastim,2
konvente,2
konsile,2
nkdp,2
stat,2
pinares,2
desjusti,2
instukte,2
delphinidae,2
subi,2
presenteso,2
nutrio,2
homeotermi,2
sangal,2
monotremata,2
theria,2
marsupiales,2
vertebres,2
balenes,2
exeptiones,2
orele,2
mandible,2
maxilal,2
atries,2
ventrikles,2
difuse,2
inu,2
infraklase,2
metatheria,2
eutheria,2
tubulidentata,2
naturalim,2
ale,2
semes,2
biologie,2
maladeses,2
damanhur,2
torino,2
kode,2
code,2
names,2
moreno,2
rojas,2
pristina,2
ave,2
botswana,2
mccain,2
seniori,2
senatore,2
soldato,2
autonomis,2
andalucía,2
aragón,2
asturias,2
baleares,2
osetia,2
lg,2
om,2
fushigidane,2
fushigibana,2
cs,2
primera,2
linux,2
puławy,2
rossum,2
laura,2
poseidon,2
ramsey,2
louvre,2
visitati,2
mona,2
anne,2
deklarad,2
gabin,2
nazisme,2
nostalgie,2
habe,2
kantad,2
visaje,2
homaje,2
marion,2
morrison,2
statal,2
membri,2
banke,2
butler,2
transnistria,2
vagine,2
ovarie,2
olimpiki,2
merkel,2
december,2
faro,2
åland,2
teoriiste,2
kritikad,2
engels,2
eskrimo,2
sakra,2
eklesia,2
rugbi,2
pelote,2
bale,2
vampire,2
prinze,2
hesia,2
sartre,2
aktivistes,2
holandum,2
horst,2
gidad,2
holokauste,2
dolsi,2
kari,2
sida,2
prese,2
manum,2
kasteles,2
ump,2
suksedat,2
sukseda,2
ac,2
rodríguez,2
valladolid,2
fogle,2
ranges,2
dentes,2
korne,2
sekretare,2
sosialdemokrati,2
maximilian,2
protestanti,2
marianne,2
latvianum,2
harmonie,2
genese,2
joshua,2
makabeos,2
jeremia,2
daniel,2
mateo,2
marko,2
korintianes,2
tesalonikanes,2
timoteo,2
petro,2
lituani,2
komunismi,2
polikista,2
kontre,2
lindgren,2
infantes,2
pippi,2
tekte,2
brecqhou,2
köhler,2
pekunie,2
cheki,2
fika,2
piaristes,2
konkorda,2
lukta,2
poniatowski,2
mickiewicz,2
november,2
regardet,2
vite,2
bolesław,2
plume,2
appert,2
châlons,2
wenedyk,2
semanal,2
usere,2
lundi,2
mesure,2
koopera,2
andrus,2
euros,2
ministres,2
klosati,2
puero,2
konversatione,2
legalim,2
ofisiiste,2
exterlandal,2
automobile,2
barack,2
anula,2
skripteti,2
lite,2
rings,2
nanes,2
rase,2
atakad,2
gunckel,2
xianfan,2
fusui,2
guilin,2
historiisto,2
shifan,2
zhuang,2
lapin,2
laponia,2
flektione,2
programa,2
vortaro,2
sirka,2
tote,2
amateur,2
perfektim,2
caesar,2
periodes,2
procese,2
nt,2
ur,2
amare,2
amar,2
imperfekti,2
tertii,2
pasiv,2
were,2
amat,2
ligamines,2
edu,2
windows,2
golias,2
armees,2
tangsudo,2
exhibitione,2
atletes,2
feminines,2
durad,2
oponent,2
praktisat,2
femes,2
traditional,2
disvelopamente,2
lektiones,2
konsiste,2
teknike,2
ben,2
libere,2
era,2
morte,2
kombato,2
traina,2
oponente,2
foras,2
disti,2
mawashi,2
usualim,2
tucha,2
tai,2
kadavre,2
quando,2
situationes,2
pugilisti,2
guantes,2
sirkular,2
femures,2
point,2
savate,2
apelat,2
prises,2
manus,2
elboves,2
similar,2
kombatantes,2
kolpat,2
tibie,2
kompara,2
wasko,2
japonanes,2
deside,2
guillaume,2
benny,2
femure,2
pent,2
championates,2
femini,2
professional,2
fu,2
usar,2
ofensiv,2
realisat,2
prendit,2
konflikte,2
abatar,2
palme,2
momente,2
defensiv,2
spesifi,2
militar,2
hebe,2
camargo,2
nathalia,2
dill,2
province,2
huesca,2
fernando,2
stoikisme,2
kolonaro,2
filosofikal,2
dose,2
preseptes,2
boneso,2
beatim,2
stoic,2
dialektike,2
aspektos,2
sinonimes,2
absorbo,2
petit,2
technique,2
entraînement,2
planche,2
retrova,2
vise,2
unesmis,2
kevin,2
how,2
doso,2
impulso,2
diccionari,2
sufra,2
komportamentes,2
gratie,2
kroatum,2
kroatun,2
expresiones,2
faktu,2
avansa,2
shultre,2
avansamente,2
utilisar,2
favore,2
far,2
damajes,2
kompletisar,2
efektivi,2
prendar,2
konteratakar,2
pasar,2
posir,2
apoyos,2
crouch,2
protekte,2
maxime,2
efektivitate,2
reakter,2
quarimes,2
gardat,2
posteriori,2
fédération,2
guerre,2
proprim,2
expansione,2
texe,2
tigris,2
persi,2
konquesta,2
prime,2
restes,2
corbin,2
bleu,2
piktures,2
masiela,2
lusha,2
grace,2
model,2
nina,2
cherry,2
agnes,2
sharon,2
harmony,2
kill,2
cool,2
algeciras,2
dobra,2
lady,2
angelina,2
correa,2
guayaquil,2
temuco,2
valdivia,2
montt,2
condes,2
barnechea,2
vitacura,2
talca,2
rancagua,2
serena,2
sân,2
trang,2
khanh,2
hoa,2
pedro,2
journal,2
contes,2
regnault,2
santo,2
italiane,2
jurnaliste,2
costa,2
campos,2
brazilian,2
letícia,2
claudia,2
campinas,2
cm,2
krokodiles,2
oliveira,2
malhação,2
marina,2
fonseca,2
nascimento,2
amor,2
lado,2
coward,2
cantando,2
maurizio,2
micheli,2
musical,2
abe,2
rolo,2
cactus,2
amore,2
fornari,2
flower,2
week,2
nostra,2
vita,2
test,2
lodi,2
caselle,2
cipta,2
sasmi,2
indonesiani,2
zürich,2
autonomy,2
judy,2
jilin,2
lin,2
nordesti,2
third,2
nordvestu,2
inti,2
guizhou,2
lage,2
abbreviated,2
hubei,2
guangdong,2
anhui,2
fujian,2
jin,2
akita,2
honshū,2
goffredo,2
fame,2
roke,2
seklo,2
sueca,2
alacant,2
verbo,2
mèxic,2
antologia,2
valenciana,2
món,2
temps,2
indagacions,2
destino,2
noms,2
català,2
llegenda,2
garbí,2
coses,2
història,2
viatge,2
curial,2
contra,2
assaigs,2
política,2
què,2
llibres,2
torre,2
mans,2
josep,2
anys,2
girona,2
empordanet,2
quijote,2
taliman,2
panslavi,2
prestro,2
križanić,2
tsar,2
nunitem,2
optionalim,2
nominative,2
konsonante,2
aspekte,2
dekorati,2
banere,2
skultati,2
marine,2
lloyd,2
luca,2
centro,2
diaframma,2
canon,2
edizioni,2
editphoto,2
srl,2
swatch,2
collectors,2
item,2
switzerland,2
gallery,2
hasselblad,2
php,2
trbovlje,2
martiali,2
kolektivo,2
nsk,2
tomaž,2
hostnik,2
seriosi,2
strike,2
fras,2
novak,2
leni,2
riefenstahl,2
krose,2
akusa,2
penise,2
occupied,2
gramafon,2
diske,2
akropola,2
kantete,2
leben,2
beatles,2
sympathy,2
stones,2
kontenanti,2
christ,2
superstars,2
volk,2
laibachkunstderfuge,2
kapital,2
wat,2
spectre,2
iron,2
dallas,2
here,2
konsistad,2
yugo,2
altra,2
dansera,2
wilson,2
war,2
till,2
exeptione,2
grafie,2
occitania,2
garda,2
limusinum,2
reflist,2
sanders,2
juniori,2
bouira,2
mila,2
trump,2
transdonis,2
webb,2
ted,2
cruz,2
marco,2
jill,2
lindbergh,2
aviere,2
grant,2
parks,2
trek,2
sivilisatione,2
klingon,2
amende,2
romero,2
wild,2
balone,2
ninanti,2
turnees,2
kanadez,2
guy,2
jung,2
almost,2
what,2
girls,2
wikcionário,2
beleza,2
gavião,2
arara,2
pb,2
blue,2
savage,2
senatano,2
balduzzi,2
night,2
altitude,2
srpska,2
satellitecitymaps,2
iprage,2
distancesfrom,2
distance,2
banja,2
hercegovina,2
distancehistory,2
prisoner,2
crime,2
produktista,2
correlli,2
tceqli,2
netrebko,2
kompra,2
abtei,2
alverniati,2
lando,2
rhenania,2
gresia,2
gales,2
beziers,2
reskontrad,2
bonaparte,2
imperatore,2
també,2
lingo,2
aute,2
asne,2
drinke,2
èsse,2
alvernium,2
tipiki,2
ansiani,2
màuri,2
blasone,2
maurs,2
maurus,2
mati,2
maures,2
mussad,2
notre,2
dame,2
idiome,2
lozère,2
triime,2
ardèche,2
gaskone,2
sosiale,2
provensales,2
lekted,2
resentum,2
visine,2
almin,2
biron,2
norib,2
halfte,2
sèrvo,2
countes,2
nuét,2
virovent,2
miralh,2
twxethd,2
zcs,2
amôn,2
salomon,2
sep,2
formad,2
vasili,2
agapkin,2
mondali,2
ufisiali,2
blankes,2
rodi,2
demandad,2
xviii,2
flour,2
cabreto,2
mastro,2
versifikatione,2
mièrio,2
calendau,2
pouèmo,2
dou,2
nèrto,2
rèino,2
jano,2
sentejare,2
teoudor,2
aubanèl,2
felipe,2
delavoüet,2
sully,2
peyre,2
robèrt,2
prozateres,2
valèri,2
pessemesse,2
giély,2
provençal,2
essai,2
sociolinguistique,2
différentielle,2
peeters,2
bedel,2
provensa,2
resevad,2
puni,2
humani,2
fransikum,2
katalanium,2
mossos,2
esquadra,2
referendume,2
spaniani,2
labores,2
dum,2
tom,2
pasione,2
lamartine,2
parisiani,2
napoleon,2
bezaudu,2
tournemire,2
troubadour,2
abril,2
issi,2
mays,2
intrava,2
ieu,2
primieros,2
fotos,2
colette,2
secrets,2
ronde,2
février,2
blanche,2
jours,2
kolde,2
inuiti,2
gulf,2
stream,2
glasieres,2
fuse,2
galianum,2
sakrifises,2
normali,2
danjerosi,2
puy,2
dôme,2
rode,2
monede,2
pasand,2
ion,2
faires,2
nemetum,2
aperti,2
omnidie,2
plantagenest,2
filie,2
filias,2
kronisa,2
duke,2
peitau,2
limoges,2
tradukto,2
distrukte,2
franki,2
latia,2
lation,2
atekon,2
yaro,2
kutios,2
giàmonos,2
quimon,2
romeuf,2
italianes,2
gambite,2
ludiere,2
petrossian,2
impresionante,2
maritati,2
variantes,2
kasparov,2
adera,2
kampiono,2
hotel,2
anand,2
hore,2
moves,2
magnus,2
carlsen,2
rivalo,2
mercoeur,2
kantali,2
demandati,2
ean,2
ind,2
spesialisati,2
deseptet,2
ouest,2
express,2
lénine,2
partis,2
seuil,2
grasset,2
heller,2
vendrell,2
superiori,2
republicana,2
republikanisme,2
obrero,2
aguste,2
sindikate,2
bloc,2
camperol,2
comunista,2
partit,2
españa,2
governes,2
sedie,2
aleksandr,2
orlov,2
fiódor,2
dostoievski,2
pokrovski,2
viatxeslav,2
polonski,2
tolstoi,2
txékhov,2
animatora,2
everding,2
munike,2
fand,2
gisela,2
auf,2
russendisko,2
miniserie,2
bis,2
fernsehfilm,2
bearbeiten,2
hochspringen,2
abgerufen,2
bebbanburg,2
fransiana,2
alexandre,2
vendad,2
diplome,2
nah,2
zaubermond,2
weihnachten,2
hofburg,2
konzert,2
kesselhaus,2
alsasia,2
strasbourg,2
argentoratum,2
alamanes,2
foederati,2
frankes,2
impeda,2
burg,2
remarka,2
yulie,2
islamisa,2
diego,2
archipele,2
atacha,2
komorianes,2
klandestini,2
imperfekte,2
klosa,2
hunde,2
watson,2
sherlock,2
amike,2
interesa,2
fuma,2
ofisieres,2
fanati,2
abd,2
negib,2
jornales,2
ombre,2
sabri,2
sirianes,2
komandati,2
venkati,2
ensirklat,2
armistise,2
rives,2
traitione,2
ramón,2
avione,2
militaro,2
aquavione,2
kolonelo,2
rivera,2
fuga,2
deputato,2
dextre,2
revoltati,2
sevilia,2
andalusia,2
republikanes,2
maritaje,2
aviatione,2
posa,2
imediatim,2
nationalistes,2
cdt,2
xx,2
fbcdn,2
publike,2
male,2
irène,2
némirovsky,2
valjean,2
hero,2
misérables,2
kolaboristi,2
eines,2
lebens,2
bertram,2
mentio,2
tortura,2
capellani,2
bazan,2
hector,2
jeunesse,2
miniature,2
mer,2
évasion,2
blanchisseuse,2
léon,2
shylock,2
marchand,2
hugon,2
avenue,2
sous,2
gentlemen,2
rothchild,2
trois,2
tourné,2
deux,2
époques,2
tempête,2
liberté,2
choux,2
nuits,2
moscovites,2
alexis,2
granowsky,2
piotr,2
brioukow,2
dréville,2
tourjansky,2
tarass,2
boulba,2
herbier,2
mollenard,2
justin,2
président,2
volpone,2
fabre,2
tristan,2
romain,2
coolus,2
femina,2
croisset,2
athénée,2
fred,2
schneider,2
chien,2
jeu,2
silva,2
moi,2
opérette,2
musique,2
sylvie,2
procès,2
chat,2
gorsse,2
veber,2
oreste,2
poggio,2
miss,2
voie,2
lactée,2
savoir,2
mari,2
œuvre,2
leroy,2
officier,2
légion,2
honneur,2
palmes,2
académiques,2
sujete,2
romanum,2
adopta,2
prononsati,2
sone,2
minuskle,2
diferense,2
diferensa,2
sekense,2
hv,2
mustafa,2
kemal,2
inspirati,2
kombinationes,2
sch,2
polonum,2
râ,2
horus,2
hattusili,2
putuhepa,2
felisi,2
perdad,2
renonsa,2
amorosi,2
blondi,2
manda,2
harem,2
praktike,2
albe,2
morali,2
punio,2
ferme,2
teni,2
disordine,2
industrialiso,2
faktorie,2
komnensa,2
sundije,2
urjo,2
statute,2
resistantes,2
catherine,2
luteranes,2
rupture,2
papistes,2
romorantin,2
heretike,2
ligue,2
lungi,2
arabanes,2
jeneralo,2
beva,2
chasa,2
alsasiani,2
garnisone,2
territoire,2
franche,2
comté,2
alsasium,2
iohannes,2
infante,2
vartad,2
referentias,2
arrondissement,2
mines,2
antimonie,2
mineros,2
espinchal,2
trene,2
bp,2
apachi,2
nadeni,2
viperes,2
aktrisa,2
lausanne,2
marlène,2
meurtres,2
florent,2
provensum,2
dir,2
daniani,2
dad,2
hit,2
cut,2
shirt,2
skirt,2
danelaw,2
pavore,2
desapari,2
anglani,2
wulf,2
normandum,2
market,2
diary,2
henriette,2
aventure,2
langues,2
occident,2
librairie,2
générale,2
hougron,2
liberatione,2
guersant,2
indochine,2
proie,2
miserie,2
salarie,2
editiones,2
soleil,2
terre,2
stock,2
resolva,2
komta,2
ced,2
ekvadas,2
jeanneney,2
portugaliani,2
frança,2
cate,2
blanchett,2
aviator,2
resistanto,2
dijon,2
salva,2
kampes,2
revier,2
demande,2
frapes,2
arachati,2
shanse,2
korpe,2
pendu,2
kadavres,2
clarinard,2
esend,2
mémoire,2
babelio,2
foto,2
chincharauli,2
shorena,2
tsiskarauli,2
parland,2
lettres,2
katoli,2
pasionati,2
kolokio,2
reims,2
violence,2
petite,2
sexualité,2
réédition,2
médiévales,2
crise,2
colloque,2
documents,2
rocho,2
shan,2
peijin,2
kwar,2
kavaliera,2
reich,2
malgré,2
editoriaux,2
iohannis,2
pnl,2
lisee,2
romania,2
bizantines,2
preste,2
çar,2
şeş,2
heşt,2
kavalo,2
persum,2
shakere,2
esquade,2
olimpiades,2
cnrs,2
scientifique,2
fragment,2
wp,2
liverpool,2
video,2
brian,2
guioun,2
helpe,2
traktate,2
tribue,2
furteros,2
avos,2
hillerman,2
dosieres,2
delinkuentes,2
rusilione,2
cerdanya,2
valora,2
historical,2
lit,2
kebek,2
irouléguy,2
irulegi,2
marguerite,2
arras,2
enira,2
vivid,2
proposa,2
fouché,2
libri,2
mathon,2
amad,2
għ,2
pronuntiati,2
sieyès,2
konsilie,2
resistense,2
lyon,2
suediani,2
pappenheim,2
dosati,2
notari,2
parlu,2
despœi,2
territori,2
ün,2
vole,2
beausoleil,2
monegaski,2
komune,2
pronunsa,2
japonum,2
monegasque,2
grischun,2
idioms,2
ils,2
águila,2
boulogne,2
dolores,2
joana,2
febus,2
kusina,2
senioro,2
françoise,2
hayashi,2
comuna,2
auverniani,2
cyr,2
kas,2
chamant,2
besse,2
discographia,2
paso,2
ingay,2
fol,2
teodom,2
wanguya,2
denpul,2
tas,2
mafu,2
malfale,2
dente,2
termopul,2
ofplasi,2
dua,2
suga,2
prezidanto,2
majo,2
ĝis,2
elektita,2
unua,2
ps,2
bamako,2
guillermo,2
lasso,2
alberto,2
creo,2
manizha,2
residentie,2
lisboa,2
estuarie,2
volodimir,2
residentia,2
bohemia,2
akademian,2
khristós,2
nondefinid,2
junktad,2
adand,2
katalunie,2
akorda,2
detra,2
partisipe,2
gerunde,2
pron,2
adj,2
hello,2
referes,2
maskulini,2
oblast,2
mini,2
turki,2
kvk,2
basshunter,2
gone,2
generation,2
calling,2
boten,2
myself,2
circle,2
liza,2
discussiones,2
lk,2
rekogniti,2
antee,2
cause,2
ved,2
passive,2
participle,2
injeniere,2
kristologia,2
regentie,2
driver,2
america,2
departed,2
wall,2
easy,2
kramer,2
orozco,2
kolombiani,2
enciclopèdia,2
dog,2
adant,2
perfect,2
would,2
add,2
beginning,2
sentence,2
them,2
question,2
tem,2
come,2
jes,2
space,2
relation,2
eks,2
according,2
behind,2
without,2
too,2
yet,2
southampton,2
myusik,2
siŋ,2
strimin,2
spotify,2
tobik,2
bangtan,2
boys,2
style,2
sell,2
becoming,2
recording,2
industry,2
riaa,2
well,2
since,2
chart,2
year,2
grammy,2
selling,2
artist,2
next,2
most,2
poo,2
bye,2
nondependeso,2
nursultan,2
tashkent,2
chüy,2
mentiona,2
osnabrück,2
brigitte,2
sosialist,2
leiden,2
dominiak,2
tychy,2
musées,2
collections,2
joao,2
grimaldo,2
pablo,2
baroke,2
portretes,2
temates,2
toskana,2
skulptere,2
katsuhika,2
hokusai,2
japoniani,2
erlangen,2
bryn,2
mawr,2
har,2
berakha,2
rabine,2
schiller,2
koreanum,2
taedong,2
annu,2
thornton,2
hawoth,2
wuthering,2
heights,2
ells,2
instruktera,2
publikisad,2
wowow,2
season,2
beach,2
kadokawa,2
audee,2
kraków,2
kavaliere,2
dakar,2
innsbruck,2
sifilise,1
vundet,1
bales,1
sosialista,1
revolusionara,1
kaplan,1
kirurges,1
surfas,1
cohen,1
stepney,1
britania,1
kansre,1
anatemnein,1
trancha,1
opposit,1
arkte,1
pole,1
glasie,1
desertu,1
spekulatione,1
verifikat,1
abordo,1
mikhail,1
fabian,1
gottlieb,1
bellingshausen,1
humideso,1
cctld,1
atribut,1
aq,1
anthropos,1
originad,1
humanitates,1
péron,1
diskusant,1
tasmanian,1
aborigines,1
aristotélēs,1
sokratesal,1
westal,1
filosifia,1
pretied,1
obtenat,1
sensus,1
modernim,1
empirike,1
materialisme,1
empirikisme,1
dialektikalim,1
endoxa,1
kontradiktione,1
saled,1
empirikal,1
fragmentes,1
transviva,1
lektural,1
revise,1
eklekti,1
lekto,1
ontologia,1
nikomakhosal,1
konekted,1
fondational,1
polimates,1
expresiv,1
faine,1
presis,1
argumental,1
konturo,1
pikto,1
fotographia,1
skulpto,1
instruktet,1
grupat,1
foundatione,1
venerad,1
portreto,1
muskloseso,1
posturo,1
beleso,1
anatomim,1
proportiones,1
portretad,1
idealisat,1
bolte,1
zeus,1
kazakhstan,1
qingha,1
seteri,1
interpretat,1
dardaneles,1
marmara,1
bisporus,1
nonklari,1
exluse,1
pasifike,1
pasifik,1
kelkis,1
kontene,1
astre,1
bios,1
astrobiologial,1
inquestal,1
tolera,1
exobiologia,1
xenobiologia,1
exterterane,1
xenobiologe,1
experte,1
exterteral,1
selial,1
komplementa,1
amatori,1
amatores,1
activ,1
observatione,1
efemeri,1
manteno,1
astrometria,1
implikationes,1
konfusa,1
kredal,1
korelatione,1
penseres,1
ginea,1
navigations,1
terres,1
australes,1
diferentiad,1
polinesia,1
magelanika,1
utileso,1
deskriptiones,1
dominantim,1
poku,1
preferat,1
kelku,1
selandanes,1
ansestria,1
divisenti,1
wallace,1
line,1
kontinental,1
lombok,1
australasian,1
bali,1
pasatu,1
sportistaro,1
kombinad,1
kompeti,1
kupe,1
turnee,1
trovo,1
proetine,1
modelo,1
interchanjablim,1
develepo,1
algoritme,1
komoputal,1
akurati,1
extrakte,1
bruisanti,1
voluminal,1
representativ,1
fragmental,1
mitralial,1
sequenso,1
predikto,1
reglatione,1
mikroshablones,1
masal,1
spektrometria,1
hibrid,1
spesialisa,1
chifre,1
manualeso,1
karbohidrates,1
lipides,1
sinteti,1
repetit,1
monomeres,1
unos,1
endokrine,1
extensivim,1
katalisat,1
membrane,1
transporto,1
transduktione,1
konduites,1
interakto,1
ambiente,1
skales,1
deskresko,1
floro,1
perplexisa,1
laktatione,1
matras,1
parturo,1
repteres,1
semblantim,1
saniso,1
vundes,1
tropisme,1
biodiverseso,1
extinktione,1
multiselulari,1
niveles,1
individual,1
supruvadant,1
yune,1
etologia,1
interdependanti,1
habitatories,1
felis,1
silvestris,1
catus,1
sapiens,1
plantae,1
morbes,1
orienta,1
respektiv,1
asimute,1
planu,1
ordinal,1
orientationes,1
florentiani,1
comedia,1
divin,1
kontrolo,1
diferentiatione,1
morfogenese,1
sigote,1
embrioal,1
nesesarim,1
organismal,1
kontexte,1
malfunktiones,1
kromosomal,1
erores,1
down,1
sindrome,1
embriogenese,1
spesialifika,1
radikal,1
klono,1
medikal,1
emes,1
apoptose,1
selftuo,1
kappelhoff,1
sentimental,1
getting,1
better,1
magic,1
somebody,1
confess,1
bewitched,1
sugarbush,1
frankie,1
laine,1
mister,1
tap,1
toe,1
ll,1
stop,1
loving,1
everybody,1
loves,1
lover,1
move,1
darling,1
afektet,1
habitatorie,1
oekologie,1
haeckel,1
ekologes,1
konventionalim,1
distinktione,1
fisiogeografial,1
geologialim,1
vagi,1
kaspiani,1
sepera,1
center,1
evolutionistes,1
paleontologes,1
sosiokultural,1
inventione,1
frame,1
nanoteknologia,1
quali,1
natures,1
quues,1
korekte,1
karyalani,1
finnim,1
karjalainen,1
prekristani,1
paganisme,1
sanktes,1
purim,1
related,1
supernaturalisme,1
konkreti,1
remplased,1
variad,1
kultad,1
superdeo,1
ukko,1
skandinaves,1
lapones,1
baltes,1
jumi,1
jumala,1
yumala,1
konasat,1
väinämöinen,1
kultat,1
aparientim,1
divine,1
inmar,1
distantim,1
reglant,1
visinus,1
ahti,1
tapio,1
sakrifisies,1
chaso,1
fisho,1
lojies,1
sprites,1
fertileso,1
interaktione,1
exkluse,1
fermim,1
newtonal,1
klasikal,1
defiad,1
riformulatione,1
spesialismes,1
phusè,1
natura,1
mekanikal,1
animalal,1
prunta,1
biomekanike,1
farmakologia,1
varatione,1
sedgwick,1
datat,1
publim,1
selektiv,1
pluboniso,1
investigatione,1
kromosomes,1
asidal,1
diploidi,1
dominanti,1
alele,1
kromosome,1
kasha,1
dominat,1
simplatri,1
prudukte,1
trna,1
rrna,1
faktores,1
monosigoti,1
jemeles,1
klone,1
spliso,1
embrio,1
printatus,1
genetim,1
kreskat,1
klimates,1
saturat,1
grasi,1
rigideso,1
sistematim,1
genome,1
informatone,1
potentialim,1
terapial,1
kura,1
maladesos,1
diagnose,1
manjajal,1
industries,1
litosfere,1
fragmentifikat,1
reidi,1
astenosfere,1
kolektivim,1
tektonike,1
jera,1
rekurses,1
kupre,1
uranium,1
interesos,1
lapides,1
minerales,1
asbeste,1
perlite,1
mika,1
fosfates,1
seolites,1
pumise,1
quartse,1
silise,1
astrogeologia,1
geologial,1
deluc,1
bénédict,1
saussure,1
encyclopædia,1
britannica,1
bury,1
teologial,1
kronologia,1
preteriti,1
primatal,1
eukariote,1
evaluat,1
miliarde,1
altim,1
evolut,1
eukariotes,1
prokariotes,1
remarkindim,1
hominides,1
australopitesines,1
legendari,1
komposid,1
ilias,1
odísseya,1
ioniani,1
pretense,1
skolasti,1
debato,1
kaptate,1
homeridae,1
kaptates,1
batalia,1
suspektindi,1
preskriptet,1
muslimes,1
etimologie,1
trikonsonantal,1
nominal,1
submisad,1
allah,1
salām,1
salāmu,1
alaykum,1
agentivi,1
signifikand,1
submisa,1
livatione,1
gasosi,1
jovial,1
jove,1
deon,1
rigle,1
lignosi,1
metise,1
adrastea,1
thebe,1
io,1
ganymede,1
callisto,1
colō,1
ēre,1
kriteries,1
antropologes,1
kodifika,1
simbolim,1
definanti,1
primatologes,1
parentes,1
latium,1
sirkumdad,1
skolastes,1
oral,1
sinematal,1
restoratione,1
kresente,1
seleno,1
sintion,1
sintia,1
distantie,1
diametre,1
fotografures,1
filumes,1
rekreatione,1
spira,1
litores,1
kuriosi,1
marvelosi,1
kreatures,1
abstraktione,1
kalkulatione,1
emant,1
konjektures,1
rigorosi,1
deduktione,1
aptim,1
intermitentim,1
interakted,1
inspira,1
fo,1
máthēma,1
signifikeskad,1
teknikal,1
mathēmatikós,1
studiosi,1
signifiskeskad,1
mathēmatik,1
tékhnē,1
ars,1
similim,1
delk,1
scoles,1
pitagorisme,1
mathēmatikoi,1
lernantes,1
matamatikistes,1
terme,1
mistraduktes,1
notifiko,1
mathematici,1
mistradukte,1
kondenatione,1
notatione,1
artimetike,1
quanteso,1
dosentie,1
expliro,1
pi,1
mercurie,1
angulari,1
separatione,1
elongatione,1
krepuskule,1
komparativim,1
mariner,1
mapad,1
planeten,1
kraterat,1
magneti,1
surfasal,1
subsunal,1
varmisi,1
fundes,1
krateres,1
kursent,1
mesajere,1
lokomotione,1
krepuskulal,1
chapele,1
aquosi,1
mikro,1
alges,1
fasilim,1
evaluos,1
trisent,1
infanteso,1
biokemialim,1
medisinal,1
maladeso,1
patogenese,1
morbal,1
patologia,1
veterinaral,1
veterinari,1
mikrobe,1
nutriental,1
siklo,1
geomikrobiologia,1
bioremediatione,1
bakterial,1
mikrobiologie,1
explotatione,1
fermentatione,1
disipendi,1
fermento,1
alkoholi,1
drinkes,1
salamandre,1
res,1
spesifika,1
disiman,1
deferos,1
mutati,1
misa,1
funktional,1
epistase,1
interpretationes,1
replikatione,1
translatione,1
dogmate,1
transkripte,1
translate,1
quantitativ,1
atributes,1
parenteso,1
peche,1
ritme,1
timbre,1
texture,1
termie,1
fieranti,1
kune,1
humanities,1
konseptes,1
kosme,1
interrelationes,1
inklusant,1
hidrologia,1
oseanografia,1
konstituentes,1
produktat,1
recent,1
reviews,1
binomiali,1
specifikatione,1
parametri,1
parametrisationes,1
employa,1
valori,1
parametrisat,1
konvenienti,1
robusti,1
mixanti,1
regularisat,1
insidentia,1
vartant,1
binomialu,1
resmi,1
repetim,1
displasat,1
faktoriales,1
koefisientes,1
util,1
modelen,1
ajusta,1
dependantim,1
sekkuent,1
obediant,1
ultru,1
ys,1
vidpunktu,1
value,1
divisibli,1
xn,1
divisere,1
rudimentari,1
unsmi,1
perversi,1
korecti,1
sumatione,1
coefficient,1
factoriales,1
seros,1
generalisa,1
traduktek,1
wikipedial,1
translated,1
kelketim,1
eksentri,1
gigante,1
masiv,1
komprese,1
substantial,1
tus,1
komplet,1
despruvad,1
ventes,1
pretruvolo,1
komparabli,1
konfirmatione,1
neptunen,1
triton,1
retrovadanti,1
koldeso,1
extremim,1
tenui,1
mikrobare,1
tridente,1
volad,1
orbiter,1
probes,1
orbitere,1
probilos,1
cassini,1
fisione,1
propulsione,1
konjunktione,1
jpl,1
geopolitikal,1
segmente,1
tehuantepec,1
intervenienti,1
pensant,1
geografialim,1
plufasilifika,1
desplasa,1
multingual,1
besono,1
desavantajes,1
objetiones,1
kritikal,1
resense,1
sektiones,1
klarifika,1
detalim,1
selektiones,1
profesor,1
radikale,1
strese,1
eufonie,1
presedant,1
auxiliaris,1
paroles,1
plusquamperfekte,1
afixes,1
substantivali,1
verbali,1
adjektivali,1
nombrali,1
textus,1
debatos,1
empereren,1
chapritres,1
tradukdet,1
sorsiere,1
oz,1
nommediati,1
internacional,1
seventiehn,1
birthday,1
levin,1
munksgaard,1
copenhague,1
britain,1
diciembre,1
kursu,1
komenseres,1
version,1
dekesmi,1
sporadi,1
atentione,1
importanteso,1
emerja,1
elusiv,1
tempekurso,1
spesialisad,1
jutland,1
kleriko,1
andersen,1
hillerød,1
frederiksborg,1
copenhagen,1
farewell,1
lectures,1
enthusiasm,1
rasmus,1
help,1
certain,1
icelandic,1
spanish,1
initiative,1
deal,1
count,1
piece,1
luck,1
headmaster,1
small,1
shown,1
lent,1
others,1
müller,1
whitney,1
parents,1
deaths,1
uncle,1
whose,1
romanic,1
treasured,1
browsing,1
going,1
childish,1
following,1
family,1
tradition,1
held,1
appointments,1
turned,1
linguistic,1
came,1
freeing,1
mere,1
learning,1
paragraphs,1
ready,1
professors,1
consisted,1
reacted,1
dictated,1
seven,1
shorthand,1
reporter,1
parliament,1
bread,1
otherwise,1
nothing,1
dared,1
plunge,1
leave,1
nonsistemati,1
emerita,1
lingui,1
komunesi,1
konventad,1
presidad,1
unesim,1
linguistiki,1
diseratione,1
englische,1
studien,1
aptese,1
mondelingue,1
yunese,1
kontaktad,1
vicepresidante,1
renkontro,1
posit,1
cuverte,1
adresarie,1
conclusione,1
konfirmad,1
dictent,1
veru,1
confese,1
gayi,1
comunicad,1
reflectet,1
numre,1
revela,1
convictet,1
candidi,1
inversim,1
continuat,1
damaja,1
imensim,1
nonplus,1
cashat,1
comensa,1
uniona,1
preges,1
tis,1
factim,1
desfacil,1
continua,1
comisione,1
scripte,1
opine,1
conditione,1
susura,1
ul,1
play,1
articulations,1
speech,1
sounds,1
represented,1
analphabetic,1
symbols,1
marburg,1
elwert,1
swan,1
sonnenschein,1
structure,1
tomes,1
origin,1
introductione,1
sprogmands,1
levned,1
kopenhagen,1
autobiografie,1
proceedings,1
symposium,1
zettersten,1
traduke,1
autobiografiem,1
juul,1
frede,1
odense,1
paleontologia,1
fosilu,1
registre,1
evidentus,1
preserva,1
petres,1
trases,1
frojetat,1
fosili,1
feke,1
residuumes,1
parasites,1
hostes,1
skope,1
taxones,1
parasite,1
pierino,1
ronaldo,1
canonsburg,1
inlet,1
colony,1
okanti,1
aniversarie,1
alelal,1
frequentesos,1
selektione,1
drifto,1
mutatione,1
adaptione,1
evolutioanari,1
primari,1
fonderes,1
sewall,1
haldane,1
quantitativi,1
kredes,1
tenad,1
prege,1
rituale,1
mitologie,1
misti,1
grupal,1
organetes,1
sikle,1
misroskopal,1
spesialisat,1
unfikanti,1
extrapola,1
lernat,1
zoon,1
soofisike,1
bionomike,1
morfografia,1
subsume,1
konduital,1
mendelisme,1
filogeografia,1
biogeografia,1
grupa,1
taxonomialim,1
direktet,1
planetoides,1
interplanetal,1
orbita,1
kustomari,1
kurtifika,1
sentauri,1
pegasi,1
tassein,1
irgu,1
taxonomial,1
skemate,1
sanremo,1
eduard,1
buchner,1
wallach,1
sklodowska,1
grignard,1
sabatier,1
willstätter,1
haber,1
walther,1
nernst,1
aston,1
pregl,1
zsigmondy,1
theodor,1
svedberg,1
wieland,1
windaus,1
harden,1
simon,1
euler,1
chelpin,1
bosch,1
bergius,1
irving,1
langmuir,1
irene,1
haworth,1
karrer,1
kuhn,1
butenandt,1
lavoslav,1
ružička,1
hevesy,1
hahn,1
artturi,1
virtanen,1
batcheller,1
sumner,1
northrop,1
wendell,1
stanley,1
robinson,1
kaurin,1
tiselius,1
giauque,1
diels,1
alder,1
mattison,1
mcmillan,1
seaborg,1
archer,1
laurence,1
millington,1
synge,1
staudinger,1
vigneaud,1
hinshelwood,1
nikolay,1
nikolaevich,1
semenov,1
todd,1
heyrovský,1
willard,1
melvin,1
perutz,1
cowdery,1
kendrew,1
ziegler,1
giulio,1
natta,1
dorothy,1
crowfoot,1
hodgkin,1
burns,1
woodward,1
manfred,1
eigen,1
wreyford,1
norrish,1
derek,1
barton,1
hassel,1
leloir,1
herzberg,1
anfinsen,1
stanford,1
geoffrey,1
wilkinson,1
flory,1
warcup,1
cornforth,1
prelog,1
nunn,1
lipscomb,1
ilya,1
prigogine,1
mitchell,1
wittig,1
kenichi,1
fukui,1
roald,1
hoffmann,1
klug,1
taube,1
merrifield,1
hauptman,1
jerome,1
dudley,1
herschbach,1
yuan,1
polanyi,1
cram,1
lehn,1
pedersen,1
deisenhofer,1
huber,1
hartmut,1
altman,1
cech,1
elias,1
corey,1
rudolph,1
marcus,1
kary,1
mullis,1
olah,1
crutzen,1
molina,1
sherwood,1
rowlandunionati,1
curl,1
kroto,1
smalley,1
boyer,1
skou,1
kohn,1
zewail,1
heeger,1
macdiarmid,1
hideki,1
shirakawa,1
knowles,1
ryoji,1
noyori,1
barry,1
sharpless,1
wüthrich,1
fenn,1
koichi,1
tanaka,1
roderick,1
mackinnon,1
ciechanover,1
avram,1
hershko,1
grubbs,1
schrock,1
chauvin,1
kornberg,1
ertl,1
osamu,1
shimomura,1
chalfie,1
tsien,1
venkatraman,1
ramakrishnan,1
steitz,1
yonath,1
pentekostal,1
protestant,1
haus,1
eklesies,1
venkateso,1
instruktos,1
suportanti,1
biblal,1
misinterpretationes,1
komunione,1
sabate,1
lavo,1
vik,1
sepultet,1
kroniso,1
mihai,1
jakob,1
distresali,1
cqd,1
sos,1
vesuvius,1
erupte,1
devasta,1
ix,1
novifondlande,1
domenias,1
amānullāh,1
khān,1
cadle,1
rotterdam,1
resived,1
steglitz,1
nobli,1
nonreaktivi,1
wycombe,1
buckinghamshire,1
herschel,1
euskirchen,1
memorali,1
snoop,1
dogg,1
dannii,1
minogue,1
shqipërisë,1
adriati,1
ioni,1
sudwestu,1
trublati,1
emerjanti,1
armenia,1
montosi,1
montaro,1
kilometroquadrate,1
nationalrat,1
wallonie,1
capitale,1
brussel,1
hoofstadt,1
bilingue,1
komunesos,1
teritorial,1
selkete,1
parlante,1
eupen,1
malmédy,1
walonia,1
slot,1
wiena,1
oost,1
vlannderen,1
lages,1
franses,1
metropolitane,1
teritore,1
transmaral,1
kuplat,1
limita,1
bundestag,1
konsilio,1
riuneso,1
haydn,1
deutschland,1
über,1
alles,1
preokupationes,1
belim,1
vidati,1
sexisti,1
germanie,1
junti,1
slogane,1
modiaria,1
ukraïna,1
urbani,1
kalvinistes,1
minoresos,1
szent,1
istvàn,1
stefano,1
stefan,1
protektoro,1
iliri,1
trasi,1
gepides,1
avares,1
ugriani,1
ungares,1
kondukti,1
arpàd,1
silvestre,1
konverta,1
inkluda,1
dalmatia,1
semblad,1
venkabli,1
teribli,1
disastre,1
mohàcs,1
mohàč,1
habsburges,1
revolta,1
habsburgi,1
kakanie,1
kaiserlich,1
königlich,1
emperiali,1
empere,1
konveni,1
damaje,1
desastre,1
austro,1
modyororšâg,1
köstaršošâg,1
komunisto,1
kùn,1
lugosi,1
horthy,1
habsburg,1
exilati,1
represione,1
terible,1
diskretim,1
direkted,1
aprilie,1
pistes,1
asentad,1
jànos,1
àder,1
minsitro,1
orbàn,1
habitanes,1
sergio,1
mattarella,1
quadrat,1
partade,1
habitante,1
duktet,1
gidaro,1
oecd,1
benelux,1
fonde,1
nazzjonali,1
tar,1
flimkien,1
ingliż,1
ukoll,1
wieħed,1
lingwi,1
unjoni,1
ewropea,1
jipposjedi,1
bażi,1
għerq,1
semitiku,1
attribwit,1
minn,1
djalett,1
ġej,1
fuq,1
allura,1
qatt,1
kellu,1
relazzjoni,1
qrib,1
klassiku,1
ġħ,1
korespunda,1
noviale,1
prononsa,1
ġħawdex,1
gozzo,1
timbres,1
noreg,1
nùrek,1
norge,1
nòrge,1
bokmål,1
simplifira,1
novergi,1
nynorsk,1
nünošk,1
fyordes,1
samies,1
dacii,1
moldovanes,1
burebista,1
decebal,1
dechebal,1
venkat,1
zamolxis,1
kristianes,1
monoteistes,1
savantes,1
klasifira,1
frankofiles,1
slavonum,1
madiarum,1
intrati,1
portbagaj,1
coffre,1
peron,1
quai,1
în,1
devant,1
vizavi,1
rom,1
niya,1
sirilike,1
moldo,1
voievod,1
nomirati,1
aprovad,1
întâi,1
hohenzollern,1
konsiles,1
ministros,1
petersburg,1
nonpedendanti,1
slovak,1
office,1
parlamentarial,1
unitari,1
statuses,1
nacionalidad,1
aglomeracion,1
nacionalidades,1
regionalim,1
ofisiale,1
valensiani,1
balear,1
euskadi,1
galisia,1
asturia,1
inegali,1
aragone,1
estremadura,1
millione,1
kantones,1
federalisme,1
osman,1
separad,1
kompositus,1
despermise,1
mandata,1
quantim,1
kodifikat,1
jurisdiktiones,1
nonpartisan,1
suspekte,1
viola,1
argumenta,1
diktatorias,1
regias,1
inherantim,1
nonjusti,1
australian,1
desiset,1
detentet,1
faendi,1
protektional,1
legefo,1
detente,1
nondefinitim,1
duesmim,1
nondefiniti,1
nonkonstitutional,1
aquirad,1
nationaleso,1
shipe,1
pasporte,1
plasa,1
sintesad,1
indigo,1
starnberg,1
apertat,1
afrihili,1
babm,1
baza,1
byiomi,1
koop,1
cirquish,1
communicationssprache,1
dastmen,1
patwa,1
eaiea,1
ekspreso,1
esata,1
europanto,1
fasala,1
folkspraak,1
kotava,1
sistemfrater,1
mondlango,1
mundolinco,1
nuwaubic,1
poliespo,1
románico,1
romanova,1
sasxsek,1
semitish,1
sermo,1
slovio,1
solresol,1
spokil,1
tokcir,1
universalglot,1
uropi,1
kontrolati,1
basic,1
easyenglish,1
globish,1
blissymbols,1
gestuno,1
signuno,1
earth,1
essay,1
philosophical,1
aui,1
characteristica,1
universalis,1
electronic,1
circuits,1
isotype,1
láadan,1
latejami,1
wilkins,1
cycl,1
distributed,1
translation,1
kodati,1
pivotal,1
linguee,1
lincos,1
loom,1
rdf,1
zamenhof,1
kritikes,1
justum,1
precipue,1
vortes,1
eastbourne,1
walkerton,1
doktoral,1
produkted,1
deuterium,1
jolla,1
dekalb,1
county,1
lancelot,1
hogben,1
wendy,1
ashby,1
gb,1
kates,1
detekti,1
defekti,1
tet,1
pen,1
nona,1
centi,1
kilo,1
brussels,1
oligo,1
membra,1
pusi,1
idio,1
stude,1
hanns,1
seidel,1
stiftung,1
organiza,1
debata,1
nima,1
problema,1
komunita,1
qo,1
metri,1
solve,1
invita,1
egon,1
klepsch,1
presidenta,1
apri,1
mathematikiste,1
versio,1
retente,1
justifikatione,1
auxiliare,1
argumentad,1
nonnesesari,1
omited,1
selekto,1
metieres,1
nonchanjabli,1
ablativi,1
listat,1
genitivi,1
auxiliares,1
europeano,1
inflexiones,1
paginaro,1
schleyer,1
complete,1
grammatica,1
completa,1
italiana,1
cura,1
flenef,1
bevünetik,1
volapüka,1
friendship,1
anglifikad,1
maastricht,1
ithaca,1
geometrike,1
konventione,1
konvenienteso,1
esp,1
sukseo,1
falilos,1
probablesos,1
examplim,1
momentes,1
satisfika,1
rikursione,1
generanti,1
funktions,1
respektivim,1
analoge,1
sinmemoraleso,1
intente,1
repeti,1
experimente,1
memore,1
sinmemoral,1
expektat,1
entropie,1
divisebli,1
yn,1
sental,1
digite,1
numral,1
nondeskomposibli,1
posiblim,1
pm,1
minimum,1
proviset,1
xk,1
rk,1
geometric,1
distribution,1
mathworld,1
claudius,1
colas,1
esperema,1
estoniani,1
konversione,1
radika,1
vider,1
derivate,1
vidindu,1
konosant,1
aparo,1
nazis,1
suprese,1
transvivad,1
forsant,1
refuja,1
chanjeat,1
montrar,1
neutraleso,1
kunlaboratione,1
konkuranti,1
experimentation,1
surnome,1
volapukiste,1
faliat,1
kreatores,1
guiseppe,1
anuntiat,1
titlelisat,1
rekolta,1
vortaros,1
sendant,1
manka,1
kolektajo,1
equivalentis,1
editorie,1
opfisie,1
movat,1
mauer,1
liesing,1
situation,1
centrali,1
ovre,1
markat,1
estabileso,1
sekunderes,1
hörbiger,1
prosperad,1
ripublikationes,1
kampania,1
profintant,1
kontakta,1
postum,1
komprendat,1
registrationes,1
registros,1
gramofone,1
titlisat,1
informationes,1
rinomisatcosmoglotta,1
kontante,1
totale,1
desfasiles,1
forsad,1
desbanda,1
vigilantie,1
instruktional,1
interdiktione,1
damajant,1
asepta,1
pago,1
suflo,1
influentie,1
interseptione,1
nonkonsiosi,1
perplexi,1
kontinuat,1
livrat,1
reseptat,1
demandant,1
quirez,1
durantu,1
libriere,1
bombardo,1
prisonat,1
refujad,1
vivat,1
haltad,1
cosmoglottas,1
choko,1
initial,1
neutrali,1
devota,1
fante,1
miofisialim,1
remarkad,1
telegrames,1
rekonose,1
kredant,1
senseres,1
numerosi,1
konsentratione,1
riestablit,1
rejio,1
subskripteres,1
modelisatione,1
modelisad,1
nonkambiante,1
fermi,1
sekuer,1
flexiblese,1
sorga,1
resolu,1
livant,1
derivationes,1
rikonosabli,1
scritura,1
scritor,1
scriptor,1
expresed,1
preferentis,1
komentad,1
quel,1
nonformal,1
adtractiv,1
obpression,1
attractiv,1
oppression,1
atractiv,1
opression,1
publiko,1
spendat,1
modelisa,1
kurses,1
academie,1
interime,1
ofisialisa,1
longe,1
isolatat,1
optad,1
aprende,1
suspekto,1
fundatere,1
vanderbilt,1
gidereso,1
collinson,1
pretexto,1
rekomendatione,1
limpid,1
intented,1
familiarisa,1
junkted,1
visitat,1
kurioseso,1
invitad,1
anunsiad,1
plesat,1
vidant,1
kredabli,1
skola,1
reservationes,1
dutant,1
similari,1
kasua,1
prejudikos,1
fali,1
pavorad,1
ortografi,1
philosophia,1
strukturalim,1
derivationalim,1
finit,1
aseptad,1
elektabli,1
konflikta,1
substakte,1
nonelektabli,1
metologia,1
nonregulari,1
sia,1
subjunktive,1
esser,1
rikovrant,1
reporta,1
surviva,1
nonkontaktat,1
finansialim,1
tenset,1
kostos,1
inflat,1
kolekta,1
kontrasto,1
finansat,1
peno,1
nonkomfortabli,1
nonfortunosim,1
koinsidad,1
lega,1
political,1
antiruss,1
kauso,1
kaptat,1
nonkonsiat,1
peti,1
proposint,1
interal,1
responded,1
parentese,1
esperad,1
pasat,1
suporto,1
fant,1
feblisad,1
vĕra,1
imitationes,1
respekte,1
choka,1
heresia,1
duto,1
interruptiones,1
sirkles,1
nonrealisti,1
devenint,1
rivales,1
similarim,1
resuma,1
havet,1
konstituentie,1
forteso,1
diminu,1
done,1
probas,1
suporteres,1
nonevitabli,1
taktikes,1
rinoma,1
pilgrimiro,1
kapele,1
stagnatione,1
migration,1
gradual,1
dekades,1
frequentese,1
quatrime,1
cive,1
sved,1
interlinguist,1
memorandum,1
scolari,1
buletine,1
pedagogic,1
frontieras,1
postillon,1
amicitie,1
practica,1
refluxe,1
oldesko,1
atraktet,1
konoseskad,1
esteti,1
sekuentim,1
impresione,1
suksedad,1
entusiasme,1
periodale,1
editere,1
adrian,1
sitat,1
deskriptad,1
dokumentali,1
hawley,1
steyger,1
prisentad,1
parlere,1
gasper,1
stimulad,1
intentional,1
principali,1
eurosentrali,1
hindrat,1
visione,1
adheseres,1
apruvat,1
rikomensa,1
munich,1
partisiperes,1
cc,1
kts,1
gg,1
gw,1
adint,1
finint,1
tric,1
trics,1
plugs,1
maskuin,1
posesivi,1
krasina,1
raconta,1
subterrania,1
moravian,1
carst,1
tresor,1
fluvglant,1
abram,1
kofman,1
cortinas,1
federn,1
dorlota,1
burdon,1
periodales,1
jurnal,1
ligamentes,1
extensiv,1
developation,1
fonetica,1
gramatica,1
usation,1
témpores,1
passate,1
composit,1
hay,1
preposition,1
colection,1
rol,1
privatives,1
titulaturas,1
pronómines,1
casu,1
standardisation,1
dictionarium,1
vocabularium,1
dictionariums,1
traduction,1
glosbe,1
leturas,1
pbworks,1
cursu,1
letiones,1
mb,1
aprender,1
wikibooks,1
litt,1
photogen,1
nycteris,1
ideografie,1
matematical,1
experiment,1
filosofic,1
classic,1
boeree,1
shippensburg,1
abrevia,1
lfn,1
europijin,1
creol,1
disionario,1
omniglot,1
belgi,1
arturo,1
alfandari,1
internete,1
quijada,1
programo,1
desinat,1
inquesta,1
sapir,1
whorf,1
diferantiman,1
scientific,1
logical,1
rusim,1
impereria,1
comta,1
katalunium,1
ibero,1
italiki,1
sevenolum,1
reti,1
rumanchum,1
furlanum,1
arpitane,1
bronsi,1
baroneto,1
misskriptet,1
humphrey,1
penzance,1
kornwale,1
geneva,1
grantad,1
scientia,1
atestabli,1
widely,1
recognized,1
specialized,1
within,1
typically,1
embody,1
nomenclature,1
akustike,1
agrofisike,1
astrodinamike,1
atomic,1
molecular,1
optical,1
condensed,1
matter,1
cryogenics,1
fluid,1
materials,1
nuklear,1
optike,1
particle,1
fiskike,1
statics,1
solid,1
vehicle,1
komputational,1
elektrokemie,1
quantumes,1
stereokemie,1
termokemie,1
geodesy,1
hydrology,1
mineralogy,1
meteorology,1
oceanography,1
paleontology,1
limnology,1
seismology,1
biockemie,1
cytology,1
proteomike,1
moleculal,1
fikologia,1
algologia,1
filogenia,1
struktural,1
taxonomia,1
toxicologia,1
virologia,1
arkeologia,1
morphology,1
phonetics,1
phonology,1
semantics,1
behavior,1
analysis,1
biopsychology,1
clinical,1
developmental,1
educational,1
forensic,1
humanistic,1
organizational,1
psychometrics,1
religion,1
psychophysics,1
sensation,1
perception,1
interdisciplinary,1
applied,1
psycholinguistics,1
linguistics,1
cybernetics,1
knowledge,1
systemics,1
biomedical,1
electrical,1
mechanical,1
software,1
conservation,1
dentistry,1
anatomy,1
dermatology,1
gynecology,1
immunology,1
internal,1
neurology,1
ophthalmology,1
pathology,1
pathophysiology,1
pediatrics,1
pharmacology,1
physiology,1
psychiatry,1
radiology,1
toxicology,1
veterinary,1
military,1
planetary,1
chemistry,1
geology,1
weymouth,1
spesialisant,1
laboratorie,1
christiania,1
detalie,1
resiproki,1
coral,1
gables,1
vella,1
karolingiani,1
feudalitate,1
subjekte,1
episkopes,1
comtate,1
castelbon,1
heredieres,1
sinioros,1
pareatge,1
enric,1
dobli,1
suveranitate,1
permesed,1
konsilo,1
valeies,1
konstiutione,1
proposes,1
andoranes,1
minoritari,1
majoreso,1
siutadaneso,1
exija,1
andorane,1
avo,1
ava,1
residente,1
comarca,1
maskli,1
autenti,1
andori,1
partaget,1
grekiali,1
turkiala,1
venisiani,1
komtate,1
zenta,1
resto,1
dop,1
unanim,1
abstentione,1
distrukted,1
independanti,1
gateway,1
hiking,1
burnham,1
somerset,1
carnegie,1
mellon,1
northwestern,1
kalkula,1
geosienties,1
portanti,1
reduktionisti,1
holisti,1
sferes,1
feuerstein,1
lizette,1
woodworth,1
reese,1
residivo,1
danger,1
sekuentum,1
notori,1
lakromosi,1
rewarded,1
deseptione,1
rekompensat,1
repenta,1
riforma,1
deseptiones,1
sukomba,1
vertuosi,1
sedukte,1
desfasileso,1
drury,1
lane,1
skriptent,1
reputationes,1
luxuosi,1
fatue,1
foppington,1
planes,1
vanburgh,1
menasad,1
impetuosi,1
kompanias,1
sedukted,1
atenet,1
salvad,1
kompania,1
bankrote,1
nultem,1
pleat,1
audientias,1
toleranti,1
probat,1
adultero,1
nonakseptabli,1
publikum,1
moralisati,1
exkursione,1
sheridan,1
prisat,1
esprite,1
unesme,1
publikigita,1
lowe,1
apology,1
faller,1
jest,1
earnest,1
gildon,1
lives,1
characters,1
dramatic,1
poets,1
introduction,1
mermaids,1
benn,1
ornament,1
text,1
performance,1
restoration,1
hume,1
late,1
seventeenth,1
century,1
milhous,1
betterton,1
management,1
inn,1
lennep,1
stage,1
calendar,1
plays,1
entertainments,1
afterpieces,1
casts,1
box,1
receipts,1
contemporary,1
compiled,1
playbills,1
newspapers,1
theatrical,1
diaries,1
vanbruk,1
desinere,1
blenheim,1
palace,1
argumentosi,1
proklamanti,1
resivido,1
provoked,1
provokati,1
duranti,1
favorites,1
spektaklet,1
donationa,1
hiri,1
fownes,1
luttrell,1
howe,1
admiralo,1
sceptical,1
chymist,1
repetienti,1
desimale,1
provos,1
identeso,1
preferati,1
supositiones,1
intenteti,1
indukte,1
lernolibres,1
dekyares,1
inquesteres,1
reseptione,1
lautim,1
expektatione,1
infinitesimal,1
rupte,1
konstruktiones,1
samitem,1
intuitional,1
edes,1
rationalim,1
pekuliareso,1
quantifika,1
moyenes,1
skripta,1
nonintegral,1
terminanti,1
jemele,1
trananti,1
infinteso,1
identesos,1
fraktale,1
eins,1
periodischer,1
dezimalbruch,1
breuk,1
negens,1
nordiki,1
mayoro,1
hellmann,1
aninkaistenmäki,1
koline,1
klok,1
propagad,1
expansed,1
insendiad,1
katedrale,1
medinokte,1
quarteres,1
insendiat,1
vilhelms,1
ostvalds,1
newburyport,1
arlington,1
claremore,1
fowler,1
toledo,1
theresa,1
breuer,1
rochelle,1
winchester,1
enmigrantes,1
supreme,1
konstitutional,1
kolektiv,1
propositi,1
restrikte,1
extenso,1
ratifikatione,1
exekutiv,1
konkordos,1
isolationisme,1
altrilandal,1
vado,1
isolational,1
aftermilital,1
unisat,1
filial,1
timad,1
suvereneso,1
transnational,1
antártida,1
bore,1
orange,1
maysville,1
cincinnati,1
beverly,1
bloomington,1
owaissa,1
cottle,1
bisho,1
hava,1
ngaka,1
modiri,1
molema,1
devanagari,1
bhārat,1
bhārata,1
arājya,1
arabiani,1
bengal,1
bhutan,1
volunteres,1
redakte,1
servere,1
tampa,1
serveres,1
eritria,1
botsvana,1
lesutu,1
aqual,1
boto,1
extinguat,1
faliad,1
movies,1
networking,1
conversation,1
freshwater,1
chinese,1
whale,1
fish,1
wildlife,1
species,1
chance,1
functionally,1
extinct,1
search,1
run,1
increases,1
safely,1
practically,1
guarantee,1
gain,1
interested,1
increasing,1
likes,1
comments,1
interaction,1
actions,1
manually,1
bots,1
immediately,1
like,1
previous,1
discuss,1
further,1
kind,1
regards,1
altrilingual,1
separant,1
ligostreke,1
traduktendi,1
vocabularies,1
primarily,1
germanic,1
