word,count
in,4324
der,3312
die,3276
en,2602
iss,2537
vun,2286
un,1742
unn,1561
hot,1235
de,1210
waar,1109
er,1043
es,1038
kaundi,927
the,905
im,852
sie,822
gebore,781
sei,745
is,738
mit,669
pennsilfaani,639
of,584
fer,580
net,573
wie,550
sinn,532
em,519
schtettel,507
schtedt,495
ass,494
schtettlin,493
amisch,487
ich,479
zu,478
uff,458
mennonite,450
aa,416
provinz,398
noch,387
so,384
odder,383
mann,381
soria,373
vum,372
and,368
deitsche,359
church,358
an,354
leit,353
deitsch,353
gschtaerewe,334
land,324
henn,312
am,306
pennsylvania,302
lengeschder,287
des,284
een,283
eiwuhner,275
mer,268
schtadt,268
gewebbgleecher,258
datt,255
gmee,253
yaahr,253
was,252
amische,250
amerikaa,249
german,240
englisch,239
wu,238
pa,226
und,224
settlement,220
ihre,218
john,215
do,214
taunschip,212
aus,210
awwer,202
fraa,201
gmeeschaft,199
warre,195
dem,193
schpaani,193
waare,191
nei,191
wann,191
sell,189
bei,187
león,184
schtaat,183
automone,183
castilla,183
kanadaa,181
on,180
stoltzfus,177
deitschland,172
als,168
baut,166
haaptschtadt,166
gwuelle,164
bekannt,164
wadde,163
mennischde,161
sich,161
voreldere,160
sin,155
bis,154
watt,153
mir,153
all,153
kinner,149
war,149
myuusick,149
naame,147
pennsylvanisch,147
twp,147
new,146
du,146
to,141
zum,139
grickt,137
mei,137
kumme,135
christian,134
um,133
iwwer,133
pennsylvaanisch,132
hen,132
settlements,131
david,131
pennsilfaanisch,128
amish,124
dann,124
palz,123
schteets,122
university,122
me,120
county,119
annere,118
ee,116
kann,113
jacob,113
von,112
zeit,112
ontario,112
nau,112
yarrick,111
schterdt,107
ihr,105
erscht,105
alt,104
for,104
den,104
wo,103
viel,102
schreiwer,102
urglaawe,102
schprooch,100
yuscht,97
doch,97
glaawe,96
martin,95
bischof,94
das,94
america,93
saut,93
meh,92
life,92
dort,92
deel,91
henry,91
afrikaa,91
zwee,90
gheiert,90
km,90
mol,87
gegrindt,87
se,87
farmwald,87
acht,86
eiropaa,86
valley,85
uf,85
lebanon,84
as,83
haus,83
gebt,83
noh,82
miller,82
hab,82
driwwe,81
gheese,80
mennischt,80
lancaster,80
sitter,80
hiwwe,79
may,79
no,78
breddicher,78
kenne,78
alles,78
uns,78
wescht,78
alle,77
family,77
dass,77
rum,76
relitschion,76
blatz,76
da,75
alte,75
buch,75
lewe,75
yoder,74
gschriwwe,74
weil,74
gedicht,74
fadder,74
geh,74
ghatt,73
newich,73
gott,73
gut,72
parre,72
lenner,72
vunn,72
widderdaafer,71
robert,71
yaahrhunnert,71
deitscherei,71
kutztown,70
geht,70
familie,69
yaahre,69
nach,69
zeiding,69
latt,68
erschde,68
schprooche,67
gegend,66
bletz,66
center,66
creek,66
across,66
deutsch,65
flughafe,65
bin,64
macht,64
joseph,63
michael,63
st,63
muss,62
some,62
country,62
road,62
gmacht,62
york,62
daniel,61
zerick,61
fellowship,61
schtories,61
ohio,60
mich,60
hans,60
gange,60
name,60
weit,60
heit,59
drei,59
district,59
nooch,59
september,59
luthy,59
ed,58
harbaugh,58
widder,58
wirschini,58
mast,57
recht,57
gewwe,56
hochdeitsch,56
vietnam,56
hadd,56
heritage,55
schwetze,54
kee,54
zwische,54
nix,54
gans,53
richard,53
neegscht,53
welt,53
barricks,53
unser,53
gezogge,52
old,52
ca,52
weg,52
kummt,52
com,52
ihn,52
gedichder,52
pfalz,51
re,51
it,51
by,51
polen,51
selli,50
barbara,50
bauerei,50
hill,50
english,50
virginia,50
paerdi,50
united,49
gschicht,49
mache,49
house,49
ganz,49
blatznaame,49
kaerich,49
high,49
ebbes,49
show,49
city,49
ist,49
mudder,49
eby,49
dutch,48
william,48
will,48
vor,48
hann,48
good,47
schee,47
immer,47
with,47
ah,47
mitglieder,47
indiana,46
society,46
manitobaa,46
eens,46
viele,46
himmel,46
soll,46
from,46
sache,46
west,45
wasser,45
man,45
england,44
frankreich,44
scheier,44
bicher,44
seller,44
anna,44
districts,44
ken,43
welle,43
neie,43
mudderschprooch,43
filadelfi,43
grick,43
alde,43
philadelphia,43
gedruckt,43
paar,42
eb,42
samuel,42
seh,42
zamme,42
dr,42
yenner,42
sitz,42
ballidischeners,42
lang,41
schweiz,41
sellem,41
gmeene,41
berks,41
heemet,41
ii,41
community,41
east,41
gediere,41
daag,41
adder,41
oktower,41
natt,41
schun,40
simpson,40
canada,40
ins,40
canadian,40
at,40
rewwer,40
conestoga,39
troyer,39
conference,39
arrig,39
ein,39
kaundis,39
rock,39
dei,39
erd,39
sehne,38
seit,38
schpeeder,38
unnerschittliche,38
naach,38
zwett,38
gladys,38
mary,38
dictionary,38
unner,38
beim,38
nacht,38
falckner,38
heem,38
literatur,38
dess,38
bc,38
rhoiland,38
charles,37
george,37
sarah,37
gleene,37
johann,37
you,37
schteht,37
elizabeth,37
oh,36
brieder,36
upper,36
james,36
owwerichkeit,36
darich,36
denne,36
waterloo,36
franzeesisch,35
history,35
weaver,35
college,35
dich,35
november,35
first,35
elder,35
blank,35
near,35
gwuhnt,34
paul,34
beam,34
school,34
miehl,34
lese,34
love,34
us,34
amischmann,34
asie,34
schantz,34
chester,33
daer,33
holland,33
dutt,33
don,33
singer,33
penn,33
general,33
schteddel,33
www,33
esse,33
daal,33
one,33
north,33
schtettli,33
hat,32
la,32
hatt,32
grosse,32
vol,32
für,32
benjamin,32
hanning,32
end,32
ab,32
daage,32
di,32
dot,32
worr,32
zook,31
gar,31
vier,31
werner,31
meent,31
grieg,31
stauffer,31
zeidinge,31
amerika,31
geld,31
waer,31
glee,31
gross,31
london,31
ball,31
heidedaags,31
werd,31
american,31
gschehe,31
anner,30
eastern,30
wuhne,30
gschwetzt,30
verleicht,30
dialect,30
bauer,30
abbadich,30
haas,30
language,30
gsellschaft,30
washington,30
aagfange,30
hawwe,30
singe,30
munet,30
eener,30
nummer,30
baapscht,30
ei,30
wer,30
feschde,30
peachey,29
peter,29
pg,29
journal,29
buwe,29
bischt,29
gedichte,29
oder,29
wisse,29
contact,29
seim,29
schul,29
south,29
my,29
that,29
gemacht,29
worre,29
through,29
ausgschtarrewe,29
blanze,29
nafzinger,29
bye,29
bann,28
schuhl,28
juscht,28
folk,28
moi,28
englische,28
heest,28
mifflin,28
now,28
day,28
schreiwes,28
beem,28
platt,28
missouri,28
oscht,28
dhut,28
weiss,27
deitscheschteddel,27
lanne,27
alleweil,27
lied,27
earl,27
pennsylvanischer,27
schiff,27
schpiele,27
kenn,27
assembly,27
naus,27
ess,27
mammi,27
catherine,27
bavaari,27
beiler,26
publishing,26
press,26
aarde,26
herr,26
usa,26
walter,26
prof,26
nadd,26
gleecher,26
state,26
schuhle,26
president,26
gemeinde,26
auf,26
ph,26
mountain,26
groffdale,26
woch,26
present,26
world,26
mensche,26
aach,26
lechaa,26
wisconsin,26
beischpiel,26
isch,26
magdalena,26
republik,26
johr,26
schdaat,26
switzerland,25
counties,25
nolt,25
saage,25
deitscher,25
schwetzt,25
oft,25
millersville,25
green,25
kultscher,25
gewohnheide,25
misse,25
busch,25
matz,25
hoch,25
berlin,25
schloof,25
selle,25
union,25
funn,25
voreldre,25
footballe,25
heidelberg,25
hott,25
denk,25
sudd,25
isbn,25
gaar,24
unnich,24
geil,24
ne,24
scottdale,24
order,24
erschte,24
eldere,24
finne,24
schtick,24
radio,24
arbeitskreis,24
lieder,24
board,24
museum,24
holmes,24
hoi,24
ya,24
ihm,24
see,24
woischdroos,24
schulhaus,24
hod,24
ma,24
between,24
eine,24
paraguay,24
weggli,23
liedel,23
zwischich,23
association,23
pennsylvaani,23
guud,23
edward,23
montgomery,23
schtaate,23
duh,23
schaffe,23
well,23
grundsau,23
siedler,23
veggel,23
meil,23
sunn,23
reich,23
summer,23
blue,23
into,23
kitchener,23
letscht,23
gaul,23
verlosse,23
carolina,23
gfunne,23
hildebrand,23
which,23
april,23
singern,23
quang,23
ausbund,22
bissel,22
guck,22
darrich,22
august,22
lee,22
eli,22
thomas,22
stephen,22
town,22
haven,22
lower,22
minister,22
sex,22
hinkel,22
duhne,22
province,22
japan,22
ach,22
schafft,22
lehigh,22
lutterisch,22
schunn,22
tennessee,22
iii,22
sagt,22
fort,22
nicholas,22
graabhof,22
gordonville,22
references,22
ort,22
hochstetler,22
owets,22
turkie,22
heinrich,22
raber,22
farbe,22
conservative,21
schwetzer,21
settlers,21
pastorius,21
zehe,21
etliche,21
grooss,21
lusch,21
studies,21
somerset,21
league,21
braucherei,21
haaptman,21
king,21
white,21
about,21
nor,21
feld,21
seine,21
toronto,21
fatt,21
il,21
leid,21
ruh,21
theory,21
far,21
website,21
kaiserslautern,21
zweebrigge,21
noo,21
bontrager,21
dong,21
ja,21
fisher,20
gleeder,20
sidder,20
elsass,20
annals,20
france,20
art,20
buffington,20
program,20
grove,20
erie,20
franklin,20
fange,20
reading,20
schproch,20
street,20
grupp,20
wenn,20
saint,20
emol,20
igel,20
dir,20
los,20
universität,20
river,20
wees,20
texas,20
raus,20
salford,20
mensch,20
football,20
fimf,20
tel,20
pl,20
ho,20
wär,20
mennonites,19
franz,19
druppe,19
greescht,19
gheert,19
isaac,19
eck,19
co,19
voggel,19
meescht,19
simons,19
wuhnt,19
mennonischde,19
wird,19
annonymous,19
koloring,19
park,19
gebaut,19
aldi,19
waere,19
this,19
juni,19
midd,19
licht,19
eiland,19
sach,19
eem,19
or,19
org,19
be,19
weess,19
edition,19
infobaabledder,19
mio,19
komm,19
taun,19
chile,19
geschtaerewe,19
adelheid,19
wennich,18
dach,18
nemmt,18
kanton,18
plain,18
genennt,18
schier,18
schweizer,18
versammling,18
weber,18
cultural,18
schuylkill,18
geduh,18
reformed,18
weider,18
gewebb,18
besser,18
nimmie,18
froh,18
hawwich,18
kennt,18
oftmols,18
bruder,18
gibt,18
leacock,18
township,18
glei,18
san,18
schparret,18
three,18
two,18
grees,18
steinmann,18
fun,18
hie,18
deheem,18
brief,18
vom,18
hochdeitsche,18
draus,18
jo,18
familye,18
gedichde,18
buhn,18
susanna,18
sales,18
kenny,18
mb,18
binh,18
chi,18
minh,18
auch,17
gwest,17
steven,17
mundart,17
mannheim,17
dialekt,17
sett,17
rachel,17
schmid,17
brown,17
albert,17
seinre,17
bresident,17
gruppe,17
columbia,17
schticker,17
halb,17
guckt,17
jr,17
daere,17
rhein,17
hanover,17
harrsch,17
part,17
bisness,17
kumpanie,17
introduction,17
russland,17
red,17
your,17
van,17
kind,17
pälzer,17
nie,17
kansas,17
mi,17
we,17
maine,17
reformiert,17
germany,17
july,17
rogers,17
saarland,17
voll,17
gold,17
morgantown,17
gewuhnt,17
brasilien,17
yuli,17
beweisunge,17
awer,17
maria,17
film,17
sind,16
cause,16
eldeschder,16
heesse,16
besonders,16
palatine,16
region,16
zur,16
editor,16
professor,16
christ,16
marshall,16
ebber,16
menno,16
bledder,16
ans,16
gschtaert,16
schpielt,16
verkaaft,16
bleibt,16
frankfurt,16
mai,16
germantown,16
area,16
http,16
baueres,16
goose,16
guckbax,16
mehner,16
hett,16
lititz,16
johns,16
jack,16
news,16
fc,16
hi,16
people,16
maul,16
dere,16
sack,16
nicht,16
republic,16
gschpielt,16
bett,16
hut,16
drucker,16
daach,16
schnee,16
gegraawe,16
landkreis,16
award,16
moses,16
deutscher,16
demm,16
et,16
herz,16
ware,16
pop,16
amerikaanischer,16
flows,16
amischfraa,16
aamarrickunge,16
allen,15
nur,15
unnerschiddliche,15
kurpfalz,15
fall,15
keller,15
vernon,15
sauer,15
allentown,15
festival,15
keenich,15
gehne,15
central,15
geschicht,15
goshen,15
markham,15
glieder,15
kall,15
aag,15
drin,15
gsaagt,15
grischtdaag,15
kaafe,15
scheint,15
seiner,15
dunnerschdaag,15
gyuust,15
erschaffe,15
kauffman,15
dritt,15
joe,15
time,15
kumm,15
sunndaag,15
ganze,15
schaefferstown,15
inn,15
owet,15
vereenichde,15
national,15
version,15
liedlin,15
andrew,15
ballidicks,15
hand,15
eestereich,15
had,15
where,15
schtaade,15
disember,15
bobbeli,15
hits,15
mau,15
passagiere,15
gfloge,15
meene,14
menner,14
letschde,14
hiet,14
graad,14
sein,14
states,14
yuni,14
alsace,14
illinois,14
satt,14
historical,14
intercourse,14
weltdeel,14
nimmi,14
saagt,14
mariye,14
lynn,14
wolf,14
gaarde,14
hund,14
great,14
amerikaanische,14
zurich,14
conrad,14
siwwe,14
helfe,14
project,14
pascal,14
drupp,14
schriwwe,14
halde,14
northern,14
culture,14
club,14
rittenhaus,14
sohn,14
long,14
josua,14
mundaag,14
lutheran,14
susquehanna,14
branta,14
bleiwe,14
company,14
ebmols,14
grace,14
home,14
lincoln,14
baltimore,14
institute,14
hamburg,14
feier,14
comedy,14
has,14
are,14
best,14
years,14
tree,14
california,14
lawrence,14
heert,14
schottland,14
ann,14
christmas,14
gaelickerei,14
geischt,14
oklahoma,14
kutzeschtettel,14
nein,14
vadder,14
liberal,14
deutsche,14
lapp,14
denke,14
nadde,14
isses,14
derkem,14
niemand,14
grant,14
sproch,14
along,14
jehovah,14
dum,14
kalifornie,14
dschäck,14
alli,13
her,13
century,13
kammer,13
pälzisch,13
leicht,13
zweibrücken,13
hunnert,13
abraham,13
boyer,13
ziegler,13
francis,13
haag,13
bob,13
heinz,13
spring,13
autseit,13
pittsburgh,13
mahoning,13
bucks,13
albany,13
bethel,13
schtaert,13
pennsylvanian,13
tag,13
publication,13
suche,13
find,13
schpieler,13
freidaag,13
letschte,13
liewer,13
meedli,13
hoscht,13
ding,13
diere,13
schreiwe,13
winter,13
deitschi,13
bockenheim,13
carbon,13
krefeld,13
rotterdam,13
siedlung,13
up,13
swamp,13
kocherthal,13
blatt,13
tschulei,13
kopp,13
system,13
fa,13
run,13
maryland,13
fraae,13
endlich,13
nations,13
sketch,13
not,13
december,13
private,13
june,13
who,13
alben,13
geb,13
yunge,13
jersey,13
waddebuch,13
verlore,13
genunk,13
th,13
there,13
but,13
zaame,13
elkhart,13
drucke,13
denkt,13
versammlinghaus,13
gnumme,13
schtill,13
fescht,13
geeich,13
auguscht,13
georg,13
griene,13
buhne,13
keynote,13
kaerber,13
reide,13
fir,13
déi,13
millione,13
kempton,13
wor,13
einer,13
auswannerer,13
grose,13
dhu,13
modern,12
yuuse,12
beachy,12
weiter,12
katz,12
velleicht,12
nebraska,12
byler,12
gleich,12
wammer,12
wolfgang,12
gsunge,12
nadierlich,12
ihne,12
jefferson,12
birmelin,12
noah,12
carl,12
scholar,12
tv,12
traditional,12
wisdom,12
music,12
keith,12
gewest,12
reddin,12
noht,12
lischt,12
roth,12
amos,12
kultur,12
farm,12
schpiel,12
witt,12
deet,12
elmira,12
gebrocht,12
donald,12
freed,12
wolle,12
wieder,12
viert,12
aagscht,12
vancouver,12
handlung,12
chinese,12
mount,12
liberty,12
schplitt,12
even,12
hostetler,12
paris,12
black,12
little,12
night,12
down,12
what,12
prime,12
ihrem,12
pike,12
welschkann,12
acker,12
aage,12
wege,12
yaakobschteddel,12
nedd,12
eemol,12
bang,12
deitsh,12
belleville,12
bichli,12
eich,12
they,12
jackson,12
wewerland,12
iv,12
dinge,12
arewet,12
kollitsch,12
maryets,12
scheene,12
hertzler,12
bristol,12
gsaat,12
allweil,12
team,12
map,12
johannes,12
berliner,12
lanning,12
dochder,12
geyuust,12
nescht,12
jonas,12
year,12
over,12
schteh,12
schtrooss,12
verbandsgemää,12
pikder,12
zug,12
solle,12
pennsylvanische,12
hoochdeitsch,12
irland,12
zaehlung,12
skottische,12
leewe,12
harfe,12
panhandle,12
greatest,12
dinschdaag,12
dokder,12
february,12
roggy,12
del,12
sisters,12
blanzeheilkunscht,12
bofflo,12
ohne,11
swiss,11
lange,11
weis,11
mennischte,11
louise,11
heere,11
schreibt,11
dezember,11
morning,11
call,11
low,11
gedollisch,11
fisch,11
grischde,11
brethren,11
ober,11
olm,11
helft,11
faddich,11
tschuun,11
youtube,11
loss,11
selwert,11
yung,11
woche,11
lebt,11
fersommling,11
duht,11
hesse,11
naad,11
grubbe,11
losse,11
island,11
pfälzische,11
europe,11
felder,11
griege,11
eppes,11
feel,11
fleiss,11
village,11
meed,11
sam,11
frederick,11
official,11
clark,11
dick,11
prince,11
larry,11
denn,11
amschel,11
saat,11
halt,11
wedder,11
hocke,11
gebliwwe,11
schtarewe,11
heiere,11
singt,11
québec,11
heemweh,11
gens,11
bunnesland,11
iahra,11
population,11
oley,11
grad,11
deich,11
march,11
hawwer,11
adams,11
keenichreich,11
blitz,11
gebei,11
veronica,11
memm,11
fareb,11
located,11
durch,11
soi,11
bunnes,11
abbotsford,11
alexander,11
phonology,11
lache,11
january,11
bier,11
samschdaag,11
schtor,11
kaarde,11
levi,11
jean,11
nard,11
text,11
important,11
newspaper,11
early,11
sammy,11
gehn,11
iran,11
effridaa,11
speaker,11
klee,11
buwele,11
schweschder,11
angeles,11
inschebuwe,11
wéi,11
rund,11
barig,11
owed,11
songs,11
waa,11
hanoi,11
hollerbeier,11
persone,11
films,11
guk,11
gukt,11
lah,11
nemme,10
christoph,10
gmeehaus,10
western,10
yuus,10
gsettelt,10
weibsleit,10
bahn,10
light,10
weitzel,10
monroe,10
florence,10
alice,10
versammlinge,10
site,10
point,10
lane,10
atlantic,10
gedier,10
vice,10
scott,10
tom,10
men,10
gricke,10
bsuche,10
glied,10
hoover,10
glannt,10
lydia,10
wese,10
kounty,10
delaware,10
auswanderer,10
dod,10
avenue,10
canadensis,10
wald,10
small,10
aart,10
reedio,10
verdeelt,10
hilf,10
top,10
zehle,10
son,10
boys,10
bird,10
most,10
court,10
can,10
way,10
cape,10
gude,10
unne,10
drunne,10
zuerscht,10
debei,10
freind,10
maple,10
ent,10
unnem,10
legt,10
dialekte,10
grand,10
breton,10
teacher,10
main,10
nancy,10
wott,10
fleesch,10
seid,10
if,10
grund,10
vieh,10
eier,10
wisler,10
herrnhuter,10
franconia,10
wat,10
druff,10
route,10
also,10
mid,10
heid,10
leader,10
vumm,10
woolwich,10
zwette,10
lot,10
piewie,10
koneschtoga,10
wagge,10
haufe,10
pfälzisch,10
züri,10
buh,10
freindschaft,10
harper,10
grinnschdadd,10
gedanke,10
dier,10
same,10
album,10
were,10
greesscht,10
archive,10
geschichte,10
tschann,10
gerber,10
andere,10
frau,10
idali,10
langin,10
werre,10
donn,10
finland,10
friedrich,10
eigsetzt,10
keen,10
ballidischener,10
yeeger,10
platinum,10
stadt,10
sumneytown,10
jegliches,10
juli,10
wand,10
dra,10
amischbischof,10
nordrhoi,10
wessfoale,10
kroaati,10
bd,10
einem,10
dheel,10
gewiss,10
mahantongo,10
schqueier,10
eegne,9
faahre,9
mecht,9
mein,9
immigration,9
information,9
times,9
bekennt,9
volksgruppe,9
devun,9
weise,9
eeniche,9
ludwig,9
frank,9
ezra,9
ralph,9
kline,9
al,9
mark,9
jesse,9
tobin,9
faith,9
harry,9
chor,9
yeder,9
schaersi,9
nummere,9
laa,9
gschafft,9
smith,9
weltweit,9
churches,9
sellschaft,9
historic,9
weisse,9
karich,9
gepublisht,9
daadi,9
eldre,9
schur,9
halwer,9
schadde,9
sehnt,9
hex,9
dief,9
verzehlt,9
lodge,9
oktober,9
kriegsheim,9
amerikanische,9
landcompagnie,9
lutherische,9
anno,9
aussem,9
kieh,9
calvin,9
voah,9
weaverland,9
gschplitt,9
hopkins,9
winder,9
belgien,9
corner,9
just,9
big,9
cambridge,9
only,9
style,9
our,9
story,9
mile,9
game,9
schunscht,9
schpass,9
glaab,9
gleiche,9
frei,9
anne,9
vo,9
geelisch,9
arts,9
schuhlmeeschder,9
mill,9
aber,9
hols,9
davis,9
hart,9
sing,9
nappanee,9
links,9
quarterback,9
kuche,9
wunner,9
gwohnt,9
dank,9
seel,9
ihrne,9
schmucker,9
ned,9
millyone,9
gideon,9
abrill,9
glaabt,9
beed,9
md,9
holly,9
weiler,9
collection,9
soccer,9
polly,9
miles,9
weh,9
uhr,9
grie,9
oiwohner,9
lidderadur,9
bescht,9
gewebbblatt,9
eis,9
dart,9
volume,9
international,9
have,9
germans,9
media,9
weescht,9
distelfink,9
märz,9
haben,9
mose,9
sage,9
ungarn,9
namibien,9
schweden,9
aserbaidschan,9
their,9
grinder,9
book,9
bern,9
schoof,9
krick,9
afrikaanisch,9
santa,9
queen,9
faerewe,9
brandenburg,9
op,9
offizielle,9
pennilfaani,9
niwwerkumme,9
ixheim,9
heidichdaags,9
karl,9
graut,9
hartz,9
vu,9
roman,9
artists,9
bletznaame,9
berge,9
bad,9
speyer,9
kurpalz,9
können,9
alter,9
sennari,9
google,9
wiss,9
badden,9
wuertemberg,9
wohl,9
meili,9
rei,9
wollgraut,9
llc,9
ziu,9
gehadd,9
runway,9
komponist,9
brasilianische,9
mäd,9
wol,9
kreislich,9
bausman,9
boge,9
schwatzedruwwer,8
gwehnlich,8
finden,8
schweezerland,8
lake,8
barriye,8
full,8
annre,8
verschteh,8
mannsleit,8
ferwas,8
allem,8
geschwetzt,8
draa,8
civil,8
louis,8
grumbine,8
funk,8
clarence,8
edwin,8
baver,8
thierwechter,8
spayd,8
douglas,8
patrick,8
snyder,8
leroy,8
founder,8
elbedritsch,8
saenger,8
band,8
pine,8
mike,8
yiddisch,8
beschte,8
hills,8
chapel,8
britain,8
ridge,8
hall,8
live,8
gedaaft,8
ulrich,8
friehyaahr,8
schweitzer,8
heemetblatt,8
charming,8
forge,8
gegliche,8
aarick,8
record,8
faasnacht,8
kulp,8
musik,8
dublin,8
om,8
quaeker,8
heiser,8
telner,8
finnt,8
wilhelm,8
sachse,8
wissahickon,8
zerrick,8
heese,8
skippack,8
perkiomen,8
grenz,8
sehn,8
welschhinkel,8
gscharr,8
gedollische,8
mosi,8
peace,8
oxford,8
boggi,8
erschd,8
gschtaerrewe,8
australie,8
satire,8
rick,8
known,8
alan,8
place,8
many,8
out,8
back,8
buffalo,8
keffer,8
water,8
frieh,8
wett,8
brauch,8
wind,8
brofesser,8
wien,8
schtudiert,8
comprehensive,8
lat,8
holstein,8
mennonischte,8
loch,8
fredericksburg,8
mee,8
dinn,8
freiburg,8
his,8
turk,8
gebet,8
would,8
wir,8
lunenburg,8
deede,8
preis,8
reidenbach,8
montana,8
bee,8
bruce,8
fridde,8
kaeriche,8
groossi,8
jesus,8
field,8
gebeier,8
verein,8
box,8
pottstown,8
bau,8
ganse,8
census,8
beese,8
calgary,8
lieblich,8
bunneslenner,8
quebec,8
kandidaat,8
ot,8
schlof,8
like,8
origins,8
ihrer,8
gap,8
koenig,8
kich,8
leckschen,8
gebild,8
jacobs,8
meer,8
fiehl,8
beesballe,8
allenschteddel,8
sau,8
literature,8
internet,8
oberalben,8
mainz,8
twenty,8
ethnic,8
uruguay,8
epmols,8
benennt,8
ring,8
kreider,8
wenig,8
wikipedia,8
bauere,8
oi,8
weierhof,8
gottes,8
abril,8
essenheim,8
gute,8
grenst,8
henning,8
magazine,8
nunner,8
het,8
gschtarewe,8
signau,8
goodwill,8
six,8
hereford,8
gouf,8
heart,8
mittwoch,8
dorch,8
saufe,8
eng,8
ze,8
kleene,8
gsehe,8
unna,8
veggl,8
mag,8
tschecherei,8
turkische,8
kenisch,8
nha,8
stehne,8
farr,8
tri,8
hasse,8
interstate,8
assistenzprofessor,8
dhet,8
reje,8
nimme,8
wek,8
goldene,8
zieha,8
melody,8
jakob,7
technology,7
addning,7
menscht,7
geglaabt,7
wennicher,7
books,7
diener,7
heesst,7
dialects,7
palatinate,7
aafang,7
katze,7
yungi,7
veith,7
enniche,7
alsemol,7
gschichte,7
zimmerman,7
more,7
solomon,7
lloyd,7
preston,7
brendle,7
gilbert,7
butch,7
reigart,7
trout,7
kunkel,7
breddiche,7
alfred,7
per,7
hasch,7
pennsilfaanische,7
massachusetts,7
secretary,7
gebottsblatz,7
gang,7
winnipeg,7
sette,7
schtudente,7
academy,7
bible,7
evangelical,7
aageh,7
ziel,7
phil,7
public,7
valuska,7
video,7
library,7
weschtlich,7
sunge,7
genumme,7
arebschaft,7
alliebber,7
television,7
meenscht,7
selwer,7
katie,7
gholfe,7
again,7
cd,7
schtille,7
grundsaudaag,7
adam,7
bill,7
insche,7
bockrem,7
mehr,7
kelpius,7
schwamm,7
gebiet,7
welche,7
über,7
nun,7
hudson,7
director,7
jeff,7
matt,7
schnell,7
sucht,7
signals,7
breet,7
baue,7
inc,7
zwedde,7
keeniche,7
oak,7
halifax,7
weck,7
herzegowina,7
gegrind,7
sitcom,7
dad,7
air,7
head,7
room,7
its,7
sun,7
andy,7
living,7
color,7
choice,7
revolution,7
sunday,7
bender,7
cat,7
schicht,7
gucke,7
gelacht,7
bees,7
laafe,7
gesse,7
faricht,7
schtellt,7
numme,7
schtand,7
schunt,7
louisiana,7
liegt,7
baden,7
elwedritsche,7
riwwer,7
baure,7
ente,7
gewisst,7
vergesse,7
grind,7
plattdeitsch,7
sellewege,7
lewwe,7
mannichmol,7
aw,7
na,7
ehm,7
fleetwood,7
encyclopedia,7
harold,7
dezu,7
heiert,7
make,7
he,7
franzeesische,7
britische,7
insching,7
seef,7
gleeni,7
iowa,7
madison,7
tscheschter,7
shenandoah,7
losst,7
breddiches,7
minudde,7
amanda,7
lenhartsville,7
alemannisch,7
middel,7
lothringer,7
columbus,7
chicago,7
wi,7
mitt,7
naduur,7
gwunne,7
leer,7
draagt,7
fanny,7
gschickt,7
unter,7
castle,7
grosser,7
thompson,7
amischer,7
vincent,7
museums,7
store,7
restaurant,7
brot,7
komme,7
homburg,7
gebb,7
franzose,7
lieb,7
british,7
demmegraad,7
weeze,7
siess,7
lorraine,7
alberta,7
webblatt,7
scht,7
form,7
zurick,7
mines,7
folklife,7
kannscht,7
luft,7
station,7
weblinks,7
something,7
soon,7
bank,7
fiess,7
meedel,7
nee,7
hin,7
haring,7
sitzt,7
catharine,7
roberts,7
artist,7
christopher,7
descendants,7
peedersbarrig,7
steinbach,7
breinigsville,7
pgs,7
connecticut,7
mississippi,7
tscheina,7
rechte,7
rosanna,7
russell,7
erschafft,7
genannt,7
alaubt,7
called,7
research,7
writers,7
around,7
saarbrücken,7
qwuelle,7
mexiko,7
gedhu,7
nochber,7
aerbs,7
list,7
ging,7
warum,7
langi,7
artschenti,7
norwegen,7
korea,7
geteetscht,7
miehle,7
finger,7
indian,7
salzburg,7
sprache,7
ludwigshafen,7
yahr,7
paradise,7
hole,7
urglaawischer,7
waelli,7
milford,7
margets,7
bald,7
poems,7
albaani,7
angola,7
siedlich,7
kongo,7
sis,7
stone,7
ladino,7
orbit,7
pyramid,7
dien,7
ons,7
dee,7
pequea,7
dreissich,7
frankenthal,7
publiziert,7
rittinger,7
kolumne,7
klotzkopp,7
konrad,7
romney,7
litaun,7
gsegend,7
mat,7
huet,7
benz,7
sommerhausen,7
paep,7
lait,7
marlborough,7
jacobina,7
wort,7
fische,7
schlang,7
volk,7
wurde,7
teil,7
monnem,7
magdalene,7
sierra,7
barock,7
mecklenburg,7
vorpommern,7
regierung,7
bosnia,7
herzegovina,7
são,7
ewich,7
auswenniche,7
butzemann,7
liege,7
warn,7
gern,7
hue,7
spill,7
kalendar,7
schwarze,7
drama,7
meeschter,7
dodt,7
siss,7
schwatz,6
jura,6
basel,6
montbéliard,6
ardickel,6
bishop,6
aarmediener,6
amt,6
gheesse,6
paelzer,6
grammar,6
württemberg,6
schrift,6
schpeedere,6
ernest,6
bechtel,6
stutzman,6
dan,6
macungie,6
pennsburg,6
ephrata,6
budget,6
botschaft,6
dolpehock,6
baricks,6
folkband,6
deitschische,6
waxt,6
rose,6
millich,6
hancock,6
department,6
popular,6
taylor,6
bluffton,6
colony,6
neier,6
title,6
halte,6
schwatze,6
hosse,6
schtolz,6
records,6
recordings,6
guude,6
arwet,6
groossdaadi,6
lodsch,6
greenville,6
fon,6
rees,6
nieder,6
alzey,6
fluss,6
selwe,6
teutsche,6
frankfurter,6
aecker,6
middem,6
crefeld,6
cresheim,6
ehre,6
claus,6
nicolas,6
schickt,6
vermudlich,6
justus,6
guter,6
prediger,6
jan,6
dient,6
fiehrt,6
bridge,6
hals,6
hutchinsii,6
daerich,6
maschien,6
armee,6
vadda,6
view,6
zion,6
millwood,6
petersburg,6
haar,6
fascht,6
dorsch,6
telephone,6
theater,6
noom,6
lewis,6
bulgarien,6
late,6
mother,6
wayne,6
last,6
train,6
bo,6
father,6
half,6
them,6
office,6
rising,6
line,6
adventures,6
amen,6
days,6
dream,6
acres,6
science,6
verennert,6
letters,6
phylum,6
whale,6
bull,6
buzzard,6
dog,6
bu,6
yetz,6
falle,6
deine,6
beh,6
liewe,6
owwe,6
gerennt,6
gerufe,6
schprunge,6
leie,6
gleener,6
nemm,6
brecknock,6
gelannt,6
gwelle,6
port,6
mills,6
windsor,6
montreal,6
elwedritschlicher,6
fresse,6
laut,6
wisst,6
oier,6
groosser,6
blattdeitsch,6
schleswig,6
lannt,6
familiye,6
dissertation,6
hier,6
institut,6
width,6
border,6
yarmouth,6
meeglich,6
williams,6
juno,6
schulmeeschter,6
seminary,6
nd,6
thesis,6
take,6
then,6
above,6
dotgmacht,6
should,6
true,6
anabaptist,6
flax,6
rot,6
kent,6
morgan,6
centre,6
grey,6
perth,6
fraktur,6
minor,6
dausend,6
bringe,6
schtee,6
uffgebaut,6
such,6
gebts,6
harrisonburg,6
efders,6
balle,6
lein,6
disch,6
soh,6
boot,6
aakumme,6
gekaaft,6
altoona,6
social,6
blendi,6
lass,6
zeide,6
eldscht,6
genauso,6
kraft,6
ve,6
deer,6
act,6
greeschde,6
sauergraut,6
deutschland,6
spd,6
lantz,6
bricke,6
cedar,6
surrey,6
francisco,6
nfl,6
cocaine,6
druwwel,6
wiescht,6
dreck,6
ny,6
johnstown,6
schloss,6
biwwel,6
another,6
schtiwwel,6
allee,6
schtandard,6
zucker,6
vaddel,6
mccaa,6
tavern,6
verkaafe,6
wittfraa,6
fallt,6
secular,6
folksongs,6
mexico,6
frieher,6
uffem,6
rap,6
discography,6
colonial,6
productions,6
online,6
neckarsteinach,6
auswanderermuseum,6
leading,6
beispiel,6
pdf,6
simon,6
palatines,6
obama,6
rio,6
schuh,6
gschterdt,6
adeline,6
dischdelfink,6
nass,6
schlecht,6
waren,6
ueber,6
daß,6
kolumbien,6
litauen,6
el,6
bosnien,6
saudi,6
milliun,6
christiana,6
genetic,6
auschdria,6
offiziell,6
ghadde,6
chesley,6
grischdlicher,6
yuddischer,6
schtimm,6
castles,6
vella,6
fiel,6
dichder,6
pennsylfaanisch,6
grab,6
andorra,6
sambia,6
entwedder,6
weschfraa,6
mach,6
guitar,6
drums,6
dadde,6
trump,6
local,6
zaza,6
mim,6
ha,6
alder,6
wettbewerb,6
uffgewaxe,6
broogramming,6
schneider,6
gedichter,6
jonathan,6
independent,6
guth,6
geili,6
unsere,6
schreiwerin,6
lettlond,6
release,6
got,6
rca,6
how,6
woman,6
billy,6
stad,6
gëtt,6
tee,6
bonn,6
hodder,6
einfach,6
rises,6
kreutz,6
charm,6
gnannt,6
wurdd,6
morge,6
machen,6
seele,6
nai,6
hods,6
haid,6
kriege,6
schuhlhaus,6
erste,6
fannie,6
malinda,6
foll,6
lehr,6
dheer,6
sag,6
natur,6
kanu,6
ebaut,6
arabia,6
aerscht,6
actress,6
nowember,6
republiken,6
oschder,6
germanische,6
october,6
erer,6
johre,6
mosambik,6
teitonische,6
gottheide,6
gottheit,6
heidische,6
sippschaft,6
mythology,6
neopaganism,6
zieb,6
katzejammer,6
zisa,6
stallybrass,6
parrer,6
briddische,6
enner,6
vung,6
tau,6
giang,6
concepción,6
lothrìnger,6
tennis,6
och,6
feschtdaage,6
tonawanda,6
japanisch,6
werden,6
owe,6
daddi,6
nuf,6
fal,6
doh,6
seem,5
source,5
weltlich,5
bhalde,5
driwwer,5
freiheit,5
herald,5
greeschd,5
michigan,5
johnson,5
religious,5
deacon,5
luthrische,5
dieweil,5
enanner,5
zammekumme,5
schwetzerei,5
unnerschitt,5
gfroogt,5
schreib,5
beischpiele,5
emanuel,5
rondthaler,5
witmer,5
hermany,5
brunner,5
max,5
harvey,5
knecht,5
gehman,5
nova,5
quinter,5
madenford,5
donmoyer,5
breininger,5
hess,5
frey,5
babiere,5
dauphin,5
paltz,5
eilenner,5
bewegunge,5
learning,5
blut,5
bezaahle,5
ludderisch,5
weeich,5
fox,5
baam,5
gutbekannte,5
amerikaanisch,5
polk,5
square,5
gettysburg,5
urban,5
weltgrieg,5
plan,5
christina,5
bleen,5
schieler,5
gmeent,5
pacific,5
aeltscht,5
lengeschter,5
meenz,5
dpak,5
echo,5
member,5
anneri,5
controller,5
awards,5
group,5
sammelt,5
marie,5
landis,5
schaefferschteddel,5
goschenhoppen,5
ehr,5
wattshaus,5
gehe,5
scheiere,5
bleed,5
tradition,5
chapter,5
reinert,5
lechaw,5
herbert,5
lischde,5
faahrt,5
mitglied,5
beschreibung,5
lutheraner,5
bevor,5
druck,5
gegeben,5
worden,5
gemee,5
nahe,5
morris,5
schneegans,5
yaager,5
backe,5
giant,5
cackling,5
gereest,5
schpringt,5
neiichkeede,5
wild,5
draam,5
dresche,5
uffg,5
aardlich,5
dridde,5
providence,5
lost,5
lord,5
hope,5
carpenter,5
canton,5
bethlehem,5
fett,5
pioneer,5
imme,5
report,5
free,5
zone,5
crawford,5
things,5
kingdom,5
children,5
being,5
today,5
mr,5
ave,5
thin,5
rd,5
girl,5
videos,5
development,5
eddie,5
raymond,5
fire,5
growing,5
class,5
major,5
mystery,5
welcome,5
beaver,5
bell,5
tonight,5
webster,5
ohr,5
musical,5
including,5
woods,5
strong,5
power,5
schapp,5
enyvales,5
bass,5
bear,5
guinea,5
mole,5
woodpecker,5
gedenkt,5
holt,5
geguckt,5
bild,5
meenschte,5
daaler,5
gegrische,5
geloffe,5
gekennt,5
doot,5
meine,5
lehre,5
nenne,5
gelehrt,5
groosse,5
leamington,5
mississauga,5
niagara,5
branch,5
ottawa,5
montréal,5
än,5
ladann,5
fenschter,5
schlofe,5
hebt,5
schproocheiland,5
lehrer,5
economic,5
vee,5
hochlennisch,5
baile,5
broad,5
marion,5
gewohnt,5
easthope,5
manitoba,5
beginners,5
lehighton,5
during,5
souderton,5
ia,5
fahre,5
graduate,5
augscht,5
einen,5
quote,5
zeige,5
named,5
wollt,5
euch,5
unesco,5
iwwerall,5
gegende,5
florida,5
schtauffer,5
randolph,5
bedford,5
northampton,5
aaron,5
augusta,5
oconto,5
wellington,5
huron,5
fuhremennischde,5
liedli,5
eeni,5
nidder,5
congregation,5
vielleicht,5
rubrick,5
beschde,5
paess,5
pass,5
fourth,5
hinner,5
offe,5
geele,5
schiffmeeschder,5
nochbere,5
nazareth,5
dahl,5
actor,5
riwwerkumme,5
kiesel,5
bed,5
schtimme,5
lenger,5
schuld,5
fiehr,5
franzesisch,5
rewoluzion,5
federal,5
ebbel,5
schlidde,5
nochberland,5
zent,5
density,5
delta,5
schlimm,5
gsehne,5
surface,5
constraints,5
wisseschaft,5
verbei,5
gmeeschafde,5
easton,5
yaakobschtettel,5
cdu,5
coneshtoga,5
vawwa,5
akron,5
oakland,5
mennischder,5
fliesst,5
muundaag,5
hinne,5
schloofe,5
mehl,5
wolke,5
mancher,5
dein,5
diesem,5
mund,5
leben,5
maxatawny,5
schwanz,5
bringt,5
fens,5
kaardeschpiel,5
vedderscht,5
sr,5
established,5
hampshire,5
nevada,5
revised,5
ewwer,5
lichter,5
meeschder,5
suh,5
maem,5
schtuhl,5
leser,5
gfrogt,5
still,5
europa,5
zeitung,5
facebook,5
noble,5
berg,5
ruth,5
she,5
mennonische,5
sacht,5
leis,5
span,5
umble,5
schtink,5
gehl,5
bay,5
fehlt,5
kalt,5
masters,5
bundesliga,5
hickory,5
schropp,5
seinem,5
kriegt,5
ob,5
picture,5
musick,5
roan,5
luxemburg,5
israel,5
ukraine,5
liechtenstein,5
venezuela,5
china,5
simbabwe,5
churchtown,5
traditions,5
frances,5
clay,5
organization,5
justice,5
said,5
bernd,5
webgleecher,5
nord,5
liga,5
rheinland,5
archiv,5
mennonitische,5
weavertown,5
smoker,5
lauderbach,5
weibsmensch,5
wart,5
fum,5
bericht,5
babier,5
mond,5
feierheerd,5
appendix,5
demegraadisch,5
armeni,5
ep,5
kallschdadt,5
ellsdaun,5
volksgrupp,5
minderheit,5
iraen,5
iraek,5
yudde,5
midde,5
groose,5
julius,5
tscheine,5
haut,5
satellite,5
emigration,5
lady,5
saskatchewan,5
dag,5
bortsch,5
salisbury,5
neustadt,5
duwack,5
paad,5
maretyrer,5
vendu,5
foohn,5
anthony,5
beissel,5
godfather,5
lodsche,5
schnitz,5
gnepp,5
ene,5
sehr,5
otto,5
kanadier,5
canadier,5
eyes,5
peterli,5
myerstown,5
potomac,5
highlands,5
owwrigkeit,5
schteeg,5
always,5
gowenier,5
salz,5
drum,5
maxim,5
greeschte,5
arm,5
once,5
dreamcatcher,5
go,5
made,5
hotel,5
anarchism,5
beweging,5
yarick,5
unnerschiedliche,5
gewebblatt,5
hiwwel,5
bezahle,5
heidesdaags,5
rheinhessen,5
schriesheim,5
mohawk,5
reemisch,5
hoffnung,5
kein,5
twps,5
before,5
harleysville,5
barigschtrooss,5
pittsbarig,5
bach,5
befeschtigung,5
gras,5
yohr,5
lebendiche,5
fraw,5
wern,5
nuch,5
weld,5
worn,5
schriftleiter,5
koscht,5
wetter,5
alten,5
gesettelt,5
schwartzendruber,5
healing,5
bischop,5
baral,5
barack,5
bertha,5
memorial,5
kohle,5
ecuador,5
slowaaki,5
eswatini,5
ghana,5
hrsg,5
funck,5
kraichgau,5
dat,5
umg,5
friesland,5
daafer,5
gnage,5
koscher,5
burch,5
schdadd,5
deidschland,5
movie,5
speyerer,5
almazán,5
ost,5
johannesburg,5
februar,5
asatru,5
ziewe,5
mythologie,5
zweck,5
muunraad,5
ase,5
dunner,5
dinschdaags,5
uffgewarremt,5
paulo,5
sibylla,5
adeliche,5
hunter,5
camps,5
gemachd,5
graffenried,5
ansiedelung,5
philip,5
geloßd,5
middlschiff,5
euro,5
nang,5
trang,5
nationalpark,5
runways,5
phu,5
kien,5
con,5
mozart,5
reifries,5
seng,5
universideet,5
studente,5
ginn,5
singerin,5
oswego,5
entropie,5
glas,5
sehnscht,5
ruhl,5
lacht,5
fiehlt,5
horch,5
ewig,5
herrlich,5
weide,5
reischt,5
wieschte,5
iwer,5
sa,5
muth,5
dhun,5
rejeboge,5
schoe,5
steh,5
keh,5
mier,5
streichen,5
wände,5
anabaptists,4
ammann,4
vunne,4
boggis,4
buckel,4
schtroh,4
glick,4
daet,4
quelle,4
schtrenge,4
schtori,4
rausgschmisse,4
communities,4
herkummes,4
mennopedia,4
wehrlos,4
gmeeschafte,4
dative,4
duhn,4
heidiche,4
mitenanner,4
oschte,4
welli,4
pages,4
pfälzer,4
karrech,4
yuuscht,4
ghat,4
fischer,4
milton,4
erb,4
barba,4
horning,4
allan,4
dorothy,4
fry,4
leonard,4
kamp,4
druckenbrod,4
fritsch,4
varden,4
leasa,4
louden,4
kevin,4
joshua,4
langley,4
shoemaker,4
five,4
sugarcreek,4
newsletter,4
pottsville,4
amerikaas,4
grischt,4
zeeche,4
buchanan,4
army,4
flag,4
millyoon,4
service,4
committee,4
hesston,4
alliance,4
mission,4
northwest,4
reinland,4
mennoniten,4
gemeinden,4
geindresst,4
yellow,4
projects,4
kessler,4
relations,4
schmahl,4
members,4
conversation,4
raad,4
dazu,4
lutz,4
hemmer,4
leichte,4
schtehn,4
shartlesville,4
vater,4
uscht,4
gschwind,4
annri,4
recording,4
guudi,4
verliere,4
oschterhaas,4
signs,4
braucher,4
oral,4
wunnerbaar,4
grundsow,4
ronald,4
dennis,4
kleve,4
krefelder,4
woll,4
erhalde,4
umgegend,4
gewese,4
sommershausen,4
britisch,4
mülheim,4
papier,4
pensilfaani,4
schtarricke,4
heitzudaags,4
taunship,4
landschaft,4
curieuse,4
nachricht,4
norden,4
freunde,4
fragen,4
sied,4
conemaugh,4
dritte,4
cumberland,4
faul,4
ewicher,4
wilde,4
braune,4
wolk,4
fliggel,4
telekummyunikeeschions,4
waerkzeichheit,4
zwitschere,4
industrial,4
beeler,4
erfunne,4
multi,4
word,4
bischli,4
gnippli,4
praise,4
strasburg,4
circle,4
joy,4
hinkletown,4
boston,4
manor,4
kishacoquillas,4
herkumme,4
schatz,4
leddiche,4
ohre,4
xx,4
au,4
brugg,4
future,4
kalenner,4
floridaa,4
zwedder,4
star,4
fiehrer,4
ernst,4
meecht,4
andreas,4
steve,4
global,4
comedies,4
generation,4
kim,4
blood,4
second,4
hour,4
eye,4
set,4
gimme,4
partridge,4
ain,4
knowing,4
likely,4
bean,4
sorry,4
death,4
born,4
sport,4
pete,4
alvin,4
loves,4
dave,4
bel,4
friends,4
burns,4
golden,4
miami,4
under,4
carter,4
kate,4
queens,4
brian,4
mama,4
sons,4
miss,4
perfect,4
please,4
police,4
boss,4
iwwergsetzt,4
russia,4
government,4
nothing,4
sullivan,4
round,4
ugh,4
pryv,4
hound,4
blackbird,4
jay,4
cardinal,4
crow,4
emu,4
frog,4
heron,4
shark,4
lion,4
owl,4
right,4
robin,4
bernard,4
sea,4
dodebei,4
blooss,4
frogt,4
schpaziere,4
gemeent,4
browiere,4
yede,4
schtunn,4
dumm,4
drowwe,4
kenner,4
böhm,4
austria,4
kalemn,4
lambert,4
hatz,4
brussels,4
tavistock,4
catharines,4
hamilton,4
wellesley,4
vineland,4
pälzerwald,4
weschde,4
oschde,4
laid,4
deete,4
neegschte,4
hockt,4
wehre,4
ziehge,4
guuck,4
schtors,4
schule,4
blattdeitsche,4
seeger,4
projekt,4
verschwinne,4
netz,4
plus,4
bgcolor,4
cellspacing,4
solid,4
font,4
amisha,4
avvah,4
mehnscht,4
sydney,4
richmond,4
kincardine,4
gaelic,4
scotia,4
study,4
preservation,4
emmaus,4
aol,4
mertztown,4
clinton,4
walnut,4
negscht,4
fimft,4
schrock,4
rural,4
sociology,4
sattler,4
latter,4
him,4
body,4
powder,4
ursach,4
spirit,4
türke,4
sondern,4
glauben,4
christi,4
aafange,4
bauersleit,4
macher,4
weltkulturerbe,4
safe,4
riewe,4
bloh,4
grossi,4
daviess,4
rich,4
allegany,4
tuscarawas,4
stark,4
oregon,4
blair,4
schwenkfelder,4
wenger,4
dunkard,4
woolwicher,4
elam,4
edgar,4
vi,4
period,4
bsucht,4
kaerichliedbichli,4
druckt,4
gepublished,4
alliwwer,4
plautdietsch,4
atlanta,4
ga,4
dover,4
lima,4
topeka,4
finnscht,4
yedes,4
sellmols,4
pro,4
vaddelhinner,4
kick,4
third,4
faahne,4
poschde,4
action,4
drefft,4
kors,4
maag,4
vergesst,4
eigesetzt,4
kennte,4
hambarrig,4
harrisburg,4
bens,4
schuhplattler,4
amerikanischer,4
kongress,4
garden,4
rocks,4
newmanstown,4
meiner,4
turner,4
versucht,4
wohne,4
chad,4
argonauts,4
professional,4
maetsche,4
sites,4
pretzel,4
motor,4
breakfast,4
pälzische,4
erde,4
heilisch,4
versuchung,4
vergewwe,4
daa,4
bezirksdaach,4
parlament,4
geel,4
farwe,4
scheenes,4
provinces,4
party,4
laae,4
eegner,4
wascht,4
fangt,4
manchmol,4
politik,4
wahl,4
ebersol,4
crossroads,4
chilliwack,4
eden,4
owens,4
andré,4
optimality,4
ebwohl,4
associated,4
generative,4
ranked,4
gweehnlich,4
dokter,4
yedre,4
naas,4
fang,4
schand,4
schde,4
among,4
diesen,4
yawkobshdedel,4
grank,4
meim,4
demokratische,4
kumma,4
leola,4
zahl,4
pinto,4
haardtgebirge,4
abschnitt,4
haardt,4
punkt,4
hambacher,4
split,4
randall,4
cunningham,4
clubs,4
eishockey,4
ludderischer,4
cross,4
deceased,4
kurtz,4
died,4
print,4
shop,4
suss,4
ehrlich,4
nanner,4
fläsch,4
vort,4
gieb,4
dieser,4
seht,4
guuder,4
fact,4
notes,4
caernarvon,4
emma,4
nominated,4
persoon,4
cyrus,4
valentine,4
northkill,4
amischi,4
ewwe,4
xv,4
mz,4
blantze,4
dochter,4
chrétien,4
nochemol,4
zeh,4
base,4
georgia,4
arkansas,4
mountains,4
taiwan,4
banndeitsch,4
hip,4
hop,4
entschtanne,4
ill,4
punk,4
spe,4
autosegmental,4
marriage,4
rausgewwer,4
schtock,4
schtrump,4
iwwersetzing,4
mundarttage,4
jury,4
mundartdichterwettstreit,4
donner,4
folklore,4
work,4
here,4
except,4
every,4
contest,4
damit,4
other,4
use,4
regional,4
capital,4
both,4
account,4
speakers,4
hearts,4
deutschen,4
off,4
pole,4
dabei,4
belize,4
weiblich,4
greischt,4
mt,4
carroll,4
heeh,4
europäische,4
grabb,4
macon,4
plata,4
schiesse,4
schtarrick,4
yo,4
letz,4
hell,4
garver,4
verona,4
sv,4
gonzales,4
coal,4
sagen,4
kinder,4
sieht,4
heraus,4
jacques,4
replaced,4
schwimme,4
reichenbach,4
reit,4
eestreich,4
peru,4
thailand,4
portugal,4
malta,4
pakistan,4
togo,4
gabun,4
look,4
maz,4
vumme,4
dna,4
grankheit,4
cocaelico,4
yedem,4
trans,4
verliert,4
turdus,4
hockey,4
discografy,4
dunnerschdaags,4
kocht,4
aabinne,4
faahres,4
solzburg,4
undergraduate,4
shtoodenta,4
yusht,4
gleicha,4
kenna,4
honor,4
stories,4
emichsburg,4
zufridde,4
weisheit,4
jake,4
schtrimp,4
kaaf,4
nochdem,4
middlesex,4
mischt,4
gnie,4
historische,4
pennsylfawnisch,4
wichdich,4
druf,4
arg,4
schtedtel,4
krischkindel,4
schpaanisch,4
buenos,4
aires,4
nafziger,4
ingolstadt,4
datschikischtaan,4
palestine,4
denemarrick,4
governor,4
rischderei,4
hol,4
pearl,4
vorsinger,4
ace,4
yeesus,4
wandel,4
georgie,4
web,4
lapps,4
schbieler,4
stuttgarter,4
kickers,4
ver,4
aahenger,4
verlag,4
urschpringlich,4
besitz,4
tr,4
pentecostal,4
deckt,4
shoals,4
meen,4
mars,4
gene,4
migration,4
pool,4
triangle,4
layer,4
saints,4
majority,4
alemannische,4
nich,4
isle,4
mjks,4
reform,4
daadum,4
belsnickel,4
grimm,4
volksliedel,4
anthology,4
buschmelassich,4
nuff,4
schteffisbarrig,4
millcreek,4
gloischder,4
adler,4
englischer,4
worms,4
saar,4
kanadische,4
deitschlenner,4
motz,4
firma,4
baend,4
toews,4
filadelfia,4
chaco,4
moler,4
journalist,4
eiwannerer,4
farming,4
hutlerei,4
kepp,4
schmalz,4
karte,4
wikimapia,4
fei,4
seischwamm,4
ragguune,4
yacht,4
sirius,4
kleener,4
staat,4
dottie,4
upon,4
used,4
reprise,4
legends,4
know,4
islands,4
lies,4
uffgwaxe,4
sharon,4
sara,4
hilton,4
bekannd,4
egypt,4
wegge,4
fabrication,4
enger,4
metropolregioun,4
engem,4
technologie,4
elsässisch,4
elsässische,4
junge,4
fers,4
schulde,4
schaeffer,4
hessen,4
eschelbronn,4
landau,4
kusel,4
wiener,4
kloschder,4
bewegt,4
enn,4
schdadt,4
keine,4
muß,4
lothringen,4
dichter,4
gemeh,4
runs,4
lowhill,4
weeg,4
southern,4
pinnacle,4
alburtis,4
manatawny,4
deep,4
perkiomenville,4
maps,4
because,4
each,4
prospect,4
codorus,4
baltic,4
kapiddel,4
derre,4
iwwa,4
viecher,4
fille,4
allerlei,4
fliegende,4
jegliche,4
heilig,4
alsdann,4
eu,4
meinem,4
neatt,4
mieh,4
widda,4
gäwwe,4
carduelis,4
waldfischbach,4
bojalwe,4
nickel,4
hannes,4
braun,4
wem,4
lizzie,4
längin,4
martha,4
strasbourg,4
tena,4
jaahr,4
simeon,4
mohl,4
ba,4
yohra,4
leut,4
sort,4
bauereie,4
naddwescht,4
cabin,4
sebastian,4
elisabeth,4
ward,4
jahr,4
bereit,4
mennonitebischof,4
schtecke,4
graas,4
hof,4
bär,4
bey,4
sicher,4
cy,4
beet,4
ihrm,4
india,4
kazakhstan,4
eschdooni,4
griechenlen,4
iceland,4
rumeenie,4
botswana,4
sudan,4
yiddische,4
diese,4
etwa,4
stuttgart,4
istanbul,4
atatürk,4
sprooche,4
neuland,4
rosthern,4
chaotic,4
dode,4
hertz,4
schrifte,4
hoffmann,4
hunsrückisch,4
presidential,4
nominee,4
blumme,4
niederlaendische,4
hij,4
pp,4
gallewoch,4
ern,4
rouen,4
lothringisch,4
schauspielerin,4
brick,4
michel,4
josef,4
engel,4
hutt,4
feela,4
brigg,4
grafe,4
tsu,4
las,4
campo,4
duero,4
gelegen,4
zamora,4
els,4
krämer,4
phong,4
gedder,4
sege,4
drankopfer,4
med,4
rescht,4
opfer,4
urglaawisch,4
hadding,4
uncle,4
wodan,4
gehling,4
ennere,4
schtammt,4
bunnesbresident,4
ziebin,4
botsuana,4
genennd,4
gud,4
grubb,4
jetzd,4
winnder,4
gefahr,4
gouvernehr,4
doo,4
zeid,4
arme,4
ankemmlinge,4
zusamme,4
siedlunge,4
tuscarora,4
nassau,4
schbaya,4
bischuf,4
ner,4
beka,4
nam,4
zudchina,4
zee,4
cam,4
ranh,4
şalom,4
zeigt,4
santiago,4
hoiet,4
aehnlich,4
snallygaster,4
ingbert,4
boie,4
eyton,4
joerhonnert,4
guder,4
sul,4
jim,4
reagan,4
baamgaarde,4
mittwochs,4
januar,4
maplandia,4
siprage,4
mexikaanischer,4
amherst,4
schteddche,4
youtuber,4
risa,4
tsumugi,4
hachi,4
itō,4
holtzmann,4
derfe,4
bocuk,4
beatles,4
krimi,4
mohammad,4
meter,4
oro,4
gewe,4
keschte,4
heerscht,4
platz,4
werth,4
schornschtee,4
schpukt,4
hengt,4
nachts,4
krischtbaam,4
frisch,4
raetel,4
drinkt,4
däre,4
geischter,4
danse,4
batdorf,4
satan,4
fuhs,4
zwerge,4
rieha,4
fruehyohr,4
fraede,4
löschbare,4
auftragen,4
maschiene,3
allzwee,3
thun,3
weekly,3
review,3
muufment,3
identity,3
neechscht,3
zweibrucken,3
immigrants,3
macmaster,3
églises,3
ipa,3
vellicher,3
fuhremennischte,3
reformierte,3
zimmlich,3
common,3
geweehnlich,3
misch,3
entwickelt,3
aagnumme,3
yuuhse,3
gottesdienscht,3
direct,3
berner,3
eefach,3
deels,3
geographische,3
communication,3
poem,3
wollenweber,3
horne,3
summers,3
delong,3
pierce,3
arthur,3
graeff,3
russel,3
laudenslager,3
norman,3
hoffman,3
heffendrager,3
hammer,3
arner,3
jennifer,3
ben,3
mack,3
guy,3
pennsylfawnish,3
publisher,3
manager,3
schnitzelbank,3
drive,3
reggeboge,3
dutchman,3
mitgenumme,3
musiganter,3
brintzenhoff,3
schwadore,3
schalle,3
deitschie,3
tapes,3
kurpälzisch,3
harrisbarrig,3
neehr,3
ladienisch,3
heights,3
farms,3
huntingdon,3
grouse,3
blumm,3
dallas,3
mayor,3
senator,3
winfield,3
schpeeter,3
bloodhound,3
swift,3
teams,3
rockway,3
grebel,3
fresno,3
konferenz,3
kms,3
zaamegschlosse,3
mitaus,3
organisation,3
bayern,3
zweemol,3
event,3
pennsylvanisches,3
reader,3
harebscht,3
sammle,3
ariyets,3
tourists,3
indressante,3
jung,3
helmut,3
geldhewer,3
doris,3
roland,3
activities,3
lessons,3
muddy,3
speaking,3
reifsnyder,3
helene,3
iwwersetzt,3
aageduh,3
schteck,3
engle,3
koch,3
senior,3
shopping,3
schtund,3
mitnanner,3
robesonia,3
cds,3
heire,3
aardich,3
allegebott,3
bobbli,3
gas,3
machine,3
ieven,3
zwelf,3
froge,3
eenich,3
dihr,3
dutzend,3
dinger,3
belznickel,3
hexezeeche,3
gemolt,3
soweit,3
elbedritschlicher,3
gwisst,3
siwwezeh,3
naett,3
munder,3
fiere,3
kenneth,3
young,3
missions,3
ames,3
gegrindet,3
grinde,3
erreicht,3
bord,3
aagfiehrt,3
hessche,3
gege,3
effentliche,3
ruhr,3
gleen,3
neigunge,3
eisiedler,3
provintz,3
pensylvaniae,3
leipzig,3
denen,3
begehren,3
verschiedene,3
staten,3
nah,3
nennt,3
newburgh,3
davidsville,3
campus,3
susan,3
career,3
link,3
kaerper,3
lesser,3
complex,3
richardson,3
gallus,3
frucht,3
oiyer,3
schtall,3
fuder,3
haahne,3
graeher,3
yuust,3
zucht,3
unless,3
annerscht,3
vedderbortsch,3
zaam,3
car,3
iesi,3
hallichi,3
gezwitscher,3
baler,3
fleggel,3
computer,3
breddicherbuch,3
lukas,3
titus,3
yohannesbrief,3
stumptown,3
southside,3
alto,3
spanish,3
danville,3
truth,3
landisville,3
goodville,3
chestnut,3
nebraskaa,3
yost,3
gfaerebt,3
kappe,3
bannets,3
eegni,3
seth,3
weiser,3
clothing,3
missionary,3
aargau,3
rein,3
bade,3
bundeslenner,3
kaiserreich,3
wahle,3
friede,3
sisch,3
corporation,3
oper,3
georges,3
together,3
australia,3
fast,3
let,3
hogan,3
floor,3
trailer,3
absolutely,3
circus,3
dead,3
ever,3
rise,3
later,3
jam,3
lads,3
marian,3
flying,3
never,3
foot,3
fools,3
open,3
happened,3
daughter,3
harriet,3
boy,3
charlie,3
easy,3
entourage,3
teddy,3
knows,3
front,3
get,3
girls,3
cooper,3
lucy,3
inspector,3
benny,3
letterman,3
mad,3
maybe,3
martian,3
petticoat,3
patty,3
real,3
witch,3
saturday,3
sister,3
cincinnati,3
thing,3
beyond,3
kid,3
guide,3
read,3
ministry,3
col,3
singles,3
angel,3
aadler,3
terrier,3
cow,3
crane,3
eagle,3
setter,3
goat,3
pig,3
hawk,3
irish,3
kangaroo,3
locust,3
ray,3
persian,3
possum,3
prairie,3
quail,3
sheep,3
snake,3
spider,3
devil,3
tiger,3
warbler,3
schtanne,3
schneller,3
schpringe,3
boddel,3
maryie,3
vanne,3
gewisse,3
igelse,3
minanner,3
basst,3
kuh,3
dehinner,3
cocalico,3
holfe,3
kalemns,3
waldo,3
schtaart,3
kirche,3
geheert,3
calvary,3
lao,3
milverton,3
warden,3
wilmot,3
joliette,3
qc,3
rumpf,3
odda,3
erfweiler,3
legend,3
bauersfraa,3
schwer,3
rege,3
gnome,3
eile,3
sellerweg,3
eil,3
yaage,3
hewe,3
tschabb,3
glicklich,3
gehich,3
vereenichte,3
karrich,3
genaa,3
warrick,3
influence,3
chair,3
size,3
si,3
laysa,3
cove,3
southwest,3
mainland,3
nottawasaga,3
tuckersmith,3
mckillop,3
nichol,3
puslinch,3
guelph,3
ekfrid,3
aldborough,3
dunwich,3
council,3
advanced,3
rev,3
topton,3
downingtown,3
mail,3
keystone,3
secondary,3
shamokin,3
parti,3
fogelsville,3
biewel,3
unglick,3
verschtand,3
kaaft,3
drauss,3
monastery,3
execution,3
cut,3
wagon,3
turke,3
ziege,3
turks,3
kill,3
god,3
reason,3
making,3
kommt,3
steht,3
geschrieben,3
sollen,3
türken,3
gesagt,3
habe,3
wider,3
christen,3
frommen,3
nichts,3
dausand,3
waarde,3
guut,3
gschtarrewe,3
settele,3
schproocheilenner,3
taermin,3
sarasota,3
tazewell,3
lagrange,3
howard,3
fillmore,3
knox,3
geauga,3
ashland,3
bainbridge,3
northumberland,3
perry,3
brubaker,3
dakota,3
pendleton,3
marathon,3
claire,3
lafayette,3
orthodox,3
edmund,3
widderschtelle,3
verschpreche,3
taunschips,3
gepublisched,3
hymnal,3
ausgab,3
reynolds,3
helfer,3
schtell,3
sterling,3
newe,3
ripuarisch,3
lothrénger,3
freenkisch,3
drents,3
veluws,3
arbor,3
urbana,3
normal,3
smithville,3
pleasant,3
mo,3
trenton,3
rechts,3
anners,3
faekt,3
punt,3
flint,3
paw,3
schmeisse,3
catch,3
luscht,3
schaffen,3
schtaab,3
funne,3
seifass,3
rollt,3
koche,3
dings,3
waahr,3
zwanzich,3
benedict,3
ennich,3
original,3
langer,3
gtv,3
sporting,3
germansville,3
dieb,3
fremm,3
schwetz,3
lehne,3
unnerschittlich,3
schuldich,3
gschtorwe,3
gfaahre,3
kaz,3
bariye,3
schwartz,3
eicher,3
victor,3
linguistics,3
cfl,3
moravian,3
evangelische,3
americana,3
sutter,3
springs,3
chimney,3
vorderpalz,3
unsa,3
erlees,3
heerd,3
heilich,3
wille,3
nit,3
ewichkeit,3
brauche,3
genau,3
unsre,3
kriet,3
isser,3
rhoi,3
vadderland,3
supreme,3
québécois,3
kolwe,3
aller,3
alsfatt,3
schaff,3
hallich,3
greesser,3
auslenner,3
ballidische,3
grenze,3
deitschlennische,3
stadium,3
code,3
werbespot,3
commercial,3
kitchen,3
movement,3
arrewet,3
sunndaagschuhl,3
conservatives,3
terrell,3
garcia,3
geschpielt,3
boisclair,3
keebeck,3
harvard,3
heecher,3
beede,3
universal,3
zehlt,3
dumme,3
vision,3
french,3
bar,3
le,3
kilometers,3
shdedel,3
hock,3
vayk,3
kaysa,3
brooklyn,3
bronx,3
manhattan,3
atglen,3
martinsburg,3
philippi,3
blick,3
brenneman,3
progressive,3
matter,3
might,3
era,3
eagles,3
gottlieb,3
grossfadder,3
distance,3
after,3
wife,3
guardian,3
owned,3
bichlin,3
wesch,3
seeme,3
rer,3
gelebt,3
kunscht,3
ennihau,3
metropolregion,3
neckar,3
gemääneraat,3
ergebnis,3
fwg,3
lead,3
vir,3
vas,3
solcher,3
bibliographie,3
oyer,3
bavaria,3
harmony,3
gschtudiert,3
gwinner,3
kiwwel,3
blug,3
zell,3
hanson,3
affis,3
landkord,3
borough,3
works,3
moritz,3
detweiler,3
why,3
waynesboro,3
nohch,3
esst,3
reese,3
landmark,3
daed,3
allerdings,3
henke,3
schtofft,3
military,3
fom,3
gedrei,3
vermont,3
colorado,3
arizona,3
bridges,3
mao,3
beijing,3
marrickwaddiche,3
ching,3
steffisburg,3
lutherischer,3
lp,3
test,3
tschunn,3
quakers,3
dunker,3
epper,3
muhlenberg,3
universities,3
ruhich,3
halle,3
bodde,3
zippelkapp,3
mp,3
kumpni,3
kinnerbichli,3
rausgewwe,3
förderkreis,3
yaehrlich,3
gmeenerhand,3
paelzische,3
maintenance,3
academic,3
zwischen,3
pennsylvaniadeutsche,3
historian,3
these,3
rohrer,3
ebertsheim,3
grown,3
example,3
expanded,3
wordpress,3
hwd,3
than,3
trier,3
staaten,3
rostock,3
sticker,3
market,3
difference,3
meant,3
viroqua,3
baamscheer,3
bolivien,3
ursache,3
wert,3
automatic,3
tietscher,3
brillt,3
kitzel,3
heer,3
carrollton,3
humansville,3
schtaar,3
song,3
purple,3
poor,3
fink,3
dry,3
schtehne,3
fehler,3
sumiswald,3
gkaaft,3
jamesport,3
readstown,3
montevideo,3
external,3
fritz,3
fv,3
erfolge,3
pierre,3
unnerschtitze,3
braucht,3
schpeicher,3
pinecraft,3
pulaski,3
kahoka,3
anabel,3
geseet,3
owen,3
folgen,3
ersten,3
herum,3
kleine,3
fragt,3
halber,3
taller,3
sollt,3
müssen,3
indians,3
heess,3
nicaragua,3
bahamas,3
puerto,3
monaco,3
ladeinisch,3
darvin,3
families,3
assessing,3
goods,3
ch,3
pfälzisches,3
acid,3
reprint,3
episcopal,3
fliege,3
ghalde,3
karriche,3
ocean,3
cpt,3
iraq,3
ron,3
uffbaue,3
aare,3
coneschtoga,3
niederland,3
epp,3
chris,3
former,3
schoolly,3
tracks,3
reservoir,3
runner,3
thumb,3
mays,3
schtengel,3
holz,3
hartmann,3
naie,3
domols,3
uefa,3
mailand,3
websaid,3
business,3
schpootyaahr,3
paelzisch,3
globbt,3
uffgucke,3
phillip,3
xiv,3
vazzeh,3
ebersole,3
mattie,3
factory,3
yetzt,3
verweise,3
southeast,3
wei,3
wass,3
ra,3
yedoch,3
vögel,3
aussicht,3
trage,3
writings,3
afganischtaan,3
altschieri,3
grense,3
sautoscht,3
kaiser,3
münchen,3
zaamekumme,3
somaali,3
tschameeki,3
bush,3
riepubliken,3
tschuuse,3
eemer,3
herbei,3
sewing,3
rhythm,3
friehere,3
ten,3
historians,3
info,3
allerhand,3
spades,3
moond,3
niwwer,3
gezoge,3
freindlich,3
weist,3
ääbelsm,3
waxe,3
hickerniss,3
kallstadt,3
ketchup,3
dreen,3
meening,3
judeo,3
vfr,3
kap,3
uffschdieg,3
nürnberg,3
annville,3
theologie,3
francke,3
beschtimmt,3
spogell,3
spongell,3
archives,3
translation,3
request,3
non,3
considered,3
gaussian,3
areostationary,3
areosynchronous,3
mormon,3
havel,3
susquehannock,3
weschte,3
prayer,3
laat,3
daut,3
hunnich,3
lo,3
hundli,3
weinstraße,3
leaders,3
gemeene,3
lehnt,3
schweschdere,3
welsch,3
crop,3
buschel,3
richder,3
wheel,3
aarmut,3
drinke,3
fux,3
dindebeer,3
unni,3
gsucht,3
versammlingshaus,3
european,3
gepublischt,3
schpiggel,3
ceremonial,3
gheere,3
parallel,3
kiss,3
daat,3
meeninge,3
ennichebber,3
les,3
glocke,3
ferdinand,3
liste,3
gary,3
boquerón,3
geile,3
heemelt,3
lenape,3
jahre,3
reserve,3
essay,3
farmers,3
aarau,3
kleinfeltersville,3
comedian,3
channel,3
protests,3
ondre,3
joer,3
grindt,3
publisht,3
toby,3
domitian,3
ireland,3
tod,3
aarm,3
etc,3
leg,3
schteif,3
rhyme,3
houston,3
albums,3
ruby,3
roads,3
solo,3
turn,3
shine,3
number,3
condition,3
motion,3
away,3
law,3
glory,3
thought,3
mine,3
creedence,3
fogerty,3
martina,3
pam,3
tillis,3
memphis,3
randy,3
travis,3
zant,3
tanya,3
beautiful,3
arafat,3
abd,3
ballidischer,3
bedracht,3
beike,3
geegge,3
bevëlkerung,3
grouss,3
méi,3
natioun,3
stellt,3
zentrum,3
gréisste,3
sengem,3
beräich,3
goufen,3
liewen,3
any,3
elsässerdeitsch,3
naddlich,3
schwetzte,3
gesellschaft,3
grundsei,3
haaptmann,3
ewwerscht,3
laaft,3
draage,3
brunne,3
franken,3
dow,3
jones,3
drumm,3
nikolaus,3
ugfähr,3
besetzd,3
annekdierd,3
bayerische,3
rheinkreis,3
ens,3
gwesst,3
middelpunktlich,3
dodemit,3
gewebbgeleecher,3
begriff,3
rauskumme,3
ihren,3
selbst,3
woi,3
werdde,3
dié,3
vosges,3
johrhunnert,3
townships,3
coopersburg,3
running,3
hossesack,3
hosensack,3
lyon,3
southward,3
bernville,3
dale,3
path,3
palm,3
boundary,3
schpring,3
ontelaunee,3
millbach,3
when,3
sollfard,3
molasses,3
lived,3
geryville,3
schtinkgrick,3
dutchmen,3
allentaun,3
rockhill,3
freedom,3
beck,3
feature,3
came,3
sahara,3
schuf,3
gwordde,3
finschternis,3
sicht,3
scheine,3
beherrsche,3
gsetzt,3
gsegnet,3
fruchtbar,3
mehrt,3
lasse,3
iwweraal,3
gi,3
richtung,3
gingt,3
mutter,3
ksawt,3
bawm,3
saache,3
hernach,3
kanzler,3
schbäda,3
kriesem,3
där,3
egsaempel,3
heh,3
vebandsgemää,3
ortsgemääne,3
han,3
fischbach,3
mae,3
kennde,3
barefoot,3
partei,3
freie,3
druckblatz,3
kartografie,3
topozone,3
terraserver,3
microsoft,3
virtual,3
earth,3
schtroosse,3
bergstrasse,3
fetter,3
hooley,3
mosie,3
annie,3
gschtaerwe,3
bena,3
lebens,3
schärding,3
age,3
shetler,3
dina,3
stefan,3
sylvanus,3
gabora,3
shtorva,3
krishdawg,3
mam,3
wan,3
rappelt,3
blessier,3
pforzheim,3
heemat,3
darreflin,3
scharf,3
zart,3
wurd,3
dahin,3
ew,3
reicher,3
haupt,3
dar,3
lorenz,3
boots,3
canoe,3
baer,3
quest,3
greizweg,3
wahrscheinlich,3
schnuppduch,3
dockter,3
wetzel,3
maus,3
kees,3
sugar,3
uffguckbichli,3
suriname,3
montenegro,3
benin,3
ivory,3
coast,3
madagascar,3
tschibuti,3
zimbabwe,3
neue,3
göttingen,3
emil,3
dans,3
turkisch,3
provinzen,3
mustafa,3
finf,3
besonners,3
gelegge,3
gings,3
haert,3
agfange,3
sommerfelder,3
percent,3
rand,3
parliament,3
brazil,3
schrob,3
gepubliziert,3
kayak,3
witmarsum,3
hawai,3
gutknecht,3
knopf,3
indianapolis,3
täus,3
hai,3
niederlaendisch,3
thuis,3
taal,3
karfreidaag,3
friday,3
own,3
endli,3
massacre,3
gallery,3
teheran,3
republika,3
rom,3
irisch,3
smucker,3
gameo,3
berkeley,3
calhoun,3
erlaubt,3
harrison,3
nett,3
musée,3
historie,3
sids,3
bedeit,3
lisa,3
evangelisch,3
schpeder,3
auguschd,3
zwädde,3
dom,3
villar,3
gormaz,3
aldes,3
pretoria,3
gemeindezentrum,3
blaschder,3
hend,3
kisse,3
schuhmacher,3
uffgschriwwe,3
scheib,3
inschtatts,3
bundel,3
brasilia,3
bekannte,3
ke,3
colombia,3
congo,3
laos,3
malawi,3
heemetbledder,3
volksaage,3
holle,3
mitdiener,3
autumn,3
frigg,3
vorsitzer,3
hollerbeer,3
helsinki,3
filled,3
blobarrickgrat,3
bsunne,3
verzehle,3
hundpack,3
beginnt,3
dauert,3
schluss,3
roll,3
allelieweziel,3
tyr,3
dossenheim,3
gedderin,3
teutonic,3
translated,3
deities,3
geheirad,3
wittenberg,3
charlotta,3
winchenbach,3
reiche,3
gekennd,3
vleisch,3
schiffe,3
pech,3
marine,3
middlere,3
nebst,3
zweite,3
außführlich,3
umständlicher,3
berühmten,3
engelländischen,3
kocherthalern,3
franckfurt,3
mäyn,3
oehrling,3
seiten,3
auß,3
eines,3
familien,3
wappenkunde,3
ndb,3
keenichin,3
bleech,3
zahle,3
romanisch,3
gonzi,3
oogfange,3
hodda,3
gonze,3
gonz,3
sogaa,3
awwee,3
hee,3
gribda,3
agnes,3
frai,3
architecture,3
roger,3
medieval,3
label,3
schproochfamilye,3
malcolm,3
magic,3
kerch,3
kyoto,3
bimmen,3
tan,3
nhat,3
hoa,3
phan,3
thiet,3
bac,3
lam,3
amadeus,3
cl,3
lopez,3
angels,3
isoglosse,3
ungefähr,3
geographischi,3
geschichde,3
bereids,3
römerzeid,3
kalsberg,3
lenzing,3
wonnet,3
muun,3
freya,3
flink,3
währung,3
kittatinny,3
tunnel,3
salvadori,3
bonaparte,3
gewebblinks,3
ali,3
pleiku,3
curitiba,3
motörhead,3
frankräich,3
benotzt,3
niccolò,3
cusano,3
oslo,3
janeiro,3
grande,3
łobez,3
riewedaag,3
roubaix,3
šiprage,3
bosna,3
doberan,3
sies,3
gangsta,3
leon,3
williamschteddel,3
groossordich,3
insel,3
kenmore,3
cheektowaga,3
hartford,3
beecher,3
edirne,3
achtris,3
gustav,3
frauenbewegung,3
merk,3
abba,3
toosi,3
besten,3
außerordentlicher,3
edelstol,3
stol,3
entropi,3
energie,3
buedem,3
binomio,3
vallenato,3
dady,3
kanscht,3
treibt,3
ruhls,3
lerne,3
darch,3
verloss,3
juschtement,3
gelernt,3
heile,3
leed,3
haw,3
schmerz,3
krischdag,3
samschdag,3
drunnel,3
kindheets,3
kerchhof,3
hitz,3
wohnt,3
immerfort,3
vegel,3
tool,3
ewigkeit,3
dunkle,3
heil,3
gen,3
sanft,3
marriye,3
freht,3
dschent,3
bungert,3
sellmol,3
bal,3
ewe,3
biwel,3
betroge,3
biet,3
schpaaren,3
schwitzt,3
werri,3
dhaler,3
rigel,3
gab,3
weint,3
seite,3
rleicht,3
baehm,3
bluehe,3
schoene,3
schoener,3
lobe,3
sollten,3
lassen,3
bevorzugt,3
calella,3
diehn,2
schwatzi,2
decher,2
groh,2
gaelles,2
attlich,2
differnt,2
wisch,2
grupps,2
halten,2
meeglieder,2
chaux,2
mömpelgard,2
establishment,2
weeyich,2
renno,2
évangéliques,2
aeemf,2
women,2
pleene,2
limited,2
saches,2
leckdrick,2
emter,2
authority,2
preacher,2
generations,2
deweehe,2
klasse,2
nouns,2
ebaat,2
ausgfunne,2
neecher,2
siedlers,2
unnerschidd,2
elsässer,2
differnte,2
banner,2
aernt,2
schnawel,2
gwaxe,2
table,2
naadlich,2
supposed,2
beitrag,2
entstehung,2
zeitschrift,2
literatscher,2
aandem,2
tobias,2
rauch,2
moll,2
swope,2
troxell,2
buehler,2
wieand,2
horst,2
irvin,2
klinger,2
albrecht,2
savidge,2
linda,2
rader,2
riegel,2
dawn,2
naomi,2
phares,2
grube,2
scholars,2
reichard,2
host,2
writer,2
volksglaawe,2
goshenhoppen,2
greenbriar,2
heffentrager,2
betty,2
naftzinger,2
blandon,2
materials,2
stuff,2
biedt,2
pennsilfaanischer,2
protestant,2
baptist,2
presbyterian,2
williamsport,2
schlimmschte,2
cold,2
forest,2
clarion,2
greene,2
ruffed,2
dane,2
brook,2
forell,2
umgeziffer,2
declaration,2
independence,2
elft,2
homeland,2
eugene,2
deputy,2
education,2
myuusik,2
aguilera,2
joan,2
pink,2
nine,2
roots,2
organisations,2
schools,2
collegiate,2
menonita,2
conferences,2
chortitzer,2
holdeman,2
sommerfeld,2
alttäufer,2
arbeitsgemeinschaft,2
unterstützung,2
webb,2
mennonitischer,2
neiigkeetebrief,2
gehle,2
uffzuhenke,2
altes,2
events,2
tiefel,2
contacts,2
helfrich,2
adolf,2
outstanding,2
schulmeeschtern,2
ferschur,2
meeting,2
mansion,2
glapperbax,2
edith,2
behiede,2
margaret,2
joyce,2
hassler,2
stella,2
stump,2
messner,2
retirement,2
heemete,2
manuscript,2
dc,2
matthew,2
concerts,2
gebiete,2
volkslieder,2
wuhn,2
doktor,2
lawyer,2
griesse,2
grememm,2
memories,2
gebracht,2
uffgmacht,2
auskumme,2
gebreiche,2
wieschter,2
gebrauch,2
lodsches,2
abg,2
lewendich,2
schtoris,2
volkskultur,2
groundhog,2
gelthaver,2
meck,2
forrest,2
kalta,2
tony,2
shelly,2
beind,2
magowi,2
neine,2
timothy,2
tulpehocken,2
barry,2
fimfe,2
pfaelzische,2
masse,2
eiwanderung,2
werbe,2
concord,2
aakunft,2
menschde,2
nachkumme,2
eiwanderer,2
selles,2
garret,2
kolonie,2
wilhlem,2
neies,2
schulmeschder,2
bschreibung,2
umständige,2
allerletzt,2
erfundenen,2
vermutlich,2
gabriel,2
gräntzen,2
americae,2
erscheint,2
vorgelegte,2
abreiß,2
teutschland,2
obigem,2
lande,2
ertheiltet,2
kontinent,2
zieghe,2
abbaddich,2
direkt,2
hochdeitscher,2
weschtliche,2
deitschedaal,2
neiburg,2
beide,2
selinsgrove,2
sheaffer,2
findt,2
greater,2
interior,2
veggelvieh,2
feiche,2
ike,2
mennlich,2
bergsche,2
pohinkel,2
guckkaschde,2
broadcaster,2
tenna,2
haasohre,2
cable,2
schpende,2
betdaag,2
sche,2
kaer,2
verdarrewe,2
daeh,2
nationale,2
waddefresser,2
teschdament,2
schpriche,2
yerrimiehe,2
korrintherbrief,2
tessalannicherbrief,2
timmodeeus,2
peetrus,2
funkeleit,2
welsh,2
stony,2
seventh,2
shade,2
hispanic,2
nanticoke,2
mountville,2
mellinger,2
marietta,2
elizabethtown,2
byerland,2
blossom,2
agape,2
samual,2
schpalding,2
rufus,2
kiddel,2
sunndaags,2
schaffdaage,2
unnerrock,2
noochem,2
heiraat,2
winderzeit,2
gedeckt,2
yedi,2
mangammri,2
beschteht,2
gmarrickt,2
fusions,2
rüfenach,2
boniswil,2
rotteschwil,2
seon,2
wislikofe,2
meisterschwande,2
würelos,2
niederwil,2
staffelbach,2
wohleschwil,2
oberwil,2
lieli,2
wohle,2
bünze,2
künte,2
zofige,2
villige,2
gäbistorf,2
arni,2
islisberg,2
bulgarie,2
türkei,2
flugzeuge,2
finnland,2
soffjettunion,2
lettland,2
volksabschdimmung,2
telegraph,2
wissenschaft,2
uruffiehrung,2
carmen,2
konstantinopel,2
korz,2
tokyo,2
mehrere,2
parody,2
double,2
fist,2
forward,2
vicar,2
four,2
hangin,2
kids,2
mercer,2
royal,2
farce,2
minutes,2
allo,2
served,2
goes,2
birds,2
fortune,2
empire,2
cannon,2
ringers,2
drop,2
donkey,2
ted,2
fine,2
romance,2
mum,2
apart,2
keep,2
keeping,2
gentlemen,2
eat,2
merry,2
python,2
twain,2
grave,2
horses,2
hours,2
return,2
week,2
watching,2
yes,2
dogs,2
teenage,2
addams,2
richter,2
universe,2
arrested,2
beulah,2
cosby,2
newhart,2
bernie,2
carol,2
charge,2
critic,2
danny,2
dyke,2
different,2
electric,2
ellen,2
nest,2
evening,2
fish,2
storm,2
gidget,2
break,2
happy,2
herman,2
heroes,2
joey,2
sanders,2
riley,2
boat,2
returns,2
margie,2
hartman,2
navy,2
mister,2
monk,2
favorite,2
nanny,2
leave,2
couple,2
operation,2
junction,2
rowan,2
sanford,2
maxwell,2
wonder,2
soap,2
step,2
taxi,2
close,2
screen,2
oscar,2
much,2
rocky,2
planet,2
galaxy,2
minute,2
steel,2
lark,2
active,2
roses,2
format,2
audience,2
cellular,2
placozoa,2
puskes,2
oll,2
kroenogow,2
brassa,2
alpaca,2
badger,2
beetle,2
widow,2
bulldog,2
caribou,2
chickadee,2
chipmunk,2
coral,2
crab,2
fly,2
cuckoo,2
daddy,2
dove,2
egret,2
falcon,2
finch,2
flea,2
bat,2
panda,2
squid,2
monster,2
retriever,2
goldfinch,2
hare,2
horse,2
mouse,2
rat,2
kingfisher,2
leopard,2
lizard,2
lynx,2
mammal,2
monkey,2
mosquito,2
moth,2
octopus,2
sheepdog,2
ostrich,2
ox,2
pigeon,2
poodle,2
raccoon,2
rainbow,2
salmon,2
slug,2
skunk,2
snail,2
turkey,2
vampire,2
wren,2
wahr,2
weeschte,2
schlage,2
middaagesse,2
verbeigange,2
kleeder,2
doher,2
schebbe,2
lach,2
gewett,2
gwetscheschnaps,2
aagenumme,2
langsam,2
verlosst,2
warr,2
heemkumme,2
henk,2
brauchscht,2
rufscht,2
annekumme,2
gelegt,2
dreibt,2
daageslicht,2
nochberschaft,2
indresse,2
yuse,2
derno,2
schtudiere,2
mcgill,2
middlebury,2
altenglisch,2
hershey,2
waddebicher,2
newebei,2
gedriwwe,2
zammegrickt,2
ausgewwe,2
kumraade,2
gudie,2
pennsilvaani,2
marcus,2
bachman,2
words,2
context,2
artikel,2
arick,2
schemmt,2
luthrisch,2
deitsches,2
kan,2
headquarters,2
elora,2
bloomingdale,2
monetville,2
stouffville,2
millbank,2
zorra,2
floradale,2
harrow,2
hawkesville,2
hunta,2
listowel,2
poole,2
shantz,2
agatha,2
etobicoke,2
église,2
évangelique,2
rawdon,2
elwedritsch,2
plural,2
fahwlwese,2
fumm,2
tiefebene,2
odewald,2
gild,2
elwedritschebrunne,2
gibd,2
weller,2
dahn,2
funnde,2
heddn,2
werrn,2
beschriwwe,2
iahr,2
gebrauche,2
meischdens,2
rumg,2
hecke,2
schpoot,2
gebroche,2
schtoppt,2
beguckt,2
fairies,2
keiz,2
kenns,2
ausg,2
eilaading,2
schluppt,2
heitesdaags,2
ladanne,2
zumache,2
gedrunke,2
mitte,2
mittelweschte,2
dadarrich,2
daheem,2
schtross,2
schiergar,2
anglo,2
schrpoch,2
germanist,2
gemerkt,2
revitalization,2
plattdietsch,2
kontakte,2
schrpochbewegung,2
gordon,2
immigrant,2
revived,2
kontakt,2
blattdeitscherei,2
ffffff,2
valign,2
cceee,2
vertical,2
align,2
colspan,2
height,2
cellpadding,2
vatt,2
shprohch,2
kshvetzt,2
shtayts,2
shvetsa,2
voahra,2
unsah,2
confederation,2
inverness,2
bràigh,2
mira,2
mhira,2
sydenham,2
glenelg,2
scottish,2
celtic,2
crafts,2
impact,2
tribute,2
lutterschmidt,2
evergreen,2
ku,2
fred,2
fritch,2
elementary,2
comcast,2
lehman,2
classes,2
available,2
willard,2
franc,2
schwalm,2
zettlemoyer,2
claussville,2
kalona,2
sehe,2
neemlich,2
hazel,2
student,2
nausgewwe,2
annotated,2
bibliography,2
schrecklich,2
barick,2
sylvia,2
idea,2
herold,2
temple,2
hebreeisch,2
confession,2
sentence,2
shall,2
iron,2
tear,2
pieces,2
burn,2
arch,2
hände,2
abschneide,2
wagen,2
seinen,2
leib,2
daselbst,2
zwei,2
mal,2
griffe,2
geben,2
widderschtand,2
sollscht,2
verfollyer,2
fromme,2
rechder,2
against,2
saying,2
rather,2
christians,2
persecute,2
pious,2
according,2
witnesses,2
exodus,2
widerstand,2
töten,2
lieber,2
rechter,2
weiß,2
verfolgt,2
geist,2
deweil,2
protestants,2
rhine,2
foreign,2
verschproche,2
merlegash,2
crops,2
gaerschde,2
grummbeere,2
uffgschterdt,2
fischerei,2
revoluschen,2
wehe,2
cook,2
newton,2
cline,2
showalter,2
anderson,2
kentucky,2
todd,2
casey,2
minnesota,2
cattaraugus,2
steuben,2
seneca,2
herkimer,2
butler,2
richland,2
mayes,2
juniata,2
lycoming,2
lobelville,2
sauk,2
elgin,2
haldimand,2
municipality,2
saxonische,2
ethelred,2
deenische,2
gnut,2
gron,2
vii,2
viii,2
schtuart,2
seilewe,2
allegiance,2
taex,2
hymns,2
liedbichli,2
anschtatt,2
teshtament,2
karreber,2
eegent,2
schtelle,2
mcfarland,2
blockhaus,2
walt,2
althoochdeitsch,2
uffbau,2
owwer,2
elsessisch,2
badisch,2
bairisch,2
jiddisch,2
pelzisch,2
westmosellothringisch,2
niedlothringisch,2
saarlothringisch,2
oost,2
feelisch,2
vlaams,2
niederrheinisch,2
oostnedderfranksch,2
afrikaans,2
asian,2
carlock,2
comins,2
evanston,2
berne,2
champaign,2
pandora,2
hively,2
peoria,2
danvers,2
paoli,2
salem,2
shalom,2
va,2
kennscht,2
eiropeesch,2
waade,2
schtandaard,2
sunner,2
veggle,2
aanfang,2
elf,2
ruuls,2
beeschpiel,2
cis,2
leinmann,2
lineman,2
huddle,2
bump,2
schaufel,2
ausbutze,2
swing,2
flaett,2
play,2
kicke,2
wochelang,2
gepiffe,2
aryets,2
scharrt,2
gezarrt,2
schparrt,2
misst,2
rufe,2
hinnenoh,2
deeg,2
kischt,2
schwumme,2
abbeditt,2
hungrich,2
kalls,2
sellemols,2
naehr,2
tall,2
gsund,2
almenrausch,2
buren,2
lansdale,2
hungarian,2
hilltown,2
liederkranz,2
manheim,2
po,2
dah,2
brenner,2
kern,2
marvin,2
baerricks,2
faahr,2
devor,2
beschur,2
schtehle,2
wadd,2
wunnert,2
paint,2
sink,2
baby,2
laude,2
zehl,2
maedel,2
mieller,2
niederglosse,2
paertner,2
bischeef,2
gegen,2
waahl,2
dietsch,2
wunne,2
friehe,2
heitzedaags,2
delagrange,2
sports,2
division,2
skydome,2
heitedaags,2
african,2
longenecker,2
wilbur,2
chocolate,2
dairy,2
bakery,2
bekannde,2
vergleich,2
hochschprooch,2
inlaut,2
weschtpalz,2
saarpalz,2
bsonders,2
deelweis,2
groß,2
vorderpälzisch,2
doi,2
nåme,2
reisch,2
vergebb,2
vergeb,2
herrschaft,2
herrlichkeit,2
willsch,2
basseere,2
unrecht,2
brod,2
biss,2
bezirksverband,2
kommunal,2
ähnlich,2
bv,2
napoleon,2
gschischt,2
wappe,2
schwarz,2
folgende,2
bleibscht,2
liewes,2
independance,2
commons,2
trudeau,2
parties,2
fremmi,2
seck,2
gewehnlich,2
aafangs,2
aern,2
meehe,2
schpotyaahr,2
bascht,2
laab,2
greider,2
seider,2
lewesmiddel,2
schpeck,2
schneet,2
dauere,2
standarddeutsch,2
democracy,2
eiropeeische,2
fdp,2
heidige,2
shtadt,2
gmayshaft,2
verbs,2
sense,2
adverbs,2
location,2
ont,2
heemede,2
inschted,2
eben,2
ezer,2
kelowna,2
cowboys,2
ers,2
alabama,2
wide,2
chattanooga,2
keebecker,2
environement,2
weecher,2
soft,2
referendum,2
frooge,2
andwadde,2
gelesst,2
dummheit,2
verennering,2
glaar,2
linguistic,2
linguists,2
smolensky,2
interest,2
syntax,2
lexical,2
verbunne,2
concept,2
erfolk,2
result,2
conflict,2
constraint,2
gwinne,2
saag,2
waart,2
iwwerdem,2
drieb,2
kelt,2
fress,2
voller,2
kaemt,2
thirty,2
ste,2
aux,2
blough,2
colmar,2
meuse,2
pays,2
schtubb,2
schulmeeschder,2
genealogy,2
bobbelmaul,2
neint,2
nadda,2
oom,2
piewittitie,2
mariyeschtick,2
verweilt,2
gell,2
waehle,2
dricks,2
waerscht,2
dinscht,2
bezahlt,2
nu,2
bowman,2
christlich,2
logan,2
deitsha,2
kyuust,2
birch,2
friendship,2
phoenixville,2
insbesondere,2
wobei,2
einige,2
somit,2
yaarde,2
deitlich,2
deren,2
barrville,2
reedsville,2
hollsopple,2
accident,2
hyattsville,2
masontown,2
wv,2
grantsville,2
oschdrand,2
schweige,2
siede,2
heegschde,2
kalmit,2
mittelalter,2
feschd,2
webcam,2
kamera,2
left,2
alone,2
entire,2
throughout,2
sure,2
persented,2
essays,2
documents,2
shed,2
denver,2
limet,2
zürisee,2
schtehe,2
urschprung,2
multiculturali,2
lions,2
attractions,2
vorvadder,2
zweebricke,2
saxony,2
grosskind,2
graveyard,2
side,2
daughters,2
containing,2
gemein,2
benuel,2
sammlung,2
partnership,2
schpaare,2
lood,2
huree,2
waahrhaft,2
elend,2
ausgemacht,2
gewesst,2
behaabt,2
flett,2
cajun,2
bewegung,2
layton,2
gst,2
verglennere,2
glenne,2
daade,2
heef,2
folgendes,2
gemää,2
zerickghaldener,2
minded,2
since,2
neschter,2
blieb,2
ruft,2
schwewe,2
schtrom,2
dragt,2
schmatz,2
lobesang,2
loben,2
haust,2
zusammen,2
deiner,2
maegen,2
hunger,2
unserm,2
fromm,2
stund,2
rehrersbarrig,2
guudes,2
kummscht,2
eenzich,2
duhscht,2
gehscht,2
choc,2
schteife,2
fenschtre,2
glatt,2
brau,2
trash,2
heaven,2
sauder,2
gschpraengt,2
hannah,2
single,2
brother,2
flame,2
hinnerseit,2
poscht,2
deele,2
jenkins,2
shirk,2
jno,2
jas,2
robt,2
wm,2
hurst,2
commerce,2
patriot,2
burkey,2
hershberger,2
pawnee,2
jacksonville,2
tamaqua,2
ruheschtand,2
virschinie,2
cousin,2
fasammlinghaus,2
urschprunge,2
tourist,2
norway,2
tlingit,2
highway,2
altona,2
blumenort,2
kleefeld,2
neuhorst,2
osterwick,2
winkler,2
verwandschaft,2
wesst,2
schwoger,2
eise,2
selwerschtendich,2
freiheet,2
fuffzich,2
rhode,2
utah,2
hawaii,2
volksland,2
zedong,2
shanghai,2
hong,2
kong,2
aut,2
zwe,2
manne,2
froue,2
person,2
verena,2
plees,2
hochschule,2
barrick,2
luthrischer,2
myschdiker,2
eiwanderungs,2
beastie,2
licensed,2
boutique,2
schwere,2
gschtimmt,2
sound,2
pattern,2
noam,2
chomsky,2
structure,2
linear,2
tier,2
editions,2
seifleesch,2
loos,2
mennlichi,2
bulk,2
tanks,2
propane,2
hydraulic,2
brakes,2
hurd,2
practices,2
brieflin,2
springer,2
schklaaf,2
fortsch,2
wagner,2
clothes,2
wammes,2
bannet,2
kapies,2
bsucher,2
blog,2
tintenfass,2
struwwelpeter,2
kulturbeziehungen,2
ausland,2
pfälzischer,2
those,2
spoken,2
been,2
developments,2
published,2
ultimate,2
linguist,2
devoted,2
sent,2
founded,2
readership,2
succeeded,2
amischen,2
bietet,2
newspapers,2
began,2
next,2
allows,2
started,2
transnational,2
based,2
interests,2
control,2
evident,2
personal,2
need,2
readers,2
post,2
electronic,2
globe,2
natalia,2
maier,2
contribution,2
susanne,2
gütermann,2
writing,2
help,2
analyse,2
contemporary,2
masterarbeit,2
dresden,2
marketing,2
hartzler,2
sadly,2
wasn,2
eeschde,2
cm,2
lenge,2
ast,2
newburg,2
hutterisch,2
schprocheilenner,2
notwennich,2
jehtig,2
gekleppert,2
pepin,2
mondovi,2
durand,2
ethridge,2
feeder,2
erschtmolig,2
frankford,2
schipbach,2
heidzudaags,2
sogenannde,2
teetscher,2
schuhlmiss,2
schunnscht,2
marys,2
mechanicsville,2
audrain,2
schtaende,2
maagscht,2
bosse,2
burkes,2
sparrow,2
male,2
nut,2
blovoggel,2
schnarrvoggel,2
brummvoggel,2
hunnichvoggel,2
wood,2
schpecht,2
barn,2
coot,2
ende,2
lege,2
winterzeit,2
pontotoc,2
grummler,2
nackich,2
siggaretts,2
zuvor,2
reggert,2
schmaerde,2
schtrosse,2
grumm,2
calumet,2
jerry,2
mason,2
letart,2
schmuck,2
fck,2
issen,2
spielt,2
hodd,2
phönix,2
ausm,2
zammeschluss,2
entschdanne,2
fg,2
athens,2
seymour,2
dubuc,2
faekdris,2
garrett,2
winders,2
diefe,2
sang,2
unsrer,2
rexford,2
clarita,2
pisum,2
sativum,2
domesticated,2
arrebse,2
geblanst,2
linse,2
libby,2
meyer,2
treyer,2
spielen,2
sagte,2
schleicht,2
tür,2
darin,2
liegen,2
lächelt,2
niemands,2
heim,2
nehmen,2
darf,2
hast,2
darfen,2
shawinigan,2
mulroney,2
blanz,2
fassere,2
verdeele,2
gschwunge,2
leiniche,2
nehr,2
zaahm,2
gegraebt,2
saddel,2
epata,2
alters,2
glenner,2
legal,2
statute,2
denowet,2
geography,2
kinneryaahre,2
niederlande,2
königreich,2
costa,2
rica,2
guatemala,2
kuba,2
salvador,2
singapore,2
moldau,2
munete,2
hongkong,2
philippinen,2
slowenien,2
rico,2
kuwait,2
malaysia,2
mauritius,2
nigeria,2
turkmenistan,2
uganda,2
bangladesh,2
vatikan,2
irak,2
haiti,2
zealand,2
griegschprooch,2
maddemadiks,2
humanities,2
bloomington,2
tax,2
accord,2
cell,2
grienes,2
deitschschprochige,2
schreibweis,2
hochdeutsch,2
bäretswil,2
nucleic,2
verantwattlich,2
grankheide,2
syrup,2
versuch,2
exeembels,2
awwe,2
letter,2
doug,2
commentator,2
diego,2
probably,2
degrees,2
experience,2
programs,2
kaundisitz,2
sider,2
speech,2
dewehe,2
loire,2
alternative,2
sarglos,2
sup,2
zaahme,2
barrda,2
tell,2
blockeschteddel,2
migratorius,2
aard,2
merula,2
flyers,2
maetsch,2
rapper,2
verlaafe,2
gangster,2
smoke,2
enough,2
pussy,2
hoffe,2
reis,2
vulgaris,2
zea,2
ghasst,2
saeg,2
regina,2
verroin,2
uffkaaft,2
gelosst,2
woiß,2
ald,2
fans,2
manchester,2
krieg,2
zsamme,2
erschdemol,2
gewunne,2
monnschaft,2
nommo,2
eerschd,2
accredited,2
kollitsh,2
shteaht,2
grikt,2
miah,2
shtudy,2
doona,2
heidedawks,2
ivvah,2
degree,2
gayna,2
sacha,2
glaychah,2
elliot,2
gliederfescht,2
lectures,2
forschungsstelle,2
paper,2
baere,2
hermann,2
publizistik,2
abe,2
swartzentruber,2
bedient,2
lampeter,2
abram,2
reuben,2
hartly,2
zwischezeit,2
rechde,2
denkmal,2
amishi,2
gmayna,2
wewerschtettel,2
riehl,2
quilt,2
carriage,2
mehnt,2
oweds,2
namens,2
strathburn,2
traekters,2
süde,2
usw,2
vebandsgemääne,2
deitscha,2
wissa,2
macha,2
gschpass,2
chorus,2
fix,2
theology,2
beliebte,2
bekanntgemacht,2
abendlied,2
schö,2
rau,2
drowe,2
alsfort,2
greint,2
kieffer,2
norristown,2
tirana,2
leonhard,2
authorities,2
leeder,2
oesch,2
noochkummerschaft,2
gfange,2
regensburg,2
rights,2
schweere,2
tajikistan,2
baaleschdi,2
dixie,2
erwin,2
emily,2
cheney,2
attorney,2
gschosse,2
governors,2
coturnix,2
perdix,2
bucket,2
weschdaag,2
allerfrieh,2
kessel,2
ziwwer,2
schweri,2
nodel,2
mitglider,2
vs,2
riot,2
joker,2
trumps,2
suit,2
bower,2
symbol,2
schtaenn,2
dredt,2
gebott,2
gedichdich,2
reggebogge,2
regge,2
uffre,2
gray,2
apricot,2
abrigose,2
abrigosebaam,2
fräänsm,2
erfinder,2
geboore,2
rauskumm,2
berimmde,2
maler,2
milk,2
witz,2
correspondants,2
pathway,2
aylmer,2
aah,2
zazaisch,2
zazaki,2
iranian,2
norde,2
español,2
qualifikation,2
träner,2
groos,2
gschtanne,2
myschdische,2
verschiedne,2
wirke,2
complete,2
prepared,2
bowmansville,2
christianity,2
drummsaeg,2
log,2
ockeghem,2
composer,2
wavelet,2
function,2
cannelton,2
cotton,2
reggelweg,2
kohl,2
equatorial,2
plane,2
direction,2
geostationary,2
particular,2
material,2
species,2
generalization,2
coefficients,2
binomial,2
expansion,2
tetrahedron,2
tt,2
halliche,2
jane,2
keenichen,2
shipshewana,2
campaign,2
slogans,2
klein,2
premier,2
potsdam,2
glebt,2
became,2
vader,2
eer,2
broot,2
daan,2
niedersachsen,2
jerusalem,2
nome,2
woare,2
soo,2
fe,2
woddebichli,2
hummel,2
bleib,2
zaah,2
lille,2
neil,2
mailbox,2
allyaehrlich,2
ausgedraage,2
lyrik,2
thema,2
traditionell,2
bockenheimer,2
stand,2
raiders,2
jugendkommission,2
youth,2
teenagers,2
unnerschtitzt,2
lookout,2
perl,2
wall,2
features,2
budapescht,2
besteht,2
yuropee,2
frosch,2
tintenfaß,2
schwetzere,2
special,2
needs,2
germanischi,2
gmeeheiser,2
betzischteddel,2
grabbe,2
grischdus,2
bretzel,2
satz,2
gebacke,2
tarararabumdie,2
horizon,2
meiye,2
overdam,2
sale,2
groier,2
auctioneer,2
geneva,2
presses,2
sackfoohn,2
alito,2
appeals,2
position,2
associate,2
sandra,2
connor,2
schpinnraad,2
dreh,2
schtroos,2
bring,2
hetsch,2
hungersnot,2
dreckich,2
unnerschtitzer,2
bread,2
schpelsbrot,2
kammen,2
graawe,2
graabhef,2
maya,2
sold,2
yidish,2
yingscht,2
ariyel,2
catholic,2
geedel,2
grischtglaawe,2
windbump,2
waarm,2
giesst,2
haddi,2
weechi,2
scharfe,2
tiers,2
uffgedenkt,2
buss,2
frederic,2
inne,2
schweizerische,2
courgenay,2
abel,2
val,2
lucia,2
formal,2
politischer,2
seeh,2
zeite,2
nationalismus,2
owwrichkeit,2
pensylvanisch,2
produktion,2
prosa,2
münster,2
allgemeine,2
miriam,2
erich,2
pc,2
cabinet,2
regiering,2
gran,2
desert,2
fernheim,2
benannt,2
odem,2
frischer,2
volkartist,2
meile,2
schtaerns,2
parkland,2
gorge,2
cave,2
daffin,2
anzeiger,2
besitzer,2
kron,2
kitten,2
bubbeli,2
ziegt,2
schlick,2
boppeli,2
heet,2
schtreech,2
holshacker,2
fegley,2
photographic,2
mercersburg,2
republikaaner,2
biology,2
agriculture,2
korean,2
kuldur,2
saft,2
brote,2
schmack,2
schlappiges,2
geschlepp,2
lattwaerick,2
budder,2
lattwaerickkessel,2
finke,2
boro,2
zwansich,2
foreigners,2
mastersonville,2
puppy,2
mechanicsgrove,2
level,2
millerschteddel,2
millerschtadt,2
martic,2
brunnerville,2
brickerville,2
willowstreet,2
schtumbeschteddel,2
harbor,2
laura,2
proposed,2
illegal,2
greeser,2
sint,2
weissrussland,2
éischt,2
kinnek,2
vatikanschteddel,2
patron,2
elstonville,2
bordnersville,2
nebo,2
rothsville,2
robby,2
willingboro,2
scientific,2
evaristus,2
regiert,2
gedenkdaag,2
netherlands,2
aarme,2
herculaflus,2
mura,2
mcferedach,2
fahan,2
greize,2
lucius,2
né,2
brieschder,2
hungerich,2
gerechtichkeit,2
fingerhut,2
daume,2
fresst,2
kurt,2
aberdeen,2
nirvana,2
messina,2
burning,2
ballad,2
money,2
lifted,2
daytime,2
gambler,2
collide,2
share,2
dark,2
dolly,2
parton,2
prefer,2
moonlight,2
strange,2
voice,2
sessions,2
magnatone,2
bonus,2
very,2
billboard,2
want,2
stream,2
pack,2
ago,2
ronnie,2
clearwater,2
revival,2
clifford,2
nelson,2
mcbride,2
chesney,2
plant,2
monday,2
secret,2
moon,2
pull,2
chain,2
shock,2
whitehorse,2
georgetown,2
ninepoints,2
gretna,2
kanneschtooge,2
passing,2
yearwood,2
patricia,2
donnie,2
johnny,2
tucker,2
bend,2
complicated,2
evans,2
wakefield,2
naumannschteddel,2
creswell,2
beartown,2
bellaire,2
falmouth,2
hopeland,2
whitney,2
yasser,2
eigentlich,2
muhammad,2
palestinensesche,2
schtaatsmann,2
lengeschderkaundideitsch,2
schneckehaus,2
wunnerschee,2
reida,2
olle,2
bicycle,2
beiks,2
meenschde,2
philosophy,2
authoriteet,2
udder,2
representatives,2
russe,2
amerikan,2
populär,2
béide,2
statistesche,2
milliounen,2
populäersten,2
kulturell,2
sech,2
fënnef,2
bezierker,2
wier,2
hätt,2
wirtschaft,2
highest,2
ultra,2
kattowitz,2
weuwodschiep,2
lebnen,2
departments,2
rhin,2
elsässiche,2
wichticher,2
schulheiser,2
mudderschproch,2
datei,2
köln,2
raadsleit,2
waert,2
unnerscht,2
schlooft,2
wacker,2
draewle,2
baryie,2
fundament,2
gegedeel,2
supplement,2
gschtoppt,2
volkskunde,2
schwert,2
mittes,2
ladenburg,2
hots,2
druckerei,2
eberbach,2
wiesloch,2
dieffenbach,2
paert,2
reutlingen,2
amerikaner,2
darmstadt,2
bergstresser,2
kurfürst,2
pickter,2
symbols,2
gfochte,2
herchheimer,2
wolfstein,2
burg,2
status,2
erreischd,2
liggds,2
ruin,2
bedeitenschde,2
romanische,2
bauwerke,2
bundeskanzler,2
bundesbresident,2
bellen,2
ausgabe,2
mitgnumme,2
daitsche,2
entlang,2
abgeleed,2
iwwers,2
polidisch,2
herausgewwer,2
zeno,2
limburg,2
jahres,2
iwwersetzer,2
klassiker,2
verlaach,2
ihnen,2
eigenen,2
anderen,2
baddeberg,2
bisserschm,2
wordde,2
ausgschproche,2
ketschapp,2
titel,2
unnernähmer,2
rehrersburg,2
cleona,2
politiker,2
große,2
grooste,2
allemaengel,2
haffedeckel,2
schulbarig,2
butzegass,2
cover,2
jordan,2
inschefeld,2
large,2
unfinished,2
broken,2
found,2
tip,2
ontalaunee,2
tripoli,2
maiden,2
rosenthal,2
given,2
rt,2
coming,2
barto,2
short,2
boyertown,2
dolbehock,2
below,2
mohn,2
harrfart,2
amity,2
longswamp,2
bariyome,2
picking,2
forming,2
lines,2
schwenksville,2
pulwerdaal,2
rockland,2
leeb,2
schlegelschteddel,2
schmutz,2
schofbarig,2
schpitzebarig,2
northeast,2
umbehacker,2
ausglegt,2
allegehni,2
ravine,2
haschschtall,2
thicket,2
middle,2
hautzeschtettel,2
houtzville,2
grappeschteddel,2
zeller,2
semi,2
suburb,2
snitz,2
rest,2
schtumbe,2
schtumpe,2
spot,2
tschunse,2
jonestown,2
inscheland,2
indianland,2
vale,2
meetinghouse,2
tylersport,2
ewwerschtbarigschtrooss,2
glingelbarig,2
ringing,2
inschegrick,2
ucc,2
hatfield,2
keelor,2
building,2
kuddelfleck,2
obelisk,2
originally,2
ville,2
formed,2
several,2
marieli,2
miehlebarig,2
less,2
neighbors,2
oxhead,2
oxekoppbarig,2
schmalzgass,2
mont,2
sauders,2
without,2
heavy,2
honey,2
schoolhouse,2
aschland,2
generally,2
lard,2
lands,2
bedminster,2
buchskopp,2
deifelsloch,2
hollows,2
greizgrick,2
kreuz,2
greizgrickdaal,2
hollow,2
hellam,2
klingerstown,2
scherer,2
seen,2
pennsylfanni,2
kutzeschteddel,2
design,2
molerei,2
ballitische,2
gesellschaftliche,2
kunschtardickel,2
wenich,2
wolfel,2
bloos,2
kanzelkopp,2
revier,2
applied,2
amerigaa,2
bilder,2
verse,2
eiropeeisch,2
unnerschied,2
drockene,2
uffgehe,2
drage,2
selwa,2
scheide,2
zeiche,2
grosses,2
stern,2
vierdde,2
jeglicher,2
aich,2
fillt,2
gwerm,2
abbild,2
gesproche,2
unterhtan,2
kraut,2
seer,2
siebde,2
ausgeruget,2
waaren,2
wachse,2
erkentnis,2
gutem,2
boesem,2
wos,2
hon,2
wildes,2
desweche,2
rib,2
gschloofe,2
shlang,2
frichta,2
sollsht,2
eidel,2
gschproche,2
ihrn,2
konn,2
ebe,2
gschieht,2
naies,2
zevor,2
angela,2
merkel,2
lewisburg,2
prolog,2
pastor,2
demuth,2
zugehorcht,2
dschurymann,2
betragt,2
gschichd,2
ärschde,2
unde,2
lings,2
meyersdale,2
baumannsdarrif,2
towamensing,2
bellegrove,2
reistville,2
holtwood,2
bethesda,2
talmage,2
salunga,2
maytown,2
effredaa,2
stevens,2
colebrook,2
wiesbaden,2
kassel,2
offenbach,2
tristis,2
prohibition,2
schtimmt,2
gsagt,2
weed,2
beschtes,2
browirt,2
gekrische,2
krääs,2
dahner,2
felseland,2
gehern,2
zeehlt,2
scheenau,2
nothweiler,2
bart,2
ghaeppent,2
hinnich,2
bede,2
bassiert,2
could,2
soil,2
schquire,2
woarschau,2
grien,2
newwich,2
poetry,2
beckweh,2
prograem,2
reinig,2
förderverein,2
gebottsdaag,2
leffi,2
graadeweck,2
blauch,2
schwartzentruber,2
gingerich,2
binder,2
stahl,2
testament,2
publ,2
editors,2
naturalization,2
middlefield,2
decker,2
sautwescht,2
amischbauer,2
esther,2
amischbreddicher,2
bodensee,2
egly,2
frany,2
hostettler,2
harnung,2
gadruck,2
gons,2
mous,2
roi,2
ols,2
gadichta,2
krab,2
rig,2
bucher,2
fergess,2
traur,2
wuediger,2
karz,2
landschtick,2
schteddlin,2
würzburg,2
aadreffe,2
paare,2
graab,2
saloma,2
sen,2
schlägt,2
schön,2
solche,2
schmerzen,2
ausser,2
rath,2
gestellt,2
staub,2
armselig,2
thut,2
sagten,2
eh,2
kam,2
meister,2
meinen,2
kallitsch,2
faulichkeit,2
wieg,2
kanaal,2
canal,2
schpaeder,2
ice,2
dunkel,2
greizwegschtor,2
convenience,2
schticke,2
tamias,2
fensemais,2
beckerei,2
mennonischt,2
hinterlassene,2
verleger,2
söhnen,2
verstorbenen,2
felix,2
brötli,2
zollikon,2
schumacher,2
hochrütiner,2
uliman,2
philosopher,2
uli,2
mayer,2
kaspar,2
whiskey,2
sponge,2
grott,2
gfiehlt,2
schloft,2
gelege,2
froogt,2
nicknaame,2
weeder,2
verflammt,2
human,2
therefore,2
asia,2
bukan,2
gaesa,2
indonesia,2
canberra,2
belarus,2
cyprus,2
marino,2
lennern,2
yuddedum,2
bezeichnet,2
volkes,2
chr,2
epoche,2
zeitraum,2
situations,2
herkunft,2
minder,2
glaawens,2
grischtdum,2
jüdische,2
juden,2
nachbarn,2
bde,2
ruprecht,2
aufl,2
anfängen,2
gegenwart,2
jüdisches,2
beesballeverroin,2
stadion,2
dräner,2
wanderschauspielern,2
marrland,2
blohe,2
baseball,2
hostage,2
courts,2
osama,2
laden,2
soldier,2
amts,2
ankara,2
kemal,2
gefundet,2
reformen,2
raender,2
nordosten,2
schtarrke,2
colonies,2
amerikaaner,2
germersheim,2
derfer,2
voyage,2
kindheet,2
grankheet,2
einiger,2
bet,2
judge,2
vell,2
rain,2
sleep,2
lowe,2
departamento,2
unweit,2
arabisch,2
elias,2
anton,2
maddemadix,2
chaos,2
conditions,2
statistics,2
economics,2
behavior,2
ethics,2
wheat,2
froese,2
robyn,2
regehr,2
friesens,2
gaes,2
schrop,2
aareme,2
eenblattdrucke,2
aufgesetzt,2
trauer,2
friedensrichter,2
dion,2
gschtarwe,2
wüstenfelde,2
oldesloe,2
aagschtaert,2
melchior,2
daafe,2
daaferische,2
lübeck,2
russlennische,2
sammling,2
werke,2
brasili,2
einwohner,2
erfindunge,2
hunsrickisch,2
hussein,2
honolulu,2
sandwich,2
goodnight,2
alias,2
heilbronn,2
sidney,2
panama,2
hard,2
rémy,2
brofessor,2
raahm,2
schtrumpwewer,2
jw,2
schtarrem,2
emergency,2
vintage,2
fiction,2
stove,2
françois,2
falls,2
hollaendisch,2
häus,2
tû,2
zal,2
huis,2
voor,2
ik,2
eene,2
nederlandsche,2
hun,2
faschtnachtsdaag,2
tuesday,2
danksaagung,2
pingschtfescht,2
aschermittwoch,2
wednesday,2
thursday,2
allerheilichi,2
armer,2
kaf,2
hinckel,2
hausen,2
froje,2
gickerigie,2
gleines,2
hinckelie,2
korson,2
jutzi,2
page,2
nice,2
surinaem,2
einzelnachweise,2
slowaakisch,2
amtlich,2
bratislava,2
tallinn,2
zagreb,2
prag,2
napols,2
fasenachtkuche,2
vellich,2
holden,2
snavely,2
kanagy,2
rebecca,2
geboren,2
mcgonegal,2
waisekind,2
holley,2
grossmudder,2
schertz,2
diene,2
kalhausen,2
weidesheim,2
fiesswesching,2
lauberhof,2
augspurger,2
becker,2
barbour,2
boone,2
braxton,2
brooke,2
cabell,2
doddridge,2
fayette,2
gilmer,2
greenbrier,2
gekocht,2
jiedische,2
glauwe,2
mineral,2
hardy,2
gschriwwa,2
draw,2
ivva,2
hob,2
feeleicht,2
maritime,2
fluvial,2
portuaire,2
schippfaahrt,2
duich,2
meeschdens,2
erklärung,2
gehatt,2
speder,2
middelalder,2
grafschaft,2
ledschde,2
graf,2
kurferschd,2
eme,2
ferschdedum,2
ferschde,2
redd,2
ersch,2
weldgrieg,2
amies,2
abgschpalde,2
hbo,2
berry,2
naaksht,2
vaduz,2
isse,2
schließlisch,2
nadzion,2
ágreda,2
alcubilla,2
yanguas,2
río,2
velilla,2
cabrejas,2
carrascosa,2
abajo,2
caracena,2
juan,2
magaña,2
miño,2
medinaceli,2
esteban,2
muriel,2
ucero,2
maría,2
bayubas,2
osma,2
uetersen,2
einwuhner,2
summerhause,2
schtadtdeel,2
sankt,2
schrifde,2
sachsen,2
thüringen,2
barals,2
sipp,2
hän,2
naddoscht,2
gauteng,2
haaptschtedt,2
joburg,2
zidder,2
namen,2
dä,2
kadoolick,2
brodeschdantisch,2
genamed,2
wee,2
bulgarish,2
sofia,2
asunción,2
springfield,2
mennonitisches,2
rathaus,2
gegreider,2
beifuss,2
warmet,2
silwer,2
runde,2
bidder,2
verdauung,2
ermuntert,2
wegschaffing,2
waerre,2
fleddermeis,2
gebraucht,2
draame,2
schtorhocker,2
gschichde,2
grade,2
schtaend,2
vendue,2
schteet,2
eva,2
schweschdre,2
gseddelt,2
gremmem,2
schreiber,2
fissel,2
mossel,2
ausfinne,2
haarich,2
marienheem,2
bunnesschtaat,2
graft,2
zrick,2
dorf,2
file,2
addresse,2
wichtig,2
ghalte,2
heemgefiehl,2
gemeldt,2
madrid,2
grandma,2
bydgoszcz,2
article,2
barbados,2
myanmar,2
cambodia,2
democratic,2
zaire,2
slovenia,2
trinidad,2
alti,2
verschprunge,2
https,2
paade,2
heeliewing,2
benutzt,2
urglaawische,2
gedderinne,2
deitliche,2
zukunft,2
reenheide,2
mitleid,2
naddische,2
aablick,2
wichde,2
bschteht,2
eppelwei,2
hollebeer,2
garyel,2
bierschtee,2
iwwergewwe,2
schissel,2
nausgschitt,2
sammel,2
ausgeiebt,2
aehnliche,2
kunde,2
troth,2
tale,2
nj,2
courier,2
germanic,2
paganism,2
norse,2
polytheistic,2
reconstructionism,2
scandinavia,2
thor,2
phol,2
balder,2
siwwa,2
geschmittet,2
feddernaame,2
deborah,2
wheeler,2
druckwaerrick,2
terminology,2
lordi,2
beast,2
bonner,2
zammegsetzt,2
allgemeene,2
mighty,2
tyranny,2
everlasting,2
nation,2
voices,2
commission,2
haldet,2
richtichkeet,2
publications,2
erschaffing,2
verweser,2
hunt,2
philosophie,2
ziestag,2
tiw,2
augsburg,2
gsellt,2
beweise,2
sieg,2
juley,2
fachsenfeld,2
saugerties,2
kennd,2
auswannerung,2
harrschs,2
eischener,2
geschribb,2
ludderische,2
heemkomm,2
gemeende,2
kurpälzer,2
aarisch,2
nordamerika,2
hädde,2
jedem,2
kleenie,2
kocherthaler,2
annemme,2
veloss,2
gee,2
aarich,2
harrde,2
enunner,2
koloniee,2
angesiedelt,2
kocherthals,2
mar,2
wein,2
teer,2
geschdorb,2
wandersmann,2
ruht,2
verbi,2
divini,2
landschafft,2
dekor,2
dritter,2
gethanen,2
reyse,2
begriffenen,2
hochteutschen,2
londen,2
schuchmann,2
pfarrer,2
duncker,2
humblot,2
jahrhunnerd,2
bergmann,2
angenomm,2
dun,2
auswannerungswell,2
briddisch,2
aankemmlinge,2
innepolidischie,2
debatt,2
angeschdoos,2
krieche,2
hohe,2
dorthien,2
siedweschd,2
mittelrhein,2
gezählt,2
unnerzubringe,2
kaddoligge,2
inzwische,2
erlaabt,2
jede,2
vedeeld,2
iwwerloss,2
herkunftsgebiede,2
badische,2
paarmo,2
kalte,2
dodezu,2
steierfreiheed,2
kriech,2
aankomm,2
anstatt,2
wolld,2
lawson,2
errichd,2
erricht,2
quell,2
zahlunge,2
dord,2
patent,2
knittle,2
eighteenth,2
stores,2
otterness,2
schpayra,2
bischdum,2
kaisa,2
limbursch,2
iwwahaubd,2
wieda,2
nere,2
auße,2
fäddisch,2
hoddä,2
paa,2
ses,2
gebrung,2
wail,2
soin,2
voa,2
fronzeesisch,2
nodäm,2
fresge,2
dodefär,2
dombauverein,2
fär,2
mär,2
brääd,2
wend,2
unnäm,2
dänn,2
gsezd,2
gewaihd,2
schwaben,2
iian,2
barbarossa,2
rudolf,2
habsburg,2
österreich,2
gemißd,2
ölbärsch,2
inde,2
fod,2
schbayra,2
määnz,2
marrick,2
corbin,2
bleu,2
danzer,2
model,2
beach,2
flight,2
fraaerechtlerin,2
baddisch,2
schwertgosch,2
düsseldorf,2
tho,2
quy,2
nhon,2
trung,2
angkor,2
vietnamese,2
glischtet,2
größe,2
fluhafe,2
sfo,2
bai,2
thua,2
thien,2
thuy,2
lieu,2
gulf,2
thai,2
lan,2
gia,2
ria,2
khanh,2
dao,2
lien,2
khuong,2
heiliges,2
römisches,2
nationen,2
leopold,2
violinist,2
moderatorin,2
sängerin,2
masiela,2
lusha,2
episodes,2
nina,2
silence,2
thanh,2
sprooch,2
mérida,2
humborch,2
schwarzenbach,2
schwarzenacker,2
ingweiler,2
blies,2
schtadtgebiet,2
kilometer,2
straßburg,2
ludwich,2
ruine,2
nom,2
geblieb,2
munedde,2
oschdret,2
broochet,2
aernet,2
scheiding,2
newweling,2
yuuling,2
sunna,2
sigyn,2
saeter,2
dunkelzeit,2
mehzaahl,2
fem,2
bedeidet,2
dese,2
ziewer,2
aamarrikunge,2
dwayyo,2
ghosts,2
muunzeeche,2
lesson,2
appalaeschen,2
rennt,2
zollweg,2
rhinfränkisch,2
süd,2
germanisch,2
alphabet,2
sarreguemines,2
jedes,2
gau,2
griis,2
fränkisch,2
dischbedutt,2
langue,2
boetticher,2
linnaeus,2
stephens,2
brandt,2
leach,2
swainson,2
janet,2
ducks,2
kubaa,2
rafael,2
valparaíso,2
castro,2
punta,2
biobío,2
salonica,2
hunn,2
politesch,2
duerch,2
gov,2
schtadtdeele,2
pittsbarrig,2
gegner,2
läit,2
wou,2
handfläch,2
geschloen,2
begeeschterten,2
richtegen,2
indoor,2
geriichter,2
gemaach,2
obwuel,2
deen,2
begrëff,2
ka,2
nëmmen,2
dësem,2
manniche,2
fimffingergraut,2
potentilla,2
goldwatzel,2
coptis,2
meederle,2
parthenium,2
darrichwax,2
chaplin,2
paramore,2
jeremy,2
innernet,2
gebbt,2
cash,2
phoenix,2
aaf,2
sverige,2
stockholm,2
opera,2
jazz,2
trifels,2
gebbts,2
norge,2
noreg,2
kongeriket,2
sekritaer,2
reech,2
aktivist,2
sung,2
jae,2
suicide,2
activist,2
riograndenser,2
thorpe,2
wilson,2
doors,2
morrison,2
marcos,2
carson,2
sacramento,2
winsche,2
freidaags,2
fischdaag,2
schneeschtarm,2
demokraten,2
windhoek,2
tansania,2
liedkomponist,2
organist,2
klassik,2
greg,2
jul,2
danzerin,2
srpska,2
satellitecitymaps,2
federation,2
iprage,2
distancesfrom,2
banja,2
luka,2
hercegovina,2
distancehistory,2
aspx,2
schwerin,2
ffg,2
mennische,2
kumt,2
bubly,2
niagarafelle,2
williamsville,2
tahnawá,2
teh,2
rochester,2
jonkers,2
yonkers,2
syrakus,2
wasserschteddel,2
lackawanna,2
elma,2
eislennischer,2
eisland,2
statue,2
gegendische,2
haaptkaerl,2
aagriff,2
chili,2
peppers,2
soviet,2
studio,2
gone,2
calling,2
boten,2
stowe,2
bibliothek,2
byron,2
bogotá,2
montsoreau,2
borat,2
osaka,2
schnaerrvoggel,2
yoshihide,2
suga,2
präfektur,2
twitter,2
präsident,2
französischen,2
saeugerdiere,2
hunde,2
geess,2
athina,2
kaempfe,2
stadtarchiv,2
biographie,2
frauenstudium,2
sarajevo,2
carpenters,2
angenommen,2
heißt,2
tragen,2
tour,2
torsten,2
haß,2
godal,2
einführung,2
umgekehrt,2
kvk,2
worldcat,2
results,2
khajeh,2
nasir,2
persisch,2
bedeutet,2
leiter,2
olympischen,2
islamischen,2
iranischer,2
schauspieler,2
thermodynamik,2
gesetzer,2
universum,2
beispiller,2
unzefänken,2
loosst,2
verlängeren,2
heat,2
por,2
siempre,2
guke,2
schtadtleit,2
forcht,2
mied,2
vorne,2
keener,2
gehat,2
schmärt,2
dhier,2
schatte,2
drauwerank,2
schwalme,2
rings,2
schpuchte,2
kerl,2
schleg,2
inwennig,2
benk,2
hoche,2
guti,2
eppel,2
luschte,2
ewek,2
geärnt,2
kreischt,2
rejert,2
jetz,2
kloppt,2
balke,2
rechtes,2
sehm,2
biecher,2
schteigt,2
iwel,2
rs,2
beisamme,2
schläfrig,2
sagscht,2
hause,2
weckt,2
rauhe,2
babble,2
weht,2
werklich,2
bedeckt,2
hiwel,2
druwel,2
peife,2
falsch,2
schwarzer,2
beeser,2
gegukt,2
sunscht,2
daher,2
kindheeds,2
freid,2
funkle,2
fense,2
schlitte,2
breed,2
froscht,2
seelich,2
leine,2
erbaermlich,2
owetlied,2
anglish,2
rida,2
aurand,2
schpinn,2
guckgu,2
gedrosche,2
boilie,2
heelie,2
kessli,2
fischi,2
rumm,2
feierli,2
rie,2
rippel,2
sensewetzer,2
reie,2
heimkumm,2
freidee,2
heiland,2
jeder,2
baurebuh,2
lleit,2
vatter,2
betriegt,2
sinder,2
bete,2
werk,2
fiehle,2
treppe,2
regt,2
herze,2
wette,2
lei,2
hens,2
krumm,2
sogar,2
keem,2
dunkele,2
lernte,2
gettle,2
setze,2
herab,2
leffel,2
gedschumpt,2
ral,2
gedreet,2
mannich,2
ufs,2
manches,2
lernt,2
eccording,2
glaabscht,2
dschim,2
sechs,2
lahbabier,2
fla,2
gippel,2
dheerle,2
vaterhaus,2
huebsch,2
glaed,2
yah,2
fraed,2
drah,2
voegel,2
frueh,2
spoth,2
bahm,2
mued,2
noth,2
lab,2
blume,2
lusht,2
maehe,2
moregets,2
luss,2
herbst,2
guht,2
lust,2
eih,2
dies,2
meisten,2
farben,2
antworten,2
frage,2
ständig,2
abwischbare,2
kurzen,2
möchten,2
aufgrund,2
bedarf,2
vorteile,2
silikonfarbe,2
anzuwenden,2
lackieren,2
zuhause,2
grundierung,2
decke,2
aussehen,2
harpyien,2
vögeln,2
komponieren,2
möchte,2
spielfilm,2
mango,2
groom,2
eingereicht,2
tajikistani,2
submissions,2
imdb,2
bucht,2
hafen,2
entfernt,2
montgrí,2
cap,2
barra,2
medes,2
inseln,2
geyused,1
nidderer,1
kaere,1
sowie,1
weglin,1
weere,1
wollhiet,1
schtolsfuus,1
hochschtettler,1
verlassen,1
freunden,1
verlegt,1
strassen,1
fangner,1
raussen,1
schlagen,1
hassen,1
unschuldiglich,1
baumann,1
meedeeler,1
gezeehlt,1
etown,1
edu,1
meiding,1
schpalt,1
amman,1
eent,1
reist,1
emmendaal,1
markirch,1
weggezogge,1
fonds,1
holestrasse,1
brodeschdande,1
piety,1
peoplehood,1
aangeh,1
tschuus,1
satte,1
nineteenth,1
grischdliche,1
orders,1
schweizerdeitsch,1
wehnlicher,1
pens,1
lfa,1
filidelfi,1
gfiehrt,1
sellre,1
zammegmixt,1
ausmache,1
iewwe,1
einleitung,1
gschlechter,1
fäll,1
cases,1
case,1
ussproch,1
nominative,1
accusative,1
heidzedaags,1
entschtehung,1
theorie,1
gruups,1
eiwannnerer,1
demit,1
genannde,1
mixed,1
schtuddiess,1
baumannsschtettl,1
gforscht,1
geehich,1
saadwest,1
darrichgsetzt,1
yuuhscht,1
etabliert,1
worde,1
biwwele,1
gesangbicher,1
zeitinge,1
alsatians,1
württemberger,1
geyuuhst,1
influenced,1
mannemer,1
indirect,1
iwwereischtimming,1
agreement,1
glaawwe,1
settler,1
gegwehnt,1
kernraum,1
core,1
browwiert,1
vergleiche,1
gmachte,1
eschtlich,1
eastward,1
gsettled,1
problems,1
aarrig,1
vunanner,1
pennsylvanischdeutsch,1
siedlungsmundarten,1
mundartforschung,1
xxxv,1
jahrgang,1
heft,1
pennsiylvaanisch,1
gdichte,1
oberholtzer,1
rhoads,1
stahr,1
hark,1
schuler,1
henninger,1
harter,1
gruber,1
astor,1
wuchter,1
iobst,1
reitnauer,1
hornberger,1
rohrbaugh,1
vera,1
schrack,1
betz,1
helen,1
kisthart,1
kistler,1
shupp,1
klouser,1
luke,1
brinker,1
enos,1
jennings,1
bittner,1
urias,1
sterner,1
laub,1
caleb,1
franks,1
zach,1
ashley,1
tanner,1
gore,1
simmons,1
meryll,1
ressler,1
reitz,1
kloss,1
columns,1
hollerbier,1
selwet,1
heffie,1
fenschtermacher,1
wolfe,1
gratz,1
bernviller,1
freindliche,1
viere,1
schwillie,1
willies,1
mariyeschtanne,1
herzog,1
standard,1
russian,1
dying,1
ardikel,1
gsundes,1
pelzer,1
pennsilfaanier,1
martz,1
sylvania,1
meddodischt,1
pietist,1
glaawich,1
umglaawich,1
allenschtettel,1
betleum,1
easchde,1
scranton,1
wilkes,1
barre,1
capita,1
eikummes,1
sewickley,1
edgeworth,1
thornburg,1
rosslyn,1
makefield,1
merion,1
haysville,1
commodore,1
shippensburg,1
smithfield,1
conneaut,1
loretto,1
howe,1
whitetail,1
drink,1
fesond,1
buuksblumm,1
gnoche,1
trilobite,1
phacops,1
rana,1
feiervoggel,1
hemlock,1
tsuga,1
brig,1
niagra,1
boschde,1
constitution,1
vergraawe,1
fuffzehscht,1
ruschye,1
griegli,1
irvis,1
fiehre,1
pittsburg,1
nochderhend,1
uniontown,1
gfierht,1
chief,1
staff,1
security,1
representative,1
hickok,1
anti,1
boyz,1
vanessa,1
carlton,1
coolio,1
fuel,1
oates,1
hooters,1
jett,1
poison,1
trent,1
reznor,1
inch,1
nails,1
shanice,1
wiz,1
khalifa,1
mac,1
cky,1
benening,1
denomination,1
simonz,1
peacemaker,1
conciliation,1
zwingli,1
kinnerdaafing,1
dock,1
academia,1
betania,1
kollitsches,1
rosedale,1
tabor,1
associations,1
fuhremennischt,1
bibical,1
anishinabec,1
midwest,1
eiwanderungsperiode,1
alteigesessene,1
amg,1
geistlichen,1
mennonitischen,1
bund,1
taufgesinnter,1
verband,1
evangelischen,1
freikirchen,1
brüdergemeinden,1
bolivia,1
wikipeedelche,1
schtroossezeeche,1
abbadiches,1
geldhewenr,1
karin,1
pd,1
habil,1
adjunct,1
geldhewern,1
rambaud,1
alois,1
eitl,1
raushelfer,1
keil,1
ilona,1
geiger,1
honorary,1
organisator,1
haaptfraa,1
choir,1
katzebuckel,1
lilian,1
mitschaffe,1
naemlich,1
baron,1
stiegel,1
schiergaar,1
singschticker,1
grischtlich,1
folkschticker,1
feierdaags,1
patriodische,1
weltliche,1
oschtlich,1
lause,1
reck,1
schwatzer,1
schlupp,1
roti,1
vorschteher,1
mabel,1
bickel,1
degler,1
marianne,1
kathryn,1
labe,1
steinmetz,1
lance,1
performed,1
citizen,1
reunions,1
hochziche,1
yaahresdaage,1
picnics,1
malls,1
bctv,1
gemeinschaftdinger,1
yaahrlich,1
zammekummes,1
volkfescht,1
gelegeheite,1
cassette,1
congress,1
zugemacht,1
fahne,1
erhalt,1
frehlichkeit,1
beinanner,1
ausnanner,1
gehen,1
verschprech,1
liebe,1
siesse,1
haage,1
karleen,1
brintzenoff,1
nuffkumme,1
christliche,1
auslege,1
zahndoktor,1
auwedoktor,1
taxmann,1
restaurants,1
hochleit,1
gehts,1
imagin,1
auwewasser,1
auwe,1
kiel,1
gedankt,1
seilewes,1
verruckte,1
banquets,1
chance,1
grishdaag,1
saawe,1
regular,1
gfangnisse,1
bressends,1
deier,1
abheiche,1
enihau,1
enni,1
deerli,1
privilege,1
oschtre,1
bressents,1
dax,1
fuchs,1
mariae,1
lichtmess,1
wunnerbaare,1
aussstellung,1
schwenckfelder,1
baamwolle,1
punxsutawney,1
ains,1
tzwae,1
schibbach,1
lesher,1
doheck,1
esten,1
cramp,1
cressman,1
bleam,1
zeddelmeister,1
geltmacher,1
fimfa,1
schwador,1
sexa,1
pohopoco,1
meckes,1
siva,1
schwishich,1
barioma,1
marx,1
ochda,1
lizzard,1
nester,1
deef,1
runn,1
tzae,1
braidkeppicha,1
stroudsbarrick,1
oswald,1
elfa,1
fireline,1
breiner,1
tzwelfe,1
pawdt,1
hamm,1
dreitzae,1
amous,1
fartzae,1
saakna,1
coopersbarrick,1
fuftzae,1
peters,1
sechtzae,1
yardon,1
sivatzae,1
kanall,1
achtzae,1
ferelle,1
emerald,1
roy,1
dengler,1
neinzeh,1
beweisung,1
dreissichscht,1
hisdorische,1
geschtalde,1
aafeng,1
pennsilfaanischen,1
quaekerdum,1
nachweislich,1
uffgehalde,1
caton,1
zweede,1
crisp,1
missioniert,1
waldland,1
eigedum,1
pietiste,1
hieschicke,1
erwirbt,1
bevollmeechdigden,1
bricht,1
groessere,1
zumeest,1
entfaarnd,1
hollaendische,1
kaafmann,1
amschderdam,1
dialektde,1
unnernanner,1
vermiddelt,1
unnereinanner,1
verwandt,1
hessische,1
errinnere,1
vieleicht,1
tönnes,1
kunders,1
schreiwwe,1
protestation,1
schklaverei,1
naadamerika,1
aageregt,1
unnerschriewwe,1
hendricks,1
derick,1
pamphlet,1
protestschreiwwe,1
schklave,1
halder,1
broich,1
grindet,1
kennich,1
beschtaedigt,1
mysdische,1
nachzuhole,1
waliser,1
continuatio,1
ausgereest,1
versammlungs,1
ersche,1
diakon,1
neuss,1
gottschalck,1
miehsale,1
amerikanischen,1
niederdeitsche,1
darref,1
evansburg,1
schwedische,1
nahbei,1
ordiniert,1
seimne,1
niederlaendischer,1
ordinierte,1
siedle,1
heitzudaag,1
schtaats,1
oeschtlich,1
stroudsburg,1
pfaelzer,1
grinnde,1
neibarrig,1
orange,1
greesere,1
aasammlung,1
versorgt,1
phaas,1
temporary,1
pennsylvaanish,1
friend,1
dienschdaag,1
dibert,1
hacc,1
meetup,1
migratory,1
wuhie,1
hooch,1
luftsee,1
fliegscht,1
maxima,1
moffit,1
moffitti,1
fulva,1
dusky,1
occidentalis,1
parvipes,1
bering,1
asiatica,1
aleutian,1
leucopareia,1
minima,1
taverneri,1
hiŋg,1
domesticus,1
zaamer,1
omnivores,1
hinkelfodder,1
protein,1
hinkelfleesch,1
biebli,1
neigeborene,1
faernsehner,1
faerngucker,1
kaschde,1
telecommunication,1
transmitters,1
schicke,1
broadcasting,1
pickder,1
muuve,1
aerkanndischen,1
inseit,1
greige,1
veddervieh,1
meleagris,1
gallopavo,1
native,1
amerikaae,1
welschhinkelfleesch,1
welschhaahne,1
pälz,1
gedraamt,1
automobile,1
touring,1
gasoline,1
waricklich,1
gewalt,1
bavvahrei,1
fadahrava,1
baua,1
advantage,1
automatically,1
twine,1
uffbinne,1
ford,1
groups,1
sctiemenschein,1
processor,1
alliwer,1
computers,1
schtrickte,1
franziskus,1
vierde,1
fimfde,1
yoschuaa,1
richderbuch,1
sammuel,1
hiob,1
psalder,1
hohelied,1
salomons,1
yeeseihe,1
klaaglieder,1
heesekiel,1
danniel,1
yohel,1
yoness,1
michaa,1
naayum,1
zachariah,1
mallichi,1
matteeus,1
marrickus,1
yohannes,1
aposchtelgeschichde,1
reemerbrief,1
galladderbrief,1
effeeserbrief,1
phillipperbrief,1
kollosserbrief,1
philemon,1
eppreerbrief,1
yaakobusbrief,1
yudeebrief,1
offenbaaring,1
benschwewerleit,1
wilkens,1
tidings,1
steelton,1
spiritual,1
schubert,1
redeeming,1
palo,1
norma,1
mobile,1
metzler,1
tabernacle,1
martindale,1
lighthouse,1
upland,1
lauver,1
laurel,1
krall,1
kossuth,1
kennebec,1
outreach,1
hampden,1
habecker,1
terrace,1
gospel,1
gingrich,1
gaithersburg,1
frazer,1
deaf,1
erisman,1
downing,1
dawsonville,1
dargan,1
crestview,1
charlotte,1
byrneville,1
saving,1
arca,1
salvacion,1
acts,1
covenant,1
gosper,1
gschplidde,1
vorbau,1
belts,1
grohe,1
halsdicher,1
gheierede,1
lepplin,1
koppdicher,1
schtrohhiet,1
maendel,1
schultere,1
falkner,1
bezarrick,1
haaptbletz,1
lueg,1
bezarrirk,1
verenneringe,1
beschtand,1
oberleibstadt,1
underleibstadt,1
leibstadt,1
alliswil,1
retterswil,1
mellstorf,1
tennwil,1
kempfhof,1
oetlike,1
alteburg,1
nesselbach,1
rike,1
balzewil,1
murgethal,1
wittwil,1
büeblike,1
anglike,1
waldhüsere,1
dättwil,1
lauffohr,1
sulz,1
mühlethal,1
oberähredinge,1
underähredinge,1
ähredinge,1
stilli,1
drennunge,1
rohrdorf,1
niederrohrdorf,1
oberrohrdorf,1
remetschwil,1
bözberg,1
oberbözberg,1
underbözberg,1
turgi,1
gregorianische,1
schalltyaahre,1
yaahresend,1
ereignisse,1
grossbrittanie,1
erkleerem,1
schina,1
opiumgrieg,1
deitschen,1
reichsdaach,1
stefano,1
balkankries,1
beend,1
gewinnt,1
unabheenschkeit,1
osmanische,1
dictatfridde,1
brest,1
litowsk,1
beschlie,1
kalifat,1
abzuschaffe,1
spangled,1
nationalhymne,1
kpd,1
thälmann,1
verhaft,1
alliierte,1
warrefe,1
versehentlich,1
bombe,1
wohnvaddel,1
todesopfer,1
erkleert,1
axe,1
premierminischder,1
estländer,1
unabheengigkeit,1
unabheengischkeit,1
bosnie,1
dealija,1
izetbegović,1
schdaatsbresident,1
entscheid,1
inner,1
knapp,1
beidritt,1
bletzliche,1
oibruch,1
weideschdgehend,1
lahmgeleed,1
wertschaft,1
fernsprechnetz,1
bedreiwe,1
teschnigg,1
raumsond,1
geschdaertd,1
nazionaloper,1
académie,1
pomone,1
cambert,1
ereffend,1
circe,1
reinhard,1
keiser,1
gänsemarkt,1
bizet,1
opéra,1
comique,1
religion,1
reliquien,1
apostel,1
evangelisten,1
gebrunge,1
kataschtrophen,1
schdaert,1
pariser,1
orly,1
veruglickt,1
mcdonnell,1
turkish,1
airlines,1
doode,1
steerfall,1
kernkraftwerk,1
naer,1
mitschaffer,1
verstrahlt,1
erdbeewe,1
stärke,1
afghanisch,1
hindu,1
kush,1
fordert,1
dodesopfer,1
schwergewichts,1
weltmeeeschderschaftskampf,1
boxe,1
lennox,1
evander,1
holyfield,1
unenschiede,1
fossett,1
beendet,1
flyer,1
schdunn,1
stopfreie,1
soloflug,1
gedenktage,1
nationalfeiertag,1
medium,1
aunty,1
standing,1
cnnnn,1
cnn,1
daas,1
kapital,1
elements,1
frontline,1
frontal,1
games,1
gillies,1
hey,1
kath,1
kingswood,1
hospital,1
dramas,1
naked,1
skithouse,1
kampioenen,1
airwaves,1
blackfly,1
codco,1
digs,1
gavin,1
laughs,1
kensington,1
newsroom,1
sctv,1
seeing,1
trouble,1
tracy,1
twitch,1
shuster,1
xpm,1
fabulous,1
alistair,1
mcgowan,1
impression,1
feather,1
blackadder,1
blott,1
landscape,1
selecta,1
bottom,1
brass,1
bremner,1
brittas,1
celebrity,1
squares,1
chalk,1
chef,1
chelmsford,1
coupling,1
dangermouse,1
detectives,1
adjust,1
decreasing,1
circles,1
reginald,1
perrin,1
fawlty,1
towers,1
frost,1
garth,1
marenghi,1
darkplace,1
mildred,1
give,1
goodies,1
goodness,1
gracious,1
wing,1
enfield,1
chums,1
hippies,1
joking,1
appearances,1
wine,1
cake,1
maid,1
behaving,1
badly,1
monty,1
morecambe,1
wise,1
murder,1
horrid,1
hero,1
statesman,1
nighty,1
clock,1
beeching,1
buses,1
porridge,1
dwarf,1
damp,1
royle,1
smack,1
pony,1
smoking,1
mothers,1
spaced,1
steptoe,1
sykes,1
familiarly,1
tw,1
till,1
tlc,1
trevor,1
ronnies,1
pompeii,1
dibley,1
continued,1
series,1
continuation,1
ones,1
stupid,1
simple,1
rules,1
dating,1
brisco,1
oky,1
doky,1
ozzie,1
alf,1
chipmunks,1
funniest,1
griffith,1
controls,1
angie,1
animaniacs,1
archie,1
bunker,1
arliss,1
arnie,1
barney,1
benson,1
stiller,1
beverly,1
hillbillies,1
bewitched,1
cummings,1
bosom,1
buddies,1
meets,1
brady,1
bunch,1
bridget,1
sharkey,1
calvacade,1
stars,1
candid,1
camera,1
burnett,1
cattanooga,1
cats,1
snoopy,1
cheers,1
chico,1
clarissa,1
explains,1
coach,1
courtship,1
curb,1
enthusiasm,1
cybill,1
nights,1
molly,1
dodd,1
dean,1
dear,1
menace,1
dawg,1
designing,1
diff,1
rent,1
strokes,1
dinosaurs,1
donna,1
reed,1
doogie,1
howser,1
aces,1
