word,count
de,15025
vun,9947
die,9711
im,8584
in,7841
zum,7337
un,7146
isch,5479
gheat,5382
is,3842
unn,3608
gemää,3515
dialekt,3481
vum,2893
bis,2690
des,2630
rechion,2549
zu,2145
worre,1962
rhin,1936
hot,1903
département,1853
als,1850
daitsch,1823
franzesische,1741
arrondissement,1731
fußnote,1726
bevelkerungsentwicklung,1723
kommunalvaband,1720
verwaltung,1627
es,1595
grand,1575
est,1574
und,1555
moselle,1519
der,1501
di,1422
noch,1373
da,1363
wu,1352
weblinks,1350
uff,1321
mit,1265
sinn,1183
em,1160
aus,1123
sin,1111
bas,1102
wie,1087
johr,1058
uf,1057
elsass,1045
ort,1011
sisch,990
hod,977
vunde,961
franzesisch,959
do,954
am,950
aa,945
en,933
an,901
ma,889
haut,881
donn,877
ortschafte,834
se,832
mid,815
elsässisch,800
so,799
awwa,799
lothringe,792
er,790
iss,767
mol,765
um,763
von,756
ìsch,748
km,740
hodd,704
wo,703
werd,699
owerrhaialemannisch,681
soi,670
hat,619
bai,607
aach,602
palz,591
inde,591
dass,586
än,580
odda,576
isbn,566
mer,564
dem,537
laid,537
unnaelsass,525
gschicht,499
sich,497
awwer,483
bei,474
kumme,473
geografie,472
fa,466
was,457
lothringisch,456
war,455
easchte,453
waa,435
schun,425
midd,416
said,411
nn,406
licht,402
iwwer,399
zur,398
schbaija,393
werre,392
zwische,383
lorrain,381
rhoi,380
patois,378
dann,371
fer,370
dud,370
gnennt,370
owwaelsass,369
mìlhüüse,368
of,356
konn,352
ned,350
on,349
the,349
draditionell,348
vor,345
nedd,341
wor,339
odder,328
schdadt,328
haid,327
om,324
joa,322
hawwe,321
belfort,320
mär,311
territoire,310
das,306
fär,301
alle,291
rhaifränkisch,291
pälzer,284
iwwa,279
hawwen,271
www,269
ach,267
http,267
net,266
viel,266
baischbiel,261
vunn,258
ab,257
bade,255
erschde,250
hän,249
den,247
wald,243
daitschlond,242
nur,232
speyer,232
gewwe,231
websaide,227
zwee,227
and,227
dääl,226
ord,224
viele,222
sie,221
dorsch,219
nuch,215
midde,210
gonz,208
wail,208
orde,207
odewald,207
no,206
henn,206
daitsche,203
franche,203
comté,203
ins,202
denne,199
noo,197
zamme,194
gschischd,193
ihr,193
kenne,192
hen,192
äm,191
alles,190
vom,188
hodds,187
deng,187
fr,186
also,184
allem,184
wann,184
norde,183
kurpalz,182
unner,181
oder,179
saint,179
lait,178
alde,178
bärmesens,178
weil,177
daß,177
lès,177
burch,175
drai,175
mim,173
große,172
isses,172
dorf,172
hoddma,172
kabd,171
frongraisch,166
worn,165
fä,164
när,164
weschde,163
verlag,163
raisch,163
zaid,160
gwesd,160
widda,159
widder,158
für,156
awa,156
moselfränkisch,156
oschde,155
ware,155
hesse,155
had,154
annere,152
ausm,151
siede,151
heit,151
all,150
soim,149
baide,149
pfalz,148
web,148
immer,146
vawais,146
uffm,145
onnare,145
stadt,144
trump,144
wärd,143
mehr,143
nach,142
baim,141
lautre,141
oiwuhner,141
soin,140
ebbes,139
pälzische,138
st,137
imma,136
dodemid,136
deel,136
zwää,135
doch,135
grad,135
gfehla,134
schdadd,133
gebiet,133
du,132
dudd,131
hodda,131
kann,130
mea,130
seit,130
unna,130
schbaimara,130
lond,129
end,129
gemeinde,129
juni,127
wonn,126
pälzisch,126
herre,126
jo,125
erschd,125
mache,125
londkrääs,125
sur,125
schdaade,124
grenz,123
bischa,123
durch,123
honn,123
wead,123
ich,123
drei,122
genennt,122
meder,122
ganz,121
ugfähr,121
hodde,121
museum,120
beim,119
gebliwwe,119
doan,119
franc,119
form,118
name,118
kärsch,117
losse,117
rhoilond,117
faschd,117
soll,116
ein,115
wuma,115
dumm,115
oam,114
fläsch,114
hods,114
ofd,114
ischn,114
comtois,114
nix,113
long,112
seid,112
frankraich,112
werren,111
leit,110
där,110
press,109
domols,108
ad,108
ner,107
mai,107
karl,107
dursch,107
traditionell,107
paar,106
dort,106
middm,106
nåme,106
habsburger,106
juli,105
oda,105
woi,105
worr,105
kummt,104
monnem,104
däm,104
geschichte,104
schbrooch,104
uns,104
effeggd,104
le,104
welle,103
gibt,103
ludwichshafe,102
duud,102
heh,102
kurpälzer,102
johrhunnerd,102
gechesatz,102
vawaltung,102
voa,101
gschichd,101
kreis,101
bourgogne,101
mittelalta,101
montbéliard,101
johrhunnat,101
sundgau,101
weschtfälische,101
friere,101
iwriche,101
ohne,100
vier,100
haus,100
dä,99
land,99
unde,99
gschriwwe,99
kää,98
hait,98
to,98
paa,97
heidelberg,97
dorch,97
machd,97
orra,97
wabbe,97
ii,96
heeßt,96
are,96
naischdadt,96
negger,96
frieher,95
ist,95
org,95
dasses,94
gebaut,94
eme,94
onde,94
muss,93
onnere,93
gonze,93
kloschder,93
misse,92
dea,92
jh,92
zeit,92
englisch,92
kummd,91
kuldur,91
lischd,91
nochm,91
soine,91
usa,91
argumentum,91
university,91
schdaad,90
sied,90
ghert,90
gibts,89
schloss,89
ärschd,89
gugschd,89
nai,88
see,88
gebied,88
pälzerwald,88
dere,88
erwähnt,88
iii,88
hans,88
schbäda,87
uffde,87
dun,86
kä,86
cdu,85
glai,85
la,84
derkem,84
kilomeder,84
geographie,84
hrsg,84
judde,84
geht,83
weld,83
friedrich,83
millione,83
groß,83
hott,83
klima,83
mensche,83
new,83
griehd,83
je,82
sei,82
pole,82
gäwwe,82
alla,82
familie,82
sai,81
woischdrooß,81
ledschde,81
doß,81
komma,81
ihre,80
spd,80
demm,80
leewe,80
quelle,80
eine,80
auf,80
guud,80
kaisa,80
keenisch,80
finne,80
kennen,79
greeschde,79
nimmi,79
schbaya,79
bolidig,79
https,79
sinse,79
offiziell,78
archive,78
lewe,77
dezu,77
hots,77
wirddeberg,77
waan,77
derre,76
gehd,76
schunn,76
määnz,76
hochalemannisch,76
maischde,75
doo,75
zwedde,75
uffem,75
awwee,75
dod,75
deswesche,75
will,74
fraa,74
gut,74
amtlich,74
erschdemol,74
auflage,74
ää,74
bloß,74
ourewald,74
agumend,74
hadd,73
johann,73
kallsruh,73
wurd,72
fronzesische,72
gfunne,72
deitsche,72
ischde,72
wus,72
unnem,72
liggt,72
ennere,71
januar,71
hessisch,71
reschd,71
carl,71
baisbiel,71
webpeidsch,71
gsachd,71
krais,71
zwar,70
liechd,70
schbrooche,70
badisch,70
drin,70
geje,70
hawen,69
laach,69
gesche,69
zweebrigge,69
band,69
mehrere,69
wassa,69
ge,69
fallacies,69
saache,68
ketsch,68
nome,68
bergschdrooß,68
wisse,68
efach,68
selwa,68
lothr,68
philosophy,68
hoch,67
buch,67
us,67
rund,67
schdädt,66
dut,66
geld,66
rheinland,66
gebaud,66
weg,66
worrn,66
änna,66
grubb,66
hessische,66
druff,65
naie,65
bau,65
wort,65
während,65
grenze,65
domit,65
her,65
bischof,65
taschenbuch,65
hohe,64
lemberch,64
ea,64
pälza,64
ob,63
mannem,63
heinz,63
owwe,63
gwest,63
noom,63
wohne,63
falsch,63
region,63
erhalde,62
london,62
ihm,62
sind,62
verschiedene,62
ischs,62
nemme,61
zude,61
ah,61
york,61
wasser,61
waida,61
grind,61
womma,61
humborch,61
orrer,61
frija,60
bzw,60
gern,60
sait,60
ia,60
rhoiewene,60
com,60
philosophie,60
siedlisch,59
ihrn,59
zwä,59
johrhunnert,59
grund,59
dänne,59
daidsch,59
ms,59
gäbds,58
hp,58
vumm,58
berlin,58
find,58
schdrooß,58
dånn,58
wesd,58
über,58
pdf,58
rischdisch,58
aad,58
art,58
sowie,58
heidlberg,58
wern,57
märz,57
korz,57
bd,57
emol,57
dord,57
waid,57
robert,57
metz,57
hann,57
mairie,57
wärdschafd,56
onnan,56
online,56
europa,56
ca,56
zurigg,56
deil,56
houmpäidsch,56
haidische,56
chr,56
griesch,56
gniff,56
may,56
doann,56
psychology,56
folgende,55
greeschd,55
meda,55
erscht,55
negga,55
erwähnd,55
fritz,55
gschischt,55
bischdum,55
science,55
center,55
midm,55
netz,55
gebts,54
ganze,54
badische,54
welt,54
auguschd,54
jedes,54
turm,54
graf,54
pfälzer,54
inna,54
republik,54
naije,54
dasse,54
domid,54
seje,54
man,54
unnde,54
begriff,54
elsaß,54
les,54
kehrd,53
sitz,53
issa,53
komm,53
hie,53
wirra,53
schdad,53
gfiehl,53
recht,53
internet,53
rhetorik,53
schnell,52
wolle,52
leid,52
vunnem,52
kriech,52
worms,52
gons,52
heesd,52
au,52
sescht,52
unnerm,51
oiwohner,51
daidsche,51
oiropa,51
beide,51
jetzische,51
muß,51
lui,51
friedhof,51
komme,51
joseph,51
daach,51
berg,51
sidz,51
wenn,50
lieschd,50
beischbiel,50
vordapälzisch,50
ärda,50
oft,50
dr,50
selwe,50
finf,50
soiner,50
feschd,50
dialegd,50
zwädde,50
ere,50
ans,50
gbaud,50
meer,49
sogar,49
peter,49
näh,49
websaid,49
duht,49
paul,49
schdeht,49
bach,49
uffs,49
gebbds,49
propaganda,49
bessa,49
kadolisch,49
neie,49
duasch,49
ladainisch,49
kinna,49
keäasch,49
dodebai,48
russlond,48
nord,48
lang,48
wohl,48
ludwig,48
iwwerm,48
gegrind,48
vol,48
pals,48
federadsionskrääs,48
wär,47
word,47
joor,47
weltkriech,47
unne,47
schaffe,47
rhein,47
heinrich,47
dän,47
style,47
gheerd,47
pabschd,47
wikipedia,47
align,47
maischdens,46
siedweschde,46
rischdung,46
wer,46
johre,46
fck,46
evangelisch,46
noh,46
edition,46
gonge,46
ghere,46
esse,46
kurpälzische,46
ha,46
romanisch,46
aldperdel,46
kraus,46
genau,45
ald,45
martin,45
ruin,45
nennt,45
gemacht,45
määnd,45
gud,45
philipp,45
guude,45
obwohl,45
vasuchd,45
zaidung,45
due,45
glaisch,45
etc,45
ende,44
rum,44
maria,44
ihrm,44
gewessd,44
ausem,44
arde,44
seiten,44
ligt,44
bayan,44
geschicht,44
dialegde,44
hewwe,44
middem,44
vahalde,44
zwischem,44
cambridge,44
oi,44
phrase,44
fronzeesisch,44
person,44
baue,43
gebiede,43
deitschland,43
gemainde,43
wies,43
november,43
dodezu,43
gäbt,43
unnä,43
ausde,43
falsche,43
zaischd,43
ghad,43
landkreis,43
keenigraisch,43
ärschde,43
id,43
ischä,43
fas,43
film,43
font,43
sogaa,42
verbandsgemää,42
michael,42
bier,42
nie,42
middlalda,42
sieht,42
schdell,42
dezember,42
fall,42
weider,42
deutsche,42
geloßd,42
med,42
for,42
aischene,42
griff,42
kerwe,42
ään,42
don,42
rudolf,42
dodemit,42
sohn,42
englische,42
zürich,42
size,42
larger,42
me,41
bildung,41
welles,41
saksä,41
wärn,41
hon,41
ungefähr,41
kaiser,41
burg,41
nordoschde,41
kinner,41
owwer,41
schwaiz,41
jezad,41
bad,41
bolidische,41
redd,41
auch,41
kaiserslautern,41
charles,41
vgl,41
hänn,40
zua,40
selle,40
eu,40
fc,40
johannes,40
inzwische,40
nät,40
kabell,40
reschde,40
zait,40
siedlung,40
mensch,40
hailisch,40
krääs,40
regierung,40
newe,40
nochde,40
wude,40
vu,40
welche,40
denn,40
enn,40
gmachd,40
et,40
schbeda,40
haßloch,40
lings,40
fallacy,40
iv,39
erd,39
bunnäslond,39
bissel,39
beschdeht,39
siehe,39
burgen,39
jürgen,39
schluss,39
bild,39
ihn,39
siedlische,39
wind,39
nerdlisch,39
wesche,39
doi,39
mir,39
arthur,39
schul,39
paris,39
waldfischbach,39
haubdschdadt,39
kunst,39
dassma,39
gemaagung,39
encyclopedia,39
jemond,39
maurice,39
erbach,39
studies,39
han,38
kennt,38
pro,38
felse,38
gäb,38
saide,38
ehemolische,38
sellemols,38
rom,38
main,38
september,38
su,38
induschdrie,38
solld,38
konrad,38
lied,38
geschna,38
ou,38
gemachd,38
zaische,38
château,38
jaahunnad,38
thinking,38
logic,38
oinische,37
bringe,37
alexander,37
umgewung,37
bayern,37
offizielle,37
klääne,37
derfer,37
gymnasium,37
belgje,37
verainischde,37
wonnse,37
donald,37
wocheend,37
iwa,37
lideradur,37
doad,37
germersche,37
gibds,37
nied,37
mischlbach,37
resource,37
hansen,37
sache,36
gebt,36
nadierlisch,36
wischdische,36
nämlich,36
sunnan,36
nicht,36
macht,36
weblings,36
veroi,36
urschbringlisch,36
beschde,36
lieder,36
deitsch,36
gherd,36
deutschland,36
saarlond,36
ordnung,36
haiser,36
inwohner,36
franz,36
mi,36
hoda,36
wörterbuch,36
oddo,36
soina,36
nenne,36
germane,36
rhoihesse,36
saim,36
hambach,36
aussache,36
elwedritsche,36
saa,36
kraichgau,36
uugfea,36
introduction,36
peer,36
schopenhauer,36
außerdem,35
jesus,35
siedoschde,35
pfälzische,35
selwer,35
fun,35
wilhelm,35
erb,35
wails,35
hänse,35
unnam,35
schloß,35
godd,35
waas,35
kanton,35
fluss,35
åm,35
wuse,35
reclam,35
kilometer,35
kead,35
irlond,35
vunna,35
sous,35
druchschluss,35
dissonanz,35
eristische,35
haufe,34
dridde,34
ums,34
birgamaischda,34
walter,34
amtlisch,34
isse,34
urkund,34
numme,34
ande,34
siwwe,34
däl,34
kall,34
abril,34
sehr,34
relischion,34
august,34
dassde,34
news,34
ded,34
halde,34
gwessd,34
woche,34
kurpälzisch,34
äner,34
unser,34
liehd,34
insel,34
kerb,34
neuauflage,34
wirddebärsch,34
tulla,34
iwwerwald,34
boston,34
fehla,34
satureja,34
reasoning,34
cohen,34
dialektik,34
files,34
trugschluss,34
eh,33
ääns,33
warum,33
gebild,33
links,33
mannemer,33
wais,33
weller,33
holz,33
brihl,33
länner,33
nei,33
aufl,33
schbeder,33
kärch,33
jetzt,33
feschde,33
wird,33
redde,33
reemisch,33
easchde,33
linie,33
kummen,33
gschdorwe,33
baud,33
krische,33
eja,33
routledge,33
friede,33
ne,33
via,33
blies,33
reich,33
ville,33
sternberg,33
lateinische,33
vale,33
remmele,33
leonard,33
critical,33
iep,33
reviewed,33
academic,33
logische,33
kän,32
sondern,32
ja,32
jahre,32
nordweschde,32
daidschlond,32
dess,32
erschte,32
wenisch,32
wahl,32
klää,32
fließd,32
schdehd,32
kraischgau,32
gugge,32
summer,32
april,32
lischt,32
ääm,32
krieg,32
lugsebursch,32
gege,32
uugfähr,32
schdeje,32
werner,32
innem,32
wonns,32
as,32
kurt,32
nr,32
sach,32
selwad,32
dene,32
härschhorn,32
fischer,32
ån,32
schriese,32
binsfeld,32
graaichgau,32
linux,32
sidfränkisch,32
hd,32
halpern,32
behalten,32
hübscher,32
haffmans,32
hamblin,32
methuen,32
finocchiaro,32
galileo,32
dordrecht,32
pinto,32
classical,32
contemporary,32
readings,32
irving,32
copi,32
oclc,32
persone,31
gibd,31
nooch,31
fir,31
inn,31
mm,31
gar,31
ball,31
iane,31
hornbach,31
aber,31
russische,31
fronzesisch,31
kopp,31
hof,31
deutschen,31
christoph,31
jahr,31
gewähld,31
idalje,31
ons,31
reemische,31
noi,31
hischdorische,31
christian,31
diregd,31
ian,31
dom,31
roll,31
far,31
sankt,31
krischd,31
jaahunad,31
schimmeldewoog,31
effect,31
nor,30
außa,30
devun,30
õõ,30
meischde,30
weschd,30
schdädte,30
betze,30
endwiggeld,30
jede,30
direkt,30
grais,30
fließt,30
wasgau,30
wolfgang,30
literatur,30
waidere,30
gemach,30
vadder,30
firma,30
oifluss,30
oig,30
rischd,30
redorische,30
oigsedzd,30
volg,30
theorie,30
idee,30
bissl,30
dal,30
nit,30
regione,30
remische,30
kurpfalz,30
re,30
keschde,30
dail,30
änn,30
becker,30
journal,30
gegrinded,30
seille,30
val,30
oschtfränkisch,30
bias,30
fehlschluss,30
fahre,29
vorm,29
provinz,29
seine,29
grafe,29
februar,29
könne,29
daniel,29
mundart,29
brunne,29
va,29
burche,29
soldade,29
gehe,29
adolf,29
gschaffe,29
grooße,29
soziale,29
voll,29
mich,29
esch,29
laafe,29
gegrindt,29
wasse,29
bischuf,29
rhoiland,29
ufde,29
engl,29
lache,29
haisa,29
tiam,29
hoffe,29
gnu,29
sec,29
ìm,29
nordowerdaitsch,29
kongo,29
allerdings,28
vorher,28
weschdlisch,28
besser,28
frongedahl,28
meh,28
zwaa,28
nerdlische,28
thomas,28
dassa,28
schtadt,28
schdehe,28
audore,28
haad,28
euro,28
annerem,28
anno,28
gemarkung,28
weit,28
vaschiedene,28
fade,28
gseje,28
fagde,28
ukraine,28
bin,28
bilde,28
gedischde,28
sein,28
schdelle,28
weschdpälzische,28
schdää,28
unter,28
stadd,28
sehe,28
granit,28
wamiba,28
brasilje,28
kognitive,28
gschlosse,27
koschde,27
kommt,27
wärre,27
wäa,27
si,27
liegd,27
fascht,27
londkräs,27
praiße,27
zendrum,27
gmbh,27
hitler,27
häd,27
äbbes,27
glääni,27
fiad,27
sischd,27
jedi,27
wua,27
wiese,27
hominem,27
gekännd,27
stuttgart,27
genennd,27
saaland,27
schwede,27
mähner,27
londkrais,27
voam,27
dazu,27
informazione,27
greschde,27
gebore,27
bliede,27
pennsylvania,27
ewwerbach,27
schdift,27
odenwald,27
baden,27
kb,27
gwesst,27
speyerer,27
neggerschdånisch,27
adiggel,27
sainte,27
aux,27
aschbach,27
schoinagumend,27
sowohl,26
kään,26
jeder,26
kriet,26
hald,26
außer,26
bärsch,26
gebrung,26
kennd,26
fronzose,26
bursch,26
läng,26
isser,26
gsaad,26
achd,26
bockrem,26
devu,26
kee,26
doher,26
burge,26
herzoch,26
kerch,26
park,26
genutzt,26
freie,26
lidaradur,26
schbaijmara,26
blos,26
schraiwe,26
düsseldorf,26
unnasuchd,26
reschion,26
saidem,26
doßs,26
og,26
abg,26
fake,26
kaum,26
vadda,26
bschdimmde,26
wisseschafdlische,26
hääßd,26
otto,26
dt,26
landach,26
sunn,26
gee,26
trainer,26
schließlisch,26
solle,26
schule,26
ääna,26
mann,26
ziel,26
albrecht,26
wilhelmsfeld,26
hermann,26
oa,26
haubdschdrooß,26
jeda,26
ligge,26
adam,26
såndhause,26
avold,26
tuam,26
brodugd,26
ehr,25
asie,25
hochdaitsch,25
deshalb,25
volk,25
fläch,25
oschd,25
iwwers,25
napoleon,25
schbäder,25
kadolische,25
innerhalb,25
weidere,25
zahle,25
einer,25
äns,25
damit,25
mä,25
varoi,25
kwällä,25
geheert,25
mein,25
georg,25
sondan,25
daal,25
devuu,25
gold,25
hoche,25
vakea,25
schdigg,25
friedrisch,25
gäbd,25
fernseh,25
fan,25
kenn,25
thema,25
saidm,25
siehd,25
isches,25
reema,25
münchen,25
gedichte,25
glaawe,25
iwwernumme,25
na,25
eines,25
dääd,25
fischbach,25
ghalde,25
alt,25
frz,25
männa,25
selbschd,25
orre,25
ai,25
pungd,25
brigg,25
ameriga,25
pingschde,25
lische,25
kulturdenkmäler,25
risiko,25
oag,25
chile,25
libye,25
schleschde,25
appell,25
derf,24
waider,24
befind,24
kenisch,24
liegt,24
gange,24
badai,24
sachd,24
alladings,24
wa,24
zerschderd,24
bernhard,24
general,24
meischdens,24
schbord,24
brusel,24
gehatt,24
bärmesenser,24
uffg,24
eestraisch,24
nadialisch,24
monad,24
bedaidung,24
schdarg,24
jiidische,24
änere,24
wädd,24
sand,24
grubbe,24
gheert,24
national,24
haifisch,24
or,24
wenischa,24
frankfurt,24
birscha,24
wisseschafd,24
verwendt,24
minche,24
ze,24
oiwuhnerendwigglung,24
moinde,24
månnem,24
alder,24
lorsch,24
geleje,24
neh,24
mauer,24
kärsche,24
iwwas,24
daade,24
aldrhoi,24
berwartschdä,24
weiße,23
wege,23
bekannt,23
schwarz,23
zusamme,23
raum,23
driddl,23
geschdorb,23
auße,23
sechs,23
thon,23
bilder,23
truppe,23
werde,23
hailische,23
waren,23
sebdember,23
halle,23
wieder,23
gehert,23
audor,23
bekannd,23
lieje,23
nóó,23
gaa,23
russisch,23
dodruff,23
uffgrund,23
schon,23
rand,23
haidlbärsch,23
kumm,23
youtube,23
diedesfeld,23
unnen,23
eng,23
sog,23
orewald,23
bolidik,23
ghatt,23
bund,23
bevelkerungsdischd,23
uhne,23
ghabd,23
hochdeitsch,23
steht,23
unsa,23
weldgriesch,23
grafschaft,23
därre,23
schdaddeel,23
episode,23
hoggene,23
gwelle,23
hunsrigg,23
gmeela,23
kies,23
vawaldung,23
draiegg,23
schopp,23
neidorf,23
brobagonda,23
braibäjsch,23
experimend,23
brauch,22
werrn,22
sunschd,22
teil,22
herz,22
bersch,22
ewe,22
onna,22
ihrer,22
babble,22
wissloch,22
warn,22
hegschde,22
schwetzinge,22
owwerburch,22
seide,22
fels,22
zurick,22
pfälzisches,22
kriesch,22
homepage,22
ix,22
gong,22
jacob,22
nochem,22
eraignis,22
buche,22
kaisaraisch,22
flagg,22
uug,22
glaische,22
kleene,22
swr,22
aischendlisch,22
broblem,22
wischdisch,22
bloss,22
wien,22
hilf,22
seite,22
summa,22
nochdem,22
amerika,22
wea,22
fers,22
oo,22
aade,22
lehe,22
mudda,22
gånz,22
leben,22
änzlnochweis,22
bode,22
rehbach,22
grein,22
ghat,22
kulduadeng,22
kisch,22
oan,22
familje,22
bojalwe,22
paag,22
mexiko,22
space,22
lag,22
meleboges,22
social,22
dodebei,21
blaiwe,21
audo,21
aller,21
aldi,21
wesch,21
grindung,21
ag,21
israel,21
awwe,21
acht,21
auguscht,21
daitschland,21
meend,21
müller,21
aue,21
gude,21
färs,21
dezemba,21
effendlische,21
himmel,21
mo,21
inne,21
woinem,21
wahle,21
bojamääschda,21
verwaldung,21
mansche,21
eher,21
schdudesee,21
monsche,21
aahald,21
wobai,21
präsidend,21
uffgebaut,21
ålach,21
schlesser,21
junge,21
longi,21
schuh,21
zwätte,21
känne,21
sv,21
ähnlisch,21
janua,21
fraie,21
iwwahaubd,21
zwischen,21
helmut,21
tonne,21
waare,21
nååme,21
ihne,21
hälfd,21
rod,21
greeßa,21
woischdroß,21
hääßt,21
großes,21
zeh,21
ejemolische,21
vunem,21
international,21
that,21
saachd,21
soviel,21
haubd,21
schdudje,21
liesche,21
it,21
website,21
gejend,21
annare,21
grenzd,21
prozent,21
fließe,21
dfb,21
platz,21
saison,21
richard,21
mannheim,21
lidaradua,21
herr,21
kind,21
vorderpalz,21
gemißd,21
hinner,21
feld,21
easchd,21
wisseschafdla,21
kolonie,21
zeid,21
neckar,21
louis,21
gemäände,21
ried,21
mne,21
mitt,21
griene,21
weide,21
bied,21
rhoizawere,21
gmainde,21
iwam,21
mauwa,21
croix,21
strasbourg,21
drumm,21
holunder,21
ergewnis,21
moderne,20
jedem,20
erschdmols,20
kehre,20
großi,20
machen,20
medropolregion,20
haidisch,20
tod,20
gsehe,20
landau,20
forschd,20
grawe,20
palzgraf,20
steiner,20
gäbbt,20
zuerschd,20
gewählt,20
alte,20
schbiele,20
sender,20
nadur,20
zigglhause,20
häwwe,20
sprooch,20
magdebursch,20
rode,20
hainrisch,20
gschbroche,20
nazis,20
menge,20
salz,20
drachefels,20
urkundlich,20
ufm,20
roman,20
nudzd,20
met,20
ewene,20
gmäänd,20
allg,20
aischn,20
entwicklung,20
münster,20
soinäre,20
max,20
parrer,20
driwwe,20
mio,20
gebabbeld,20
wolld,20
ääfach,20
hodse,20
kaafe,20
äänzisch,20
dief,20
alemannische,20
hier,20
derfe,20
rad,20
verwend,20
evangelische,20
hab,20
ladain,20
serie,20
basse,20
bundsandschdåå,20
fusion,20
glashitt,20
endschaidung,20
entstanne,20
äna,20
fadie,20
bood,20
oande,20
ua,20
weeß,20
lååme,20
alsace,20
owwerzent,20
bohnekraut,20
allende,20
from,20
missen,19
dodraus,19
wischdigschde,19
san,19
vietnam,19
relischione,19
länna,19
wanns,19
infraschdruggdur,19
union,19
äh,19
enner,19
kammer,19
kunschd,19
hemshof,19
saarbrigge,19
auswahl,19
obba,19
uffgschdelld,19
maischd,19
brd,19
unnerburch,19
jakob,19
halt,19
lemberg,19
geloss,19
schdadtrad,19
zerschdert,19
kommunalwahl,19
bayrische,19
messe,19
heidelberjer,19
ernst,19
glei,19
ghead,19
grumbeere,19
braid,19
fraihaid,19
gaaned,19
reemer,19
landaach,19
aale,19
fea,19
ärsch,19
bääm,19
eschdlisch,19
gemainderad,19
cd,19
grundschul,19
grupp,19
oktober,19
fußball,19
monn,19
meenung,19
driwwa,19
bsondas,19
gen,19
weschede,19
soga,19
demokratie,19
dåhner,19
albert,19
deils,19
gebb,19
amd,19
außerdemm,19
hochdeitsche,19
liebe,19
außadäm,19
doßa,19
gfalle,19
boim,19
blau,19
herrschafd,19
gewesd,19
hotter,19
heidische,19
saulnois,19
meter,19
falle,19
gschaffd,19
offe,19
leeß,19
ehnedd,19
deile,19
kinschdler,19
schadde,19
iwwam,19
sain,19
schuld,19
endschdanne,19
neadlisch,19
gmoind,19
schwann,19
åfang,19
neilosse,19
meckse,19
thionville,19
gemääe,19
willer,19
blog,19
jåhr,19
bräischboch,19
bahnhof,18
modor,18
sogenannde,18
frei,18
ener,18
sunnern,18
heeße,18
maua,18
beginnend,18
farb,18
seim,18
begonne,18
sehenswirdischkaide,18
heere,18
zammegschlosse,18
hälft,18
waila,18
ehre,18
gebäude,18
karlsruh,18
braun,18
bitsch,18
werke,18
nadierlich,18
schuhinduschdrie,18
nochemol,18
nunner,18
minsche,18
bruder,18
graad,18
raich,18
mitglied,18
lieche,18
afrika,18
kimmd,18
bevelgarung,18
gild,18
schobbe,18
wailse,18
babbld,18
dinge,18
wonna,18
theme,18
hedd,18
dunning,18
iwwade,18
wohrhaid,18
project,18
glääne,18
köln,18
jost,18
ruh,18
ungarn,18
dåhn,18
wärderbuch,18
werge,18
bundeslicha,18
city,18
schbayabach,18
werden,18
german,18
soinere,18
heer,18
gekennd,18
noad,18
beschdehd,18
dieuze,18
ridder,18
dach,18
nutzung,18
kongress,18
not,18
unnaschied,18
frisch,18
etwa,18
suhn,18
kam,18
seiner,18
marie,18
weiß,18
geologie,18
werk,18
einem,18
kilomeda,18
sischa,18
mossbach,18
guggd,18
wirrer,18
großer,18
lehrer,18
äni,18
altlosse,18
zaschdead,18
awer,18
null,18
gottfried,18
jean,18
begriffsklärung,18
walldoaf,18
epflbach,18
ännare,18
dunk,18
erdeel,18
meeresspiechel,18
keach,18
ìn,18
sierck,18
padding,18
px,18
krim,18
melibokus,18
dàl,18
montreux,18
halo,18
rougemont,18
nemmt,17
genannt,17
bassierd,17
endgildisch,17
technik,17
gebbd,17
weiler,17
schina,17
indie,17
werds,17
äldere,17
jetz,17
hamburg,17
besteht,17
wir,17
codex,17
balin,17
bundesrepublik,17
weschdlische,17
baure,17
änner,17
genauso,17
jung,17
geworre,17
worde,17
lehr,17
fwg,17
gschafft,17
wore,17
henry,17
baade,17
hamburch,17
weschdfaale,17
mehrschd,17
drumerum,17
spitz,17
erkenne,17
näwer,17
kapell,17
wahrschoinlich,17
zaide,17
fraue,17
fuß,17
schdroß,17
gelände,17
zwäbrigge,17
verkehr,17
einzelnachweise,17
neggerdal,17
zug,17
unns,17
zwelf,17
ziemlisch,17
albe,17
naizaid,17
nadzion,17
halb,17
bschdehd,17
hambacha,17
prozend,17
zahl,17
bahn,17
oirischdunge,17
religion,17
duun,17
scheene,17
inhald,17
joar,17
worschtmarkt,17
keese,17
ämol,17
kläne,17
wissen,17
john,17
ausg,17
valore,17
tu,17
alsn,17
indema,17
onnaschda,17
gleene,17
aldanadive,17
disch,17
unesco,17
heimat,17
mosel,17
herrschd,17
långe,17
daa,17
jiddisch,17
wärder,17
projekt,17
ghed,17
iam,17
sorde,17
gewest,17
sonnern,17
fünf,17
dodevu,17
dat,17
moi,17
rhåi,17
genumme,17
daßa,17
schwarze,17
wilde,17
musik,17
blut,17
jazz,17
låndgrais,17
schdregg,17
gsellschafd,17
sunndag,17
cm,17
bülent,17
ufs,17
kusel,17
minz,17
midglieda,17
oannare,17
ligd,17
petit,17
winne,17
schdudende,17
ham,17
persenlischkaide,17
hodma,17
blångeloch,17
bensem,17
voadapals,17
daniela,17
eschlbrunn,17
bouzonville,17
bitche,17
grande,17
wolln,17
gmaind,17
gmeiner,17
kernel,17
pastafari,17
oiflusse,17
därf,16
geh,16
nennd,16
bairische,16
bayer,16
japan,16
selde,16
normal,16
außadem,16
politik,16
heute,16
greescht,16
europäische,16
universidäd,16
nämlisch,16
schdadtdääl,16
beschdehe,16
vorsitzende,16
vordere,16
wara,16
hubert,16
neistadt,16
newa,16
grenzt,16
wida,16
zwääbrigge,16
besitz,16
gefunn,16
hònau,16
englond,16
verb,16
inneschdadt,16
kultur,16
owwerhalb,16
west,16
rhoipalz,16
offene,16
luft,16
ludwigshafen,16
bibliothek,16
gsunge,16
reichsstadt,16
druf,16
wussd,16
wos,16
hannover,16
doßse,16
nõõ,16
idalie,16
ziehe,16
middel,16
erfunne,16
eweso,16
datei,16
bekannde,16
wieda,16
lexikon,16
bursche,16
schää,16
uhrzaigersinn,16
dahner,16
moin,16
medije,16
heeßd,16
bolidigg,16
aussach,16
zudem,16
nomol,16
ausdrugg,16
david,16
american,16
schdeed,16
herrschaft,16
nägschde,16
schweiz,16
seller,16
los,16
äldschde,16
uni,16
ainische,16
gehds,16
midglied,16
gånze,16
wah,16
joore,16
dridd,16
konnt,16
insekte,16
flesch,16
adiggl,16
desdewesche,16
vogese,16
schdaag,16
monschmol,16
insl,16
dollar,16
bladz,16
koaz,16
rer,16
hektar,16
universität,16
kurfärschd,16
dääls,16
griech,16
verbunne,16
ardiggl,16
mark,16
kleschder,16
beede,16
württemberg,16
innere,16
ketscha,16
schbield,16
chor,16
linje,16
milich,16
schdånisch,16
karlsruhe,16
handbuch,16
wurde,16
gugg,16
salzburg,16
dummgaade,16
bauwe,16
gleeni,16
guggschd,16
brozend,16
schdaddbrond,16
vochel,16
fernsehserie,16
rhoifrängische,16
mhz,16
bains,16
cc,16
lieux,16
sulz,16
vulgaris,16
tipische,16
gundersheim,16
betrieb,15
bligg,15
kirche,15
anilin,15
woch,15
ludwigshafe,15
klaa,15
ähnlich,15
määne,15
neggar,15
nua,15
baddeberg,15
funne,15
lorscher,15
residenz,15
zentrum,15
hisdorische,15
schneider,15
spiel,15
hand,15
biss,15
mundardaudore,15
einische,15
waidare,15
deswege,15
arme,15
rahme,15
siedlunge,15
brandebursch,15
nordrhoi,15
schdammd,15
äfach,15
erhall,15
siedliche,15
ufflach,15
südpfalz,15
hoinrich,15
urkunde,15
waise,15
wollt,15
institut,15
butonik,15
hats,15
schbeyer,15
winder,15
ennrer,15
josef,15
wigipedia,15
fohr,15
saare,15
knapp,15
russland,15
germanische,15
raus,15
deutsch,15
endschdonne,15
raische,15
braide,15
fauna,15
friehe,15
schudz,15
hrr,15
gruße,15
schdimme,15
longe,15
bip,15
desweege,15
schorle,15
halwe,15
tourismus,15
schdamme,15
mussig,15
hoddn,15
wiede,15
quoque,15
lossen,15
you,15
dedn,15
geschedeel,15
werder,15
schdiel,15
sebdemba,15
vasuch,15
washington,15
post,15
were,15
halwer,15
woms,15
vabunne,15
jahrhundert,15
gesellschaft,15
geschichd,15
historische,15
därfer,15
vi,15
bischd,15
wia,15
nordsee,15
rausgewwe,15
liga,15
frai,15
lese,15
aal,15
endwiggld,15
gedischt,15
melodie,15
kaafd,15
desdeweje,15
naii,15
räschd,15
dodevun,15
milde,15
gaul,15
glää,15
waffe,15
deitschlånd,15
sea,15
hochschdifd,15
mußbach,15
stefan,15
werschwiller,15
errbach,15
ordsdeel,15
rot,15
sainer,15
gloschda,15
hääschde,15
hegdaa,15
lauf,15
lambdazismus,15
neue,15
meckrem,15
bringd,15
buggl,15
gewe,15
dai,15
hoddse,15
laafd,15
hawwense,15
schded,15
oagfonge,15
nee,15
landgrais,15
schwer,15
research,15
kaad,15
zaidschrifde,15
noame,15
kg,15
waahaid,15
dammstadt,15
ongschd,15
universum,15
folge,15
acb,15
waibscht,15
nimmermehr,15
mätz,15
geologische,15
bauweak,15
vahl,15
petite,15
mines,15
harrsch,15
kocherbach,15
chaux,15
kemal,15
vawond,15
gesprochen,15
akira,15
rimdidim,15
effekt,15
wihr,15
riggschlach,15
killaphrase,15
erschdmol,14
dämm,14
änzelne,14
endwigglung,14
nowemba,14
farwe,14
änre,14
milliarde,14
genumm,14
erum,14
zooloschie,14
dabei,14
weesche,14
spielt,14
sitze,14
lautrer,14
letschde,14
mitglieder,14
wachse,14
schdil,14
gnumme,14
firme,14
ordsdääl,14
verbondsgemää,14
jahrhunnert,14
bezaischned,14
gabs,14
günter,14
londgrais,14
haubdsäschlisch,14
bremä,14
ännrer,14
klänne,14
siedlich,14
burgenparadies,14
gebannte,14
unnahbare,14
zauberburg,14
pirminius,14
dääle,14
owwere,14
ehemalische,14
kuldurelle,14
sollde,14
kanal,14
hänge,14
gerhard,14
lange,14
saumaache,14
bsunnaschd,14
weltkriesch,14
armee,14
känna,14
england,14
unnernemme,14
sammlung,14
donau,14
fliss,14
flora,14
laache,14
alpe,14
problem,14
goldene,14
symbol,14
zaisch,14
bonn,14
beginn,14
professor,14
joachim,14
grosse,14
with,14
konde,14
folsche,14
leschd,14
gschbräsch,14
schdelld,14
obfa,14
vabindung,14
dong,14
werdschafd,14
endschaidunge,14
programm,14
ganedd,14
unnasuchunge,14
medizin,14
weldwaid,14
beck,14
dodefär,14
wälder,14
berge,14
erzählung,14
nacht,14
lemma,14
zwe,14
frieh,14
säsong,14
midglieder,14
schaffd,14
pungde,14
weinstraße,14
brentano,14
hawe,14
vagesse,14
gwähld,14
waiße,14
frankreich,14
sinagog,14
außerm,14
verbindung,14
lichteberch,14
heid,14
worschd,14
middelalder,14
barbarossa,14
bißje,14
ausbildung,14
jan,14
genuch,14
gschdelld,14
minudde,14
ausgebaud,14
gemääne,14
städt,14
internetpräsenz,14
tibische,14
frau,14
gfaiad,14
bliehe,14
mildeberg,14
gilt,14
emma,14
ordsname,14
kees,14
zomme,14
lewwerworschd,14
regionale,14
eel,14
flääsch,14
pelsa,14
onare,14
haafe,14
pelsische,14
krong,14
bnudzd,14
nochrischde,14
nachd,14
hoddmase,14
jedz,14
unnergrund,14
ei,14
una,14
lingefeld,14
michel,14
knabb,14
indem,14
moralisch,14
fläsche,14
wingl,14
sommerlatt,14
äänzlnoowääs,14
ladainische,14
flugzaisch,14
alzey,14
åå,14
umso,14
stauffenberg,14
pierre,14
verwendung,14
weblink,14
courcelles,14
haidige,14
roche,14
diefebach,14
wìnge,14
michelbach,14
weschem,14
burchfelse,14
palzki,14
kafreidag,14
vb,14
osmane,14
zuna,14
kahneman,14
effegd,14
braaremisch,14
teschnigg,14
self,14
frauwe,14
dònn,14
gunnerschem,14
fomo,14
usw,13
control,13
unnerschied,13
michaels,13
lasse,13
somid,13
axolotl,13
ke,13
gelde,13
fdp,13
glaischzaidisch,13
ruf,13
geografisch,13
umgewwe,13
stell,13
bauer,13
beschd,13
gheere,13
selbad,13
ännäre,13
gruppe,13
nahe,13
erschdreggd,13
gerd,13
wolf,13
frängische,13
liggd,13
eena,13
kaaf,13
geblibb,13
beiträge,13
bevor,13
gewässt,13
pirmasens,13
vorbai,13
bauwerge,13
gebraucht,13
nätt,13
air,13
ober,13
trier,13
hell,13
basiert,13
mudder,13
schdifd,13
gott,13
klaus,13
emm,13
red,13
ledschd,13
middlere,13
händ,13
aache,13
õõzahl,13
bolidisch,13
gedrennd,13
funde,13
schee,13
hea,13
unsere,13
anonyme,13
nain,13
nimmd,13
videos,13
verein,13
umde,13
ischa,13
nochn,13
kerd,13
freunde,13
sedzd,13
ofong,13
bald,13
daidlisch,13
dodriwwa,13
kruger,13
zommehong,13
sejen,13
belesch,13
isn,13
schunmol,13
bleed,13
meng,13
naijes,13
saine,13
hee,13
amis,13
dich,13
pennsilfaanisch,13
laut,13
morje,13
esperanto,13
oschdsee,13
herd,13
monaggo,13
roode,13
uefa,13
denoo,13
träner,13
gehadd,13
konnd,13
text,13
enere,13
ufer,13
jiddische,13
einen,13
kännd,13
hodn,13
gbliwwe,13
gmää,13
weege,13
fußgennem,13
sins,13
kölle,13
koche,13
gechend,13
fronkreich,13
nuff,13
mitte,13
gehat,13
gaade,13
rothaus,13
charlotte,13
dore,13
bedeidung,13
läwe,13
rolle,13
diefewene,13
konns,13
rohrbach,13
änd,13
ed,13
schdand,13
lodringe,13
joahunnad,13
leopold,13
faind,13
wamma,13
gräschde,13
wein,13
lång,13
äänzlnoowais,13
keschdebääm,13
keschdebersch,13
enderle,13
anna,13
regional,13
ceylan,13
fimf,13
woerr,13
stand,13
fisch,13
ton,13
führer,13
dòhn,13
wesde,13
schbroche,13
schbaijadoaf,13
effendlisch,13
käjsch,13
draache,13
dir,13
mach,13
unnade,13
noade,13
gbied,13
drubbe,13
uffgbaud,13
gbrochd,13
vakaafsflesch,13
kohlhammer,13
ähnlische,13
schiwwerschdadt,13
nem,13
lischdeschdain,13
veltehouf,13
gfahre,13
zwei,13
brauchdum,13
nudzung,13
seeschle,13
seeschl,13
belgisch,13
blads,13
onnares,13
ramschdää,13
viva,13
zuzehause,13
sarreguemines,13
vic,13
nochdemm,13
ånnare,13
george,13
graifswald,13
oblast,13
mustafa,13
grade,13
brogramm,13
kwälldegschd,13
terex,13
naideschdoi,13
schdaddmauwa,13
evidence,13
volkswagen,13
deden,13
aagumend,13
chavannes,13
romagny,13
krischen,13
rebound,13
lachapelle,13
feelschluss,13
gemoinde,12
uhr,12
gmacht,12
kondinend,12
afriga,12
laihd,12
beispiel,12
vieh,12
eier,12
räschds,12
grienschdadd,12
bekånnd,12
loininge,12
weeje,12
ennre,12
ass,12
außerhalb,12
gebbt,12
punkt,12
gewunn,12
schbiel,12
franzose,12
josua,12
grieschische,12
wedder,12
schema,12
heilische,12
schdammt,12
uffgebaud,12
political,12
männer,12
beraisch,12
derfel,12
eem,12
deno,12
schdaddgfunne,12
berchfried,12
änzisch,12
entschdonn,12
literadur,12
marco,12
keddigkeit,12
draus,12
dro,12
quell,12
emil,12
moler,12
gehäß,12
londgraf,12
sänger,12
onner,12
medie,12
daitscher,12
oskar,12
geschichten,12
zåmme,12
pa,12
duajsch,12
akademie,12
anton,12
zidaad,12
ausgab,12
historischen,12
kohl,12
daßse,12
hochdaitsche,12
daitschi,12
wesdlische,12
raischd,12
airopäische,12
johrhunnad,12
keen,12
ging,12
vawend,12
norwege,12
besedzd,12
bevelkerung,12
oiropäische,12
eens,12
dialeggde,12
urschbrung,12
schbanisch,12
kelde,12
insgsomd,12
zucker,12
ischse,12
blasonierung,12
vunärem,12
stick,12
dezukumme,12
texde,12
vumme,12
maikammer,12
hambacher,12
bolidigga,12
alsde,12
geschede,12
sozijale,12
saach,12
whataboutism,12
gfrochd,12
america,12
schleschd,12
by,12
zuhera,12
schdudije,12
vaeffendlischd,12
fiehre,12
nato,12
gonse,12
feierwehr,12
dunnersbersch,12
glas,12
aischndlisch,12
gewäßd,12
abhängisch,12
allen,12
verlagsanstalt,12
side,12
vorkumme,12
pennsylvanisch,12
dohie,12
verzählt,12
bleiwe,12
hiwwe,12
halbinsel,12
zwädd,12
manfred,12
enthalde,12
bäsch,12
vorsidz,12
dischder,12
haben,12
deutscher,12
bruno,12
maure,12
hädde,12
bsedzd,12
sellem,12
erich,12
hett,12
rescht,12
gemä,12
drum,12
erinnert,12
guck,12
egal,12
schade,12
misch,12
parra,12
hohle,12
anner,12
urkundlisch,12
wänd,12
schwazeagger,12
ingwiller,12
mainz,12
saabrigge,12
moos,12
moinz,12
geghert,12
ewefalls,12
sr,12
ver,12
gfeiert,12
uaschbringlisch,12
ludwisch,12
minded,12
siedlungs,12
erbaud,12
taunus,12
närdlisch,12
gegend,12
aldrib,12
käwwer,12
greeßere,12
später,12
dialeggd,12
gimmeldinge,12
daaschberg,12
oadsdeel,12
version,12
siedlischi,12
nordpälzer,12
rheifränggisch,12
iwwergang,12
forme,12
keasch,12
schdedd,12
unem,12
waldsee,12
zwischm,12
gfaijad,12
bauweag,12
gregschde,12
bdriewb,12
sinnse,12
raa,12
kånn,12
elsenz,12
annwailer,12
stumpf,12
grong,12
erbaut,12
gleischzeidisch,12
lieda,12
beherde,12
zimmermann,12
at,12
dengd,12
ga,12
moselfrängische,12
katzenberger,12
jahunnad,12
umfassd,12
ann,12
gwonne,12
ars,12
bénestroff,12
église,12
haute,12
puttelange,12
vieux,12
südhessisches,12
kocherthal,12
auswannerer,12
information,12
anze,12
moder,12
medersche,12
gare,12
gloschder,12
schdaffl,12
enagie,12
atatürk,12
grouße,12
krischdalline,12
salvador,12
elemend,12
maschin,12
aiabescha,12
bottom,12
frisea,12
hynkel,12
bali,12
nåchbagmainde,12
schbeeschbach,12
davuu,12
bergstrooß,12
koann,12
teschnigge,12
vazerrung,12
odewaldkreis,12
pratensis,12
pfìrt,12
màsmìnschter,12
rìmbàch,12
rodere,12
dànn,12
àlt,12
aigeschafde,12
eraigniss,12
riggguggfehla,12
auxelles,12
châtelet,12
lepuix,12
season,12
tees,12
walton,12
audorided,12
werscht,12
prämiss,12
rosinepigge,12
jomond,12
däss,11
zuch,11
needisch,11
ferdisch,11
nämme,11
wärrn,11
londschafd,11
baude,11
barogge,11
unnanehme,11
schemie,11
co,11
noochwais,11
dinn,11
bey,11
syschdematik,11
partei,11
wähle,11
solsche,11
ddr,11
effendlischkaid,11
sinns,11
gfär,11
theader,11
regierende,11
gschpielt,11
karde,11
letscht,11
stadion,11
benutzt,11
unnaschiedlisch,11
wissenschaft,11
planze,11
diese,11
haardt,11
egg,11
eschde,11
fier,11
laischd,11
hääm,11
woibau,11
gsamde,11
greßere,11
zoll,11
nidasaksä,11
felseburch,11
wahrschains,11
kommer,11
komplett,11
schdä,11
fenschder,11
regensburch,11
burgenlexikon,11
waasgau,11
minze,11
òfong,11
lerne,11
simon,11
vorhondene,11
besonners,11
volkskunde,11
verdel,11
gebaide,11
domolische,11
open,11
internationale,11
hauptsächlich,11
ausgebaut,11
arisch,11
radio,11
hatt,11
gegrindet,11
matthias,11
iwwersedzung,11
noinclude,11
werg,11
rausgewwer,11
freien,11
woifeschd,11
ess,11
polnische,11
daßs,11
dialekte,11
wiema,11
tschechie,11
ziehd,11
sodass,11
seldene,11
winter,11
häßd,11
gebrochd,11
kondroll,11
gliedarung,11
oischdellung,11
äldschd,11
nikolaus,11
dodzu,11
schrifdlisch,11
kloschda,11
fäddisch,11
ääne,11
dringe,11
gehen,11
nemmen,11
ordsbirgamaischda,11
bernd,11
lichd,11
vahinnare,11
why,11
methode,11
populum,11
gd,11
oidrugg,11
efache,11
konnde,11
great,11
framing,11
schunschd,11
lee,11
lufd,11
middl,11
public,11
gebraachd,11
hoddä,11
englänna,11
darmstadt,11
revolution,11
schauschbiela,11
saale,11
zeidung,11
greegschd,11
rhei,11
wei,11
neu,11
gewuhnt,11
äämol,11
rischdische,11
owwapalz,11
mißd,11
pokal,11
schdunne,11
reise,11
natur,11
dausend,11
polidisch,11
diene,11
schwaddse,11
õõdääl,11
lånd,11
veloor,11
bogal,11
blaibd,11
wagner,11
wäddschafd,11
joorhunnad,11
andere,11
wunsch,11
vaschdeje,11
selbschdännisch,11
oogfange,11
weje,11
griese,11
sunsch,11
annern,11
schdadus,11
klääni,11
wesdlisch,11
zuglaisch,11
kersch,11
manche,11
neadlische,11
hogge,11
besiedlung,11
allä,11
wutz,11
vorbei,11
reinhard,11
nom,11
stein,11
hessen,11
schiwwerschdadd,11
entschdanne,11
herschdellung,11
gebrocht,11
vereins,11
braach,11
rhåiewene,11
gzaischd,11
hinnagrund,11
gschdanne,11
uuabhängisch,11
dood,11
wäre,11
gsaat,11
iwwerall,11
ludda,11
ling,11
dieter,11
zendimeder,11
zäh,11
fiehrt,11
geb,11
weitere,11
villa,11
gemäänd,11
beschreiwung,11
schdigga,11
saapalz,11
weschdpälzisch,11
nassau,11
erer,11
weldgriech,11
mei,11
neuburg,11
free,11
cheerleader,11
präsident,11
oschdere,11
neustadt,11
kraischbach,11
gemargung,11
hinne,11
tsg,11
schiff,11
kadholisch,11
bischarai,11
heeßts,11
dazwische,11
tibisch,11
bånd,11
derch,11
erlebach,11
mirrem,11
geschend,11
schpeyer,11
rauskumme,11
mindung,11
esdlische,11
fiere,11
gemajkung,11
ausschbrooch,11
dag,11
siedhesse,11
regierungsbezirg,11
siedpalz,11
ding,11
geredd,11
kanada,11
kannel,11
dodvu,11
siewe,11
schbaijagau,11
erwed,11
zsomme,11
oagugge,11
erste,11
frijare,11
galarie,11
society,11
minde,11
igglem,11
flasch,11
hailbronn,11
smartphones,11
sun,11
chrischdetum,11
landkrääs,11
kap,11
nhn,11
google,11
nudze,11
rosegaade,11
eiwuhner,11
schridd,11
sieg,11
lp,11
nerdlich,11
insle,11
sm,11
tag,11
wissbade,11
kalifornie,11
bardai,11
bauwerk,11
verwaldungssidz,11
bischese,11
helmschd,11
baage,11
geometrie,11
al,11
aboncourt,11
faulquemont,11
aspach,11
coin,11
longeville,11
frangford,11
carolina,11
àschbàch,11
bourg,11
wickersche,11
arelse,11
gäiswiller,11
sàm,11
zäwerschdorf,11
weidare,11
osmanische,11
brochd,11
kommissar,11
maddemadig,11
bezaischnd,11
berfelle,11
schdroh,11
pl,11
gippert,11
spaghetti,11
lobach,11
gras,11
sillsbrunn,11
universidääd,11
cognitive,11
gebr,11
langebromisch,11
kaysersberg,11
health,11
meschlischkaid,11
loh,11
zwaifl,11
doubt,11
schiene,10
langsam,10
saachen,10
basf,10
ken,10
indanedd,10
china,10
lewwe,10
hegschd,10
ufa,10
diefschde,10
bsiedelde,10
wammer,10
herrn,10
masse,10
üwwer,10
gwese,10
bundeslond,10
deitschlond,10
fallt,10
dei,10
original,10
schdadtgebied,10
kaiserslautre,10
reladiv,10
unnerhalb,10
debei,10
aldes,10
markus,10
bevelgerung,10
hole,10
barbara,10
schuul,10
eberhard,10
õõgschlosse,10
ergebnis,10
õõgebaud,10
esdlisch,10
siide,10
kollerinsel,10
schließlich,10
tiiringä,10
länder,10
meeder,10
kurferschd,10
änni,10
zischdern,10
nerdliche,10
rolf,10
xiv,10
offizielli,10
londwärdschafd,10
garnison,10
synagog,10
radhaus,10
exe,10
älder,10
waldlehrpad,10
realschul,10
nutze,10
marketing,10
per,10
onnerem,10
kampf,10
heiner,10
elisabeth,10
schichd,10
statt,10
koan,10
unnerschaide,10
sprache,10
hinna,10
obschd,10
won,10
kuafärschde,10
gelossd,10
bladd,10
schdrooße,10
gelebd,10
lat,10
vabode,10
wennische,10
emme,10
ch,10
dodmid,10
hondlunge,10
review,10
froche,10
persenlische,10
umfeld,10
naus,10
bassd,10
people,10
wees,10
naiji,10
kerl,10
goddes,10
guudi,10
hedden,10
vaschdonne,10
umschdridde,10
vabraid,10
conway,10
ogdowa,10
who,10
geschesadz,10
onnarem,10
how,10
duddwailer,10
nordpalz,10
alläns,10
einführung,10
wirtschaft,10
schön,10
tal,10
kleine,10
uno,10
bänd,10
anthologie,10
aussehe,10
beschriwwe,10
viescher,10
sagg,10
bsitz,10
hisdorisch,10
indogermanische,10
rumänie,10
erschder,10
gelung,10
maß,10
erfolch,10
dietrich,10
door,10
spiele,10
forst,10
heeh,10
forster,10
bsiedeld,10
gewohnt,10
iwwarische,10
vokale,10
tidl,10
reih,10
adlandig,10
holland,10
gruuße,10
mélac,10
rewoludzion,10
negschd,10
gewelld,10
wääs,10
iwwanumme,10
wäd,10
imme,10
fronzeesische,10
käänisch,10
revoludsion,10
walther,10
folsch,10
schbeeda,10
theodor,10
key,10
bezaischnung,10
pälsische,10
saachdma,10
menschlische,10
ufgebaut,10
erschdi,10
äldeschde,10
defu,10
vielleicht,10
häschde,10
bistum,10
sehn,10
selber,10
wi,10
feier,10
häßt,10
sollt,10
onn,10
wiener,10
bayrisch,10
entfernt,10
meenz,10
versuchd,10
desweje,10
uniwersidäd,10
gean,10
wille,10
selles,10
außahalb,10
sowaid,10
ärhalde,10
waar,10
digital,10
ulrich,10
hunnert,10
ladeinisch,10
rechts,10
burgalben,10
festschrift,10
dienschd,10
wärg,10
laude,10
neewe,10
kerrbrich,10
zeigt,10
jidisch,10
gaschd,10
saat,10
blatz,10
eiwohner,10
aafang,10
informatione,10
welli,10
begge,10
woams,10
maagd,10
dobai,10
ferdinand,10
variande,10
allää,10
gedräng,10
weltkrieg,10
hoor,10
mutter,10
kamma,10
bezirge,10
ameriganische,10
geprägd,10
draißischjährische,10
innare,10
bekanndeschde,10
bekonnd,10
moselfränggische,10
zuledschd,10
faierrad,10
roggehause,10
lebt,10
siedweschdpalz,10
laida,10
vo,10
gleich,10
heerd,10
aldschdadd,10
kald,10
forschung,10
rhoihessisch,10
thal,10
theada,10
pardai,10
zwedd,10
weschm,10
rhoiniedarung,10
fronsesische,10
frong,10
glaa,10
keasche,10
faijabachhaus,10
bschefdischde,10
weiher,10
meeda,10
gschdonne,10
vaschdeagd,10
newem,10
figure,10
stiftung,10
faia,10
mayer,10
bundesliga,10
raache,10
liege,10
siwweldinge,10
het,10
gewässer,10
gescheniwwa,10
wòr,10
wars,10
blädder,10
milliune,10
lomsem,10
steini,10
moralische,10
habe,10
vaännad,10
londschduul,10
kiere,10
morlautre,10
sidlich,10
bedong,10
prozess,10
habd,10
denk,10
nabf,10
be,10
human,10
bgriff,10
tipp,10
miesebach,10
rtl,10
laimbach,10
staate,10
agency,10
foundation,10
oddaschdadt,10
world,10
munster,10
sångd,10
vakaafe,10
südliche,10
gaiberg,10
doaf,10
jana,10
sophia,10
drugg,10
nochgewiese,10
montagne,10
bliesbruck,10
meeresschbiggl,10
ébersing,10
àls,10
quirin,10
germain,10
cuvry,10
hellimer,10
varsberg,10
sanry,10
vigy,10
loßt,10
angeles,10
biese,10
bruche,10
buxwiller,10
kiene,10
nìdersulzbàch,10
rott,10
sààse,10
schwaighüse,10
wàltene,10
wìnzne,10
zent,10
ortslexikon,10
affelboch,10
lodringische,10
selbstverlag,10
grafendahn,10
grafedåhn,10
nachdenkseiten,10
fimpf,10
palzkis,10
saapälzische,10
mimling,10
amorbach,10
bromisch,10
gsunde,10
drailänneregg,10
denkmolschudz,10
manne,10
schwemmfäscher,10
bolivje,10
häih,10
håd,10
efacha,10
informazionssischdem,10
tesla,10
hàt,10
tversky,10
personality,10
psychological,10
cardamine,10
määnen,10
wåiblumm,10
meschlischkaide,10
theory,10
arguments,10
dodefor,9
stehe,9
däs,9
system,9
enoi,9
folschende,9
lända,9
gezoche,9
bschlosse,9
donoch,9
sainre,9
kuldure,9
mehrschde,9
späder,9
schutz,9
turischde,9
musee,9
brääd,9
werdschaft,9
nett,9
punkte,9
gewinne,9
gebbts,9
tut,9
parlament,9
jude,9
brief,9
sunschdiches,9
ufflaach,9
härrn,9
wes,9
insekde,9
romanische,9
geweiht,9
daiwel,9
mussiger,9
opfa,9
grienschdadt,9
grinnschdadt,9
hanau,9
ghabt,9
landschaft,9
rond,9
uhrzaigasinn,9
palas,9
verkaaft,9
johonn,9
weschdliche,9
erbfolchekriech,9
milidär,9
renoviert,9
gäbbts,9
känner,9
schdolle,9
fehrbach,9
frier,9
elsässische,9
schluß,9
änzische,9
maschine,9
dode,9
galerie,9
schuhmuseum,9
alter,9
schäne,9
soldate,9
ais,9
owwerliga,9
debai,9
grundschule,9
sogenonnte,9
richtung,9
zorn,9
julius,9
neiburg,9
nadirlisch,9
schdudiert,9
lehmann,9
könig,9
dum,9
fra,9
negschde,9
kz,9
jedoch,9
ns,9
bairisch,9
erraische,9
heggschde,9
gemies,9
zerick,9
elf,9
ehemolisch,9
daitscha,9
nsdap,9
kalde,9
winda,9
dorschs,9
bvelgarung,9
gfiad,9
unnare,9
schleswig,9
slawe,9
antike,9
schdämm,9
irische,9
bedraache,9
därkm,9
ufgebaud,9
ärfolsch,9
limburg,9
ruine,9
weche,9
bericht,9
zwett,9
video,9
uffdrede,9
fest,9
süd,9
amerikonische,9
bresidend,9
uffn,9
novemba,9
twitter,9
covid,9
jennifer,9
our,9
uub,9
some,9
werda,9
fierd,9
seel,9
schlimm,9
ausdrigg,9
welsche,9
haubdung,9
segs,9
middna,9
lesche,9
schwere,9
weren,9
wohr,9
ännad,9
wasde,9
wisseschaft,9
miller,9
fasnacht,9
heegschde,9
zwäämol,9
bist,9
heitere,9
iß,9
vabraidung,9
siedhessische,9
bihl,9
dahn,9
ääner,9
sell,9
verlore,9
nimmie,9
fort,9
elwedridschle,9
engadin,9
estas,9
mäschder,9
erschda,9
desse,9
nun,9
malz,9
wennich,9
innahalb,9
klänni,9
kurz,9
hodder,9
wingäd,9
gschischde,9
pälzischi,9
drache,9
alfred,9
amdlisch,9
basel,9
schmale,9
weesch,9
zrigg,9
buu,9
regiere,9
kend,9
meschd,9
sischs,9
zaidunge,9
udssr,9
bschdimme,9
amerikanische,9
françois,9
vabraided,9
ausgewwe,9
bretagne,9
provence,9
briddische,9
kadoligge,9
vollschdännisch,9
pays,9
åmd,9
gekaafd,9
bischef,9
rass,9
woad,9
more,9
runde,9
brieh,9
änzlnochwees,9
gmies,9
deele,9
schtroß,9
ersetzt,9
brieder,9
relichion,9
weiter,9
fum,9
greß,9
zuerscht,9
schlabbe,9
nodäm,9
gelernt,9
kasern,9
brod,9
schdaadlisch,9
wiki,9
inärem,9
ihrne,9
gried,9
basis,9
easch,9
õõgfange,9
arg,9
kraiz,9
hall,9
italie,9
faija,9
mõõ,9
wikisource,9
fehle,9
regensburg,9
mb,9
html,9
hautfliggler,9
ene,9
ämänze,9
zumne,9
franzeesische,9
silwerne,9
ortsgemeinde,9
greeß,9
nußloch,9
graisschdad,9
schwazebach,9
geographisch,9
gebds,9
dreißischjährische,9
rohnacher,9
bischer,9
klein,9
stark,9
schwetzinger,9
van,9
gehts,9
offne,9
zähle,9
ääbelsem,9
silly,9
mannschaft,9
regionalliga,9
sidhessisch,9
egschdra,9
reformadzion,9
fäll,9
normalerweis,9
denkmol,9
haidlberg,9
nadurraum,9
vorn,9
wild,9
gschbield,9
schbroochraum,9
hischdoarische,9
frooch,9
wirge,9
momend,9
flache,9
base,9
schauschbielern,9
landes,9
oiwuhnern,9
friher,9
weldkriech,9
koblenz,9
danewe,9
ka,9
erhaldene,9
wisseschafdlisch,9
juchend,9
logo,9
minischderpräsident,9
nadler,9
erschiene,9
filme,9
enzelnochweis,9
kein,9
top,9
gebiedsreform,9
ergebniss,9
jeweils,9
pardaien,9
eise,9
gibfl,9
abschdond,9
lieb,9
grab,9
kinschdla,9
marau,9
naischdad,9
peffer,9
schidze,9
bloos,9
glaich,9
selz,9
siedweschdlische,9
ortsnåme,9
jockgrim,9
dick,9
grens,9
owware,9
fischmaagd,9
beem,9
hoddsisch,9
wisawie,9
dzu,9
schpira,9
milljone,9
hochschul,9
heare,9
willa,9
iwwazaische,9
greewa,9
zwischede,9
erinnare,9
mide,9
kaiserdom,9
oxford,9
aiwohner,9
alseborn,9
länga,9
blumme,9
schtraußbuwe,9
bschdeht,9
bern,9
gnuch,9
liecht,9
live,9
schdääfld,9
springer,9
ghaid,9
benitzt,9
sangd,9
gebd,9
bedingunge,9
dingler,9
typ,9
douglas,9
oigsetzt,9
harald,9
winnwiller,9
titel,9
tv,9
claus,9
gewählde,9
refrain,9
loch,9
gebirge,9
bilda,9
verne,9
dummschissel,9
polidische,9
täda,9
books,9
reschle,9
bahai,9
saalännische,9
webseite,9
bunnesschdaad,9
leon,9
dmc,9
franzeesisch,9
aldschdadt,9
ågelegt,9
hass,9
ilwese,9
waisseburich,9
waißebursch,9
solln,9
schiller,9
abreschviller,9
forbach,9
lorraine,9
réderching,9
ennery,9
bois,9
merlebach,9
hombourg,9
lixheim,9
morville,9
moyeuvre,9
novéant,9
plaine,9
barbe,9
brozess,9
router,9
lambadm,9
sommerau,9
weißeburch,9
urban,9
schìlige,9
ägger,9
waisrem,9
meenen,9
burchegrupp,9
risse,9
schlösser,9
vagongene,9
eva,9
bohnekraud,9
rt,9
gschdeine,9
law,9
korb,9
global,9
handbook,9
demag,9
kreirisch,9
kurosawa,9
rhainau,9
siedåmeriga,9
agung,9
tembl,9
wollen,9
bnuzd,9
bassiad,9
werwung,9
ourewaldkreis,9
bruhrååi,9
lußhardt,9
eur,9
elefand,9
abdeilung,9
festinger,9
psischologie,9
sambåch,9
nìderlàrg,9
truth,9
soko,9
widdaschbruch,9
universided,9
palatina,9
hunsrik,9
blonse,9
wersche,9
logischa,9
hindsight,9
desinformation,9
aisebahn,8
zieht,8
hääst,8
wert,8
european,8
gäe,8
gemaind,8
liewe,8
griesheim,8
geännad,8
weid,8
doode,8
gheare,8
abgrenze,8
tiefewene,8
ordsgemää,8
beliebd,8
wertschaft,8
ausdehnung,8
schpiel,8
kreiz,8
vergewwe,8
extra,8
krieht,8
losst,8
karte,8
erraischd,8
gegrindede,8
rewoluzion,8
departement,8
gsedz,8
buuch,8
soo,8
befasst,8
setzt,8
zwo,8
unnerscheidung,8
lewwewese,8
entstehung,8
eischene,8
duhn,8
rainer,8
etlische,8
lokale,8
gewese,8
perseenlischkaide,8
woischdroos,8
folgendes,8
paddnaschafd,8
vrn,8
kriegt,8
ausnahme,8
references,8
roland,8
berufe,8
naboleon,8
naidorf,8
gonzes,8
merzalwe,8
siedweschtpalz,8
unm,8
ziemlich,8
wä,8
däle,8
zugong,8
bollheimer,8
felsenburgen,8
nordvogesen,8
siedwestpalz,8
wait,8
berch,8
gefall,8
nodemm,8
besetzt,8
onneres,8
außerdäm,8
schacht,8
diefe,8
ortsgemää,8
saar,8
boiemäschder,8
hugo,8
karoline,8
luther,8
zwäbrigger,8
gekennt,8
club,8
knode,8
zusomme,8
fabrigge,8
bassiert,8
fläche,8
innwohner,8
texas,8
gegen,8
ff,8
ardikel,8
zeischnunge,8
dieffenbach,8
netzseide,8
schrifdschdella,8
wischdisches,8
schischd,8
geredt,8
politische,8
leipzig,8
daisem,8
dreck,8
polnisch,8
trubbe,8
staat,8
wall,8
middelalda,8
edwa,8
hinnerm,8
aische,8
dodorsch,8
dunkle,8
unnär,8
midem,8
schlesie,8
ihra,8
õõgfonge,8
sebbdemba,8
siš,8
goldne,8
silwa,8
abgebaud,8
konkurrenz,8
privade,8
biede,8
driddgreeschd,8
dodursch,8
chrischdedum,8
missionare,8
wollde,8
chrischdlische,8
gesunge,8
reformadsion,8
oiwannerer,8
fedd,8
million,8
norbert,8
schdadtreschde,8
lidda,8
derkemer,8
worschdmaagd,8
roiewene,8
jetzert,8
winzer,8
hockt,8
owend,8
dermschdää,8
befinne,8
heert,8
isenach,8
ansunschde,8
frieer,8
mildes,8
paradies,8
gehn,8
katholisch,8
team,8
domidd,8
vafahre,8
friehjohr,8
haubdunge,8
when,8
saachn,8
korze,8
schbroch,8
dreffe,8
vaheldnis,8
unnän,8
nonnd,8
mund,8
endwedda,8
gries,8
ignorierd,8
anderen,8
driwwer,8
erreische,8
annärn,8
gedärfd,8
informationen,8
dengmol,8
gsedzd,8
bull,8
herausgeber,8
allm,8
hinkel,8
edlische,8
befasse,8
dance,8
eigene,8
fange,8
sunscht,8
wennicher,8
fodos,8
dritte,8
schdund,8
ausgabe,8
kiel,8
daidschi,8
niedalonde,8
dorschflosse,8
drennd,8
gedääld,8
slowakai,8
wadigaan,8
agduell,8
tabell,8
mäschderschafd,8
rhailand,8
zem,8
siech,8
andreas,8
erfolg,8
ufgrund,8
spieldaa,8
diregde,8
sommer,8
pelsawald,8
meischd,8
wiena,8
bu,8
redt,8
dageje,8
schreibt,8
schreiwe,8
agde,8
schwånk,8
baron,8
tun,8
fremde,8
reschds,8
habsburscha,8
färschde,8
duch,8
nieder,8
hense,8
praißische,8
nóóm,8
lach,8
dääde,8
abschdimmung,8
gsien,8
zuschdimmung,8
vaglaisch,8
bsuchd,8
bevelgarungsdischd,8
fraae,8
wennisch,8
begriffe,8
vakaafd,8
jidische,8
zwa,8
adenner,8
heesds,8
geblib,8
schbure,8
pirmin,8
jedenfalls,8
dodefier,8
brot,8
umgebung,8
parre,8
pund,8
erbe,8
schdond,8
hatte,8
hatter,8
heidisch,8
grenadiere,8
zwecke,8
leicht,8
krieche,8
company,8
sicher,8
innen,8
gfilld,8
liescht,8
zaischnunge,8
pr,8
ärschdemol,8
schääna,8
begrawe,8
herzochdum,8
määnza,8
ärraischd,8
däre,8
gewäsd,8
laischdung,8
binge,8
õõfang,8
haise,8
reformazion,8
noode,8
daßes,8
hus,8
gejeiwwa,8
bruch,8
deer,8
daile,8
lodringisch,8
grooß,8
noodäm,8
gewunne,8
lage,8
jesu,8
rote,8
klenne,8
flug,8
leeb,8
haidelsbursch,8
oofang,8
heeaschbiel,8
philadelphia,8
hermerschberch,8
godische,8
guudes,8
koa,8
rhoifränggische,8
leie,8
bestehd,8
rebublig,8
verbandsgemeinde,8
erhalte,8
mitm,8
ilse,8
heidelberger,8
schönsten,8
schduggat,8
swf,8
nordbade,8
hinnere,8
dient,8
gaddung,8
buwe,8
zweibrücken,8
big,8
parallel,8
gärn,8
månschmol,8
châtenois,8
durschs,8
rhoiinsel,8
feschdlond,8
joah,8
mehrhaid,8
sag,8
benz,8
fabrigg,8
bauern,8
schdimm,8
håns,8
hond,8
iwwabligg,8
vaschiedne,8
oudewald,8
buschdawe,8
holler,8
bää,8
wirkung,8
onlain,8
bayarische,8
dadei,8
londgrääs,8
wachst,8
sigginger,8
sage,8
chrischdus,8
vorsitzender,8
maudach,8
ruchem,8
nid,8
fast,8
hartmann,8
gschefd,8
leewnsmiddl,8
lauder,8
alternative,8
nsu,8
infrastruktur,8
audobahn,8
neggerhause,8
freiherr,8
benutze,8
under,8
olifin,8
krischdalle,8
krääsfraie,8
ring,8
wäs,8
weck,8
hergschdelld,8
verkaafe,8
babbeld,8
weschdpalz,8
beese,8
aame,8
werth,8
verkehrsverbund,8
schwaizer,8
uffgab,8
zugga,8
großen,8
austria,8
woamsa,8
schnidd,8
uffgschdeld,8
uffgewwe,8
geschnd,8
kuldua,8
baijan,8
hochdaidsch,8
mikwe,8
wenische,8
schdadddeel,8
weag,8
gsundhaid,8
oade,8
paakeäasch,8
schbedare,8
leng,8
hoddsn,8
gribbda,8
easedzd,8
godisch,8
horn,8
fescht,8
ost,8
quack,8
bleibt,8
normale,8
amtsschbrooche,8
schdadtdail,8
gramm,8
programme,8
os,8
hunnerd,8
kläänere,8
newer,8
habekost,8
erwähnung,8
gang,8
force,8
basierd,8
unix,8
müsse,8
ard,8
mäz,8
wech,8
klang,8
glaiche,8
platt,8
fuss,8
habt,8
annweiler,8
trifels,8
blick,8
anslmonn,8
voade,8
wieviel,8
anselm,8
feuerbach,8
andisemidismus,8
server,8
glaabe,8
amtsschbrooch,8
õõfong,8
show,8
raumfahrt,8
nigeria,8
ziele,8
pordal,8
prowinz,8
bride,8
uffgawe,8
schleddebach,8
waaschoints,8
wissembourg,8
laudeburich,8
wadikaan,8
ejemolisch,8
wailer,8
lenor,8
kloppe,8
zimmer,8
roth,8
zaischnung,8
seehafe,8
xaver,8
albestroff,8
laquenexy,8
gschìcht,8
boulay,8
bréhain,8
fénétrange,8
goin,8
guéblange,8
hombach,8
kirsch,8
laneuveville,8
lorquin,8
lindre,8
lixing,8
rouhling,8
lorry,8
maizières,8
marange,8
nousseviller,8
pournoy,8
raville,8
rémering,8
servigny,8
villers,8
volmerange,8
dumboch,8
mauern,8
weads,8
hairade,8
farr,8
irland,8
bloo,8
biwwels,8
batschwiller,8
bìsche,8
dàmbàch,8
diefebàch,8
dits,8
dictionnaire,8
étymologique,8
historique,8
noms,8
édition,8
morschwiller,8
saverne,8
ottrott,8
weschthüse,8
wingen,8
bezieht,8
iwwerwälder,8
vumne,8
reemabärsch,8
faier,8
silwasee,8
gensedreggsee,8
wengerde,8
ksc,8
granid,8
hadderod,8
oigemeindt,8
zaich,8
thann,8
tanschdä,8
tanstein,8
trotha,8
vawaldungssidz,8
wilden,8
gsellschafdlische,8
mg,8
russia,8
beere,8
laudäbursch,8
schdadtkreis,8
karneval,8
wurfholz,8
schpeyerer,8
ignorance,8
dinglerwerke,8
meat,8
kloine,8
neggara,8
riograndenser,8
kinnerschul,8
obse,8
bewachse,8
ghörd,8
lofeld,8
maa,8
niedalännisch,8
königreich,8
babier,8
management,8
aam,8
ganix,8
kapitel,8
mos,8
peason,8
widdalesche,8
guggug,8
birkert,8
faggde,8
hohrod,8
horwrig,8
moosch,8
neuf,8
niffer,8
valdieu,8
lutran,8
wonse,8
hanni,8
nanni,8
fernsehfilm,8
their,8
vundem,8
reschdfeadischung,8
vabrauch,8
ergewnisvazerrung,8
erinnarung,8
meroux,8
moval,8
selbschdiwwazaischung,8
todschlachagumend,8
heeb,8
straw,8
ziesch,7
wariande,7
monche,7
gezoge,7
frooche,7
beleed,7
quer,7
saacht,7
entweder,7
bedrieb,7
viellaischd,7
geringe,7
hoinrisch,7
londwerdschafd,7
santa,7
gemesse,7
haubdsidz,7
gulde,7
pladz,7
wegge,7
plän,7
ugfär,7
wuhne,7
siedweschdlisch,7
ural,7
dezwische,7
otail,7
allääns,7
nah,7
freier,7
wee,7
frank,7
duts,7
damid,7
reform,7
gånge,7
laininger,7
båånhof,7
inwohnerzahl,7
slawische,7
bezirk,7
dee,7
saht,7
schdadion,7
uffgenumme,7
well,7
ises,7
schrifde,7
rischda,7
römer,7
iwwersetzung,7
diere,7
umweld,7
biene,7
erforschd,7
langi,7
auszaischnung,7
orginal,7
kurpälza,7
sa,7
aktion,7
heef,7
uffgeleesd,7
zerschderung,7
heggdar,7
seggs,7
informadsione,7
schbidz,7
sacht,7
hed,7
prais,7
strom,7
alten,7
landeskunde,7
damals,7
bunneslänner,7
megglebursch,7
vorpommre,7
aischne,7
bschdimmd,7
wannse,7
burchruin,7
gesaat,7
ruprecht,7
gräfeschdää,7
schdufe,7
dodro,7
pfälzischen,7
helft,7
jährische,7
gedenkt,7
bezaichnet,7
wandel,7
lichtenberg,7
herrmann,7
gezähld,7
huschderheh,7
winzle,7
niederschläch,7
värdel,7
ännre,7
schlacht,7
westlich,7
etliche,7
schuhfabrik,7
kabutt,7
gelä,7
raih,7
schdadtwald,7
gymnasie,7
maschinebau,7
londau,7
monnemer,7
schwimmbad,7
ersche,7
ortsgemä,7
dordische,7
schwazwald,7
äschde,7
fries,7
gelebt,7
koch,7
biographie,7
schdändische,7
gridisch,7
legend,7
schriwwe,7
woihnachde,7
daitsches,7
bombe,7
driddel,7
eefach,7
mischung,7
deutsches,7
bundesschdaad,7
niedalande,7
flach,7
heher,7
äs,7
ghäd,7
beeme,7
waimara,7
balamend,7
koi,7
õõgenumme,7
foam,7
kohle,7
schdarge,7
währung,7
brauche,7
valoore,7
verfiechung,7
elwe,7
friese,7
dänemark,7
dänisch,7
gewisse,7
noodem,7
bridische,7
gschiggd,7
augsburg,7
een,7
asiadische,7
schdadddääl,7
helle,7
agduelle,7
homepeidsch,7
keenischraisch,7
greeßare,7
pälzawald,7
hämmer,7
funn,7
giddarischde,7
schä,7
eschdlische,7
schbargl,7
insgsamt,7
obwohls,7
volker,7
ungfähr,7
kallschdadt,7
januwa,7
omd,7
biden,7
telefon,7
times,7
zukunfd,7
dogumend,7
iwwan,7
zield,7
kond,7
drohd,7
baculum,7
hillary,7
ogeblisch,7
patrick,7
they,7
today,7
appeal,7
wasma,7
many,7
vahinnad,7
irschend,7
lossd,7
schbresche,7
up,7
konna,7
glaawen,7
iwwazaischunge,7
runna,7
domidse,7
wedda,7
vaschwerungstheorije,7
obama,7
zuem,7
unnaschiedlische,7
massiv,7
california,7
info,7
sien,7
gebunne,7
gsädze,7
politischen,7
hg,7
heft,7
isa,7
hin,7
gäns,7
sort,7
griggt,7
sidhessische,7
wichdigschde,7
brigge,7
iwweraal,7
alli,7
blouß,7
mond,7
okdower,7
zamenhof,7
issn,7
jugend,7
trotzdem,7
drenne,7
dar,7
grieschisch,7
keldische,7
grooßi,7
here,7
hohi,7
diggdadur,7
tirkai,7
ordsdail,7
oogfonge,7
spieler,7
schild,7
finale,7
špieler,7
hannes,7
sepp,7
friedel,7
folchende,7
münch,7
naia,7
klub,7
münche,7
klass,7
sebastian,7
geed,7
meiner,7
beischpiel,7
dodrum,7
finn,7
etwas,7
eis,7
gonzi,7
enthält,7
maddin,7
schbanije,7
genannd,7
scharlemanje,7
rußlond,7
hodm,7
gfange,7
degohl,7
abgschlosse,7
typisch,7
republig,7
zurzaid,7
marine,7
nationale,7
oisadz,7
hädd,7
kobb,7
kris,7
jeds,7
laaf,7
lässd,7
presse,7
maxdorf,7
newwer,7
stammt,7
ghääße,7
keren,7
bzaischnung,7
zugger,7
gerischd,7
sahne,7
remer,7
salins,7
hehäschwiller,7
mariä,7
unnere,7
agnes,7
gezo,7
baurekriech,7
omt,7
beschdonn,7
folche,7
brond,7
gefiehrt,7
katholische,7
rechte,7
erbfolgekriech,7
besiedelt,7
selbscht,7
gasse,7
erhal,7
widdelsbacher,7
entwickelt,7
boialwe,7
druck,7
goddesdienschd,7
sichs,7
neies,7
weenscha,7
steebruch,7
betriwwe,7
stelle,7
theologie,7
unsan,7
ead,7
häng,7
raischsdaach,7
sagse,7
käm,7
ungan,7
schbayra,7
waara,7
clemens,7
folschd,7
jerusalem,7
wasa,7
demid,7
gebroche,7
sex,7
devoa,7
habsbursch,7
waide,7
voahea,7
genännd,7
annan,7
weja,7
soford,7
känn,7
gschaidad,7
ogdoba,7
därr,7
dorchs,7
naischdadter,7
drodzdem,7
saiddäm,7
merkmale,7
hinnerleib,7
unnerschiedlisch,7
schwarzbachdal,7
schdunn,7
mers,7
civitas,7
arbeitskreis,7
färde,7
dehn,7
heest,7
longhaus,7
ehreamdlische,7
zuriggkumme,7
ausbau,7
tiere,7
saapälzisch,7
geschichde,7
heidiche,7
chrischdian,7
großherzogtum,7
reischt,7
webseide,7
änzlnochwais,7
breis,7
klingmann,7
museums,7
rausg,7
ausschdellung,7
regierungsbezirk,7
oinzlnochweis,7
verschiedne,7
chicago,7
joy,7
fleming,7
plonke,7
grußi,7
ridda,7
ånnere,7
jahrbuch,7
meschlische,7
woihnachdsmaagd,7
inschrifd,7
parrai,7
hoschde,7
palzgrafe,7
uffgmachd,7
meahaid,7
kur,7
spiegel,7
beschreibung,7
herzog,7
konsonande,7
rhotazismus,7
vokal,7
sch,7
ärwet,7
oulewald,7
dossene,7
hopp,7
kirchheim,7
made,7
hagenau,7
ra,7
besiedeld,7
matrial,7
iwwerwiegend,7
rhåifränggische,7
gudi,7
boode,7
benannt,7
liste,7
schdadtbezirge,7
jedm,7
erst,7
dessau,7
kridisch,7
nahrung,7
fria,7
wääß,7
eschdreisch,7
schäna,7
hoffenheim,7
erfolge,7
bronze,7
disseldorf,7
audonome,7
association,7
meglisch,7
mächd,7
ee,7
schorsch,7
wisseschafde,7
doh,7
philosoph,7
herbert,7
besonders,7
przewalskigail,7
kaffee,7
werschd,7
verain,7
offebach,7
himml,7
reiner,7
schbitz,7
streck,7
karlsruher,7
hunsrick,7
uffä,7
sou,7
oiwohna,7
mass,7
aachebligg,7
weldkulduaeawe,7
schum,7
auwald,7
noadweschdlisch,7
joare,7
hoddsde,7
schbija,7
zee,7
newede,7
iwwarall,7
änare,7
ziag,7
auguschdinagloschda,7
holstein,7
maala,7
schiela,7
musigg,7
stadtgeschichte,7
landesamt,7
zemend,7
solche,7
laide,7
niggolaus,7
afra,7
sogenonde,7
katharina,7
william,7
schbieß,7
ug,7
unnernehme,7
mal,7
dubbeglas,7
schoof,7
laaft,7
braucht,7
aingedaild,7
doßde,7
fotos,7
verwandt,7
reschie,7
texte,7
grub,7
ännere,7
bohne,7
tokio,7
närdlische,7
braunschweig,7
straße,7
reinhold,7
kunscht,7
persenlichkaide,7
loßd,7
dovun,7
woikella,7
lufdfaischdischkaid,7
wennischa,7
gsangbuch,7
gschäfde,7
innaned,7
eldere,7
deidsche,7
gäng,7
ip,7
aussem,7
old,7
derrebach,7
voller,7
staffel,7
gmeind,7
minschmaya,7
vunäm,7
wärda,7
shatterhand,7
briefe,7
glück,7
woiguud,7
ordsdääle,7
unnergebrocht,7
querschbach,7
bedriwwe,7
pils,7
wedd,7
merkmole,7
rheifränggische,7
hunsriggische,7
heese,7
laade,7
kommerzielle,7
schduagadd,7
felselond,7
dischda,7
troja,7
schdärga,7
gewesse,7
edesem,7
schlissl,7
hia,7
maschd,7
kurs,7
hängd,7
suchd,7
hääße,7
zwai,7
goans,7
hawwn,7
haß,7
torsten,7
duaschde,7
gimnasjum,7
kinne,7
mää,7
denglisch,7
ufflag,7
deutschlands,7
schwedisch,7
gedder,7
ho,7
ludwigshaafe,7
besch,7
chi,7
organisation,7
dan,7
kraisfraii,7
ågfange,7
kadegorie,7
hegda,7
ferschdedümer,7
bschriwwe,7
funk,7
bedeidende,7
anne,7
weinstrasse,7
orange,7
has,7
seng,7
raischslond,7
nämmlisch,7
fraii,7
ondword,7
hess,7
abrill,7
uzname,7
braut,7
kuldurelles,7
sedimende,7
gas,7
rischdischkaid,7
aldeheem,7
stallman,7
gheren,7
sideschtlich,7
côte,7
weschtlich,7
gemakung,7
altviller,7
amanvillers,7
amnéville,7
ancy,7
lothringen,7
frauenberg,7
guersviller,7
schweyen,7
buhl,7
sànkt,7
sarralbe,7
neunkirchen,7
rombach,7
village,7
unnerdääld,7
bezärg,7
hehe,7
perm,7
fasnachtsfaier,7
hinnare,7
oigerischt,7
tirkei,7
gefahr,7
edward,7
herkunfd,7
mondsee,7
sunnesee,7
wischdischi,7
maire,7
àltwiller,7
scherwiller,7
dambach,7
ernolsheim,7
près,7
gungwiller,7
laiderschwiller,7
kesseldorf,7
modere,7
wàlik,7
ridselz,7
dààl,7
findt,7
tiddel,7
wärdschafdlische,7
besitzer,7
sozialisdische,7
gemeindereform,7
belgische,7
schtatt,7
raid,7
goch,7
erreiche,7
wimpfe,7
wormser,7
falkeburch,7
desweesche,7
umg,7
voaschdadd,7
business,7
miellbeasch,7
langer,7
bensemer,7
kurzkrimi,7
flassbeck,7
curitiba,7
tee,7
gewwen,7
saigedier,7
nadurschutz,7
weswesche,7
schnee,7
woil,7
schiiler,7
fassenachd,7
schbessat,7
duajschmesser,7
brombach,7
engebach,7
gschriwwä,7
traiba,7
austerlich,7
fränggische,7
pfitzenmeier,7
model,7
drobenäschd,7
äähaid,7
kreirischer,7
glaiwische,7
schdejen,7
henderson,7
friddrichsfeld,7
landwirdschafdlich,7
meckser,7
middlare,7
album,7
eroberung,7
niedalännische,7
teen,7
grands,7
stätte,7
wailma,7
griffe,7
valuschd,7
zoche,7
malche,7
gibfel,7
dibborg,7
zwingeberg,7
sonderheft,7
daintree,7
schdralije,7
aurisch,7
schönmattenwag,7
dfg,7
mìt,7
schbrischdma,7
kafd,7
ong,7
winn,7
moine,7
memory,7
planzename,7
neggersteinach,7
syringa,7
silene,7
bromischdal,7
bellschde,7
hååscht,7
raawisch,7
wiltzhüse,7
ammerschwihr,7
mìchelbàch,7
bitschwiller,7
bollwiller,7
étang,7
courtavon,7
dietwiller,7
fortschwihr,7
auswiagunge,7
hunawihr,7
jungholz,7
kaiserschbarig,7
vignoble,7
soultzbach,7
mìnschter,7
munwiller,7
urwes,7
orschwihr,7
richwiller,7
rorschwihr,7
obersept,7
werderbuchnetz,7
landesgschischdliche,7
illusion,7
selbschdiwwaschedzung,7
psischologische,7
kapsweyer,7
präfarenzvafelschung,7
kuran,7
cognition,7
koischboch,7
walwich,7
anjoutey,7
andelnans,7
bavilliers,7
bourogne,7
cravanche,7
delle,7
essert,7
felon,7
foussemagne,7
giromagny,7
grandvillars,7
joncherey,7
menoncourt,7
offemont,7
phaffans,7
réchésy,7
roppe,7
sermamagny,7
urcerey,7
nore,7
export,7
widdahold,7
personifikation,7
techniques,7
woodard,7
geloff,6
schneller,6
audos,6
sicht,6
iwwerhaupt,6
reschel,6
computer,6
zuuch,6
hääsd,6
alda,6
ehrn,6
nam,6
nordpolarmeer,6
reschione,6
georgie,6
kaukasus,6
rasse,6
ausseje,6
völlisch,6
manschmo,6
kanns,6
jingere,6
eiroba,6
ey,6
sowas,6
spield,6
offd,6
nõme,6
kläkarlbach,6
bsiedlung,6
prodesdandisch,6
schääne,6
hauptschdadt,6
genaue,6
bringt,6
bringen,6
guggt,6
zwette,6
nadurpark,6
bezirksdaach,6
wappe,6
biiwl,6
grischdedum,6
teschdamend,6
dieses,6
grischdus,6
biewel,6
uffbau,6
chronik,6
jonas,6
bioloschie,6
bereisch,6
befaßt,6
schilling,6
figur,6
morge,6
blues,6
singe,6
engel,6
aigendlisch,6
schäfer,6
beruf,6
woa,6
witz,6
organisierd,6
hatten,6
arischded,6
kinnrem,6
boiamääschda,6
gwählt,6
studien,6
berischd,6
rothenberger,6
pfälzerwald,6
herkunft,6
määnt,6
näd,6
allgemeine,6
eiwohna,6
kehrt,6
färschdbischuf,6
schläswisch,6
holschdä,6
londkreis,6
besidz,6
hairad,6
gediend,6
eichentlich,6
urschbringlich,6
dier,6
buckelquader,6
dor,6
geschitzt,6
verbondsgemä,6
abt,6
jingschde,6
geschdonn,6
rotem,6
unnerschiedlische,6
bermesens,6
kräs,6
darmschdadt,6
schdadtmauer,6
gäbb,6
dynamikum,6
sommlung,6
jetzd,6
neiffer,6
gehere,6
gäbts,6
vorne,6
erwachsene,6
mount,6
auslond,6
zeitung,6
helfe,6
geografische,6
dunkel,6
hallebad,6
tirm,6
hessisches,6
gronig,6
vertrag,6
sainere,6
communes,6
digitalisat,6
dilibri,6
ausgawe,6
gelege,6
geschafft,6
rest,6
äwwer,6
weschtliche,6
werrd,6
denke,6
digitale,6
middlgebirsche,6
baian,6
temberadure,6
bedeggd,6
niedrischere,6
ausgedehnd,6
härrschafd,6
gings,6
oofangs,6
baddai,6
fraidaach,6
airopa,6
hochi,6
frongford,6
nemmd,6
idaljenisch,6
riesling,6
haiß,6
ischd,6
dnoch,6
valaach,6
wuem,6
derkm,6
dürkheim,6
bsiedld,6
keldisch,6
limbursch,6
gschengd,6
bessare,6
linge,6
schwarzer,6
nó,6
kersche,6
gefeiert,6
klee,6
dodenoch,6
eigentlich,6
dehäm,6
mindeschdens,6
fongd,6
annerscht,6
korke,6
wuh,6
sorscht,6
wagse,6
tus,6
feuerwehr,6
merz,6
georgia,6
ogfonge,6
sorsche,6
korregd,6
hondeld,6
administration,6
schboddnome,6
nancy,6
love,6
abgrenzung,6
alses,6
wissd,6
schwerd,6
brauchd,6
debadde,6
wasn,6
schdimmd,6
mänd,6
fiehrd,6
laidischd,6
sischdem,6
uffmergsomkaid,6
method,6
zaischen,6
barack,6
beende,6
oddade,6
geschesaid,6
lesunge,6
demogradie,6
medien,6
bezeichnet,6
he,6
sunnärn,6
regiad,6
leo,6
yale,6
platon,6
zukunft,6
außam,6
grünen,6
pfälzerland,6
kirchen,6
historisch,6
landstuhl,6
benachbarde,6
gering,6
süde,6
schdomme,6
beckmann,6
kliewer,6
dehääm,6
haubdschdadd,6
bisher,6
bsunners,6
gehne,6
aagfange,6
schweizer,6
felseland,6
mundaade,6
wuhnt,6
aschdronomie,6
landschafde,6
trotz,6
zweck,6
mia,6
auschdralie,6
island,6
finnische,6
middlmeer,6
graawe,6
longsom,6
sprooche,6
arabisch,6
velger,6
ergewwe,6
siedwescht,6
vfr,6
waiß,6
feldkamp,6
jewails,6
trodz,6
kern,6
hang,6
georges,6
erik,6
mäh,6
evolution,6
tradition,6
kuafärschd,6
desdo,6
frankeschdää,6
zimmlisch,6
vogel,6
nachbargemainde,6
männlische,6
deed,6
davu,6
weber,6
pech,6
rache,6
keller,6
erschtmols,6
france,6
fronzoose,6
middlmea,6
haidsche,6
burgund,6
ean,6
valoan,6
griesche,6
waam,6
algerie,6
zwäd,6
däd,6
neffe,6
schunämol,6
druppe,6
maschall,6
präsidende,6
seinere,6
chef,6
schdarke,6
londschafde,6
waldfläsch,6
monarschie,6
zuvor,6
gedengd,6
iwwernemme,6
abgelehnd,6
kaade,6
iwwergewwe,6
laacha,6
färschd,6
oirischdung,6
equus,6
wingert,6
pferd,6
bsunnerschd,6
friejohr,6
agrarbrodukde,6
wohnen,6
gschichde,6
abgerisse,6
feschdung,6
gäschd,6
khad,6
midgliedern,6
schuhinduschtrie,6
entdeckt,6
gehall,6
heiser,6
kenich,6
iwwergong,6
schtroße,6
parrei,6
kron,6
eschwiller,6
abtei,6
ausgong,6
verpänd,6
kaiserliche,6
schwert,6
lutherische,6
pfarrer,6
viii,6
buchsweiler,6
ausiewe,6
schdick,6
bezahle,6
gebiete,6
seibel,6
induschdrialisierung,6
water,6
modell,6
unnerschiede,6
allgemoin,6
hud,6
insgsamd,6
weiblische,6
scherer,6
mitteilungen,6
physik,6
netzwerk,6
heidlberjer,6
fuchzeh,6
luddwisch,6
raise,6
enaus,6
enuf,6
werra,6
iwwaall,6
ernde,6
gsischad,6
vaddä,6
ghaiad,6
nõõfolscha,6
zudäm,6
gregor,6
bi,6
laie,6
vazähld,6
hl,6
schduhl,6
vii,6
schlau,6
hosch,6
fließend,6
grischd,6
uffkumme,6
wischdischa,6
krafd,6
gildisch,6
maximilian,6
gliederung,6
jura,6
widdebärsch,6
schdudium,6
glauwe,6
frieden,6
dome,6
allwail,6
wägglisch,6
zuviel,6
mittelalter,6
beriemd,6
familije,6
sold,6
uffdraach,6
definizion,6
schriftdaitsch,6
wahrscheinlich,6
eschdlich,6
uffgeleest,6
verliehe,6
haßlocher,6
zeich,6
kleeni,6
superior,6
middla,6
luise,6
bicha,6
längschd,6
brurer,6
hergeschdellt,6
gemänerat,6
satz,6
keine,6
gemäänderad,6
bschdehe,6
unä,6
jazehnde,6
kënne,6
rhoihessische,6
daitschlånd,6
homburg,6
humborjer,6
nein,6
geheere,6
hingelsbix,6
echelschäd,6
keenich,6
ludwich,6
ausgschbroche,6
hirschhorn,6
schdudierd,6
echner,6
mädchen,6
ziegelhausen,6
ausstellung,6
zweemol,6
thorax,6
abdomen,6
viecher,6
organe,6
dinne,6
uffnemme,6
meischdns,6
ganglie,6
flieschel,6
weltweit,6
verwenne,6
krieger,6
ghet,6
gwunne,6
geboore,6
hodmär,6
frischde,6
träscht,6
exemplare,6
baam,6
ajg,6
we,6
hång,6
äänzelne,6
dicke,6
fuchzisch,6
gemeind,6
nordesdlische,6
bewalded,6
grigt,6
route,6
gegeiwwer,6
gschehe,6
eeni,6
saad,6
unåme,6
noome,6
grabschdää,6
herren,6
grinde,6
middlpungd,6
murbach,6
roi,6
saalond,6
dessen,6
schwetzt,6
pf,6
baischbiele,6
lingge,6
morsche,6
zwiwwl,6
ausschließlich,6
saina,6
äldare,6
amtliche,6
bücher,6
kfz,6
ses,6
unnerschiedlich,6
lidderadur,6
raichsschdadt,6
landwirtschaft,6
lauter,6
faawe,6
rood,6
dez,6
wohngebied,6
faab,6
kerner,6
det,6
studie,6
schdadtbezärk,6
rigge,6
bschdeje,6
hätt,6
geschriwwe,6
woll,6
plus,6
baiern,6
preis,6
muddamilich,6
friehere,6
hervorgange,6
duds,6
weer,6
nachdem,6
gadde,6
schultz,6
zwiwwlkuche,6
dochder,6
borjemääschder,6
fangt,6
nachds,6
iwwlisch,6
pattnaorde,6
båån,6
bedaidende,6
nadurpaak,6
oschdare,6
deitscher,6
hauptschtadt,6
vagongehaid,6
schbieler,6
verainischd,6
achs,6
dät,6
schdudiad,6
this,6
zom,6
north,6
smith,6
werklich,6
sche,6
purrmann,6
dodefir,6
därm,6
wirgung,6
schunsch,6
tendenz,6
geschribb,6
gess,6
kraft,6
quermbach,6
richdung,6
bedd,6
gflosse,6
schwea,6
zugeschlaache,6
vafassung,6
dagege,6
foi,6
herberger,6
auschdria,6
fusioniert,6
eerscht,6
klasse,6
speier,6
seeje,6
umma,6
flesche,6
deeld,6
fund,6
rüdiger,6
bindnis,6
bliwwe,6
feadisch,6
abgrisse,6
bohhof,6
schalom,6
onschdadd,6
daidung,6
eldschd,6
gleschda,6
kadolischi,6
aaschiv,6
bod,6
schulde,6
hondl,6
sischahaid,6
dradizion,6
wuen,6
minude,6
oigschdelld,6
jahrhunderts,6
denkmalpflege,6
amt,6
dodmidd,6
jedzd,6
gschdoawe,6
unnma,6
hunnad,6
hoddmas,6
heazoch,6
fresge,6
gdroffe,6
laidung,6
unma,6
venninge,6
bruda,6
onnari,6
volle,6
iare,6
wechsel,6
ora,6
ergänzt,6
wichdich,6
lehm,6
zaiche,6
edekowe,6
zeite,6
schitze,6
aier,6
kenner,6
nachbarschdaade,6
händla,6
diele,6
zuschdand,6
ferr,6
fihre,6
apple,6
kabarett,6
erfolsch,6
schdääbach,6
ordschafd,6
efangelisch,6
ämme,6
stern,6
brauchen,6
talgäns,6
verhas,6
väd,6
wirglisch,6
geännert,6
bolidiger,6
wale,6
baar,6
heaschdellung,6
stawebärsch,6
karriere,6
mäschd,6
bekonnde,6
deux,6
jingare,6
lodringa,6
umkumme,6
hagen,6
betriebssyschdem,6
buss,6
gworre,6
worschdsupp,6
nimmt,6
school,6
juniore,6
gibbds,6
tach,6
leser,6
private,6
naid,6
noomol,6
gwäsd,6
meine,6
magazine,6
sicha,6
dresde,6
saan,6
gejen,6
ärscha,6
bleede,6
iwwazaischung,6
kandel,6
freiwillisch,6
umiddelbaa,6
varionde,6
schdahl,6
ferderung,6
zammeschluß,6
winfried,6
bisch,6
kellerei,6
renovierung,6
chaplin,6
wärds,6
golf,6
siedameriga,6
maschde,6
seeschla,6
gschafd,6
oddas,6
audofahre,6
vasuche,6
fluud,6
baggasee,6
entschtanne,6
markgraf,6
axel,6
schrifd,6
drumrum,6
golde,6
beziehunge,6
forscha,6
nazi,6
pogrom,6
russe,6
gschdald,6
kiosk,6
heag,6
hiegschdeld,6
berschborre,6
wonnde,6
weder,6
heppene,6
ba,6
sap,6
klänner,6
direggde,6
rhoifrängisch,6
schwätzt,6
wendel,6
baggaseje,6
fünftgreeschte,6
bunnesschdaade,6
united,6
materie,6
elemende,6
minh,6
uk,6
ingenieur,6
hunsriggisch,6
ofderse,6
railinge,6
brücken,6
weinheim,6
niedaschlääch,6
nordirlond,6
bewohner,6
ausgewannerd,6
fraischdaad,6
nationen,6
sowjetunion,6
bermuda,6
dammschdadt,6
jächa,6
määnzer,6
rumbach,6
endlång,6
hechler,6
nimmer,6
schdehne,6
schadt,6
sidlische,6
norre,6
ferschdedum,6
territorium,6
krabb,6
brumbach,6
bräutigam,6
riesische,6
meeresschbischl,6
code,6
lischde,6
owwabojamääschda,6
jooa,6
vabondsg,6
minschner,6
olm,6
empfunne,6
goethe,6
zammehang,6
owens,6
hischdorisches,6
stadtmauer,6
gemän,6
adaincourt,6
adelange,6
ajoncourt,6
alaincourt,6
naturpark,6
givrycourt,6
torcheville,6
insming,6
réning,6
algrange,6
alsting,6
brettnach,6
amelécourt,6
orne,6
rentgen,6
forêts,6
obergailbach,6
wiesviller,6
dalem,6
quatre,6
biachamääschta,6
fuerboch,6
saargemìnn,6
harprich,6
morhange,6
ban,6
macheren,6
graizung,6
noisseville,6
nabor,6
privat,6
irschnd,6
terziär,6
fraiburch,6
wesendlisch,6
maagdpladz,6
hoi,6
kraitche,6
pflanzen,6
wieschd,6
beitrag,6
hebräisch,6
town,6
dissertation,6
indernet,6
gezählt,6
palatine,6
kriecht,6
gedoffel,6
vorpommern,6
bosselshüse,6
angwiller,6
lideratur,6
lohr,6
nàswil,6
oberhoffen,6
ìwerach,6
russ,6
schaiwert,6
steige,6
struth,6
urbeis,6
weier,6
hoppe,6
ägypte,6
ablaide,6
affolderbach,6
ulfebachdal,6
buntsandschdåå,6
bergstraße,6
boinderschem,6
gnannd,6
rechtsverordnung,6
äis,6
aktive,6
ellebach,6
weschnitz,6
voadapälsische,6
oad,6
weschmiehl,6
woibrand,6
saalänisch,6
eldare,6
loschd,6
berchrigge,6
schildmauer,6
elsässischen,6
altdåhn,6
aussichtsplattform,6
soinerzeit,6
burchålach,6
sibirje,6
vorgschischd,6
deschdniskeäasch,6
iwwablaibsl,6
schließe,6
froch,6
lembärsch,6
schdaadlische,6
hängt,6
romy,6
umfong,6
hutzle,6
verbreidt,6
wassaschdoff,6
brenne,6
pflanze,6
vitamin,6
briq,6
epling,6
dohea,6
nadurraimlische,6
verbreit,6
muschlkalk,6
flieder,6
schwetzinga,6
humbärch,6
ghaaße,6
wimmerschbach,6
fußnode,6
kraiszahl,6
offesischdlisch,6
feuerrad,6
labor,6
good,6
phonetic,6
uflösung,6
agdsjä,6
samurai,6
scho,6
pura,6
finlond,6
valparaíso,6
design,6
nåm,6
fliegenden,6
spaghettimonsters,6
ausserdem,6
verkehrsfläche,6
ufgleesd,6
bezirksåmd,6
sotschi,6
bunaken,6
sulawesi,6
baiere,6
redensaade,6
seggd,6
limburgisch,6
stoggholm,6
komboniert,6
zwodde,6
holzmaagd,6
nond,6
eich,6
erwede,6
rupprecht,6
hadberg,6
łobez,6
limburgische,6
hadde,6
onglhoofa,6
nichts,6
daischte,6
dinotherium,6
eppelsheim,6
ikea,6
consumer,6
fliescha,6
feiert,6
åiwuhner,6
fiare,6
need,6
osischde,6
pohl,6
sylvestris,6
knabenkraut,6
walldürn,6
autumnale,6
flaaschblumm,6
inflata,6
kirschbromisch,6
amorbåch,6
backfire,6
àlgelse,6
àltkìrech,6
àndelse,6
àppewihr,6
ààrze,6
ààschpi,6
àtteschwìller,6
altwihr,6
bàldersche,6
bàlgäu,6
bàllerschdorf,6
bàlschwìller,6
bàlze,6
bànzene,6
bàrtene,6
bàttene,6
bawle,6
bellemagny,6
banderf,6
bannwihr,6
barezwiller,6
barge,6
bargholz,6
bargholzzàll,6
barnwiller,6
barrwiller,6
batterf,6
bättlàch,6
bierthel,6
bìlze,6
bìschwihr,6
bìsel,6
blodelse,6
blohze,6
ìwerburbàch,6
bruckedswiller,6
bräitebàch,6
bratte,6
brìnke,6
brüebi,6
brunscht,6
didena,6
büethwiller,6
bìhl,6
nìderburnhaipt,6
büschwìller,6
karschbach,6
sanne,6
schàlàmpi,6
colmer,6
dàmmerkìlch,6
dassene,6
diefmàtte,6
dollere,6
dìlleschdorf,6
dìrmene,6
dìrrenanze,6
eglìnge,6
albach,6
product,6
being,6
emlìnge,6
eschbe,6
aschedswiller,6
eteimbes,6
fàlkwiller,6
falbe,6
faldkìrech,6
falleri,6
fassene,6
feeslis,6
flàxlànde,6
folgeschburg,6
frànke,6
fréland,6
frehnige,6
fìllere,6
gàlfìnge,6
gaispìtze,6
geisswàsser,6
gìldwìller,6
golbàch,6
àltebàch,6
gummerschdorf,6
grischbe,6
grüese,6
gawerschwihr,6
gawiller,6
geemàr,6
gavenàtt,6
gaiwene,6
gungelse,6
gìnschbe,6
hàbse,6
hàgebàch,6
nìderhàgedàl,6
hàrtmànnswiller,6
hàttschet,6
hüsgaie,6
hecke,6
hagene,6
haidwìller,6
haimersdorf,6
hemschprung,6
haitre,6
haiwìller,6
halfrànzchìlech,6
herrlese,6
häsige,6
hetteschlàg,6
hìndlìnge,6
hìrsinge,6
hìrzbàch,6
hìrzfalde,6
huuscht,6
humburg,6
hüse,6
hundsbe,6
hìnige,6
ìllfert,6
ìllhìsre,6
ìllzi,6
ìngersche,6
ìsene,6
iebse,6
jettinge,6
chàppele,6
kàtzedàl,6
chems,6
chìfis,6
kìngersche,6
kìrechbarg,6
knehrige,6
chäschli,6
ketzige,6
krit,6
labaroche,6
làndser,6
lapoutroie,6
làrgìtze,6
lütebàch,6
lütebàchzall,6
ài,6
bonhomme,6
laimbàch,6
levoncourt,6
layme,6
liebedswìller,6
liebsderf,6
lièpvre,6
lìgschderf,6
lìnschderf,6
lìntel,6
logele,6
lìtzel,6
lüemschwìller,6
lüttebà,6
lütter,6
lütterbàch,6
magny,6
màschgetz,6
obermàschgetz,6
màlmerschbàch,6
mànschbàch,6
merze,6
marxe,6
matzeràl,6
maiene,6
niedermìchelbe,6
obermìchelbe,6
mìttelwihr,6
mìttlàch,6
mìtzàch,6
märnà,6
mollài,6
jeune,6
müeschbe,6
mìlbe,6
milhüüsa,6
mìnkhüse,6
munze,6
müerbe,6
nàmbse,6
nej,6
brisàch,6
näiwil,6
nìderanze,6
nìderherge,6
nìdermorschwìhr,6
owwerbrucke,6
owweranze,6
owerherge,6
oberlàrg,6
owermorschwihr,6
owermorschwìller,6
odere,6
oltìnge,6
orbey,6
osebàch,6
ooschte,6
ottmersche,6
làndài,6
pfàffene,6
pfàscht,6
pfatterhüse,6
porte,6
bulwersche,6
raderschderf,6
radersche,6
ràmmerschmàtt,6
rànschbàch,6
nìderraischbe,6
rànzwiller,6
regse,6
reinige,6
ratzwìller,6
ràppschwihr,6
riedse,6
rieschbi,6
rìmbàchzall,6
richewihr,6
rìxe,6
roggehüse,6
ropperzwiller,6
rosenöi,6
ruffàch,6
rüederbi,6
rümersche,6
reschehart,6
sàntàmàrì,6
bernhàrd,6
cosme,6
heilikriz,6
màrkìrisch,6
sampìlt,6
sant,6
üelri,6
sàise,6
schlierbi,6
thànn,6
schwobe,6
sante,6
sept,6
sìckert,6
sierez,6
sundernà,6
sungerschderf,6
sulzbàch,6
sulzere,6
sulzmàtt,6
spachbi,6
stàffelfalde,6
staibàch,6
niederstaibrunn,6
oberstaibrunn,6
staisulz,6
starnebarg,6
storksoh,6
stooswihr,6
strüeth,6
sundhofe,6
dàgelse,6
dàgschdorf,6
dànnekìrich,6
nìdertröibàch,6
ìwertràibàch,6
dìrke,6
ìwerstrooss,6
üffe,6
üffholz,6
ungersche,6
ürsche,6
vegelshofe,6
vogelgrien,6
volgelse,6
wàhlbi,6
wàlbàch,6
wàldighofe,6
wàle,6
wàsserburig,6
wàttwiller,6
wackelse,6
wagschaid,6
wanzwìller,6
werenzhüse,6
waschthàlte,6
wattelse,6
wickerschwìhr,6
widsole,6
wìldstai,6
wìnkel,6
wittelse,6
wittene,6
witterschdorf,6
wolferschdorf,6
wolfgàntze,6
wolschwìller,6
wüene,6
zäsige,6
zallebarg,6
zìlse,6
zìmmerbàch,6
zìmmersche,6
behavior,6
mendale,6
vamaide,6
vawonde,6
jessica,6
resuldad,6
oischdellunge,6
hondle,6
libschde,6
schdrof,6
chako,6
comedyanten,6
walker,6
angeot,6
argiésans,6
banvillars,6
beaucourt,6
bermont,6
bessoncourt,6
bethonvilliers,6
boron,6
botans,6
brebotte,6
buc,6
charmois,6
wehld,6
forges,6
chavanatte,6
brid,6
chèvremont,6
courtelevant,6
cunelières,6
danjoutin,6
denney,6
dorans,6
eguenigue,6
éloie,6
étueffont,6
fêche,6
évette,6
salbert,6
faverois,6
fontaine,6
florimont,6
fontenelle,6
frais,6
froidefontaine,6
grosmagny,6
grosne,6
lacollonge,6
lagrange,6
lamadeleine,6
anges,6
larivière,6
lebetain,6
leval,6
méziré,6
montbouton,6
morvillars,6
novillard,6
pérouse,6
petitefontaine,6
petitmagny,6
recouvrance,6
reppe,6
riervescemont,6
rougegoutte,6
sevenans,6
suarce,6
thiancourt,6
valdoie,6
vauthiermont,6
trévenans,6
vellescot,6
vescemont,6
vétrigne,6
vézelois,6
villars,6
määschterin,6
baidem,6
menschevaschdond,6
rhetorische,6
argument,6
nòò,6
mähnschdens,6
hònn,6
lerrer,6
probonde,6
baidema,6
schlussfolscharung,6
schdrohmonn,6
wingolf,6
darvo,6
bots,6
komponje,6
auszunudze,6
zirgl,6
offender,6
fahrt,5
fahrzeusche,5
beginne,5
wende,5
strooß,5
schdregge,5
fahrn,5
gäbbd,5
signale,5
schdreck,5
gäbbds,5
schdellung,5
väkea,5
nacional,5
vadrede,5
inseln,5
ozean,5
iran,5
besiedelde,5
sehen,5
fehlt,5
wildbahn,5
nitt,5
weils,5
leet,5
webseidde,5
dii,5
gegründet,5
gibbd,5
sammle,5
darin,5
tief,5
sehenswirdichkaide,5
endhalde,5
torm,5
orgel,5
berliner,5
haapdschdädt,5
exischdiert,5
reschts,5
rauskummt,5
melde,5
ganse,5
audomadisch,5
geschbielt,5
sischer,5
darf,5
monnschafd,5
bebauung,5
bezirksverband,5
naiï,5
mose,5
samuel,5
naies,5
titus,5
grafd,5
härr,5
vielzahl,5
compjuder,5
erforschung,5
uffgelesd,5
woibaugebied,5
käisch,5
bloomaulorde,5
heggschd,5
blummepeder,5
währnd,5
dabbisch,5
kabuzinaplonke,5
erinnarunge,5
europäisch,5
endschdehung,5
winzerdorf,5
schwaische,5
woireewe,5
õõschluss,5
båånschdregg,5
liesch,5
gmeinderot,5
jahrhunnerd,5
kat,5
jörg,5
zusätzlisch,5
leimbach,5
keltische,5
saalbach,5
ubschdadt,5
jedzad,5
bunnäslänner,5
haiße,5
gsedze,5
sem,5
normalnull,5
laininge,5
zendrale,5
leiningen,5
veldenz,5
hi,5
bräd,5
drinn,5
dreieck,5
verlängert,5
abschnitt,5
selbstverlach,5
schlossberch,5
mauerreschde,5
sòhn,5
erwe,5
bedaitung,5
gräber,5
knoche,5
brunneschacht,5
gefillt,5
schdrugdur,5
schemische,5
ògefong,5
gerschbach,5
schdatt,5
iwwernumm,5
geschd,5
produktion,5
fasse,5
bircher,5
gedenkdafel,5
praktisch,5
fachhochschul,5
uffgemach,5
schdark,5
schieler,5
saal,5
ehemalichi,5
poscht,5
dodevor,5
nodämm,5
treue,5
english,5
konzerde,5
musical,5
zugemacht,5
pirmasenser,5
iwwanumm,5
sabrigge,5
ihrem,5
date,5
schdurm,5
lyoner,5
gondrom,5
rathaus,5
gemälde,5
tirol,5
frånzesische,5
motive,5
middelalderlische,5
bezaichned,5
rufe,5
chronica,5
rosen,5
oehrling,5
enzyklopädie,5
sp,5
wikiquote,5
eener,5
haast,5
begrenzd,5
hechsd,5
beginnd,5
hehere,5
wälda,5
tierarde,5
móó,5
zumindschd,5
aischndlische,5
mähre,5
daitšlond,5
religiese,5
umgebrochd,5
bridde,5
idaljener,5
großbridannje,5
šwadds,5
revoludsionäre,5
billione,5
wärdschafdswaggsdum,5
loand,5
sozial,5
ereffned,5
johrhunnerdelong,5
griechisch,5
religione,5
fronge,5
beschdimmd,5
gflohe,5
pann,5
supp,5
pilscha,5
schraibd,5
meyer,5
vodderpalz,5
unnes,5
sunnekeenisch,5
mellag,5
laininga,5
därgemer,5
guschdav,5
óófang,5
dobbld,5
enne,5
meyers,5
aldar,5
dergem,5
wallfahrt,5
tremmel,5
hausmacher,5
owwerrhoiewene,5
ordskern,5
benudzd,5
ofang,5
dritt,5
manchmol,5
schatz,5
weisrem,5
kläner,5
oschte,5
förderverein,5
freiwillige,5
schaade,5
allgmoin,5
steve,5
ref,5
addigl,5
joe,5
president,5
unnse,5
bledsinn,5
vorg,5
gschidzd,5
gfängnis,5
pandemie,5
power,5
uffdridd,5
nonnde,5
oisedze,5
didn,5
rhetoric,5
zwegg,5
alabama,5
clinton,5
bzaischned,5
erfolschraisch,5
wegg,5
leese,5
innä,5
widdaholung,5
bring,5
gläänare,5
redden,5
flasche,5
zaischnd,5
wehrend,5
odeel,5
herbschd,5
schoiagumend,5
ondie,5
durschde,5
body,5
laden,5
meschlischawais,5
deede,5
harry,5
schdradegie,5
meschlisch,5
than,5
hong,5
irschendwie,5
wesendlische,5
laischne,5
virginia,5
zdf,5
polidig,5
vfl,5
geographische,5
inmidde,5
dannefels,5
dämogradie,5
oigfiad,5
gsädz,5
geworn,5
oihaid,5
geschichtliche,5
politisch,5
dahl,5
htm,5
eduard,5
naischdadd,5
hode,5
newwa,5
ihren,5
letzten,5
gute,5
daten,5
kloster,5
wahre,5
letzte,5
slowakei,5
eestreich,5
humor,5
gedischd,5
mundartlideradur,5
gernot,5
alsemol,5
freind,5
gedauert,5
geeje,5
jagd,5
schwatzwald,5
teschnische,5
begrenzt,5
moritz,5
wennischer,5
anneri,5
gebliewe,5
schwätze,5
viea,5
hill,5
iwwergång,5
onneri,5
daidscha,5
istanbul,5
vabinnung,5
oschdoiropa,5
mont,5
niedaschlaach,5
middloiropa,5
finnisch,5
osmanisch,5
waißrusslond,5
oiro,5
lichdeschdää,5
bulgarie,5
achde,5
mee,5
halbfinal,5
vunnde,5
phönix,5
gaulicha,5
stelld,5
nohm,5
erschdes,5
špielzaid,5
plätz,5
riggrunn,5
noohfolcher,5
bisherische,5
veloss,5
gebrauchd,5
erinnerung,5
kallsruher,5
beraids,5
geschaffd,5
schlechde,5
mannschafd,5
weida,5
günther,5
brennt,5
wirre,5
gebracht,5
zunägschd,5
schwierisch,5
märs,5
sella,5
kongreß,5
lingsrhoinisch,5
wischdigsde,5
bismaak,5
ehrenamdlische,5
sidzvertailung,5
pälzischer,5
deet,5
rischdisches,5
gottlieb,5
humoresken,5
sachen,5
kinder,5
weihnachten,5
ostern,5
kraisfraie,5
chrischdi,5
demokradische,5
niederrhoi,5
beriemde,5
schbääda,5
schdaufa,5
dos,5
nuchemol,5
wäglisch,5
rue,5
vabrennd,5
kadohlische,5
prodeschdande,5
roine,5
lije,5
abfaggle,5
mordbränna,5
gholfe,5
desmol,5
ems,5
parisa,5
middebai,5
vädd,5
regierunge,5
rené,5
finfd,5
meeschlisch,5
glick,5
näre,5
jacques,5
inwohna,5
amsterdam,5
waldgebied,5
raide,5
unnerrischd,5
vorallem,5
schbäde,5
dezuu,5
siegfried,5
loewe,5
ralf,5
kimmel,5
schriftenreihe,5
abdai,5
unnerdorf,5
bsidz,5
ausnahm,5
dria,5
ferus,5
viech,5
przewalski,5
esel,5
carota,5
unnaschaid,5
sachdma,5
zwiwwle,5
bisse,5
kaschdell,5
vorhanne,5
unnerschiedliche,5
gerolsem,5
geschlosse,5
grünstadt,5
wedebrunne,5
waldmark,5
darmschtadt,5
ältschde,5
rodalb,5
greßer,5
lothringer,5
seitdäm,5
ewwerhard,5
abgebrennt,5
dochter,5
reformation,5
katholischi,5
erreicht,5
felder,5
geläbt,5
deitlich,5
exischdiere,5
beherrscht,5
sond,5
entschtonn,5
poschde,5
onnre,5
artikel,5
allee,5
wäge,5
defir,5
demit,5
dauer,5
kernschdadt,5
situation,5
schtädt,5
tatsach,5
site,5
medizinische,5
zentrale,5
gekoschd,5
einwohner,5
agger,5
grieweworschd,5
majoran,5
darm,5
rezepd,5
leschion,5
länge,5
stee,5
abteilung,5
plateau,5
quellen,5
staab,5
sunnesyschdem,5
index,5
rupreschd,5
õõfäng,5
massisch,5
gezaischd,5
gfehld,5
wora,5
salia,5
dehinna,5
hailsche,5
glabd,5
ernannt,5
därwu,5
unnaschdidzung,5
konkordad,5
dorschsedze,5
duuda,5
schwach,5
dieser,5
hanse,5
brav,5
weldlische,5
tschechisch,5
ärwed,5
uune,5
abgschnidde,5
därfe,5
gränz,5
ermorded,5
prinz,5
schlachd,5
ruhisch,5
erklärung,5
portal,5
käschdebursch,5
maxbursch,5
franzoose,5
joahunnerd,5
pol,5
uffbaue,5
busch,5
ribes,5
verbreidung,5
oischnierung,5
talljewefze,5
klänschde,5
eschdliche,5
türkei,5
freizeit,5
hergschdellt,5
speziell,5
kaafen,5
schichte,5
remischer,5
genudzt,5
arnold,5
beziehe,5
ferschder,5
werkzaisch,5
zuordnung,5
qwelle,5
jahrfeier,5
aaischologie,5
raif,5
ur,5
pittsburgh,5
mittem,5
enerer,5
politiker,5
hohl,5
bereische,5
regionalkultur,5
laudere,5
bruchhof,5
reiskerje,5
aldschdad,5
grafschafd,5
kal,5
auserdemm,5
erweiderde,5
basgedball,5
saarpalz,5
graiz,5
hochwasser,5
rodem,5
üwwa,5
schrifdschdeller,5
mundartgedichte,5
jensen,5
dokumentation,5
bauland,5
sdr,5
wettbewerb,5
ladeberg,5
marliese,5
jury,5
indernazionale,5
geween,5
zwedder,5
vaux,5
sihn,5
ritter,5
brücke,5
song,5
oh,5
mannschafde,5
meeschder,5
saarland,5
schenk,5
gesse,5
joahunnade,5
geele,5
mittlere,5
keschdebaam,5
stehn,5
renne,5
dunggle,5
unsare,5
ausschderwe,5
darschdelle,5
kpd,5
erzbischdum,5
silwer,5
maine,5
loire,5
schwedzinge,5
schwedzinga,5
oddhainrisch,5
dochda,5
fliehe,5
näggschde,5
daag,5
conrad,5
dodefer,5
weech,5
oigong,5
kurwürde,5
babbelt,5
schbroochgebiet,5
kurmoinz,5
schbroochforscher,5
owwerdaitsche,5
lenisierung,5
warre,5
aag,5
aare,5
dilje,5
halwa,5
aldebach,5
heddesbach,5
babbln,5
beer,5
landkreise,5
kreisbeschreibung,5
adress,5
lewende,5
vunnere,5
sport,5
hirsch,5
freibad,5
markt,5
klääner,5
glan,5
rechd,5
grien,5
klar,5
dodruffhie,5
waans,5
ogdower,5
mehrmols,5
dausende,5
dodorch,5
pre,5
rhoilånd,5
errichd,5
bebaud,5
discht,5
kalk,5
schreibweise,5
bodde,5
entfernung,5
ausgeschdorb,5
denoh,5
mord,5
ortsdeele,5
vunäre,5
gemeinden,5
stroße,5
bester,5
tor,5
oalach,5
schtudiert,5
fälle,5
übersetzt,5
verlasse,5
moral,5
wirkt,5
milsch,5
saigediere,5
wordherkunfd,5
oiroba,5
gail,5
äne,5
altrip,5
wassadurm,5
forum,5
horst,5
experimende,5
ausgschdellt,5
moschd,5
haabdschdadt,5
ordenswald,5
osde,5
maagdbladz,5
scheen,5
fluchblatz,5
kraut,5
benochbade,5
infoamazione,5
oktower,5
volksmund,5
kraiznach,5
gleje,5
riche,5
formel,5
bildt,5
schwedische,5
berglond,5
verwalded,5
bedeutung,5
eraus,5
weltall,5
dreht,5
laudre,5
nordamerika,5
middle,5
but,5
class,5
denen,5
logik,5
siedweschd,5
glawe,5
media,5
fell,5
gequellde,5
schbießbrode,5
lewwer,5
annersch,5
grau,5
zudade,5
midawaider,5
früher,5
aich,5
allmählisch,5
kleve,5
paif,5
diphtongierung,5
gebroch,5
plural,5
bassiere,5
geheerd,5
minschwiller,5
rilze,5
jubiläum,5
terra,5
hooch,5
weschdlich,5
frieja,5
niwwer,5
schließd,5
besadzungszon,5
kame,5
denoch,5
regierd,5
zabern,5
verbandsgemä,5
schdolz,5
poor,5
vorbild,5
geche,5
verainischung,5
näher,5
naijare,5
owwarhoi,5
närre,5
schiffaschdadd,5
wassafläsch,5
baggaseeje,5
dorunna,5
aischini,5
bisses,5
ginschdisch,5
endlong,5
vawaldungswisseschafde,5
oagriff,5
waidari,5
abm,5
zinfd,5
aamee,5
pälsa,5
zinse,5
genaral,5
gschdeggd,5
gfeadad,5
easchmol,5
schbaijmarisch,5
onaschda,5
zweddes,5
salija,5
eabfolschegriesch,5
diagonisse,5
friedhofskabell,5
peda,5
redscha,5
vunm,5
ogugge,5
gimnasijum,5
pelsisch,5
evongelischi,5
ledschdare,5
raadhaus,5
schboad,5
varoin,5
ligl,5
thor,5
faijawea,5
indaned,5
anderem,5
neumann,5
judenhof,5
weisen,5
gs,5
gweahaus,5
fieß,5
biascha,5
zuäm,5
colmar,5
aschidegd,5
iwwazaischd,5
middlschiff,5
eanaijad,5
kaisasaal,5
vaännarunge,5
aschidegdua,5
gwaihd,5
nunna,5
oafong,5
hoddmade,5
schwawe,5
bischeef,5
dummherr,5
bildhauwa,5
dodvoa,5
glogge,5
gosse,5
rundrum,5
gnudzd,5
maler,5
geräd,5
fille,5
bibliographie,5
zeitschrift,5
willibald,5
arschidekdur,5
laichd,5
urschbringlische,5
beel,5
vfk,5
krane,5
essen,5
schopper,5
breit,5
sim,5
mundschenk,5
mähl,5
wärtschaft,5
dänn,5
schriesemit,5
imne,5
schriesheim,5
suisse,5
fliesst,5
bewohnd,5
rewe,5
kaam,5
unnaschaide,5
rhai,5
besonnerschd,5
pda,5
greeßer,5
herschdeller,5
pälzisches,5
talent,5
wold,5
geografischi,5
goldener,5
sonne,5
talgans,5
aarisch,5
nürnberg,5
schrift,5
palaschd,5
bezirg,5
zukinfdische,5
ågezindt,5
schwarzbach,5
clause,5
dazukumme,5
ergebnisse,5
laije,5
gsangbicha,5
fassung,5
bede,5
leffl,5
star,5
zweebrigger,5
japon,5
ios,5
anfang,5
unterm,5
vielfach,5
krimis,5
garnix,5
ersch,5
bärschzawere,5
ern,5
dudenhöffer,5
dokter,5
charly,5
nailosse,5
biachamääschter,5
gnau,5
nachem,5
dreesde,5
schrifdschdälla,5
drodzdäm,5
blindhaid,5
op,5
suche,5
laud,5
uua,5
hohenstein,5
konnte,5
denge,5
siehschde,5
kairo,5
enunna,5
gemächd,5
triumph,5
bildern,5
vasalle,5
ehreamtliche,5
leider,5
däler,5
mundaat,5
morlautrer,5
pwv,5
fundament,5
garaasch,5
logga,5
access,5
dafir,5
pirate,5
ergebbd,5
schwäbische,5
hiechllond,5
ostfränggische,5
fitness,5
zammeschluss,5
bardaie,5
längschde,5
ilias,5
unnas,5
edsma,5
measchd,5
zwonzisch,5
wannsde,5
abdrifd,5
fia,5
kisde,5
zehn,5
schdärn,5
schdreemung,5
adria,5
schoi,5
globale,5
bielefeld,5
eawaidad,5
speyerbach,5
newam,5
pascha,5
judd,5
pogrome,5
fasch,5
agdiv,5
robbins,5
quasi,5
haidedirml,5
aldgrieschisch,5
hischdorisch,5
gymnasiums,5
latein,5
biologische,5
tat,5
absischd,5
amerikånische,5
hoggemer,5
låmbade,5
ogebaud,5
reschna,5
planede,5
irdische,5
bessere,5
außadääm,5
wobei,5
geddlische,5
derzaid,5
ausgrawunge,5
exklav,5
oigenumme,5
vaglaische,5
parodie,5
filosofie,5
tirgische,5
one,5
turbülent,5
weldall,5
meent,5
lischdjohr,5
siedschinesische,5
gelunge,5
institute,5
organization,5
weltraumorganisatione,5
data,5
hoit,5
saie,5
sängerin,5
alarm,5
cobra,5
lucas,5
genonnt,5
jupiter,5
beziehungsweis,5
james,5
däde,5
vereinten,5
mosbach,5
erzbischof,5
bundahl,5
zeehlt,5
nothweiler,5
owwerlauf,5
ernannd,5
lehn,5
umschlosse,5
londrad,5
wadikan,5
vatikanischen,5
palazzo,5
kommission,5
bebaut,5
markgrafschaft,5
herkummt,5
bischdimma,5
operation,5
gemaagungsfläsch,5
fängt,5
naiginea,5
bischt,5
haww,5
schweer,5
åbau,5
ilwesemer,5
bsunnas,5
frånzesisch,5
sondschdää,5
abgefaggeld,5
oanere,5
aischeni,5
buchschdawe,5
vawegseld,5
varoine,5
vorhande,5
wikimedia,5
manhattan,5
state,5
hudson,5
sofdwär,5
zirich,5
valley,5
hondel,5
böhl,5
unen,5
glaabd,5
änzigschd,5
jedn,5
hoschd,5
kirch,5
canner,5
achain,5
ache,5
boustroff,5
eincheville,5
meurthe,5
aulnois,5
fossieux,5
foville,5
liocourt,5
xocourt,5
puzieux,5
bolitiker,5
altrippe,5
alzing,5
rouge,5
rémelfang,5
ancerville,5
apach,5
argancy,5
audun,5
tiche,5
augny,5
aumetz,5
barst,5
behren,5
béning,5
berling,5
bettborn,5
betting,5
bisten,5
gros,5
wœlfling,5
sarreinsming,5
bauwerg,5
boulange,5
boust,5
breidenbach,5
clouange,5
henri,5
pagesperso,5
colligny,5
colmen,5
conthil,5
dalstein,5
danne,5
enchenberg,5
erching,5
fameck,5
farschviller,5
fleisheim,5
florange,5
gorze,5
gravelotte,5
hagondange,5
hargarten,5
hauconcourt,5
hayange,5
henridorff,5
hettange,5
hilbesheim,5
hilsprich,5
métairies,5
hommert,5
hoste,5
kalhausen,5
kanfen,5
kappelkinger,5
kemplich,5
kerbach,5
lambach,5
laumesfeld,5
lengelsheim,5
ley,5
luppy,5
manom,5
marly,5
maxstadt,5
meisenthal,5
merten,5
haubdord,5
meds,5
mittelbronn,5
mittersheim,5
monneren,5
montenach,5
montigny,5
montois,5
morsbach,5
niderviller,5
niederstinzel,5
nitting,5
oberstinzel,5
obreck,5
rettel,5
rezonville,5
rodemack,5
rombas,5
bassel,5
médard,5
sarrebourg,5
schalbach,5
schneckenbusch,5
schorbach,5
scy,5
chazelles,5
siersthal,5
sotzeling,5
spicheren,5
stuckange,5
tromborn,5
turquestein,5
uckange,5
ebersing,5
viller,5
vionville,5
virming,5
vitry,5
wolminschter,5
volstroff,5
walschbronn,5
walscheid,5
willerwald,5
woippy,5
wonnegau,5
schdraid,5
msa,5
naimaagd,5
unnaschiedliche,5
hegscht,5
ria,5
vung,5
rodliggende,5
waldgebiet,5
grinder,5
schriesemer,5
linaria,5
deitschlåndfunk,5
prioa,5
stehen,5
kischd,5
rischde,5
eaweend,5
altpörtel,5
şalom,5
erscheint,5
sibylla,5
adeliche,5
camps,5
deidschland,5
graffenried,5
ansiedelung,5
routing,5
paket,5
bezuch,5
scope,5
wildentenweg,5
weschdufa,5
mecklenburg,5
abdrede,5
lampertheim,5
barembach,5
bellefosse,5
breitenau,5
breitenbach,5
danoch,5
ordsnåme,5
rhoifränggisch,5
communauté,5
büswiller,5
dettwiller,5
dossenheim,5
seltz,5
eschbach,5
gertwiller,5
gìngse,5
gunschtett,5
herrlisheim,5
herdt,5
àtzne,5
soultz,5
ìngelse,5
làmpertschloch,5
lochwiller,5
merikwiller,5
beschelbrunn,5
mìttelhüse,5
monswiller,5
nawiller,5
niederbronn,5
niderlauterbach,5
offwiller,5
orschwiller,5
retschwiller,5
rothau,5
saales,5
sànt,5
nawer,5
sàlembàch,5
sije,5
stroosburi,5
owwerrhoi,5
stundwiller,5
hàmbàch,5
wìngersche,5
sandschdåå,5
lothar,5
kaltblut,5
hälschestä,5
wischd,5
reschned,5
schdaddg,5
informaziunssyschdem,5
wand,5
gfangene,5
gscheje,5
baggad,5
schbijalaxsee,5
mònche,5
dòdezu,5
waißeburch,5
lebd,5
daucht,5
zwonsisch,5
eafolsch,5
marburg,5
mundarten,5
rahmen,5
beeder,5
zufluss,5
aisch,5
roud,5
blimcheskaffee,5
burbàch,5
naimiehl,5
schenau,5
klä,5
biosphärehaus,5
dòhner,5
verwidderung,5
gedient,5
altertümer,5
trapp,5
gesieh,5
hehl,5
vorschdelle,5
jinger,5
åfäng,5
dorålach,5
blumeschdä,5
monarchie,5
vorschdellunge,5
mursel,5
naidåhn,5
bruschd,5
chrischde,5
josefskeäasch,5
nonde,5
wohnunge,5
montana,5
jahhunad,5
juddehof,5
romoanische,5
eainnad,5
dvu,5
hoddmol,5
båhnhof,5
vorschdellung,5
wese,5
glencore,5
hitred,5
gebrägt,5
bolesław,5
ååfang,5
games,5
saag,5
geheimnis,5
höma,5
krimi,5
iwwarisch,5
panorama,5
solanum,5
lady,5
same,5
jg,5
hutzel,5
bezeischnunge,5
kiefer,5
nachweise,5
gluck,5
såndhaiser,5
kombonischt,5
lisch,5
oigsedzt,5
essisch,5
eni,5
stanley,5
klänare,5
gschdein,5
groußes,5
kroad,5
schdandaddeitsch,5
abodhekersbüchs,5
sarah,5
konzärne,5
mcdonald,5
londvogd,5
duäm,5
hessenheim,5
haidzudaach,5
waldwimmerschbach,5
rio,5
faierrädder,5
pp,5
rejel,5
kärnwaffe,5
fiel,5
käiz,5
vrahovice,5
prostějov,5
brogrammierschbrooch,5
effekte,5
rowspan,5
lauts,5
traum,5
cranes,5
germany,5
tonnen,5
hauptauslescher,5
cent,5
timur,5
ehrfurschd,5
iwwerwaldbåhn,5
direggd,5
missschdänd,5
guvernär,5
pordugiesisch,5
adminisdradivi,5
planet,5
karangasem,5
nordweschdrusslond,5
lagis,5
vasuchen,5
gbaide,5
bockbier,5
chilenische,5
maximilianstraße,5
werrense,5
dring,5
monster,5
what,5
hõd,5
efdas,5
weihnachde,5
ainzlnåchwais,5
jåhrhunnerd,5
graisreform,5
eschtringe,5
keenig,5
tourismusregion,5
brunneregion,5
eschelbrunner,5
epfenbach,5
oschdersunndag,5
oschderhas,5
ukrainische,5
projekd,5
gwehlt,5
badischen,5
berchzawwere,5
hiroshi,5
frije,5
gäie,5
weldkrieg,5
feuerbachpark,5
sultan,5
waardtuam,5
veschl,5
pelsin,5
velgamoad,5
kochd,5
prospect,5
blaggeburg,5
palzdorf,5
mischelbach,5
berjermeischder,5
about,5
jesuidde,5
geede,5
georgian,5
caucasian,5
roubaix,5
nikola,5
vàter,5
schlechte,5
worscht,5
dingmert,5
schoind,5
fiele,5
ideje,5
vasuchdma,5
biases,5
entscheidungen,5
effects,5
zischa,5
werddeberg,5
oasischde,5
regierungsbräsidium,5
huber,5
woann,5
exposure,5
wason,5
naischen,5
experimental,5
group,5
heracleum,5
sphondylium,5
blummeaade,5
cuculi,5
officinalis,5
dimin,5
mimlingdal,5
braibäisch,5
àltenàch,5
unteràschbàch,5
nìderburbàch,5
ewerburnhaipt,5
kognitiven,5
decision,5
gaishüse,5
oberhàgedàl,5
hìsre,5
hüser,5
wasserlìng,5
ìlldàl,5
niderbrucke,5
obermüeschbe,5
dünkärsch,5
oberraischbi,5
rüelse,5
empirische,5
jemondem,5
offenbach,5
kafe,5
naischd,5
primacy,5
decisions,5
elliot,5
aronson,5
precision,5
kreuzfahrt,5
ranger,5
gelurt,5
zeidschrift,5
organizational,5
performance,5
oischedzung,5
brain,5
ignoriere,5
aschbegd,5
auswirgunge,5
schbielzaisch,5
vadrauwe,5
glawen,5
vorurdeel,5
effiziendare,5
dassn,5
dub,5
effizienzschdaischarung,5
vabraucha,5
finonzielle,5
voaliewe,5
risike,5
preference,5
falsification,5
perspective,5
schildgräideschiff,5
gewääse,5
hâdd,5
affhellerboch,5
hellerboch,5
informazjone,5
outcome,5
autrechêne,5
gfiehld,5
hex,5
dizier,5
évêque,5
bauernfeind,5
ferije,5
audoridedsagumend,5
gentium,5
odium,5
mangelnde,5
fehischkaide,5
dòdemit,5
wònn,5
moinung,5
newelkerz,5
ableng,5
formal,5
fruucht,5
geerscht,5
verschierene,5
geschmack,5
gell,5
have,5
fear,5
gridigg,5
umse,5
zewen,5
occupational,5
vabraide,5
emodzionel,5
rezensionen,5
glais,4
schwelle,4
bahnheef,4
baispiel,4
loggomodiv,4
besonnere,4
annerschd,4
personal,4
dasser,4
teschnisch,4
bissje,4
onnerschd,4
noodääl,4
waische,4
madrid,4
gebrägd,4
gemäß,4
instituto,4
käänische,4
schdadtmaua,4
el,4
del,4
por,4
fabrik,4
schwierischkaide,4
indanedduffdridd,4
pazifigg,4
thailond,4
islam,4
vamischd,4
geduun,4
synonym,4
heyscht,4
metamorphose,4
monat,4
borrem,4
sau,4
commons,4
kozz,4
badaie,4
staade,4
niemand,4
ehemålige,4
saiddem,4
oigang,4
umgebaud,4
audobåån,4
aischenes,4
havel,4
wärmschde,4
niederschlaach,4
meischtens,4
monnschaft,4
zwanzisch,4
trumpp,4
vonn,4
blooß,4
gegner,4
beste,4
ähm,4
knoddel,4
zwäh,4
rauskumm,4
sischelbach,4
polidik,4
älda,4
rheihesse,4
geel,4
jiedische,4
käänischraische,4
tobias,4
amos,4
matthäus,4
lukas,4
petrus,4
heegschd,4
wäld,4
sääd,4
lehre,4
taxonomie,4
vorgäng,4
messunge,4
eggbach,4
genonnd,4
ghehrd,4
daagschdellt,4
bedailischd,4
vunare,4
schdifdung,4
fresche,4
verdrede,4
bass,4
quetschkommod,4
wella,4
obs,4
nadirlische,4
legende,4
jährlisch,4
lokalzaidung,4
vunnare,4
mannheimer,4
endschdånne,4
daneewe,4
iwwerreschde,4
oggdowa,4
schdaddfinne,4
haldepungd,4
tarifgebied,4
gräßere,4
schultheiß,4
wiesbaden,4
grundlach,4
geiger,4
laag,4
nädd,4
kriege,4
holländische,4
kaalsruh,4
schick,4
frieha,4
moschee,4
oiwuhnerzahl,4
owwerbirgamaischda,4
minischda,4
bundes,4
europäischen,4
efders,4
kaiserlische,4
renovierd,4
unnerschde,4
selbe,4
ringmauer,4
originale,4
übel,4
hichel,4
castrum,4
grundmaure,4
adlische,4
burchherre,4
enkel,4
geplindert,4
niedergebrennt,4
fronkraich,4
erricht,4
schdäll,4
dorturm,4
lembä,4
gewollt,4
guth,4
waitere,4
autore,4
aine,4
gegliedert,4
ruhbonk,4
klännere,4
erlehof,4
selbschdännische,4
messschdazione,4
exerzierhall,4
euroba,4
kurze,4
encyclopædia,4
britannica,4
schraibt,4
stichwort,4
denkmal,4
alliierde,4
abgezo,4
sogenonnde,4
klännes,4
aiswaiher,4
schbaziere,4
braue,4
fk,4
ausgesieh,4
dlrg,4
drk,4
wochenend,4
schuhfabrigge,4
omerigòner,4
schbeziell,4
diverse,4
ausschdellunge,4
leder,4
hageha,4
laicht,4
organisiere,4
entlosse,4
johrzehnde,4
fern,4
schdellt,4
rundschau,4
auswärdische,4
woibauord,4
ruth,4
freiheit,4
bände,4
call,4
ehemolischer,4
wiera,4
zufällisch,4
dodrufhie,4
låndschafd,4
odewälder,4
dogder,4
midgebrocht,4
hund,4
verdreder,4
zaischnis,4
iwwaliefad,4
schaffen,4
voagänga,4
luschdisch,4
lateinisch,4
wunner,4
frankfort,4
nochwais,4
besuche,4
deisem,4
wuus,4
oste,4
kimmt,4
archiv,4
uffgäwwe,4
atlas,4
middleuropa,4
tieflond,4
aiszaid,4
draiwe,4
kischde,4
sorgd,4
zone,4
harz,4
tanne,4
welf,4
zon,4
eeweso,4
gebabbld,4
romanum,4
imperium,4
kreenung,4
room,4
grieje,4
mindschd,4
eesdraisch,4
gradso,4
daitše,4
dorš,4
äänzische,4
vadraach,4
zwädda,4
demokradie,4
synagoge,4
ideologie,4
gegolde,4
vahinnere,4
erowwerd,4
ijane,4
hard,4
wärdschafdslaischdung,4
verfiechd,4
vadiend,4
adenaua,4
abgeleesd,4
uffgonge,4
waidahin,4
indernadsionale,4
bremerhave,4
oiwannerung,4
tirge,4
gegesadz,4
missioniere,4
chrisdlische,4
midgliedan,4
õõgeschdiege,4
salzwasser,4
zuersch,4
gekochd,4
effne,4
wärr,4
fehld,4
tegschde,4
jewailische,4
waile,4
kua,4
greeßde,4
bschded,4
faß,4
bsucha,4
wiedarum,4
närrem,4
annerschder,4
anneres,4
entschdehung,4
metzger,4
musigger,4
oidrigg,4
zähld,4
dengmalzon,4
dienschdlaischdung,4
mandle,4
schlecht,4
gidda,4
hoffmann,4
rausgebrocht,4
kalmit,4
dodrin,4
waideres,4
dodriwwer,4
kaufmann,4
grüne,4
biehn,4
gschmisse,4
gedroffe,4
warm,4
schicht,4
drausse,4
schdroße,4
sehenswerdischkaite,4
veronschtaltunge,4
veraine,4
annre,4
vade,4
beweschunge,4
demogradije,4
major,4
gschlache,4
zugewwe,4
nauseam,4
mähnd,4
facebook,4
abgeordnede,4
eric,4
ufflesung,4
währendde,4
daid,4
paralipse,4
glassische,4
trumps,4
politics,4
gschbalde,4
gängischi,4
nuzd,4
bassen,4
wass,4
oisedzd,4
vapaggd,4
gn,4
wiss,4
oba,4
zidierd,4
gschäfd,4
erfolschraische,4
omerika,4
omerikonische,4
lisa,4
schbezielles,4
god,4
guggn,4
variond,4
dozu,4
way,4
dilemma,4
zaschdere,4
silwe,4
make,4
waiblische,4
like,4
lisdchd,4
schdaage,4
gauner,4
ogriff,4
life,4
nochwaislisch,4
bräschd,4
falschi,4
valedze,4
aussage,4
heddn,4
gfahr,4
millijone,4
zehle,4
probagonda,4
falsches,4
erschosse,4
vellisch,4
there,4
sedze,4
leere,4
win,4
midda,4
vollschdändisch,4
vaschdendnis,4
back,4
härda,4
alsma,4
weilse,4
grieschelond,4
krise,4
wissenschafdlische,4
can,4
webpräsenz,4
enoigsedzd,4
dodezwische,4
luftkurort,4
ausglaisch,4
unes,4
römisch,4
absolude,4
räschde,4
bill,4
reinhart,4
historisches,4
wissenschaftliche,4
ders,4
heinrichs,4
maas,4
making,4
modern,4
princeton,4
germania,4
lambrecht,4
derkema,4
zriggkumme,4
wärge,4
deiner,4
christlich,4
verfassung,4
peddaschm,4
sproch,4
hessischen,4
raschdadd,4
fliggl,4
vorfahre,4
bauare,4
pennsilfaanie,4
ladern,4
gebrennt,4
gschdellt,4
gans,4
grigge,4
jäjer,4
schbääd,4
zumache,4
vergesse,4
onnaschd,4
voaallm,4
forschunge,4
noowaise,4
ausgehend,4
fihrt,4
lewensraum,4
aat,4
bischoff,4
winnweiler,4
werrt,4
hälfde,4
rätoromanisch,4
zeide,4
planed,4
aquarelle,4
engelmann,4
gutenberg,4
kondinende,4
karibik,4
temberadurschwangunge,4
bsunnersch,4
nordoiropa,4
semidische,4
schbanje,4
velga,4
orthodox,4
byzantinische,4
orthodoxe,4
kaukasische,4
osch,4
airopäischer,4
ewwerdsem,4
nachbarorde,4
mäschderschafte,4
stie,4
hadder,4
licha,4
kapitän,4
serick,4
schalke,4
wahn,4
preiße,4
abgeschloss,4
ernaid,4
gång,4
kröner,4
endloss,4
špiele,4
cup,4
weise,4
daidlich,4
abštiech,4
klasseerhald,4
gewinn,4
beend,4
erraichd,4
gesetz,4
rehagel,4
velor,4
mario,4
basler,4
freund,4
pragdisch,4
hads,4
laischdunge,4
posidiv,4
trennung,4
felix,4
erster,4
nogewiss,4
willem,4
jachd,4
bisje,4
reisch,4
mieh,4
beischbiele,4
meiñ,4
bezeischnung,4
dhu,4
arweit,4
summers,4
humoresge,4
schbedere,4
leise,4
kombonischde,4
einmal,4
theater,4
ergebert,4
bekumme,4
einstein,4
hinnam,4
gallia,4
schdraife,4
oofäng,4
nw,4
willm,4
äschd,4
schef,4
gschigd,4
vabräscha,4
schbrenge,4
koz,4
moskau,4
bsunnärschd,4
geraubd,4
reschl,4
digge,4
gsezd,4
schigge,4
genizd,4
gemäschd,4
minischdapräsidend,4
bevora,4
uffleese,4
wen,4
schdaile,4
õõbaue,4
ausgedehnde,4
adler,4
wärm,4
hun,4
milidärische,4
zweddgreeschd,4
reschierung,4
fronzesischi,4
nadurraim,4
zuggariewe,4
turismus,4
vahäldnisse,4
vadääld,4
dischd,4
johrhunnerde,4
sorge,4
õõgaawe,4
französische,4
bock,4
wetter,4
gelesche,4
grawunge,4
gefunne,4
luddwischshaafe,4
owwerdorf,4
ludderische,4
aigfiehrd,4
iwwergånge,4
erworbe,4
fassad,4
grumbeermuseum,4
ludwischshafe,4
vakeasvabund,4
gschdidzd,4
logisch,4
denooch,4
fernau,4
unnerart,4
subsp,4
apiaceae,4
möhre,4
räiwe,4
kerper,4
schaal,4
germersheim,4
sauer,4
versailles,4
konfessionslos,4
enthalt,4
vosges,4
linke,4
lothringische,4
estlich,4
westliche,4
hännel,4
miele,4
walrom,4
streit,4
weiterhin,4
ingenumm,4
gedu,4
krämer,4
uffzubaue,4
dorunner,4
vafall,4
peschd,4
erklärt,4
beschädicht,4
katholike,4
casimir,4
verwaldungssitz,4
jachdschloss,4
roinhard,4
miehl,4
fronkreisch,4
birgefeld,4
kaserne,4
binne,4
soldat,4
domolisch,4
gelongt,4
synagoch,4
dohin,4
herrscher,4
link,4
abgeriss,4
kurfürschd,4
entsprechende,4
werkzeich,4
britische,4
gekimmert,4
separatischte,4
kriminelle,4
alliierte,4
arweide,4
dodefu,4
praxis,4
kalte,4
pälsisch,4
bayerischen,4
anhand,4
enzelne,4
abbau,4
newwe,4
xxii,4
verbesserte,4
braache,4
library,4
kommunikation,4
schdadtgliederung,4
schlierbach,4
beschdanne,4
schbädare,4
palzgrafschafd,4
prag,4
owwerhaubd,4
gschischtsveroi,4
zerfalle,4
wikinga,4
genuzd,4
hunne,4
donns,4
däne,4
raischskärsch,4
bischöf,4
ängschd,4
augsbursch,4
gerufe,4
jednfalls,4
zmindschd,4
theophanu,4
kämpfe,4
adel,4
erfolgraisch,4
duu,4
gnade,4
weldlisch,4
fraising,4
gewaihd,4
nõõm,4
unäm,4
kunrad,4
cluny,4
abgsedzd,4
wanna,4
canossa,4
viktor,4
kardinäl,4
raad,4
unnäm,4
halwes,4
seehd,4
gaabs,4
daßsa,4
jeden,4
können,4
piladus,4
grademol,4
niedarhoi,4
ford,4
kurfärschde,4
dõõ,4
fälld,4
raiwa,4
biwel,4
schdroof,4
these,4
kollesche,4
diskussion,4
irre,4
gräwe,4
widdlsbacha,4
menschen,4
aachemol,4
ingfalle,4
iwwagong,4
offizia,4
blank,4
haillos,4
hiegschdelld,4
linksrhoinisch,4
kääna,4
wirrdebärsch,4
wira,4
hänses,4
mittelalters,4
monumenta,4
nation,4
reiches,4
aussicht,4
keschdebursch,4
milidärisch,4
wischdischkaid,4
winzinge,4
endschaide,4
gelongd,4
drinne,4
faian,4
serte,4
planz,4
geschlecht,4
vorder,4
fiehler,4
franke,4
aussieht,4
ehemalisch,4
gsellschaft,4
durschschnitt,4
keldischer,4
siedeschdlich,4
heidelsburch,4
wommer,4
ausgeschdellt,4
nemetum,4
saltus,4
ps,4
bisa,4
folschnde,4
nadialich,4
überarb,4
ernscht,4
waad,4
harbaugh,4
reformierde,4
ghäße,4
church,4
pfälzisch,4
noble,4
getraa,4
schprooch,4
herxem,4
herxm,4
iwwerhaubd,4
aldaa,4
ekologie,4
saalännisch,4
nordweschdliche,4
schdadgebied,4
widderuffbau,4
kalsberch,4
selbschdännich,4
realschule,4
iwer,4
hundsangen,4
mescht,4
rind,4
härschberg,4
härschlbad,4
wurds,4
woar,4
geborene,4
schdaddeil,4
lutz,4
sohl,4
fränkische,4
zusammenarbeit,4
marianne,4
schmitt,4
haarlaß,4
neckartal,4
zahlreische,4
korzfilm,4
insekt,4
trachee,4
vermut,4
maul,4
larve,4
steuere,4
verbind,4
selb,4
greschd,4
ipa,4
musiker,4
coast,4
frää,4
wegem,4
bbc,4
bend,4
quadrate,4
webseid,4
beriimde,4
dischde,4
gfaierd,4
gewißd,4
abschluss,4
bubb,4
kennzeische,4
bliedeständ,4
getrennt,4
versetzt,4
låndschaft,4
bezeischend,4
keschdeweg,4
eichendlich,4
middäm,4
großschdädt,4
nadurschudz,4
haabdsäschlisch,4
tier,4
resdlische,4
endfalle,4
ogschlosse,4
fraibursch,4
brihler,4
uffschdelle,4
wischdigschd,4
fraibad,4
brn,4
fernsehe,4
vabrochd,4
ruda,4
kloschderkärsch,4
freske,4
seebach,4
feschdgschdelld,4
bulle,4
könige,4
bal,4
voraus,4
zugenumme,4
samt,4
prodesdandische,4
zuriggonge,4
iwwergäng,4
oim,4
uffgedaild,4
lingsrhoinische,4
feschdgelegt,4
gudde,4
konsonand,4
orrewald,4
seggene,4
heßt,4
hellese,4
altnaidorf,4
långedal,4
hert,4
schbruch,4
ähnder,4
width,4
alleweil,4
armin,4
kleines,4
webverwais,4
oinzlnochwais,4
wortschatz,4
kurów,4
glebd,4
vg,4
ganglion,4
ufgab,4
deckflieschel,4
schubbe,4
sprach,4
käfer,4
publishing,4
bundesamt,4
statistisches,4
kreisfreie,4
bewaldede,4
frånzeesisch,4
morrlautre,4
habsburg,4
bürckel,4
fluchd,4
projegde,4
sechzischer,4
wohnung,4
genutzd,4
hodel,4
pläne,4
stil,4
gald,4
urspringlich,4
zahlraiche,4
bunde,4
wenischer,4
abgelaarert,4
madrial,4
leonhard,4
korzem,4
geologischer,4
fraiwillisch,4
selbschdverlach,4
neues,4
ludwichshaafe,4
eischentlich,4
monnema,4
hoffnung,4
bekonnt,4
ers,4
indresse,4
waldkirch,4
quadrade,4
graff,4
elsässer,4
kabaredischd,4
gedreht,4
schauspieler,4
eugen,4
knesebeck,4
hörbuch,4
beleschd,4
dorschschniddlisch,4
rebfläsch,4
dublin,4
kieh,4
dringge,4
hirde,4
verwende,4
haidlbääg,4
schdadtgliedarung,4
edinge,4
hafe,4
schäni,4
schteht,4
ähn,4
lebe,4
tue,4
sidoschde,4
autovision,4
modelle,4
wädda,4
weh,4
uugfäa,4
wingad,4
glä,4
beschded,4
keenischsbach,4
wolfsbursch,4
radwesch,4
wucheänd,4
saalbau,4
woifeschde,4
triathlon,4
fußballer,4
weiders,4
endschbreschende,4
magischdrad,4
haaf,4
bunnesschdrooß,4
geo,4
summerdagszug,4
theolog,4
valentin,4
bitte,4
bearweide,4
derzeit,4
dobbel,4
bastian,4
gebilded,4
ouch,4
mineral,4
johansson,4
field,4
gekickt,4
bundesland,4
vaschdehd,4
ended,4
exischdierd,4
zammearwaid,4
beginsdischd,4
duwak,4
lihd,4
schifferstadt,4
weenschns,4
umland,4
bekanndeschd,4
weltachs,4
jemand,4
unserem,4
weite,4
schief,4
krach,4
riese,4
lehra,4
indiana,4
loss,4
fu,4
amen,4
allgemaine,4
nagel,4
hehlegleichnis,4
beachde,4
rowohlt,4
rosenberg,4
przewalskigaul,4
sáin,4
unnerscheide,4
allgemein,4
effnungszaide,4
dradizionell,4
gewerze,4
variand,4
zusammesedzung,4
beschdeed,4
verband,4
filiale,4
roo,4
abgfilld,4
läßd,4
siedpälzische,4
vorderpälzische,4
gezoore,4
gejende,4
pälzersch,4
oifliss,4
rußland,4
schwetze,4
länger,4
bsonders,4
