word,count
da,157962
la,113058
il,76543
en,63089
dal,38605
ils,30016
las,28435
in,26001
che,24444
ha,23940
per,23487
cun,22100
ina,21702
ed,21332
ch,20554
sa,18395
sco,17951
pli,15142
dals,14447
èn,14087
er,12180
han,11902
el,10615
sin,9487
fin,8968
quai,8372
betg,7598
temp,7380
era,6821
onn,6355
ins,6211
al,6204
part,5956
vegn,5880
tranter,5500
tar,5438
tut,5431
suenter,5312
chantun,5239
ses,4744
onns,4647
tras,4617
pajais,4413
furma,4390
sia,4382
quest,4269
gronda,4213
ad,4189
lur,4187
quel,4172
avel,4113
isbn,4027
svizra,3924
na,3919
guerra,3901
però,3885
lieu,3842
ella,3794
tschientaner,3717
be,3686
vegnì,3580
quella,3495
stadis,3447
surtut,3411
dad,3393
der,3322
uschia,3250
stadi,3234
vegnan,3234
moda,3222
tenor,3143
els,3135
questa,3122
europa,3089
vegnida,3014
sut,3013
politica,2988
ma,2951
gia,2822
fatg,2801
eran,2776
citad,2759
und,2657
nord,2644
sur,2632
dapi,2598
cunter,2436
als,2411
anc,2393
exempel,2388
aveva,2373
fitg,2370
de,2345
imperi,2314
vischnancas,2299
emprima,2290
lingua,2267
vischnanca,2243
durant,2221
ei,2208
vers,2191
sid,2167
vart,2148
vegnir,2089
auter,2072
adina,2057
territori,2055
grond,2032
populaziun,2032
the,2008
radund,1969
stà,1960
avant,1955
tard,1948
igl,1940
emprim,1935
persunas,1922
quels,1891
die,1885
perquai,1866
germania,1865
mund,1864
vegnids,1861
colliaziuns,1845
oz,1840
davart,1839
entaifer,1836
istorgia,1834
dus,1823
uniun,1813
vest,1781
tudestg,1777
senza,1771
savens,1744
ost,1742
sper,1716
far,1712
district,1700
trais,1673
or,1660
vita,1649
pussanza,1643
of,1638
di,1624
gì,1612
svilup,1598
quala,1596
basa,1562
num,1545
medem,1539
qual,1526
partir,1521
regiun,1514
qua,1503
chatta,1500
duas,1498
ca,1485
centrala,1479
frantscha,1478
ultra,1465
quellas,1462
von,1461
mundiala,1444
autra,1442
mar,1441
republica,1437
areguard,1434
parts,1429
unids,1428
si,1423
auters,1420
po,1418
dretg,1410
puspè,1409
pervi,1400
litteratura,1392
entschatta,1381
manà,1376
baselgia,1374
grischun,1359
bain,1355
blers,1345
km,1343
grondas,1341
vegnidas,1335
questas,1308
regenza,1307
esser,1300
vad,1297
mort,1291
cas,1277
cumenzà,1276
italia,1273
tudestga,1254
pudì,1242
mabain,1237
furman,1235
saja,1232
nova,1230
cultura,1197
des,1192
sias,1187
dà,1176
autras,1174
uman,1169
segunda,1168
dentant,1167
dueva,1167
roman,1165
damai,1163
via,1160
nov,1144
citads,1143
furmà,1141
animals,1139
quests,1139
spezias,1139
regiuns,1131
milliuns,1124
reginavel,1123
stada,1121
dapli,1120
abitants,1118
sistem,1112
pon,1102
terra,1102
pir,1101
èsi,1101
territoris,1096
rom,1092
decurs,1086
dumber,1084
avevan,1081
percunter,1079
nua,1074
minca,1071
europeica,1069
lavur,1065
retg,1063
musica,1061
berlin,1058
aua,1054
ensemen,1048
plantas,1044
tant,1041
val,1038
avair,1034
societad,1026
umans,1020
là,1019
finala,1018
giada,1005
mintga,1005
alura,999
medemamain,997
lascha,989
armada,987
auta,985
situaziun,983
vi,962
pass,960
pia,958
america,958
pievel,958
resp,955
dretgs,945
franzos,943
ex,940
es,939
ovra,938
general,931
scola,922
posiziun,920
ordinari,917
economia,916
linguas,909
gronds,905
verlag,904
mo,899
chasa,897
sovietica,895
planta,891
africa,890
ferm,888
mess,881
chapitala,880
center,880
datti,879
commembers,878
famiglia,877
quatter,875
art,871
entant,869
revoluziun,867
roma,866
entira,858
imperatur,857
dumonda,857
success,856
austria,850
ovras,840
vegniva,840
quals,839
gidieus,835
vala,832
vista,829
fa,827
muntada,827
daventà,827
ellas,823
curt,820
vegl,819
cunfin,818
protecziun,817
diever,813
mars,813
envers,811
enturn,807
bundant,807
rumantsch,806
surfatscha,805
tuttina,804
gruppa,804
sch,801
cura,801
agid,795
ulteriurs,791
senn,789
champ,786
connex,784
commerzi,783
differentas,782
furmaziun,781
tessin,775
lai,775
truppas,775
cussegl,774
partida,771
ulteriuras,768
influenza,768
schizunt,768
tom,766
bleras,765
moviment,760
constituziun,755
term,753
davos,752
naziunal,749
dir,744
main,743
meters,741
traffic,734
sviluppà,733
cuntanschì,732
quasi,732
alps,728
hai,727
energia,727
natira,724
vul,723
entir,721
process,721
gruppas,715
intern,709
matg,708
mesadad,706
naziunala,705
davent,705
veglia,704
intgins,704
stads,703
ir,701
chattan,700
vinavant,700
circul,696
haja,693
lung,692
reussì,692
artitgels,689
relaziuns,688
october,688
ün,688
furmas,686
geschichte,686
qualas,685
valair,681
pliras,680
annotaziuns,680
lieus,678
viafier,675
dat,672
avrigl,672
sez,671
bass,669
november,667
asia,666
costa,665
vegnivan,664
san,664
religiun,663
atgna,662
muntogna,661
numnadamain,658
scrit,657
burgais,657
das,657
lingia,655
rolla,654
teoria,654
dil,653
medieval,652
rumantscha,651
pasch,650
film,650
direcziun,647
marx,646
inslas,645
cumpiglia,643
laschan,643
chi,643
schaner,642
friburg,641
pudair,640
diversas,639
turitg,639
domini,638
and,637
settember,634
december,632
paris,630
president,628
dalla,627
ni,627
umens,625
exteriur,621
karl,620
vienna,619
cumbat,618
viver,617
producziun,617
sche,617
avust,616
economica,613
russia,613
ein,612
impurtants,610
construcziun,610
tuttafatg,608
tudestgs,608
spagna,607
friedrich,606
baud,602
novas,600
enavos,600
plirs,597
vallais,595
terren,595
autezza,594
sinaquai,594
pologna,593
quei,592
impurtanta,591
franzosa,590
punct,590
britannia,590
emprims,589
lura,589
organisaziun,587
zercladur,587
divers,585
ii,584
uffiziala,582
fanadur,582
berna,580
segund,579
derasaziun,578
vivan,576
englais,575
carl,574
dis,574
munta,573
modern,573
tracti,573
lunghezza,570
vietnam,569
aut,568
malgrà,567
singuls,567
naziuns,565
pussanzas,565
dieu,563
situada,562
urden,562
stuì,562
motivs,561
flum,560
antica,559
lain,555
spazi,554
viadi,554
uss,553
üna,553
insla,552
nagin,550
independenza,549
noziun,549
pagina,549
enconuschent,548
pitschna,544
pauc,542
mintgamai,541
im,541
stad,539
deriva,537
impurtant,537
tschintg,536
chattà,536
ediziun,535
guaud,534
uschè,534
vegliadetgna,532
plitost,531
interess,531
intginas,530
co,527
resistenza,526
consequenza,525
talian,522
vias,521
geografia,520
singulas,519
zona,518
clima,518
funtaunas,518
internaziunal,516
sajan,514
sociala,513
libertad,512
numerusas,509
romans,509
uffants,508
laschà,507
svizzer,506
londra,506
forzas,505
nagina,504
favrer,504
ungaria,504
mitus,502
cumpara,500
recumandads,500
finamira,500
china,499
pitschens,498
vitg,498
enfin,498
fasa,497
sport,497
ord,496
militar,496
zur,496
daventada,495
idea,495
origin,494
crisa,494
davant,494
fan,493
maun,493
bab,493
new,492
militara,491
duevan,489
plinavant,489
filosofia,485
ubain,483
schuldads,483
fundà,482
numnà,482
chaschun,482
mais,478
tradiziun,478
enviern,477
princip,477
scienza,477
probablamain,476
media,475
bassa,475
differents,474
populara,474
terz,473
statala,473
contract,472
maletg,472
empruvà,472
maina,471
relaziun,470
relativamain,469
critica,469
rait,467
parlament,467
federal,466
fundaziun,466
plazza,466
frank,465
stuttgart,465
duvrà,464
giadas,464
forza,463
ideas,463
spezia,462
für,461
tutgan,460
sto,460
dunnas,459
kilometers,458
numerus,458
cuntrari,457
mundial,457
ulteriura,456
nivel,456
nà,456
administraziun,454
cur,454
champs,454
appartegna,454
impurtantas,453
pled,453
cumbain,452
fermamain,452
lunga,452
liber,452
politicas,450
mai,449
public,449
existan,447
ditg,445
silsuenter,444
cudesch,444
cumpart,443
partidas,443
pussaivel,443
battaglia,442
insumma,442
midada,442
egl,442
uffizi,440
politic,440
bler,438
engels,438
segnada,437
pitschnas,435
principala,435
engalterra,434
perscrutaziun,433
francfurt,433
manar,431
pievels,429
propi,428
basilea,428
rain,428
cuntanscher,428
colur,428
strusch,427
gion,426
sviluppada,426
epoca,425
ora,425
van,425
cunfins,424
persuna,423
pau,423
vischinanza,422
industria,422
pitschen,421
guauds,421
emprimas,420
possess,420
economic,419
internet,418
almain,418
aur,418
jau,417
gieus,415
dar,414
dunna,414
cuira,413
ultims,413
massa,413
chattar,412
agricultura,412
classa,412
funcziun,411
hitler,410
agen,409
paul,408
corp,407
peter,407
museum,407
hans,406
danubi,405
giu,405
confederaziun,404
pel,403
genevra,402
anne,401
dumondas,400
john,399
situà,397
muntognas,397
buca,397
sis,396
mussa,393
effect,393
tur,393
mument,393
metter,392
india,392
structura,390
feglia,390
tge,390
derivan,388
central,387
temps,386
novs,386
conflict,386
autur,386
stil,385
mediterrana,384
glisch,384
papa,384
ulteriur,383
surpiglià,380
guerras,379
eine,379
lavurants,378
represchentants,378
elements,378
distanza,377
crap,377
an,377
istoric,377
democrazia,376
unidas,376
moderna,376
cundiziuns,375
internaziunala,375
tracta,375
tibet,375
lia,374
gener,374
statal,374
utschels,374
heinrich,373
colonias,373
politics,373
text,373
chantuns,372
tutga,371
servetsch,371
provinza,371
figl,371
svezia,370
memia,370
attribuir,369
giura,368
aria,368
latin,366
ambient,366
sidost,365
otto,365
tempriv,364
um,364
grezia,364
nus,364
motiv,362
vegnia,362
giuvens,361
pers,360
va,360
ordaifer,359
problems,359
gist,358
caracteristicas,358
denton,358
emprova,356
material,356
son,356
europeic,356
occupaziun,356
hamburg,356
vegls,355
mesiras,355
religiuns,355
york,354
picasso,354
set,353
argovia,353
versiun,352
monarchia,352
sectur,351
vaira,351
var,351
segnà,351
as,351
enconuschents,350
stadas,349
duai,349
paucs,349
ballape,349
finlanda,349
mammals,348
gieu,348
australia,348
flums,346
autas,346
romana,346
attatga,346
lescha,345
exista,345
scripturs,345
vastas,344
teater,342
universitad,341
scienzas,341
american,341
kant,341
cumparan,339
alliads,338
meds,338
mussà,338
federala,337
uschenumnada,336
tenuta,336
morts,336
le,336
titel,336
serbia,336
sedia,335
spezial,335
chau,335
maletgs,335
publitgà,335
furmava,334
martin,333
numnada,332
ultim,331
stat,331
cha,331
edifizis,330
tschertas,329
chatscha,329
grondezza,328
naira,328
leschas,328
riva,327
socialas,327
den,327
furmar,326
entras,326
pleds,325
eveniments,325
anteriuras,325
tuttas,323
directamain,323
generala,323
cuminanza,322
enconuschenta,322
veglias,322
oriundamain,322
sustegn,321
intent,320
ferma,320
midadas,319
buna,318
tirchia,318
siu,318
favur,317
daventar,317
daspera,317
giapun,317
mamma,317
grazia,316
odierna,316
occupà,316
svizras,315
contact,315
cudeschs,313
martgà,312
scu,312
lunsch,311
segirezza,311
televisiun,310
ida,310
cretta,308
cuntrada,308
thomas,308
johann,307
cristianissem,307
baviera,307
infurmaziuns,307
cumbats,307
sasez,306
tun,306
fundament,305
oravant,305
refusà,305
eir,305
nair,304
vuleva,304
peninsla,304
acziun,304
dispona,303
danovamain,303
milliardas,303
culturala,302
gudagnà,302
mantegnair,301
moviments,301
program,301
wilhelm,301
radio,300
cultural,300
commember,300
lavurs,300
fier,299
civila,299
maria,299
tuts,298
europeics,298
defensiun,297
crescha,297
declerà,297
bronz,297
vasta,296
excepziun,296
bunamain,296
niz,296
meglier,296
speziala,296
cf,296
cumenzament,295
baselgias,295
decennis,295
temperatura,295
principal,295
structuras,295
entradas,295
spezialmain,294
omaduas,294
gas,294
reschim,294
scolas,292
prendì,292
mez,292
tema,292
avis,292
creschientscha,291
pretendì,291
attatgas,291
sistems,291
purs,291
michael,291
product,290
balla,290
festa,289
rumenia,289
russ,289
grec,288
classica,288
congress,287
elegì,287
vigur,287
toms,287
chattava,286
products,286
illuminissem,285
press,285
fegls,285
orientala,284
valur,284
studi,284
posta,284
fetg,284
organisaziuns,283
medema,283
sun,283
porta,282
social,282
publica,281
consista,281
turissem,281
prender,281
uras,281
fatgs,281
nato,281
suonda,281
survegnì,281
viva,280
servetschs,280
hajan,280
fundada,279
talas,279
continent,278
mozart,278
tals,278
que,278
robert,277
daventa,276
derasà,276
texts,276
luxemburg,276
curuna,276
nr,276
prim,275
concentraziun,275
notg,275
uschenumnà,274
nietzsche,274
trair,274
prinzi,273
superiura,273
lenin,273
prussia,272
tala,272
norvegia,272
imperiala,272
sontg,271
luf,271
polizia,271
ordvart,271
ur,271
tanscha,271
del,271
americans,271
consequenzas,271
paraulas,271
plaz,270
situadas,270
belgia,270
sclavs,270
decidì,269
piz,269
collià,269
dante,269
taliana,268
fratemp,268
unì,268
cumenza,268
glatsch,267
fiss,267
caracter,267
plinius,267
activitad,266
tscherts,266
uffizialmain,265
tegnair,265
status,265
conflicts,265
vulair,265
sulegl,265
serva,265
derasada,264
europeicas,264
francs,264
premi,264
renaschientscha,264
puncts,264
café,264
tuttavia,263
suletta,263
giuven,263
diesch,262
pensar,262
squadra,261
medias,261
ozendi,261
midà,261
joseph,260
tratgs,260
enstagl,260
beck,259
flurs,259
ultima,258
saint,258
reich,258
franz,258
sulettamain,258
poesias,258
cumpona,257
artitgel,257
iii,257
tudestgas,257
auturs,256
circuls,255
balcan,255
nums,255
perioda,254
furmada,254
anteriur,254
appartegnan,253
differenzas,253
religius,253
einstein,253
utilisaziun,253
gudagnar,253
sviluppar,253
aunc,253
unitad,252
schebain,252
armas,252
disposiziun,252
provinzas,252
cm,251
alva,251
acziuns,251
atgnas,251
americana,251
districts,250
stgaffì,250
sanestra,250
engiadina,249
realisà,249
portugal,249
beethoven,249
brasilia,249
agir,249
sulet,248
quart,248
tecnica,248
instituziuns,247
plan,247
ragischs,247
anteriura,247
daners,247
socialissem,247
economicas,246
university,246
ho,246
controlla,245
dretga,245
proxims,245
laschar,245
quechua,245
olimpics,244
tardiv,244
croazia,244
nutriment,244
enconuschentas,243
jean,243
encunter,243
bulgaria,243
rumantschs,242
giascha,242
muntà,242
ston,242
scienziads,242
brevs,242
dollars,241
creschida,241
pudeva,241
beatles,241
aus,241
servan,240
selvadis,240
disponan,240
paucas,240
primavaira,240
illa,240
victoria,238
mintg,238
correspunda,238
zonas,238
colliaziun,238
cotschna,237
colonisaziun,237
brut,237
realisar,237
bis,237
danemarc,237
evangeli,237
scrittira,236
nordost,236
natiral,236
mancanza,236
chanzuns,236
centralas,236
tschientaners,236
port,236
economics,235
terza,235
introducì,235
stans,235
prinzis,235
vesair,235
poesia,235
aspects,235
planira,234
pe,234
milaun,234
tutta,234
verd,234
privel,233
refurma,233
entrada,233
pretensiuns,233
democratica,233
enconuschientscha,233
suveranitad,232
alexander,232
gasetta,231
elecziun,231
giugà,231
egipta,231
chasas,231
model,231
proxim,231
cuntegna,231
daventads,230
stattan,230
istorica,230
mintgadi,230
rousseau,230
avert,230
animal,229
vivevan,229
curta,229
interpresas,229
artists,229
greca,229
separaziun,229
armadas,228
bun,228
atun,228
mussan,228
maioritad,227
catolica,227
lingias,227
instruments,227
cumportament,227
sistematica,227
possia,227
cuntanscha,226
cuntinuà,226
spagnol,226
historia,226
plaun,225
bains,225
discurrì,225
claustra,225
regent,225
mit,225
tal,225
barcelona,224
britannica,224
king,224
islam,223
avess,223
front,223
substanzas,223
impurtanza,222
napoleun,222
retscha,222
concurrenza,222
grecs,222
egls,222
on,222
casa,222
attribuì,221
chombra,221
culturas,221
incumbensa,220
magari,220
tgi,220
occidentala,220
cleramain,220
chauns,220
numnads,219
chats,219
vitiers,219
derivanza,219
star,219
wolfgang,219
chastè,219
religiusas,218
naschì,218
naginas,218
naziunals,218
lez,218
militaras,218
curs,218
finamiras,218
chalur,218
classas,217
sezza,217
cuntegn,217
charles,217
pü,217
naziun,216
directa,216
aviatica,216
finanzas,216
erigì,216
colliada,216
lufs,216
alv,216
darwin,216
scrittiras,215
parc,215
pratica,215
vast,215
erupziun,215
georg,215
pèr,215
project,214
statalas,214
sustegnì,214
scriver,214
zum,214
ludwig,213
cristians,212
architectura,212
reglas,212
centimeters,212
jugoslavia,211
religiusa,211
svilups,211
punt,211
fritgs,211
opiniun,211
vikings,211
buc,211
access,210
schef,210
scriptur,210
linguistica,209
lugano,209
otg,209
mauns,209
natiralas,209
funtauna,209
chanzun,209
teologia,209
suandà,208
lais,208
libra,208
steva,208
principalas,208
world,208
aderents,208
brev,208
flur,208
fegl,208
tier,208
dialect,207
introducziun,207
columbus,207
percepziun,207
dur,207
decisiun,206
cordas,206
differenza,205
praticamain,205
suandada,205
pussaivladad,205
bosnia,205
chavals,205
smith,205
assamblea,204
successiun,204
sidvest,204
situads,204
exempels,204
glista,204
expansiun,204
naufragi,204
fatgas,204
dils,204
discussiun,203
conquistà,203
messa,203
edifizi,203
vieuta,203
nagins,203
tip,203
band,202
interna,202
cristiana,202
federativ,202
manader,202
praschuniers,202
extensiun,201
tradiziuns,201
teorias,201
atlantic,201
spagnola,200
denominaziun,200
romantica,200
survart,200
giugaders,200
tratg,200
christian,200
omadus,200
sai,200
famiglias,199
elecziuns,199
fund,199
eiffel,199
jesus,199
pail,199
facticamain,198
duvrada,198
dretgira,198
custs,198
popular,198
vegnian,198
circa,197
sura,197
decisiva,197
deutsche,197
regla,197
les,196
restà,196
naschientscha,196
darar,195
valeva,195
internaziunalas,195
provediment,195
ussa,195
sviluppadas,195
stgaffir,195
david,194
expressiun,194
objects,194
films,194
et,194
gnit,194
datas,193
existenza,193
bandunà,193
para,193
terrens,193
raschun,193
liechtenstein,192
varts,192
societads,192
george,192
partenza,192
albania,192
pasolini,192
to,192
digl,192
zieva,192
dalai,192
passa,191
valan,191
dialects,191
considerà,191
unitads,191
terminà,191
influenzà,190
patg,190
valurs,190
savida,190
frar,190
islanda,190
chaval,190
standard,189
sviluppads,189
cunvegna,189
evitar,189
med,189
pussaivladads,189
album,189
dem,189
preda,189
scriva,189
descriva,189
lama,189
cuntanschan,188
qualitad,188
slovachia,188
pudess,188
cumparì,188
primminister,188
irlanda,188
collavuraziun,188
publicitad,188
zu,187
migraziun,187
colonia,187
ladin,187
survista,186
mantegnì,186
muslims,186
tirol,186
duain,186
navigaziun,186
gioga,186
glieud,186
singul,186
definiziun,186
eira,186
communicaziun,185
uschenumnads,185
influenzas,185
ungarais,185
pudevan,185
louis,185
problem,185
spiert,185
preschentà,184
giuvna,184
transport,184
pervia,184
sullevaziun,184
instrument,183
sezs,183
emnas,183
viadis,183
numna,183
tschertga,183
platta,183
centers,182
patria,182
mira,182
vischins,182
orientaziun,182
agens,182
refurmas,182
datiers,182
vesa,182
descripziun,182
communistica,182
mustér,182
surselva,181
creschan,181
du,181
catolic,181
taglia,181
cumprovar,181
preschenta,181
federativs,181
spert,181
fischer,181
emprovas,181
vivì,181
nordvest,180
alpina,180
vuschs,180
resulta,180
staziun,180
fluriziun,180
campagna,179
successur,179
vom,179
giugader,179
posiziuns,178
bastiments,178
st,178
fossa,178
ennà,177
über,177
razza,177
helsinki,177
britannic,177
brin,176
sanadad,176
autos,176
socials,176
andorra,176
augment,176
giuventetgna,176
umana,176
pais,176
portgs,176
englaisa,176
creschì,175
fugitivs,175
proteger,175
am,175
frars,175
ogn,175
superiur,174
students,174
natirala,174
rosa,174
tardiva,174
tramess,174
tscherta,174
pressiun,174
immediat,174
mainan,174
documents,174
chaun,174
homo,174
instrucziun,173
furmavan,173
definitivamain,173
midar,173
cuntinuadamain,173
chaschunà,173
lituania,173
cumparida,173
rumantschas,172
princips,172
secturs,172
stgars,172
tscherver,172
conquista,172
conferenza,172
do,172
cellas,172
autonomia,171
portugais,171
scritta,171
rudolf,171
suandantas,171
exposiziun,171
polonais,171
pertge,171
scientifica,170
autoritads,170
enconuscha,170
budissem,170
militars,170
quota,170
cursa,170
boemia,170
existì,170
revolution,170
amur,170
voluntad,169
suttamess,169
sconfitta,169
della,169
chattavan,169
iv,169
cunquai,169
enconuschientschas,169
ota,169
actualmain,168
latina,168
baden,168
dominà,168
return,168
grischunas,168
fatga,167
pretensiun,167
fraida,167
aristocrazia,167
descrit,167
cumpigliava,167
concert,167
perquei,167
tunnel,166
plattas,166
auts,166
cultivaziun,166
geniturs,166
differenziescha,166
institut,166
bizantin,166
cologna,166
savair,166
dents,166
coaliziun,165
figura,165
durada,165
pressa,165
collecziun,165
online,165
successivamain,165
dictatura,165
morta,165
raquints,165
history,165
helvetica,164
posseda,164
mesira,164
autezzas,164
cotschen,164
restada,164
repetidamain,164
infrastructura,164
banca,164
ieli,164
resta,164
campiunadi,164
meridiunala,164
adversaris,164
svelt,164
ss,164
ollandais,164
concept,164
britannicas,164
aschia,164
organs,163
brits,163
independent,163
remplazzà,163
haydn,163
alla,163
intenziun,163
succeda,163
elavuraziun,162
naziunalas,162
vitgs,162
plazzas,162
international,162
differenta,162
roiala,162
lu,162
realitad,162
malsognas,162
kv,162
retgs,161
regents,161
ernst,161
unfrendas,161
perder,161
cumissiun,161
nagut,161
participaziun,161
preschent,161
rauba,161
puspei,161
surdà,160
naziunalsocialissem,160
tschert,160
richard,160
organ,160
umanitad,160
orient,160
toc,160
cler,160
op,160
indicaziuns,159
plans,159
popularas,159
segnads,159
models,159
vent,159
onu,159
biologia,159
gian,159
eri,159
dieta,159
sort,159
studis,159
london,159
cambridge,159
plevon,159
cul,159
müstair,158
www,158
extenda,158
exteriura,158
festival,158
mumma,158
clavazin,158
alpin,157
tempriva,157
fracziun,157
giuvenils,157
designescha,157
istoricas,157
publicaziun,157
decleraziun,157
diari,157
naschida,156
minoritads,156
gottard,156
associaziun,156
devi,156
opera,156
forsa,156
simbol,156
morala,156
manada,155
renconuschì,155
cor,155
mm,155
johannes,155
cumparegliaziun,155
slovenia,155
avertura,155
vulevan,155
russa,155
bibla,155
erzegovina,155
william,155
holmes,155
relaschà,154
gasettas,154
max,154
poet,154
istorics,153
dumbra,153
incumbensas,153
colliadas,153
giudaissem,153
apparentamain,153
leben,153
resguardà,153
preschientscha,152
fixà,152
charta,152
uschiglio,152
varianta,152
oxford,152
segantini,152
culturals,151
endrizzà,151
segirar,151
communitad,151
pussibilità,151
pdf,151
sora,151
recepziun,151
grad,150
furmadas,150
gidieua,150
uffizial,150
global,150
unesco,150
osmanic,150
rendì,150
malta,150
uffant,150
fieu,150
scorsa,150
catolics,149
stirpas,149
suondan,149
marino,149
invasiun,149
schliar,149
colliads,149
communists,149
deutschland,149
navs,149
razzas,149
adversari,149
testament,149
rassissem,149
bassas,148
talians,148
precis,148
element,148
for,148
fenomen,148
scuverta,148
chapientscha,148
differenziar,148
alvra,147
precipitaziuns,147
locarno,147
insects,147
autoritad,147
com,147
ami,147
centrals,147
tud,147
atmosfera,147
bist,147
mastgels,147
regiunalas,146
cumplettamain,146
resultat,146
vatican,146
deutschen,146
restanzas,146
figlia,146
donns,146
onur,146
istoriografia,146
communissem,146
eis,146
stgalim,145
totala,145
tradiziunala,145
eleger,145
stgomi,145
decisiuns,145
opposiziun,145
fau,145
fossas,145
champagna,144
duaja,144
pictura,144
ids,144
club,144
dattan,144
augmentar,144
electrica,144
imperaturs,144
destrucziun,144
welt,144
exil,144
montenegro,144
allianza,143
cumposiziun,143
refurmaziun,143
bancas,143
criteris,143
vapur,143
arrivads,143
minister,143
etc,143
macedonia,143
evoluziun,143
ti,143
amis,143
purtà,142
confessiun,142
spartiziun,142
neue,142
resultats,142
vegni,142
ans,142
natirals,141
naiv,141
suandants,141
prestaziun,141
cuschina,141
tendenzas,141
dinastia,141
deputads,141
liberaziun,141
spd,141
emprender,141
web,141
americanas,141
vegetaziun,140
parcs,140
aviuns,140
abitadis,140
retschet,140
necessari,140
litterara,140
naziunalsocialists,140
holocaust,140
senat,140
mir,140
concepziun,140
auf,140
traunter,140
retschertgas,140
pompei,140
schientscha,139
gagl,139
principals,139
urs,139
creschids,139
quant,139
promovì,139
libers,139
porscha,139
edì,139
raquint,139
danais,139
metodas,139
facturs,138
averta,138
privatas,138
spagnols,138
comité,138
culturalas,138
albert,138
proclamà,138
violenza,138
seria,138
artist,138
impressiun,138
clera,138
prag,138
tgei,138
transiziun,137
flora,137
independentamain,137
cumpiglian,137
sfurzà,137
catalugna,137
ucraina,137
dimensiun,137
estonia,137
stevan,137
projects,137
wilde,137
retratga,137
indians,137
lungs,136
varietad,136
discurra,136
walter,136
maridà,136
mussar,136
translaziun,136
athen,136
barlac,136
servì,135
durà,135
grev,135
uniuns,135
surfatschas,135
perspectiva,135
carriera,135
klaus,135
impedir,135
privat,135
cussegls,135
scuvert,135
congo,135
war,135
ductrina,135
biografia,134
statals,134
soloturn,134
crudada,134
numnadas,134
minoritad,134
conquistar,134
bloc,134
autonoma,134
pretschs,134
industrials,134
giovanni,134
prestaziuns,134
bunas,134
stalin,134
tradiziunalmain,133
mantegnida,133
rock,133
scumandà,133
stoppia,133
figuras,133
nu,133
reschia,133
telefon,132
auas,132
pign,132
burgaisia,132
contracts,132
reacziun,132
basegn,132
atomara,132
hermann,132
temas,132
austriac,132
avla,132
charn,132
palaz,132
signur,132
rdt,132
pussaivla,132
finlandais,132
svedais,132
aint,132
nom,132
bia,132
elavurà,131
executiva,131
entrar,131
cuminanzas,131
politicamain,131
settentriunala,131
segnadas,131
medischina,131
usa,131
individi,131
metta,131
lungatg,131
sursilvan,130
quantitad,130
sutvart,130
quint,130
neutralitad,130
commando,130
independenta,130
museums,130
canada,130
referenzas,130
weimar,130
inimis,130
crappa,130
nas,130
retrair,129
referescha,129
werner,129
giustia,129
perditga,129
duvrads,129
bogn,129
cumplessiva,129
ghitarra,129
faschissem,129
un,129
arabs,129
indigens,129
tesa,129
interpretaziun,129
ocean,129
squitsch,129
globalisaziun,129
manaders,129
amsterdam,129
sieu,129
stagiun,129
chommas,129
uffizialas,128
identitad,128
habsburgais,128
august,128
tircs,128
discurran,128
persuenter,128
grand,128
privata,128
budapest,128
darmstadt,128
segns,128
offensiva,128
bucca,128
israel,128
glina,128
chavels,128
femellas,128
occupar,127
communabla,127
svizzers,127
rapport,127
disponiva,127
dominanta,127
disciplinas,127
marcus,127
franco,127
deva,127
dependa,127
james,127
act,127
dieus,127
refurmà,127
creà,126
iniziativa,126
duvrar,126
index,126
dumbrava,126
spessezza,126
croda,126
vastamain,126
ierta,126
renum,126
creaziun,126
impuls,126
manaschis,126
implants,126
baroc,126
furmads,126
inizià,126
divisiun,126
arrivà,126
respectivamain,126
gidà,126
differenzieschan,126
marxissem,126
publicaziuns,125
grisch,125
maximala,125
temperaturas,125
activitads,125
industriala,125
dudesch,125
pop,125
occidental,125
uvestg,125
vesuv,125
constantinopel,125
passà,125
biblioteca,125
tacitus,125
african,125
odiern,124
permanenta,124
revoluziunara,124
terms,124
scumond,124
transfurmà,124
andreas,124
vardad,124
promover,124
christoph,124
ruver,124
departament,123
dovra,123
esters,123
intschess,123
cuverta,123
selvadi,123
amfibis,123
revolta,123
cuba,123
eriger,123
universitads,123
tschechia,123
sustegnair,123
golf,123
vulcan,123
funcziuns,123
publicas,123
lipsia,123
flotta,123
corea,123
pur,123
minura,123
spazis,122
artg,122
numnar,122
concedì,122
anteriurs,122
adesiun,122
sang,122
expensas,122
stretga,122
air,122
interpresa,122
abilitad,122
export,122
tocs,122
dumbraziun,122
slavs,122
handbuch,122
burgaisa,122
experientschas,122
ura,122
nairs,122
avon,122
göttingen,122
lungas,121
daventan,121
celts,121
declin,121
mintgin,121
franzosas,121
laina,121
collia,121
kurt,121
dastga,121
sveltezza,121
augmentà,121
scolars,121
defender,121
mal,121
engaschament,121
cumpetenzas,121
exemplars,121
lettonia,121
revoluziunars,121
metoda,121
sviluppa,121
align,121
sparta,120
portg,120
cumbatter,120
ministers,120
context,120
moldavia,120
fascheva,120
franca,120
caracteristica,120
colonial,120
alvs,120
tegnì,120
transfurmaziun,120
lieunga,120
einer,119
tribunal,119
prorutta,119
serbs,119
cumpletta,119
valuta,119
fundamentala,119
patrimoni,119
daventadas,119
foss,119
oriental,119
attent,119
lavurar,119
reginavels,119
colurs,119
portal,119
cipra,119
contacts,119
abels,119
liuns,119
cuntradas,118
enconuschì,118
resguardar,118
forum,118
avunda,118
regenzas,118
bus,118
marcantamain,118
render,118
final,118
chile,118
denter,118
lexicon,118
absolutissem,118
figls,118
progress,118
culp,118
cua,118
commerziants,118
pels,118
enconuscher,118
plaunsieu,117
repartiziun,117
integrà,117
destruì,117
fundatur,117
generalas,117
proxima,117
resursas,117
concerts,117
divina,117
decisiv,117
visità,117
post,117
malsogna,117
rinoceros,117
sviluppan,117
dinosaurs,117
legislativa,116
geografica,116
scuol,116
generaziun,116
elegids,116
egualitad,116
obligaziun,116
activ,116
univers,116
varsovia,116
fugia,116
capacitad,116
chapital,116
caracteristics,116
gidar,116
discurs,116
definir,116
analisa,116
object,116
leu,116
planisaziun,115
europeans,115
ladezza,115
tanschan,115
tempra,115
fauna,115
alfred,115
contribuì,115
giogan,115
maschinas,115
administrativa,115
sontga,115
difficultads,115
creschenta,115
lavurà,115
damaun,115
socialistica,115
tecnicas,115
saxonia,115
fundamentalas,115
aspect,115
royal,115
vischnaunca,115
münchen,115
talmain,114
staziuns,114
guglias,114
peschs,114
talianas,114
crusch,114
avegnir,114
naziunalitad,114
primara,114
materias,114
ferdinand,114
oder,114
muntava,114
peru,114
faschevan,114
davosa,114
furmla,114
quartiers,114
saira,114
ideologia,114
pacific,114
chinais,114
bizanz,114
genatsch,114
industrialisaziun,113
attribuids,113
exprimì,113
cumin,113
cuntraversa,113
tren,113
occurrenzas,113
actuala,113
installà,113
suandads,113
missiun,113
oriund,113
einführung,113
probabel,113
cult,113
grimm,113
minutas,113
maniera,113
dallas,113
culla,113
istorgias,113
programs,112
parzialmain,112
regularmain,112
reducì,112
acceptà,112
retratg,112
experientscha,112
emna,112
tschiffar,112
mazzà,112
tempel,112
magister,112
rachetas,112
plievgia,111
effectivs,111
mesaun,111
germans,111
acts,111
chancelier,111
inditgà,111
arrivada,111
uschenumnadas,111
continents,111
moscau,111
fracziuns,111
rapports,111
liun,111
engiadin,111
sil,111
subsp,111
lucerna,110
protestants,110
chaltschina,110
vulps,110
tgira,110
supplementarmain,110
explicitamain,110
famus,110
construì,110
ediziuns,110
battì,110
unfrenda,110
dimensiuns,110
politik,110
vis,110
city,110
imperialissem,110
scientific,110
luther,110
engaschà,110
previs,110
dossier,110
casti,110
dies,110
tochen,110
sorts,109
alp,109
quadrat,109
effects,109
leva,109
rets,109
federaziun,109
conrad,109
argentinia,109
participar,109
possedan,109
philipp,109
marina,109
scandinavia,109
stresa,109
vusch,109
jacob,109
nav,109
relativitad,109
variantas,108
chantunala,108
lago,108
sutdivisiun,108
monuments,108
conturn,108
latg,108
milliun,108
oscar,108
quartier,108
arom,108
cumprovà,108
parlamentara,108
activa,108
observar,108
mantegniment,108
firma,108
secundara,108
memoria,108
cudisch,108
commembra,107
summa,107
votaziun,107
premissas,107
tschentà,107
represchenta,107
greva,107
frequentà,107
inscunter,107
nobel,107
broye,107
sicilia,107
simon,107
supponer,107
consum,107
adattà,107
rut,107
ciclus,107
planet,107
revista,107
fusiun,107
tuns,107
linguisticas,106
chadaina,106
monte,106
tschient,106
intensiva,106
sutspezias,106
duca,106
restads,106
discurrer,106
integraziun,106
metal,106
constituziunala,106
monaco,106
cifras,106
dura,106
original,106
bernhard,106
edition,106
schons,106
abitar,106
cap,106
current,106
crititgà,106
jan,106
suandar,106
gulliver,106
vegnius,106
moni,106
sems,106
educaziun,105
cunfinescha,105
persecuziun,105
trent,105
romanas,105
possian,105
velo,105
jacques,105
carpatas,105
francon,105
gesellschaft,105
mesauna,105
producir,105
serra,105
cumond,105
lètg,105
execuziun,105
ideal,105
stueva,105
veta,105
tschientiner,105
losanna,104
legenda,104
leopold,104
suandadas,104
exclusivamain,104
communabel,104
bellinzona,104
auto,104
intents,104
activs,104
clamà,104
uffizis,104
argient,104
secret,104
sperdita,104
extender,104
adam,104
etica,104
gust,104
stgaudament,104
scholl,104
tibetan,104
mccartney,104
uri,103
tensiuns,103
organisà,103
principadi,103
internaziunals,103
populars,103
naziunalsocialistica,103
generals,103
fisica,103
plain,103
dispita,103
contribuziuns,103
extendì,103
viveva,103
bonn,103
maritima,103
propaganda,103
stuevan,103
ischi,103
giugar,103
emprendì,103
sovietic,103
cristus,103
nlf,103
indigena,102
cumpareglià,102
chinaisa,102
undas,102
ducadi,102
venezia,102
josef,102
schlià,102
classic,102
nadal,102
pierre,102
direcziuns,102
visitaders,102
avanzada,102
mexico,102
represchentaziun,102
euros,102
parta,102
leo,102
sperditas,102
persunala,102
cunfinantas,102
detg,102
fatschenta,102
cuera,102
lö,102
gesu,102
kg,102
vschinauncha,102
eventualmain,102
ulrich,101
schweiz,101
locala,101
immigraziun,101
populaziuns,101
lavurers,101
intervenziun,101
primas,101
scena,101
predominanza,101
cuntinuescha,101
chanal,101
santa,101
furlan,101
insatge,101
gerhard,101
rinforzà,101
pretsch,101
bandunar,101
lezza,101
düraunt,101
hendri,100
document,100
formalmain,100
menziunà,100
derasads,100
pro,100
aspectativa,100
liberals,100
occupa,100
emetturs,100
tips,100
restar,100
charvun,100
decider,100
ritga,100
gustav,100
chapir,100
sclavaria,100
münster,100
transmissiun,100
vaiva,100
restan,100
glion,100
naven,100
scolar,100
color,100
stgir,100
lhasa,100
chatschs,100
spess,99
mantegnidas,99
tratga,99
sentiment,99
budget,99
cumpiglià,99
attribuida,99
bloccada,99
filosofs,99
firenza,99
profità,99
fatschentas,99
surpigliar,99
lang,99
archiv,99
leger,99
elavurar,99
vestgadira,99
ureglia,99
sutspezia,99
experiment,99
garantir,98
tipic,98
bilantscha,98
economicamain,98
èra,98
legislaziun,98
influenzar,98
dada,98
sindicats,98
libras,98
adolf,98
integrar,98
nsdap,98
terminada,98
culminaziun,98
procurà,98
fasas,98
evangelica,98
colonisaturs,98
gruppaziuns,98
britannics,98
vain,98
scozia,97
serrà,97
recepì,97
drama,97
infurmaziun,97
suhrkamp,97
fritz,97
realisaziun,97
entrà,97
renconuschientscha,97
translatà,97
iberica,97
survegn,97
arab,97
tirca,97
mazzads,97
vus,97
duront,97
lennon,97
romontsch,96
stentas,96
procedura,96
represchentà,96
occupads,96
müller,96
avanzament,96
iran,96
euro,96
epocas,96
represchentant,96
procent,96
trens,96
paolo,96
survivì,96
editura,96
serviva,96
heidelberg,96
abel,96
attatgà,96
profunditad,96
genocid,96
gugent,96
jura,96
persunal,96
noss,96
mesa,96
bei,96
tscharvè,96
novitads,95
augmentada,95
linguistic,95
lexikon,95
locals,95
convenziun,95
spectrum,95
kultur,95
definì,95
strategia,95
putsch,95
commedia,95
jürgen,95
africans,95
eveniment,95
literatur,95
quist,95
bainspert,95
it,95
futur,95
tractia,95
paginas,94
derasadas,94
vasts,94
reptils,94
vulp,94
promoziun,94
confruntaziun,94
noziuns,94
politichers,94
buns,94
axa,94
electricitad,94
olma,94
fissan,94
immigrants,94
tron,94
proceder,94
autonomas,94
ministeri,94
traject,94
debits,94
squadras,94
oriunda,94
millenni,94
geners,94
mecanica,94
cumpagnia,94
hinduissem,94
tuot,94
eines,94
corda,94
style,94
scrittas,93
fermas,93
dumandà,93
emigraziun,93
atgnadads,93
quarta,93
pajar,93
appartegneva,93
factur,93
gudogn,93
lunschor,93
privats,93
local,93
federer,93
participads,93
cristian,93
mantegnids,93
filosof,93
lumnezia,93
returnà,93
quantitads,93
exprima,93
madrid,93
tschiel,93
giuvnas,93
cuntegnan,93
unir,93
ritgs,93
positiva,93
tendenza,93
funs,93
studegià,93
duos,93
explitgar,93
creatiras,93
secretari,92
democratic,92
cosovo,92
cooperaziun,92
politicher,92
actual,92
stretgamain,92
manaschi,92
allevament,92
tirc,92
materia,92
tschecoslovachia,92
absoluta,92
contemporans,92
orientada,92
chapitalissem,92
samignun,92
monument,92
tonnas,92
occupada,92
manads,92
gegenwart,92
reducir,92
curtas,92
instituziun,92
washington,92
suppona,92
doyle,92
speranza,92
elefants,92
campagnas,92
chapitel,92
visavi,92
stresas,91
siria,91
cumpetenza,91
confessiuns,91
giavisch,91
claustras,91
nach,91
meyer,91
ungaraisa,91
herbert,91
rest,91
derivavan,91
mitologia,91
roms,91
cumpra,91
spezialas,91
continentala,91
cumparsa,91
tractavi,91
selecziun,91
kennedy,91
preschentar,91
leopard,91
sün,91
australian,91
gol,91
prüma,91
brunate,91
localas,90
viafiers,90
levamain,90
tematicas,90
taglias,90
paja,90
saut,90
festas,90
stan,90
turists,90
avanzar,90
cumplex,90
attenziun,90
basegns,90
construir,90
pussibilitescha,90
monarc,90
south,90
culan,90
situaziuns,90
bastiment,90
finlandaisa,90
regiunala,89
constanza,89
valladas,89
millimeters,89
returnar,89
stretg,89
perditgas,89
pretenda,89
caracteristic,89
jahrhundert,89
chars,89
succedì,89
assassinà,89
daditg,89
cumponist,89
tschertgà,89
imperial,89
cuntinuar,89
naziunalissem,89
fotografias,89
destruir,89
premissa,89
applitgà,89
vaudois,89
jeu,89
suisse,88
chaud,88
protegids,88
territoriala,88
suttametter,88
privilegis,88
restauraziun,88
henri,88
retica,88
moderns,88
sfera,88
mida,88
coloniala,88
livel,88
basas,88
transfurmar,88
segn,88
passar,88
stgalims,88
lavura,88
ls,88
amez,88
scolast,88
millis,88
was,88
stampa,87
appartegnientscha,87
basan,87
domineschan,87
ponderaziuns,87
idas,87
cont,87
aviaticas,87
tribuna,87
salzburg,87
mundials,87
villa,87
spirituals,87
profund,87
indizis,87
surmuntar,87
simpla,87
formulà,87
man,87
etnicas,87
ollanda,87
munaida,87
applitgar,87
philosophie,87
bürger,87
individis,87
professer,86
batschigl,86
glatscher,86
estra,86
giuridica,86
electurs,86
civil,86
crudà,86
curts,86
zürich,86
dissoluziun,86
constatà,86
rata,86
politische,86
proposta,86
jerusalem,86
inscripziuns,86
raits,86
avev,86
acquistà,86
augsburg,86
munì,86
uffiziers,86
portan,86
vesida,86
construida,86
emprovan,86
prüm,86
archeologia,86
foppa,85
variescha,85
tais,85
lias,85
tutgà,85
duana,85
ensaina,85
unda,85
chatt,85
menziun,85
clav,85
facultad,85
heidi,85
finir,85
commess,85
dispitas,85
rio,85
vals,85
tumleastga,85
sant,85
chat,85
perscrutaders,85
necessaria,85
fortezza,85
dasper,85
consentiment,85
operaziun,85
volumen,85
endrizzar,85
lucas,85
modernas,85
crescher,85
our,85
segirtad,85
ortodoxa,85
deditgà,85
surmeir,85
caucasus,85
tat,85
vid,85
diameter,85
simpel,85
persia,85
bundi,85
seigi,85
surses,84
finescha,84
anora,84
grischa,84
aglomeraziun,84
usità,84
negativa,84
tradiziunalas,84
contractivas,84
avessan,84
suprem,84
duvradas,84
numnan,84
stentà,84
cumplessiv,84
organisada,84
cumponists,84
ist,84
explotaziun,84
armistizi,84
crims,84
direct,84
terratrembel,84
constatar,84
cuntrast,84
remplazzar,84
fundamentals,84
armament,84
wagner,84
engel,84
eroport,84
nausch,84
cu,84
dall,84
disciplina,84
aristoteles,84
quacra,84
vallader,83
cruschada,83
acquistar,83
bavarais,83
natiers,83
austriaca,83
marcas,83
climaticas,83
tratgas,83
tavau,83
cumparegliar,83
continental,83
materna,83
appartegnevan,83
stgatschà,83
mazzar,83
morges,83
partì,83
publics,83
correspundentamain,83
istoriograf,83
exchavaziuns,83
augustus,83
restadas,83
caribica,83
singula,83
lubì,83
simplamain,83
consistiva,83
purtar,83
inferiura,83
radiaziun,83
nossa,83
bergen,83
fenomens,83
rituals,83
descriver,83
mellen,83
cromosoms,83
estras,82
pizs,82
dubel,82
crisas,82
subdits,82
sfurzada,82
responsabel,82
imaginaziun,82
republicas,82
considerescha,82
stenta,82
terzs,82
frunt,82
sortida,82
proletariat,82
all,82
dividì,82
society,82
orientà,82
ritgezza,82
erich,82
prest,82
pireneas,82
poets,82
fossils,82
regorda,82
drizzà,82
zeit,82
partisans,82
servivan,82
planisà,82
idioms,81
discussiuns,81
confurm,81
lac,81
fastizs,81
liberalissem,81
burgaisas,81
professiun,81
partenaris,81
acturs,81
nascha,81
litterar,81
national,81
rinforzar,81
independents,81
grass,81
hegel,81
frankfurt,81
motor,81
indic,81
giapunais,81
concepts,81
illustraziuns,81
mia,81
femella,81
quotidiana,80
linguatg,80
massas,80
cuntinuanta,80
annuala,80
existivan,80
istoricamain,80
acceptar,80
derasar,80
ports,80
unitara,80
avanzà,80
ue,80
uvestgs,80
residenza,80
heinz,80
conclusiun,80
balenas,80
reducziun,80
segir,80
http,80
tres,80
hoz,80
vivonda,80
kritik,80
dr,80
cumandant,80
renda,80
bein,80
taisch,80
persunalitads,79
considerada,79
glatschers,79
castur,79
sasezs,79
preistorgia,79
smanatschà,79
simbolica,79
activas,79
smanatscha,79
palpiri,79
collavuraturs,79
musicists,79
participants,79
manfred,79
drizzada,79
naziunalsocialistic,79
stefan,79
vendita,79
mundialas,79
eruir,79
accumpagnà,79
daco,79
finiziun,79
signurs,79
cumbinaziun,79
reagì,79
theodor,79
ovs,79
ferms,79
maschaida,79
pictur,79
passentà,79
adattar,79
fich,79
tieu,79
credits,79
stgira,79
liug,79
gols,79
recepturs,79
troja,79
evangelis,79
aura,78
regia,78
rapina,78
stimà,78
dovran,78
surdar,78
guardia,78
cumprova,78
gimnasi,78
essenziala,78
autostradas,78
reservas,78
emettur,78
arthur,78
usitada,78
inimi,78
attentat,78
annunzià,78
vin,78
sumegliant,78
dominada,78
ballabasket,78
contestà,78
collina,78
muntgs,78
moses,78
argentina,78
academia,78
occident,78
costas,78
love,78
blaua,78
grevas,78
tractà,78
mes,78
mitschar,78
auschwitz,78
etnica,78
sherlock,78
expediziun,78
fraissen,78
johnson,78
wie,78
glogn,78
antruras,77
porschan,77
chavaliers,77
designà,77
liberala,77
cuntinuaziun,77
spiertala,77
turs,77
dj,77
occurrenza,77
rumper,77
catalan,77
diversitad,77
vulcans,77
successurs,77
apparat,77
france,77
critichers,77
tübingen,77
revoluziunar,77
laschia,77
joachim,77
nutritivas,77
org,77
samuel,77
zwischen,77
fatscha,77
tractar,77
entuorn,77
ladina,77
chariels,77
arvn,77
woodstock,77
fond,76
albanais,76
damain,76
cifra,76
statistica,76
gualsers,76
istoriografs,76
etablir,76
ordinà,76
manava,76
origins,76
prestar,76
numer,76
regiunals,76
colliar,76
incl,76
daniel,76
olimpic,76
tennis,76
murezzan,76
donn,76
schliada,76
vopna,76
posteriur,76
correspundentas,76
radicala,76
existiva,76
europas,76
minieras,76
faus,76
equiliber,76
regensburg,76
pudessan,76
classificaziun,76
orchester,76
emissiun,76
prenda,76
meglierar,76
gidieu,76
filosofica,76
manifest,76
editur,76
utensils,76
doctrina,76
archivs,76
erizun,76
litteraras,75
dominescha,75
confermà,75
communablamain,75
latiers,75
chombras,75
regiunal,75
specificas,75
total,75
chatschaders,75
ala,75
destin,75
genua,75
ester,75
versailles,75
discutà,75
sullevaziuns,75
polonaisa,75
invenziun,75
titels,75
proprietad,75
crear,75
distanzas,75
extendida,75
cited,75
tractan,75
state,75
puter,74
arriva,74
approvà,74
purschida,74
responsabladad,74
bandiera,74
areal,74
sajettà,74
psicologia,74
françois,74
epos,74
ultimas,74
seine,74
distinguer,74
islamica,74
ollandaisa,74
palatinat,74
capitulaziun,74
surviver,74
sablun,74
vulì,74
nürnberg,74
pertutgads,74
etablì,74
praschun,74
selvaschina,74
chaussas,74
pajament,74
regina,74
gnanc,74
sutmarins,74
categoria,74
tudas,74
sgol,74
testamaint,74
organissems,74
brumbels,74
baluschek,74
bregaglia,73
dom,73
melna,73
divin,73
conscienza,73
surveglianza,73
henry,73
correspundenta,73
nations,73
sumbriva,73
universala,73
dastgan,73
accent,73
intervenziuns,73
arts,73
cumprovada,73
pastgiras,73
harrison,73
british,73
elitas,73
europäischen,73
studien,73
laschava,73
puntg,73
specifica,73
pavel,73
gi,73
fundar,73
bosniacs,73
ditgas,73
cumpromiss,72
rodan,72
maggiore,72
transit,72
consistan,72
massiv,72
grads,72
freiburg,72
suveran,72
limità,72
erox,72
exequir,72
urgenza,72
spessa,72
tschintgavel,72
primar,72
sal,72
medi,72
figurativ,72
bainbaud,72
menziunar,72
oldenbourg,72
finanzials,72
pippin,72
pier,72
dumengia,72
atschal,72
supponì,72
surdada,72
correspundan,72
victor,72
fraid,72
tematica,72
tractativas,72
derivava,72
treis,72
tigl,72
sibiria,72
sül,72
pes,72
erizuns,72
ioc,72
gida,72
sentiments,72
hagi,72
vertebrats,72
chapitalas,71
applicaziun,71
battaglias,71
operar,71
unitar,71
cunvegnas,71
administrativ,71
catastrofa,71
basel,71
professiunala,71
indesch,71
roda,71
monetara,71
life,71
gottfried,71
chaudas,71
giaschaments,71
considerablamain,71
stima,71
konrad,71
helmut,71
catalana,71
antic,71
periodas,71
resguardada,71
testa,71
scienzià,71
terminar,71
signifitga,71
revoluziuns,71
fugir,71
debatta,71
equipa,71
funcziunaris,71
potenzial,71
percepir,71
from,71
directur,71
serrada,71
servir,71
zutger,71
furmia,71
chapì,71
entochen,71
buda,71
paraula,71
sen,71
background,71
lectur,71
sülla,71
anatolia,71
genetica,71
culiez,71
alnus,71
annalas,70
dapertut,70
poi,70
caesar,70
bonaparte,70
valevan,70
legendas,70
republicana,70
passagiers,70
autostrada,70
pajas,70
bulieus,70
avrir,70
grischuna,70
umiditad,70
signals,70
cristianas,70
chapescha,70
interrut,70
colonialissem,70
real,70
socialists,70
paschaivla,70
refereschan,70
dieter,70
graf,70
avantatg,70
brüssel,70
drizza,70
rurala,70
norvegiais,70
sem,70
causa,70
chor,70
suot,70
exprimer,70
aug,70
convent,70
multiplicaziun,70
tibetana,70
instruì,69
permanentamain,69
envierns,69
mezmieur,69
povradad,69
contestada,69
corps,69
tegnida,69
telecommunicaziun,69
austriacs,69
sports,69
ballamaun,69
roger,69
laterals,69
croats,69
reuniun,69
lià,69
corrupziun,69
dividida,69
wissenschaftliche,69
ruina,69
europäische,69
mazzacra,69
bumbas,69
victualias,69
sovieticas,69
limitada,69
reala,69
resposta,69
obtegnì,69
stuair,69
dependenza,69
disturbis,69
atgnamain,69
emisfera,69
communistic,69
vesan,69
correspundenza,69
abilitads,69
craps,69
ruaus,69
necessarias,69
dettia,69
delinquents,69
gl,69
colspan,69
ossa,69
bolschevics,69
ghitarras,69
ebert,69
accord,68
sviz,68
globala,68
superiuras,68
fom,68
applitgada,68
senz,68
irlandais,68
marcà,68
abstrahà,68
electrics,68
srg,68
participà,68
producent,68
associaziuns,68
tour,68
cursas,68
terrur,68
airlines,68
marie,68
sardegna,68
transports,68
napoli,68
tanscheva,68
martgads,68
union,68
ditga,68
durch,68
regì,68
düsseldorf,68
crodan,68
reussir,68
libramain,68
possessurs,68
campiun,68
disponivan,68
persequità,68
revoltas,68
civilists,68
circumstanzas,68
jahre,68
santeris,68
krieg,68
visita,68
isolaziun,68
ecologia,68
normalmain,68
desistì,68
extrem,68
daspö,68
istanbul,68
amicizia,68
osmans,68
dau,68
igls,68
chavazza,68
wehrmacht,68
mesopotamia,68
belsen,68
anna,67
emissiuns,67
maschadads,67
pigns,67
tegna,67
nyon,67
bel,67
transfurmada,67
gremi,67
votar,67
medems,67
communablas,67
giaschan,67
sbucca,67
serb,67
unificaziun,67
deficit,67
fundaturs,67
aspectaturs,67
riviera,67
langobards,67
giuseppe,67
etiopia,67
santeri,67
collecziuns,67
nominà,67
electricas,67
resultan,67
avantatgs,67
cumponiva,67
halla,67
pareva,67
translaziuns,67
fermada,67
cumprar,67
profunda,67
muond,67
grevs,67
leipzig,67
sunar,67
staus,67
chamisso,67
sutsilvan,66
surmiran,66
sutdividì,66
peder,66
migrants,66
california,66
resguarda,66
refurmada,66
opiniuns,66
retschertga,66
muvel,66
manadas,66
cunfinants,66
adattada,66
imperials,66
fontana,66
concepì,66
udida,66
africana,66
feudal,66
jules,66
resorta,66
enconuschan,66
reclam,66
coniferas,66
schliaziun,66
militarmain,66
democraticas,66
scenas,66
grip,66
survegnir,66
vaider,66
munids,66
vuclina,66
sogn,66
camenisch,66
veva,66
cunzunt,66
persian,66
rowohlt,66
at,66
letg,66
tensiun,66
resonanza,66
magma,66
sfessas,66
tibetans,66
enfiern,66
varietads,65
bernina,65
lumbard,65
independentas,65
vulan,65
impedì,65
monetar,65
fixar,65
instanzas,65
dapart,65
posts,65
secundar,65
lausanne,65
augmenta,65
effectiv,65
usits,65
producì,65
toni,65
open,65
dubla,65
erigida,65
artistica,65
kunst,65
trametter,65
cumbattì,65
mintgatant,65
turin,65
marca,65
spustà,65
socialistic,65
corpus,65
tecnic,65
naziunalists,65
stabilisar,65
accentuà,65
immanuel,65
deutscher,65
atlets,65
sala,65
circulaziun,65
matematica,65
idiom,65
liberal,65
schah,65
femininas,65
gea,65
tavla,65
biodiversitad,65
sumeglianta,65
intervegnir,65
uffanza,65
tschenta,65
interpretar,65
biographie,65
matteus,65
seis,65
alas,65
bernard,64
generaziuns,64
autodeterminaziun,64
neuchâtel,64
hectaras,64
colonisà,64
batter,64
conservatissem,64
suenterguerra,64
suttamessa,64
malsauns,64
atomaras,64
mesaunas,64
chemica,64
vehichels,64
exposiziuns,64
influenzada,64
cumenzan,64
musicala,64
verda,64
como,64
immensa,64
tecnologia,64
wiesbaden,64
lubescha,64
cruschadas,64
proclamaziun,64
exupéry,64
intermediar,64
transportar,64
saxons,64
victorisà,64
matthias,64
publicamain,64
mann,64
ich,64
albrecht,64
intensivamain,64
parents,64
biogas,64
abla,64
prosa,64
maschina,64
swift,64
zelanda,64
empire,64
zar,64
bulgar,64
bravuogn,64
crusta,64
affons,64
serba,64
tgunsch,64
triep,64
portaflurs,64
puschas,64
famusa,63
convivenza,63
data,63
unic,63
terrestras,63
reducida,63
registrà,63
skis,63
categorias,63
incumbensà,63
conservativa,63
vaud,63
scolaziun,63
furnì,63
antonio,63
sera,63
agl,63
huber,63
meglra,63
mazzaments,63
abitadi,63
collectiva,63
colonialas,63
etnias,63
publitgada,63
midaments,63
insembel,63
us,63
european,63
consideraziun,63
tschentaner,63
manca,63
chavorgia,63
anavos,63
vaz,63
procurar,63
ouvras,63
tschendra,63
ell,63
oxigen,63
ruprecht,63
autura,63
acquisiziun,63
chadainas,62
schelira,62
maggia,62
oramai,62
discurrida,62
conservativs,62
schweizer,62
raquinta,62
dretgiras,62
georgia,62
responsabla,62
chaussa,62
chartas,62
biologica,62
cultivadas,62
vacanzas,62
tradiziunal,62
versiuns,62
bulsaun,62
appartegnì,62
mussolini,62
anton,62
me,62
autmedieval,62
partenari,62
marchescha,62
spezials,62
nauschas,62
mussada,62
discurr,62
controllar,62
ruvers,62
messas,62
empermess,62
adattaziuns,62
legala,62
filosoficas,62
hotel,62
blau,62
signal,62
celtic,62
paun,62
giapunaisa,62
minas,62
quista,62
alfabet,62
accentuescha,62
basond,62
haveva,62
legitimaziun,62
srebrenica,62
leopards,62
pader,61
reguard,61
correspundent,61
naschids,61
suandanta,61
lumbardia,61
renconuschida,61
velos,61
valutas,61
surpassà,61
tipica,61
relasch,61
science,61
experiments,61
house,61
umids,61
bismarck,61
prevegnir,61
cumbattants,61
flem,61
correspundents,61
una,61
realisada,61
maroc,61
paulus,61
represchentada,61
resalvas,61
possessiuns,61
investiziuns,61
motors,61
liberar,61
chant,61
rimnada,61
cheramica,61
tetg,61
adattadas,61
radunanza,61
hits,61
ruta,61
respectiv,61
laax,61
reinbek,61
wissenschaft,61
eroxs,61
munida,61
registraziuns,61
individuala,61
appel,61
cella,61
mantè,61
rueun,60
directivas,60
georges,60
territorialas,60
respectiva,60
dischoccupaziun,60
stabilitad,60
granezza,60
protestantissem,60
bobo,60
carlo,60
attribuidas,60
werk,60
code,60
terrada,60
planiras,60
metals,60
murir,60
website,60
differenzià,60
strada,60
simbols,60
mazzament,60
cumprovas,60
moderne,60
descendents,60
chalender,60
pratitgà,60
reconstrucziun,60
magazin,60
communitads,60
reproducziun,60
crim,60
goethe,60
preveseva,60
documentaziun,60
fundaments,60
medaglia,60
sapientivamain,60
mangiativas,60
rens,60
nozzas,60
maximalmain,60
modas,60
schuldada,60
bugen,60
hms,60
sajettar,60
telegrafia,60
left,60
pella,60
nuot,60
sovietics,60
urnas,60
pollen,60
kurtz,60
divida,59
tipics,59
dominanza,59
alpinas,59
indigenas,59
tgirà,59
reputaziun,59
interrupziun,59
paina,59
aviatic,59
cumparidas,59
jazz,59
kleine,59
transferì,59
see,59
desister,59
percurra,59
mancan,59
viaden,59
nivels,59
destruida,59
immens,59
bainstanza,59
basava,59
sutdivider,59
sfurzads,59
fermanza,59
discriminaziun,59
attatgar,59
differenziaziun,59
campiunadis,59
postalas,59
prelecziuns,59
succedida,59
grönlanda,59
plat,59
turnea,59
paran,59
agriculs,59
glistas,59
mythos,59
oters,59
gros,59
vella,59
bap,59
lirica,59
ius,59
nixon,59
vully,59
fat,59
patratgs,59
violina,59
coluraziun,59
alice,58
taunas,58
naschientschas,58
partan,58
criticas,58
stirpa,58
federalissem,58
bainstar,58
nucleara,58
refusa,58
furmaziuns,58
abitaziuns,58
reclama,58
stils,58
music,58
unihockey,58
religion,58
bolivia,58
scala,58
tradiziunals,58
archeologics,58
fiorentina,58
ragisch,58
culminant,58
sepultura,58
attracziuns,58
bien,58
pumpa,58
roland,58
baiver,58
territorials,58
biotops,58
dependents,58
reichstag,58
resguardads,58
demonstraziuns,58
aachen,58
mortalitad,58
united,58
svedaisa,58
registraziun,58
ladins,58
giavischà,58
installar,58
books,58
normas,58
sir,58
sent,58
considerar,58
colonists,58
plaschair,58
madleina,58
inua,58
ulm,58
decumposiziun,58
glondas,58
greenpeace,58
sunà,58
neutrala,57
zug,57
collinas,57
maximilian,57
originara,57
rumen,57
schiller,57
organisads,57
masculins,57
muntagnardas,57
zeitung,57
architect,57
staat,57
culpa,57
exteriurs,57
victimas,57
remplazzada,57
musical,57
egida,57
irac,57
facto,57
effectivamain,57
arrivan,57
principadis,57
tschains,57
arrest,57
decida,57
scientificas,57
sbuccada,57
cumparids,57
deducir,57
tutgava,57
bielorussia,57
partiziun,57
pledaders,57
eduard,57
elefant,57
protests,57
plü,57
numnava,57
tujetsch,57
ductrinas,57
tira,57
spiritual,57
vair,57
boston,57
superiurs,57
locke,57
región,57
organisar,57
revier,57
aschi,57
less,57
milo,57
ureglias,57
missella,57
misarogns,57
sinfonia,57
lorena,56
suppressiun,56
interiur,56
stadion,56
mirs,56
tipicas,56
sophie,56
preparà,56
ihre,56
moravia,56
hallstatt,56
latène,56
subì,56
actuals,56
tentativas,56
metafisica,56
ipotesa,56
partind,56
sepulì,56
londervi,56
represchentaziuns,56
mittelalter,56
ultramar,56
civilisaziun,56
actualas,56
garantì,56
regiva,56
piper,56
kb,56
cumparts,56
sbagl,56
purschì,56
liga,56
imni,56
gravitaziun,56
avertas,56
expediziuns,56
punts,56
lord,56
republicans,56
seguond,56
socialisticas,56
petersburg,56
tschertgar,56
fuorma,56
logica,56
conuscher,56
sein,56
maister,56
tusaun,56
proponì,56
cheu,56
tuttenina,56
raquenta,56
observaziuns,56
sgulants,56
starr,56
sveglià,55
glaruna,55
latituda,55
cunfinar,55
pertutgada,55
ensi,55
breil,55
stimaziuns,55
selvicultura,55
emigrads,55
destinaziun,55
emigrants,55
julius,55
confederads,55
acta,55
munaidas,55
sasezza,55
samedan,55
firmas,55
blera,55
substanza,55
radunda,55
dialog,55
turniers,55
sentenzià,55
aviaziun,55
guvernatur,55
est,55
gallia,55
bizantina,55
catedrala,55
buchgesellschaft,55
indirecta,55
bainprest,55
bustabs,55
indrizs,55
vii,55
extraordinaria,55
edward,55
secziun,55
verne,55
participada,55
pussaivlas,55
perscrutader,55
referir,55
league,55
secreta,55
referind,55
tractava,55
great,55
scientifics,55
falkland,55
armads,55
force,55
delta,55
particlas,55
retschaiver,55
povers,55
white,55
aufklärung,55
ordinadas,55
repassar,55
mover,55
ruinas,55
arrestà,55
tegnids,55
albums,55
pulvra,55
bittar,55
auzada,55
mastgel,55
napoleon,55
bosniac,55
edith,55
minh,55
stanley,55
garzanti,55
gies,55
massivamain,54
bernais,54
midan,54
reservats,54
tiers,54
intenziunadamain,54
fixada,54
herzog,54
mortas,54
lantschà,54
giurisdicziun,54
petroli,54
communal,54
credit,54
figurescha,54
import,54
construcziuns,54
bruno,54
team,54
ötzi,54
utilisà,54
alternativa,54
oceania,54
schmidt,54
inclus,54
mettan,54
suns,54
reconquista,54
antics,54
sontgs,54
abitaziun,54
suttascrit,54
fugids,54
reconstruir,54
commerziala,54
land,54
agrara,54
prussiana,54
miseria,54
evident,54
tscheca,54
manuscrits,54
democratics,54
profundas,54
vendetga,54
lom,54
eurasia,54
clom,54
bulgars,54
medel,54
hoffmann,54
laterala,54
separada,54
margot,54
francofona,54
calif,54
gruyter,54
bumbardaments,54
gnieu,54
paregliaziun,54
resoluziun,54
stgazi,53
antoni,53
effectuà,53
cuntraversas,53
grammatica,53
naschan,53
divider,53
cuvran,53
giats,53
celtica,53
habsburg,53
suttamessas,53
imperialas,53
allià,53
monarchias,53
mussadas,53
survivents,53
annexiun,53
represchentadas,53
pitgas,53
amnesty,53
pajaments,53
producescha,53
ssr,53
adattads,53
picturas,53
accents,53
vischin,53
with,53
sisum,53
sava,53
universal,53
milli,53
constantin,53
herder,53
tutgavan,53
eu,53
fer,53
interpretà,53
bands,53
bernd,53
sitgs,53
fc,53
german,53
cumprovan,53
responsabels,53
koch,53
reusseschi,53
ritg,53
plaiv,53
wells,53
inclusiv,53
don,53
laschavan,53
biro,53
parsura,53
pilot,53
nun,53
perfin,53
restabilir,53
obligaziuns,53
god,53
pilots,53
notas,53
designada,53
passaschas,53
dietz,53
eric,53
moral,53
siat,53
dissertaziun,53
goli,53
directori,53
reacziuns,53
viagià,53
by,53
regula,53
nitrogen,53
horváth,53
introducir,52
fritg,52
citadina,52
geograficamain,52
orientalas,52
mont,52
populà,52
unica,52
minoritaras,52
nauscha,52
instanza,52
cumplaina,52
sezzas,52
binaris,52
praticas,52
chastels,52
faschond,52
marc,52
reschissur,52
sutdividida,52
spyri,52
locomotivas,52
natur,52
sprache,52
croat,52
prussian,52
relaschar,52
entamez,52
restrenscha,52
retic,52
valragn,52
administrativas,52
rivas,52
portas,52
pajauns,52
beiträge,52
realisads,52
springer,52
stoppian,52
respectivas,52
utb,52
brandenburg,52
segirà,52
intimà,52
concurrer,52
mova,52
liberà,52
cuntinuant,52
preparaziun,52
indonesia,52
association,52
agiuntà,52
drogas,52
meridiunal,52
exclus,52
ruptura,52
privlus,52
solit,52
aristocrats,52
visitar,52
bratsch,52
creatira,52
cuntrasts,52
parada,52
lag,52
fragliuns,52
persians,52
nouv,52
erupziuns,52
computer,51
andrea,51
bernaisa,51
vents,51
frequenta,51
definescha,51
ortodoxs,51
preschentaziun,51
tschiffà,51
elegida,51
consens,51
attribuescha,51
integrada,51
monopol,51
represchentads,51
hockey,51
sigl,51
clubs,51
datescha,51
ereditara,51
verds,51
malögia,51
scrits,51
cumponan,51
pp,51
quinta,51
dominis,51
papat,51
poetica,51
generalmain,51
paletta,51
collian,51
documentà,51
decadenza,51
carolings,51
indochina,51
islamic,51
cuntinuitad,51
michel,51
orientads,51
araba,51
sapiens,51
persunalmain,51
instradà,51
lissabon,51
documentar,51
emess,51
revoluziunaras,51
contribuziun,51
portugaisa,51
chauda,51
raschuns,51
orientar,51
abraham,51
secunda,51
preparar,51
resumaziun,51
bod,51
protegì,51
disponer,51
sboz,51
mats,51
truppa,51
solar,51
clerus,51
umanas,51
tgirom,51
ritual,51
valitaziun,51
inagada,51
cumposiziuns,51
grecas,51
tauna,51
cumparair,51
badugn,51
narratur,51
fermentaziun,51
schaffusa,50
diminuziun,50
tschierv,50
mercenaris,50
libertads,50
conservativ,50
apartheid,50
represchentar,50
protocol,50
spaziala,50
implant,50
directas,50
annual,50
purschidas,50
martganzia,50
textilias,50
lavuran,50
orientescha,50
conts,50
svanir,50
actur,50
jakob,50
fraids,50
varga,50
hugo,50
ecuador,50
adria,50
marsch,50
industrial,50
bella,50
lectura,50
declerar,50
dei,50
nudar,50
declerada,50
penetrads,50
concludì,50
constituziuns,50
constituziunal,50
considerads,50
meglras,50
varieschan,50
zuppà,50
los,50
stgatschads,50
lothar,50
hindenburg,50
minerals,50
sisavel,50
lavurava,50
digitala,50
liada,50
arrivar,50
stailas,50
reducescha,50
rimnà,50
grischuns,50
tschep,50
crest,50
blessads,50
scuvertas,50
sed,50
einem,50
qualitads,50
live,50
battida,50
manegià,50
notizias,50
vietnamais,50
mastergnants,50
patua,50
enavant,50
viu,50
bulgara,50
aviun,50
parentella,50
tatta,50
battesta,50
sieus,50
kinder,50
cruschaders,50
ordinads,50
sassanids,50
communala,49
schember,49
selvadia,49
scumbigls,49
palids,49
cloma,49
analog,49
gidieuas,49
augusta,49
germanas,49
veseva,49
odierns,49
abolì,49
elisabeth,49
democrazias,49
engascha,49
cumplettada,49
dependenta,49
regulaziun,49
excepziuns,49
thun,49
circus,49
atletica,49
schai,49
wiener,49
regenta,49
sarajevo,49
socialdemocrats,49
producents,49
operas,49
reinhard,49
paisa,49
allusiun,49
corporaziuns,49
affars,49
laura,49
tschients,49
variaziuns,49
definitiva,49
deportaziun,49
dtv,49
stgatschar,49
chatschar,49
catalog,49
persunalitad,49
exports,49
pestga,49
termica,49
andré,49
estetica,49
prads,49
chantadur,49
politischen,49
balena,49
precisa,49
miu,49
ag,49
curtins,49
adattaziun,49
represchentan,49
resultada,49
plantaschas,49
alvas,49
is,49
reussida,49
decret,49
tagl,49
zuppads,49
revistas,49
statura,49
culs,49
già,49
digls,49
columbia,49
chapitels,49
cuntradicziun,49
schriften,49
bara,49
duess,49
deplazes,49
wilson,49
emprema,49
engiu,49
novella,49
plaids,49
discuors,49
tegia,49
you,49
weltkrieg,49
narcissas,49
appenzell,48
geografic,48
puschlav,48
creschidas,48
intensitad,48
possessur,48
arnold,48
totalitad,48
confidenza,48
effizienta,48
purtaders,48
pitga,48
restants,48
urbana,48
johanna,48
popularitad,48
cula,48
provocà,48
schlargià,48
stagiuns,48
cupitga,48
concurrenzas,48
günter,48
cartago,48
extincziun,48
curunaziun,48
resultà,48
admess,48
perdavants,48
pussant,48
pertutgà,48
guarda,48
vs,48
sitga,48
extirpaziun,48
tieus,48
bremen,48
württemberg,48
luxemburgais,48
territorial,48
exclusiun,48
creschent,48
afganistan,48
markus,48
specific,48
reger,48
anniversari,48
ordavant,48
deportads,48
service,48
cumandà,48
garantida,48
designar,48
preschentada,48
plattafurma,48
peer,48
belgrad,48
fixa,48
arrestads,48
imaginaziuns,48
taschenbuch,48
palestina,48
corv,48
mol,48
saigon,48
sgular,48
bizantins,48
uaul,48
udir,48
men,48
culegna,48
oron,48
peider,48
so,48
muossa,48
uors,48
willi,48
apostels,48
vandenhoeck,48
seguonda,48
grossezza,48
ablas,48
odurat,48
narcissa,48
giansauna,48
surpiglia,47
felix,47
geologia,47
laresch,47
occupan,47
dimora,47
refurmads,47
patrun,47
ludivic,47
terror,47
purtret,47
cumplettà,47
dischoccupads,47
respectivs,47
tectonica,47
gotthelf,47
temprada,47
tschec,47
neandertal,47
obtegnair,47
viennaisa,47
bauer,47
parallel,47
porrentruy,47
mediterran,47
statisticas,47
normans,47
munidas,47
exchavaziun,47
dadas,47
homer,47
trategnì,47
rumena,47
spundas,47
curtin,47
substrat,47
gabriel,47
immigrads,47
noblezza,47
manifestescha,47
pauca,47
putschists,47
agiunta,47
refugi,47
amplifitgada,47
sebastian,47
no,47
weber,47
austriacas,47
arno,47
secretariat,47
originala,47
exploraziun,47
universität,47
mi,47
resguard,47
cambodscha,47
respect,47
pront,47
sumeglian,47
publitgar,47
granda,47
rotaziun,47
europe,47
menziunada,47
sentenzia,47
chaplutta,47
perda,47
demokratie,47
entiras,47
carnet,47
metzler,47
lutz,47
tumults,47
republik,47
rumauntsch,47
grosse,47
princeton,47
lansel,47
emprem,47
crestaulta,47
involvids,47
bi,47
derungs,47
gnerva,47
electur,47
variar,47
teolog,47
flatgs,47
uicn,47
clavazins,47
detagls,46
exprimida,46
cuverts,46
congual,46
lateralas,46
medemas,46
obligads,46
linguistics,46
smanatschas,46
liads,46
burgogna,46
guisan,46
introducida,46
gronducadi,46
rutas,46
viticultura,46
renconuschids,46
architects,46
medievala,46
regordan,46
reise,46
skelet,46
victurs,46
russas,46
provisorica,46
sanester,46
finanziala,46
maximal,46
teoretica,46
catolicas,46
gruyère,46
sitgas,46
trier,46
apostel,46
contadi,46
flandra,46
relaschada,46
fixads,46
electronica,46
fusiunà,46
assagl,46
francisco,46
liberalas,46
ernesto,46
cultivada,46
administratur,46
interval,46
horst,46
definida,46
sfurzar,46
bach,46
atlas,46
isaac,46
tropic,46
culturalmain,46
fluss,46
black,46
rimnar,46
dubi,46
fantasia,46
cuntegns,46
theorie,46
desert,46
spinas,46
tscherna,46
time,46
princessa,46
influenzeschan,46
racolta,46
romontscha,46
humus,46
wörterbuch,46
saveva,46
paraid,46
hobbes,46
segl,46
observaziun,46
masculinas,46
right,46
fundadas,46
egeica,46
giuditgar,46
plurilinguitad,46
domesticaziun,46
single,46
khan,46
gott,46
milgram,46
willard,46
seminari,45
retorumantscha,45
bern,45
ticino,45
cuvert,45
mieurs,45
problematica,45
debattas,45
occupadas,45
idraulica,45
stein,45
unida,45
deutsch,45
schlattaina,45
julian,45
lyon,45
vincent,45
circumdà,45
hindus,45
incendi,45
cotschnas,45
schefs,45
sutterrana,45
construidas,45
mecanissems,45
francis,45
concurrents,45
liar,45
gestapo,45
electric,45
studio,45
erosiun,45
alois,45
chatschà,45
apparats,45
bibliografia,45
different,45
parentadas,45
veneraziun,45
navigaturs,45
constanta,45
north,45
exteriuras,45
day,45
planisada,45
dolomitas,45
net,45
foras,45
planets,45
steppa,45
specifics,45
ademplir,45
rapporta,45
andri,45
se,45
hannover,45
werke,45
perscrutaziuns,45
spunda,45
cuminaivels,45
sexuala,45
segiurn,45
niev,45
stab,45
mohammed,45
intellectuals,45
kosmos,45
briefe,45
miep,45
resguardond,44
bienna,44
cotschens,44
pailus,44
renconuscher,44
fundamental,44
victorias,44
mandat,44
organisadas,44
avischinar,44
arabia,44
emploiads,44
individual,44
mobiglias,44
re,44
steffan,44
lavaux,44
nobels,44
divertiment,44
realisadas,44
mein,44
registrar,44
delegads,44
heute,44
sorta,44
pronunzia,44
defendì,44
absolut,44
designads,44
elita,44
tavlas,44
averts,44
bologna,44
trajan,44
santiago,44
restrenschì,44
protestanta,44
permanent,44
pussants,44
profil,44
barbara,44
schleswig,44
celticas,44
dignitad,44
offerta,44
positiv,44
manuscrit,44
dietrich,44
vela,44
operaziuns,44
fil,44
formala,44
blue,44
valisa,44
antarctica,44
cumparegliabla,44
pretendeva,44
meter,44
mount,44
descritta,44
duvrava,44
cumponentas,44
oceans,44
oter,44
illas,44
ortodox,44
toleranza,44
demonstrants,44
chur,44
sesanfla,44
ecclesiastica,44
historisches,44
cantun,44
atras,44
rapportà,44
lavina,44
periclitaziun,44
dioxid,44
defensiva,44
resguardan,44
tesas,44
temprivas,44
eva,44
cumpost,44
sumeglia,44
park,44
cumenzar,44
islandais,44
chesa,44
cuntegnì,44
raquintaziun,44
chicago,44
eliminar,44
raquintader,44
archive,44
cuntegnidas,44
sentenzias,44
platon,44
croata,44
considerava,44
tora,44
populazuin,44
woo,44
bündner,43
sitg,43
aviez,43
fortuna,43
ecosistem,43
claus,43
suandant,43
declera,43
sceptica,43
chauma,43
muntan,43
pronts,43
discutada,43
salvament,43
sustegna,43
metro,43
fiera,43
sinonim,43
surmuntà,43
preschentan,43
etablida,43
west,43
fix,43
eugen,43
graz,43
vocabulari,43
scumandada,43
alpen,43
utilisar,43
amadeus,43
guinea,43
sahara,43
garda,43
frequenza,43
chanals,43
subject,43
turistica,43
etimologia,43
etruscs,43
persa,43
essend,43
petrus,43
faschistics,43
chaus,43
primaudiziun,43
staila,43
par,43
basc,43
edict,43
erecziun,43
galaria,43
redacziun,43
minimala,43
indicaziun,43
materiala,43
ortografia,43
purtada,43
blocs,43
necessaris,43
maritim,43
sistematicamain,43
accelerà,43
inflaziun,43
finanziar,43
lioms,43
secrets,43
jörg,43
dresden,43
internationale,43
barat,43
promova,43
journal,43
members,43
roial,43
dissegns,43
alcohol,43
bovs,43
gieri,43
hall,43
bists,43
jonathan,43
sursilvans,43
propostas,43
bildung,43
marcau,43
imaginar,43
secundas,43
inventà,43
blauas,43
bgers,43
ideals,43
colonials,43
stiftung,43
communisticas,43
desertina,43
janeiro,43
persvader,43
tractat,43
auzar,43
reediziun,43
mora,43
sonda,43
inditgescha,43
sydney,43
respundì,43
cot,43
grischs,43
cuort,43
scret,43
slovaca,43
enconuscheva,43
füt,43
entscheiva,43
sturm,43
giustifitgar,43
geschichten,43
buch,43
lava,43
nutreschan,43
geneticas,43
colonel,43
tonalitads,43
serie,43
hanoi,43
monis,43
aguirre,43
tamangur,42
ludra,42
emigrar,42
evangelic,42
pps,42
periclitada,42
abattida,42
evidenta,42
fabrica,42
schefcumandant,42
civils,42
represchentanza,42
diplomaticas,42
accidents,42
cumplexa,42
swiss,42
rendan,42
edida,42
bund,42
mario,42
gotica,42
schlargiar,42
alberto,42
teaters,42
metropola,42
substituì,42
energias,42
nikolaus,42
musicist,42
realissem,42
cuvra,42
bogns,42
philippe,42
chaschunar,42
voluntaris,42
geotermia,42
inspirà,42
megliers,42
fruntan,42
concil,42
protesta,42
pestilenza,42
video,42
xiv,42
crudads,42
stretgas,42
produceschan,42
parallelamain,42
mangiar,42
giat,42
tschancun,42
germana,42
feudals,42
flaivlentà,42
chargia,42
sclerì,42
fineschan,42
tegnairchasa,42
studegiar,42
cumprovadas,42
alasca,42
puramain,42
critic,42
referenza,42
dira,42
mongolia,42
adumbatten,42
tunnels,42
ierarchia,42
mb,42
adüna,42
gerd,42
diavel,42
orala,42
crist,42
nev,42
cleras,42
figlias,42
duranta,42
chapitalistica,42
senda,42
rinforzada,42
nursas,42
biars,42
patratg,42
ohne,42
cresta,42
detagliada,42
gada,42
privels,42
regular,42
con,42
movan,42
sarina,42
temporarmain,42
puschlev,42
schabetgs,42
raquintar,42
uiara,42
fran,42
gedichte,42
wald,42
glinas,42
conquistas,42
purtanza,42
zup,42
observà,42
nouva,42
bibliothek,42
eroplans,42
schmorell,42
widmer,41
weg,41
alimentaziun,41
senta,41
grippa,41
periclità,41
commerzialas,41
guerriers,41
decidida,41
cusseglier,41
avischinaziun,41
dumagnar,41
franc,41
reserva,41
record,41
lavuravan,41
dominava,41
atgnadad,41
spartida,41
pasca,41
jon,41
onurà,41
dürrenmatt,41
preschents,41
procura,41
wirtschaft,41
rimnaders,41
grande,41
elba,41
rumens,41
statuas,41
astronomia,41
jupiter,41
antecessurs,41
spiertal,41
statua,41
urdens,41
engaschads,41
egemonia,41
decididamain,41
ordinaziuns,41
restricziuns,41
walther,41
variaziun,41
concepziuns,41
reglà,41
cartents,41
integrads,41
submissiun,41
separadas,41
cumponì,41
imports,41
wolf,41
tower,41
ritgas,41
sparter,41
strategica,41
finanzialas,41
fibras,41
massiva,41
participadas,41
cumparegliabel,41
republican,41
impediment,41
furnir,41
mary,41
plural,41
verona,41
mail,41
mecanissem,41
cumplexs,41
biffel,41
suprema,41
reproscha,41
creta,41
ural,41
inferiur,41
viagiar,41
casturs,41
anticas,41
avain,41
schanza,41
carbonic,41
dads,41
schurnalist,41
advocat,41
arguments,41
transl,41
gegen,41
guntgir,41
campus,41
zuoz,41
puntraschigna,41
clers,41
observatur,41
gr,41
chinaisas,41
asiatic,41
gest,41
maridar,41
rumantschia,41
talpas,41
sbagls,41
würzburg,41
bittà,41
tutgar,41
mariners,41
valle,41
agiuntar,41
tonalitad,41
sguard,41
ideologias,41
spetga,41
vernunft,41
mava,41
magliar,41
messadi,41
musculs,41
wir,41
oss,41
preferescha,41
coturnix,41
probands,41
exterminaziun,41
thieu,41
domat,40
rtr,40
links,40
giudicativa,40
abità,40
distinguan,40
svanida,40
asil,40
renconuschidas,40
possedevan,40
surlaschar,40
ruralas,40
allianzas,40
communabels,40
parlaments,40
reprendì,40
cultivar,40
kino,40
extrema,40
abattì,40
harald,40
dell,40
surpassa,40
curra,40
stimada,40
brig,40
adriatica,40
catolicissem,40
corn,40
entente,40
palazs,40
spetgar,40
uffizier,40
dictatur,40
vallada,40
stadt,40
menziunescha,40
candidat,40
standards,40
reacturs,40
pablo,40
precedents,40
arrivadas,40
spagnolas,40
fotografia,40
vender,40
electoral,40
chasti,40
premis,40
missiunar,40
appellà,40
odiernas,40
deputà,40
porscher,40
aposta,40
commerzial,40
musters,40
té,40
dramatica,40
finanzial,40
traversa,40
laos,40
interlaken,40
pussibiliteschan,40
deutschlands,40
andament,40
paderborn,40
bratislava,40
baltics,40
bandunan,40
ordinaziun,40
profet,40
zeitalter,40
sedrun,40
avat,40
cadi,40
cuntegneva,40
nunenconuschent,40
materialissem,40
analisas,40
not,40
dialectica,40
mainia,40
pura,40
jugend,40
equipament,40
slam,40
muntadas,40
salvar,40
futura,40
avanzads,40
patriots,40
friburgais,40
savognin,40
mesirar,40
roosevelt,40
stuiu,40
auda,40
chanaster,40
stgaudar,40
remartga,40
aboliziun,40
sensitivas,40
drang,40
egliada,40
consequentamain,40
passiun,40
may,40
ulmer,40
explitgescha,40
listess,40
diem,40
kpd,40
arnica,40
concentrescha,39
vestfalia,39
dadens,39
alpins,39
divergentas,39
periclitadas,39
tissi,39
palì,39
pertschient,39
interns,39
perpetna,39
assicuranza,39
administrativs,39
violaziuns,39
tractament,39
obligà,39
cumplain,39
prima,39
mel,39
picturs,39
antoine,39
vatgas,39
persequitads,39
innsbruck,39
imperis,39
sustegnida,39
cussegliaders,39
ventg,39
denominaziuns,39
presidi,39
mendrisio,39
apenninas,39
terratrembels,39
marco,39
sclerir,39
vergil,39
frunta,39
dinamica,39
ix,39
alsazia,39
documentada,39
celtics,39
consolidar,39
intensiv,39
renviescha,39
exnum,39
suverans,39
engaschar,39
rené,39
dominantas,39
juan,39
approvaziun,39
silesia,39
deposits,39
ecclesiastics,39
bursa,39
arrestaziun,39
insistì,39
resentì,39
emprests,39
hannah,39
chantadura,39
disco,39
kassel,39
rauch,39
bavaraisa,39
cuntinuantas,39
enzyklopädie,39
cuvertas,39
diglossia,39
publitgadas,39
schurnalists,39
criteri,39
porto,39
nordic,39
rights,39
cuntanschida,39
socialisaziun,39
secziuns,39
zeitschrift,39
referendum,39
demonstraziun,39
retschas,39
repassada,39
föderalismus,39
danaisa,39
cumpigliar,39
sagogn,39
microorganissems,39
temprivs,39
strictamain,39
schuldà,39
giurisprudenza,39
feuerbach,39
inscripziun,39
dominar,39
sozialismus,39
batten,39
regiment,39
detagliadamain,39
spitg,39
ecclesiasticas,39
carbon,39
management,39
terrestra,39
visiun,39
paleoliticum,39
legì,39
ena,39
canadais,39
grams,39
cundiziun,39
tito,39
saver,39
valentin,39
cronologia,39
gregori,39
stailalva,39
odur,39
verms,39
taliauna,39
detectiv,39
argentins,39
schlemihl,39
bep,39
ringo,39
renovà,38
turgovia,38
aglomeraziuns,38
kilometer,38
mesiraziuns,38
mesiraziun,38
chantadurs,38
mussads,38
innovaziuns,38
satellit,38
identificaziun,38
viola,38
circumdada,38
trajects,38
dumbrà,38
difficil,38
arschiglia,38
concessiun,38
giorgio,38
street,38
producziuns,38
fifa,38
avars,38
veto,38
explicaziun,38
aarau,38
sense,38
sacerdots,38
supremazia,38
pajà,38
francesco,38
boris,38
currer,38
exister,38
preferì,38
executà,38
rument,38
stanzas,38
avevi,38
enserra,38
bov,38
xvi,38
mer,38
exercizi,38
sudan,38
profitar,38
lianta,38
deliberà,38
pussibilitar,38
fixadas,38
josé,38
normal,38
propagà,38
novaziuns,38
ducadis,38
sentir,38
concessiuns,38
freiheit,38
günther,38
archuvestg,38
vischinas,38
essan,38
suicidi,38
beltg,38
utschè,38
taila,38
gens,38
navigatur,38
ren,38
ecologica,38
simplas,38
tansania,38
insaquants,38
avertamain,38
andetgamain,38
tractads,38
chattia,38
effectiva,38
https,38
schanzas,38
sü,38
lej,38
cunfinaziun,38
balticum,38
hansa,38
preschentads,38
tuots,38
argument,38
amazonas,38
glischa,38
antropologia,38
bourgeoisia,38
laschian,38
leninissem,38
entra,38
animà,38
neuzeit,38
nicole,38
retschavì,38
tu,38
carstgaun,38
dardin,38
bellezza,38
resvegl,38
scoula,38
sien,38
winter,38
cavalè,38
affon,38
historias,38
teologs,38
chalesch,38
reviers,38
cervia,38
madirezza,38
märchen,38
bibgia,38
bulieu,38
bacterias,38
metan,38
dictaturas,38
acid,38
taurs,38
trembel,38
cumpostaziun,38
schmid,37
federalas,37
simplon,37
surpassan,37
destinaziuns,37
records,37
paus,37
stabilì,37
bainstants,37
protestas,37
papala,37
schweizerische,37
cronica,37
recepir,37
perdita,37
matura,37
bahn,37
lecturs,37
retroterra,37
sumegliantas,37
oecd,37
returnads,37
appartegnair,37
evangelicas,37
venus,37
conscient,37
inscunters,37
salvador,37
usitadas,37
sblundregiada,37
internas,37
maraton,37
antike,37
mantegna,37
assistenza,37
activamain,37
resguardadas,37
correspundeva,37
existentas,37
teoreticamain,37
essai,37
finanziaziun,37
dumbers,37
scuvrir,37
lucca,37
lad,37
sgols,37
persequitar,37
neolitic,37
cristianisaziun,37
destruids,37
radis,37
dumandar,37
conclusiuns,37
tschentar,37
rodas,37
massachusetts,37
tragedia,37
stockholm,37
det,37
parzials,37
bajegià,37
watson,37
clamar,37
spertadad,37
vegniu,37
experts,37
cabel,37
violenta,37
reageschan,37
riga,37
mongols,37
exponì,37
transilvania,37
regl,37
magisters,37
trun,37
tuor,37
sforz,37
sench,37
pronunzià,37
radical,37
redactur,37
necessitad,37
akademie,37
seiner,37
evidentamain,37
angul,37
australiana,37
carta,37
defensurs,37
reussescha,37
talpa,37
insatgi,37
termin,37
schizun,37
greina,37
dastgava,37
tiraun,37
cronologica,37
fetschia,37
pensaders,37
intervegnì,37
scha,37
misarogn,37
artigliaria,37
bumba,37
sestri,37
gama,37
dataziun,37
herculaneum,37
poras,37
shiva,37
soldanella,37
plauns,36
sfida,36
lavinas,36
savoia,36
possedeva,36
tactica,36
cuntegnida,36
affera,36
patì,36
participescha,36
serradas,36
devisas,36
sculpturas,36
tecnics,36
postala,36
menziunads,36
perscrutà,36
ballarait,36
feminina,36
censura,36
malsaun,36
surpassar,36
materials,36
omc,36
pretender,36
maurice,36
glâne,36
geologicas,36
piemunt,36
reviver,36
classicas,36
giurist,36
clemens,36
sbassa,36
franà,36
indizi,36
constatescha,36
colonna,36
etablidas,36
maritimas,36
gaulle,36
cusseglià,36
executiv,36
penetrar,36
vendì,36
structuraziun,36
brina,36
fernando,36
deutsches,36
hessen,36
daventava,36
intenziuns,36
pertutga,36
schopenhauer,36
dublin,36
crudar,36
elavuradas,36
vicendaivla,36
brasilian,36
digital,36
commonwealth,36
liverpool,36
paraids,36
armenia,36
lo,36
haag,36
spievel,36
deportaziuns,36
consultà,36
adressa,36
deserts,36
erectus,36
rose,36
steiner,36
maltais,36
marburg,36
umaun,36
attracziun,36
cumprenda,36
brasiliana,36
cancer,36
restrenschida,36
communistics,36
arma,36
drizzadas,36
neu,36
negin,36
filisur,36
aborigins,36
sfradentar,36
avanzadas,36
renaissance,36
aclaun,36
onda,36
schlumpf,36
riom,36
gieva,36
extraordinari,36
saviu,36
dets,36
impressiuns,36
cunquei,36
entschiet,36
venter,36
vinavon,36
persvasiun,36
language,36
spezialisadas,36
striegn,36
attica,36
jahrhunderts,36
vaccas,36
guelfs,36
char,36
dvantet,36
möd,36
avainas,36
chaglia,36
quercus,36
vishnu,36
culaischen,36
entstehung,35
parziala,35
muntagnard,35
mesauc,35
marcada,35
marcant,35
serps,35
tschintgavla,35
determinà,35
determinaziun,35
alliadas,35
revisiun,35
chaumas,35
respunder,35
prorut,35
directiva,35
tortura,35
muntagnarda,35
detagl,35
peking,35
palais,35
giacometti,35
florian,35
claude,35
cabinet,35
gimnastica,35
tir,35
medicinala,35
turnier,35
volker,35
victuras,35
succeder,35
donau,35
commembranza,35
partei,35
schneider,35
big,35
lateral,35
repartì,35
definiziuns,35
staufers,35
collaps,35
teoretichers,35
sculptura,35
inter,35
system,35
bibliotecas,35
justinian,35
sbassada,35
plazs,35
verdas,35
sanctuari,35
cumprovads,35
represchentativa,35
pakistan,35
ov,35
führer,35
entwicklung,35
newton,35
gidan,35
cuvels,35
reconquistar,35
manavan,35
dependent,35
precedentas,35
collegi,35
flaivla,35
potsdam,35
construids,35
drizzar,35
democratisaziun,35
sediments,35
annualas,35
corvs,35
integradas,35
emprest,35
manifestada,35
spartì,35
installaziun,35
pertutgadas,35
rutta,35
sortir,35
bad,35
industrialas,35
spezialisada,35
chaschunada,35
mat,35
basegnan,35
secessiun,35
iert,35
montesquieu,35
martels,35
rodaglias,35
manchester,35
conan,35
publitgads,35
sumeglientschas,35
optica,35
discurrivan,35
li,35
bozen,35
computers,35
separà,35
deliberar,35
study,35
usit,35
muntg,35
voul,35
otras,35
commerziant,35
regulara,35
helicopters,35
kapital,35
cugn,35
lucmagn,35
scolasts,35
baus,35
artifiziala,35
chants,35
teologica,35
ende,35
auza,35
banduna,35
arica,35
pil,35
protegida,35
road,35
paisan,35
argumentà,35
frühen,35
loghens,35
zernez,35
melbourne,35
bartga,35
dc,35
special,35
ves,35
fuva,35
ramosch,35
silvaplauna,35
ligia,35
adversaria,35
defensur,35
limitar,35
dieua,35
ouvra,35
filologia,35
matta,35
datoteca,35
pratitgar,35
artgists,35
enzatgei,35
auditiv,35
istoricher,35
giustifitgà,35
uspd,35
verticala,35
frasa,35
respostas,35
vulcanissem,35
sauma,35
quacras,35
dentadira,35
vibraziuns,35
spektrum,35
concret,35
adn,35
sanscrit,35
mg,35
negla,35
gibran,35
spescha,34
originar,34
marcheschan,34
precisamain,34
dependan,34
capricorn,34
extirpà,34
stentan,34
chantunalas,34
considereschan,34
uvestgieu,34
vicepresident,34
necessariamain,34
abolir,34
votaziuns,34
accident,34
sulets,34
glera,34
dollar,34
invenziuns,34
stephan,34
boicot,34
transportads,34
considerabla,34
graubünden,34
rezia,34
partenz,34
artigel,34
modesta,34
turisticas,34
integrala,34
ravenna,34
presidents,34
cults,34
scenari,34
chapella,34
nizza,34
relativa,34
vischina,34
solidaritad,34
finì,34
discurriva,34
inditgeschan,34
distingua,34
castiglia,34
prendan,34
filippinas,34
regularas,34
manuel,34
culminà,34
purtava,34
pèrs,34
giudim,34
reminent,34
intenziunada,34
supplementar,34
tenda,34
transferir,34
federativa,34
pnb,34
exequida,34
human,34
vitgira,34
gutenberg,34
urban,34
allgemeine,34
medaglias,34
chastis,34
ons,34
pol,34
stentads,34
flaivlezza,34
gudogna,34
prestà,34
solara,34
bbc,34
retegnair,34
parentà,34
stgaglias,34
deditgada,34
cuntegnids,34
guardar,34
nicht,34
channa,34
chapida,34
asiatics,34
envidà,34
medis,34
apparenta,34
heart,34
gorbatschow,34
cristiauna,34
ara,34
placi,34
tiran,34
pensà,34
limitadas,34
cader,34
descripziuns,34
his,34
marxistica,34
crititgescha,34
raziunala,34
unter,34
indirectamain,34
elevaziun,34
my,34
protegia,34
precedent,34
nos,34
fruntà,34
exequì,34
ordino,34
olimpica,34
maisa,34
ersten,34
vocals,34
landquart,34
donat,34
moran,34
drova,34
singles,34
kohlhammer,34
ovala,34
impediments,34
puniziun,34
eau,34
rebels,34
chruschtschow,34
vet,34
curaschi,34
armonia,34
condemnà,34
buob,34
stanza,34
emprenda,34
francona,34
identifitgà,34
prontezza,34
sgulant,34
ratuns,34
viking,34
adelbert,34
trieps,34
praschunia,34
consistenza,34
lenta,34
nossaduonna,34
now,34
beagle,34
pinus,34
castas,34
retina,34
ogns,34
millipes,34
nva,34
sorbus,34
habsburgaisa,33
fullà,33
dadora,33
principalmain,33
agricul,33
automaticamain,33
necessità,33
stabila,33
concreta,33
agì,33
mobilisaziun,33
marcar,33
delémont,33
maschadada,33
auzà,33
neutrals,33
neutral,33
federals,33
accessibel,33
assicuranzas,33
stretgs,33
terziar,33
agrar,33
agricula,33
branscha,33
taxas,33
iniziada,33
pedro,33
champester,33
participeschan,33
marcanta,33
tiara,33
slovens,33
slovac,33
ucranais,33
blessà,33
böhlau,33
italiana,33
non,33
geograficas,33
gambarogno,33
leventina,33
blanc,33
trentino,33
osmanica,33
empruvava,33
statut,33
archeologicas,33
luigi,33
linguists,33
eterna,33
linguist,33
pelegrinadi,33
refurmatur,33
pausa,33
pius,33
wissen,33
serrads,33
régime,33
auguste,33
acquist,33
negativ,33
materialias,33
charlotte,33
duevi,33
inquisiziun,33
red,33
manifestà,33
magnus,33
länder,33
insacura,33
segiramain,33
indemnisaziun,33
carolingica,33
anzi,33
filosofic,33
isolada,33
democrats,33
andetga,33
ghettos,33
ratas,33
hubert,33
fiction,33
nation,33
vaduz,33
drei,33
ambassadur,33
cumpagnias,33
alternativas,33
piunier,33
productivitad,33
ritmus,33
states,33
graschla,33
norvegiaisa,33
persecuziuns,33
uffizials,33
five,33
show,33
cia,33
namibia,33
motto,33
finalmain,33
englaisas,33
applicaziuns,33
grundlagen,33
taischs,33
historische,33
imperium,33
sesenta,33
expressiuns,33
test,33
dimena,33
benedetg,33
conquistaders,33
crests,33
collavuratur,33
reflexiun,33
feudalissem,33
existia,33
student,33
ver,33
cartas,33
passau,33
chapitani,33
serrar,33
locomotiva,33
settentriunal,33
descrittas,33
chemicas,33
runda,33
accusà,33
survegliar,33
nascher,33
fain,33
scriptura,33
biblica,33
ford,33
infurmà,33
pi,33
graun,33
trenament,33
interrumper,33
republika,33
haver,33
pertgei,33
berliner,33
descrits,33
suffrientscha,33
fontaunas,33
maglian,33
tests,33
quellen,33
udine,33
orizontala,33
persunalas,33
giavischs,33
lecco,33
species,33
fora,33
superpussanzas,33
antologia,33
divinitad,33
recolonisaziun,33
archäologie,33
maglia,33
trade,33
explicaziuns,33
augustinus,33
mittelalters,33
bin,33
karlmann,33
stimulaziuns,33
infoflora,33
gremis,32
originars,32
caracterisar,32
metropolas,32
collisiun,32
topografia,32
frequent,32
natura,32
divergeschan,32
beiva,32
alemans,32
centralistica,32
internads,32
cunvegnids,32
criminalitad,32
pensiun,32
curseschan,32
accessibels,32
utilisada,32
furment,32
venderdi,32
ecclesiastic,32
interpretaziuns,32
rotterdam,32
contemporan,32
toscana,32
davosas,32
rebatter,32
assedi,32
masculina,32
oriunds,32
severa,32
consentì,32
producids,32
fermezza,32
friul,32
curunà,32
dirigida,32
ferrari,32
chalzers,32
constructurs,32
primus,32
pèz,32
apaina,32
supposiziun,32
virginia,32
erigids,32
rollas,32
essais,32
algeria,32
giuditgà,32
sancziuns,32
ancien,32
invasurs,32
derivar,32
cotgla,32
biomassa,32
apparientscha,32
fans,32
dividan,32
stentada,32
pleistocen,32
raunas,32
chalà,32
cumpogns,32
extremamain,32
angela,32
stabilir,32
arendt,32
last,32
caspar,32
kulturgeschichte,32
frestg,32
aderent,32
bielefeld,32
deportà,32
bilingua,32
engraziar,32
gievan,32
são,32
oslo,32
stimuls,32
sociologia,32
veritabel,32
expectoraziuns,32
disa,32
agescha,32
end,32
folk,32
who,32
one,32
bob,32
accessibla,32
party,32
anti,32
delegaziun,32
demografica,32
examen,32
haun,32
aunz,32
lada,32
zagreb,32
sainza,32
gniva,32
entirs,32
capità,32
intervista,32
translatur,32
giuridicas,32
fatschentà,32
manegia,32
concretas,32
prefaziun,32
cumprà,32
commemorativ,32
litterars,32
viii,32
chavas,32
ou,32
probabilitad,32
bursalins,32
applitgadas,32
menziunadas,32
ng,32
fögl,32
pigniu,32
dateschan,32
arbiter,32
surpraisa,32
paterna,32
slav,32
pren,32
siemi,32
concrets,32
ga,32
priu,32
ebraic,32
cumina,32
joannes,32
pseudonim,32
linné,32
palp,32
panthera,32
muniziun,32
liricas,32
offert,32
champiunedi,32
himmler,32
eg,32
fbi,32
impustüt,32
luziet,32
studies,32
bord,32
kugler,32
salesch,32
creada,31
trin,31
chantunal,31
abitads,31
ruiders,31
decenni,31
faschistica,31
conquistads,31
recepida,31
contemporana,31
domicil,31
guglielm,31
penal,31
tubac,31
mandats,31
cumponer,31
accessiblas,31
tartuffels,31
organisescha,31
rangaziun,31
lubeschan,31
erigidas,31
bajegiar,31
giun,31
cup,31
umid,31
annectà,31
brenner,31
venezuela,31
valencia,31
raetia,31
gelgia,31
metropolitana,31
victur,31
rugby,31
stuess,31
sminuziun,31
perspectivas,31
tunesia,31
suramaun,31
visigots,31
roialitad,31
reparaziun,31
cesura,31
importà,31
regenerablas,31
quell,31
vor,31
gibraltar,31
umidas,31
pegiurada,31
sustegnids,31
favurisà,31
diriger,31
assassinads,31
mintgina,31
tranteren,31
modernisaziun,31
jena,31
renania,31
sbassà,31
instituts,31
perscrutar,31
intercurì,31
focus,31
axel,31
disposiziuns,31
legitimar,31
realisescha,31
cumplessivas,31
giuridic,31
malcuntentientscha,31
isolà,31
brama,31
carolina,31
island,31
strivla,31
gudogns,31
benjamin,31
east,31
college,31
times,31
spezarias,31
rolf,31
destituì,31
confruntà,31
ideologica,31
assimilaziun,31
bancnotas,31
informaziun,31
sidafricana,31
nelson,31
decisivs,31
transfurma,31
intercurir,31
gnir,31
library,31
vilnius,31
gidanters,31
plessur,31
bloccà,31
perencunter,31
uneschan,31
tgirallas,31
enorma,31
natala,31
plimas,31
referats,31
alienaziun,31
siemis,31
marxismus,31
biografias,31
cumplet,31
fotos,31
correct,31
collegas,31
blessuras,31
tradiment,31
episoda,31
rintg,31
prominents,31
bush,31
perdan,31
strias,31
fils,31
fis,31
scossas,31
teams,31
mancava,31
restampa,31
exacta,31
theologie,31
catalans,31
andere,31
decis,31
sidretg,31
tinizong,31
alvaschagn,31
mattatscha,31
silla,31
surnum,31
currider,31
criv,31
traducziun,31
pionier,31
vess,31
gnervs,31
paradis,31
libri,31
garanzia,31
pussaivels,31
halter,31
spital,31
babs,31
collectiv,31
genom,31
differenziadas,31
ginaiver,31
differenziada,31
giz,31
intuorn,31
examinaziuns,31
probst,31
serbas,31
quintas,31
lavagna,31
widerstand,31
coppa,31
seldschucs,31
quartets,31
anemona,31
scheunen,31
rg,30
dividids,30
attribueschan,30
giaglina,30
eruì,30
sri,30
tempels,30
confess,30
mediaziun,30
giudì,30
diminuida,30
renovaziun,30
bezirk,30
tgirar,30
persunals,30
convenziuns,30
splega,30
tracziun,30
spartas,30
luxus,30
giasts,30
producida,30
chaschiel,30
fonds,30
precursurs,30
unescha,30
sportists,30
metternich,30
retratgas,30
moderada,30
osce,30
strauss,30
bibliographie,30
stgaffida,30
pretendan,30
departaments,30
chanzlia,30
enorm,30
zurzach,30
ascona,30
blenio,30
predominanta,30
conquistada,30
totalmain,30
tiberius,30
termas,30
furniziuns,30
sesida,30
palazzo,30
epidemias,30
schisma,30
supprimer,30
apollo,30
bandischà,30
merovings,30
ruhr,30
attentats,30
transfer,30
cuvrir,30
edgar,30
pays,30
galizia,30
lev,30
franconia,30
attribuziun,30
generalitad,30
slavas,30
sentenziads,30
restantas,30
spetgà,30
fukushima,30
mark,30
kiel,30
norbert,30
orientava,30
spiegel,30
artistic,30
dumont,30
favuraivla,30
postal,30
invista,30
liadas,30
decisivamain,30
sajettads,30
shakespeare,30
paulo,30
scandinava,30
irlandaisa,30
crida,30
retratgs,30
sbassar,30
cumedia,30
artisticas,30
wimbledon,30
cardientscha,30
proprietaris,30
ton,30
zwei,30
tractadas,30
viceversa,30
tschinta,30
extendidas,30
reagescha,30
renumnà,30
candidats,30
existent,30
bgeras,30
eiran,30
laponia,30
kiev,30
polac,30
uschespert,30
externa,30
chr,30
sumvitg,30
siglir,30
arriv,30
cunfina,30
tropics,30
correspunder,30
schlegel,30
profit,30
teoretic,30
derivia,30
digitalisat,30
dokumente,30
sammlung,30
schwarze,30
auzadas,30
muster,30
pèra,30
admiral,30
passadi,30
gir,30
rum,30
sintoms,30
egn,30
fabricas,30
saida,30
suatientscha,30
caussas,30
luven,30
pledari,30
dicziunari,30
derschader,30
pronta,30
turnar,30
moesa,30
biala,30
munt,30
cumbinaziuns,30
maximalas,30
baras,30
avuost,30
senns,30
ordinar,30
vol,30
identifitgar,30
evelyn,30
liturgia,30
larvas,30
avran,30
ballapè,30
paster,30
divinitads,30
piemont,30
vasco,30
mahayana,30
persiana,30
curriers,30
eyjafjallajökull,30
ibrids,30
impollinaziun,30
hob,30
puschlà,30
geografics,29
designaziun,29
autamain,29
andas,29
frequentas,29
surdat,29
votants,29
research,29
chantunals,29
vorarlberg,29
ostrofrancon,29
privilegi,29
decretà,29
custà,29
socialdemocratica,29
traversar,29
elavurada,29
basegna,29
group,29
directs,29
prevala,29
elavurads,29
contribuescha,29
concerns,29
anglosaxons,29
festivà,29
jeremias,29
provegnientscha,29
österreich,29
tschecs,29
entrads,29
piano,29
oskar,29
constructur,29
italiano,29
sul,29
parallelas,29
fo,29
norman,29
cuminaivel,29
pesch,29
plipart,29
conceda,29
battista,29
enrico,29
classics,29
siegfried,29
cumpigliavan,29
conceder,29
visibel,29
stalingrad,29
daventia,29
musicalas,29
magonza,29
monde,29
robespierre,29
tegnidas,29
entretschaments,29
difficila,29
novellas,29
gustave,29
liom,29
carlos,29
joan,29
proruttas,29
referiva,29
terrester,29
holstein,29
watt,29
derasan,29
budistica,29
ers,29
extremas,29
sudetas,29
fixaziun,29
rudent,29
decidan,29
investiziun,29
nudà,29
medium,29
emil,29
benz,29
populada,29
tegnan,29
influenzads,29
finanzialmain,29
au,29
mitigiar,29
ruth,29
curtaisa,29
wales,29
alba,29
vulcanica,29
free,29
rex,29
bay,29
conservà,29
palace,29
ira,29
ivur,29
willem,29
bundeszentrale,29
idée,29
info,29
utilisaders,29
communitgar,29
resistent,29
transmetter,29
sensibel,29
ecosistems,29
chaglias,29
pastg,29
consequenta,29
diplomatica,29
chava,29
liters,29
colonnas,29
september,29
kaiser,29
schema,29
tallinn,29
divisiuns,29
quadrels,29
svelta,29
fraissens,29
vasal,29
romania,29
ronald,29
nationalismus,29
quater,29
negativas,29
fugì,29
demissiun,29
commemoraziun,29
sankt,29
interessà,29
regurdientschas,29
mlwerke,29
forschung,29
casualitad,29
bell,29
chanuns,29
illuminaziun,29
lavin,29
restrenscher,29
vegneva,29
rudè,29
nuschaivels,29
indian,29
ponte,29
guido,29
baul,29
urgell,29
reverenda,29
tuna,29
scribent,29
selva,29
saiv,29
surengiu,29
giugada,29
attatgaders,29
durar,29
dinastias,29
inschigner,29
rintgs,29
correcta,29
influenzescha,29
gritta,29
chauras,29
intacta,29
turich,29
quela,29
cumonds,29
raquent,29
damonda,29
persuls,29
dialogs,29
uorden,29
stone,29
spierts,29
retrospectiva,29
sinoda,29
deditgar,29
argumentaziun,29
electurat,29
empau,29
fanestra,29
nies,29
faiva,29
benno,29
encyclopedia,29
uffiziants,29
drizzads,29
cuvrida,29
moleculara,29
biologie,29
telpi,29
bau,29
magnetic,29
dharma,29
barth,29
barents,29
tschilendra,29
pompeji,29
cuminaivla,28
winterthur,28
sutsilvania,28
inaugurà,28
affluents,28
reservat,28
col,28
svanids,28
tschiervs,28
evla,28
periclitads,28
determinar,28
maschadadas,28
colonisads,28
tredesch,28
zwingli,28
culps,28
violents,28
traversà,28
kopp,28
inferiuras,28
culminar,28
obligatorica,28
crititgada,28
percurrì,28
airways,28
mastergn,28
telefonia,28
mobila,28
plaina,28
tschernì,28
patrick,28
tgirada,28
giubileum,28
anfängen,28
wien,28
cust,28
assassinat,28
preschentava,28
obligada,28
involvidas,28
puerto,28
settavel,28
nuschs,28
raron,28
vallemaggia,28
legums,28
corsica,28
concern,28
viv,28
refusada,28
galarias,28
pisa,28
nobla,28
tschiffa,28
umida,28
seculara,28
temeva,28
theiss,28
giascheva,28
polacs,28
centre,28
academica,28
spartids,28
ughenots,28
revocà,28
abatter,28
verdun,28
dumagnà,28
autoritar,28
ph,28
illimitada,28
trend,28
legiun,28
frankreich,28
maurs,28
anarchists,28
orientadas,28
luis,28
perdurà,28
adjectiv,28
schliads,28
surprendentamain,28
mannheim,28
svevia,28
spirituala,28
worms,28
ludendorff,28
travers,28
concluder,28
allontanar,28
cumissiuns,28
idealissem,28
tokio,28
inditgar,28
domiciliads,28
antisemitissem,28
obligatoric,28
ceder,28
dieschmillis,28
reguards,28
klett,28
studegia,28
sbartgada,28
excluder,28
simpels,28
effizienza,28
quintar,28
staziunadas,28
inferiurs,28
scott,28
anthony,28
melodia,28
blues,28
purtrets,28
format,28
communitgà,28
passada,28
corporala,28
cumpensar,28
occupants,28
suffizientamain,28
ali,28
transportà,28
funcziunescha,28
screts,28
carstgauns,28
fina,28
noda,28
guvernamentala,28
individualas,28
indica,28
caspica,28
volga,28
chalira,28
millennis,28
bucarest,28
musik,28
abus,28
visiblas,28
passads,28
bessarabia,28
setracta,28
siadora,28
spleia,28
selvadias,28
prezius,28
effectuescha,28
moralas,28
criticher,28
valità,28
liebknecht,28
michail,28
metabolissem,28
autonom,28
wissenschaften,28
ihr,28
untersuchungen,28
cuvel,28
turistic,28
til,28
bartgas,28
ordinada,28
linard,28
entgins,28
first,28
solitaria,28
toxic,28
launa,28
tschaina,28
mao,28
dazis,28
iris,28
publitgescha,28
cultivà,28
schi,28
anflau,28
cumbel,28
savess,28
carigiet,28
villars,28
empruvar,28
terminologia,28
parentads,28
segments,28
melnenta,28
prescripziuns,28
franar,28
trachia,28
taliaun,28
cumanzet,28
numnadamein,28
raquintau,28
meins,28
reparter,28
sondrio,28
spiertalas,28
cuntraria,28
vesevan,28
consideradas,28
amia,28
supponida,28
passentan,28
michele,28
luregn,28
viamala,28
komödie,28
mainz,28
sie,28
alternanta,28
acids,28
suita,28
gula,28
batschigls,28
excrements,28
parasits,28
rascha,28
casablanca,28
preditgant,28
analas,28
squedra,28
reschims,28
ridischoras,28
einhard,28
nectar,28
concepción,28
somma,28
madiran,28
domitian,28
sensibilitad,28
stamins,28
collecturs,28
kinski,28
ulmus,28
litra,28
accentueschan,27
vicendaivel,27
brissago,27
extendan,27
palmas,27
inventari,27
quotas,27
fevra,27
communalas,27
reglar,27
surlaschà,27
paleolitic,27
raurica,27
wittelsbach,27
calvin,27
partiziuns,27
segirs,27
report,27
avra,27
chemia,27
hotels,27
nossadunna,27
municipala,27
purila,27
meritan,27
mani,27
matter,27
has,27
festivals,27
prix,27
nature,27
cuppa,27
aleman,27
ideologics,27
slovacs,27
giaudan,27
tematisescha,27
timor,27
stussavgia,27
otgavel,27
léman,27
vevey,27
visp,27
register,27
clandestina,27
combustibels,27
importadas,27
clients,27
monteverdi,27
delle,27
maximum,27
civilas,27
romanum,27
interrupziuns,27
secularisaziun,27
labor,27
lubientscha,27
île,27
marseille,27
toulouse,27
coc,27
frequentar,27
discurridas,27
crair,27
caos,27
examinaziun,27
elegia,27
sumegliants,27
investì,27
corc,27
extrems,27
spargn,27
list,27
svanì,27
abitavan,27
teologicas,27
manglusa,27
codex,27
protest,27
multifara,27
cunfineschan,27
recreaziun,27
miaivel,27
puma,27
culegnas,27
company,27
objectiva,27
prioritad,27
frequenzas,27
repartan,27
nordica,27
orienteschan,27
bratschs,27
bill,27
misteri,27
westminster,27
rempar,27
potenziala,27
cundecisiun,27
opziun,27
reinhold,27
vulev,27
terminadas,27
dischavantatgs,27
anfla,27
mortoris,27
currents,27
rosas,27
chargias,27
concentrà,27
zeitgeschichte,27
visual,27
bratscha,27
habitonts,27
hartmann,27
darcho,27
sperava,27
proceduras,27
sacral,27
ritter,27
story,27
distribuziun,27
emancipaziun,27
ernest,27
lima,27
mulin,27
chara,27
dirigì,27
scossa,27
muslima,27
macht,27
globalisierung,27
terrassa,27
weisse,27
lungatgs,27
sous,27
postulà,27
australians,27
formular,27
franklin,27
udì,27
occasiun,27
columba,27
collega,27
superiuradad,27
empruvavan,27
empè,27
remartgas,27
significaziun,27
oceanica,27
armens,27
reto,27
luvrar,27
mobein,27
stau,27
annuals,27
verb,27
wolff,27
antenats,27
accords,27
sonatas,27
cumpassiun,27
teoreticas,27
approfundar,27
eberhard,27
catscha,27
barun,27
mantogna,27
profunds,27
professur,27
vouta,27
routledge,27
obedientscha,27
vaniescha,27
gentiana,27
nuschegl,27
cornas,27
chavallaria,27
evolution,27
cotschnenta,27
surventscher,27
svess,27
stupan,27
bastun,27
glitta,27
fet,27
giavel,27
buddhismus,27
religionen,27
malegià,27
contemplaziun,27
rassismus,27
barla,27
perpeten,27
brahman,27
plants,27
viet,27
tessì,27
schuchardt,27
clinica,27
kelten,27
filmar,27
spegnas,27
fogg,27
gaudenz,26
prealps,26
designadas,26
chauds,26
procentuala,26
separads,26
patruns,26
cussegliers,26
conferenzas,26
prevenziun,26
survegnan,26
lads,26
severas,26
conducts,26
taiwan,26
segira,26
zürcher,26
stampada,26
influenzadas,26
architectonics,26
voltaire,26
boom,26
transitorica,26
dominant,26
activists,26
vertenta,26
rainer,26
avras,26
numn,26
pietro,26
reflectescha,26
sutdivididas,26
zuppada,26
ritgezzas,26
industrialisads,26
cumpareglia,26
istorichers,26
papas,26
purschevan,26
abitada,26
existenta,26
piazza,26
archeologica,26
alle,26
haus,26
migraziuns,26
racoltas,26
consul,26
decisivas,26
plaivs,26
furnitur,26
importads,26
marcel,26
piramida,26
denis,26
wilfried,26
cultivads,26
sesents,26
tendida,26
francke,26
formulaziun,26
protectur,26
bulla,26
resortids,26
repressiun,26
concernent,26
votà,26
cracovia,26
sisavla,26
secundaras,26
resortir,26
negativs,26
development,26
claustrala,26
frida,26
studios,26
diplom,26
involvì,26
missiuns,26
pneus,26
proximas,26
philip,26
torre,26
pasturs,26
angola,26
engl,26
nutrir,26
sparpagliada,26
catastrofas,26
ris,26
invasiuns,26
dramas,26
elizabeth,26
dylan,26
christopher,26
accumpagnada,26
williams,26
queen,26
fanestras,26
tecnologic,26
lee,26
actualisada,26
escalaziun,26
conchiglias,26
kenia,26
stabla,26
radicals,26
stausch,26
eguala,26
tschentan,26
tabella,26
cumplettar,26
novitad,26
legia,26
savanna,26
bostgaglia,26
nomads,26
bainstanta,26
furniziun,26
western,26
vo,26
süd,26
detta,26
egna,26
orizont,26
sofia,26
procuran,26
posteriura,26
filosofics,26
valachia,26
transfurmads,26
radicalas,26
zukunft,26
efficacitad,26
dultscha,26
intermediaziun,26
purificaziun,26
emanuel,26
hegelians,26
postum,26
interacziun,26
lavurant,26
effectueschan,26
zuppentar,26
mew,26
bürgerkrieg,26
verlagsanstalt,26
languages,26
winfried,26
talent,26
sforzs,26
percepì,26
ambiziuns,26
ungaraisas,26
monarcs,26
nunspetgadamain,26
hill,26
flurescha,26
reals,26
cd,26
cuors,26
cumandants,26
liquid,26
nicolaus,26
umanissem,26
dun,26
illustrà,26
luna,26
hannibal,26
pretaisa,26
tg,26
pista,26
pintga,26
tersnaus,26
naschius,26
surrein,26
soluziun,26
nunsuccess,26
annada,26
sulla,26
engadiner,26
poppa,26
mezdi,26
tuorna,26
amitg,26
parallela,26
pretendevan,26
cuntramoviment,26
ritus,26
represchentava,26
giustificaziun,26
accentuar,26
execuziuns,26
mengia,26
dolur,26
evel,26
sencha,26
copia,26
mehrsprachigkeit,26
tractats,26
dent,26
vegniss,26
corns,26
botanica,26
tonala,26
pailusa,26
habitats,26
squamas,26
proteins,26
vulpes,26
brentano,26
genova,26
cristal,26
ecologics,26
organic,26
conservar,26
laics,26
min,26
poleis,26
flurina,26
th,26
tagebuch,26
retorica,26
scuntrà,26
gottes,26
reinen,26
smartphones,26
darkness,26
cafein,26
kleiman,26
pfeffer,26
gross,25
svizzera,25
abreviaziun,25
demografia,25
immensas,25
limmat,25
fraidas,25
stgirs,25
regulaziuns,25
macedons,25
finanzià,25
incorporà,25
proruts,25
eventuala,25
tell,25
engirament,25
conspiraziun,25
refusar,25
impundì,25
ps,25
garantescha,25
annunziar,25
coordinaziun,25
mesirà,25
grafica,25
ascensiun,25
glindesdi,25
spaisas,25
atelier,25
distincziun,25
cumplexas,25
stars,25
montreux,25
quarts,25
suttetg,25
tranterguerras,25
barbarossa,25
flaivlentada,25
ödön,25
jugendstil,25
erwin,25
freud,25
book,25
florida,25
signuradi,25
arosa,25
bernardin,25
zofingen,25
triest,25
livign,25
senaturs,25
libia,25
scleriment,25
marmel,25
furnescha,25
svieuta,25
villas,25
artgs,25
anatomia,25
roberto,25
große,25
apostolica,25
etrusc,25
nero,25
privà,25
ghetto,25
purtavan,25
stuart,25
salas,25
famusas,25
viagiaturs,25
tempo,25
commentà,25
maxima,25
stedi,25
normandia,25
tschientmillis,25
cupitgà,25
instituì,25
decrets,25
nominescha,25
gestiun,25
schoc,25
express,25
merita,25
émile,25
tematisà,25
protagonists,25
emprendan,25
agentura,25
restanta,25
usitads,25
country,25
indicatur,25
parlamentar,25
pomarania,25
idrografic,25
maschadà,25
moderà,25
forestala,25
illuministic,25
resalva,25
passiv,25
cumissari,25
fronts,25
conclus,25
turinga,25
instrucziuns,25
inegualitad,25
epidemia,25
renumà,25
goslar,25
gulivaziun,25
ereditar,25
conservativas,25
previsa,25
nassau,25
feud,25
beltga,25
parola,25
separadamain,25
adequata,25
filialas,25
nunguvernamentalas,25
pogroms,25
vulgar,25
califat,25
agents,25
dultsch,25
england,25
exactamain,25
sams,25
edinburgh,25
ben,25
inundaziuns,25
cipriots,25
council,25
fortezzas,25
abbey,25
army,25
rempars,25
interim,25
suprastanza,25
renovada,25
faschistic,25
exaimpel,25
tschun,25
proveder,25
pachets,25
river,25
chatschads,25
nairas,25
ordinaria,25
areals,25
mobilisar,25
tardivas,25
canon,25
marz,25
nil,25
herodot,25
transnistria,25
bosporus,25
tircas,25
largezza,25
sabine,25
rein,25
significha,25
penetrà,25
federaziuns,25
prova,25
fava,25
edir,25
materialas,25
cità,25
menschen,25
veterans,25
power,25
green,25
quants,25
anarchissem,25
herrschaft,25
cumün,25
navigà,25
scripziun,25
voivodat,25
controllads,25
regivan,25
stampar,25
cuolm,25
durmir,25
prefectura,25
duvravan,25
otezza,25
exact,25
taimp,25
pitasch,25
bunamein,25
ruschein,25
caplutta,25
aigle,25
antennas,25
vischnancha,25
islamics,25
exemplar,25
casas,25
tgau,25
entaupa,25
tec,25
evitescha,25
pols,25
explitgà,25
contemporanas,25
zuppadas,25
liebe,25
schlattainas,25
apparientschas,25
vardads,25
jochen,25
lontan,25
bayern,25
enta,25
cumanzamaint,25
baum,25
drg,25
cuntradicziuns,25
uraziun,25
collavurar,25
gnif,25
respiraziun,25
mucosa,25
trategnan,25
narrativa,25
parentada,25
tet,25
mincha,25
chatsch,25
descrivan,25
signun,25
societed,25
palazi,25
sentiva,25
atterrament,25
orbit,25
equator,25
semester,25
potala,25
organicas,25
coran,25
wuppertal,25
armon,25
tancs,25
eticas,25
kilos,25
hetits,25
avieuls,25
morse,25
papillas,25
margarittina,25
coppola,25
opekta,25
cussadents,25
decurtins,24
caracterisada,24
constituida,24
revedida,24
doubs,24
nanina,24
descendenza,24
lanka,24
clau,24
absolutistic,24
legendar,24
cassa,24
promovida,24
emprendissadi,24
abitadas,24
eroports,24
engadin,24
fr,24
subvenziuns,24
gigants,24
liberalisaziun,24
vivas,24
medievalas,24
young,24
amaturs,24
sesidas,24
ihrer,24
variada,24
mumia,24
cumplainamain,24
excepziunalmain,24
electorala,24
udo,24
kurze,24
panama,24
preistoric,24
andermatt,24
archipel,24
maridaglia,24
fitgar,24
lira,24
observaturs,24
litterats,24
panorama,24
tv,24
sclerida,24
refusava,24
chattads,24
calculà,24
danunder,24
sblundregiadas,24
communa,24
secular,24
parita,24
papal,24
bumbardaders,24
extendeva,24
repartids,24
illuminà,24
fai,24
surstar,24
operà,24
sinfonias,24
academias,24
administraziuns,24
halle,24
associads,24
protestantas,24
dismess,24
remplazzads,24
installada,24
economs,24
nationale,24
cupitgar,24
cardinal,24
fluctuaziuns,24
deposit,24
braque,24
reservada,24
erik,24
precursur,24
alan,24
diminuescha,24
engrevgià,24
agrars,24
diego,24
sfidas,24
rassistica,24
stgatschada,24
referì,24
sasezzas,24
malamain,24
bundestag,24
massivas,24
conjunctura,24
schröder,24
manifestaziuns,24
software,24
satellits,24
neues,24
associà,24
polara,24
restricziun,24
substitut,24
organissem,24
numers,24
orange,24
sinn,24
retira,24
libanon,24
birkenau,24
gesuits,24
tschiffads,24
northern,24
temsa,24
nigeria,24
trategna,24
tgunschamain,24
school,24
commerzials,24
spada,24
parter,24
nepal,24
renunzia,24
theo,24
sea,24
sminuida,24
altar,24
oswald,24
einen,24
sperta,24
christine,24
relativ,24
burs,24
melnas,24
substituziun,24
saivs,24
deditgescha,24
chas,24
auncha,24
google,24
cuntin,24
futuras,24
sferas,24
supprimì,24
mesiran,24
arder,24
nia,24
rumenas,24
victorisar,24
recumpensa,24
returnada,24
angeles,24
seit,24
giudiziala,24
pesta,24
emblidanza,24
puril,24
nuclears,24
augustin,24
agriculas,24
remartgabel,24
ursula,24
schöningh,24
osnabrück,24
resguardava,24
professura,24
familie,24
interpretescha,24
feudala,24
meiner,24
mayer,24
mensch,24
jahrbuch,24
texte,24
motivaziun,24
leonhard,24
finas,24
stgaffescha,24
natural,24
meditaziun,24
cicero,24
persvas,24
ilanz,24
davo,24
qui,24
aissa,24
vivents,24
hollywood,24
elevà,24
beat,24
tresa,24
discharmament,24
frauen,24
femna,24
erste,24
donaziun,24
jauer,24
schlarigna,24
publicist,24
farera,24
vign,24
otra,24
spustada,24
biaras,24
culissa,24
camuns,24
years,24
masculin,24
braunschweig,24
divergenzas,24
differenziesch,24
histoire,24
flaivel,24
cuoira,24
dit,24
dolomitan,24
sappi,24
amitga,24
miedi,24
engrondir,24
furmian,24
wealth,24
citats,24
demonstrar,24
copulaziun,24
frain,24
trer,24
perina,24
schar,24
entginas,24
benedicziun,24
grazcha,24
alten,24
romantic,24
francons,24
münchner,24
levanta,24
centralissem,24
classifitgar,24
sortan,24
feminins,24
tastas,24
islandaisa,24
ultimatum,24
magun,24
disturbi,24
examinar,24
nanins,24
space,24
guerrils,24
supplitgà,24
vevan,24
profets,24
merens,24
interlingua,24
teba,24
lantschetta,24
dianthus,24
zuckermann,24
marlow,24
aspectativas,23
granit,23
visibla,23
summas,23
svanidas,23
prada,23
biosfera,23
murten,23
corporaziun,23
sedias,23
sion,23
terras,23
dependentas,23
simbolisescha,23
concordanza,23
keller,23
derschaders,23
pld,23
pumpiers,23
agno,23
abitant,23
motorisà,23
accumulaziun,23
surregiunala,23
srf,23
pieder,23
cumbinà,23
song,23
melodias,23
tirolais,23
primaras,23
rote,23
stiria,23
pannonica,23
linz,23
purils,23
privilegiada,23
concurrent,23
prescrit,23
veritabla,23
repartidas,23
meyrink,23
lorenz,23
rico,23
caracterisà,23
ault,23
cumparegliablas,23
aifer,23
occitan,23
decleran,23
registrads,23
magna,23
vittorio,23
uno,23
ventira,23
capitol,23
diocletian,23
basilica,23
interrutta,23
allontanà,23
xii,23
fulla,23
conservaziun,23
curia,23
destruidas,23
bangladesch,23
sepulids,23
te,23
reihe,23
xi,23
aquitania,23
prevesa,23
surpigliada,23
raubas,23
illuminists,23
structurada,23
miaivels,23
ludras,23
abolida,23
granada,23
battegiar,23
castro,23
spectacul,23
basavan,23
spartidas,23
posen,23
maas,23
fins,23
nordamerican,23
naschidas,23
fixs,23
fris,23
slava,23
sanguinusa,23
imperii,23
engrondì,23
concentrar,23
goebbels,23
fidaivladad,23
globalas,23
simpatia,23
entran,23
tribunals,23
br,23
collavurà,23
favuraivlas,23
atrocitads,23
problematic,23
opladen,23
proclamada,23
socialistics,23
hawai,23
massivs,23
cascadas,23
arctic,23
luterana,23
pestgaders,23
pustet,23
subcontinent,23
churchill,23
genesis,23
allen,23
miglias,23
penala,23
maisters,23
aclauns,23
società,23
suentermezdi,23
capacitads,23
reagir,23
designeschan,23
purtader,23
tematics,23
fabricaziun,23
flaivels,23
güdevs,23
hozindi,23
inău,23
forschungen,23
cuntents,23
ortodoxas,23
gallaria,23
preschentadas,23
giugava,23
superstiziun,23
trias,23
reservà,23
camera,23
supplementaras,23
circumdescha,23
balkan,23
raquintan,23
ursera,23
biologic,23
tropas,23
resultadas,23
taglià,23
ladim,23
inschign,23
protagonist,23
philosophische,23
dovria,23
reproducir,23
faussa,23
versuch,23
chronik,23
warum,23
excursiuns,23
curriders,23
capsla,23
concepida,23
roials,23
bandieras,23
occupescha,23
vrin,23
edmund,23
murray,23
differentamain,23
polis,23
nunpussaivel,23
id,23
fermar,23
cumpignia,23
dans,23
probabla,23
mazzacras,23
loialitad,23
extraordinarias,23
champions,23
pegn,23
taylor,23
nata,23
türkei,23
rolle,23
turnà,23
valladers,23
cla,23
biert,23
raquintà,23
maiavilla,23
parsonz,23
schon,23
ainten,23
gadas,23
peiden,23
giugadurs,23
ballas,23
defenda,23
martè,23
schlantsch,23
best,23
are,23
anonima,23
chablais,23
indicaturs,23
algas,23
ova,23
rumpa,23
albanaisa,23
accumpagnar,23
daiva,23
absolvì,23
mirar,23
clar,23
stilistics,23
mei,23
principi,23
sabientscha,23
percepziuns,23
strategias,23
individuals,23
determinaziuns,23
winkler,23
auditivs,23
ab,23
laden,23
schlatta,23
emplenì,23
differenziava,23
frizzas,23
fragment,23
avats,23
lumbarda,23
fossilas,23
pirats,23
guliva,23
satiglia,23
quità,23
römischen,23
quêl,23
missa,23
violaziun,23
fmi,23
dastgavan,23
guadagnet,23
televisiva,23
montgomery,23
ddr,23
giuanna,23
aduraziun,23
schelling,23
ido,23
stalinissem,23
infra,23
tschinquaisma,23
telegraf,23
catalunya,23
micenica,23
moll,23
hepburn,23
transcendentala,23
brumbel,23
pendus,23
cortex,23
tasta,23
apple,23
charpin,23
prinsengracht,23
apocalypse,23
spazitemp,23
dafna,23
gyatsho,23
cumins,22
socio,22
linguisticamain,22
lareschs,22
patir,22
pizza,22
tschess,22
protegidas,22
structurals,22
colonisada,22
martigny,22
vestfalica,22
consolidà,22
milissa,22
iniziativas,22
repartida,22
funcziunala,22
represchentanzas,22
professiunals,22
cumpeta,22
ai,22
viandar,22
singapur,22
glivra,22
cubic,22
spezialitads,22
architectonica,22
organica,22
travs,22
ritgamain,22
premiera,22
egli,22
anglosaxon,22
costums,22
permanentas,22
diplomazia,22
restituì,22
chattada,22
gots,22
consideravan,22
sloven,22
sconfittas,22
petiziun,22
generescha,22
continentalas,22
professiunalas,22
endrizzads,22
football,22
somalia,22
permanents,22
relascha,22
andeer,22
mancavan,22
presidenta,22
partids,22
richter,22
emilia,22
particularmain,22
budists,22
prosperitad,22
investitura,22
scandal,22
silvio,22
classicissem,22
romanica,22
giacomo,22
alighieri,22
machiavelli,22
inventader,22
farina,22
pastur,22
lucius,22
pelegrins,22
insuffizienta,22
scuntra,22
extendids,22
sculptur,22
cuntrarefurma,22
irradiaziun,22
nuclearas,22
prevalan,22
determinescha,22
giudaica,22
seculars,22
relaschadas,22
renault,22
defineschan,22
ville,22
resultads,22
grips,22
mallorca,22
sierra,22
endemicas,22
brins,22
aragon,22
endrizzada,22
legislativ,22
idraulicas,22
relicts,22
essenzials,22
vormärz,22
scuntrads,22
brischar,22
nunagressiun,22
willy,22
enclegientscha,22
accelerar,22
subjects,22
calculaziuns,22
bajegiada,22
sacrala,22
scumandadas,22
nina,22
gold,22
jens,22
hanser,22
favugn,22
naziunalitads,22
super,22
quints,22
fritgaivel,22
mortal,22
cautschuc,22
ensemble,22
voyage,22
cuntrapais,22
bd,22
madeira,22
fritgaivla,22
vulcanic,22
padua,22
polar,22
mistgels,22
tundra,22
sutmarin,22
mountains,22
variabla,22
emblidar,22
frederick,22
english,22
brian,22
bumbardament,22
moralmain,22
rick,22
disfavur,22
prolungaziun,22
surprendì,22
funcziuna,22
conduct,22
translatar,22
passiva,22
chapellinas,22
povras,22
decleraziuns,22
people,22
unilaterala,22
quistas,22
tirana,22
reykjavík,22
douglas,22
recht,22
letton,22
ierts,22
lettons,22
estons,22
discutar,22
sgola,22
intelligenza,22
evaluaziun,22
bar,22
sta,22
occidentalas,22
revegnir,22
stgazis,22
profundamain,22
generar,22
buenos,22
mangola,22
cumparegliabels,22
scuverts,22
battidas,22
preferenza,22
milliarda,22
concentrada,22
elias,22
louise,22
restituir,22
marxists,22
utopia,22
lebens,22
erhard,22
publishing,22
ralf,22
beitrag,22
fort,22
fascinaziun,22
passenta,22
numnavan,22
frestgs,22
muria,22
adams,22
palantschieu,22
interiura,22
sultan,22
legitimitad,22
bodin,22
serias,22
cunvegnir,22
cuzzà,22
tolerà,22
ltd,22
reliev,22
chatschader,22
teil,22
ignorà,22
vestgì,22
pedagogia,22
disc,22
senatur,22
roten,22
fall,22
isanzas,22
tschlin,22
murmarera,22
cumegn,22
traversas,22
clostra,22
lumbrein,22
plaid,22
actas,22
saphorin,22
villeneuve,22
attatgader,22
pratitgada,22
succedidas,22
serius,22
weltgeschichte,22
augmentan,22
passo,22
contra,22
intragna,22
alto,22
bindel,22
guardà,22
soviets,22
unserer,22
flad,22
grondezzas,22
autobiografia,22
pendan,22
juden,22
ursina,22
lecziuns,22
stgirezza,22
opponer,22
absenza,22
herz,22
novnaschids,22
hume,22
flexibla,22
furniturs,22
intellectual,22
refurmaturs,22
ischga,22
sclav,22
fuss,22
mazza,22
plouda,22
mirjam,22
salvamaint,22
vesì,22
gallicius,22
murk,22
bayerische,22
haben,22
dubis,22
blackwell,22
philosophy,22
amo,22
come,22
actura,22
tanschevan,22
giapunaisas,22
reduceschan,22
avignon,22
taxon,22
giuf,22
tract,22
odurs,22
biffels,22
akademischer,22
quelle,22
franckh,22
savur,22
illustraziun,22
mundiela,22
immez,22
corna,22
let,22
fragments,22
biologics,22
eurasian,22
tschagulas,22
dictionary,22
posteriuramain,22
intermedià,22
crai,22
perditas,22
chinetica,22
sfradentada,22
idrogen,22
clameda,22
lamas,22
reincarnaziun,22
making,22
federalists,22
tsunami,22
ipcc,22
moleculs,22
wird,22
faschismus,22
frage,22
gregor,22
indriz,22
rotscha,22
chosrau,22
vatga,22
vegetativa,22
biotop,22
krishna,22
vulgaris,22
ghil,22
relativitätstheorie,22
larix,22
concisa,21
calanca,21
yverdon,21
geologica,21
matterhorn,21
levet,21
magadino,21
goms,21
palma,21
registrada,21
enconuschevan,21
progressiva,21
franches,21
montagnes,21
alain,21
taxa,21
dastgà,21
integritad,21
grevamain,21
mesauns,21
mineral,21
aczias,21
armà,21
medievals,21
originals,21
rhein,21
trio,21
beatrice,21
gìa,21
intervals,21
resun,21
cinematograficas,21
vendids,21
connexs,21
universitara,21
könig,21
orientals,21
localmain,21
incità,21
controllas,21
exportà,21
rendida,21
orchesters,21
ski,21
kampf,21
wolfram,21
scuntran,21
gualser,21
mut,21
jacqueline,21
biasca,21
airolo,21
auch,21
campania,21
drava,21
setgira,21
rimini,21
spustament,21
impressiunanta,21
trenta,21
reschissurs,21
design,21
emetta,21
emetter,21
classichers,21
frequentada,21
funcziunari,21
sacrals,21
staziunà,21
amfiteater,21
degli,21
medici,21
indigen,21
tor,21
wege,21
egemoniala,21
chlodwig,21
opposts,21
refurmar,21
exclusiva,21
martganzias,21
bunmartgà,21
madame,21
cubissem,21
gotic,21
gilbert,21
luc,21
sevilla,21
felipe,21
cristof,21
conferma,21
brutala,21
abc,21
morenas,21
restanza,21
chavriels,21
rurals,21
barbars,21
zenit,21
ottons,21
intermediara,21
pussanta,21
repressiuns,21
immediatamain,21
pledader,21
responsablas,21
letras,21
antwerpen,21
experimentà,21
hamburger,21
titular,21
gottlieb,21
humboldt,21
fortifitgads,21
dovri,21
little,21
gronduca,21
raras,21
stampadas,21
contribuir,21
expriman,21
beltgs,21
parlamentaras,21
precisas,21
azoras,21
republicanas,21
cronicas,21
academic,21
vinars,21
passentar,21
prendidas,21
mammas,21
controllada,21
sindicat,21
knut,21
mammal,21
svegliar,21
dance,21
musicals,21
sauts,21
agiuntads,21
lewis,21
anglosaxona,21
cr,21
relaschads,21
belize,21
ruanda,21
tailanda,21
singular,21
niederlande,21
puntina,21
capitulà,21
lange,21
installads,21
protocols,21
quintà,21
agent,21
stabil,21
johannesburg,21
sitgira,21
sidafricans,21
dalunga,21
perche,21
uvas,21
vacum,21
sutrepublicas,21
sdrimas,21
mathias,21
mohr,21
nazaret,21
fetschian,21
mentalitad,21
steven,21
sesa,21
mistral,21
miez,21
colligiaziuns,21
aires,21
erva,21
steppas,21
indios,21
toxicas,21
legitima,21
polluziun,21
considerablas,21
uwe,21
teoreticher,21
discutadas,21
cumenzaments,21
heilige,21
sensitiva,21
agitaziun,21
essenzialas,21
translatada,21
cuntentar,21
constellaziun,21
engion,21
distanzià,21
conturas,21
ingrid,21
ar,21
philadelphia,21
levan,21
cuntegnair,21
annunzia,21
chomma,21
astga,21
pensum,21
pest,21
magyar,21
lászló,21
kent,21
clutger,21
interessant,21
mt,21
pastgira,21
diras,21
ospitant,21
explotar,21
age,21
multifaras,21
passan,21
vadais,21
chanf,21
stampà,21
capitular,21
près,21
entschaiva,21
brutg,21
verbalmain,21
truman,21
sustegneva,21
agricola,21
belfort,21
pér,21
cavorgia,21
fiba,21
circumferenza,21
bittada,21
foul,21
muventar,21
glivras,21
minuta,21
organisaturs,21
ospizi,21
cussegliader,21
triangul,21
pugaus,21
spediziuns,21
tradì,21
jugoslav,21
decorativa,21
baltimore,21
semadeni,21
schner,21
bezzola,21
plant,21
tegn,21
schau,21
sensibla,21
quitads,21
buorm,21
spartiziuns,21
biblic,21
finta,21
demonstrà,21
durana,21
seser,21
mierta,21
udiu,21
litinent,21
discs,21
sustegnan,21
spatla,21
tschertezza,21
muoth,21
kauer,21
tassilo,21
istria,21
toponimia,21
rescuverta,21
sozialen,21
ballada,21
scandinavs,21
filien,21
jugoslava,21
marschar,21
consumar,21
spatlas,21
animalets,21
multiplitgar,21
rotschas,21
putgà,21
viktor,21
wladimir,21
spendrar,21
gravidanza,21
jenatsch,21
get,21
incident,21
ono,21
awards,21
arrestar,21
ta,21
erde,21
stavel,21
budisticas,21
plats,21
amore,21
unitarist,21
palentada,21
countries,21
krise,21
kants,21
königsberg,21
zweite,21
empirica,21
cumià,21
geistingen,21
membrana,21
commentari,21
sonata,21
communis,21
receptur,21
bischen,21
populus,21
hinduisticas,21
sidvietnamais,21
uffer,20
intensivas,20
populads,20
romanda,20
temprà,20
restabilì,20
geologicamain,20
reuss,20
isole,20
chavriel,20
frequents,20
enumerescha,20
paradiso,20
indiana,20
confruntaziuns,20
sigismund,20
infantaria,20
externs,20
recepids,20
cunvegnì,20
ratifitgà,20
cumbattant,20
rang,20
pcd,20
gran,20
schengen,20
diminuì,20
acceptada,20
cumponenta,20
successura,20
stabilas,20
povra,20
represchentativas,20
tarasp,20
interprets,20
em,20
schlagher,20
attira,20
fisicher,20
plateau,20
prealpina,20
regnum,20
multinaziunal,20
biedermeier,20
dualissem,20
stentava,20
elementara,20
berg,20
berger,20
enciclopedia,20
nicaragua,20
trinidad,20
balearas,20
batschida,20
giubiasco,20
capriasca,20
tiber,20
presse,20
latins,20
gaius,20
chaschunan,20
periferia,20
noblas,20
celebrà,20
crain,20
rebelliun,20
bancrut,20
marschal,20
marshall,20
nicolas,20
socialista,20
ratificaziun,20
provocar,20
pact,20
scriveva,20
diderot,20
prestige,20
french,20
haupt,20
canarias,20
suandantamain,20
isabella,20
violentas,20
muntavan,20
spanien,20
carolingic,20
pre,20
simplifitgada,20
raps,20
calculaziun,20
islamicas,20
omogena,20
tripartiziun,20
devastà,20
accordar,20
brischà,20
prussianas,20
naziunalistics,20
penetrada,20
intendeva,20
impedids,20
meglierà,20
illustrar,20
chapitalistic,20
cdu,20
brandt,20
detensiun,20
undrà,20
opponì,20
regress,20
stabilisaziun,20
valaivla,20
statuì,20
surpli,20
offensivas,20
lübeck,20
lessing,20
leibniz,20
vier,20
becker,20
neumann,20
doping,20
guvernativ,20
lake,20
urbanisaziun,20
autramain,20
orticultura,20
carburant,20
caracterisescha,20
applitgads,20
contadis,20
oriundas,20
tschancuns,20
ibn,20
charrotscha,20
sporting,20
cotta,20
privaziun,20
andersen,20
lit,20
exequidas,20
helena,20
soras,20
ann,20
ralph,20
harry,20
pilasters,20
daily,20
insel,20
nel,20
fidaivels,20
specificamain,20
golden,20
vnuost,20
haut,20
archeologic,20
funcziunament,20
beneventà,20
transmess,20
secretas,20
medicaments,20
equipas,20
tes,20
wild,20
pajads,20
recepidas,20
quartet,20
mited,20
vzair,20
arabica,20
cristiauns,20
zeus,20
taur,20
nunenconuschenta,20
religiusadad,20
exprimids,20
invit,20
stradal,20
restant,20
veser,20
origen,20
giuridicamain,20
din,20
rinfatschà,20
controllà,20
giuru,20
bajetgs,20
medio,20
santo,20
cellulosa,20
silva,20
malaveglia,20
turistics,20
suc,20
convertì,20
spusa,20
rue,20
stirner,20
ökonomie,20
polemica,20
marxistic,20
avischina,20
servia,20
dogmatica,20
commemorativa,20
salvà,20
eichmann,20
church,20
sperasvi,20
magyars,20
ademplescha,20
cumbinar,20
regurdientscha,20
botanic,20
valaivladad,20
recents,20
jackson,20
colonisar,20
policy,20
plum,20
instruir,20
sulom,20
tschinch,20
lat,20
antiquà,20
bajetg,20
magic,20
discografia,20
camp,20
roberts,20
principat,20
tocca,20
aristocratica,20
simbolic,20
ligas,20
jefferson,20
ross,20
externas,20
martina,20
aclas,20
particulara,20
lantsch,20
griflas,20
rendids,20
chel,20
niva,20
uoppen,20
mesanotg,20
cunzun,20
sintetic,20
cumpact,20
uefa,20
traum,20
ffffff,20
inspirar,20
iconas,20
inscenà,20
nundumbraivels,20
cuoza,20
peis,20
pregiudizis,20
scolastica,20
absolutistica,20
analisar,20
giudaic,20
nuschaivlas,20
pudev,20
intelletg,20
basar,20
formulada,20
recensiun,20
olmas,20
frieden,20
absolutismus,20
propyläen,20
internationalen,20
grundriss,20
kirche,20
füss,20
riatsch,20
entusiassem,20
psalms,20
weiss,20
ais,20
largia,20
lügl,20
ertavels,20
soziale,20
esperanto,20
dan,20
auzament,20
