word,count
si,2458
le,1264
te,963
yek,918
an,727
sas,687
ande,670
sar,661
thaj,568
ël,496
vi,486
foro,454
but,441
la,438
ando,432
so,420
kai,419
jekh,411
ar,406
kaj,395
tay,388
soriya,366
thay,355
provinciya,354
kay,352
andar,351
de,339
ai,339
chib,330
andi,315
vaj,289
phsa,285
roma,270
ekh,267
them,256
ka,252
pe,251
ko,248
kana,245
romani,229
gav,226
spaniya,221
to,206
manusha,199
maj,197
thai,196
ke,187
ćhib,186
katar,184
les,183
komunitatya,183
avel,182
leon,182
kastiliya,181
sa,174
the,171
of,162
thema,155
baro,149
aver,143
and,141
palal,139
anav,136
na,134
dikh,134
ek,132
vay,128
mai,127
len,123
pala,121
vov,117
phandimata,116
kerel,111
mashkar,107
romane,105
del,100
km,97
chhib,92
rromane,92
kë,89
rumuniya,86
vash,86
iek,86
po,83
stato,83
ano,83
manush,82
rromani,81
romano,81
than,81
maśkar,80
bersh,80
bareder,80
chhiba,80
phuv,79
avrutne,79
manuśa,78
bi,78
indo,78
chiba,78
bari,78
akana,75
in,75
akava,75
ama,74
kathe,73
în,73
qhib,71
vai,71
puranipen,70
śaj,70
pes,68
chile,67
sherutno,66
bare,66
rromano,65
phenel,65
numay,65
agyahar,65
kotor,64
avere,63
disave,62
yeri,62
anda,61
patrinipen,61
aven,60
forurya,60
may,59
phuvipen,59
staturya,59
amen,59
keren,57
kola,57
manglape,57
rumuniyake,55
lav,54
et,54
ty,54
yekh,53
republika,53
anglal,53
avela,53
shay,52
vaxt,52
von,52
thagaripen,52
jivisaren,52
al,52
bidino,52
pi,51
vaś,51
ani,51
berś,50
varesave,49
numa,49
buteder,49
sudutni,48
alava,47
kher,47
kidipen,47
kova,47
is,46
baripen,46
rig,46
ki,46
sanskrtipen,46
prin,46
vakarena,46
hram,46
asiya,45
lesko,44
evropa,44
xoraxane,44
avrune,44
chi,43
new,43
kodo,42
jermaniya,42
butipa,42
el,41
phandlo,41
yaver,41
phenen,40
pal,39
ungariya,39
pa,39
vakaripa,39
bulgariya,38
amerika,38
karing,38
nai,38
odoleske,38
dad,37
for,37
manushanipen,37
dvipa,37
gin,37
nevo,37
lava,36
beshen,36
manushengo,36
opretele,36
forovipen,36
san,36
ne,36
din,36
mangel,35
rroma,35
vorba,35
afrika,35
york,35
asiyake,35
sistemi,35
misal,34
me,34
duy,34
as,34
phandle,34
romengo,34
kultura,34
ketnepen,34
zakono,34
pen,33
europa,33
forosko,33
juvlikano,32
mursh,32
yekhipe,32
romenge,31
india,31
kado,30
maripen,30
web,30
gilavni,30
un,30
andai,30
lekhipen,29
familia,29
themengo,29
öl,29
sosqe,29
ardo,29
ido,29
odova,29
nordutni,28
manuśen,28
rom,28
ji,28
lenge,28
manushenge,28
kothe,28
buti,28
avile,28
nordutne,28
kerde,28
muzika,28
lekha,28
voj,28
gilavno,28
kamas,27
trin,27
day,27
irlandesko,27
butvaripen,27
ovel,27
mariben,27
pesqi,27
rusiya,26
mashkarutni,26
desi,26
semno,26
sherutne,26
china,26
dvip,26
rromen,26
pesqe,26
akala,26
ovela,26
amaro,25
duj,25
shelbersh,25
drom,25
dur,25
jiven,25
kerdo,25
alav,25
en,25
sandro,25
butvar,25
mulo,25
with,25
city,25
http,25
var,25
ol,25
hramya,25
kadava,24
ći,24
ga,24
kadale,24
phendo,24
murshikano,24
yekto,24
lil,24
sikavel,24
tele,24
berśa,24
website,24
turkiya,24
ferdi,24
state,24
states,24
kerdi,24
hin,24
butĭ,24
vokalya,24
lako,23
duma,23
north,23
agor,23
khangeri,23
kotar,23
ii,23
www,23
chexiya,22
bersha,22
mishto,22
leske,22
kotora,22
avilo,22
american,22
umal,22
republic,22
ene,22
gilavne,22
soske,22
california,22
janglimata,21
rromanes,21
sajekh,21
nay,21
butya,21
nav,21
pashal,21
alavari,21
indiya,21
teritorurya,21
italiya,21
shiyaron,21
kham,21
britaniyako,21
vietnam,21
kerena,21
hramipe,21
akate,21
municipality,21
afrikaqe,21
themenge,20
ćhibă,20
mamuj,20
kadya,20
duyto,20
dikhen,20
kalo,20
thana,20
shukar,20
rrom,20
lende,20
lengo,20
godi,20
gele,20
amare,20
ofisyalno,20
telal,20
manushego,20
pentru,20
lesqo,20
kerd,20
akhardo,20
qo,20
arakhel,19
neve,19
den,19
dikhel,19
ame,19
gramatika,19
riga,19
indiyake,19
government,19
mule,19
zor,19
serbiya,19
isi,19
muli,19
kerdăs,19
avazune,19
kotse,19
turko,19
islam,19
bibarile,19
lumia,19
kevin,19
butivar,18
xalyarimata,18
kodya,18
phende,18
kale,18
rumunikanes,18
pakistan,18
tar,18
gava,18
code,18
pesqo,18
sestemi,18
voy,18
com,18
country,18
hem,18
pustik,18
zhi,18
kote,18
hramina,18
vokali,18
vokaleya,18
jik,18
data,18
vriama,18
wade,18
labyardo,17
lila,17
prezidento,17
sigo,17
pradesh,17
anglunes,17
prinjardo,17
themesko,17
slovaiko,17
trito,17
nord,17
united,17
english,17
turkikani,17
by,17
alosardes,17
savo,17
des,17
devleski,17
amari,17
iripe,17
biblioteka,17
commonscat,17
pachamos,17
phure,16
proto,16
vorbe,16
rodimata,16
janglo,16
kadala,16
on,16
sundal,16
university,16
languages,16
romni,16
anderyarel,16
purano,16
re,16
bharat,16
south,16
shero,16
dives,16
ti,16
media,16
th,16
phend,16
jekhe,16
akharde,16
sami,16
mi,16
ov,16
org,16
diyalektya,16
sakova,16
abeceda,16
palo,16
thule,16
pai,16
care,16
kodia,16
wo,16
paśal,15
jangle,15
gypsy,15
rumunikani,15
kosovo,15
moldova,15
sel,15
andre,15
dui,15
washington,15
anglezikanes,15
be,15
pani,15
beśen,15
internet,15
lenqe,15
fo,15
familiya,15
miśto,15
lake,15
america,15
khera,15
jermanikani,15
vak,15
devlesko,15
bută,15
lesqe,15
bushol,15
romana,15
sare,15
pashlola,15
easto,15
won,15
narodo,15
arakhadilo,15
andal,15
punto,15
rde,15
trebal,14
nevi,14
akanutno,14
prinjardi,14
diyalekturya,14
britaniya,14
siklyaripen,14
press,14
kolaver,14
shtar,14
sub,14
membro,14
sud,14
anglezikani,14
west,14
patrin,14
chacho,14
irland,14
kanada,14
es,14
tha,14
dopash,14
angluno,14
rayono,14
mexico,14
khethanes,14
filmo,14
arli,14
babo,14
manuśenqe,14
juv,14
provinsya,14
vasho,14
fost,14
verver,13
trebul,13
jekhto,13
purane,13
gina,13
purani,13
hindi,13
yelenikani,13
sikaven,13
palpale,13
umalurya,13
bersheste,13
phurano,13
tikno,13
arxentina,13
distrikto,13
phuvyako,13
sloveniya,13
ta,13
avena,13
polska,13
phuro,13
xulyaripen,13
asia,13
language,13
duito,13
shel,13
śukar,13
world,13
islands,13
its,13
sumnal,13
island,13
yashi,13
slavikane,13
bućhol,13
nani,13
dikhena,13
lelem,13
hrameya,13
shunyola,13
maladine,13
este,13
paris,13
kristo,13
busholas,13
vitsa,13
avre,12
rromenqo,12
avri,12
angle,12
ni,12
tu,12
dùma,12
kadea,12
anel,12
nordutno,12
lendar,12
importanto,12
iekh,12
people,12
ed,12
fransiya,12
anglo,12
sudutne,12
xindusthan,12
shkola,12
central,12
beshena,12
miliyonurya,12
derya,12
ukraina,12
leski,12
lekh,12
stìlo,12
gandhi,12
or,12
koreya,12
party,12
africa,12
see,12
area,12
dùjto,12
majbut,12
ca,12
international,12
national,12
akaya,12
los,12
buchi,12
film,12
adive,12
vakaren,12
upre,12
mothavyem,12
mothavela,12
sakana,12
konsonanti,12
official,12
chikago,12
lesqi,12
andek,12
maria,12
dies,12
thodino,12
uni,12
muhammad,12
mao,12
aźutipnasqi,12
pervonay,11
labyarel,11
subbarodvip,11
kerdilo,11
dosta,11
makedoniya,11
sh,11
jèkhto,11
grupo,11
thagar,11
kothar,11
chachi,11
saint,11
dosha,11
khetanes,11
mestipen,11
meste,11
lekhavel,11
korkoro,11
misalyake,11
misala,11
jangli,11
remeniya,11
tikne,11
sako,11
fòro,11
janglipen,11
república,11
ofisyalni,11
kerdili,11
khetanipen,11
vunivar,11
shai,11
finland,11
remenikanes,11
phuvă,11
partida,11
pale,11
reinhardt,11
biyandilo,11
desh,11
terno,11
jegeya,11
munichipaliti,11
which,11
inke,11
grupa,11
śajutno,11
englezikanes,11
assigned,11
puerto,11
romanikane,11
est,11
mothava,11
hramensa,11
misali,11
qhave,11
mothol,11
john,11
amerikaqe,11
mesire,11
izula,11
rdo,11
amperetsia,11
louis,11
pervo,11
jesus,11
shav,11
bronx,11
sai,11
swako,11
rd,11
kouturat,11
leibniz,11
fàpto,10
nămco,10
grafèma,10
gramatikane,10
nishte,10
rumunikano,10
janen,10
zorales,10
are,10
bukureshti,10
lanka,10
bangladesh,10
manushen,10
site,10
nasiya,10
vareso,10
kerindoy,10
home,10
somdasno,10
yekipen,10
distrikturya,10
austriya,10
beljiya,10
simbol,10
london,10
beshel,10
peter,10
anava,10
thanimata,10
hedina,10
pech,10
japan,10
bershesko,10
leste,10
brazil,10
also,10
samudaripen,10
lel,10
itu,10
ia,10
jana,10
ax,10
suduni,10
himno,10
tràjo,10
edirne,10
dikhle,10
https,10
archive,10
vaźno,10
pasha,10
qhiba,10
avazuno,10
misalya,10
sufikseya,10
romlex,10
soria,10
santiago,10
ìzola,10
sundalesqo,10
region,10
database,10
čhib,10
dăs,10
sauto,10
pashte,10
westo,10
religio,10
maśkarthemutni,10
chibya,9
mesto,9
labăren,9
indikano,9
ad,9
anen,9
rumunia,9
trinto,9
fal,9
dine,9
ververe,9
rromenqe,9
non,9
das,9
grast,9
line,9
vakyarne,9
avreste,9
sinti,9
polaniya,9
sinte,9
standardizuyimi,9
nepal,9
love,9
indian,9
zurales,9
devel,9
śerutno,9
evropikane,9
diz,9
oxto,9
raj,9
save,9
zorale,9
robert,9
deshtonay,9
peshta,9
romengi,9
this,9
australia,9
divesa,9
jermanikanes,9
albumurya,9
guberno,9
laki,9
minune,9
phirne,9
taiwan,9
da,9
shave,9
forurengo,9
xulyaripnasko,9
forutne,9
peski,9
federatikane,9
sierra,9
democratic,9
from,9
provinces,9
territories,9
ginavn,9
xat,9
lab,9
rel,9
ça,9
phendia,9
amerikiyake,9
taro,9
făl,9
esperanto,9
now,9
reserved,9
isbn,9
baltikane,9
estuni,9
angluni,9
texas,9
astard,9
aresl,9
tv,9
jelem,9
tumen,9
adrian,9
ćhavo,9
ce,9
sirkunsision,9
gelo,9
am,9
spaniyolikanes,9
amenge,9
logiko,9
peske,9
las,9
pesko,9
yekhe,9
dikhyola,9
edeya,9
vakarelpe,9
dosh,9
puqipa,9
agorinyola,9
lelpe,9
spanyolikanes,9
concepción,9
cïra,9
pariź,9
fìlmo,9
dat,9
florida,9
dark,9
hine,9
thagaripenko,9
arianikani,9
dej,9
deźa,9
zhal,9
după,9
lumiake,9
pachanpe,9
inkerel,9
aktòro,9
tiktok,9
qe,9
dikhl,9
park,9
varekon,8
bc,8
latinikane,8
arakhen,8
xramosardo,8
ververimata,8
ch,8
xindusthanesqe,8
indikane,8
maśkarutno,8
phurane,8
kadi,8
kerdĭne,8
akanutni,8
mashkarutne,8
kerden,8
gelen,8
military,8
banjara,8
guverno,8
kodole,8
mangen,8
vast,8
dialekto,8
parno,8
hindikanes,8
vyânjâna,8
vy,8
nj,8
kadaya,8
sundalake,8
sup,8
themeski,8
patrinipena,8
evropikano,8
patrinimata,8
teritoryo,8
kroatiya,8
olanda,8
aprilo,8
jivel,8
eropa,8
alosardo,8
panj,8
janel,8
sudo,8
shtarto,8
franchiya,8
chaches,8
kingdom,8
xulayardo,8
galyero,8
belfast,8
not,8
kali,8
istanbul,8
rusikanes,8
ginipen,8
manuś,8
avili,8
sindh,8
der,8
thanipen,8
labyarde,8
muzikaqe,8
nas,8
shtefan,8
che,8
anderiyarel,8
jersey,8
sikrekher,8
berlin,8
pdf,8
head,8
arab,8
gila,8
ripen,8
palorral,8
bute,8
komunikàcia,8
nakhel,8
codes,8
service,8
slavikani,8
afro,8
vol,8
lakh,8
devla,8
ndilo,8
khelel,8
să,8
isindoj,8
kiŋ,8
dei,8
dive,8
andel,8
oy,8
therela,8
vakaripya,8
dikha,8
hraminelpe,8
asavke,8
olengo,8
qhibyako,8
putardo,8
sane,8
akale,8
gramatikake,8
vakaripe,8
hramipa,8
sufiksi,8
personalune,8
ukrayna,8
narodno,8
kareybe,8
arabikanes,8
śtefan,8
manglindoj,8
diskografiya,8
george,8
virginia,8
kongresi,8
zaro,8
ollepaskro,8
amerikaqo,8
bućh,8
ćhave,8
norte,8
că,8
rapper,8
kontrakto,8
dieli,8
phral,8
mêsire,8
shiba,8
drago,8
soste,8
milion,8
euròpa,8
konstruktirime,8
thol,7
standardizuime,7
egzemplo,7
vakăren,7
jene,7
ariyanikane,7
ian,7
avilen,7
kodola,7
armeniya,7
ariyane,7
dialekturya,7
sela,7
east,7
bulgaria,7
marcel,7
diyalekto,7
forme,7
kodoya,7
gindo,7
portugaliya,7
turkikanes,7
filmurya,7
pativ,7
opre,7
khere,7
programo,7
bihari,7
phandipen,7
ra,7
andalusiya,7
latinikani,7
politika,7
rumuniyako,7
thagariben,7
forovipnasko,7
themeske,7
akanutne,7
nasyonalno,7
bihar,7
milyonurya,7
latinikanes,7
estoniya,7
luksemburgo,7
sveko,7
european,7
dai,7
barodvipenge,7
barodvipturya,7
voi,7
fishtesavo,7
makyarestan,7
bulgarikani,7
anglikani,7
england,7
britanikane,7
nations,7
estutni,7
online,7
australiya,7
list,7
at,7
indekso,7
devleske,7
grupuria,7
shopnya,7
yon,7
stilo,7
muzikaqo,7
laćhi,7
familiye,7
franz,7
lee,7
jános,7
johann,7
trollmann,7
shkiperiya,7
jan,7
puraneder,7
spaniyake,7
chexanipen,7
rigyaripen,7
kazakhstan,7
turkmenistan,7
bosniya,7
singapore,7
barbados,7
has,7
used,7
iran,7
korea,7
myanmar,7
autonomous,7
montenegro,7
dikhlo,7
transnistria,7
phendăs,7
ja,7
was,7
kolombiya,7
mudarde,7
efta,7
aan,7
fino,7
ethnologue,7
laqo,7
gili,7
dujto,7
tut,7
pan,7
lume,7
ro,7
kheld,7
rdi,7
facebook,7
rat,7
rasismo,7
network,7
phirno,7
nu,7
madrid,7
miri,7
luludi,7
kris,7
toronto,7
historia,7
tani,7
oro,7
daje,7
ontario,7
maśkarthemutno,7
arde,7
dikhiben,7
amsterdam,7
kipo,7
koya,7
janelpe,7
sine,7
ovol,7
hraminyol,7
odole,7
kera,7
hraminen,7
popale,7
asavko,7
shunyona,7
qhay,7
ola,7
andro,7
vakara,7
nominativ,7
diyalekti,7
yer,7
gen,7
olake,7
poro,7
khelimos,7
xramosardi,7
festival,7
glaso,7
lakatos,7
hip,7
hop,7
kings,7
śudro,7
angel,7
jamiya,7
sahgepte,7
bar,7
ator,7
sur,7
biăndilo,7
osqo,7
xitaj,7
miles,7
barvalo,7
sunet,7
oktòmbra,7
penqo,7
khash,7
martia,7
swunto,7
ramome,7
turkiske,7
xantsi,7
river,7
queens,7
lùmăqo,7
kate,7
harry,7
literatùra,7
dans,7
avec,7
langue,7
mco,7
eno,7
vokabulàro,7
nacistikano,7
serviso,7
chon,6
lekhimata,6
zakonură,6
sira,6
edukàcia,6
slovayko,6
vikipidiya,6
ćhibăqe,6
marden,6
xaben,6
parne,6
phiripen,6
navyaren,6
vlax,6
kerdyas,6
selahetin,6
kruezi,6
shkole,6
gheorghe,6
pustika,6
time,6
labyardi,6
vuni,6
daki,6
aryane,6
yelenistan,6
bhutan,6
moderno,6
sanskritikani,6
kamen,6
karnataka,6
dudalo,6
romanipen,6
labyaren,6
rodel,6
korkore,6
paluno,6
grafema,6
sv,6
barodvip,6
palem,6
barilo,6
dikhas,6
marimata,6
kidel,6
phuvyake,6
kashmir,6
tamil,6
ćhiba,6
yekipnaske,6
organizasiya,6
danemarka,6
buxlyarimos,6
europikane,6
sri,6
panjto,6
terne,6
panjtonay,6
shovtonay,6
savi,6
yekipnasko,6
april,6
mashkarthemutno,6
kongreso,6
northern,6
ireland,6
chachimata,6
prinjarde,6
thanesko,6
dvipengo,6
it,6
truyarel,6
lino,6
varna,6
jivipen,6
mui,6
manushutne,6
baryaripnasko,6
bàjo,6
naj,6
nùma,6
grupi,6
dasikane,6
zhudetso,6
ćalga,6
aśunel,6
yaroka,6
geli,6
ronald,6
django,6
reyes,6
sanskritikanes,6
xulayarde,6
sistemo,6
romanes,6
israel,6
bershengo,6
that,6
krimeya,6
rusikani,6
sistemurya,6
guinea,6
venezuela,6
hercegovina,6
yemen,6
some,6
monarchies,6
france,6
canada,6
up,6
all,6
emirates,6
federal,6
one,6
under,6
system,6
haiti,6
capital,6
regions,6
kong,6
porrajmos,6
adolf,6
diktatòro,6
akharel,6
xal,6
themesqo,6
beshenas,6
rekshan,6
rik,6
anglimata,6
populàcia,6
ćhibăqo,6
nanpa,6
caribbean,6
romania,6
kuba,6
bibliyografiya,6
commons,6
plovdiv,6
xulavipen,6
pre,6
late,6
tai,6
handbook,6
anglune,6
ardi,6
berśesqo,6
mo,6
dilo,6
aprìlo,6
egzèmplo,6
sikl,6
ha,6
se,6
śero,6
phrala,6
ss,6
lublin,6
au,6
europake,6
universitèto,6
para,6
amor,6
somnal,6
kam,6
dey,6
amende,6
sale,6
paramići,6
dikhipe,6
olako,6
hraminena,6
pere,6
vakaryola,6
arakhenpe,6
therena,6
phen,6
konsonante,6
rola,6
mothavena,6
sano,6
kaski,6
vakarolpe,6
odola,6
irinelpe,6
avutno,6
pronomya,6
diminutiv,6
kodolen,6
śoxa,6
murś,6
rromilor,6
batas,6
khedipe,6
xix,6
gipsy,6
konflìkto,6
arizona,6
colo,6
adult,6
thomas,6
couples,6
oljen,6
beršeste,6
shiyaronuria,6
dar,6
anmaro,6
transporen,6
śkola,6
beshelas,6
sùdo,6
biandilo,6
jenner,6
glate,6
kim,6
fràza,6
orìgene,6
uvli,6
akaja,6
poxtan,6
sama,6
zhuvli,6
romanuria,6
kadia,6
pescuit,6
până,6
shei,6
vorbi,6
zhiduvuria,6
trushul,6
kruglom,6
suneti,6
organizàcia,6
marutne,6
kheres,6
raklo,6
marley,6
kheliben,6
bàza,6
filozofìa,6
mississippi,6
revolùcia,6
god,6
partid,6
madikh,6
miśkipen,6
olms,6
drabarel,5
liparel,5
telyarden,5
niśte,5
laćhes,5
khetani,5
fălură,5
alfabèto,5
anglia,5
labărdi,5
ovestuni,5
penqe,5
hiśtòria,5
bilaćhe,5
juvlikane,5
yag,5
chave,5
maren,5
mashkarutno,5
oksidento,5
phandavde,5
urdu,5
kerdipen,5
kalderash,5
navyarde,5
norvejiya,5
forma,5
hindikani,5
gadje,5
ci,5
literatura,5
paruvel,5
latinikano,5
open,5
society,5
român,5
navyardo,5
spaniyolikani,5
usa,5
maharashtra,5
shelbersha,5
zurale,5
romen,5
roden,5
jutisarel,5
best,5
devânagârî,5
sindhi,5
kerdini,5
vyânjân,5
facto,5
bimeste,5
kosova,5
esto,5
tatarurya,5
chandigarh,5
dilli,5
pondisheri,5
balkanurya,5
astarel,5
ee,5
korkori,5
latviya,5
malta,5
asiyako,5
dechembra,5
maldive,5
novembra,5
external,5
links,5
thagaripnasko,5
jek,5
elvis,5
lungo,5
chache,5
mesti,5
shov,5
ungarikani,5
budapest,5
chexikani,5
papua,5
truyal,5
nordo,5
phth,5
st,5
rigyardo,5
other,5
naciye,5
importante,5
hindipen,5
jipen,5
dna,5
iven,5
die,5
und,5
rasistikane,5
deshbersh,5
butipen,5
zoralo,5
liviya,5
biyandili,5
devlikane,5
christmas,5
jermani,5
opralutni,5
krisako,5
amboldel,5
europikano,5
lekhavimata,5
shirdya,5
chexay,5
prezidentikane,5
salvador,5
guatemala,5
malawi,5
sudan,5
tanzania,5
são,5
ovestutni,5
morocco,5
active,5
executive,5
constitutional,5
powers,5
ex,5
netherlands,5
ba,5
unitary,5
into,5
xulyaripnaske,5
kochanowski,5
themen,5
phuvyaki,5
phuvja,5
lokhes,5
nàcie,5
elefen,5
per,5
labyarindoi,5
including,5
coast,5
known,5
faroe,5
uruguay,5
mobile,5
officially,5
georgia,5
sp,5
indiyako,5
statesko,5
ld,5
śeliberś,5
droma,5
transilvaniya,5
chhibavipen,5
chhibavipnaski,5
barvale,5
mošovce,5
irane,5
evropikani,5
chhibange,5
lavustik,5
norduni,5
chhibavipnasko,5
azbalipen,5
chhibavipnaske,5
smithsonian,5
native,5
joseph,5
republik,5
big,5
ajensiya,5
sherotno,5
variyanta,5
butprin,5
tamilikani,5
gelem,5
otomano,5
manele,5
italiyake,5
projekto,5
kompetisiya,5
pinjardo,5
nashti,5
augusto,5
khel,5
cum,5
mare,5
diverse,5
montreàlo,5
berśes,5
januàro,5
hertfordshire,5
rico,5
devlikano,5
tiro,5
ma,5
ye,5
ker,5
deus,5
mea,5
jerusalem,5
sunt,5
ederlezi,5
rromanipen,5
dikhimata,5
krisa,5
krećiuno,5
màjo,5
godĭ,5
aspèkto,5
ćora,5
pel,5
kerdas,5
brno,5
gova,5
lele,5
phena,5
pakya,5
khonik,5
panda,5
oven,5
maybut,5
tana,5
avazi,5
odoleya,5
konsonantya,5
problemi,5
qhavo,5
telaryola,5
mangela,5
kaske,5
dativ,5
ako,5
thulo,5
thovena,5
olen,5
mothavav,5
almazán,5
santa,5
ale,5
turkiyake,5
phurani,5
zhene,5
šaj,5
francuzikanes,5
sagda,5
izidor,5
ing,5
vrjàm,5
anglutnes,5
phuraniben,5
deś,5
banda,5
paul,5
statura,5
unitime,5
preśedinto,5
viće,5
sistèma,5
societèta,5
kolorado,5
louisiana,5
ria,5
lolita,5
flores,5
lola,5
dialekti,5
dialektia,5
córdoba,5
asemenea,5
okeyanu,5
ćoren,5
fari,5
cargo,5
ariyanikani,5
armàta,5
georg,5
avgòsto,5
michael,5
septèmbra,5
sap,5
źämàjkä,5
vèsto,5
timp,5
cu,5
beatles,5
kristosko,5
bariolas,5
kerdia,5
zakonuria,5
bariol,5
paieske,5
kylie,5
woi,5
tsinorhe,5
manuśença,5
ramosardia,5
xamime,5
adies,5
gretsia,5
penge,5
prima,5
profeto,5
lashi,5
fielo,5
katoliko,5
trobul,5
guru,5
amperato,5
òzbekisthan,5
rezultèto,5
berśenqo,5
osqe,5
aresel,5
vakărel,5
marv,5
gïndisaren,5
avral,5
internetosqi,5
kultùra,5
punk,5
miśkiben,5
rromafuturìsmo,5
amerikaqi,5
tsigane,5
guevara,5
ikanes,5
publikisardo,5
ćentro,5
endajalektur,5
leksikòno,5
buxl,5
sovietikano,5
ćingar,5
francuzikane,5
nqo,5
manuśesqe,5
politikàlo,5
europaqe,5
couturat,5
publikisard,5
republished,5
xitajicko,5
xitajicki,5
xkp,5
veś,5
germanikanes,5
falls,5
wildlife,5
ministru,5
kurvia,5
lucifer,5
kerdivel,4
software,4
lekhavipen,4
lekhaven,4
lekipnasa,4
xramosarel,4
ikane,4
lacho,4
lasho,4
komunitetură,4
persikane,4
avdives,4
atunch,4
bashavne,4
sostar,4
yanko,4
afganistan,4
phenden,4
anatoliya,4
armenikani,4
elementurya,4
os,4
nava,4
gajikane,4
rumunikane,4
diyalekturenge,4
kerdile,4
chibyaki,4
sarău,4
feder,4
akanak,4
shib,4
viram,4
zhanas,4
garavdi,4
hancock,4
institute,4
rromii,4
magyarikane,4
shri,4
gilya,4
problemurya,4
ali,4
mangle,4
kasta,4
romensa,4
kashte,4
mangimata,4
forutno,4
perel,4
avryal,4
devanagari,4
kerdya,4
lista,4
anderyarindoy,4
sahara,4
phuvipnaske,4
bershestar,4
romayako,4
thagarimata,4
zuralo,4
haj,4
sobe,4
rumunurya,4
inka,4
janglyovel,4
prinjarel,4
statuto,4
gujarati,4
dadra,4
nagar,4
haveli,4
daman,4
diu,4
andaman,4
kerala,4
lakshadvip,4
sanskrit,4
phendi,4
sudutno,4
manushendar,4
orizari,4
chipro,4
irlanda,4
guide,4
baltikani,4
perutno,4
somkerdipen,4
dhaka,4
somdasne,4
deshtoduynay,4
yesu,4
biyandilyas,4
anglesikanes,4
amerikurya,4
ministro,4
kideren,4
otnako,4
atlantic,4
du,4
styago,4
chakra,4
fransikani,4
xarnes,4
guineya,4
lavenge,4
bbc,4
phuvipnasko,4
man,4
tikneder,4
teritoriyo,4
wales,4
anglikanes,4
vestutni,4
ie,4
nevimata,4
areas,4
jorjiya,4
more,4
sea,4
andrutno,4
abp,4
kkz,4
themutno,4
pàrtia,4
teoria,4
argentina,4
dictionary,4
romany,4
patrya,4
budeshti,4
ekto,4
vaxteske,4
saven,4
avstriya,4
duytonay,4
dharm,4
kirilikanes,4
chalga,4
athoska,4
magyarikanes,4
magyarikani,4
siklilyas,4
rosenberg,4
viktoriya,4
răzvan,4
grigore,4
mateo,4
adel,4
ben,4
reyhan,4
adriyan,4
zvonko,4
chaplin,4
joe,4
josé,4
manushutni,4
bayash,4
slovakiya,4
sudosko,4
tokyo,4
mexiko,4
buenos,4
khangerya,4
ovestutne,4
lekciye,4
kheresko,4
dikhimos,4
bish,4
rimol,4
ambolde,4
instituto,4
chexaya,4
krimeyake,4
azerbaijan,4
belarus,4
kongo,4
honduras,4
palau,4
peru,4
tajikistan,4
uzbekistan,4
ekhto,4
guyana,4
marino,4
where,4
prime,4
minister,4
branch,4
leader,4
president,4
who,4
ethiopia,4
hungary,4
iceland,4
iraq,4
portugal,4
switzerland,4
trinidad,4
tobago,4
monarch,4
his,4
her,4
andorra,4
malaysia,4
samoa,4
thailand,4
bahamas,4
grenada,4
zealand,4
political,4
absolute,4
three,4
saudi,4
arabia,4
federation,4
no,4
within,4
libya,4
burma,4
two,4
district,4
aruba,4
hong,4
countries,4
century,4
listed,4
off,4
hitler,4
himmler,4
nakhlo,4
samudariben,4
akharen,4
protiv,4
vorta,4
avl,4
poraimos,4
themutne,4
manushengro,4
ingerel,4
adaja,4
kerela,4
lafi,4
pobuter,4
vakyarde,4
francuzicka,4
liparas,4
zumavel,4
xapen,4
reporto,4
imb,4
province,4
kodurya,4
numbering,4
were,4
mariana,4
svunto,4
please,4
liberia,4
african,4
biprinjardo,4
karabakh,4
zone,4
included,4
turkish,4
ccitt,4
book,4
eftatonay,4
yt,4
taluka,4
fr,4
br,4
punjab,4
tr,4
savore,4
estrexa,4
jermaniyake,4
pasharne,4
provinchiye,4
kanadake,4
komunitaturya,4
manuśenqo,4
rukeli,4
rai,4
han,4
buht,4
rasha,4
vakyarnengo,4
balto,4
trachikani,4
lituaniya,4
finikani,4
finikane,4
janko,4
xamome,4
chhibake,4
lyas,4
paruvipen,4
europikani,4
campbell,4
bureau,4
ethnology,4
institution,4
nebraska,4
version,4
william,4
dud,4
deutschland,4
rejxan,4
laqi,4
xamomi,4
chhon,4
ćexiko,4
oficialno,4
van,4
baxt,4
muy,4
caló,4
loli,4
valaxiya,4
dokumentàlo,4
mothovel,4
münchen,4
demirovich,4
grupe,4
roman,4
keres,4
titlo,4
trollman,4
zigeuner,4
nazista,4
astardo,4
voyevodato,4
wiki,4
jean,4
zile,4
prea,4
baron,4
play,4
kheldya,4
alavarură,4
laćhe,4
magoria,4
books,4
arakhas,4
fuego,4
live,4
sin,4
con,4
vida,4
luka,4
teksto,4
mila,4
mandar,4
hēmōn,4
sou,4
hē,4
tuum,4
nos,4
maro,4
psalmo,4
mire,4
ilo,4
ghii,4
tuam,4
qui,4
chinen,4
gypsies,4
my,4
rromni,4
agòsto,4
identitèta,4
andej,4
kathar,4
editori,4
kolaya,4
hramimi,4
vakarela,4
harne,4
metoda,4
olenge,4
napal,4
niyekh,4
manga,4
pali,4
lelilo,4
kole,4
khani,4
telaryona,4
alavesko,4
janindoy,4
othe,4
phenena,4
ablativ,4
puqelpe,4
qhaya,4
vakarindoy,4
khuvel,4
juvla,4
mursha,4
sistemeske,4
kolen,4
deyekh,4
vakti,4
dy,4
gy,4
jy,4
pashe,4
prizren,4
mamusha,4
anavensa,4
yaron,4
matras,4
duero,4
campo,4
río,4
juan,4
gormaz,4
pedro,4
kantabriya,4
izmir,4
asi,4
confucius,4
materiali,4
švedia,4
baredžanlimaskere,4
tane,4
binh,4
beśel,4
tony,4
francuzikano,4
merel,4
vel,4
atunć,4
korkorri,4
terni,4
oláh,4
gitara,4
viktor,4
sajto,4
music,4
talcahuano,4
angeles,4
nòrdo,4
forosqo,4
uće,4
xabe,4
śeliberśesqo,4
aresen,4
alone,4
albuma,4
biden,4
hawaii,4
nevada,4
pp,4
private,4
star,4
movie,4
va,4
rodrigez,4
studies,4
anglando,4
lovença,4
mendoza,4
budor,4
shukor,4
manjor,4
kuror,4
shani,4
rahor,4
ketor,4
nikita,4
denise,4
cunoscut,4
grećia,4
khares,4
civilo,4
pharnovon,4
francuzikani,4
donald,4
orleans,4
zumaven,4
marka,4
śpan,4
mul,4
agorutnes,4
śirdindoj,4
izulako,4
gor,4
kapitano,4
cre,4
folosit,4
martin,4
xviii,4
partia,4
oceaniya,4
sirkumsisyon,4
znachil,4
antunchi,4
pennsylvania,4
albany,4
peska,4
barvalimos,4
laqe,4
pàqo,4
penqi,4
aźutil,4
ruv,4
jekhfălno,4
skepil,4
mothon,4
paiesa,4
rimolpe,4
angelo,4
inker,4
vediara,4
akharenas,4
jeremy,4
apă,4
monsters,4
început,4
ankara,4
dikhlia,4
mudarel,4
thodia,4
tradino,4
kristoske,4
judea,4
traio,4
sicharel,4
khangeria,4
victoria,4
traiisardia,4
zhidovongo,4
glata,4
patreto,4
pavlo,4
brahman,4
sikhism,4
sikh,4
caucasus,4
grastenge,4
arakhlia,4
company,4
kazakhsthan,4
fòrură,4
labărindoj,4
avlăs,4
minaj,4
amerikàqo,4
paś,4
bokh,4
invàzia,4
ćhon,4
màrto,4
origine,4
korkorres,4
ćhaćho,4
aviòno,4
relàcia,4
śukares,4
decèmbra,4
kombinàcia,4
znaći,4
xramosarno,4
aktivismo,4
gïndură,4
śpania,4
tirana,4
une,4
rroms,4
publications,4
xramosardine,4
dieter,4
ral,4
riben,4
psi,4
śirdăs,4
struktùra,4
nacistikane,4
nev,4
komunistikane,4
maśkarthemutne,4
volapük,4
beaufront,4
esperantosqi,4
śirdipen,4
simbolikano,4
njamco,4
clinton,4
samudaripnasqo,4
migràcia,4
borat,4
thagaripnasqo,4
ofiso,4
diktatoripen,4
lagere,4
borough,4
amerikha,4
avrial,4
landlocked,4
mitsotakis,4
prim,4
afrikanuria,4
vanilla,4
lumiyake,3
shirden,3
drabares,3
xramosaren,3
lekipen,3
siddham,3
kirilikane,3
grafemură,3
lença,3
bazime,3
laćho,3
frànco,3
aśunimata,3
romendar,3
ćhibăqi,3
endajalektură,3
iranikane,3
armenikane,3
situàcia,3
areslăs,3
zumavlimata,3
shaypen,3
ariyani,3
hankock,3
rajputa,3
farsikani,3
kristiyanismo,3
chibyako,3
shirdipen,3
char,3
vurdon,3
karfin,3
inklen,3
kon,3
nasiye,3
smith,3
courthiade,3
strato,3
ursari,3
scandoromani,3
standardizuimi,3
zumavimata,3
alosarde,3
shayutnipen,3
neolojismurya,3
sfinto,3
savorre,3
chibiakire,3
project,3
karl,3
graz,3
cambridge,3
limba,3
dic,3
ionar,3
trebulas,3
gadjikane,3
lavensa,3
deshi,3
dikhlen,3
atunchi,3
videshi,3
nichi,3
xakaya,3
marathi,3
telugu,3
kannada,3
rajastan,3
moderne,3
banjarenge,3
kethanes,3
bidudalo,3
themende,3
vastno,3
prandime,3
juvli,3
free,3
abugida,3
juvlikani,3
svâr,3
ksh,3
zero,3
shelbershesko,3
spanyolikano,3
makedoniyaki,3
oksidentalutni,3
otna,3
shirdyas,3
moldavia,3
història,3
parlamento,3
yekvar,3
dunarya,3
manushikane,3
kidipnasko,3
tagaripen,3
pero,3
boliviya,3
ekvador,3
shile,3
bengal,3
jamu,3
deli,3
himachal,3
panjabi,3
nadu,3
haryana,3
uttar,3
guvernamentesko,3
delhi,3
demokratikane,3
tratato,3
euro,3
lithuaniya,3
estonikani,3
regional,3
khsaps,3
phuviyako,3
yuliyo,3
yanuara,3
skopiye,3
bodli,3
baar,3
kava,3
barodvipurya,3
kristiyanipen,3
evrasiya,3
superbarodvib,3
kraton,3
superbarodvipturya,3
membrurya,3
yeke,3
alosarel,3
kiderel,3
deshtoyeknay,3
kaver,3
slovak,3
office,3
respublika,3
grechiya,3
sofia,3
bulgariyako,3
nămcicko,3
franca,3
scotland,3
lumya,3
dvipenge,3
europako,3
rasistikani,3
diskriminaciya,3
shovto,3
nortutno,3
irlandikanes,3
atlantikano,3
fotografie,3
sherutni,3
patrick,3
co,3
dokumento,3
nort,3
tipurya,3
lavesko,3
kerch,3
krimeyako,3
pashdvip,3
avtonomikani,3
amboldimata,3
bulgarikanes,3
truyaren,3
durutne,3
umalengo,3
bruto,3
produkto,3
arta,3
aves,3
germanikano,3
znaćil,3
mtdna,3
buxlăriben,3
areslĭne,3
therde,3
nakhle,3
first,3
history,3
nicolaye,3
ekhe,3
forurenge,3
kerdino,3
vaxtesko,3
selore,3
uzalutno,3
xatyaripen,3
janglyoven,3
rigyardi,3
bashavno,3
voiku,3
kahte,3
gilabal,3
adĕsutno,3
parlimento,3
tikni,3
gyorge,3
yanosh,3
bogdan,3
juric,3
deliya,3
taikon,3
vasile,3
yonesko,3
marianne,3
esma,3
vali,3
vizheliye,3
charlie,3
konstantin,3
nik,3
xoakin,3
valery,3
novoselsky,3
antonio,3
baryaripen,3
tallava,3
albaniya,3
ph,3
cia,3
cocos,3
norfolk,3
mayotte,3
makyarekanes,3
opralutne,3
makyarikanes,3
gandhiskri,3
palutne,3
siklyaripnaske,3
prinjaren,3
siklyaren,3
siklyaripnasko,3
info,3
puranipnaske,3
paruvde,3
lekhavno,3
kultur,3
kidimata,3
organizime,3
anderyaren,3
spaniyako,3
lekhavdo,3
krimeyaki,3
simferopol,3
sovyetikano,3
benin,3
comoros,3
côte,3
ivoire,3
ekuador,3
ghana,3
kirgizstan,3
nijer,3
panama,3
paraguay,3
senegal,3
muntenegro,3
leone,3
suriname,3
uganda,3
pash,3
angola,3
verde,3
lebanon,3
tomé,3
príncipe,3
legislature,3
albania,3
austria,3
estonia,3
fiji,3
germany,3
italy,3
latvia,3
macedonia,3
mauritius,3
slovakia,3
turkey,3
cambodia,3
lesotho,3
queen,3
over,3
independent,3
each,3
general,3
belize,3
kitts,3
nevis,3
vincent,3
semi,3
nation,3
bahrain,3
liechtenstein,3
monaco,3
power,3
oman,3
qatar,3
form,3
religious,3
vatican,3
communist,3
cuba,3
laos,3
syria,3
year,3
have,3
governments,3
bosnia,3
herzegovina,3
grande,3
union,3
nigeria,3
five,3
granted,3
status,3
philippines,3
historical,3
lena,3
part,3
they,3
tritonai,3
bank,3
poraymos,3
mudaren,3
nacistur,3
josef,3
justin,3
jon,3
auschwitz,3
holokaùsto,3
aśund,3
gïndo,3
kourthiade,3
bićhalel,3
holokausto,3
shagede,3
nesave,3
interlingua,3
population,3
baryaripenasko,3
jivipenasko,3
manushtne,3
umalenge,3
telefonoske,3
plan,3
guam,3
virgin,3
information,3
algeria,3
cape,3
congo,3
diego,3
zimbabwe,3
namibia,3
discontinued,3
originally,3
digit,3
cyprus,3
covered,3
europe,3
services,3
indonesia,3
above,3
such,3
perutne,3
maritime,3
palestina,3
mongolia,3
zanya,3
aleksandru,3
cel,3
chavo,3
mombay,3
bharatesko,3
parko,3
talukdar,3
tehsildar,3
distrikturengo,3
inde,3
ml,3
ut,3
tehsil,3
estado,3
rigyarimata,3
rejyune,3
meras,3
nina,3
churarya,3
mosocz,3
galeria,3
selyange,3
estutne,3
serbikani,3
kroatikani,3
khangeryaki,3
sanskrtikani,3
persikani,3
italikane,3
uralikane,3
svedo,3
samoyedikane,3
samoyed,3
ugrikane,3
komi,3
mari,3
samikani,3
melodiya,3
kreyolikane,3
sino,3
tibetani,3
asiatikani,3
dravidikani,3
lyle,3
boas,3
austin,3
goddard,3
lincoln,3
indiana,3
papuan,3
cultural,3
linguistic,3
stanford,3
classification,3
godyate,3
pherdo,3
zorali,3
paruvimata,3
kror,3
ginavipen,3
aryano,3
federalni,3
bundesrepublik,3
kurepen,3
amerikano,3
change,3
jermano,3
ofis,3
orkestar,3
kristal,3
kad,3
anglutno,3
musaj,3
ori,3
vakyaren,3
pijin,3
fana,3
ćaćipen,3
sb,3
flamenko,3
romale,3
sudestuni,3
osmano,3
beshle,3
lui,3
rindoj,3
gadjo,3
mukhl,3
ren,3
radio,3
paramića,3
em,3
ivelas,3
mashkaruni,3
kampiyono,3
achilo,3
witt,3
mukhle,3
marel,3
imediat,3
revista,3
lias,3
nane,3
boksa,3
lole,3
phare,3
tefan,3
mudardo,3
istoria,3
sandu,3
pulavy,3
foroske,3
polskyake,3
virtual,3
interneto,3
svako,3
aktoro,3
salt,3
toate,3
ćhaćhimata,3
lumeaqo,3
laćhărel,3
relàcie,3
komunistikani,3
endajalèkto,3
chibă,3
anglutne,3
latino,3
una,3
siempre,3
curitiba,3
brazilyako,3
gov,3
braziliyake,3
nabahha,3
rayan,3
tignestar,3
latinitska,3
ho,3
tua,3
nobis,3
tro,3
di,3
mindig,3
ake,3
ortodoksikani,3
dukh,3
angla,3
garade,3
minre,3
losh,3
saste,3
ab,3
lingua,3
deo,3
pakiaiben,3
unum,3
deum,3
patre,3
maría,3
homo,3
tyatroske,3
deshtonai,3
colombia,3
pahndimata,3
rromanipe,3
avres,3
baredivesa,3
gïndin,3
tuqe,3
aspektură,3
azban,3
butyi,3
kulturalno,3
centro,3
zido,3
trajo,3
moseom,3
serbo,3
sarayevo,3
sasa,3
katari,3
biyografiya,3
breinigerberg,3
hamburg,3
phiravdili,3
arakhlola,3
najanelpe,3
angleder,3
kerolpe,3
sikavela,3
hramyensa,3
tastatura,3
semnen,3
kolensa,3
roda,3
drabara,3
kerelpe,3
lenpe,3
liparyem,3
keryem,3
drabaryol,3
telyaripe,3
hramipasko,3
pobut,3
lokyara,3
dena,3
drabaryola,3
qhano,3
loko,3
mangena,3
nikana,3
perela,3
agorinyona,3
yere,3
phurd,3
diyanaki,3
romyaneski,3
yavre,3
namanglape,3
thera,3
siklolpe,3
lolpe,3
aku,3
siyan,3
avol,3
pordo,3
jukhol,3
moro,3
khanya,3
liparde,3
khereste,3
oleske,3
agorune,3
olesko,3
hramindoy,3
arakhlona,3
gramatikako,3
pherena,3
mangipe,3
khuvela,3
vakaryem,3
sistemeya,3
kerasa,3
mothavipe,3
parudipe,3
sakote,3
siklovipasko,3
khuv,3
vakar,3
luluji,3
tiknyaripe,3
hari,3
qhavoro,3
shtorso,3
jindo,3
hraminde,3
qaqipa,3
phiraven,3
shela,3
gurbet,3
lăs,3
dećizia,3
ts,3
xramosarde,3
hramosardo,3
villar,3
agorinya,3
berśen,3
islami,3
praga,3
fotbal,3
nasho,3
sî,3
organo,3
il,3
edu,3
cai,3
akhardi,3
österreich,3
bibliotekakoro,3
tano,3
nego,3
mora,3
kanuni,3
quang,3
portugezikanes,3
oriental,3
montevideo,3
bibliography,3
nora,3
ivel,3
adava,3
śird,3
sabina,3
khelavni,3
vo,3
thessaloniki,3
made,3
bioficijalno,3
muzkake,3
grànica,3
èsto,3
migrantură,3
vrămă,3
amèrika,3
familiaqo,3
kapòn,3
illinois,3
antofagasta,3
lavutari,3
roby,3
musical,3
baliardo,3
sovel,3
kamala,3
harris,3
themenqe,3
massachusetts,3
kansas,3
montana,3
dakota,3
oregon,3
biobío,3
pilar,3
echipa,3
lo,3
por,3
parte,3
viv,3
seduce,3
reality,3
mesjid,3
paxro,3
alfabeta,3
sveto,3
sepečides,3
internacionalno,3
celo,3
tegani,3
italia,3
kristanipen,3
islamipen,3
miami,3
gilabno,3
djivdipen,3
ili,3
importantno,3
televiziune,3
anglesikani,3
makine,3
śingale,3
ćaćes,3
yama,3
ves,3
plant,3
urnell,3
pekenk,3
butirel,3
phuveskro,3
samodor,3
devleskro,3
ray,3
barack,3
obama,3
politiko,3
biś,3
thovdăs,3
varekasqe,3
dośalo,3
zurali,3
dĭves,3
trebalas,3
gubèrno,3
nàcia,3
phandliben,3
bill,3
garavde,3
articole,3
oficial,3
isla,3
nacionalo,3
rap,3
tin,3
include,3
termenul,3
secolul,3
lea,3
ciuda,3
identificat,3
unde,3
figura,3
hulelas,3
black,3
you,3
horahane,3
turski,3
turkija,3
traiin,3
messiah,3
skepitori,3
islamichi,3
musulmana,3
mongol,3
fialuria,3
canadian,3
manushesko,3
porme,3
trinidadian,3
lip,3
kardashian,3
progràma,3
pàqi,3
sumnakuno,3
mudard,3
ruva,3
kanis,3
binomio,3
alto,3
vallenato,3
duxosko,3
putiera,3
milyon,3
termino,3
klishka,3
arakhle,3
tawil,3
ieke,3
fingo,3
pachaiepe,3
tsinorho,3
etnički,3
grupos,3
poronchinas,3
kerdilia,3
sport,3
dulce,3
waters,3
întreaga,3
său,3
era,3
timpul,3
unui,3
ilor,3
făcut,3
acest,3
insulă,3
peste,3
anatolia,3
jats,3
dada,3
mecca,3
monotheistic,3
sicharimos,3
viasta,3
pachalpe,3
muslimos,3
gabriel,3
bars,3
german,3
haliarel,3
zhanen,3
nazareth,3
sluga,3
zhukel,3
cm,3
thodias,3
mines,3
dino,3
mothonas,3
dia,3
kal,3
hinduismo,3
semnuria,3
buddhism,3
southeast,3
disiplo,3
nămo,3
zhigeni,3
miazol,3
museum,3
vakărdi,3
samarqàndo,3
trujal,3
kiniben,3
bikiniben,3
james,3
muj,3
kapòno,3
kriminàlne,3
jekhë,3
mudardăs,3
patĭv,3
dindoj,3
nasvaliben,3
esqo,3
influència,3
korkorro,3
krećiunosqo,3
serìa,3
răt,3
rakleça,3
ginaviben,3
varietèta,3
kulturàlno,3
mùzika,3
ciganosqo,3
rock,3
termèno,3
rumuniaqo,3
nùmaj,3
jackson,3
presley,3
xramosariben,3
vania,3
informàcia,3
phralărde,3
videòură,3
ćovaxaniben,3
adĕsutne,3
soćialne,3
marksismo,3
filozòfo,3
marks,3
interèzo,3
preśedintàjka,3
parlers,3
bakker,3
toulouse,3
harmattan,3
signalées,3
labiardo,3
rezulteto,3
hatiaren,3
amerik,3
jùlio,3
ròlo,3
fenomèno,3
français,3
xramosardias,3
englezikani,3
evropaqe,3
barbara,3
englezikano,3
orientalismo,3
khethaniben,3
dikhli,3
konkùrso,3
khethani,3
lum,3
nça,3
lokho,3
grupură,3
arakh,3
fauxmani,3
ćaćo,3
rasialno,3
miazutni,3
konstruktime,3
milionă,3
jekhf,3
gog,3
ljùm,3
mathematenqe,3
russel,3
kouturatosqe,3
leibnizosqo,3
xramosard,3
publikàcie,3
kätanosqe,3
hànkok,3
rrobur,3
orìgena,3
prdal,3
indigenikane,3
importànto,3
ćaćimata,3
biśto,3
statosqi,3
pikasò,3
desèno,3
pàrko,3
zur,3
ekonomìa,3
maosqo,3
kohen,3
śu,3
rodimatanqo,3
genocidosqo,3
informaciaqo,3
hudson,3
long,3
manhattan,3
brooklyn,3
beach,3
orlando,3
mountain,3
tsinorhi,3
ocupat,3
func,3
greciei,3
iunie,3
carolina,3
jilatri,3
ivend,3
beng,3
proyekto,2
vîkîpediya,2
richard,2
lekhel,2
thaneste,2
lekhavimos,2
metodo,2
sistèmo,2
labărde,2
gupta,2
lekimata,2
lekên,2
şhay,2
xulavdo,2
semnură,2
xramosares,2
maśkarutni,2
ćentralno,2
cirra,2
latcho,2
yugoslaviya,2
kolavrenge,2
ćhibĕnça,2
bili,2
dialektură,2
lafora,2
varietetură,2
nativne,2
naròdo,2
motìvo,2
konsekvencurĕn,2
linga,2
misalake,2
rejosko,2
godisarel,2
xoraxaya,2
turkurya,2
sind,2
panjab,2
peravden,2
rekshoriya,2
jâtî,2
caste,2
miyazon,2
anglizikani,2
xanro,2
domestic,2
slave,2
hindustanurya,2
tradine,2
subbardodvip,2
oriyentalutni,2
beshlen,2
bisantino,2
arakhlen,2
mata,2
bal,2
shi,2
phirutne,2
pravaren,2
vastne,2
metalenge,2
siklile,2
rup,2
sastri,2
evropake,2
chibyake,2
ander,2
politikane,2
rigyarde,2
bernard,2
report,2
artikolurya,2
ververipen,2
straturya,2
erli,2
rićhinari,2
spoitori,2
gurbeti,2
navne,2
lovari,2
courthiadeske,2
zumavipen,2
alosardyovel,2
pasharni,2
yekhto,2
pashnavni,2
navni,2
englizikani,2
rule,2
town,2
chitisarel,2
andine,2
writing,2
atituduria,2
ginduria,2
sikliardi,2
ideologia,2
mar,2
dasikani,2
sam,2
we,2
colin,2
aryan,2
cluj,2
napoca,2
rakhepen,2
bistarden,2
chibiya,2
spaniyolikane,2
shelbersheske,2
yelenikano,2
sintengero,2
sanskritikano,2
themendar,2
makar,2
navyarel,2
punjabi,2
apache,2
janglen,2
mtv,2
abcd,2
yekhipen,2
desiyenge,2
seloro,2
lambadi,2
dumult,2
jivisarden,2
musulmanurya,2
nashen,2
cira,2
andhra,2
phirel,2
mothoven,2
rivista,2
juvlya,2
tayo,2
rodipen,2
janas,2
born,2
biyandivdo,2
bidudale,2
gore,2
ternen,2
im,2
patyal,2
jal,2
source,2
palekondisiya,2
latcharel,2
windows,2
kashmiri,2
bhili,2
konkani,2
nepali,2
lipi,2
svâra,2
vokalurya,2
konsonanturya,2
grafem,2
pâ,2
labyardyovel,2
phanden,2
lekhavdyovel,2
regule,2
phandipena,2
pasharno,2
organizaciya,2
jure,2
arabikane,2
thanutno,2
phendya,2
shelbersheste,2
inklel,2
bućhŏlas,2
valaxia,2
bukureśto,2
tèma,2
zakonurya,2
vakerlin,2
livnya,2
duye,2
bershende,2
xulayarel,2
ministrongo,2
estikani,2
ukrainurya,2
jermanurya,2
rusurya,2
thanimatengo,2
sanskrtipnasko,2
sivilizasyon,2
amerikyake,2
kvechua,2
kuzko,2
ofisyalne,2
nasyonalne,2
prinjardyoven,2
asamikani,2
asam,2
bengali,2
tripura,2
gujarat,2
arunachal,2
jharkhand,2
rajasthan,2
utar,2
goa,2
manipur,2
sikkim,2
oriya,2
hindikane,2
andra,2
chhattisgarh,2
triburya,2
pendi,2
tulu,2
nikobar,2
shuto,2
kidime,2
bixutando,2
falimata,2
anavesa,2
maastricht,2
finlanda,2
portekaliya,2
association,2
kkaihmandu,2
islamabad,2
malé,2
colombo,2
agrikultura,2
lachharipen,2
sastipen,2
mapa,2
makedoniyako,2
šuto,2
butjangli,2
fotografiya,2
phup,2
situatsiya,2
beijing,2
kidipnaske,2
khchj,2
duxo,2
divesardo,2
superbarodvip,2
barodviposko,2
eurasiya,2
phanglyas,2
butjanglo,2
pangaea,2
opralutno,2
shirdipnaste,2
barilyas,2
buxlyarimata,2
phandel,2
forovipnaske,2
kopenhaga,2
maladipen,2
avrutno,2
schuman,2
mangimos,2
phandli,2
okshidentutni,2
autonomiya,2
rika,2
oriyentuti,2
jermaniyako,2
letoniya,2
ungriko,2
forura,2
debrecen,2
szeged,2
miskolc,2
pécs,2
sanskrtipe,2
česká,2
lituanikani,2
atlantikosko,2
organisation,2
fransekani,2
manushikanimos,2
stăgo,2
opraluni,2
rang,2
teluni,2
zeleno,2
styagosko,2
evropyako,2
kiderindoy,2
sinonimo,2
britain,2
anderyarindoi,2
mie,2
bimesto,2
kiderindoi,2
great,2
falkland,2
chentro,2
mashkarthemutni,2
situaciya,2
shovturya,2
dublin,2
ulster,2
scots,2
franchezikanes,2
muro,2
milay,2
uov,2
kolavre,2
tld,2
barimata,2
antarktika,2
large,2
note,2
considered,2
larger,2
greenland,2
thumb,2
barodvipkane,2
lenyake,2
vulkaneske,2
deryaasa,2
chhorel,2
ukrainiyaki,2
yalta,2
odesa,2
sevastopol,2
zuğa,2
béal,2
feirste,2
down,2
ćhel,2
teoriură,2
highest,2
brahmani,2
religiona,2
filosofia,2
dromutne,2
instrumenturĕnça,2
etničko,2
naśle,2
èfròpa,2
informacia,2
ròbia,2
sklavipen,2
pages,2
blog,2
culture,2
partido,2
romilor,2
persento,2
selores,2
autoritetenge,2
dromenge,2
zhudeco,2
etno,2
savaxt,2
ariyanikanes,2
varvar,2
miazmata,2
chibavipenaske,2
niyek,2
artikolo,2
lekhesko,2
bech,2
vinya,2
judetso,2
administratikani,2
judesurya,2
sudvesto,2
februara,2
sofi,2
marinova,2
lyubov,2
obicham,2
giliyako,2
bashavdo,2
komunistikano,2
slobodne,2
aśunen,2
ofićiàlno,2
italikanes,2
alosardi,2
barili,2
college,2
these,2
times,2
otto,2
cedomir,2
yovanovic,2
rose,2
romeo,2
petra,2
mario,2
mettbach,2
luís,2
raiko,2
katarina,2
grigorash,2
diniku,2
weiss,2
mehrstein,2
romika,2
puchanu,2
rejepova,2
azis,2
shaban,2
bayramovic,2
fazliya,2
sido,2
hasso,2
menowin,2
fröhlich,2
aktorya,2
yul,2
zhean,2
khelavne,2
kortes,2
sporto,2
jakob,2
raymond,2
eric,2
pierre,2
gerd,2
rosa,2
nicolae,2
dharmesko,2
sheralo,2
mohach,2
problema,2
shkipikani,2
ipa,2
ginesko,2
jammu,2
factbook,2
brandon,2
ascension,2
tristan,2
cunha,2
katovitse,2
shlesiya,2
sikingro,2
sudestutni,2
rumuniyatar,2
slovaikostar,2
jutisardyas,2
budapesht,2
makyarekani,2
astardyas,2
franchikanes,2
zvolen,2
sikheriya,2
zvolenostar,2
bershenge,2
mahatma,2
butshundo,2
siklen,2
rakle,2
siklovne,2
universiteto,2
slovayka,2
siklel,2
sanskritipen,2
astaren,2
bratislava,2
travel,2
kerdine,2
forurensa,2
administratikano,2
kayro,2
ayres,2
forurenca,2
churari,2
kroatikanes,2
fünfkirchen,2
slovaika,2
mashkarune,2
vaxta,2
luis,2
wikivoyage,2
tigani,2
kyoto,2
tel,2
instituciye,2
paruvden,2
mit,2
malo,2
belgrado,2
dharmaskro,2
lekhavindoi,2
bešel,2
palutno,2
nyamurya,2
sirale,2
lager,2
bichhalde,2
lumyako,2
roads,2
say,2
krym,2
qırım,2
rusikano,2
munichipalitaturya,2
dzhankoy,2
krasnoperekopsk,2
saky,2
yehudurya,2
polonurya,2
xulyaripenasko,2
republike,2
administaciyako,2
afghanistan,2
botswana,2
burkina,2
faso,2
burundi,2
chad,2
kolumbiya,2
democratikani,2
dominikani,2
gambiya,2
bissau,2
kiribati,2
mali,2
marshall,2
microneziyake,2
namibiya,2
nauru,2
nijeriya,2
togo,2
mostly,2
republics,2
however,2
there,2
serves,2
figurehead,2
includes,2
dominica,2
greece,2
lithuania,2
tunisiya,2
vanuatu,2
only,2
exercises,2
largely,2
princes,2
belgium,2
luxembourg,2
spain,2
elizabeth,2
example,2
representative,2
antigua,2
barbuda,2
jamaica,2
guiney,2
lucia,2
grenadines,2
solomon,2
tuvalu,2
still,2
can,2
jordan,2
kuwait,2
he,2
yet,2
brunei,2
swaziland,2
tonga,2
religion,2
forms,2
universal,2
policy,2
whose,2
hiearchy,2
eritrea,2
control,2
high,2
mauritania,2
august,2
transitional,2
somalia,2
antilles,2
territory,2
oblast,2
separate,2
delegated,2
self,2
full,2
divided,2
municipalities,2
administrative,2
macau,2
serbia,2
significant,2
notes,2
global,2
panya,2
uchhardo,2
genocìdo,2
dośale,2
bibaxtalo,2
śere,2
heinrich,2
mengele,2
ritter,2
sima,2
samudaripnasqe,2
lumăqo,2
poravipen,2
nić,2
punre,2
azbăs,2
meren,2
diskriminasiya,2
kategoriye,2
myazutne,2
xatyarimata,2
institutsiyengo,2
federatno,2
telenasyonalo,2
kolaja,2
pravo,2
agjar,2
kolende,2
chibja,2
kerelape,2
lekhavde,2
vakyardi,2
phenas,2
muliben,2
uvdiben,2
rromanë,2
lumea,2
englezicka,2
śpanŏlicka,2
konstrùktime,2
ćhibăn,2
novial,2
shaap,2
milionurya,2
suki,2
prospects,2
palemdikhipen,2
lekhavipenesko,2
ginel,2
phn,2
uau,2
been,2
below,2
xxx,2
amerikani,2
bermuda,2
many,2
anguilla,2
british,2
turks,2
caicos,2
tunisia,2
gabon,2
formerly,2
kenya,2
zanzibar,2
zambia,2
their,2
assignments,2
nagorno,2
yugoslavia,2
go,2
shared,2
groups,2
telephone,2
nicaragua,2
costa,2
rica,2
located,2
outside,2
newfoundland,2
bolivia,2
franchezikani,2
australian,2
gilbert,2
ekipen,2
uzalutne,2
telecommunications,2
future,2
dubai,2
public,2
kyrgyzstan,2
xx,2
mcmurdo,2
base,2
scott,2
direkto,2
telefonosko,2
telecommunication,2
standardization,2
recommendations,2
int,2
dms,2
pub,2
opb,2
bhil,2
garasia,2
koli,2
surashtra,2
khandeshi,2
taru,2
link,2
chatcho,2
moldoviyako,2
bun,2
suchava,2
biboldengo,2
biboldurya,2
jidovurya,2
yasheske,2
remenikane,2
jermanikane,2
bombay,2
stock,2
exchange,2
alsardo,2
guvernurya,2
polisiyako,2
rigyade,2
tehsilurya,2
divisions,2
assam,2
madhya,2
sk,2
indiyatar,2
taluk,2
telenacyonale,2
anglezikano,2
malayeziya,2
federatikano,2
jermanikano,2
länder,2
bundesländer,2
subyekturya,2
autonomikane,2
xv,2
germania,2
eftavagarya,2
estraxarya,2
thanutne,2
baśavne,2
raja,2
dahir,2
kau,2
dran,2
aano,2
win,2
wass,2
chhibango,2
vaslui,2
upro,2
terra,2
paruvdo,2
mossovych,2
mayus,2
olim,2
dikhipena,2
ján,2
kollár,2
zora,2
lekhavni,2
paxra,2
familyorri,2
chhibyange,2
makedonikani,2
xasardi,2
lekhipena,2
albanikani,2
frijiyani,2
yelinikani,2
dachikani,2
satem,2
sentum,2
xulaven,2
prusikano,2
chhibako,2
plaina,2
tawgi,2
ostyak,2
finno,2
permikane,2
zyrian,2
volgaikane,2
fenikane,2
ingrikani,2
karelian,2
karelikani,2
aunus,2
voro,2
asp,2
fishtesavya,2
denipena,2
paruven,2
chinezika,2
paruvdyas,2
japonezika,2
savya,2
endaya,2
nilo,2
saharani,2
pama,2
nyungan,2
uralikani,2
trans,2
bidudali,2
bulletin,2
print,2
mithun,2
eds,2
ives,2
indians,2
sturtevant,2
map,2
gordon,2
jr,2
dallas,2
preliminary,2
voegelin,2
index,2
vakyaripnasko,2
familiyake,2
bangla,2
chorengi,2
bashavipen,2
balval,2
shil,2
chatalhöyük,2
khamesko,2
war,2
yekhethaniben,2
vest,2
zika,2
sosyalisto,2
deutsche,2
kapitalisto,2
paruviben,2
kerda,2
ost,2
elvesiya,2
ională,2
xulyaripnaski,2
rani,2
rumunika,2
lekhipnaske,2
dex,2
xalyaripnasko,2
angelova,2
orìgine,2
ndili,2
muzikaqi,2
albùmo,2
qi,2
video,2
dujgilavnipen,2
lyusi,2
imam,2
avav,2
baxtagorutni,2
lensa,2
korpo,2
bersheski,2
astaripen,2
ziua,2
ramol,2
simbolis,2
kodi,2
keras,2
simboli,2
tamilikano,2
tamilikane,2
kovle,2
yarko,2
yovanovichestar,2
lungone,2
dikhav,2
romalen,2
mansa,2
sudovestuni,2
mustafa,2
español,2
romanó,2
londoniya,2
anton,2
sliven,2
române,2
nastratin,2
date,2
valentin,2
septèmbro,2
komùna,2
źos,2
artistikane,2
copilul,2
adi,2
filmur,2
konsìlo,2
populàro,2
pirrasa,2
vno,2
je,2
ve,2
birumunikane,2
leskovach,2
yuzni,2
vetar,2
popularno,2
isto,2
silo,2
españa,2
śpană,2
anderyaripnasko,2
dzeno,2
umala,2
kordoba,2
granada,2
caco,2
cacimata,2
kristiyane,2
danikanes,2
deryavake,2
library,2
wilhelm,2
trintonay,2
kategoriya,2
sportesko,2
ariyano,2
kompetisia,2
sinto,2
trollmanes,2
kadiyal,2
khelda,2
marda,2
virama,2
agoral,2
xale,2
xoli,2
chuch,2
nul,2
phagen,2
dumukha,2
desar,2
karyera,2
bala,2
neuengamme,2
morshes,2
nasvalo,2
peraven,2
leskero,2
deutscher,2
delas,2
oxtonay,2
djene,2
xulay,2
thon,2
mala,2
iile,2
greko,2
kurov,2
polskani,2
kurovka,2
katolikane,2
jalimata,2
sorin,2
sexy,2
ada,2
kaleh,2
chiri,2
tine,2
series,2
nea,2
mărin,2
miliardar,2
bra,2
ele,2
ovidiu,2
împu,2
cături,2
sus,2
felix,2
munte,2
vară,2
moartea,2
ou,2
imdb,2
printre,2
dintre,2
olandikanes,2
dro,2
gitano,2
xramosarindoj,2
rromença,2
èvròpa,2
xramosardăs,2
learn,2
inglezitska,2
kalderashitska,2
kèbek,2
mundo,2
américa,2
años,2
querer,2
como,2
lekhavdya,2
aktorni,2
svedoske,2
lekahvdi,2
ramosardi,2
pater,2
noster,2
mangipen,2
bibliya,2
evangeliya,2
kiro,2
amin,2
naayram,2
amboldipen,2
tois,2
basileia,2
hōs,2
ton,2
hēmin,2
hēmas,2
eis,2
sicut,2
vilago,2
amên,2
hi,2
piya,2
ekta,2
ciŋ,2
nuwe,2
eċuŋ,2
aŋpetu,2
táku,2
óhiŋni,2
davidoski,2
bithami,2
munro,2
mande,2
nasul,2
tute,2
bithamia,2
bezeha,2
mange,2
ujo,2
phabardimata,2
yerosalem,2
okona,2
mei,2
secundum,2
iniquitatem,2
meam,2
meo,2
quoniam,2
meum,2
ecce,2
enim,2
peccatis,2
mihi,2
super,2
lætitiam,2
meis,2
cor,2
spiritum,2
sanctum,2
domine,2
sacrifícium,2
tunc,2
savorengo,2
biando,2
vudud,2
dadesa,2
dóminum,2
ómnia,2
propter,2
pro,2
amala,2
kelena,2
bakren,2
ella,2
veres,2
white,2
avas,2
inkalavel,2
paramicha,2
transylvania,2
way,2
miro,2
don,2
bogotá,2
ivipen,2
aspèktură,2
metodură,2
bàjură,2
grupora,2
vìca,2
ververutne,2
xatărimata,2
ćeri,2
ćhuvel,2
ling,2
lolo,2
gïndis,2
lùngo,2
tordyol,2
leska,2
majfeder,2
metera,2
butyanca,2
amal,2
sándor,2
dichon,2
adyes,2
butyako,2
muzeum,2
sijerčić,2
saray,2
sikamni,2
school,2
tradili,2
autori,2
dp,2
uetersen,2
jermane,2
dayaki,2
mothavol,2
tomina,2
baza,2
loki,2
dikhelpe,2
jivdipe,2
kompyutereski,2
literature,2
hramisale,2
therindoy,2
therel,2
hraminyon,2
theryem,2
buhle,2
shunyarol,2
shayipe,2
melodikani,2
dendili,2
devlesta,2
kompyuteri,2
ulavdo,2
avaze,2
gandindoy,2
qhibyake,2
dendoy,2
hraminyem,2
qhuri,2
ulavyona,2
khuven,2
doshalo,2
lugi,2
buhli,2
phal,2
sasti,2
perena,2
gandimo,2
gramatikani,2
priyoriteti,2
diyalekteske,2
halyon,2
sig,2
qaqikane,2
lipara,2
munri,2
harno,2
akaleya,2
janglarela,2
vakaripaske,2
tiri,2
vokalyengi,2
ava,2
puqipasko,2
kase,2
kasko,2
luludya,2
iripasko,2
eske,2
enge,2
diyana,2
akuzativ,2
mur,2
diyanako,2
romyanesko,2
phandipe,2
tabela,2
mothavyol,2
harnipa,2
piri,2
ole,2
yekhipa,2
avazeya,2
agoruno,2
toro,2
qaquno,2
dikhlem,2
agorinyonay,2
vakarla,2
ulaven,2
muthavela,2
doshale,2
olaki,2
qhane,2
balo,2
lima,2
drabaripe,2
hraminyola,2
hramipasta,2
hana,2
liparen,2
akh,2
sikava,2
mangipa,2
pakyav,2
halyovipa,2
thovas,2
keraya,2
keraha,2
ovena,2
personaluno,2
pronomi,2
olengi,2
olensa,2
parudinyona,2
pronomengo,2
jeneske,2
sakoya,2
ovlay,2
aqhola,2
standarduni,2
qaqek,2
hraminyona,2
problemya,2
kherende,2
vakaripasta,2
jili,2
alavenge,2
peren,2
podi,2
pherel,2
qhibyaka,2
bilaqipe,2
rodipe,2
khelipe,2
maripe,2
srbikani,2
sida,2
purminyol,2
thane,2
vakardilo,2
rajko,2
rodlarde,2
akharyona,2
mahalake,2
polok,2
crimean,2
lovara,2
standarzuime,2
ortografia,2
standàrdo,2
jo,2
kàzo,2
ververiben,2
ágreda,2
alcubilla,2
barca,2
bayubas,2
abajo,2
cabrejas,2
osma,2
ciudad,2
caracena,2
carrascosa,2
fresno,2
magaña,2
miño,2
medinaceli,2
esteban,2
muriel,2
ucero,2
yanguas,2
velilla,2
biyando,2
kerya,2
matematikako,2
sikavno,2
provinciye,2
khetaniben,2
robia,2
cultura,2
populatia,2
marto,2
references,2
giurtelecu,2
imleului,2
iraf,2
art,2
timisoara,2
bulgari,2
dil,2
ehin,2
fóros,2
dživel,2
šerutno,2
rudolf,2
praha,2
chexiyako,2
team,2
inday,2
presedynto,2
kar,2
channel,2
kerav,2
wengu,2
poetseers,2
cn,2
html,2
ukr,2
kapitalya,2
anday,2
vakeren,2
elvetsiya,2
liechtenstayno,2
ungarikano,2
sarinenge,2
manušenge,2
milionja,2
saikerela,2
astrid,2
primeroko,2
bibliotekake,2
themutni,2
baze,2
libris,2
soj,2
naučno,2
stockholm,2
berš,2
bešena,2
shavoro,2
gindil,2
palenciya,2
osasco,2
paulo,2
cl,2
venesuela,2
città,2
vaticano,2
importàntno,2
pàpo,2
religia,2
yisra,2
isra,2
milton,2
gatlif,2
khelen,2
stéphane,2
gelindoj,2
malad,2
izidorosqo,2
lośalo,2
ven,2
kulturaqe,2
eni,2
xulavd,2
plaćal,2
rona,2
hartner,2
serban,2
angela,2
yelenestan,2
alboma,2
rávágok,2
zongorára,2
hit,2
piano,2
járom,2
utam,2
balogh,2
mária,2
baso,2
youtube,2
ungaricki,2
lamurasiya,2
valparaiso,2
aires,2
brasília,2
wikimedia,2
category,2
paz,2
hualpén,2
coronel,2
lota,2
minh,2
makyerikani,2
distrìkto,2
federàlno,2
èstikani,2
manhàtono,2
staten,2
ìzolo,2
foros,2
pimata,2
dogsură,2
èstosqi,2
sùdosqi,2
simbòlo,2
michigan,2
superior,2
erie,2
lenqo,2
aresle,2
vitacura,2
chillán,2
montt,2
varas,2
castro,2
bashavlas,2
ludwig,2
liszt,2
post,2
friends,2
goes,2
ternipen,2
kerdjosavajli,2
membrimos,2
surmaj,2
diskografija,2
album,2
ext,2
nicolas,2
tonino,2
gitana,2
very,2
somos,2
gitanos,2
roots,2
pichilemu,2
calama,2
talca,2
linares,2
amerićiaqe,2
sï,2
śeliberśes,2
kodova,2
telutni,2
pozìcia,2
sovietikne,2
śtatură,2
vardeś,2
śtatur,2
alabama,2
alaska,2
arkansas,2
kalifornia,2
idaho,2
karolina,2
oklahoma,2
campora,2
giovanni,2
cosenza,2
finnosko,2
tšimbengo,2
instituutos,2
tšimbako,2
lebu,2
hoa,2
niemeyer,2
hans,2
cereceda,2
geografía,2
tomo,2
viii,2
hidrografía,2
edición,2
geográfico,2
militar,2
cuenca,2
loa,2
región,2
tre,2
coquimbo,2
banderi,2
caselle,2
landi,2
siligo,2
amerikyako,2
girls,2
tropical,2
like,2
real,2
locura,2
rosario,2
pink,2
closer,2
oba,2
hanguk,2
cami,2
aksa,2
sultan,2
vačerena,2
generacia,2
diskriminacia,2
migracia,2
piklji,2
avdije,2
lafija,2
romengoro,2
organizacie,2
aranžirinena,2
festivalia,2
seminaria,2
koncertia,2
konferencie,2
datum,2
nacionalno,2
eftato,2
zagreb,2
biboldopen,2
jajinipen,2
cher,2
rita,2
mihalache,2
vegas,2
sua,2
ginepaskengro,2
bridge,2
polskine,2
filel,2
studio,2
streaming,2
multimedia,2
tour,2
word,2
websites,2
swedish,2
parliament,2
council,2
manusheskoro,2
vakeri,2
biografiya,2
sikipaskeri,2
apari,2
serie,2
bareste,2
nortestutni,2
sahra,2
grekiya,2
search,2
okeyanuriya,2
atlantik,2
border,2
nekvan,2
vurbo,2
angl,2
vurdi,2
polìcia,2
policistur,2
trùpo,2
franchiyako,2
gala,2
baresto,2
oksijeno,2
gas,2
bono,2
janavori,2
rukh,2
bero,2
paniyeskro,2
bollepen,2
madenen,2
helping,2
leskre,2
rights,2
ćherxan,2
jenetlo,2
vashengro,2
body,2
jer,2
menix,2
sintengro,2
baptiste,2
shtas,2
liberchies,2
amois,2
seine,2
eugene,2
kristuno,2
bitchepaskro,2
patsepen,2
kras,2
deva,2
albuquerque,2
trump,2
bush,2
tèksas,2
gàrdo,2
harvard,2
gubernatori,2
populàrno,2
court,2
vòja,2
baribalval,2
katrina,2
dab,2
baribalvală,2
pană,2
deklarisardăs,2
loven,2
dukhavne,2
neves,2
nacionàlo,2
aźutipnasqe,2
bućhŏl,2
znaćisarel,2
phoenix,2
rmy,2
edi,2
rome,2
kakava,2
milliyon,2
presidento,2
atlanta,2
kilometri,2
bridgetown,2
karejibe,2
kùba,2
hispan,2
repùblika,2
ìzolur,2
teritòrio,2
indigenosqe,2
robur,2
ànglia,2
britània,2
plantàcie,2
dominican,2
indies,2
hispaniola,2
phangli,2
cariba,2
mona,2
passage,2
manu,2
foarte,2
weapon,2
guillermo,2
lasso,2
mortalismul,2
credin,2
sufletul,2
mod,2
poate,2
numele,2
astfel,2
mortalism,2
încă,2
vedere,2
fiind,2
urmă,2
atât,2
pierdut,2
moarte,2
somn,2
iar,2
includ,2
universală,2
sau,2
cele,2
apoi,2
opozi,2
unor,2
organizate,2
religioasă,2
xvi,2
luther,2
carpenters,2
carpenter,2
close,2
road,2
doors,2
morrison,2
ladyhigh,2
sydney,2
melbourne,2
basshunter,2
jonas,2
generation,2
yada,2
khorakhane,2
chorachane,2
tsigani,2
çingenesi,2
turkogifti,2
grupul,2
bijav,2
mangava,2
chingene,2
kulturale,2
profesia,2
bolde,2
lashimos,2
kerdiol,2
chidine,2
narodoske,2
arabo,2
persia,2
phuvia,2
balkanos,2
plai,2
wisconsin,2
memphis,2
vermont,2
connecticut,2
cardi,2
oktobros,2
barimos,2
kuchi,2
kardashians,2
selia,2
sosiale,2
ocean,2
ćerxaj,2
keeping,2
kanye,2
phenă,2
kàjtlin,2
atunća,2
kendall,2
vl,2
simpson,2
popular,2
patria,2
bichinen,2
narodos,2
eurasia,2
parnićose,2
xanci,2
shovtonai,2
discogs,2
musicbrainz,2
allmusic,2
shrii,2
duxoski,2
musai,2
shoxar,2
laši,2
chachimos,2
rhaio,2
seren,2
solax,2
pristina,2
didikoy,2
manusheske,2
romanos,2
paspati,2
divininas,2
zhuvlia,2
bir,2
xain,2
riat,2
parhudile,2
vas,2
muia,2
tume,2
raduimos,2
pharhado,2
megleno,2
wallachia,2
inchal,2
musulmane,2
trakiya,2
manushensa,2
nachinaisailo,2
shtarvardesh,2
martie,2
autor,2
mighty,2
rivers,2
născut,2
crescut,2
universitatea,2
bristol,2
kent,2
coală,2
străinătate,2
avea,2
râu,2
oamenii,2
prinde,2
toată,2
doar,2
lire,2
trei,2
reu,2
câ,2
fi,2
mahseerul,2
himalaya,2
scris,2
câteva,2
tiam,2
unei,2
călătorii,2
dată,2
filmul,2
rolul,2
târziu,2
anterior,2
deep,2
două,2
serialul,2
documentar,2
animal,2
planet,2
explorează,2
masho,2
hulade,2
sulukule,2
ottomanoske,2
kerelas,2
lelas,2
fatima,2
miliardia,2
abrahamosko,2
kuran,2
quran,2
tekov,2
hadis,2
ramomos,2
phendiasas,2
jinen,2
zhidovisko,2
ephesus,2
jesusoski,2
pachanaspe,2
yorkshire,2
breshind,2
chiriklia,2
ane,2
zhidovo,2
murho,2
beshela,2
getolpe,2
phenes,2
phari,2
avgusto,2
rhomni,2
dragostia,2
rhom,2
phaglo,2
etc,2
mariako,2
iakh,2
zhungalo,2
parhudilo,2
chererhai,2
pansh,2
linia,2
normale,2
sakadia,2
vastensa,2
hindus,2
veda,2
dela,2
nanak,2
gazdaske,2
amperatsi,2
grekicka,2
inkerdion,2
judahoski,2
kotsar,2
crimea,2
vorbensa,2
dobruja,2
emmerich,2
pope,2
arabese,2
lashe,2
hindo,2
vuzho,2
brahmano,2
sicharen,2
inkerde,2
hun,2
titanik,2
avril,2
phirelas,2
xalas,2
chasuria,2
rafet,2
babaeski,2
akhenaten,2
iii,2
aton,2
nefertiti,2
neues,2
greposhevo,2
murshesko,2
chorho,2
òzbekikani,2
ćentràlno,2
akcèso,2
afghanisthan,2
bukhara,2
relìgia,2
beśle,2
àsia,2
ak,2
bukhoro,2
thagaribnasqe,2
keźlano,2
lovenqe,2
phralăriben,2
forurĕnqo,2
gavenqo,2
transoksiana,2
rihanna,2
nicki,2
port,2
maraj,2
minneapolis,2
śtato,2
januaro,2
scarface,2
outfit,2
berśenqe,2
arakhutno,2
torrio,2
side,2
astariben,2
kaponosqe,2
esqe,2
paśales,2
buxlărdăs,2
palma,2
mary,2
xramosarne,2
filmosqe,2
anglibnasqe,2
samudarimata,2
pućhimata,2
konfliktură,2
bilaćhi,2
polàndo,2
serìe,2
filmosqi,2
kodoles,2
nakhavel,2
berśenqi,2
columbus,2
macaulay,2
culkin,2
pesci,2
daniel,2
mccallister,2
bilośalo,2
dilimata,2
gunojesqo,2
aeropòrto,2
mukhlo,2
konik,2
vordona,2
mccallisterenqo,2
kingărde,2
angles,2
eça,2
rakli,2
dukhavel,2
bivojaqes,2
naśen,2
paśutno,2
ćordĭne,2
raklesqe,2
khethano,2
internetosqe,2
idèja,2
italianicka,2
februàro,2
barodĭves,2
generalnones,2
inkerdo,2
ćhaćhes,2
godăqo,2
varietètură,2
labărel,2
gogol,2
bordello,2
balkane,2
influencisardo,2
śirdiben,2
aplikàcia,2
gilăviben,2
kanadaqe,2
manuśni,2
xramosarni,2
drabarno,2
literaturaqe,2
bućhon,2
amerikăqe,2
mardăs,2
mèdia,2
śukare,2
materialură,2
metòdură,2
xitajkane,2
kumpanìa,2
mihaela,2
kontèkstură,2
labăriben,2
mark,2
paśutnença,2
marksismosqo,2
tennessee,2
kontroversàlo,2
devi,2
biăndili,2
advokàtka,2
kalifornăqi,2
kalifòrnia,2
oakland,2
xindusthanesqi,2
alosardine,2
miśkimata,2
flamènko,2
lavpustika,2
grammar,2
geoff,2
gießen,2
für,2
pour,2
béziers,2
agéncia,2
occitana,2
comunicacion,2
śirpustik,2
qiri,2
crdp,2
midi,2
pyrénées,2
terre,2
langues,2
autre,2
inalco,2
ganges,2
littérature,2
études,2
peuple,2
djargon,2
argo,2
devlikani,2
zedong,2
jùnio,2
revolucia,2
ćhoriben,2
mangl,2
latinosqe,2
implikisarel,2
reformur,2
unitisardime,2
batista,2
lavpustik,2
alavară,2
aćhel,2
publikisarde,2
fauxmanismo,2
aleksandra,2
śtar,2
käldäräresqo,2
kamel,2
pinkey,2
drabarni,2
kanadaqo,2
drabarnosqe,2
gurbetcko,2
englecko,2
traico,2
tràjko,2
ambolden,2
lev,2
horvath,2
milan,2
halwachs,2
phanda,2
critical,2
gypsylorismo,2
anglibenismo,2
konstrùktcia,2
ciganosqe,2
avil,2
qibàza,2
internèto,2
endajalekto,2
lingvistika,2
ëlektronikano,2
buxlăripen,2
machester,2
butăqo,2
alavenqe,2
enen,2
periòdo,2
blòko,2
direktutne,2
solduj,2
propaganda,2
ćingara,2
evenimentur,2
maribnasqo,2
orwell,2
rimata,2
pak,2
soćiàlo,2
vazden,2
rusia,2
rusikane,2
faśismo,2
duśmàno,2
gramàtika,2
kulturură,2
nămosqo,2
gïndisarde,2
brahminură,2
doma,2
ban,2
ara,2
israelo,2
ćentralo,2
interesime,2
arianikane,2
xindusthanesqo,2
alaven,2
xoxaviben,2
franka,2
siklŏl,2
kvalitetură,2
komplètno,2
regulàro,2
lumăqe,2
alavenqo,2
buxlărde,2
englezikane,2
mukhel,2
skurtărdo,2
maćh,2
avren,2
lokhărel,2
aktivìsto,2
interèso,2
solùcia,2
vrjàmă,2
sanskritosqi,2
latina,2
modèlo,2
sanskriti,2
paruvipnasqo,2
xoxavd,2
lno,2
rutno,2
phiravutne,2
avrikane,2
linguo,2
esperantosqo,2
jespersen,2
ćingarimata,2
projèktur,2
anenas,2
dukhavd,2
biblia,2
pnasqero,2
lingvìsto,2
profesòro,2
mathematanqi,2
hanover,2
xramosarimata,2
henri,2
charles,2
peano,2
pwankare,2
platonicis,2
mythis,2
logikutno,2
dobïndimata,2
fragments,2
arel,2
algèbra,2
gïndur,2
universàlo,2
mobìli,2
maśina,2
personaźo,2
logique,2
hachette,2
léopold,2
leau,2
internationales,2
science,2
princeton,2
ràjkh,2
nacistikani,2
politikano,2
phangle,2
manglăs,2
kur,2
muharem,2
serbezovski,2
krèole,2
gòlfo,2
guinèe,2
unitirime,2
preśedìnto,2
identipen,2
xasaripen,2
krèolur,2
turner,2
mekhl,2
xindusthanes,2
armenia,2
ćhavenqe,2
phandutnen,2
phendipen,2
creole,2
creoles,2
honolulu,2
athens,2
vèstutni,2
omn,2
organizàcăqo,2
dorăvo,2
ćhorromos,2
málaga,2
rx,2
vazdipen,2
gavutnenqi,2
źapanosqo,2
rxesqi,2
kampan,2
revolucionàle,2
korèikano,2
projèkto,2
persekutime,2
kulturalikani,2
kulturalikane,2
interakcie,2
ilin,2
tasvir,2
patch,2
vaśo,2
schutzstaffel,2
socialismo,2
rasa,2
ordo,2
germanikane,2
śingalo,2
tirkitiko,2
romiti,2
turkos,2
turci,2
elementuria,2
nilsson,2
sedentarăripen,2
populàcie,2
universiteta,2
jefferson,2
liparipnasqo,2
lagèro,2
reichszentrale,2
bekämpfung,2
zigeunerunwesens,2
sekuritat,2
zigeunerzentrale,2
inreźistràcia,2
kriminale,2
ipnasqo,2
rhf,2
antoneskosqo,2
kontèktso,2
koncentracionesqe,2
pharimos,2
societetaqo,2
sigurnipen,2
sklavur,2
ćorro,2
david,2
morava,2
ohio,2
panzh,2
tunnels,2
whitestone,2
sajt,2
hektara,2
hulandes,2
rhode,2
sacramento,2
newark,2
valley,2
mesa,2
iowa,2
herbs,2
vinegar,2
luck,2
easter,2
antias,2
ossetia,2
just,2
southeastern,2
greater,2
terrain,2
mountains,2
southern,2
safari,2
game,2
buffalo,2
monrovia,2
along,2
well,2
windhoek,2
rhyming,2
spice,2
isis,2
jilia,2
dichol,2
social,2
pinterest,2
sito,2
partidului,2
noua,2
democra,2
ales,2
alegerile,2
generale,2
charleston,2
američko,2
džilabatori,2
drake,2
drama,2
manglia,2
prezidente,2
strefial,2
vuloi,2
naisimos,2
intaino,2
kanchi,2
limon,2
lasharel,2
pruing,2
malus,2
pornografia,2
zhungalimos,2
statosa,2
pornhub,2
pornografie,2
websito,2
cannabis,2
latinesko,2
vulgate,2
akhardia,2
duzhmano,2
ansurilpe,2
rhomnia,2
vîkîpidiya,1
enchiklopedie,1
bershenske,1
anglisikani,1
vîkîpediyasa,1
fiteshsavi,1
ensiklopediya,1
dikhes,1
stallman,1
godisardya,1
konsepto,1
sha,1
vîkîpidiyatar,1
brahmî,1
brahmijasa,1
aśokeske,1
śelberś,1
bijandilăs,1
sudestikani,1
tibeto,1
koreanikano,1
hangul,1
ginengo,1
kerdilăs,1
hindû,1
arabîkane,1
lumă,1
tagaripnasko,1
şhelbershestar,1
şhelbersheste,1
brahmī,1
avilyen,1
şharada,1
devnagrī,1
lekhaden,1
çhibyaki,1
devânagâre,1
neamo,1
variante,1
lekipnaske,1
inklyas,1
miazon,1
manuşhenge,1
berşh,1
komisia,1
çhibiaki,1
standardizasia,1
dias,1
alfabêto,1
lekêl,1
lesa,1
kompŭterosqe,1
xramosaribnasqe,1
aparatură,1
lekhen,1
baxtales,1
alternatìvno,1
diakritikurĕnça,1
evròpa,1
lekhipnasqe,1
siklărde,1
ortografăqe,1
sistemură,1
alfabetură,1
latscho,1
lascho,1
lacio,1
aśunimos,1
dûyto,1
çhi,1
arakhlyas,1
drakipen,1
maşhkarthemutne,1
europate,1
jenendar,1
ewropake,1
barodvipurenge,1
penav,1
rupi,1
tal,1
rota,1
penes,1
vakăriben,1
buxlăribnasqi,1
diasporosqi,1
ariăne,1
hindigujarati,1
kandesh,1
rayengethem,1
gramatikalne,1
ojkoklitićne,1
tematikne,1
grećikane,1
ăren,1
asimilàcia,1
thagara,1
mukhlĭne,1
daran,1
dudale,1
dokumentura,1
vaxtosko,1
supbarodvipestar,1
kanoyesko,1
thagarendar,1
shankal,1
farsikaneske,1
thagareske,1
behram,1
gur,1
masitsa,1
pretele,1
navyarne,1
nevtro,1
neutre,1
murshikane,1
agni,1
aag,1
rusicko,1
xoraxanurensa,1
afghanurya,1
gaznavidurya,1
deshtueftavar,1
hindustanurensa,1
rayenge,1
soldiers,1
kidine,1
xoraxanensa,1
juvlensa,1
shavensa,1
lacharen,1
jutimata,1
chibenge,1
bust,1
spear,1
patava,1
gaiters,1
sword,1
tover,1
axe,1
gâje,1
gâja,1
civilian,1
prakritikano,1
prakitikani,1
captive,1
enemy,1
gôro,1
muyasa,1
rajputikano,1
mothoden,1
xorxanendar,1
farsikane,1
ariaynikani,1
muslimanurenge,1
phandavne,1
hindustanurendar,1
muslimanurya,1
seljikurya,1
gaznaviduren,1
atunshi,1
familiyensa,1
greshikani,1
xanamik,1
patraji,1
kerdilyas,1
shirdipenastar,1
thagaripnaski,1
vastnipen,1
sufiksurya,1
mos,1
isar,1
udar,1
khayinisi,1
butenge,1
grasta,1
kurdikani,1
petalo,1
somnekay,1
labnenge,1
buty,1
metalensa,1
avustraliya,1
xulavde,1
vhibya,1
akademikano,1
nivo,1
diyalekturensa,1
italiyanikani,1
germanikani,1
xatyaren,1
trebun,1
standardikani,1
diskusia,1
gogipen,1
divide,1
impera,1
xulav,1
xulayar,1
bivlax,1
gillad,1
tribes,1
chibyatar,1
shirindoy,1
bershesa,1
lekhlyas,1
shaytnipen,1
rigyarel,1
mechkari,1
kabuji,1
xanduri,1
drindari,1
bugurji,1
mahajeri,1
karpatichi,1
finlandeske,1
chergari,1
jambashi,1
fichiri,1
machvano,1
tabelo,1
ververimatensa,1
klasifikasiya,1
pogadiyalekturya,1
pogadi,1
gajikani,1
gramantika,1
pogadialekturya,1
shtandardisasiya,1
shtandardisasiyako,1
lavustika,1
diksionarya,1
jutisaren,1
chavengre,1
familiyatar,1
respektisarel,1
marsel,1
rodimatenge,1
shtandarduni,1
shtandardisasia,1
shuji,1
formate,1
byav,1
abyav,1
abyau,1
shunav,1
ashunau,1
ashunav,1
zutime,1
xuryavno,1
airplane,1
vortorin,1
slide,1
palpaledikhipnasko,1
retrospectively,1
adjective,1
vermeya,1
weather,1
primariya,1
hall,1
frishka,1
cream,1
holy,1
murravno,1
frizero,1
chingar,1
skandalo,1
dabarel,1
bijli,1
bulb,1
electricity,1
dot,1
point,1
printisarel,1
ćhibăqire,1
atitudură,1
buhliardo,1
trebalno,1
djanas,1
rromende,1
pushiben,1
rromania,1
chibiako,1
mothovena,1
sikliarel,1
nic,1
achel,1
atitudo,1
lachi,1
butji,1
vakiardi,1
dezvoltisarel,1
zuravdi,1
hramosarindoi,1
gilia,1
paramiciaqe,1
videouria,1
ideologiuria,1
ansamblo,1
atituduriengo,1
chibiakiri,1
valshenengi,1
franzens,1
redzosko,1
thovdyas,1
keyboard,1
zip,1
caps,1
lock,1
devnagari,1
bibliografiya,1
dzene,1
masica,1
dikcionaro,1
dacia,1
phurendar,1
gadjenge,1
savyenge,1
jāte,1
neamurya,1
latar,1
vax,1
xamisaren,1
dialektesa,1
rudari,1
boyash,1
lingurari,1
rakhepenya,1
romnichale,1
skandoromani,1
skandinaviya,1
lomavren,1
sintenge,1
vaatrasha,1
deshah,1
xuryavipen,1
butyende,1
labyardilo,1
subbarodvio,1
duryarde,1
kamlen,1
miyazutne,1
pakistanikano,1
bangladeshikano,1
gorende,1
gora,1
subbarovip,1
bideshi,1
subkontinento,1
acharyaren,1
savorenge,1
butshunde,1
salman,1
rushdi,1
anita,1
desay,1
rk,1
narayan,1
monika,1
mc,1
junun,1
kamlyarne,1
xamata,1
shirdipenaste,1
kodolende,1
restoranturya,1
lillekhitoriya,1
asochiacia,1
jātī,1
rajastân,1
lamani,1
rajputikani,1
oksident,1
subbarodivpeske,1
kerder,1
trebulen,1
jarkhand,1
akyararden,1
guruvensa,1
subbarodvipeske,1
ingerindos,1
marfurya,1
dyiv,1
orezo,1
bumbako,1
thanestar,1
guruvenge,1
dumende,1
transportoske,1
mashkara,1
puranimata,1
rajastânestar,1
râjputikano,1
xelavdo,1
musulmanensa,1
peravde,1
afganisthan,1
fârsiya,1
khiber,1
bolan,1
mulla,1
playinenge,1
tangimata,1
inklisti,1
shunden,1
evropenurya,1
familiyende,1
xuryaven,1
miazutne,1
sâle,1
râjastân,1
pûnjab,1
mekhlen,1
musulmanurenge,1
hindustanensa,1
seriozo,1
xalyarel,1
paramichi,1
mothovimata,1
banjaren,1
banjarikano,1
foto,1
confused,1
biyandidivde,1
shirdiyas,1
ibcd,1
pbcd,1
kulturatar,1
portanto,1
elemento,1
romende,1
romanipenaste,1
xasaven,1
pure,1
anden,1
manay,1
laveske,1
pati,1
patnî,1
patiyâr,1
patiyâ,1
buchol,1
yekspresisaripenaste,1
sopisaren,1
editisaren,1
latcharen,1
mestipenaste,1
adaptisarel,1
pumenge,1
mestipem,1
miyazutnimata,1
mekhel,1
latcharimata,1
kondisiye,1
shaynipen,1
softwareski,1
definicia,1
softwares,1
xp,1
vista,1
lekhimatensa,1
bhojpuri,1
nagârî,1
nâgara,1
pasharel,1
devâ,1
devlenge,1
devânagâri,1
bisvârenge,1
pasharde,1
xasardyas,1
achhel,1
bichhindo,1
khst,1
vyânjânenge,1
acharutnes,1
kompyuter,1
avtomatikanes,1
klik,1
shunipena,1
labyardyoven,1
nukta,1
shunel,1
svâren,1
lavengo,1
svâreske,1
svâre,1
grafemengo,1
renge,1
simboluya,1
div,1
iberikano,1
nasulipen,1
soldaturya,1
phandavden,1
spanyolikani,1
kalenge,1
lekhepen,1
zâkôno,1
relitetiya,1
smart,1
umalurenge,1
fedralne,1
avtonomikane,1
yugoslaviyanikani,1
dik,1
oksidentalutne,1
saharyaki,1
felestine,1
deklarisardo,1
islamikane,1
metohiya,1
autonomikano,1
serbikano,1
administrasiya,1
organizasiyate,1
somaliya,1
birmaniya,1
rumun,1
romanus,1
shiridipnaste,1
rumân,1
nacionalismo,1
prìnco,1
tiknethagariben,1
principalitèto,1
kiśinev,1
ämpëracikane,1
khethanură,1
romă,1
daćĕnça,1
dećebal,1
italianenqo,1
trajàn,1
phuva,1
amà,1
romanikani,1
ämperaciaqi,1
dećebalos,1
trajànos,1
bizàntinosqi,1
ämpëracia,1
ćhaćhiben,1
romanë,1
ämpëraciaqo,1
kerdyoven,1
senato,1
livni,1
deputatongi,1
livnyande,1
alosardyoven,1
ekvar,1
panji,1
ministros,1
konsilyo,1
administrarel,1
rumuniyaki,1
dobrojyate,1
perutnimos,1
bulgariyasa,1
pruto,1
karpatariya,1
paxre,1
uchimata,1
uchimos,1
moldoveanu,1
magyarurya,1
italianurya,1
phuvyatar,1
aspekturya,1
manushikano,1
amerindikani,1
lulgisailyas,1
thanutni,1
tawantin,1
suyu,1
thagarenge,1
kolumbikano,1
kristofa,1
kolumbo,1
avilyas,1
rhagaripen,1
spaniyolurya,1
amerindiyanurya,1
peravdyas,1
perú,1
vakyardo,1
pu,1
li,1
ru,1
bharât,1
pharat,1
pharatiya,1
indiyate,1
konstitusia,1
indiyaki,1
bodo,1
dogri,1
nisobar,1
chatisgar,1
charyana,1
madya,1
utaranchal,1
maytili,1
malayalam,1
manipuri,1
maytay,1
marati,1
sikimo,1
orisa,1
darmesko,1
siklyardi,1
santali,1
sindi,1
pôndisheri,1
pashuven,1
awadhi,1
bundeli,1
chhattisgarhi,1
hariyanavi,1
haryanvi,1
hindustani,1
xamimos,1
kanauji,1
marwari,1
patyayas,1
doshyatar,1
estikano,1
chibande,1
angika,1
bihareske,1
jarkand,1
maldah,1
bojpuri,1
magadi,1
bil,1
gondi,1
gond,1
kodava,1
kodagu,1
kutchi,1
kutch,1
gujarateske,1
janglimatenca,1
rigyardyovi,1
makedonya,1
continere,1
mashkarguvernamentali,1
trateste,1
piasa,1
lovo,1
grishiya,1
ekipnasko,1
europedia,1
policies,1
legislation,1
eesti,1
vabariik,1
asian,1
cooperation,1
saarc,1
asiyate,1
maladimatenge,1
bangalore,1
gavenge,1
environmento,1
vesha,1
tehnolojiya,1
meteorolojiya,1
jivimata,1
ingyardipen,1
memburya,1
machedonikani,1
skupi,1
mêripenaste,1
bilatcho,1
izdravipen,1
rimosardiyas,1
monumenturya,1
nashle,1
vaxteste,1
šerotno,1
makedonijako,1
šero,1
perosko,1
bajram,1
shutka,1
našlen,1
marmura,1
apollo,1
duripen,1
kilometrurya,1
phu,1
asiyakane,1
barodvipesko,1
tayi,1
ingerdyovel,1
chivilisasiye,1
barile,1
lenyate,1
sindus,1
sanskrtipnaski,1
forovipnaski,1
rikyaripen,1
phuvipnaski,1
phuvikanes,1
oksidentutno,1
erasiyako,1
eropyako,1
mashkarthemutne,1
predikatoro,1
yung,1
lin,1
pativale,1
kinezikano,1
pentikostalipensko,1
pentikostalikano,1
iyesuesko,1
doktrina,1
doktrine,1
bolipen,1
punrengo,1
thovipen,1
somkidipen,1
savatosko,1
divesarel,1
krechuno,1
parashtuy,1
bikristiyanipenko,1
buxlyol,1
barodviptesko,1
rondiniya,1
ingerdyas,1
paleozoiko,1
laurasiya,1
gondwana,1
achhavdo,1
barodvipeski,1
mortiyako,1
biphaglo,1
biphandlo,1
kratonurya,1
barrende,1
buxlyon,1
kiderden,1
kiderena,1
yekipnasa,1
aprobisarel,1
zumavde,1
franshezikano,1
dikhlyovel,1
shir,1
evropyake,1
parizoste,1
karbunosko,1
sastryesko,1
beneluks,1
franshiya,1
ekks,1
greshiya,1
danemark,1
gronlanda,1
yekeste,1
uzalune,1
relasiya,1
yekesa,1
palemphandel,1
baryarel,1
trato,1
shirdel,1
magyarország,1
debrecin,1
segedin,1
mishkolc,1
nyiredyhaza,1
nyíregyháza,1
kechkemet,1
kecskemét,1
pechuj,1
jura,1
győr,1
parni,1
dyiz,1
székesfehérvár,1
sambotel,1
szombathely,1
balkanoya,1
puranipe,1
forovipe,1
phuvipe,1
kidipe,1
manushanipe,1
stolipinowo,1
česko,1
editisar,1
slovayke,1
slovenská,1
bucure,1
lituniya,1
lietuvos,1
tratatosko,1
treaty,1
traité,1
atlantique,1
ortogràfia,1
lôli,1
sofiya,1
latveya,1
lotfîtkô,1
phūv,1
latveyikani,1
latvijas,1
vaxiya,1
république,1
française,1
oksidentutni,1
nacie,1
vlaxurja,1
gaulură,1
parizh,1
nitsa,1
lyons,1
marsej,1
forurja,1
strasbourgo,1
ovestutno,1
avindoy,1
tayvalsh,1
dvipenca,1
pashavipen,1
doshatar,1
oxtoto,1
know,1
ekolojiyako,1
vestutno,1
barabar,1
thagaripnasa,1
scilly,1
shetlanda,1
vesto,1
blasket,1
angliya,1
shkotlando,1
konstitucikano,1
yektutno,1
intyal,1
deryavurende,1
jibraltaro,1
amensa,1
fundasiya,1
chachimasko,1
phagavel,1
dukhavimata,1
mamui,1
monitoring,1
legalno,1
brakhipen,1
protekciya,1
kampariutsja,1
chamrikchatso,1
galyerokanes,1
poblacht,1
héireann,1
nuslêyre,1
dvipeske,1
igalyero,1
eropyaki,1
eropikani,1
galyesko,1
éire,1
okiyano,1
kerdyovel,1
buxlyarel,1
dvipeski,1
irlandikane,1
irelandscape,1
lachhe,1
irlandeske,1
irelandtuaisceart,1
éireann,1
irlandikani,1
norlin,1
airlann,1
dieu,1
mon,1
droit,1
thagarikano,1
motto,1
chachipen,1
galekani,1
baredr,1
ministrosko,1
sekretaro,1
hain,1
total,1
ukn,1
phaglipen,1
lira,1
gbp,1
uk,1
shamrock,1
londonderry,1
air,1
nevolojismo,1
englandesa,1
walesa,1
kotorenca,1
ske,1
labyarindoy,1
nisaraguano,1
kotoresa,1
counties,1
sko,1
avrutni,1
themesa,1
uchharel,1
dvipesko,1
galyeroesko,1
news,1
barodvipturiya,1
komparasiye,1
section,1
comprehensive,1
shows,1
how,1
dvips,1
compare,1
continental,1
landmass,1
rather,1
much,1
largest,1
joshua,1
caldereske,1
environment,1
programme,1
divp,1
helgoland,1
rigande,1
naciyengi,1
konvenciya,1
deryavyande,1
deryamashkar,1
evropate,1
anatoliyate,1
maladyovel,1
mediterani,1
bosforo,1
marmara,1
azov,1
tangipen,1
axor,1
deryake,1
abkhazia,1
konstantinoplis,1
bisantinom,1
burgas,1
konstansa,1
novorossiysk,1
sochi,1
sukhumi,1
poti,1
batumi,1
trabzon,1
samsun,1
yelenikanes,1
kara,1
deniz,1
cherno,1
jorjikanes,1
shavi,1
zghva,1
ukraynikanes,1
chorne,1
marea,1
neagră,1
laz,1
ucha,1
ubykh,1
farsetosko,1
farset,1
ocheano,1
lisburn,1
castlereagh,1
antrim,1
godisardo,1
partićipsaren,1
idèă,1
nácia,1
endaj,1
provinsa,1
radjasthan,1
pandjab,1
nordvestuni,1
teorìa,1
brahmane,1
baresdar,1
level,1
mensa,1
kreationa,1
vedikani,1
chiibh,1
kares,1
dom,1
telutno,1
kàsto,1
xindutne,1
kastistikano,1
baśavenas,1
vorbă,1
rum,1
balkàne,1
èfròpăqe,1
svàto,1
reisende,1
dromutno,1
nămcicka,1
xindăqo,1
kherutne,1
lineage,1
ydna,1
diasporos,1
pèrsia,1
arabithan,1
armènia,1
grèćia,1
meksiko,1
ćitisares,1
manuśenqi,1
śeliberśa,1
indische,1
herkunft,1
victor,1
shapoval,1
romanian,1
about,1
renato,1
figueiredo,1
liloro,1
initiative,1
euroroma,1
păun,1
shelto,1
thanimatenge,1
structura,1
demografică,1
româniei,1
gap,1
ashilyas,1
industriya,1
ganv,1
zis,1
beshipnaske,1
industriyalikane,1
ekonomikane,1
lunyisarel,1
thav,1
phandindoy,1
agora,1
latchardo,1
lokhorro,1
bershen,1
fishtesave,1
bershes,1
ariyanikano,1
vărsh,1
seriyabersh,1
sanskritipenaske,1
kumpaniya,1
seles,1
bithemeske,1
bithemesko,1
saves,1
peskoro,1
jipisaren,1
tekstosko,1
janes,1
themutnipen,1
wien,1
dokumenturya,1
remeniyaki,1
judetsurya,1
administratikane,1
bude,1
relijiya,1
ortodoksurya,1
pentikostalurya,1
octobra,1
sobaki,1
orkestra,1
edinstven,1
moy,1
moyat,1
studen,1
plamak,1
nezhna,1
noshta,1
osadena,1
oktavi,1
ostani,1
vreme,1
spri,1
vip,1
alaves,1
çalgı,1
instrumento,1
agorisardăs,1
sirdăs,1
kritikisarne,1
korùpcia,1
lokhe,1
bipakivalo,1
sèkso,1
normàlne,1
alosaren,1
alternativură,1
lívia,1
járóka,1
oktubra,1
xuan,1
diyos,1
ramirez,1
erediya,1
partesko,1
fidesz,1
yuniyo,1
shopron,1
yehudi,1
zhidovi,1
diskrimanaciyake,1
maladilyas,1
antropolojiya,1
harold,1
lush,1
mohaci,1
pereira,1
sousa,1
chibavipen,1
maximoff,1
chiguli,1
siyercic,1
bireli,1
lagréne,1
häns,1
hojok,1
holzmano,1
winterstein,1
bilo,1
hur,1
mandeman,1
hotlo,1
schnuckenak,1
stochelo,1
timbo,1
tchavolo,1
schmit,1
sarah,1
kreuz,1
mandy,1
severino,1
seeger,1
demirovic,1
brinner,1
tayje,1
khan,1
mediya,1
khelsastimasko,1
boksepen,1
bamberger,1
silvio,1
branco,1
billy,1
saunders,1
tyson,1
fury,1
gurême,1
fotbol,1
andrea,1
pirlo,1
ricardo,1
quaresma,1
rabbi,1
howell,1
cantona,1
freddy,1
eastwood,1
andré,1
christian,1
gignac,1
walter,1
laubinger,1
müller,1
sergio,1
jesús,1
navas,1
zlatan,1
ibrahimović,1
rodríguez,1
schwarz,1
rupunarya,1
velimirovici,1
zoltan,1
lunka,1
mohandas,1
karamchand,1
viktória,1
mohácsi,1
pahandimata,1
mass,1
diskriminaciyaki,1
vakyaripen,1
gîv,1
gîyu,1
gêsu,1
dîv,1
godhuma,1
gehun,1
baryarden,1
giv,1
sudvestutni,1
etopiya,1
shîn,1
bashaven,1
gilaven,1
amza,1
chita,1
naser,1
shevchet,1
shqipërisë,1
publi,1
cip,1
montenekro,1
elada,1
yektonai,1
anindos,1
shina,1
angledikhipen,1
palemkerdipen,1
labyarindos,1
varianta,1
fertilitetesko,1
azad,1
aksai,1
chin,1
pescadore,1
quemoy,1
matsu,1
keeling,1
åland,1
svalbard,1
mayen,1
agalega,1
rodrigues,1
bailiwickurya,1
guernsey,1
divinimos,1
kattowitz,1
telani,1
paya,1
kvodnisa,1
rava,1
sheruno,1
voyevodatesko,1
chailimos,1
polskiyake,1
organizasyoni,1
vaver,1
manushengre,1
ungariyatar,1
bogdán,1
barideri,1
görgeteg,1
seged,1
filosofiya,1
siklyarel,1
barch,1
organezisardyas,1
bistrel,1
altsohl,1
zólyom,1
banska,1
bistrisa,1
hron,1
khervay,1
praxosarde,1
xelavde,1
gemnazeyum,1
shirdindoy,1
deshtoenya,1
sikheriyatar,1
shtudentengro,1
sikrekheryatar,1
siklavnosovekher,1
internato,1
lovaro,1
sanskritepen,1
librariya,1
pustakalya,1
slovaikosko,1
koshice,1
finlandikani,1
suomen,1
tasavalta,1
svekani,1
republiken,1
finlandlive,1
forum,1
tallinn,1
estoniyako,1
xulayaripenasko,1
kênberra,1
avstraliya,1
ottava,1
kanâdo,1
pretoriya,1
zakonurengo,1
kap,1
blemfonteyn,1
moskova,1
okeyaniya,1
wellington,1
kăldărash,1
balkanikane,1
zhudetsurya,1
maramuresh,1
bistrica,1
năsăvud,1
kluzh,1
karpatikane,1
siklyarpnasko,1
gajo,1
siklyaripnaski,1
programa,1
zoryarindoi,1
pechuy,1
pecho,1
pečuh,1
serbikanes,1
pečuj,1
päťkostolie,1
quinqueecclesien,1
peçuy,1
sudovesto,1
rigyako,1
baranya,1
sopianæ,1
naciyi,1
mashkarvaxtuno,1
magyarikano,1
otomanikano,1
ungariyako,1
muie,1
futuvan,1
guraa,1
yerusalimo,1
israelikano,1
arabikano,1
aviv,1
krisake,1
bundesgerichtshof,1
bundesverfassungsgericht,1
karlsruhe,1
ministerurya,1
bonn,1
paakhlo,1
hauptstadt,1
staaten,1
subnationale,1
entitäten,1
mehreren,1
hauptstädten,1
jurić,1
oktobra,1
orashiye,1
pašal,1
sikliljas,1
filosofija,1
belgradoski,1
sosjolodžija,1
jugoslavija,1
beršestar,1
kerdjas,1
nevolila,1
riviste,1
barderi,1
maškarthemutne,1
konsiljosko,1
uniya,1
limoresko,1
svato,1
themestar,1
interkulturelle,1
beziehungen,1
mashkarsanskrtipnaske,1
relaciye,1
paradigmen,1
paradigmurya,1
sintengo,1
poesija,1
vakjaripen,1
godisarde,1
gazetter,1
raporto,1
organezime,1
id,1
former,1
maksimoff,1
barselona,1
fransikanes,1
manushni,1
sintesa,1
siklyardya,1
ginavel,1
kalderashengo,1
deatunchara,1
pravarel,1
phralen,1
phenyan,1
andruno,1
phenindoy,1
spionurya,1
andekh,1
spionengo,1
jipsiyengo,1
tarbes,1
lannemazan,1
beshlo,1
deshuekh,1
deshushtar,1
evangelikano,1
pastor,1
amboldyas,1
testamento,1
angels,1
destiny,1
without,1
caravans,1
isn,1
mine,1
tears,1
vinguerka,1
doll,1
mameliga,1
condemned,1
surviving,1
seventh,1
daughter,1
savina,1
price,1
freedom,1
ursitory,1
roshiori,1
vede,1
filisofiya,1
sochyolojiya,1
sochyolojiyako,1
alternative,1
radiyo,1
bilachhi,1
khamli,1
shiyaronurya,1
shiyaronuriya,1
kometenge,1
samodorenge,1
fenomenenge,1
sasisvarno,1
buxlyaripen,1
sasisvanresko,1
jalipen,1
shiyaroneske,1
absoluteastronomy,1
nasa,1
iasa,1
ukraini,1
avtonomna,1
avtonomnaya,1
tatarikani,1
muhtar,1
cumhuriyeti,1
deryavaki,1
tatarurenge,1
deshutrin,1
shirdipnasko,1
khhanato,1
ekhipen,1
rayonurya,1
prnjarde,1
konsiliyendar,1
raionurya,1
bakhchisaray,1
bilohirsk,1
kirovske,1
krasnohvardiyske,1
lenine,1
nizhnyohirskyi,1
pervomayske,1
rozdolne,1
sovetskyi,1
chornomorske,1
armyansk,1
eupatoria,1
sudak,1
theodosia,1
belarusurya,1
armenurya,1
zhidovurya,1
azerurya,1
koreanurya,1
elenurya,1
konsiliyosko,1
ukraines,1
radako,1
kirimtatar,1
net,1
turkanes,1
tatarikanes,1
kyrm,1
paradiso,1
xasardo,1
cihan,1
kaan,1
mehmet,1
sevdiyar,1
internetoske,1
kandel,1
bidemokratikane,1
kameruno,1
mashkarafricani,1
kosta,1
ekuatorialni,1
filipine,1
gabono,1
indoneziya,1
jibuti,1
keniya,1
liberiya,1
madagaskar,1
mauritaniya,1
mozambiko,1
nikaragua,1
ruanda,1
seishel,1
uruguai,1
zambiya,1
zimbabuye,1
prezidentes,1
administraciyaki,1
ekte,1
ministres,1
aljeriya,1
cabo,1
ejipto,1
mongoliya,1
palestinikano,1
sahrawi,1
arabikani,1
exile,1
occupied,1
parliamentary,1
symbolic,1
capacity,1
following,1
croatia,1
czech,1
timor,1
poland,1
slovenia,1
consent,1
bishop,1
urgell,1
serve,1
officio,1
denmark,1
norway,1
sweden,1
commonwealth,1
realms,1
realm,1
she,1
acts,1
titled,1
accordingly,1
appoints,1
governor,1
act,1
equivalent,1
considerable,1
own,1
discretion,1
king,1
gave,1
himself,1
authority,1
years,1
given,1
resumed,1
drawn,1
hereditary,1
emirs,1
theocracies,1
based,1
selected,1
hierarchy,1
combines,1
presidential,1
elected,1
suffrage,1
theocracy,1
unelected,1
ultimately,1
responsible,1
concentrated,1
single,1
operations,1
fused,1
front,1
democracy,1
justice,1
workers,1
lao,1
revolutionary,1
socialist,1
junta,1
armed,1
forces,1
organs,1
ranking,1
executives,1
members,1
currently,1
staged,1
coup,1
declared,1
dictatorship,1
transition,1
turmoil,1
cannot,1
accurately,1
classified,1
systems,1
internal,1
governance,1
shares,1
flanders,1
wallonia,1
srpska,1
anjouan,1
comore,1
mohéli,1
federated,1
micronesia,1
chuuk,1
kosrae,1
pohnpei,1
yap,1
russia,1
oblasts,1
okrugs,1
krays,1
cities,1
cantons,1
commonwealths,1
devolved,1
governing,1
subsidiary,1
creating,1
communities,1
remains,1
regionalized,1
smaller,1
several,1
authorities,1
special,1
grouped,1
autonomy,1
scan,1
election,1
tracker,1
categorized,1
atlas,1
ginavde,1
anderyardo,1
antarktikanay,1
anderyarinde,1
xalyaripen,1
ranked,1
sovereign,1
sparingly,1
set,1
parentheses,1
italics,1
demographic,1
yearbook,1
momento,1
bjb,1
kontinento,1
major,1
geographic,1
bodies,1
ordered,1
according,1
orders,1
magnitude,1
bibaxtale,1
traś,1
nacisturengo,1
evrejură,1
mudarděsas,1
estimatur,1
doktorur,1
eva,1
antonesko,1
śistur,1
horia,1
kornelio,1
zel,1
kodreano,1
durărimos,1
episòdo,1
lagare,1
genoćidŏsqe,1
samudaripe,1
samudarimos,1
samudaribe,1
nacionalne,1
socialìstură,1
haznisaren,1
evrejur,1
shoah,1
evrejenqo,1
miazutno,1
śirde,1
poravipe,1
bul,1
sïla,1
nići,1
kada,1
poravel,1
gelindos,1
direkciji,1
mortji,1
ivutros,1
samudaribnasqe,1
śerutni,1
antonesku,1
zumavlăs,1
rasiàlno,1
xalaviben,1
transnìstria,1
majo,1
mekel,1
aterdiaren,1
bistras,1
yehudurengo,1
natsi,1
zhutitore,1
jenesko,1
fyalo,1
phuvipenasko,1
penel,1
administratsiya,1
konstitusiya,1
antarktikiyako,1
vatikan,1
çhaçhes,1
abkhaziya,1
godisaren,1
amyazmata,1
myazutno,1
institutsyengo,1
xulyarel,1
kanden,1
landurya,1
dendo,1
phuvjakoro,1
majanglal,1
definirimi,1
ustaveja,1
hemagjar,1
phuvjenge,1
naelen,1
kodificirimi,1
majshukar,1
vakerdo,1
nacija,1
etnicko,1
ekvas,1
pumari,1
numal,1
francija,1
litvanija,1
grcija,1
agjarda,1
dzikote,1
avganistan,1
belgija,1
finska,1
italija,1
makedonija,1
filipini,1
rusija,1
shvedska,1
malcinsko,1
chibjencar,1
korposki,1
traden,1
bićhalen,1
lekhavdi,1
lùmă,1
vorbisarutnenqi,1
anglĭne,1
adives,1
sìtlŏven,1
nevărel,1
chibia,1
vakerde,1
xitajkicka,1
xindicka,1
arabicka,1
bengalicka,1
rusicka,1
portugicka,1
urducka,1
conlangs,1
konstruktaqe,1
occidental,1
maśkarslovutno,1
chambel,1
vakyarel,1
panyanca,1
panyange,1
buvaripen,1
butvarimata,1
umalurengo,1
andrutne,1
populations,1
monako,1
ginindoy,1
choripen,1
kamipen,1
mishtipen,1
pakistano,1
mahbub,1
ul,1
haq,1
nasiyengo,1
bershutno,1
ginyarde,1
sasto,1
sikikheryako,1
komparativi,1
kidipenaski,1
lumiyaki,1
banka,1
naciyengo,1
manushtuno,1
asterisko,1
avryarindoi,1
makau,1
ginyarel,1
jivipnasko,1
shaipen,1
lekhavipnsko,1
shkolyako,1
us,1
rigyarmata,1
if,1
format,1
represent,1
followed,1
nortdutne,1
riko,1
details,1
found,1
cnac,1
cayman,1
dominika,1
jamaika,1
montserrat,1
luchiya,1
grenadine,1
afrikiyako,1
misiro,1
ivory,1
niger,1
cameroon,1
equatorial,1
brazzaville,1
kinshasa,1
zaire,1
garcia,1
seychelles,1
rwanda,1
somaliland,1
djibouti,1
mozambique,1
intended,1
never,1
implemented,1
madagascar,1
reuniyon,1
helena,1
compensate,1
usually,1
longer,1
numbers,1
small,1
since,1
regardless,1
size,1
proposed,1
gibraltar,1
trnc,1
gdr,1
before,1
break,1
possibly,1
telephony,1
space,1
wide,1
previously,1
czechoslovakia,1
norvejiva,1
karaibe,1
miquelon,1
near,1
guadelupa,1
martinika,1
olandezikane,1
antilurya,1
pachifiko,1
ochaniya,1
zeyelanda,1
orientalutno,1
timoro,1
antarctic,1
darussalam,1
wallis,1
futuna,1
cook,1
niue,1
kaledonia,1
ellice,1
polineziya,1
tokelau,1
microneziyako,1
freephone,1
uifn,1
cost,1
vyetnam,1
mainland,1
inmarsat,1
snac,1
personal,1
commercial,1
purposes,1
subcodes,1
satellite,1
networks,1
unknown,1
type,1
liban,1
yordaniya,1
siriya,1
irak,1
kuweit,1
saudikani,1
arabiya,1
unified,1
premium,1
rate,1
abu,1
dhabi,1
correspondence,1
trial,1
itpcs,1
potential,1
disaster,1
relief,1
bilabyardo,1
kodurenge,1
marokano,1
amundsen,1
pitcairn,1
satelitoske,1
telefonurya,1
switch,1
kerguelen,1
nomor,1
gopay,1
predecessor,1
sector,1
developed,1
formal,1
blue,1
among,1
would,1
eventually,1
become,1
recommendation,1
earlier,1
use,1
mentioned,1
red,1
retained,1
remain,1
effect,1
wtng,1
telefamiliya,1
adivasa,1
bareli,1
bariya,1
bhilali,1
bhilori,1
chodri,1
dhodia,1
dubli,1
dungra,1
gamit,1
mavchi,1
pardhi,1
rajput,1
rathavi,1
vagdi,1
ayer,1
jandavra,1
parkari,1
vasavi,1
vaghri,1
vadiyara,1
ahirani,1
dhanki,1
rajastani,1
romanî,1
chîb,1
domari,1
anderyarde,1
dangavra,1
kathoriya,1
parya,1
sonha,1
čhibakoro,1
indoiraniko,1
jászvásár,1
yidish,1
judetsesko,1
remeniyako,1
bokoreshto,1
remenurya,1
kaldarash,1
voyevodesko,1
rayesko,1
lăpushneanu,1
alexandru,1
lăpu,1
neanu,1
pogromo,1
mudaripen,1
yashesko,1
bibiboldenge,1
hutisarden,1
indiyakexstatesko,1
mômbay,1
salsette,1
maharashtrayaki,1
mumbay,1
institusiye,1
reserve,1
rbi,1
bse,1
nse,1
industriyako,1
fimlengi,1
durdikhpnengi,1
bollywood,1
sanjay,1
ingerdipen,1
îndiyâ,1
kolkata,1
administratives,1
districts,1
palute,1
nicobar,1
ap,1
cg,1
dn,1
dd,1
dl,1
gj,1
hr,1
hp,1
jk,1
jh,1
kl,1
mp,1
mh,1
mn,1
meghalaya,1
mizoram,1
mz,1
nagaland,1
nl,1
orissa,1
pondicherry,1
py,1
pb,1
rj,1
tn,1
uttaranchal,1
ovestuno,1
wb,1
manorama,1
pgs,1
prijardo,1
versiye,1
tahsil,1
tahasil,1
pargana,1
anuvibhag,1
pakistaneske,1
nasyonalo,1
staturen,1
australiyake,1
malayeziyake,1
nijeriyake,1
palaveske,1
mexikosko,1
venezuelyake,1
portugezikano,1
brazilesko,1
bundesland,1
estrexayake,1
labyarne,1
afrikiyake,1
myazutnes,1
provincia,1
arxentinyake,1
svicra,1
kanton,1
kantonurya,1
svicrayake,1
rusiyake,1
beljiyake,1
ethiopiya,1
ethiopiyake,1
comunidades,1
autónomas,1
rmo,1
rigyarden,1
xamomen,1
mal,1
sportosqo,1
boksèri,1
sintetikes,1
ariantike,1
menshe,1
waiann,1
berscha,1
wajan,1
arabtike,1
lurdepangre,1
laiyan,1
dree,1
sindhengo,1
muyas,1
arabaria,1
anan,1
koi,1
drane,1
islamtiko,1
nashann,1
ziro,1
shtildes,1
farsiantiko,1
bisantintiko,1
speteda,1
osmantiko,1
hunte,1
budran,1
kawa,1
shele,1
yaaghe,1
bersch,1
dekhan,1
yekhesda,1
koppo,1
gadjkeno,1
hildesheim,1
diwes,1
karenn,1
aap,1
sintikes,1
djiwenn,1
westengo,1
mashkralengo,1
basch,1
prindchede,1
bashepangre,1
kelsastepen,1
prindchedo,1
boksari,1
modova,1
nyamc,1
ovesto,1
botoshani,1
trasha,1
grazhduri,1
zhudecesko,1
grajduri,1
judeso,1
zanea,1
komunyaki,1
chhurya,1
minuturya,1
trenosa,1
mošovci,1
bešutne,1
hirešno,1
maškarutno,1
serviko,1
historicke,1
leperibenca,1
ločhovno,1
tham,1
servike,1
giľutnaris,1
kollara,1
thanipena,1
machyuch,1
starý,1
rad,1
moys,1
vidrmoch,1
thanipnasko,1
mossowecz,1
villa,1
regia,1
mayos,1
alio,1
nomine,1
oppidioum,1
sue,1
moshovce,1
thaggaripnasko,1
khervaj,1
blatnica,1
révay,1
monumento,1
manor,1
katolicko,1
luteranicko,1
biyandilyan,1
frico,1
kafenda,1
gilyango,1
kerditori,1
anna,1
lacková,1
júr,1
tesák,1
mošovský,1
miloslav,1
schmidt,1
poesiya,1
slávy,1
dcera,1
mosovce,1
brožura,1
informaciji,1
drienok,1
puranipnaski,1
trachiya,1
telyardo,1
marica,1
trakurengo,1
eumolpiya,1
filip,1
machedoniyako,1
mardyas,1
trakurya,1
xulayardyas,1
filippoupolis,1
filippopolis,1
accommodation,1
gallery,1
bulgariyatar,1
slavonikane,1
balkanurenge,1
xuladyoven,1
ukrainikani,1
belorusikani,1
rusinkani,1
rusyn,1
sorbikani,1
poloni,1
kashubikani,1
serbokroatikani,1
bosniakikani,1
slovenikani,1
lekhavipnaski,1
inklilyas,1
chibavipnaski,1
sudovestutni,1
familiyande,1
chibange,1
rendyarde,1
anatolikane,1
hititurengo,1
biyandile,1
irani,1
miebershengo,1
avestani,1
dardikane,1
nuristane,1
grekikani,1
micheneyani,1
visa,1
seltikane,1
gelikane,1
toxariyane,1
toxarengo,1
iliriyane,1
venetikane,1
liburniyani,1
mesapiyani,1
frijiya,1
payonyani,1
ilirikani,1
ligurikani,1
seltikani,1
retikani,1
godyaver,1
familiyenge,1
xulavdyovel,1
galindani,1
prusikani,1
sudovikani,1
latvikani,1
letonikani,1
selonikani,1
semigalikani,1
elbing,1
chhibangi,1
serbiyako,1
voivodina,1
nordune,1
enec,1
yenec,1
yenisei,1
nenec,1
yurak,1
nganasan,1
tavgy,1
tavgi,1
sudune,1
kamasikani,1
selkup,1
ob,1
khanty,1
mansi,1
vogul,1
permyak,1
udmurt,1
votyak,1
cheremisikane,1
volga,1
cheremisikani,1
cheremis,1
mordvinikane,1
mordvin,1
mordvinian,1
erzya,1
moksha,1
bijangle,1
merya,1
muromikani,1
meshcherikani,1
samikane,1
lapikane,1
saamikani,1
lapikani,1
ume,1
lule,1
pite,1
kainuu,1
kemi,1
inari,1
akkala,1
kildin,1
skolt,1
ter,1
meänkieli,1
tornedalian,1
kven,1
finikanithai,1
izhorikani,1
ludi,1
ludiyani,1
olonets,1
livvi,1
oloneciyan,1
livonikani,1
liv,1
veps,1
vepsikani,1
võro,1
võru,1
voru,1
seto,1
setu,1
votikani,1
votiyani,1
vod,1
slovatiko,1
anthem,1
nipnaskri,1
gilatar,1
kopala,1
studienku,1
rugindas,1
textoha,1
nad,1
tatrou,1
blyska,1
tatra,1
peruma,1
autoris,1
matúška,1
himnurya,1
familiyengo,1
butchhibavipen,1
shaipena,1
franchikani,1
formenge,1
bhasa,1
vakyarnende,1
elenikani,1
vavkyarne,1
kreolikane,1
paruvipena,1
chhibatar,1
baskani,1
ainu,1
burushaski,1
koreyanika,1
etruskani,1
sumerikani,1
chibavipnaske,1
asiyatikani,1
altaikani,1
avustro,1
avustronezikani,1
kavkazikani,1
eskimo,1
aleut,1
koysani,1
dené,1
kaday,1
barder,1
chhibyango,1
austronezikani,1
guvineya,1
oto,1
mangeyan,1
austro,1
sepik,1
ramu,1
kadai,1
tupi,1
mayani,1
birendyarde,1
sikavnenge,1
pijinurya,1
trampikane,1
legal,1
materials,1
collection,1
title,1
glückstadt,1
augustin,1
linguistics,1
oxford,1
comparative,1
assessment,1
families,1
rev,1
enlarged,1
additions,1
corrections,1
updated,1
tx,1
sil,1
greenberg,1
nd,1
bloomington,1
hbk,1
ross,1
malcom,1
pronouns,1
diagnostic,1
grouping,1
andrew,1
pawley,1
attenborough,1
robin,1
hide,1
jack,1
golson,1
pasts,1
biological,1
histories,1
speaking,1
peoples,1
ruhlen,1
merritt,1
present,1
vols,1
published,1
elsevier,1
biyandine,1
savyatar,1
thoven,1
bantu,1
pherdi,1
sintaksa,1
kernavnenge,1
verbonge,1
navnenge,1
vokabularo,1
puranipnasko,1
familyori,1
chibyange,1
iberikane,1
galikikani,1
asturikani,1
portekezikani,1
gallo,1
katalani,1
oksitani,1
friulikani,1
rumanshikani,1
italikani,1
arumunikani,1
meglenorumunikani,1
istrorumunikani,1
sardinikani,1
shunimatenge,1
ginavipnasko,1
sestemo,1
ginavipennaskro,1
seriya,1
xulavitorya,1
svahili,1
lakhi,1
mumbai,1
peti,1
vayshnava,1
divesutno,1
acharuno,1
hareske,1
khâr,1
garuvel,1
brishind,1
tatipen,1
biamala,1
zidurya,1
pashavre,1
kherkotora,1
besharnya,1
udara,1
labyarden,1
uchharde,1
dikhavne,1
filyastre,1
ghâr,1
irano,1
arya,1
okupatno,1
sovyetskro,1
sovetunyon,1
demokratni,1
demokratische,1
yekhpash,1
yekhpas,1
revolution,1
guvernamento,1
unifisatyono,1
maskarevropano,1
maskar,1
beljyia,1
denmarke,1
estderya,1
nortderya,1
jermanîkanes,1
ostsee,1
nordsee,1
nasholenge,1
maybare,1
elbe,1
rayn,1
alpen,1
agen,1
romi,1
anr,1
remeniyake,1
departamento,1
selyorenge,1
brakhipenasko,1
bukereshto,1
birovurya,1
baryaripnaske,1
mariya,1
remenikani,1
anderyaripenasko,1
ajenciya,1
rumuniska,1
română,1
voyvodina,1
moldovanikani,1
sayek,1
lekhavipnaske,1
averutnimata,1
organizasiye,1
azbalimata,1
dana,1
cojocaru,1
mb,1
gilavd,1
grupoça,1
jùli,1
yanbolu,1
solo,1
ork,1
gilavn,1
kajnana,1
sasuj,1
luvudime,1
premioça,1
balkanosqo,1
televiziorosqo,1
kanàlo,1
planeta,1
dajanamam,1
aśtik,1
aćhav,1
izoroça,1
nuźda,1
ot,1
teb,1
tuça,1
baxtagorutno,1
publikisardi,1
hubav,1
sladuk,1
kalchevaça,1
màrco,1
revìsta,1
nov,1
folk,1
prezentisard,1
mangav,1
esmeri,1
şekeri,1
inan,1
sevgilim,1
kaderi,1
ent,1
kupon,1
kri,1
stal,1
tatli,1
kiz,1
savyandar,1
avrengo,1
kreyolikani,1
kapadokikani,1
yelenikane,1
yenish,1
idish,1
aryani,1
serbiyatar,1
chereski,1
cheresko,1
chhonyaki,1
chero,1
chandra,1
chonopaskero,1
çhon,1
chonyaki,1
çheresko,1
poraymosko,1
comemorare,1
holocaustului,1
shoa,1
transnistriya,1
yektule,1
manglen,1
siklyovnenge,1
velshenengi,1
chhibyaki,1
vorbisardi,1
kherutñi,1
maškarthemutñi,1
politikakero,1
dźivipen,1
čirleder,1
predal,1
slovañiko,1
dićhol,1
naśti,1
fanaha,1
ćexika,1
verzia,1
ćaćipnaskeri,1
gilyako,1
tamilendar,1
malaisiyan,1
tamilikanes,1
dravidikane,1
semnurenca,1
nenge,1
vallinam,1
mellinam,1
idayinam,1
gratha,1
konsonantenca,1
brahmi,1
repubblica,1
italiana,1
dromensa,1
maladilem,1
baxtale,1
chavalesas,1
familiyamudardas,1
legiyasa,1
romniyanmaskar,1
zine,1
chavorena,1
chavalebuter,1
vudarate,1
manushapale,1
dromensata,1
phirav,1
bachtale,1
romensaa,1
chavalenopre,1
akanaayde,1
romao,1
yakakamava,1
drakhaa,1
chavalen,1
tirkiya,1
anatoliyako,1
kemal,1
atatürk,1
diyalektesa,1
portekalya,1
criscote,1
majaró,1
lucas,1
vocabulario,1
kaló,1
gitañol,1
aprendemos,1
events,1
births,1
deaths,1
vasil,1
boyanov,1
zumavdo,1
evroroma,1
areslyas,1
celuvai,1
golo,1
kraliat,1
together,1
desislava,1
nyamo,1
rar,1
ruso,1
turkano,1
lekhavdyas,1
butjangle,1
gilyange,1
ushti,1
rumuneya,1
teaptă,1
năzdrăvăniile,1
hogea,1
hojeske,1
povestea,1
vorbei,1
dumaki,1
paramici,1
adunate,1
iară,1
lumyatar,1
lumyake,1
vijelie,1
gajikano,1
rusu,1
antimanele,1
śtefäneśtii,1
źudèco,1
ilfov,1
simiyonesko,1
simionescu,1
läutaresqi,1
ćhavorro,1
mïndro,1
vito,1
filmografia,1
ćaći,1
personalitèta,1
personàźo,1
furia,1
politikani,1
aktivitèta,1
śtefëneśtii,1
źurnalur,1
televizòro,1
izòro,1
kätälin,1
mitulesko,1
skurto,1
romica,1
puceanu,1
grafementsa,1
fe,1
ef,1
ghe,1
ge,1
kilogramo,1
er,1
ics,1
ze,1
zet,1
quasar,1
watt,1
yacht,1
semnurya,1
acarutno,1
angoulême,1
bashalda,1
aranzmani,1
grupesa,1
yv,1
liyensa,1
denis,1
pevach,1
uvyek,1
gilaval,1
shabanovich,1
kôji,1
ispanyolikanes,1
reino,1
bućhonas,1
hispania,1
ämperàcia,1
phurikano,1
italìa,1
lekhipenesko,1
inklipen,1
latinurya,1
eladikano,1
alfabeto,1
kumae,1
eladengo,1
astarden,1
nish,1
lacharel,1
ivan,1
veselý,1
dženo,1
dra,1
sevilya,1
andalusiyake,1
rigyrel,1
almeriya,1
kadis,1
welva,1
xayen,1
malaga,1
seviliya,1
ceda,1
liberale,1
partiyako,1
delia,1
galats,1
xulayardi,1
komunisturendar,1
garavdyas,1
komunisturya,1
dashti,1
caci,1
palemsiklyovel,1
deatuncara,1
manglyas,1
xulaipnastar,1
ortodokse,1
khangeryako,1
bilachimata,1
robiyako,1
khanc,1
faroikanes,1
føroyar,1
amboldindoi,1
bakryange,1
færøerne,1
norvejiyake,1
atlantikoske,1
denmarka,1
torshavn,1
litla,1
dimun,1
portalo,1
boksaki,1
iklislo,1
pharengi,1
erich,1
seeling,1
komite,1
nasista,1
peravda,1
baredivay,1
boksera,1
yohan,1
fayol,1
nasistenke,1
jermana,1
popularo,1
asbaven,1
xataripen,1
gadjenko,1
chudine,1
mamuy,1
shansa,1
usaren,1
chachipenaske,1
peravdol,1
iklon,1
telavda,1
wittes,1
rondura,1
kirdiyas,1
lasakerdilo,1
iklisli,1
bangipen,1
xolosayle,1
ushtile,1
protesta,1
phardine,1
sala,1
telile,1
jermaniako,1
pharenko,1
sporteski,1
bokssport,1
kushel,1
phenindor,1
teyatro,1
bianglikanaveripen,1
nanay,1
sistema,1
leskar,1
phagle,1
makhla,1
odovar,1
troyal,1
boksiyero,1
tordo,1
ringesko,1
belut,1
xala,1
ronda,1
peravdilo,1
avrichudino,1
sportestar,1
bichalde,1
logora,1
konsentrasiyake,1
hitlereski,1
armiya,1
infanteriya,1
chekat,1
gestapo,1
astarda,1
bichalda,1
logoro,1
konsentrasiyako,1
musay,1
buta,1
sorale,1
logoreske,1
kidinon,1
sevka,1
xalo,1
bokhalo,1
khindo,1
asaypen,1
jermaniake,1
kampiyones,1
ay,1
lasakeren,1
kari,1
pushke,1
meripen,1
berufsboxerverband,1
boksengero,1
organisasyiona,1
meister,1
kampiyon,1
hannover,1
johannes,1
weg,1
valaxiyako,1
perune,1
moldovako,1
roburya,1
themuno,1
otomanikane,1
paruvdya,1
avilindoi,1
kristiyano,1
moldovaki,1
armiyake,1
molodovako,1
yeremiya,1
movil,1
suchavake,1
shefan,1
nashlo,1
polonendar,1
tradi,1
minorită,1
sigma,1
petre,1
petcu,1
osmani,1
devlet,1
âliye,1
yi,1
osmâniyye,1
buxlilya,1
buday,1
delyanu,1
orăshtiye,1
lyov,1
katolikano,1
rashay,1
lehavdya,1
ramosardya,1
ţiganiada,1
kurów,1
magdenburg,1
kuroveski,1
rzeczpospolita,1
polkani,1
konskovola,1
końskowola,1
luterano,1
tsintirimo,1
rasismul,1
strică,1
fotbalul,1
kampaniya,1
divesoski,1
sastimaske,1
khelengo,1
fotbalesko,1
enya,1
khela,1
jivdes,1
stadyonurya,1
khelitorya,1
huravden,1
trikourya,1
tishorturya,1
lekhavipnasa,1
vakyarimata,1
xalyaren,1
rodavepen,1
etatonay,1
dindoy,1
lilorenge,1
chibengre,1
karavana,1
romengiri,1
caravana,1
emisiunya,1
otv,1
durdikhipnaski,1
statsiya,1
casurya,1
kurko,1
zita,1
moldovan,1
nikolaye,1
jeyan,1
constantin,1
tekirgyol,1
techirghiol,1
konstantsa,1
petrecut,1
sfâr,1
itul,1
lumii,1
harem,1
doua,1
cădere,1
constantinopolului,1
atac,1
bibliotecă,1
miss,1
litoral,1
fiecare,1
zi,1
dor,1
coana,1
colierul,1
turcoaze,1
masca,1
argint,1
sosesc,1
păsările,1
călătoare,1
idee,1
duelul,1
echipaj,1
iancu,1
jianu,1
haiducul,1
pruncul,1
petrolul,1
ardelenii,1
fin,1
marquisat,1
aurel,1
mini,1
treilea,1
mortal,1
afroditei,1
expresul,1
buftea,1
revan,1
eu,1
clar,1
lună,1
cuibul,1
salamandrelor,1
gloria,1
cîntă,1
pînzele,1
fierbin,1
evadarea,1
mastodontul,1
nemuritorii,1
filmăm,1
amuzăm,1
explozia,1
révolte,1
haîdouks,1
adio,1
dragă,1
nela,1
otilia,1
alertă,1
brigada,1
intra,1
ac,1
iune,1
haiducii,1
aptecai,1
zestrea,1
domnitei,1
ralu,1
canarul,1
viscolul,1
mic,1
război,1
atît,1
răzbunarea,1
haiducilor,1
maiorul,1
caïd,1
champignol,1
procesul,1
alb,1
candide,1
optimisme,1
xxe,1
siècle,1
écluse,1
rashi,1
bănică,1
dincolo,1
barieră,1
golgota,1
tunelul,1
portativ,1
vin,1
cicli,1
tii,1
cîntecele,1
mării,1
proprietarii,1
păcală,1
fair,1
septembrie,1
cianura,1
picătura,1
ploaie,1
singur,1
prieteni,1
trag,1
clopotele,1
mitică,1
harababura,1
iubit,1
pământeni,1
nederland,1
evropako,1
olandyako,1
olandake,1
antila,1
organizatsiyona,1
joaquín,1
cortés,1
khelavno,1
siklyovel,1
trupa,1
xamisardya,1
baleto,1
filmonge,1
flor,1
secreto,1
seriyalo,1
vaniglia,1
cioccolato,1
sikliaribnasqi,1
barilias,1
britania,1
laćhiardias,1
kontàktură,1
zumavindoj,1
organizisaren,1
aźutisardăs,1
siklărdăs,1
torontòsqo,1
kaldaraśenqo,1
siklăriben,1
nortuni,1
québec,1
winipègo,1
nàcianqe,1
ojibwekani,1
primyêr,1
ministar,1
trudeau,1
roberto,1
sánchez,1
enero,1
amerikayako,1
abumurya,1
calor,1
sorprendente,1
alma,1
beat,1
quiero,1
llenarme,1
vibración,1
ritmo,1
muchacha,1
guitarra,1
mágia,1
muchacho,1
espectacular,1
espero,1
después,1
tú,1
enloqueces,1
título,1
ídolo,1
diós,1
manda,1
fue,1
vengo,1
ocupar,1
lugar,1
volviendo,1
casa,1
gusto,1
mujer,1
clásico,1
viva,1
mamá,1
música,1
vivo,1
secretamente,1
palabras,1
escuchar,1
penumbras,1
arxentinayake,1
almby,1
örebro,1
decembra,1
ytterhogdal,1
hälsingland,1
katitzi,1
phirini,1
taykon,1
rupunarni,1
phirni,1
israelesko,1
drakhalin,1
thangaripen,1
beljiyako,1
russkiy,1
yazik,1
lekhipenasa,1
paraná,1
pr,1
eladikanes,1
kristianipensko,1
matey,1
tero,1
anau,1
kerdiolpe,1
nabahh,1
gadea,1
manro,1
sabdivesuno,1
gesengero,1
deles,1
ages,1
khem,1
khemas,1
dosvalenge,1
ninger,1
perik,1
muk,1
phuypnastar,1
nasulestar,1
shelibersha,1
shelibershenge,1
avilya,1
aramaitska,1
isaeski,1
eladitska,1
koynê,1
lekhavipenasa,1
lekhavipenasapater,1
ouranoishagiasthētō,1
onoma,1
elthetō,1
genethetō,1
thelēma,1
ouranōi,1
epi,1
tēs,1
gēs,1
arton,1
epiousion,1
dos,1
sēmeron,1
aphes,1
opheilēmata,1
hēmeis,1
aphiemen,1
opheiletais,1
mē,1
eisenenkēis,1
peirasmon,1
alla,1
rhusai,1
apo,1
tou,1
ponērou,1
hoti,1
estin,1
dúnamis,1
doxa,1
tous,1
aiōnas,1
amēn,1
qvi,1
coelis,1
sanctificetur,1
nomen,1
adveniat,1
regnum,1
fiat,1
voluntas,1
coelo,1
panem,1
nostrum,1
qvotidianum,1
hodie,1
dimitte,1
debita,1
nostra,1
dimittimus,1
debitoribus,1
nostris,1
inducas,1
intentationem,1
sed,1
libera,1
burgenland,1
yesus,1
yengerenge,1
molinen,1
sal,1
kedveshno,1
oda,1
kameha,1
upri,1
diveseskero,1
fade,1
grihi,1
fadas,1
odolenge,1
ertshavipe,1
ledshe,1
ertshavo,1
ham,1
pomoschin,1
ertshavipestar,1
mert,1
soralipe,1
raykalipe,1
akân,1
ota,1
sioux,1
aŋċaŋ,1
wóċe,1
iye,1
ateuŋyaŋpi,1
naŋke,1
niċaże,1
wa,1
aŋla,1
okicuŋze,1
kte,1
awaċiŋ,1
iyeċel,1
akaŋl,1
otoiyohi,1
wóyute,1
uŋk,1
wauŋ,1
uŋkiċicażużu,1
uŋki,1
tóna,1
icaya,1
eċauŋkicuŋ,1
wiċuŋkiċicażużu,1
iyeċeca,1
wawiyutaŋyaŋ,1
uŋ,1
uŋkaya,1
íce,1
etaŋhaŋ,1
euŋglaku,1
wókiċuŋze,1
wówa,1
wówitaŋ,1
hena,1
awa,1
héuŋ,1
protestantikane,1
gilidevlikani,1
miluysarma,1
khemengo,1
khos,1
meri,1
hhalavma,1
mirea,1
bithamiatar,1
bezehestar,1
ujarma,1
prinjeyanaula,1
bezeh,1
savaht,1
tuke,1
yekheske,1
felisardem,1
kerdem,1
phendimata,1
phendibena,1
nirisaralo,1
vijavalo,1
krisisaresa,1
hinta,1
kerdilem,1
biandeasma,1
minri,1
eta,1
chac,1
hipen,1
chailiovleanles,1
bisikade,1
hhakiardimnaske,1
sikavdeanmangele,1
kingiaresama,1
isopesa,1
keresama,1
hhalavesama,1
ivestar,1
parniaravama,1
ashundimnaske,1
desa,1
asaipen,1
loshiarenape,1
kokala,1
biashardine,1
smerime,1
munre,1
khosle,1
divar,1
nevisar,1
andralutne,1
butiya,1
chudema,1
shiyudema,1
leles,1
dema,1
mestiarimaski,1
ghiesa,1
hulayvalo,1
zuriyarma,1
sikiaraua,1
bithamialen,1
doriava,1
bipakiaivale,1
amboldenape,1
mestiarma,1
shiordimastar,1
ratesko,1
mestiarimasko,1
loshiarelape,1
chachimnastar,1
usht,1
puteresale,1
phenela,1
ashar,1
kamleaneas,1
mundardimaski,1
demastuke,1
mishtokamlesale,1
mundardimnaski,1
ghi,1
telutuno,1
phago,1
biphukiardo,1
marelales,1
kamlimos,1
siyoneske,1
divarenpe,1
divarea,1
mishtokamesa,1
mundarimaski,1
thona,1
somnalsinia,1
guruvniyore,1
nayram,1
miserere,1
magnam,1
misericordiam,1
multitudinem,1
miserationum,1
tuarum,1
dele,1
amplius,1
iniquitate,1
peccato,1
munda,1
ego,1
cognosco,1
peccatum,1
contra,1
semper,1
tibi,1
soli,1
peccavi,1
malum,1
coram,1
feci,1
justificeris,1
sermonibus,1
tuis,1
vincas,1
judicaris,1
iniquitatibus,1
conceptus,1
sum,1
concepit,1
mater,1
veritatem,1
dilexisti,1
incerta,1
occulta,1
sapientiæ,1
tuæ,1
manifestasti,1
asperges,1
hyssopo,1
mundabor,1
lavabis,1
nivem,1
dealbabor,1
auditui,1
dabis,1
gaudium,1
exsultābunt,1
ossa,1
humiliata,1
averte,1
faciem,1
omnes,1
iniquitates,1
meas,1
dēlē,1
mundum,1
crea,1
rectum,1
innova,1
visceribus,1
projicias,1
facie,1
auferās,1
redde,1
salutaris,1
tui,1
spiritu,1
principali,1
cōnfirmā,1
docebo,1
iníquos,1
vias,1
tuas,1
impii,1
convertentur,1
līberā,1
sanguinibus,1
salutis,1
meæ,1
exsultābit,1
justítiam,1
labia,1
aperiēs,1
annuntiabit,1
laudem,1
voluisses,1
sacrificium,1
dedissem,1
utique,1
holocaustis,1
delectaberis,1
spiritus,1
contribulatus,1
contritum,1
humiliatum,1
despicies,1
benigne,1
fac,1
bona,1
voluntate,1
sion,1
ædificentur,1
muri,1
acceptabis,1
justitiæ,1
oblationes,1
holocausta,1
imponent,1
altare,1
vitulos,1
niceea,1
kristiyanismosko,1
oriyentaluni,1
katolikani,1
asiriyani,1
khnageri,1
luterani,1
metodikani,1
protestantismoske,1
inklilya,1
pakiau,1
ninkeralo,1
kerdialo,1
nabahhesko,1
phuveako,1
dikhlengo,1
bidikhlengo,1
iisuso,1
hhristoso,1
sheav,1
biandeaspe,1
shelibershendar,1
asibenesa,1
saveste,1
kerdinepe,1
mansuh,1
mestiariben,1
hulistea,1
leas,1
snanga,1
chaibari,1
mariam,1
kerdeaspes,1
trushulisardeaspe,1
ghesa,1
pontsioske,1
pilat,1
mumisardeas,1
prahosailea,1
jiuvindiailo,1
ghes,1
vazdeaspe,1
dadeski,1
barimasa,1
krisinisarel,1
jiuvinden,1
mulen,1
savesko,1
avelales,1
jiuvindimasko,1
kerdivalo,1
anklel,1
chavesa,1
preznuisardo,1
ashardo,1
deas,1
prorochia,1
sinodalikani,1
apostolikani,1
purhisarau,1
boldimos,1
khemimos,1
bezehhengo,1
ajiukerav,1
jiuvindiailipen,1
mulengo,1
jiuvindipen,1
shelibershesko,1
credo,1
patrem,1
omnipoténtem,1
factórem,1
cæli,1
terræ,1
visibílium,1
ómnium,1
invisibílium,1
iesum,1
christum,1
fílium,1
unigénitum,1
natum,1
ante,1
sæcula,1
lumen,1
lúmine,1
verum,1
vero,1
génitum,1
factum,1
consubstantiálem,1
patri,1
quem,1
facta,1
hómines,1
nostram,1
salútem,1
descéndit,1
cælis,1
incarnátus,1
spíritu,1
sancto,1
vírgine,1
factus,1
crucifíxus,1
étiam,1
póntio,1
piláto,1
passus,1
sepúltus,1
resurréxit,1
tértia,1
secúndum,1
scriptúras,1
ascéndit,1
cælum,1
sedet,1
déxteram,1
patris,1
íterum,1
ventúrus,1
glória,1
iudicáre,1
vivos,1
mórtuos,1
cuius,1
regni,1
erit,1
finis,1
spíritum,1
vivificántem,1
filióque,1
procédit,1
fílio,1
simul,1
adorátur,1
conglorificátur,1
locútus,1
prophétas,1
unam,1
sanctam,1
cathólicam,1
apostólicam,1
ecclésiam,1
confíteor,1
baptísma,1
remissiónem,1
peccatorum,1
expecto,1
resurrectionem,1
mortuorum,1
vitam,1
ventúri,1
sæculi,1
crorro,1
dural,1
vesava,1
ediwado,1
bakro,1
phrini,1
beshindoi,1
magyara,1
rumunya,1
jermanya,1
siklylya,1
nevelilengo,1
sukcheso,1
artikolesko,1
paradise,1
uzho,1
bikipnasko,1
nevolil,1
premyo,1
lillian,1
hellman,1
lilenge,1
lilesa,1
audition,1
mom,1
too,1
shunipen,1
daye,1
prya,1
sob,1
stories,1
mekh,1
rovindoi,1
rugiv,1
pashivend,1
ekspozitsiya,1
biyandipnasko,1
navyardi,1
farewell,1
mekhav,1
transilvaniyo,1
amerikane,1
nevelila,1
kerindoi,1
artistesa,1
stompz,1
spektakolo,1
experiences,1
milky,1
again,1
christians,1
peacocks,1
maladimata,1
thudeske,1
dromesa,1
protestantentsa,1
paunentsa,1
festivalo,1
teknoval,1
fanging,1
thru,1
astarindoi,1
lekhavimatengo,1
vampirya,1
palune,1
eco,1
friendly,1
propelled,1
clowns,1
clovnurya,1
ekolojishtya,1
ingerindoi,1
broadway,1
deshuekhtonai,1
want,1
anymore,1
kamav,1
jipsi,1
dindoi,1
imigranturya,1
danemarkiyako,1
kongeriget,1
danmark,1
dukato,1
luksemburgesko,1
luksemburgikanes,1
groussherzogtum,1
lëtzebuerg,1
grand,1
duché,1
großherzogtum,1
luxemburg,1
shtartonai,1
jeneralo,1
romanìja,1
organizisarel,1
tradìcie,1
phenimata,1
vaźne,1
kulturăqe,1
romenqe,1
avrăça,1
avreça,1
avraqe,1
avresqe,1
soläxă,1
mukhlas,1
bezëxa,1
xalăras,1
ćaćipe,1
nipo,1
patăn,1
averfălnes,1
pućhipe,1
verevere,1
patămata,1
xatăren,1
phendipe,1
skriisardo,1
phand,1
intuìcia,1
thovel,1
baxtagorisarel,1
manuśnăqo,1
tradicionale,1
swuntosqo,1
hederelezi,1
naciàqo,1
liparipnasqe,1
flàgo,1
zeleni,1
budlo,1
bodliben,1
bodlipe,1
trùj,1
amerićen,1
oćeania,1
ivipansqo,1
stylo,1
ideologură,1
rromanipnasqo,1
arakhadyilas,1
budapeshta,1
artisticka,1
shkoli,1
képző,1
és,1
iparművészeti,1
szakközépiskola,1
hollanad,1
krajeski,1
makhimaski,1
akademija,1
barimangi,1
getosardas,1
kedas,1
piktoreske,1
inkrenas,1
nasvalengo,1
andrash,1
nasvalenge,1
khereski,1
kangeri,1
glazhuno,1
bibliake,1
vrami,1
nyevo,1
teshtamento,1
spar,1
stadt,1
kodol,1
kasht,1
sobrura,1
diplomaki,1
amsterdamesko,1
vlaxutna,1
vramaki,1
khangeti,1
akharipe,1
amsterdameske,1
konsilo,1
keradas,1
hollandaki,1
makhimaske,1
artisticko,1
akademia,1
akademiako,1
majbaroj,1
panzhvardesh,1
ungro,1
saj,1
maladyuvas,1
majbare,1
szabó,1
ervin,1
biblioteko,1
makhlo,1
julianus,1
kőrösi,1
csoma,1
apáczai,1
csere,1
triptichon,1
septembri,1
pherdal,1
tisadobako,1
shavorengo,1
kade,1
arakhagyimo,1
peli,1
ungrikone,1
kipon,1
makhlas,1
iskirimatosa,1
kavera,1
politikutkine,1
butyaca,1
politikuno,1
mszp,1
lasles,1
mashlar,1
parlamentoske,1
deputatura,1
inja,1
novemberesko,1
shon,1
dyesa,1
kioura,1
mitologia,1
pecipija,1
zhanimasa,1
romanyi,1
monumentalnone,1
shaj,1
hatyaras,1
fajnope,1
piktorura,1
bratislavsko,1
holokotos,1
djipen,1
sikerel,1
rumaniatar,1
kertshima,1
café,1
taj,1
bibliothekos,1
sijercic,1
jurnalisti,1
sikliyarni,1
hersegonvina,1
programe,1
televiziyate,1
aktivisti,1
internasyonalna,1
juvdili,1
torontoneste,1
resli,1
ontariyo,1
koledj,1
vuchi,1
diploma,1
cherdya,1
regularni,1
shkolaki,1
distrikt,1
board,1
akhardipe,1
kanadaki,1
delegati,1
konferensiya,1
antirasizam,1
kvito,1
yujna,1
juvdel,1
legends,1
anglekani,1
iklyovel,1
duychibeski,1
angleski,1
jermaneski,1
juvdipe,1
bosanski,1
bosna,1
hersegovina,1
mirikle,1
ilmihal,1
ratvali,1
biyav,1
kataro,1
lorka,1
dokumentarno,1
dikhepaskero,1
adjive,1
karankochi,1
kochi,1
poesiyango,1
axen,1
breinig,1
nortvesto,1
transsilvania,1
ardeal,1
makiyari,1
erdely,1
siebenbürgen,1
forre,1
sluy,1
târgu,1
mures,1
alba,1
iulya,1
brasov,1
sibiyu,1
sighisoara,1
trayen,1
nasyone,1
rumune,1
makiyare,1
anglovakaripa,1
bharatta,1
vakarya,1
chibyenda,1
muyesta,1
hramisali,1
najana,1
zumavinde,1
resla,1
dikhla,1
ajukarela,1
tharol,1
zumavisalo,1
kalarde,1
diyalektesko,1
tedrabarol,1
olende,1
lokalizmya,1
