word,count
di,7015
tu,4375
shi,3473
cu,2200
ti,1821
de,1514
easti,1500
la,1442
cari,1100
tsi,1089
pi,1080
anlu,1072
ma,955
sh,901
ca,890
unã,758
ali,748
eara,729
unu,673
nu,567
un,558
easte,510
al,481
lui,453
limba,426
icã,401
cã,401
dit,395
armãneascã,385
ari,385
dupu,375
suntu,364
izvuri,360
în,358
fu,351
multu,347
atsea,330
mari,327
avea,326
nai,322
iu,313
cãsãbãlu,305
lu,299
alti,280
cãndu,277
republica,275
li,274
multi,269
aflã,254
cãsãbã,250
trã,241
nafoarã,239
ditu,237
pãnã,235
din,233
ira,229
nuntru,225
loc,222
numa,213
ni,209
bãnãtori,208
chivernisea,204
mare,202
in,192
si,186
stat,184
vedz,182
chiro,175
cum,168
capital,165
parti,165
cama,164
va,151
chirolu,150
etc,147
europa,147
cai,145
lji,145
da,144
km,142
pri,140
pe,139
of,138
partea,138
scopia,136
hibã,135
armãnescu,134
aestã,133
districtulu,133
terra,132
ashi,131
prota,131
romãnia,129
populatsia,129
biblioyrathilj,127
bãneadzã,127
om,127
alu,126
sum,125
seculu,123
armãnjlji,122
elementu,122
armãnji,121
are,120
faptu,120
sã,118
ãn,118
nica,117
bana,117
ta,116
tuti,113
el,113
the,113
anamisa,112
anj,112
ii,109
soni,109
beligrad,109
muri,108
se,107
armãnjlor,106
care,103
machedonia,102
mai,102
lucru,101
protlu,99
le,97
cumu,97
aestu,97
mash,97
loclu,96
poati,96
numiru,96
shtip,95
au,94
constantin,93
fãrã,93
chimicu,92
lor,91
culturã,91
shcurtu,91
tora,89
isturia,89
an,88
atomicu,88
atsel,87
pisti,86
ninti,85
adarã,84
sãntu,83
parte,83
casã,83
armãnj,82
pt,82
sculii,82
şi,81
gãrtsia,81
adratã,81
meslu,81
hoara,80
soi,79
tra,78
fig,78
una,77
ninga,77
pit,76
este,76
amintã,75
limbili,74
iasti,74
omlu,74
carti,74
pentru,74
limbã,73
locu,73
vãsãliili,73
cãtrã,73
frãndzã,73
hoarã,73
multsã,72
adrã,72
bucureshti,72
ahurhi,72
vil,72
tutã,71
aradã,71
njits,71
nã,70
na,70
deadun,70
trei,70
familia,70
vãrã,70
deadi,70
des,70
anu,70
bituli,69
armãneshtsã,69
omu,69
casa,69
azã,68
resursi,68
tut,68
prefectura,68
petar,68
mãri,67
lucra,67
istoria,66
relighia,66
lucreadzã,66
ljei,65
cartea,65
dau,65
www,64
bãna,64
fatsi,64
mică,64
nord,63
crushuva,63
asburãti,63
isvuri,63
http,63
tru,63
editura,63
ori,63
misha,63
unui,62
oarã,61
cultura,61
icunumia,61
muriri,61
zborlu,61
aclo,61
dzuã,61
asia,60
scriitori,60
lilici,60
para,60
câsâbadz,59
lj,59
plantã,59
der,59
regiunea,59
tuts,58
marea,58
noi,57
unâ,57
elu,57
und,57
truplu,56
atumtsea,56
face,56
fi,55
and,55
aproapea,55
lână,55
limbãljei,54
europeanã,54
th,54
statu,54
nicola,54
facultatea,54
su,54
vasili,54
mic,54
armãnã,53
faptã,53
unia,53
martsu,53
lucri,53
bun,53
mi,52
armãn,52
dzãtsi,52
sculia,52
petrovich,52
ligãturi,51
numã,51
dzua,51
oaminj,51
anji,51
facu,51
capitala,50
ia,50
banã,50
cãrtsã,50
adrati,50
moscopole,49
armãneshci,49
featsi,49
adzã,49
et,49
membru,49
contra,49
cap,49
lã,49
america,49
specie,49
polim,48
doi,48
cafi,48
vâryârie,48
puţin,48
njegosh,48
web,47
td,47
les,47
facã,46
sta,46
furã,46
aminti,46
sãrbeascã,46
arbinishii,46
vãryãreashti,46
rău,46
eta,45
ama,45
pp,45
nushici,45
andreu,45
vãryãrie,45
estimarea,45
adutsi,45
cozara,45
dr,44
armãneashti,44
alexandru,44
marli,44
cãsãbãlui,44
prezidentu,44
loru,44
idghea,44
sau,44
machidunia,44
lipseashti,44
dupã,44
polimlu,43
ce,43
poezii,43
xx,43
vini,43
turlii,43
natsionalã,43
fapturi,43
vâryâriecâsâbadz,43
chimie,43
polandia,42
cãsãbadzlj,42
să,42
sãrunã,42
nitsi,42
ashitsi,42
ispeti,42
obiectu,42
aesti,42
earbã,42
obiectul,42
du,41
mesi,41
africa,41
bunãoarã,41
machidunii,41
că,41
aleptu,41
nicolae,40
vrea,40
amãnat,40
viena,40
sãrbii,40
educatsii,40
makedonã,39
curi,39
gãrtseascã,39
artã,39
aprir,39
adrat,39
patru,39
njicã,39
lungu,39
not,38
makedonia,38
vurgaria,38
cãsãbadz,38
ghini,38
alantã,38
shtiintsã,38
tsiva,38
profesor,38
evenimente,38
fel,38
mâncare,38
hotelu,38
naima,37
zboarã,37
evropa,37
iara,37
nãs,37
pãrtsã,37
belemace,37
bagã,37
academia,37
alanti,37
scriitor,37
elji,37
cali,37
palata,37
makedonji,36
lume,36
carte,36
gãrtsii,36
sa,36
omlui,36
dumnidzã,36
lumea,36
calea,36
armasi,36
albi,36
adrari,36
mihailo,36
aiestã,35
italia,35
bisearica,35
natsional,35
apã,35
aibã,35
costa,35
populu,35
dipisi,35
studii,35
muntili,35
totna,35
locurli,35
numirarea,35
turchia,34
amirãria,34
atselji,34
no,34
fãtsea,34
monte,34
atselu,34
republic,34
dusi,34
fc,34
multe,34
lapte,34
earau,34
pãduri,34
barba,34
caragiu,34
atseali,34
haină,34
ayiu,33
anjlji,33
amarea,33
scupo,33
dadã,33
sãrbia,33
die,33
familii,33
maxusu,33
popularã,33
afla,33
sub,33
vasile,33
analtu,33
lemn,33
bine,33
qarku,33
monedă,33
stău,33
boiagi,32
wikipedia,32
datã,32
fudzi,32
cãnãscutã,32
minti,32
oi,32
brumar,32
mundial,32
putea,32
brumaru,32
cãntits,32
romãnã,32
oaminji,32
kirolu,32
rrethi,32
fără,32
plantă,32
plăcintă,32
negro,32
adusi,31
bitule,31
nostru,31
locuri,31
ea,31
tr,31
altã,31
opera,31
avgustu,31
criscutã,31
semnu,31
statili,31
alunaru,31
sud,31
yini,31
pâine,31
ljeau,31
moscva,31
xix,30
ioryi,30
publicã,30
austria,30
dada,30
ul,30
statlu,30
bisearicã,30
popular,30
tutu,30
xeani,30
hãlati,30
paris,30
literatura,30
dascal,30
intrã,30
bunã,30
cal,30
despotlu,30
armãnu,29
literaturã,29
sutsata,29
lista,29
britania,29
romãneascã,29
altsã,29
dauã,29
macedonia,29
vas,29
comuna,29
largu,29
data,29
uniti,29
balcan,29
munti,29
filmu,29
machiduneascã,29
mãcari,29
anlui,29
planti,29
apă,29
galben,29
deveni,29
prea,29
cest,29
loclui,28
https,28
ofitsial,28
altu,28
doilu,28
dutsea,28
lo,28
litseulu,28
bucure,28
as,28
ohãrda,28
dat,28
naua,28
după,28
shtintsã,28
fratslji,28
aveari,28
scriitoru,28
canal,28
anastasievich,28
cara,27
acshi,27
albã,27
new,27
analtã,27
membri,27
yizmãciunj,27
numi,27
namisa,27
pãradz,27
vreari,27
aromãnã,27
ministeriatlu,27
cãtã,27
guli,27
nico,27
branislav,27
república,27
zori,27
sfera,27
alui,27
yinaru,27
dzãli,27
deavãrliga,27
bagu,27
institutlu,27
capetan,27
arbinishia,26
nãsã,26
cathi,26
scriatã,26
vãsilia,26
gãrtsie,26
otomanã,26
arusia,26
caftã,26
sofia,26
ninte,26
singur,26
aistã,26
zãrtsinã,26
tsãnu,26
agiutor,26
poet,26
adunã,26
ficiori,26
cãnãscut,26
metri,26
république,26
ani,26
limbi,26
dacă,26
adra,26
fundã,26
mult,26
prost,26
păr,26
condutsiri,26
librul,26
ofitsialã,25
agiumsi,25
ispania,25
gov,25
papa,25
poate,25
murnu,25
zbor,25
dealihea,25
despre,25
ljea,25
lipsea,25
vlahi,25
macedo,25
muljeari,25
acatsã,25
fumelji,25
poartã,25
pitu,25
creashti,25
detsizii,25
tradzi,25
sistemlu,25
lemnu,25
stranji,25
piatră,25
exact,25
zi,25
boală,25
supărare,25
nefericit,25
ahurhita,24
ro,24
nr,24
cãsãba,24
idhyia,24
njic,24
bosna,24
ghermãnia,24
politica,24
relighie,24
org,24
maria,24
fac,24
anglicheascã,24
caplu,24
prin,24
cunuscuts,24
roman,24
anda,24
aua,24
populari,24
kiro,24
aroshi,24
popnicola,24
informatsii,24
deadunu,24
floare,24
tirana,24
avu,24
amirã,24
hilji,24
taifa,24
femeie,24
mãcã,24
copil,24
joc,24
iarbă,24
vârf,24
constructsii,24
sãrghia,23
en,23
tsentralã,23
aratsile,23
muzicã,23
cel,23
maiu,23
adrarã,23
parlamentului,23
turnã,23
interes,23
lucurlu,23
comunã,23
mashi,23
operi,23
capu,23
casi,23
ci,23
lumi,23
reghionlu,23
vii,23
matilda,23
dinu,23
agiutã,23
biblioteca,23
tragu,23
verde,23
mesu,23
hromã,23
pune,23
copii,23
şarpe,23
etaj,23
makedonu,22
culturalã,22
cunuscutã,22
veadi,22
alantsã,22
republika,22
george,22
pot,22
aoa,22
bãgatã,22
roma,22
von,22
vinirã,22
contributsii,22
stil,22
poezia,22
oarâ,22
dauli,22
cunuscut,22
dar,22
romãnie,22
grets,22
greu,22
prot,22
poatã,22
cheatrã,22
negru,22
foarte,22
obicei,22
jos,22
nenorocire,22
piele,22
curmu,22
ocărî,22
bregalnitsa,22
ducati,22
cândvar,22
datlu,21
popul,21
numir,21
armãnescã,21
ducã,21
daima,21
stati,21
india,21
ungaria,21
bucureshci,21
archive,21
gura,21
noaptea,21
lat,21
armãni,21
televizia,21
ed,21
yinu,21
tulliu,21
istorii,21
autor,21
alumta,21
frãntseascã,21
didea,21
frãndza,21
anvãrliga,21
mushatã,21
alunar,21
textil,21
începe,21
sava,21
vangheli,21
oaminjlji,21
arburi,21
frig,21
adânc,21
timp,21
voal,21
soc,21
mătase,21
prostănac,21
developari,21
shcaperda,21
colocotronis,21
balcanu,20
sade,20
limbe,20
romanã,20
fatsa,20
rumãnie,20
românia,20
vi,20
putere,20
tiri,20
cântâtori,20
cadur,20
ie,20
natsionali,20
ahoryea,20
armanji,20
bazã,20
tsentrul,20
comedii,20
nushi,20
director,20
eali,20
tsãnã,20
frati,20
scotu,20
amari,20
shtiintsificã,20
faţă,20
ligati,20
vezi,20
pravdã,20
yianar,20
premii,20
crescu,20
economii,20
coada,20
ufilisea,20
cile,20
papuli,20
animal,20
lundzi,20
iute,20
rade,20
ximedru,20
machidunescu,20
obiectului,20
montenegreanã,20
athina,19
cunia,19
armãneashce,19
ei,19
cultural,19
balcanlu,19
muzica,19
anyrãpsi,19
am,19
voi,19
apruche,19
anatomie,19
aproape,19
sunt,19
personalitãts,19
focu,19
bãgã,19
univerzitatea,19
activitãts,19
unei,19
zboru,19
primarã,19
romãnii,19
pari,19
suptsãri,19
cãt,19
ficior,19
apostol,19
lumina,19
tricu,19
gheorghe,19
hagi,19
arhitectura,19
iuva,19
vãsiljelu,19
easi,19
tseru,19
bună,19
prit,19
buni,19
sutsatã,19
con,19
scamnu,19
arãzgã,19
arãulu,19
pristi,19
peru,19
judetsu,19
simintsã,19
metalu,19
adunari,19
hâlă,19
bani,19
casãljei,19
turc,19
noroc,19
flacără,19
farfurie,19
mulţime,19
pom,19
dari,19
rosia,19
vils,19
papahagi,18
revista,18
liber,18
est,18
university,18
nume,18
mushat,18
premia,18
geografie,18
ministru,18
apa,18
imperia,18
avutã,18
culturãljei,18
tv,18
bãgat,18
familiiljei,18
controlã,18
ndreptu,18
mintea,18
vol,18
custantsa,18
daua,18
tinjii,18
peste,18
sãrbescu,18
film,18
sur,18
notu,18
române,18
iii,18
animali,18
persoanã,18
vie,18
zbura,18
tsãnea,18
bumbac,18
jur,18
solaru,18
prici,18
luguria,18
grigore,18
acum,18
nebun,18
fier,18
supăra,18
pânză,18
creştet,18
apu,18
munte,18
grâu,18
supărat,18
nenorocit,18
sărman,18
cineva,18
alju,18
ristich,18
condutsirea,18
cnezlu,18
noastã,17
mihail,17
freiburg,17
hristolu,17
cehia,17
chipro,17
york,17
rm,17
piste,17
idhyea,17
lai,17
istorie,17
ahorghea,17
pindu,17
frats,17
varshava,17
moarti,17
aur,17
ein,17
alantu,17
vã,17
ioan,17
bitisi,17
featsirã,17
lapti,17
guvernului,17
toma,17
populatsie,17
tot,17
guinea,17
alb,17
grup,17
anglicheasca,17
cavalioti,17
anyrãpseashti,17
niheam,17
adunarea,17
cunuscutu,17
materiali,17
comertsii,17
ayru,17
gotse,17
clublu,17
trupu,17
galbini,17
când,17
laiu,17
stofă,17
lovitură,17
palmă,17
război,17
uşor,17
roată,17
ţesătură,17
fir,17
manta,17
înainte,17
binecuvântare,17
dimitar,17
pirivoli,17
pupin,17
populi,16
armãnjiloru,16
vlahu,16
tatã,16
ascãpitatã,16
giumitati,16
olanda,16
san,16
european,16
mihai,16
isturii,16
cluj,16
history,16
io,16
dintre,16
dor,16
mini,16
fatsã,16
armâńie,16
machedonie,16
complet,16
armasirã,16
influentsã,16
yine,16
public,16
pavlu,16
mileti,16
nsus,16
români,16
vrearea,16
pãn,16
pãrinteascã,16
cratu,16
clasa,16
canada,16
tsentru,16
nali,16
amirãlu,16
romãnescu,16
ianina,16
sculiili,16
diznãu,16
tachi,16
gãrtsescu,16
gãrtseashti,16
aduna,16
toarnã,16
pute,16
futbol,16
zburãscu,16
aroumains,16
romãn,16
nafoara,16
ligatã,16
veara,16
colectsia,16
diploma,16
romãnu,16
agiungã,16
apropea,16
nau,16
fructi,16
fumealji,16
greacã,16
avut,16
her,16
moartea,16
inshi,16
fumealjia,16
delcev,16
cadu,16
agru,16
sari,16
albastru,16
deapoea,16
berat,16
elbasan,16
durrës,16
neam,16
opri,16
arucu,16
râpă,16
mulţi,16
liliac,16
ţine,16
prunc,16
pumn,16
turcească,16
durere,16
nici,16
frângu,16
hotel,16
centrul,16
ascapitat,16
parcu,16
alexandar,16
fiti,16
toa,16
apurari,16
milosh,16
peloponez,16
merdul,16
isbn,15
fimirida,15
dzãcã,15
modernã,15
numirlu,15
moldova,15
ucraina,15
nao,15
biblioyrafilj,15
zboarãli,15
biligrad,15
eminescu,15
dic,15
uniunea,15
pind,15
gurã,15
mea,15
dultsi,15
nj,15
ex,15
putem,15
protã,15
isturilj,15
anvãrligã,15
organizatsii,15
ghermanii,15
putu,15
nghiosu,15
spuni,15
armãnamea,15
itsi,15
bãnã,15
scria,15
română,15
im,15
hari,15
fereastră,15
cãcum,15
world,15
exemplu,15
lucrã,15
arhadzits,15
dimitrie,15
limbile,15
câ,15
irina,15
maxus,15
potu,15
ahurhitã,15
znjii,15
sus,15
insecti,15
cljeamã,15
alte,15
averoff,15
lungã,15
avearea,15
ispanicheascã,15
culturali,15
simvollu,15
lantanidu,15
presa,15
verdzã,15
ploai,15
bea,15
frumos,15
stranjiu,15
vapori,15
picioare,15
leneş,15
glonţ,15
repezi,15
încet,15
bate,15
rar,15
leu,15
cerc,15
drojdie,15
pământ,15
culoare,15
bucată,15
pin,15
ibric,15
cuptor,15
diavol,15
coş,15
furcă,15
cercel,15
obiecti,15
productsii,15
proectul,15
ãnvitsari,15
guvernul,15
reghistrat,15
hotelui,15
govnulesc,15
pec,15
limbă,14
etãljei,14
gramatica,14
tsãni,14
dans,14
popullu,14
caduri,14
featse,14
apiritã,14
soia,14
hertsegovina,14
politicã,14
statlui,14
te,14
vimtu,14
escu,14
unite,14
tsintsi,14
acasã,14
sone,14
alasã,14
nâ,14
importantsã,14
dao,14
chiru,14
diaspora,14
sutsatãljei,14
armãnami,14
hoarãljei,14
alãxi,14
fraiburg,14
publicati,14
cui,14
lea,14
dipisearea,14
muntsãlji,14
lucre,14
toamna,14
cãnãscuti,14
spusi,14
latinã,14
arada,14
creascã,14
elena,14
educatsia,14
city,14
avdhela,14
forma,14
xumedru,14
scoati,14
xxi,14
comarca,14
câsâbă,14
ou,14
asimi,14
sistemi,14
romanu,14
tsicara,14
bibliografie,14
balkans,14
niheamã,14
situatsii,14
puljiu,14
bãgati,14
lucãrli,14
arãzga,14
numili,14
polimu,14
sãnãtoasã,14
calu,14
adratu,14
vasalia,14
nafoarâ,14
trâ,14
planetã,14
monumentu,14
aduc,14
soarilui,14
pas,14
externi,14
strańi,14
ochi,14
acolo,14
şoim,14
termina,14
întâlni,14
petrecere,14
aluneca,14
ramură,14
certa,14
blestemat,14
cuiva,14
bătaie,14
batjocură,14
ascuţit,14
bogat,14
soldat,14
cuvertură,14
viţă,14
punct,14
brânză,14
nuntă,14
burtă,14
flanelă,14
gologan,14
post,14
plămân,14
vă,14
arhitectul,14
fundari,14
realizari,14
udadz,14
perifan,14
platsa,14
rejii,14
dimonie,14
shapca,14
ittă,14
spun,13
ioannis,13
jale,13
cursu,13
noima,13
isturie,13
vearã,13
raion,13
teritoria,13
europe,13
sistem,13
grailu,13
ar,13
co,13
hi,13
it,13
sumu,13
spune,13
tini,13
organizatsia,13
isus,13
domnului,13
consiliulu,13
mul,13
del,13
zburashti,13
fara,13
fundatã,13
świętochłowice,13
celnic,13
documentu,13
puizii,13
scrie,13
lunjina,13
vai,13
cãti,13
anvitsa,13
dutsi,13
rusii,13
titsi,13
cãmpu,13
publicatã,13
man,13
ahurhirã,13
multã,13
yin,13
cãtse,13
cri,13
proecti,13
nusha,13
sumedru,13
idei,13
protslji,13
decât,13
până,13
mijloc,13
icâ,13
constantinopol,13
bissau,13
prof,13
featã,13
universitetlu,13
dunã,13
istoricã,13
mata,13
dacia,13
tsitati,13
avemu,13
tri,13
carni,13
posibilitati,13
nauã,13
arbinisheascã,13
origine,13
stare,13
protili,13
itia,13
albu,13
propuniri,13
dzãtsea,13
esti,13
videmu,13
vis,13
caldi,13
purta,13
tsãnutã,13
centru,13
ocljiu,13
lishor,13
truplui,13
galbinã,13
agri,13
frãndzãli,13
încă,13
flori,13
prinde,13
salbă,13
total,13
refl,13
gură,13
destul,13
praf,13
puşcă,13
măsură,13
vultur,13
lanţ,13
curaj,13
grijă,13
învinge,13
mira,13
porni,13
părăsi,13
râs,13
rând,13
porumb,13
arbore,13
prăjitură,13
iarnă,13
arşic,13
sărac,13
aşchie,13
zgomot,13
fruct,13
peşte,13
ordin,13
dată,13
scurtă,13
grămadă,13
totdeauna,13
imediat,13
hrăni,13
competitsii,13
lala,13
palatã,13
obse,13
obrenovich,13
construarea,13
ruseascã,13
amsa,13
goramorul,13
roja,12
comunãljei,12
proectu,12
lipseashce,12
noastrã,12
tesalia,12
cãsãbadzlji,12
peninsula,12
zãmani,12
vãsãlia,12
hristo,12
cãdzu,12
treia,12
irlanda,12
video,12
aspuni,12
hr,12
prima,12
bãn,12
hristos,12
parlamentul,12
formã,12
duse,12
dh,12
aiesti,12
vlachs,12
radio,12
bãnari,12
ay,12
muzicalã,12
theatro,12
steaua,12
nivel,12
hori,12
secretar,12
alãsã,12
ahapsi,12
cãnticu,12
dina,12
prozã,12
ale,12
bre,12
vor,12
tritsea,12
veadã,12
dorlu,12
portu,12
es,12
ahurheashti,12
cauza,12
literaturãljei,12
compozitori,12
colţ,12
lunjinã,12
shtimu,12
iancu,12
nicuchira,12
homo,12
aistu,12
naun,12
mihali,12
aromânii,12
national,12
yizmãciunu,12
yinar,12
novi,12
manachia,12
lãnã,12
minte,12
salzburg,12
naum,12
marie,12
apriru,12
brazilia,12
institut,12
armãna,12
romanji,12
gheorge,12
prezidentlu,12
oaie,12
foc,12
shasi,12
companii,12
anclo,12
armãneshti,12
balkan,12
iv,12
puteari,12
bãrbatu,12
veclji,12
albert,12
chealea,12
miydani,12
leagã,12
philip,12
mãrlji,12
porphyrogenetlu,12
ancupãrã,12
mortu,12
tetovo,12
nivelu,12
dipisita,12
filmi,12
nicolau,12
fapti,12
elementi,12
compozitoru,12
yimishi,12
muzicali,12
anvãrteashti,12
yiptu,12
vioară,12
pulji,12
curat,12
jude,12
angrãpsi,12
măi,12
şopti,12
merge,12
înţelege,12
lăcustă,12
ladă,12
odihni,12
fura,12
hoţ,12
măr,12
fire,12
gaură,12
rândunică,12
cursă,12
sări,12
multă,12
necaz,12
belea,12
chiar,12
drum,12
întrista,12
aoatsi,12
aramă,12
pierde,12
urmă,12
oraş,12
apus,12
grabă,12
rasă,12
mânie,12
miel,12
pasăre,12
murdar,12
pădure,12
umflătură,12
barză,12
marfă,12
sticlă,12
cale,12
ocărâre,12
gheată,12
cadou,12
nimic,12
zăvor,12
lider,12
greier,12
mireasă,12
bulgar,12
forţă,12
pomană,12
cerşetor,12
mereu,12
şorţ,12
mutu,12
traistă,12
adrarea,12
printsipal,12
iovan,12
costov,12
politicheascã,12
protlui,12
diferenti,12
partitsipari,12
strug,12
fasada,12
vlashca,12
terazie,12
ilchich,12
aruulu,12
popova,12
govnul,12
crivatu,12
noturi,11
redactor,11
revisti,11
yinã,11
dzãlili,11
economicã,11
continentu,11
bãnãtorlji,11
estonia,11
pagina,11
toate,11
între,11
diamandi,11
inima,11
tsã,11
ayia,11
pimintu,11
ianar,11
senatlu,11
moment,11
aici,11
arta,11
adunare,11
nostu,11
avurã,11
anyrãpsitã,11
nsusu,11
njilji,11
internatsionali,11
romania,11
makedon,11
lua,11
printsipalã,11
executivã,11
parijlji,11
facultati,11
congresi,11
anamisea,11
lingvisticã,11
sec,11
doilji,11
cadi,11
avdela,11
sculiiljei,11
sots,11
ãl,11
doru,11
cãnticlu,11
den,11
alumtã,11
literarã,11
dishtiptari,11
bucureşti,11
fratslor,11
tradutsiri,11
xviii,11
balcanlui,11
intra,11
gustav,11
disfaptu,11
institutsii,11
proclamatã,11
arhitecturã,11
john,11
japonia,11
drept,11
naşte,11
apoi,11
guatemala,11
dimitri,11
primari,11
silistra,11
anami,11
dzãsi,11
padi,11
aiestu,11
alishtei,11
par,11
articoli,11
hroma,11
mascuru,11
oara,11
fundator,11
umplu,11
tipusi,11
sustsãniri,11
astronomu,11
cele,11
privire,11
simasii,11
njica,11
aflãmu,11
caracter,11
localitatea,11
avinari,11
lishoru,11
drag,11
azbura,11
croatsia,11
gretslji,11
adusã,11
familie,11
ahtari,11
tinir,11
nou,11
soari,11
picurari,11
izini,11
unãoarã,11
adunati,11
tsãneari,11
idyea,11
dinastia,11
veardi,11
colombia,11
arãuri,11
primi,11
mes,11
unde,11
tai,11
moali,11
misuru,11
steali,11
tornu,11
numai,11
câteva,11
biuturi,11
yilii,11
nãintea,11
lezha,11
trandafir,11
siptãmãnã,11
sb,11
comerciant,11
avere,11
acatsu,11
postav,11
agrimi,11
început,11
repede,11
lăsa,11
fard,11
citi,11
iubire,11
plin,11
sătura,11
biserică,11
atenţie,11
intrigă,11
ruga,11
străluci,11
vânt,11
aprindu,11
boci,11
linişte,11
râie,11
ciorchine,11
rea,11
ţesut,11
ulcior,11
podoabă,11
mânca,11
castrat,11
mamă,11
atunci,11
cocoş,11
mămăligă,11
poreclă,11
găleată,11
albă,11
tribunal,11
primul,11
busuioc,11
pistol,11
excrement,11
oricare,11
onoare,11
mândrie,11
pepene,11
ceafă,11
rezultat,11
colivă,11
diaree,11
şiret,11
popor,11
lângă,11
potrivi,11
întuneca,11
întristat,11
vărsat,11
nuia,11
batjocorit,11
masă,11
mijlociu,11
ceasornic,11
rizilescu,11
rizilipsescu,11
riziliri,11
strimburari,11
originã,11
machidunie,11
novo,11
selo,11
astibo,11
fundat,11
cocian,11
pozitsii,11
functsii,11
banca,11
mite,11
noari,11
comunitãtslor,11
initsiativã,11
agiuta,11
ciarshar,11
batsaria,11
ianco,11
televizii,11
durutinã,11
construari,11
austroungaria,11
spahii,11
condutsiriljei,11
cafinelu,11
dizain,11
aiste,10
yrami,10
titlu,10
dimãndari,10
site,10
scriari,10
dumitru,10
unãljei,10
hii,10
shtii,10
bibliugrafii,10
pricad,10
teasã,10
andorra,10
luxemburg,10
monaco,10
marino,10
suidia,10
treatsi,10
to,10
thereza,10
printsipatlu,10
boatsi,10
mãna,10
curã,10
vahi,10
aflu,10
london,10
secului,10
rowspan,10
galeria,10
pistipsescu,10
sua,10
putsãn,10
tas,10
ndauã,10
dimãndarea,10
pãrintsã,10
snu,10
cãntitsi,10
balcanitsi,10
singurlu,10
evropã,10
albania,10
numãsitã,10
punte,10
americhia,10
kurów,10
date,10
boi,10
jean,10
cãnãscuts,10
nji,10
cuvata,10
baba,10
ion,10
criscu,10
suflitlu,10
titlul,10
textu,10
muntsã,10
august,10
cãntic,10
românii,10
ich,10
bei,10
tatu,10
tashcu,10
andrei,10
natal,10
dzatsi,10
zburascã,10
cãnãscutlu,10
cariera,10
situatsia,10
nea,10
aromunen,10
festivalu,10
aflats,10
ufilizeashce,10
lao,10
sinurlu,10
mar,10
referintsi,10
côte,10
ivoire,10
livãdz,10
spiru,10
dobrogea,10
yioryi,10
mãrtatã,10
influentsa,10
daco,10
semn,10
ananghi,10
aesta,10
ahurhiri,10
român,10
cheatra,10
vardar,10
feamina,10
cata,10
harry,10
planeti,10
frantsii,10
frantseasca,10
casili,10
mario,10
eanu,10
tipusitã,10
idyiulu,10
pãrtsãli,10
armãnjilji,10
ahãntu,10
armatuladz,10
ilia,10
tsea,10
nãinti,10
shtiintsifitsi,10
martin,10
sina,10
editor,10
thomas,10
desi,10
nãulu,10
shtea,10
videari,10
sotsu,10
vous,10
vãsilje,10
intrata,10
arabã,10
trecu,10
nepal,10
poetu,10
mondialu,10
destin,10
coranlu,10
muhammad,10
analti,10
datu,10
pace,10
fulger,10
formula,10
trup,10
cutii,10
cumatã,10
ghici,10
gros,10
hromi,10
gustu,10
academic,10
kruja,10
untulemnu,10
deschis,10
scoate,10
acâtsatu,10
baniţă,10
acshali,10
înceta,10
costum,10
adunu,10
reflexiv,10
domol,10
frâu,10
şterpeli,10
tulbura,10
năvăli,10
plug,10
curajos,10
trage,10
luptă,10
îmbrăţişa,10
armă,10
arunca,10
leoarcă,10
înconjura,10
deasupra,10
turbulent,10
ceartă,10
geme,10
tăvăli,10
îndopa,10
neaşteptat,10
simţi,10
prostie,10
sabie,10
aripă,10
subţire,10
rac,10
râde,10
rază,10
răşchitor,10
râu,10
molid,10
vorbi,10
ascuns,10
pat,10
trece,10
nenorocos,10
paznic,10
lumânare,10
capră,10
puternic,10
doliu,10
basma,10
bravură,10
voinic,10
năframă,10
vânzător,10
piuă,10
batu,10
dulce,10
şold,10
furculiţă,10
casă,10
căprior,10
boltă,10
broderie,10
capac,10
foi,10
ban,10
mormânt,10
vestă,10
sfoară,10
burduf,10
prăjină,10
datâ,10
deapiru,10
dimineaţă,10
pieptene,10
închisoare,10
pierdere,10
furuncul,10
jandarm,10
vui,10
lacom,10
hări,10
calitate,10
piersică,10
orice,10
murdări,10
păianjen,10
oaspi,10
nishani,10
chin,10
ploaci,10
sârgljescu,10
spuză,10
tislimi,10
articole,10
punctul,10
veaclji,10
tuta,10
colectsii,10
biznis,10
uborlu,10
pelisterlu,10
conducator,10
gheneral,10
membrilji,10
finansii,10
intenzivã,10
realizeadzã,10
ligãljei,10
analtsimi,10
bãsearica,10
cana,10
pirmifi,10
yiugoslavii,10
nom,10
palatãljei,10
manual,10
soros,10
dunab,10
dizainul,10
despot,10
poak,10
limbilor,9
zburăscu,9
alantile,9
publica,9
tipusiti,9
nãsh,9
com,9
internet,9
armâne,9
internatsional,9
mutã,9
notlu,9
lae,9
australia,9
slovenia,9
vatican,9
press,9
alante,9
rumãnii,9
icunumii,9
plovdiv,9
ana,9
ba,9
fr,9
os,9
sărăcie,9
moarte,9
avem,9
uniclu,9
biblia,9
veclju,9
spiritlu,9
nobel,9
partitsipeadzã,9
romacatholicã,9
membrã,9
cirishar,9
acest,9
informa,9
vlaho,9
tinjia,9
chi,9
filip,9
romãnji,9
grescu,9
milets,9
armãneasca,9
media,9
armãnjloru,9
gãrtseashce,9
herbert,9
nomlu,9
shidea,9
njiclu,9
cm,9
mesea,9
cursuri,9
inimã,9
dishclisã,9
poets,9
ningã,9
shcurtã,9
bucuresti,9
hibâ,9
carnea,9
talji,9
oclji,9
mâna,9
balta,9
clisura,9
dumidzã,9
studiu,9
asupra,9
zur,9
augustu,9
origina,9
lalã,9
ilichii,9
horli,9
timeljurli,9
sculie,9
largã,9
nghios,9
aromân,9
arãdãtsinã,9
pod,9
moscova,9
perioadã,9
ala,9
univerzitate,9
lambru,9
weigand,9
teodor,9
berlin,9
preftu,9
pasha,9
ãndreptu,9
iile,9
initsiator,9
shteari,9
shciintsã,9
cãntãtoru,9
tiberiu,9
niscãnti,9
botswana,9
rica,9
ecuador,9
gogu,9
salvador,9
gambia,9
pritu,9
vlah,9
grad,9
germania,9
vlahii,9
turlie,9
romãna,9
atsei,9
dzãcu,9
ufilisitu,9
px,9
gãrnutsã,9
tâ,9
santa,9
cula,9
fie,9
shapte,9
prilucrari,9
plan,9
banãljei,9
suflet,9
capidan,9
cercetari,9
tiin,9
victor,9
jovan,9
arbinishie,9
ghermanã,9
deadirã,9
trapsi,9
sf,9
scupolu,9
bolnav,9
premier,9
bucureshlji,9
număr,9
studiile,9
nãsu,9
njicu,9
material,9
loa,9
adaru,9
dascalji,9
loatã,9
apandisi,9
isa,9
bunu,9
aducu,9
parei,9
vogt,9
fin,9
makedonii,9
cãfta,9
yinea,9
dinãpoi,9
aducã,9
nãpoi,9
popului,9
curbani,9
anglicheashti,9
vanuatu,9
aradamata,9
note,9
pavel,9
arizona,9
metre,9
pământului,9
prufitlu,9
cipitu,9
românie,9
valea,9
golu,9
astronomie,9
ac,9
protu,9
fudzirã,9
coadã,9
mãcarea,9
azvarna,9
furu,9
lucrili,9
esu,9
dzã,9
cine,9
fost,9
doar,9
rachiu,9
lãrdzi,9
fabrica,9
nicuchir,9
puľi,9
sul,9
acru,9
dibra,9
gioni,9
ursescu,9
uscat,9
fasole,9
climatlu,9
arhitectu,9
instrument,9
misura,9
acatsâ,9
acoperi,9
atinge,9
reazem,9
abia,9
înţelegere,9
dispărut,9
acord,9
motiv,9
agale,9
merişor,9
ajutor,9
glumă,9
grajd,9
spălare,9
adevăr,9
duşmănie,9
împunge,9
naştere,9
amurg,9
încercui,9
dincolo,9
spate,9
mort,9
vrabie,9
cârlig,9
suferinţă,9
întâi,9
rotund,9
alaltăieri,9
înşela,9
integral,9
apunu,9
rădăcină,9
colină,9
răutate,9
rugăminte,9
arapu,9
plăcere,9
stropi,9
guturai,9
brav,9
arupu,9
făină,9
scris,9
groază,9
spaimă,9
speria,9
străin,9
plictisi,9
brazdă,9
avrapa,9
vedere,9
sălbatic,9
privi,9
mălai,9
cornu,9
dungă,9
mustrare,9
formă,9
prăjit,9
chipeş,9
butoi,9
putină,9
fiecare,9
dreptate,9
cocoşat,9
bici,9
carne,9
coadă,9
carpen,9
ticălos,9
sfârlează,9
avar,9
sugar,9
panglică,9
batistă,9
cleşte,9
sâmbure,9
coşciug,9
scutec,9
porumbel,9
cizmar,9
lungă,9
măgar,9
ploaie,9
recomandare,9
dulceaţă,9
rugăciune,9
sprânceană,9
pustii,9
gata,9
lipsă,9
fecioară,9
tare,9
înnebuni,9
piersic,9
înţepeni,9
curăţenie,9
soartă,9
mă,9
catârcă,9
nishenj,9
turtit,9
strâmbu,9
rizilitu,9
shcretu,9
tocu,9
alor,9
partitsipa,9
asigurari,9
personali,9
niintari,9
protãljei,9
etajuri,9
raritet,9
ãngrãpsiti,9
vagner,9
parmateftu,9
milan,9
arãc,9
rumãneascã,9
murits,9
poreci,9
rusescu,9
tara,9
tsetinje,9
despotlui,9
ansurat,9
miladinovtsi,9
miladinov,9
govnuli,9
stavău,9
agiutorlu,8
bãsearicã,8
irra,8
gãrtseshci,8
scriati,8
puteare,8
tsãnut,8
alla,8
bara,8
tiberius,8
armaneasca,8
dip,8
tauu,8
ascapã,8
suflit,8
nordu,8
insula,8
mindueashce,8
staturi,8
finlanda,8
malta,8
norveghia,8
columbia,8
internatsionalã,8
analtsã,8
mindueashti,8
grai,8
marle,8
fiu,8
partia,8
boatse,8
soe,8
anglia,8
londra,8
veryia,8
spirit,8
ved,8
etã,8
noapte,8
bucura,8
amirãriljea,8
ominji,8
meditsina,8
animalu,8
divizia,8
grupa,8
from,8
united,8
cecã,8
gallia,8
existeadzã,8
pu,8
gr,8
pãpãlu,8
ãlj,8
nveatsã,8
vruta,8
craturi,8
balkanu,8
putemu,8
iutsido,8
boatsea,8
evropeani,8
macedonian,8
hellenic,8
pan,8
asculta,8
tabellu,8
bob,8
theatre,8
samarina,8
gmina,8
caplui,8
iran,8
kira,8
mantsu,8
vãrgãrii,8
andrepturli,8
fundamentali,8
pãni,8
traducãtor,8
batzaria,8
dol,8
albâ,8
ai,8
grea,8
ãngrãpsi,8
epir,8
momentu,8
plãndzi,8
funico,8
muljeri,8
pindului,8
universitatea,8
pitricut,8
turna,8
studien,8
pãrintsãlji,8
armata,8
mushatili,8
unãi,8
fugã,8
turnari,8
ionel,8
zeana,8
sensuri,8
prindi,8
cuplu,8
union,8
institutsia,8
siyura,8
scriat,8
ora,8
ucuta,8
trifon,8
re,8
daniel,8
univerzitetlu,8
hristolui,8
continuã,8
taiwan,8
sup,8
molovishci,8
via,8
liga,8
ottomanã,8
pozitsia,8
angola,8
commonwealth,8
bangladesh,8
burundi,8
dominica,8
cuba,8
etiopia,8
armată,8
politic,8
estu,8
lupta,8
ligãturã,8
analizã,8
pericle,8
mariotseanu,8
romãni,8
durusitã,8
chearã,8
emil,8
dialecti,8
istoritsi,8
ufiliseascã,8
arbineshi,8
canã,8
afendi,8
academiei,8
adrata,8
website,8
lãi,8
insectã,8
sun,8
liberia,8
potter,8
vietnam,8
ahurhindalui,8
warcraft,8
vãrgãreascã,8
profesionali,8
strãvãsi,8
alumtari,8
avigljeari,8
tipuseari,8
andridzeari,8
pitricu,8
theodor,8
centre,8
të,8
në,8
documenti,8
gãrtseshtsã,8
amãnatu,8
moscopoleanlu,8
tse,8
bãrbats,8
revolutsionarã,8
thunmann,8
intirisantu,8
turtsã,8
prezent,8
industria,8
moarã,8
multili,8
donatsii,8
jali,8
comunitatea,8
institutlui,8
ahãt,8
thede,8
kahl,8
jena,8
das,8
împreună,8
bairu,8
aeshtsã,8
dealithea,8
minduiari,8
priscus,8
grecu,8
gri,8
vlãhia,8
ciudii,8
ficioru,8
calji,8
putearea,8
duri,8
israel,8
kazahstan,8
kiribati,8
mali,8
zagora,8
connecticut,8
optu,8
los,8
suprafatsã,8
britanie,8
musulman,8
americanu,8
suprafa,8
youtube,8
moldovã,8
ada,8
frân,8
cirisharu,8
kiustendil,8
peani,8
mushati,8
pomu,8
mardzinea,8
treacã,8
prãvdzã,8
earba,8
zãrzãvati,8
lugurii,8
cati,8
uscati,8
aminte,8
lese,8
numirlul,8
trebuie,8
haide,8
articol,8
chipita,8
codru,8
sculari,8
scumpi,8
cafe,8
sãnãtos,8
gjirokastra,8
korça,8
avlona,8
fumu,8
vinjiri,8
siptãmãna,8
hiru,8
tsãn,8
arhitecturâ,8
gol,8
goali,8
agudescu,8
deşi,8
pricepe,8
prins,8
cauză,8
pretext,8
pui,8
chema,8
secret,8
capabil,8
rezema,8
rezemare,8
slab,8
arşice,8
respiraţie,8
adutseari,8
mazăre,8
opiu,8
băţ,8
păzi,8
fugi,8
tuli,8
înfunda,8
uita,8
răni,8
goni,8
hârzescu,8
sigur,8
privighetoare,8
ruşine,8
mocirlă,8
iubi,8
spăla,8
pantof,8
roşu,8
târziu,8
vrăji,8
şir,8
piedică,8
încurca,8
născut,8
prânz,8
mură,8
demnitate,8
nevoie,8
timiditate,8
convinge,8
vârtelniţă,8
greutate,8
ghicitoare,8
pantă,8
copac,8
împrejur,8
strălucitor,8
orfan,8
apres,8
aspargu,8
vinde,8
râma,8
strungă,8
vale,8
şef,8
tutun,8
angaja,8
cocoloş,8
mâncat,8
mascat,8
roşcat,8
lipitoare,8
ucide,8
stricat,8
brâu,8
bogăţie,8
lăutar,8
pară,8
horn,8
ţurcă,8
pingea,8
fes,8
cartof,8
pestriţ,8
nimeni,8
belciug,8
mândru,8
băşică,8
blană,8
biet,8
friptură,8
bărbătească,8
înspăimânta,8
ciupercă,8
papară,8
carafă,8
corb,8
moţ,8
gunoi,8
coajă,8
tsânu,8
cântar,8
zahăr,8
coţofană,8
corabie,8
negricios,8
persoană,8
ger,8
dinte,8
cârpă,8
duce,8
giocu,8
cuţit,8
viclean,8
cârcă,8
aspect,8
strachină,8
urechi,8
minune,8
agrafă,8
oală,8
uscată,8
copită,8
poposi,8
pahar,8
pafta,8
guler,8
dâldâsitu,8
pagubă,8
umple,8
mănuchi,8
termen,8
însenina,8
iar,8
pustiu,8
etâ,8
vatră,8
bisericească,8
intenţie,8
murdărit,8
ciupit,8
magiun,8
lâiescu,8
balaur,8
uşuratec,8
muşcat,8
recompensă,8
cumva,8
scânci,8
njeadzâ,8
njiru,8
nvescu,8
patu,8
potârniche,8
potrivire,8
roamigu,8
roatâ,8
robu,8
bulgăre,8
scolu,8
vampir,8
desene,8
makedunii,8
publitsi,8
teatarlui,8
club,8
icoane,8
avucat,8
parcul,8
comitetlui,8
suxes,8
andrepturlor,8
mindueari,8
pistusini,8
partiiljei,8
ghiorghi,8
strada,8
fotografii,8
valoari,8
permanenti,8
trener,8
agiuca,8
idghiu,8
vidzutã,8
muzeilu,8
ciãtia,8
danilo,8
dinari,8
mihailova,8
cnez,8
nun,8
motivili,8
iovanovich,8
tsivil,8
efortu,8
facultate,8
njegush,8
srpsca,8
cozari,8
shapcarev,8
imporc,8
abbău,8
alfabetu,7
vivlia,7
detsizia,7
makedonjiloru,7
latin,7
scriate,7
documente,7
revistã,7
dumnidzãlu,7
apurã,7
gãr,7
sinuri,7
ara,7
sinurli,7
tsãnurã,7
gâr,7
machidhuneascâ,7
westu,7
mas,7
depoia,7
staturle,7
letonia,7
economia,7
klaus,7
duna,7
arãu,7
napoca,7
veliko,7
bulgaria,7
eu,7
hu,7
wa,7
piaţă,7
devenit,7
respublika,7
printsipat,7
dati,7
on,7
vrutã,7
anarga,7
macédoine,7
pistipseashce,7
existã,7
unicã,7
him,7
auã,7
dumãnicã,7
bibliografia,7
dzãsã,7
md,7
dzãse,7
sântu,7
importante,7
spunea,7
miliunj,7
ominj,7
pop,7
prim,7
politicâ,7
tur,7
pagină,7
catholicã,7
cosova,7
shcie,7
reprezentantu,7
armãne,7
laolu,7
latini,7
bãnarã,7
idghiul,7
noshtsã,7
dzãtsemu,7
scamnul,7
cãftã,7
greece,7
nanaparti,7
mutrea,7
veria,7
vãryãria,7
arusu,7
xvi,7
metru,7
karajan,7
ãndrepturi,7
armatã,7
meslui,7
mama,7
filologhii,7
univerzitatiljei,7
ulca,7
aleadzi,7
poeziili,7
mei,7
arcoari,7
publitsistu,7
foartica,7
nâsa,7
iarba,7
coasa,7
nari,7
literi,7
cãrtsãli,7
hãlãts,7
lju,7
monastir,7
cãnãscu,7
bagav,7
caftu,7
caimo,7
bãgarã,7
spre,7
asunã,7
insulã,7
aromână,7
poeme,7
hiba,7
sentimentului,7
viii,7
torna,7
ascapitatã,7
ahurheascã,7
veaclja,7
tinismu,7
beograd,7
yinirã,7
dzãtse,7
artile,7
picturã,7
local,7
papanace,7
antigua,7
gana,7
cambogia,7
ispanjolã,7
congo,7
publications,7
eritreea,7
rămâne,7
referin,7
venezuela,7
dreapta,7
rumãnia,7
xenji,7
fundatsia,7
alumtarea,7
comunicare,7
zagreb,7
amintari,7
ix,7
ampãrtsãtã,7
maca,7
noauâ,7
robert,7
importantu,7
deal,7
zeit,7
für,7
biografie,7
cãntãtor,7
statul,7
easci,7
alghina,7
togo,7
andoi,7
alumtator,7
editari,7
astronomi,7
românesc,7
general,7
pozi,7
revue,7
cahiers,7
ars,7
wien,7
skopje,7
sinferu,7
vecljiu,7
cãftari,7
anyrãpsiti,7
lja,7
sãhãts,7
analta,7
aleaptã,7
acã,7
cumãts,7
pitreacã,7
studiadzã,7
tiniri,7
somnu,7
noasti,7
priadusi,7
pãrmãteftu,7
donator,7
ahãndoasã,7
alargu,7
südosteuropa,7
considera,7
model,7
lunga,7
shtiu,7
ptsãnu,7
bitisita,7
ãlji,7
turtsãlji,7
nomu,7
ufilisescu,7
deapoaia,7
armeanu,7
mutrescu,7
alushtui,7
polimlui,7
neali,7
cicioarli,7
armeanã,7
agiumtu,7
aflari,7
aragheasca,7
aragheascã,7
corea,7
kirghistan,7
lesotho,7
puerto,7
rwanda,7
samoa,7
sierra,7
tonga,7
cãsãbadzlor,7
blagoevgrad,7
tetova,7
henry,7
medicinã,7
scriatu,7
lundzã,7
agiungu,7
beari,7
yizmâciunu,7
jules,7
bã,7
importanti,7
rezultati,7
tricutã,7
cicioari,7
bou,7
musicieni,7
fructu,7
afireascã,7
dauãli,7
ncljidu,7
acoapirã,7
oasili,7
pãndzã,7
acare,7
earnã,7
earna,7
agrã,7
gãrnutsãli,7
lilicili,7
anjurzescu,7
corina,7
unor,7
lãngoarea,7
must,7
dzuuâ,7
perlu,7
nor,7
scumpu,7
herlu,7
vindu,7
pulbiri,7
matsinã,7
preot,7
kukës,7
patos,7
shkodra,7
pashti,7
numãli,7
etimologie,7
frândzâ,7
stihio,7
dultseami,7
partii,7
republicã,7
ureche,7
fructul,7
grupã,7
mãrli,7
fine,7
apuca,7
amărât,7
câştiga,7
pornire,7
acumtin,7
încetare,7
împodobi,7
aştepta,7
beat,7
pricepere,7
culege,7
pleca,7
tată,7
aflat,7
turtă,7
liniştit,7
istovi,7
ajunge,7
jurământ,7
jura,7
pădureţ,7
atât,7
bucătar,7
înghiţi,7
tulbure,7
întâmpla,7
departe,7
greşi,7
îmbrăca,7
roib,7
arie,7
ofili,7
apare,7
împiedica,7
deci,7
amesteca,7
împleti,7
junghi,7
învârti,7
incapabil,7
blestema,7
glorie,7
renume,7
vin,7
printre,7
ameţi,7
direct,7
ref,7
pic,7
urcuş,7
neaşteptate,7
milă,7
întins,7
umăr,7
crăpa,7
simplu,7
aprilie,7
înfuria,7
aprokiu,7
erupţie,7
arâdeari,7
aradhâ,7
ordine,7
batjocori,7
rogoz,7
creastă,7
rest,7
repaos,7
râpos,7
arâsu,7
rouă,7
arvună,7
consola,7
locuitor,7
argo,7
iernat,7
sărbătoare,7
îmbrăcăminte,7
saramură,7
provizii,7
rumega,7
bubă,7
nod,7
soare,7
preţ,7
dansator,7
superioară,7
lac,7
întinde,7
arăta,7
avorton,7
cutare,7
fermecat,7
striga,7
bătrân,7
veghea,7
viespe,7
sfânt,7
raţă,7
buştean,7
grădină,7
amuletă,7
mac,7
medicinală,7
zăpăcit,7
covor,7
năut,7
brăţară,7
pivniţă,7
soţie,7
bobotează,7
ţăst,7
datorie,7
braţ,7
înăuntru,7
minciună,7
tuna,7
buzunar,7
vreme,7
trompetă,7
ştire,7
vină,7
stârpitură,7
catâr,7
pâzari,7
cuveni,7
cerceta,7
mâhnire,7
hohote,7
cort,7
calcu,7
sfat,7
încălţăminte,7
câvalâ,7
furtii,7
stâncă,7
nuiele,7
sentinţă,7
somn,7
închis,7
pungă,7
scrâşni,7
îngriji,7
păgân,7
opaiţ,7
ceată,7
zgârcit,7
neagră,7
talangă,7
frământa,7
micuţ,7
tăia,7
cucui,7
ciorap,7
stâlci,7
fierbe,7
neghină,7
teslă,7
păstrăv,7
gând,7
murdărie,7
prostuţ,7
ştiulete,7
cadavru,7
cuib,7
leagăn,7
camarad,7
oglindă,7
rezista,7
val,7
comerţ,7
dânsul,7
venit,7
deget,7
viţel,7
îndesat,7
porc,7
mânz,7
servitor,7
profit,7
stâlp,7
jumătate,7
discurmari,7
disfacu,7
disfătseari,7
invidie,7
dorinţă,7
duşman,7
libertate,7
cărţi,7
vrajă,7
vlăstar,7
încărcătură,7
textile,7
pradă,7
giudicu,7
pereche,7
prosti,7
platan,7
furie,7
sat,7
iată,7
năvală,7
samar,7
câţiva,7
pus,7
pipernicit,7
muşchi,7
lapoviţă,7
keru,7
picătură,7
kicu,7
chiparos,7
împletitură,7
murdărire,7
obiect,7
măciucă,7
sfeşnic,7
penis,7
mâratu,7
mârilji,7
mâritu,7
consiliu,7
sofa,7
mutat,7
ncljinu,7
ndregu,7
activ,7
shtiutu,7
tricutu,7
vinitu,7
ascuţi,7
nvetsu,7
pâlescu,7
pâlii,7
prăji,7
negustor,7
talpă,7
peci,7
primăvară,7
radâ,7
sclâbeatsâ,7
shutsu,7
stresu,7
surpat,7
suveică,7
taxi,7
toapâ,7
urlu,7
vlagâ,7
është,7
pagini,7
longitudinea,7
persoani,7
machiduneashti,7
deportarea,7
otinja,7
andau,7
teatarlu,7
activi,7
activitãtsli,7
temi,7
machiduneshtsã,7
permanentu,7
terapii,7
clinica,7
colaborari,7
fumeljlor,7
curaji,7
malju,7
minduearea,7
academii,7
lipsitã,7
scljeama,7
ampadi,7
tehnea,7
reformi,7
agioacã,7
diunã,7
etajlu,7
antimisi,7
custusea,7
tsivilã,7
azãptãseari,7
texturi,7
angrãpsea,7
ivo,7
partitsipantsã,7
caragiorgevich,7
nauãljei,7
tsentral,7
problemi,7
reonlu,7
vucadinovich,7
atac,7
tsiganlia,7
arhivatã,7
crasnov,7
lituryierlu,7
mavrocordatos,7
londos,7
cuzman,7
filuc,7
ûğûk,7
voak,7
stajolo,7
day,7
ufilisitã,6
idyia,6
tinirlji,6
alfavita,6
aroumain,6
tserlu,6
pirazmo,6
mel,6
crat,6
tripoli,6
mk,6
balcanicã,6
isnafi,6
punctu,6
muntile,6
arãolu,6
danimarca,6
islanda,6
montenegro,6
cadzãri,6
oaminjilji,6
prezidentulu,6
burgas,6
als,6
az,6
br,6
page,6
ka,6
lv,6
pl,6
primuvearã,6
cãntã,6
stau,6
yinghits,6
tutile,6
anastasi,6
unlu,6
biserica,6
sãrbu,6
colspan,6
be,6
federatsia,6
great,6
kingdom,6
gora,6
status,6
populare,6
mandat,6
ional,6
câtrâ,6
lefcosia,6
info,6
is,6
cola,6
sorã,6
mãhãlãlu,6
poezie,6
ini,6
diadun,6
armânu,6
mu,6
xi,6
machedo,6
luyursitu,6
pistea,6
murmintsã,6
bunj,6
yiu,6
yramilao,6
adets,6
nãshi,6
abdul,6
hamid,6
consillu,6
evropeanã,6
adetsli,6
vãryãreascã,6
zãrtsina,6
blog,6
alba,6
vãsiliiljei,6
afendu,6
armãnlji,6
muzician,6
wolfgang,6
voivodãmea,6
privat,6
aruseascã,6
adrate,6
hoarâ,6
tipuri,6
gallicã,6
amintatã,6
partitsipã,6
aprucheari,6
masinu,6
frantsuzeashti,6
steauã,6
meu,6
picurarlu,6
iasi,6
cicioru,6
ts,6
pots,6
câtu,6
bunlu,6
scular,6
crutsi,6
antologhia,6
ãngrãpsitã,6
armãnamiljei,6
siracuza,6
tema,6
furi,6
ureaclji,6
dzuãljei,6
avdu,6
nuc,6
dide,6
miraki,6
sirma,6
dem,6
vecljul,6
cãntitsli,6
margarit,6
colaborator,6
poetlu,6
amintarã,6
niciodată,6
andreilu,6
fundarã,6
litseu,6
cheptu,6
pare,6
fricã,6
hãrli,6
caratanã,6
soarili,6
mihanj,6
gica,6
giucãtor,6
dan,6
futbal,6
imnã,6
puturã,6
traditsia,6
period,6
formare,6
turtsãlor,6
ispete,6
aflatã,6
treamburã,6
aflarã,6
nicolas,6
aux,6
romanian,6
capitalu,6
var,6
meditsinã,6
rejisor,6
otoman,6
sultan,6
clirunumilj,6
constructsia,6
identitetu,6
alchiviadi,6
biligradi,6
functsia,6
sad,6
organizator,6
statur,6
dialectulu,6
caracteristicã,6
shciintsificã,6
fizicã,6
energie,6
atsia,6
hiljlu,6
titulã,6
treilu,6
mythologhia,6
romanicã,6
ghermania,6
cardinal,6
indoeuropeane,6
indo,6
barbuda,6
saudescã,6
arghentina,6
ermenia,6
azerbaigian,6
bahamas,6
belize,6
nauru,6
mexico,6
gibouti,6
catalunya,6
vãtãmatu,6
oriental,6
războiul,6
sudan,6
maxosu,6
tin,6
grenada,6
david,6
santiago,6
lucia,6
luni,6
lingvistic,6
doilea,6
variatsiuni,6
noapti,6
minduiescu,6
aproachi,6
comuni,6
slavi,6
calitati,6
nclo,6
vremu,6
minari,6
aromanians,6
scriu,6
ufiliseashti,6
numâ,6
dumnezeu,6
româneascâ,6
biografii,6
vom,6
geschichte,6
românilor,6
enciclopedică,6
petre,6
casabalu,6
arapuni,6
fãtsearea,6
turlia,6
imirã,6
mascuri,6
flora,6
iana,6
kong,6
eti,6
orighinal,6
meshi,6
anvitsã,6
silviculturã,6
yiugoslavia,6
univerzitar,6
penzii,6
turnatu,6
domnul,6
pricunushteari,6
academiiljei,6
ica,6
vechi,6
aromânească,6
veni,6
iulie,6
memoria,6
oxford,6
states,6
affaires,6
langues,6
étude,6
civilisations,6
centrale,6
italicheascã,6
bãsearicãljei,6
politicu,6
cãtu,6
tahina,6
turtsãlj,6
flambura,6
lucrari,6
vãryari,6
apostolu,6
trãdzea,6
litere,6
coletti,6
hilj,6
avutslji,6
moderni,6
revistãljei,6
operã,6
mese,6
vizita,6
nvitsari,6
aminciu,6
sprache,6
republik,6
privind,6
for,6
nãmalj,6
eghiptu,6
scljeamã,6
anvitsari,6
defturlu,6
comun,6
dumãnica,6
sãrghi,6
tutiputã,6
scupadz,6
isturianu,6
alathusi,6
cãnãscutu,6
ndzeanã,6
ufilisiti,6
voiu,6
dipu,6
vãljuri,6
tihi,6
charles,6
pap,6
muljerli,6
pitritsea,6
gimbushi,6
leon,6
hiu,6
cãsuri,6
afrika,6
ghirmãneascã,6
china,6
singapore,6
sri,6
uruguay,6
ianuarie,6
luis,6
aminu,6
shaptea,6
apriiru,6
crishtinj,6
shcurti,6
mo,6
altitudinea,6
maxoasi,6
fizicianu,6
mercur,6
bisericesc,6
gazeta,6
pãzari,6
tsitatea,6
ordinlu,6
flituru,6
caprã,6
neauã,6
organi,6
hiri,6
prãvdzãloru,6
teljiuri,6
fumeljli,6
limbâ,6
dupâ,6
acu,6
firidz,6
hrãneashti,6
acoali,6
mãnã,6
sicarã,6
minã,6
usucã,6
simintsãli,6
ceai,6
cântec,6
făcut,6
artistitsi,6
amisticatã,6
grãni,6
fimiridz,6
aroshu,6
climâ,6
aburi,6
cãtivãrãoarã,6
subtsãri,6
ordzu,6
yipturi,6
orez,6
poshta,6
soea,6
criscut,6
ponj,6
ducheani,6
cât,6
mindueascã,6
sãrbãtoari,6
shapti,6
amaxi,6
dies,6
mãnits,6
cariva,6
udã,6
journal,6
floarea,6
calului,6
vulpe,6
ploci,6
avdi,6
stari,6
proces,6
ciolo,6
veles,6
mers,6
invita,6
pleşuv,6
treabă,6
hârtie,6
ţărm,6
aşa,6
alerga,6
facere,6
îmbăta,6
nedreptate,6
slăbiciune,6
slăbi,6
inutil,6
adus,6
aer,6
ieri,6
real,6
afirescu,6
perfid,6
proaspăt,6
afurisit,6
epuiza,6
naiv,6
ager,6
jucărie,6
curând,6
fiară,6
câmp,6
nimeri,6
dezgust,6
dărui,6
băltoacă,6
căuta,6
tuberculoză,6
lăsat,6
greşeală,6
ales,6
adevărat,6
jaf,6
fixa,6
înşelător,6
moale,6
iubit,6
lut,6
graţie,6
încredere,6
amărăciune,6
amărâre,6
ambairu,6
înşira,6
norocos,6
galopa,6
beţie,6
miros,6
leşin,6
câştig,6
petiţie,6
ridica,6
îndemna,6
năpădi,6
sucit,6
suflu,6
blestem,6
închega,6
jenă,6
zăpadă,6
anganu,6
şterge,6
sarcină,6
pitic,6
atârna,6
îngropa,6
piatra,6
angusâ,6
eryu,6
mierlă,6
rostogoli,6
anul,6
trecut,6
strălucire,6
apâ,6
răspuns,6
părea,6
pană,6
răsări,6
înşelătorie,6
accepta,6
dovadă,6
scurta,6
ajun,6
strica,6
beau,6
decide,6
apoplexie,6
răboj,6
socoteală,6
zbârli,6
arâdu,6
legătură,6
râmătură,6
odihnă,6
surpa,6
răci,6
roura,6
logodnă,6
gât,6
rinichi,6
pilă,6
sfert,6
roşie,6
insista,6
rugină,6
măceş,6
aperitiv,6
curea,6
prăvălie,6
băcan,6
asigura,6
terminare,6
astaljiu,6
stângaci,6
seca,6
nemernic,6
streaşină,6
sărăci,6
urât,6
aurlu,6
avinu,6
curte,6
avânt,6
împlini,6
amor,6
yramâ,6
sfânta,6
septembrie,6
chirie,6
sălbatică,6
lipie,6
drapel,6
fiert,6
braţe,6
fructe,6
căpăţână,6
nimicuri,6
bălan,6
beci,6
impozit,6
fluier,6
ulei,6
oblânc,6
suficient,6
arbust,6
broască,6
lipan,6
broboadă,6
mănuşă,6
vopsi,6
personaj,6
îngrozi,6
buză,6
mal,6
buisescu,6
cârnat,6
burete,6
legat,6
câine,6
implora,6
craniu,6
cafea,6
barcă,6
călăreţ,6
fals,6
călduţ,6
friguri,6
câlescu,6
chel,6
suliţă,6
pălărie,6
cameră,6
scul,6
conducător,6
parcă,6
măcar,6
cânjinâ,6
mâhnit,6
cenuşiu,6
frunte,6
izvor,6
garoafă,6
santinelă,6
zdreanţă,6
dulap,6
plisc,6
cârn,6
întreagă,6
stână,6
răutăcios,6
venin,6
picior,6
cenuşă,6
brutar,6
spion,6
uimi,6
ciomag,6
hrană,6
ghiveci,6
mână,6
clocot,6
coardâ,6
larmă,6
crud,6
întoarce,6
fricos,6
oricine,6
mâneci,6
contract,6
curbănj,6
despărţi,6
cununa,6
cosiţă,6
văr,6
înfiora,6
semi,6
tavă,6
tamburină,6
doisprezece,6
loari,6
două,6
testament,6
dipriunâ,6
disicari,6
disicatu,6
limpezi,6
iarăşi,6
velinţă,6
zestre,6
ghindă,6
domnu,6
farsă,6
târcoale,6
naiba,6
elibera,6
cerb,6
ermu,6
fetu,6
tinereţe,6
avariţie,6
pieliţă,6
bănuţ,6
frunză,6
purtare,6
stufos,6
pâlnie,6
cinsti,6
trandafiriu,6
săgeată,6
ospăţ,6
naţiune,6
gionj,6
ţeavă,6
goalâ,6
golji,6
damă,6
veste,6
meserie,6
orz,6
clipă,6
nărăvaş,6
iatagan,6
gătit,6
umiditate,6
glumi,6
gelos,6
viscoli,6
keptu,6
picura,6
burduşel,6
uliu,6
kivirnisescu,6
limpezit,6
limpede,6
legu,6
lăcomie,6
lucuru,6
mâcu,6
mâhână,6
meşter,6
târlă,6
tăbăcită,6
mior,6
molie,6
bot,6
nâmuzi,6
cuprinde,6
încălzi,6
preda,6
ngrecu,6
tâcutu,6
nostim,6
înrăi,6
înnopta,6
pai,6
balanţă,6
basm,6
toamnă,6
şoptire,6
fină,6
pirusheanâ,6
pisâ,6
prosop,6
solemn,6
creat,6
plâscânescu,6
tumoare,6
prindu,6
putrusescu,6
viguros,6
râmu,6
râncai,6
rânji,6
sâhati,6
saltsinâ,6
sarpitu,6
sârpitu,6
sartsinâ,6
suspin,6
scorpion,6
scritu,6
secetă,6
vestitor,6
skinu,6
soatsâ,6
spulbiru,6
staljiu,6
sulfină,6
sutsatâ,6
taljiu,6
topor,6
theaminu,6
thriscu,6
tindu,6
topâ,6
tukescu,6
uger,6
ugeacu,6
undzescu,6
unzescu,6
urdinu,6
ursiri,6
vârnâ,6
veti,6
venire,6
vrapâ,6
nebunie,6
nãu,6
există,6
ve,6
lansat,6
bloc,6
canale,6
haß,6
schwarze,6
seculul,6
gardul,6
sala,6
mãhãladz,6
isarot,6
groapa,6
manastirlu,6
asotsiatsii,6
organizã,6
vasil,6
amsha,6
pediatrii,6
univerzitarã,6
activã,6
yinitor,6
activistu,6
andamasi,6
localitati,6
profesorlu,6
persoana,6
ãntribarea,6
dishclisi,6
ãndrepturli,6
priadusirã,6
dzãc,6
acãtsã,6
tehnicean,6
rãscularea,6
ãnturtseascã,6
corneti,6
atanas,6
yioryitsa,6
filozofii,6
jgljoatã,6
polematili,6
competitsia,6
shampion,6
shampionatlu,6
ansurã,6
apruchearã,6
planurli,6
arhitectului,6
ue,6
sotsietati,6
jiloasã,6
lungumetraj,6
rimeic,6
rtb,6
zamauli,6
sãhatea,6
gostivarlji,6
ispetea,6
minov,6
milutinovich,6
observari,6
prividzutã,6
angrãpseascã,6
anjlor,6
clejani,6
matushi,6
velis,6
informatsioni,6
softver,6
pãrmãtie,6
schii,6
sutiesca,6
priyedor,6
riyeca,6
ûğûp,6
crivac,6
travul,6
eğicesc,6
aforismă,6
ossac,6
stavajolo,6
actuale,6
muzik,6
ramiolu,5
intrarã,5
ufilisirã,5
yramili,5
metropola,5
alãxescu,5
tache,5
congres,5
apofasea,5
cãftatã,5
consiliul,5
tinirlor,5
cincari,5
mariana,5
articlu,5
videts,5
amen,5
tatlu,5
ne,5
epiru,5
insulili,5
sudu,5
bg,5
aumbra,5
romani,5
mardzinã,5
dheftherlu,5
aoatse,5
belghia,5
portogallia,5
shwaitsã,5
slovachia,5
unitã,5
iohannis,5
balcani,5
brashov,5
craiova,5
senat,5
vidin,5
ruse,5
fa,5
portal,5
creştere,5
locul,5
printsipatlui,5
anglica,5
zburare,5
shase,5
dishcljisi,5
mumã,5
vatra,5
scrii,5
tradze,5
shtiintsa,5
istoricu,5
totãna,5
galerii,5
table,5
animale,5
liturghie,5
elvetsia,5
britain,5
ireland,5
me,5
poli,5
popula,5
helsinki,5
administrativã,5
pistipseascã,5
nâpoi,5
parlamentulu,5
giudicatâ,5
cându,5
senatlui,5
lux,5
grand,5
ilichie,5
ilichia,5
mutritu,5
vlasi,5
ahãndoasi,5
makedo,5
slu,5
ardã,5
harea,5
evropeanji,5
amintarea,5
armãńiloru,5
furnjia,5
sultanlu,5
latina,5
anyrãpsitu,5
heritage,5
international,5
mass,5
makedonjloru,5
johann,5
vlahos,5
anamisã,5
lublin,5
atractsii,5
comunitate,5
andreulu,5
parij,5
sui,5
frantsuzeascã,5
angajman,5
documentului,5
recomandari,5
compania,5
mirachi,5
ahãndos,5
literar,5
tutulor,5
ahurhescu,5
scoasi,5
studentsã,5
garofil,5
pãrãvulii,5
sibiu,5
aromânilor,5
nâsu,5
pân,5
strigâ,5
dzâ,5
necu,5
gushi,5
arshini,5
preftului,5
studiilor,5
jurnalistu,5
shidzu,5
inspector,5
guvã,5
plãngu,5
cupiili,5
or,5
muzeului,5
sãmbãta,5
fugu,5
studia,5
mit,5
zum,5
chireari,5
ãnvitsã,5
folclorlu,5
natalã,5
restoranlu,5
inshirã,5
vãrgãreshtsã,5
manuscrisi,5
angrupat,5
lugurseashti,5
avdzã,5
cãnãscuta,5
andriptati,5
balcanica,5
angrãpsitã,5
tãtseari,5
ilie,5
dultse,5
ashteptu,5
hits,5
tricut,5
strã,5
dats,5
gramoste,5
minarea,5
lomu,5
etili,5
latineascã,5
zicu,5
araia,5
ãnturtsescu,5
rapid,5
master,5
apurãtor,5
steryiu,5
siyurã,5
periodlu,5
tinjisitã,5
developare,5
latinichescã,5
yrame,5
pro,5
studies,5
english,5
aromanian,5
max,5
tokyo,5
stefan,5
agriculturã,5
americhie,5
ioani,5
comedia,5
aprope,5
jack,5
organiza,5
nvitsã,5
studiili,5
saraevo,5
shef,5
rp,5
ianachia,5
filmuri,5
proclamat,5
petra,5
don,5
you,5
termin,5
loarã,5
muzei,5
voru,5
anjurizmã,5
vinitã,5
pãrmãteftsã,5
agiundzi,5
europeani,5
dolj,5
lustiger,5
yizmaciunj,5
bisearicãljei,5
nova,5
zburãtori,5
algheria,5
benin,5
bhutan,5
camerun,5
comore,5
nasta,5
află,5
independent,5
aceasta,5
mişcare,5
anglicã,5
harta,5
buzãu,5
baza,5
credin,5
pricadi,5
ufilisit,5
gabon,5
gaiana,5
isaac,5
dramaturg,5
dishcljis,5
big,5
caracas,5
durusitu,5
idyiul,5
limbãelj,5
mpadi,5
romanitsi,5
volum,5
magazin,5
istoric,5
argint,5
polonia,5
conferinte,5
masa,5
njii,5
antribarea,5
cadru,5
bash,5
grupu,5
continueadzã,5
ampãrtsã,5
baneadzã,5
noiembrie,5
profesori,5
oameni,5
intrats,5
luca,5
scrisoare,5
irac,5
iosif,5
frank,5
pitrecu,5
dă,5
fendi,5
cl,5
muzică,5
uns,5
vlãhii,5
hindalui,5
zboara,5
gofu,5
njiari,5
fumealjea,5
oai,5
tasi,5
cota,5
dimi,5
naca,5
uni,5
sima,5
tana,5
caterina,5
shunda,5
personalită,5
serie,5
uda,5
alihea,5
dusirã,5
standardizari,5
andreptu,5
doamna,5
suti,5
cãrtsãlor,5
ghermaneascã,5
oaminjlor,5
buletinul,5
south,5
winnifrith,5
islam,5
drame,5
valaques,5
johannes,5
plus,5
caragiani,5
vlahã,5
filologie,5
daniil,5
curatu,5
doauã,5
itsido,5
vlahilji,5
armãnea,5
vecljili,5
pitlu,5
mãnjlji,5
lom,5
solutsii,5
pitricutu,5
er,5
sinferlu,5
haractiru,5
vru,5
tute,5
vedu,5
mãrlor,5
numit,5
constitutsii,5
comertsia,5
athena,5
studentsãlor,5
monografii,5
ton,5
purtã,5
spuse,5
mushata,5
promotor,5
duchi,5
alexandria,5
paranuma,5
tinjisit,5
vãtãmat,5
icoana,5
larisa,5
münster,5
special,5
trimitere,5
vest,5
ntru,5
mundialã,5
polimli,5
gauss,5
iesu,5
emu,5
emburi,5
tiniru,5
scoatã,5
dinapandica,5
alãxeari,5
theorii,5
dumba,5
amirãlui,5
vãsiljelui,5
aradha,5
groasi,5
picuraru,5
ligatu,5
andreaptã,5
osu,5
turnarã,5
avutu,5
callu,5
vãtãmarea,5
armeanji,5
pali,5
adusu,5
ofitsiali,5
bolivia,5
brunei,5
chile,5
honduras,5
jumhuriyah,5
pakistan,5
rico,5
saint,5
kitts,5
nevis,5
españa,5
lanka,5
swaziland,5
tanzania,5
trinidad,5
tobago,5
at,5
uganda,5
sankt,5
mur,5
banja,5
populatsiiljei,5
asenovgrad,5
gabrovo,5
haskovo,5
montana,5
shumen,5
sliven,5
stara,5
varna,5
inginer,5
short,5
valley,5
oro,5
star,5
thatcher,5
independentsã,5
xenu,5
soneti,5
more,5
departamentu,5
nsurã,5
oficial,5
cãntareatsã,5
turchie,5
coranlui,5
mecca,5
coran,5
lundzimi,5
geamii,5
sãnãtati,5
greali,5
hãrgi,5
statistica,5
teatru,5
unica,5
franz,5
zahu,5
participantsi,5
verne,5
frãntsie,5
anyrâpsi,5
taifã,5
yimisha,5
chimia,5
ghearyiru,5
stephen,5
natriu,5
calendarul,5
chiratsa,5
redactsia,5
pazargik,5
feati,5
tãrnovo,5
troian,5
luatu,5
tesla,5
aru,5
azboairã,5
grosu,5
guna,5
murnã,5
urecljili,5
uscatu,5
diparti,5
mãdulari,5
vãrtoasã,5
yii,5
bots,5
avyiulii,5
piroasi,5
yeatsã,5
mascurlu,5
soiuri,5
dzama,5
grãdinã,5
cashu,5
cãldurã,5
arãdãtsina,5
acoalã,5
fimiridã,5
trag,5
oulu,5
stumahi,5
gãrdinã,5
perivoli,5
vlãngoasi,5
groasã,5
heartã,5
uvali,5
cavaler,5
plecat,5
muzeulu,5
coautoari,5
stradă,5
with,5
observator,5
dai,5
tulcea,5
pârâvulii,5
shpirtu,5
aprindearea,5
yinlu,5
arburicu,5
ngãrlimã,5
foali,5
cheali,5
dzâli,5
capitu,5
ncljisi,5
bumbacu,5
maxoasã,5
ljishoru,5
coaji,5
mushuteatsã,5
aratsi,5
grivu,5
tun,5
cad,5
peri,5
machinã,5
soiu,5
pre,5
starea,5
vrondu,5
chimici,5
metali,5
dãnãseascã,5
plasticã,5
fem,5
cafelu,5
zahari,5
shoaricu,5
ardi,5
corbu,5
externã,5
hiintsa,5
piper,5
bisericã,5
duc,5
preftul,5
gramsh,5
kavaja,5
kuçova,5
librazhd,5
lushnja,5
përmet,5
saranda,5
tepelena,5
plasture,5
pronjiu,5
ghimpe,5
martsã,5
trec,5
romãneashti,5
fe,5
fapte,5
cãljurli,5
fustani,5
muljirescu,5
gusha,5
hiintsã,5
gardu,5
stizma,5
firidzli,5
ubor,5
soarti,5
angeles,5
nãfoarã,5
soarelui,5
lãngoari,5
arma,5
căldură,5
nâinti,5
banâ,5
sântul,5
deapoia,5
cocea,5
dezordine,5
încăiera,5
coală,5
îndemnare,5
flurii,5
lipsi,5
adârari,5
împodobit,5
nedrept,5
permisiune,5
semăna,5
coace,5
bravo,5
sacrificiu,5
reduce,5
fătare,5
afară,5
ruinat,5
afumu,5
afuru,5
oare,5
foame,5
agiundzeari,5
cânta,5
aguditu,5
separat,5
pipăi,5
burlan,5
ierna,5
smintit,5
umblat,5
lipit,5
apărea,5
alatsu,5
spălat,5
îmbrăcat,5
potcovar,5
veritabil,5
dezordonat,5
altar,5
rămurea,5
amar,5
păcat,5
ambar,5
pieziş,5
putoare,5
puturos,5
mesteca,5
aruncare,5
minţi,5
amândoi,5
toţi,5
oilor,5
pleurezie,5
înveli,5
tărie,5
anâpâdescu,5
anapoda,5
anarya,5
deretica,5
învia,5
înviere,5
nasture,5
ofta,5
întâlnire,5
vacarm,5
rebeliune,5
rebel,5
revoltat,5
medicament,5
aranjare,5
andrea,5
aranja,5
pregăti,5
rezemat,5
pulpă,5
câtsua,5
gologani,5
insulta,5
discordie,5
mârâi,5
lene,5
corn,5
greaţă,5
strâmtorare,5
asemenea,5
arin,5
minge,5
turcesc,5
gust,5
învelitoare,5
învechi,5
mâhni,5
visa,5
adăpost,5
abandona,5
părăsit,5
perete,5
zid,5
răsărit,5
vară,5
apreadunu,5
împăca,5
aprins,5
fericit,5
diminua,5
obosi,5
apusu,5
smerit,5
menstruaţie,5
râgâi,5
linişti,5
armăsar,5
raia,5
împrăştia,5
răspândi,5
rărire,5
răpi,5
arâkitu,5
spaţiu,5
larg,5
ceapă,5
zgâria,5
rană,5
râios,5
repauza,5
smulge,5
arauâ,5
răbdare,5
suferi,5
muntelui,5
arău,5
rindea,5
arhiereu,5
întradevăr,5
povârniş,5
roade,5
piastru,5
pătrunde,5
fraged,5
găuri,5
răsucit,5
stropire,5
stropit,5
susan,5
zburător,5
scăpa,5
ascunzătoare,5
aspru,5
strănuta,5
crede,5
spargere,5
cheltui,5
înfricoşător,5
plânge,5
astâljeatu,5
astesu,5
secătură,5
dop,5
satin,5
aumbrâ,5
vârcolac,5
vrăjit,5
îmbătrâni,5
colorat,5
vânător,5
grăbi,5
străinătate,5
înstrăinat,5
valoare,5
solitar,5
toi,5
sfinţi,5
gâscă,5
viezure,5
baci,5
punere,5
mânâ,5
gândi,5
baionetă,5
steag,5
perceptor,5
balot,5
curar,5
hrăpăreţ,5
balsam,5
lungimea,5
trai,5
viaţă,5
banderâ,5
flecări,5
trăi,5
căciulă,5
energic,5
bârbatu,5
praz,5
perdea,5
prisos,5
negre,5
pată,5
bătut,5
registru,5
frumuşel,5
boiereşte,5
răţoi,5
taur,5
păduchi,5
soţia,5
prăda,5
maior,5
şa,5
afemeiat,5
fruntaş,5
boie,5
bora,5
vijelie,5
fantomă,5
lung,5
uşă,5
căldare,5
brusture,5
buhav,5
vomitare,5
butoiaş,5
bucurie,5
coteţ,5
nenoroci,5
zugrăvi,5
căpitan,5
sac,5
oacheş,5
ghem,5
sforăi,5
latrină,5
tăiţei,5
colivie,5
purgativ,5
cafine,5
maramă,5
luntre,5
trestie,5
curăţa,5
calaru,5
papuci,5
foamea,5
arşiţă,5
călugăr,5
boierească,5
crăpătură,5
povară,5
jugănit,5
câlupi,5
clopot,5
cărbune,5
câmpu,5
cântatu,5
cântu,5
tunde,5
ţigan,5
bagaj,5
încărca,5
masacru,5
scaun,5
canin,5
cârinti,5
inel,5
cârtit,5
cârtsânescu,5
groapă,5
seamă,5
culâ,5
către,5
curăţire,5
defect,5
îndată,5
certăreţ,5
sacâz,5
dud,5
dudă,5
pantaloni,5
fulg,5
sorţ,5
mânuţă,5
ţiglă,5
zăpăci,5
dovleac,5
taci,5
pisc,5
ciocârlie,5
ciung,5
ciulescu,5
ciuliri,5
ciulitu,5
guşter,5
copcă,5
crestătură,5
coamă,5
ţarc,5
cocu,5
infern,5
colică,5
faţa,5
uşurinţă,5
culcuş,5
societate,5
curcan,5
intrigant,5
desprinde,5
amic,5
seceră,5
cutremur,5
cutremura,5
dare,5
dafin,5
tobă,5
dâldâsiri,5
sigiliu,5
păta,5
înapoi,5
dandana,5
plesni,5
afacere,5
dârmâ,5
pândar,5
sfâşia,5
îndrăci,5
dublu,5
dhixescu,5
primire,5
dimândari,5
credinţă,5
dirin,5
leac,5
desface,5
dishclisu,5
unt,5
dukiri,5
hăinuţă,5
fum,5
arţăgos,5
liră,5
greiere,5
degetul,5
uşura,5
speranţă,5
pregătit,5
cheltuială,5
schioapă,5
fabricant,5
fânico,5
fânicadz,5
prezenta,5
otrăvi,5
fârmacu,5
veninos,5
farmazon,5
firisescu,5
împuţina,5
cartuş,5
fluture,5
jalnic,5
puhoi,5
cingătoare,5
francez,5
lustru,5
rochie,5
oftică,5
fuior,5
furnică,5
gârbov,5
cârd,5
susur,5
omidă,5
orbire,5
mintean,5
chingă,5
brun,5
plimbare,5
înfuleca,5
necopt,5
mire,5
undiţă,5
fierbere,5
cimitir,5
mângâia,5
toartă,5
şanţ,5
gurmand,5
trebui,5
poftă,5
tihnă,5
ţipar,5
înfipt,5
salutare,5
înfiorare,5
nărav,5
mincinos,5
verdict,5
lighean,5
etate,5
inimâ,5
intru,5
prescură,5
iureş,5
mărturie,5
îmbaru,5
sumbru,5
încolo,5
gelozie,5
jilescu,5
ştirb,5
kerdu,5
kicuta,5
căciula,5
pericol,5
broda,5
guvernator,5
lâitu,5
plop,5
uşurătate,5
zmeu,5
luyii,5
mâcâturâ,5
maimuţă,5
batjocoritor,5
mamâ,5
vrăjitoare,5
mânucljiu,5
veşteji,5
mărgea,5
ceva,5
căi,5
păstor,5
găti,5
poală,5
împrumuta,5
şcoală,5
consolare,5
mintiturâ,5
muci,5
zile,5
misali,5
moară,5
moljiu,5
molii,5
pete,5
struguri,5
scula,5
nişte,5
ncârcatu,5
învenina,5
ncurpiljedzu,5
ncurpiljiu,5
turti,5
înţepa,5
vitreg,5
apăsa,5
ngusâ,5
înţepat,5
îndrăcit,5
niscântu,5
urdinatu,5
igrasios,5
însănătoşi,5
scruma,5
suspina,5
veşmânt,5
ceas,5
oră,5
opsi,5
douăzeci,5
piftie,5
pantalon,5
cablu,5
pătlagină,5
floricele,5
shedu,5
ordinar,5
prăjire,5
pâtsâri,5
chinui,5
picâ,5
pilaf,5
peşteră,5
plâtari,5
puică,5
glonte,5
porcu,5
renova,5
primansusu,5
privideari,5
purintu,5
râcâescu,5
râcâi,5
râdu,5
râmâturâ,5
rândurâ,5
râpâ,5
râposu,5
sclav,5
sâlâghescu,5
drumul,5
slobozi,5
sâlghescu,5
fast,5
sârghescu,5
linţoliu,5
scânteie,5
dobândă,5
relief,5
sicatu,5
silâ,5
ţâfnă,5
văl,5
sti,5
stringu,5
strivi,5
sumâ,5
vântura,5
telegramă,5
umbrâ,5
umzescu,5
undâ,5
ungu,5
urâciuni,5
urâţenie,5
urzeală,5
ursitu,5
uryii,5
usii,5
usuli,5
vârtuti,5
vâtâmatu,5
vâtâmâturâ,5
vinjitu,5
păgubi,5
era,5
vurcolacu,5
yeatsâ,5
cântări,5
zgrâmu,5
inutul,5
articolele,5
fundamental,5
bogotá,5
politicân,5
hong,5
milioane,5
altitudine,5
drama,5
latine,5
vlachia,5
machedonj,5
antica,5
banatori,5
paputsã,5
stãnga,5
uvreilor,5
polemlu,5
anumira,5
fabricã,5
makedonka,5
lucratori,5
sport,5
arsov,5
educativi,5
turizmu,5
mitropolitlu,5
metodi,5
mutata,5
monumentul,5
pãrlep,5
revolutsioner,5
medialã,5
farmatsia,5
shit,5
tim,5
finansat,5
sãrbeashti,5
proprietati,5
relatsii,5
ampartã,5
evenmenti,5
limbid,5
malãmã,5
yiarna,5
anvãliti,5
bãserits,5
textul,5
profesoara,5
chicia,5
dimenzii,5
dishclideari,5
redactsiiljei,5
afa,5
cãnãscutili,5
poema,5
yinearea,5
fuzbaler,5
vmfl,5
pmfl,5
nikolov,5
sezona,5
ãnpadi,5
jgljoati,5
nicuchirlu,5
priadratã,5
colori,5
permanent,5
renesansa,5
stiznjili,5
nicuchiri,5
revoltu,5
vladislav,5
dragutin,5
sculpturi,5
integra,5
reghistrari,5
ministera,5
deputat,5
giudiclu,5
rolji,5
margarita,5
sãrbeshtsã,5
branco,5
filmul,5
ghios,5
redactari,5
tehnicã,5
sportivi,5
referentsã,5
detali,5
fazã,5
definitiv,5
sãrghilji,5
milanovats,5
groshuri,5
teleorman,5
giurgiu,5
capatsiteti,5
stana,5
factul,5
pashich,5
parcului,5
leghislativ,5
telecomunicatsii,5
lovchen,5
dushmanjlji,5
montenegreanjlji,5
locali,5
puterli,5
tribulili,5
giurovich,5
monografia,5
teodoros,5
coautor,5
vri,5
abbavău,5
tempul,5
miclau,5
augeăuno,5
cobotohrad,5
cobotesci,5
coboti,5
latinu,4
ottoman,4
abetseda,4
propaganda,4
pricunuscutã,4
html,4
traditsionalã,4
münchen,4
putets,4
mt,4
cathe,4
noshci,4
pãnea,4
tutti,4
malu,4
latinica,4
nobis,4
ili,4
cacum,4
lideri,4
vãryarã,4
mediteranã,4
laclu,4
videm,4
mardzina,4
azia,4
articulu,4
croatia,4
linchestein,4
litva,4
fãntãnji,4
catalog,4
nasa,4
naturã,4
hãrtsã,4
navigator,4
aducheashti,4
sr,4
srbija,4
armãnie,4
rumãnã,4
ivropi,4
catolicã,4
gheoyrafilj,4
aspx,4
home,4
dobrici,4
main,4
ga,4
sm,4
uk,4
cea,4
urma,4
acestea,4
sinurle,4
rusia,4
systemlu,4
actual,4
budzã,4
moscu,4
ascultu,4
plãngul,4
dushmanji,4
ntreagã,4
teorii,4
natsiilor,4
musulmanji,4
gãrtsescã,4
gre,4
cãntãtorã,4
ascãpare,4
alinã,4
sãmbãtã,4
anca,4
biologie,4
afion,4
northern,4
muslimanj,4
croatã,4
ancara,4
istanbul,4
edirne,4
comisia,4
praga,4
puterle,4
spetsial,4
chirurã,4
spusirã,4
oda,4
aleagâ,4
ionalâ,4
votare,4
federal,4
kıbrıs,4
cumhuriyeti,4
ir,4
kongeriket,4
această,4
deja,4
time,4
bere,4
arbinesã,4
comunitatiljei,4
atmosferã,4
bengal,4
vãrãoarã,4
vidzu,4
sculiile,4
catholitsi,4
ţi,4
acãtsatã,4
ch,4
machedonji,4
tsintsari,4
asburãscu,4
mutarã,4
sprigiurã,4
pira,4
armãńi,4
developarea,4
tinjisits,4
reghionali,4
mundiali,4
miletea,4
treili,4
armãnlu,4
usa,4
periodicu,4
elementiljoru,4
dmitri,4
mendeleev,4
benedictu,4
chetru,4
personale,4
informatsia,4
armanj,4
józef,4
comunilor,4
specii,4
poetesã,4
organizari,4
amplini,4
migdani,4
stãmãnj,4
editatã,4
luna,4
petru,4
sãmtã,4
mica,4
dunjeaua,4
nveastâ,4
muljeare,4
hearbi,4
imna,4
aidi,4
ntreaga,4
mutâ,4
spunets,4
ãndoi,4
revistili,4
cartiljei,4
editurãljei,4
ducheascã,4
mailu,4
cãnta,4
vidzurã,4
harau,4
fug,4
fudzea,4
lele,4
bobo,4
arnjiu,4
lailji,4
zghilescu,4
doctorat,4
dialectu,4
amare,4
grec,4
bitolia,4
professor,4
trubadur,4
poeziiljei,4
muluvishtea,4
dghivãseascã,4
slujba,4
armatulã,4
iliescu,4
economistu,4
napoi,4
aprucheat,4
albili,4
statilor,4
fundarea,4
focului,4
ceara,4
didindi,4
versuri,4
mãrgãrit,4
manuali,4
aleadziri,4
ghiuvusire,4
avets,4
voastrã,4
adavgã,4
editsii,4
noua,4
culturale,4
aromâne,4
dishcljideari,4
seamni,4
velo,4
merca,4
vanghea,4
carafoli,4
sultana,4
campionatlu,4
coe,4
royal,4
cup,4
rei,4
georgia,4
autori,4
ãndao,4
perioada,4
staturlor,4
vlahia,4
cunuscute,4
aflãm,4
scriiturã,4
muma,4
mod,4
ascunde,4
moschopolis,4
asterios,4
demeter,4
leipzig,4
xiii,4
ãndrepturle,4
gymnasticã,4
mplinã,4
kilometre,4
idhyiu,4
custula,4
aca,4
turtsescã,4
imperiiljei,4
sultanlui,4
anastas,4
shciu,4
ghid,4
car,4
veacljã,4
sãrgh,4
transportu,4
news,4
interna,4
ndreptulu,4
ljubitsa,4
teatrul,4
jug,4
studio,4
suverenj,4
teritorii,4
structura,4
provintsia,4
atatürk,4
elpida,4
caramandi,4
artist,4
android,4
google,4
mãrtã,4
heroi,4
natura,4
vrut,4
filosofie,4
veaclje,4
artãljei,4
caraiani,4
augustus,4
bãgats,4
mythuri,4
scljamã,4
biseritsi,4
tricutlu,4
comandant,4
russian,4
st,4
rbaycan,4
uburundi,4
kampuchea,4
ottawa,4
chendroafricanã,4
comores,4
komori,4
anastasie,4
djibouti,4
jibuti,4
baix,4
vallès,4
barcelona,4
eritrea,4
mediu,4
linia,4
morţi,4
filipinji,4
pilipinas,4
philippines,4
oceania,4
economie,4
map,4
php,4
eli,4
ela,4
budapesta,4
ghana,4
guinée,4
guiné,4
guyana,4
morte,4
france,4
bang,4
bloglu,4
venetsuela,4
atanasescu,4
nandreapta,4
marlji,4
caciona,4
boga,4
hristu,4
marlii,4
fumealja,4
asteasi,4
activitetu,4
asistentu,4
pana,4
didacticu,4
liceu,4
romanische,4
practicu,4
lucrarea,4
dialectologie,4
culturii,4
ordinul,4
prezidentul,4
universitetili,4
yugoslavia,4
sinidisea,4
matei,4
ieta,4
andregu,4
iliri,4
slava,4
autohtoni,4
tindi,4
grupi,4
meglenitslji,4
romanii,4
istria,4
sudlu,4
adrãmu,4
asburascã,4
alegu,4
sileseascã,4
ss,4
patron,4
avuts,4
caragiale,4
februarie,4
leonida,4
realizator,4
milioani,4
religie,4
limbii,4
anticã,4
haralampie,4
polenacovici,4
lucrulu,4
moçambique,4
popularâ,4
sara,4
antic,4
über,4
ist,4
michael,4
enciclopedic,4
pindus,4
fluminlu,4
posibil,4
nasi,4
mustu,4
alghini,4
hali,4
teyu,4
ghio,4
lena,4
marica,4
topi,4
republicãljei,4
politicieni,4
cupa,4
giumitate,4
apirita,4
ung,4
clase,4
ilegal,4
acãtsarã,4
italii,4
cercetãri,4
shedintsi,4
planuri,4
aminta,4
furnjii,4
alidzeari,4
momentul,4
sir,4
ionar,4
ian,4
arginteanu,4
rumänisches,4
forschungsinstitut,4
balcanică,4
arabia,4
dialectul,4
thesalia,4
minorities,4
alan,4
maurice,4
people,4
duckworth,4
bucarest,4
grecs,4
grèce,4
albanie,4
albanais,4
géographie,4
linguistique,4
cvijic,4
roumains,4
dhe,4
je,4
que,4
epirus,4
griechische,4
österreich,4
wiener,4
trifunoski,4
sarajevo,4
june,4
oder,4
profesoru,4
pistipsea,4
azburashti,4
greaca,4
dãnãsimu,4
apridusu,4
rumänische,4
cratlui,4
natsionalu,4
apridutsearea,4
editsiuni,4
anvitsatu,4
ungarie,4
anyrãpseari,4
agiutoru,4
texti,4
orighinali,4
picurar,4
ascultã,4
disi,4
todor,4
candu,4
alumtu,4
emburu,4
matematicã,4
bãcãri,4
patriarhia,4
inati,4
anveatsã,4
adeti,4
filologhie,4
first,4
tricuti,4
ashteaptã,4
xeanã,4
ncljinã,4
ncoa,4
canu,4
alfabetlu,4
zboarãloru,4
rumãnji,4
pãrintili,4
ligãtura,4
dusã,4
seracu,4
ioanis,4
agiumsirã,4
tutumi,4
cãljuri,4
pradz,4
armanjlji,4
neon,4
martinoschi,4
avgust,4
revolutsia,4
pictura,4
nchisi,4
intereslu,4
tehnica,4
profesionalã,4
area,4
official,4
ficiorlji,4
paranumã,4
producti,4
adutsea,4
atselj,4
borgi,4
cunuscuti,4
nikola,4
kultur,4
peter,4
andreas,4
deutsch,4
donauraum,4
literare,4
spa,4
pareea,4
uvrescu,4
latinicheascã,4
lundzime,4
himu,4
hãri,4
ici,4
zdanganu,4
neadzi,4
hoari,4
amu,4
veacljea,4
shtibã,4
siria,4
frãntsii,4
arucã,4
elefthirusiri,4
lord,4
alãxeascã,4
amirãriljei,4
oralã,4
curagiu,4
migratori,4
andicra,4
apofasi,4
efcula,4
theophanes,4
vãryaru,4
frãntsescu,4
documentili,4
azburãscu,4
alãxea,4
soie,4
arrianus,4
amiradzlji,4
anyrãpserli,4
apanghiu,4
alãxeashti,4
julius,4
caesar,4
izvurlu,4
tipusit,4
cumãndãsearea,4
byzantsu,4
informatsiili,4
studiulu,4
adutsearea,4
tricutslji,4
tzantzes,4
hiindalui,4
vladimir,4
sarpu,4
lupu,4
ishi,4
vatãmã,4
ascãpã,4
tamam,4
kedrenos,4
detalii,4
amintatu,4
heraclius,4
armenios,4
afganistan,4
ye,4
pushtu,4
dimocratã,4
arabiyah,4
bahrein,4
do,4
federalã,4
islands,4
indonezia,4
iordania,4
qazaqstan,4
kazachstan,4
kenya,4
kyrgyzstan,4
kuweit,4
laos,4
araba,4
madagascar,4
marshall,4
mauritius,4
vasaliili,4
namibia,4
nicaragua,4
niger,4
nigeria,4
palau,4
são,4
serbii,4
seychelles,4
leone,4
tadjikistan,4
tailanda,4
timor,4
nam,4
yemen,4
zimbabwe,4
anyrãpseri,4
cãsãbãdz,4
cãsãbadzli,4
martie,4
byala,4
gorna,4
razgrad,4
sandanski,4
velingrad,4
electronicã,4
pictoru,4
dacã,4
superior,4
unesco,4
tauã,4
pistipseashti,4
bitisitã,4
vidzuta,4
dom,4
venus,4
richard,4
rufosã,4
ispanicheasce,4
aristotelis,4
mérida,4
artificial,4
navo,4
jest,4
tavo,4
nave,4
chentru,4
stã,4
oamini,4
voiculescu,4
anchisi,4
medicină,4
capul,4
margaret,4
islamitsi,4
pitricuti,4
tsãnuti,4
musulmanlu,4
darea,4
aflatu,4
mun,4
ligâturi,4
faimos,4
comedie,4
kim,4
apriir,4
panã,4
madrid,4
dickens,4
pãrinti,4
naforã,4
scriitoari,4
zãrtsini,4
italie,4
anyrâpseri,4
elementili,4
carbonu,4
po,4
halati,4
anasã,4
halatu,4
soarli,4
famagusta,4
fră,4
iľia,4
pariza,4
colaboratori,4
cinusha,4
buei,4
arãului,4
diznou,4
aitos,4
department,4
personalã,4
cãtushi,4
muzicandu,4
germãnia,4
electricã,4
broascã,4
ursa,4
vãrtoasi,4
sãndzili,4
mâdulari,4
teasi,4
deadzitu,4
mãdularu,4
palma,4
ncljisã,4
narea,4
nas,4
dintsã,4
coardi,4
aclu,4
lãludz,4
yimishili,4
acri,4
andartu,4
guvi,4
fatsirea,4
hani,4
birã,4
acaretea,4
ushi,4
nucã,4
anumiru,4
mesh,4
multimi,4
lumachi,4
aplo,4
alumãchi,4
irboasã,4
tsãseari,4
grãnu,4
umtu,4
ncljigatu,4
ndisatu,4
lunã,4
lucrul,4
galbinu,4
hrana,4
sinonimi,4
arucutoasi,4
bati,4
ziar,4
florã,4
pãrmithtili,4
minuti,4
stronghili,4
nostimi,4
mãcãruri,4
judetsul,4
canda,4
lumină,4
artisticã,4
huryeatlui,4
seria,4
antologie,4
lec,4
episode,4
engleză,4
mine,4
proiect,4
situ,4
lãngori,4
cljimari,4
tracus,4
arte,4
pictor,4
ohtu,4
fisi,4
cuseari,4
adunatã,4
mplinu,4
frãndzi,4
cãrunã,4
greauã,4
avigljeatã,4
ardeari,4
scãnduri,4
caldu,4
murgu,4
areati,4
acupiritu,4
purtari,4
ascuri,4
grãnlu,4
strimti,4
urizu,4
siminari,4
prãvdzãlor,4
lingvistu,4
mardzini,4
cohi,4
cumpanii,4
stulii,4
tserclju,4
purtat,4
giuvairi,4
ureclji,4
muljiturã,4
cutsutu,4
vimtul,4
muljari,4
bãrbat,4
tinirã,4
ashtirnutu,4
simintsa,4
nustimadã,4
nãuntru,4
grivã,4
per,4
neagrã,4
cãrbunili,4
peanili,4
oauã,4
stronghil,4
mâcari,4
yiurtisescu,4
dus,4
bulqiza,4
pogradec,4
mihlemi,4
cãrbuni,4
gioi,4
lipsit,4
nutii,4
pacfoni,4
hiintsi,4
naturali,4
arocutu,4
gazu,4
ionari,4
grãsimea,4
casâ,4
sãrbie,4
veru,4
mitoloyie,4
scutidi,4
nuts,4
chipitã,4
stizmã,4
ushea,4
poarta,4
stiznji,4
ljirtari,4
imnu,4
coaja,4
dureari,4
gurmadzu,4
lângori,4
actu,4
curu,4
ardei,4
untulemnlu,4
pãstãlji,4
chindisiti,4
meturi,4
cãlivi,4
hâlati,4
untdelemn,4
łobez,4
mobilã,4
proectari,4
muzical,4
numiri,4
bahsa,4
parlamentu,4
machidonia,4
dalmatã,4
beala,4
groasă,4
abate,4
pietricea,4
vapor,4
abuşilea,4
golaş,4
roşietic,4
acâtsari,4
acâtsâturâ,4
furiş,4
stup,4
acreală,4
îndemn,4
stimulare,4
castel,4
colea,4
cumpăra,4
potoli,4
înţărcat,4
profund,4
adăuga,4
adhinatu,4
indiferent,4
vârtosu,4
respira,4
manieră,4
aduce,4
adukiri,4
cască,4
încovoiat,4
aducere,4
nimici,4
stăpân,4
feri,4
scădea,4
fragă,4
câştigare,4
afuma,4
furt,4
dormi,4
agil,4
jucător,4
copt,4
flămânzire,4
ajungere,4
devenire,4
sosi,4
ţintă,4
rănit,4
scârbă,4
augur,4
dragă,4
ahârzescu,4
răzbuna,4
pasiune,4
răzbunare,4
începere,4
băieţandru,4
copilandru,4
alâgatu,4
alagu,4
alai,4
lipi,4
plezni,4
alandala,4
celălalt,4
alâsatu,4
abandonat,4
răsturna,4
încheietură,4
împletit,4
alături,4
laudă,4
lăudăros,4
lăuda,4
schimba,4
lins,4
lingere,4
aljiu,4
revolver,4
înălţare,4
alună,4
ură,4
galopare,4
altoi,4
îmbrăţişare,4
îmbuna,4
amestecătură,4
aruncat,4
amândouă,4
păduche,4
împărăţie,4
împărătesc,4
împărat,4
amestecare,4
amnar,4
înota,4
zadarnic,4
ridicare,4
anângâsâescu,4
netrebnic,4
anasâ,4
călare,4
gemere,4
oftare,4
câte,4
degeaba,4
ancunjiu,4
înteţi,4
andarâ,4
daulea,4
tăvălitură,4
febră,4
anteriu,4
susţine,4
decembrie,4
anduplicu,4
plia,4
zare,4
chemare,4
angârii,4
sâcâi,4
deranja,4
focul,4
angunjiu,4
îngusta,4
gusta,4
îngust,4
învins,4
ânj,4
mirosi,4
vinovat,4
sărire,4
sărit,4
săra,4
întreba,4
număra,4
înconjurat,4
strălucit,4
palâ,4
răspunde,4
părăsire,4
apeanâ,4
condei,4
scândură,4
infidel,4
apitrusescu,4
copleşi,4
presare,4
presat,4
apleca,4
aprukeatu,4
înţărca,4
înţărcare,4
întâmplare,4
sminteală,4
calma,4
dispare,4
mirare,4
obosit,4
joasă,4
aputrusescu,4
vindeari,4
arâboju,4
răşină,4
plugar,4
aranjat,4
plai,4
croitor,4
arâiescu,4
arâiri,4
arâkiiu,4
orgolios,4
arâpas,4
smuls,4
plăcut,4
răsfira,4
răsuna,4
arâtsimi,4
arâu,4
zuluf,4
suporta,4
vargă,4
furios,4
arc,4
arde,4
răzuitoare,4
areu,4
disponibil,4
boierie,4
aridhâ,4
burghiu,4
piciorului,4
protecţie,4
sămânţă,4
balama,4
rămânere,4
armasu,4
zeamă,4
armonie,4
roi,4
linte,4
sortiment,4
arsu,4
pronaos,4
bisericii,4
avorta,4
trânti,4
croi,4
fript,4
lungime,4
aruptu,4
aruspu,4
nepreţuit,4
scump,4
scripete,4
vopsea,4
mângâiere,4
ascalinu,4
fulgera,4
sufleca,4
ascundeari,4
senzual,4
ashternu,4
aşternut,4
schit,4
speriat,4
distruge,4
frică,4
depravat,4
aspindzuru,4
pierzanie,4
solz,4
încrucişat,4
strană,4
astraptu,4
astupatu,4
aţă,4
acesta,4
strugure,4
strigoi,4
ungere,4
urî,4
aurlari,4
deochia,4
urla,4
vârî,4
răguşi,4
gardian,4
avlaki,4
avlakiu,4
frate,4
avucatu,4
cufunda,4
plată,4
învrednici,4
scriptură,4
ayii,4
comoară,4
cules,4
pur,4
ayonjea,4
sălbatec,4
mutriri,4
zmeură,4
târâş,4
târî,4
bătrână,4
bunică,4
flecar,4
gogoriţă,4
babă,4
băgare,4
salcâm,4
observa,4
capăt,4
îngrăşa,4
bâiatcu,4
extenua,4
teren,4
linie,4
vameş,4
bâlbâi,4
bancă,4
flamură,4
buchet,4
soţ,4
bărbier,4
bărbieri,4
guşă,4
generaţie,4
niciun,4
tundere,4
devastare,4
brumă,4
baston,4
spătos,4
cântare,4
bătălie,4
expus,4
burtos,4
bicimsâzu,4
tânăr,4
coardă,4
prefera,4
bilescu,4
cristal,4
copertă,4
canâ,4
birbiljiu,4
încurcătură,4
cereale,4
plictiseală,4
testicul,4
bocet,4
cartofi,4
brad,4
părul,4
mucos,4
şalvari,4
bronz,4
ghebos,4
bucâ,4
fedeleş,4
vierme,4
budză,4
margine,4
osteneală,4
şopron,4
plat,4
fular,4
bunili,4
erou,4
cânepă,4
buricu,4
inimă,4
sfârşit,4
funingine,4
palid,4
butelie,4
jartieră,4
situaţie,4
căcărează,4
căcat,4
prostii,4
caceacu,4
cacu,4
cacurizicu,4
mizerabil,4
cacuzburăscu,4
câdeari,4
câni,4
poliţist,4
căutat,4
leşina,4
păs,4
dispărea,4
caki,4
calapod,4
coşuleţ,4
călţun,4
fortăreaţă,4
colibă,4
invitare,4
calfă,4
transport,4
ferice,4
saluta,4
shutsâtu,4
tipar,4
săpun,4
potcap,4
boruri,4
popi,4
câmarâ,4
orgoliu,4
mândri,4
cocoşa,4
micşunea,4
canai,4
oblon,4
adolescent,4
tub,4
zăbrea,4
ştevie,4
sunătoare,4
capricios,4
ciocănitoare,4
ulm,4
cracă,4
siguranţă,4
casei,4
cârligu,4
melc,4
cârneciu,4
covăţică,4
cârniciu,4
cârtescu,4
caval,4
han,4
măcelărie,4
colăcar,4
colacul,4
meseria,4
câshtigâ,4
îngrijire,4
castană,4
anume,4
briceag,4
potop,4
pâclă,4
hal,4
cătrăni,4
acuzare,4
curăţi,4
judecător,4
cheie,4
câtiyursescu,4
legănare,4
legăna,4
pisică,4
cotoi,4
scandal,4
district,4
turban,4
geantă,4
ceaşcă,4
schelălăi,4
ceaushescu,4
perie,4
scrânti,4
cicricâ,4
oţel,4
cimentu,4
ciomu,4
gospodar,4
clei,4
buimăci,4
cishiti,4
ciucutescu,4
miracol,4
ciudisescu,4
minuna,4
ciumulescu,4
ciunari,4
ciunu,4
mărăcine,4
pieire,4
copilaş,4
papâ,4
cloci,4
covrig,4
încoace,4
curmătură,4
bomboană,4
coduru,4
publică,4
ploscă,4
linguşitor,4
fleacuri,4
consul,4
copaie,4
cripatu,4
şofran,4
urzi,4
felie,4
găoace,4
găunos,4
amintire,4
turn,4
colier,4
vecinătate,4
vamă,4
cunaki,4
conac,4
pictat,4
pofti,4
petrece,4
tain,4
curdisescu,4
curdisitu,4
curdisiri,4
retrage,4
pulbere,4
prăpăd,4
vuiet,4
curvie,4
primar,4
tulburat,4
darnic,4
generos,4
cuvânt,4
dailjeanâ,4
splină,4
sigila,4
doldora,4
drac,4
dârdâriri,4
judecată,4
tăun,4
aşadar,4
dertâ,4
laur,4
degetar,4
diamant,4
drăcie,4
diplomat,4
dificultate,4
mărire,4
trecător,4
inteligent,4
dintr,4
furtună,4
dirinari,4
dirinatu,4
dânsa,4
descălecat,4
deschide,4
înflori,4
dishteptu,4
disicu,4
destrăma,4
uriaş,4
maţele,4
doagâ,4
ascunziş,4
har,4
palat,4
dori,4
dotu,4
scrânciob,4
deşeu,4
driptâticu,4
driptâticâ,4
ducere,4
tâmplar,4
dumusharu,4
dumusharcu,4
blând,4
durutu,4
iubitor,4
dusu,4
vorbă,4
zadă,4
rătăci,4
geamăt,4
dziniri,4
ieftinătate,4
eforie,4
administrator,4
elefant,4
examen,4
falâ,4
faliment,4
fălos,4
felinar,4
ventuză,4
farmec,4
fârtatu,4
fatsâ,4
fierar,4
fâşie,4
feminin,4
fată,4
beretă,4
flăcău,4
ficiurami,4
fidănj,4
zvelt,4
figură,4
amiciţie,4
filozof,4
filozofie,4
bătător,4
natural,4
frânghie,4
frâmtu,4
prăpădi,4
înfricoşa,4
îmblânzi,4
fruti,4
octoih,4
greşire,4
fulgerare,4
hoţie,4
furnisescu,4
cartuşieră,4
bâtă,4
fotografia,4
gâburu,4
ţap,4
gâdila,4
vreascuri,4
gard,4
obstacol,4
potcoavă,4
chior,4
găitan,4
moş,4
viorea,4
viu,4
părere,4
amendă,4
veselie,4
viteaz,4
amenda,4
fleac,4
palton,4
grăsime,4
gras,4
musafir,4
spoitor,4
chiorăi,4
decapita,4
dispoziţie,4
găurice,4
gem,4
proastă,4
considerat,4
prispă,4
talisman,4
haimanlii,4
hâiri,4
pilulă,4
ogar,4
hâtâri,4
icre,4
hazmu,4
fiere,4
heavrâ,4
înfigere,4
complimente,4
ţesăla,4
hitru,4
aurit,4
huhutescu,4
crâng,4
iaurt,4
iconostas,4
ihtibari,4
obstinaţie,4
brăzdar,4
miez,4
inimarcu,4
egal,4
intrari,4
suspect,4
bănuială,4
pustiire,4
meseriaş,4
oriunde,4
beţiv,4
gârbovi,4
îndreptu,4
întru,4
întreg,4
întuneric,4
întunecat,4
trist,4
întunecos,4
învescu,4
mătasea,4
broaştei,4
tort,4
kealea,4
vânătă,4
vinitâ,4
pieptar,4
kiameti,4
kicâ,4
kicutâ,4
subsol,4
chinină,4
dement,4
kisâ,4
pisa,4
înnegri,4
cavernă,4
lâiatsâ,4
lâiets,4
periculos,4
lândurâ,4
mulgere,4
lari,4
lâsari,4
elastic,4
carul,4
grecesc,4
rănire,4
leshuri,4
însângerat,4
sare,4
limpidu,4
lipsiri,4
turbat,4
uşurare,4
pajişte,4
parfum,4
teacă,4
ljirtatu,4
urni,4
vânăt,4
lună,4
lopată,4
mâcatu,4
mâduuâ,4
mâhâlă,4
maică,4
fârtatului,4
manâ,4
mândzâ,4
mangal,4
grasă,4
mânushi,4
sticlete,4
narghilea,4
mârdzeauâ,4
mărgăritar,4
mârlire,4
marmari,4
marmură,4
mâscâră,4
chip,4
mastică,4
bucătărie,4
îndrepta,4
mescu,4
metsi,4
mărgean,4
înţelept,4
făcăleţ,4
mintescu,4
minutâ,4
mirâ,4
mosc,4
parfumat,4
meterez,4
mpartu,4
mucaeti,4
mugi,4
muljiturâ,4
poliţă,4
mumâ,4
munuhu,4
însera,4
cârtiţă,4
mushtiradz,4
samur,4
frigare,4
nârâescu,4
nâscându,4
nâscântu,4
ncarcu,4
ncernu,4
cerga,4
ciripi,4
consimţi,4
ncurdusescu,4
înţepenit,4
înveninare,4
nfricushedzu,4
nfrikedzu,4
însănătoşire,4
întrema,4
înţepare,4
neîncetare,4
nihitu,4
nviţatu,4
ignorant,4
pututu,4
shidzutu,4
tâljeatu,4
netuns,4
niurosu,4
uspitsâlji,4
seară,4
njiluescu,4
noimâ,4
nolgicu,4
însărcinată,4
nsaru,4
nsurin,4
însorit,4
ntrâ,4
turtire,4
numâtsescu,4
numii,4
nvârtuşatu,4
viperă,4
vara,4
nvirinari,4
nyii,4
prieten,4
obor,4
oca,4
înfăţişare,4
orbu,4
ornji,4
ursuz,4
spinos,4
pâlthiri,4
paraclisi,4
paradhisu,4
rai,4
comanda,4
plângător,4
pârâturâ,4
brăcinar,4
silă,4
drăgălaş,4
primară,4
pascu,4
pâscuiu,4
păscut,4
şoptit,4
pathimâ,4
pathimati,4
pathu,4
pathus,4
patrioati,4
pâtsâlji,4
păun,4
peanâ,4
pistruiat,4
perci,4
covăţea,4
pihlivanu,4
oaiei,4
pishinu,4
piskiuli,4
pitritseari,4
pătrundere,4
pitrundu,4
amăgi,4
plânipsescu,4
plucicâ,4
candelabru,4
pumeani,4
praştie,4
prigiuru,4
pripsescu,4
prividzutu,4
corcoduşă,4
corcoduş,4
psălmui,4
pumoarâ,4
pupulu,4
purtaticu,4
păsări,4
sutană,4
râurari,4
rourare,4
râuratu,4
rourat,4
râureadzâ,4
găurită,4
roauâ,4
rob,4
robulu,4
rocutu,4
rodu,4
rele,4
sâlnâescu,4
sănătos,4
conştiinţă,4
sârâtoru,4
scadu,4
scapitu,4
scapu,4
moleşire,4
sclâghescu,4
sclâvuescu,4
sulfură,4
scriiturâ,4
scundicel,4
scutidhi,4
scutidhosu,4
secu,4
vaccina,4
pecete,4
şaptesprezece,4
shcrumatu,4
shicai,4
shideari,4
shitsâ,4
captat,4
shuiru,4
shutu,4
simnedzu,4
sindilii,4
skeardiri,4
spic,4
skinari,4
skinatu,4
scremătură,4
sprima,4
sproti,4
ferbinte,4
jeratec,4
spuneari,4
stânipsescu,4
stâvrusescu,4
stafie,4
strâbatu,4
strâkiri,4
stri,4
strigu,4
strimtu,4
sulă,4
surdisescu,4
surii,4
suro,4
sutsâlji,4
tâcâmi,4
tâcati,4
raport,4
taifâ,4
pocăi,4
taymâ,4
tău,4
toiag,4
tehni,4
tersu,4
teorie,4
timpuriu,4
tindilinâ,4
toacâ,4
tom,4
torcu,4
vedea,4
tremura,4
trâpicu,4
vâlcea,4
trapu,4
tsasu,4
cer,4
tsipâ,4
tsiuru,4
tukitu,4
tumbâ,4
udu,4
ugeaki,4
uheauâ,4
umflu,4
unâshunâ,4
unsprezece,4
undedzu,4
urbari,4
urdhii,4
urdii,4
urtacu,4
usâcu,4
uspetsu,4
herghelegiu,4
vâpsitu,4
varacolacu,4
vârculacu,4
vârnu,4
vâtâmari,4
versu,4
vinâ,4
virveru,4
vişin,4
vlakiu,4
vrere,4
volji,4
vreavâ,4
xana,4
zânozu,4
zbuldzu,4
zdroaminu,4
zdruminu,4
zintunji,4
zmurticu,4
zorti,4
zuru,4
mushuteatsa,4
disponibile,4
utilizatori,4
contribui,4
serial,4
latitudine,4
latitudinea,4
notată,4
longitudinii,4
meksiko,4
programe,4
torsten,4
krimi,4
disney,4
arusie,4
festival,4
medieval,4
historical,4
ascapitata,4
romana,4
makedunia,4
tsenzuslu,4
shidintsa,4
isar,4
gorno,4
pãzarea,4
polem,4
nãinte,4
disfapta,4
ocupatsia,4
avril,4
mãhãlã,4
aleg,4
confectsii,4
lucrãtori,4
asparsirã,4
hoteli,4
manifestatsii,4
atso,4
stsena,4
sp,4
monumenti,4
dutse,4
vãrnui,4
analtsimea,4
cupola,4
localizata,4
ãnvãrliga,4
stanislav,4
chipit,4
avutlu,4
campu,4
fila,4
zartsina,4
analtimi,4
pelister,4
adutsem,4
fauna,4
fershped,4
arãscularea,4
printsipali,4
ocupatsii,4
britanii,4
carierã,4
guverner,4
consultantu,4
consultantsã,4
departamentul,4
continua,4
neonatologhia,4
austrii,4
dishclis,4
comisiiljei,4
nomlui,4
profesii,4
industrial,4
etim,4
educatsiiljei,4
directsia,4
populatsii,4
sãnãtoasi,4
pricunushteri,4
reprezentantsãlji,4
alidzerli,4
programa,4
traditsional,4
chetsãri,4
ghermanjlji,4
dateadzã,4
planlu,4
angajmanlu,4
amintatic,4
initsiativa,4
realizã,4
zburãm,4
sou,4
mirasciev,4
sectsia,4
administrativi,4
directoara,4
vasilj,4
diplomã,4
lucrarã,4
dipisirã,4
skopia,4
organizatsiiljei,4
armã,4
interesanti,4
fundatorlji,4
reghistrarea,4
avdzãti,4
inspiratsia,4
editã,4
minhen,4
conferentsia,4
sigurantsã,4
organili,4
leghislativi,4
revisiti,4
chiruti,4
zemun,4
organ,4
instituti,4
fuzbal,4
reprezentatsia,4
agiucã,4
anãchisi,4
faza,4
moldavia,4
ancupãrarã,4
vindea,4
rezbã,4
agonjea,4
atina,4
nidipisitã,4
problem,4
cvadrati,4
gãile,4
luxuzã,4
iosip,4
cutrimburarea,4
ligat,4
prezentu,4
apãljei,4
telefoni,4
chiril,4
nicolova,4
dishclisãljei,4
pistusiniljei,4
conditsii,4
ministeriat,4
etnitsi,4
discriminari,4
atselor,4
ansimnari,4
vãrgãrescu,4
miniatura,4
reprezentantsã,4
prishtina,4
administratsia,4
mister,4
dolar,4
ljirtatlu,4
orden,4
gradus,4
avala,4
programã,4
dinastiiljei,4
rts,4
stuburi,4
arhitectsãlji,4
climent,4
interesantã,4
minduea,4
renovari,4
luther,4
tinirlu,4
vaucher,4
nsimneadzã,4
ufilizeascã,4
patridãljei,4
shutsãtã,4
constructorlu,4
aula,4
aulã,4
uborlui,4
ãnturtseshtsã,4
importantili,4
milja,4
rãsculari,4
groapã,4
familiarã,4
importu,4
garashanin,4
ciarnoievich,4
parmateftsã,4
companiiljei,4
gorj,4
mehedintsi,4
aushatic,4
lugursea,4
ashtipta,4
aparati,4
folcloristu,4
marianovich,4
ruseshtsã,4
sanct,4
peterburg,4
alãxeri,4
amplin,4
armatãljei,4
nominã,4
sãrghilor,4
vizitori,4
finansial,4
maticã,4
ploshtinã,4
drina,4
ciãtii,4
miladin,4
codex,4
cantselarii,4
ocupeadzã,4
protsesori,4
dighitalã,4
intentsii,4
montenegreanjlor,4
montenegreanj,4
vucotich,4
comandantsã,4
patar,4
critichi,4
liderlji,4
hiljlji,4
conflictul,4
hidra,4
organlui,4
mavromihalis,4
panos,4
zaimis,4
dubitsa,4
mracovitsa,4
costur,4
novul,4
lağinesc,4
filuesc,4
geăunoesc,4
instruc,4
cac,4
dun,4
êğêr,4
israni,4
disnulescu,4
solul,4
natatu,4
posi,4
partiu,4
articles,4
description,4
armânéscă,3
gruplu,3
elini,3
latinicheshci,3
vivliile,3
aprucheatã,3
articli,3
ghivãsea,3
aromanii,3
aromania,3
catholica,3
une,3
informatsiur,3
gnu,3
free,3
license,3
plãcãrie,3
vreare,3
tutlu,3
qui,3
nos,3
libera,3
mein,3
adolf,3
arbini,3
sãruna,3
eghea,3
avuti,3
alumi,3
tindea,3
egiptu,3
crizã,3
sq,3
bizantinã,3
hlambura,3
askerea,3
ural,3
amariljei,3
reghionj,3
parcuri,3
botsli,3
serbia,3
rs,3
romãneshti,3
liviu,3
rebreanu,3
mãrlj,3
timishoara,3
iashi,3
arad,3
anna,3
hristov,3
portada,3
glavna,3
principal,3
id,3
lt,3
nds,3
sv,3
zea,3
patrulea,3
riga,3
eesti,3
nato,3
intrat,3
sotsialisticã,3
ashcherea,3
vimtulu,3
vocali,3
singuri,3
tutâ,3
by,3
amintat,3
ãnj,3
ardu,3
suflã,3
jalea,3
fãntãnã,3
armasã,3
dipriunã,3
ntregu,3
ocupã,3
vine,3
adrian,3
arbineasã,3
machedonescã,3
iugoslavã,3
amsterdam,3
formatã,3
pashcile,3
fudzim,3
yineare,3
treile,3
spiritlui,3
pãtãgiune,3
sacramentulu,3
naturalã,3
domnulu,3
gratsia,3
tsãne,3
umanitate,3
posibilitate,3
personã,3
plantili,3
border,3
rasã,3
protostomieni,3
cãdzuri,3
relighii,3
shvaitsã,3
suisse,3
svizzera,3
svizra,3
ilandã,3
crna,3
oficialã,3
türkiye,3
chishinãu,3
belarus,3
danmark,3
osce,3
prezidentsia,3
reghion,3
celniclu,3
sutã,3
chirea,3
jan,3
cecâ,3
deputa,3
ań,3
spe,3
facâ,3
prag,3
toamnâ,3
protile,3
modela,3
václav,3
finland,3
lëtzebuerg,3
luxembourg,3
norvegia,3
noreg,3
repubblica,3
slovenija,3
unele,3
sverige,3
della,3
città,3
vaticano,3
ortodox,3
ísland,3
gallica,3
carlo,3
agnesa,3
calcutta,3
singurã,3
otomana,3
spunã,3
tatãlu,3
tatãlui,3
stoian,3
biografia,3
loreto,3
fãntãnj,3
aţel,3
isihia,3
anamea,3
dikiul,3
machedonu,3
machedonã,3
elinu,3
gh,3
aromâni,3
aristotel,3
trapsirã,3
laolui,3
luyurii,3
simasie,3
asburatã,3
macedono,3
pãrinteasca,3
toatã,3
dirinã,3
frigã,3
fumealjã,3
fumelãi,3
curunji,3
leagãn,3
ãnfashe,3
doara,3
dultseamea,3
somnului,3
imnul,3
prots,3
oficialu,3
pricunuscu,3
taha,3
dzuua,3
moscopoli,3
thimeljilu,3
consillui,3
aleapsi,3
dumenea,3
association,3
armânescu,3
gartsia,3
emisii,3
unionlu,3
ghirmanii,3
tinjisitu,3
elementulu,3
xvilu,3
ioanni,3
cardinalji,3
natsia,3
ayiulu,3
cor,3
hãbãri,3
ghirmania,3
muzicianji,3
makedoni,3
shopatlu,3
puławy,3
pãrmãthia,3
raionlu,3
ianarlu,3
turistitse,3
comune,3
vinit,3
urbanã,3
horle,3
april,3
pierre,3
antoine,3
gallichescu,3
iorgoveanu,3
sai,3
garanteadzã,3
aljei,3
contemporanã,3
antologhii,3
pirmiti,3
populilor,3
poemi,3
belgia,3
mãnji,3
stãmãna,3
scriitorlor,3
zghic,3
sãrmãnitsa,3
sãmta,3
umuti,3
orient,3
abetsedar,3
mitra,3
traducâtori,3
povesti,3
mos,3
nâs,3
dzâcu,3
intratâ,3
livadi,3
vearâ,3
stâmânâ,3
bârbate,3
dzâcâ,3
halâ,3
videa,3
romãneshtsã,3
mirmintsã,3
njitsli,3
diferentã,3
plãndzea,3
arniu,3
picurarlji,3
shtim,3
cãlãtori,3
cãmpul,3
oh,3
filologhia,3
rumãneashce,3
sustsãnire,3
stradã,3
rumãnescu,3
wurde,3
griechischen,3
nach,3
universität,3
mir,3
auch,3
tinjisita,3
libertatea,3
acãtsat,3
loati,3
versurli,3
caldura,3
hãrseascã,3
thiuhari,3
mihadashlu,3
turia,3
didactică,3
pedagogică,3
mbaru,3
bibliotecii,3
paralelã,3
balada,3
noaua,3
transpuniri,3
identitatea,3
stilu,3
stere,3
frãmturi,3
trainer,3
ianis,3
tinjie,3
uefa,3
sportishci,3
englezã,3
ghermãnescã,3
tipoyrafia,3
vãrnu,3
moscopoliljei,3
xiv,3
amalãmã,3
multile,3
documentulu,3
arhivile,3
byzantinã,3
fratre,3
achicãsirã,3
locurle,3
veade,3
moskopole,3
peuple,3
utopia,3
case,3
peyfuss,3
aromunischen,3
ghirmãneashce,3
silesia,3
seculile,3
ghirmãnescu,3
cãmpulu,3
lãhescu,3
tsircã,3
morel,3
ãncljis,3
crime,3
autoritãtslor,3
spor,3
mototsyclits,3
peterek,3
paweł,3
barbara,3
warszawa,3
tehnologhia,3
irinje,3
statile,3
bridgeport,3
haida,3
nsimnã,3
biseritsle,3
sutsãtsle,3
sultanu,3
irade,3
autorlji,3
turistic,3
muzeumlji,3
facto,3
invazia,3
kosova,3
sãrghii,3
nations,3
smederevo,3
voluntar,3
sãrbescul,3
ncap,3
chef,3
popovici,3
iugoslavia,3
milton,3
faptsã,3
fondu,3
lucreashce,3
atseli,3
autonome,3
onu,3
somalia,3
land,3
ligate,3
isturianji,3
filosofia,3
distsiplina,3
loghicã,3
activitate,3
servisi,3
aflare,3
aflati,3
spatsiu,3
aradamatã,3
structurã,3
urdinã,3
ducu,3
frantsia,3
dzãtsem,3
egnatia,3
departamentului,3
terminlu,3
omineascã,3
decorativã,3
dizainu,3
sculptura,3
ghiuvuseashce,3
fon,3
formatsia,3
alãxitã,3
templu,3
salo,3
sâ,3
lilicea,3
arge,3
gradishca,3
rãu,3
zburate,3
top,3
islamica,3
president,3
ad,3
britanicu,3
arghentinescã,3
ripublica,3
bi,3
mortsã,3
cia,3
theohar,3
mihada,3
occidental,3
devine,3
provincie,3
statului,3
roşii,3
mura,3
geografică,3
politică,3
separată,3
italiană,3
administraţie,3
milion,3
puteri,3
regim,3
sprijinit,3
ng,3
ploieshti,3
vinji,3
futâ,3
vedzi,3
camp,3
ge,3
karol,3
wojtyła,3
wadowice,3
pãpãlui,3
asimov,3
zburatã,3
stãmãnã,3
images,3
vestu,3
pãrleap,3
marcu,3
beza,3
nida,3
foti,3
nacu,3
scrima,3
sora,3
bacãu,3
mihaela,3
populara,3
titluri,3
catedra,3
mucãneascã,3
avstria,3
fur,3
aromãna,3
liturghier,3
manuscris,3
volumul,3
dictsionar,3
shaguna,3
activitatea,3
constantsa,3
belimace,3
tinjilj,3
promovarea,3
merit,3
colocviul,3
zadar,3
doua,3
lingvistica,3
etudes,3
chirolui,3
istro,3
megleno,3
mutreari,3
shadi,3
mãni,3
cezar,3
poa,3
alta,3
mutreashti,3
achicãseashti,3
auatsi,3
craturli,3
atsilor,3
sãshi,3
aieshtsã,3
sutsati,3
romanus,3
achicãseascã,3
aromana,3
language,3
marioteanu,3
armãnjilor,3
giudetslu,3
drami,3
donau,3
pitreatsiri,3
servicii,3
volâ,3
noastrâ,3
romanitse,3
mozambic,3
adio,3
sonette,3
eine,3
mensch,3
wie,3
traian,3
viteazul,3
giurescu,3
supt,3
voievod,3
geografic,3
chilometri,3
sãmtu,3
thumb,3
expresii,3
alghinili,3
aestâ,3
adam,3
atanasi,3
coti,3
dima,3
tacu,3
mina,3
laki,3
pandu,3
ketru,3
spiridon,3
itsa,3
musha,3
pia,3
pacea,3
piha,3
zaharia,3
italiana,3
ghiorghe,3
câr,3
confutsiu,3
filosof,3
anvitsat,3
sturia,3
anveturli,3
matteo,3
zona,3
costantsa,3
statisticã,3
colegilu,3
adunãri,3
humboldt,3
ghermanji,3
dascalu,3
apridutseari,3
patriot,3
rivista,3
dictsionarlu,3
vrem,3
dictsiunar,3
rrãmãnu,3
zoran,3
comer,3
texte,3
iei,3
east,3
griffith,3
among,3
siècles,3
byzance,3
études,3
kramer,3
pour,3
françois,3
sébastien,3
epire,3
documents,3
ernest,3
archiv,3
hamburg,3
österreichische,3
osthefte,3
za,3
instituta,3
köln,3
gesellschaft,3
makedono,3
fumealje,3
muta,3
anvitsatslji,3
dzãsirã,3
ndreapta,3
gramaticã,3
anjilji,3
avstro,3
evropeanu,3
nvitsatã,3
cultivã,3
patriotu,3
avant,3
surãri,3
locurili,3
torlu,3
harauã,3
hazi,3
gramos,3
inimos,3
administratsii,3
politsia,3
cieta,3
turtsalj,3
oasti,3
prida,3
bombardat,3
turtseascã,3
birina,3
arhiva,3
vãtãmarã,3
directorlu,3
academie,3
lexiconu,3
emburlãchi,3
exemplaru,3
tinjiseari,3
tratatu,3
tratatlu,3
avinã,3
anyrãpsearea,3
ghirmãnie,3
anvitsats,3
identitatiljei,3
mãduua,3
reguli,3
deftura,3
tata,3
yiatru,3
minduiascã,3
lãndzitu,3
cerere,3
ferdinand,3
gartsii,3
dinintea,3
agãrshi,3
simeon,3
aista,3
brod,3
gheorgi,3
sferi,3
printsipala,3
tomuri,3
ghimnazie,3
cunuscutlui,3
individual,3
opuslu,3
astãdz,3
galerie,3
ideia,3
tuliu,3
sculiarlji,3
itii,3
activitati,3
anglii,3
firma,3
univerzitetlui,3
polimi,3
superioarã,3
timme,3
rumänien,3
christen,3
interethnische,3
koexistenz,3
bd,3
dragan,3
osteuropa,3
ethnizität,3
österreichischen,3
bonn,3
singing,3
ethnic,3
hg,3
apărut,3
romanitatea,3
adara,3
limbidi,3
miliardi,3
hiulu,3
minduiarea,3
persanã,3
tsentrala,3
developatã,3
antenã,3
television,3
karl,3
markus,3
yinitorlu,3
astãsitu,3
emburlãki,3
chiola,3
capiti,3
patridã,3
evropãljei,3
ndoi,3
minduia,3
trisculu,3
predicatoru,3
mutrimu,3
cãts,3
minduitu,3
tipografia,3
bibliotecã,3
piricljiu,3
islamicã,3
pricunushtearea,3
antribãmu,3
anyrãpsirã,3
tricurã,3
adyivãseascã,3
adyivãsimu,3
theoria,3
herodot,3
averuri,3
epirlu,3
zãnatea,3
ishea,3
exiyisea,3
anyrãpseascã,3
attila,3
pirmituseashti,3
oltenia,3
ashkerea,3
dzãtseari,3
dinastiljei,3
limbidu,3
fratili,3
cronicaru,3
antribari,3
alexandre,3
tihea,3
trakianji,3
analiza,3
il,3
sans,3
makedonjilji,3
turnãmu,3
singuru,3
purtatã,3
byzantsului,3
orighinea,3
walha,3
minduimu,3
cãmpuri,3
bizantini,3
makedonlu,3
vãsiljeadz,3
armeni,3
armenia,3
sheadã,3
alfred,3
isapi,3
fumealjei,3
exiyisi,3
andrinopoli,3
crishtea,3
ilikia,3
bradlu,3
cuveti,3
bardas,3
andreapta,3
vãryarlu,3
dzuuã,3
fronimu,3
tesea,3
andreapsi,3
mutritã,3
importantã,3
artaban,3
mutatã,3
stilianos,3
armenji,3
ufilisi,3
temã,3
uvrei,3
nãdia,3
chirutã,3
patrida,3
van,3
ash,3
portogheasca,3
mamlakah,3
argentina,3
barbados,3
ispanicheasca,3
hercegovina,3
portugheascã,3
darussalam,3
burkina,3
faso,3
ciad,3
jumhuriyat,3
dominicanã,3
figi,3
gheorghia,3
equatorialã,3
haiti,3
dawlat,3
kenia,3
libia,3
liechtenstein,3
ducat,3
malawi,3
malaesia,3
maldive,3
oman,3
papua,3
paraguay,3
state,3
katar,3
vincent,3
sao,3
tome,3
printsipe,3
dimocrata,3
senegal,3
tamil,3
reino,3
diadunu,3
surinam,3
thai,3
timorlu,3
tunisia,3
tuvalu,3
uzbechistan,3
cãsãbadzloru,3
bad,3
gala,3
bacău,3
administrativ,3
botevgrad,3
dimitrovgrad,3
dolna,3
banya,3
dupnitsa,3
samokov,3
sevlievo,3
svishtov,3
traco,3
editsie,3
originea,3
vila,3
mascul,3
crishinizmo,3
patra,3
nillu,3
survey,3
anvetsu,3
arupi,3
câsâbălu,3
masturu,3
médecin,3
école,3
femmes,3
shakespeare,3
prince,3
twelfth,3
independentu,3
butaris,3
dje,3
muzyica,3
theatrinu,3
uguri,3
amin,3
turcu,3
turchii,3
imperiul,3
yeatru,3
huryeatu,3
hagiu,3
shculia,3
coi,3
james,3
volumlu,3
orbul,3
articolu,3
politichi,3
greari,3
aspunã,3
arab,3
paradisu,3
marili,3
musulmanlui,3
arãdã,3
aspunu,3
ascapitã,3
procesele,3
demografice,3
ucraineanã,3
ghermanj,3
war,3
poiana,3
âľii,3
version,3
atena,3
listă,3
cusano,3
morrison,3
romanticã,3
toni,3
averi,3
sardinia,3
noti,3
filmului,3
productsie,3
bãgate,3
amirãriljie,3
ascãpitata,3
liberã,3
trade,3
center,3
slovacia,3
multsi,3
proiectu,3
locului,3
hugo,3
frãntsia,3
honoré,3
balzac,3
california,3
faust,3
prozâ,3
arugu,3
mplini,3
chimii,3
organicã,3
sodiu,3
costin,3
hidrogenu,3
uraniu,3
categoria,3
galileo,3
galilei,3
hubble,3
hawking,3
telescopulu,3
oxigenlu,3
aerã,3
englezu,3
instrumentu,3
jupiter,3
neptun,3
echipã,3
echipa,3
cd,3
compusu,3
bitiseashti,3
farã,3
apr,3
urare,3
scoasã,3
didactic,3
proiectul,3
pm,3
badralexi,3
iambol,3
nastãnga,3
cãrgeali,3
loveci,3
tãrgovishte,3
smolian,3
vulturu,3
arhimede,3
inventatoru,3
mathematicianu,3
teoria,3
anyrãpsiri,3
ciri,3
machedon,3
şcurtu,3
diferite,3
ursã,3
luplu,3
chipitoasi,3
tragã,3
mprostu,3
scliro,3
deadzitli,3
plantsã,3
nchisescu,3
cotu,3
palmã,3
cheafã,3
frãmti,3
cãrnoasi,3
stomac,3
matsã,3
chitara,3
hãlãtsi,3
ufilisati,3
poama,3
tritsearea,3
capit,3
doarmã,3
oaspits,3
dushmanj,3
treilji,3
nchiseashti,3
toamnã,3
preaclji,3
pomlu,3
naturalu,3
grãdinji,3
clorofilã,3
fructili,3
zãrzãvãts,3
pulbirea,3
laptili,3
pravdâ,3
tearâ,3
geniu,3
stealili,3
bratsu,3
nalili,3
foaie,3
axã,3
gãljinã,3
floari,3
sharpi,3
erburi,3
trandafilii,3
stogu,3
proaspitã,3
ghelã,3
solanum,3
hearti,3
njedzlu,3
cogealac,3
cãntãtori,3
toacă,3
înserat,3
miresii,3
discografie,3
ului,3
por,3
ile,3
character,3
liberi,3
lumii,3
proectlu,3
episodul,3
dhyeata,3
blogul,3
cultură,3
andamusi,3
audio,3
nsãratã,3
caspicã,3
gljeatsã,3
aeastã,3
pitricurã,3
carageorge,3
bloglui,3
maxim,3
căr,3
arhitect,3
fermentarea,3
aprindã,3
biutu,3
sulini,3
suflatu,3
isâ,3
cilechi,3
hirili,3
lãna,3
sãndzi,3
pãndza,3
pseftu,3
tesu,3
fãtseari,3
cãldura,3
luguriili,3
criscutu,3
psaru,3
amurgu,3
binecu,3
ghegu,3
toscu,3
cadã,3
neaua,3
anari,3
crustali,3
turshii,3
suptu,3
gãrnutslu,3
sicara,3
oaminjloru,3
arãchii,3
jr,3
pulemati,3
cumpanie,3
plicu,3
minduescu,3
pangu,3
malama,3
minghiushi,3
yishteari,3
bueaua,3
curcubeu,3
vali,3
unglji,3
hromu,3
muiere,3
boea,3
feaminã,3
agur,3
topã,3
moari,3
bãrbatlu,3
arsi,3
pampori,3
dintana,3
cicioarili,3
puljilji,3
meambrili,3
aripã,3
cucotlui,3
ntsapã,3
minatã,3
elinicã,3
piperu,3
crishtinjilji,3
sârbâtori,3
ayi,3
crishtineascã,3
tsirimonji,3
lituryia,3
mallakastra,3
mat,3
skrapar,3
kurbin,3
mirdita,3
alifii,3
aranã,3
negurã,3
trandafilu,3
purtucalishi,3
njiercuri,3
heru,3
duvleti,3
substantsi,3
scosu,3
gioea,3
vinjirea,3
yiurtiseashti,3
ayea,3
coaptã,3
sãlatã,3
proaspiti,3
verdzu,3
dzãmoasã,3
plimunu,3
amări,3
vrets,3
user,3
dzinuclji,3
fusta,3
lânâ,3
lasticu,3
neni,3
dipun,3
nipots,3
pãrmitili,3
mostru,3
ghigantã,3
raiu,3
sculat,3
avlii,3
alãsat,3
galbinâ,3
luxu,3
andoilea,3
ntri,3
hilandru,3
bãrbãteascã,3
feaminu,3
sexu,3
chivernisi,3
elinjii,3
octave,3
mirbeau,3
angliceascã,3
dimãndare,3
minutã,3
tusi,3
sirmii,3
dunav,3
vearsã,3
puljilu,3
calui,3
sterpu,3
sumigoasi,3
ashtirnuti,3
sarea,3
lacuri,3
paphi,3
pheatu,3
hunii,3
ureacljea,3
pilicanu,3
miscu,3
curcubetã,3
tsapu,3
pembe,3
traditsii,3
manu,3
bãtearea,3
arugozu,3
arihati,3
arucutos,3
nelu,3
fotografie,3
artă,3
susami,3
clima,3
caldã,3
davanu,3
tavan,3
sculiea,3
curshumi,3
câti,3
doauâ,3
inggréh,3
scos,3
giuratu,3
numta,3
bibliografii,3
partid,3
sãmti,3
tsints,3
bãnãtorli,3
polog,3
region,3
ohrid,3
struga,3
stea,3
bartoli,3
birberu,3
panâ,3
aba,3
obraznic,3
aburedzu,3
paralizie,3
paralizat,3
agăţa,3
ocupa,3
acoapiru,3
creşte,3
acrinâ,3
acrişor,3
imbold,3
vrednic,3
serviciu,3
acumpâr,3
cumpărătură,3
acumtinari,3
acoperit,3
ipocrit,3
adaus,3
adârâmintu,3
construire,3
durare,3
adâratu,3
drege,3
aşteptare,3
adavgu,3
mări,3
adineaori,3
injust,3
debil,3
indiferenţă,3
adhyisescu,3
adiljiosu,3
adormi,3
asemănare,3
conduită,3
înţelegător,3
adukitu,3
econom,3
strânge,3
pâltări,3
aevea,3
părinte,3
domni,3
apăra,3
pază,3
informare,3
descoperi,3
găsi,3
cădea,3
afondut,3
fund,3
afratu,3
arsenic,3
astfel,3
afugu,3
afulit,3
poleială,3
afunda,3
furat,3
afurisi,3
afurnjii,3
irita,3
agă,3
agalea,3
lent,3
statuie,3
ageamiu,3
juca,3
sosit,3
flămând,3
flămânzi,3
lovi,3
procura,3
focos,3
atâta,3
ahară,3
mulţumire,3
valora,3
ahâtu,3
culinară,3
ahulescu,3
sufla,3
nereflexiv,3
smântână,3
rentă,3
năzdrăvan,3
akikâsiri,3
franga,3
tulburare,3
fugă,3
alaga,3
alergătură,3
cutreiera,3
umbla,3
doică,3
alăpta,3
alâsari,3
lăsare,3
laţ,3
alâxitu,3
schimbat,3
albeatsâ,3
blond,3
stocojiu,3
fă,3
discernământ,3
alimsu,3
alimtu,3
alin,3
urcare,3
îndrăzneţ,3
leşie,3
aljiumtrea,3
altminteri,3
aiurea,3
altădată,3
piaştri,3
altsu,3
înălţa,3
aluat,3
ichiu,3
treiera,3
alun,3
erbacee,3
macru,3
farmece,3
amaneti,3
trăsură,3
întârzia,3
căruţaş,3
înşirat,3
îndemână,3
hambar,3
îmbrăţişat,3
ciucur,3
îmbuca,3
împiedicat,3
împuţi,3
ameasticu,3
amintu,3
repaosul,3
amestecat,3
confuzie,3
ud,3
împungere,3
înfira,3
amplâtescu,3
înmulţi,3
amurâ,3
murg,3
amorţi,3
amurţâtu,3
muţenie,3
amuţi,3
mut,3
amvon,3
trezi,3
îngrozit,3
anacrâ,3
anâfirsescu,3
cotă,3
anamâ,3
cadână,3
turcă,3
necesitate,3
antsărtsu,3
năvălire,3
strâmbătate,3
îndărătnic,3
lin,3
înjurătură,3
blestemare,3
încâlci,3
încăleca,3
încălţa,3
încărcat,3
încârligat,3
înhăţa,3
cârpi,3
ancupuru,3
vârtej,3
ameţit,3
comitagiu,3
răzleţ,3
ameţeală,3
tăvălit,3
îndulci,3
îndoi,3
astăzi,3
andzâmedzu,3
ţâşni,3
zări,3
angâisescu,3
angâlisescu,3
angâlisiri,3
angâlisitu,3
căţăra,3
zbiera,3
ângâsâescu,3
angâtanu,3
grijuliu,3
anghidhâ,3
înjura,3
înghiţire,3
angrânjeari,3
mârâială,3
sâcâire,3
sâcâitor,3
angrânjescu,3
angrecu,3
stăruitor,3
angucescu,3
castravete,3
apăsare,3
îngustat,3
îngustime,3
anilea,3
aniorihta,3
subit,3
învingere,3
anjilâ,3
anodhin,3
anotiru,3
sărat,3
sărătură,3
ansaru,3
întrecere,3
antrecu,3
turci,3
anvâlescu,3
înconjoura,3
anvârlu,3
capiu,3
învăţa,3
ura,3
apadhikii,3
strâmbâtati,3
salvare,3
apansâz,3
inopinant,3
apos,3
descuraja,3
disperare,3
apiru,3
soarele,3
apistu,3
sufoca,3
şiretenie,3
aplecu,3
aplecat,3
decizie,3
hotărâre,3
apoia,3
abces,3
ghemuit,3
încins,3
dospi,3
apucat,3
apudidescu,3
caz,3
gudescu,3
atins,3
apuhii,3
ocazie,3
obligaţie,3
apune,3
culca,3
mirat,3
culcat,3
bocit,3
rang,3
strat,3
aradzâmu,3
raft,3
araftu,3
ofilire,3
ofilit,3
împrăştiere,3
ramazan,3
arâmu,3
rindelui,3
rândunea,3
osânză,3
arânjiosu,3
arâpâsari,3
negri,3
obraz,3
împăcare,3
plăcea,3
arâsgânâ,3
disipa,3
strâmtoare,3
temniţă,3
răcire,3
răcit,3
aravdu,3
năruire,3
nărui,3
arvuni,3
arâzbunedzu,3
înveseli,3
arâzbunu,3
poalele,3
unealtă,3
păhărel,3
ţoi,3
glacial,3
rostogolire,3
ardere,3
usturime,3
argeandu,3
zână,3
şomer,3
exista,3
arici,3
sfredel,3
pacifica,3
aripâ,3
coborî,3
arisescu,3
arivani,3
arizili,3
arizilji,3
arlâki,3
armâ,3
armânesc,3
armatâ,3
muşeţel,3
arnealâ,3
măturare,3
mătura,3
arnisescu,3
tivi,3
aroamigu,3
aroatâ,3
tunet,3
arostu,3
arsaru,3
arslanu,3
împărtăşanie,3
sclavie,3
azvârli,3
nâuntru,3
arucutescu,3
arudu,3
ruginit,3
rugini,3
arufearicu,3
arufecu,3
aruficari,3
croire,3
aruficatu,3
croit,3
zgomotos,3
arugâ,3
salariu,3
angajare,3
angajat,3
tocmi,3
rogojină,3
rodan,3
zdrenţuros,3
austriacă,3
noduros,3
aryatu,3
zilier,3
sălta,3
scăldat,3
scăldare,3
scăpărare,3
ascapu,3
scuipa,3
asudari,3
zdruncina,3
scotoci,3
ashikearei,3
ştergere,3
ashtergu,3
aşterne,3
aspâreatu,3
sparge,3
asparizmâ,3
aspartu,3
înfierbântat,3
întretăia,3
oprire,3
oprit,3
stânga,3
stâng,3
căptuşi,3
monta,3
astâsiri,3
stins,3
stinge,3
astragu,3
secare,3
astrâkit,3
secat,3
astupu,3
asudatu,3
suna,3
asurzi,3
ghinion,3
infamie,3
paşte,3
aceea,3
acel,3
aumbrăscu,3
fermeca,3
aumbredzu,3
aumbrosu,3
umbros,3
asemăna,3
aungu,3
unge,3
aurăscu,3
năpustire,3
urs,3
bătrâneţe,3
auzi,3
renumit,3
vânătoare,3
vânat,3
gârlă,3
rigolă,3
cruce,3
avocat,3
avrâ,3
iuţeală,3
brăzda,3
îmbogăţi,3
avyiulgi,3
răsplată,3
axescu,3
împlinit,3
ayalea,3
istovit,3
agheazmă,3
izmă,3
triadha,3
grăbit,3
aghezmui,3
contempla,3
privit,3
aynanghiu,3
scârbos,3
trudă,3
trântor,3
gortsu,3
măslin,3
corcoduşe,3
consilier,3
azgânu,3
behăitură,3
zvântura,3
azvurnuitu,3
bolborosire,3
sperietoare,3
bâbârutâ,3
baciu,3
pesteră,3
badzarâ,3
bădăran,3
bâdzarâ,3
bahti,3
învechit,3
hamului,3
baltă,3
bandâ,3
baie,3
barâ,3
mreană,3
bătătorul,3
negel,3
bari,3
buric,3
bariş,3
planta,3
bârnu,3
barunu,3
bashâ,3
sărutare,3
bashinghelu,3
proprietate,3
săruta,3
pariu,3
opări,3
plante,3
batâ,3
depresiune,3
batacu,3
libertin,3
bâtacu,3
bâtanji,3
încerca,3
mişca,3
valiză,3
bâzmâtâ,3
fustă,3
suge,3
fuma,3
nădragi,3
biani,3
diform,3
cauţiune,3
inactivitate,3
bikearu,3
scrumbie,3
bileai,3
bindisescu,3
călărie,3
firman,3
voinică,3
ulcică,3
bircu,3
drăguţ,3
gentil,3
vagabond,3
biringi,3
voce,3
bogru,3
furii,3
brânu,3
lată,3
grătar,3
măcriş,3
bruma,3
vomita,3
bubâ,3
bubos,3
buhăi,3
buhăit,3
coapsă,3
îmbucătură,3
bucăţică,3
cărnos,3
pătat,3
bazin,3
bufniţă,3
boiangiu,3
buiauâ,3
neted,3
tifos,3
poftim,3
puţ,3
umed,3
binefacere,3
bune,3
urzici,3
îndatora,3
miere,3
bushu,3
umflat,3
buturu,3
bivol,3
buzdugan,3
umflare,3
câbili,3
câbuli,3
cacafingu,3
degera,3
şoarece,3
cacavu,3
fugit,3
buturugă,3
scufiţă,3
căca,3
zburâtu,3
tufeki,3
agent,3
ţeastă,3
cafenea,3
câftari,3
cere,3
câhâri,3
câidâgi,3
îndrăzni,3
invizibil,3
cakinu,3
hohot,3
supărăcios,3
icosar,3
cositor,3
călător,3
grindă,3
câlcânjiu,3
dojană,3
călca,3
fierul,3
caldarâm,3
pavaj,3
cald,3
călugăriţă,3
câlimirsescu,3
bineţe,3
bobina,3
potcovit,3
calp,3
camâ,3
fâlcare,3
înmândrit,3
cămaşă,3
întreţine,3
cană,3
cândilâ,3
cep,3
cange,3
caţă,3
cânticu,3
ameninţare,3
cânusitu,3
acoperire,3
câpâkisitu,3
căpăstru,3
câpii,3
căpitănie,3
capitul,3
capriciu,3
arsură,3
pârli,3
căpşună,3
capsi,3
căpsi,3
căpuşă,3
carabină,3
tuberculos,3
sâmbăta,3
morţilor,3
ologi,3
bobină,3
cârari,3
cărare,3
cărăruie,3
corăbier,3
cârcâredzu,3
crâcni,3
coşniţă,3
cârindi,3
cancer,3
sânge,3
măcelar,3
cârpaci,3
cârsheljiu,3
cârtilivosu,3
izbi,3
scârţâi,3
cârtsâniri,3
scrâşnire,3
cârtsânitu,3
cunună,3
coasă,3
tachina,3
căsca,3
cufăr,3
câsharu,3
caşcaval,3
catran,3
caş,3
caşmir,3
câshtigosu,3
bufon,3
castani,3
expres,3
cetate,3
castru,3
câtâhnii,3
ceaţă,3
câtândii,3
câtândisescu,3
catandisi,3
încercare,3
câtâpâtsitu,3
excroc,3
ticăloşenie,3
curăţit,3
locui,3
catile,3
spinare,3
ponegri,3
câtiyursitu,3
căţeluş,3
câtsau,3
câtunâ,3
câtushi,3
călărit,3
femei,3
ţigancă,3
ceapcânu,3
zbârlit,3
înfiorător,3
pişca,3
zvâcni,3
sminti,3
evreu,3
cihtâsitu,3
cilâstisescu,3
cilâstisiri,3
cilâstisitu,3
nobil,3
cilihtisescu,3
ciocni,3
cingheljiu,3
zinc,3
scară,3
ciocan,3
ciorbagi,3
pătură,3
galon,3
cipocu,3
insistent,3
înfricoşat,3
lingură,3
ciuciulâ,3
ciucutiri,3
ciucutit,3
ciudâ,3
ciudat,3
moşie,3
musculiţă,3
ciumuliri,3
ciumulitu,3
văitare,3
câlţi,3
ciupulicu,3
putreziciune,3
cărămidă,3
nuştiuce,3
căuş,3
clapâ,3
clarinet,3
climă,3
moştenire,3
clir,3
progenitură,3
moştenitor,3
cljeagu,3
cheag,3
cljem,3
invitat,3
cljinu,3
închina,3
clocit,3
copita,3
coacâ,3
cofâ,3
bastard,3
ântuneric,3
comati,3
copâ,3
copan,3
ploşniţă,3
pleavă,3
proaspat,3
creier,3
crimâ,3
crinâ,3
crescut,3
cruciş,3
cruescu,3
sorb,3
ceasul,3
cobire,3
varză,3
păpuşă,3
măruntaie,3
cufumâ,3
hoit,3
cogeamite,3
tineret,3
antreu,3
tumbă,3
comandă,3
salată,3
cumburâ,3
revoluţionar,3
cuminecătură,3
distanţa,3
semnătură,3
poposire,3
cunetâ,3
ţânţar,3
lemnar,3
albie,3
cupii,3
turmă,3
cuprii,3
puroi,3
curari,3
curcufeli,3
mofturi,3
fuduli,3
instala,3
curmală,3
curmâturâ,3
separa,3
speti,3
cornişă,3
ramă,3
curvă,3
cuscru,3
cusheari,3
cushiri,3
cushuri,3
cusuri,3
cusurinu,3
cutreamburu,3
cutreamuru,3
cutsu,3
cutsuru,3
cutura,3
cuturu,3
cuvendâ,3
convorbire,3
neauâ,3
dailjeanu,3
dalaga,3
dâldâsescu,3
damâ,3
dambla,3
pecetlui,3
dânâsescu,3
tranzacţie,3
dârdârescu,3
loare,3
dasharu,3
deagâ,3
smulgere,3
adică,3
poartă,3
detuna,3
dhascal,3
dhiadhohu,3
prinţ,3
cârjă,3
guguştiuc,3
comunal,3
dhiplusescu,3
dhiplusiri,3
dhiplusitu,3
dificil,3
dhoymâ,3
preamări,3
dhyeavâsi,3
lungul,3
dijgljinu,3
dijgljinari,3
dijgljinatu,3
dejghina,3
delicat,3
condiţie,3
comandat,3
recomandat,3
recomanda,3
dinâcali,3
dinâoarâ,3
dinâpoi,3
dincoace,3
dinjicu,3
dinjicari,3
dinjicatu,3
dipârtatu,3
îndepărtat,3
dipirari,3
suprâ,3
întotdeauna,3
voie,3
dirmani,3
vindecare,3
dirveni,3
desagă,3
discosu,3
capului,3
discultsu,3
răsplăti,3
dishcljidu,3
dishcljisu,3
dezmierdător,3
distimeli,3
distrângu,3
distrândziri,3
distresu,3
descinge,3
logodi,3
dezbrăca,3
dizlegu,3
dizligari,3
dizligatu,3
dizvâlitu,3
dizvocu,3
dizvucari,3
dizvucatu,3
plapumă,3
dodâ,3
soră,3
negaţie,3
deloc,3
tufiş,3
fus,3
ducâ,3
dukitu,3
simţire,3
dulberu,3
dulberă,3
duljeatu,3
cârmă,3
dumnescu,3
stăpâni,3
zvăpăiat,3
durnjitu,3
duzi,3
potrivit,3
dzâtseari,3
dzânu,3
dzânj,3
tuse,3
zer,3
zece,3
dzeanâ,3
