word,count
já,19315
lii,12262
ive,7394
lâi,5529
käldeeh,5341
láá,5021
peeivi,4897
tot,3267
kalender,2937
mield,2880
km,2821
eres,2803
ij,2492
ton,2388
sun,2286
soojijn,2224
fáádást,2185
mii,2091
the,2008
šoddâmeh,1908
jämimeh,1762
ko,1733
kieldâ,1733
tábáhtusah,1704
ihe,1522
tiäđust,1447
lovo,1395
suomâ,1380
meid,1324
olmožid,1300
of,1267
syemmilâš,1249
ässeeloho,1196
viehâdâh,1173
vijđodâh,1143
peivi,1135
listo,1106
kaavpug,1105
šoodâi,1104
ovtâstumstaatâlâš,1093
aalgij,1084
suomâst,1038
nuuvâi,1030
ääsih,1004
kieldah,1001
mon,997
suu,989
normaalihe,970
nobel,918
iivij,918
uv,893
uđđâivemáánu,868
naaburkieldah,865
juliaanlâš,861
lijjii,857
gregoriaanlâš,836
käldee,825
siijdah,807
kirječällee,778
sehe,774
mut,774
italiast,772
mast,769
san,755
mycetophila,751
tärhis,741
peivimeeri,735
ovtâstum,732
tuše,726
kunâgâs,706
finnim,696
historjá,690
italia,683
šoddâmihe,682
maŋa,677
eennâmkode,675
čaittâleijee,659
chironomus,655
tave,639
vuáđudui,632
taat,630
kuávlust,622
de,620
ađai,613
kuovâmáánu,602
ääigi,597
moh,595
ciäkkáduv,583
ete,578
and,560
politikkár,558
juovlâmáánu,552
polypedilum,551
alodâh,550
syeinimáánu,546
lamaš,545
peivid,545
tast,532
eennâmkoddeest,523
ohtâ,522
roovvâdmáánu,517
uđđâ,500
in,500
puáhtá,494
vuossâmuš,493
tom,489
njuhčâmáánu,484
kovegalleria,478
stuárráámus,474
statistiikkuávdáš,473
čohčâmáánu,472
te,469
porgemáánu,464
vyesimáánu,462
anarâš,460
ii,458
lasseen,455
meiddei,443
skammâmáánu,442
teikkâ,441
čääci,441
uáivikaavpug,441
markkân,437
eennâm,436
lah,425
palhâšume,422
kesimáánu,421
liriomyza,421
jo,417
taažâ,415
suulân,414
puoh,413
almostui,412
mycomya,410
cuáŋuimáánu,402
maadâ,402
president,399
ovdâmerkkân,396
sijdâd,396
rääjist,395
iä,394
toh,393
kuittâg,388
la,380
psychoda,378
staatâi,375
juávhu,373
loopân,372
et,371
album,370
kárgámive,367
nommâpeeivih,367
arkkiteht,366
di,366
finnij,357
siämmáá,347
ubâ,346
juávkku,346
uási,345
ennuv,342
älgim,337
vuoitij,337
nuuhâmpeivin,334
ohtsis,334
kieffer,334
muusik,333
italialâš,332
kyehti,331
kiinalâš,331
táválávt,330
nubbe,328
tivtâsteijee,328
dynastia,326
čuákkipääihih,324
kaavpugeh,322
lávloo,319
taan,314
kárgámihe,313
spencer,313
koskâ,311
marche,310
kuávlu,308
no,307
teikâ,305
räi,304
staatâ,303
nuuvt,303
kieldâst,302
oovtâst,302
talle,302
tobbeen,300
jaapaanlâš,298
nommâ,297
stuorrâ,293
jieijâs,293
cerodontha,293
kii,290
richter,290
intensiteet,289
mercalli,289
tang,288
loopâst,285
kirjálâšvuotâ,283
aalgâst,283
scaptomyza,280
eellim,279
tuárgistij,279
wikidata,277
eennâmtuárgástâs,277
euroop,269
kielâ,269
kulá,268
aanaar,266
nettisiijđoh,265
cm,265
mutâ,264
helsig,263
assii,262
jis,262
grand,261
virgáliih,258
sämmilâš,255
vuossâmuu,255
leucophenga,255
kenraal,253
palhâšumeh,252
pohjanmaa,252
kost,250
máálájeijee,250
kirjeh,249
ovdil,248
kiäisár,248
njunošân,248
ranskalâš,247
almostitij,247
niŋálâs,247
majemuš,246
quate,246
paijeel,244
kullee,244
korrâsávt,242
pessii,241
sámi,239
šoddâm,236
main,234
kemiapalhâšume,233
anarâškielâ,233
leđe,233
uáli,233
kuálmád,233
al,232
jyehi,231
lohtui,230
musikkár,228
to,227
new,226
del,226
eŋlandlâš,225
kansler,225
saksalâš,224
ps,223
maŋeláá,221
agromyza,221
euroopist,220
lovvoost,218
leptochilus,218
dilophus,214
kuleh,212
kuávdáščuákkipäikki,211
lavluin,211
kulmâ,210
tiet,210
prix,210
säämi,209
el,208
game,208
nube,206
edwards,203
masa,202
čuákkipäikki,202
oovdiš,201
kirho,201
fysikkár,200
uccâ,199
pericoma,198
ässed,197
kielah,197
ruotâ,196
fáárust,196
pasepeeivi,193
tondiet,192
šadda,192
pyereestvaijeemkuávlu,192
vala,191
lávurduv,191
ja,190
john,189
mac,189
tastko,187
kiävtust,187
exechia,187
karrieer,186
niäljád,186
ovtâskâstáálu,186
miljovn,185
ovdiih,185
fyysiikpalhâšume,184
majebaargâ,184
tuorâstuv,183
koskoho,183
leia,183
elleekooveest,182
kemist,182
uásistaatâ,182
vuossaargâ,181
vástuppeeivi,181
hardy,181
suullân,180
ain,180
brittilâš,179
puáidudum,179
bowie,179
sij,178
siijdâ,178
korea,177
sust,175
tâi,173
toi,173
puáris,173
iii,173
en,172
duret,171
loho,169
sämmilij,169
afrik,168
kirjálâšvuođâpalhâšume,168
pittáin,168
ulmuuh,168
eeči,168
enni,166
väljejui,165
nubben,165
lahtojii,165
lavdâm,165
kišto,164
anarâškielân,164
ihheed,163
eromâšávt,163
sämikielâliih,163
elleekove,162
tooimâi,162
stegana,162
jaamij,161
maailm,160
monte,160
säänih,160
sant,160
täsivääldi,157
ruošâ,156
taid,156
tain,156
stuárudâh,156
neoempheria,156
toos,155
ranska,155
algâttij,154
šlaajâ,154
kirje,153
kaavpugân,153
jurgâlâm,153
valmâštui,151
ráávhupalhâšume,151
uásild,151
serie,150
kuuđâd,149
pyehtih,148
väisälä,148
viiđâd,147
eenâb,146
čáállám,145
nelji,145
motomin,145
kaavnâi,145
king,144
for,144
win,144
káávcád,143
uárnejui,143
awards,143
čiččâd,142
pirrâ,142
kooskâst,142
on,141
keerdi,141
suuhân,141
yrjö,141
potenza,141
paje,140
keejâ,139
orjâlâškielân,139
viii,139
le,138
sämmiliih,138
poođij,137
oovtâ,137
lodde,137
vii,137
kemia,136
david,136
oovcád,136
čuávuváá,136
mycodrosophila,136
tv,135
lasanem,135
vuosmuš,134
ihásâžžân,134
ihelove,134
goryeo,134
ráávhu,133
jieškote,133
suomâkielân,133
tiättoo,133
fyysiik,132
freeman,132
cladochaeta,132
suoi,131
staatâin,131
maaŋgah,131
čaalij,130
pargo,130
rahtum,130
kiäh,129
nuorâ,129
joba,129
iälá,129
robert,128
enâmustáá,128
kooskah,128
sajan,128
world,127
ruátálâš,125
que,125
porá,125
merhâšittee,124
love,124
talhâstieđâ,123
enâmist,123
savo,123
šlaajâin,123
isbn,122
jaapaan,122
basilicata,122
presidentin,120
máttáátteijee,120
oulu,120
peln,120
juohhum,120
varrij,120
glarus,120
santa,120
raavâd,120
alda,119
staatah,119
tego,119
vyeitteeh,119
tegu,118
távjá,118
tiäddá,118
parancistrocerus,117
prosimulium,117
tavveen,116
molise,116
our,116
malloch,116
afrikist,115
kukke,115
wu,115
fujiwara,115
rock,114
aasiast,114
maria,114
kyevti,114
eellimpiirâs,114
wang,114
jyväskylä,113
maid,113
ores,113
meigen,113
elleekoveh,112
taažâst,112
tonnoir,111
šuoŋârähtee,110
from,110
oho,110
grimaldi,110
suáđigil,109
all,109
vaisanen,109
nguyen,109
vuosmuu,108
pyevtitteijee,108
campobasso,108
professor,107
suomân,107
sijdâ,107
kuhes,107
viehâ,107
kieldân,107
roomaan,106
čaittâlij,106
vyesimáánust,106
pessee,106
matematikkár,106
quest,106
tampere,105
eŋgâlâskielân,105
haaldâtlâš,105
tááláá,105
saje,104
täsiväldi,104
st,104
vuod,104
rääđi,104
playstation,104
aatellâš,103
servi,103
tääl,103
virgálâš,103
čapis,103
island,103
land,103
charles,102
toimâtteijee,102
alemus,102
space,102
espanjast,102
los,102
láin,101
motomeh,101
kaavpugijn,101
tobdomeerhah,101
katolilii,101
pitáh,101
prinssâ,100
pustaveh,100
un,99
pyereest,99
hämeenlinna,99
meetter,99
diskografia,99
kieđâvuš,99
juávhust,99
uđâgááh,99
valkeapää,99
iänááš,98
kuávdáš,98
turku,98
nuorttâlâškielân,98
ahasâžžân,98
georgia,97
uusimaa,97
li,97
olgohäämi,97
vi,97
táálunkieldâ,97
yang,97
super,97
wii,97
james,96
keessiv,96
kokkola,96
lává,96
párnái,96
mottoom,96
mäddin,96
rááiđu,96
kuulmâ,96
kevttiđ,96
saksaast,96
innig,95
laapi,95
sárnuh,95
elleekuuvijn,95
saanijd,95
sarnuu,95
kirkko,95
poorgâi,94
veikkâ,94
várás,94
filmografia,94
šaddeh,94
sämitige,94
apollo,94
häme,94
star,94
kg,93
noomáin,93
áinoo,93
you,93
almostum,93
suom,93
tihtâčällee,93
sasa,93
mandela,92
keežild,92
onnáá,92
almai,92
leijee,92
we,92
hiäimun,92
kärjil,92
su,92
jyelgipállu,92
stivrejeijee,91
uáivikaavpugeh,91
tälviv,91
johan,91
lane,91
čaittâleijeeh,90
george,90
elleekovestivrejeijee,90
naajâi,90
morottaja,90
om,90
rááiđust,90
enâmij,90
čällee,89
mieldi,89
sáttá,89
amerikist,89
saksa,89
olmooš,88
vielgis,88
mannee,88
kiärdumciälhus,88
muáddi,87
vistig,87
salo,87
ihásâš,87
vuáittám,87
kirječälleeh,87
tu,87
varsinais,87
eennâmtiätu,86
puárásumos,86
alne,86
kukkosâš,86
virgálávt,85
jurgâleijee,85
saajeest,85
ix,85
juuđij,84
games,84
with,84
william,83
čuávuvááh,83
ulmuu,83
ivveest,83
čohčuv,83
laavlâ,83
tavesämmilâš,82
vaanhimeh,82
muslimlâš,82
pirrâdâh,82
siskeeld,81
kukkodâh,81
suomâkielâ,81
espanja,81
nuorttân,81
anna,81
raahtij,81
irland,81
one,81
lavluu,81
paul,80
kuávluin,80
juávhuh,80
sirdâšui,80
vâi,80
aalmuglâšlaavlâ,80
laavlârähtee,79
wsoy,79
maailmist,79
ige,79
live,79
oppeet,79
uŋgar,79
vyeittee,79
kiđđuv,79
albumeh,79
cash,79
okada,79
uáiviminister,78
ollásávt,78
oohtân,78
vuáđuld,78
macerata,78
city,78
ryevdi,78
pyeremus,78
na,78
walker,77
mari,77
uásálistij,77
ruošâst,77
ovtâskâs,77
okr,77
eennâmkoodán,77
du,77
paarrâd,77
sasakawa,77
ukraina,76
helsinki,76
york,76
peht,76
kihheen,76
paavi,76
gaup,76
njune,76
säämist,76
ollâopâttuvvâst,75
pirkanmaa,75
fermo,75
ellee,75
iv,75
kevttum,75
se,75
ličij,75
kuás,75
asteroid,75
pajanij,75
apple,75
zhang,75
johnny,75
pitá,75
pittálisto,75
me,74
nils,74
máhđulâš,74
ässeelovo,74
škoovlâ,74
kieldâlahtemeh,74
roolâ,74
war,74
mm,74
time,74
šlaajah,74
johannsen,74
martin,73
talhâstieđâpalhâšume,73
vuálá,73
urbino,73
pesaro,73
life,73
giovanni,73
man,73
uvlágán,72
vittâ,72
jyehim,72
sii,72
kuopio,72
stivrim,71
mánuppaje,71
stuárráámuuh,71
nuorttâ,71
marino,71
viestâr,71
amerik,71
saammâl,71
von,71
keččin,71
valle,71
it,71
pappila,71
kieldâlahtem,71
peri,71
spellâ,71
giordani,71
soika,71
tanska,70
anarist,70
váhá,70
čiččâm,70
puátá,70
moi,70
sveeici,70
almostuvvii,70
áárvu,70
aalmuglâšsymboleh,70
chen,70
muusikalbumeh,70
tove,69
matti,69
pori,69
kuávlun,69
kote,69
korrâ,69
oscar,69
piceno,69
uássin,69
georgialâš,69
year,69
aalmuglâšlavluuh,69
peerâ,68
maaŋgâin,68
com,68
juávkun,68
vaasa,68
iävtukkâssân,68
stuárráb,68
slovenia,68
kiirjijd,68
kirjerááju,68
duda,68
coher,68
šoddii,67
lee,67
meddâl,67
ruotâst,67
puátuseh,67
helium,67
xbox,67
dragon,67
cook,67
hendel,67
puáttám,66
richard,66
uárnejuvvojii,66
aaibâs,66
luuvâi,66
kuttâ,66
kuávluh,66
tobdos,66
carl,66
alemuu,66
siämmáš,66
suuhâ,66
vety,66
pirrâduv,66
pispe,66
hit,66
tokunaga,66
runeberg,65
peter,65
egypt,65
sämikielân,65
des,65
kirjeest,65
red,65
jesâneh,65
marie,65
studioalbum,65
ucceeb,64
single,64
ulmui,64
kesimáánust,64
michael,64
skammâmáánust,64
zlobin,64
top,63
kuálmádin,63
riddoost,63
aasia,63
eennâmpáálu,63
vyelni,63
records,63
der,63
jäämmim,63
ulmuid,63
da,63
albert,63
elvis,63
kiitaar,63
euroviisuh,62
meridij,62
lahti,62
kulttuur,62
jotelávt,62
kiävtun,62
ivne,62
ibn,62
skotland,62
virgeest,62
filosof,62
pri,62
meerhâš,61
tááhust,61
aanaarjäävri,61
ancona,61
sättih,61
sääni,61
kieldâd,61
aainâs,61
nuottim,61
saint,61
laahkon,61
music,61
roovvâdmáánust,61
čaabâkirjálâšvuotâ,61
jyeigee,60
puustavoornig,60
uáivi,60
ucemus,60
jeessân,60
kuávdáást,60
poreh,60
tuurku,60
roonnig,60
puola,60
ollâopâttuv,60
juuriist,60
piervâl,60
parade,60
albumist,60
uí,60
uđđâsist,59
ollâopâttâh,59
kietâčällee,59
nieidâ,59
moos,59
seervi,59
pyeremuu,59
álgá,59
noomâs,59
kuvernöör,59
noomâ,59
siämmást,59
dark,59
song,59
antonio,59
suátihiärrá,59
lávlumuási,59
video,59
satchell,59
prinses,58
maaŋgâid,58
at,58
villa,58
taah,58
kiddâ,58
čuuvtij,58
irlandist,58
asteroidijd,58
atari,58
hering,58
kiävttoo,57
vijđoduv,57
sveeicist,57
tiättojeh,57
tááláš,57
il,57
ma,57
almostittum,57
wheeler,57
soccer,57
äs,57
lopâttui,56
pasepeivi,56
jävri,56
esken,56
sunnuu,56
loostâ,56
uážui,56
angelo,56
mánudáá,56
verd,56
emilia,56
táválâš,56
lávlumkišto,56
lynch,56
videospeelah,55
eira,55
international,55
vuástá,55
versio,55
britannia,55
tobdeh,55
ollâopâttuvâst,55
sämirääđi,55
válduartikkâl,55
bidawid,55
aalmugijkoskâsâš,54
jyelgipáálu,54
kočodum,54
ollágin,54
con,54
pietro,54
pyeri,54
láálá,54
nuorâikirjálâšvuotâ,54
vuáđudij,54
åland,54
don,54
aleksander,54
suzuki,54
wars,54
suorgijn,53
biokemist,53
kanadalâš,53
almosvalastâllee,53
kirjálâšvuođâ,53
puustav,53
kuulâi,53
itkonen,53
uásist,53
neelji,53
eennâmkodde,53
skiäru,53
tai,53
uánihis,53
meeri,53
maŋgii,53
ráiđu,53
sara,53
koivisto,53
petter,53
čiivgah,53
maacâi,53
einstein,53
jean,53
musikkáreh,53
vuáittu,53
ascoli,53
zetterstedt,53
gusenleitner,53
astronaut,52
vuossargâ,52
väldikode,52
käävci,52
aikio,52
rääji,52
golden,52
jieš,52
disney,52
juan,52
fripp,52
brindisi,52
tavlustâh,52
šlaaijâd,52
fighter,52
majebargâ,51
eestieennâm,51
vástuppeivi,51
ruoššâ,51
pic,51
colle,51
mattus,51
taggaar,51
sierâ,51
helsigist,51
kaavpugist,51
čääsi,51
lodeh,51
lávurdâh,51
nääli,51
liu,51
basso,51
pittá,51
valastâlleeh,51
jiečânâs,50
tuorâstâh,50
kuássin,50
tanskalâš,50
kiina,50
kiäin,50
kandâ,50
siijdâš,50
an,50
ulmen,50
is,50
hepburn,50
washington,50
viestârist,50
be,50
kalga,50
ruotâkielâ,50
kalifornia,50
taipale,50
oolâ,50
vielgâd,50
tiäđui,50
leinster,50
ivneh,50
albumijn,50
discogs,50
sijđostuvvâst,50
čuákánkiäsuh,49
nuorttâriijkâ,49
koskokko,49
diplomaat,49
peeleest,49
jienâ,49
uásistaatâst,49
seinäjoki,49
rakkeet,49
kávnoo,49
und,49
muštâl,49
ässein,49
motomijn,49
kunâgâskode,49
white,49
finnee,49
vyelgih,49
sunnui,49
fiinaal,49
länsman,49
lopâlâš,49
kesiolympialijn,49
tábáhtusâid,49
ovtâskâstáállud,49
irish,49
singles,49
chart,49
kirjestis,48
frank,48
union,48
speelâ,48
pegâlmâs,48
taveoosijn,48
tehálâš,48
hollywood,48
čohčâmáánust,48
pištá,48
tyejeh,48
tarantino,48
máttáátteijen,48
vuolgij,48
juávkkud,48
myerjih,48
ustevvuotâkaavpugeh,48
eelih,48
mudoi,48
piervâlist,48
sämitiigán,48
šaddo,48
boine,48
dead,48
čuággáh,48
juoigâm,48
joseph,47
ihán,47
leo,47
kávnojeh,47
tastmaŋa,47
van,47
peesâi,47
joensuu,47
muorjijd,47
aslak,47
pirrâduvah,47
sämikielâg,47
wa,47
persialâš,47
muusikpalhâšume,47
ruumbuh,47
nintendo,47
loew,47
vaillant,47
bill,46
diana,46
louis,46
arthur,46
irlandlâš,46
algâalgâlâš,46
piano,46
enâmijn,46
fire,46
vuáđudum,46
mielâst,46
paasij,46
järvenpää,46
sajadâh,46
kunâgâskodde,46
blue,46
sijđo,46
peeivij,46
die,46
táálunkieldâst,46
thomas,46
kevttim,46
tiettum,46
nuorttâriijkâst,46
taam,46
satakunta,46
valmâštum,46
sa,46
historjistee,46
he,46
adventure,46
last,46
laffoon,46
ráhtám,45
ernst,45
aavis,45
tánssájeijee,45
mary,45
loopâ,45
kielâtotkee,45
kavnum,45
suálui,45
guinea,45
cuáŋuimáánust,45
my,45
uásih,45
lauri,45
luándu,45
päijät,45
tábáhtuvá,45
rähtiđ,45
kiävttu,45
japanist,45
mikkeli,45
čuávji,45
oráseh,45
rodgers,45
koski,45
tronto,45
ni,45
miitaaltavlustâh,45
ds,45
patria,45
suovsah,45
zaitzev,45
takada,45
liigatääsi,45
täsispellâ,45
táppu,45
skotlandlâš,44
your,44
ryeššilâš,44
aanaarjäävrist,44
kyeleh,44
arabia,44
aasâi,44
ylivieska,44
sämikielâ,44
subjekt,44
og,44
lostâ,44
juuvâ,44
njuhčâmáánust,44
up,44
eidu,44
toimâm,44
márjá,44
kroatia,44
battle,44
suáđi,44
kouvola,44
auto,44
suriname,44
vol,44
lode,44
mane,44
almostittem,44
karl,44
ua,44
magic,44
pessimnääli,44
bachli,44
šiev,43
sunnust,43
martino,43
täin,43
oovce,43
mun,43
yle,43
vuálgus,43
jáámmám,43
american,43
kantonist,43
iänáážin,43
čuávuváin,43
täsnitiettee,43
myerji,43
loostah,43
sulâstit,43
elleid,43
härvinâš,43
tiäđuh,43
kaavpugkieldâ,43
pour,43
parker,43
energia,43
pinball,43
soti,43
eennâmkoddeuđâsmitmist,43
ráppájeijee,42
yorkist,42
jäävri,42
táálu,42
kilomeetter,42
master,42
nommâsâš,42
serra,42
jämsä,42
vaaljâin,42
juovlâmáánust,42
aalmugij,42
quentin,42
pro,42
henrik,42
seervâi,42
muádi,42
joođhij,42
puovtij,42
kanta,42
nuuvtko,42
vievâst,42
go,42
by,42
eereeb,42
johannes,42
les,42
sovjetlitto,42
legend,42
andré,41
josé,41
čaaitâlmčällee,41
filosofia,41
eskin,41
sänikirje,41
ohtân,41
maaŋgâ,41
iso,41
maht,41
kuhháá,41
tullâväärih,41
čappâd,41
eŋgâlâskielâ,41
meerâ,41
massa,41
ruopsis,41
majemuu,41
that,41
kankaanpää,41
tääsist,41
god,41
lippu,41
niŋálâsah,41
maud,41
kennedy,41
taažah,41
juoigâmuási,41
francisco,41
kištottâllii,41
alien,41
videospellâihe,41
videospeelâid,41
videospellâmaailm,41
videospellâiveh,41
tiätukirjálâšvuotâ,41
kielâi,40
ranskaast,40
harry,40
kovvee,40
suomen,40
maailmsuáđi,40
suolluuh,40
togo,40
ohtâvuođâst,40
enâmân,40
häämi,40
iäge,40
jiešvuođah,40
eromâš,40
kuohtuuh,40
viiđâ,40
toin,40
jane,40
piäiváá,40
jäävrih,40
haldâttâs,40
tobdosumos,40
čuávuvâš,40
us,40
kyevtkielâlâš,40
siemânijd,40
oslo,40
do,40
street,40
pop,40
collins,40
kiišton,40
yes,40
seibi,40
si,40
lundstrom,40
miäštárjuávkku,40
henry,39
jiečânâssân,39
australialâš,39
nummeer,39
espanjalâš,39
wales,39
kitarist,39
tassaaš,39
markkânist,39
párnáá,39
luuhâđ,39
siste,39
erkki,39
poggio,39
paajaabeln,39
porgâm,39
sisiliast,39
suollust,39
seeland,39
nommân,39
torre,39
eelliđ,39
párnááh,39
ucjuuvâ,39
väljejum,39
ellen,39
äänekoski,39
tiälhuh,39
jack,39
sopâmuš,39
keskitalo,39
max,39
kištoost,39
vuossâmuuh,39
čaabâ,39
tiätukirjálâšvuođâ,39
enderlein,39
winnertz,39
bock,39
lombardiast,39
romagnast,39
sämitigge,38
šoddâđ,38
nuuvtpa,38
ovdediđ,38
puávtáččij,38
luándust,38
pyeremustáá,38
eŋland,38
night,38
almolâš,38
aalgâ,38
kaartâi,38
force,38
pittád,38
spielberg,38
komikkár,38
wilhelm,38
niko,38
mu,38
finnoduvah,38
väljejuvvojii,38
hans,37
mario,37
totkee,37
ovdâsteijee,37
nikolai,37
alge,37
almottij,37
pärni,37
azerbaidžan,37
eritrea,37
naajáin,37
forgâ,37
perruu,37
tuáimá,37
kiän,37
as,37
kuohtii,37
rääjih,37
val,37
ässee,37
black,37
naalijn,37
plaaneet,37
kemiallâš,37
ráhtá,37
francesco,37
liŋkkâ,37
tiätu,37
porgemáánust,37
maine,37
wagner,37
áillohaš,37
orráás,37
rävis,37
loimaa,37
utkee,37
vuoittii,37
death,37
ultimate,37
macquart,37
brunetti,37
cohen,36
nuorttâriijkâlâš,36
vuáđulaavâ,36
pyevti,36
kuovdâkiäinu,36
ry,36
mana,36
algeria,36
pärnin,36
televisio,36
pargoost,36
suomalais,36
earth,36
kuittâggin,36
ulguubeln,36
aldasijn,36
liechtenstein,36
süd,36
veik,36
matematiik,36
kálgu,36
elleeh,36
och,36
muu,36
seppälä,36
juva,36
otava,36
taaidâr,36
merkkejum,36
manneed,36
jyelgih,36
miänástus,36
arkkâpispe,36
hesse,36
townes,36
theft,36
lucania,36
britanniast,36
queen,35
australia,35
malli,35
finnodâholmooš,35
gauriloff,35
nuorttâlâš,35
sunjin,35
tábáhtusâst,35
kenia,35
borgo,35
den,35
borg,35
inari,35
tile,35
sämitiggevaaljâin,35
maadâoosijn,35
ovdilgo,35
ässeeh,35
politiik,35
uđđâivemáánust,35
roolâst,35
vito,35
cuáŋui,35
tooimâ,35
high,35
power,35
maneh,35
škoovlâst,35
kymileevi,35
uáivildum,35
suomâruátálâš,35
kaukola,35
haldâttâhriehti,35
listoost,35
njuhčâ,35
marttila,35
kuullâm,35
suuvâ,35
sovjetlittolâš,35
munster,35
eno,35
uárree,35
skiärru,35
austria,35
strobl,35
valjâpirrâduvvâst,35
roger,34
latvia,34
lisa,34
parlament,34
kaarina,34
niemi,34
lase,34
benin,34
lontoost,34
castel,34
kevttih,34
atlant,34
almaah,34
pekka,34
saavâjođetteijen,34
njuolgist,34
ereslágán,34
elizabeth,34
kuus,34
áánsust,34
francavilla,34
táválumos,34
eellimvyevih,34
tuáhtár,34
oovdâst,34
slovakia,34
haapajärvi,34
blood,34
miänástum,34
kainuu,34
elle,34
kivijärvi,34
jurgâlum,34
kočoduvvoo,34
miitaal,34
tiivrijd,34
finalist,34
gold,34
heart,34
toho,34
algâamnâseh,34
jones,34
naantali,34
may,34
liputtempeivi,34
brian,34
shadow,34
sannio,34
ruustigalmostitmeh,34
iävtukkâsah,34
nds,34
meijere,34
toscanast,34
vuáđuduvá,33
olav,33
lewis,33
uáiviministerin,33
kalle,33
läättinlâš,33
táálááh,33
piäláduvah,33
uábbi,33
halijdij,33
kaččâm,33
kiävttá,33
siämmáánáál,33
aneh,33
laavâ,33
lontoo,33
paolo,33
moin,33
columbia,33
pyhäjärvi,33
nisonij,33
haalijd,33
uážžum,33
ijge,33
vist,33
rähtim,33
moshnikoff,33
varbusluudij,33
mi,33
las,33
rjj,33
lamarr,33
čappâdeh,33
tevkis,33
lávlooh,33
akatemia,33
kekkonen,33
oh,33
rautjärvi,33
speelah,33
pittáid,33
drive,33
road,33
entertainment,33
ránnjákuávluh,33
matile,33
nowakowski,33
apuliast,33
edward,32
marja,32
kittâl,32
liegâsvuotâ,32
kuávžur,32
ohtuu,32
teeivâi,32
ranskakielâ,32
pottii,32
ilmari,32
tolebáá,32
ti,32
kullii,32
singleh,32
koveh,32
áásá,32
kuávdáá,32
čoođâ,32
ruávinjargâ,32
belgia,32
noomah,32
liisá,32
day,32
juulevsämikielân,32
pietilä,32
uusikaarlepyy,32
kiemâ,32
tuárnus,32
sjögren,32
syeinimáánust,32
loddešlaajâ,32
moonijd,32
lääni,32
saavâjođetteijee,32
ferttee,32
fe,32
riijkâservi,32
eestilâš,32
almostitmeh,32
masku,32
big,32
hemingway,32
taaiđâmáálár,32
paavin,32
čalmeh,32
kappel,32
kapteenstaatâhoovdâin,32
boy,32
football,32
crimson,32
venetost,32
carosello,32
pase,31
christian,31
johann,31
sirdui,31
anarâškielâst,31
luáštá,31
jesi,31
siämmáánommâsii,31
koške,31
saami,31
olthuis,31
lea,31
lost,31
ohjelm,31
listoh,31
little,31
juáhhoo,31
aalmug,31
matt,31
aassâm,31
anne,31
levânâm,31
insner,31
school,31
máádás,31
heikkilä,31
jupiter,31
nurmes,31
saimaa,31
kaajaan,31
gabriel,31
vaakun,31
stuárráábeh,31
tromsa,31
academy,31
vuáhádum,31
minna,31
gustaf,31
siiri,31
karrieeris,31
back,31
juoigâmuásist,31
doom,31
pou,31
sidorenko,31
goetghebuer,31
uárji,30
teoreetlâš,30
daniel,30
bush,30
kandidaatin,30
čalluuh,30
tiina,30
maŋgâ,30
oy,30
paččvei,30
stuárráámuu,30
kuolijd,30
sierra,30
puáttee,30
uusikylä,30
kalajoki,30
ránnjástaatah,30
koskâmeerâ,30
sárnooh,30
nord,30
cd,30
sofia,30
lam,30
martti,30
language,30
th,30
elias,30
sämiservi,30
tagareh,30
kielân,30
oro,30
asan,30
adelij,30
kolle,30
tovle,30
uárnejuvvoo,30
glarnerland,30
kiäm,30
jr,30
piäiváškode,30
styeres,30
salvador,30
otto,30
potter,30
kovetaaidâr,30
siämmáálágán,30
rooma,30
nissoon,30
maadâsämikielân,30
ståhlberg,30
korpi,30
paltto,30
jeegijn,30
kale,30
cha,30
edition,30
kolmâ,30
epidemia,30
tuárvi,30
puurrâđ,30
oovdeb,30
tállán,30
dalí,30
great,30
empire,30
inga,30
erik,30
final,30
open,30
semifiinaal,30
hunter,30
ahtisaari,30
spellee,30
rna,30
čuojâttij,30
let,30
free,30
várdámlihâstâs,30
rabén,30
sports,30
ultima,30
matematikkáreh,30
nsw,30
brasilia,29
kallio,29
marin,29
šoŋŋâdâh,29
muttoo,29
kambodža,29
euroopân,29
kanada,29
kuálhismeerâ,29
kuobžâ,29
holmberg,29
olmâ,29
kieldâin,29
kielâin,29
ivij,29
vähä,29
merhâšitteemus,29
sist,29
vuoigâdvuotâ,29
guatemala,29
festivaal,29
mw,29
valdui,29
della,29
haapi,29
piäiváš,29
savonlinna,29
elsa,29
so,29
this,29
becker,29
delle,29
sämikieláid,29
kulttuurist,29
čääsist,29
ruánáá,29
njuolgâ,29
christmas,29
sää,29
para,29
dizzy,29
artisteh,29
lávlumuásist,29
kištoin,29
algâaamnâs,29
kukkosiih,29
tálvástâl,29
act,29
turnee,29
anc,29
tus,29
ostroverkhova,29
philippi,29
hackman,29
saussure,29
saether,29
adolf,28
haldâttâh,28
piäláduvâin,28
avveel,28
es,28
puáhtám,28
rauma,28
hirmâd,28
jotá,28
amoc,28
ei,28
sammallahti,28
uhkevuálásâš,28
nuubán,28
orjâlâškielâ,28
vuáđudii,28
palhâšuumijd,28
koskâmiärálávt,28
kilomeetterid,28
tullâvaarijn,28
totkeeh,28
vantaa,28
kauhava,28
ponte,28
kemiönsaari,28
čaittâlâm,28
lammi,28
uárnejum,28
lars,28
ruávinjaargâ,28
ala,28
piättâr,28
ääigist,28
návt,28
liijkás,28
árvu,28
koskâsâš,28
älkkeht,28
ylöjärvi,28
satu,28
kuosâ,28
vyesi,28
tony,28
kirjeráiđu,28
sveiccilâš,28
robin,28
lucas,28
brontë,28
zhao,28
hætta,28
leonard,28
gloria,28
iisakki,28
halikko,28
tammisaari,28
muumistáálu,28
speelâin,28
nurâldâhskiäruh,28
naaijâm,28
interactive,28
skuse,28
ovtâstumstaatâliih,27
pierre,27
capra,27
ameriklâš,27
portugal,27
taažâsämmilâš,27
sämikulttuur,27
päijänne,27
india,27
sudan,27
porgâđ,27
hyvinkää,27
paijaan,27
adai,27
kissá,27
ol,27
čallum,27
songs,27
ärbivuáválâš,27
kevttui,27
väldimeerâ,27
iänuduv,27
russoom,27
kuávlulâš,27
peic,27
tavenuorttân,27
maailmvijđosávt,27
lattim,27
mars,27
pooliitlâš,27
meridii,27
ekonomia,27
tavdâ,27
keesi,27
päärni,27
im,27
kaavpuguásih,27
ruokolahti,27
indiana,27
anders,27
orivesi,27
syemmilii,27
linna,27
suolluin,27
riegistum,27
pessejeh,27
maasâd,27
suájáh,27
light,27
simon,27
university,27
nos,27
kunnen,27
läänist,27
koveverree,27
harrison,27
ucánjáhháá,27
juuso,27
parainen,27
buddhalâš,27
sárgáh,27
iho,27
alfred,27
walk,27
armstrong,27
stuorrâfurstâ,27
chandler,27
áimu,27
vic,27
skiärust,27
loostâid,27
command,27
uásálistei,27
tiättojeijee,27
tringa,27
freedom,27
kuoskâttâsčuojânâsah,27
lucano,27
racing,27
tornado,27
vyelihiäimuh,27
plassmann,27
dziedzicki,27
campaniast,27
haematopus,27
steve,26
williams,26
ana,26
alan,26
nomâttij,26
tuáhtárin,26
israel,26
eeva,26
heikki,26
pajeuáppen,26
porvoo,26
ollâ,26
jävriluosâ,26
maainâs,26
kiäst,26
lapua,26
ylikylä,26
egyptist,26
maaŋgâi,26
mission,26
še,26
tobdosin,26
sami,26
seura,26
čáálá,26
vääri,26
tiivtah,26
finlandia,26
andrea,26
kunâgâskoddeest,26
huksejui,26
braunwald,26
taarbâš,26
maadânuorttân,26
pride,26
major,26
noomâst,26
finniđ,26
áimukeerdi,26
happi,26
bysant,26
tábáhtui,26
jammii,26
sydänmaa,26
kielâst,26
giorgio,26
mr,26
siisâ,26
samuel,26
stone,26
kirhoost,26
ihásávt,26
kirkonkylä,26
kuovdâkiäinust,26
vanhakylä,26
out,26
planeteh,26
algâaalgâst,26
äigi,26
ruškis,26
merhâšume,26
andreas,26
poems,26
gustav,26
heroes,26
toovât,26
böle,26
elimis,26
muorâ,26
moonâi,26
ruškâd,26
fastâ,26
park,26
viktor,26
sir,26
indialâš,26
studioalbumeh,26
čyegisid,26
eemiir,26
chanel,26
apulia,26
huáđđoo,26
baseball,26
lp,26
british,26
rávhuidittum,26
twin,26
äimisäplig,26
manager,26
metal,26
challenge,26
sega,26
zambia,26
tsacas,26
fittkau,26
kri,26
valjâpirrâdâhân,26
ulla,25
nelson,25
young,25
juuvah,25
case,25
etiopia,25
kongo,25
páárnáš,25
picena,25
ohtâgin,25
teatter,25
andorra,25
tiivtâid,25
nommâsii,25
liččii,25
rakânâsah,25
heinola,25
ella,25
uárjin,25
ulmuin,25
porto,25
haslen,25
luchsingen,25
rááhtus,25
olssis,25
nuorâmus,25
máánu,25
typpi,25
čuovâ,25
tuávááš,25
per,25
romania,25
michele,25
juo,25
nk,25
vuávám,25
pieksämäki,25
vyeligis,25
ya,25
nomâttâs,25
máhđulávt,25
kuáccám,25
máret,25
udmurtkielâ,25
moonnâm,25
uásálistám,25
pááccám,25
uđâgáid,25
káránâs,25
pessim,25
västid,25
nuorttâmeerâ,25
aktivist,25
who,25
over,25
moon,25
haldâšeijee,25
marco,25
johnson,25
jackson,25
ucjuuvâst,25
pääihist,25
uážžu,25
best,25
vuáđudeijee,25
rinne,25
radio,25
kaavpugkieldâst,25
fáárun,25
šadoh,25
jansson,25
pöytyä,25
kyevtkielâg,25
eura,25
august,25
paasikivi,25
ever,25
mia,25
mannerheim,25
lahtâ,25
sanila,25
skiäruh,25
wild,25
nurâldâhskiärru,25
čohčâvarrim,25
ceinnselaig,25
ka,25
progressiivlâš,25
peeivisiävŋánmijn,25
vas,25
akateemikkár,24
tunisia,24
siida,24
toim,24
ghana,24
burundi,24
bissau,24
eŋlandist,24
viljâ,24
secret,24
forssa,24
alakylä,24
oornigist,24
šaali,24
sárnod,24
neetist,24
pyerrin,24
lönnrot,24
artikkâl,24
aašijd,24
sul,24
tehálumos,24
vaikuttâs,24
harvii,24
maŋgáid,24
luhostui,24
elimân,24
iäránáin,24
ovdii,24
marchest,24
väärih,24
vuossâmužžân,24
kuhheeb,24
peeivist,24
väljee,24
maisterin,24
can,24
aldasáid,24
jođetteijee,24
augusta,24
uceh,24
nivala,24
raasepori,24
edvard,24
hämeenlinnan,24
iisalmi,24
are,24
kuovâmáánust,24
saari,24
saarijärvi,24
nou,24
company,24
budapest,24
smavvâ,24
dat,24
miäruštâllâm,24
fiskis,24
vuovdijn,24
mo,24
suolluu,24
spike,24
iäránij,24
sloveniast,24
luvâttuv,24
vuobdum,24
miäcástem,24
presidenteh,24
peessâm,24
nousiainen,24
muŋkki,24
duke,24
ep,24
anderson,24
now,24
henri,24
teolog,24
countrylávloo,24
nova,24
ryti,24
air,24
toimâ,24
sp,24
sammeli,24
roll,24
libertad,24
kumppi,24
mákkoo,24
päddejuvvojii,24
káppáluv,24
suájákejij,24
roto,24
league,24
her,24
dieu,24
ninja,24
ball,24
call,24
psp,24
joystick,24
developers,24
silbo,24
qld,24
mcevey,24
sublette,24
piemontest,24
calabriast,24
other,23
unionân,23
puolalâš,23
vuáimán,23
giuseppe,23
siijdâst,23
iran,23
malawi,23
čäälliđ,23
karhula,23
somero,23
kerdid,23
nasa,23
lorenzo,23
muvrâ,23
meecist,23
ugrilainen,23
hooteel,23
tihtâ,23
metauro,23
severino,23
vijđáht,23
miljard,23
oosijn,23
mäntsälä,23
niäljádin,23
laapist,23
kielâid,23
tađe,23
uccáá,23
čaittâleijen,23
finnejii,23
jurgâlus,23
croce,23
house,23
nubijdis,23
parga,23
or,23
isak,23
ovdâlist,23
huksejum,23
haapavesi,23
sievi,23
romaneh,23
ohtii,23
show,23
lappeenranta,23
ucce,23
kristiinankaupunki,23
lake,23
antoine,23
tuáimih,23
sivertsen,23
north,23
pargostis,23
abu,23
ohtâgâssâd,23
dei,23
mánuppaijeed,23
liähtu,23
pirrâduvâst,23
emi,23
orjâlâškielâg,23
loostâin,23
chilelâš,23
baaleet,23
georg,23
zong,23
kisko,23
pappâ,23
hermann,23
ta,23
lindelöf,23
heck,23
kaarle,23
wei,23
gao,23
emil,23
curie,23
sst,23
aamnâs,23
connacht,23
steel,23
khmerij,23
ráiđulâš,23
miŋkki,23
story,23
turbo,23
championship,23
warrior,23
fagerholm,22
harold,22
katalonialâš,22
alexander,22
rose,22
marokko,22
tovâttij,22
tavas,22
uárnejuvvojeh,22
jaavrijn,22
tubdum,22
puško,22
acquaviva,22
burkina,22
leone,22
uganda,22
west,22
virrat,22
čyeti,22
kooskâi,22
persovn,22
liiŋkah,22
sarre,22
kove,22
lovoin,22
mulsâšud,22
por,22
costa,22
pukkila,22
taveviestârist,22
berlin,22
elm,22
schwanden,22
schwändi,22
täälvi,22
stivrejeijen,22
tovnbeln,22
ovtâstuvah,22
prooviins,22
kunâgâssân,22
addel,22
ugrâlâš,22
piištij,22
vookaal,22
hyenes,22
kaliforniast,22
old,22
lappum,22
uásán,22
muusikist,22
af,22
lieksa,22
harald,22
keuruu,22
kaarlo,22
haapaniemi,22
aktiivlâš,22
magga,22
murmansk,22
myllykylä,22
komikielâ,22
rijjâ,22
uulât,22
ravâdâs,22
lohja,22
šaddoid,22
saba,22
fredrik,22
selgi,22
das,22
äijih,22
plus,22
first,22
professorin,22
like,22
jazz,22
lindgren,22
terre,22
kovvejeijee,22
laitila,22
máccá,22
iävtukkâs,22
machine,22
mynämäki,22
mirhâlâš,22
škovlâ,22
choice,22
säkylä,22
presley,22
reed,22
lin,22
laula,22
professoreh,22
fox,22
helen,22
wood,22
ucjuv,22
hiäimu,22
uásálistiđ,22
glory,22
sol,22
tiettuu,22
dutch,22
rumbu,22
uásálistee,22
luvâškuođij,22
when,22
ketki,22
kuovgis,22
selgipeeli,22
meccikaavrâs,22
lávlumoosij,22
dragsfjärd,22
tažâlig,22
return,22
larry,22
oppuu,22
attack,22
beyond,22
dans,22
arcade,22
operation,22
net,22
itis,22
blanchard,22
gupta,22
wulker,22
pyereestvaijeemkuávlun,22
pyereestvaijeemkuávlust,22
vladimir,21
ovdâskodde,21
tuhhiittij,21
kuuđâ,21
donald,21
aalmugovdâsteijee,21
são,21
koskimies,21
maccâm,21
ucjuuhâ,21
kočoduvvojeh,21
muikku,21
armenia,21
namibia,21
zimbabwe,21
christie,21
eelij,21
tergâdis,21
arabiakielâ,21
uáinámušah,21
nuorttâlâškielâ,21
jyehiđ,21
iäruh,21
verbâ,21
maggaar,21
tállân,21
kuhemus,21
puátih,21
tuurkist,21
piäsá,21
betschwanden,21
engi,21
linthal,21
mitlödi,21
rüti,21
sool,21
dell,21
saahâdvuotâ,21
lijkkoo,21
pele,21
toscana,21
čielgâsávt,21
angeles,21
adelum,21
kärsämäki,21
reisjärvi,21
raahe,21
päikkisiijđoh,21
iitti,21
ann,21
riddoin,21
kuhmo,21
tammela,21
hauho,21
pudasjärvi,21
ci,21
evil,21
jeesus,21
mitalid,21
vuoittijn,21
toivakka,21
puárásub,21
huksiđ,21
rasta,21
staatáid,21
pyereh,21
tiäddu,21
pyerebeht,21
lohtaja,21
tavemus,21
maalahti,21
čepis,21
jáámá,21
varriđ,21
kerava,21
heinävesi,21
kiävttojeh,21
samoa,21
under,21
colli,21
perrui,21
nokia,21
sastamala,21
nn,21
once,21
sorme,21
vaarâ,21
vielgâdeh,21
sin,21
tukholma,21
liipu,21
ruopsâd,21
nuorrân,21
jesânin,21
tálvástâllâđ,21
redemption,21
konsert,21
aura,21
friedrich,21
victor,21
canth,21
frankkilâš,21
rumbal,21
roxy,21
lanne,21
shaw,21
katariina,21
macintosh,21
iphone,21
portable,21
huámmášume,21
come,21
turkkâ,21
uárreeh,21
kiikala,21
valastâlled,21
fs,21
jiečânâšvuođâ,21
pátria,21
sus,21
giles,21
motacilla,21
lastovka,21
catalogue,21
williston,21
singh,21
kulme,21
toimâkuávlu,21
kuávlustivrâ,21
kuávluvaaljah,21
oksanen,20
edwin,20
frederick,20
valjij,20
mäkelä,20
aalmuglâš,20
emanuel,20
uán,20
čäsuáivi,20
suávvil,20
eswatini,20
liberia,20
mali,20
eeni,20
algii,20
lijkkum,20
oopâi,20
tábáhtus,20
oppâm,20
valkeakoski,20
riihimäki,20
merijärvi,20
maassâd,20
wikipedia,20
čäällim,20
puásui,20
almajid,20
wörterbuch,20
škovlim,20
sämmilii,20
čuávumuššân,20
askola,20
juuhâ,20
ostra,20
motomij,20
marcello,20
chile,20
nubástus,20
angelesist,20
eennâmpállu,20
vaaldij,20
liettua,20
čällen,20
press,20
leisure,20
strike,20
mikko,20
jouni,20
uásálisteeh,20
prince,20
helena,20
men,20
äššivyeijee,20
monnii,20
spy,20
kalvola,20
tuulos,20
lapinlahti,20
laihia,20
kangasniemi,20
future,20
kiäppánâm,20
levânem,20
kangasala,20
davvi,20
paavola,20
eva,20
elisabeth,20
mainâseh,20
kälviä,20
ullava,20
eurod,20
ole,20
särkisalo,20
kuávská,20
uuccâđ,20
poođâš,20
tuš,20
mustasaari,20
pivnohis,20
lieto,20
meksikolâš,20
south,20
bergö,20
more,20
vuáđudem,20
moisio,20
finby,20
kyrkoby,20
tääsni,20
keejist,20
sämitiggeest,20
ginsburg,20
eeđâi,20
toid,20
tiänu,20
trosterud,20
tšeeki,20
stand,20
tšekkilâš,20
computer,20
simpsonij,20
emily,20
pigga,20
steinbeck,20
nyström,20
essayah,20
friuli,20
crazy,20
svinhufvud,20
kunnas,20
kafka,20
adams,20
fontana,20
albanese,20
tooimâs,20
windows,20
juávhoin,20
čuávuváid,20
inger,20
fiachrach,20
kerdi,20
algâamnâsij,20
algâamnâs,20
fame,20
čuávjipeeli,20
riemnjis,20
almoon,20
čohčâ,20
total,20
peaks,20
tälviolympialijn,20
enâmus,20
knight,20
ziggy,20
hearts,20
wakeman,20
revenge,20
thee,20
yumi,20
hero,20
suit,20
software,20
unreal,20
guerra,20
bruford,20
españa,20
salentino,20
gomero,20
gbif,20
bugguide,20
chaudhuri,20
liguriast,20
peeivisiävŋánem,19
niinistö,19
stuárráámuin,19
smith,19
vijđes,19
häämist,19
sämikielâin,19
nuorttiibeln,19
vuálgá,19
njäähi,19
kuolij,19
ištâdum,19
nigeria,19
ca,19
faso,19
miller,19
nuortâs,19
urjala,19
huittinen,19
alajärvi,19
perho,19
alavieska,19
jurg,19
peeli,19
alodâhân,19
piegah,19
fiction,19
pyevtittij,19
ida,19
kollekielâ,19
tivvoomohjelm,19
táváliih,19
ripe,19
anni,19
mánudâšmooduul,19
barbara,19
ginesio,19
asikkala,19
hollola,19
hollandlâš,19
texas,19
tullâvääri,19
chienti,19
ässeesaahâdvuotâ,19
alba,19
australiast,19
prato,19
ustev,19
tääsi,19
castle,19
iävá,19
virginia,19
jođetteijen,19
stivrij,19
eennâmkuudijn,19
majemui,19
jottee,19
oovdân,19
uážu,19
irâttij,19
know,19
frans,19
lijkkui,19
siämmáánommâsâš,19
siikalatva,19
halsua,19
lestijärvi,19
kyevtikielâlâš,19
two,19
ornijdume,19
muonio,19
kiärun,19
immeel,19
kirdem,19
sotkamo,19
himanka,19
isokylä,19
puumala,19
ucebeh,19
ovdedem,19
suovâkuoškâ,19
sajeh,19
loostâst,19
volume,19
koddeđ,19
korsnäs,19
hovdâ,19
syeini,19
parkano,19
päikkilodde,19
luándulâš,19
kuheh,19
pešnirihhááš,19
wiedemann,19
algâalgâlii,19
luhkie,19
isola,19
baby,19
giacomo,19
muorâst,19
eino,19
nannaam,19
paz,19
sulkava,19
merkkâ,19
säärgis,19
dan,19
romanij,19
räänis,19
uáiniđ,19
cielo,19
jiem,19
paramaribo,19
sipaliwini,19
senttid,19
mai,19
rusko,19
šado,19
umberto,19
peiviv,19
angel,19
crash,19
karen,19
brasilialâš,19
hanna,19
ray,19
luigi,19
han,19
ferry,19
aldrin,19
adele,19
almostittii,19
ohjelmist,19
finnoduv,19
mielâstumvuođâ,19
bart,19
jon,19
diploom,19
nuorttâliih,19
kid,19
muusikjuávkku,19
časkemčuojânâsah,19
fall,19
che,19
nisonid,19
oornigloho,19
ááimu,19
vyeimi,19
iilvâs,19
čielgitävtittes,19
perniö,19
västanfjärd,19
paraisii,19
giuliano,19
fluori,19
objekt,19
suuvah,19
vs,19
chirico,19
brain,19
rise,19
stardust,19
čeevris,19
train,19
simulator,19
run,19
chaos,19
test,19
ceratophaga,19
emberiza,19
valjâpirrâdâh,19
years,18
mercury,18
science,18
korealâš,18
anarân,18
knut,18
charlotte,18
heaven,18
madison,18
donna,18
franklin,18
armenialâš,18
paasilinna,18
uásálistii,18
isokyrö,18
sijđod,18
jurgâlij,18
páihálâš,18
avelist,18
algâaalmugij,18
ijjâ,18
tággáár,18
vuásku,18
indonesia,18
demokraatlâš,18
agatha,18
oostij,18
kavnâm,18
lappajärvi,18
ähtäri,18
tet,18
väldidii,18
jorá,18
määđhi,18
sovjetlito,18
pittáást,18
vokaleh,18
veerbah,18
almaa,18
luther,18
náguskirje,18
maaŋgâlágán,18
nuorâi,18
eresnáál,18
iššeed,18
taha,18
meetterid,18
palo,18
sáámán,18
nisoneh,18
mondiet,18
njargâenâmist,18
palazzo,18
argentiina,18
kavnui,18
juáhhojeh,18
meksiko,18
globe,18
alta,18
lucia,18
recanati,18
brown,18
čäliškuođij,18
mare,18
maadâviestârist,18
aanoost,18
vuástáväldim,18
kuuloold,18
čuovjis,18
kirjed,18
nuorah,18
jokikylä,18
jurgâlusah,18
chris,18
piäláduv,18
uáivild,18
iäruttiđ,18
kulloo,18
äimä,18
aalmuglâšmecci,18
tuhhiittui,18
au,18
joutsa,18
kunâgâtâr,18
huksiittâsah,18
finland,18
taylor,18
college,18
kärkölä,18
renko,18
jokioinen,18
kurikka,18
islandist,18
isojoki,18
ulvila,18
kollemiitaal,18
lou,18
juuka,18
vorâs,18
pyhäntä,18
fofonoff,18
ukrainast,18
liminka,18
jaakko,18
varrim,18
kirhoh,18
ruošâkielâ,18
ornij,18
salmi,18
metsäkylä,18
luosâ,18
golf,18
finnmark,18
varkaus,18
green,18
home,18
kyeskee,18
vaalmâš,18
tagarijn,18
venus,18
putes,18
upon,18
rick,18
kokemäki,18
kiova,18
pohja,18
tšekkoslovakia,18
jooskâi,18
ovdâskulij,18
vaaljah,18
tuurkust,18
sonja,18
siäivui,18
fratte,18
gibb,18
ferdinand,18
käärijä,18
paavvâl,18
toto,18
cutugno,18
eilish,18
leevist,18
nuovo,18
reima,18
blind,18
lagerlöf,18
pirttijärvi,18
raili,18
kuoskâttâsčuojâtteijee,18
abreu,18
minamoto,18
ševtšenko,18
pertteli,18
naantalin,18
pelimuddoost,18
batman,18
peace,18
runner,18
tivtâsteijeeh,18
girl,18
sky,18
máttááttâlâi,18
crown,18
dawn,18
keevtij,18
soksâmeh,18
suájákeejij,18
njaalâ,18
muurla,18
kemiö,18
br,18
vektor,18
kiđđâvarrim,18
valkeala,18
mitalijd,18
iššeedeennâm,18
miitaaltavlustuvah,18
várdájeijee,18
hiller,18
basist,18
lopâttem,18
commander,18
real,18
bless,18
race,18
ba,18
lemmings,18
genesis,18
pack,18
nba,18
nhl,18
videospellâalmostitmeh,18
amor,18
banks,18
bohart,18
duckhouse,18
susanna,17
vuáđuduvvii,17
walter,17
esko,17
winter,17
aino,17
soul,17
ijâttes,17
taavaabeln,17
čácádâhân,17
vollâsâš,17
turkki,17
angola,17
tšad,17
huolâhánnáá,17
koskâsii,17
vääldi,17
uáinoo,17
station,17
history,17
joe,17
jannok,17
niillas,17
onne,17
must,17
poccuu,17
siijđoin,17
ed,17
laitinen,17
kielâpiervâl,17
huksim,17
trecastelli,17
tovláá,17
eenikielâ,17
pirrâsist,17
elimist,17
moid,17
karibiast,17
castello,17
appignano,17
sysmä,17
davis,17
eejis,17
kávpálávt,17
belize,17
meecijn,17
oovtâstpargo,17
another,17
terme,17
art,17
howard,17
er,17
domenico,17
never,17
loopah,17
espoo,17
tšekki,17
elia,17
luuhâm,17
stuorrâviljâ,17
fight,17
mätki,17
täsni,17
studio,17
keččâđ,17
woman,17
lady,17
here,17
staavvâl,17
kotka,17
hanko,17
iävtukkâsvuođâ,17
eennâmkoddekuávdáš,17
ludvig,17
dreams,17
hausjärvi,17
ristijärvi,17
suomussalmi,17
hattula,17
loppi,17
pälkäne,17
kukkola,17
kiävttám,17
vöyri,17
robbie,17
olympialijn,17
silbâmiitaal,17
på,17
laukaa,17
korpilahti,17
vilppula,17
kannus,17
pyhäjoki,17
vaakunin,17
karstula,17
tárukielân,17
väldiđ,17
sulâstiteh,17
syemmiliih,17
kill,17
piällást,17
seija,17
norrby,17
leppävirta,17
taivalkoski,17
miäruštâllâđ,17
suhâjuátkimahan,17
pivdá,17
oceh,17
raijâšuvá,17
mattila,17
rummâš,17
kyeli,17
sea,17
ola,17
nyevt,17
min,17
suomâkielâst,17
kanadast,17
pedro,17
tääsnih,17
celkkuu,17
fiskâd,17
ruumâš,17
kulmii,17
lito,17
stijlâ,17
kulostui,17
sarah,17
times,17
vyelišlaajah,17
walt,17
adventures,17
sibelius,17
ypäjä,17
andersen,17
fysiologia,17
niels,17
abraham,17
vuáđudempeivi,17
ernest,17
luis,17
andersson,17
kieláid,17
mind,17
emma,17
zheng,17
orwell,17
nomâttui,17
hall,17
milne,17
lu,17
cellaigh,17
vida,17
kurkela,17
special,17
silbâ,17
trevor,17
rávásmij,17
ailu,17
amas,17
ruuvnâprinssâ,17
meccihaldâttâs,17
lávlumjuávkku,17
türk,17
will,17
kaasu,17
hand,17
poccuuh,17
čivgâd,17
kuusjoki,17
suomusjärvi,17
karjaa,17
lill,17
sardiniast,17
venezia,17
islands,17
xu,17
silla,17
kirdeleh,17
viäđŋásâš,17
čäcikuáđhuš,17
čäcisäplig,17
varbusâš,17
perticara,17
full,17
dos,17
est,17
nous,17
sid,17
hail,17
aw,17
nights,17
chess,17
garrett,17
combat,17
mega,17
simcity,17
flava,17
kuáhtáá,17
coquillett,17
huang,17
peterson,17
cinclus,17
simpsoneh,16
robinson,16
eric,16
mannekiin,16
maadâsämmilâš,16
victoria,16
claude,16
phillips,16
oa,16
blues,16
aaron,16
pyellim,16
ali,16
nordlund,16
registeristum,16
rekisteröidyt,16
puolueet,16
finnejeh,16
šapšâ,16
djibouti,16
libya,16
peeivitäsideijee,16
tansania,16
margaret,16
kirječällen,16
sierânâs,16
alaska,16
vyelgiđ,16
lemin,16
fisher,16
montefalcone,16
campo,16
uđđâsuboh,16
jieŋâmeerâ,16
finnish,16
suomi,16
eennâmlâš,16
syemmilij,16
kiirdij,16
suijân,16
muttum,16
padasjoki,16
enijnis,16
máttááttâs,16
aalmuglâšmeeci,16
čácádâh,16
paaldâst,16
honduras,16
belvedere,16
fiastra,16
olluv,16
kooskân,16
montalto,16
uápuid,16
moonnâđ,16
law,16
almolávt,16
chicago,16
elpidio,16
joteh,16
čiivgâ,16
symbol,16
vaaigut,16
sirdâšuvá,16
ennuvgin,16
nurmijärvi,16
taveuásist,16
ohtâsâš,16
evijärvi,16
anarâškielâlâš,16
jurgâleijeeh,16
rosa,16
halijdâm,16
say,16
achievement,16
ui,16
siikajoki,16
half,16
westermarck,16
elleekuuvijd,16
orimattila,16
vanaja,16
ranua,16
je,16
pronssimiitaal,16
liperi,16
vehmaa,16
samisk,16
euraasiast,16
petäjävesi,16
piso,16
vaala,16
toholampi,16
teuva,16
närpiö,16
fi,16
sinikka,16
olmoošvuoigâdvuođâi,16
kortesjärvi,16
toollâđ,16
ulme,16
tutkâm,16
kiinast,16
váldustiivrah,16
kieldâlahtemist,16
bull,16
mikael,16
loviisa,16
savitaipale,16
söderby,16
piäju,16
purrâmuš,16
ave,16
luudij,16
muhos,16
diego,16
system,16
uusikaupunki,16
maadâsämikielâ,16
maija,16
poccui,16
vars,16
sings,16
raippaluoto,16
sulva,16
ucemustáá,16
far,16
vuoi,16
sápmi,16
váilu,16
tiäđu,16
säänist,16
fort,16
sassocorvaro,16
čiđđâ,16
ááigán,16
eurajoki,16
uccen,16
pyeidicissááš,16
tuurki,16
roy,16
pieđgânij,16
liegâsvuođâ,16
kuovgâdub,16
rááiđuh,16
girls,16
värree,16
tyehin,16
kauppila,16
bartolomeo,16
trond,16
tovâttiđ,16
iävtuttij,16
hadde,16
humppila,16
pelikyeimi,16
grace,16
esseečällee,16
haakon,16
johansson,16
zhou,16
rolling,16
stones,16
lords,16
rehtor,16
kelly,16
gwynedd,16
anja,16
huxley,16
suáti,16
magnus,16
pratchett,16
ride,16
risto,16
mellin,16
bernardo,16
storm,16
šoddâmpeivi,16
vuáháduvvâst,16
čođâlditij,16
jalvi,16
fu,16
esa,16
relander,16
taivassalo,16
shelley,16
into,16
samurai,16
vuoigâdvuođah,16
greatest,16
muštâlij,16
sauvo,16
groening,16
televisiost,16
ovdebij,16
spelleeh,16
mađhâšij,16
puoidâ,16
mikkel,16
riddu,16
jaala,16
čuákkipääihi,16
tiädduvyeimi,16
teos,16
toimâtteijen,16
puáccái,16
čalme,16
grammy,16
nuorat,16
nomâttâsah,16
čivgá,16
čiivgâid,16
ruošânjuámmil,16
radde,16
iniö,16
nauvo,16
tivreh,16
dr,16
lieggâ,16
castelluccio,16
em,16
kieldâkirjerááju,16
aldavuođâst,16
syntetisaattor,16
hard,16
seksitaavdah,16
neeti,16
läälliv,16
mühlehorn,16
ipe,16
gear,16
action,16
rally,16
mutant,16
might,16
tycoon,16
spellâkonsoleh,16
sangre,16
bandera,16
belew,16
landrock,16
sehgal,16
umbriast,16
vildâšahe,16
roomalâš,15
kiäisárin,15
carlos,15
netflix,15
párnáikirječällee,15
carlo,15
presidentvaaljah,15
stephen,15
muusikjuávhu,15
eduard,15
arto,15
pariisist,15
oliver,15
anarâšah,15
almostittâm,15
lemmee,15
jäävrist,15
koolgâi,15
kypros,15
táálust,15
pyereeb,15
lempäälä,15
vesilahti,15
soini,15
aassum,15
tallaa,15
mánudâžân,15
tanskaast,15
casa,15
piane,15
antti,15
saanijn,15
pirrâsijn,15
njellim,15
kielâoppâ,15
viiljâ,15
čuávuvávt,15
kiellân,15
kavnuu,15
tollui,15
kierâš,15
anarâšâi,15
čielgâ,15
siäilum,15
nuova,15
cupramontana,15
os,15
arcevia,15
maadâuásist,15
kaavpugvuoigâdvuođâid,15
pulkkila,15
särkijärvi,15
institute,15
roolâid,15
kolgá,15
suáluistaatâ,15
havaiji,15
saksakielâ,15
kuovdâ,15
maaŋgâlágáneh,15
espanjakielâ,15
imperium,15
uhkevuálásiih,15
bulgaria,15
kaskoo,15
montefiore,15
national,15
kieđâvušâi,15
päihistis,15
novelleh,15
spirit,15
siijđost,15
piäiváást,15
vuolgâttij,15
vihti,15
eurooplâš,15
veteli,15
brecciaroli,15
anarâškielâlii,15
mark,15
vidon,15
lasettiđ,15
mike,15
head,15
juho,15
tbilisi,15
guyana,15
hamina,15
miehikkälä,15
hartola,15
luhanka,15
sipoo,15
children,15
puolanka,15
montola,15
parikkala,15
informant,15
vises,15
simo,15
yli,15
pielavesi,15
ilmajoki,15
jieŋâ,15
kauhajoki,15
zero,15
tahhee,15
kontiolahti,15
hirvensalmi,15
polvijärvi,15
rautavaara,15
nuhtán,15
mänttä,15
haavisto,15
girji,15
senior,15
alahärmä,15
mäenpää,15
tervo,15
viitasaari,15
tervola,15
mihheen,15
noomâi,15
ki,15
jacob,15
kinnula,15
pietarsaari,15
kerttu,15
jan,15
rahtui,15
ravâdin,15
taipalsaari,15
wings,15
tyeji,15
áárvuh,15
carolina,15
pirttikylä,15
dream,15
eestienâmist,15
campania,15
cuávis,15
juohhui,15
norsk,15
stockfleth,15
pariisi,15
ohtuunis,15
peesi,15
auditore,15
videospeelâin,15
šadoi,15
nakkila,15
piäsáduv,15
kirdeđ,15
urho,15
merja,15
rs,15
perrust,15
nurmo,15
ollâopâttâhân,15
vuosâeehid,15
vuávái,15
tassaažân,15
sorvâ,15
seeibi,15
čeve,15
escape,15
deep,15
stivrejeijeeh,15
algâ,15
uáivist,15
nickerie,15
wanica,15
čuoškah,15
sämicissááš,15
ruškâdeh,15
tarja,15
ukrainakielâ,15
muttui,15
kesi,15
thurman,15
eeji,15
wolfgang,15
väinö,15
iranlâš,15
tijoux,15
oripää,15
doudna,15
waleslâš,15
maurice,15
rudolf,15
patrick,15
ihetuhháát,15
herman,15
bankhead,15
qian,15
pargeipiäládâh,15
abe,15
murchada,15
brothers,15
françois,15
karman,15
shin,15
bryan,15
pac,15
xi,15
yi,15
ahtiala,15
ios,15
tiättur,15
paimio,15
ruotâkielân,15
collegest,15
uáivihuáđđoo,15
vuáhádâh,15
kuáđá,15
uáiná,15
elimäki,15
kuusankoski,15
alla,15
bond,15
skiäruin,15
dubhda,15
muaidhe,15
assassin,15
driver,15
nummi,15
hot,15
pursuit,15
dance,15
suonjârdem,15
orgaanlâš,15
after,15
rieban,15
náálá,15
fantasy,15
njuámmil,15
saallâs,15
čiiđâ,15
mirhâliih,15
eagle,15
sm,15
guglionesi,15
limosano,15
tyypi,15
loddehiäimu,15
memphis,15
velvet,15
tour,15
tälviolympialij,15
chiaromonte,15
kesiolympialáid,15
almosvalastâllâm,15
kaččâmist,15
miiŋki,15
viäđŋásiih,15
čuojâttâm,15
anthology,15
eennâmsäplig,15
line,15
kingdom,15
wizard,15
patrie,15
liberty,15
honor,15
amiga,15
off,15
destiny,15
mania,15
mortal,15
pc,15
racer,15
nukem,15
skiärrun,15
aktiivlâžžân,15
čerrih,15
rondani,15
frey,15
wulp,15
grimshaw,15
rohdendorf,15
guha,15
giuliast,15
kerris,15
litto,14
oinui,14
aho,14
yousafzai,14
fysiolog,14
helene,14
akira,14
nato,14
kim,14
ursula,14
uáivičällee,14
tubdâldâh,14
finnijn,14
toimâttâm,14
aanaarjävri,14
máhđulâšvuođâ,14
skammâkoveh,14
aanaarjáávrán,14
verde,14
tomé,14
lávlum,14
kunâgâslâš,14
toovâi,14
oulainen,14
vaigâd,14
mättih,14
aloduvvâst,14
sajattâh,14
paččui,14
sárnoo,14
jna,14
ml,14
toivonen,14
jussi,14
kari,14
suomalainen,14
veikko,14
morfologia,14
amerikân,14
muumileehi,14
luudijn,14
serravalle,14
aaseest,14
eenikiellân,14
klassiklâš,14
kočodeh,14
maadâviestâr,14
malta,14
shi,14
arizona,14
myrskylä,14
film,14
čaaitâlm,14
oseaniast,14
mučis,14
aalmugrekinistem,14
corinaldo,14
teháliih,14
beninist,14
staatâst,14
goes,14
down,14
sisilia,14
cerreto,14
boseman,14
yorkân,14
rolâstis,14
pieve,14
nicaragua,14
flight,14
allan,14
ohtâdâh,14
áimukeerdist,14
čiđđâdioksid,14
sonkajärvi,14
mielâstis,14
uáinu,14
kavnâđ,14
joki,14
london,14
staatâhovdâ,14
eennâmkuddijd,14
nomâttum,14
peivikirje,14
piäládâh,14
magliano,14
arts,14
award,14
äšši,14
käldein,14
am,14
mäntyharju,14
emmy,14
saviniemi,14
sárnum,14
vieremä,14
springfield,14
cross,14
purrâmâš,14
kollemitalid,14
julia,14
tastoo,14
kuru,14
vv,14
kiirjijn,14
karvia,14
vesanto,14
arvid,14
koskânis,14
kiemâjäävri,14
luándulávt,14
puohtii,14
aašijn,14
niemenkylä,14
kolari,14
häämih,14
vuorâččâs,14
tiettee,14
lyytikkälä,14
niinimäki,14
johanna,14
linda,14
hogan,14
sweet,14
degerby,14
lassaan,14
vietij,14
imdb,14
taažân,14
series,14
non,14
stars,14
nuortta,14
project,14
komovuođâst,14
utajärvi,14
björköby,14
koivulahti,14
szeged,14
kunneepalhâšume,14
váátá,14
kiilu,14
suollui,14
oslost,14
ovdánem,14
almugijkoskâsii,14
háárán,14
iälusteh,14
ohtâgâsah,14
čuávvuđ,14
true,14
amsterdam,14
nel,14
ruth,14
vyelišlaajâ,14
škoovlân,14
vuoigâdvuođâtiettuu,14
ylistaro,14
sopron,14
valjâiguin,14
kaavpugkieldah,14
čuárvih,14
olgos,14
sämmilijn,14
halidâm,14
tuodârkuávluin,14
reeviir,14
merhâšitteemuin,14
tergâdumos,14
raisio,14
oovdânpuovtij,14
terry,14
aapoot,14
boris,14
muir,14
azerbaidžanlâš,14
barry,14
erika,14
cooper,14
jieŋâskiäru,14
jienâstemrieggee,14
sund,14
orlandi,14
mauno,14
walters,14
jienâin,14
ap,14
pentti,14
coco,14
debenedetti,14
kesiolympialiih,14
yan,14
tukholmast,14
reid,14
bohr,14
yuan,14
selma,14
marit,14
nrk,14
kunnân,14
kristian,14
kristine,14
santos,14
algâamnâsijn,14
marko,14
kustavi,14
rymättylä,14
lankila,14
lehtola,14
velkua,14
pyöli,14
längelmäki,14
mainâsist,14
čuujoot,14
simpson,14
good,14
sam,14
way,14
oppâlájádâsah,14
pessijâšlávurduv,14
forever,14
darkness,14
juoigâi,14
only,14
johtti,14
tarinoita,14
side,14
šoodáin,14
double,14
niäljásspellâ,14
karkkila,14
strömma,14
máttáátteijeeh,14
tobdosumoseh,14
country,14
stuorrâoppuu,14
lo,14
orásijn,14
vulpes,14
rähtih,14
länsi,14
brändö,14
sottunga,14
korppoo,14
prästgården,14
jotelis,14
arena,14
uvlágáneh,14
mááccuh,14
piäippáin,14
tovâttem,14
ha,14
nation,14
finalân,14
kirjeráájuh,14
čuárvioppuu,14
lávdástij,14
čäcikuávđâš,14
seksuaalvuođâ,14
classic,14
kisá,14
paaccâhloddááš,14
underground,14
vuosâalbumeh,14
bella,14
tuáváášlaavlâ,14
have,14
bilten,14
filzbach,14
mollis,14
obstalden,14
fun,14
defender,14
united,14
pool,14
tank,14
breed,14
isle,14
civilization,14
dungeon,14
realm,14
police,14
realms,14
meier,14
zork,14
advance,14
resident,14
tohe,14
hijos,14
toda,14
sälttisyeini,14
kiärpášhiäimu,14
linnaeus,14
staeger,14
kostylev,14
kaavpugkirjerááju,14
rubtsov,14
stokkespáálváš,14
skavank,14
kočâttemspeelâi,14
ávjuvääri,14
color,13
servii,13
blackpink,13
mortensson,13
jamaikalâš,13
jens,13
stanley,13
simone,13
jieŋâskiärruspellee,13
nágáttâlâi,13
tievâslâš,13
guin,13
notre,13
ihásiih,13
nuorttâlâškielâg,13
sanna,13
varda,13
vilhelm,13
seuran,13
numereh,13
háámán,13
páácá,13
čácáduvâi,13
tuhháát,13
kieŋâlumos,13
tovâttâm,13
vuálus,13
rávdu,13
mount,13
vietnam,13
gambia,13
kap,13
senegal,13
príncipe,13
kulen,13
rekinistiđ,13
afrikân,13
suátialmai,13
alavus,13
vimpeli,13
kreikka,13
älkkee,13
motomijd,13
suomâkiel,13
european,13
amanda,13
christopher,13
paterno,13
ärbivuáválávt,13
konsonanteh,13
tun,13
suoma,13
elin,13
grammar,13
marittima,13
osimo,13
colonna,13
čyeđe,13
kuvvim,13
città,13
saturn,13
mánudáást,13
iäru,13
loppâloopâst,13
gran,13
ye,13
una,13
santo,13
tuođâi,13
pärnivuođâs,13
ovdeláá,13
broadway,13
obama,13
belforte,13
tolentino,13
rido,13
iärrán,13
pirrâdâhân,13
páiháliih,13
bolivia,13
sasso,13
boston,13
saksakielân,13
haldâšem,13
aso,13
illinois,13
forest,13
lago,13
colorado,13
kukkosâžžân,13
juonâ,13
koddá,13
edgar,13
poe,13
ohtânmaanoost,13
prosenttid,13
alme,13
šoddâmân,13
arkkitehtuur,13
pisoi,13
tuođâlâš,13
muhammad,13
vuoli,13
jiešhaldâšemkuávluin,13
taavdâ,13
jiejah,13
kruunupyy,13
zürich,13
aaigij,13
čuovâuáivi,13
wonderful,13
strong,13
long,13
east,13
hámásâš,13
pihtipudas,13
lumijoki,13
luumäki,13
nubástusah,13
kirjerááiđu,13
historjást,13
tuámukirkko,13
sonic,13
hyrynsalmi,13
janakkala,13
ettâm,13
kiuruvesi,13
imatra,13
kai,13
piäiván,13
karijoki,13
po,13
lord,13
frankkilij,13
ulâttâs,13
pyevtitteijen,13
eesti,13
táárbu,13
áimukiärdán,13
puurrâm,13
kuhmoinen,13
sallinen,13
toronto,13
koivuniemi,13
korpela,13
korvenkylä,13
kati,13
rauni,13
lukkari,13
wallenius,13
exupéry,13
ylihärmä,13
tyrnävä,13
kuábbáá,13
kiemâjävri,13
puáššu,13
uápis,13
iärut,13
kiäppánij,13
holm,13
kirsi,13
hankasalmi,13
rautalampi,13
lavluuh,13
suonenjoki,13
kihniö,13
suájái,13
uáivičokke,13
vaigutteh,13
raavvâd,13
kárášjuuvâst,13
dollarid,13
ovdebáá,13
valjâpirrâduv,13
penttilä,13
lappi,13
people,13
point,13
research,13
service,13
ruánááenâmist,13
lasanâm,13
jotteeđ,13
river,13
sierâlágán,13
fly,13
vuoluubeln,13
sämikielâi,13
oarjel,13
kuhesáigásâš,13
angelou,13
messinast,13
anjalankoski,13
viljakkala,13
montana,13
pie,13
mieđettuvvoo,13
šoddâmpeeivi,13
wind,13
vissásávt,13
čáácán,13
ereslasseen,13
pivdem,13
henna,13
ikaalinen,13
roveresche,13
čođâmitto,13
eger,13
oosij,13
liipuh,13
albano,13
ruopsisryeivil,13
miänástui,13
thunder,13
bay,13
ehidist,13
joođeet,13
kuávdášpiäládâh,13
vuáđulaahâ,13
valdum,13
vyelipirrâdâhân,13
saramacca,13
iälust,13
ránáseh,13
jesânid,13
ruándim,13
eidusâš,13
ilmar,13
francis,13
kuávluhaldâttuv,13
haajâ,13
unna,13
tuusula,13
somby,13
vyehi,13
tievâ,13
kolumbialâš,13
tl,13
degli,13
charpentier,13
dag,13
hank,13
jeremy,13
hansen,13
glover,13
uŋgarlâš,13
abc,13
liyev,13
puolij,13
hunt,13
laura,13
agejeva,13
mad,13
ludwig,13
sämitiggevaaljah,13
theodore,13
goddard,13
beaska,13
sylvia,13
austen,13
saga,13
kirstilä,13
oskal,13
beauvoir,13
ngũgĩ,13
jienâčaittâleijee,13
totkos,13
miäštár,13
foster,13
mcdonald,13
abd,13
liao,13
liverpoolist,13
luo,13
pei,13
harjavalta,13
merimasku,13
hits,13
pyevtittem,13
tiätureh,13
meetaal,13
molsoi,13
century,13
kevttii,13
tooláá,13
homer,13
miinii,13
ferttij,13
eye,13
palhâšumán,13
tiileest,13
fast,13
kuoškkärigâš,13
láávlui,13
álttártavlu,13
valmâštiđ,13
materiaal,13
čuávvoo,13
uážžon,13
kani,13
three,13
mother,13
ice,13
riävská,13
kirdeškyetih,13
kuáhtásspellâ,13
piervâld,13
poccuid,13
mine,13
isotoop,13
čuávjiäigi,13
kuáskim,13
överby,13
ušom,13
jiešvuođâlâš,13
suoksâ,13
jeđe,13
gammelby,13
läälih,13
liegâsvuođâst,13
worlds,13
jorree,13
potentiaalenergia,13
matese,13
modern,13
pieggâ,13
servikodde,13
terra,13
vaglio,13
his,13
mäddiláá,13
kirjerájuauto,13
muldesäplig,13
glam,13
mystery,13
education,13
cup,13
viva,13
näfels,13
niederurnen,13
oberurnen,13
incredible,13
vaterland,13
ons,13
karate,13
bubble,13
kick,13
duck,13
warriors,13
kombat,13
type,13
age,13
dai,13
houma,13
lime,13
elder,13
neverwinter,13
creed,13
hoyle,13
duty,13
kirjayhtymä,13
piemmâv,13
turnam,13
robineau,13
desvoidy,13
monnim,13
čuoškâhiäimu,13
duzee,13
schiner,13
pormiäštár,13
quechua,13
huášši,13
sämitiggeairâsid,13
kiäisárkode,12
mcqueen,12
pianist,12
vid,12
luákkánjuškejeijee,12
douglas,12
lesotho,12
clinton,12
take,12
ahmed,12
sauli,12
nuhhii,12
uáppeeh,12
utsi,12
olmoošvuoigâdvuotâpiälušteijee,12
kirkkohiärrá,12
ranskakielân,12
páihálii,12
pajas,12
pajaskulij,12
suáluičielgi,12
kirgisia,12
kuđâdin,12
niger,12
ruanda,12
somalia,12
käälis,12
akaa,12
kuortane,12
kyyjärvi,12
viestârân,12
algeriast,12
kiäinu,12
jiečânâsvuođâs,12
unesco,12
almugijkoskâsâš,12
youtube,12
pustavid,12
part,12
eds,12
raija,12
kielen,12
tuhhiittâm,12
mere,12
positiivlâš,12
negatiivlâš,12
tijme,12
rähtiškuottii,12
čuoškâ,12
quirico,12
astronauteh,12
elleekuuvij,12
vuáđđun,12
rosora,12
ihečyeđe,12
piivnoh,12
lontoon,12
austin,12
liechtensteinist,12
suáđist,12
belmonte,12
montegiorgio,12
maiolati,12
morro,12
senigallia,12
voodoo,12
jotolâh,12
tohon,12
rocca,12
collina,12
nera,12
juurdân,12
rááiđuin,12
angelesân,12
floyd,12
loro,12
iššeen,12
täsnitieđâlâš,12
áimukerdi,12
massaast,12
ovtâstuvâid,12
juátkoo,12
kolgos,12
tenhunen,12
väldikodde,12
valjim,12
valdii,12
kielâtotkeeh,12
baskikielâ,12
maaŋgâs,12
luxemburg,12
monaco,12
sveicci,12
vuáládâhenâmeh,12
fabrizio,12
almostuvá,12
saliens,12
jotkui,12
lama,12
juovlâi,12
magareh,12
ai,12
saijets,12
juávhuin,12
morrone,12
soojijd,12
jokela,12
hailuoto,12
kaustinen,12
rowling,12
kiirjij,12
párnáid,12
neljii,12
čaittâliđ,12
tavenuortâs,12
kokkila,12
partala,12
toivo,12
merikarvia,12
päärnih,12
stories,12
tolkien,12
peesáin,12
rääkkylä,12
europa,12
kaavi,12
umesämikielân,12
muurame,12
miätá,12
keitele,12
tuusniemi,12
rahtii,12
rantakylä,12
koskenkylä,12
lahdenkylä,12
rantala,12
multia,12
kiemâjuuvâ,12
kiemâsämikielâ,12
kitee,12
luoto,12
pello,12
vuolab,12
grande,12
konnevesi,12
lapinjärvi,12
eellimpirrâs,12
oovsijn,12
kyelišlaajâ,12
pivdeđ,12
pisoh,12
onnum,12
iäskán,12
women,12
vuovvijn,12
maccâđ,12
kieđâvušeh,12
vincent,12
káálgus,12
nyong,12
purrâmâššân,12
ab,12
petolahti,12
their,12
tovlááh,12
vuálgám,12
pajula,12
vittoria,12
rotto,12
vegas,12
pirkkala,12
tábáhtume,12
juha,12
odessa,12
pajetuárnus,12
ellei,12
ulmust,12
muorâi,12
läävejii,12
lima,12
kuulâ,12
karjala,12
porsaŋg,12
niŋálâsâin,12
populaatioh,12
puáttiđ,12
viibur,12
deux,12
vingt,12
ylä,12
ränis,12
bader,12
toolâi,12
tamperest,12
felice,12
murto,12
rantasalmi,12
katja,12
orásist,12
värrejeh,12
co,12
mainâsij,12
oosijd,12
hoittáá,12
vuáđuvuoigâdvuođah,12
maiden,12
commewijne,12
coronie,12
aalmugjienâstem,12
ääšist,12
guttorm,12
värijeessân,12
feodoroff,12
royal,12
tieđâlâš,12
ruovesi,12
halonen,12
nuorttâoosijn,12
eŋgâlâskielâliih,12
kukáh,12
lúhkeh,12
benedetto,12
beach,12
sajattuv,12
jienâstem,12
teddih,12
vuáládâhenâmijn,12
philip,12
andrew,12
väripresident,12
murray,12
váimusfysikkár,12
hjalmar,12
wikipediast,12
werner,12
bertel,12
hell,12
paŋkkihovdâ,12
ben,12
re,12
kan,12
sämitiggeaairâs,12
leigh,12
sergius,12
alexandre,12
nicolas,12
kieldâsämmilâš,12
axel,12
lekkui,12
woodard,12
dahlin,12
järvi,12
chang,12
domnall,12
benedictus,12
kustaa,12
mallin,12
anton,12
vaaljâi,12
wuyue,12
pu,12
stenberg,12
eennâmviljâleijee,12
wright,12
kurt,12
pavel,12
cosimo,12
bob,12
ukrainalâš,12
karttula,12
rahikkala,12
pays,12
liputtempeeivih,12
want,12
ovdâsteijen,12
kannat,12
nancy,12
saksofon,12
rabbit,12
oinum,12
rähtimist,12
paajeest,12
pajan,12
online,12
vaarijn,12
toimâđ,12
reagist,12
láppoo,12
engine,12
ovdáneh,12
faŋgâlist,12
jienâstii,12
greg,12
kaandâst,12
truth,12
meeci,12
saavâjođetteijeeh,12
pessijâšmarkkânij,12
vuáđudáin,12
vuáitu,12
legacy,12
iar,12
not,12
toimâtteijeeh,12
kirkkoeennâm,12
solju,12
bad,12
tale,12
piiččus,12
slayer,12
konginkangas,12
tears,12
was,12
stor,12
isotoopeh,12
elektron,12
silver,12
eyes,12
kyele,12
smakkâ,12
vanhimeh,12
elleekoveroolâ,12
eellimahe,12
peeljih,12
piälduin,12
jursseeh,12
tenhola,12
korâsvuotâ,12
tuáršu,12
salon,12
houtskari,12
liiga,12
pisovâš,12
loppâkeesi,12
offida,12
kisáh,12
montenero,12
forenza,12
substantiv,12
puškolodde,12
ruánáápiäippáin,12
iäruttui,12
ollâškoovlâst,12
kieldâjyehim,12
impossible,12
montagna,12
tito,12
raparo,12
čuovjâdin,12
njuámui,12
tavenähkisuájá,12
čuudâ,12
päikkisäplig,12
winnie,12
sodâsuárree,12
ruánáávarbusâš,12
ingá,12
herra,12
muro,12
grumento,12
stijlâsâš,12
days,12
planet,12
ne,12
son,12
aïeux,12
front,12
tes,12
ati,12
gates,12
assault,12
harrier,12
bomber,12
demon,12
galaxy,12
gauntlet,12
pirates,12
team,12
silent,12
nightmare,12
videospellâ,12
scrolls,12
tournament,12
backyard,12
nascar,12
drew,12
persona,12
electronic,12
trio,12
cry,12
muáskâš,12
uđâsmitmist,12
čuojâtteijeejuávkku,12
vyelipirrâduvah,12
tornadoh,12
atp,12
kieldâmolsomeh,12
ozerov,12
seguy,12
chassagnard,12
kawai,12
oyewo,12
tiekkö,12
pyevtittáin,12
funktio,12
mietâmyerji,12
škovlâkirjeh,12
iõll,12
uccâvarbusâš,12
uđâsmittui,12
vrh,12
gora,12
tornâoppuu,12
nuorttâkuávlu,12
árja,12
ovdánempiäládâh,12
uálgispiäládâh,12
elleekován,11
curl,11
pakistanlâš,11
vuosmuuh,11
steven,11
kampanja,11
joan,11
hawke,11
bergsland,11
kuulašlivgejeijee,11
griffith,11
laahâ,11
beviacqua,11
stan,11
teknisâš,11
maailmvijđosâš,11
pandemia,11
artist,11
finno,11
iänudâh,11
irak,11
jemen,11
sirdeđ,11
cagli,11
botswana,11
mosambik,11
uábi,11
máttááttij,11
čuojâttiđ,11
ruuđâ,11
toijala,11
viiala,11
luhostum,11
minister,11
sahara,11
comunanza,11
gualdo,11
inferiore,11
superiore,11
aldemus,11
tuođâlávt,11
peenuv,11
mervi,11
conference,11
societatis,11
sanakirja,11
kangas,11
pasanen,11
fáálá,11
ohtâvuođâ,11
variaatio,11
massignano,11
portugalkielâ,11
pyevtittemfinnodâh,11
muštâleh,11
kirdá,11
vado,11
matelica,11
kyevtis,11
como,11
pergola,11
battista,11
small,11
audrey,11
katharine,11
nisonáid,11
näimilittoost,11
bab,11
piandimeleto,11
julius,11
ostrense,11
spontini,11
madonna,11
novo,11
áárvust,11
máttá,11
bbc,11
tuššâdii,11
massachusetts,11
iše,11
demokratia,11
ellii,11
saksaliih,11
camerino,11
valfornace,11
panoraamkove,11
gregorio,11
fabriano,11
marshall,11
tienuuvt,11
valjiđ,11
civitanova,11
vincenzo,11
corridonia,11
panama,11
ri,11
latviast,11
moskova,11
kritikkár,11
kal,11
holoseenist,11
heikkâ,11
tutkâmuš,11
ugrilaisen,11
espanjatavdâ,11
levânij,11
onnii,11
čokke,11
moldova,11
italiakielâ,11
sárnuđ,11
firenzest,11
fooneetlâš,11
klassikko,11
madness,11
enemy,11
grenada,11
haiti,11
päikkinoomah,11
sandö,11
kazan,11
pertunmaa,11
jungle,11
pärnivuođâ,11
pohjois,11
ilomantsi,11
siikainen,11
where,11
tales,11
dangerous,11
tokio,11
luhostuvá,11
juuvdálâš,11
roberts,11
juovlah,11
grammatik,11
pittáámsämikielân,11
veltihánnáá,11
uurainen,11
debrecen,11
juupajoki,11
iäláneh,11
paltamo,11
nikula,11
ässei,11
vicente,11
kannonkoski,11
claudia,11
suomâkielâlâš,11
kempele,11
tárbu,11
pelkosnjargâ,11
kuávlukielâ,11
mieđettij,11
varbuslodde,11
tennessee,11
kaarela,11
haapala,11
kolumbia,11
tî,11
instituut,11
ucâmin,11
maailmân,11
levi,11
puohporree,11
tárkká,11
piämmá,11
suátivievâ,11
hongisto,11
metalleh,11
kole,11
joroinen,11
uvlágánijd,11
perruinis,11
human,11
norton,11
book,11
studies,11
center,11
išedeh,11
uáinusist,11
historia,11
ruánááeennâm,11
guayana,11
loka,11
orleans,11
vårdö,11
čielgitävtittemes,11
almoot,11
sämmilijd,11
dakota,11
tubdâstâsah,11
uápui,11
seksuaallâš,11
name,11
kulij,11
arvâlum,11
mississippi,11
carassai,11
oulust,11
napoli,11
jersey,11
ich,11
pelni,11
korâidis,11
hämeenkyrö,11
riitta,11
salmela,11
viijmâg,11
peeci,11
pomarkku,11
anttila,11
orásij,11
porge,11
jienah,11
pyevtittiđ,11
dogs,11
berg,11
stuorrâuábbi,11
kubduv,11
máálái,11
koskâvuotâ,11
alto,11
acquasanta,11
uáinám,11
punkalaidun,11
kerimäki,11
uusi,11
veliki,11
jienâstiđ,11
feminist,11
sortavala,11
šlaajâst,11
stage,11
studiost,11
close,11
sevŋis,11
ovdâskode,11
brokopondo,11
marowijne,11
sue,11
piäijojii,11
kievrâs,11
balto,11
stivrâ,11
tieđâakatemia,11
ugrilâš,11
banner,11
kärigâsnjaargâ,11
puáđusin,11
uma,11
baron,11
areenast,11
venetsia,11
niske,11
nuuhâm,11
thy,11
diamond,11
kallas,11
teologia,11
auvainen,11
derek,11
giorgi,11
fano,11
fysikaallâš,11
silva,11
bee,11
him,11
garcía,11
poplávloo,11
gone,11
rainbow,11
wanted,11
norman,11
sidney,11
pajeolmooš,11
eero,11
olgominister,11
heinrich,11
fischer,11
rafael,11
cesare,11
canterbury,11
armas,11
phil,11
dern,11
kidman,11
jukka,11
bo,11
anfisa,11
kilpi,11
taaiđâr,11
aili,11
ruvnâd,11
ryeššiliih,11
fonda,11
hamilton,11
northumbria,11
čižetpeln,11
leonardo,11
bernard,11
landau,11
duncan,11
henning,11
sinisalo,11
ahmad,11
čyeigee,11
tikanoja,11
raymond,11
kate,11
elvira,11
christina,11
muller,11
buzz,11
aaltonen,11
ruándimist,11
kyösti,11
grubbs,11
vesa,11
tirkkonen,11
lamb,11
spears,11
alice,11
ánte,11
aune,11
stuárrá,11
heidi,11
eräjärvi,11
tammisto,11
kuáti,11
anjala,11
speech,11
suhâpuolvâ,11
suujâst,11
miäruštâllum,11
hotel,11
dna,11
rockstar,11
spellârááiđu,11
speelâst,11
kuuvl,11
taas,11
mieđeet,11
ávus,11
sunde,11
tt,11
nuorttâlij,11
priivaateellim,11
kirjerááiđust,11
jurbâ,11
pyeremuuh,11
huksiittâs,11
šiljoost,11
juáigus,11
tihtâkirjeh,11
elleekovepalhâšume,11
sämiseervih,11
álgám,11
nick,11
suolahti,11
ränisruškâd,11
finaleh,11
espanjakielân,11
tälvi,11
allotrooppisâš,11
stäđis,11
luokattâllum,11
tubdâmettum,11
áŋŋel,11
see,11
dear,11
čaittâlem,11
nubálovihásâžžân,11
njomâtteijeeh,11
hajâáiccu,11
oppuuh,11
uvlágánijn,11
kevttimist,11
komissio,11
kuorgâ,11
ripatransone,11
contrada,11
teddust,11
eellimpirrâsijn,11
arquata,11
nei,11
ginestra,11
graham,11
tavlustuvvâst,11
čevžuuh,11
puttâltoidee,11
tobdomerkkâ,11
vyevdiloddááš,11
sulâstittee,11
amnâs,11
galdo,11
tennisturnam,11
agri,11
vesala,11
sarkkila,11
bodom,11
munsala,11
oonnum,11
anzi,11
marsico,11
az,11
satriano,11
second,11
ahasiih,11
kuumpi,11
peljirástágâš,11
hakkarainen,11
kaarlela,11
andy,11
stuorrâpaaccâhlodde,11
wrath,11
fardella,11
crystal,11
alone,11
joyeux,11
tous,11
arise,11
ertra,11
fiji,11
boxing,11
captain,11
patrol,11
cars,11
elite,11
wing,11
pond,11
sword,11
lotus,11
populous,11
sensible,11
invaders,11
maxis,11
trophy,11
amstrad,11
sims,11
geometria,11
ndi,11
kištoi,11
suelo,11
tiätuvuárkkád,11
bafta,11
nango,11
limba,11
sämitiggeairâsijn,11
čielgimielgâsttemijd,11
vyevdirástágâš,11
arribalzaga,11
curran,11
mcalpine,11
weyenbergh,11
moubayed,11
ränisvuonjâš,11
tinea,11
latiumist,11
abruzzost,11
kuori,11
joráduvvâš,11
sämitiggeairâseh,11
gabba,11
tavekuávlu,11
slave,10
jorge,10
liettualâš,10
neurotiettee,10
maya,10
islandlâš,10
armand,10
glenn,10
hassan,10
frances,10
olga,10
tahvanainen,10
toni,10
oskoh,10
anarâškielâg,10
toimituksia,10
juáhá,10
kárášjuuhâ,10
čuákkipaaihijn,10
rakânâs,10
máttááttâllâđ,10
čäcirääji,10
sirdâšum,10
pakistan,10
saudi,10
urbania,10
mauritania,10
tipšođ,10
oopperalávloo,10
paargon,10
polverigi,10
molino,10
ovtâstit,10
adeliđ,10
stuárusâš,10
uánihâš,10
tim,10
guide,10
amandola,10
montefortino,10
pronomin,10
koŋruist,10
piäkká,10
pers,10
glottolog,10
sámit,10
between,10
liisa,10
fenno,10
indigenous,10
languages,10
tagarijd,10
puástud,10
olmânáál,10
tuotâ,10
kielâteknologia,10
alguu,10
tiivtâin,10
adeleh,10
nohá,10
mottoomlágán,10
jiešalnees,10
sämitiggeairâsin,10
pian,10
historjáliih,10
komovuotân,10
puudâ,10
treia,10
aldanuorttân,10
kirjekielâ,10
suijâ,10
iberdiđ,10
äigin,10
pustavijguin,10
siämmáásullâsâš,10
viestâroosijn,10
täsivääldist,10
vokalij,10
montecarotto,10
sassoferrato,10
pornainen,10
nissoonuáiviroolâ,10
parlamentaarlâš,10
monarkia,10
kanton,10
carpegna,10
camporotondo,10
bryssel,10
tavemeerâ,10
virgálii,10
sárnu,10
antwerpen,10
lucky,10
tuššâdij,10
falerone,10
grottazzolina,10
monsampietro,10
morico,10
trooppisâš,10
totkei,10
romagna,10
reno,10
pitt,10
brasiliast,10
vyeligub,10
castelfidardo,10
visso,10
catania,10
oovdâstjottee,10
jackie,10
kiinii,10
taiđuu,10
kezis,10
capo,10
porzio,10
pietrangeli,10
passo,10
kalenderist,10
maurier,10
jamaica,10
teddiđ,10
seelgist,10
massachusettsist,10
paccii,10
samojedikielah,10
viđâdin,10
eennâmpáálust,10
lihâdeh,10
kieŋŋâlvuotâ,10
juuvâin,10
tallinna,10
leena,10
kulttuurlâš,10
hiäjus,10
sosiaallâš,10
suojâlem,10
ist,10
suez,10
suundán,10
aktiivliih,10
kielâmiäštárin,10
vuossâmuid,10
pärnid,10
kirkkonummi,10
pedersöre,10
diplom,10
rapagnano,10
fiorentino,10
firenze,10
tehálumoseh,10
port,10
lion,10
carter,10
philadelphia,10
pennsylvania,10
iittala,10
adelâm,10
kuivaniemi,10
váldá,10
lijjim,10
tiber,10
tuáimee,10
čuávuvâžžân,10
bros,10
rááiđun,10
ronald,10
rings,10
cekkid,10
tohmajärvi,10
siberiast,10
ooinij,10
uppsala,10
av,10
aalgân,10
talhâsin,10
tälvisuáđi,10
kuokkala,10
tartto,10
meerâst,10
juávhoid,10
ereslágáneh,10
janne,10
outokumpu,10
pakkala,10
einar,10
cc,10
järvikylä,10
kuoppala,10
kenyatta,10
uáppih,10
adelem,10
vuáđu,10
pelimudo,10
sämikielah,10
vuolgâttui,10
ruuđâid,10
virgeomâhááh,10
meerrid,10
pitkäjärvi,10
salmenkylä,10
rita,10
pukara,10
staattâd,10
mainâšuvvoo,10
mánuppaajeest,10
keskikylä,10
suájáin,10
šadolâšvuođâ,10
kuásnii,10
enâmáid,10
pääcih,10
peessâđ,10
kiiđâ,10
kiäčán,10
ovtâstittum,10
karvala,10
karunki,10
pécs,10
perälä,10
lemi,10
lappee,10
hanhijärvi,10
kattelus,10
kuáivu,10
reinikkala,10
paris,10
tyeje,10
syeji,10
ruttâ,10
universal,10
global,10
vuoksi,10
oppâđ,10
vuoššum,10
ruotân,10
medeiros,10
talking,10
devil,10
és,10
moscow,10
kunneetuáhtár,10
bird,10
tiivtâ,10
merkurius,10
jefferson,10
montelparo,10
egidio,10
pitkälä,10
luudijd,10
ester,10
manchester,10
sämimuusik,10
bin,10
det,10
proojeekt,10
korhonen,10
čapismeerâ,10
saksakielâlâš,10
ohio,10
njuámmum,10
ääši,10
teoria,10
peesih,10
peerusthánnáá,10
vallefoglia,10
minuttid,10
suáđigilist,10
finnby,10
kietâčalluu,10
lâš,10
säpligeh,10
raddeest,10
paarâ,10
uurbijd,10
ordârääji,10
pyhäranta,10
rhode,10
piäipánjeh,10
jaavrij,10
halo,10
värisaavâjođetteijen,10
ketola,10
soinila,10
riikola,10
tavemuu,10
ljubljana,10
castorano,10
timmâ,10
siäivum,10
kubdâ,10
šlaaijân,10
suávi,10
čoovčâ,10
čuávu,10
máhđulâšvuotâ,10
list,10
jacques,10
väljejuvvojeh,10
sosialdemokraatlâš,10
kárttá,10
eehid,10
ch,10
pasta,10
ollâškovlâ,10
tárukielâ,10
asema,10
nuorâvuotâ,10
journal,10
harkova,10
lviv,10
ruopsâdin,10
savoia,10
gaetano,10
kunâgâsah,10
doi,10
ornim,10
adler,10
karjalainen,10
sillanpää,10
rockjuávkku,10
österby,10
pyeremuin,10
skipáreh,10
african,10
elleekovefestivaalist,10
michelle,10
maggie,10
aarne,10
fossombrone,10
ippolito,10
javier,10
gees,10
aalto,10
cori,10
astrid,10
every,10
timo,10
inc,10
sergio,10
umk,10
pitástis,10
tuomâ,10
vivien,10
tostain,10
lonlas,10
dooseent,10
nicole,10
maadâafriklâš,10
swan,10
havel,10
monroe,10
butler,10
argentiinalâš,10
pitáinis,10
ibrahim,10
guo,10
lindström,10
konstantin,10
konferensist,10
sicard,10
berit,10
herbert,10
korneliussen,10
yves,10
kong,10
grany,10
rasdal,10
kristin,10
sundesson,10
kivi,10
ávvir,10
donnchad,10
tian,10
ferrarast,10
šlanttispeelâ,10
hammock,10
waltari,10
cui,10
kaisa,10
roosevelt,10
rutherford,10
fred,10
gervasio,10
domna,10
kuipers,10
halloween,10
aika,10
tapio,10
heli,10
hildá,10
koskinen,10
muusikpalvâlussáid,10
grant,10
pehr,10
aurora,10
riehtitääsi,10
euroviisui,10
briain,10
seymour,10
haikola,10
une,10
kirden,10
analyys,10
words,10
celkkust,10
majemuuh,10
viärdádâllâđ,10
aageent,10
zone,10
epitievâslâš,10
lavlui,10
tábáhtum,10
kanavast,10
huáđđooh,10
mulsâšuvvee,10
brooks,10
verdiddijn,10
noomâid,10
aatoom,10
viettij,10
išediđ,10
wolf,10
saa,10
fiäránáid,10
aanaarsämmilâš,10
paldâluvâi,10
kuávdášservi,10
muusikfestivaal,10
muusikjuávhuh,10
kuhmunen,10
tundra,10
yu,10
heavy,10
beast,10
beautiful,10
heads,10
version,10
ihepele,10
sápmelaččat,10
toimâkuávlun,10
ruotâkielâg,10
oss,10
pitáiguin,10
tiitiäisen,10
porgâškuođij,10
honkajoki,10
kuuva,10
what,10
summer,10
vampire,10
own,10
taveoosij,10
tennis,10
liiston,10
niŋálâsâst,10
náál,10
lusis,10
olgolumos,10
vuáháduv,10
gula,10
place,10
teejâ,10
šaddee,10
mielhi,10
kovoseh,10
uáinojeh,10
yläne,10
piätuellee,10
mááđuh,10
ooraans,10
ááimust,10
saloin,10
hiittinen,10
kulla,10
kila,10
björkö,10
träskby,10
dalkarby,10
sommarö,10
tuotâvuotâ,10
inkoo,10
siuntio,10
huhti,10
tammisaarin,10
mulsâšudeh,10
castignano,10
monsampolo,10
almolumos,10
šaddoin,10
bisaccia,10
palata,10
pensilis,10
lucito,10
bonefro,10
ripacandida,10
atella,10
rionero,10
kalâččeijee,10
fiskâdeh,10
thompson,10
casacalenda,10
ripabottoni,10
macchia,10
monacilioni,10
pessiđ,10
vinchiaturo,10
stuárus,10
castropignano,10
čuovâliähtu,10
klassisâš,10
koskâvuođâlâšvuotâteoria,10
čujottâsâst,10
mirabello,10
minor,10
koskenpää,10
finström,10
sääksmäki,10
pielisjärvi,10
kritikkárij,10
frost,10
romanist,10
knights,10
seelandist,10
taveviestâr,10
calvello,10
roccanova,10
gallicchio,10
latronico,10
avigliano,10
picerno,10
pietragalla,10
genzano,10
várdámtooimâ,10
wikimedia,10
ruopsâdeh,10
paatelainen,10
säpligoppuu,10
kiihâmjienâ,10
vaajâld,10
tuodârmittár,10
bombycilla,10
kuácceelodde,10
säägih,10
sorex,10
nuorttâviäđŋásâš,10
spiders,10
konsertist,10
pajanii,10
ambient,10
monsters,10
čoodâ,10
neo,10
beatles,10
päddejui,10
staatâpalhâšume,10
venosa,10
fele,10
lauria,10
corleto,10
montemurro,10
finnmarkist,10
calvera,10
carbone,10
kähtee,10
castelsaraceno,10
commons,10
famen,10
guitar,10
ring,10
strikes,10
arms,10
liberté,10
howe,10
tout,10
ancient,10
cosmic,10
dash,10
deluxe,10
yo,10
jet,10
marble,10
rogue,10
ghost,10
ultra,10
universe,10
wall,10
trilogy,10
animal,10
unit,10
šlanttispeelah,10
spyro,10
vita,10
semifinaleh,10
hege,10
mar,10
puurrâmrääsi,10
costantino,10
täävtih,10
levin,10
vyelipirrâduvâid,10
naabureh,10
semifinalist,10
mesagne,10
latiano,10
ostuni,10
soolâ,10
seenti,10
čapisrástágâš,10
virdepešnirihhááš,10
cinerea,10
sitruunpešnirihhááš,10
mäihlikiärppááh,10
vilela,10
burla,10
garg,10
griffiths,10
watt,10
kiknadze,10
bjorlo,10
kirjeráájoid,10
viihkâi,10
kunâgâskuálásteijee,10
tuámukirho,10
vektorij,10
trigonometrisâš,10
kapybara,10
pessimlodde,10
athene,10
kouvolan,10
kielâkäldee,10
duippidit,10
haraldsen,10
piälppáájäävri,9
apartheid,9
monika,9
dj,9
sinclair,9
maadâkorealâš,9
bartaitė,9
hannu,9
chu,9
biles,9
lena,9
halldór,9
ji,9
cameron,9
trump,9
michel,9
windsor,9
čuovâkovvejeijee,9
morrison,9
kiirján,9
mainâsijd,9
toimâttij,9
gummerus,9
uánihubbooht,9
aalmuglii,9
elleekovefestivaal,9
kulgâmvijđodâh,9
vuáluskulij,9
pänituoddâr,9
jordania,9
kuwait,9
timor,9
marinost,9
sambia,9
čuolmah,9
uáivikaavpugist,9
näimilito,9
tooleeb,9
belgialâš,9
camerata,9
kuávloid,9
albania,9
oskoldâh,9
napoleon,9
häävild,9
watch,9
lapedona,9
media,9
pulp,9
appennino,9
penna,9
conti,9
muusikvideo,9
inarinsaamen,9
mit,9
inarilappisches,9
lexica,9
ugricae,9
how,9
uáivilist,9
falconara,9
kieldâlisto,9
monterado,9
ánná,9
gutsy,9
animations,9
uánihááh,9
kovvejum,9
oskomušah,9
ellein,9
kulttuurân,9
apiro,9
cingoli,9
vicino,9
staffolo,9
pääččim,9
kirdee,9
huolâttâsmooduul,9
filottrano,9
nubijkulij,9
vaiguttâm,9
marokkost,9
siskeldeh,9
kielâjuávkun,9
kielâčááitus,9
castelleone,9
suasa,9
mergo,9
phoenix,9
paakkola,9
iivijd,9
muštâlâm,9
vaiguttij,9
spellâđ,9
ránnjáenâmeh,9
autonomisâš,9
barbados,9
vetere,9
caesar,9
belgiast,9
ranskakielâliih,9
uáivikaavpugkuávlu,9
surrealistlâš,9
karibiameerâ,9
montottone,9
servigliano,9
tenna,9
kiäid,9
aalmugeh,9
ristâosko,9
afriklâš,9
peru,9
bologna,9
bosnia,9
nuorâb,9
škovlâlijd,9
käähvi,9
chiaravalle,9
castelraimondo,9
roberto,9
ville,9
fiuminata,9
metropolkaavpug,9
texasist,9
get,9
rio,9
montecosaro,9
mogliano,9
giusto,9
morrovalle,9
rica,9
daphne,9
mutteđ,9
ruopsismeerâ,9
tehálumosijn,9
pii,9
tovâtteh,9
tooškâs,9
persia,9
kuávlui,9
väisänen,9
čielgee,9
joođoost,9
kuudij,9
aigij,9
maŋaluvâi,9
serbia,9
konsonant,9
luho,9
facebook,9
pontano,9
ponzano,9
club,9
florida,9
jođeškuođij,9
manual,9
california,9
tuuđhâi,9
northern,9
viehâduvâst,9
ylipää,9
virolahti,9
nuoráid,9
rävisulmuid,9
hu,9
hildur,9
pan,9
šuoŋâ,9
word,9
tuámmár,9
she,9
make,9
parola,9
kankainen,9
evo,9
persovnist,9
maaŋgâlovo,9
kiäččus,9
siämmááh,9
tiätá,9
uáppá,9
nyby,9
kaavpughoovdah,9
indiast,9
nuorttâmeerâsyemmilâš,9
tallinn,9
nuorttâmeerâsyemmiliih,9
about,9
ikola,9
italiano,9
mille,9
artikkâlid,9
puohah,9
child,9
eteh,9
jesist,9
federico,9
valastâllâm,9
epivirgálávt,9
lapinkylä,9
saturnus,9
planetij,9
gunnar,9
sojuz,9
koškes,9
kieldâsämikielân,9
maaŋgânáál,9
piärgu,9
jyväskyläst,9
pihlajavesi,9
rautio,9
eskola,9
ilola,9
novellijd,9
orjâlâškielâst,9
maa,9
maaria,9
civil,9
lehtimäki,9
kosola,9
kaustisii,9
vaaljâid,9
etelä,9
folk,9
viggeh,9
nubijnis,9
ruttâdem,9
kokkolan,9
pyhtää,9
nubebeln,9
saavâst,9
reeivâ,9
olgon,9
győr,9
kuáppil,9
niŋálâsâi,9
kiivsâid,9
australian,9
lasaniđ,9
lahdenperä,9
joutseno,9
särkilahti,9
journey,9
stielâs,9
kaledonia,9
louisiana,9
kođo,9
čácáduvâst,9
paijeentoollâđ,9
kođá,9
ocá,9
kuuđđâđ,9
lupita,9
lappisk,9
viggá,9
išedij,9
portugallâš,9
lávlu,9
vie,9
without,9
fallen,9
meendu,9
nicola,9
kirjálâš,9
together,9
hyyrylä,9
milano,9
torina,9
feltria,9
conca,9
cerignone,9
montegranaro,9
matenano,9
casette,9
rotella,9
tuomas,9
uranus,9
biret,9
taavaapiäláá,9
tohhejeh,9
muuiku,9
suoniemi,9
pieni,9
näsby,9
ylimarkku,9
som,9
klaus,9
field,9
montegallo,9
vuáđudiđ,9
koskâääigi,9
jämijärvi,9
four,9
purmo,9
pieijui,9
greene,9
lussâdub,9
grännäs,9
svartbäck,9
pargon,9
maidnii,9
wallace,9
čäcišaddoid,9
sirdâšuveh,9
tábáhtuvvee,9
pottâš,9
roobdah,9
jieŋâpaje,9
pajanâm,9
quatre,9
njuárgám,9
kuuslahti,9
liävttoin,9
máttááttiđ,9
tubdâđ,9
korrâsub,9
sajosist,9
västidij,9
lättee,9
taidârin,9
aktiivlávt,9
ovdâskoodán,9
jiennâd,9
kiviniemi,9
kiikoinen,9
enonkoski,9
haapalahti,9
wolofkielâ,9
revonlahti,9
kuástidâm,9
kun,9
bonnier,9
niilo,9
skiijpâ,9
aloduvâst,9
lohtum,9
kevttee,9
kubduuh,9
soorvah,9
kuácceevuovdijn,9
iššijn,9
roovvâd,9
joton,9
just,9
scifi,9
staatârääđi,9
tuu,9
suáhi,9
betula,9
maaŋgâlágánijn,9
susanne,9
britt,9
alaskast,9
kiđđâtäälvi,9
helmi,9
ennen,9
miskolc,9
näälih,9
verdi,9
kárášjuuvâ,9
jođettij,9
europe,9
junná,9
winston,9
vuáládâhenâmij,9
mađhâšem,9
aalgât,9
vuoigâdvuođâi,9
maksamaa,9
coming,9
leppäkoski,9
gellar,9
tulindberg,9
odd,9
carey,9
ráiđukovesárgoo,9
adam,9
powell,9
kävppikieldâ,9
ahti,9
montefelcino,9
iveh,9
biden,9
esč,9
trek,9
georges,9
simpsons,9
cech,9
izzo,9
lydia,9
uđđâseelandlâš,9
pasifist,9
tennisspellee,9
buljo,9
mick,9
sophie,9
mayer,9
alma,9
birger,9
šleeđgâ,9
sosiolog,9
slovenialâš,9
saakašvili,9
eugene,9
micah,9
neil,9
storelv,9
valjâpirrâdâhhâd,9
molekyylbiolog,9
xiii,9
gamsakhurdia,9
meng,9
mether,9
mercia,9
aids,9
rikoskirječällee,9
valoaalto,9
ava,9
mauri,9
felix,9
morgan,9
doris,9
mika,9
martina,9
keith,9
randolph,9
virtanen,9
rush,9
aage,9
tuuni,9
chisu,9
umbria,9
ralph,9
kitti,9
raevaara,9
fan,9
casino,9
ahlstedt,9
tuušâi,9
kinnunen,9
carpenter,9
miina,9
svante,9
lorenz,9
rantanen,9
kiirkon,9
angela,9
hull,9
khomjuk,9
ovdâstij,9
euroviisuin,9
majemužžân,9
diarmait,9
elina,9
hilda,9
benjamin,9
krško,9
sini,9
kiäisárroonnig,9
roope,9
olavi,9
gu,9
konstantinopol,9
komitea,9
hännilä,9
uusikartano,9
kurala,9
issát,9
box,9
stop,9
tobdá,9
finnodâh,9
suujâ,9
newton,9
ohjelmân,9
juhle,9
ristâlâš,9
käärji,9
almottâs,9
kuáhtám,9
stivree,9
liijká,9
palhâšuumeest,9
maajeeld,9
nue,9
birra,9
kaandâ,9
iveaigijd,9
nsr,9
määđhist,9
hämeenkylä,9
järvenkylä,9
pajulahti,9
eallin,9
lávlon,9
tiger,9
lávlumuásih,9
lávloin,9
sound,9
jouste,9
kuávdášseervi,9
härkälä,9
ollila,9
pirilä,9
kirječällei,9
bravo,9
runoja,9
párnážin,9
aalmugjeessân,9
lippus,9
pärtel,9
televisioelleekoveh,9
aaviseh,9
aalmugmuusik,9
lavlust,9
aassâmkuávluh,9
kiri,9
itkosii,9
näimilitto,9
seurujärvi,9
canada,9
versoid,9
uánihisfilmâ,9
pihtâseh,9
pel,9
sovjetlittoliih,9
beaivváš,9
haapist,9
spin,9
hills,9
juovllaide,9
break,9
leibi,9
pihlejâš,9
njomâtteijee,9
keeđhi,9
keeči,9
riämnjáh,9
stääli,9
njuurgâs,9
merâkuáskim,9
kökar,9
finnö,9
ovdâsvástádâs,9
maigh,9
seóla,9
bromarv,9
kvarnby,9
puurâ,9
torp,9
cossignano,9
mg,9
luándusuojâlemlitto,9
roccafluvione,9
petrella,9
larino,9
termoli,9
trivento,9
castelmauro,9
montorio,9
roppâ,9
guardialfiera,9
laahul,9
matrice,9
ripalimosani,9
lojes,9
valfortore,9
pietracatella,9
pianisi,9
ieee,9
noble,9
jelsi,9
campodipietra,9
miähástuvah,9
spabbâlâš,9
myenster,9
busso,9
mainâstij,9
orniđ,9
seksuaal,9
kuullâđ,9
iivijn,9
sannitico,9
sinni,9
kumlinge,9
saltvik,9
jepua,9
pueblo,9
rome,9
mitalisteh,9
abriola,9
castronuovo,9
cao,9
wessex,9
piktij,9
säittišlivgim,9
toimâsaje,9
muorâkuáráttâh,9
toimâsajeh,9
váldukirjerááju,9
säplig,9
muddoost,9
romanov,9
kiäisáreh,9
ijjâlodde,9
matsâš,9
jeggiluátku,9
kuávsuilodde,9
uccâviäđŋásâš,9
feilij,9
rockist,9
low,9
vaikuttâsah,9
pressure,9
jienâttum,9
wonder,9
pooh,9
sierah,9
čuojâtteijeeh,9
njuuvčuálpáš,9
varbusiih,9
juátkiđ,9
koiramäen,9
moliterno,9
made,9
marsicovetere,9
acerenza,9
laurenzana,9
paaccâhčäšni,9
armento,9
guardia,9
huilo,9
elektronisâš,9
season,9
viggiano,9
spinoso,9
terranova,9
pollino,9
rieggee,9
fair,9
matrix,9
soldier,9
post,9
essays,9
africa,9
dio,9
keep,9
domov,9
můj,9
nad,9
mais,9
unity,9
astro,9
kingdoms,9
conquest,9
dragons,9
encounter,9
robot,9
evolution,9
ishar,9
warfare,9
raider,9
sorcerer,9
speedball,9
souls,9
basketball,9
commodore,9
cartridge,9
blitz,9
edge,9
densetsu,9
ex,9
algâmalli,9
megami,9
tensei,9
chronicles,9
newman,9
zelda,9
euroviisuid,9
jäähyväiset,9
pirâspalhâšume,9
funktioh,9
praise,9
inmortal,9
hay,9
más,9
morir,9
nombre,9
suõmmkar,9
vivlu,9
psykedeelisâš,9
museoin,9
ustevvuotâkaavpug,9
központi,9
statisztikai,9
hivatal,9
taidârijn,9
ceglie,9
normanni,9
noastră,9
të,9
etern,9
tschiel,9
gamescom,9
uncharted,9
balaton,9
trombih,9
enâmeh,9
kárbá,9
ränisrástágâš,9
veigilodde,9
laavlârástágâš,9
kiärdurástágâš,9
gomera,9
fiskispešnirihhááš,9
melander,9
kertesz,9
tollet,9
boucher,9
martinez,9
blüthgen,9
keyl,9
belyanina,9
vardal,9
maschwitz,9
krek,9
dyar,9
salamanna,9
tapireh,9
härjilodde,9
čäähih,9
lapväärtti,9
tejârääsi,9
kuuvse,9
loreen,9
minervaoppuu,9
sämiaalmug,9
artemis,9
viirijâš,9
viirijááh,9
flander,8
solomon,8
riidon,8
sovjetlittoost,8
richardson,8
kroatialâš,8
falco,8
kløvstad,8
skiärruleggisteijee,8
vyeligumos,8
vuokko,8
presidentvaaljâi,8
ghanalâš,8
biofysikkár,8
koččii,8
hõ,8
ppi,8
ođđâs,8
tooimân,8
filantropist,8
svenska,8
muštâlusâid,8
säämimuseo,8
aalmugijkoskâsii,8
nikkel,8
källee,8
luosâkyeleh,8
kuolijn,8
everest,8
himalaja,8
laos,8
mongolia,8
syyria,8
pole,8
oroi,8
raanskan,8
aassâđ,8
huolâ,8
karttii,8
montenegro,8
kosovo,8
riddokuávlust,8
aldanuortâ,8
arabeh,8
irâttii,8
haldâšij,8
kume,8
eennâmtuálu,8
pyevtittâsah,8
tiijme,8
päljis,8
https,8
altidona,8
marina,8
kernell,8
peeggâlmumos,8
sarnano,8
mikkâl,8
amok,8
tuupa,8
maaŋgâlovvoost,8
vyel,8
gen,8
linguistics,8
bartens,8
vieres,8
youtubest,8
vuosmužžân,8
kielâpiervâltooimâ,8
loostâš,8
hilgo,8
tiettiđ,8
tieđâlii,8
čáittá,8
tiijmest,8
andorrast,8
jiečânâsvuođâ,8
fáddá,8
ohtsâškode,8
mercatello,8
mánudâšmääđhi,8
vyeleeb,8
kirdedijn,8
sarnum,8
kyprosist,8
roomaanlâš,8
genga,8
stefano,8
arkaŋŋel,8
kiergânij,8
mel,8
meccikuávlu,8
avveeljuuvâ,8
seenaat,8
kärigâsnjaargâst,8
basel,8
caldarola,8
serrapetrona,8
várádâh,8
mainâšum,8
hiäimuh,8
sirdoeennâm,8
riddokuávlu,8
monteleone,8
keđgiääigi,8
kiäi,8
algâaalmug,8
ekonomâlâš,8
pretoria,8
ussita,8
eennâmtuárgástus,8
hercegovina,8
botswanast,8
koijâdij,8
oklahoma,8
kuálmádâs,8
riges,8
merhâšitteht,8
kávpálâš,8
meridâm,8
värrejii,8
casale,8
castelsantangelo,8
montemonaco,8
blanchett,8
carolinast,8
paajij,8
heights,8
mondavio,8
ll,8
hill,8
general,8
čaitâlmeh,8
káálgu,8
dominica,8
uápuidis,8
sudes,8
čuovjâd,8
tutkâmušah,8
hyeneeht,8
departementeh,8
suuvâst,8
sämikiel,8
kuábbááh,8
aulis,8
pp,8
schengen,8
vuossâmui,8
gibraltar,8
pico,8
teide,8
tenerife,8
mittedum,8
oovtâgin,8
vatikaanriijkâ,8
donato,8
montappone,8
monterubbiano,8
suáluikuávlu,8
kalifornian,8
schoolist,8
town,8
tahheevuoigâdvuođah,8
rain,8
comes,8
america,8
ghanast,8
ga,8
ojakylä,8
roolâin,8
puáránij,8
esseid,8
guðnadóttir,8
selo,8
kincaid,8
herrala,8
maadâviestârân,8
hietajärvi,8
vilkkilä,8
toohâđ,8
vissâ,8
haapasaari,8
jordan,8
lappetelä,8
niemisjärvi,8
oovded,8
centre,8
uno,8
fantastic,8
through,8
siijdâin,8
njaalgâ,8
peele,8
leivonmäki,8
juurrâm,8
máánuh,8
juurrâmrađemooduul,8
säynätsalo,8
paaldân,8
tágáreh,8
romanikielâ,8
pohjankylä,8
pargoadeleijeeh,8
kansas,8
kaskinen,8
naaburkieldâ,8
laila,8
inkeri,8
nooveel,8
hamula,8
mánudâš,8
haapamäki,8
till,8
koltan,8
anon,8
ucceeblovokielâ,8
kielâmiäštár,8
kiemâeennâm,8
kyelijävri,8
čielgâs,8
ale,8
ohhoost,8
keniast,8
suomâkielâliih,8
ruotâkielâlij,8
öja,8
välikylä,8
oja,8
komipermjakkielâ,8
udmurtkielâst,8
siilinjärvi,8
hirvijärvi,8
rannankylä,8
tevkisruškâd,8
kuácceevyevdistielâsist,8
seelandân,8
ettâđ,8
tuálá,8
valmâšin,8
uskuu,8
tieđij,8
tien,8
halijdii,8
ollikkala,8
tarvola,8
kemppilä,8
laakkola,8
lavola,8
toikkala,8
baltia,8
fanny,8
selected,8
morning,8
tuššâm,8
áárvuid,8
áárvui,8
jari,8
leppälahti,8
nauru,8
vanuatu,8
tuvalu,8
maritime,8
mobile,8
piikkiö,8
juuvâi,8
kenialâš,8
dorothy,8
vitamiin,8
åarjel,8
golme,8
norra,8
montelupone,8
iđedist,8
uábih,8
blade,8
fils,8
killer,8
hämmejeh,8
nijttomarikielâst,8
helsingfors,8
maryland,8
agricola,8
stiivrâ,8
kunneetuáhtárin,8
čaitâlmijd,8
áin,8
malcolm,8
pirttimäki,8
michigan,8
liipust,8
rinaldo,8
petritoli,8
grimano,8
mercatino,8
ponneest,8
totká,8
ivan,8
maaŋgâlágánijd,8
njäävi,8
iälusteijee,8
senttisâžžân,8
šaapšâ,8
kuddum,8
kuuđđâmahe,8
koskâvuođah,8
uŋgarkielâ,8
palojärvi,8
hollywoodist,8
nielsen,8
konrad,8
vibe,8
usa,8
asâttui,8
uhketääsi,8
viruseh,8
suoivust,8
toovvât,8
puávtáččii,8
anneeđ,8
sannainen,8
tuorila,8
vuovâs,8
jotelubbooht,8
taavaakeččin,8
lieggân,8
kuškâdiđ,8
france,8
dix,8
cent,8
kulttuurpalhâšume,8
aletta,8
hyeni,8
nathan,8
harvard,8
luoka,8
ruánááh,8
keksim,8
sopra,8
villilä,8
makkola,8
mondolfo,8
koskâoosijn,8
njomâtteijeešlaajâ,8
koozah,8
tšeekist,8
luokittâllâm,8
soorvâ,8
párkku,8
alces,8
siämmáin,8
kyeđđiđ,8
vuáđudeijein,8
duel,8
uuraallâš,8
miäruštâlloo,8
syväjärvi,8
toivola,8
kidâ,8
pedersen,8
kuođđum,8
jonas,8
stuorrâtigge,8
mereh,8
sur,8
uáppei,8
grafikkár,8
tijdâtälvi,8
uccpárnáá,8
costanzo,8
piana,8
jacobsen,8
siämmáálágáneh,8
ivano,8
frankivsk,8
pultava,8
sumy,8
kukkáin,8
kukkee,8
guökte,8
wilson,8
vatjan,8
nubenáál,8
koskela,8
lahko,8
ceehi,8
váldumaađij,8
kanava,8
šodâččij,8
shakespeare,8
tijpâlâš,8
aalpâin,8
riittiö,8
inkilä,8
köyliö,8
hintsala,8
jennifer,8
cecil,8
lunano,8
luokkaast,8
louise,8
pérez,8
kosmonaut,8
girolamo,8
jyemehâš,8
burton,8
fritz,8
isaac,8
moser,8
ševardnadze,8
aquila,8
tuisku,8
thibaut,8
champagne,8
kreivâ,8
vuáládâheennâmlâš,8
biolog,8
bass,8
angels,8
woody,8
saarinen,8
suomâkielâg,8
pennetta,8
amado,8
mohammadi,8
butters,8
stefanus,8
istanbulist,8
dale,8
miguel,8
golob,8
silvio,8
bakteriolog,8
harriet,8
grimm,8
filolog,8
olympialiih,8
fallières,8
addams,8
renberg,8
jingzong,8
willem,8
richards,8
ashikaga,8
mcnab,8
kent,8
máel,8
táválub,8
sharp,8
koreograf,8
kreika,8
lê,8
vietnamlâš,8
ostrom,8
lothar,8
israellâš,8
abdullah,8
pointer,8
lund,8
gardner,8
olsen,8
elçib,8
jabir,8
alberto,8
vihkui,8
jolie,8
wiseman,8
zhu,8
taaiđâviäsu,8
winehouse,8
nansen,8
natalie,8
domnaill,8
pyelimist,8
elleekovepyevtitteijee,8
laurent,8
vyeijee,8
koch,8
jemenlâš,8
muotisundáttellee,8
elorinne,8
syvertsen,8
gilbert,8
dou,8
tuámukirhoost,8
lawrence,8
pedar,8
puig,8
dumas,8
casanova,8
aleksis,8
puállám,8
nurmi,8
atwood,8
lloyd,8
britney,8
fanning,8
ronan,8
katarina,8
spellemann,8
rossi,8
rec,8
rahman,8
cheng,8
kirsti,8
jesse,8
podopagouros,8
aila,8
tanja,8
lorenzoni,8
hävdidui,8
eenikielân,8
vuoigâdvuođâid,8
löytäne,8
kirjala,8
maanpää,8
tanila,8
nations,8
kiässoo,8
meridui,8
almos,8
huttula,8
persen,8
kaitainen,8
lego,8
magical,8
kullui,8
jurgâleijen,8
pivdeeh,8
ucjuuhân,8
mieđettui,8
päikkitiättur,8
uástiđ,8
scott,8
puhelin,8
almoliih,8
marge,8
miettâm,8
váldojii,8
huáđđoi,8
stiijlâ,8
kuulmâs,8
sirdâšuvvii,8
milton,8
hood,8
advanced,8
trailer,8
vyeittei,8
táásá,8
tutkâđ,8
áilu,8
kemisteh,8
stewart,8
kang,8
almostittám,8
riđu,8
čevetjäävri,8
tubdâm,8
soundtrack,8
orjâlâš,8
koronaviruspandemia,8
juoigâmuásán,8
ferttejeh,8
duo,8
midnight,8
tyejeest,8
mahtnii,8
lübeck,8
flaithbheartaigh,8
muusikjuávhuin,8
play,8
england,8
teddilum,8
pivnohumos,8
nuorâikirjálâšvuođâpalhâšume,8
koskâpuddâsâš,8
wide,8
skogens,8
haldâttâsâst,8
jienâid,8
lávluđ,8
buffy,8
kukola,8
sumiainen,8
politikkáreh,8
hours,8
kaarret,8
risten,8
voices,8
flying,8
slam,8
premier,8
pa,8
piäccám,8
čuolmâ,8
pelilumäigi,8
seekunt,8
ááimun,8
prootoon,8
mol,8
ammoniak,8
today,8
if,8
friends,8
maŋŋeed,8
rauvola,8
vähäkylä,8
suoinijd,8
šoddâdem,8
čiivgâin,8
okkod,8
puuzah,8
siskiibeln,8
vyelipeeli,8
lemu,8
askainen,8
vahto,8
tiimaant,8
ovtâstuvâin,8
kuovgâd,8
pusula,8
rástágááh,8
etimâs,8
karjaan,8
snappertuna,8
smedsby,8
hiäivulâš,8
nomâttâsâst,8
niijtoin,8
kuovgisräänis,8
pajeuási,8
kuorgah,8
älgiđ,8
jursseid,8
syyrialâš,8
venarotta,8
vieresšlaajah,8
vuovdâin,8
heđâlmijd,8
šlaajâi,8
ränisrávdu,8
torella,8
fossalto,8
puglia,8
frentani,8
barile,8
filiano,8
vulture,8
jálukaasuh,8
castellino,8
biferno,8
vááijuv,8
lupara,8
edison,8
hammer,8
cercemaggiore,8
toro,8
adverbialeh,8
čapisčuávjiširree,8
ravgâ,8
lavgâlodde,8
kuškástâh,8
miähástuvâi,8
anchise,8
spinete,8
koorrum,8
civitacampomarano,8
iivnijd,8
dm,8
káppálâhân,8
káppáluvâi,8
campolieto,8
jotoenergia,8
täävgi,8
virge,8
vááldán,8
hammarland,8
jomala,8
kalmar,8
lumparland,8
jämsänkoski,8
luopioinen,8
haukivuori,8
poso,8
tiukka,8
raippaluotost,8
garden,8
highway,8
frankenstein,8
tiädduluptiimist,8
tiädduluptim,8
pronssimitalid,8
coriolis,8
mäddi,8
kuobžah,8
kuáládâhnjaargâst,8
castalda,8
viggianello,8
viisiir,8
ruoti,8
masseria,8
melfi,8
rapolla,8
olmoošvuoigâdvuotâpalhâšumeh,8
any,8
pelifinaleh,8
seksuaallii,8
käävciuásásii,8
lohtâšuvá,8
eŋgâlâskielâg,8
kirjeráájust,8
rakânâsâi,8
toimâttuvvâst,8
kiävttojii,8
keđgirástágâš,8
sisčääci,8
muusikân,8
marc,8
turneest,8
stuorrâfurstâkode,8
kondom,8
hispida,8
piätuelleeh,8
čabivuávláš,8
balvano,8
cancellara,8
oppido,8
campomaggiore,8
castelmezzano,8
pietrapertosa,8
tolve,8
čääšnih,8
baragiano,8
speed,8
teana,8
tuhtuu,8
episcopia,8
livealbumeh,8
ian,8
ss,8
voyage,8
nd,8
xl,8
ennenda,8
netstal,8
riedern,8
ráhtojii,8
literature,8
hoch,8
kanata,8
sou,8
cœur,8
nan,8
each,8
brave,8
dich,8
march,8
tower,8
fate,8
asteroids,8
legends,8
chuck,8
cricket,8
cyber,8
panic,8
drivin,8
frontier,8
formula,8
gods,8
killing,8
vengeance,8
maze,8
masters,8
monkey,8
control,8
terminator,8
virtual,8
wacky,8
wicked,8
tomb,8
fallout,8
shadows,8
collection,8
rollercoaster,8
page,8
sámmol,8
sobre,8
teu,8
solo,8
sons,8
día,8
mil,8
lumikivi,8
ruottâsijn,8
kievânjuolâs,8
noepoli,8
vitamin,8
sinfield,8
lávdástâlâi,8
määttä,8
wuthering,8
squire,8
pancrazio,8
donaci,8
cellino,8
kuávluluoddâ,8
oria,8
fromme,8
seele,8
ahnt,8
gott,8
hehren,8
olma,8
senta,8
ferm,8
antes,8
brasil,8
čapisrástágáá,8
ijjâvärrejeijee,8
ruoidah,8
piervâlis,8
uđâgáidis,8
kanariasuolluin,8
snaartâl,8
bukowski,8
simplex,8
png,8
kahl,8
kaltenbach,8
brethes,8
zavattari,8
michailova,8
niitsuma,8
imabayashi,8
komyo,8
kirjerájuautoh,8
nemapogon,8
carlsen,8
máálájum,8
kirkkotupe,8
vierâ,8
nyeti,8
mods,8
malmöst,8
mätt,8
puppâ,8
vađukkâš,8
čevžui,8
gorica,8
gorenje,8
raki,8
särgisoppuu,8
contarini,8
recurvirostra,8
uásádâh,8
style,7
aulikki,7
prahast,7
freddie,7
einari,7
med,7
marija,7
salam,7
malala,7
ráávhuaktivist,7
teatterstivrejeijee,7
ugrâlij,7
florence,7
tšekkoslovakialâš,7
lil,7
kreikkalâš,7
ericsson,7
stella,7
tornâ,7
káttu,7
amazon,7
herttua,7
olli,7
häämis,7
kuávluid,7
vijđoduvvâst,7
ađâi,7
koskâkieŋŋâlvuotâ,7
merhâšitteemuuh,7
avveeljuuhâ,7
suollud,7
jáávrán,7
riäská,7
eennâmuási,7
eennâmase,7
bhutan,7
kazakstan,7
libanon,7
malesia,7
nepal,7
taiwan,7
elefanttähtirido,7
acqualagna,7
fermignano,7
elefanttähtiriddo,7
kamerun,7
madagaskar,7
mauritius,7
monty,7
jottáám,7
maatij,7
áimuvuoimij,7
oonij,7
kuástideijee,7
murder,7
agugliano,7
keđgi,7
keeđgi,7
evakkon,7
makedonia,7
palestiina,7
aasian,7
meidgin,7
väldidij,7
prooseent,7
madduuh,7
iss,7
pelnub,7
campofilone,7
sárnoi,7
oovtâloho,7
maaŋgâloho,7
koŋruens,7
nomineh,7
noomin,7
quantity,7
diane,7
sänikirjeh,7
suvi,7
generation,7
almostit,7
tuhhit,7
vuástásâš,7
ráhtus,7
tuođâliih,7
tábáhtusâin,7
kolgâččij,7
maajeeb,7
camerano,7
sirolo,7
ristâliih,7
tihtâkirje,7
tiivtâi,7
tiivtâst,7
kieđâvuššum,7
tiiŋgah,7
ärbivuáváliih,7
puátteevuođâst,7
kolgâččii,7
antigua,7
maarit,7
avaskari,7
apecchio,7
montefano,7
njargâeennâm,7
egyptlâš,7
ovdâmeerhah,7
vyelijuávkun,7
mauritaniast,7
ohtâvuotâ,7
uálgispeln,7
merkkejeh,7
arkansas,7
ru,7
bette,7
sean,7
luca,7
vuoijâđ,7
kaspiameerâ,7
uánihumos,7
aanaarjuuvâ,7
fiastrone,7
arrondissementân,7
luke,7
ääših,7
kártáh,7
timothy,7
tuálvui,7
kiellâd,7
marconi,7
bolognola,7
roolah,7
etnisâš,7
cessapalombo,7
pioraco,7
loreto,7
chadwick,7
montemarciano,7
colmurano,7
urbisaglia,7
again,7
falcon,7
september,7
iävtukkâsvuođah,7
ecuador,7
maailmubâlâšvuođâ,7
jiešvuođâi,7
kyehtlov,7
teedâ,7
koorâs,7
kaasuh,7
jutila,7
sorvali,7
tiettui,7
ovdánâm,7
oskolduv,7
oskolduvlâš,7
irâttâm,7
nuorttii,7
siäilui,7
jiečânâsvuotâ,7
máárjá,7
totken,7
pargoh,7
eurokuávlun,7
nevada,7
ovdánij,7
pááru,7
jukola,7
puáccám,7
siijdân,7
kauniainen,7
littotäsiväldi,7
virgepaje,7
euro,7
zuckerberg,7
fermana,7
patrizio,7
fidži,7
campi,7
fonte,7
jienâduvah,7
rosario,7
katolilâš,7
torjuu,7
hat,7
victory,7
whaley,7
diftoŋeh,7
diesbach,7
hätzingen,7
leuggelbach,7
nidfurn,7
giberto,7
riddokuávluin,7
konsonantij,7
päikki,7
powers,7
faith,7
mercedes,7
pikku,7
hankala,7
mustila,7
vuolijoki,7
sauvala,7
mulkoila,7
nummenkylä,7
tábáhtuveh,7
rievtis,7
idaho,7
nerkoo,7
valkeamäki,7
lehtovaara,7
čiččâdin,7
monâttij,7
suojoki,7
presente,7
passato,7
loppâ,7
short,7
politics,7
calling,7
testament,7
monsano,7
šoddâmist,7
http,7
lands,7
ovdebáin,7
kuálástem,7
vuoigâdvuođâ,7
killáá,7
šoodâ,7
tamperen,7
ruotsula,7
virded,7
táválumoseh,7
kaavpughovdâ,7
vehkalahti,7
herttuala,7
riku,7
kasmir,7
katri,7
ovdâl,7
kauniaisii,7
nairobi,7
uhuru,7
iijâ,7
kieldâsämikielâ,7
volgograd,7
kilbisjävri,7
lassila,7
čácáduv,7
vyerkkejum,7
oroh,7
sijjân,7
puohlágán,7
keppisub,7
tekstâ,7
váldám,7
puohháid,7
loostân,7
peking,7
váráduvâst,7
kiirjâgloddááš,7
kangaskylä,7
saarenkylä,7
kiribati,7
koivujärvi,7
laukkala,7
vuolle,7
sepänkylä,7
koivula,7
ruokojärvi,7
almottiđ,7
siäiluttiđ,7
svonni,7
skoglund,7
permilij,7
amnâsijn,7
saahâ,7
muorah,7
prefektuurân,7
ekonomâlii,7
kroatiast,7
juovij,7
minnesota,7
ruona,7
tuiskula,7
kuuba,7
ruškisräänis,7
skandinaviast,7
uážžuh,7
pääcciđ,7
norá,7
vieresšlaajâ,7
válduášálâš,7
juuhân,7
aijui,7
iällám,7
halijdeh,7
lädikuávská,7
cuobbuid,7
stuárráábij,7
lodden,7
läänin,7
šoŋŋâduv,7
vyelituárnus,7
maunula,7
hartikkala,7
haapakoski,7
harhala,7
katriina,7
lehtolainen,7
kiiskilä,7
rijjâvuotâ,7
liivikielâ,7
virokielâ,7
tor,7
ärbivuáválii,7
native,7
luándun,7
pääihi,7
bermuda,7
väridum,7
uruguay,7
lokka,7
ahasâš,7
göökte,7
pollenza,7
malvaldi,7
massimo,7
eŋgâlâskielâlâš,7
morte,7
silence,7
nijttomarikielâ,7
für,7
oovdedmân,7
ráámmát,7
wake,7
eenis,7
suin,7
faŋgâlân,7
marjoniemi,7
combatte,7
montecopiolo,7
ortezzano,7
scalo,7
tommaso,7
montedinove,7
forcella,7
vallgrund,7
södra,7
njobžâvääri,7
tárguttâssân,7
neptunus,7
tooimâst,7
ivvááš,7
elleeplaŋkton,7
puárisin,7
kočâtteh,7
soojij,7
uánihávt,7
ovttáin,7
romanijd,7
nooveelčuágáldâh,7
dd,7
kiäisárkodde,7
lappâd,7
oregon,7
efter,7
pescara,7
ovdâskoddeest,7
meridiđ,7
njuámu,7
virus,7
kuhás,7
yliskylä,7
uáinust,7
petroskoi,7
coste,7
saksala,7
sikilä,7
suomenkylä,7
eknäs,7
toohâm,7
tuáru,7
čaasijn,7
vuáskun,7
cissááh,7
tijmed,7
euraasia,7
piervâlân,7
piäsádâh,7
cissááš,7
määihli,7
sis,7
tuodâr,7
six,7
latium,7
roomast,7
kossâ,7
siemâneh,7
rievti,7
viirgán,7
right,7
jimmy,7
veszprém,7
almaid,7
sajos,7
pihlajaniemi,7
piejâi,7
ävkki,7
väljejii,7
honkola,7
tammi,7
paasniemi,7
ruokoniemi,7
vuokala,7
ruukki,7
glasgow,7
bratislava,7
sofi,7
society,7
toollâm,7
liävtu,7
ruopsisruškâd,7
kuovgâduboh,7
puolast,7
eellimpirâsin,7
maađhijd,7
mieđettâm,7
miäcástemäigi,7
falls,7
vyeimih,7
kuođij,7
kritikkáreh,7
miinuut,7
raiders,7
ivnáás,7
jurassic,7
näliolgoštem,7
vaikuttâsâid,7
kalgeh,7
almolijd,7
piäluštâsvuoimij,7
moiguin,7
vuoigâdvuođáid,7
nierah,7
čäittiđ,7
kaavpuguási,7
tuoddârijn,7
sieivâsuáhi,7
tuodârsuáhi,7
sonjosuáhi,7
skierri,7
nana,7
roobdâin,7
juvduujuuvâ,7
jiešhaldâšem,7
liikola,7
uápuh,7
steinar,7
oovtâkiärdánis,7
fennoskandiast,7
värisaavâjođetteijee,7
viiljah,7
aalmugtiettuu,7
riäntus,7
lappalaisten,7
polo,7
kaavpuguásán,7
čuákkipääihist,7
salcito,7
torinost,7
salt,7
göteborg,7
lohilahti,7
miettilä,7
tšeekikielâ,7
škoovlâin,7
tšerkasy,7
tavenuorttâ,7
ulâštooŋâs,7
forgotten,7
venetsiast,7
estonian,7
iberia,7
espanjan,7
hitásávt,7
suvroduv,7
hoittáđ,7
viste,7
peesâ,7
itä,7
lihâstâs,7
poolis,7
uccánâm,7
nigerialâš,7
ihásii,7
claes,7
suutarla,7
máátkán,7
torvolávt,7
adolfo,7
lópez,7
pietrarubbia,7
tavullia,7
cartoceto,7
montelabbate,7
huámmášumán,7
perulâš,7
alf,7
jaroslav,7
heyrovský,7
peary,7
amano,7
tuula,7
scarlett,7
mottelson,7
end,7
pusa,7
altman,7
ivvár,7
aksel,7
aland,7
vernik,7
ovdâskoddevaaljah,7
porter,7
liberialâš,7
dietrich,7
lucy,7
watts,7
tallulah,7
avogadro,7
sari,7
guy,7
václav,7
seydoux,7
čaabâkirjálâšvuođâ,7
augusto,7
kihnu,7
bao,7
puásuiolmooš,7
ristâ,7
burdžanadze,7
harris,7
laurence,7
ōnakatomi,7
planck,7
marielle,7
elof,7
bassey,7
andalusialâš,7
leevi,7
labba,7
mozart,7
epper,7
yin,7
ulf,7
ning,7
lillian,7
holmgren,7
hannah,7
ruska,7
harila,7
hannigan,7
valter,7
sugawara,7
aalmugpeivi,7
bu,7
šleđgâlâš,7
fernández,7
climber,7
čuojâtteijee,7
galkina,7
lasse,7
maila,7
rockjuávhu,7
øyvind,7
namco,7
born,7
josef,7
frédéric,7
émile,7
institut,7
droit,7
eila,7
dawla,7
sutherland,7
grahame,7
olympiavyeittee,7
adrian,7
eco,7
paavo,7
martínez,7
valastâllee,7
winger,7
qualley,7
manuel,7
martini,7
anthony,7
evans,7
rasi,7
máhtte,7
argentiinast,7
petr,7
jeongjong,7
outi,7
ren,7
shu,7
hietaniemi,7
elisabet,7
tooimâid,7
nastola,7
jurvala,7
heikkola,7
kaivola,7
ojainen,7
kirdemmooduul,7
luvia,7
tórshavn,7
färsuollui,7
english,7
motion,7
vuossâmuin,7
mainâsijn,7
vuábdá,7
business,7
valmâštem,7
microsoft,7
touch,7
channel,7
käävpi,7
juhleh,7
yule,7
pessijái,7
paapah,7
mtv,7
charlie,7
pajanem,7
pyerediđ,7
čivgâ,7
jođetteijeeh,7
lasetteh,7
amnâsist,7
hotellist,7
siijdâi,7
pieijii,7
kavnii,7
iäláttâhân,7
tieđâ,7
sirdá,7
bell,7
kategoriast,7
vyeittein,7
algâttiđ,7
molsođ,7
dave,7
payne,7
furious,7
kyle,7
taištâlij,7
kappeer,7
maŋeláhháá,7
tiättám,7
iveääigi,7
leat,7
kirjálâšvuođâpalhâšumán,7
acqua,7
kuheskirkko,7
ođđa,7
jienat,7
uásálisted,7
everything,7
mountain,7
tahheevuoigâdvuođâ,7
nilsen,7
konserteh,7
adjágas,7
čuojât,7
work,7
ovdâmerkkâ,7
siemin,7
jesânijn,7
tieđe,7
museo,7
nooveelčuágálduvah,7
discworld,7
vildá,7
band,7
lappui,7
rähtiškuođij,7
riđđu,7
party,7
njellimist,7
puáttim,7
äänekoskin,7
sumiaisii,7
saloinen,7
varrijn,7
iävtuttâm,7
fáddán,7
ruškiskirjáá,7
vajâldeh,7
miestui,7
tiälkku,7
boda,7
vartsala,7
kyrö,7
takala,7
palmer,7
valjeeht,7
ioni,7
bakteereh,7
vetyst,7
siävus,7
reaktio,7
pitái,7
rom,7
lávlumuásán,7
vuoššâđ,7
pehti,7
leeibi,7
maalih,7
muorâin,7
tipšom,7
kuškâdum,7
muorjijn,7
čaitâlmist,7
gary,7
window,7
thief,7
tarvasjoki,7
cuoŋŋuu,7
suhâpele,7
orespuásui,7
njuámmileh,7
muottuu,7
šodâdijnis,7
veigin,7
jåma,7
trøndelag,7
saemien,7
mondo,7
amore,7
serve,7
cause,7
nirppi,7
skyelfi,7
oppuuluudij,7
kuggböle,7
riämnjá,7
kulo,7
fysikkáreh,7
tipšo,7
hiđes,7
askaisii,7
kajala,7
uáinojeijee,7
omâs,7
čiiđâst,7
graafiit,7
ravâdâssân,7
kuoškkärigáá,7
rááđuid,7
pessejeijee,7
uskela,7
bollstad,7
pensar,7
kiđđâ,7
moskovast,7
bredvik,7
seervist,7
valkjärvi,7
pivnohist,7
pirrâmpeivid,7
pirrâs,7
kirdeh,7
cupra,7
grottammare,7
spinetoli,7
monteprandone,7
čuásku,7
ryevdin,7
oksid,7
palmiano,7
čiivgâi,7
háitulâš,7
campomarino,7
rotello,7
pietracupa,7
tavenna,7
collecroce,7
vuállán,7
tifernina,7
čalmeestoonnum,7
hiäjulum,7
gordon,7
shannon,7
gildone,7
riccia,7
hambur,7
tirlihhááš,7
uccâčevžuš,7
mendelejev,7
tievâslávt,7
stuáru,7
jeggiširreš,7
čalmaah,7
alpina,7
ohtâduvah,7
sárgáá,7
piäippáinij,7
juávhui,7
oratino,7
aalmuglâšlavluu,7
pottâšist,7
amnâsmeeri,7
staađâ,7
vaigutteijee,7
šleđgâmagneetlâš,7
kaava,7
puorijd,7
äigipaje,7
viestâreennâmlâš,7
föglö,7
lemland,7
kuorevesi,7
valtimo,7
elephant,7
mulholland,7
algâalgâlávt,7
getting,7
árvuštâlmijd,7
dune,7
cannes,7
elleekovejuuhlijn,7
piegâ,7
posoh,7
šelgon,7
kings,7
aasâ,7
merâvirde,7
merâvirdeh,7
tahheeh,7
trono,7
pignola,7
senise,7
orivesin,7
muiredach,7
lavello,7
olmoošvuoigâdvuotâpalhâšume,7
rijjâvuođâ,7
which,7
fear,7
säittišlivgimist,7
raađhâkaččâmeh,7
njomâtteijeid,7
ateena,7
tuárjuh,7
várdámtooimân,7
várdámtooimâst,7
jurssei,7
njuámmuđ,7
finnodâhulmuuh,7
tutkâmušâi,7
pispekodde,7
kuovskâsij,7
morhedui,7
tevkisruškâdeh,7
sämioppuu,7
njomâtteijei,7
jyelgi,7
tálvástâleh,7
viäđŋásij,7
sanniittâsah,7
uápásmij,7
odyssey,7
tonight,7
čapisviäđŋásâš,7
váivášviäđŋásâš,7
very,7
klamydia,7
njälmiseeksist,7
seksitavdâ,7
kirdemjienâ,7
kristina,7
pištám,7
maschito,7
tuntematon,7
sotilas,7
castelgrande,7
lagonegro,7
nemoli,7
rivello,7
champions,7
races,7
trecchina,7
brienza,7
trivigno,7
uccâčäšni,7
jienniis,7
pááihui,7
ruvo,7
vietri,7
sannim,7
jienâttem,7
sarconi,7
rapone,7
eden,7
unknown,7
vuolgijn,7
wetton,7
mirhâlâšvuotâ,7
máddááh,7
sandwichsuolluuh,7
landsgemeinde,7
square,7
paradise,7
burning,7
strange,7
alliance,7
humans,7
unser,7
noi,7
mano,7
car,7
sans,7
fa,7
build,7
din,7
ia,7
shall,7
mighty,7
ak,7
hope,7
ra,7
nossa,7
alpha,7
arkanoid,7
fortress,7
crusader,7
galactic,7
bomb,7
bug,7
cannon,7
castles,7
squad,7
conflict,7
middle,7
curse,7
galaga,7
dungeons,7
fifa,7
fury,7
tail,7
effect,7
gravity,7
heretic,7
hexen,7
horror,7
hawk,7
crusade,7
set,7
monopoly,7
terror,7
nobunaga,7
pat,7
requiem,7
fx,7
poker,7
suicide,7
teenage,7
turtles,7
tetris,7
gt,7
ufo,7
zool,7
battlefield,7
canyon,7
dig,7
strategy,7
thieves,7
msx,7
deus,7
electro,7
oddworld,7
annihilation,7
cranston,7
counter,7
bandicoot,7
kietâkonsoleh,7
haver,7
marchons,7
bêchons,7
formons,7
mourir,7
bicolor,7
hermosa,7
feliz,7
tierra,7
aras,7
repetir,7
sagrado,7
tú,7
ruottâsijd,7
maaŋgâihásâš,7
vuojârääsi,7
cissáátiivgâ,7
kuolbâsälttisyeini,7
iävru,7
paprika,7
juvelius,7
tramutola,7
čuojâttem,7
tongues,7
tuárjui,7
rieflin,7
museokoortâ,7
palma,7
uusiautti,7
populaarmuusik,7
amada,7
gonzález,7
heiviittâm,7
tieđettemčáálus,7
messapica,7
torchiarolo,7
fasano,7
tornadoi,7
fujita,7
sáŋgár,7
kiddejum,7
kanariasuolluid,7
witcher,7
peivivärrejeijee,7
vaddâsijn,7
fiskispešnirihháá,7
čiähusist,7
suuhhâd,7
pont,7
haliday,7
fabricius,7
drosophilidae,7
kuobârčuoškah,7
mycetophilidae,7
stannius,7
lindner,7
orientalis,7
vogel,7
pakalniskis,7
sanabria,7
arevalo,7
czerny,7
hirvenoja,7
shobanov,7
correia,7
trivinho,7
strixino,7
siirin,7
inoue,7
eaton,7
jezek,7
currie,7
kirjerájučuákki,7
kirjerájučuákán,7
čuáki,7
kirjerájučuákih,7
monopis,7
tiden,7
nissen,7
okapi,7
taažâšt,7
porthááh,7
nyetti,7
instituto,7
estudios,7
peruanos,7
mustasaarin,7
láávžámyerji,7
vyelesiijdâ,7
marker,7
enâmid,7
rrvuei,7
almostuveh,7
vyevdičiävžui,7
peskâ,7
loddenommâlistoost,7
lanius,7
ryevdikuálmihâš,7
mocenigo,7
seepra,7
rbaycan,7
vildâšave,7
stuorrâlodde,7
rennebu,7
valjâpirrâduvah,7
jienâvuoigâdvuotâ,7
valjâluvâttâlmân,7
tavekaaloot,7
solid,6
ejiofor,6
čaittâl,6
zimmer,6
erwin,6
samantha,6
eŋlandlii,6
pedretti,6
hannes,6
coleman,6
kroto,6
rolf,6
ina,6
sebastian,6
kenichi,6
stávránjuškejeijee,6
hirvonen,6
israelist,6
martinus,6
seaborg,6
jong,6
ashkin,6
burkinafasolâš,6
klug,6
ovtâstuvvii,6
cokkânii,6
tuššâdum,6
saavâjođetteijeevuotâ,6
ulâttij,6
jim,6
mountbatten,6
zimbabwelâš,6
nykänen,6
vyelemuu,6
staatâid,6
haaldâš,6
vaarjâg,6
ryevdikuálááš,6
afganistan,6
bangladesh,6
fossato,6
kukká,6
komoreh,6
clara,6
pärnivuotâ,6
luoppâđ,6
morhe,6
njuolgâdusâi,6
emilio,6
halla,6
puállái,6
váráduvah,6
eennâmtieđâlávt,6
ohtâlâs,6
väldidiđ,6
tommit,6
täälvih,6
almaidittum,6
mir,6
cape,6
www,6
web,6
making,6
komovuotâ,6
ume,6
plummer,6
kuobârpoolvâ,6
kuávlukielah,6
kieldimverbâ,6
koŋruistiđ,6
katkismus,6
phonetic,6
ylikoski,6
ante,6
proceedings,6
vom,6
aus,6
lappischen,6
dialekt,6
giellagas,6
teevstah,6
morfologisii,6
kávná,6
feilâ,6
puástu,6
nubij,6
haamijd,6
offagna,6
pyrenij,6
portugalkielân,6
tyellitälli,6
teevstâ,6
rávhálâš,6
uhke,6
vaje,6
siämmáálágánin,6
anu,6
piobbico,6
puddâ,6
montecassiano,6
algâalgâliih,6
there,6
tavenuorttii,6
maltakielâ,6
sudanist,6
indoeurooplij,6
unión,6
mas,6
kurhila,6
viestârbeln,6
persovnlâš,6
áinoošlajâsâš,6
kieldâi,6
riddo,6
artikla,6
eenikielânis,6
aŋŋel,6
puustavoornigist,6
barack,6
stadt,6
rené,6
raajij,6
pace,6
bradley,6
brad,6
julie,6
aalmugân,6
zürichist,6
viettih,6
aaleeb,6
vuáláčaalij,6
gore,6
steers,6
burundist,6
muccia,6
sefro,6
frontone,6
moria,6
castelbellino,6
pianello,6
stazione,6
numana,6
castelplanio,6
piagge,6
muusikvideoh,6
esi,6
col,6
juátkám,6
oxford,6
express,6
uáivipersovn,6
pozzo,6
petriolo,6
dakar,6
iivne,6
pivdeh,6
taheh,6
rotten,6
tomatoes,6
árvustâlmist,6
miättáseh,6
dominikaanisâš,6
lovváád,6
samojedikielâ,6
loovdâ,6
stuáruduv,6
saijaavuotâ,6
kieldáid,6
kiteest,6
toovláš,6
islamlâš,6
tagarin,6
central,6
ruávinjaargâst,6
casle,6
tievâsmittemškovliittâsâst,6
vuáđulavâlâš,6
navarra,6
masaba,6
epidemiah,6
rocchetta,6
kirjálii,6
tihtâantologia,6
internet,6
villanova,6
corrado,6
urano,6
castagna,6
joskâđ,6
opera,6
state,6
conquer,6
china,6
juurdâ,6
šlaajân,6
nomâlâssân,6
musta,6
columbus,6
ahola,6
kanala,6
heiviittuu,6
santala,6
nuottij,6
bonham,6
pyeremusávt,6
antropolog,6
vuosmuin,6
från,6
metropolkuávlust,6
vijđánij,6
holland,6
fine,6
kids,6
kieldâkuávdáš,6
korpikylä,6
hämeenkoski,6
taveviestârân,6
kantola,6
vuorentaka,6
kyttälä,6
sappee,6
vitsiälä,6
tutkâmân,6
artikkâlist,6
kyevtilovo,6
vettee,6
data,6
varpanen,6
olá,6
tergâdumoseh,6
olgoštem,6
ku,6
taaiđâ,6
torino,6
lovnâsaanijn,6
bi,6
vu,6
lasettui,6
find,6
lethal,6
iirât,6
vuoimijd,6
grazie,6
šoŋŋâdâhnubástus,6
kovero,6
uimaniemi,6
betty,6
lyeddejeijee,6
juulevsämikielâ,6
ordbok,6
lasanii,6
šalde,6
kuolbâmeecijn,6
tipšuu,6
leesmi,6
lindqvist,6
honkala,6
kerkkola,6
sajestis,6
hehtaar,6
kaalekielâ,6
vokalid,6
konsonantid,6
hirvisaari,6
kaluga,6
kuhmalahti,6
keljo,6
päikkisijđo,6
vanha,6
ee,6
hovdân,6
pelkola,6
kenya,6
jomo,6
het,6
liesjärvi,6
leningrad,6
finlands,6
lehnwörter,6
oovdedmist,6
puárrásub,6
tromssa,6
pelkosnjaargâ,6
jieijâslágán,6
äkkilsämikielâ,6
tavesämikielâ,6
čáittuseh,6
lovmat,6
tutkum,6
miin,6
anarâšâin,6
jotkâuási,6
kittilä,6
maađij,6
kokkolain,6
eenâblovokiellân,6
kyevtkielâlâžžân,6
barruk,6
sárá,6
nina,6
permiliih,6
kielâsosiologlâš,6
identliih,6
lovnim,6
kočodiđ,6
träskböle,6
lovoh,6
väldimeerân,6
krasnodar,6
seppo,6
kuhmoisii,6
leppälä,6
ylijoki,6
jurva,6
ruošân,6
salmo,6
njuolgâd,6
loválâš,6
garrulus,6
pyere,6
šiiljon,6
historjálâš,6
lieggee,6
korpijärvi,6
lamminkylä,6
övermark,6
ihalainen,6
kiiala,6
lipiälä,6
mustola,6
sunila,6
tujula,6
vainikkala,6
ruha,6
riika,6
aalmuglâšlodde,6
äijälä,6
raavâdviäsu,6
kyelišlaajah,6
halola,6
vilna,6
kettunen,6
helsingin,6
kalevi,6
whale,6
living,6
schuster,6
daughters,6
čuolmâid,6
historján,6
siämmáid,6
identiteet,6
muštâlusâin,6
teemaid,6
siärváduv,6
mäccih,6
vyeittiđ,6
suomessa,6
lipetsk,6
guam,6
puerto,6
färsuolluuh,6
maadânuorttii,6
wallis,6
alapää,6
luosah,6
hampshire,6
vađukkááh,6
täsimolsom,6
grammatikk,6
eliel,6
purrâmušohjelm,6
åminne,6
máttám,6
lyevi,6
césar,6
room,6
kobdodâh,6
ryeššilijn,6
tscheremissischen,6
cseremisz,6
phonology,6
ohtâvuođâin,6
kuálhismeerâst,6
párnáikiirjijd,6
aalmuglâšriehtiaktivist,6
pärnivuođâst,6
iäránem,6
aasáin,6
need,6
angeli,6
kovala,6
tikkala,6
vehmaskylä,6
pero,6
tate,6
chi,6
cavallo,6
rsm,6
jođettem,6
ski,6
cat,6
kukken,6
js,6
neeneeckielâ,6
piäiváškoddeest,6
uánádâs,6
zur,6
jämimis,6
fra,6
kind,6
beaivi,6
sämikielâlâš,6
eellimpirâsvátámušah,6
ponne,6
ráávdu,6
meeinih,6
taveláá,6
kyelisieidi,6
lää,6
villikkala,6
rasmus,6
kuusjärvi,6
tááláin,6
koronapandemia,6
aiccum,6
alosâš,6
standard,6
raavvâdamnâseh,6
peesist,6
haukka,6
mask,6
rikolii,6
kuávdoo,6
joreh,6
almolii,6
taasnij,6
koolmâs,6
baggböle,6
bunny,6
oterma,6
cuobbuuh,6
kuuđđâm,6
suájást,6
fáállun,6
läällim,6
eennâmpajanem,6
kuosâvyevdih,6
muttojeh,6
saloisii,6
pattijoki,6
vihanti,6
väldimeerâst,6
onze,6
nihattula,6
ranttila,6
castelnuovo,6
bremen,6
kobe,6
sverige,6
tavegermaanlâš,6
connor,6
marilyn,6
tuávádâh,6
aherääji,6
sámisoster,6
inspiraatio,6
elleekovekietâčällee,6
uápásmui,6
taidâreh,6
politiikist,6
schmidt,6
saratov,6
sotto,6
tyrisevä,6
meskala,6
pohjakylä,6
leiniälä,6
anttola,6
karvila,6
paakkunala,6
silvola,6
punkaharju,6
savonranta,6
seinäjokin,6
novgorod,6
kerälä,6
rantsila,6
koper,6
puhdistus,6
omâstem,6
vuorenmaa,6
versioh,6
siäivummooduul,6
pieijum,6
siskáldâs,6
páálu,6
uŋgarist,6
ohtâgâs,6
väzziđ,6
páárhu,6
uces,6
pennuu,6
kállás,6
shining,6
seven,6
uusâi,6
jaws,6
pajedij,6
third,6
tuámustoovlih,6
riehti,6
njuolgâdusah,6
albumân,6
lahkin,6
vuolâ,6
kärkkäälä,6
vyelipirrâdâh,6
suávvileh,6
kuuđđâmahan,6
kierinki,6
bachelor,6
puásuituálu,6
sämicissáá,6
koskâvuođâst,6
nuorgam,6
tollum,6
tääbbin,6
noonâ,6
tuomo,6
ááigui,6
čuovviittâsseervi,6
kuáládâhnjaargâ,6
hirvikoski,6
torinese,6
köln,6
puohâin,6
hammim,6
muumih,6
suuri,6
family,6
kirovohrad,6
rivne,6
tšernihiv,6
tšernivtsi,6
vinnytsja,6
uljanovsk,6
viehâvis,6
karuna,6
gulbme,6
jah,6
xiv,6
province,6
sud,6
elna,6
mietipiäiván,6
ve,6
grünthal,6
ässeelovoin,6
vááijuvváldálâš,6
laavâst,6
eu,6
tiävdá,6
senatist,6
sakai,6
wisconsin,6
wyoming,6
áigu,6
čuovjâdeh,6
almajin,6
paajii,6
ármuttemes,6
hälbi,6
coregonus,6
šaapšah,6
kärttih,6
netflixist,6
kaja,6
mellilä,6
mariah,6
sharon,6
montecalvo,6
foglia,6
tavoleto,6
mombaroccio,6
emmanuelle,6
harvey,6
rice,6
taveirlandlâš,6
tallchief,6
osagelâš,6
lenita,6
airisto,6
viking,6
kirgisialâš,6
tautou,6
alvar,6
lang,6
hamsun,6
isamu,6
akasaki,6
terttu,6
arajärvi,6
pacheco,6
márquez,6
eija,6
tattoo,6
tutu,6
rääsi,6
dunham,6
hideki,6
elinor,6
camilo,6
gakharia,6
lyytikäinen,6
hammarskjöld,6
abramov,6
wayne,6
skuvla,6
flavia,6
choe,6
ngwenyama,6
hartman,6
arp,6
moore,6
giga,6
dokumentelleekovestivrejeijee,6
sjöström,6
merabišvili,6
heike,6
kamerlingh,6
onnes,6
lucien,6
jensen,6
winchester,6
stuart,6
japarov,6
mans,6
aini,6
melanie,6
magdalena,6
kvirikašvili,6
kalevala,6
hess,6
pinochet,6
estonia,6
else,6
vázzám,6
nicholas,6
earl,6
selman,6
paŋkki,6
wham,6
togolâš,6
aldous,6
sven,6
egil,6
viäsu,6
samiske,6
director,6
ariwara,6
gargano,6
paulette,6
hemsworth,6
frederik,6
orseolo,6
aarno,6
jyelgipálluspellee,6
virolog,6
honoré,6
jovnna,6
dae,6
måsø,6
bucks,6
xun,6
ellis,6
irwin,6
paseolmooš,6
mgaloblišvili,6
willard,6
angelina,6
ucâmuš,6
bakhtadze,6
abruzzo,6
kiddoduv,6
tawakkul,6
amy,6
eennâmtuárgástâsâst,6
aapo,6
chamberlain,6
guglielmo,6
muštopeivi,6
ristiina,6
pearl,6
buck,6
čuákkim,6
diop,6
cristina,6
ludvigsen,6
mikkelsen,6
royale,6
selznick,6
melia,6
percy,6
siegbahn,6
charisma,6
alder,6
čyeđeh,6
animaattor,6
grier,6
élie,6
christoph,6
allende,6
maailmsuáti,6
sarabhai,6
gabicce,6
lindberg,6
sylvester,6
miika,6
makoto,6
ailonieida,6
willy,6
konferens,6
sosiaal,6
franz,6
wo,6
jaan,6
agronom,6
gabriela,6
ocean,6
marianne,6
pire,6
arkeolog,6
geoffrey,6
oduye,6
uárjivuotâ,6
kieldum,6
beulah,6
bondi,6
kunâgâskoodán,6
tihtâkirjestis,6
nurâldâhskiäru,6
peivij,6
veli,6
jingda,6
deyu,6
pipin,6
taras,6
shar,6
tulve,6
komovuotâornijdume,6
explorer,6
haldâttâhtuámustovli,6
malmö,6
ruvnájui,6
natale,6
päivi,6
rong,6
marjatta,6
bysantlâš,6
kaisu,6
alabamast,6
teatterist,6
juovlâpeivi,6
rijjâvuođah,6
olmoošvuoigâdvuođah,6
käkölä,6
rahkola,6
sutela,6
valtola,6
antola,6
kuivanen,6
maskulainen,6
suikkila,6
liputtempeivid,6
metsola,6
nokkala,6
pettilä,6
jäppilä,6
kantala,6
oittila,6
leopold,6
keys,6
movie,6
vuot,6
kiärdoo,6
kuávdášlâš,6
saatij,6
halijdáin,6
kiiváár,6
sáárnui,6
mickey,6
mouse,6
recordsáin,6
circus,6
pyevtitmist,6
äigimuddo,6
joulu,6
keevâtlávt,6
valjaas,6
perruuh,6
läävejeh,6
jurgâlem,6
studios,6
čaittui,6
jotkum,6
sub,6
poojij,6
omâsteijee,6
huutkâi,6
reiss,6
rich,6
huáđđoin,6
väädis,6
kollehovi,6
hämäläinen,6
tuuveest,6
inglourious,6
basterds,6
tiäđuid,6
ráhtojeh,6
spellâm,6
vuoptah,6
kuohtuid,6
uásálisteh,6
piälušt,6
kuobbâreh,6
eennâmlii,6
ruttâpalhâšume,6
kaaraat,6
stivrejeh,6
teknisii,6
eight,6
joy,6
autopäärtist,6
jeff,6
čaaitij,6
muumi,6
nipso,6
nisonieidâ,6
muumileevi,6
neeta,6
jääskö,6
kenny,6
rahtijn,6
stick,6
whole,6
ima,6
singlest,6
cantagallo,6
montemurlo,6
vaiano,6
västerby,6
malm,6
ristimäki,6
huovinen,6
álttár,6
quijote,6
poođijn,6
duottar,6
tahheevuoigâdvuođâi,6
vilddas,6
tuállojii,6
festivaalist,6
housest,6
oxfordist,6
märtha,6
lovisa,6
kihlom,6
hiisi,6
nature,6
everybody,6
bang,6
toimâttem,6
kuávdášseervist,6
domhnall,6
jayavarman,6
sámiid,6
koikkala,6
mannila,6
kitula,6
pellilä,6
muirchertach,6
stuáruduvâs,6
vyeliuási,6
pirâstit,6
salvum,6
muita,6
gájanas,6
lávlumkištoost,6
woods,6
nuit,6
kaunis,6
jotkâsuáđi,6
vyeimist,6
prosody,6
association,6
čielgejum,6
kukko,6
rehtorin,6
vittii,6
iävtukkâssâd,6
golbma,6
kauvatsa,6
vitikkala,6
suontaka,6
paajala,6
kolgii,6
mieđâi,6
help,6
body,6
meccikänilodde,6
kirjáás,6
syejeest,6
čuhčá,6
čokkâneh,6
torhola,6
rahi,6
lempoinen,6
sovjetliiton,6
sillankorva,6
tuomarla,6
zakharova,6
ákku,6
drama,6
visteliegâsvuođâst,6
tarbâšeh,6
luovvân,6
iälánáid,6
ovtâstâh,6
alkaalmetalleh,6
čassijn,6
šoddâdiđ,6
valmâštuvvoo,6
brit,6
give,6
reality,6
streets,6
lean,6
suápih,6
ulda,6
treasure,6
lei,6
jiešvyevih,6
ruávdán,6
nuurrâđ,6
sääpi,6
aŋŋelist,6
boinein,6
källein,6
oovsijd,6
patricia,6
laukola,6
sydänperä,6
čoogijn,6
eŋlandân,6
pirrâsân,6
gulo,6
kepileh,6
keeđhih,6
muorâkaardijn,6
ragazza,6
franciscost,6
kárbást,6
riävtui,6
mustela,6
nivalis,6
vulgaris,6
aalmugškovlâmáttáátteijen,6
tihtâčuágálduvah,6
kiukainen,6
rajalahti,6
lasanemäigi,6
peeljij,6
huámášâm,6
taavgijn,6
vuájui,6
alexandra,6
pieđgân,6
koljola,6
háituliih,6
aanaarlâš,6
muoldâgeh,6
kairinen,6
kallela,6
kieŋâlis,6
pilot,6
pieijâđ,6
kovalentlâš,6
epitáválâš,6
amnâsij,6
reaktiost,6
boreaallii,6
skandinavia,6
kiäsádâđâi,6
hiittisii,6
biskopsö,6
gästerby,6
hulta,6
kiila,6
syvälahti,6
torsböle,6
talola,6
kaskisto,6
turunmaa,6
domarby,6
berghamn,6
sovâdâttâmkomissio,6
sare,6
rr,6
cathal,6
sammatti,6
karjalohja,6
miemola,6
vesterby,6
svenskby,6
backa,6
oravala,6
meccikavrâs,6
senttimeetterid,6
siähálâsvuovdijn,6
haga,6
långvik,6
lihâdiđ,6
čiäppát,6
järsö,6
puolimatka,6
trontost,6
liške,6
amnâsmolsom,6
ryevdist,6
kristalrááhtus,6
within,6
meerhah,6
maltignano,6
folignano,6
petacciato,6
portocannone,6
ururi,6
trigno,6
celenza,6
roccavivara,6
montelongo,6
siähus,6
montagano,6
aatoommassa,6
sukkâr,6
vildáskâm,6
gambatesa,6
ys,6
pierce,6
muulsâiävtulâš,6
kolme,6
seelgi,6
riddoluudij,6
baranello,6
tevkkâdub,6
nubbijn,6
telluur,6
kuovskâseh,6
troposfáár,6
čalmai,6
terje,6
tuáistáážân,6
koorâst,6
casalciprano,6
kolgâm,6
valjeest,6
čielgiđ,6
čielgij,6
castelbottaccio,6
gravitaatio,6
čielgitávtáliih,6
guardiaregia,6
campochiaro,6
sepino,6
jieččân,6
vijđánem,6
juáhhojii,6
siilbâ,6
ferrazzano,6
wimbledon,6
bojano,6
geta,6
väster,6
hästö,6
patala,6
ajostaipale,6
eväjärvi,6
kulju,6
längelmäkist,6
solttila,6
laasola,6
halkivaha,6
kylä,6
ikaalisii,6
pasila,6
cruz,6
lihâdeijee,6
ovdebeh,6
cercepiccola,6
jaamijn,6
tiädduluokkaast,6
silbâmitalid,6
joreha,6
resolution,6
tme,6
pesco,6
diarmata,6
missanello,6
arcangelo,6
laino,6
cellach,6
balhae,6
maarianhamina,6
ryeššilij,6
meccikuávluin,6
kárgámpeivi,6
várdám,6
šoddâdemulmeh,6
nuubijd,6
lippukode,6
kuldâliđ,6
stuárráh,6
muorâid,6
uáiviravâdin,6
wienist,6
iänuduvvâst,6
jieggârikkoos,6
uhreh,6
haldâšeijeeh,6
ivneest,6
hiävuid,6
čoolmij,6
uccâoppuš,6
viäđŋásâššlaajâ,6
viäđŋásii,6
hunky,6
dory,6
iggy,6
keččâlâddâmvuálásâš,6
singlen,6
tin,6
vision,6
tie,6
next,6
piättârist,6
šaddaas,6
väldipaje,6
lostáid,6
aseksuaalvuotâ,6
bassokiitaar,6
ringo,6
lyeve,6
suhâpeliucceeblovoh,6
nuotâstâm,6
seitsemän,6
varbusii,6
visârdem,6
playground,6
kähvi,6
pyevtit,6
heat,6
tomorrow,6
mirror,6
