word,count
kanye,1501
afrika,1097
bantfu,782
kutsi,641
futsi,579
nga,541
wa,477
ne,476
kantsi,433
of,424
km,415
ningizimu,407
ku,397
ngemnyaka,394
we,385
ngemuva,367
linani,357
le,323
khona,321
ngekutsi,313
no,307
na,300
the,299
kusukela,292
lapho,283
wase,275
ngesikhatsi,273
kúfúna,271
live,264
eningizimu,264
kakhulu,253
de,250
kuya,231
wakhe,227
eswatini,226
kúbópha,224
yi,223
and,213
lebantfu,209
ye,209
ekhatsi,204
iwebhusayithi,201
mu,191
inhlokodolobha,188
mayelana,181
noma,181
ngo,178
ngu,175
mengameli,175
kwe,172
mhlaka,171
usd,170
yase,169
lase,168
yakhe,168
inthanethi,167
african,158
pib,157
likhodi,157
umbuso,157
umlandvo,152
imiphakatsi,151
síngísi,149
ema,149
nobe,148
hiv,148
sikhatsi,146
so,146
inkhundla,144
kwakhe,142
kwekutsi,140
in,139
ngenca,138
kute,135
abe,134
waba,131
loku,130
watalwa,129
national,127
emkhatsini,127
kepha,121
tinkomba,120
kuba,115
nge,112
kwa,111
base,109
se,109
weswatini,108
kufaka,108
ma,108
anc,107
langu,105
waphindze,102
letinyenti,98
south,98
dlamini,97
sase,96
ho,94
congress,94
university,93
kwaba,93
ngaphansi,92
te,92
uma,92
inkhosi,90
endzaweni,90
iriphabliki,88
licembu,88
ii,87
lelicembu,84
lomkhulu,83
united,83
africa,82
iriphabhulikhi,81
yeningizimu,81
cape,80
ngaphambi,80
kwatsi,79
ngenyanga,79
lamabili,78
kwebantfu,78
lenkhulu,77
sopolitiki,77
kube,76
kwesikhatsi,75
lengu,75
tintfo,74
aids,74
nase,74
ke,72
iminyaka,72
kahle,72
ase,72
khama,71
yabo,70
babe,70
esifundzeni,70
google,70
ngaphandle,69
indzawo,69
sakhe,68
letinye,68
labanyenti,68
tindzawo,67
umsebenti,66
ngekuhamba,66
iningizimu,66
uphindze,66
kodvwa,65
bsaet,65
yekucala,64
umuntfu,64
bi,63
nea,63
wekucala,62
mandela,61
mswati,60
nabo,59
ya,59
njenge,59
ahorow,59
emave,58
etindzaweni,58
imphilo,58
bese,58
lamanyenti,57
ligama,57
letingu,57
lilanga,57
labangu,57
to,56
sobhuza,56
tase,56
lesifo,56
bukhosi,55
college,55
watfola,55
sikhundla,55
engine,55
luhlelo,54
kuphela,54
wacala,54
zulu,54
wonkhe,54
nyalo,54
bakhe,53
ibe,53
lakhe,53
ngalesikhatsi,53
nhwehw,53
for,52
takhe,52
umfula,52
eceleni,52
labanye,51
natal,51
la,51
phansi,51
baculi,51
ka,50
iii,49
wabese,49
njalo,49
emnyakeni,49
webantfu,49
shaka,49
dwuma,49
leti,48
swaziland,48
imfundvo,48
wakhetfwa,48
mpumalanga,48
ube,48
ekucaleni,48
campus,48
tb,48
bosatiwako,48
hwehw,48
lidolobha,47
indlela,47
shiselweni,47
eminyakeni,47
di,47
kubantfu,47
waseningizimu,47
tilwimi,46
siswati,46
lamatsatfu,46
ngetulu,46
sive,46
emareferensi,46
emhlabeni,46
labamnyama,46
aphindze,46
tonkhe,45
weashiya,45
imali,45
eveni,45
kulelive,45
emaswati,45
imibhalo,45
lelishumi,45
emaveni,45
yaba,45
kufa,45
search,45
hulumende,44
lapha,44
swatini,44
ngumengameli,44
umndeni,43
lesidze,43
school,43
sifo,43
enyuvesi,43
ns,43
lelitsi,42
baseningizimu,42
enyangeni,42
phakatsi,42
nanobe,42
weafríka,42
party,42
nne,42
lesive,41
yinkhosi,41
with,41
iphindze,41
yena,41
weyurophu,41
yebantfu,41
lelikhulu,40
lulwimi,40
as,40
nje,40
ngabe,40
lwanga,40
lepolitiki,40
lídolôbha,39
watiwa,39
watsi,39
ngaleso,39
john,39
lesi,39
bonkhe,39
njengoba,39
al,38
ngulapho,38
intfo,38
sigaba,38
kwekucala,38
tembangave,38
mhlabawonkhe,38
ngekushesha,38
labo,37
make,37
bantfwana,37
west,37
world,37
kudla,37
lilunga,37
lwe,37
fa,37
tifundza,36
manzini,36
leligama,36
emasiko,36
be,36
kwenta,36
kusetjentiswa,35
itfolakala,35
laba,35
hrh,35
ngendlela,35
degree,35
municipality,35
ngekusho,35
lowatiwa,35
kweminyaka,34
onkhe,34
sikhungo,34
atiwe,34
umhlanga,34
naletinye,34
yasungulwa,34
sekuba,34
league,34
welicembu,34
letimbili,34
tindlela,33
kwaze,33
si,33
esikolweni,33
emuva,33
ebantfu,33
labalinganiselwa,33
inyoni,33
lebalulekile,33
watalelwa,33
akhe,33
aneminyaka,33
budzala,33
indzima,33
kwate,33
science,33
enyakatfo,32
yaseningizimu,32
singisi,32
letintsatfu,32
republic,32
loko,32
naye,32
bachelor,32
emadolobha,32
www,32
emandla,32
indlovukazi,32
lebhalwe,32
education,32
lesikhungo,32
nkratafa,32
lelive,31
en,31
eastern,31
north,31
states,31
emva,31
lamanye,31
sifundza,31
ngoba,31
lemibili,31
incenye,31
nema,31
licala,31
jazz,31
kwenteka,31
munye,30
state,30
tv,30
simo,30
nguye,30
lasungulwa,30
international,30
on,30
tibongo,30
umculo,30
emanti,30
river,30
kumbe,30
letinyawo,30
yetemphilo,30
kyer,30
wayo,29
indlovukati,29
iso,29
bhimbídvwane,29
ngayo,29
da,29
emalanga,29
botswana,29
ngembi,29
indvodzana,29
washona,29
emacembu,29
wasebenta,29
albhamu,29
lamuhla,28
nebantfu,28
leminyenti,28
emarefarensi,28
kwaloko,28
letifana,28
leyatiwa,28
ngwane,28
city,28
lekucala,28
ingci,28
wabo,28
ikakhulukati,28
yesive,28
kusebenta,28
freedom,28
tinhlelo,28
link,28
timphawu,28
lendzawo,28
tifaka,28
ungusopolitiki,28
fo,28
emashumi,27
lalishumi,27
william,27
art,27
umhlaba,27
com,27
inhloko,27
local,27
mi,27
black,27
laphansi,27
laseningizimu,27
lomjovo,27
ama,27
incwala,27
kuze,26
inkhululeko,26
kutsiwa,26
wikipedia,26
esiveni,26
democratic,26
indlovana,26
imphala,26
bafundzi,26
arts,26
kusuka,26
umfati,26
kwentela,26
ejele,26
wemelika,26
jikelele,26
litiko,26
lephakeme,26
zuma,26
yasebuntfwaneni,26
ay,26
kuto,25
kwayo,25
wesibili,25
yacala,25
libito,25
wonke,25
kwabo,25
elizabeth,25
ndwandwe,25
east,25
kingdom,25
high,25
tilwane,25
li,25
lomncane,25
labasikati,25
http,25
isayensi,25
tifo,25
wesive,25
ekhaya,25
nelson,25
ngumculi,25
yatiwe,25
kubusa,25
inyuvesi,25
umjovo,25
disemba,25
seo,25
gua,25
imisebenti,24
tanzania,24
tindzaba,24
inkhosatana,24
people,24
movement,24
kutfolakala,24
lamakhulu,24
emakhosi,24
lelasungulwa,24
lomdzala,24
emazulu,24
ba,24
esikhundleni,24
imbali,24
lomunye,24
waboshwa,24
december,24
dj,24
wabulawa,24
bekaphindze,24
nelubandlululo,24
lephindze,24
elukhetfweni,24
soga,24
nalamanye,23
ngeminyaka,23
umtsetfo,23
sisekelo,23
emhlaba,23
yembuso,23
wenkhosi,23
wabekwa,23
sibonelo,23
fifa,23
ngobe,23
kulendzawo,23
kuyo,23
jacob,23
ngumuntfu,23
luhlobo,23
tin,23
letinkhulu,23
emalungelo,23
my,23
lelisetulu,23
lomfula,23
cishe,23
bekangumholi,23
esoweto,23
apreli,23
mfiri,23
umkhosi,23
tebantfu,22
belive,22
leli,22
nkulunkulu,22
nesihlanu,22
sicalo,22
free,22
george,22
batsi,22
njengobe,22
yindzawo,22
caphela,22
konkhe,22
lafana,22
kwase,22
tifundvo,22
yonkhe,22
inkholo,22
bafati,22
sisu,22
ekapa,22
labamhlophe,22
cup,22
lamengameli,22
bosopolitiki,22
akwan,22
lamane,21
aba,21
émbábáne,21
afrikha,21
baseswatini,21
ndlovukati,21
íngongóni,21
june,21
angola,21
lebitwa,21
atalwe,21
kuwo,21
kuletinye,21
buciko,21
music,21
kuphindze,21
yatfola,21
lonkhe,21
wena,21
sa,21
kwemnyaka,21
ngumholi,21
kancane,21
kwekufa,21
bekungu,21
lokukhulu,21
mondlane,21
mp,21
savelonkhe,21
kwan,21
letisemtsetfweni,20
southern,20
inkhosikati,20
yekutsi,20
yayo,20
kukhula,20
dube,20
kholwane,20
lophindze,20
letehlukene,20
leyasungulwa,20
ngelilanga,20
imelika,20
bobabe,20
kukhona,20
nalabanye,20
lamancane,20
bayo,20
labane,20
kutsatsa,20
zimbabwe,20
waya,20
rhodes,20
inhlangano,20
ngase,20
tepolitiki,20
kubantfwana,20
cetshwayo,20
tingoma,20
kuhlolwa,20
emphakatsini,20
tetemphilo,20
nguhulumende,20
kulabo,20
ngemakhilomitha,20
wesifundza,20
inkhwenkhweti,20
articles,20
sesayensi,20
emlandvweni,19
lubombo,19
umntfwana,19
lebeyatiwa,19
tembuso,19
tigidzi,19
wenta,19
nkosi,19
gauteng,19
kwazulu,19
mbandzeni,19
jesu,19
nakubili,19
ngema,19
district,19
labadzala,19
babo,19
letsi,19
bahlala,19
lwati,19
nekutsi,19
semazulu,19
yawo,19
wajoyina,19
emtsetfweni,19
ar,19
dunn,19
lephalamende,19
inkululeko,19
wasungula,19
yanga,19
kunjalo,19
nomakunjalo,19
council,19
welubandlululo,19
lange,19
ngekusebentisa,19
baba,19
washiya,19
nhyehy,19
saa,19
ifaka,18
lihubo,18
ingwenyama,18
who,18
bekatiwa,18
wafundza,18
yenyoni,18
limpopo,18
football,18
thomas,18
wetincwadzi,18
timfundvo,18
inhlaba,18
agasti,18
lelidolobha,18
sandla,18
wafa,18
general,18
ekupheleni,18
yedistrict,18
wemazulu,18
kubo,18
lona,18
imitsetfo,18
im,18
lelincane,18
sekucala,18
lokwenta,18
ndzawonye,18
kwentiwa,18
sekhukhune,18
wachubeka,18
kumele,18
economic,18
kan,18
futhi,18
bekangumculi,18
wadlala,18
tinsita,18
leminye,18
imitamo,18
bekangusopolitiki,18
kwelashwa,18
yemphakatsi,18
kwalesifo,18
letemfundvo,18
nemfundvo,18
selubandlululo,18
nyuvesi,18
yaseswatini,18
lenye,18
aseningizimu,18
zwide,18
jama,18
kusuleleka,18
umklomelo,18
emabutfo,18
lisekela,18
mfua,18
biara,18
ky,18
afe,18
tincwadzi,17
robert,17
letilishumi,17
kulo,17
emangisi,17
lesihlanu,17
lensha,17
kuhlala,17
nakunye,17
king,17
island,17
waphotfula,17
kwacala,17
wembuso,17
asia,17
kufanele,17
development,17
york,17
ibhurazili,17
lesikhulu,17
imifula,17
kwakha,17
watsatsa,17
washada,17
lelinye,17
yema,17
johannesburg,17
kubonakala,17
lesitsi,17
kuma,17
nangabe,17
lokunyenti,17
atsatse,17
emelika,17
at,17
nebaculi,17
kabusha,17
sebantfu,17
ovc,17
njengentfo,17
ngekuba,17
yendlovu,17
langaphandle,17
inkantolo,17
welibandlululo,17
house,17
sitfolakala,17
kutigidzi,17
kubitwa,17
ngalokusemtsetfweni,17
usebente,17
humanities,17
temfundvo,17
ny,17
ak,17
foforo,17
et,16
cia,16
laseswatini,16
yelive,16
tive,16
wakha,16
imphi,16
lena,16
íngci,16
mabasa,16
yemhlaba,16
yemaswati,16
ínhlaba,16
lúlwîmi,16
empumalanga,16
ramaphosa,16
from,16
sitifiketi,16
libhayibheli,16
bhimbidvwane,16
yesibili,16
wamemetela,16
nemfula,16
etintsabeni,16
ian,16
inyama,16
inkhomo,16
lisiko,16
ngako,16
maakond,16
khumalo,16
portugal,16
indlu,16
kupheka,16
yeiningizimu,16
ejozi,16
yinye,16
mpandze,16
kucala,16
lowaba,16
emaphoyisa,16
linyenti,16
république,16
orlando,16
us,16
moses,16
emsebentini,16
emculweni,16
ngusihlalo,16
april,16
labangetulu,16
abo,16
msm,16
infobox,16
was,16
yekuhlala,16
emarabi,16
imitsi,16
sangasese,16
nshonalanga,16
management,16
kutepolitiki,16
wasemelika,16
lesigungu,16
ulilunga,16
kuhulumende,16
lendzala,16
waluś,16
hcards,16
pii,16
kratafa,16
nsakrae,16
denam,16
pac,16
waseswatini,15
lakangwane,15
lasitfupha,15
sinye,15
letehlukahlukene,15
lobamba,15
embabane,15
engilandi,15
inkosi,15
ngwenyamas,15
simelane,15
western,15
indlóvana,15
by,15
novemba,15
labakhuluma,15
iyurophu,15
ezingeni,15
nako,15
tibuse,15
emakhaya,15
bubanti,15
bo,15
ngeligama,15
sayo,15
layo,15
atfola,15
mbeki,15
ngetindlela,15
umkhonto,15
labagulako,15
yenkholo,15
references,15
yebhimbídvwane,15
ngabo,15
emalunga,15
embusweni,15
ephalamende,15
lababili,15
emantfombatana,15
index,15
luhlangotsi,15
lizinga,15
nemasiko,15
kulamanye,15
wemafilimu,15
commission,15
ligciwane,15
kuvamise,15
kuvikela,15
umutsi,15
ebantfwini,15
buhlungu,15
atfole,15
sifuba,15
okthoba,15
agricultural,15
february,15
umholi,15
abelilunga,15
lukhetfo,15
tintfombi,15
iyindzawo,15
diploma,15
lechubekako,15
undergraduate,15
citation,15
needed,15
msomi,15
ara,15
betumi,15
tivakashi,15
chivayo,15
ithanzaniya,14
isbn,14
van,14
letine,14
yentiwa,14
yabese,14
makhosetive,14
hhohho,14
kufuna,14
ss,14
edolobheni,14
inkhosana,14
tindlu,14
labafana,14
mozambiki,14
town,14
ímphala,14
labotsibeni,14
lesotho,14
chaka,14
ngulenye,14
kufundza,14
lese,14
lisuselwa,14
iba,14
charles,14
million,14
yelubombo,14
umphakatsi,14
nayo,14
dinuzulu,14
company,14
institute,14
mozambique,14
kusebentisa,14
lemikhulu,14
lasihlanu,14
bomake,14
white,14
emndenini,14
abuye,14
lelisha,14
nendzawo,14
lomudze,14
labahlala,14
emphini,14
emadvodza,14
buka,14
tincenye,14
torah,14
esikhatsini,14
wangena,14
emacala,14
kutfola,14
nelicembu,14
wahola,14
wesintfu,14
kwekushona,14
lefana,14
lenkulu,14
lwakhe,14
wahlala,14
british,14
bekangulomunye,14
front,14
yelinyenti,14
november,14
health,14
yesintfu,14
tisebenti,14
soweto,14
letincane,14
esive,14
njengencenye,14
kwesimo,14
sitfombe,14
dam,14
kubulawa,14
airlink,14
chiefs,14
imiklomelo,14
lilokishi,14
undp,14
bekayinkhosi,14
mashi,14
oskido,14
bdp,14
zoo,14
din,14
den,14
adi,14
mkhize,14
esigabeni,13
it,13
an,13
europe,13
inombolo,13
kwenkhosi,13
yato,13
letisihlanu,13
sikelel,13
park,13
mabuza,13
mofolo,13
pheceleti,13
daniel,13
kwemalanga,13
khristu,13
ínyangá,13
lamátsâtfu,13
lweti,13
fr,13
emfuleni,13
esigodzini,13
netindzawo,13
new,13
gandhi,13
inhlonipho,13
sikolwa,13
sipanishi,13
luyengo,13
endlini,13
ashiya,13
pan,13
indvodza,13
nations,13
ngemandla,13
sebukhosi,13
lelisemtsetfweni,13
luphenyo,13
tim,13
mm,13
kubomake,13
co,13
kabili,13
takhiwo,13
ltd,13
thwala,13
labaphila,13
lokusho,13
linye,13
nebantfwana,13
is,13
kudlala,13
batfole,13
liphalishi,13
lesibili,13
mw,13
lokufaka,13
sen,13
album,13
yelicembu,13
good,13
lencane,13
kwababe,13
jordaan,13
ngumongameli,13
lomusha,13
kubulala,13
transvaal,13
yemculo,13
ngaphasi,13
labasengotini,13
labatsatfu,13
fsw,13
labasha,13
kwakhiwa,13
njengendlela,13
nemsebenti,13
leyendlulile,13
ngumdlali,13
ndlela,13
eluntfu,13
tindiza,13
sekufeni,13
kubeleka,13
kukhulelwa,13
may,13
januwari,13
wavelonkhe,13
welidolobha,13
centre,13
ahw,13
hy,13
nso,13
dodow,13
zibhebhu,13
oyili,13
somerset,13
ngesingisi,12
ngwenyama,12
union,12
wesitsatfu,12
ebukhosini,12
nhlangano,12
yindlela,12
ngiso,12
mábasa,12
kutfolakale,12
kazulu,12
are,12
yona,12
khólwáne,12
richard,12
th,12
women,12
war,12
síjalimáne,12
mbabane,12
tinyanga,12
zombodze,12
yengongoni,12
emagama,12
letiphatselene,12
kuye,12
phela,12
great,12
lidolôbha,12
central,12
sikhumba,12
senzangakhona,12
kwenteke,12
letsite,12
steve,12
god,12
kwalo,12
gov,12
ngiko,12
ekurhuleni,12
enshonalanga,12
bekucala,12
baholi,12
ethekwini,12
youth,12
dingiswayo,12
first,12
tambo,12
nembuso,12
wesizwe,12
ivame,12
indvuna,12
engineering,12
wakhipha,12
links,12
umculi,12
libhola,12
ekulweni,12
award,12
lobufanako,12
wetingoma,12
labavela,12
ekutseni,12
batfola,12
yavelonkhe,12
nekuphatsa,12
bungoti,12
labadvuna,12
ngemtimba,12
leligciwane,12
emazinga,12
research,12
kwekudla,12
kugula,12
lendlu,12
ngulesifo,12
egameni,12
njengenhloko,12
badlali,12
ephreli,12
eff,12
semoya,12
yemazulu,12
tahulumende,12
ngusopolitiki,12
lobekangumengameli,12
wasebukhosini,12
njengesekela,12
ruto,12
njengendvuna,12
october,12
ifp,12
hani,12
baumann,12
fighters,12
anaa,12
afi,12
bere,12
afiri,12
nyinaa,12
akyi,12
uneswa,12
terminator,12
azapo,12
za,11
bukhulu,11
ngemangisi,11
melika,11
njengenkhosi,11
nguni,11
esibhedlela,11
semabanga,11
mahlangu,11
lusuku,11
tichumaniso,11
nakutsatfu,11
northern,11
cyril,11
durban,11
ndlovu,11
paul,11
association,11
nxumalo,11
libhuku,11
wakho,11
maria,11
nemalungelo,11
wanga,11
umtimba,11
livi,11
bufakazi,11
fernando,11
lelibitwa,11
church,11
letisitfupha,11
mlindazwe,11
tayo,11
impilo,11
india,11
also,11
nemuntfu,11
organisation,11
bema,11
arabhu,11
bona,11
wesikhashana,11
chemistry,11
tinkhomo,11
emabhunu,11
lambalwa,11
ekugcineni,11
cairo,11
metropolitan,11
zululand,11
sesifuba,11
umnakabo,11
bobabili,11
temtsetfo,11
ngulomunye,11
ngiyo,11
lesikhatsi,11
video,11
eduardo,11
lelitfolakala,11
sc,11
baphindze,11
records,11
inkapani,11
emhlanganweni,11
yangabo,11
wabuyela,11
emasotja,11
saso,11
kulwa,11
mongameli,11
imbangela,11
ingati,11
sizwe,11
labaneminyaka,11
ngekwelicansi,11
letibalulekile,11
kwehla,11
luhlolo,11
yengci,11
kulinganiselwa,11
lomnyama,11
emafilimu,11
yesifundza,11
kubamba,11
enkantolo,11
frelimo,11
kuhlasela,11
lake,11
ngekhatsi,11
lokungenani,11
netimphawu,11
lobitwa,11
kukhishwa,11
letifaka,11
emaviki,11
window,11
bay,11
massacre,11
kaizer,11
emanyuvesi,11
lesemkhatsini,11
mkabayi,11
wetindzaba,11
localako,11
sasegauteng,11
njengelilunga,11
wancoba,11
ludvumo,11
indvodzakati,11
lisho,11
wasebrithani,11
anderson,11
telivangeli,11
anaas,11
too,11
pagerank,11
beer,11
lesemtsetfweni,10
japan,10
umengameli,10
kangwane,10
nelive,10
emphumalanga,10
nesikhombisa,10
sigodlo,10
labantfu,10
umnyaka,10
lelatiwa,10
wetfu,10
siteki,10
radio,10
ínkhwekhwéti,10
tonke,10
élusûtfu,10
all,10
langa,10
ludvonga,10
mahlokohla,10
mdluli,10
kamhlaba,10
royal,10
you,10
patrick,10
hamilton,10
information,10
service,10
incwadzi,10
kubhala,10
bothishela,10
inyanga,10
simemetelo,10
yeswatini,10
cha,10
gege,10
sisulu,10
ekhulwini,10
ekwakheni,10
temhlaba,10
community,10
tikhulu,10
almazán,10
website,10
tinhlobo,10
org,10
kugcina,10
solomon,10
korea,10
lesenyakatfo,10
etulu,10
ahlala,10
lasiphohlongo,10
nesiphohlongo,10
utsi,10
bokhokho,10
republika,10
tiphindze,10
imibono,10
umdlalo,10
umsuka,10
tinanatelo,10
tiba,10
tawo,10
utsatfwa,10
lalandzelako,10
chorus,10
intfombi,10
imvelaphi,10
letive,10
br,10
yekulwa,10
kings,10
tabo,10
acala,10
kuvukela,10
wagwetjwa,10
kushiwo,10
uba,10
njenga,10
leminyaka,10
ng,10
sp,10
ngetikhatsi,10
kungaba,10
ngemsebenti,10
atsi,10
september,10
silva,10
mhlaba,10
cetjwayo,10
etindzabeni,10
kuhamba,10
anglo,10
lidholoba,10
yebafundzi,10
laphakeme,10
bonke,10
ingoma,10
bekayindvodzana,10
webaculi,10
lenkapani,10
kubhebhetseka,10
nalabo,10
ingulenye,10
yekugcina,10
kuchubeka,10
nekukhula,10
yemasiko,10
labatiwako,10
imiphumela,10
ihhafu,10
kwemtsetfo,10
lwebantfu,10
lafaka,10
lemibi,10
benta,10
act,10
wabaleka,10
egoli,10
yemtsetfo,10
temlandvo,10
etikolweni,10
dvutane,10
langetulu,10
studio,10
ab,10
mzilikazi,10
tivamise,10
imijovo,10
map,10
ifiva,10
wekutsi,10
bulephelo,10
ngamunye,10
nawukhulelwe,10
tesayensi,10
welibhola,10
colony,10
ungulomunye,10
wemhlanga,10
williams,10
ibariki,10
bless,10
ibhizinisi,10
inkampani,10
jackson,10
sezulu,10
labavumako,10
esigodlweni,10
iyunivesithi,10
executive,10
yetekulima,10
lemndeni,10
lemitsatfu,10
chief,10
libutfo,10
lelisho,10
kulesigodzi,10
petroleum,10
kwekubusa,10
doctorate,10
tihlalo,10
yip,10
bakers,10
titiriw,10
yiye,10
mobile,10
nk,10
hat,10
yakhashane,10
parser,10
output,10
khoza,10
mueda,10
lasekapa,10
phiyega,10
teanet,10
luphiko,9
tavelonkhe,9
press,9
history,9
tintsaba,9
welive,9
neningizimu,9
kenya,9
wakhona,9
latiwa,9
kufika,9
wemaswati,9
libandla,9
esihlalweni,9
kweligama,9
sizulu,9
mhlume,9
kune,9
taseswatini,9
yatiwa,9
wakhulela,9
nenkhosi,9
ngekuya,9
times,9
hhayi,9
iafrika,9
pretoria,9
indlovu,9
akangwane,9
kadzeni,9
kunene,9
iv,9
or,9
lord,9
food,9
st,9
tinkondlo,9
es,9
nemandla,9
yesitsatfu,9
wekuphila,9
kuphila,9
ngaloko,9
letikhona,9
dokotela,9
lesitsatfu,9
independent,9
tinyoni,9
kuchaza,9
lukholo,9
yindvuna,9
sibe,9
sí,9
afrikaans,9
inhloso,9
ngumake,9
san,9
afríka,9
bunye,9
lesincane,9
ngaso,9
https,9
nesitfupha,9
yalo,9
umbhali,9
indzaba,9
mhlawumbe,9
orange,9
nalokunye,9
saseningizimu,9
bomasipala,9
nawo,9
president,9
lobaluleke,9
liphindze,9
lesitfupha,9
bilady,9
yleseningizimu,9
letiyimfica,9
wakazulu,9
naku,9
nebangani,9
bacala,9
anglican,9
tikhatsi,9
ngekwemlandvo,9
tenkhosi,9
lesinyenti,9
aye,9
ngelusito,9
yonke,9
pages,9
jonas,9
letta,9
mk,9
libe,9
kunawo,9
iye,9
tikhundla,9
laphindze,9
kusho,9
temphakatsi,9
government,9
piano,9
lemihle,9
tekucala,9
lesiphohlongo,9
phindze,9
waniketwa,9
nencindzetelo,9
imidlalo,9
degrees,9
bavame,9
unita,9
project,9
kwemfula,9
lowasebenta,9
yekufa,9
kwekubeleka,9
baya,9
leyetayelekile,9
lesiphakeme,9
committee,9
kuvimbela,9
lengetulu,9
lucwaningo,9
kunakekelwa,9
aniketa,9
lusito,9
selitulu,9
kuvame,9
sesibili,9
bapedi,9
wemakhosi,9
labadvumile,9
used,9
umphatsi,9
social,9
usebenta,9
letitfolakala,9
lesiteshi,9
alpha,9
tindvuna,9
ebola,9
lesibangelwa,9
emtimbeni,9
wemculo,9
nesifo,9
kubangele,9
lesisemkhatsini,9
ngelizinga,9
yimphumelelo,9
lalinganiselwa,9
ubita,9
letivela,9
tjwala,9
kuhlanganisa,9
kwatiwa,9
drakensberg,9
komati,9
lebombo,9
ngasenyakatfo,9
kwelubandlululo,9
inkatha,9
bekuyindzawo,9
lababuya,9
kwesikhashana,9
erobben,9
akhetfwe,9
ezimbabwe,9
lumumba,9
wemhlaba,9
kukhwehlela,9
sahulumende,9
homeland,9
radebe,9
kumasipala,9
academy,9
ngasekupheleni,9
yemfundvo,9
bhambatha,9
yelubandlululo,9
lomkhosi,9
lesikhombisa,9
mine,9
bosomabhizinisi,9
ashona,9
watfutsela,9
lendvuna,9
alliance,9
kwelukhetfo,9
ngobeni,9
umyalo,9
mampuru,9
goodwill,9
sihlalo,9
losemtsetfweni,9
ngameyi,9
epitoli,9
kutembusave,9
botha,9
body,9
netinhlobo,9
traffic,9
singana,9
ngajulayi,9
commerce,9
tekucwaninga,9
yemabanga,9
mission,9
amad,9
ngumphatsi,9
krataafa,9
atitiriw,9
ahu,9
twe,9
nanso,9
algorithms,9
fata,9
agye,9
ntam,9
nt,9
ide,9
environmental,9
bukrestu,9
yemanguni,9
nkandla,9
call,9
duty,9
sigcawu,9
motshekga,9
language,8
nekwenta,8
sísûtfu,8
ntfombi,8
umnotfo,8
balo,8
nahulumende,8
dzeliwe,8
themba,8
peak,8
lokunye,8
impela,8
asebentisa,8
ínyoni,8
izimbabhwe,8
port,8
one,8
maputo,8
grant,8
dr,8
james,8
farm,8
caf,8
ingongoni,8
sikolo,8
angeles,8
nos,8
ebuntfu,8
kushisa,8
letfolakala,8
ekukhanyeni,8
ngaye,8
onke,8
ezulwini,8
kwemanti,8
basebentisa,8
gogo,8
corporation,8
empini,8
namuhla,8
lenyuvesi,8
siphindze,8
otto,8
jespersen,8
sínovial,8
uetersen,8
ubitwa,8
rights,8
congo,8
egypt,8
igibhithe,8
rwanda,8
leseningizimu,8
letihlobene,8
ngephasi,8
angeke,8
emadolobheni,8
wona,8
kudzimate,8
sakhiwo,8
njani,8
kukhipha,8
ematje,8
sibongo,8
sonkhe,8
wahlangana,8
lasikhombisa,8
glasgow,8
uk,8
yindvodzana,8
ngebudze,8
mohamed,8
ekucala,8
dingane,8
afuna,8
yincenye,8
lolandzelako,8
politiki,8
nkhosi,8
ngisho,8
np,8
ngetintfo,8
kuniketa,8
ngalesinye,8
kwawo,8
second,8
nato,8
labitwa,8
web,8
abese,8
asebenta,8
witwatersrand,8
titjalo,8
letibitwa,8
july,8
ahmed,8
du,8
swizalendi,8
wango,8
budlelwane,8
area,8
lijaha,8
yeíngongóni,8
joe,8
phakathi,8
bantfwabenkhosi,8
der,8
udlala,8
external,8
kodwa,8
consciousness,8
lwekucala,8
watfolwa,8
lelicala,8
lwemculo,8
kwahulumende,8
labasebancane,8
kwemnotfo,8
kucatsaniswa,8
taseningizimu,8
ngalokuphelele,8
sitsembu,8
kuyintfo,8
tasemakhaya,8
ecenjini,8
netinsita,8
kwanyalo,8
lutfole,8
ngekutitsandzela,8
lesifanako,8
etifundzeni,8
ekuvikeleni,8
iniketa,8
lutsandvo,8
imindeni,8
umcimbi,8
nemndeni,8
joseph,8
waseveni,8
enhloko,8
lelilokishi,8
abulawa,8
emozambiki,8
emaputukezi,8
club,8
wadvuma,8
kuhlangana,8
bakhipha,8
kwema,8
soshangane,8
pop,8
nemanti,8
kungahle,8
lasatfutfuka,8
babulawa,8
labatigidzi,8
ngalesifo,8
wetigidzi,8
tekuhlala,8
letimbalwa,8
etintfweni,8
imitfombo,8
afaka,8
wemave,8
kwetigidzi,8
kufana,8
imitselela,8
emgceni,8
rivers,8
ngumfula,8
nemakhilomitha,8
ngemisebenti,8
emavoti,8
emasontfo,8
bekangumuntfu,8
luhla,8
ll,8
emadosi,8
ihepatitis,8
lesisha,8
retrieved,8
belâdi,8
obama,8
enew,8
lekomidi,8
basungula,8
ngaphambilini,8
wayiva,8
ngabani,8
mec,8
egauteng,8
premier,8
lowatiwako,8
ngemhlaka,8
nemengameli,8
kumhlaka,8
mentor,8
titfunywa,8
hanson,8
ngelikhulu,8
bizimungu,8
yemndeni,8
lebeyibitwa,8
january,8
lwamasipala,8
kalawa,8
akhetfwa,8
ebotswana,8
umcondzisi,8
harambe,8
bester,8
maa,8
afoforo,8
edi,8
meta,8
tumi,8
adwene,8
kulomkhosi,8
nesayensi,8
lachancellor,8
faculty,8
ngumkhandlu,8
tikhungo,8
using,8
sekubusa,8
ruy,8
guerra,8
kuchumana,7
íafríka,7
el,7
líkhûlu,7
lemínyaka,7
síspanish,7
sasenyakatfo,7
have,7
johnson,7
society,7
power,7
ngetigaba,7
kwemhlaba,7
ekubuseni,7
impi,7
nendlovukati,7
tfwala,7
somhlolo,7
yenkhosi,7
timphi,7
nemabhunu,7
kwelive,7
temaswati,7
imbabane,7
emadolôbha,7
news,7
swati,7
babhali,7
wakangwane,7
mhla,7
tilishumi,7
lasetulu,7
tingemashumi,7
tinsolo,7
tingucuko,7
semaswati,7
yemangisi,7
yenta,7
kulandzela,7
kuboshwa,7
titfombe,7
walo,7
sindebele,7
rand,7
mbombela,7
izambiya,7
lojiba,7
love,7
henry,7
líphîmbo,7
sir,7
doctor,7
me,7
íncwadzí,7
tony,7
footballer,7
sihlangu,7
paris,7
babona,7
mopoku,7
des,7
albert,7
lema,7
yesine,7
liciniso,7
rock,7
lutfo,7
akhona,7
kwesibili,7
tjc,7
tikolwa,7
mananga,7
tinkhundla,7
lamgabhi,7
matsanjeni,7
lwandle,7
kubuta,7
lesifundza,7
human,7
his,7
london,7
page,7
family,7
lotalwa,7
its,7
faso,7
sihlenge,7
iginiya,7
sudan,7
ishayina,7
israyeli,7
tihlenge,7
bosnia,7
hezegovi,7
saint,7
kanyenti,7
lolu,7
utalwa,7
drama,7
emabito,7
tigaba,7
ti,7
bu,7
lacala,7
johannes,7
kwemphi,7
taba,7
ekolishi,7
wagcina,7
moya,7
loyo,7
carlos,7
ngumbuso,7
alexander,7
elugwini,7
thabo,7
tato,7
ucala,7
kwesive,7
ngenkhani,7
yekubusa,7
lomuhle,7
mthethwa,7
kuphuma,7
kenwyn,7
juta,7
lenhle,7
weningizimu,7
tinkhinga,7
yasekhaya,7
khashane,7
kabanti,7
ihlukaniswe,7
letisiphohlongo,7
kukholelwa,7
lokuncane,7
leyakhulunywa,7
letihlukene,7
site,7
lesibitwa,7
wahlela,7
tikhali,7
ushone,7
ngemanti,7
umphumela,7
bekayindlovukati,7
kungena,7
watsatfwa,7
yakhipha,7
etimayini,7
sikhulu,7
garrett,7
mg,7
tinhlangano,7
elondon,7
sicelo,7
mkhonto,7
cannibals,7
latfola,7
leyenta,7
wirathu,7
nakuletinye,7
wakhuluma,7
lowatalwa,7
emahlandla,7
natali,7
sakhiwa,7
kwabese,7
ubese,7
kapa,7
lelandzelako,7
trunz,7
nebafati,7
students,7
kwekuphotfula,7
kwaloku,7
etemfundvo,7
temidlalo,7
utfole,7
bekahlala,7
township,7
kekana,7
elimpopo,7
ngekulandzelana,7
bekayinkosi,7
ashone,7
lokwamenta,7
lwa,7
test,7
gumede,7
kusungulwa,7
lesisetulu,7
nemikhuba,7
yendzawo,7
programme,7
tinhloso,7
nekwelashwa,7
kufinyelela,7
yetinkinga,7
netinhlelo,7
emaphesenti,7
kusakateka,7
lihhovisi,7
labambalwa,7
yenhlaba,7
tiniketwa,7
takhamuti,7
tinkinga,7
besifazane,7
wekutsengisa,7
letitsite,7
bebulili,7
letintfo,7
kwebantfwana,7
ekutfutfukiseni,7
baye,7
agriculture,7
kulawula,7
motlanthe,7
ebangeni,7
jozi,7
airport,7
lamacembu,7
wacitsa,7
ebuncaneni,7
presbyterian,7
janet,7
bassa,7
ekwakhiweni,7
network,7
tema,7
wemalungelo,7
kwekutfola,7
sivamise,7
ekuseni,7
nekwakha,7
emacansini,7
kulunywa,7
yinhlangano,7
nemtselela,7
kungenwa,7
ngumjovo,7
esikhunjeni,7
kungafaka,7
ivela,7
esitfweni,7
samake,7
fgm,7
yekubeleka,7
tinhlobonhlobo,7
kwesisu,7
leyakhiwa,7
tekuvakasha,7
eagle,7
elands,7
usuthu,7
umgwenya,7
yakha,7
use,7
setindiza,7
nemholi,7
conservative,7
michael,7
asemncane,7
wala,7
asebente,7
tingwenyama,7
tindlovukati,7
ndvungunye,7
modise,7
peace,7
labanesifo,7
lokwaholela,7
wasungulwa,7
wemasotja,7
laphelele,7
nandi,7
imphumelelo,7
mnyaka,7
statoids,7
usmith,7
post,7
kusekela,7
weinstein,7
domanović,7
ejalimane,7
wasezimbabwe,7
nguthishela,7
sigananda,7
lesine,7
kwembuso,7
labashadene,7
wetembusave,7
ngajuni,7
wephalamende,7
wekugcina,7
department,7
zwelithini,7
umshado,7
technology,7
ekubulaweni,7
lolukhulu,7
lemakhomanisi,7
youtube,7
kunabo,7
foundation,7
yetindzawo,7
kwelikhulu,7
eyam,7
yemvelo,7
kabila,7
khathi,7
nemculi,7
sivumelwano,7
sibongile,7
litfole,7
yabitwa,7
son,7
seretse,7
force,7
njengemengameli,7
umhlalaphansi,7
anelicala,7
limited,7
biscuit,7
sangoma,7
tokoloshe,7
rev,7
affairs,7
optimization,7
tee,7
intan,7
adwuma,7
ankasa,7
wobetumi,7
ahy,7
nkitahodi,7
wom,7
dibea,7
nnipa,7
nkyer,7
taa,7
hw,7
kuceceshwa,7
semfundvo,7
tekuphotfula,7
lesiphetse,7
kukhicitwa,7
certificate,7
computer,7
ngekuniketa,7
njengendzawo,7
skin,7
minerva,7
convention,7
basezulu,7
sasekwazulu,7
ngundvunankhulu,7
nyanga,7
emalokishi,7
bekangundvuna,7
lomu,7
langenela,7
kwemagama,6
tz,6
sífulentji,6
story,6
nation,6
nemangisi,6
bc,6
kutiphatsa,6
leliphakeme,6
liqoqo,6
swazi,6
land,6
kutse,6
bomakhelwane,6
tiphatsimandla,6
big,6
aseswatini,6
kubukwa,6
nekusebentisa,6
ethnologue,6
fm,6
emtini,6
angene,6
nkambule,6
netinhlangano,6
wendlovukati,6
timali,6
forbes,6
ndvunankulu,6
david,6
uvela,6
inamibiya,6
ébutjwána,6
ngekwehlukana,6
labomakhelwane,6
sipedi,6
sitswana,6
zar,6
ngetilwimi,6
émozambike,6
imalawi,6
nkhotfotjeni,6
ingonyama,6
kubili,6
waterford,6
jack,6
prince,6
film,6
design,6
phesheya,6
mzwandile,6
mamba,6
stadium,6
babese,6
ngetindzaba,6
kulandzelwa,6
mbamba,6
journal,6
sotho,6
xhosa,6
california,6
jean,6
intsandvo,6
semhlaba,6
lelisebenta,6
lebeyihlala,6
saka,6
letisedvute,6
wikispecies,6
kukhanya,6
ngemagama,6
ceo,6
lelitimele,6
directory,6
sipeyini,6
ieb,6
nazarene,6
somntongo,6
kwaluseni,6
mafutseni,6
hosea,6
nhlalabantfu,6
sigwe,6
sub,6
saharan,6
lemaswati,6
ingani,6
ticu,6
business,6
administration,6
english,6
novial,6
iwestoniya,6
tihlobo,6
known,6
bantu,6
un,6
kukhulunywa,6
itopiya,6
ivory,6
coast,6
isiriya,6
uganda,6
china,6
ikhoriya,6
lanka,6
iviyethina,6
iriphablikhi,6
germany,6
echweni,6
lithuwani,6
lusembogu,6
ipholandi,6
trinidad,6
america,6
sabo,6
kwelilanga,6
bonkosi,6
embili,6
sakazulu,6
mozambike,6
wema,6
nemihambo,6
umhambo,6
ngumntfwana,6
ndvunankhulu,6
timila,6
plants,6
domain,6
short,6
solo,6
um,6
emantfombatane,6
tjani,6
yetsiwe,6
semphi,6
imvula,6
wawo,6
afundza,6
aya,6
wetive,6
govan,6
lydenburg,6
ngumtsetfosisekelo,6
langalibalele,6
yehla,6
atalwa,6
uyise,6
kwabe,6
yebukhosi,6
wabitwa,6
bukhristu,6
wafundzisa,6
umbhalo,6
lelidzala,6
temphilo,6
green,6
waso,6
neminyaka,6
nesive,6
lami,6
eminyaka,6
wahlasela,6
country,6
yinhloko,6
enkhosi,6
ngalo,6
mfati,6
lemnyama,6
jobe,6
yenkosi,6
totimbili,6
lokwenteka,6
nemnakabo,6
wabona,6
baka,6
majuda,6
lokusha,6
includes,6
wabhala,6
ngilo,6
netindzaba,6
agcine,6
kuphikisana,6
tibe,6
sekuphila,6
hare,6
tibhidvo,6
inchazelo,6
likhaya,6
ente,6
lofuna,6
leyentiwa,6
yenteka,6
kushona,6
yindlovukati,6
lesinye,6
wanikela,6
bekutsi,6
team,6
encyclopedia,6
imincele,6
ta,6
louis,6
awo,6
francis,6
benjamin,6
pa,6
gabriel,6
eswazini,6
raymond,6
lobekatiwa,6
wakhishwa,6
ngito,6
muslim,6
kwenyanga,6
time,6
lamagama,6
tananas,6
lengoma,6
trust,6
railway,6
station,6
yaphindze,6
molelekwa,6
uphuma,6
nemiphumela,6
kulapho,6
wawina,6
kwaito,6
tibhamu,6
lempi,6
ngulapha,6
wabamba,6
nelikhono,6
ecalifornia,6
ngebulili,6
bulili,6
ahlanganisa,6
lehlukene,6
yini,6
kubona,6
nemculo,6
selibandlululo,6
waniketa,6
ibitwa,6
yekutfola,6
bekangudokotela,6
ngekutfola,6
kwengcondvo,6
lehlukahlukene,6
lahlukahlukene,6
lokusezingeni,6
temasiko,6
netemphilo,6
nalabasengotini,6
nemadvodza,6
labasebenta,6
yemisebenti,6
kwatfolakala,6
organization,6
lengaphansi,6
letemphilo,6
yekugula,6
kunciphisa,6
training,6
umlingani,6
kutemnotfo,6
children,6
loluphelele,6
yekuvikela,6
sekufa,6
emphakatsi,6
batsengisi,6
kwemsebenti,6
yalabo,6
letingaba,6
kungabi,6
anesifo,6
kuniketwa,6
nemindeni,6
lehlobene,6
emabhizinisi,6
sincumo,6
kuso,6
labasemkhatsini,6
lwacala,6
bemdzabu,6
ikakhulu,6
ngemamitha,6
aka,6
kulesikhundla,6
kwendzawo,6
itsatfwa,6
labangaba,6
slovo,6
street,6
walter,6
ngemali,6
communist,6
group,6
ngebukhulu,6
ekusungulweni,6
that,6
yakhiwa,6
kallenbach,6
umtapo,6
lesikhundla,6
lwenhlangano,6
kubita,6
lidamu,6
province,6
sacala,6
disco,6
media,6
american,6
silwane,6
lokutsiwa,6
satiwe,6
mashobane,6
kuhlanta,6
timphahla,6
letingetulu,6
sigujana,6
zika,6
lahlobile,6
velonkhe,6
temtimba,6
kuvela,6
etigodzini,6
atfolakala,6
kulomunye,6
lembalwa,6
isuka,6
emlonyeni,6
ngekwenta,6
tati,6
herzegovina,6
ncono,6
kuyanconywa,6
anthibhayothiki,6
kwabangela,6
yimbangela,6
lengemashumi,6
kuhlela,6
lesebenta,6
yekuba,6
kuyaye,6
kwetisu,6
wesifazane,6
uyadzela,6
landaba,6
blyde,6
reserve,6
escarpment,6
ngaseningizimu,6
letindzawo,6
latfolakala,6
blue,6
kwemakhilomitha,6
public,6
lichaza,6
kukhomba,6
yetilwane,6
letiningi,6
leligede,6
ngemalunga,6
tibhelu,6
netihlalo,6
yango,6
mbulu,6
air,6
smith,6
nendvodzana,6
ligunya,6
ngaleyo,6
eluhlelweni,6
christian,6
ashiye,6
cum,6
laude,6
namake,6
lesiphilako,6
nangetulu,6
lwemitsi,6
lolusisekelo,6
lwetemphilo,6
nemitsi,6
naleminye,6
ekuphileni,6
kajama,6
gospel,6
yasemelika,6
lefaka,6
webantfwana,6
mungu,6
wake,6
uhuru,6
barbara,6
ungumdlali,6
sciences,6
mugabe,6
patriotic,6
ngekuphikisana,6
ngekubambisana,6
lubandlululo,6
kuthi,6
ngumkhosi,6
wakhula,6
indlalifa,6
ngenkani,6
loneminyaka,6
tendzawo,6
law,6
ayizange,6
lelibhola,6
soccer,6
ngajanuary,6
njengelisekela,6
yetindzaba,6
bakhetfwa,6
ngumsunguli,6
august,6
ngafebhuwari,6
lokuphekwako,6
emafutsa,6
bekanguthishela,6
iyincenye,6
nenkhohlakalo,6
bekangumphatsi,6
lesitako,6
ngumcimbi,6
temarandi,6
ngemacembu,6
lakhuluma,6
ekuvukeleni,6
mantfombi,6
master,6
lifilimu,6
molefi,6
march,6
letiphakeme,6
yekapa,6
library,6
wetindzawo,6
wasendzaweni,6
edgar,6
allan,6
lower,6
labasiphohlongo,6
tira,6
afro,6
lawina,6
bachubeka,6
lombuso,6
wasebotswana,6
lobekangumholi,6
imikhicito,6
lenkampani,6
biscuits,6
yekwazulu,6
imigomo,6
lowatfola,6
ngobese,6
adey,6
ahodo,6
ani,6
ebia,6
url,6
baabi,6
fitaa,6
tuntum,6
fael,6
akwankyer,6
bedi,6
ahotoso,6
nnwumakuw,6
mfa,6
atu,6
letintfombi,6
imicimbi,6
nencenye,6
tetekulima,6
yebatsengi,6
kuphatfwa,6
kwamalanga,6
chancellor,6
setekulima,6
masters,6
siniketa,6
graduate,6
programmes,6
mathematics,6
medicinal,6
indigenous,6
nenyama,6
katolika,6
emadloti,6
churches,6
temabanga,6
bijl,6
memória,6
gwala,6
fynn,6
peta,6
africanist,6
azania,6
malema,6
yetemfundvo,6
godi,6
uim,6
wetilwimi,5
services,5
ngato,5
kutfutfukisa,5
kwentiwe,5
kusita,5
ikheniya,5
síchoza,5
ijaphani,5
simon,5
leliseningizimu,5
telubombo,5
yakangwane,5
nemave,5
bakangwane,5
tinkhulungwane,5
nemfica,5
basuswa,5
temazulu,5
ngephansi,5
loholwa,5
yakhotsama,5
imele,5
kufike,5
ngekuhlanganisa,5
tizatfu,5
imozambikhi,5
malkerns,5
nemitsetfo,5
lesigaba,5
kú,5
gcina,5
webukhosi,5
ungena,5
nakufika,5
sekutsi,5
lídvúba,5
ayanda,5
phiri,5
teluhlobo,5
semtsetfweni,5
yekwakha,5
wesi,5
jalimane,5
nelwandle,5
bemhlaba,5
sichoza,5
sibhunu,5
republiek,5
república,5
gwamile,5
kúdlála,5
mother,5
life,5
harry,5
home,5
tsabedze,5
semnikati,5
malawi,5
zambia,5
sibusiso,5
bekangumbhali,5
yekuhlanganisa,5
center,5
yakho,5
yetzi,5
kukhuluma,5
ngesiswati,5
nekutiphatsa,5
imakhedoniya,5
bekukhona,5
roosevelt,5
mhlabuhlangene,5
alan,5
beijing,5
lelibandla,5
liyincenye,5
lizulu,5
nemhlaba,5
lisontfo,5
board,5
vusweni,5
hlane,5
lomahasha,5
embheka,5
ebuseleni,5
mgomfelweni,5
sigcineni,5
mgazini,5
maseyisini,5
mtsambama,5
ngudzeni,5
nkwene,5
likati,5
ibhayologi,5
lesingu,5
emindenini,5
libanga,5
tona,5
dolobha,5
tu,5
speranto,5
isizulu,5
ispaniya,5
irashiya,5
ilathiviya,5
indiya,5
breinigerberg,5
lotsite,5
kutsiwe,5
mkhulu,5
ngubabe,5
lomsikati,5
like,5
oxford,5
ed,5
sib,5
akumange,5
nemibono,5
úm,5
lebusako,5
alijeriya,5
burundi,5
lesiluhlata,5
wekhongo,5
lugu,5
mali,5
temaldiva,5
arabhiya,5
siri,5
austria,5
ibhosinya,5
ibhulgariya,5
ikhuroshiya,5
ifulansi,5
ijalimane,5
igrikhi,5
ihangareyi,5
iyalendi,5
italy,5
netherlands,5
silovakhi,5
siloveni,5
ingilandi,5
scotland,5
anithikhu,5
canada,5
wedomonokha,5
lushiya,5
nethobhago,5
ibholiviya,5
ishile,5
ikholombiya,5
australia,5
takadzeni,5
babitwa,5
bakazulu,5
saba,5
kubhalwa,5
lomuntfu,5
lokufanele,5
letenteka,5
ikhemisi,5
semphilo,5
emphilweni,5
biology,5
order,5
kuhlelwa,5
ngesimo,5
buhle,5
bemaswati,5
nemlandvo,5
kutsatfwa,5
nine,5
ngekuhlehletela,5
umfana,5
belumbi,5
imi,5
ibhola,5
bawo,5
lelisesifundzeni,5
yabekwa,5
ngawo,5
bechuanaland,5
lomawa,5
nebaholi,5
wehla,5
luthuli,5
bushbuckridge,5
carolina,5
bank,5
sishayamtsetfo,5
kucaphuna,5
samuel,5
ayo,5
lwayo,5
sikelela,5
liphalamende,5
edward,5
lasezimbabwe,5
bakholwa,5
kuphi,5
bakhuluma,5
kwaphela,5
yekuphila,5
naseningizimu,5
lowasungula,5
seme,5
batfwa,5
buthelezi,5
saseswatini,5
budze,5
olympic,5
umbusi,5
kwemindeni,5
lokutsite,5
udla,5
lamahle,5
lendze,5
yindvodza,5
mabaso,5
washaka,5
sibaya,5
telibhayibheli,5
lasengilandi,5
nemphilo,5
mabhuku,5
sam,5
nevi,5
ketuvim,5
kwebukhosi,5
ngekwelisiko,5
kwato,5
am,5
ruth,5
ngekufa,5
walandzela,5
emadvodzeni,5
temakhosi,5
njengemuntfu,5
tebantfwana,5
kwamenta,5
walahlekelwa,5
wafika,5
umtselela,5
wemasiko,5
lenhlangano,5
kwafa,5
ngalokungekho,5
kwekugula,5
kulokunye,5
tesimanje,5
inkondlo,5
tetilwane,5
lemincane,5
ufuna,5
latsi,5
besive,5
umntfwanenkhosi,5
islam,5
champions,5
ngubani,5
emmanuel,5
dos,5
umkhatsi,5
pedro,5
su,5
kwetintsaba,5
swiss,5
lama,5
trade,5
bai,5
bin,5
une,5
dean,5
abakwathwala,5
leto,5
ray,5
emacwecwe,5
square,5
wavela,5
monk,5
gito,5
adlala,5
label,5
lesitimela,5
besi,5
lwesingisi,5
kubese,5
harris,5
hope,5
taiwa,5
bemculo,5
federal,5
hugh,5
alandzela,5
nemkakhe,5
lobekaneminyaka,5
ngemculo,5
waze,5
etikhatsini,5
yintfo,5
letibukene,5
wakhetsa,5
ngalesento,5
nalabamnyama,5
lomncintiswano,5
etikhundleni,5
biko,5
letembangave,5
nogwaza,5
labatsandzana,5
lelimele,5
ngebantfu,5
been,5
campaign,5
wemnyaka,5
wangcwatjwa,5
bekulicembu,5
mpla,5
ngetifo,5
lenyenti,5
yemlandvo,5
kubikwa,5
antiretroviral,5
lwamengameli,5
labatintsandzane,5
labakhubatekile,5
labakhulelwe,5
imininingwane,5
labafile,5
kwebasebenti,5
lelisekela,5
embikwebantfu,5
ngekwebulili,5
lokuhlobene,5
emergency,5
kuphendvula,5
neluhlelo,5
lesimo,5
benkholo,5
kwetinsita,5
etikweni,5
batfolakele,5
basemaphandleni,5
labaphuyile,5
tivame,5
labanjingile,5
lelifanako,5
kungenteka,5
kubangelwe,5
ngekwengeta,5
babika,5
kungasebenti,5
letiyingoti,5
kulelicembu,5
ngemaphoyisa,5
kucatjangwa,5
kwelizinga,5
ekukhuleni,5
kusekelwa,5
kungatfolakali,5
batali,5
nekuvikela,5
lahlala,5
bekungeke,5
akuzange,5
lokudzingekako,5
ekufeni,5
tekudla,5
lifa,5
kwaholela,5
century,5
prinsloo,5
julie,5
ngundvunankulu,5
wemaphoyisa,5
endleleni,5
walwa,5
nekubulala,5
libandlululo,5
njengelicembu,5
emahhovisi,5
rivonia,5
takhona,5
naso,5
lesikhumulo,5
portuguese,5
nekulwa,5
yembango,5
kuletingu,5
umnumzane,5
aboshwa,5
nendlu,5
bekayindvuna,5
etransvaal,5
water,5
siteshi,5
wemoya,5
bekuyi,5
data,5
bekangummeli,5
lubisi,5
nelubisi,5
letikhashane,5
kudliwa,5
kwekusebenta,5
tekuvikela,5
labasulelekile,5
lekubulala,5
yenshonalanga,5
database,5
temnotfo,5
brithani,5
kasenzangakhona,5
rio,5
tingafaka,5
timbuzulwane,5
losebenta,5
tinkhomba,5
aphuma,5
emantini,5
kwehlisa,5
banalesifo,5
amerika,5
lesitsatselanako,5
ngekulandzela,5
kugoma,5
tekulapha,5
nalona,5
kwesikhumba,5
akha,5
kwetinyanga,5
lehambisana,5
ngekubuka,5
nekuguculwa,5
kucinisa,5
kunatsa,5
federation,5
kutsandza,5
lesedvute,5
anthibhayothiksi,5
ngemaphesenti,5
kwentelwe,5
lokungapheli,5
kwemaviki,5
esuswini,5
kuvikelwa,5
kalula,5
lefanako,5
incoma,5
nekukhishwa,5
tendzabuko,5
nekuba,5
bavamise,5
walibuka,5
ingabe,5
lowveld,5
road,5
mountain,5
inhlanyelo,5
emakhilomitha,5
falls,5
langanga,5
wemamitha,5
komatipoti,5
uhlangana,5
luhambo,5
dutch,5
pongola,5
yetindiza,5
quality,5
lembuso,5
kuhlanganiswa,5
asesemncane,5
wasepoland,5
wentiwa,5
unisa,5
computational,5
lowacala,5
wahamba,5
soul,5
best,5
ilanga,5
lodvume,5
nalamuhla,5
has,5
she,5
lebukhosi,5
kwasobhuza,5
kwekuba,5
njengalomunye,5
glayton,5
nababe,5
gundu,5
sakhile,5
mtsetfo,5
umbukiso,5
emkhankasweni,5
sandile,5
ngummeli,5
semphakatsi,5
yetemtsetfo,5
kwemtsetfosisekelo,5
letatiwako,5
kwaletinye,5
kwetidzakamiva,5
mashele,5
indiza,5
wafuna,5
umsebenzi,5
tindleko,5
nemjovo,5
kuloluhlelo,5
labangaphansi,5
yesikhungo,5
lehepatitis,5
wehepatitis,5
ngalinye,5
rdp,5
civil,5
kulungisa,5
minister,5
letinsha,5
re,5
ninh,5
authority,5
sikhashana,5
elos,5
wafaka,5
imimoya,5
uvame,5
lanemandla,5
bekangusihlalo,5
mase,5
radoje,5
yavalwa,5
yaphocelelwa,5
nemphi,5
njengemdlali,5
ifike,5
bengiyephi,5
imvunulo,5
kubulawe,5
ngenhloso,5
rap,5
boksburg,5
pirates,5
umsunguli,5
yemacembu,5
nangekutsi,5
wakhonta,5
nanelson,5
kwelicala,5
wekulwa,5
utawutsatsa,5
wasekenya,5
ekenya,5
choir,5
wajackoyah,5
lotimele,5
yesikolwa,5
wabhalisa,5
lijaji,5
tibonelo,5
ngekufaka,5
kubekwa,5
enatal,5
honorary,5
ngumeluleki,5
nendvuna,5
bantustan,5
deokaran,5
kungani,5
yasekapa,5
lamabi,5
lenemandla,5
misuzulu,5
kwelisiko,5
ngumfati,5
commander,5
blatter,5
easter,5
lewis,5
wakhululwa,5
ngekwebuhlanga,5
labamelene,5
umtfombo,5
basenyakatfo,5
sibalo,5
emakhilomitheni,5
makhanda,5
yelidolobha,5
grahamstown,5
lesivela,5
kuvinjelwe,5
lenesihloko,5
leading,5
kwalengu,5
wamengameli,5
walandzelwa,5
umkhiciti,5
jazmee,5
yasenatal,5
lahlanganisiwe,5
mdlongwa,5
classic,5
mafikizolo,5
leyaba,5
bafika,5
madosini,5
emicimbini,5
bemazulu,5
agnes,5
wetinhlelo,5
kulondvolotwa,5
bekangumengameli,5
defence,5
mogae,5
nemfati,5
welisekela,5
akazange,5
wangaphambilini,5
wabeka,5
motswaledi,5
up,5
change,5
batfutsela,5
yekubhaka,5
cream,5
escotland,5
lelisontfo,5
nekufundza,5
wafundzela,5
bakha,5
ah,5
yemengameli,5
wotua,5
amanne,5
aguadi,5
efis,5
abak,5
ber,5
abien,5
kor,5
wotumi,5
dii,5
sohw,5
tag,5
akyer,5
nhia,5
rankings,5
anya,5
eyi,5
nti,5
koro,5
nnibea,5
algorithm,5
efi,5
daa,5
yahoo,5
nam,5
kasa,5
mmisa,5
hia,5
jose,5
kundlondlobala,5
emozambique,5
yasebukhosini,5
lobekangundvunankhulu,5
sicumbi,5
nemhlanga,5
welikhaya,5
talomcimbi,5
ebutfweni,5
basutoland,5
yaseswaziland,5
tebafundzi,5
accounting,5
adult,5
nursing,5
communication,5
yembuti,5
tinkholo,5
tetinkholelo,5
webaholi,5
itfole,5
lomjeka,5
kuthula,5
netakhamuti,5
sigungu,5
labalishumi,5
agezi,5
kalanga,5
ntombazi,5
kuncoba,5
ngadisemba,5
ngaseptemba,5
njengemholi,5
lelifilimu,5
antonio,5
imooi,5
frazer,5
ngamabasa,5
barker,5
gugulethu,5
lelisedolobheni,5
yegoli,5
basebrithani,5
matsulu,5
doyoyo,5
mashatile,5
vorster,5
iw,5
sarili,5
mihavecz,5
zama,5
magashule,5
mpl,5
icosa,5
lwemsebenti,4
kwetilwimi,4
netidzingo,4
nekuniketa,4
td,4
sízulu,4
japanese,4
umengamêli,4
lasemozambique,4
libitwa,4
wabuye,4
ngundvuna,4
lilangeni,4
ngenhla,4
ad,4
kazombodze,4
nemakhosi,4
lekwatiwa,4
lafika,4
kwemaswati,4
wemangisi,4
sozisa,4
latfwala,4
utsatsa,4
mnikati,4
wetibusiso,4
netintsaba,4
takangwane,4
bend,4
emalangeni,4
kwakheka,4
kwelulwimi,4
nekwakhiwa,4
ligwalagwala,4
lídolobhanyâna,4
noinclude,4
yatalwa,4
bekuyinkhosi,4
nakune,4
mrs,4
emcimbini,4
kwemalungelo,4
betindzaba,4
timoto,4
kwente,4
asemelika,4
takhiwa,4
likhulu,4
eng,4
lwase,4
emashumini,4
ipitoli,4
sivenda,4
ngumtsetfo,4
nesizulu,4
constitution,4
embuso,4
mlangeni,4
mavuso,4
layaka,4
tibati,4
lusutfu,4
úmfúndzi,4
síkólwa,4
get,4
mountains,4
tom,4
day,4
andrew,4
lady,4
star,4
major,4
scarlet,4
pimpernel,4
percy,4
trial,4
bright,4
bonaparte,4
colour,4
morning,4
magazine,4
just,4
kunye,4
sipho,4
maseko,4
ubhale,4
lebelatiwa,4
nakacedza,4
esitolo,4
bafundisi,4
acale,4
ngemlandvo,4
yemakrestu,4
netinganekwane,4
netibongo,4
victor,4
literature,4
los,4
kutsatfu,4
nebukhosi,4
nini,4
roma,4
indlovulenkhulu,4
juni,4
julayi,4
lishumi,4
yeumbuso,4
umhlangano,4
tikhalo,4
ngulelinye,4
inelinani,4
silinganiso,4
emgwacweni,4
ematsambo,4
emacandza,4
kudu,4
species,4
geographic,4
reference,4
edition,4
eleanor,4
úmbháli,4
eskom,4
thishela,4
linemalunga,4
langemashumi,4
lolusemtsetfweni,4
bangu,4
examinations,4
mario,4
kusitfupha,4
maphalaleni,4
mavula,4
sidwashini,4
mhlangatane,4
motjane,4
ndzingeni,4
mashobeni,4
mvembili,4
kamkhweli,4
hlambanyatsi,4
emhlangeni,4
engwenyameni,4
mangcongco,4
ncabaneni,4
mbelebeleni,4
bhadzeni,4
ntondozi,4
emhlahlweni,4
emjikelweni,4
mbilaneni,4
kagasa,4
libhubesi,4
manje,4
tihloko,4
width,4
tibuye,4
nostre,4
pri,4
tíncwâdzi,4
ido,4
britain,4
bruce,4
official,4
kufundzisa,4
museum,4
nawe,4
lomdvuna,4
labancane,4
nalomkhulu,4
mnguni,4
ngunis,4
languages,4
ngesive,4
kuhlonipha,4
yaso,4
tsine,4
usuke,4
lenkhosi,4
ibutswana,4
ijibhuthi,4
iritheya,4
igabhoni,4
igambiya,4
igana,4
bhasawu,4
lwempondvondlovu,4
namibia,4
tomé,4
liyoni,4
afghanistan,4
ikhambodiya,4
indonesia,4
irani,4
irakhi,4
jordan,4
ilawoso,4
imayanima,4
singapore,4
ithekhi,4
alibheniya,4
iyandola,4
iyosithiya,4
ibhelalasi,4
ibhelijiyamu,4
idenimakhi,4
ifini,4
intaliyane,4
ileshestani,4
imalitha,4
imolidiva,4
monaco,4
imonakho,4
imonthenekho,4
idashi,4
inoweyi,4
iphuthukezi,4
iromaniya,4
russia,4
iswideni,4
iyukhureni,4
ivathikhi,4
ikhanada,4
likha,4
salvador,4
guatemala,4
ipheru,4
temalangeni,4
shabalala,4
sakamtsetfwa,4
kwadingiswayo,4
kwati,4
boa,4
ledvumile,4
lesetjentiswako,4
basemadolobheni,4
basemakhaya,4
lekufanele,4
lefanele,4
letilandzelako,4
telive,4
kulawulwa,4
kwemtimba,4
kwehlukaniswa,4
laya,4
lentfo,4
bunkondlo,4
poetry,4
lobu,4
kuleminye,4
temdzabu,4
bafana,4
tandla,4
ingoti,4
lelingemakhilomitha,4
ladybrand,4
lakha,4
clay,4
lokwentiwa,4
tindziwo,4
leso,4
afika,4
aphumelele,4
nelspruit,4
pixley,4
moroka,4
hall,4
queen,4
lelihubo,4
esontfweni,4
njengembusi,4
balandzeli,4
real,4
juan,4
inemlandvo,4
emagibhithe,4
imibuso,4
baphila,4
nemabutfo,4
ngusenzangakhona,4
semandwandwe,4
wakhulisa,4
games,4
leyo,4
ebukhosi,4
mnyamandze,4
kubaluleka,4
leluhlata,4
ngelibala,4
macala,4
ugcina,4
afakwa,4
wesley,4
baze,4
lokumatima,4
bemlandvo,4
babhala,4
bujuda,4
wemacembu,4
atsatsa,4
tento,4
ikhuluma,4
makhosi,4
ml,4
kwemasiko,4
ha,4
ch,4
takudzala,4
letibongo,4
lokuchaza,4
sento,4
ngale,4
lobekayinkhosi,4
labafuna,4
nesikolwa,4
efort,4
beaufort,4
kwekucoshwa,4
tekutsi,4
baboshwa,4
kwehluleka,4
kwekusungulwa,4
aphile,4
netintfo,4
emehlo,4
kuhlupheka,4
tasekhaya,4
akukho,4
letindzala,4
eludzidzini,4
tekwakha,4
emabanga,4
bangani,4
calculus,4
die,4
fi,4
republik,4
bosna,4
hu,4
kenny,4
md,4
lisbon,4
cd,4
ge,4
soro,4
eport,4
langema,4
letintsaba,4
labatfolakala,4
batfolakala,4
lawa,4
red,4
european,4
mohammed,4
majaliwa,4
az,4
bengali,4
tr,4
jo,4
ph,4
est,4
max,4
leyenteka,4
siwela,4
umlando,4
izinto,4
letisetulu,4
itsatse,4
wemalunga,4
talk,4
bahlanganyele,4
anti,4
tango,4
tekuchumana,4
bakholelwa,4
titolo,4
letindzaba,4
nelutsandvo,4
roots,4
wacula,4
bass,4
kuleyo,4
herman,4
vusi,4
ubone,4
sitimela,4
perseverance,4
sesitsatfu,4
ngelulwimi,4
phambili,4
ayiswe,4
list,4
tembisa,4
telibandlululo,4
temculo,4
kuleminyaka,4
makeba,4
masekela,4
tindvondvo,4
njengemculi,4
awards,4
wahlonishwa,4
angaphandle,4
festival,4
wemfana,4
tugela,4
nebudlelwane,4
netekuchumana,4
wenkosi,4
danny,4
alilunga,4
yekuhlela,4
nekuhlala,4
apartheid,4
kutibandzakanya,4
nalenye,4
noxolo,4
alwela,4
latsite,4
wetama,4
phambi,4
kuloku,4
ubuye,4
ngesihluku,4
ngekubulala,4
emehlweni,4
llb,4
suthu,4
batsatsa,4
savimbi,4
edholobheni,4
ngusomabhizinisi,4
wasita,4
kudze,4
madvute,4
kufake,4
letingekho,4
joint,4
unaids,4
isebente,4
walabo,4
kweligciwane,4
pepfar,4
tekuphila,4
ekuvimbeleni,4
yalinganisela,4
yangaphambi,4
bekunebantfu,4
levela,4
kusabalala,4
tinyatselo,4
lowenta,4
eswaziland,4
kwemphakatsi,4
nangemuva,4
yetenhlalakahle,4
yetemacansi,4
lemkhwenyane,4
kuhlukunyetwa,4
besikolwa,4
lula,4
lwavelonkhe,4
lolusha,4
labatsintsekako,4
emiphakatsini,4
yekuvimbela,4
sector,4
saloku,4
tigulane,4
ngekudla,4
tuberculosis,4
letitsatsa,4
ematfuba,4
etinhlelweni,4
bebanelwati,4
ngekwetemnotfo,4
achubeka,4
start,4
kwekutfolwa,4
kwesaba,4
kungenelela,4
kukhatsateka,4
nekuhlukunyetwa,4
labadlala,4
tekunakekelwa,4
nekuniketwa,4
lucwalingo,4
lolwentiwe,4
lokungaba,4
condom,4
ecansini,4
etinyangeni,4
kuhlukumeteka,4
itfola,4
program,4
budlova,4
kungenta,4
emisebentini,4
nemisebenti,4
ngalokuvamile,4
lavela,4
nesidzingo,4
ecinisweni,4
bekuhlala,4
kuhlanganyela,4
kukhulisa,4
ngekuhlanganyela,4
letati,4
letiniketa,4
weminyaka,4
tiyincenye,4
ministry,4
efika,4
kungako,4
nemashumi,4
sema,4
lowamlandzela,4
mpande,4
sandra,4
gods,4
must,4
name,4
kgalema,4
imingcwabo,4
bekangu,4
bekangumntfwana,4
balimala,4
lomhlaba,4
watiwe,4
mkwayi,4
ijohannesburg,4
ivamile,4
lesisuka,4
wangenela,4
some,4
kwenkululeko,4
yendlovana,4
yemtsetfosisekelo,4
yetivakashi,4
sati,4
endiya,4
wasebentisa,4
wemagugu,4
liberation,4
wesine,4
oberlin,4
ngekubona,4
temacembu,4
salaam,4
ngemave,4
bebafuna,4
belicembu,4
etanzania,4
tinhlangotsi,4
bekasebenta,4
marques,4
penguin,4
etandleni,4
cahora,4
gezi,4
kusakata,4
sasungulwa,4
yemoya,4
ngekwemtsetfo,4
bekumele,4
system,4
awa,4
hit,4
xuma,4
lesehlakalo,4
msogwaba,4
tasempumalanga,4
tacala,4
ngemanguni,4
emasikweni,4
ibaluleke,4
titfo,4
lesiphindze,4
tinhlungu,4
labanaso,4
yemagciwane,4
kungentiwa,4
kungasita,4
lonalesifo,4
kusetjentiswe,4
wabulala,4
ngelisontfo,4
ufundze,4
bangahle,4
kwengati,4
umchamo,4
labangela,4
tisu,4
kuphatsa,4
lokwacala,4
umtfundzangati,4
ise,4
sibindzi,4
sivame,4
batfu,4
avame,4
asuka,4
tilwanyana,4
uniketwe,4
kungasetjentiswa,4
lebuye,4
lamanyokane,4
uvikele,4
kulashwa,4
kwalabo,4
ngekuhlindvwa,4
ngesifo,4
kubangelwa,4
lokusuleleka,4
ngekukhwehlela,4
dna,4
kwavela,4
sitsatsa,4
laniketwa,4
lacalwa,4
kusenesikhatsi,4
umbhobho,4
wekunatsa,4
utfolakala,4
ngibo,4
watfolakala,4
maplandia,4
siprage,4
kabi,4
lesekatfutfukile,4
emanani,4
lenchubo,4
yekulawula,4
lekhona,4
lekubuye,4
kwatiwe,4
etibhedlela,4
netinhlungu,4
lomntfwana,4
kunconywa,4
kutalwa,4
tekulawula,4
tibonakala,4
kuvala,4
netindlela,4
ngatsi,4
endzabeni,4
tekuhlela,4
angahle,4
ukhulelwe,4
kumuntfu,4
tekukhulelwa,4
kwemndeni,4
ngemaviki,4
lobukhulu,4
lephelele,4
kucale,4
lwaseningizimu,4
emahlatsini,4
ngimfanisa,4
lelandzelanako,4
kwemigca,4
umugca,4
nature,4
provincial,4
bourke,4
luck,4
treur,4
letatiwa,4
kulesiciwi,4
emnceleni,4
kulomfula,4
ngetjani,4
etimphini,4
umlingisi,4
lourie,4
letinetjani,4
tesiganga,4
akhula,4
wemakhilomitha,4
kwalomfula,4
wetingwenya,4
angaphansi,4
delagoa,4
boer,4
ewela,4
yemphi,4
losuka,4
game,4
tekulima,4
wesitimela,4
ngentsandvo,4
wesihlanu,4
umtfwana,4
primary,4
umbala,4
inhibitors,4
methods,4
sikhumulo,4
njengelilungu,4
ekimberley,4
sitolo,4
letitolo,4
nemshado,4
kukhetsa,4
kwendlovukazi,4
layimfica,4
njengendlovukazi,4
webafati,4
sasempumalanga,4
nekulingana,4
wavula,4
labafaka,4
yavulwa,4
kathrada,4
zondo,4
masuka,4
mazimhaka,4
ushade,4
mary,4
yebuncane,4
septhemba,4
emma,4
bekayindvodzakati,4
wemphakatsi,4
indian,4
ngcukaitobi,4
sikhulumi,4
llm,4
economics,4
nekutalwa,4
latent,4
emoyeni,4
kwesifo,4
tuberculin,4
bcg,4
etepolitiki,4
lesingalapheki,4
kuvuvuka,4
simungwamungwane,4
ngekusekelwa,4
kwekucedza,4
emsipheni,4
lodzingekako,4
ipertussis,4
nakucala,4
wemaviki,4
uya,4
kungakapheli,4
letijwayelekile,4
wavunyelwa,4
imenenjayethisi,4
umsindvo,4
edirne,4
wabusa,4
sizatfu,4
kutfutfuka,4
lushintjo,4
manti,4
lemine,4
yemnyaka,4
into,4
commons,4
zone,4
covid,4
ngetinsolo,4
lasemelika,4
sasemelika,4
year,4
amabili,4
ukwakha,4
lengaba,4
tifonyo,4
mpharanyana,4
mparanyana,4
kwekushiya,4
umkhankaso,4
emshadweni,4
ahlasela,4
lelibusako,4
woodard,4
wafakwa,4
kukhokha,4
native,4
kumelana,4
yahulumende,4
sacp,4
ayi,4
umbono,4
amathuba,4
emsakatweni,4
liholide,4
ingwenya,4
bengiyokwentani,4
sengitamutjela,4
inyongo,4
ngandzindza,4
gculugculu,4
ngumlingisi,4
phenduka,4
ayedvwa,4
bekasishoshovi,4
njengemsiti,4
lebugebengu,4
lasejohannesburg,4
boys,4
lonemandla,4
lucas,4
madikizela,4
aboshwe,4
wendvuna,4
arap,4
tembusave,4
ungusomabhizinisi,4
njengemmeli,4
ewestern,4
electoral,4
yetemabhizinisi,4
wafungelwa,4
umfundzisi,4
ngekufutsetela,4
lehlangene,4
nome,4
emalahle,4
secondary,4
inyandza,4
kwaletsa,4
imoto,4
nekutinikela,4
ocwen,4
connecticut,4
umngani,4
lofanele,4
yesigodzi,4
amele,4
clinton,4
kirkland,4
gdp,4
sekwati,4
basebantu,4
yakamuva,4
bekangumbusi,4
yekuhlola,4
uyindvodzana,4
esibayeni,4
lecondzile,4
lobekake,4
lesishayamtsetfo,4
kutfutfukiswa,4
imvumo,4
command,4
webhola,4
netemnotfo,4
kwekubuyela,4
nekudla,4
janusz,4
buve,4
afrikaner,4
akhululwe,4
tangaphambilini,4
yasebrithani,4
kudvuma,4
njengalenye,4
valley,4
uye,4
tekutsengiselana,4
inetindzawo,4
umncele,4
beyibitwa,4
kwemgwaco,4
ngalowo,4
ngekusebenta,4
movie,4
aimée,4
yabhimbidvwane,4
labalimele,4
liyindzawo,4
wakhulula,4
lehlanganisiwe,4
ubaluleke,4
ungumsunguli,4
lilayini,4
bongo,4
bulawayo,4
ahole,4
yehluleka,4
loshonile,4
brothers,4
lebeyinesihloko,4
absa,4
ndaba,4
lodvumile,4
nemicimbi,4
kamalandela,4
loyinhloko,4
bpf,4
yasebotswana,4
military,4
ngesizatfu,4
lephumelelako,4
former,4
vice,4
semaphoyisa,4
security,4
bekangumlweli,4
wasekela,4
nemiklomelo,4
wikimedia,4
unreviewed,4
translations,4
watsenga,4
emadvodzana,4
ifektri,4
waphunyula,4
tiyo,4
basuka,4
emalungiselelo,4
bio,4
njengemphatsi,4
mpho,4
bekangumdlali,4
abanjwa,4
netati,4
imvelo,4
acornhoek,4
facebook,4
bekaphetse,4
esitokisini,4
motsoaledi,4
anim,4
kar,4
wontua,4
asi,4
nsrahw,4
afei,4
rey,4
bmasters,4
mfaso,4
biako,4
tags,4
binom,4
boro,4
mma,4
adwumay,4
ade,4
akontaa,4
bae,4
satu,4
siw,4
ano,4
caffeine,4
fofor,4
aso,4
nhw,4
rob,4
ebetumi,4
fã,4
mmara,4
mantam,4
kinderstart,4
yakhula,4
kweluhlangotsi,4
wencwala,4
langakashadi,4
ahamba,4
lacishe,4
kwekufika,4
lasemancane,4
leyinhloko,4
nemacembu,4
ceremony,4
lwesinguni,4
netakhiwo,4
setinkhomo,4
tangoma,4
wekuphotfula,4
yekuchumana,4
yetandla,4
tikhombo,4
uniswa,4
inetikhungo,4
kungumsebenti,4
letekulima,4
emakamu,4
lelikhampasi,4
linetikhungo,4
umgomo,4
umkhicito,4
uniketa,4
titifiketi,4
bayatiphendvulela,4
sasenyuvesi,4
labaphindze,4
letenhlalakahle,4
kwetitjalo,4
animal,4
ekwaluseni,4
sinikete,4
sinematiko,4
educational,4
letiniketwa,4
journalism,4
mass,4
kwetincenye,4
lwekuphotfula,4
ngematiko,4
physics,4
electrical,4
electronic,4
kwelitiko,4
letiholela,4
mathematical,4
modelling,4
traditional,4
ete,4
liniketa,4
lwemtsetfo,4
nakulelive,4
emfundvweni,4
lelitiko,4
nembila,4
yenkhomo,4
kuyincenye,4
ngemabele,4
siphuphe,4
lelimanti,4
emasi,4
ngummbila,4
lolumunyu,4
lahlanganiswe,4
lelentiwe,4
lobilisiwe,4
letincelisako,4
buyinkholo,4
bangemasulumane,4
factbook,4
zionist,4
bahá,4
nenkholo,4
yelweti,4
emahamba,4
baseswazi,4
kuhlabela,4
lophakeme,4
yabokhokho,4
lobekakhona,4
lomcimbi,4
sekubuswa,4
lasetjentiswa,4
lobovu,4
imijeka,4
bewela,4
kwebuholi,4
netihlobo,4
kwemkhandlu,4
yekuhlangana,4
letesabekako,4
electricity,4
hendrina,4
temandla,4
sakakhumalo,4
watfunjwa,4
watfunyelwa,4
itugela,4
kraal,4
lancono,4
yinyakatfo,4
lowasungulwa,4
ulundi,4
independence,4
kwandvunankhulu,4
faustino,4
vamomba,4
baltazar,4
nchulema,4
tac,4
basiti,4
cabral,4
adams,4
kwabikwa,4
energy,4
lijele,4
manyi,4
angumholi,4
usibepu,4
walimala,4
somnjalose,4
sesifundza,4
selicembu,4
wasemutapa,4
lelisendzaweni,4
description,4
lobekangumphatsi,4
lesakhiwo,4
bekangundvunankhulu,4
asebrithani,4
makana,4
lemphi,4
halo,4
basketball,4
nba,4
doman,4
ungumengameli,4
mandoza,4
mafokate,4
marxist,4
iec,4
yelukhetfo,4
yekutfutfukiswa,4
azanian,4
imbeleko,4
tiro,4
telulwimi,3
kwehlukahlukana,3
naleto,3
nekuhlela,3
nangekwengamela,3
lwekusita,3
ishedi,3
sterkfontein,3
kromdraai,3
íntsaba,3
sítsonga,3
ga,3
tibhalwe,3
hill,3
cambridge,3
lincane,3
kangako,3
tatiwa,3
yingwenyama,3
silo,3
amunye,3
kubalwa,3
nemali,3
letingemashumi,3
semnyaka,3
endvulo,3
lebebahlala,3
bangena,3
eshiselweni,3
yatsatsa,3
kulesikhatsi,3
wasuka,3
netive,3
lahlangana,3
emdzabu,3
evenikati,3
lophelele,3
kwachubeka,3
kwafika,3
kwabekwa,3
lifaka,3
nesingisi,3
switzerland,3
neswatini,3
yetfu,3
nguwe,3
kuhlakanipha,3
simunye,3
kúkhulúma,3
szl,3
fauna,3
flora,3
ngalendlela,3
esiswati,3
tenkhulumo,3
yekubhala,3
lehlelekile,3
síchazamagâma,3
software,3
etjeni,3
wengwenyama,3
tilwandle,3
yinkhosikati,3
sikhanyiso,3
inkhosatane,3
ngeliso,3
nangendlela,3
letibita,3
yaka,3
tibalelwa,3
eluhlwini,3
ukhiphe,3
ekuhlobiseni,3
lendzaba,3
lemali,3
tetinsita,3
lwasengilandi,3
france,3
latin,3
usa,3
litfolaka,3
ngebunyenti,3
bebantfu,3
etigidzini,3
belungu,3
sisutfu,3
bloemfontein,3
kimberley,3
rephaboliki,3
borwa,3
moçambique,3
emaputo,3
sidvwabasilutfuli,3
tembe,3
nkomo,3
tsandzile,3
shongwe,3
oa,3
émaseru,3
washington,3
true,3
your,3
denis,3
larry,3
porter,3
nick,3
will,3
gordon,3
alex,3
hand,3
death,3
blakeney,3
bob,3
baker,3
two,3
imdb,3
úmbíki,3
guardian,3
thulani,3
kwéhlúla,3
point,3
mtn,3
mahlalela,3
líkhâya,3
nkosinathi,3
bongani,3
mxolisi,3
sibiya,3
msibi,3
missionary,3
lesihloko,3
salo,3
imibuto,3
impumelelo,3
missions,3
works,3
studies,3
pater,3
noster,3
amen,3
kwetfu,3
kona,3
belibandla,3
índlovu,3
inkhwekhweti,3
yesitfupha,3
yelishumi,3
sifulentji,3
yekwengamela,3
kwalelidolobha,3
mr,3
lakhula,3
endvuneni,3
inhlatfu,3
lehlanganisa,3
imibala,3
butsi,3
tifike,3
lensikati,3
lesingaba,3
impalampala,3
mammal,3
taxonomic,3
rd,3
kúcoca,3
mahatma,3
johane,3
kuko,3
ngumnikati,3
lahlukene,3
jacques,3
igugu,3
lethu,3
jesus,3
yebu,3
nelivi,3
esiphambanweni,3
yedvwa,3
longcwele,3
kugeza,3
assembly,3
hong,3
kong,3
nasemelika,3
sijalimane,3
yesíkólwa,3
enjabulweni,3
moneni,3
evelyn,3
hhukwini,3
elangeni,3
vi,3
nyakatfo,3
kandwandwe,3
piggs,3
kahhohho,3
dvokodvweni,3
lugongolweni,3
mpholonjeni,3
ngcina,3
nkilongo,3
crooks,3
siphofaneni,3
bhekinkhosi,3
ebutfonweni,3
engcayini,3
engwazini,3
enkiliji,3
ensenga,3
enyakeni,3
esankolweni,3
eswaceni,3
kantunja,3
maliyaduma,3
mdayaneni,3
mkhulamini,3
dingizwe,3
lundzi,3
mbangave,3
zondwako,3
kalamgabhi,3
kaluhleko,3
mbekelweni,3
ehlane,3
enhlulweni,3
lembi,3
endzingeni,3
ensukazi,3
kadinga,3
katsambekwako,3
sisingeni,3
ludzakeni,3
kaliba,3
lushini,3
manyiseni,3
nsingizini,3
ondiyaneni,3
ezishineni,3
kakholwane,3
kaphunga,3
ngobelweni,3
dlovunga,3
kamzizi,3
bambitje,3
nsalitje,3
dinabanye,3
ekuphumleni,3
qomontaba,3
bhanganoma,3
ekwendzeni,3
kambhoke,3
magele,3
ekulambeni,3
lusitini,3
ndushulweni,3
nyatsini,3
hlobane,3
kagwebu,3
kuphumleni,3
dumenkungwini,3
mabona,3
mchinsweni,3
zikhotheni,3
kankhomonye,3
lindizwa,3
lulakeni,3
ezindwenweni,3
maplotini,3
phangweni,3
qomintaba,3
vimbizibuko,3
bulekeni,3
mampondweni,3
ngwenyameni,3
umlente,3
kwemalunga,3
kg,3
color,3
bala,3
ositreliya,3
manyenti,3
etiveni,3
ufika,3
lekhicita,3
isita,3
labaphuma,3
lephetfwe,3
tiphetfwe,3
nenhloko,3
sínterlingua,3
non,3
del,3
right,3
px,3
margin,3
left,3
mia,3
auxiliary,3
heidelberg,3
wiki,3
monte,3
lääne,3
mana,3
delhi,3
ndiya,3
éjalimáne,3
wababe,3
liswati,3
ngugogo,3
ngumkhulu,3
nebafana,3
nemantfombatane,3
abenguni,3
sun,3
politics,3
man,3
yekutiphatsa,3
lokhuluma,3
akusiko,3
ngesandla,3
maswati,3
kwehle,3
ki,3
hlâba,3
among,3
ibhenini,3
ibhukhina,3
iburundi,3
ikhameruni,3
islands,3
ikhomoro,3
ikhongo,3
djibouti,3
eritrea,3
ghana,3
guinea,3
bissau,3
liberia,3
ilibhiya,3
imadagasikha,3
imorokho,3
niger,3
inayijeriya,3
iruwanda,3
são,3
ithome,3
iseyishelesi,3
sierra,3
isomaliya,3
isudani,3
ithogo,3
ithunisiya,3
ibuganda,3
afugani,3
izebajani,3
ibhaharayi,3
ibhangladeshi,3
ibhuthani,3
ibhruneyi,3
isayiphro,3
ijojiya,3
iphalestina,3
ijoridane,3
ikhazakhi,3
kuwait,3
ikhuwathi,3
ikhirigi,3
ilibhanoni,3
imaleshiya,3
imongoliya,3
inephali,3
imani,3
pakistan,3
iphakhistani,3
philippines,3
ifiliphayi,3
qatar,3
ikhathari,3
isingapholo,3
sri,3
ithayiwani,3
ithajiki,3
ithayilandi,3
ithumekhi,3
izubekhi,3
iyemeni,3
andorra,3
ireland,3
isebhiya,3
slovenia,3
spain,3
iswizalandi,3
sikoshilandi,3
inyakatfo,3
ibhabudi,3
ibhahamasi,3
ibhadosi,3
ibhelizi,3
ibhemuda,3
ikhosta,3
ikhuyubha,3
idomonokha,3
isalivado,3
igelenada,3
igwathamala,3
haiti,3
ihayithi,3
ihondulasi,3
ijamayikha,3
imekisikho,3
inikhalaga,3
panama,3
iphanama,3
ikhisinevi,3
isenti,3
ithinidedi,3
brazil,3
peru,3
ngemalangeni,3
ngudlamini,3
ginindza,3
batalwa,3
lekutsiwa,3
lolulwimi,3
neligama,3
letfu,3
sikhicite,3
imisindvo,3
lowengamele,3
kuna,3
idemokhrasi,3
quechua,3
lihlala,3
nekutfola,3
namasipala,3
sifundvo,3
kanjani,3
babuka,3
cell,3
kwehlukaniswamsuka,3
lesitsite,3
lubumba,3
lobubhalwako,3
loluhlobo,3
wato,3
lenacedza,3
inkhulumo,3
dvute,3
befika,3
aves,3
dvoye,3
litje,3
umuti,3
imiti,3
lesiphelele,3
bunyenti,3
wendzawo,3
voortrekkers,3
bekayingwenyama,3
ngumnyaka,3
ungulenye,3
yemakhosi,3
lelihle,3
lentsaba,3
síngisi,3
gaborone,3
ngemandebele,3
tingu,3
kwekukhotsama,3
utsite,3
ekoloni,3
sifiso,3
sempumalanga,3
ehlanzeni,3
dullstroom,3
amsterdam,3
kaapmuiden,3
lobulawulwa,3
brown,3
lemaweseli,3
lentiwa,3
ilizwe,3
uwusikelele,3
etu,3
edinburgh,3
bbc,3
harare,3
lehlukaniswe,3
timphandze,3
sibitwa,3
root,3
taletinye,3
muntfu,3
yinhlanganisela,3
ngelikhulunyaka,3
leyalandzela,3
mahhala,3
inayili,3
kwanga,3
kugeleta,3
faro,3
kwekuhlangana,3
kwalandzela,3
letinhle,3
curitiba,3
ngulesinye,3
koloni,3
bebahlala,3
takha,3
babaleke,3
kusuke,3
kopha,3
angena,3
yakazulu,3
litsatfwa,3
wanikwa,3
lalingana,3
bati,3
jabavu,3
capricorn,3
platinum,3
stellenbosch,3
ngemitsetfo,3
mbuso,3
lotawulandzela,3
ukhetfwa,3
ngesizulu,3
tiyini,3
naleso,3
kuleso,3
kuhlobana,3
tiyasebenta,3
lowacedza,3
wasindza,3
emafinyila,3
itsi,3
mshengu,3
lehamba,3
inhlabamkhosi,3
saga,3
akwati,3
lwesiswati,3
kwabanga,3
kunika,3
litsemba,3
mabili,3
mibhalo,3
alo,3
lowabhalwa,3
leyatiwangekutsi,3
letibili,3
emajuda,3
ifakwe,3
nguyiphi,3
ngekukhula,3
iphetse,3
ez,3
amos,3
yabhalwa,3
rabbinic,3
lamentations,3
yemuntfu,3
konke,3
mibono,3
ezra,3
waveta,3
midrash,3
nalapha,3
nemibhalo,3
fakazi,3
bajehova,3
jehovah,3
ngalokunye,3
bhunu,3
temachawe,3
lesihle,3
lesintfu,3
ecunu,3
njengelisiko,3
nakaneminyaka,3
ngumngani,3
webafundzi,3
bacoshwa,3
khongolose,3
lelikhutsele,3
awumange,3
uphumelele,3
kukhulumisana,3
ngete,3
kwasungulwa,3
tinkantolo,3
gesi,3
ngekubhaca,3
vilnius,3
lt,3
inkondlosililo,3
temajaha,3
walingisa,3
ngumsebenti,3
itsatsa,3
phindza,3
yehlise,3
lotsatsa,3
kuloko,3
kwekuhamba,3
umoya,3
lesibalulekile,3
lobekaphindze,3
wakhuliswa,3
wemakhosikati,3
nendvodzakati,3
nesibindzi,3
emajaha,3
sinyatselo,3
tintsambo,3
bovu,3
sambane,3
sona,3
ucale,3
abantu,3
shekhi,3
geography,3
alonso,3
fabriciano,3
archive,3
bot,3
tehlukahlukano,3
italia,3
michel,3
hercegovina,3
josé,3
novo,3
cabo,3
rashiya,3
ebelgrade,3
ababa,3
lelinebantfu,3
jamhuri,3
enairobi,3
libheriya,3
ly,3
imolithaniya,3
katsatfu,3
lomzila,3
global,3
cities,3
yetive,3
kutfula,3
af,3
phrinsiphe,3
victoria,3
leone,3
siriya,3
sd,3
kassim,3
kusihlanu,3
lusaka,3
khalifa,3
simba,3
id,3
he,3
ko,3
seoul,3
said,3
urdu,3
islamabad,3
thekhi,3
abu,3
sana,3
concepción,3
lilian,3
ronald,3
yeindlóvana,3
abraham,3
mauricio,3
au,3
paltoga,3
kwashintja,3
moshchena,3
mnyamande,3
engenampondo,3
lukhambule,3
version,3
ngeskhathi,3
endaweni,3
imikhono,3
ngco,3
ngumnakabo,3
lowatalelwa,3
avela,3
emalawi,3
stimela,3
wacela,3
tour,3
neafrika,3
wahlanganyela,3
kakhulukati,3
emaislam,3
burma,3
waphika,3
buso,3
tangaphandle,3
buddhist,3
beyond,3
nango,3
siginci,3
baloyi,3
sweet,3
memorial,3
adlale,3
ihlanganisa,3
bahamba,3
bonnie,3
vega,3
collection,3
sekugcina,3
sabitwa,3
kwaso,3
tinsitancanti,3
colonial,3
usungula,3
kuhambisana,3
lebetisebenta,3
anikete,3
lohamba,3
ngempumelelo,3
nasemicimbini,3
sea,3
sekushona,3
lokubhalwe,3
watakhela,3
yekufundza,3
wacindzetela,3
waphumelela,3
njengemeluleki,3
bato,3
kuse,3
nekubaluleka,3
netibhamu,3
fort,3
battle,3
ndzawo,3
safa,3
alwa,3
lebhodi,3
kubonakale,3
ngaselugwini,3
nelibandlululo,3
ngumcondzisi,3
honours,3
phil,3
nekutsengisa,3
nemgwaco,3
kubukeka,3
rape,3
watch,3
part,3
years,3
nekufundzisa,3
had,3
livulwe,3
ngumbhali,3
sabc,3
artist,3
musicians,3
yashona,3
abekwe,3
yinkosi,3
hermann,3
baphumelele,3
moreira,3
bowers,3
lenkulukati,3
yagucuka,3
melt,3
nekukhulisa,3
yasungula,3
imetamo,3
nekucindzetelwa,3
icishe,3
labamcoka,3
yekungenwa,3
kwaleligciwane,3
yekutfomba,3
laneminyaka,3
lalala,3
nenhlalakahle,3
labete,3
labaya,3
sisuka,3
bafa,3
senhlitiyo,3
labafa,3
kwemave,3
kwalolubhubhane,3
betemphilo,3
lowendlulile,3
tidlale,3
kwetimali,3
endzawo,3
kwemshado,3
response,3
lwekuvikela,3
ngunyalo,3
bavela,3
kwelwati,3
framework,3
loluhlelo,3
leyehlukahlukene,3
lokunemphilo,3
kwemashumi,3
nakucatsaniswa,3
nakubantfu,3
loluhlobene,3
lobuncane,3
nemehluko,3
nekulandzela,3
tekutfola,3
bemtimba,3
tinemtfwalo,3
ebaleni,3
awukho,3
nalabadvuna,3
loluncane,3
letiphephile,3
kulolucwaningo,3
kucatululwe,3
nekuhlanganyela,3
nekuhlangana,3
nebudlova,3
kucatulula,3
lowetayelekile,3
kwencenye,3
agency,3
leliphansi,3
ngekwenyama,3
nemazinga,3
letihambisana,3
kunekutsi,3
sidzingo,3
letisemadolobheni,3
ngetimali,3
litfolakala,3
labomake,3
tekusebenta,3
netemfundvo,3
kwesikolwa,3
nesimo,3
kunalawo,3
titfole,3
tekutsatsa,3
kunebantfu,3
ubhekene,3
kwetisebenti,3
kulingana,3
inhlekelele,3
yatfolwa,3
lokukhombisa,3
betama,3
kutemphilo,3
imitfolamphilo,3
kwekuniketa,3
letivamile,3
tabomake,3
kubhalisa,3
linda,3
sikhakhane,3
uchuba,3
howard,3
nesifundza,3
labefika,3
emakhandzambili,3
tinhlanga,3
kunato,3
njengebantfu,3
kasompisi,3
kucabanga,3
lowabulawa,3
forest,3
kwemakhosi,3
amange,3
wamnika,3
crazy,3
kani,3
uneticu,3
pitoli,3
wetekuphepha,3
netenhlalakahle,3
emangcwaba,3
avalon,3
bangetulu,3
imigodzi,3
bemphakatsi,3
pieterson,3
emabhilidi,3
weluhlobo,3
sigwebo,3
mamelodi,3
maphoyisa,3
ngekulengiswa,3
tekucedza,3
kweludlame,3
lokuhlasela,3
arthur,3
areas,3
ecaleni,3
emaphetselweni,3
ngetempi,3
ekuhlanganisweni,3
lenkantolo,3
iphalamende,3
ihlala,3
yachubeka,3
entsabeni,3
judicial,3
umutfu,3
naloku,3
bekufanele,3
beyifuna,3
lasendiya,3
mozambican,3
anthropology,3
kwekungena,3
phd,3
kwi,3
antónio,3
kutimisela,3
dar,3
bekungubo,3
labahluphekako,3
lwabo,3
wabuyiselwa,3
oscar,3
ngumfundisi,3
laseveni,3
until,3
terms,3
yekutfutfukisa,3
kwalesiteshi,3
semanti,3
sekuphehla,3
umlilo,3
lotfolakala,3
calabria,3
nelwati,3
titeshi,3
ticala,3
ikhone,3
kwandza,3
imisakato,3
tetimali,3
kancono,3
lesicinile,3
nemmeli,3
ngekulwa,3
nakafika,3
kulwela,3
lokutfolakala,3
ticatfulo,3
letinkhulungwane,3
betisetjentiswa,3
isebenta,3
badle,3
bekunguye,3
kwekwenta,3
emavikini,3
kwesibindzi,3
netinkinga,3
nengati,3
lokusamanti,3
lokuphuma,3
titselo,3
kubhebhetseleka,3
ngekwemvelo,3
tetifo,3
leticishe,3
kucinisekisa,3
kutsatfwe,3
kuvikeleka,3
kwenyama,3
lokufakwa,3
ngaleligciwane,3
kucubuka,3
ngengci,3
fever,3
special,3
resource,3
sagawa,3
chabane,3
arara,3
kazikode,3
udzabuka,3
bakandwandwe,3
ngemakhosi,3
zikode,3
yendlela,3
labovu,3
lokubitwa,3
ivamise,3
singabuye,3
kwemitsi,3
kugcoka,3
kuleto,3
ebrazil,3
lesiphutfumako,3
kusheka,3
lahlantekile,3
nekubhebhetseka,3
kumave,3
letinengati,3
tibonakale,3
letimphawu,3
kwaletimphawu,3
nekungakhoni,3
kudideka,3
nekulahlekelwa,3
kwetimphawu,3
laphuma,3
ngemarabi,3
wemarabi,3
kwekubonakala,3
ulunywe,3
imizuzu,3
nekulashwa,3
lomutsi,3
ngemjovo,3
ngalomjovo,3
kuphakanyiswa,3
bagonywe,3
kunyakuleka,3
utawuba,3
isetjentiswe,3
embonini,3
kundlula,3
wekushona,3
yesikhumba,3
iphuma,3
timphungane,3
letikahle,3
wekubulala,3
tinambutane,3
kuyachubeka,3
namandla,3
nanoma,3
kungabangela,3
multibacillary,3
letinhlobo,3
yekungabi,3
nembala,3
antibiotics,3
angasetjentiswa,3
kuhhafu,3
kuhlukanisa,3
emmangweni,3
leishmaniasis,3
lesibuye,3
leishmania,3
cutaneous,3
lendlela,3
kujutjwa,3
labanalesifo,3
inhlanganisela,3
tetintfo,3
imiva,3
letigidzi,3
postpartum,3
leba,3
lababeleke,3
lokufana,3
nemaphesenti,3
kushone,3
kwesitfo,3
ahlanganise,3
sifaka,3
kulenchubo,3
nekubeleka,3
iya,3
yekuhlindvwa,3
ubeleka,3
basuke,3
labaphikisako,3
kulaba,3
kukhululeka,3
kwemntfwana,3
yemntfwana,3
esinyeni,3
ngetinyawo,3
kwalabalinganiselwa,3
netinkhinga,3
letinge,3
nemitselela,3
tenkholo,3
letitsatselanako,3
akhulelwe,3
emaphilisi,3
bachubeke,3
nekuphila,3
yebantfwana,3
kokubili,3
nemtsetfo,3
letilinganiselwa,3
yaloko,3
kwamunye,3
emabele,3
sisukela,3
bangakhona,3
lokulinganiselwa,3
lokungakahlelwa,3
beva,3
lwemkhonto,3
emacakala,3
wasobhuza,3
bayethe,3
abhala,3
lencenye,3
khumbula,3
canyon,3
encenyeni,3
potholes,3
size,3
mariepskop,3
lemfula,3
umangabe,3
lengemakhilomitha,3
kwemifula,3
lelisuselwa,3
lawo,3
lomholi,3
impala,3
golden,3
owl,3
long,3
etincenyeni,3
tihlahla,3
grassland,3
tiganga,3
orchid,3
lose,3
lwemandiya,3
gorge,3
longetulu,3
kwelidolobha,3
kwehlela,3
locondzile,3
elwandle,3
nyoni,3
umgwaco,3
uhamba,3
ulandzela,3
nzasm,3
ungenela,3
bhunya,3
emadamu,3
basin,3
yomibili,3
lwemfula,3
asukela,3
ngasenshonalanga,3
hartbeespoort,3
marico,3
isukela,3
nasedolobheni,3
netihlahla,3
uyincenye,3
natural,3
through,3
likhono,3
springs,3
nemidvwebo,3
letacala,3
leyatfola,3
nesandla,3
kungenela,3
etinkundleni,3
kwemitsetfo,3
parliament,3
kwelicembu,3
venda,3
netepolitiki,3
bpc,3
ngumkhuba,3
mhlophe,3
screening,3
most,3
kucula,3
idiskografi,3
sings,3
sixhosa,3
mashiloane,3
baseyurophu,3
emayini,3
kwemabutfo,3
wavalelwa,3
tshanda,3
miller,3
lababa,3
wandzisa,3
lilungelo,3
atsatfwa,3
bekayinkosikati,3
benkosi,3
kwelwandle,3
libambela,3
bebhola,3
uchaza,3
iphc,3
buholi,3
uhola,3
sikade,3
iyinyuvesi,3
edwin,3
cameron,3
wetetimali,3
honoris,3
causa,3
klerk,3
mantashe,3
justice,3
phakhatsi,3
bekangumake,3
kulelo,3
sidvumbu,3
ngenhlonipho,3
mount,3
lwetilwimi,3
letisetjentiswa,3
ulimi,3
zenda,3
ecape,3
ginwala,3
nasopolitiki,3
nendiya,3
letemtsetfo,3
esifo,3
kujuluka,3
bekuvamise,3
kuphelelwa,3
sisabalala,3
kucondziswe,3
bacillus,3
calmette,3
guérin,3
kudzinga,3
antibiotic,3
yinkinga,3
labaphilako,3
letibulalanako,3
edvute,3
yetepolitiki,3
bahlengikati,3
bomongameli,3
leliholwa,3
lidolobhana,3
ngekunatsa,3
ekuvikela,3
ayahluka,3
langetiwe,3
usetjentiswe,3
labanemasotja,3
langasebenti,3
wasetjentiswa,3
ledzingekako,3
ewoliseli,3
ngelidosi,3
losulelekile,3
wesimungwamungwane,3
lebaluleke,3
tasemhlabeni,3
kukuluhla,3
kubhadle,3
sikhwehlela,3
kamatima,3
wepertussis,3
yekusebenta,3
lovikela,3
ngayinye,3
ingahle,3
lokukahle,3
ababi,3
yakholwane,3
kulelicala,3
itsatfwe,3
esikhungweni,3
nemasotja,3
hepatitis,3
utsatfwe,3
nemgogodla,3
lemenenjayethisi,3
kungaphansi,3
meningococcal,3
usetjentiswa,3
kwashaka,3
yemandla,3
leminingi,3
unions,3
semnotfo,3
emaphuzu,3
wabika,3
batfula,3
ngemunyaka,3
reform,3
wahulumende,3
lasuka,3
yaya,3
sibhedlela,3
region,3
above,3
level,3
climate,3
watoto,3
leaders,3
anthem,3
âdi,3
yâ,3
kurâl,3
heart,3
peter,3
belle,3
different,3
industrial,3
ikhodi,3
yezwe,3
isizinda,3
ezisezingeni,3
timpawu,3
liphunga,3
bufaka,3
liviki,3
ginger,3
wear,3
emfundvo,3
ukuguqulwa,3
isitayela,3
yesitayela,3
eziningi,3
umongameli,3
nomichelle,3
emphakathini,3
basemelika,3
nembhali,3
kuhlukaniswa,3
ekatlehong,3
phambilini,3
kamuva,3
yemafilimu,3
musical,3
county,3
correctional,3
namandela,3
etranskei,3
utfutsela,3
mompati,3
nhlanhla,3
kwematola,3
sefilosofi,3
yebudlelwane,3
lebeyibusa,3
stradija,3
ukhule,3
sembuso,3
sempi,3
intsela,3
ebloemfontein,3
etembusave,3
lebeyitfunjiwe,3
njengenhlangano,3
amandla,3
asungule,3
esimeme,3
yeningi,3
kahulumeni,3
emikhakheni,3
umnotho,3
kuzibophezela,3
imboni,3
hlelo,3
akhulise,3
lihlose,3
lemhlanga,3
naleyo,3
tiye,3
kugeca,3
tiyahlabela,3
akhone,3
ngicela,3
lokutjelwa,3
ekutjelwa,3
linemandla,3
liyayidzabula,3
labhasha,3
linamandla,3
benkhosi,3
ligcebesha,3
temhlanga,3
mkhari,3
kuhunyushwa,3
abona,3
epulazini,3
kwekumiswa,3
umkhandlu,3
hotel,3
maponya,3
alexandra,3
duarte,3
lekhabhinethi,3
eroodepoort,3
angumlweli,3
epennsylvania,3
psl,3
lidlala,3
lesendlulile,3
nadokotela,3
confederation,3
lisendzaweni,3
bekangumtsengisi,3
wepolitiki,3
lobekalilunga,3
kenyatta,3
yasenairobi,3
lowagcina,3
yakubo,3
njengothishela,3
wemavoti,3
lohlala,3
airways,3
leyehlukene,3
ngemafutsa,3
letisebenta,3
kuvutfwe,3
ekupheka,3
lelishisako,3
kubhaka,3
kosa,3
yekupheka,3
emantongomane,3
ufundza,3
kwemacembu,3
wetinkampani,3
ngumdlavuza,3
kwemoto,3
sekulwa,3
kulitiko,3
kusakatwa,3
lowenteka,3
yetekuvikela,3
ummeli,3
kweku,3
kucociswana,3
lakhipha,3
bekete,3
umvikeli,3
temadola,3
ngekwengcondvo,3
kwatsatfwa,3
timiso,3
nganovemba,3
nalawo,3
oneida,3
highveld,3
lesidutch,3
lasemtsetfweni,3
empire,3
sasebrithani,3
leniketa,3
mangosuthu,3
bekayindlovukazi,3
lowalandzela,3
bashada,3
legislature,3
uphetse,3
wekufundzisa,3
kwemmango,3
bekalisekela,3
rwandan,3
far,3
kwekuncoba,3
yekubopha,3
yebugebengu,3
army,3
angenele,3
avinjelwe,3
yetekuchumana,3
gummer,3
bekabambe,3
wemvelo,3
lababalulekile,3
epoland,3
ngemgcibelo,3
wagibela,3
eboksburg,3
abaleka,3
kubhaliswa,3
ekutfunjweni,3
clive,3
derby,3
yebulungiswa,3
kwanelson,3
inchubomgomo,3
letimele,3
tinyonyane,3
tetisebenti,3
bepolitiki,3
indzebe,3
emasulumane,3
alves,3
losetjentiswa,3
bakoni,3
nelidolobha,3
tematje,3
njengelidolobha,3
lelidze,3
ngasemphumalanga,3
letisemkhatsini,3
wemfula,3
irobben,3
sichingi,3
lesise,3
table,3
yeligcuma,3
bloubergstrand,3
robben,3
wamasipala,3
diocese,3
letikhungo,3
ebafundzi,3
postgraduate,3
derbyshire,3
dales,3
timayini,3
yindzaba,3
lesigodzi,3
emkhandlwini,3
wesigodzi,3
yekudlela,3
arms,3
lelakhiwa,3
yavuma,3
tyson,3
emmy,3
nemklomelo,3
yetincwadzi,3
nemlweli,3
letisikhombisa,3
ebuntfwaneni,3
ngekuphila,3
wamenta,3
poe,3
ngekuhlabela,3
laurent,3
désiré,3
ngetibhamu,3
ipasiphothi,3
lakhiwa,3
xitsonga,3
yemasipala,3
germiston,3
edenvale,3
luhlanga,3
finest,3
sekubhalisa,3
lirekhodi,3
industry,3
ekwazulu,3
welirekhodi,3
sekuphele,3
wekwaito,3
kwemadolobha,3
lelirekhodi,3
avume,3
ngumlingani,3
ekusunguleni,3
revolution,3
sundowns,3
lisebente,3
mageba,3
kagumede,3
locinile,3
lemazulu,3
waloko,3
ngekudlala,3
wafinyelela,3
margaret,3
ngengoma,3
growing,3
equeenstown,3
bakhiciti,3
wekutfola,3
tshekedi,3
masisi,3
kwemandla,3
nekutfutfukiswa,3
weriphabhulikhi,3
wetemphi,3
masire,3
nesihlalo,3
walahla,3
kedikilwe,3
yaniketwa,3
sekuphatsa,3
wamlandzela,3
ingucuko,3
lomubi,3
umtselo,3
election,3
constitutional,3
when,3
this,3
kubhimbidvwane,3
titsi,3
bekatsintseka,3
lekhetsekile,3
yetembusave,3
intelligence,3
lutfolakala,3
kuhlonishwa,3
diep,3
evietnam,3
lanongotelako,3
avi,3
ekoneni,3
umshini,3
emabhisikhi,3
products,3
associated,3
yekudla,3
insimbi,3
lasepitoli,3
kulomcimbi,3
yemsebenti,3
edit,3
semishini,3
henderson,3
etutura,3
bashiya,3
yasesikolweni,3
ngemadvodzana,3
bogue,3
wemfundvo,3
losedvute,3
budokotela,3
yaniketa,3
nekusebenta,3
wemmango,3
yeluhlelo,3
phalatse,3
skara,3
emdlalweni,3
lowashiya,3
aphetfwe,3
wendzebe,3
sisebenti,3
tekunakekela,3
yenkhwenkhweti,3
kwembuleka,3
ekuboshweni,3
tigebengu,3
firi,3
papa,3
wonim,3
nnwuma,3
susuw,3
results,3
mfe,3
akyiri,3
sullivan,3
nkutoo,3
ntease,3
esiane,3
ranking,3
wosusuw,3
abara,3
adwumakuw,3
ankyer,3
bing,3
fii,3
faa,3
hyehy,3
atumi,3
wohu,3
nya,3
wfo,3
kae,3
horow,3
akyeky,3
sculpting,3
nofollow,3
nni,3
atifi,3
spam,3
hummingbird,3
dwumadie,3
hyia,3
fam,3
wogye,3
bert,3
mmer,3
console,3
sait,3
crawler,3
rendering,3
robots,3
txt,3
tew,3
nnaadaa,3
nsonsonoe,3
egyina,3
yii,3
marketing,3
sem,3
searchking,3
wemalanga,3
nebotswana,3
butfobhi,3
lomhlanga,3
ahlanganyela,3
endlovukazini,3
tigidze,3
yemantfombatana,3
imphikiswano,3
levulekile,3
akhiwa,3
lion,3
wemndeni,3
ngetingodvo,3
labavame,3
lowakhetfwa,3
ngetizatfu,3
kwesivuno,3
yetintfo,3
umncintiswano,3
lemchwasho,3
ngekugidza,3
tekutihlobisa,3
letibunjiwe,3
abitwa,3
ngebuciko,3
ngetigodvo,3
ngemtsetfo,3
iyisikhungo,3
lasendzaweni,3
letasungulwa,3
sitfunti,3
netheknoloji,3
wenyuvesi,3
nguphrofesa,3
lenakekela,3
beyiyincenye,3
lenemtfwalo,3
yemtapo,3
nebunjiniyela,3
curriculum,3
netincwadzi,3
netincenye,3
tintsatseli,3
netifundvo,3
sekufundzisa,3
planning,3
lusekelwe,3
kusungula,3
laws,3
yasenyuvesi,3
ahlanganiswa,3
witness,3
umtsetfosisekelo,3
wesleyan,3
asezionist,3
temakrestu,3
imikhankaso,3
third,3
prison,3
ngumvelincanti,3
wenkholo,3
kukhombisa,3
ngemakholoni,3
umjeka,3
fokker,3
erj,3
tinkapane,3
tetindiza,3
setembusave,3
umchwasho,3
letentiwe,3
emakolishi,3
lokumele,3
lweminyaka,3
junior,3
yekwenta,3
ngekuhlanganiswa,3
elesotho,3
imitapo,3
irswazi,3
none,3
auto,3
image,3
emaswazi,3
tinkholelo,3
ipongola,3
taselubombo,3
yemfula,3
lit,3
nekubusa,3
letikhetsekile,3
tibekwe,3
kuvuselela,3
championships,3
iscor,3
supply,3
escom,3
etimbonini,3
ebritain,3
nemadvodzakati,3
wikileaks,3
julius,3
kumacembu,3
umfolozi,3
ndebele,3
wancunywa,3
etama,3
donda,3
ngemasotja,3
godongwana,3
emamthethwa,3
lecishe,3
lokuhlome,3
lihunyushwe,3
nemabritish,3
weeping,3
semanguni,3
isemiphakatsini,3
lekuyincenye,3
yeluhla,3
tihlanganiswa,3
yemasu,3
nekuhleleka,3
atigabatisa,3
ngemikhosi,3
temidvwebo,3
lwekugcoka,3
ekuboneni,3
ebukhristwini,3
bekungumndeni,3
nguzulu,3
temanguni,3
izulu,3
beyihlala,3
basenzebe,3
ibongo,3
beyisuswe,3
lwangasemphumalanga,3
ngetinkhulungwane,3
teminyaka,3
yekufuduka,3
kwahlanganisa,3
lwemazulu,3
kwacetshwayo,3
foreign,3
lababhikishako,3
liveta,3
sahlangana,3
ingasuki,3
adubule,3
labakhulu,3
mabhida,3
zpc,3
kukhabhinethi,3
workers,3
oliver,3
emabritish,3
wamangalelwa,3
lekuvukela,3
upper,3
likusasa,3
umdlali,3
laphikisako,3
lwekutalwa,3
wenyonyane,3
wekuba,3
sannc,3
abitwe,3
mcfarland,3
fyre,3
lattimore,3
bahlale,3
mutota,3
kwekuphikisa,3
letibhalwe,3
ngesixhosa,3
kaap,3
wits,3
wasekwazulu,3
mines,3
lesikolwa,3
governance,3
wasekapa,3
iklerksdorp,3
bemayini,3
bekabekwe,3
ward,3
lelisenyakatfo,3
uhlala,3
nyabêla,3
emakhansela,3
sexwale,3
mkhaliphi,3
field,3
kwesifundza,3
sobukwe,3
bemalungelo,3
temaxhosa,3
nekutsatsa,3
masemola,3
jeff,3
semaxhosa,3
emaxhosa,3
person,3
shooter,3
mantšebo,3
gcaleka,3
jeffrey,3
lohola,3
nakukhona,3
arno,3
yvonne,3
plus,3
defiance,3
mbalula,3
elias,3
ace,3
yemitfombo,3
lesisekelo,3
lebesifazane,3
sesikhundleni,3
rugby,3
lemacembu,3
npp,3
kuvalwa,3
residents,3
adec,3
onkgopotse,3
kudutjulwa,3
ngekugcina,2
temtsetfosisekelo,2
tesive,2
betfu,2
ngekubeka,2
yekuhlelwa,2
nekuhlelwa,2
lwahulumende,2
ngebucwepheshe,2
imiculu,2
kwenchubomgomo,2
ekusetjentiswa,2
umnyombo,2
swartkrans,2
xx,2
kusindziswa,2
siputúkezi,2
letikhuluma,2
goliath,2
mcgraw,2
macmillan,2
making,2
modern,2
nelivekati,2
nangasenshonalanga,2
likakwe,2
emakhulu,2
ngaleligama,2
yengwenyama,2
labuswa,2
ngulabamhlophe,2
yemabhunu,2
emvakwaloko,2
lilive,2
wemuntfu,2
letinjenge,2
empeleni,2
lirandi,2
kubuye,2
babalelwa,2
nguletinye,2
bachamuka,2
nabafika,2
yetimphi,2
kuseswatini,2
lebeyilwa,2
lamaswati,2
akadlamini,2
nemaswati,2
ngemakhandzambili,2
kwalabamhlophe,2
leningizimu,2
kwabuye,2
emkhatsisini,2
abazange,2
beyikhetfwa,2
nelukhetfo,2
kwembube,2
sekukhetfwa,2
ngumntfwanenkhosi,2
nakatsatsa,2
ngumswati,2
kuguculwa,2
sesive,2
siyinqaba,2
indovuzaki,2
sz,2
nemifula,2
somandla,2
simakadze,2
iswatini,2
inetifundza,2
batehlukanisa,2
ngemiphakatsi,2
pigg,2
cents,2
kubopha,2
lwemndeni,2
sisemtsetfweni,2
kwesiswati,2
umusho,2
wesiswati,2
lolungilo,2
yekusebentisa,2
ssw,2
leinthanethi,2
kuhúmusha,2
kamanzini,2
kalozitha,2
wabutsatsa,2
yamabasa,2
sasebukhosini,2
yindlalifa,2
wabe,2
emakhosikati,2
lambikiza,2
carol,2
magongo,2
lantentesa,2
noliqhwa,2
ntentesa,2
ladube,2
nothando,2
tebukhosi,2
phumelele,2
betive,2
kupolitiki,2
tekucinisa,2
jubilee,2
yesimo,2
ledvume,2
akwente,2
labatsatsa,2
liphephandzaba,2
labika,2
tigodlo,2
sitatimende,2
ingemanga,2
laluhlata,2
katsi,2
kenneth,2
éngilandi,2
ngisi,2
lelitfolaka,2
kweningizimu,2
nesine,2
inebantfu,2
tiyimfica,2
sithonga,2
nemadolobha,2
fuleyistata,2
likapa,2
polokwane,2
upington,2
dzonga,2
siphuthukezi,2
zikodze,2
lomvula,2
mndzebele,2
madvolomafisha,2
ntombi,2
khotso,2
pula,2
nala,2
bovú,2
úmdláli,2
joan,2
úfâti,2
withnail,2
pictures,2
how,2
ali,2
berg,2
moon,2
oliphant,2
hudson,2
darwin,2
pallas,2
narrator,2
dracula,2
bram,2
stoker,2
franz,2
kafka,2
summer,2
age,2
cold,2
light,2
viktor,2
marek,2
lazarus,2
balmer,2
night,2
captain,2
gorgeous,2
stephen,2
miracle,2
frederick,2
case,2
young,2
jarvis,2
blenkins,2
bustin,2
words,2
whisky,2
corpse,2
bride,2
kubrick,2
twins,2
wah,2
diaries,2
novel,2
elizabethtown,2
show,2
iraq,2
academic,2
supersport,2
leopards,2
nfas,2
dumisa,2
somholo,2
bâla,2
kúvakáshela,2
mlungisi,2
ngubane,2
síkhûlu,2
dladla,2
jabulani,2
jerry,2
gamedze,2
zwelthini,2
nhleko,2
tesisutfu,2
elulwimini,2
evangelical,2
tebuthishela,2
emabhuku,2
ngesisotho,2
moeti,2
bochabela,2
lelibhuku,2
ngenkolo,2
libhalwe,2
bacale,2
évangéliques,2
summaries,2
critiques,2
written,2
sesotho,2
latina,2
thandaza,2
qui,2
tuum,2
regnum,2
sicut,2
terra,2
nobis,2
hodie,2
sed,2
libera,2
losezulwini,2
lakho,2
awute,2
ayentiwe,2
lomuhla,2
nanini,2
yekune,2
nakusiphohlongo,2
yesihlanu,2
yemábasa,2
yengongóni,2
wawonkhewonkhe,2
wamhlabuhlangene,2
wemukela,2
kusombulula,2
basefulansi,2
fra,2
mb,2
lebelibitwa,2
lemadolobha,2
tasemdzimba,2
yinhlokodolobha,2
sekuphakama,2
singemamitha,2
salelive,2
takhamiti,2
wembabane,2
malunge,2
facto,2
python,2
idzimate,2
tinhlatfu,2
tikhula,2
ikhona,2
tragelaphus,2
greater,2
ucála,2
kúvala,2
kúgojotîsa,2
incubator,2
livangeli,2
lajesu,2
ngekulandzisa,2
lowo,2
naloko,2
ngunkulunkulu,2
wetintfo,2
éfulánsi,2
lesimayelana,2
alexandre,2
wilson,2
úmhlâba,2
tfolakala,2
uwcsa,2
lindiwe,2
enkulungwaneni,2
kushumayela,2
ngunati,2
yinyama,2
wavuka,2
lowadala,2
lophilako,2
lelingcwele,2
kwekugcina,2
malaysia,2
ngesipanishi,2
silulwimi,2
spa,2
ger,2
deu,2
marks,2
kúvula,2
teswatini,2
districts,2
baéhlukánisa,2
dlangeni,2
ezabeni,2
nkanini,2
madlangempisi,2
ebulanzeni,2
buhlebuyeza,2
emzaceni,2
kadvokolwako,2
kaguquka,2
kazandondo,2
emcengeni,2
emfeni,2
entsanjeni,2
esitseni,2
kasiko,2
mabeleni,2
madlolo,2
nsingweni,2
mayiwane,2
emfasini,2
herefords,2
mkhuzweni,2
mkhweni,2
fonteyn,2
gobholo,2
maqobolwane,2
mcozini,2
mncitsini,2
mntulwini,2
bahai,2
mangwaneni,2
mangweni,2
manjengeni,2
malibeni,2
mpofu,2
ndvwabangeni,2
nhlanguyavuka,2
zinyane,2
esigangeni,2
luhlendlweni,2
mantabeni,2
mpolonjeni,2
sipocosini,2
bulandzeni,2
emgungunlovu,2
emvuma,2
ludlawini,2
ngowane,2
nkamanzi,2
nkhaba,2
ejubukweni,2
ekuvinjelweni,2
emdzimba,2
nkaba,2
ntfonjeni,2
hhelehhele,2
lomshiyo,2
mshingishingini,2
bulembu,2
enginamadolo,2
ensangwini,2
luhhumaneni,2
timpisini,2
ndlalambi,2
ludzibini,2
etjedze,2
malindza,2
mampempeni,2
mdumezulu,2
sigcaweni,2
khuphuka,2
ntandweni,2
sikhuphe,2
mafucula,2
shewula,2
tsambokhulu,2
makhewu,2
sitsatsaweni,2
lukhetseni,2
mambane,2
maphungwane,2
tikhuba,2
tabankulu,2
tshaneni,2
vuvulane,2
kashoba,2
ndzangu,2
gamula,2
lunkufu,2
mayaluka,2
ngcampalala,2
hlutse,2
macetjeni,2
madlenya,2
maphilingo,2
mphumakudze,2
nceka,2
ngevini,2
tambuti,2
sithobela,2
luhlanyeni,2
mamiza,2
nkonjwa,2
canerbury,2
kavuma,2
mabantaneni,2
nkhanini,2
sifuntaneni,2
kwalusenimhlane,2
logoba,2
dudusini,2
ludzeludze,2
ekudzeni,2
enkamanzi,2
esibuyeni,2
esigombeni,2
usweni,2
engculwini,2
etimbutini,2
kabhudla,2
kankhambule,2
luhlokohla,2
mahlangatja,2
bhahwini,2
eludvondvolweni,2
eluzelweni,2
emambatfweni,2
empolonjeni,2
nsangwini,2
dwalile,2
sandlane,2
edwaleni,2
emakholweni,2
mnyenyweni,2
mzimnene,2
mjingo,2
zakhele,2
mkhiweni,2
dvokolwako,2
ekutsimleni,2
mtfongwaneni,2
bulunga,2
gundwini,2
ndlandlameni,2
ngwempisi,2
elushikishini,2
emahhashini,2
emaqudvulwini,2
engcoseni,2
etshebovu,2
khabonina,2
velezizweni,2
nhlambeni,2
dwaleni,2
kashali,2
njelu,2
egebeni,2
kandinda,2
sandleni,2
bufaneni,2
enkalaneni,2
nzameya,2
kontjingila,2
mphini,2
ngololweni,2
nkhungwini,2
tibondzeni,2
mahlalini,2
makhwelela,2
mbabala,2
mkhitsini,2
mphangisweni,2
sikhotseni,2
emakhasi,2
naleli,2
cat,2
emakati,2
imvu,2
umgogodla,2
emabhubesis,2
anesisindvo,2
lb,2
tiger,2
nelulwimi,2
colspan,2
align,2
yeúmhlâba,2
netihlenge,2
inthathica,2
ligcabho,2
mahle,2
netintfombi,2
emuntfwini,2
unina,2
cida,2
yinyuvesi,2
esiteki,2
leliyinhloko,2
lingu,2
tehlukaniswe,2
sia,2
que,2
como,2
etiam,2
super,2
pardona,2
style,2
clear,2
float,2
border,2
em,2
background,2
min,2
afriko,2
allen,2
unwin,2
planned,2
novialiste,2
municipio,2
yeprovincia,2
soria,2
comunidad,2
autónoma,2
castilla,2
león,2
emadolobhanyâna,2
lodares,2
estonia,2
ja,2
makhelwane,2
ungqongqoshe,2
ida,2
viru,2
virumaa,2
sihindi,2
gana,2
akhuluma,2
kulishumi,2
yeinkhundla,2
tíncwadzí,2
heimatverein,2
breinig,2
bd,2
lohlanganisiwe,2
kuchitsisa,2
situnge,2
pinneberg,2
kreis,2
stadt,2
nachrichten,2
wamake,2
ngumuphi,2
ngababe,2
ngumalume,2
banaka,2
ngabodzadze,2
síhlahla,2
charter,2
isindebele,2
bryant,2
ocean,2
gudunkomo,2
tradition,2
ideology,2
resistance,2
nawukhuluma,2
ufaka,2
etinhlavini,2
kwehlukana,2
sono,2
ukhombisa,2
akusiyo,2
tekutfutfukisa,2
cope,2
rank,2
algeria,2
benin,2
cameroon,2
verde,2
ethiopia,2
madagascar,2
imorishiyasi,2
príncipe,2
seychelles,2
somalia,2
arimeniya,2
brunei,2
indonesiya,2
thailand,2
arab,2
vietnam,2
yemen,2
albania,2
czech,2
yeshekhi,2
denmark,2
liechtenstein,2
malta,2
poland,2
england,2
barbuda,2
antigua,2
bahamas,2
barbados,2
belize,2
bermuda,2
costa,2
rica,2
cuba,2
dominica,2
grenada,2
honduras,2
jamaica,2
mexico,2
nicaragua,2
kitts,2
nevis,2
lucia,2
tobago,2
chile,2
venezuela,2
marshal,2
antarctica,2
sv,2
letidzabuka,2
nebakadlamini,2
behlukene,2
bodvwa,2
buhlobo,2
bomahlalela,2
lolukhulunywa,2
lesibusako,2
bekusive,2
labebabuswa,2
nawufuna,2
lesinemandla,2
kuleli,2
lesimanga,2
emibhalweni,2
net,2
asho,2
afghani,2
nanhlanu,2
kusinye,2
ihambe,2
wemphilo,2
nashonile,2
lentiwako,2
litsi,2
nemngcwabo,2
kutsengwe,2
njlnjl,2
uvama,2
kuntjintja,2
ín,2
hlóko,2
letifundvo,2
ibhayoloji,2
lekhuluma,2
emakhemikhali,2
sq,2
letiphilako,2
kufikwe,2
bafundzimphilo,2
theory,2
ingucu,2
evolution,2
kuphenya,2
structure,2
animalia,2
phylum,2
class,2
umtungeleto,2
environment,2
ecology,2
bafundze,2
lelawula,2
aymara,2
german,2
category,2
sekwenta,2
lativa,2
kubumba,2
ngetihlahla,2
kulondvolota,2
kwedlula,2
luchubeke,2
sisuke,2
lemnandzi,2
ifundzisa,2
tebuciko,2
temndeni,2
tichaza,2
waleso,2
bakadlamini,2
badzimate,2
emahubo,2
umgubho,2
yinkhondlo,2
letsintsa,2
likilasi,2
classis,2
intsendzele,2
imphangele,2
jojo,2
lesiswati,2
ehlukaniswa,2
tibaya,2
umu,2
umlumbi,2
intfombatane,2
tingoti,2
lu,2
lw,2
tj,2
nesicalo,2
esibaya,2
buba,2
kusibaya,2
lebolekwe,2
yemadolobha,2
masipala,2
basotho,2
brand,2
akadzeni,2
lekwakha,2
njengababe,2
sicongo,2
bahlushwa,2
adzimate,2
kweliphiko,2
kgalagadi,2
serowe,2
etivakashi,2
lasobhuza,2
kalobamba,2
aphotfula,2
yentilasifali,2
imbombela,2
gert,2
thaba,2
chweu,2
delmas,2
js,2
belfast,2
rest,2
sabie,2
onder,2
breyten,2
ermelo,2
piet,2
retief,2
ilawulwa,2
lacanjwa,2
enoch,2
sontonga,2
emihlanganweni,2
lesingisi,2
liculo,2
umdali,2
amadod,2
esizwe,2
nomlisela,2
zonke,2
nemfuyo,2
indlala,2
ulandzelwe,2
ngulona,2
nadzadzewabo,2
phasi,2
viii,2
nakukhotsama,2
lobekaphuma,2
emikhosini,2
izimbabwe,2
ngesishona,2
izwe,2
emmerson,2
mnangagwa,2
timfundziso,2
ebhayibhelini,2
wabonwa,2
tinsuku,2
butsatfu,2
lobungcwele,2
nemoya,2
loyingcwele,2
lithestamente,2
letikhula,2
tihambi,2
kumunya,2
titsako,2
ngetibaya,2
timbali,2
simila,2
algae,2
sesimila,2
liphidemisi,2
isengilandi,2
yetinhlanga,2
sekufika,2
emadanishi,2
betilwa,2
kubuse,2
lelimbacambili,2
busulumane,2
lihubi,2
lokwaletsa,2
wahlanganisa,2
kudvweba,2
lobekagcugcutela,2
ancotjwa,2
pr,2
dabi,2
mofutsanyane,2
frances,2
setifundza,2
ngekutfolakala,2
tshwane,2
lesingumakhelwane,2
bekuba,2
tivana,2
tebenguni,2
baphoceleka,2
tehlukana,2
qwabe,2
nalapho,2
sebakamtsetfwa,2
ngudzingiswako,2
sibuswa,2
kwekubulawa,2
lowabulala,2
inkambu,2
wabuya,2
cetjwako,2
tigodzi,2
lusendvo,2
ngendzaba,2
yentsela,2
amajuba,2
uthungulu,2
selimpopo,2
welibanga,2
ebeijing,2
sisindvo,2
aas,2
cross,2
olympics,2
ibusa,2
lana,2
yente,2
kwesikhundla,2
mdlovu,2
tikhomba,2
yaleso,2
sinanatelo,2
ngakhokho,2
buchawe,2
balabadzala,2
ngelutfuli,2
sibuye,2
sara,2
tisetjentiswa,2
yesiswati,2
wekunene,2
weluhlanga,2
umuhle,2
singaba,2
gwalagwala,2
lemakhosi,2
ledlala,2
ngekutibalekela,2
mancwagu,2
yemadvodza,2
awucedvwa,2
tikhanya,2
tiva,2
tinkhalo,2
ingaba,2
ifute,2
nelitje,2
lucobo,2
enkhabeni,2
lindza,2
wangwane,2
welanga,2
emvakwa,2
mtima,2
nyamatane,2
masibekela,2
dludlu,2
kuhlale,2
taga,2
yakhela,2
ngeludzaka,2
tikhombisa,2
ngebubi,2
ngebuhle,2
emushweni,2
locala,2
nguleso,2
taso,2
lubhalojikelele,2
nguluphi,2
bebabantfu,2
liba,2
belisolo,2
lemangisi,2
bafundzisi,2
kuncono,2
weseli,2
elibandla,2
liliciniso,2
akube,2
bubi,2
kulamabhuku,2
nebukristu,2
semlandvo,2
wakudzala,2
isirayeli,2
lemlandvo,2
waka,2
bapholofethi,2
orthodox,2
kukhulunya,2
lechaza,2
ngesihloko,2
tsite,2
kuhlukana,2
ngusimakadze,2
afundvwa,2
jonah,2
kuhlukaniswe,2
lamabhuku,2
lalandzelayo,2
joshua,2
je,2
nahum,2
davide,2
tihlabelelo,2
tetihlabelelo,2
yebudzala,2
yemphilo,2
likhuluma,2
lobekashade,2
lekwatsi,2
kwelibhayibheli,2
purim,2
lovumela,2
abuyele,2
ejerusalema,2
ngekuhlukana,2
ps,2
proverbs,2
job,2
song,2
ru,2
called,2
esther,2
nehemiah,2
divrei,2
bebu,2
lebhaliwe,2
talmud,2
buyachubeka,2
lephetse,2
leyabhalwa,2
yemajuda,2
ngelibhayibheli,2
icoca,2
yesimanje,2
nguleyo,2
yelibito,2
uwutfola,2
budvodza,2
kunakwe,2
lesingetulu,2
lendvodza,2
yeluhlanga,2
tibala,2
lichawe,2
ngala,2
ekutalweni,2
ngelisiko,2
wasuswa,2
leyimfica,2
kwafuneka,2
ngemasiko,2
enta,2
baphatsi,2
babalekele,2
lilungu,2
sembili,2
babekwa,2
ngesibhamu,2
balwe,2
wafohla,2
sikhashane,2
herbs,2
kunyenti,2
lokuphekwa,2
tetinkondlo,2
isonethi,2
lelandzisako,2
ephikhi,2
bhuza,2
nemiti,2
ngephandle,2
akufanele,2
kutfumela,2
ngumuti,2
umfundzi,2
kuphumelela,2
kulunge,2
ungabojaha,2
kucedza,2
muva,2
ungabotsi,2
nawehluleka,2
ulahla,2
lelingakanani,2
afela,2
yingoti,2
ayikho,2
ekubeni,2
iyini,2
bayibhala,2
lenkondlo,2
kungasiyo,2
kwetsekela,2
encwadzini,2
ngaloluhlobo,2
kwesine,2
yaseveni,2
matsanjana,2
sekutalwa,2
kwakhetfwa,2
ayinkhosi,2
teligolide,2
elovedale,2
lesento,2
litulu,2
kwensimbi,2
kwatsiwa,2
abambele,2
bekusikhatsi,2
lesibi,2
pigazzano,2
piacenza,2
ucedzile,2
utfolile,2
utsandza,2
bekafuna,2
corps,2
isouth,2
unemandla,2
ngokuthi,2
inkabi,2
blogger,2
benkolo,2
tekubala,2
mkhakha,2
renault,2
timoteo,2
ipatinga,2
total,2
main,2
hanoi,2
kongeriket,2
denimakhi,2
ntaliyane,2
rome,2
principat,2
vella,2
karl,2
bhelalasi,2
bhelijiyamu,2
berlin,2
gr,2
ie,2
großherzogtum,2
luxemburg,2
repubilika,2
santos,2
malitha,2
molidiva,2
inău,2
il,2
bhenini,2
hogbonou,2
adjacé,2
nl,2
dashi,2
mark,2
khameruni,2
cv,2
bangui,2
shedi,2
djamena,2
pt,2
arabic,2
khomoro,2
khongo,2
ekinshasa,2
sama,2
edjibouti,2
dileita,2
moscow,2
sebhiya,2
lelivekati,2
barrow,2
accra,2
econakry,2
kheniya,2
nairobi,2
gateway,2
ilibheriya,2
ellen,2
malaŵi,2
bamako,2
maurice,2
laseyurophu,2
ayisi,2
umzila,2
plateau,2
sigamu,2
tibalo,2
wetintsaba,2
lokwatiwa,2
armed,2
lobuhle,2
lesibovu,2
largest,2
office,2
aziz,2
nahas,2
inayijari,2
hausa,2
rw,2
nova,2
ernest,2
yukhureni,2
omar,2
bashir,2
dodoma,2
monarch,2
kampala,2
ekampala,2
zambiya,2
elusaka,2
iarimeniya,2
artur,2
bhibhi,2
ngci,2
simango,2
ungu,2
yatsi,2
hasina,2
drug,2
seri,2
begawan,2
khambodiya,2
penh,2
xi,2
ir,2
jerusalem,2
ejerusalem,2
ismail,2
amman,2
samir,2
nur,2
sultan,2
khoriya,2
pyongyang,2
nasser,2
kw,2
tan,2
bishkek,2
lao,2
lawoso,2
vientiane,2
libhanoni,2
beirut,2
maleshiya,2
kuala,2
lumpur,2
dhivehi,2
malé,2
mongoliya,2
ulan,2
bator,2
najib,2
tun,2
razak,2
mn,2
mayanima,2
naypyidaw,2
nephali,2
kathmandu,2
mani,2
muscat,2
phakhistani,2
osasco,2
miphakatsi,2
filiphayi,2
doha,2
riyadh,2
abdullah,2
singapholo,2
lee,2
jayawardenapura,2
kotte,2
damascus,2
thayiwani,2
taipei,2
thajiki,2
dushanbe,2
thai,2
thayilandi,2
bangkok,2
ankara,2
gallery,2
thumekhi,2
ashgabat,2
dhabi,2
zubekhi,2
tashkent,2
yemeni,2
bhabudi,2
gaston,2
bhahamasi,2
hubert,2
bhadosi,2
bb,2
bhelizi,2
bhemuda,2
huesca,2
aragón,2
khanada,2
ottawa,2
justin,2
khuyubha,2
isaac,2
luther,2
yekhólwáne,2
lincoln,2
ambrose,2
domonokha,2
salivado,2
gelenada,2
keith,2
gwathamala,2
hayithi,2
hondulasi,2
jamayikha,2
mekisikho,2
manuel,2
nikhalaga,2
ni,2
phanama,2
khisinevi,2
senti,2
thinidedi,2
domingo,2
yérashiene,2
malgrat,2
mar,2
ewashington,2
edu,2
yasenyakatfo,2
baningi,2
chemult,2
shivakati,2
oduma,2
njengezulu,2
kasiwela,2
mnyango,2
kawuvalwa,2
uvalwa,2
mzila,2
lodvuma,2
isibongo,2
badlala,2
enkulu,2
kubunjwa,2
ngenxa,2
yemisebenzi,2
abakwadlamini,2
nezinye,2
izizwe,2
abayidli,2
igazi,2
umswati,2
amakhulu,2
nkhomo,2
nina,2
bagcina,2
now,2
fire,2
listen,2
lusinga,2
don,2
ladysmith,2
mambazo,2
eluhambeni,2
lasita,2
ngesheya,2
kwetilwandle,2
rhythm,2
ashin,2
kwinkolo,2
elive,2
mandalay,2
ngetinshumayelo,2
tiboshwa,2
beka,2
aphume,2
letasusa,2
buddha,2
rakhine,2
litsimba,2
thein,2
lwema,2
impikiswano,2
bashise,2
lonke,2
ebhukwini,2
neludlame,2
washo,2
inkolo,2
ludlame,2
losati,2
islamic,2
baloi,2
sigingci,2
albums,2
armstrong,2
voices,2
sunday,2
tigubhu,2
landscape,2
prayers,2
umhleli,2
nemhlanganisi,2
nibs,2
spuy,2
wadutjulwa,2
bekaneminyaka,2
kwakhishwa,2
labanjengabo,2
newman,2
mccoy,2
mrubata,2
tlale,2
frank,2
shifty,2
lodlala,2
mbaqanga,2
sony,2
womad,2
kitson,2
nemafa,2
railways,2
letitimela,2
lemanti,2
longu,2
tindzala,2
sabekwa,2
lefika,2
bekatsatfwa,2
kwekungasasebenti,2
laso,2
titimela,2
hulumede,2
lobese,2
netitimela,2
nelizinga,2
wenkapani,2
ngekutimisela,2
miriam,2
gwangwa,2
finding,2
oneself,2
lokhetsekile,2
fnb,2
ekudlaleni,2
ibrahim,2
florence,2
bafile,2
kwangatsi,2
kuncane,2
aphinze,2
lawacala,2
bekahamba,2
adzabula,2
wate,2
loluhambo,2
njengemhumushi,2
tipho,2
tinkomo,2
umka,2
umbango,2
kwempi,2
ahlale,2
nenkosi,2
ekusebentiseni,2
bakhona,2
akhetse,2
anika,2
kuyiwa,2
lehlukanisa,2
ashade,2
archives,2
bekafundzisa,2
bekakhona,2
lelenta,2
yekuletsa,2
lasi,2
longazange,2
yimpumelelo,2
umtamo,2
wekuletsa,2
lowa,2
uhleti,2
confederations,2
tebuholi,2
belibhola,2
nekucondzisa,2
lemidlalo,2
lelisempumalanga,2
lelwandle,2
belibala,2
kulomdlalo,2
lwentsandvo,2
ekuletseni,2
lendzebe,2
litfuba,2
lekukhangisa,2
kumabonakudze,2
wacokwa,2
mazibuko,2
ngemavoti,2
layitfole,2
nekuhlonishwa,2
watatelwa,2
wagwazwa,2
ngematje,2
ngukutsi,2
nemtimba,2
corrective,2
ngekwemacansi,2
ngeliviki,2
hate,2
crime,2
against,2
three,2
umngcwabo,2
latimele,2
amnesty,2
babita,2
akamange,2
afune,2
kuvumelana,2
kokutsi,2
arrests,2
yafaka,2
ngemalungelo,2
injongo,2
wangeniswa,2
emculo,2
indondo,2
besilisa,2
yakekana,2
raising,2
bushman,2
lebeyifaka,2
letingoma,2
nombolo,2
neticu,2
juris,2
wetemtsetfo,2
yami,2
births,2
blind,2
amncane,2
njengenkosi,2
lamgangeni,2
lomnyenti,2
bancobe,2
kwasita,2
nami,2
namkhulu,2
kwendlovukati,2
nemigwaco,2
wetempi,2
timpi,2
yaphela,2
rorschach,2
lesatiwa,2
satiwa,2
basho,2
mphatsi,2
busi,2
airto,2
kubala,2
asemcane,2
nemkhulumeli,2
kugucula,2
kwekutfutsela,2
bahlanganyela,2
wilkins,2
imbuluzi,2
wemifula,2
lo,2
lemhlophe,2
ibuye,2
nekufa,2
labamaswati,2
nekugula,2
tekuhlola,2
labatfole,2
batawuba,2
yafinyelela,2
umtfwalo,2
lwekwelashwa,2
tekwelashwa,2
ngetemacansi,2
isolo,2
labangasebenti,2
labanakekela,2
kwenyuka,2
kwekusakateka,2
kwamuva,2
sehla,2
ikhombisa,2
yetimbangela,2
labacishe,2
ibulala,2
letingapheli,2
latfutfukile,2
tibangela,2
kubangela,2
ingcikitsi,2
bacwaningi,2
bacela,2
matsebula,2
hannie,2
babhalisa,2
ngafebruary,2
banikati,2
besaba,2
kulahlekelwa,2
alizange,2
lekhutsata,2
kutsintsana,2
labasekela,2
imikhuba,2
lasebentisa,2
nercha,2
lemisebenti,2
kunakekela,2
nekuhlola,2
baveta,2
nekunciphisa,2
yasayina,2
swazilandi,2
partnership,2
ekusetjentisweni,2
strategic,2
imemetela,2
kwekuhlola,2
lolwengetiwe,2
positive,2
lonesifo,2
tilashwa,2
umehluko,2
kukhule,2
tekutivikela,2
fund,2
unicef,2
webesifazane,2
labasesigabeni,2
yebukhulu,2
tihlanganiswe,2
lobonakalako,2
nalabaphuyile,2
ucatsaniswa,2
nabomake,2
umlayeto,2
bane,2
kungakhatsaleki,2
kangakanani,2
lukhombise,2
tekunciphisa,2
ehlulekile,2
nekubona,2
lolucwaningo,2
lebuhlungu,2
ngelikhono,2
lahulumende,2
letitfolakalako,2
balolucwaningo,2
teluleko,2
leticondzile,2
waseswazi,2
labakhishwe,2
inyumbazane,2
labanganakwa,2
kukhutsata,2
nasetindzabeni,2
lokungenelela,2
labavamile,2
kungaphumeleli,2
lababhekene,2
basengotini,2
labatsengisa,2
yekubhebhetseka,2
kukhulu,2
kulukhuni,2
nayicatsaniswa,2
tekuya,2
letendlulile,2
netehlakalo,2
tekuhlukunyetwa,2
lomcondvo,2
wekuhlukunyetwa,2
ubonakala,2
emazingeni,2
welicansi,2
emindeni,2
netisebenti,2
kweluhlelo,2
ekuhlangana,2
bekuhlobene,2
njengekusebentisa,2
lolufanako,2
levimbela,2
titsatfwa,2
ekuhloleni,2
usaid,2
prevention,2
labaphendvula,2
yabika,2
laphatselene,2
ngemlomo,2
beminyaka,2
nekutfolakala,2
nalabasikati,2
kugcizelela,2
lolutsite,2
laphila,2
labati,2
nelucwaningo,2
lokuhambisana,2
bekungaphansi,2
kungondleki,2
wetigodzi,2
emanzini,2
lababhalisile,2
nekunakekela,2
nekusekela,2
lebukene,2
kwemabhizinisi,2
lakhokha,2
labangasiwo,2
etisebenti,2
basebenti,2
kwephula,2
labanelwati,2
lolunyenti,2
labangenwa,2
wetemphilo,2
lokungafaka,2
lokuvela,2
lekutfola,2
nebulukhuni,2
kwahlanganiswa,2
nekwehla,2
therapy,2
ingasebenti,2
ekulondvoloteni,2
busuka,2
bekutfola,2
ibekwe,2
lebangela,2
kukhicita,2
babike,2
yindlala,2
ngekwetama,2
ekudleni,2
emalini,2
ngekuhambisana,2
kunekufa,2
saloko,2
sato,2
lamaphesenthi,2
ehle,2
kubakhona,2
ngesilinganiso,2
letisheshako,2
lendlulile,2
taka,2
emtfolamphilo,2
sengotini,2
kuvinjelwa,2
letingasebenti,2
bahlele,2
kulabantfu,2
labasandza,2
infection,2
archived,2
saxophone,2
utalelwe,2
elokishini,2
bekungumntfwana,2
wakhotsama,2
lebetikhuluma,2
makhandzambili,2
nakukhulunywa,2
kwelubombo,2
emafikamuva,2
langemakhulu,2
abulale,2
andries,2
pretorius,2
nemfowabo,2
ngekukhetfwa,2
butsatfwe,2
nkosikati,2
lokwaba,2
mbulazi,2
beyatiwa,2
lekuyintfo,2
prinzlow,2
efilimini,2
emafilimini,2
miss,2
wemlungu,2
hons,2
latitfole,2
nathi,2
lovela,2
wavelonke,2
ayekele,2
sebungameli,2
ngulamanye,2
lamakhulukati,2
sencindzetelo,2
latsatsa,2
lesimnyama,2
lababulewe,2
lelibalulekile,2
ngekwesintfu,2
emngcwabeni,2
letayelekile,2
bahlobene,2
babangani,2
bebangakasondzelani,2
beta,2
hector,2
ngoyi,2
helen,2
ugwetjwa,2
sentsambo,2
lobekasebenta,2
lokwabangela,2
tivaliwe,2
umbutfo,2
uyahamba,2
lisotja,2
motloung,2
lucky,2
kubaleka,2
kwesehlakalo,2
ngekuthula,2
yabonwa,2
goldreich,2
liliesleaf,2
wilton,2
yafakwa,2
lidholobhakati,2
dholobha,2
lelidholobha,2
lelikhulukati,2
kushaya,2
lekugcina,2
lanseria,2
nelijozi,2
umtsamo,2
wetindiza,2
letepolitiki,2
omabili,2
beyiholwa,2
uyekela,2
kwelikhetfo,2
lango,2
nelilungelo,2
wesikhashane,2
ngendlovana,2
lelikhetfwe,2
yesatyagraha,2
yindlu,2
asebentele,2
ibhaliswe,2
satyagraha,2
udvweba,2
bayibita,2
lesetulu,2
iminyango,2
emagumbi,2
kulelinye,2
yayenta,2
semashangane,2
telibanga,2
ewitwatersrand,2
netimfundvo,2
northwestern,2
evanston,2
illinois,2
welibala,2
lelimhlophe,2
chicago,2
lobekangumeluleki,2
lamadvodza,2
akhombise,2
labekase,2
frente,2
libertação,2
efrelimo,2
langesheya,2
yemozambiki,2
kukhishwe,2
acoshwe,2
ngelukhetfo,2
luvo,2
laphumelela,2
ipide,2
matima,2
belisetjentiswa,2
imaputo,2
books,2
nasenyakatfo,2
wemaputukezi,2
wagezi,2
yanikwa,2
era,2
artificial,2
situated,2
only,2
lomlilo,2
ngekutfumela,2
abamange,2
kwalelidamu,2
ungumsakato,2
lomsakato,2
pietro,2
ngetinhlelo,2
taliane,2
misakato,2
kulalelwa,2
kwacalwa,2
nguwo,2
days,2
parade,2
stations,2
established,2
alfred,2
bekalilunga,2
yeluntfu,2
kwekusebentisa,2
lebekelwe,2
bekalwa,2
ngekuguculwa,2
letiseceleni,2
tiholwa,2
ifuywe,2
yakadzeni,2
kwetindzawo,2
letinkhomo,2
kulobola,2
ngetinkhomo,2
nakuleminye,2
kuhlatjwa,2
nemnotfo,2
enkhomeni,2
ngelinani,2
kuphume,2
leseyatiwa,2
evd,2
ihemorrhagic,2
etinsukwini,2
lobuhlungu,2
ngalokwetayelekile,2
kuhambisane,2
ngekuchumana,2
emalilwane,2
ladla,2
nalo,2
nangaphandle,2
kwelapheka,2
emasampuli,2
itfolakele,2
nekugcoka,2
nekugeza,2
yekusita,2
ngukuphi,2
kwelapha,2
ekunatsa,2
alabo,2
esudan,2
cdc,2
control,2
virus,2
analysis,2
structures,2
trojany,2
yépholandi,2
lydnevi,2
yimali,2
stary,2
dwór,2
kulesifundza,2
yemoto,2
pb,2
edmund,2
utsatse,2
letitsi,2
lobekangundvunankulu,2
esinye,2
sith,2
anna,2
górniak,2
njengemlingisi,2
ngeligciwane,2
akubi,2
tincane,2
nekucubuka,2
guillain,2
sindluliselwa,2
labanetifo,2
bakhulelwe,2
ematse,2
lijazi,2
nekungabi,2
kulaliswa,2
lamagciwane,2
njengesimo,2
setemphilo,2
manyokane,2
emangcoliso,2
kumchamo,2
labangenwe,2
umdlavuza,2
wesinye,2
lanaleligciwane,2
lehlala,2
sijwayelekile,2
lasengotini,2
emuntfu,2
nalesifo,2
praziquantel,2
kwentelwa,2
lashisako,2
emnotfweni,2
njengesifo,2
lesinganakwa,2
letishisako,2
nekucala,2
tinja,2
yinja,2
ngemalulwane,2
kwemaphesenti,2
etinjeni,2
tekulawulwa,2
kwetilwane,2
bangenwe,2
kubalulekile,2
tasemaveni,2
immunoglobulin,2
balashelwe,2
talesifo,2
bekuhambisana,2
losetjentiselwa,2
kunetindlela,2
kwekungenwa,2
uvamise,2
kugonywa,2
kuphepha,2
labangemaphesenti,2
kwesikhashane,2
nefiva,2
leyentiwe,2
inemitselela,2
lejwayelekile,2
yekusuleleka,2
kungene,2
tihlala,2
larvae,2
biopsy,2
larva,2
babone,2
wekulapha,2
ubulala,2
lowatsi,2
ahambisana,2
mycobacterium,2
letiba,2
sikhala,2
nemehlo,2
yekulimala,2
yetilondza,2
emphumulweni,2
buvame,2
lakhona,2
paucibacillary,2
esidi,2
lokulashwa,2
lenge,2
babikwa,2
kuligama,2
hansen,2
gerhard,2
isatjalaliswe,2
mucocutaneous,2
visceral,2
ngetilondza,2
etilwaneni,2
ufake,2
wekuvikela,2
paromomycin,2
kulapha,2
itestestoroni,2
idlale,2
tinatfo,2
srpska,2
satellitecitymaps,2
iprage,2
distancesfrom,2
distance,2
banja,2
luka,2
distancehistory,2
aspx,2
ngunoma,2
kwemahora,2
kwesibeletfo,2
sepsis,2
kwemitsambo,2
singakafiki,2
emagciwane,2
kwekuhlindvwa,2
ampicillin,2
kwetifo,2
gentamicin,2
ngekusikwa,2
lokungahle,2
kumaphesenti,2
kulalishumi,2
kubelekwa,2
kulesitfo,2
kaye,2
inchubo,2
type,2
kungakhoni,2
lamantfombatane,2
kulamave,2
lengamele,2
eric,2
seyibe,2
sihloko,2
lephatselene,2
umhelo,2
kungalesikhatsi,2
esibeletfweni,2
babelekela,2
temhelo,2
kulengemashumi,2
sicala,2
kwemizuzu,2
sesigaba,2
uphetfwe,2
nekuhamba,2
akukavumeleki,2
yangasese,2
kujwayelekile,2
isiza,2
emawele,2
eta,2
nekukhulelwa,2
letimbi,2
kuphatamiseka,2
kwemhelo,2
nekusuleleka,2
lasetjentiselwa,2
emathulusi,2
lafakwa,2
iud,2
kwekuhlela,2
sekulawula,2
bekuyindlela,2
kwekuya,2
kuyindlela,2
ekukhulelwa,2
kwemfundvo,2
ngalenye,2
ngalokugcwele,2
letingasetjentiswa,2
kulasitfupha,2
iyanconywa,2
nekushona,2
nesisindvo,2
labasebentako,2
longakavutfwa,2
lokhulelwe,2
ngekwetemphilo,2
lemitsi,2
nendlela,2
inebungoti,2
kulomhlaba,2
litfolakale,2
lengakaphephi,2
netigidzi,2
ekukhishwa,2
yekufundzisa,2
nekulawula,2
bayakwati,2
tekukhipha,2
tinchazelo,2
isetjentiswa,2
nekugcizelela,2
kula,2
ngemalanga,2
nekunyakuleka,2
kuliviki,2
kwelicandza,2
ungahle,2
kumaviki,2
yekukhulelwa,2
yingati,2
ithemu,2
dättlikon,2
lamadze,2
mkhondvo,2
bangwane,2
emamphondvweni,2
buhlalu,2
entsanyeni,2
lukhulu,2
asebentise,2
kuhlobisa,2
tindzima,2
yenkhondlo,2
emagameni,2
lesiciwi,2
ohrigstad,2
ihlangana,2
ngencenye,2
kusemkhatsini,2
parks,2
ledvonsa,2
alesiciwi,2
semvelo,2
kolks,2
ubuka,2
wetimbiwa,2
negolide,2
lenta,2
ibonakale,2
emalonto,2
lamatsaftu,2
leticijile,2
letindlu,2
kubonga,2
kumholi,2
wendzabuko,2
sibhakabhaka,2
amahle,2
lesinhle,2
kushiya,2
ahleti,2
lekwenta,2
emalantabula,2
yintsaba,2
yalesiciwi,2
kuletindzawo,2
tikhona,2
rainbow,2
tiyatfolakala,2
barb,2
icuketse,2
crested,2
backed,2
bushshrike,2
raptors,2
vulture,2
falcon,2
icuketfwe,2
afromontane,2
yemahlatsi,2
sour,2
bushveld,2
tree,2
paradise,2
camp,2
lisukela,2
lenkhomo,2
inkomati,2
agelete,2
ngekucedza,2
maguga,2
barberton,2
uchubeke,2
ngekucondza,2
digrizi,2
kuwa,2
lobunganga,2
manhissa,2
ekuhlanganeni,2
ungaphansi,2
umsele,2
ayofuna,2
ngemabhunu,2
libhange,2
mnyama,2
ligede,2
lamhlophe,2
uyashona,2
leyakhako,2
lemifula,2
heritage,2
roodekoppies,2
vaalkop,2
pienaars,2
klipvoor,2
nekungcola,2
kulima,2
yemanti,2
rietvlei,2
nemadamu,2
lolungu,2
ligijima,2
ngasetintsabeni,2
kwaleligede,2
drift,2
lilandzela,2
kuyohlangana,2
libese,2
kuhlangane,2
ouro,2
kwewela,2
langaphansi,2
nhlengethwa,2
nemibukiso,2
ukhulele,2
enkatha,2
yingcenye,2
sehlakalo,2
labekahlala,2
boipatong,2
ianc,2
kufebhuwari,2
mbuli,2
ehlelweni,2
lomtsetfo,2
uhambisane,2
acts,2
malunga,2
wentsandvo,2
umgababa,2
liligama,2
bavakashi,2
born,2
bebaholi,2
ebantfwaneni,2
bekahola,2
watibandzakanya,2
inemandla,2
betinhlobo,2
temdlavuza,2
discovery,2
melanogenesis,2
developed,2
including,2
synthetic,2
plant,2
previously,2
structural,2
tyrosinase,2
knowledge,2
their,2
relationship,2
many,2
maseru,2
moshoeshoe,2
walamanye,2
kwetindiza,2
caiphus,2
capitol,2
columbia,2
hits,2
ebhange,2
hague,2
sisuthu,2
acedza,2
yingcwele,2
sakwazulu,2
kwebahlali,2
waboshelwa,2
bewudvume,2
eli,2
yekuya,2
ok,2
regent,2
yakhetsa,2
yemadvodzana,2
nebeluleki,2
basusa,2
ngalokwanele,2
njengendlovukati,2
nasevenikati,2
kufe,2
lodolobha,2
leyincenye,2
wiseman,2
meyiwa,2
ibafana,2
lihlelo,2
yacalwa,2
hupay,2
zion,2
zcc,2
lobekangumfundisi,2
waphuma,2
nemalunga,2
makhathini,2
mit,2
simani,2
mthunzi,2
mvubu,2
jeptha,2
bekanabo,2
jonathan,2
dominic,2
yebukhrestu,2
ukuthi,2
sakho,2
letihlukahlukene,2
vista,2
lobekangumongameli,2
gwede,2
nesishona,2
hamba,2
pata,2
patrice,2
baartman,2
semakhoikhoi,2
wekusebenta,2
tesingisi,2
makerere,2
tebudokotela,2
renaissance,2
semzabalazo,2
emachawe,2
afake,2
yatsenga,2
phase,2
batsenga,2
magagula,2
igama,2
olusemthethweni,2
ezweni,2
ikakhulukazi,2
emazweni,2
pradesh,2
lihawu,2
lesitfolakala,2
lesikolo,2
labadlale,2
bogotá,2
ngetihloko,2
imidvwebo,2
bekasishoshovu,2
lebesilwa,2
wokulwa,2
tsietsi,2
mashinini,2
ecentral,2
nenkohlakalo,2
ngumlobi,2
tindondo,2
usebentisana,2
pf,2
lesivamise,2
ngemabhakthiriya,2
mtb,2
luemaphaphu,2
singatihlasela,2
atinato,2
lokubalelwa,2
kuchubeke,2
siyekeliwe,2
sangalashwa,2
tesifo,2
setb,2
ukhwehlele,2
netikhwehlela,2
ebusuku,2
nekondza,2
lebekubangelwa,2
ngulokondza,2
emaphashini,2
bakhwehlela,2
bakhafuna,2
batsimula,2
leyisengakabonakali,2
abasisabalalisi,2
ngalokubonakalako,2
lababhemako,2
rays,2
esifuba,2
nekuhlolwa,2
ngemicroscop,2
salokuliketjeti,2
lokusemtimbeni,2
lesengakabonakali,2
kweyame,2
kuluhlolo,2
lwesikhumba,2
lolubitwa,2
tst,2
lwetingati,2
kwalabagulako,2
labasemakhaya,2
latsintsana,2
letiphindziwe,2
tekusetjentiswa,2
lebhebhetsekako,2
kwemazinga,2
kwekungasebenti,2
semoyalesingalapheki,2
mdr,2
nekungasebenti,2
ngalokuphakeme,2
nakulashwa,2
xdr,2
ikota,2
basuleleke,2
kwesuleleka,2
walabantfu,2
labakhona,2
kusigidzi,2
lehambembili,2
yetifo,2
letisulelanako,2
lokungetulu,2
yehlile,2
bahlolwa,2
ngeluhlolo,2
besisolo,2
sikhona,2
lasemozambiki,2
bekaphikisana,2
lofanako,2
ngokutsi,2
akukafaneli,2
bajove,2
kusolelwa,2
nakulabo,2
labasulelekako,2
ungabuye,2
kuvamisa,2
ujovwe,2
ususelwa,2
lwetinhlangano,2
umitsi,2
kuluhlelo,2
lesisulelanako,2
emathuthumba,2
lokubovu,2
kucalisa,2
kulasihlanu,2
ekugcina,2
nenyumoniya,2
irubella,2
nekutsimula,2
singahle,2
bangasuleleka,2
uyasebenta,2
lokucondzile,2
lokukhona,2
losatfutfuka,2
lokubangelwa,2
ngutiphi,2
kuletine,2
bekufa,2
kwelidosi,2
mincane,2
barre,2
sekuvuvuka,2
akubonakali,2
mmr,2
singakavami,2
lali,2
lalikhulu,2
ative,2
wekusuleleka,2
kwemuntfu,2
kulokukhwehlela,2
isampuli,2
lebasengotini,2
lemphumelelo,2
uyimphumelelo,2
lonemasotja,2
lwekuhlala,2
anganiketwa,2
given,2
whole,2
nengcondvo,2
ifake,2
polio,2
lesibucayi,2
sesibindzi,2
basuleleka,2
kwekusuleleka,2
uhlolwe,2
latiwako,2
ehepatitis,2
nabaneminyaka,2
basebancane,2
uniketwa,2
yehepatitis,2
hbv,2
balabo,2
lesingasalapheki,2
kufakelwa,2
titja,2
tinye,2
naleligciwane,2
matsatfu,2
kuphephile,2
emakethe,2
ingcondvo,2
kukhombise,2
kungafakwa,2
csf,2
yabamba,2
libhande,2
livela,2
kuwusebentisa,2
kabhebhe,2
bhebhe,2
inhlawulo,2
ann,2
caesar,2
wider,2
yerdp,2
teapartheid,2
tendlala,2
nekucinisa,2
phandle,2
kwekukhula,2
nciphisa,2
wetindlu,2
kwaloyo,2
temanti,2
emaplazini,2
takhula,2
iland,2
bachwephesha,2
wente,2
bakhonona,2
langcolisa,2
lemakhaya,2
lanyuka,2
kwakhuphuka,2
nale,2
saya,2
babangu,2
housing,2
marshall,2
plan,2
capital,2
which,2
highland,2
mnamo,2
iana,2
umoja,2
watu,2
tubariki,2
unity,2
men,2
audio,2
lyrics,2
ħobbi,2
wâ,2
fu,2
ambition,2
nile,2
book,2
pbk,2
memories,2
edited,2
derek,2
époque,2
architects,2
about,2
deep,2
armbruster,2
text,2
zones,2
clean,2
ngomhlaka,2
dns,2
kwesicelo,2
kwamagama,2
ezintathu,2
izizinda,2
zemfundo,2
ephakeme,2
ivulekele,2
abafakizicelo,2
okuhloselwe,2
izinhlangano,2
izinkomba,2
isigaba,2
esouth,2
syndrome,2
sabese,2
nasetifundzeni,2
lokuholele,2
drink,2
tea,2
take,2
eat,2
sanitizer,2
floyd,2
emabangeni,2
umichael,2
owazalwa,2
waqokwa,2
ubarack,2
ekomitini,2
lokulondolozwa,2
kwewhite,2
kwehhovisi,2
oval,2
wafunda,2
wasenew,2
ujohn,2
nezinto,2
zase,2
ukukhetha,2
kumagazini,2
kasmith,2
ubeka,2
ngokusebenzisa,2
isiguqo,2
izindawo,2
ewhite,2
imisebenzi,2
kuka,2
ezivela,2
ngesikhathi,2
ungumbhali,2
ubuhle,2
espain,2
netifo,2
tindvwangu,2
fusion,2
isoul,2
yaqala,2
kanti,2
lokubalwa,2
peddlers,2
nka,2
jimmie,2
wesifunda,2
embombela,2
yacanjwa,2
imiramax,2
emidlalweni,2
ithe,2
nabob,2
motion,2
picture,2
netinsolo,2
nasetindzaweni,2
anemacala,2
facility,2
meyi,2
atiwa,2
bekangumhlengikati,2
ngumhlengikati,2
persi,2
inciniseli,2
watfumela,2
abulala,2
ngekuhlaselwa,2
lwasesebhiya,2
afundzisa,2
sengati,2
ngemphi,2
nenkhululeko,2
yaradoje,2
ahlangana,2
yehhohho,2
akazulu,2
abengumtukulu,2
zokufa,2
bekangundvunankulu,2
kamancinza,2
kwemetamo,2
kwetembusave,2
ank,2
yekucindzetelwa,2
ezambia,2
losembili,2
kwekucitfwa,2
omhlaba,2
enhlokodolobha,2
ihhovisi,2
uhulumeni,2
isandla,2
nokuntuleka,2
kwemisebenzi,2
maqondana,2
kwentsha,2
yokuguquguquka,2
kwezinhlobonhlobo,2
kwamandla,2
ezinhlelweni,2
kungashiyi,2
muntu,2
ezintsha,2
yamukelwa,2
ebhodini,2
amaqembu,2
ancishwe,2
kochungechunge,2
kwama,2
kuthuthukiswe,2
kufakwa,2
amanye,2
amaphrojekthi,2
kwamakhono,2
emkhakheni,2
abeke,2
izinga,2
isinyathelo,2
ukwesekwa,2
nokutshala,2
uhlose,2
onekhabhoni,2
ephansi,2
imiphakathi,2
esengozini,2
ikwazi,2
emibi,2
angaphezu,2
kungcola,2
ile,2
ntfo,2
yalala,2
lihlazo,2
yembali,2
imemeta,2
uyezwa,2
lalela,2
tiyaphumula,2
usho,2
mbali,2
nayifika,2
tivuka,2
tilungiselele,2
kabhamsakhe,2
tihamba,2
belinga,2
uboqhakaza,2
ntombe,2
yelomabuya,2
sambe,2
esidzindzini,2
ihlabela,2
wesomandla,2
ohh,2
igece,2
iyavunula,2
tinsiba,2
tibukeli,2
laka,2
ngetingoma,2
ngibon,2
incangosi,2
batjeli,2
salani,2
londoloza,2
emagamami,2
indlamu,2
umgaco,2
kwembali,2
yakagogo,2
nesikhulu,2
tinkampani,2
wabukana,2
lelikhasi,2
lococwako,2
emabhadi,2
mama,2
ngumthaniya,2
lowamtalela,2
mangaliso,2
ngemidlalo,2
asolwa,2
isoweto,2
townships,2
legcwele,2
semalakota,2
sioux,2
wabomongameli,2
ngumsakati,2
benoni,2
fresh,2
podcast,2
ivosloorus,2
lingemakhilomitha,2
cleo,2
umbulali,2
ntombela,2
kelly,2
iboksburg,2
yesiteji,2
nemcondzisi,2
bekatsandza,2
wakubo,2
belibandlululo,2
jessie,2
lanobhala,2
linxusa,2
lowatfolwa,2
esihlahleni,2
ejohannesburg,2
gillett,2
yebulili,2
wamukelwa,2
labangakashadi,2
latiwe,2
iwine,2
lelisekelwa,2
lokuyinombolo,2
yeligolide,2
bafaka,2
neil,2
bailey,2
yekugubha,2
ngekwakha,2
kwekucindzetelwa,2
winnie,2
angumuntfu,2
yetebuciko,2
ngulabo,2
asejele,2
lelisemaphandleni,2
yetekuphepha,2
yancoma,2
abuke,2
waphendvula,2
moi,2
lesesifundzeni,2
kutimfundvo,2
selukhetfo,2
aic,2
bekangenele,2
yendvodzana,2
luchiri,2
yasekenya,2
wacale,2
bekabitwa,2
washiywa,2
kwekwehlukana,2
police,2
mabel,2
patronella,2
vytjie,2
uhlonishwa,2
joyce,2
wakagupta,2
sendvuna,2
yehlele,2
lesincumo,2
inquiry,2
capture,2
titfolwe,2
umceceshi,2
wasendlini,2
asola,2
wentiwe,2
wahlindvwa,2
kwekulimala,2
letingcwele,2
grand,2
waseguinea,2
unesifo,2
tintsatfu,2
tekupheka,2
ngetingeleti,2
ingeleti,2
umsobho,2
kudludlisa,2
kwenya,2
lokuphekako,2
engeletini,2
ukubeke,2
emlilweni,2
ematabhane,2
kufutfutisa,2
ebhodweni,2
namafutsa,2
ehhavini,2
nekushisa,2
kwemlilo,2
inhlama,2
nemakhekhe,2
kugayinga,2
roasting,2
kosiwa,2
lokosiwako,2
enos,2
ebarberton,2
teacher,2
ngasense,2
psychology,2
ngumhloli,2
lokuyintfo,2
saholela,2
yenatal,2
ahola,2
kwekukhishwa,2
sast,2
yadubula,2
yesikhundla,2
lelingana,2
siphatsimandla,2
enkhohlakalweni,2
labasolwa,2
labasitfupha,2
letitsintsa,2
yasegoli,2
kwatfola,2
umbiko,2
tekukhohlakala,2
kuniketwe,2
fambile,2
yezindaba,2
jd,2
macondzana,2
wahlaselwa,2
lelinganako,2
seluhlanga,2
ngekwephula,2
title,2
waseconnecticut,2
ngupaul,2
yeminyaka,2
wahlanganiswa,2
lebebatsi,2
tigidzigidzi,2
ekujeziseni,2
nekulimala,2
disciplinary,2
langase,2
hartford,2
wasola,2
bekangakhoni,2
nekukhohlisa,2
yemakhasimende,2
ticelo,2
telwati,2
lokungekho,2
letingcolile,2
nekungetsembeki,2
kubuyiselwa,2
wamelela,2
inc,2
ford,2
kulungiswa,2
napaul,2
action,2
suit,2
bamele,2
bamangaleli,2
nekukhokhelwa,2
vs,2
sikhalo,2
court,2
lekuba,2
nemacala,2
ekushintja,2
seminyaka,2
kwekuboshwa,2
yekuboshwa,2
ebugebengu,2
yehlulekile,2
ngalokwenele,2
iyikolishi,2
ngekuhlonipha,2
beyisolo,2
lobekangumbusi,2
isemkhatsini,2
mashishing,2
pass,2
yetimboni,2
tekudvweba,2
netetimayini,2
emapedi,2
leboa,2
tasesotho,2
tswana,2
sisotho,2
nasetincenyeni,2
ngakulolunye,2
kwalomunye,2
ichubeka,2
nekungevani,2
burgersfort,2
zuid,2
afrikaansche,2
lelisekugcineni,2
magaliesberg,2
rustenburg,2
bekungulenye,2
kgobalale,2
seraki,2
bebakholelwa,2
letikhombisa,2
yelitje,2
talesigodzi,2
enkhosini,2
ngalokuphindvwe,2
yincwadzi,2
ekwatiseni,2
angumntfwana,2
wetinkhomo,2
bekungaba,2
laniketa,2
wekukhetsa,2
ngamashi,2
yaseswati,2
batsembisana,2
lebeyihloswe,2
semshado,2
avuma,2
lemcondzisi,2
lamabhalane,2
samengameli,2
teachers,2
lasihlalo,2
augustin,2
yebasebenti,2
bemabutfo,2
wakhushulelwa,2
lieutenant,2
rpf,2
françois,2
battalion,2
mokoena,2
wesiphohlongo,2
nemphakatsi,2
bekangumcondzisi,2
ekuhleleni,2
corinne,2
käser,2
lobekangumabhalane,2
kutsandzana,2
mabhalane,2
bekangumabhalane,2
sekubhodla,2
iqembu,2
enkundleni,2
ungumphatsi,2
chris,2
setisebenti,2
ummhonto,2
kwesimemetelo,2
walus,2
kuachiliwa,2
masharti,2
miaka,2
yake,2
kgosi,2
kwachris,2
emotweni,2
kwawaluś,2
liphutsa,2
leliphoyisa,2
naderby,2
kugwetjwa,2
bagwetjwa,2
kwesigwebo,2
siboshwa,2
truth,2
reconciliation,2
kweluphenyo,2
ikhomishini,2
lakhombisa,2
akhululwa,2
watjela,2
angumphatsi,2
abulawe,2
kwentsandvo,2
bekasekelwa,2
kwekubhalwa,2
bekubaluleke,2
commonwealth,2
ishiye,2
yangaphambilini,2
intsaba,2
damita,2
kwebulili,2
tetenhlalakahle,2
longusomabhizinisi,2
watala,2
dream,2
professor,2
ngashada,2
lanemibala,2
wasebrazil,2
alahlekelwe,2
ngumtfombo,2
levame,2
wars,2
ottoman,2
latigidzi,2
tafa,2
lasedvutane,2
impumalanga,2
tasebokoni,2
kuloluhambo,2
beyivame,2
emagcumeni,2
kunetintfo,2
sasebakoni,2
sasesteelpoort,2
nesigodzi,2
semkhatsini,2
kwetimpophoma,2
line,2
yemkhandlu,2
division,2
lelatiwako,2
lokukuphela,2
ngesibonelelo,2
yekucwaninga,2
cecil,2
ekufundzeni,2
plague,2
wesigodlo,2
imelelwe,2
lochubekako,2
tinhlavu,2
tiniketa,2
esingisini,2
kuncishiswe,2
betifaka,2
lwekutsi,2
telisontfo,2
delph,2
batfumela,2
vinegar,2
week,2
sikhumbuto,2
mechanics,2
lesikhona,2
loluhlata,2
bendzawo,2
boeing,2
lenemtimba,2
commercial,2
yacinisekiswa,2
jet,2
louise,2
bekangumlingisi,2
kumabhayisikobho,2
kuthelevishini,2
yasesiteji,2
screen,2
morgan,2
actress,2
globe,2
lesekelwe,2
wadvunyiswa,2
bafta,2
role,2
angelou,2
imbongi,2
tetindzaba,2
né,2
wasekwaito,2
zola,2
ngekudlwengula,2
ngudzadzewabo,2
diplomatic,2
nuz,2
gas,2
lesibhedlela,2
lesisedvute,2
hospital,2
umshayeli,2
infinity,2
lomasipala,2
yekuthula,2
yetigodzi,2
lesendzaweni,2
kempton,2
nekuhlanganiswa,2
yinkantolo,2
yeludlame,2
lwetembusave,2
wemarekhodi,2
knockout,2
makoya,2
durbans,2
wasayina,2
kutekutsengiswa,2
ekwahlabisa,2
village,2
sox,2
sibonginkosi,2
nemabhizinisi,2
sewutfole,2
akungabateki,2
labacalisa,2
kwemculo,2
amapiano,2
lelikhaya,2
lelifikizolo,2
maffin,2
labalulekile,2
kusebuntfwaneni,2
kubabe,2
esaph,2
lobekangusopolitiki,2
angumake,2
emily,2
sophia,2
oukasie,2
ebritz,2
eluveve,2
egifford,2
ebrits,2
elethlabile,2
ayochubeka,2
kuvolontiya,2
razzmatazz,2
lebeyihleliwe,2
sigola,2
ekucondziseni,2
ngekumboleka,2
vinyl,2
cassette,2
compilations,2
kwasegoli,2
etfulwe,2
kubruce,2
dope,2
sebitlo,2
nasebitlo,2
makwerekwere,2
lebeyivimbela,2
xenophobia,2
sei,2
copī,2
aī,2
bīzabalaza,2
albhumu,2
sabalaza,2
tekudansa,2
louie,2
ilayisensi,2
awuhlanganisa,2
maw,2
muffin,2
trompies,2
imafikizolo,2
duo,2
loholako,2
nciza,2
kwekukhulula,2
ndihamba,2
kwela,2
gate,2
letsengiswa,2
nelilunga,2
lowafa,2
leyalandzelwa,2
buccaneers,2
labaseminyakeni,2
ilicembu,2
premiership,2
top,2
season,2
ancoba,2
lamadzala,2
kandaba,2
tian,2
kamageba,2
lesizulu,2
bekangubabe,2
wakwenta,2
wemantfombatana,2
nekudlala,2
kusebentisana,2
ukhunjulwa,2
emndeni,2
ufinyelela,2
lokukholelwa,2
luzumana,2
nkosinkulu,2
kankosinkulu,2
malandela,2
nemazulu,2
tazwide,2
yasendwandwe,2
cingana,2
yasetjentiswa,2
loved,2
way,2
bekashade,2
nemdlali,2
busiswa,2
gqulu,2
nembongi,2
ngekubhala,2
zinhle,2
ngemphumelelo,2
stanford,2
eserowe,2
mokgweetsi,2
wambeka,2
labakhetfwe,2
wemphi,2
festus,2
wamnumzane,2
