word,count
но,9622
тӥ,6340
арын,3021
удмурт,2642
ёросысь,2213
гурт,2054
удмуртиысь,1949
со,1777
вал,1444
ӟуч,1255
россиысь,1237
семьяысь,1233
ог,1214
адями,1188
кун,1163
будосъёс,1115
интыяськемын,1066
ик,1051
кар,1010
кылын,1007
тодмо,977
лымшор,910
ысь,892
совето,891
шур,887
нырысетӥ,887
улон,851
пӧртэм,833
эквадор,833
калык,823
пыре,806
валэктонъёс,781
пичи,780
гуртын,780
ёрос,777
ар,753
та,740
орхидной,725
кылдытэмын,721
шунды,716
бадӟым,710
луэ,705
гуртъёс,687
солэн,681
сярысь,678
иськемын,655
улӥсьёс,645
америкаысь,642
ёрослэн,635
уйпал,625
интыос,622
ссср,620
озьы,598
луэм,590
арысен,584
вань,581
дано,577
выль,569
лэн,567
учыръёс,564
вордскизы,551
кулӥзы,548
толшоре,543
шуръёс,536
колумбия,536
дуннеын,534
видъёс,533
яке,532
будос,530
поселение,518
кылбурчи,518
мукет,512
трос,510
интыяськемез,502
адямиос,502
шоркарез,493
лыдъяськиз,488
шор,481
ке,477
кырӟась,477
нимыз,476
тужгес,475
сяськаё,468
нош,462
бразилия,462
понна,461
кыл,454
будӥсь,446
ижысь,439
луиз,435
каръёс,432
чӧлсконъёс,430
пӧлысь,420
завьял,419
нимо,417
центрез,416
америкалэн,414
аръёсы,410
александр,408
артист,403
км,401
латин,398
ужась,389
туж,385
аре,384
алнаш,380
кык,372
праздникъёс,368
финн,367
муниципал,367
быдӟым,366
вотка,366
актёр,366
соос,364
пал,363
кутскиз,361
пурга,361
валтӥсь,360
усе,357
сарапул,356
иськем,355
ож,354
сое,349
кузьдалаез,347
писатель,347
усьтэмын,343
бере,340
улос,336
ӝуждалаез,331
ӝужан,325
россия,324
пуксён,323
вылын,321
республика,319
гинэ,318
черкогурт,318
бызе,318
сша,314
сюрс,313
иж,310
пермь,308
улэ,308
улосысь,304
ёросын,302
пужым,300
административной,298
владимир,291
али,288
одӥг,287
бускельёсыз,283
палаз,282
луыса,282
шуыса,280
николай,278
франциысь,278
аръёс,277
киров,276
африка,275
дурын,271
карын,271
чугун,265
сюрес,263
перу,263
композитор,258
шуре,258
горд,256
кылъёс,256
отын,255
буква,255
удмуртиын,252
немец,248
на,247
англи,247
калыккуспо,245
нырысьсэ,244
михаил,243
гожъяськись,238
писпу,238
мексика,237
татын,236
нырысетӥез,235
вылэ,233
арозь,233
усьтӥськиз,233
коста,232
музъем,230
европа,229
потӥз,229
журналист,229
рика,228
ужа,227
дыръя,225
азилэн,224
пала,221
шаерысь,221
можга,220
школа,219
политик,219
республикаысь,218
президентэз,218
луо,217
вылӥ,216
союзлэн,216
кудӥз,214
ужаз,213
уг,213
наукаосъя,211
тӧдьы,211
дунне,210
быдӟалаез,210
интыяське,209
англиысь,209
писпуос,206
угор,206
дышетӥсь,205
вашкала,204
сергей,203
китай,202
ужаны,202
лыдзы,201
сяна,201
актриса,201
ижевск,200
ас,200
одӥгез,199
культура,198
туала,198
соин,196
шоркаръёс,196
америка,196
куинь,194
ёросъёс,191
героез,191
шудӥсь,190
физик,190
интыяськем,189
диаметрез,188
сямен,187
европаысь,187
иван,186
пӧлын,185
быдэс,183
сьӧд,181
пыр,180
лауреатэз,179
тодосчи,177
дуннеысь,176
вылэм,175
нылпи,174
пыриз,174
венгер,173
модослэн,173
кылдытӥсь,172
ортчиз,171
удмуртия,170
коми,170
сётэмын,170
черкогуртын,170
улӥсьёслэн,169
глаз,168
ним,167
республикалэн,167
пётр,166
куаро,166
африкаысь,165
дорын,165
инты,164
ын,164
огазеяськем,164
улӥсь,163
француз,163
ӧз,163
сӥзем,162
алексей,162
музей,159
нырысь,159
грах,159
пол,159
уасср,159
премилэн,159
венесуэла,159
режиссёр,159
завод,158
бордын,158
ӵоже,158
литература,157
ӵош,157
василий,157
ӧвӧл,156
вакытэ,156
кияса,156
собере,156
атыкай,155
азьвыл,154
историез,153
аслаз,153
ува,153
шормуӵъёс,153
кылдытэт,153
эстон,151
тӧроез,151
украинаысь,149
ижын,148
зэмос,148
турциысь,148
германиысь,148
рсфср,146
франция,146
муско,146
алфавитысь,146
огъя,145
пусъемын,145
кыкетӥ,145
нуналыз,145
удысын,144
официальной,144
зарезь,144
пыриськись,144
филиппинъёс,143
советской,142
боливия,142
ватка,141
алфавит,141
философ,139
кӧня,138
басьтӥз,138
куд,137
дыр,137
турок,137
де,137
удмуртилэн,136
калыкез,136
сусыпу,136
камбарка,135
россиын,135
вордӥськиз,135
польшаысь,134
художник,134
олимпи,134
куспын,133
каракулино,133
математик,133
шаер,131
уже,131
культурая,131
суредась,131
федерациысь,130
кылдӥз,130
африкалэн,130
улослэн,129
юрт,129
ялӥз,129
дэри,128
борды,128
люкетэз,128
якшур,127
виктор,127
ожгар,126
эгра,126
бадӟымез,126
инженер,125
таӵе,124
соку,124
наука,124
история,124
турцилэн,124
бигер,123
туннэ,123
йӧскалык,121
италиысь,121
юрий,121
нобель,121
ленин,120
ласянь,117
удмуртъёс,117
поттон,117
город,117
емышъёс,117
вуж,116
сайтэз,116
кивалтӥсез,116
ньылпу,116
пужымъёс,116
мурт,115
станция,114
кивалтӥсь,114
кутскизы,114
карысь,114
театр,114
санкт,113
министр,113
доктор,113
карлэн,112
улӥсьёсыз,112
автономной,112
сср,111
аръёсын,111
палан,110
кутске,110
павел,110
кинорежиссёр,110
дышетон,109
интыын,109
панама,109
публицист,109
эмъюм,109
кизнер,108
кылчи,108
асср,108
музъемъёстӥзы,108
шаркан,107
пуктэмын,107
ялэмын,107
кириллицаысь,107
рок,106
солы,105
ини,105
ву,105
номеро,105
букваос,105
зарни,104
дыре,104
сылэ,104
миллион,104
школаын,104
калыкъёс,103
ньыль,103
мускоын,103
вордскиз,103
андрей,103
черк,102
кылэ,102
оже,102
емышо,102
пумит,101
гожтэмын,101
газет,101
доры,101
ни,101
кыз,101
карл,101
университет,100
уно,100
азиысь,100
евгений,100
драматург,100
великобританиысь,100
магнолия,100
нимаз,99
мерлыко,99
ижкарын,99
егит,99
кандидат,99
алфавитъя,99
см,99
театрлэн,99
кулэ,98
улосъёс,98
арлы,98
борис,98
историк,98
кам,97
центр,97
профессор,97
университетлэн,96
борнео,96
даурлэн,95
кылсярысь,95
люкетаз,95
берыктӥсь,95
мускоысь,95
сюресэз,95
территориезлэн,95
ӟеч,94
анатолий,94
округе,94
крезьгурчи,94
дмитрий,93
сётӥз,93
дэбес,93
бӧдья,93
вордскемын,93
удысысь,93
кадь,93
ива,93
профессорез,93
китайын,93
кузон,92
лэсь,92
ижкарлэсь,92
матын,92
гожъясьчи,92
кылдытэтэ,92
музъеметӥз,92
шаерлэн,91
пыро,91
экономика,91
кытын,91
америкаын,91
балезино,90
йылыз,90
уж,90
башкортостанысь,90
километр,89
дышетскиз,89
шормуӵ,89
турция,89
герой,89
кылдытон,88
толсуре,88
сэрен,88
кенешлэн,88
тылобурдо,88
йылпумъяз,88
суматра,88
книга,87
гожъясь,87
американ,87
возьматэ,86
нунал,86
куартолэзе,86
гурезь,86
усьтӥз,86
иль,86
есенин,86
потэ,85
ортче,85
отчы,85
пыртэмын,85
авторзы,85
повъят,85
вить,84
огез,84
шурлэн,84
сьӧлта,84
ти,84
продюсер,84
усё,84
урал,83
кез,83
вуиз,83
политической,83
италия,83
россилэн,83
дас,83
кылысь,83
поттӥз,82
ужъёсыз,82
солэсь,82
император,82
инвожо,82
шудонъёс,82
шудон,81
азьло,81
сӥё,81
пырись,81
югыт,81
федеральной,81
вӧзын,81
ваньмыз,80
ӟучъёс,80
кылэз,80
университетын,80
кошкиз,80
вавож,80
яр,79
астроном,79
вылаз,78
герӟаськемын,78
академилэн,78
тросэз,78
котькуд,78
калыкъёслэн,78
газетлэн,78
поттэмын,78
улсын,78
тылобурдоос,78
басьтэ,77
нюлэс,77
удмуртъёслэн,77
роман,77
дырысен,76
тодон,76
уло,76
ортчем,76
гожтӥз,76
ижлэсь,76
институт,76
эстониысь,76
крезьгур,76
сценарист,76
штатъёсаз,76
пӧлы,75
премьер,75
ачиз,75
ужан,75
граждан,75
герман,75
киноактёр,75
субъект,74
посёлок,74
транспорт,74
умой,74
мукетъёсыз,74
быдэ,74
сад,74
украин,74
кутэмын,74
алнашлэсь,74
чемпион,74
калыклэн,73
ятыр,73
учке,73
лэсьтэм,73
ёзо,73
библиотека,73
греция,73
вылысь,73
герд,73
дирижёр,73
элькунысь,72
ижкарысь,72
бадь,72
надежда,71
кылдытӥз,71
нылкышно,71
луганск,71
сюреслэн,71
италмас,71
дышетскыны,71
дуннелэн,71
группалэн,71
юпик,71
воткалэсь,71
асьме,70
куарусёнэ,70
лыдъяське,70
ужало,70
городын,70
самой,70
научной,70
нимысьтыз,70
славян,70
мексикаын,70
ужчи,70
октябрь,69
кыллэн,69
корка,69
заводлэн,69
эрико,69
метрополитен,69
фольклор,69
генерал,69
роберт,69
кенеш,68
кивалтэ,68
будэ,68
кылъёсын,68
площадез,68
кема,68
константин,68
александрович,68
авторез,68
толсур,68
кивалтэм,68
революционер,68
федерал,67
автомобиль,67
кивалтӥз,67
ӧдъяз,67
лэсьтон,67
великобритания,67
луоз,67
вордскем,67
горький,67
устолык,67
инъямын,67
гужем,66
нимзэ,66
чупчи,66
литературая,66
араб,66
бӧрысь,66
бурпалась,66
шуркынмонэ,65
интые,65
бордысь,65
быръемын,65
ез,65
университетысь,65
академик,65
иванович,65
отечественной,65
леонид,65
ты,65
социалистической,65
музъемэтӥз,65
пургалэсь,65
ижкар,64
вискын,64
кутӥз,64
шуо,64
потэм,64
атаез,64
кузя,64
дышетонъя,64
оштолэзе,64
венгриысь,64
георгий,64
король,64
сан,64
каремын,64
григорий,64
эксэй,64
кызьпу,64
лэземын,64
бигеръёс,63
выльысь,63
спортъя,63
кулӥз,63
шундыпуксён,63
валерий,63
тыршиз,63
кылдэмын,63
куинетӥ,63
верховной,63
огшоры,63
гвинея,63
огазеяськон,62
ёросэ,62
нылпиослы,62
школаез,62
мер,62
кузебай,62
механик,62
тулыспалэ,62
кизили,62
автор,62
паллянысь,62
премьераез,62
магнолияос,62
инуит,62
шаерын,61
выжыысь,61
сиён,61
кылдытэм,61
васильевич,61
юнматэмын,61
сӥземын,61
вож,61
ёзчиез,61
сент,61
ожмаськон,61
джон,61
галина,60
заводын,60
урам,60
быдтэмын,60
нуналлы,60
кариз,60
мария,60
масс,60
пӧйшур,60
индуизм,60
элькунлэн,59
ужез,59
ӵапак,59
нимамын,59
инвожое,59
егитъёслэн,59
дунневыл,59
починка,59
секыт,59
губерниысь,59
берло,58
кунлэн,58
удмуртская,58
кудъёсыз,58
ӵемысь,58
лэсьтэмын,58
аслэсьтыз,58
кутскон,58
шорсюлмыз,58
география,58
национальной,58
азвесь,58
карез,58
польшалэн,58
анна,58
кинолэн,58
лысо,57
сюресъёс,57
война,57
интыез,57
йырыз,57
чебер,57
поляк,57
йылпумъяса,57
южтолэзе,57
нью,57
толшор,56
политика,56
ошмес,56
улыны,56
сыӵе,56
ужзэ,56
татьяна,56
спортсмен,56
быгатэ,56
кунгож,56
тол,56
интернет,56
псков,56
куарусён,56
олег,56
канадаысь,56
сусыпуос,56
берпум,56
коньывуонэ,55
президент,55
кпсс,55
арлэн,55
испаниысь,55
млн,55
ярдураз,55
бырем,55
эз,54
узыр,54
пыризы,54
удыс,54
улосын,54
тюрк,54
кылъя,54
чылкыт,54
германия,54
экономист,54
сюмси,54
игорь,54
гожтэм,54
семён,54
джеймс,54
галерея,53
ӵуж,53
вера,53
кылдэмез,53
крезьгуръя,53
институтын,53
финляндиысь,53
пӧсьтолэзе,53
кырӟан,53
воеводство,53
гуртысь,53
николаевич,53
медиа,53
этнограф,53
газетын,53
австралилэн,53
южтолэзь,53
директорез,53
князь,53
япон,53
кунъёс,52
инкуазь,52
отысь,52
улӥз,52
выллем,52
малы,52
поттонъя,52
утён,52
кызьы,52
валан,52
пумаз,52
утемысь,52
людмила,52
индия,52
геннадий,52
театрын,52
изобретатель,52
палэнын,51
революция,51
пӧрмиз,51
соослэн,51
волга,51
википедия,51
нянь,51
оскон,51
япония,51
кылъёслэн,51
ассэ,51
шундыӝужан,51
пуктӥз,51
кылбуръёс,51
прозаик,51
елена,51
гудырикошкон,51
гондыр,51
лётчик,51
генеральной,51
антилопа,51
океан,51
шораз,50
дышетскон,50
улын,50
екатерина,50
ӧй,50
мукетыз,50
воштӥсез,50
эшшо,50
уйшор,50
сям,50
кылбуръёсыз,50
ольга,50
шуркынмон,50
гуртлэн,50
рим,50
армия,50
сигаеволэсь,50
лэсьтыны,49
утем,49
красногорск,49
тырше,49
выж,49
эскерон,49
журнал,49
кузь,49
паськыт,49
наталья,49
куартолэзь,49
вылтӥ,49
цк,49
сяськаос,49
джордж,49
мар,48
тунсыко,48
из,48
тодос,48
музъемезлэн,48
луыны,48
люкиське,48
крым,48
составаз,48
врач,48
метр,48
жан,48
не,48
коньывуон,48
тренер,48
быриз,48
океанилэн,48
эскимос,48
войскоос,48
европаын,47
пермяк,47
кыӵе,47
округ,47
вамен,47
кылдэм,47
пыриськиз,47
по,47
куать,47
процентэз,47
гватемала,47
татарстанысь,47
нимын,47
петербург,47
ньылпуос,47
корт,46
автономи,46
улӥсез,46
ӵем,46
соосты,46
быгато,46
уката,46
юкаменск,46
ортчыса,46
юртэз,46
иськемлы,46
сизьым,46
журналлэн,46
редакторез,46
социальной,46
украина,46
эскерись,46
йылпумъяськиз,46
советлэн,46
кылбур,46
педагог,46
мастер,46
котьку,46
петербургын,46
лулпу,46
удмуртской,45
каре,45
луизы,45
пор,45
луись,45
радъямын,45
сентябре,45
толэзе,45
журналын,45
партийной,45
египет,45
азия,45
куке,45
медициная,45
пӧрмытэмын,45
депутатэз,45
шоры,45
группа,45
номерез,45
мечеть,45
полъем,45
киноактриса,45
эмъясь,44
люкемын,44
юон,44
вузкарон,44
союзысь,44
клуб,44
пе,44
фёдор,44
озь,44
австралия,44
израиль,44
дун,44
архитектор,44
кылбурчиос,44
гожъяськисьёс,44
мир,44
возьматӥз,44
проза,44
азьын,44
турын,44
аръем,44
тулыспал,44
пыӵал,44
куак,44
химик,44
предприятие,43
книгаез,43
мынэ,43
сарапулын,43
сайт,43
берпуметӥ,43
исторической,43
историяя,43
татчы,43
чемпионэз,43
ожлэн,43
син,43
огазеяськонлэн,43
фестиваль,43
маймыл,43
приматъёс,43
квадрат,42
пӧсьтолэзь,42
городлэн,42
порт,42
новгород,42
люк,42
быдэсак,42
корея,42
лы,42
нижний,42
крестьян,42
вячеслав,42
улонэз,42
дуннеез,42
мадагаскар,42
сальвадор,42
каркалай,42
техника,42
смоленск,42
сӥзьыл,42
оштолэзь,42
ужысь,42
огзы,42
администраци,42
алеут,42
наполеон,42
футболэн,42
толэзь,41
сюрслэсь,41
улонысь,41
анай,41
свердловск,41
валче,41
кутсконаз,41
ленинградысь,41
нимаське,41
францилэн,41
михайлович,41
сю,41
пудо,41
итальян,41
быдтӥз,41
дыръяз,41
анаез,41
гудырикошконэ,41
йӧ,41
коммунистической,41
эрик,41
космической,41
вильгельм,41
аляскаысь,41
татарстан,40
юн,40
ужазы,40
историысь,40
сарапулысь,40
швед,40
ялан,40
литва,40
кунъёсын,40
секретарез,40
чех,40
римской,40
вакчи,40
басьтӥзы,40
сётӥзы,40
петрович,40
правда,40
тупатэмын,40
таллинысь,40
виемын,40
кырӟасьёс,40
педагогикая,40
парижын,40
тулыс,40
австриысь,40
куеда,40
скульптор,40
каръёсын,39
карыса,39
арбериос,39
академия,39
кутско,39
компания,39
выжы,39
шуоно,39
уй,39
инъет,39
интыяськиз,39
аресъем,39
финно,39
кошке,39
институтлэн,39
индиысь,39
тросгес,39
москва,39
союз,39
ноябре,39
хирург,39
кин,39
степан,39
миллионлэсь,39
мгц,39
йшур,39
эстрадной,39
атлантической,39
грахлэсь,39
власть,38
конструктор,38
кылзы,38
матысь,38
собор,38
юртъёс,38
карон,38
кылдытэтлэн,38
пуш,38
нидерланд,38
австрия,38
ужъёс,38
вятской,38
кавказ,38
область,38
алексеевич,38
усто,38
кужмысь,38
белорус,38
художественной,38
сьӧры,38
статья,38
илья,38
кудаз,38
уральской,38
метро,38
гибридъёс,38
испан,38
томас,38
актёрзы,38
юнматӥз,37
максим,37
ӝог,37
кузьма,37
дышетске,37
калыклы,37
президентъёс,37
потӥсь,37
центральной,37
глазкарын,37
радио,37
корепанов,37
лев,37
зеландия,37
пуктэм,37
орденэн,37
инмарлы,37
вариететъёс,37
дома,37
утемъёс,37
музъемез,36
улонзэ,36
вуоно,36
возёсъя,36
потэмын,36
пу,36
саклык,36
депутатъёслэн,36
ёрослы,36
дась,36
петербургысь,36
наукая,36
малмыж,36
мыло,36
кыдо,36
мултан,36
думалэн,36
большая,36
лудорвай,36
писательёслэн,36
ансамбль,36
вуэ,36
кышноез,36
петров,36
россии,36
ленинград,36
башкир,36
куара,36
округлэн,36
шаерчи,36
пиез,36
япониысь,36
критик,36
кызъёс,36
телеведущой,36
статьяос,35
интыосын,35
даурын,35
синпелет,35
чайковский,35
литературной,35
поттыны,35
векчи,35
котырын,35
ваньзэ,35
депутат,35
литературовед,35
медаль,35
европалэн,35
карыны,35
финляндия,35
великобританилэн,35
гмина,35
империя,35
яркыт,35
пинал,35
нырысетӥзэ,35
пыриське,35
кырӟанъёс,35
историын,35
филолог,35
театральной,35
иоганн,35
лыз,35
луи,35
уильям,35
чус,35
завьяллэсь,35
мынон,34
типъем,34
ёросъёсын,34
музъемлэн,34
тямыс,34
бераз,34
печатламын,34
испания,34
эстония,34
ирландия,34
венгрия,34
иосиф,34
граф,34
независимостез,34
арес,34
филипп,34
егитъёс,34
шаертодонъя,34
удмуртие,34
пьер,34
культурной,34
япониын,34
нина,34
семья,34
алтай,34
армилэн,34
яратэ,34
тополь,34
кудӥзлэн,34
королез,34
союзын,34
бам,33
округысь,33
научно,33
тодэ,33
промышленной,33
шуг,33
поль,33
тайвань,33
парламент,33
фридрих,33
любовь,33
потыны,33
зол,33
аргентина,33
дышетсконзэ,33
интыосыз,33
мылкыд,33
кылдытэ,33
генрих,33
усьтон,33
папа,33
антон,33
мордовия,33
грек,33
ван,33
поп,33
эмчи,33
киултӥзы,33
муми,33
эксплуатацилы,33
элькун,32
пыриськизы,32
ильич,32
луонлык,32
ижсталь,32
чаклам,32
польша,32
манет,32
ортчытэм,32
усьтӥськизы,32
книгаос,32
ужасьёс,32
коньдон,32
таллинн,32
азербайджан,32
оон,32
мае,32
красноярск,32
елизавета,32
ашальчи,32
спорт,32
министръёслэн,32
ян,32
мур,32
шудэ,32
куто,32
мынам,32
лэсьтӥсь,32
яратон,32
стихи,32
договор,32
ожысь,32
фольклорист,32
валтӥсез,32
кутскемын,32
музыкант,32
куасэн,32
сценарий,32
оскар,32
президентсы,32
тезисы,32
ӵукпал,31
парк,31
карлы,31
ӧдъязы,31
чуваш,31
лыдэ,31
лыдъян,31
тазалыкез,31
вятка,31
училище,31
семьяын,31
маргарита,31
берыктэмын,31
ортчытэмын,31
эстониын,31
кутыны,31
зарезьлэн,31
чагыр,31
кужмо,31
гурезьёс,31
юри,31
покчи,31
ӟатча,31
шедиз,31
азинлыко,31
лэсьтӥз,31
искусство,31
потӥзы,31
данъян,31
конго,31
короленко,31
марий,31
эктон,31
партия,31
валентин,31
экз,31
тыос,31
гуртлы,31
микрорайонъёс,31
лондонын,31
урамын,31
аннона,31
аннонаос,31
эдуард,31
попугайёс,31
микрорайон,31
пианиноен,31
каракулинолэсь,31
федерацилэн,30
дауре,30
калыкъёслэсь,30
дуннелы,30
удмуртии,30
промышленность,30
дасян,30
тӥрлык,30
шоркараз,30
кыллы,30
аспӧртэмлыко,30
сайтаз,30
июле,30
поттэ,30
потто,30
муниципальной,30
филологи,30
кылчиос,30
мартэ,30
еврей,30
комитет,30
демография,30
бӧрсьы,30
кудзэ,30
грузия,30
поттэм,30
шонер,30
африкаын,30
судан,30
палась,30
карлэсь,30
кылем,30
кылдытӥзы,30
выжиз,30
висъямын,30
комитетлэн,30
светлана,30
самсонов,30
педагогической,30
йылпумъямез,30
ява,30
журналистика,30
кылдытӥсез,30
быдэстӥз,30
вордӥськем,30
шарль,30
полководец,30
ныл,30
вормиз,30
езлэн,30
улсаз,30
пуктыны,30
аркадий,30
ӝыны,30
советсылэн,30
музейлэн,30
вормон,30
краснодар,30
чечен,30
киултӥз,30
живописец,30
оперной,30
толалтэ,29
дауръёсы,29
первомай,29
самара,29
нимъем,29
кылъёсъя,29
ӵыжы,29
удм,29
вераны,29
бесерман,29
пуктэмезъя,29
улыса,29
станциез,29
октябре,29
кузонысь,29
валентина,29
президиумезлэн,29
энциклопедия,29
кылле,29
пумысен,29
лэсьто,29
вало,29
басьто,29
филология,29
дырын,29
гожъя,29
демократической,29
ягул,29
гожтэ,29
герӟаськем,29
мечетьёс,29
мунё,29
москваысь,29
франциын,29
романов,29
канадаын,29
земской,29
ожмос,29
уйпалаз,29
нылыз,29
фон,29
социолог,29
вконтакте,29
возьматэмын,29
крепость,29
рабочей,29
воронеж,29
биатлонист,29
пурысь,29
ӝытпал,29
дэралэсь,29
диал,29
планета,29
фантаст,29
иднакар,28
аэропорт,28
огырчи,28
официально,28
огкыл,28
капчи,28
эн,28
диалект,28
басьтыса,28
искусствоосъя,28
гербез,28
ирина,28
быръёнъёс,28
тарту,28
бордаз,28
венгрилэн,28
иран,28
росси,28
российской,28
шаерысьтымы,28
юрттэт,28
кутсконэз,28
басьтэм,28
посёлокын,28
волков,28
гайана,28
шулдыр,28
яратоно,28
мон,28
почта,28
дырлэн,28
драмая,28
канал,28
премиезлэн,28
силезия,28
сталин,28
янаул,28
адмирал,28
партилэн,28
мумыез,28
сизь,28
шормуӵлэн,28
штатын,28
инюпиак,28
марк,28
брест,28
океанлэн,28
нуналзы,28
синпелетъёс,27
республики,27
апреле,27
декабре,27
промышленностья,27
пуктӥзы,27
кыстӥське,27
ӧжыт,27
пи,27
дасянъя,27
общество,27
йӧл,27
глазов,27
быгатӥз,27
сьӧрын,27
ла,27
революцилэн,27
шоркар,27
владимирович,27
правительстволэн,27
лыдзыя,27
ай,27
кылдэ,27
ньылетӥ,27
вьетнам,27
нимыныз,27
луы,27
утчан,27
альберт,27
пиосмурт,27
ожын,27
ветлэ,27
кусыпъёс,27
август,27
интыоссы,27
ыж,27
изд,27
иворъёс,27
калыкъёсыз,27
норвегиысь,27
соослы,27
археолог,27
группаысь,27
эшез,27
нимъёс,27
государственной,27
ветлыны,27
быдтон,27
подшивал,27
медведев,27
фильм,27
швейцариысь,27
телеведущий,27
ожйыр,27
кылдытыны,26
республикаын,26
шаерамы,26
тазьы,26
машина,26
центръёс,26
вазь,26
тодӥсь,26
бускель,26
чорыг,26
поездъёс,26
уездысь,26
январе,26
газ,26
григорьевич,26
филологияя,26
доцент,26
за,26
техникум,26
флагез,26
паллян,26
казахстан,26
румыния,26
возьматыны,26
канада,26
кипр,26
сётон,26
каризы,26
ужъёсъя,26
мед,26
ӧсъёссэ,26
мусколэсь,26
улонэ,26
ортчись,26
павлович,26
дали,26
воткаысь,26
поселениос,26
суредъёс,26
висъяське,26
институтэз,26
гаити,26
куба,26
огазеяськонзылэн,26
бер,26
крезьгуро,26
сцена,26
гожтӥзы,26
ульча,26
пумиське,26
германиын,26
союззы,26
котырысь,26
мартин,26
вордӥськемын,26
перепеч,26
инъясез,26
казах,26
поэт,26
йшуръёс,26
видъёсыз,26
выжыё,26
кулэм,26
белоруссиысь,26
басьтон,26
узы,26
антильской,26
футболъя,26
одӥгетӥ,26
группае,26
теэ,26
марс,26
конф,26
лыдъясько,25
спортивной,25
екатеринбург,25
кенешез,25
линкъёс,25
болгария,25
словакия,25
шоръёзо,25
интыысь,25
историяз,25
вӧй,25
знамя,25
черклэн,25
ленинградын,25
люксембург,25
экономической,25
сь,25
сирия,25
кылъёсыз,25
германилэн,25
кылдыто,25
пумын,25
гуртэз,25
сётэ,25
нылпиос,25
лебедева,25
денис,25
берытскиз,25
пиналъёслы,25
калмез,25
интыяз,25
постол,25
уром,25
шудо,25
дуре,25
эл,25
марина,25
союззылэн,25
нарва,25
дышетскыкуз,25
утёнъя,25
творческой,25
артистка,25
группаязы,25
конгресс,25
огазеяськонзы,25
грузин,25
сибирской,25
кутон,25
лыдын,25
шараяз,25
луэмен,25
карел,25
да,25
мечетьез,25
станциос,25
корабль,25
йоркын,25
киясалэсь,25
бур,24
кутӥське,24
дырозь,24
петр,24
одно,24
предприятиос,24
ортчо,24
калыклэсь,24
июне,24
нуналэ,24
дорозь,24
дуно,24
слободской,24
нимзы,24
ноку,24
утемын,24
котыр,24
памятник,24
дырлы,24
сёто,24
удмуртов,24
даниил,24
люкетсэ,24
премия,24
индонезия,24
малайзия,24
малпан,24
укмыс,24
лулчеберет,24
улӥсьёсызлэн,24
площадь,24
черкогуртысь,24
нуись,24
вуэм,24
бамез,24
фин,24
британ,24
верхняя,24
гимнэз,24
крезьгурез,24
валысь,24
творчествоез,24
владислав,24
киргиз,24
кылиз,24
кӧс,24
гуртэ,24
гуртлэсь,24
сётыны,24
гожъяськон,24
рейн,24
шудыны,24
кутскем,24
кивалтэмез,24
тодосчиос,24
музеез,24
ужанъя,24
верещагин,24
югдытӥсь,24
александров,24
комиссаръёслэн,24
пыриськисьёс,24
федерацияысь,24
химической,24
курень,24
соснова,24
нымы,24
араукария,24
генри,24
нылъёс,24
сал,24
аль,24
артур,24
инъяз,24
зуркан,24
эмтодосчи,24
куспо,23
лэсьтӥськон,23
вцик,23
улэм,23
феврале,23
кенешсы,23
ижлэн,23
эрзя,23
вакыт,23
уни,23
вераськон,23
верало,23
нылкышноослэн,23
сельсовет,23
пункт,23
юнда,23
материалъёс,23
пауль,23
духовной,23
редактор,23
уго,23
буёл,23
луэмез,23
нациослэн,23
азинтон,23
каледония,23
союзэ,23
угось,23
рос,23
прос,23
демократи,23
сара,23
амалэн,23
даурысь,23
экономикая,23
юсь,23
виталий,23
оглом,23
платформа,23
ваньзы,23
ветло,23
андреевич,23
алабго,23
чупчие,23
усись,23
литератураын,23
кот,23
руанда,23
классъем,23
проект,23
график,23
дышетӥз,23
можгаысь,23
конституциез,23
пленэ,23
дышетэ,23
басьтэмын,23
котькыӵе,23
что,23
нидерландысь,23
газетэз,23
ческыт,23
суд,23
ожез,23
давид,23
коӵышъёс,23
архангельск,23
китайысь,23
карелия,23
зарезе,23
сергеевич,23
бразилилэн,23
альбом,23
википедилэн,23
пои,23
императорез,23
часлы,23
сэрпалтон,23
сатирик,23
кырӟанъёслэн,23
чарльз,23
съездзы,23
карибской,23
вожодыр,23
ивор,22
омыр,22
шаере,22
азинске,22
кытчы,22
люкиськон,22
пырыны,22
ижмаш,22
герӟа,22
устинов,22
берен,22
кылдӥзы,22
асьсэлэсь,22
ижозь,22
соослэсь,22
юнеско,22
вӧлмемын,22
пото,22
материалы,22
фабрика,22
нылпиосты,22
больница,22
ӝутэмын,22
етӥн,22
образованиос,22
ортчизы,22
иже,22
никола,22
сербия,22
королевство,22
кельтӥз,22
сауд,22
алжир,22
территориез,22
палыз,22
кунъёслэн,22
кыкетӥез,22
указэзъя,22
армян,22
сыло,22
пырон,22
физика,22
пушкин,22
волость,22
символэз,22
приволжской,22
сибирь,22
ӝутон,22
дугдылон,22
вадим,22
лэсьтонъя,22
зура,22
моя,22
во,22
сен,22
мари,22
ӵукна,22
таджик,22
гитараен,22
тодмоез,22
эктонъя,22
пуштросэз,22
муртъёс,22
ханты,22
верасько,22
украинаын,22
вакытысь,22
час,22
казьмас,22
удгу,22
утемлэн,22
политикая,22
станислав,22
химия,22
россие,22
степенё,22
сайтын,22
глазысь,22
университетэз,22
серб,22
атомной,22
витетӥ,22
быгаты,22
соглаш,22
шорын,22
альфред,22
революционной,22
юртын,22
ӝужыт,22
табере,22
гольян,22
республиканской,22
сибирьысь,22
край,22
кириллица,22
азияын,22
топольёс,22
изгурт,22
футбольной,22
мыныны,22
людовик,22
полярной,22
средиземной,22
буе,22
мореплаватель,22
авиаконструктор,22
шотландиысь,22
жугиськон,22
научн,22
арнялэн,22
историысьтыз,21
кивалтэт,21
ужам,21
механикая,21
удмуртский,21
заводэз,21
нимало,21
басьтыны,21
технической,21
трамвай,21
челябинск,21
ушаков,21
игра,21
диалектъёсыз,21
фалёнки,21
истори,21
филиалэз,21
улосэ,21
механической,21
улысь,21
кивалтон,21
администрацилэн,21
тула,21
тартуысь,21
диссертацизэ,21
латви,21
училищеын,21
факультетын,21
азьланяз,21
блика,21
дания,21
бельгия,21
система,21
азинскон,21
ливия,21
балтийской,21
километрлы,21
адямиез,21
большой,21
физикая,21
коммунист,21
шуныт,21
уча,21
мыно,21
веран,21
воршуд,21
йыр,21
иванов,21
казань,21
перевощиков,21
кенешсылэн,21
никарагуа,21
новая,21
новый,21
ӝыт,21
арня,21
анастасия,21
гудыри,21
лирической,21
кыдёкын,21
улӥ,21
кутыса,21
романэз,21
ми,21
келямын,21
ооо,21
кылдытӥсьёс,21
дырыз,21
тверь,21
театрысь,21
лу,21
ужбергатӥсь,21
бадӟымгес,21
ветлӥсь,21
дунъясь,21
пиналъёс,21
аръёслэн,21
куштӥськиз,21
географ,21
адямилэн,21
машиностроительной,21
ненец,21
приморской,21
медицина,21
люкась,21
льӧль,21
лёгетысьтызы,21
топоним,21
маке,21
абхаз,21
англиын,21
арыслан,21
евразилэн,21
соосыз,21
кино,21
остров,21
сопрано,21
гренландиысь,21
бас,21
фильмъёс,21
инъясь,21
маршалэз,21
блатгурт,21
чишмы,21
гожтыны,20
пумисько,20
поръёс,20
поезд,20
индустри,20
воштӥз,20
тыршо,20
куддыръя,20
валаны,20
сяська,20
для,20
мынӥсь,20
закон,20
совхоз,20
ожмаськиз,20
вотской,20
обществолэн,20
университетэ,20
молот,20
ужасьёслэн,20
нимазы,20
фигурной,20
респу,20
белоруссия,20
вузкаронъя,20
ирландилэн,20
люкон,20
регион,20
империлэн,20
азяз,20
пересь,20
гектар,20
республикаез,20
вылазы,20
тодосъя,20
историзэ,20
оки,20
вордон,20
суредасьёс,20
поттӥсь,20
брангуртысь,20
ёросъёслэн,20
асьсэ,20
гондурас,20
гренландия,20
шормуӵез,20
институтэ,20
бичетэз,20
тупаса,20
воеводствое,20
сётэм,20
штат,20
февраль,20
эскериз,20
совет,20
правительство,20
нуллэ,20
журналъёсын,20
хааберсти,20
ласнамяэ,20
каръёсыз,20
васильев,20
ульяновск,20
уйпалысен,20
вологда,20
ростов,20
тюмень,20
кырӟанъя,20
лымшорлань,20
ансамбльлэн,20
арлэсь,20
ветлӥз,20
пӧрмемын,20
свердлов,20
советсы,20
тылпу,20
котырес,20
орден,20
лида,20
дворец,20
рязань,20
отдел,20
семействоысь,20
мексикаысь,20
динь,20
нонись,20
биолог,20
майкл,20
пужей,20
лыд,20
шормуӵъёслэн,20
колумбиын,20
ботаник,20
аралия,20
кореяын,20
чупик,20
путешественник,20
таллиннысь,20
кыктэтӥ,20
камбаркалэсь,20
кезьыт,19
республикалы,19
оӵ,19
кичӧлтэмезъя,19
химияя,19
дышетсконниос,19
интернат,19
оло,19
каро,19
меӵак,19
кусып,19
чотанъя,19
му,19
статус,19
удысъя,19
утьыны,19
вӧсяськон,19
кафедраын,19
ужамез,19
нискыланъёсъя,19
пуктон,19
буёло,19
кирос,19
хорватия,19
азиын,19
быдӟалаезъя,19
программа,19
бадӟымесь,19
туспуктэмъёс,19
шормуӵъёсын,19
даур,19
москваын,19
ядерной,19
кылемын,19
адӟытон,19
азамат,19
кылбурчилэн,19
тусыз,19
ӝоген,19
музейын,19
яган,19
ивановна,19
черкез,19
егор,19
егитъёсын,19
тӧроезлэн,19
омск,19
иваново,19
старая,19
нуиз,19
гожъяз,19
сӥзьыса,19
сылӥсь,19
куашказ,19
общественной,19
артистъёс,19
шедьтыны,19
книгаослэн,19
военной,19
губерния,19
саратов,19
хусейн,19
фамилиез,19
бразилиысь,19
семьяысьтызы,19
школае,19
текстэз,19
книгаосыз,19
интыясько,19
нуналъёсыз,19
фарер,19
юрттӥз,19
красильников,19
армие,19
пичиез,19
нулло,19
гитара,19
яра,19
дырлэсь,19
съездэз,19
городэз,19
самолёт,19
шара,19
вьетнамысь,19
крымысь,19
лулосъёслэн,19
йол,19
быжо,19
искусственной,19
курск,19
дугдытӥз,19
турциын,19
ысен,19
шабердӥ,19
пыртӥ,19
архипелаг,19
аляска,19
араукарияос,19
орёл,19
отто,19
грузиысь,19
мирной,19
компаниез,19
декабрист,19
австралиысь,19
дипломатической,19
практ,19
мувӧй,18
ӵемгес,18
ветлон,18
быдтӥзы,18
кутӥзы,18
уфа,18
арысь,18
группаос,18
ёросъёсыз,18
бызё,18
ку,18
сельсоветъёс,18
выжтэмын,18
банк,18
ёросэз,18
кыллэсь,18
литературы,18
исследовательской,18
городысь,18
татысь,18
луэмзэ,18
соловьёв,18
мальта,18
норвегия,18
возьматӥсь,18
дышетскем,18
афганистан,18
лондон,18
париж,18
официал,18
украиналэн,18
ярдур,18
августэ,18
управление,18
нюръяськон,18
тон,18
вуизы,18
муское,18
музейёс,18
виктория,18
чорыгъёс,18
удмуртилэсь,18
куамын,18
нылкышноос,18
нылга,18
мӧнья,18
пермьысь,18
эфиопия,18
бигра,18
утиз,18
кылбуръёссэ,18
кылъёсы,18
палладий,18
мозмытэмын,18
тракт,18
факультетэз,18
тыло,18
адямилэсь,18
кутӥсько,18
пуны,18
ортчытӥз,18
воеводстволэн,18
март,18
независимость,18
иркутск,18
эгыр,18
азин,18
математической,18
луисьтэм,18
исследователь,18
пушкын,18
материал,18
македон,18
космонавт,18
петровна,18
муш,18
григориан,18
ректорез,18
лушкем,18
дизайнер,18
черкогуртлэсь,18
талэсь,18
пеймыт,18
техникая,18
кивалтӥсе,18
шудӥз,18
дугдытэмын,18
станциын,18
храм,18
ленинлэн,18
михайловской,18
профессиональной,18
физической,18
стр,18
ӧрӟи,18
кореяысь,18
версиез,18
азьветлӥсез,18
урамъёсыз,18
вашингтон,18
вераз,18
адольф,18
анри,18
котыртӥ,18
людвиг,18
пуктэмез,18
операция,18
теннисэн,18
гродно,18
фердинанд,18
швециысь,18
шараямын,18
кюри,18
операезлэн,18
теоретик,18
хоккеен,18
промышленник,18
камлэн,17
шоро,17
нюлэсъёсын,17
территориослы,17
зангари,17
автобус,17
тымет,17
удмуртского,17
висъясько,17
ред,17
адямилы,17
излэсь,17
начальной,17
тыловай,17
быдэсъясь,17
институтысь,17
берыктыса,17
историезлы,17
городлы,17
латвия,17
черногория,17
португалия,17
уэльс,17
географиез,17
ли,17
рудольф,17
шри,17
киев,17
сэрего,17
кивалтӥсьёсыз,17
ислам,17
сётӥсь,17
министрлэн,17
возён,17
байтэрек,17
колхоз,17
разин,17
быризы,17
коллектив,17
кивара,17
кариськиз,17
ӝутыны,17
кыстӥськиз,17
иськеме,17
кивалтӥсьёс,17
ожлы,17
пушкы,17
возёс,17
кылдытэтъёс,17
песянайёс,17
каргуртын,17
колледж,17
тупатон,17
нимъёсыз,17
кук,17
мозамбик,17
усть,17
гай,17
кырӟанъёсты,17
драматической,17
берыктӥз,17
веросъёс,17
григорьевна,17
дасяз,17
жизнь,17
буре,17
опера,17
группаез,17
манси,17
студентъёслэн,17
башкириысь,17
татышлы,17
печатлаз,17
ижгту,17
сайтъёс,17
ярославль,17
знак,17
берлогес,17
юрттэ,17
пияш,17
ужасез,17
лет,17
ужъёсаз,17
ужпумъёс,17
ӵошен,17
ин,17
дырез,17
коммуна,17
как,17
арзамазов,17
патент,17
келязы,17
ссылкае,17
келяло,17
орджоникидзе,17
льӧмпу,17
лауреатсы,17
вкп,17
площадьын,17
ожъёс,17
юрист,17
аслыз,17
мурдалаез,17
вужгурт,17
кырӟанъёсыз,17
инъетэз,17
драма,17
дэра,17
кибыос,17
курег,17
йыро,17
магадан,17
волгоград,17
мадагаскарлэн,17
стамбул,17
финляндилэн,17
чилиысь,17
первомайской,17
им,17
юлия,17
калифорния,17
правительствоез,17
осиновка,17
модель,17
ричард,17
богдан,17
жозеф,17
керчь,17
федеративной,17
зарезен,17
эрикрадо,17
камчатка,17
колониез,17
мозмытӥз,17
дэвид,17
пуксиз,17
мыслитель,17
калашников,16
радъя,16
кильмезь,16
люкетъёсыз,16
котькудӥз,16
чехия,16
видео,16
школаос,16
школаосын,16
оренбург,16
тодо,16
мокша,16
артэ,16
этажъем,16
ужлы,16
будэто,16
герӟаське,16
поттӥзы,16
пумозяз,16
эсперанто,16
дурысь,16
википедиос,16
албания,16
малпаз,16
тани,16
ӝутскиз,16
ирак,16
ливан,16
гимн,16
болгар,16
вакчияк,16
федераци,16
тау,16
ва,16
дораз,16
пыры,16
императрица,16
ки,16
кузнецов,16
еврейёс,16
шорысь,16
поселенилэн,16
бергес,16
чеберлыко,16
педагогика,16
современник,16
музъемъёс,16
монья,16
сива,16
лып,16
вуылӥз,16
лыдыз,16
будо,16
акушер,16
комплекс,16
евровидение,16
каргурт,16
кыр,16
пӧйшуръёс,16
вишур,16
чеберлыкъя,16
брянск,16
винсент,16
танзания,16
баграш,16
шолья,16
йылпумъя,16
венгриын,16
михайлов,16
утись,16
мы,16
фильмез,16
произведениосыз,16
гожъяськисьёслэн,16
гуртаз,16
можгалан,16
глазовысь,16
известия,16
кутэ,16
печатлам,16
дырысеныз,16
бырыны,16
округын,16
кырӟасез,16
айкай,16
коробейников,16
фёдорович,16
дорысь,16
саранск,16
толэзез,16
мозмытон,16
геннадьевич,16
кедра,16
губернии,16
областной,16
кышкыт,16
кылбуръёсын,16
вулэн,16
шудӥсьёс,16
петропавловской,16
геройёс,16
яратӥсь,16
новосибирск,16
кулон,16
йырин,16
узбек,16
глазкарысь,16
крепостез,16
или,16
усьтэм,16
парижысь,16
адӟиз,16
эскере,16
будӥз,16
атасгурӟон,16
шер,16
сахалин,16
чай,16
люкет,16
ставрополь,16
липецк,16
саам,16
кышет,16
агроном,16
ыстонпусъёс,16
штатъёсыз,16
министрез,16
единица,16
провинцилэн,16
бадьъёс,16
галаго,16
маркс,16
гватемалаын,16
субвидъёс,16
кирилл,16
сюбег,16
эль,16
трир,16
валатонъёсыз,16
шудонъёслэн,16
конькиен,16
муныр,16
дуннекотыр,16
войскоосыз,16
осконын,16
сервер,16
кенешо,15
удысэз,15
улосъёсын,15
быръем,15
выре,15
усьтӥськем,15
ижысен,15
кукмор,15
кылыз,15
уз,15
гуртъёсын,15
комбинат,15
книгаын,15
приходской,15
кирпич,15
огазеяськонъёс,15
дом,15
вуз,15
сӥль,15
сётонъя,15
сьӧрысь,15
владыкина,15
яшин,15
евич,15
быдтэм,15
берыктэм,15
министерстволэн,15
лэсьтӥзы,15
проектъёс,15
швейцария,15
адямиослэн,15
кулэмын,15
гвиана,15
аравия,15
тунис,15
пакистан,15
англия,15
франц,15
тӥез,15
лэсьтӥськонъя,15
нуналаз,15
умоен,15
учыр,15
аресозь,15
ижевске,15
мусколэн,15
кузёбай,15
кедров,15
дышетсконни,15
ёросэн,15
луд,15
никита,15
пусйыны,15
реформа,15
йылпумъямын,15
загребин,15
захаров,15
ялӥзы,15
самоа,15
ангола,15
того,15
чад,15
чили,15
борок,15
вожой,15
михайловка,15
армязь,15
коса,15
кызь,15
кышномурт,15
священной,15
ужрадъёс,15
нуэ,15
черкогуртлэн,15
дэрем,15
произведениос,15
аръёсаз,15
сюлэм,15
уд,15
уте,15
мылкыдыз,15
тамбов,15
немецъёс,15
мухаммед,15
николаевна,15
евгения,15
люкетысьтыз,15
люкам,15
историко,15
ужъёссэ,15
факультет,15
вераса,15
века,15
соборез,15
дышетӥсьёсты,15
понэмын,15
таиз,15
ӧр,15
афанасий,15
пионер,15
министерство,15
ватэмын,15
революци,15
кырӟанэз,15
кинотеатр,15
армиез,15
кинлэн,15
советъёслэн,15
учёной,15
павлов,15
вормись,15
тенор,15
ран,15
куакъёс,15
источники,15
беризь,15
сьось,15
пичигес,15
саха,15
латиница,15
быремын,15
англилэн,15
организация,15
лондонысь,15
дарали,15
японилэн,15
амур,15
тодмотэм,15
батуев,15
гитлер,15
юрттӥсь,15
вурем,15
франсуа,15
пассажирской,15
замок,15
лан,15
вискысь,15
эрих,15
пизь,15
калуга,15
быремъёс,15
попугай,15
георг,15
физиолог,15
лэзён,15
фельдмаршал,15
вице,15
тросэн,15
планетаос,15
римысь,15
ирландиысь,15
густав,15
венера,15
жак,15
эрнст,15
лобӟемез,15
вест,15
мандатъем,15
статистика,14
статьяослэн,14
шаермылэн,14
оао,14
малпамын,14
басьтӥськиз,14
герӟаз,14
биг,14
пырем,14
языка,14
бавлы,14
географи,14
пумиськись,14
ваче,14
музъеме,14
йылэ,14
лыдъяло,14
пул,14
азинскыны,14
усьтӥзы,14
кыдёке,14
автобусъёс,14
лыдызъя,14
верхнекамской,14
компьютер,14
ил,14
атаманов,14
улӥллям,14
черкын,14
ужъя,14
эскеронлы,14
луэменыз,14
кунсьӧр,14
литератураез,14
епископ,14
флаг,14
луысал,14
македония,14
швеция,14
лыдъя,14
улонлэн,14
ен,14
нокыӵе,14
фрг,14
берлин,14
ма,14
калининград,14
киргизия,14
мьянма,14
таиланд,14
осман,14
уксё,14
кунгожез,14
киевысь,14
дауръёсысь,14
юнматӥзы,14
пуксемын,14
басма,14
берёзовка,14
монгол,14
шуыны,14
египетын,14
вашкалаез,14
театрез,14
писэйгурт,14
уездэ,14
тукля,14
дышетӥсьёс,14
вормисе,14
азе,14
адӟыны,14
заводъёс,14
гуртъёсысь,14
фельдшер,14
петербурге,14
империысь,14
юртаз,14
районын,14
киужъёсъя,14
ёросъёсысь,14
кечол,14
дасям,14
зинаида,14
сиё,14
пусъем,14
нылпиослэн,14
бодья,14
егитъёслы,14
финляндиын,14
владыкин,14
издательство,14
кутскыса,14
нович,14
буркина,14
джибути,14
мали,14
папуа,14
парагвай,14
суринам,14
тринидад,14
сибы,14
кияик,14
вараксино,14
верх,14
талица,14
кама,14
малая,14
радиоын,14
эфире,14
бертӥз,14
казаньысь,14
люблин,14
соборын,14
вениамин,14
радъян,14
концерт,14
сюан,14
пытсамын,14
повестез,14
премиез,14
широбоков,14
шуэ,14
тамара,14
народов,14
союзазы,14
классической,14
томск,14
веб,14
армиын,14
классъёсын,14
почёта,14
мордва,14
огазе,14
усён,14
гжд,14
конгресслэн,14
берытске,14
гожъямын,14
данилов,14
кивоштӥсез,14
дася,14
толэзьёс,14
язык,14
юмшан,14
пыриськыны,14
эшъяськон,14
егорович,14
кузпалыз,14
поэма,14
финской,14
тур,14
балет,14
вакытаз,14
доразы,14
зоя,14
наговицын,14
вае,14
выжыез,14
матысез,14
премиослэн,14
генералэз,14
вуылэ,14
полиция,14
эшъёсыз,14
сютэм,14
виыны,14
орденэныз,14
нюр,14
кпрф,14
артистэз,14
автоматической,14
психолог,14
куатетӥ,14
лыдъяз,14
усиз,14
симфонической,14
калифорниысь,14
пенза,14
нюлэскын,14
тыва,14
дагестан,14
тура,14
осетия,14
возь,14
туймыйыл,14
ыты,14
италилэн,14
египетысь,14
быдэстэмын,14
уйин,14
кут,14
гимнлэн,14
музъемлэсь,14
террорист,14
алютик,14
яков,14
полковник,14
фотомодель,14
бернар,14
турнир,14
флот,14
курорт,14
мозель,14
саар,14
кылдытэтэн,14
зарезьын,14
гринвич,14
миронов,14
туве,14
янссон,14
хабаровск,14
подводной,14
магеллан,14
джозеф,14
модельер,14
ӝӧквыл,14
лыдъёс,14
бускелез,13
температура,13
котыре,13
улосэз,13
учкымон,13
семёнов,13
ваньмызлэсь,13
шуон,13
чик,13
быков,13
книгазэ,13
статусэз,13
огзэс,13
валантэм,13
кылъёсты,13
буй,13
удмуртъёслэсь,13
дӥськут,13
сборник,13
омутнинск,13
пызеп,13
шуэмез,13
майор,13
пулэсь,13
коркаос,13
коркан,13
куазь,13
вокзал,13
депутатъёс,13
творчествоя,13
эмъяськон,13
юртсы,13
православи,13
пытсэт,13
выже,13
членэз,13
вакытъёсы,13
уваров,13
радиолэн,13
люкетэныз,13
литературалэн,13
чакламын,13
христиан,13
босния,13
радъям,13
адямиослы,13
ярдурез,13
сомали,13
шаеръёс,13
кивалтонъя,13
монголия,13
непал,13
губернилэн,13
экономикаез,13
кужым,13
таяз,13
шаерез,13
огенызы,13
ваён,13
семёнович,13
кат,13
театръёс,13
юнмато,13
ӵошатыса,13
писательлэн,13
шудонъёсын,13
июль,13
болгуры,13
вуэн,13
трофим,13
сигаево,13
улыг,13
блинов,13
эмъяськонни,13
решение,13
шуръёслэн,13
роль,13
чур,13
никольской,13
орлов,13
толэзьлы,13
доминикан,13
камерун,13
кения,13
нигерия,13
томе,13
фиджи,13
ямайка,13
новогорское,13
салья,13
кылбурез,13
композиторъёслэн,13
агаез,13
янгыше,13
газетъёсын,13
студия,13
кертто,13
влади,13
проектлэн,13
телеканал,13
шудэмын,13
проектэз,13
сайтысь,13
клублэн,13
пьесаез,13
печатласькизы,13
кафедраен,13
сыктывкар,13
то,13
ужпумъёсты,13
берлинын,13
быдэстон,13
апрель,13
мориа,13
эстрада,13
куараез,13
трудовой,13
улэмез,13
валамон,13
юморист,13
ижкаре,13
директор,13
быгатыса,13
словак,13
буш,13
висъя,13
каръёслэн,13
учёные,13
валанзэс,13
вып,13
вуо,13
тупа,13
игнатий,13
пиос,13
веросъёсыз,13
юлий,13
псевдонимез,13
улӥзы,13
улэп,13
лэсьтэ,13
ложкин,13
кизилиос,13
шкляев,13
гожъяны,13
куар,13
борисов,13
кужымзэ,13
эктӥсь,13
отличник,13
пыртон,13
куанер,13
романзэ,13
казнить,13
кемерово,13
гож,13
шормуӵын,13
куэм,13
муртэз,13
авиационной,13
производственной,13
областьысь,13
кеч,13
палэзь,13
системаысь,13
лидия,13
гималай,13
татария,13
куаръёсыз,13
до,13
гвинеялэн,13
ирланд,13
сизьёс,13
индилэн,13
пушкинлэн,13
исполкомезлэн,13
индийской,13
флорида,13
зеландилэн,13
крымлэн,13
род,13
шоумен,13
чехиысь,13
лулпуос,13
аралияос,13
каледониын,13
ужпумез,13
праздник,13
гл,13
гагарин,13
поездъёслэн,13
макс,13
сивае,13
киноысь,13
астрономической,13
даннойёсъя,13
орденэз,13
астрономия,13
даниысь,13
воеводствоын,13
лымшорпал,13
чемпионзы,13
королева,13
метал,13
арестовать,13
шудонъёсты,13
президентаз,13
штатсы,13
дипломат,13
ӧдъямын,13
эйзенштейн,13
зарезез,13
статьяез,12
удмуртском,12
википедиын,12
башкирия,12
эралэсь,12
кутскиллям,12
декларациез,12
алексеевна,12
адӟем,12
пӧлазы,12
мартен,12
пумо,12
ао,12
дӥсь,12
миллиард,12
баку,12
пумен,12
кылтодонъя,12
удмуртъёсты,12
матэ,12
белая,12
асфальт,12
ваё,12
бакча,12
емыш,12
кеп,12
ёрослэсь,12
от,12
армиысь,12
факультетлэн,12
луон,12
берыктон,12
академиысь,12
петер,12
бертэм,12
алина,12
эстонилэн,12
полэс,12
герцеговина,12
исландия,12
словения,12
формаез,12
ужлэн,12
улонлэсь,12
си,12
кувейт,12
трослы,12
пуэрто,12
шотландия,12
нем,12
польшаын,12
чукотка,12
узбекистан,12
лаос,12
грузилэн,12
огкадь,12
кыдысь,12
киевын,12
харьков,12
ортчемъя,12
уезд,12
кие,12
православной,12
менделеевск,12
асан,12
эмъян,12
спортсменъёс,12
полом,12
соиз,12
башкортостан,12
шедьтэмын,12
пусйизы,12
ёзэз,12
ӝытшор,12
таин,12
вуылӥзы,12
авторъёс,12
лэсьтӥськись,12
капитан,12
кивалтыны,12
бенин,12
ботсвана,12
фасо,12
океанысь,12
острова,12
нигер,12
сенегал,12
сьерра,12
тобаго,12
уругвай,12
родники,12
старые,12
сыга,12
передачаос,12
ференц,12
сузэрез,12
очеркъёс,12
кылбуръёсаз,12
буртчин,12
территориальной,12
чалмыт,12
иоанн,12
специалист,12
кафедра,12
чипчирган,12
ужпум,12
быдтэ,12
кышномуртъёс,12
серги,12
колхозын,12
медицинской,12
спектакль,12
лыктэм,12
печатласько,12
таллин,12
вятские,12
яковлевич,12
регионлэн,12
одӥгаз,12
карем,12
татарстанын,12
интернетын,12
этнографияя,12
народная,12
люкамын,12
радъяз,12
кылэн,12
каллен,12
ан,12
гаврилов,12
политолог,12
геройёсыз,12
дышетыны,12
ӟечбур,12
клод,12
отставкае,12
студент,12
иванова,12
удмуртлык,12
эш,12
ой,12
олимпиада,12
кудӥзлы,12
люкаса,12
гур,12
медальёсын,12
орденъёсын,12
военно,12
над,12
нева,12
фронтэ,12
юртъер,12
монумент,12
казанской,12
кен,12
возьмато,12
кузонын,12
италиын,12
бордысен,12
заводэ,12
зӥбет,12
юонъёс,12
бугыръяськон,12
федерация,12
гозы,12
нимызлэн,12
красный,12
тупась,12
поч,12
возьматон,12
школалэн,12
якутия,12
вакытэз,12
собрание,12
организациос,12
дыръёсы,12
ельцин,12
астрахань,12
дышетӥсьёслы,12
они,12
вӧсь,12
металлургической,12
вераське,12
вестник,12
выныз,12
майер,12
римма,12
гтрк,12
улосъёсыз,12
модос,12
систематика,12
тайваньысь,12
кубаысь,12
курган,12
сталинград,12
дон,12
молдав,12
кутянова,12
туганаев,12
кыны,12
территорияз,12
хомячок,12
кириллов,12
понӥз,12
заповедник,12
алла,12
пероггурт,12
кубаын,12
католической,12
кылдытыса,12
ветеран,12
огазеяськизы,12
бен,12
нюръяськонлэн,12
отделение,12
шоркарын,12
чайковскийлэн,12
люкаськиз,12
лагерь,12
бош,12
линия,12
сардык,12
сериал,12
движениен,12
движенилэн,12
герцог,12
комиссия,12
зарезьысь,12
мукож,12
аппарат,12
шумбрат,12
уса,12
войскоослэн,12
ожъёсы,12
терек,12
фирмаез,12
гожпусэт,12
штатысь,12
тележурналист,12
баритон,12
якоб,12
ожчи,12
фрэнсис,12
хуан,12
берпумез,12
уран,12
королеваез,12
рузвельт,12
бизнесмен,12
президентлэн,12
вулканлэн,12
воздушной,12
бетховен,12
антонио,12
эстрадалэн,12
мертан,12
воронежский,12
учкыны,11
языке,11
европейской,11
пӧсь,11
вырыны,11
глазкар,11
социализмо,11
кулакова,11
поттонэз,11
азинтыны,11
маршрут,11
ниманы,11
эскеронъя,11
огазеяськонэн,11
вуро,11
бесерманъёс,11
палэнысь,11
огзылы,11
ваньмызлы,11
лек,11
пырто,11
октябрьской,11
инкуазез,11
учреждение,11
оглюкетэз,11
люкмы,11
ёзъёс,11
удыслы,11
ӧвӧлзэ,11
воткаын,11
миха,11
аристе,11
возе,11
ужъёссы,11
тыршемез,11
методист,11
брангурт,11
вие,11
тусо,11
дышетскизы,11
роза,11
венгр,11
большевикъёслэн,11
андре,11
марино,11
кунын,11
кунгожсьӧр,11
валэктон,11
фонетист,11
джоунз,11
би,11
организацилэн,11
млрд,11
сектор,11
марокко,11
карта,11
процент,11
интызэ,11
мыс,11
таджикистан,11
котыраз,11
учконо,11
администрациез,11
инмар,11
араз,11
римын,11
университетъёс,11
сюрессэ,11
радъяло,11
шутэтскон,11
пӧртэмесь,11
частной,11
вылӥллям,11
васильевна,11
огазеямын,11
какмож,11
визь,11
администрация,11
воргоронъёс,11
нимъёссы,11
поллы,11
гуртъёсыз,11
ныша,11
кибья,11
выселка,11
май,11
кемалась,11
дуннее,11
ярато,11
шурен,11
санаторий,11
гуртъёсы,11
культуры,11
пытьы,11
факультетаз,11
багама,11
белиз,11
замбия,11
ивуар,11
либерия,11
гренадин,11
люсия,11
уганда,11
эритрея,11
гавриловка,11
светлое,11
чумой,11
вьетнамын,11
тайваньын,11
бырйиз,11
транспортъя,11
можгаын,11
дышетскись,11
человек,11
биография,11
новгородысь,11
ысто,11
мылысь,11
басьтӥське,11
марта,11
ужын,11
программаос,11
фольклорез,11
кубыз,11
студентъёс,11
педагоги,11
волостьысь,11
ужпумъёсыз,11
корреспондент,11
кыстӥськон,11
перм,11
берлинысь,11
факультетэ,11
пыриськылӥз,11
данъямын,11
мира,11
кировысь,11
константинович,11
сентябрь,11
жанна,11
восток,11
герӟась,11
кировской,11
уралысь,11
аресысен,11
париже,11
чувашия,11
москвы,11
бурпал,11
хоровой,11
аполлон,11
путь,11
ибн,11
процесс,11
газетэ,11
калтасы,11
училищеез,11
ансамблен,11
лулчеберетъя,11
скрипкаен,11
тямысэтӥ,11
люказ,11
будэтонъя,11
студентъёсты,11
кужымез,11
усьтэ,11
гожъяськыны,11
сак,11
зӧк,11
лэзизы,11
трокай,11
тодматскиз,11
куспысь,11
поздеев,11
ужрад,11
арбери,11
шедьтӥз,11
митрей,11
флор,11
политикъёс,11
нимаськись,11
югдытон,11
никитин,11
ыбылон,11
азов,11
гуръёс,11
балерина,11
ркп,11
йӧспӧртэм,11
лос,11
нуналозь,11
крестьянъёс,11
книгаосын,11
лейтенант,11
огназ,11
лэзе,11
социал,11
пионеръёслэн,11
шоссе,11
кыле,11
жуйков,11
пролив,11
романлэн,11
кышкатэк,11
спектакльын,11
герберт,11
мировой,11
комитетэз,11
дугдӥз,11
лыткин,11
лингвист,11
александра,11
богомолова,11
йошкар,11
ола,11
толстой,11
спутник,11
ильин,11
небыт,11
ивовой,11
балян,11
гондыръёс,11
ош,11
пӧрмем,11
ямал,11
лулос,11
ӟег,11
ӵужалэс,11
ӝужда,11
жаг,11
кострома,11
кудымкар,11
белгород,11
чечня,11
сиреникысь,11
усо,11
быгатӥсь,11
юрьевич,11
нокин,11
дышетӥсез,11
юртлэн,11
португал,11
суред,11
испанилэн,11
фламинго,11
вайиз,11
биологи,11
лапег,11
газель,11
шонтӥз,11
сссрысь,11
нуэмын,11
печати,11
шар,11
косӥз,11
синонимъёс,11
будосъёслэн,11
дискография,11
грециысь,11
индиын,11
датч,11
тӧл,11
вокал,11
биографиез,11
пырак,11
элькунэ,11
басмалэсь,11
пум,11
интызы,11
сэр,11
ркрп,11
лдпр,11
видъя,11
огин,11
шудонлэн,11
разделъёсыз,11
йозеф,11
военачальник,11
шенген,11
естественной,11
венециысь,11
бомба,11
москваез,11
нацистъёс,11
тубиз,11
три,11
поездлэн,11
зонаосыз,11
котыртэмын,11
себеж,11
фк,11
померания,11
куштэмын,11
снусмумрик,11
ӵектӥз,11
властьёс,11
выжон,11
округлы,11
пуштон,11
договорез,11
межпланетной,11
геройез,11
осада,11
вормизы,11
психиатр,11
феликс,11
сэрпалтэмын,11
джонс,11
эмиль,11
кинг,11
кунэз,11
управлениез,11
рихард,11
доллар,11
фидель,11
заседаниез,11
хосе,11
израильысь,11
планеталэн,11
нуналъем,11
космосэ,11
астронавт,11
гарри,11
телеведущая,11
актрисазы,11
артемий,11
азьвылыз,11
сутка,11
калидаса,11
аннинский,11
казино,11
комарлы,11
сокем,10
ӵыжатон,10
трасса,10
жизни,10
портал,10
кивалтӥсьёслэн,10
кошкем,10
зэмзэ,10
сётӥллям,10
дума,10
гербзэ,10
бехтерев,10
удыссэ,10
луоно,10
ижкарлэн,10
черкогуртлы,10
адямиосыз,10
мамонтов,10
говоръёс,10
удмуртъёслы,10
музъемысь,10
интыязы,10
ӧвӧлэз,10
памятникъёс,10
городэ,10
андан,10
россилэсь,10
уставез,10
гыбед,10
узырлыкез,10
леспромхоз,10
палтӥз,10
пиналъёсты,10
быдэсъя,10
ватсаса,10
олимпийской,10
йылпумъям,10
дышетскемзэ,10
уднии,10
огвакытэ,10
докторъёс,10
йлович,10
па,10
уноез,10
архипов,10
аспирантураын,10
звезда,10
княжество,10
святой,10
бусы,10
ввп,10
арез,10
организацизылэн,10
алфавитэз,10
территория,10
иордания,10
верам,10
мавритания,10
европае,10
евразия,10
бутан,10
ланка,10
лыктэ,10
севастополь,10
укша,10
воргорон,10
губерние,10
бусыын,10
пумысь,10
мой,10
воткинск,10
палестина,10
кылдо,10
инмарлэн,10
государство,10
берлань,10
авраам,10
воштӥськиз,10
кылдон,10
медаз,10
быръё,10
малый,10
космос,10
архитектура,10
кремль,10
вылтусыз,10
агрыз,10
карен,10
байтеряков,10
гань,10
ортчыло,10
конкурсын,10
лауреат,10
дружба,10
пусэз,10
гердлэн,10
церковно,10
пусйиз,10
грак,10
интыяськизы,10
орденлэн,10
москвае,10
сибире,10
салтыков,10
кошкизы,10
улӥсьёслы,10
люкиськемез,10
ёзэс,10
нюлэсъёс,10
камбаркаын,10
камбаркаысь,10
парсь,10
малпанъёссэ,10
премиеныз,10
суредъёсыз,10
пияла,10
пычас,10
какся,10
ӵукшор,10
кырӟаны,10
вынъёс,10
императорлэн,10
газета,10
вӧлме,10
ӝутӥзы,10
ужен,10
гожъян,10
архитектурая,10
виргин,10
антигуа,10
габон,10
гамбия,10
бисау,10
доминика,10
зимбабве,10
маршалл,10
намибия,10
соломон,10
леоне,10
фолкленд,10
аксакшур,10
балтач,10
верхний,10
мостовое,10
нечкино,10
перевозное,10
старый,10
сӥзиз,10
кырӟа,10
режиссёрез,10
куинетӥез,10
йылаз,10
парламентэз,10
быръён,10
парламентлэн,10
кельтэмын,10
курсъёсты,10
архиепископ,10
атай,10
магазин,10
почталэн,10
вӧлмытон,10
движение,10
культураез,10
фестивале,10
ужрадэ,10
текст,10
будапештын,10
пуктэ,10
базар,10
музъемлы,10
жанръёсын,10
шурез,10
кафедралэн,10
пьесаезъя,10
дунтэк,10
активистъёс,10
азинскемез,10
газетчиос,10
гожтыса,10
пер,10
историезъя,10
информация,10
тодматске,10
дасямын,10
капчиен,10
мерлэн,10
премиен,10
варшава,10
гуманитарной,10
мукетъёссэ,10
понназ,10
пукто,10
независимостьсэ,10
россиялэн,10
телеканалын,10
силез,10
учкыса,10
толэзьысен,10
белицер,10
очерки,10
серия,10
быремез,10
ӝутэм,10
гвардия,10
выжъёс,10
кивалтӥсезлэн,10
кыллюкам,10
яна,10
киын,10
лыктӥзы,10
академикез,10
края,10
днепр,10
осетин,10
нимаськиз,10
хорват,10
кашуб,10
боксёр,10
кыске,10
ӵушъял,10
аспӧртэм,10
хх,10
пономарёв,10
вахрушев,10
алёна,10
календарьлэн,10
ханлэн,10
ыбемын,10
юрттӥзы,10
зор,10
кунлы,10
поэзия,10
ру,10
ул,10
урамъёс,10
волостьлэн,10
литературная,10
огаз,10
вотяки,10
медален,10
пьеса,10
лодка,10
радэ,10
спб,10
пермьын,10
кылизы,10
пиосмуртъёс,10
россилы,10
попов,10
клубын,10
школаысь,10
вормонъёс,10
ялон,10
осконлэн,10
аресказ,10
куашкатэмын,10
посёлоклы,10
эксэйлэн,10
шурлэсь,10
командаез,10
биатлонъя,10
вормыса,10
америкае,10
луылӥз,10
купец,10
агломерация,10
штаб,10
ульянов,10
александровна,10
малпа,10
временной,10
кужымъёс,10
обкомезлэн,10
рябинина,10
яковлев,10
северо,10
пригород,10
публичной,10
комедия,10
юбер,10
мемориальной,10
кырӟанъёссэ,10
тренерез,10
герб,10
войнае,10
тыл,10
советысь,10
мире,10
лит,10
фронтын,10
электрон,10
дасэтӥ,10
пугачёв,10
формаен,10
калыке,10
ваем,10
огпол,10
лобӟон,10
емышез,10
коӵыш,10
сёр,10
будосъёсты,10
ук,10
бурдо,10
жуг,10
быре,10
дальневосточной,10
хакасия,10
хакас,10
авангард,10
федотов,10
укр,10
ум,10
шибанов,10
ужасьёсты,10
испаниын,10
ангелина,10
формаосыз,10
софи,10
соборной,10
турыно,10
гну,10
тамарин,10
кышнояськиз,10
вконтактеысь,10
олексан,10
пӧсьтолэзьысен,10
фёдоров,10
перуын,10
уддяди,10
австри,10
корей,10
шундылэн,10
азьмуртэз,10
японияын,10
пасьталаез,10
беринг,10
чевакысь,10
нунивакысь,10
островъёсын,10
маша,10
право,10
бонапарт,10
фондлэн,10
кунъёсысь,10
гадь,10
урдэглэсь,10
малпам,10
изъявительной,10
повелительной,10
нюръяськись,10
альбомез,10
составез,10
папи,10
метръем,10
арэ,10
утӥз,10
агентство,10
огинлэн,10
вужез,10
рейнланд,10
новороссийск,10
регионэз,10
мухавец,10
палысьтыз,10
косонэзъя,10
бродский,10
нырысетӥосыз,10
нацист,10
океанъёс,10
зонаезлэн,10
воркута,10
сюм,10
кузёез,10
сталинлэн,10
поход,10
кунпуш,10
галактикаос,10
лесной,10
люкаськем,10
вирумаа,10
зоопарк,10
рэп,10
ожмаськонын,10
инсьӧр,10
океанын,10
цирклэн,10
экспедициез,10
металлург,10
осадаез,10
симон,10
англичанъёс,10
виноватэ,10
уяса,10
референдум,10
лютер,10
разведчик,10
концертэз,10
рене,10
алан,10
лэзиз,10
иностранной,10
шудонэз,10
дональд,10
ӝутсконзы,10
телескоп,10
литературатодосчи,10
кужымаз,10
планетаез,10
исаак,10
воткалан,10
атмосфералэн,10
функциез,10
перепечез,10
һәм,10
чурыт,9
палэназ,9
шобыртэмын,9
сюй,9
археологияя,9
даурысен,9
снк,9
воштэмын,9
улослы,9
плотностьсы,9
туризм,9
тимофеевич,9
кенешен,9
ярослав,9
вылтӥз,9
государственный,9
вазьгес,9
интыослэн,9
луиллям,9
городъёс,9
ново,9
пыртэ,9
кунэн,9
нуназе,9
герӟет,9
троллейбус,9
перевощикова,9
кылъёсысь,9
пумыз,9
зэм,9
соосын,9
музъемын,9
асьсэос,9
асьсэды,9
тросаз,9
тае,9
этнографической,9
калыкен,9
кельше,9
хозяйство,9
кытысь,9
вознесенской,9
сарапуллэн,9
маршрутъя,9
быдэсто,9
дасяло,9
каменное,9
висъяло,9
вырйылын,9
сосновка,9
конкурс,9
ляб,9
бертыса,9
ыстэмын,9
кылъёслы,9
потыса,9
алекса,9
семьяяз,9
кылъёслэсь,9
тараканов,9
журналистикая,9
сылӥз,9
быдтыны,9
алабгоысь,9
андорра,9
кивалто,9
кыллись,9
абхазиысь,9
путин,9
валюта,9
быгатонлыкъёссэс,9
чотын,9
возьматэм,9
сьӧр,9
оман,9
йемен,9
ния,9
улӥсьёслэсь,9
сингапур,9
рико,9
хельсинки,9
шормуӵъёсты,9
армения,9
камбоджа,9
филиппин,9
мында,9
нато,9
толшорысен,9
быдӟа,9
юан,9
россиен,9
шоркарзы,9
николаев,9
отысен,9
выро,9
учёнойёс,9
лем,9
палъёсын,9
тыршись,9
указ,9
огазеяса,9
улоно,9
восточной,9
перевозчиков,9
удысъёс,9
принц,9
улосвыл,9
вормонъёсыз,9
академиез,9
утисько,9
паськытатон,9
пусъёно,9
тойма,9
пельга,9
администрациезлэн,9
пудга,9
юртсэ,9
маршал,9
азьпал,9
эстӥськон,9
лебедев,9
пырисько,9
больницаын,9
вӧлскемын,9
кылдэмзэ,9
бырйиськылэ,9
нефтекамск,9
вамыш,9
редакция,9
центрын,9
викторович,9
ванюшев,9
цик,9
потэмез,9
бугрыш,9
исполнительной,9
тарасов,9
муртлы,9
вырйыл,9
мушковай,9
потон,9
укыр,9
красное,9
сидоров,9
тонна,9
чернушка,9
историлы,9
висъяськиз,9
дышето,9
елово,9
издание,9
верос,9
журналистъёс,9
партие,9
осипов,9
барбуда,9
вануату,9
гана,9
гренада,9
кабо,9
сейшел,9
адам,9
арзамасцево,9
ершовка,9
камский,9
кигбаево,9
лолошур,9
возжи,9
малые,9
русский,9
удмуртское,9
чемошур,9
шадрино,9
литературно,9
суредасьёслэн,9
кылбурет,9
непалын,9
серемес,9
векшина,9
алнашын,9
кырӟанлы,9
шӧдӥське,9
будапешт,9
митрополит,9
епархия,9
югдурез,9
июня,9
мая,9
гавриил,9
село,9
ле,9
улонын,9
телевидение,9
газетъёс,9
пыӵатыны,9
калыкъёслы,9
репертуараз,9
ак,9
народ,9
народа,9
амалъёсты,9
эскерыны,9
стилез,9
вузкаронни,9
батыр,9
нималлям,9
пьесаос,9
рользэ,9
службазэ,9
герцен,9
мгу,9
педучилищеез,9
выльзэ,9
ст,9
декабрь,9
семьяязы,9
при,9
бразилиын,9
юридической,9
выл,9
нижнекамск,9
эхо,9
гкчп,9
без,9
курт,9
стилья,9
книгаяз,9
блок,9
музыковед,9
баянэн,9
бывальцев,9
кельтэ,9
кельтэм,9
ансамблез,9
шеде,9
книгае,9
его,9
технологиосъя,9
очерк,9
ансамбльын,9
ветеранъёслэн,9
мылкыдзэ,9
солдат,9
акт,9
номер,9
корреспондентэз,9
их,9
мункачи,9
штатлэн,9
конгрессы,9
нимаськыны,9
огинэ,9
каме,9
бассейназ,9
славянкуспо,9
группаын,9
пыремын,9
пумазы,9
зайцева,9
искусствовед,9
лазарь,9
заменгоф,9
поскрёбышев,9
круг,9
огзэ,9
азинскиз,9
творчествояз,9
темаос,9
малпанъёсыз,9
солдатъёс,9
марӟан,9
вӧзы,9
артель,9
наталь,9
проектэзъя,9
кариське,9
кто,9
клавдия,9
выжизы,9
заводысь,9
пыриськемез,9
рсдрп,9
бельгиысь,9
ту,9
радъясь,9
пӧрме,9
каронъя,9
пыд,9
улоназ,9
дунчылкыт,9
карозь,9
грозный,9
ӧтиз,9
нуналэн,9
гг,9
мыныку,9
висись,9
шедьтӥзы,9
пыриллям,9
мугорыз,9
национально,9
губернаторез,9
положение,9
невский,9
снг,9
питер,9
батист,9
брюллов,9
кылды,9
повестьсэ,9
емельян,9
дворецын,9
школазэ,9
сюре,9
весь,9
пус,9
флагзэ,9
ракета,9
редакцияз,9
поэмы,9
песня,9
когда,9
сс,9
пантелей,9
войскоосын,9
образование,9
сантиметр,9
оркестр,9
кавказысь,9
кг,9
сие,9
мульы,9
лузь,9
сутэр,9
ортчытэ,9
эмезь,9
метрозь,9
турынъёс,9
бурятия,9
карачаево,9
калмыкия,9
кагаз,9
вӧлмем,9
ӝуась,9
войнаын,9
троссэ,9
афганистанын,9
милям,9
фильмлэн,9
коркаез,9
анкара,9
лыдлэн,9
кылосбуръя,9
нил,9
шӧг,9
гын,9
быдэн,9
сюанзы,9
зенит,9
фонд,9
йорк,9
боры,9
гурезё,9
лели,9
киноын,9
канадалэн,9
ираклэн,9
индокитай,9
вӧзысь,9
панамаысь,9
джованни,9
операционной,9
эквадорын,9
котыртэм,9
дӥсяло,9
тупатэм,9
сизьыметӥ,9
офицер,9
эдэйгурт,9
валютаос,9
империез,9
ёзэтэз,9
буё,9
кизер,9
лэсьтӥське,9
башкортостанын,9
опыт,9
висъяны,9
косон,9
висъян,9
километръем,9
ветлонэз,9
вагонъёс,9
кыдёкысь,9
гондыргурт,9
че,9
википедиез,9
тылэн,9
ив,9
мукожлэн,9
ыштӥз,9
пфальц,9
йылпумъяськизы,9
бонн,9
температураез,9
евро,9
цветаева,9
футбол,9
ярдуръёсыз,9
ремарк,9
пузкар,9
королевской,9
ульхть,9
шумбра,9
альняш,9
португалиысь,9
башкортостанлэн,9
мурманск,9
сми,9
льюис,9
мозмытӥзы,9
материк,9
идрица,9
микрорайонэз,9
футболист,9
рфк,9
воеводствоос,9
инмысь,9
макеос,9
хохряк,9
округъёсын,9
ласнамяэлэн,9
верещагино,9
регионэзлэн,9
эдгар,9
совнарком,9
бомбаез,9
быръёнъёсын,9
марат,9
ильинск,9
вальтер,9
фредерик,9
потёмкин,9
куашкатӥз,9
бела,9
автогонщик,9
франсиско,9
мигель,9
вернер,9
ганди,9
стив,9
австро,9
операциез,9
передвижник,9
социалист,9
франклин,9
выйтӥз,9
глобус,9
меценат,9
голль,9
бурденко,9
запатентовать,9
престол,9
стюарт,9
шотландилэн,9
галилей,9
луис,9
антуан,9
пазьгиз,9
хими,9
югытлэн,9
госуниверситета,9
межд,9
уеннар,9
далилэн,9
верамын,8
сюлэсь,8
историен,8
кутыло,8
заводъёслэн,8
бумага,8
валтӥз,8
маршрутъёс,8
пригородной,8
картаен,8
станцилэн,8
заводской,8
зырян,8
воксё,8
шандор,8
урод,8
южной,8
вуэмын,8
озьыен,8
кышно,8
дӥськутсы,8
тусызъя,8
бесермян,8
февраля,8
парзи,8
красногорье,8
черкогуртэз,8
дворцовой,8
черкогуртъёсын,8
волостьёсысь,8
кыклы,8
метрлы,8
комсомолец,8
властьлэн,8
аспирантурае,8
патриарх,8
полиглот,8
ӵектэмезъя,8
адямиосты,8
куашкам,8
дивизиез,8
красная,8
загитова,8
чернов,8
примечания,8
так,8
викимедиа,8
ватикан,8
арзэ,8
ди,8
гожтэт,8
колледжын,8
системалэн,8
бахрейн,8
катар,8
мальдив,8
беларусь,8
кунысь,8
компанилэн,8
султан,8
бруней,8
тимор,8
туркмения,8
львов,8
одесса,8
пӧлысьтызы,8
туссэ,8
щит,8
пилемъёс,8
пушкысь,8
статусъем,8
макем,8
куриз,8
каръёсы,8
тодматскон,8
возиське,8
израильлэн,8
массовой,8
йыраз,8
московской,8
котловка,8
шуом,8
наукалэн,8
жуковский,8
дырья,8
храмез,8
термин,8
туризмъя,8
чехов,8
искусствоя,8
луч,8
кылдыны,8
фирма,8
красильниковлэн,8
малпанъёс,8
выжыос,8
волостьёс,8
шуръёсын,8
кыско,8
тимур,8
черкогуртэ,8
кошко,8
айво,8
иви,8
достоевский,8
заводлы,8
утё,8
вуыны,8
выло,8
западной,8
вордо,8
азинскемын,8
люка,8
сюга,8
коновалов,8
пыремез,8
лудӟи,8
арганчи,8
писательёс,8
ошмесъёс,8
анатольевич,8
селычка,8
тум,8
укан,8
лагере,8
кенешысь,8
факультетысь,8
ужъёслэн,8
барбадос,8
бурунди,8
комор,8
косово,8
маврикий,8
малави,8
мартиника,8
невис,8
тибет,8
шпицберген,8
сахара,8
ятчи,8
дулесово,8
заречный,8
курчум,8
медло,8
омга,8
нижние,8
тылой,8
постольский,8
удмуртские,8
ключи,8
чутырь,8
шевырялово,8
вьетнамлэн,8
диктор,8
гожъясьчиослэн,8
гаврилова,8
киргизилэн,8
пакистанын,8
гимнъёс,8
кылбурчиез,8
тебя,8
малпало,8
лэсьтӥськонэз,8
вуттэмын,8
дунай,8
удмурты,8
черклы,8
служить,8
темаез,8
кенешезлэн,8
лыдӟе,8
ноябрь,8
тодыса,8
курыса,8
климент,8
радъяны,8
иворъёсъя,8
стефан,8
июнь,8
августа,8
нуон,8
люкан,8
студилэн,8
ичи,8
нуны,8
огазеяськоназы,8
текстсэ,8
дышетско,8
лирика,8
владимировна,8
кондратьева,8
гон,8
такъя,8
будэм,8
вуриськон,8
кудъёссэ,8
мылкыдын,8
адӟон,8
тонэ,8
азьланьтэ,8
ваемын,8
центрзы,8
вуиллям,8
серге,8
ев,8
гожъямъёсыз,8
популярной,8
фестивальын,8
яз,8
порта,8
иворъёсын,8
латвиысь,8
ужакуз,8
тодыны,8
лекциос,8
амстердам,8
мазовия,8
поляны,8
консерваториез,8
франк,8
аргентинаын,8
гэс,8
тупал,8
вис,8
катовице,8
куарусёнысен,8
кышкасьтэм,8
одежда,8
начало,8
эдвард,8
лэсьтонэ,8
яратӥз,8
календарья,8
нади,8
службалэн,8
лыдъямын,8
устолыкъя,8
калыкын,8
ка,8
куараё,8
алевтина,8
мм,8
уясь,8
реконструкции,8
пыртӥз,8
утиськон,8
соя,8
вакытлы,8
сахарных,8
аксак,8
болгариысь,8
проблемы,8
лагерьын,8
ӧтчамзы,8
юанъёс,8
вылтӥзы,8
кариськыса,8
ӝутӥз,8
ӧте,8
веросъёсын,8
лыдӟись,8
сяськаез,8
тыныд,8
смирнов,8
юнматон,8
альбомъёс,8
га,8
дышетӥсьёслэн,8
габдулла,8
кучыран,8
чернобров,8
диджей,8
нуналэз,8
сутэмын,8
усьтыны,8
бӧляк,8
крезьчи,8
герда,8
учыре,8
шыр,8
комик,8
воштӥськонъёс,8
уезда,8
правлениезлэн,8
гуртысьтыз,8
емельянов,8
быгатӥзы,8
вуюись,8
кылдытонэ,8
журналэз,8
хормейстер,8
комсомольской,8
быгатонлыкъёссэ,8
семинария,8
время,8
колесникова,8
ӧтизы,8
нарком,8
ксения,8
туйлэсь,8
юность,8
вуко,8
стадион,8
хор,8
берпуметӥез,8
хрущёв,8
ортчытыны,8
висьыса,8
наполеонлэн,8
гитлерлэн,8
бызись,8
труда,8
классэз,8
инженерной,8
уен,8
асьсэлэн,8
висён,8
ижевсклэсь,8
ваньмон,8
ульчаос,8
воштӥзы,8
южный,8
казак,8
образзэ,8
литературае,8
дырзэ,8
софья,8
екатеринбургын,8
уездной,8
агломерациын,8
киултыны,8
ролез,8
информационной,8
азьветлӥсьсы,8
мюнхенын,8
висъяз,8
туймы,8
югдур,8
бызьылонъя,8
географической,8
зарезьёс,8
императорской,8
радъяське,8
северной,8
венеция,8
театрлы,8
йылпумъян,8
зы,8
дорысен,8
кенешаз,8
классын,8
романын,8
визьмо,8
огазеям,8
символиказы,8
педиатр,8
очеркъёсыз,8
адӟытэмын,8
где,8
золотой,8
времени,8
красной,8
кандидатъёс,8
номыр,8
зайцев,8
кикы,8
возьыны,8
системаез,8
телефон,8
телеканалъёс,8
тырмыт,8
календарь,8
выр,8
виргиниысь,8
кион,8
кельыт,8
элькунын,8
панда,8
пумитаз,8
сатшур,8
сиыны,8
ӟичы,8
сяськаосыз,8
ӵӧж,8
утчаны,8
сьӧраз,8
будэмын,8
кузьдалазы,8
якут,8
забайкальской,8
абхазия,8
бурят,8
кабардино,8
аиф,8
туркмен,8
сэзь,8
вид,8
луна,8
годы,8
ӟуння,8
максимов,8
глазовын,8
ефремов,8
ижевскысь,8
валлин,8
норъя,8
арлан,8
хан,8
абхазилэн,8
метрополитенлэн,8
лемтэйёс,8
пушказ,8
газон,8
возьматъя,8
ымныро,8
южтолэзьысен,8
пыкиське,8
бахчисарай,8
ыбиз,8
авар,8
ӝуаса,8
возённи,8
отделэз,8
возисько,8
практической,8
куӵос,8
соборлэн,8
вӧзаз,8
сизьгурт,8
чилилэн,8
тыршизы,8
макаров,8
хонсю,8
тӥгырмен,8
индияын,8
пресл,8
ботаника,8
оф,8
андерс,8
норт,8
нунавутлэн,8
валишин,8
дуннелэсь,8
катя,8
кафе,8
укмысэтӥ,8
комсомол,8
глухова,8
ульяна,8
тырмонлы,8
степанов,8
сэп,8
верамез,8
огкылысь,8
команда,8
гражданской,8
выльдон,8
антонина,8
ут,8
рафаэль,8
чавес,8
люкисько,8
лыктӥз,8
виизы,8
вотэсын,8
адӟытӥз,8
комеди,8
дюма,8
гюго,8
ортчытон,8
встречи,8
нуналэныз,8
перфоманс,8
симферополь,8
резиденциез,8
коньывуонозь,8
кёльн,8
югославиысь,8
лермонтов,8
мордовиысь,8
стандартъя,8
тушмонъёс,8
суворов,8
франциско,8
кудӥзъя,8
амзя,8
хоккейя,8
таня,8
шоркарзэ,8
мавзолеез,8
ӝутскон,8
какадуос,8
конференция,8
джек,8
трольёс,8
повъятъёсын,8
воевостолэн,8
вильяндимаа,8
ярвамаа,8
иранысь,8
египетэ,8
йылпумъянъёс,8
лига,8
одӥгзэ,8
конгрессэз,8
германилы,8
британиысь,8
конвенция,8
гарвард,8
ришельё,8
декретэз,8
дугдытон,8
армиен,8
конституцизэ,8
гершель,8
сэмюэл,8
чарли,8
скотт,8
ворота,8
советэз,8
войскоосыныз,8
крестовой,8
ожмаськем,8
формула,8
потонэз,8
гдр,8
оружиез,8
джузеппе,8
утопист,8
комедийной,8
воткалась,8
бернулли,8
вратарь,8
астролог,8
кристиан,8
декларация,8
аргентинаысь,8
говард,8
дьёрдь,8
престоллэсь,8
брюс,8
кисьтӥськемез,8
выжыкылчи,8
деятельность,8
клоун,8
диктаторез,8
союзникъёслэн,8
урдӥськиз,8
матч,8
составысьтыз,8
экранъёс,8
легкоатлет,8
шормуӵъёсыз,8
электро,8
кабенак,8
мишель,8
онтарио,8
оген,8
китс,8
конференциез,8
гарсиа,8
тусъем,8
проливен,8
архипелагъёс,8
журналистики,8
плеядаос,8
шудонын,8
бырйиськон,8
гренландилэн,8
сэ,7
ужъёсын,7
улаз,7
бӧрысьгес,7
чувашъёс,7
адямиосын,7
кыкез,7
законэз,7
архив,7
пӧрмытӥз,7
пыраклы,7
музон,7
шоркарыз,7
кужмоез,7
тӥрлыкъёс,7
ыбылӥськон,7
тупатӥз,7
предприятиез,7
огдырлы,7
вузкарись,7
азинско,7
транспортной,7
чебоксары,7
паласен,7
вайытэ,7
юкамен,7
арча,7
юнме,7
группазы,7
чылкак,7
чепца,7
герӟало,7
дуров,7
нуо,7
сюресъёсын,7
шоркареныз,7
кенеше,7
радлыкез,7
сюресэн,7
кестым,7
кутӥськись,7
металлист,7
образованилэн,7
телерадиокомпания,7
ата,7
техникумын,7
словарь,7
алексий,7
библиез,7
ба,7
семинариын,7
баушев,7
быдэстэм,7
уль,7
тартумаа,7
магистр,7
утьыса,7
какси,7
издательствоын,7
сотрудник,7
ужъёссэс,7
республикае,7
платформаос,7
огдыре,7
латвиын,7
рига,7
куддыр,7
аслан,7
георгиевич,7
руандаысь,7
арскын,7
джо,7
редакторлэн,7
францие,7
газа,7
верано,7
бангладеш,7
австриын,7
британия,7
нимасько,7
полушариын,7
слова,7
турецкийлэн,7
славянъёслэн,7
донецк,7
херсон,7
чернигов,7
адске,7
палозь,7
пусъё,7
императрицалэн,7
статуссэ,7
валатон,7
идӟи,7
тыметлэн,7
эскероно,7
леонидович,7
палысь,7
сётыса,7
тыс,7
лул,7
лэся,7
крепостьлэн,7
провинция,7
ботанической,7
валтэ,7
шорсюлмаз,7
донской,7
архитектурной,7
тодмоосыз,7
политехнической,7
окилэн,7
кылт,7
пегӟыны,7
районъёс,7
ужрадъёсы,7
валанзэ,7
дышетскисьёсыз,7
дышетскисьёслы,7
шудонъёсы,7
ольховка,7
чайковск,7
разъезд,7
слава,7
радищев,7
щедрин,7
чудья,7
тӧрояз,7
ныргында,7
хозяйствоын,7
азинсконаз,7
медаленыз,7
инфраструктураез,7
нефть,7
будэтон,7
ӵошатсконэ,7
тихонова,7
люкетлы,7
тӥни,7
тодосчиослэн,7
верамзыя,7
лыдъяськизы,7
йӧллэсь,7
комитетэзлэн,7
сиёнъёс,7
тиражез,7
лоза,7
ваёнъёс,7
лэсьтонын,7
лынга,7
свято,7
троицкой,7
селоын,7
фэнтези,7
пен,7
морозов,7
вахитов,7
шундыкар,7
пусъёсыз,7
антарктида,7
гваделупа,7
джерси,7
кирибати,7
лесото,7
бирма,7
принсипи,7
тонга,7
бемыж,7
ильдибаево,7
июльское,7
кыква,7
нижняя,7
первомайский,7
подгорное,7
порым,7
советско,7
сарапулка,7
энгельс,7
юрино,7
гусев,7
йылпумъяськем,7
кылбурчилы,7
кылбуръёсыныз,7
кырӟанъёслы,7
шанхай,7
выжез,7
административно,7
русские,7
рий,7
вайыса,7
вуыса,7
книгалэн,7
огзылэсь,7
индексэз,7
улӟытон,7
гажан,7
югдытонъя,7
санэ,7
экспедиция,7
студиын,7
программаосыз,7
петрова,7
кыргыз,7
земля,7
наш,7
символъёсыз,7
румыниын,7
лирик,7
институтлы,7
чебермало,7
шоу,7
передача,7
мынӥз,7
гарипов,7
программаез,7
суредан,7
черко,7
документъёсъя,7
швециын,7
поэзии,7
обыда,7
кутскемез,7
эбга,7
библиография,7
рус,7
онлайн,7
кельмаков,7
будапештысь,7
лыдӟиз,7
харьюмаа,7
кесклинн,7
кристийне,7
этнографилы,7
педучилищеын,7
азьлань,7
арт,7
вестфалия,7
утиське,7
тӧроосыз,7
дмитриевич,7
молотов,7
шишкин,7
уржум,7
официальный,7
субъектъёс,7
кемаласен,7
отӥ,7
экземпляр,7
кутэм,7
нимез,7
усманов,7
музъемъёсыз,7
слобода,7
регистрациез,7
кивалтӥзы,7
большевик,7
островский,7
шудэм,7
бе,7
крезьгурлэн,7
атаезлэн,7
хасан,7
вир,7
гожъям,7
кышкыттэмлыкъя,7
пизы,7
кивалтӥсьлэн,7
кышноеныз,7
кутӥсь,7
телевидениын,7
ушакова,7
руслан,7
серебренников,7
вандылыса,7
огезлэн,7
кгб,7
пыӵатэмын,7
никитина,7
са,7
журналистъёслэн,7
редакциын,7
дышетӥсьёслэсь,7
паськытатонъя,7
центрлэн,7
корольлэн,7
член,7
географияя,7
летию,7
кузез,7
бассейнэзлэн,7
сербиысь,7
куйбышев,7
пасьта,7
волгалэн,7
котькытын,7
кырӟанлэн,7
секытъёс,7
газетэн,7
веросэз,7
мустаев,7
пумитаны,7
ульчаын,7
синмаськымон,7
сов,7
сергеев,7
ходырев,7
развития,7
романова,7
эралэн,7
тюрьмаын,7
хельсинкиысь,7
бертэ,7
людвик,7
серафима,7
космопоиск,7
пчеловодова,7
хлынов,7
ожгарчиос,7
лыдъяськыны,7
архитекторез,7
мултанысь,7
выжыкылъёс,7
кузебая,7
кизилиослэн,7
вераськыны,7
пургаысь,7
ёросаз,7
огазеян,7
баӵко,7
черке,7
методической,7
гавриловлэн,7
вутты,7
тодаз,7
камит,7
лымы,7
адӟе,7
тӧрое,7
алабгоын,7
куликов,7
президиумез,7
ёросъёслы,7
ильминский,7
радиоысь,7
лужанин,7
секталаез,7
палысен,7
йылолъёссэс,7
келян,7
тупен,7
швейцариын,7
академической,7
училищее,7
коллективлэн,7
радъяськись,7
леонора,7
улонзэс,7
балетмейстер,7
было,7
скал,7
куное,7
уваысь,7
колчаклэн,7
йылысь,7
ыстӥзы,7
бырйизы,7
черклэсь,7
висъям,7
парин,7
бор,7
фрунзе,7
тушмон,7
физикаез,7
сибирьын,7
сюриз,7
киевский,7
тт,7
станциысь,7
алма,7
рпк,7
сайга,7
победы,7
президентэзлэн,7
республикаысьтымы,7
калинин,7
уськытэмын,7
утёнлы,7
гожтон,7
будэтӥзы,7
азиез,7
йылын,7
концертъёс,7
ворсамын,7
казаньын,7
ивортон,7
ленинлы,7
троцкий,7
партиослэн,7
кошконо,7
кылтодосчи,7
кариськизы,7
чернова,7
крылов,7
возё,7
петроград,7
залив,7
улосвылысь,7
обсерватория,7
зонае,7
шӧдскымон,7
нуллӥллям,7
вылӥе,7
невской,7
пушкинской,7
культуралэн,7
арсений,7
утчаса,7
ожмаськыны,7
бадӟымаз,7
школазы,7
индустриальной,7
урамысь,7
комиссилэн,7
пыриськем,7
шутэтскыны,7
кивалтэтлэн,7
катастрофа,7
куро,7
рольёсты,7
вакытлэн,7
ӵыпет,7
арбериосты,7
ӧнерчиос,7
совета,7
вожвылъяськон,7
якорь,7
революцилы,7
партиез,7
сенат,7
сильтӧл,7
сочинений,7
бытовой,7
голос,7
обозрение,7
семьяез,7
уро,7
наук,7
туй,7
ур,7
лямин,7
гожъяськисьлэн,7
телевиденилэн,7
евгеньевич,7
суредаз,7
каир,7
просветительская,7
максимович,7
ивортӥз,7
евразиын,7
мугорызлэн,7
сьӧсь,7
сибирьлэн,7
тибетысь,7
пещерной,7
будослэн,7
курыт,7
тысь,7
чечы,7
святица,7
коньы,7
поно,7
сяськаяське,7
пислэг,7
лэчыт,7
йӧгылтӥсь,7
юш,7
лат,7
германиен,7
кариб,7
гольык,7
юкон,7
якутск,7
черкесия,7
калмык,7
балкария,7
лыдӟиськыны,7
чувашский,7
тили,7
возиськись,7
кир,7
чабей,7
йыды,7
борисович,7
быдтыса,7
ужамзэ,7
математикая,7
ожмаськемез,7
смирнова,7
кужымен,7
индоевропейской,7
лемлет,7
гурезьын,7
алжирлэн,7
дуэ,7
ортчоз,7
измир,7
минск,7
минскын,7
чехилэн,7
кожаз,7
ахмет,7
аристотель,7
скандинав,7
фатих,7
капка,7
башкиръёс,7
ыштонъёс,7
корказ,7
адыг,7
организациез,7
сфср,7
литваысь,7
ёзэсэз,7
году,7
шедьыса,7
меда,7
километрын,7
шайтангурт,7
арьем,7
палган,7
меццо,7
юар,7
невада,7
нёжалын,7
богемиысь,7
прагаысь,7
болгариын,7
провинцияос,7
сур,7
чан,7
интыянъя,7
сахар,7
островын,7
кастрен,7
вятский,7
школьной,7
турецкой,7
семьялэн,7
романъёслэн,7
нырысез,7
назаров,7
зэмлыко,7
войналэн,7
всесоюзной,7
арескын,7
степанида,7
тодослыко,7
дима,7
беларусьысь,7
пыжон,7
персонажъёс,7
персонаж,7
диктатор,7
дышетскисьёс,7
вуремын,7
сюлык,7
чалма,7
дукес,7
пумъёсыз,7
куско,7
каронкыллэн,7
кутӥськыны,7
дьы,7
подурга,7
правительствоезлэн,7
технолог,7
каръёслы,7
условной,7
желательной,7
база,7
трамвайёс,7
припев,7
йӧсъёсыз,7
уйпаллань,7
есенинлэн,7
ферма,7
ключёвка,7
телевизионной,7
яковлева,7
филармонилэн,7
кубок,7
сараез,7
келяз,7
принцесса,7
кечгурт,7
эскеризы,7
частые,7
котельников,7
маори,7
гончаров,7
интыен,7
куазез,7
списоказ,7
департамент,7
ӝужытэз,7
метрын,7
пружаны,7
максимилиан,7
фотограф,7
смоленскез,7
даннойёсызъя,7
электромеханической,7
быгы,7
лэзьыны,7
бассейн,7
восточно,7
линкольн,7
ёзчиоссэ,7
суверенитетэз,7
архимед,7
пароход,7
флотлэн,7
ваньбур,7
лигаын,7
ленинградлэн,7
блокадаез,7
фашист,7
теодор,7
атлантик,7
виа,7
гра,7
тереклэн,7
лыдӟонъёс,7
социально,7
идиш,7
пумтэм,7
парклэн,7
карпаты,7
асьмелы,7
подляшье,7
повъятъёслэн,7
центрзэс,7
кодэз,7
вещаниез,7
экваториальной,7
инъязы,7
акциос,7
зарегистрировать,7
йыгевамаа,7
явлениосты,7
варшаваысь,7
кардинал,7
виылон,7
ахмед,7
мохаммед,7
оар,7
сэрпалтӥз,7
люкаськемъёс,7
корабльёсты,7
вииз,7
интернационаллэн,7
эмъюрт,7
микеланджело,7
арман,7
эри,7
лариса,7
флеминг,7
анархист,7
дарвин,7
испанилэсь,7
кутузов,7
оружейник,7
перемирие,7
билл,7
пыронзы,7
стивен,7
францилэсь,7
саддам,7
марков,7
нептун,7
кужыме,7
колумб,7
штраус,7
поездэз,7
быдэстӥськиз,7
аслыкъёссэ,7
кужымъёсыз,7
электрической,7
венаысь,7
персидской,7
самолётлэн,7
картер,7
пыронэз,7
арктикаез,7
седов,7
комментатор,7
балкан,7
муравьёв,7
геолог,7
кастро,7
дворянин,7
золтан,7
чемберлен,7
шахматэн,7
вормонзы,7
эдисон,7
омыре,7
островскийлэн,7
капитуляциез,7
натуралист,7
трамп,7
публикалы,7
водородной,7
дворецэз,7
фигурист,7
вордӥськон,7
патриархез,7
франко,7
арнянунал,7
вольтер,7
конференцизы,7
бенедикт,7
учредительной,7
зӥбемын,7
михай,7
бетховенлэн,7
корольлэсь,7
броненосец,7
самолётэз,7
ким,7
литератор,7
артём,7
астрофизик,7
корабльлэн,7
кальюлайд,7
янош,7
океанэ,7
шудонъёсыз,7
физикалэн,7
клара,7
францилы,7
урасинов,7
грэмми,7
европаос,7
объёмез,7
городок,7
архипелаглэн,7
ӝоглыкез,7
газъёс,7
атмосфера,7
геохимия,7
вятского,7
синт,7
шудонысь,7
спутникъёсыз,7
лахтиысь,7
офтальмологияя,7
офтальмологический,7
сарапулэсь,7
олокыӵе,6
булгар,6
шаерлы,6
постановлениезъя,6
сётоно,6
суверенитет,6
палэнтэмын,6
бречалов,6
пыкъяськыса,6
радиозавод,6
люкшудья,6
удмуртология,6
ижез,6
тэц,6
бичаны,6
заводлэсь,6
лэсьтылӥз,6
огазеяськонъёсын,6
тазалык,6
бизнес,6
герӟамын,6
лобан,6
маршрутэз,6
башкириын,6
ӵошатон,6
адӟиське,6
группаосы,6
зуевка,6
луэмзы,6
бесерманъёслэн,6
мусульман,6
документъёсын,6
шкляева,6
белых,6
чтения,6
населённой,6
карсовай,6
мытӥз,6
ужзэс,6
магистраль,6
пышкизь,6
бырйисько,6
фермер,6
зарезьлэсь,6
вылӥын,6
улосэн,6
дасязы,6
нуллыны,6
палэнэ,6
хозяйствоос,6
аркадьевич,6
эмъяло,6
дышетскемын,6
каремезъя,6
константи,6
педтехникумын,6
пединститутэ,6
ленинградэз,6
гожъяло,6
асьсэлы,6
риф,6
механика,6
быдэсъяз,6
институтаз,6
темая,6
фольклоръя,6
институтэзлэн,6
люкизы,6
крупская,6
флагъёс,6
герблэн,6
гербъёс,6
геральдика,6
быгатоз,6
дунъет,6
лектор,6
пасси,6
амал,6
уйпалан,6
фр,6
ко,6
лира,6
асьмеос,6
воштыны,6
польшаен,6
житомир,6
юре,6
городлэсь,6
суредамын,6
малпанэз,6
паськытаз,6
материалъёсты,6
интыосты,6
вормыны,6
восстание,6
результатъёс,6
копак,6
азьланьтыны,6
кияз,6
садъёс,6
номырин,6
северный,6
чотэ,6
мэр,6
институтъёс,6
атом,6
курчатов,6
успенской,6
римский,6
гостиница,6
лыдӟиськонни,6
инга,6
докья,6
тыловыл,6
переписья,6
самодеятельной,6
вылэмез,6
палъёсы,6
нюръяськонъя,6
сидоровка,6
поликлиника,6
вести,6
пенсионеръёс,6
родина,6
оксана,6
интыськемын,6
трактлэн,6
чын,6
нуллӥзы,6
муос,6
кылдытэтысь,6
торф,6
минут,6
сӥлы,6
люкетъёс,6
озон,6
кулига,6
поттыса,6
выжтӥзы,6
сюро,6
дырзы,6
татарстанэн,6
инъетаз,6
удмуртиез,6
вахрушева,6
ӟечлыкез,6
арлеть,6
вуэз,6
шуккон,6
чутыр,6
культуралы,6
областез,6
гуртъёслэн,6
ӵошкыт,6
мебель,6
рассвет,6
пудем,6
кутсконзэ,6
пыртыны,6
пуштроссэ,6
никвлад,6
бамъёсаз,6
жанр,6
ёлкин,6
кылтодон,6
тӧро,6
президентэ,6
барнаул,6
верде,6
мэн,6
науру,6
ниуэ,6
свазиленд,6
венья,6
девятово,6
ермолаево,6
камское,6
кварса,6
кукуи,6
кыйлуд,6
лозо,6
лутоха,6
мазунино,6
поршур,6
гайны,6
пуро,6
старое,6
тарасово,6
трактор,6
тукташ,6
уйвай,6
чекан,6
индонезилэн,6
произведениез,6
бичетъёсыз,6
арган,6
пушкинлэсь,6
люконтэм,6
нуэм,6
таиландын,6
кореялэн,6
нуналъёс,6
ташкент,6
путешествие,6
акилина,6
азьланьтӥз,6
бичет,6
кылбурзэ,6
пӧрмизы,6
турокъёс,6
выжыезъя,6
состав,6
депутатов,6
вич,6
питкевич,6
техникуме,6
семинарие,6
семинариез,6
аспирант,6
аспирантуразэ,6
хмельницкий,6
тоо,6
миссионер,6
имена,6
тихон,6
июля,6
ижевская,6
сурано,6
пыӵатон,6
культурно,6
искусствоез,6
прокопьев,6
ртэм,6
коллективъёс,6
студиез,6
специалистъёс,6
кузнецова,6
степанова,6
крезьгурзэ,6
гожтӥллям,6
ала,6
алгалай,6
жолунда,6
вперед,6
расцветай,6
коммунизм,6
аттила,6
йожеф,6
ярдурын,6
мӧйы,6
деканэз,6
мода,6
валаса,6
литератураысь,6
света,6
эфирын,6
улонэн,6
семьяос,6
тодмато,6
ужъёсты,6
графика,6
прогресс,6
урасинова,6
куараос,6
нимызъя,6
волосте,6
драматургъёс,6
юго,6
ёзэтэныз,6
гожъяське,6
творчествозэ,6
кылдытӥсьёсыз,6
кырӟанъёсын,6
музыка,6
юрттэмезъя,6
силард,6
тот,6
шк,6
дышетсконниын,6
экспедициосы,6
тюрагай,6
малпаськыны,6
крезь,6
англ,6
философияя,6
висла,6
ярамон,6
васнецов,6
степанович,6
производство,6
наукаын,6
куспазы,6
джаз,6
эшъёсыныз,6
тунсыкъяськыны,6
крезьгурен,6
тросэзлы,6
данзэ,6
гран,6
ужаса,6
чалды,6
тукай,6
серов,6
кухня,6
сталинлэсь,6
фронтысь,6
стрелковой,6
петро,6
материальной,6
дӥськутсэс,6
проф,6
возиз,6
алексе,6
пота,6
люканы,6
мускоез,6
нылзы,6
стас,6
посёлокысь,6
колхозлэн,6
будэтӥз,6
евге,6
юрттӥсез,6
сайте,6
шедем,6
год,6
пуктыса,6
нимлэн,6
миклош,6
ветлӥзы,6
эчер,6
технологиос,6
рае,6
яркытэз,6
вуын,6
вакчиятыса,6
дени,6
ветеринар,6
зеленин,6
сюлмаськиз,6
самоди,6
лахти,6
университе,6
корпусэз,6
шурлы,6
шорлыдо,6
ӵошатсконъёсы,6
аспирантураяз,6
истории,6
султы,6
бан,6
вакчиесь,6
пуштӥз,6
пособие,6
миша,6
лаптев,6
кузьым,6
современная,6
детей,6
кельт,6
арк,6
книгаысь,6
языки,6
суредасьлэн,6
координаторез,6
веретенников,6
дырпуслэн,6
юртъёсты,6
план,6
валтись,6
халтурин,6
гимназия,6
ӧнерчи,6
огазеясь,6
контент,6
шонерак,6
луонлыкъёс,6
уткина,6
антонов,6
областьлэн,6
юртэ,6
лыдӟисьёс,6
небо,6
кельты,6
выриз,6
педтехникуме,6
председателез,6
лауреатъёсыз,6
куашетэ,6
ӝутӥськиз,6
шӧдыны,6
алатырев,6
ёзаз,6
партиысь,6
кечато,6
арест,6
газетлы,6
грамматика,6
кылдытонлы,6
городъёсты,6
комсомоллэн,6
урамез,6
рекорд,6
лыдпусъёс,6
омырын,6
дзержинской,6
мотовилиха,6
ветлэмзы,6
вормисез,6
викторовна,6
кунмылэн,6
ӝутскем,6
радиостанция,6
сылал,6
хачатурян,6
нылаш,6
пызь,6
анаезлэн,6
группаен,6
удысъёсысь,6
адрес,6
васса,6
виноградова,6
рольёсыз,6
уллямын,6
даноним,6
монастырь,6
ассамблеяез,6
луозы,6
сюлмо,6
ышиз,6
потаны,6
колхозэ,6
пайдаё,6
техникаез,6
банклэн,6
повесть,6
ӟардон,6
документальной,6
выжыкыл,6
психологической,6
лицей,6
ярын,6
интыяськиллям,6
даурлэсь,6
огазеяз,6
грозныйлэн,6
жуков,6
ворошилов,6
пистолет,6
вооружённой,6
тӥрлыкез,6
победу,6
великой,6
войне,6
символ,6
премиосыз,6
пахомова,6
азинтонъя,6
ӵошатсконъёсын,6
полякъёс,6
афанасьевич,6
урала,6
паймымон,6
паровой,6
кортэз,6
эвакуировать,6
версия,6
савиновской,6
туристической,6
веранъёс,6
усьтӥсько,6
пролетарской,6
эксэез,6
дугдэ,6
марксист,6
печать,6
съездазы,6
толэзьлэн,6
кошкемез,6
фестивальёс,6
эстафетаын,6
тырмиз,6
войнаысь,6
лия,6
малых,6
улонлы,6
ӵошатсконъёс,6
физико,6
ломоносов,6
петербурглэн,6
морской,6
артиллерийской,6
адӟыса,6
радъясько,6
периодической,6
атеист,6
печатланы,6
тэрек,6
возьматӥське,6
йӧн,6
потэмъёс,6
козлов,6
классикез,6
опералэн,6
председателезлэн,6
кизнерын,6
сборной,6
индивидуальной,6
нуыны,6
личной,6
знамялэн,6
производствоез,6
матвеев,6
петроградысь,6
ӧтчамезлэн,6
сессияз,6
описаниез,6
эстрадаысь,6
илля,6
книгаосты,6
мултэс,6
звание,6
чёрный,6
свет,6
карьераез,6
ӧтчамаз,6
про,6
фронт,6
вузаз,6
тодматско,6
властьлэсь,6
александровской,6
вай,6
можгалась,6
туристъёс,6
журналъёс,6
ужпумъя,6
четкарёв,6
обыкновенный,6
тычинкаем,6
липовой,6
семействое,6
животъёслэн,6
тэль,6
иранлэн,6
пумиськылэ,6
губи,6
губиос,6
советская,6
дискографиез,6
коньыос,6
луло,6
паймытэ,6
инмын,6
лоба,6
зыно,6
айы,6
гадё,6
куӵо,6
котыртӥз,6
чиуауаысь,6
кедр,6
босниысь,6
купер,6
ужрадын,6
баш,6
лена,6
кочёво,6
кильдин,6
теле,6
пирс,6
кусыпъёсты,6
отӥяз,6
психологияя,6
суредъёсаз,6
степановна,6
элькунысьтымы,6
садовников,6
евдокимов,6
ожмаськонэ,6
медальёс,6
фаина,6
дэбесысь,6
сунцов,6
вордыны,6
нюк,6
орлой,6
пугачёво,6
дуртӥ,6
пипу,6
казахстанлэн,6
казахстанысь,6
египетлэн,6
тӧлъёс,6
румын,6
дани,6
ассамблея,6
компаниос,6
квартираез,6
меня,6
кельшись,6
пӧськы,6
мустафа,6
кемаль,6
хаджи,6
метроын,6
ильче,6
лемтэй,6
кутъёс,6
лебедь,6
элемент,6
пыдын,6
карлик,6
курез,6
монголилэн,6
сапег,6
служба,6
режим,6
сюрсэз,6
казахстанын,6
пермякъёс,6
неаполитан,6
аош,6
белорусъёс,6
ингушетия,6
пумъёссы,6
союзной,6
валэн,6
прикладной,6
изданиос,6
пырась,6
кавалерзы,6
забегал,6
библиотекарь,6
мын,6
хризантемаос,6
молодёжной,6
йишвлӓ,6
доминик,6
ун,6
мексикалэн,6
юннань,6
коммунистъёслэн,6
дэмен,6
атабай,6
сб,6
китайлэн,6
азинскемзэ,6
алжирысь,6
сальвадорын,6
бутанын,6
югославия,6
прагаын,6
грузиын,6
мьянмаын,6
ньыв,6
грециын,6
чида,6
корсика,6
абашев,6
инуктитут,6
малимиут,6
вераськись,6
фот,6
мини,6
мешер,6
центрлэсь,6
кулэмез,6
сюрреализм,6
нязь,6
ӵошатскон,6
пӧзьто,6
ӝук,6
возьма,6
сюресъёсыз,6
партизы,6
пуштросэзъя,6
бакуын,6
выступать,6
фома,6
улсы,6
коммунистъёс,6
валютаез,6
пороз,6
гордон,6
бард,6
тэремшур,6
зал,6
ӧжытак,6
муресазь,6
пужыятыса,6
айшет,6
место,6
бырттылэмын,6
йыразы,6
куазен,6
шляпа,6
каронкылъёс,6
пукы,6
кошкыны,6
действиез,6
умойгес,6
вуымтэослы,6
всероссийской,6
грамотаез,6
учебно,6
кунлэсь,6
сюресъёслэн,6
порталын,6
мынылӥсь,6
нам,6
лумпунь,6
кудӥныз,6
кузпалъяськиз,6
трудовая,6
стихотворения,6
софия,6
юнды,6
межрегиональной,6
анфиногенов,6
будущего,6
парсьгурт,6
вормонэз,6
туринын,6
лиза,6
улэмзэс,6
куртизанка,6
умойтэм,6
пудэм,6
кӧжы,6
ӝӧк,6
азинсконъёс,6
движениез,6
старт,6
динамо,6
дэймон,6
боб,6
кудъёсызлэн,6
вакытъёсыз,6
гудырикошконозь,6
каналлэн,6
миссури,6
малпаса,6
данте,6
сантьяго,6
мукожын,6
ялта,6
дворецзы,6
огазея,6
оштолэзьысен,6
коньывуонысен,6
музейлы,6
улы,6
авиацилэн,6
нигра,6
тупатӥзы,6
саарбрюккен,6
шундыӝужаназ,6
бухтаын,6
эйфель,6
авиация,6
приказ,6
эссеист,6
кремльлэн,6
борддор,6
пичияк,6
романысь,6
организацизы,6
тӧрозэ,6
зоология,6
рэпер,6
шундылы,6
валатонэз,6
правоез,6
гайняк,6
морак,6
текстлэн,6
лыдъяны,6
арей,6
лагуш,6
авианалётъёс,6
эвакуация,6
региональной,6
беклэн,6
союзлы,6
домен,6
судлэн,6
палэнтӥз,6
валась,6
тевтон,6
москве,6
нестор,6
депутатъёсты,6
протокол,6
леонов,6
пианист,6
пскова,6
крепостной,6
капитанэз,6
ижевсклэн,6
кельце,6
пичипольша,6
вармия,6
мазурия,6
кузпалыныз,6
парсек,6
световой,6
операя,6
лыднимъёс,6
каръёсты,6
каналэз,6
ӟумъя,6
огазеяськиз,6
шундыпуксёнпал,6
бронза,6
профиль,6
филармони,6
чайковскийлы,6
владивосток,6
валгамаа,6
пярнумаа,6
ляэне,6
рапламаа,6
пыхья,6
ыйсмяэ,6
лаагна,6
гитарист,6
барабанэн,6
уян,6
газетлэсь,6
всемирной,6
пограничной,6
проливын,6
коронавирусэн,6
рональд,6
ларри,6
электрик,6
декрет,6
шмидт,6
армизэ,6
телекомпания,6
дю,6
плесси,6
геттоез,6
оскалтон,6
франциск,6
штурмовать,6
лобыса,6
естествоиспытатель,6
колониосыз,6
марко,6
бостонысь,6
арнольд,6
габриель,6
риме,6
инъяллям,6
авиакатастрофа,6
инаугурациез,6
армстронг,6
нылкышноослы,6
пий,6
бакуысь,6
ӝутскиськон,6
христофор,6
войскоослэсь,6
диего,6
паровоз,6
авария,6
изабелла,6
пьесалэн,6
тарья,6
махатма,6
освободительной,6
лорд,6
федерацизы,6
бернард,6
вацлав,6
вагон,6
быдӟалая,6
реформатор,6
кризис,6
прокатэ,6
доу,6
америкаез,6
байконур,6
интыем,6
маргарет,6
брежнев,6
дуайт,6
фаворитэз,6
кузпалъяськонзы,6
лобӟиз,6
нельсон,6
флотоводец,6
кеннеди,6
уранлэсь,6
балетлэн,6
олигарх,6
пабло,6
йоркысь,6
виртуоз,6
пулитцер,6
виись,6
вормемын,6
сигнал,6
инсьӧры,6
экспресс,6
майя,6
вердилэн,6
эйнштейн,6
элизабет,6
выйиз,6
идеалист,6
черчилль,6
королевстволэн,6
сейм,6
полюс,6
информациез,6
галилео,6
лигур,6
теннесси,6
ледокол,6
вольфганг,6
теоретикез,6
сутӥз,6
демократ,6
квантовой,6
руаль,6
красноармейской,6
нерон,6
флотэз,6
уянэ,6
кларк,6
эммануил,6
сётскиз,6
пӧрмымтэ,6
шарез,6
гавай,6
нацизмо,6
бюро,6
плутон,6
биология,6
рекордной,6
бертран,6
рассел,6
ильназ,6
капица,6
инкуазьтодосчи,6
шамиль,6
эльба,6
дисциплинаос,6
клинической,6
митинг,6
валерия,6
голландиысь,6
самолётъёсыз,6
азьворттӥсез,6
дип,6
фактор,6
пушкар,6
объектъёс,6
водородлэн,6
единицаос,6
массаез,6
математика,6
астрофизика,6
вятская,6
всерос,6
эминуть,6
гиадаос,6
биологилэн,6
огъёсаз,6
мандир,6
палэсмурт,6
алангасар,6
бирбхум,6
инмарын,6
округъёсысь,6
черлам,6
фобос,6
кионмульы,6
мафун,6
подгруппа,6
глаукомный,6
өчен,6
белән,6
шундыё,5
кыскем,5
гыбедэн,5
шедьтэм,5
удысэн,5
кылдытоно,5
вотяк,5
культураен,5
конституция,5
новости,5
шувалов,5
ижевской,5
посёлокез,5
утиськонъя,5
кысконъя,5
сиськон,5
вузкаронниос,5
фирменной,5
магазинъёс,5
магнит,5
ӟечлыко,5
эмтодос,5
вузъёс,5
мургес,5
дышетскисьёслэн,5
ипопат,5
огпала,5
сарапулозь,5
самолётъёс,5
сочи,5
трамвайлэн,5
бырон,5
кышкытлык,5
алфавитэ,5
асэстэмъёс,5
яки,5
удмуртэ,5
удмуртских,5
наречие,5
красноуфимск,5
калэ,5
люкетсы,5
лыдъяллязы,5
статей,5
удмииял,5
обряды,5
ёросэтӥ,5
ыбыт,5
машинаосты,5
гижысь,5
пиньысь,5
нюлэсэн,5
вырись,5
глазовской,5
понино,5
школалэсь,5
кылдытэмен,5
косэмъя,5
секунд,5
нылмурт,5
городъёсын,5
электрифицировать,5
ижен,5
кылдытъян,5
кв,5
литейно,5
пту,5
ӵыжатонъя,5
воштон,5
оскемын,5
ёзэныз,5
юртъёсын,5
вотэсъёс,5
эграысь,5
нимам,5
дырызлэсь,5
вакытысен,5
обь,5
шудӟа,5
академиын,5
аспирантураез,5
ндрович,5
эстонъёс,5
семьяеныз,5
гимназиез,5
угроведение,5
экспериментальной,5
висъялляз,5
ыстыны,5
утизы,5
загуляева,5
соколов,5
лий,5
школаязы,5
демидов,5
азинлэн,5
ӝыныяз,5
черкъёс,5
латвилэн,5
вылӥысен,5
улӥе,5
луэмзэс,5
суредъёсты,5
корона,5
корольёслэн,5
лихтенштейн,5
монако,5
дуриськись,5
печатья,5
комплексной,5
дунъяло,5
фонетикая,5
консультант,5
ль,5
австралиын,5
океаниын,5
политикаын,5
перс,5
кунъёсыз,5
кунъёсты,5
эмиратъёс,5
таос,5
матынгес,5
территориын,5
территорилэн,5
пичиесь,5
лыдъяса,5
торжественной,5
ангела,5
музъемвис,5
ёзчиос,5
ес,5
литвалэн,5
поля,5
басьтоно,5
шормуӵысь,5
дагестанын,5
ялэм,5
мендерес,5
запорожье,5
ивано,5
полтава,5
специальной,5
лымшорысен,5
слудка,5
транссибирской,5
люкем,5
осконэз,5
виро,5
кунпуслэн,5
буёлэз,5
оскись,5
синмыз,5
огсыр,5
мынӥзы,5
малпанзэс,5
шуылӥзы,5
воткалэн,5
статистической,5
басьтэмез,5
шуиз,5
валэктӥсь,5
кужымзэс,5
пумозь,5
быръе,5
эпоха,5
правилоосты,5
азьланьтӥсько,5
империе,5
крестоносец,5
иерусалимез,5
мамлюк,5
ултӥ,5
паркъёс,5
округъёс,5
эмъянъя,5
сообщество,5
карпов,5
пуэн,5
мукетъёсызлэсь,5
модерн,5
стиль,5
туризмез,5
клубъёс,5
тыршеменыз,5
зоологической,5
кудиз,5
радын,5
пугачёвлэн,5
ожгарчиосыз,5
районэ,5
вераськонъёс,5
депутатэ,5
гербер,5
гердлы,5
чайников,5
пырыса,5
куноос,5
пихтовка,5
кавалерез,5
герӟазы,5
дугдоно,5
чернышевский,5
пумитало,5
куноосты,5
переписьын,5
тупазы,5
кылдытэтъёслы,5
шаерен,5
паром,5
быргында,5
губерниын,5
нюлэсо,5
сюресаз,5
пайда,5
толшорлы,5
тазалыксэ,5
чакла,5
пыриськыса,5
куас,5
властез,5
люке,5
кунъёсы,5
вӧлмиз,5
ӟучъёслэн,5
аскивалтон,5
интылэн,5
мулэн,5
лыдӟисез,5
пуныос,5
минерал,5
увинская,5
факел,5
тупало,5
мукши,5
большие,5
пыдкутчан,5
сельская,5
ёзчиосыз,5
тӧролэн,5
тунсыкъяське,5
монографиос,5
ангилья,5
аруба,5
кайман,5
сандвич,5
монтсеррат,5
палау,5
кайкос,5
тувалу,5
чабья,5
безменшур,5
тыжма,5
гондырвай,5
медла,5
ключ,5
кокман,5
кулюшево,5
ляли,5
ляльшур,5
сарамак,5
казмаска,5
пашур,5
пинязь,5
порозово,5
север,5
шудья,5
уральский,5
чеганда,5
юр,5
ягошур,5
бахрейнлэн,5
сабитов,5
поэмаос,5
гырлы,5
ужамзы,5
ливанын,5
куала,5
пакистанлэн,5
сирилэн,5
душанбе,5
сеул,5
узбекистанлэн,5
кушем,5
серем,5
ужамысь,5
агай,5
кыстӥськись,5
сямо,5
если,5
тиса,5
черксы,5
кафедральной,5
эшкаръёс,5
турку,5
войцех,5
ярузельский,5
хозяйствоя,5
толсурозь,5
белоруссиын,5
шиман,5
витебск,5
академие,5
церкви,5
епископез,5
невскийлэн,5
комплексэз,5
шӧдтэк,5
правооссэ,5
вазиськиз,5
чита,5
байкал,5
русское,5
иштван,5
фольклорлы,5
печатной,5
выру,5
вильянди,5
горы,5
всегда,5
он,5
власов,5
куашкамез,5
словакиын,5
тулкымъёс,5
карись,5
балтаси,5
балинт,5
методикая,5
амалъёсын,5
кусыпъёссэ,5
геройлэсь,5
унитарной,5
тодматскыны,5
премизэ,5
верамъя,5
льевич,5
угорских,5
михаи,5
повестьёс,5
булгаковлэн,5
спектакльёс,5
ра,5
кылзыны,5
диплом,5
лыдӟисьёслы,5
возьматӥзы,5
кельшиз,5
учкисьёслы,5
феномен,5
кельтыны,5
угпи,5
сериысь,5
сил,5
пединститутын,5
гумбольдт,5
почти,5
мустамяэ,5
нымме,5
историческая,5
городе,5
татысен,5
индие,5
эссе,5
радъязы,5
таӵеез,5
мадьяр,5
об,5
бадӟымъёсыз,5
котельнич,5
яранск,5
некрасов,5
нолинск,5
тодметъёсыз,5
консерваторие,5
мирей,5
приз,5
ветлэм,5
альбомзэ,5
творчества,5
татаро,5
сомында,5
кыкетӥзэ,5
татарстанлэн,5
пыртыса,5
мамадыш,5
саба,5
центрен,5
косэмезъя,5
це,5
нуллӥз,5
ханс,5
ожмаськись,5
ортчытъяз,5
ожмаське,5
народы,5
кылдытъяз,5
заводъёсты,5
кошкыса,5
пиосыз,5
аз,5
маленькая,5
национальная,5
страница,5
котьма,5
заслуги,5
пизэ,5
хозяйстволэн,5
нин,5
университетлэсь,5
картэз,5
ортчы,5
салам,5
эскеремын,5
педор,5
монэ,5
бекманов,5
плато,5
ленинградэ,5
администратор,5
выллемгес,5
филармониын,5
поле,5
вӧлэм,5
поръёслэн,5
татарстанэ,5
учыръёсты,5
пусэн,5
тодосчилэсь,5
вин,5
савин,5
селекционер,5
анисимов,5
нимтулыз,5
рф,5
дня,5
маин,5
ссылкаос,5
минутскын,5
чердынь,5
пильва,5
бызьыны,5
ваез,5
абсолютной,5
британилэн,5
космонавтлэн,5
кралина,5
бамъёсын,5
писательёслэсь,5
валишинлэн,5
дышетскемез,5
бадретдинов,5
веросъёссэ,5
дышетонлы,5
кадик,5
маде,5
печатла,5
вуттэ,5
начала,5
цезарь,5
диссертация,5
суреда,5
парвус,5
норвегиын,5
философия,5
лобанов,5
уфолог,5
тимерханова,5
стенли,5
наместничество,5
губернской,5
учкисьлэн,5
краеведческой,5
спбгу,5
вуарп,5
калыкъёсты,5
уськытӥзы,5
учебникъёс,5
литературалы,5
бугор,5
хит,5
тодосчиосты,5
портэм,5
проектын,5
шрифтъёс,5
ванкувер,5
ватыны,5
кутсконазы,5
черкогуртъёс,5
огазеяськонъёслэн,5
нылпиослэсь,5
нуизы,5
сарапульского,5
домокош,5
верещагинлэн,5
пусъе,5
коньдонэн,5
вузаны,5
ужысьтыз,5
аннок,5
поэмазэ,5
борисовез,5
большевикъёслэсь,5
быдэстыса,5
люди,5
андреев,5
анкудинова,5
симаков,5
решениезъя,5
январь,5
юртто,5
вератэк,5
веразы,5
арганэн,5
вутто,5
вӧлмыны,5
ӧдъя,5
алнашысь,5
зурка,5
спектакльёсын,5
ветлыкуз,5
висказ,5
клубе,5
училищеысь,5
екатеринбургысь,5
профессионал,5
евровидениын,5
бугыр,5
лэсьтыса,5
анайлэн,5
иисуслэн,5
христос,5
оскиз,5
улосъёсы,5
фондаз,5
вершинин,5
министръёс,5
вогау,5
удысэ,5
кузпалэныз,5
вуттӥзы,5
ортчылӥзы,5
очеркъёсын,5
вадьсын,5
бус,5
гурезез,5
предприятилэн,5
люкетлэсь,5
эркын,5
конструкторлэн,5
тунсыкъяськиз,5
калашниковез,5
дзержинский,5
ӵектэмын,5
пӧйшуран,5
пыӵалъёс,5
науки,5
ӝуаз,5
сюрестӥ,5
гимназиын,5
петровской,5
кронштадт,5
ссылкаын,5
рассказы,5
украинае,5
катьырнакар,5
европаез,5
ленинской,5
дышетӥсьёсын,5
выли,5
муса,5
форум,5
монголъёс,5
султӥз,5
маркслэн,5
партилэсь,5
женеваын,5
пуштытӥзы,5
ужрадэз,5
польшае,5
школаослы,5
картаос,5
сэрттон,5
пуэз,5
чемпионка,5
бызьылыны,5
радъясьёс,5
шаплы,5
арняяз,5
св,5
запад,5
ымдур,5
дельта,5
картаез,5
каналын,5
регистрировать,5
изъян,5
ленинградлы,5
курортной,5
огазеяськонысь,5
аэропортъёс,5
репин,5
менделеев,5
правление,5
произведение,5
дырысь,5
синъёсыз,5
ударник,5
композиторлэн,5
курадӟыса,5
востокын,5
бадьпу,5
думаысь,5
аэс,5
дан,5
критикъёс,5
шут,5
персонажлэсь,5
фестивальзы,5
аръёсыз,5
висёнэз,5
быгатонлыксэ,5
войскоез,5
лыдъязы,5
амалъёс,5
драгунов,5
снайпер,5
кортлэсь,5
сарапулэ,5
кылдытонэз,5
садын,5
эм,5
угровед,5
куратов,5
пичиослы,5
темаосты,5
ворме,5
яратонэз,5
лӧзя,5
специальностья,5
сост,5
историзэс,5
тр,5
семь,5
культурное,5
ипк,5
тыметын,5
куинетӥзэ,5
дышетонлэн,5
пыӵамын,5
дипломзэ,5
публицистика,5
памяти,5
дышетэм,5
аргументы,5
пӧрмытэ,5
бадӟымъёслы,5
памятникез,5
темалы,5
кулытозяз,5
фестивальлэн,5
авторлэн,5
поръёслы,5
греховодов,5
пимен,5
аркашев,5
учкисьёс,5
родысь,5
амурысь,5
пӧртэмез,5
улосвылаз,5
мадиськонъёс,5
кибы,5
уногес,5
кышка,5
кузьыли,5
йӧлэз,5
мордовиын,5
ныль,5
тыре,5
туп,5
классификация,5
ӵыж,5
инвожоысен,5
ну,5
килограмм,5
сиёнэз,5
сириысь,5
ныро,5
сюкась,5
ӧжытгес,5
куаръёс,5
писпуэз,5
экология,5
бутанысь,5
дурангоысь,5
биологической,5
наличие,5
выжые,5
таламын,5
амурской,5
чукотской,5
петрозаводск,5
адыгея,5
юрла,5
элын,5
латиницалэн,5
чнк,5
общественно,5
йырзэ,5
айтуганова,5
кылбуран,5
нылпиё,5
мылкыдызъя,5
волкова,5
опалёв,5
лилия,5
операциос,5
анатольевна,5
шыд,5
корам,5
возьёс,5
тоды,5
лудкеч,5
турцияын,5
тэк,5
омыретӥ,5
выжыосыз,5
австралияын,5
эскеронъёс,5
куакаез,5
куака,5
секция,5
суро,5
муосты,5
азербайджанлэн,5
буёлъёс,5
рунди,5
кигали,5
отделенияз,5
анджелес,5
эрзурум,5
трабзон,5
кайсери,5
битлис,5
записала,5
бельгилэн,5
румынилэн,5
дуглас,5
данилэн,5
королевствозылэн,5
люксембурглэн,5
норвеги,5
прага,5
албан,5
исланд,5
швецилэн,5
кайсы,5
куштэм,5
стамбулысь,5
эфиопиысь,5
сюресъем,5
буджак,5
кэй,5
тамил,5
чонари,5
атас,5
нумыр,5
юсьёс,5
чёрная,5
яраты,5
алматы,5
канна,5
кенгуру,5
линиын,5
системаын,5
коронавирус,5
чувашилэн,5
турлы,5
арина,5
пушкинэз,5
украинъёс,5
алфавитлэн,5
средней,5
малпаллям,5
купецлэн,5
интыямын,5
библиографической,5
программаосъя,5
федосья,5
орденъёслэн,5
кусыпъёссы,5
кышкан,5
бисар,5
тяма,5
вӧлскемез,5
арктической,5
уйпалын,5
шорезлэсь,5
совхозной,5
пугачев,5
дм,5
сельсоветлэн,5
христолюбова,5
кечиэрен,5
куако,5
максимлэн,5
шудӥзы,5
минутэ,5
самолётэн,5
эквадорлэн,5
вылыз,5
парагвайын,5
штатъёсызлэн,5
каледонилэн,5
майе,5
тюрколог,5
малакка,5
сикким,5
чьяпас,5
зона,5
сычуань,5
венесуэлалэн,5
ямайкаын,5
улӥсьёсын,5
эжен,5
паша,5
перуысь,5
гвинеяын,5
гондурасын,5
орегон,5
гималайын,5
раскладка,5
флоридаын,5
сицилиысь,5
тянь,5
вильсон,5
халиско,5
кавказын,5
панамаын,5
венесуэлаын,5
секторъёс,5
нгома,5
огазеяськонэ,5
депутатсы,5
штатъёсысьтыз,5
вераськисьёсыз,5
науканысь,5
нунавутын,5
юп,5
токио,5
куншетлэн,5
вордиськиз,5
улосвылын,5
ксенофонтович,5
сяськаян,5
висьыны,5
ветлӥллям,5
вӧсясь,5
шундылэсь,5
мыныса,5
юртъеръёс,5
асэныз,5
ида,5
тыршыса,5
кудъёсаз,5
однако,5
тутыгыш,5
захар,5
лаврентий,5
знамяез,5
конференциосы,5
малпазы,5
анимационной,5
байрон,5
нылэз,5
севастополез,5
радъяськиз,5
примечаниос,5
тронина,5
пыӵатӥз,5
кылзэс,5
учко,5
вандэм,5
вандэмын,5
вандэтлэсь,5
бичаса,5
изьыян,5
назад,5
пумъёссэ,5
шортэн,5
йырси,5
укоен,5
туспуктэм,5
лэсьтӥллям,5
конференциын,5
тазэ,5
мынэм,5
од,5
спортэн,5
шудыса,5
старший,5
каронкылэз,5
вошъяськись,5
аналитической,5
дугдылонни,5
урамъёстӥ,5
сеть,5
пассажиръёслэн,5
лумпун,5
былай,5
паллань,5
зури,5
венесуэлаысь,5
лэзё,5
философской,5
нылзэ,5
инвожоозь,5
московская,5
художников,5
рабочий,5
чечым,5
уэсли,5
толэзьзэ,5
дневники,5
вампира,5
очер,5
луымтэ,5
лӧп,5
сэпыч,5
хип,5
вокалист,5
быръёназ,5
дэмласькиз,5
черезов,5
полевой,5
дышетӥсьлэн,5
шудылӥз,5
саралэн,5
мадам,5
гюголэн,5
королевалэн,5
станиславский,5
фестивалез,5
кристина,5
пыжем,5
маяковский,5
материалов,5
города,5
любви,5
кариськыны,5
тулыспалозь,5
метеорология,5
вожвылъяськонын,5
твен,5
миссисипи,5
купол,5
романъёсыныз,5
камасинъёс,5
камасин,5
кашин,5
дж,5
алигьери,5
украиналэсь,5
лулчеберлыко,5
учкымонлыкъёс,5
семьязы,5
пётрлэн,5
ужасьтэм,5
империын,5
гессен,5
кобленц,5
иськемъем,5
палэнтон,5
огазеяськонын,5
африкаез,5
пруссия,5
вилле,5
католик,5
шундыпуксёназ,5
ги,5
правозащитник,5
ярдурзэ,5
ярдурезлы,5
мыныкуз,5
нефёдов,5
азинтӥсь,5
век,5
эрьзя,5
пьесаосыз,5
германитӥ,5
францитӥ,5
астрид,5
буг,5
речь,5
семьяоссы,5
самуил,5
после,5
колчак,5
данъянъёсыз,5
западном,5
фронте,5
цирк,5
дрессировщик,5
ӵушкон,5
были,5
том,5
зонд,5
вепс,5
вайись,5
колониос,5
кайшева,5
партиос,5
мишин,5
кырӟаз,5
дугдытӥзы,5
калмыш,5
кунгожетӥзы,5
кункатэз,5
великая,5
чехословакиын,5
прусской,5
депутатъёсыз,5
эрнест,5
манн,5
лидаын,5
шорысьтыз,5
континент,5
какаду,5
ваза,5
барнард,5
лори,5
робби,5
готтфрид,5
секретарь,5
норвег,5
замокын,5
удмуртарня,5
кусыпсы,5
командалэн,5
кислород,5
года,5
ахмат,5
кадыров,5
кункат,5
луӟ,5
одра,5
шӵечин,5
вымысӧэрысь,5
гожтосъёс,5
джарылгачской,5
куштӥз,5
новгородын,5
княгиня,5
жешув,5
коперник,5
альпзэе,5
патрик,5
галактика,5
балетъя,5
трольлэн,5
нулдэ,5
мю,5
снусмумриклэн,5
ольштын,5
сылало,5
телеканаллэн,5
инъясьёс,5
контора,5
оркестрлэн,5
капелла,5
нарьян,5
кунгожезлэсь,5
нефтебазинской,5
вырумаа,5
ляэнемаа,5
маре,5
лаури,5
паули,5
мэтт,5
ёзэтэзлэн,5
пост,5
правленилэн,5
суэцкий,5
каналэ,5
аномальной,5
родригес,5
пхёнчханын,5
мотоциклъёсты,5
пумиськонзы,5
рейсаз,5
риони,5
жданов,5
секретаряз,5
оливер,5
гюйгенс,5
тихонов,5
континентальной,5
указэз,5
ролан,5
крестоносецъёс,5
атака,5
зоопаркын,5
куашкатон,5
автономиез,5
луиджи,5
мао,5
цзэдун,5
смит,5
иллюзионист,5
конвент,5
совнаркомлэн,5
коалицилэн,5
титов,5
номерзэ,5
ирен,5
жолио,5
омырлэн,5
органической,5
мультипликатор,5
сухой,5
европеецъёс,5
коломбо,5
джордано,5
тӧдьыослэсь,5
леон,5
леонард,5
лайош,5
гюстав,5
бокасса,5
византий,5
захватчикъёслэсь,5
великобританилэсь,5
мази,5
электромагнитной,5
автобусэн,5
коммерческой,5
униез,5
леверье,5
лобӟонэз,5
алхимик,5
шормуӵен,5
кинооператор,5
королевствое,5
пассажирен,5
программист,5
вермахтлэн,5
балтий,5
майорез,5
буэнос,5
юпитерлэн,5
пумиськизы,5
сервантес,5
энрико,5
конструкторез,5
кремльын,5
пуштытэмын,5
ракетаез,5
профсоюзъёслэн,5
пегӟиз,5
компартилэн,5
палеонтолог,5
царствое,5
венчаться,5
кылтэм,5
люмьер,5
источникъёс,5
даун,5
санта,5
партиен,5
космодромысь,5
пытсанэ,5
мессье,5
культуролог,5
рейтер,5
гожтэтэз,5
розенберг,5
чехословакиысь,5
иоанновна,5
французъёсты,5
электротехник,5
америкалэсь,5
киносценарист,5
петроградын,5
покчиарня,5
уолт,5
баллистической,5
судно,5
даниэль,5
имре,5
балезиноысь,5
жорж,5
сенатор,5
кубалэн,5
электропоезд,5
каталония,5
вузаськыны,5
вӧсямын,5
лэсьтӥськыны,5
федерико,5
санитарно,5
сетевой,5
дьюла,5
органэн,5
виён,5
театровед,5
парад,5
престолэзлэсь,5
алессандро,5
лео,5
атаковать,5
ввс,5
тоннель,5
орбитае,5
колумбиысь,5
кораблез,5
уинстон,5
абель,5
фашизмо,5
генетик,5
бирон,5
витёнтэм,5
эдвин,5
бирмингем,5
мор,5
морган,5
абрахам,5
марксизмлэн,5
империлы,5
материалист,5
иннокентий,5
себастьян,5
каремъя,5
кох,5
оскалтӥз,5
амундсен,5
шкалаез,5
зоолог,5
баскетболэн,5
белл,5
афганистанлэн,5
лушкамын,5
линейной,5
баренц,5
выйтэмын,5
рейхстаг,5
керсти,5
шараян,5
нылкышномурт,5
раиса,5
монгольфье,5
шахматъя,5
элвис,5
кутюрье,5
вӧсьчи,5
фомин,5
кудъёсызлы,5
ӧтчам,5
ужъюрт,5
катастрофаез,5
мырӟиськиз,5
корользы,5
быръёнъёсы,5
всеволод,5
эрике,5
гравитаци,5
подшипник,5
геологи,5
кивалтонниез,5
руссо,5
пушпал,5
юлиус,5
американец,5
сюмын,5
тулыспалысен,5
атмосфераез,5
кинэ,5
шоркаръёсыз,5
авантюрист,5
канцлерез,5
факто,5
жугиськонын,5
потонзы,5
роллс,5
удмуртнефть,5
химилэн,5
огюстен,5
оттава,5
решениеныз,5
диана,5
мрамор,5
эгей,5
зарезьёсын,5
пекин,5
рудничной,5
отделенизэ,5
вакуумын,5
планетаослэн,5
слободскойысь,5
наукаослэн,5
наукаос,5
быдӟалазы,5
современном,5
испр,5
доп,5
карьера,5
волапюк,5
зоологилэн,5
наградаосыз,5
чукиндэр,5
мифологиысь,5
вуныл,5
валтэс,5
праздникэз,5
списокъёсъя,5
дэмлась,5
усков,5
зуринской,5
деймос,5
масса,5
шыркӧжы,5
франкфурт,5
абья,5
авдеев,5
вгма,5
гкб,5
импери,5
раздел,4
википедии,4
ижкарысен,4
элькунамы,4
вакытлэсь,4
даурозь,4
губерниос,4
пусъемезъя,4
дурова,4
мукетъёс,4
йоскалык,4
комплексъёс,4
вуылыны,4
быдэсъяське,4
авиакомпания,4
ижавиа,4
центральный,4
ёросъёсаз,4
алигес,4
министрлэсь,4
авторъёсыз,4
нуналысь,4
мотик,4
лэсьтылӥзы,4
мотоцикл,4
спортлы,4
аппаратъёс,4
редуктор,4
кильтро,4
ижевский,4
дугдылытэк,4
ашан,4
сиёнъёсты,4
пӧрало,4
тупатъян,4
ӝытазе,4
йылӥз,4
школаозь,4
ижгорэлектротранс,4
муп,4
пассажиръёс,4
вокзалэз,4
автовокзал,4
ереван,4
белобородов,4
шумилов,4
диалектъёс,4
диалектъёсты,4
говор,4
историысьтызы,4
учыръёсы,4
осконъёс,4
попова,4
под,4
беразы,4
люм,4
луоен,4
пыжонъя,4
чура,4
сар,4
сылӥзы,4
часовня,4
сарапулэз,4
дугдыло,4
пибаньшур,4
республикамылэн,4
кыскизы,4
вперёд,4
поттонэн,4
мишкино,4
югдон,4
восход,4
администрациеныз,4
бырйиське,4
осконтэм,4
губерняысь,4
пенсие,4
софин,4
монография,4
аристелэн,4
степеньзэ,4
тодмоесь,4
насибуллин,4
карпова,4
ров,4
глазын,4
заочно,4
грамотаеныз,4
монографизэ,4
кузёзы,4
пилён,4
огазеязы,4
ӵекто,4
лесотехнической,4
историзылы,4
яд,4
суретъёсты,4
ужаменыз,4
печатлаське,4
новь,4
андорралэн,4
ющенко,4
ви,4
вики,4
молдавия,4
рия,4
ция,4
вакчиятэм,4
удысъёсын,4
представление,4
джоунзлэн,4
пакистанысь,4
чакласа,4
йӧно,4
дэниэл,4
ужпумъёсъя,4
ассоциация,4
малпамзыя,4
лыдпус,4
территориос,4
монархия,4
ӝужа,4
географиын,4
кутоно,4
гонконг,4
гибралтар,4
басьтытэк,4
нидерланды,4
австрилэн,4
вена,4
албанилэн,4
българия,4
фактъёс,4
парламентской,4
республикая,4
акция,4
зӥбломыт,4
вильнюс,4
кня,4
цюрих,4
архипелагысь,4
лымшорез,4
метрлэсь,4
ӝуждалаын,4
евразиысь,4
нур,4
марсель,4
руан,4
ӝуам,4
шорыз,4
экономикалэн,4
сфера,4
вылез,4
сейхан,4
франковск,4
ровно,4
сумы,4
тернополь,4
черкассы,4
черновцы,4
кырым,4
нимъёсты,4
пиштэ,4
чагыралэс,4
гажамон,4
порталэз,4
быдэсъяны,4
заречной,4
экономикаяз,4
иаков,4
тынад,4
нимыд,4
кузёяськыны,4
археологической,4
еврейёслэн,4
религиозной,4
шорозяз,4
бар,4
провинциын,4
иерусалим,4
ока,4
будосъёсын,4
королёв,4
энергия,4
муртъёслэн,4
мылкыдзыя,4
ӧръёс,4
адӟытыны,4
весяклы,4
вылтуссэ,4
палата,4
фонтан,4
суредаськон,4
третьяков,4
кинотеатръёс,4
котырто,4
гуртоос,4
коркаоссы,4
волостной,4
березин,4
волипельга,4
шеп,4
будэтэ,4
программаосты,4
гуждор,4
экскурсиос,4
гердлэсь,4
арен,4
иськемез,4
котькинлэсь,4
январьлы,4
пекинын,4
пунктъёс,4
огпал,4
черкогуртысен,4
пусйымон,4
нуылӥз,4
священниклэн,4
данъяське,4
ульчаослы,4
завьялово,4
кылдытӥсьлэн,4
напра,4
вакытъёс,4
кыльы,4
вузъёсты,4
гыроно,4
кизёно,4
районлэн,4
уженыз,4
статустэк,4
садэ,4
удалтӥз,4
республикаос,4
кыскон,4
район,4
ужбергатӥсьёслэн,4
сибирез,4
нюро,4
бани,4
техникъёслэн,4
станцизы,4
посёлоке,4
живот,4
кривоноговлы,4
сюресъёсты,4
киясаысь,4
уть,4
серафимович,4
сарсак,4
сельсоветъёсты,4
йылпумъяське,4
округъя,4
акаршур,4
библиотекаос,4
костино,4
пургаын,4
вӧлмизы,4
антонова,4
копки,4
пыкиськыса,4
валамаз,4
узи,4
кыстӥсько,4
десятина,4
сӥльлэсь,4
матвей,4
палысеныз,4
палозяз,4
сундур,4
пушкари,4
хутор,4
ярысь,4
удмуртъёсыз,4
журналлэсь,4
эскеро,4
критика,4
фантастика,4
кылъёссэ,4
шепталин,4
огазеяськонэнызы,4
ндр,4
техникумез,4
исполком,4
нылпиосыз,4
республикасы,4
пособиос,4
октябрьысен,4
бермуд,4
георгия,4
макао,4
микелон,4
ымусьтон,4
экваторысь,4
аксарино,4
александрово,4
бармашур,4
бобья,4
богородск,4
жужгес,4
боярка,4
варзи,4
кечево,4
кивары,4
лудзя,4
вятское,4
галаново,4
самарское,4
карашур,4
кекоран,4
колтымак,4
кузебаево,4
норья,4
липовка,4
люга,4
макарово,4
калмаши,4
мужбер,4
мушак,4
нива,4
нижнее,4
вамья,4
новые,4
сентег,4
озегвай,4
подмой,4
русская,4
сепож,4
сосновый,4
кены,4
сюрсовай,4
тортым,4
ушур,4
куюк,4
чурашур,4
шубино,4
юмга,4
юски,4
туркменилэн,4
ашхабад,4
дили,4
ханой,4
аравилэн,4
эр,4
рияд,4
поэмаез,4
нуналъёсы,4
музыкальной,4
пхеньян,4
малайзилэн,4
дамаск,4
таиландлэн,4
инмаре,4
нылъёслы,4
мельников,4
высшей,4
мугъёсын,4
возиллям,4
печатласькыны,4
виль,4
тодӥз,4
тодам,4
вайисько,4
устоесь,4
пуштросъем,4
лина,4
эшъяськиз,4
кылбурчиен,4
учкы,4
роттердам,4
курув,4
коммунальной,4
человека,4
степа,4
черкысь,4
йырсизэ,4
епархиен,4
учредительёсыз,4
православие,4
духовная,4
свердловскысь,4
епархилэн,4
симеон,4
шкрумко,4
фольклорной,4
палангес,4
кулэлыксэ,4
рез,4
фольклорзэс,4
амалъёссэ,4
фестивальёсы,4
юрттӥсьёсыз,4
фестивалязы,4
лыдъем,4
выжыосысь,4
пӧртмаськон,4
проектъёсыз,4
наши,4
свою,4
свободы,4
судьбу,4
дружбы,4
сердце,4
хранит,4
страна,4
форматын,4
бек,4
венгръёс,4
хорватиын,4
ципья,4
неофолк,4
сайтсы,4
куо,4
азинтэ,4
студие,4
инкуазьлы,4
амалъёссэс,4
коллекция,4
мылкыдзэс,4
етӥз,4
повестяз,4
сьӧлыко,4
потыло,4
тунсыкоесь,4
учкизы,4
телекомпанилэн,4
телерадиокомпанилэн,4
потылэ,4
гари,4
станцилы,4
вита,4
вужерез,4
фантастической,4
повестьлэн,4
театръёсын,4
вӧлмытӥсь,4
кырӟанъёссэс,4
юмья,4
бичетъёсын,4
трагедия,4
рт,4
кая,4
гожъямъёссэ,4
вале,4
сборникъёс,4
дебрецен,4
формирование,4
сегедысь,4
новое,4
стал,4
пирита,4
гожъясьёслэн,4
пуромиз,4
говорят,4
религиозно,4
мифологическая,4
картина,4
журналъёслэн,4
хельсинкиын,4
нидерландлэн,4
гуртъёсъя,4
шаляпин,4
искем,4
шобыртэм,4
оглюкетсэ,4
культураос,4
музыкаын,4
хелимский,4
юнматыны,4
туртто,4
крезьгуръёс,4
мориалэн,4
обществозылэн,4
шуиллям,4
диск,4
утэм,4
татарской,4
волжской,4
кыскемын,4
лобачевский,4
эвакуацие,4
хо,4
передачаосыз,4
кылзэ,4
либеральной,4
концерн,4
патриот,4
абакан,4
владикавказ,4
дону,4
чикаго,4
код,4
приход,4
реальной,4
фабрикаын,4
кузонэз,4
сводной,4
пленын,4
педучилищее,4
бакишева,4
музейзы,4
этнографии,4
экспедициен,4
труды,4
педагогияя,4
крезьгурчиос,4
атайёс,4
техникумлэн,4
консерваторилэн,4
консерваториын,4
ополчение,4
кариськемзылэсь,4
халиф,4
атайзы,4
вебмастер,4
нӧръя,4
домашняя,4
деревня,4
пуныгурт,4
ньӧм,4
перед,4
зао,4
ӟольгыри,4
дунъямын,4
пединститутэз,4
локомотив,4
слесарь,4
лапшин,4
люкиськемын,4
материалэз,4
бичаз,4
лингвистикая,4
пресс,4
таланто,4
грамотаосын,4
эстрадая,4
машинаос,4
филармония,4
платонова,4
плотникова,4
корсаков,4
апаез,4
медведева,4
куараеныз,4
влович,4
ал,4
скрипка,4
шудиз,4
матиас,4
методы,4
археология,4
сайтлэн,4
заслуженный,4
дми,4
эскеронэз,4
слово,4
бернат,4
люкасько,4
усьтӥське,4
дышетсконнилэн,4
иськемозь,4
люкаськон,4
ӵошатоно,4
адямиен,4
словен,4
босняк,4
морав,4
черкславян,4
словио,4
сёрег,4
кокконен,4
произведениоссэс,4
самсоновлэн,4
удысчи,4
куншетсэ,4
кунпуссэ,4
хорватиысь,4
елачич,4
культуразы,4
кружоке,4
ульфат,4
арлыдо,4
сборниксэ,4
турттэ,4
юмор,4
выльёсыз,4
пример,4
авторлэсь,4
юморен,4
синмын,4
суредъёссэ,4
серекъян,4
галиханов,4
будон,4
тема,4
малпаськон,4
азбукаез,4
быгатозы,4
учебное,4
пари,4
карзы,4
азинсконъя,4
тартуын,4
климов,4
ригаын,4
чуч,4
др,4
университета,4
гу,4
тукаев,4
христофоровна,4
ураськин,4
кучер,4
мейер,4
кузонэ,4
хлыновын,4
шонертон,4
архитекторлэн,4
революционеръёс,4
заир,4
вокруг,4
гожъяськиз,4
яндекс,4
вотэсысь,4
вотэсэ,4
национальный,4
кыскыны,4
активной,4
выльдыны,4
два,4
ноль,4
промо,4
кузьымгуртын,4
кинлы,4
леу,4
телевидениысь,4
карылӥз,4
юрттэмъя,4
миндэр,4
школалы,4
утиськем,4
академилэсь,4
шупашкар,4
чуръёсыз,4
ортчытӥзы,4
дыдыке,4
куризы,4
очеркез,4
драмтеатрын,4
жингрес,4
шӧмо,4
тарасова,4
ермолаев,4
книгаен,4
черёмуха,4
жин,4
лыдӟыны,4
шӧдӥсько,4
синмаськем,4
сложной,4
вуттӥз,4
умоез,4
яратонлы,4
сюлэмез,4
кузьмич,4
большевикъёс,4
укно,4
судьбы,4
советский,4
утиськись,4
тюрьма,4
облисполкомлэн,4
розита,4
хорен,4
петровлэн,4
голубев,4
нокызьы,4
почётной,4
шӧм,4
чыгун,4
машинаен,4
балтика,4
сётиз,4
фондэз,4
ортчытъяло,4
классъёс,4
нидерландын,4
устоез,4
куинез,4
тырмыса,4
луонлыкез,4
данэз,4
коллективез,4
ӧтё,4
гражданинэз,4
венаын,4
телецентр,4
мерзляков,4
гайдар,4
мамонтова,4
кузесь,4
ныллэн,4
артамонов,4
тасс,4
нылашез,4
сюлэмзэ,4
вольыт,4
сюлмысь,4
пропагандая,4
вао,4
делегат,4
пугачёва,4
чузъяськиз,4
мӧйыос,4
огыр,4
огазеяськонэз,4
вӧлъяз,4
пусъён,4
иисус,4
лэсьтӥсьёс,4
вӧсяськыны,4
чиптэм,4
чаптэм,4
пиштӥсь,4
эктонъёсты,4
конкурсъёсы,4
малпанъёсты,4
лютеран,4
пукисьёслы,4
пиослы,4
вырылӥзы,4
чер,4
ӵектӥзы,4
ыбылэмын,4
библиотекалы,4
ошмесэз,4
ощепков,4
яг,4
як,4
ожлэсь,4
долгорукий,4
дауръёс,4
татар,4
крепостьлы,4
вӧл,4
чакланы,4
архитектураез,4
даурлы,4
преображенской,4
поволжье,4
сизьыметӥез,4
геометриез,4
нуналзэ,4
эшъёсызлэсь,4
пулемётэз,4
ркка,4
вооружённых,4
мтс,4
программая,4
станциозь,4
вӧзтӥ,4
быдэстӥзы,4
ворсазы,4
декабристъёс,4
сяменыз,4
уллязы,4
чаклаз,4
типографиын,4
писательлэсь,4
астэ,4
берыкто,4
сюлмыз,4
семёновна,4
легенда,4
тыез,4
губернатор,4
кивалтэтэз,4
магистральной,4
аэропортэз,4
сельскохозяйственной,4
тыро,4
пересез,4
йыг,4
азербайджанысь,4
вина,4
сӥлен,4
россиетӥ,4
казан,4
ханствоез,4
кивалтӥсьёссы,4
революцилэсь,4
авиастроительной,4
финансовой,4
корпорацилэн,4
технологической,4
джалиль,4
эскерисьёс,4
кунэ,4
будыны,4
марксизм,4
лыдӟиськиз,4
берытскыны,4
брюссельын,4
эшъёссэ,4
люкиз,4
партизэс,4
оскизы,4
секытъёсыз,4
вуылэм,4
ужатозяз,4
кыллюкамъёс,4
печатласа,4
потам,4
удысаз,4
пертчон,4
чотан,4
усьтӥллям,4
ворттылонъя,4
кемалы,4
малпамтэ,4
бызьылон,4
разряд,4
смоленскын,4
шергес,4
берекет,4
арнялы,4
характеристика,4
расположенный,4
часовой,4
саесъёсыз,4
чальдэтъёсыз,4
потан,4
гожъёс,4
мугез,4
царской,4
ленинградской,4
адмиралтейской,4
александро,4
карлуд,4
биржа,4
мариинской,4
лулчеберетэз,4
ахматова,4
ӧвӧлэн,4
благовещенск,4
революциез,4
пумита,4
партизанъёслэн,4
митрейлэн,4
калыкезлэсь,4
биографизэ,4
адямиослэсь,4
нылызлы,4
ӝутэ,4
балезиноын,4
укшась,4
кузьмам,4
инфраструктура,4
юбилейной,4
шуккемын,4
сталь,4
осипович,4
дирижёрез,4
атайзэ,4
тушмонлэн,4
дальней,4
симфониез,4
композиторъёс,4
посёлоклэн,4
молоко,4
ужъёсынызы,4
отделлэн,4
думае,4
шайвылын,4
вуосын,4
кизнерысь,4
бызьылонъёсын,4
биатлон,4
чемпионатын,4
гаевич,4
дышетсконниез,4
записки,4
иерусалимысь,4
улыкуз,4
жанръем,4
лэсьтымтэ,4
арсенал,4
ижмашлэн,4
зорин,4
алексеев,4
суредам,4
шоразы,4
канат,4
чаклазы,4
константиновна,4
анжелика,4
труд,4
вась,4
ортчыны,4
кылбуръёслэн,4
юртысь,4
гражданин,4
ожгарчиослы,4
тэтчиз,4
даша,4
томах,4
сочинениос,4
сиськонни,4
юрттон,4
живой,4
все,4
стихотворений,4
урбан,4
кузин,4
свой,4
дементьев,4
авг,4
языковой,4
миф,4
этнография,4
наследие,4
степной,4
комиссиен,4
фашистъёслэсь,4
пегӟем,4
воштэ,4
можгинский,4
ужасьёслэсь,4
пыӵа,4
адресъя,4
операос,4
камерной,4
учкытэк,4
валанъёс,4
кивалтӥсьсы,4
тулкымъёсыз,4
интыосысь,4
шедьтэ,4
дӥсьты,4
берытскон,4
любич,4
факты,4
глухов,4
реформаез,4
гордо,4
дмитриевна,4
голдина,4
студияз,4
портрет,4
пӧрмо,4
ярало,4
художественно,4
графической,4
герӟетсы,4
адӟытонэз,4
финляндие,4
пединститутысь,4
семинар,4
материалъёсыз,4
гулинлэн,4
тодманы,4
константинополь,4
куштӥзы,4
егоров,4
щербаков,4
нянькина,4
улосъёсысь,4
вӧлмытонъя,4
вайыны,4
касаткин,4
вещание,4
яраз,4
кузьда,4
кыкназы,4
будэтыны,4
висьыку,4
корзинка,4
кочыш,4
мырк,4
дӥнь,4
пуксьыны,4
республик,4
комиысь,4
нск,4
мордовилэн,4
саранскын,4
крепосте,4
крепостьын,4
воштӥське,4
ваёбыж,4
булычёв,4
киыныз,4
вуон,4
будэтэм,4
дивизионын,4
эбе,4
камарго,4
кузялэс,4
пуштрес,4
котькытысь,4
поныны,4
мый,4
модосэз,4
бусӥр,4
кисьтӥз,4
пислэгъёс,4
номыре,4
азорысь,4
куаразэ,4
кикыос,4
килограммозь,4
мугоро,4
структураез,4
койык,4
евразияын,4
вӧлскем,4
применение,4
тус,4
мертчан,4
ламберт,4
кӧмо,4
хуаншаньысь,4
юньнаньысь,4
суматраысь,4
сезьы,4
пастернак,4
веществоос,4
кызыл,4
знамяен,4
выльсибирск,4
проблема,4
узб,4
поты,4
вала,4
классозь,4
быдтэмез,4
невропатолог,4
те,4
виноградов,4
сямъёссэ,4
шумпотон,4
пияшлы,4
муртлэсь,4
шал,4
вискы,4
постников,4
коля,4
энциклопедилэн,4
багай,4
аркаш,4
вормонлы,4
книппер,4
чеховлэн,4
михайловна,4
боевой,4
жугиськемез,4
ёзмуртэз,4
ворончихина,4
галичанин,4
вениаминовна,4
ветлылӥз,4
апполенария,4
поздеева,4
вормисьёс,4
сюлмаське,4
ярославцев,4
бусыосын,4
вылтусызъя,4
улонзы,4
гопе,4
адресэз,4
мушъёс,4
юрмалай,4
коӵо,4
каталан,4
афины,4
грецилэн,4
белград,4
суахили,4
кичукиро,4
ньаругенге,4
ӟазег,4
фёдорова,4
эсватини,4
ливилэн,4
фоссил,4
артвин,4
ризе,4
карс,4
текирдаг,4
бурса,4
синоп,4
аксарай,4
нигде,4
ыспарта,4
кютахья,4
маниса,4
малатья,4
мадрид,4
белоруссилэн,4
летописьёсын,4
норвегилэн,4
инёню,4
эврен,4
тургут,4
сулейман,4
успен,4
успенский,4
тюльпан,4
татариысь,4
шариф,4
сицилия,4
танзаниын,4
кениын,4
висёнъёсты,4
кузьгес,4
гид,4
возьман,4
утялтон,4
кызьпулэн,4
мукетъёсыныз,4
выжыоссы,4
выллань,4
ошиськись,4
утёно,4
эмъяськонын,4
спираль,4
бубал,4
ньяла,4
куду,4
орикс,4
грисбок,4
подвидъёс,4
орангутан,4
примат,4
сифака,4
лэсьтӥсько,4
гагауз,4
букваен,4
сыӵеос,4
песяез,4
онегин,4
уйпала,4
темаосъя,4
ортчылэ,4
рамзан,4
каб,4
бал,4
лэсьтонэз,4
нимлыко,4
нырысети,4
балт,4
кенлы,4
нуллон,4
пумиськонъёс,4
здесь,4
заря,4
азелы,4
западно,4
ильинка,4
каръёсаз,4
декоративно,4
творчество,4
универсальной,4
глазовского,4
флора,4
электронной,4
базуева,4
сельсоветысь,4
арам,4
классъёслы,4
корнил,4
чимошур,4
тебе,4
ойдо,4
кутлы,4
тылобурдоосты,4
гуртсылы,4
азьпалыз,4
тыбырыз,4
лобась,4
ватсэтэз,4
рдскиз,4
бадӟыматон,4
сельсоветэ,4
йыл,4
ившин,4
продюсерез,4
варшаваын,4
фролова,4
ядыгарова,4
князев,4
вузаса,4
люкетэ,4
кырӟасьлэн,4
монтаж,4
киселёва,4
наукаен,4
зыл,4
рем,4
физкультурая,4
тасманилэн,4
колумбилэн,4
квинсленд,4
малайский,4
гималаи,4
филиппины,4
лусон,4
азии,4
восточный,4
председатель,4
медпункт,4
гынэ,4
инжир,4
делавей,4
фразер,4
секц,4
нӧднюк,4
ролл,4
иҧа,4
юкатан,4
техас,4
штатъёсызын,4
чиуауа,4
хабаровской,4
россияын,4
камчатский,4
мексико,4
тибетын,4
ветлэмез,4
пусъёсты,4
программной,4
раскладкаос,4
крымын,4
иранын,4
македониысь,4
марис,4
мартинес,4
комаров,4
мароккоын,4
пальма,4
метра,4
клей,4
лулпулэн,4
йылысьтыз,4
непалысь,4
мэриленд,4
чилиын,4
арабъёс,4
руханго,4
ремера,4
енишехир,4
азат,4
алфавитъёсыз,4
нывуӄаӷмит,4
районысь,4
сьюард,4
слоупысь,4
ньюфаундленд,4
юпикъёслэн,4
кускоквимысь,4
чайник,4
карандаш,4
але,4
беседа,4
ортчытӥсько,4
пеле,4
ветеринарной,4
статьязэ,4
батуевлэн,4
мк,4
курон,4
социализмлэн,4
созэ,4
сямъёс,4
люкаське,4
вандо,4
вошъяське,4
вӧсян,4
берто,4
первая,4
арекеева,4
дэмлам,4
дышем,4
сэдык,4
мумы,4
цирковой,4
интыосы,4
сэрег,4
яркытэсь,4
лекез,4
интыенызы,4
тодматскыса,4
матӥ,4
яшинлэн,4
кудэныз,4
паулу,4
тодматӥз,4
оно,4
жени,4
марфа,4
осип,4
кондратий,4
странаосысь,4
пролетарийёс,4
огазеяське,4
чума,4
сингл,4
кулонэз,4
рейх,4
гог,4
сер,4
оскымон,4
тылсиос,4
курсъёс,4
кесэглэсь,4
мугор,4
кыретэз,4
коньдонъёсын,4
айшон,4
уко,4
пужыятэмын,4
чеберманъёс,4
йыркерттэт,4
пустоллэсь,4
пильыслэсь,4
саестэм,4
кышноос,4
колоша,4
пыдазы,4
сюрсо,4
мукетъёсызлэн,4
эмеспилэн,4
изьыяло,4
сэрго,4
выллемъёс,4
пумъёсаз,4
вордске,4
дукессэс,4
дэремзэс,4
кулэсь,4
кускерттон,4
каремез,4
ватсасько,4
ды,4
оскыса,4
действилэн,4
кушето,4
тала,4
пуктӥсько,4
ошет,4
пиосмуртъёслэн,4
ськутсы,4
бордазы,4
манетъем,4
газовик,4
газпром,4
учительской,4
кылрадъянэз,4
кыказ,4
гсуя,4
неопределенной,4
ны,4
категоризэ,4
тыршисьёс,4
ӧнер,4
пальшина,4
хозяйственной,4
расписаниез,4
шоркарысьтыз,4
фолк,4
скорой,4
вокзалысь,4
расписанизы,4
инфраструктураен,4
любимый,4
нет,4
восточных,4
транспортлэн,4
компаниослэн,4
кутык,4
лобань,4
чушкец,4
песьтэр,4
пыӵас,4
лоллэӟ,4
сямпог,4
итчи,4
дӥньтэм,4
меньйыл,4
саля,4
лозое,4
ышем,4
табань,4
пунылы,4
скульптура,4
список,4
радуница,4
айседора,4
мейерхольд,4
куартолэзьысен,4
ташкентын,4
дункан,4
толстая,4
имажинисты,4
госиздат,4
томез,4
современность,4
мугъёсыз,4
моника,4
кэтрин,4
сериалын,4
йен,4
кузьымъёс,4
укана,4
ёросэзлэн,4
тюлькин,4
движениын,4
первой,4
чакара,4
этапъёсаз,4
кубоказ,4
зачётын,4
гонкаын,4
садэз,4
ёросъёстӥ,4
шудтэм,4
мозмытыны,4
саралы,4
тургенев,4
шекспирлэн,4
рио,4
юхо,4
микко,4
адель,4
юрттыны,4
ньютон,4
авторъёслэн,4
шаеръёсын,4
индейской,4
оператор,4
кнр,4
публий,4
овидий,4
куиньметӥ,4
элементэз,4
элементъёс,4
каньыл,4
пасьёс,4
тупатыны,4
шуркынмонозь,4
студиен,4
каплан,4
ваньзылы,4
мак,4
клеменс,4
историязы,4
кӧй,4
крис,4
сочиын,4
украинецъёс,4
армянъёс,4
кенешлы,4
пыдултэм,4
объект,4
джанкой,4
мукожез,4
музъемен,4
алушта,4
быдэстыны,4
базиликаез,4
выльдэмын,4
выльдэм,4
базилика,4
карисьёс,4
шундыпуксёнысьтыз,4
уткин,4
тодосъёс,4
центрезлэсь,4
сун,4
геленджик,4
тодмозэ,4
трубецкой,4
сатурн,4
буге,4
вӧлдӥське,4
дворецез,4
станцилэсь,4
блокланд,4
корнелиус,4
мюнхенысь,4
ларс,4
михаэль,4
шостакович,4
ева,4
бызиз,4
берлинэ,4
чрезвычайной,4
ыштонъёсыз,4
армилы,4
котькызьы,4
борддорез,4
юбо,4
тюрьмае,4
лулчеберез,4
управленилэн,4
федерации,4
сельхозугодиос,4
бюджетной,4
мюнстер,4
идӟие,4
кузёяське,4
мукетаз,4
монументалист,4
приют,4
перемен,4
товарища,4
обелиск,4
ремарклэн,4
концлагерьын,4
концлагерь,4
арбериосыз,4
бергер,4
пытсэтэ,4
кыллизы,4
даннойёс,4
карзэ,4
ничего,4
просто,4
этого,4
вотэс,4
салават,4
