word,count
на,633140
та,420060
до,324695
року,238384
за,236087
що,227141
від,186244
для,137715
не,137287
також,116876
як,115553
україни,108476
році,105071
його,96233
про,91053
було,86419
населення,80283
був,78943
під,74793
км,70506
із,69808
або,66613
він,65692
після,63799
час,61684
області,61142
село,59516
по,57374
села,56717
які,56414
посилання,55140
примітки,53876
це,53625
при,50739
були,50673
який,50001
була,49099
де,49039
але,48989
об,47720
району,46471
осіб,45363
років,44893
через,41776
її,41593
див,40841
історія,38587
яких,37897
селі,37104
міста,36545
україні,35502
тому,34176
їх,33426
близько,33128
яка,32745
пам,32241
так,32117
вони,30797
між,29988
війни,29665
має,29231
український,28349
того,27928
рік,27694
століття,26926
муніципалітет,26897
коли,26627
ст,26427
сша,25957
зі,25763
лише,25552
української,25370
ще,25263
цього,25069
джерела,24859
них,23891
область,23888
муніципалітети,23803
інших,23658
район,23650
ради,23609
життя,23508
цей,23489
вона,23233
серед,22832
література,22800
місто,22554
став,22536
території,21985
може,21801
чи,21700
роки,21538
ім,21510
роках,21292
складу,21108
один,20584
початку,20358
становить,20337
зв,20246
срср,20151
інші,19719
список,19176
схід,18963
відстані,18879
можна,18582
франції,18557
липня,18361
січня,18174
багато,18025
землі,17987
тільки,17808
щоб,17757
над,17687
вже,17654
якого,17643
зокрема,17552
особи,17546
одного,17515
разом,17481
імені,17245
го,17130
українські,17089
червня,17065
департаменту,17035
річки,17019
участь,16957
історії,16912
регіоні,16853
бути,16838
тут,16825
наук,16756
інституту,16741
цьому,16605
назва,16592
наприклад,16588
київ,16570
захід,16417
проти,16375
місце,16280
частина,16202
університету,16010
період,15986
сайті,15932
культури,15836
два,15711
якщо,15448
центр,15440
рр,15421
всі,15401
кількість,15328
мають,15317
перший,15291
національного,15288
березня,15200
вересня,15174
проте,15074
травня,15058
розташований,15001
те,14891
той,14834
районі,14805
дуже,14769
складі,14697
церкви,14596
церква,14580
грудня,14569
жовтня,14517
серпня,14496
місті,14319
однак,14296
згідно,14266
пов,14240
значення,14214
більше,14211
урср,14117
ін,13999
розподіл,13991
світу,13880
листопада,13879
понад,13854
біля,13783
роботи,13751
мови,13750
південний,13698
українська,13664
іван,13497
розташоване,13493
квітня,13447
ці,13362
мовою,13354
демографія,13353
член,13235
українського,13234
без,13198
тоді,13182
тис,13157
свою,13131
системи,13122
протягом,13027
армії,12983
три,12955
часу,12952
економіка,12936
різних,12913
можуть,12905
саме,12860
потім,12829
кам,12829
росії,12764
лютого,12736
згодом,12679
двох,12631
муніципалітетів,12620
людей,12616
такі,12598
тощо,12555
розвитку,12478
пізніше,12431
часто,12350
то,12328
крім,12272
голова,12234
сусідні,12229
люди,12226
школа,12218
країни,12199
знаходиться,12177
рада,12111
все,12102
україна,12051
оскільки,11967
даними,11929
імперії,11862
якої,11809
майже,11777
єкти,11720
школи,11656
ніж,11601
відповідно,11556
провінції,11548
йому,11535
якому,11449
навіть,11448
держави,11436
мова,11430
базі,11393
свого,11382
яке,11368
департамент,11357
володимир,11353
нього,11141
чином,11122
всіх,11119
стала,11110
цих,11043
кілька,11019
деякі,10813
честь,10723
хоча,10696
північний,10696
пункти,10657
станом,10635
назву,10605
млн,10594
світової,10572
типу,10555
групи,10537
одним,10470
отримав,10461
микола,10460
день,10448
олександр,10440
створення,10421
відомі,10374
ця,10360
працював,10311
частини,10254
себе,10236
діяч,10209
італії,10097
географія,10080
дві,10071
діяльність,10065
населені,10062
права,10062
громади,10049
щодо,10034
влади,10004
місцевого,9987
перед,9984
своїх,9982
мав,9971
допомогою,9934
цієї,9835
народився,9835
тим,9834
язку,9828
сім,9778
нині,9775
організації,9757
яку,9735
південь,9679
академії,9677
повіту,9645
львів,9629
таким,9611
російської,9563
тобто,9553
перша,9540
погода,9531
міст,9470
праці,9454
віком,9423
більш,9392
використання,9386
управління,9328
належить,9324
таких,9318
походження,9315
роль,9311
партії,9267
результаті,9266
великий,9251
ті,9234
українських,9230
новий,9229
сил,9176
вперше,9171
сайт,9157
національної,9141
завдяки,9100
статтю,9031
парижа,9006
будь,8999
війська,8968
діяльності,8964
уродженці,8920
особливо,8895
ан,8864
води,8862
більшість,8847
європи,8810
свої,8807
даних,8765
другої,8748
багатьох,8710
польщі,8701
михайло,8700
стали,8630
проживали,8621
частині,8599
велика,8585
дослідження,8577
якій,8563
євро,8531
французького,8529
смерті,8475
освіти,8472
дітей,8464
одна,8455
часів,8415
василь,8410
людини,8401
переписом,8344
там,8334
нового,8326
система,8313
внаслідок,8307
музей,8279
перші,8248
переважно,8242
республіки,8229
громаді,8216
відбувається,8195
автор,8195
спочатку,8173
га,8134
світі,8106
місці,8083
числі,8067
івана,8056
мали,8041
союзу,8033
києві,8017
радянський,8014
наприкінці,8002
мала,7974
видів,7921
інститут,7899
нова,7883
поселення,7880
шевченка,7870
сузір,7869
знову,7825
доходів,7820
дерев,7804
північ,7800
основі,7793
зазвичай,7789
вулиці,7751
свій,7740
існує,7701
будинок,7695
губернії,7671
видання,7654
частину,7644
моря,7585
помер,7540
медіана,7537
київського,7492
муніципалітеті,7487
вид,7486
єднання,7427
театру,7420
руху,7411
хто,7399
твори,7387
право,7374
ять,7338
іншими,7330
письменник,7297
раніше,7286
першої,7264
мистецтва,7253
назви,7248
регіону,7245
річка,7241
державного,7239
приблизно,7239
сільська,7229
березі,7219
виробництва,7184
жителів,7169
виносила,7154
деяких,7151
іванович,7150
особоспоживача,7146
університет,7132
собою,7127
національний,7113
члени,7106
галерея,7101
навчання,7101
великої,7090
великого,7084
київської,7081
померли,7071
числилось,7055
розвиток,7023
визначення,7023
перепису,7020
професор,7012
початок,7008
склад,7005
тисяч,6991
назвою,6966
вигляді,6964
син,6961
премії,6957
закінчив,6933
ним,6929
мешканців,6911
учасник,6895
товариства,6894
японії,6893
трьох,6883
святого,6883
увійшло,6880
першим,6875
ігор,6870
використовується,6862
кінця,6828
слова,6816
ятки,6815
голови,6813
відомий,6810
петро,6804
різні,6791
складається,6787
клуб,6772
група,6768
києва,6755
країн,6721
мати,6715
столітті,6698
усіх,6685
новому,6676
фільм,6668
верховної,6658
буде,6653
російський,6606
метою,6603
мм,6603
поблизу,6586
самоврядування,6570
першого,6537
площа,6536
сіл,6534
центру,6533
стало,6528
же,6503
дня,6484
станції,6483
основні,6482
досить,6471
науки,6445
кар,6423
декілька,6422
роман,6417
пісні,6381
яким,6314
науково,6308
рішення,6295
державний,6294
дії,6288
географії,6275
орган,6257
нові,6256
сході,6243
селище,6242
міністрів,6239
засновані,6236
радянської,6233
слов,6232
книги,6228
галузі,6227
народний,6222
великих,6221
повністю,6214
досліджень,6201
сільської,6200
генерал,6198
межах,6197
цю,6197
розташована,6183
роботу,6180
нью,6179
загальному,6173
єр,6139
військ,6126
почали,6122
становила,6118
сили,6113
державної,6106
великі,6101
форми,6092
забезпечення,6070
будівництво,6068
чоловік,6067
рідною,6064
сан,6041
біографія,6036
півночі,6026
підприємства,6020
світ,6011
ред,5990
президента,5971
місця,5970
почав,5968
боку,5957
правління,5956
офіційний,5955
події,5921
жінок,5919
вулиця,5868
доктор,5855
радянського,5828
війна,5822
тепер,5819
компанії,5809
всього,5801
сам,5796
іноді,5792
російсько,5771
існування,5766
збройних,5762
сергій,5762
працює,5754
юрій,5741
неї,5734
андрій,5733
культура,5711
нових,5708
види,5707
художник,5697
роду,5690
чого,5656
звання,5647
ми,5639
проходить,5629
актор,5626
обов,5618
перших,5611
чотири,5606
термін,5598
бібліотека,5598
скликання,5581
заслужений,5575
комп,5565
літератури,5554
південно,5554
кіно,5543
тих,5539
господарства,5520
сьогодні,5508
питань,5494
американський,5494
шляхом,5488
завод,5486
процес,5482
називають,5479
питання,5479
будинку,5475
лінії,5473
можливість,5471
заході,5470
ла,5468
міської,5467
народу,5429
каталозі,5426
часи,5418
походить,5415
найбільш,5413
слово,5401
король,5395
своєї,5395
персоналії,5370
усі,5366
створено,5350
українців,5347
оригінальному,5344
європі,5342
волості,5320
батько,5316
центром,5309
команди,5309
промисловості,5301
івано,5290
днів,5289
прем,5287
вище,5278
комітету,5276
домогосподарств,5273
часом,5254
зміни,5246
театр,5246
енциклопедія,5245
значно,5233
провінція,5209
вул,5205
собі,5203
фільми,5197
містить,5195
чисельність,5191
головним,5185
селян,5167
яті,5159
своє,5150
відомості,5135
другий,5134
поет,5134
виконання,5127
президент,5126
вважається,5123
цій,5121
населених,5107
повстання,5106
головний,5101
уряд,5090
стає,5081
відділення,5080
рср,5071
своїм,5066
гурту,5065
зараз,5063
вплив,5060
герой,5040
храм,5040
творів,5034
короля,5033
випускники,5031
кількості,5026
тіла,5014
теорії,5000
родини,4990
використовують,4987
британії,4983
адміністративно,4977
альбом,4971
політики,4969
брав,4968
мало,4961
реформи,4956
станція,4956
німеччини,4945
друга,4944
розташовані,4939
св,4926
львові,4916
інформації,4886
рух,4880
рівня,4880
ряд,4879
воно,4878
голодомору,4869
формування,4865
випадку,4864
дані,4857
центрі,4854
їм,4853
далі,4851
територія,4850
періоду,4848
завжди,4846
поверхні,4843
галактика,4843
пунктів,4842
застосування,4840
опис,4837
колишній,4829
москва,4827
навколо,4815
львівської,4815
уряду,4806
газу,4789
дворів,4785
статус,4781
см,4774
ятник,4760
мистецтв,4751
входить,4750
нан,4749
цим,4741
функції,4731
краю,4727
рима,4725
півдні,4717
вугілля,4713
ними,4695
харків,4672
школі,4667
мешкало,4665
добре,4661
статті,4658
чоловіків,4654
полку,4643
школу,4638
систем,4637
яна,4635
людина,4633
програми,4624
режисер,4622
перебував,4622
оподаткованих,4616
тварин,4597
нової,4595
однією,4592
ліквідації,4580
проведення,4578
виробництво,4575
першу,4574
бо,4570
язані,4568
двома,4566
влада,4561
фестиваль,4560
народились,4554
марія,4554
спілки,4545
ні,4544
дмитро,4535
галактики,4534
шлях,4528
відкрито,4528
нижче,4526
своєму,4522
проблеми,4519
наукових,4515
менше,4508
єкт,4506
кінці,4501
народження,4493
перше,4492
селища,4490
книга,4486
радянські,4476
велику,4474
чолі,4469
віктор,4468
частиною,4468
володимира,4465
рівень,4465
територій,4463
зображення,4461
олександра,4418
належать,4400
окрім,4399
утворення,4394
загальна,4390
серії,4388
здоров,4382
ньому,4381
одночасно,4381
харківської,4375
речі,4371
команда,4370
унр,4350
бази,4345
депутат,4340
ступеня,4338
встановлено,4333
країнах,4329
словник,4319
робіт,4319
мову,4316
називається,4315
умови,4314
отримала,4306
головою,4301
кабінету,4282
дозволяє,4270
російські,4262
можливо,4253
орден,4244
замість,4241
ян,4240
земель,4236
васильович,4232
членів,4228
миколайович,4226
класу,4217
означає,4216
правило,4213
директор,4210
міститься,4207
північно,4207
університеті,4206
індії,4203
воєводства,4201
закон,4198
українською,4197
інформація,4195
немає,4190
том,4187
компанія,4183
відкриття,4179
міського,4165
безпеки,4164
жінки,4152
павло,4137
адміністративний,4129
острів,4129
русі,4123
природи,4111
рослин,4104
центрів,4100
іншого,4098
умовах,4097
стан,4092
будівництва,4092
своїй,4089
іі,4085
клубу,4080
чемпіонату,4075
війні,4070
такий,4069
рівні,4060
членом,4055
основному,4048
іспанії,4046
сен,4046
во,4045
останні,4041
життєпис,4034
останній,4033
відстань,4031
одну,4027
керівництвом,4027
революції,4026
громад,4025
матеріали,4006
країні,3999
держав,3993
число,3991
економічних,3990
азії,3990
повітря,3990
захисту,3990
нагороди,3973
волинської,3968
площі,3968
своєю,3962
музики,3961
князя,3961
окремих,3959
громада,3954
поля,3952
англії,3951
міжнародного,3936
нафти,3936
довжина,3933
церкву,3931
греко,3928
дні,3926
гурт,3922
одне,3921
озера,3920
парк,3920
матеріалів,3907
освіта,3895
україну,3891
гори,3882
народної,3875
місць,3874
займає,3869
вивчення,3868
одному,3868
язок,3867
штат,3863
посаду,3863
єктів,3859
музею,3851
використовуються,3849
швидко,3847
відбувся,3846
історію,3842
межі,3838
оун,3831
язки,3820
дружина,3818
заступник,3816
родовища,3814
республіка,3813
журнал,3808
другого,3804
справ,3804
другій,3802
радянська,3801
вдалося,3799
союз,3798
альпи,3798
російська,3793
існують,3784
владу,3782
територіальної,3772
футболісти,3767
систему,3761
служби,3756
перелік,3750
військовий,3748
відомо,3747
спорту,3745
метрів,3744
половині,3744
досягнення,3733
більшості,3733
полтавської,3732
військових,3731
головного,3727
закінчення,3727
господарство,3726
разів,3720
петра,3720
поширення,3717
золота,3715
рід,3712
середині,3706
росія,3706
практично,3695
загалом,3692
григорій,3688
свято,3684
америки,3681
західній,3676
київський,3675
доби,3673
громадський,3673
частково,3660
наукова,3656
сучасної,3655
пісень,3654
відміну,3653
починаючи,3651
течією,3646
поняття,3641
організація,3640
молоді,3631
мов,3629
операції,3629
рок,3629
млрд,3628
клімат,3626
творчості,3623
економіки,3621
рахунок,3619
товариство,3618
старший,3614
владою,3609
напрямку,3606
елементів,3603
видавництво,3601
українську,3596
думку,3593
мистецтво,3591
теорія,3590
вийшов,3590
михайлович,3588
згадується,3586
середня,3581
кількох,3581
версія,3578
князь,3577
ній,3573
боротьби,3568
композитор,3567
охорони,3565
редакції,3565
зображень,3563
лауреат,3563
російського,3558
пункт,3558
футболіст,3556
рона,3554
слід,3553
моделі,3552
тараса,3546
сезону,3546
рамках,3544
комплекс,3536
діє,3536
загинув,3525
місцевих,3521
техніки,3517
якою,3509
затвердження,3508
заснування,3507
миколи,3503
народні,3499
однієї,3498
загальні,3494
ході,3492
повернувся,3484
овернь,3477
північної,3472
головна,3472
числа,3470
ролі,3466
приміщення,3465
окремі,3464
міжнародних,3459
північному,3454
архітектури,3454
мережі,3453
чернігівської,3451
березні,3449
криму,3441
територіальних,3440
просто,3437
дій,3433
незалежності,3432
німецько,3432
народів,3427
переклад,3426
оборони,3425
держава,3424
списку,3423
адміністративних,3422
селяни,3421
історик,3415
михайла,3414
нову,3413
підприємств,3409
збірної,3408
греції,3407
москві,3407
енергії,3407
львова,3406
факультет,3405
призначений,3401
прізвище,3400
родина,3398
жителі,3396
основних,3385
швидкість,3385
промисловість,3385
віці,3382
упа,3380
острова,3380
східній,3378
спосіб,3377
ле,3370
фільму,3368
депутати,3368
розпорядження,3361
ринку,3361
бере,3358
ти,3352
військові,3352
футболу,3351
вважають,3351
армія,3343
великій,3336
поруч,3335
властивості,3333
вересні,3332
написав,3329
умов,3327
міг,3327
будівлі,3326
кафедри,3325
центральної,3324
робота,3324
сина,3320
тернопільської,3316
органів,3310
відносно,3309
му,3309
територію,3306
знак,3305
військами,3304
постійно,3303
політичний,3301
єра,3301
точки,3299
транспорт,3296
навчався,3296
процесу,3293
модель,3292
менш,3284
щорічний,3284
знаходяться,3276
травні,3276
кожен,3268
міжнародний,3264
імперія,3261
поступово,3259
річці,3258
незважаючи,3257
олімпійських,3257
землю,3256
положення,3253
червоної,3253
метод,3250
творчість,3249
форма,3247
влітку,3240
працювати,3239
січні,3235
думка,3232
отримали,3231
структура,3228
франка,3227
анатолій,3224
найбільше,3219
широко,3218
комісії,3213
храму,3213
народного,3209
наступного,3202
прав,3201
селом,3200
офіційно,3196
пісня,3195
західної,3194
повернення,3184
радянських,3184
українське,3182
сучасних,3180
названо,3177
довідник,3176
елементи,3174
грудні,3173
відродження,3172
аж,3172
північній,3172
нею,3169
учасники,3168
їй,3168
батька,3163
ліги,3161
олексій,3160
українці,3158
бібліотеки,3156
партія,3155
уже,3154
алфавітом,3151
методи,3146
раз,3141
військово,3139
хмельницького,3138
покровитель,3137
представники,3136
частин,3133
призначення,3133
використовувати,3129
керівник,3129
альбому,3124
наукові,3123
сільській,3123
педагог,3120
кінець,3118
речовини,3117
прізвища,3117
житомирської,3117
інтернет,3116
момент,3115
міністр,3115
смерть,3107
колгосп,3107
монастиря,3107
продукції,3103
дніпро,3103
ордена,3103
включає,3101
становило,3100
монастир,3097
суспільства,3095
донецької,3092
історичних,3089
серпні,3088
завдання,3087
покоління,3084
червні,3083
своїми,3083
розташування,3074
округ,3074
сучасного,3072
відділу,3072
представників,3064
гри,3061
премія,3059
жовтні,3057
французький,3056
газети,3054
нар,3051
першій,3051
створив,3050
королівство,3049
почала,3048
східної,3048
підтримки,3046
чотирьох,3046
учнів,3043
виборах,3042
провів,3039
могли,3039
дає,3036
першому,3035
незабаром,3035
матері,3035
освіту,3032
версії,3031
районів,3027
хрест,3025
укр,3024
узбережжя,3023
входять,3023
герб,3020
королем,3020
нове,3017
матчі,3017
поле,3008
острови,3005
парку,3005
працюють,3002
міській,3000
політичні,2996
участі,2996
округу,2994
працювали,2991
музика,2990
справи,2990
смт,2990
хх,2989
наявного,2986
така,2986
фактично,2985
якими,2984
історичні,2984
липні,2983
церкві,2979
петрович,2975
санкт,2974
серія,2973
якості,2971
святий,2971
стану,2970
повинні,2968
текст,2968
основи,2967
відбулася,2967
колишні,2964
замок,2963
процесі,2962
середній,2962
дім,2962
майстер,2959
вінницької,2958
земля,2955
політичних,2954
притока,2953
порід,2950
янець,2946
численні,2944
весь,2944
каталогу,2944
самого,2935
можливості,2935
безпосередньо,2935
попри,2933
кг,2933
створений,2932
порядку,2931
журналу,2930
радіо,2928
тов,2928
кожного,2927
чергу,2926
зони,2925
теж,2925
писав,2924
активно,2922
олександрович,2922
вийшла,2920
край,2919
формі,2917
століть,2916
львівського,2910
словами,2910
квітні,2910
характер,2906
обладнання,2906
температура,2905
василя,2903
музеї,2903
студентів,2902
річок,2902
червоного,2900
імператора,2898
результати,2895
політика,2895
родині,2895
німеччині,2894
академія,2892
селищній,2891
кандидат,2890
груп,2887
доларів,2886
науковий,2885
листопаді,2885
інституті,2884
знання,2883
південної,2883
колгоспу,2878
відновлення,2877
включаючи,2875
православної,2875
сільського,2872
прапор,2870
дивізії,2870
зробив,2869
артист,2869
залізниці,2868
національна,2865
польський,2863
суду,2863
південному,2860
постраждали,2860
брали,2859
харківського,2858
обласної,2858
статистики,2853
особа,2853
такого,2852
заслуги,2851
народних,2851
ііі,2848
розробки,2844
отримання,2844
місцевості,2842
письменників,2841
друге,2839
королівства,2839
відома,2838
велике,2837
колишнього,2837
торгівлі,2835
виступав,2834
відповідає,2833
створена,2830
увагу,2822
місяців,2822
франція,2817
книг,2816
поряд,2815
форму,2815
розв,2813
богородиці,2810
бл,2810
євген,2808
протікає,2805
організацій,2803
польського,2802
кількістю,2799
птахів,2799
мові,2795
само,2794
відбулося,2794
бою,2791
державних,2789
засобів,2789
третій,2787
закону,2786
українській,2783
олег,2782
борис,2781
температури,2781
фонд,2781
річчя,2778
російською,2775
середовища,2772
фон,2771
досі,2769
заснована,2767
проєкт,2763
богдан,2763
похований,2762
обраний,2761
отже,2758
впливу,2757
стилі,2755
діти,2754
залежить,2750
змін,2749
явилися,2749
павла,2748
процесів,2745
федерації,2744
медаль,2744
технології,2743
англ,2739
перемоги,2738
внутрішніх,2736
німецької,2735
чемпіон,2734
триває,2734
міністерства,2732
столиці,2732
повіт,2730
середини,2726
найбільших,2725
письменники,2722
загинули,2721
зобов,2719
брати,2719
споруди,2718
військової,2717
обох,2715
музичні,2714
міністра,2714
мешканці,2713
усього,2712
структури,2711
декількох,2710
бога,2710
історико,2709
райони,2708
степан,2707
жив,2707
козаків,2706
контроль,2706
зростання,2705
дорога,2705
великим,2703
тип,2702
підготовки,2701
сотні,2700
містах,2699
війну,2699
оригінальній,2698
інший,2698
ді,2697
німецький,2696
військового,2693
вищої,2692
інше,2690
різними,2689
кольору,2688
дерева,2687
допомоги,2687
чому,2686
джон,2683
озеро,2683
допомогу,2681
династії,2681
системі,2678
лютому,2676
подій,2675
таке,2669
виборів,2669
собор,2666
міська,2665
брат,2665
місяць,2664
луара,2664
пер,2663
ніколи,2663
фронту,2663
московського,2662
висота,2659
разі,2658
австралії,2658
рівнем,2656
верхня,2653
цк,2651
незалежність,2650
засноване,2650
підтримку,2649
наука,2648
хмельницької,2647
залишається,2647
гора,2647
регіонів,2645
послуг,2642
ресурсів,2641
імператор,2641
здобув,2638
володимирович,2638
заводу,2636
південній,2633
секретар,2632
заснований,2631
починається,2631
індексного,2631
шляху,2629
крим,2629
потрібно,2629
підвищення,2627
внесок,2627
рішенням,2625
наявність,2625
канади,2625
джерело,2623
язків,2619
лікування,2619
окупації,2619
єс,2612
речовин,2610
здійснюється,2610
збільшення,2609
форм,2608
збереження,2603
дев,2602
нагороджений,2602
згадка,2600
київська,2595
водночас,2593
редактор,2593
сезон,2589
політична,2588
йорк,2585
вторгнення,2584
солдат,2583
білорусі,2583
фонду,2583
стати,2577
долина,2576
язана,2572
карл,2572
запаси,2570
відкриті,2566
власності,2563
острові,2563
студії,2560
газета,2558
поразки,2558
ймовірно,2558
марна,2552
першою,2551
загальний,2550
філософії,2547
римської,2545
полковник,2545
технічних,2543
слів,2541
мільйонів,2539
німецькі,2537
євреїв,2534
будинків,2534
політик,2534
особливості,2533
місцеві,2530
редакція,2528
сезоні,2528
власне,2527
належало,2526
америці,2524
колишня,2523
здебільшого,2522
очолив,2520
справа,2517
руд,2515
лежить,2513
двічі,2513
єднаного,2513
ям,2511
палац,2509
іл,2507
найкращих,2507
православна,2507
називали,2506
володіння,2505
хутір,2505
титул,2504
лікар,2500
поки,2500
відео,2498
суб,2496
раді,2496
дніпра,2490
марії,2490
гранд,2488
подільського,2487
фільмів,2484
єдиний,2481
вибори,2480
журналіст,2478
праць,2476
програма,2475
іншим,2473
чемпіонаті,2473
дніпропетровської,2472
відносини,2470
кн,2470
ряду,2469
їхні,2467
рослини,2467
традиції,2466
полягає,2465
полі,2465
фізики,2462
народна,2461
вірші,2460
сторінка,2459
островів,2459
повинен,2457
корисних,2456
яти,2456
селищної,2456
би,2456
гімназії,2455
відносин,2454
любов,2453
колір,2453
одній,2451
сходу,2450
аналіз,2448
явився,2446
посполитої,2445
проблем,2443
діячі,2442
впливом,2436
орденом,2436
лев,2433
свята,2432
позиції,2428
підприємство,2428
леніна,2425
половини,2424
донецьк,2424
поділ,2423
зброї,2422
працювала,2422
встановлення,2421
лінія,2420
фільмі,2417
німеччина,2416
отримати,2416
обласного,2413
тіло,2411
захист,2411
оповідання,2411
випадках,2409
роботі,2409
віку,2409
хвороби,2408
дещо,2407
ятка,2407
флоту,2406
трохи,2404
червоний,2402
єпископ,2401
вода,2401
сильно,2399
забезпечує,2397
сфері,2397
депутатів,2394
договір,2393
засновано,2392
виникнення,2391
навчальний,2391
сторони,2391
містять,2391
містом,2389
штату,2387
оон,2386
зоні,2385
дорівнює,2383
російських,2383
громадян,2382
передачі,2381
суд,2381
руди,2381
категорії,2381
очолював,2380
фізико,2378
процеси,2377
гетьмана,2375
основним,2373
австро,2373
центральна,2368
визначається,2367
вигляд,2367
восени,2367
житті,2367
море,2366
копалин,2365
відомих,2361
поезії,2359
відсутність,2358
франс,2357
залежно,2355
найкращий,2355
вступив,2355
книзі,2354
великою,2353
редколегії,2348
західного,2344
стані,2340
околиці,2339
океану,2337
аль,2332
мовами,2331
тиску,2331
вод,2331
проживало,2330
всю,2328
стор,2327
григорович,2327
вчений,2325
адже,2323
неподалік,2322
українському,2320
кожна,2318
комітет,2318
науковці,2317
кошти,2315
родовищ,2314
ідеї,2310
федір,2308
діють,2305
зробити,2301
статей,2300
муніципалітету,2300
кубка,2299
білий,2298
бойових,2297
технологій,2295
випуск,2295
президентом,2294
джерел,2293
німецьких,2293
впродовж,2292
маси,2292
закладів,2291
колись,2289
сучасні,2289
обидва,2285
наш,2281
замку,2281
польської,2280
історичний,2276
перебуває,2276
коло,2274
голосів,2274
лівому,2274
основу,2273
державна,2272
да,2272
виготовлення,2271
режим,2270
ест,2270
битви,2270
китаї,2269
риби,2265
районах,2260
роком,2259
головні,2258
використанням,2258
соціально,2256
перетворення,2256
головних,2256
необхідно,2256
найчастіше,2255
господарств,2255
епохи,2254
машини,2254
країна,2253
світла,2252
надання,2251
учасників,2249
князівства,2249
пресвятої,2248
вздовж,2248
існувала,2247
функція,2246
національних,2245
початком,2245
академік,2242
відкритий,2241
виду,2241
міжнародної,2238
ділянки,2233
письменника,2233
збудовано,2230
виявлено,2230
місцях,2226
тренер,2226
соціальної,2225
москви,2224
засоби,2223
фото,2223
ув,2223
чоловіки,2223
остаточно,2222
начальник,2222
навчальних,2221
відділ,2220
шкіл,2218
офіційна,2218
заходу,2217
командир,2216
китаю,2215
визнання,2215
землях,2214
актори,2213
ресурси,2211
зустрічається,2211
контролю,2211
літературі,2205
звичайно,2201
футбольні,2201
містечка,2199
виборців,2198
шість,2196
іграх,2196
відразу,2193
угорщини,2193
європейського,2192
містечко,2191
запорізької,2190
урядом,2190
головної,2188
нас,2188
північного,2187
шевченко,2187
такими,2183
ігри,2183
політичної,2181
яток,2180
типи,2179
південного,2179
площею,2179
інша,2178
ступінь,2178
цілком,2178
цілому,2176
мир,2170
увійшли,2169
зовсім,2168
середньої,2168
африки,2167
матеріалу,2164
сонця,2164
службу,2164
зору,2164
перейшов,2164
створити,2161
існували,2160
заявив,2159
транспорту,2158
архітектор,2157
поза,2155
взагалі,2152
районного,2150
ту,2146
кубок,2145
позначення,2144
заклад,2142
наукового,2141
центральній,2141
гірських,2140
перемогу,2138
наступні,2137
тисячі,2137
художній,2137
прапора,2135
місцем,2134
новим,2134
шампань,2134
водою,2134
залишки,2132
динамо,2128
конференції,2121
продуктів,2121
кілометрів,2116
гроші,2115
порівняно,2114
факультету,2113
год,2112
хвилі,2109
дитячий,2109
миру,2107
крові,2107
чим,2106
культур,2105
працівників,2105
акторка,2104
правому,2102
засновник,2100
дороги,2099
чемпіонат,2098
являє,2098
документів,2096
сучасна,2096
колонії,2095
всієї,2095
клас,2095
будуть,2095
хреста,2095
заснував,2094
набагато,2094
розширення,2094
областей,2090
план,2089
вирішив,2089
луар,2089
знайти,2087
природних,2086
полк,2086
добу,2082
дав,2080
чорного,2079
породи,2076
хоч,2076
юрія,2074
битві,2074
жили,2073
тонн,2072
адміністрації,2072
функцій,2065
володар,2065
загальної,2062
значну,2062
художники,2061
уре,2060
посади,2059
вип,2057
середньому,2056
налічувалось,2056
збереглися,2055
найбільший,2054
військо,2053
австрії,2052
надалі,2052
сумської,2051
виходить,2050
надзвичайно,2049
документи,2049
сфери,2048
рос,2047
порушення,2046
одеської,2045
єру,2044
державні,2044
золотий,2044
корпус,2040
кордон,2039
чимало,2038
домогосподарства,2038
всій,2038
києво,2038
органи,2036
системою,2036
училище,2036
археологічні,2035
символ,2034
причому,2034
основою,2034
галичини,2033
факти,2031
залізнична,2029
ніч,2029
аналізу,2027
андрія,2027
поділля,2025
названий,2024
останнього,2024
морських,2023
курс,2023
федорович,2023
стаття,2020
деякий,2020
впадає,2018
течії,2017
собору,2016
театрі,2015
править,2015
указом,2015
найбільші,2014
вважав,2012
швидкості,2010
основна,2009
використовували,2009
заходів,2008
європейських,2007
використовує,2007
газ,2007
директором,2007
обслуговування,2006
керівництво,2006
виходу,2005
будинки,2005
зустрічаються,2001
активну,2000
захворювання,1999
слави,1998
наукової,1997
спадщини,1996
комплексу,1996
американська,1995
митрополит,1995
річку,1995
чорний,1994
правила,1994
виникає,1993
міжнародні,1992
рад,1988
фронт,1988
польща,1987
взяв,1987
подільський,1986
аби,1985
самі,1985
вміст,1984
альбоми,1983
всередині,1982
язаний,1982
ступенів,1982
реж,1982
виступає,1980
найбільша,1979
запропонував,1979
єпархії,1977
сучасний,1976
межами,1976
старого,1975
входили,1974
версією,1974
думки,1972
костянтин,1971
природного,1971
завідувач,1970
конституції,1970
легко,1969
упц,1967
нижній,1964
лауреати,1964
залежності,1961
повинна,1961
всьому,1959
значні,1959
корпусу,1957
асоціації,1956
обл,1956
луганської,1955
виникла,1953
президії,1953
вартість,1950
бразилії,1950
грав,1950
ярослав,1949
яні,1949
басейну,1948
варіант,1948
заклади,1947
парламенту,1946
разу,1945
картини,1944
рф,1944
відрізняється,1943
останніх,1943
видобуток,1943
економічного,1940
футбольний,1940
розпочав,1940
побудована,1939
починає,1938
товарів,1937
кп,1937
соціальна,1936
основний,1935
столиця,1935
інтерв,1934
захоплення,1933
святої,1933
договору,1933
перебування,1933
битва,1933
ван,1932
відповідь,1931
характеризується,1931
художників,1931
програм,1929
північна,1928
діяли,1927
треба,1924
утворюють,1922
робить,1922
парижі,1922
звільнення,1922
створені,1921
сент,1921
національні,1920
козаки,1920
методів,1919
чисел,1919
гра,1919
героя,1919
стиль,1918
харкові,1917
сама,1917
східний,1917
співак,1917
третього,1915
інженер,1912
бік,1911
російській,1911
от,1911
потужність,1911
потужністю,1910
більша,1908
опери,1907
простір,1904
католицької,1903
ольга,1902
загинуло,1900
оподатковані,1898
образ,1897
ррфср,1896
керування,1895
червона,1895
румунії,1895
старий,1895
птахи,1895
другому,1894
мірою,1894
лікарні,1894
волині,1894
більшу,1892
ліс,1890
камінь,1890
взаємодії,1887
леонід,1887
кордону,1887
застосовується,1885
поширені,1884
належали,1884
причиною,1883
округи,1883
львівська,1881
здатність,1880
загін,1880
канал,1879
збірник,1879
винятком,1878
хімії,1877
штаб,1877
народ,1877
лейтенант,1877
спільно,1876
руки,1876
дати,1875
рівняння,1875
богдана,1875
верхній,1874
інформацію,1871
успішно,1871
відкрита,1869
боротьбі,1867
збірка,1867
царя,1867
неодноразово,1866
програмування,1866
заходи,1865
західна,1865
сюр,1865
законом,1863
пішов,1863
боротьба,1863
південна,1863
розрізняють,1862
ви,1862
перехід,1861
астероїд,1860
зберігання,1859
свободи,1859
взяли,1859
ринок,1858
ліси,1858
порядок,1857
дочка,1857
словарь,1857
навесні,1856
британія,1854
місяця,1854
німці,1854
проект,1853
характеристики,1853
почесний,1852
дружини,1851
тварини,1849
директора,1849
високий,1849
арденни,1849
натомість,1848
математики,1847
падіння,1847
визначає,1846
жінка,1846
сільських,1846
середньовіччя,1845
імена,1842
економічної,1841
угоди,1841
рівненської,1841
завершення,1840
фортеці,1840
польських,1839
значна,1839
залізниця,1838
клітини,1837
віталій,1837
самим,1836
явилася,1835
характеру,1834
силу,1834
будівель,1834
клуби,1833
поховані,1833
заказник,1832
нашої,1830
вихід,1830
наказом,1829
мінералів,1826
релігія,1825
представлені,1824
результат,1824
користь,1824
побудовано,1824
входило,1823
служив,1821
місцевість,1819
почалася,1818
будівля,1818
представник,1815
значний,1814
вісник,1813
команд,1813
загального,1812
франко,1812
харкова,1812
зменшення,1810
такої,1808
порт,1808
канаді,1807
порівнянні,1806
одеса,1806
мене,1804
церков,1804
йде,1803
медицини,1802
посаді,1802
банку,1802
опадів,1801
розмір,1800
нічого,1800
проєкту,1798
бригади,1798
аквітанія,1797
способом,1797
основними,1797
співачка,1796
машин,1796
вимірювання,1795
видав,1794
кожному,1793
змагання,1793
випромінювання,1791
світова,1791
прийнято,1790
дата,1790
твір,1790
лізі,1788
міський,1787
вищих,1786
кпрс,1786
сільськогосподарських,1786
місяці,1785
єри,1785
вища,1784
англійською,1784
захопили,1784
іншої,1782
тарас,1782
бог,1782
групу,1781
олена,1781
утворює,1781
угкц,1781
швеції,1780
являється,1779
єдиним,1779
національно,1779
родов,1778
середнього,1777
тернопіль,1777
особистості,1776
операцій,1776
увійшов,1774
цар,1774
верст,1774
дослідники,1772
стоїть,1772
соціалістичної,1772
лі,1771
італійський,1771
металів,1771
невдовзі,1771
свідчить,1770
насправді,1769
роману,1769
франківської,1768
повідомлення,1767
ват,1767
приклад,1766
скульптор,1766
щорічно,1766
роберт,1764
французької,1764
простору,1764
частинок,1764
ситуація,1764
куди,1763
художника,1762
залізничної,1762
обробки,1761
сфера,1761
телебачення,1761
годин,1760
англійський,1760
знайдено,1760
власні,1757
принцип,1757
режиму,1757
причини,1755
проводиться,1754
воду,1754
призводить,1753
усе,1750
біла,1750
даний,1749
змагань,1749
відбулися,1749
затоки,1749
спроби,1748
автомобіль,1748
молодший,1747
успіх,1744
котрі,1741
христа,1741
банк,1739
цвинтарі,1737
гітара,1737
маса,1736
павлович,1736
селищі,1736
астрономічні,1732
становлять,1732
реалізації,1732
керував,1732
командування,1732
елемент,1731
таку,1731
династія,1731
назв,1730
збудована,1729
ма,1729
італія,1729
почалося,1728
боротьбу,1726
моменту,1725
центри,1724
сполучення,1724
типів,1723
черкаської,1721
застосовують,1720
спостереження,1720
силами,1718
папа,1718
штабу,1718
видобутку,1717
поета,1716
херсонської,1716
тимчасово,1715
невеликі,1715
костел,1715
певних,1714
віце,1712
цією,1710
введення,1709
карла,1709
утворюється,1706
сила,1703
хмельницький,1703
сторіччя,1702
язаних,1702
належав,1701
півострова,1701
побудований,1700
кладовищі,1698
споруд,1695
американського,1694
народилися,1694
клітин,1693
дію,1693
надає,1693
яків,1692
віктора,1692
андрійович,1691
польські,1691
каталонії,1691
складають,1690
вся,1689
живе,1689
днк,1688
донецька,1688
аеропорт,1687
морі,1687
мінерали,1687
матеріал,1686
одразу,1686
єкта,1684
класифікація,1684
цікаві,1684
займався,1684
чол,1684
їхніх,1683
професора,1683
результатів,1681
опір,1681
зірка,1679
свобода,1678
живуть,1678
робітників,1677
призвело,1676
працю,1675
місцевої,1674
малі,1674
ссср,1673
матч,1672
стіни,1671
залишив,1670
проходив,1670
римі,1667
святих,1667
тиждень,1667
рідини,1666
німецького,1665
прийняття,1665
низку,1664
сценарист,1664
межує,1664
хвилин,1663
вважає,1662
історична,1661
намагався,1661
тече,1661
світло,1660
редкол,1660
російську,1659
служба,1658
брата,1658
факт,1657
здійснив,1657
мар,1657
автори,1656
зниження,1654
автомобілів,1654
очолює,1653
сад,1653
відомого,1651
кола,1648
кафедра,1648
медаллю,1648
власних,1647
настільки,1646
зміг,1646
лос,1646
котрий,1645
займають,1645
характеристика,1645
народи,1645
довжиною,1644
державою,1644
сказав,1644
кіровоградської,1644
проведено,1643
цикл,1642
популярність,1642
фракції,1641
капітан,1641
гір,1640
доктора,1639
склав,1639
каналу,1638
споруджено,1638
чоловіка,1637
генерала,1637
вінницька,1637
вокал,1637
останнім,1635
установи,1634
оголосив,1633
виробів,1633
соціальних,1632
здійснення,1632
довгий,1632
операція,1629
автомобілі,1628
представлена,1627
молодих,1626
зміна,1626
малий,1625
інколи,1623
книгу,1622
берега,1622
свідчать,1620
середню,1620
поляків,1619
втрати,1618
генеральний,1618
решта,1618
гол,1617
матчів,1616
центрального,1615
поселень,1615
кораблі,1615
міфології,1615
тиск,1614
лісу,1614
музичний,1613
прийняв,1613
монастирі,1613
ліва,1613
минулому,1612
проживання,1612
існувало,1612
економічний,1611
білого,1611
статі,1611
європейської,1610
знань,1609
шоу,1608
командуванням,1608
грузії,1607
яний,1607
повний,1606
виховання,1606
збагачення,1606
мгц,1605
спорт,1604
повість,1603
джерелом,1603
знаходився,1603
рахунком,1603
самому,1602
результатом,1601
поховання,1601
ярослава,1600
веде,1599
вік,1598
іноземних,1597
могила,1597
десятин,1596
перекладач,1595
дж,1595
назвав,1594
потреб,1591
потрапив,1591
відпочинку,1590
пісню,1589
формою,1589
голів,1589
волі,1588
зірки,1587
героїв,1586
портрет,1586
реакції,1586
стилю,1586
рис,1584
вважати,1583
грошей,1583
міжнародна,1582
правда,1581
код,1580
отримує,1580
катерина,1580
німецька,1579
рази,1579
достатньо,1578
політику,1578
частка,1576
зона,1575
роками,1574
класів,1574
центральний,1574
медичних,1573
обмеження,1573
пол,1573
релігії,1572
ідея,1572
культурно,1572
становили,1572
діяла,1572
трьома,1571
вчення,1570
бюро,1570
військова,1569
охоплює,1569
харківський,1569
ун,1569
остання,1569
регіон,1569
жертв,1569
закони,1567
технічного,1567
становив,1567
бій,1567
київському,1566
вважали,1565
львівський,1565
майор,1565
команду,1565
сільське,1564
дерево,1564
потреби,1562
доба,1562
посібник,1560
олексійович,1559
селах,1559
григорія,1559
римський,1558
наступних,1557
нато,1557
номер,1557
одиниці,1556
випадків,1555
стара,1553
ятники,1553
премію,1552
численних,1552
регулювання,1551
ініціативи,1550
беруть,1549
вимоги,1548
риму,1548
продукти,1547
дніпропетровська,1547
віри,1547
запис,1547
навчально,1547
народилася,1546
промислових,1546
їхнього,1544
просторі,1542
насамперед,1542
участю,1542
працівник,1542
боях,1541
здійснює,1540
важко,1540
групою,1539
родовище,1539
бізнес,1538
національному,1538
вулиць,1538
серця,1538
коштів,1537
сюди,1537
архітектура,1536
певні,1536
кораблів,1536
сюжет,1535
хіх,1535
князівство,1535
залишився,1534
людьми,1534
релігійні,1534
навч,1533
воїнів,1533
виділяють,1532
короткий,1532
збірки,1532
східного,1532
дружиною,1532
голос,1531
відношення,1531
волинського,1529
причин,1529
припадає,1529
музиканти,1529
перевірена,1529
східна,1527
зустрічі,1526
західних,1526
західному,1526
світовій,1525
музику,1524
навпаки,1523
частіше,1521
січень,1521
басейн,1521
бас,1521
певний,1520
валерій,1520
ор,1520
належала,1520
гран,1520
важливим,1518
послуги,1518
єгипту,1518
воді,1518
максим,1517
населенням,1517
доля,1514
виключно,1514
спостерігається,1513
перемога,1513
керівників,1511
ситуації,1510
точка,1510
тур,1510
обидві,1510
фортепіано,1510
витрати,1509
узбережжі,1508
стадії,1508
сс,1508
літературна,1507
відмовився,1507
гравці,1507
морського,1506
проходять,1506
лист,1506
сержант,1506
кожної,1504
мені,1504
африці,1504
уваги,1503
англійської,1502
справу,1501
категорія,1500
першими,1499
компаній,1499
відбуваються,1497
тимошенко,1496
жіночої,1496
санта,1496
власну,1495
змушений,1495
жан,1494
містечку,1493
одиниця,1492
явища,1492
поділу,1491
зберігається,1491
мережа,1490
експлуатації,1490
китай,1490
автора,1489
запису,1489
власність,1489
зіграв,1487
технологія,1487
вільного,1487
ширина,1486
столицею,1486
площу,1486
філософ,1485
іншою,1485
зелений,1485
розміри,1485
рідко,1484
стадіон,1484
відрізняються,1483
доступ,1483
втім,1483
назвали,1483
станіслав,1481
інструментів,1481
нарешті,1481
взимку,1481
дія,1481
досвід,1480
відкрив,1480
римо,1480
основною,1479
вшанування,1479
відносяться,1479
виникають,1478
звідси,1478
степанович,1477
ефект,1477
млин,1477
україною,1476
людиною,1476
залишилися,1476
проекту,1475
різноманітні,1473
генерального,1473
зміст,1471
металу,1471
энциклопедия,1470
диригент,1469
виступив,1468
стосунки,1468
георгій,1466
американські,1466
оцінки,1465
побачити,1465
висоти,1465
виконує,1463
виступи,1463
вчені,1462
кот,1462
видатні,1461
дмитра,1461
спеціальні,1460
змогу,1460
закордонних,1460
відоме,1460
літніх,1460
могла,1457
спеціальних,1457
окрузі,1457
організацію,1456
переїхав,1456
перш,1455
інтер,1455
статистика,1454
установ,1454
складає,1454
братів,1454
одиниць,1452
татар,1452
військову,1449
конкурсу,1449
січ,1448
коней,1448
приміщенні,1447
римського,1447
училища,1447
краще,1447
українсько,1446
успіху,1446
база,1445
пар,1445
композиції,1444
природні,1443
обрано,1442
східних,1442
племена,1442
праця,1441
незалежно,1441
знищення,1441
віра,1441
палацу,1441
планети,1439
яних,1439
заліза,1439
оркестру,1439
опору,1438
автором,1438
контракт,1438
язане,1437
результатами,1435
законів,1434
штатів,1434
півдня,1433
являються,1432
гетьман,1432
історичного,1431
вибір,1431
іванівна,1431
шаранта,1431
розміром,1428
фільмографія,1428
світового,1427
компанією,1427
пише,1427
увійшла,1427
дель,1427
кордоном,1426
історики,1426
перебувають,1426
мешкали,1426
повітового,1426
турніру,1426
ери,1425
політичного,1425
німців,1425
розробка,1424
лісів,1424
конструкції,1424
ганна,1423
околицях,1423
властивостей,1422
теми,1422
утворена,1422
використовуючи,1421
гаррі,1421
найбільшим,1420
займається,1419
складаються,1419
колишніх,1419
майбутнього,1418
родин,1417
їхній,1416
жовтень,1416
янського,1416
висотою,1415
зробили,1413
петербурзі,1411
кінорежисер,1410
тож,1410
ядра,1409
опублікував,1409
безліч,1409
назад,1409
державному,1409
гміні,1409
видань,1408
гравець,1408
білецький,1408
руках,1407
години,1407
чоловічої,1406
розділ,1405
перебували,1405
граф,1405
сторін,1404
просвіта,1404
похід,1403
колектив,1403
наших,1403
мозку,1402
створили,1401
євреї,1401
західний,1401
португалії,1400
конте,1400
традиційно,1400
зорі,1399
ль,1399
дослідник,1398
нерідко,1397
орденами,1397
великими,1397
таки,1397
харчування,1396
виникло,1396
соціального,1396
сергія,1396
кпу,1396
режисера,1396
батьків,1396
обсяг,1395
вийшли,1395
квітень,1395
державі,1394
описані,1394
появи,1394
перевищує,1394
канада,1393
отримало,1393
раду,1393
вироби,1393
медалями,1392
британський,1390
париж,1389
збірна,1389
зовнішній,1389
передбачає,1388
хімічних,1388
викладав,1387
монети,1387
авторів,1386
етап,1386
священик,1385
продюсер,1384
папи,1384
бургундія,1383
рим,1383
перевагу,1382
необхідність,1382
миколая,1382
становище,1380
різноманітних,1379
нквс,1379
класи,1378
знаки,1378
батьки,1378
корабель,1378
марка,1377
сприяння,1376
колишньої,1375
силою,1374
травень,1374
зимових,1374
ва,1374
діячів,1373
довелося,1373
польська,1373
співавт,1373
йорку,1372
звідки,1372
флот,1372
поверхню,1372
американських,1372
якість,1371
концерт,1371
франш,1371
грн,1371
подібні,1371
загальноосвітня,1371
утворено,1370
кислоти,1370
підставі,1369
другу,1369
заарештований,1369
технічні,1368
упродовж,1368
створює,1368
громадських,1368
очевидно,1368
називаються,1367
зміну,1367
терміни,1366
сільський,1366
гес,1365
ка,1362
тривалий,1362
язання,1360
літературної,1360
сировини,1359
державу,1359
заводі,1359
двигун,1359
история,1358
іншу,1358
одяг,1358
кров,1358
небудь,1357
пари,1357
підручник,1357
приклади,1357
маючи,1357
міністерство,1357
зберігаються,1357
тексту,1356
членами,1356
анна,1356
різдва,1356
документах,1356
плані,1355
нац,1355
померла,1355
ввп,1353
виконувати,1353
блок,1353
лікарня,1353
партій,1352
наразі,1352
гру,1352
іменем,1351
малих,1351
другим,1351
революція,1351
щонайменше,1350
співпраці,1350
існував,1349
високі,1349
стосовно,1347
виграв,1347
змі,1346
щороку,1346
висоті,1346
долині,1346
відомим,1345
музикант,1345
дмитрович,1345
розповсюдження,1344
маєтку,1344
берег,1344
золото,1344
головною,1343
одесі,1343
змінюється,1343
торгівля,1343
племен,1343
великому,1342
доцент,1342
чехії,1342
метал,1341
прі,1341
ена,1341
побудови,1340
дозволяють,1340
зростає,1340
суспільство,1339
чилі,1339
одружився,1339
інструменти,1338
загальною,1338
наявності,1337
вказує,1337
виявлені,1337
видавничий,1336
селищна,1336
французькі,1335
справі,1335
справах,1334
забезпечити,1333
випуску,1333
прикладом,1333
різко,1333
вів,1333
організму,1332
суми,1331
іспанія,1330
критики,1330
єпископа,1330
уперше,1329
визначити,1329
правил,1329
одеського,1326
поети,1325
розвивається,1324
русь,1324
такому,1324
характерні,1323
природно,1322
включають,1322
наступ,1322
скасування,1322
но,1322
давніх,1321
жити,1321
переходу,1320
сергійович,1320
єднані,1320
пройшов,1319
митрополита,1319
музичних,1318
вересень,1318
липень,1318
власний,1318
етапі,1317
невеликий,1317
початкова,1317
літаків,1317
навчальні,1316
століттях,1316
персонажі,1316
гравців,1316
фестивалю,1316
свердловин,1315
природний,1315
католицька,1315
олекса,1315
майна,1314
ділянка,1313
енергія,1313
харківська,1312
доступу,1312
рідше,1312
зоря,1311
громадського,1311
вирішення,1310
довжини,1310
утворюються,1310
грі,1310
морський,1309
територією,1309
завдань,1309
техніка,1308
зареєстровано,1307
березень,1307
горі,1307
громадські,1306
спеціально,1306
житомир,1306
акцій,1305
практиці,1303
джеймс,1303
тривалість,1303
величини,1302
діяльністю,1301
руйнування,1301
літературно,1301
худоби,1301
третя,1301
українки,1300
швейцарії,1300
державами,1300
фк,1300
риб,1299
угоду,1299
зрештою,1299
двір,1299
мас,1298
князів,1298
риси,1297
вживання,1297
релігійних,1297
олімпійські,1297
нашого,1297
групі,1297
ам,1297
середовищі,1296
копалини,1296
діяв,1296
сингл,1295
волинь,1295
явище,1294
річний,1294
невеликих,1293
струму,1293
постановою,1293
данії,1292
мета,1292
продовження,1292
грати,1292
журналі,1291
проблема,1291
крила,1291
кохання,1290
переклади,1289
їзд,1289
принципи,1289
збори,1289
хокеїсти,1289
напередодні,1288
душі,1288
олійник,1288
примикає,1288
писати,1287
яну,1287
парафії,1287
потік,1287
статусу,1286
українським,1286
перейшла,1286
іншому,1286
шляхів,1285
плану,1285
палива,1285
нагороджені,1285
наталія,1284
портал,1284
неможливо,1284
ставлення,1284
брала,1284
розпаду,1284
полтавська,1284
корисні,1283
загони,1283
ознаки,1282
рук,1282
янка,1282
чернігівська,1282
ніхто,1281
сучасній,1280
наказ,1280
сином,1280
тернопільського,1280
наша,1279
стають,1279
бароко,1278
міді,1278
сполучених,1277
нтш,1277
фірми,1276
виник,1276
радянською,1275
адреси,1275
трав,1275
бар,1275
вулицю,1275
притоки,1274
виникли,1274
східному,1274
єдина,1273
престол,1273
будучи,1273
минулого,1272
американської,1272
призер,1272
дворових,1272
зірок,1271
прийшов,1271
річкою,1271
окремо,1270
поліції,1270
волосся,1270
изд,1270
карпат,1269
долини,1269
деякими,1268
твору,1268
співвідношення,1266
дають,1266
сукупність,1266
котра,1266
уєфа,1266
міських,1266
осі,1265
закарпаття,1265
берегах,1265
кубку,1265
знайдені,1264
білі,1264
скорочення,1263
історично,1263
лідер,1263
громадянської,1263
робити,1263
морські,1262
енциклопедії,1262
набір,1262
цілі,1262
блоку,1262
тієї,1261
медичного,1261
носії,1260
київській,1260
невелика,1260
дивізія,1259
працювало,1259
володіє,1258
керівником,1258
згадки,1258
структуру,1257
галичині,1257
виконав,1257
гурти,1257
перекладі,1256
янських,1256
обмін,1256
сомма,1256
пункту,1255
глибина,1254
вогонь,1254
чернігівського,1254
устрій,1254
уздовж,1253
живлення,1252
старі,1251
проф,1251
шар,1251
автомобільна,1251
економічна,1250
відкрили,1250
говорить,1250
чемпіонів,1250
нам,1250
герба,1250
матір,1249
фізичної,1248
половина,1248
дали,1248
юнеско,1247
сучасність,1247
повісті,1247
кореспондент,1246
предметів,1246
консерваторії,1246
бойові,1245
підтримка,1244
європейський,1244
лондоні,1244
імператором,1244
вісім,1244
людину,1244
мп,1244
вели,1244
значною,1243
високих,1243
маєток,1243
середовище,1242
єднує,1242
планування,1242
пасажирів,1242
шести,1242
позицію,1241
паралельно,1241
налічувалося,1241
входив,1240
таблиці,1240
кут,1240
викладач,1239
зір,1239
рішень,1238
незалежної,1238
приватних,1238
авіації,1238
потужності,1238
ліній,1237
дому,1236
тетяна,1236
грудень,1236
культурі,1236
переходить,1236
отримують,1236
значних,1235
стосується,1235
легенда,1235
єна,1235
довго,1235
літак,1235
розміру,1234
озер,1234
конфлікт,1234
механізм,1233
кінематографістів,1233
розвитком,1232
публікації,1232
пост,1232
сцені,1232
урочище,1231
зборів,1231
критика,1231
петербург,1230
ра,1230
десять,1230
перейшли,1230
підписав,1229
високу,1229
нагоди,1229
фортеця,1229
багатьма,1228
представлений,1228
обертання,1228
виконував,1228
тіл,1226
економічні,1226
віршів,1226
присвоєно,1226
погляди,1226
використовувався,1226
генріх,1225
торонто,1225
бібліогр,1225
спогади,1224
зазнали,1224
споживання,1224
литовського,1223
підтримує,1223
публіцист,1223
видно,1223
написання,1222
розподілу,1222
мапа,1222
культурний,1222
ведення,1222
радянській,1222
визначають,1221
охорона,1221
новгород,1221
царства,1220
магазин,1220
болгарії,1220
карта,1219
різновид,1219
далеко,1219
звук,1218
продажу,1218
польською,1218
чорна,1218
запоріжжя,1218
шкіри,1218
філософія,1218
програму,1217
струмок,1217
єднаних,1216
громадяни,1216
йосип,1216
внутрішнього,1215
епоху,1214
варто,1213
жодного,1213
сцени,1213
учні,1213
вка,1213
будівництві,1212
голову,1212
забезпечують,1211
комісія,1211
керівництва,1211
ірина,1211
номінації,1210
акції,1210
артистка,1210
листопад,1210
церквою,1210
власного,1210
вірменії,1210
їхня,1209
астроном,1209
тему,1209
продовжував,1209
автономної,1209
двигуни,1209
часі,1208
росією,1208
кампанії,1208
якович,1208
взяти,1208
важливу,1207
німецькою,1207
наслідки,1207
нідерландів,1207
третє,1207
надія,1206
нагадує,1206
шляхи,1205
фахівців,1204
медалі,1204
приєднання,1203
півострів,1203
педагогічного,1203
окремий,1202
очок,1202
внутрішній,1201
запасів,1201
молодь,1201
ось,1201
теорію,1200
проводом,1199
вільям,1198
миколаївської,1198
армію,1198
полон,1197
спорудження,1197
рельєф,1196
розуміння,1196
найкращим,1196
джерелах,1196
святі,1194
коледж,1194
випадок,1192
армією,1192
перейменовано,1192
доволі,1191
французька,1190
старих,1190
солі,1190
країнами,1189
здатні,1189
норвегії,1189
областях,1189
еміграції,1189
православних,1189
одеська,1188
машина,1188
прибув,1188
вітчизняної,1187
дослідників,1187
серіалу,1187
сільради,1187
пр,1186
бажання,1186
визволення,1186
чернівці,1186
щось,1186
мінеральних,1186
літературний,1185
утворений,1185
франківськ,1185
скупчення,1184
фестивалі,1184
божої,1184
знайшли,1183
полювання,1183
ссавців,1182
видатний,1182
частинах,1182
хліб,1182
храми,1182
городище,1182
забарвлення,1181
виступів,1180
цими,1180
досягає,1180
формула,1180
архів,1179
встановлений,1179
радою,1179
музичної,1179
тексти,1178
державне,1178
зазнав,1178
богів,1177
їзду,1176
зерна,1176
балка,1176
заступником,1176
романи,1176
додаткові,1174
певної,1174
их,1173
галицького,1173
майстрів,1173
функцію,1172
експлуатацію,1172
патріархату,1171
господарстві,1170
громадська,1170
волинська,1170
їжі,1170
почесні,1170
хворих,1170
приводу,1168
завдовжки,1168
описує,1168
природа,1168
актриса,1168
почався,1167
додому,1167
метрополітену,1167
фрідріх,1166
концепції,1166
розміщення,1165
їхньої,1165
музичного,1165
вищу,1165
норми,1165
червень,1165
письменниця,1165
софія,1164
карти,1163
такою,1163
родом,1163
степана,1163
профіль,1162
заводи,1162
тронько,1162
християн,1161
зал,1161
присутні,1161
засуджений,1161
засновників,1160
гай,1160
листя,1160
названі,1159
закарпатської,1159
фізичних,1158
посів,1158
вчених,1157
відповідають,1157
горах,1157
штаті,1157
тисячоліття,1156
островах,1156
практики,1155
інтерес,1155
спадщина,1155
сусідніх,1155
будови,1154
протилежному,1154
розмноження,1154
провідних,1154
виробництві,1154
забив,1154
проводяться,1153
постаті,1153
новій,1153
колишнє,1153
виставки,1153
обміну,1152
проводить,1152
високого,1152
експедиції,1151
угорщина,1151
вимагає,1151
крізь,1151
синів,1151
короткі,1151
найкращі,1151
сімей,1151
сибіру,1150
відображення,1150
фіналу,1150
напис,1150
присвячений,1150
самостійно,1149
спортивні,1149
наступний,1148
хотів,1148
шлюб,1147
спершу,1147
ісуса,1147
сонце,1146
польсько,1145
відносять,1144
читання,1144
повіті,1144
молодий,1144
попередніх,1144
драматург,1144
цілей,1143
спілка,1143
станцій,1143
переміг,1143
густина,1143
єктом,1142
тиском,1142
одеси,1142
марко,1142
кіностудії,1142
серпень,1142
ідей,1141
дією,1141
зросла,1141
ліга,1141
припинення,1140
ну,1140
стороні,1139
поляки,1139
літ,1139
яр,1139
каталог,1138
здійснюють,1138
місцевий,1137
законодавства,1137
технічний,1137
повноваження,1137
нім,1137
метро,1137
освоєння,1136
обліку,1136
команді,1136
серце,1135
тижнів,1135
розвідки,1135
відсутності,1135
звичайний,1135
обличчя,1135
розмірів,1134
частинки,1134
тканини,1134
поведінки,1134
чітко,1134
закладу,1134
масив,1134
виділення,1133
лесі,1133
монографія,1133
перу,1133
британської,1132
висока,1132
семен,1132
турнірі,1132
сприяє,1130
відноситься,1130
фабрика,1130
глядачів,1130
музично,1130
покарання,1130
повного,1129
данило,1129
католиків,1129
закінчила,1129
японія,1129
коефіцієнт,1128
лук,1128
газеті,1128
гірські,1127
збудований,1127
фізик,1126
поширений,1126
противника,1126
засіб,1126
принаймні,1125
лева,1125
двоє,1125
відвідав,1125
вирішили,1124
становлення,1123
швидше,1123
полтавського,1123
виявлення,1122
суспільстві,1122
зайняв,1122
партію,1121
відставку,1121
швидкістю,1121
уаза,1121
названа,1120
застосовуються,1120
нападу,1120
входила,1120
продовжує,1119
пошуку,1119
провести,1118
огляду,1118
хору,1118
записки,1117
математик,1117
методом,1116
землею,1116
семи,1115
нижня,1115
вільно,1114
працівники,1114
переважають,1114
кавалер,1114
зроблено,1113
боці,1113
геноциду,1113
здобула,1112
пригоди,1112
встановлена,1111
розташовано,1111
сучасному,1110
символи,1110
переможець,1110
важливих,1109
спіральна,1109
вершини,1108
губернія,1108
живопису,1108
довженка,1108
ворота,1108
республіці,1107
галина,1107
громадсько,1107
показує,1107
лабораторії,1106
проходили,1106
бібліотеці,1106
вчитель,1106
продукт,1106
відтоді,1105
московської,1105
полковника,1105
культурних,1104
ель,1104
викликає,1103
ізраїлю,1103
су,1103
художньої,1102
пан,1102
дорозі,1101
лютий,1101
користування,1101
датується,1101
щастя,1100
математичних,1100
лісах,1100
клімату,1099
створенні,1099
зброя,1099
мілана,1099
проводять,1098
впровадження,1098
всім,1098
проводити,1098
бізнесу,1098
дисертацію,1098
турнір,1097
програмне,1097
пір,1096
щит,1096
нм,1095
сільському,1095
свідомості,1095
марк,1095
курси,1095
подорож,1094
починають,1094
зберігся,1093
мистецтві,1093
російськими,1093
драматичний,1093
певного,1092
росіяни,1092
музична,1092
навантаження,1091
сторінки,1091
єм,1091
яної,1091
духовної,1090
абсолютно,1090
інтересів,1090
військове,1090
художнього,1090
бої,1090
чемпіони,1090
школах,1089
сестра,1089
язниці,1089
символом,1088
кандидатів,1088
множини,1087
захворювань,1087
энциклопедический,1087
османської,1087
трудового,1087
історичної,1086
показники,1086
пом,1086
культурного,1086
золоті,1085
походу,1085
чикаго,1085
начальника,1085
луари,1085
тісно,1084
майбутньому,1084
людмила,1084
задля,1083
зважаючи,1083
максимальна,1083
відповідних,1082
бориса,1082
табір,1082
енциклопедичний,1082
драми,1081
лінію,1081
внутрішні,1081
фінансування,1080
низки,1080
гравця,1080
панування,1080
садок,1080
срібний,1080
урочищі,1080
герої,1079
мовлення,1078
відбувалися,1078
вмістом,1078
документ,1077
плато,1077
тривала,1077
терміну,1077
могили,1077
графік,1076
антон,1075
ранні,1075
графа,1074
двори,1074
опису,1073
хвороб,1073
джона,1073
платформи,1073
південних,1073
уявлення,1072
старшого,1072
циклу,1072
досяг,1071
ге,1071
стверджує,1071
насіння,1071
візантії,1070
власної,1070
земної,1069
ірландії,1069
званий,1069
популярності,1069
одягу,1069
змогли,1069
префектури,1069
бельгії,1068
невідомо,1068
особисто,1068
козак,1068
постраждало,1068
грецької,1067
роди,1067
людям,1067
донька,1067
листи,1067
мельник,1066
змінив,1066
сторінок,1066
архітектора,1066
фізичні,1065
ґрунту,1065
моделей,1065
середні,1065
парламент,1065
долі,1065
вивчав,1065
організмів,1064
соціальні,1064
розробив,1064
православні,1064
заснували,1064
озброєння,1064
старої,1063
сталося,1063
температурою,1062
молода,1062
нарис,1062
виявляється,1061
автомобіля,1061
літературні,1061
змаганнях,1061
промислові,1061
системах,1060
білків,1060
смуги,1060
офіційному,1060
підготовку,1060
десятки,1060
головне,1059
формально,1059
значень,1059
проживає,1059
моя,1059
встановлені,1059
валентина,1059
залізничний,1059
суму,1059
науковець,1058
організував,1058
розповідає,1057
житловий,1057
луцьк,1056
тлі,1056
етимологія,1056
роз,1056
новою,1055
медичної,1055
надав,1055
верхнього,1055
солдатів,1055
семінарії,1055
єгипті,1054
базується,1054
звані,1054
навколишніх,1054
навколишнього,1053
сягає,1053
повстанців,1053
використовувалися,1052
вирощування,1052
селу,1052
факторів,1051
поп,1051
язано,1051
оцінка,1051
кожній,1051
росте,1051
сучасне,1050
книжки,1050
садиба,1050
комбінат,1050
грає,1050
царство,1049
світових,1049
підготовка,1049
апарат,1049
зовнішньої,1049
спб,1049
спроба,1049
зустріч,1048
истории,1047
московський,1047
мовах,1047
ділянці,1046
плани,1046
ґрунти,1045
варіанти,1045
зовнішніх,1045
підхід,1044
майстерні,1044
утримання,1043
проводив,1043
боїв,1043
основного,1042
нариси,1042
вогню,1042
дух,1042
нехай,1042
міжнародному,1041
низка,1041
попереднього,1041
бронзи,1041
ятника,1041
сена,1041
медичний,1040
замовлення,1040
лісі,1040
маршрут,1040
власником,1040
країну,1040
переваги,1039
вояків,1039
бібліографія,1039
власник,1039
побудовані,1038
римській,1038
величина,1037
дитини,1037
вимог,1037
художніх,1037
киев,1036
семенович,1036
діжона,1036
залишався,1036
поява,1036
давні,1035
мабуть,1035
вільний,1035
присілок,1035
точно,1034
середніх,1034
вага,1034
переказами,1034
компонентів,1033
національну,1033
наступним,1033
запорізька,1033
пройшла,1033
діяти,1033
зовнішнього,1033
машинобудування,1032
мужність,1032
районної,1032
явищ,1031
акт,1031
заради,1031
нібито,1031
вежі,1031
стефан,1031
збірну,1031
демократичної,1030
намагається,1030
подальшому,1030
суттєво,1030
підпорядкування,1030
пройшли,1030
шалон,1029
композитори,1029
юлія,1029
втрат,1029
культуру,1028
дрібних,1028
опера,1028
ладу,1027
виступали,1027
методу,1026
фотографії,1026
сестри,1026
живописець,1026
довжину,1025
владислав,1025
націй,1025
джордж,1025
піренеї,1025
житомирська,1025
самої,1024
повна,1024
версію,1024
архієпископ,1024
проголошення,1023
верховна,1023
політичну,1022
підрозділи,1022
неба,1022
фінляндії,1022
ідею,1021
структур,1021
потоку,1021
станцію,1021
текстів,1021
призначено,1021
різниця,1021
жанру,1020
міністром,1020
хор,1020
розпочався,1019
атомів,1019
туди,1019
геологія,1018
встановити,1018
прийшли,1018
доріг,1017
театральний,1017
асоціація,1016
відновлено,1016
туреччини,1016
майно,1016
кістки,1016
оператор,1016
хімічні,1014
здобуття,1014
збереглася,1014
єси,1014
намагалися,1013
записи,1013
зібрання,1013
волю,1013
темно,1013
стояв,1012
порівняння,1012
інструмент,1012
справжнє,1012
прямо,1012
перевезення,1012
повернути,1012
соборі,1012
композитора,1012
спільного,1011
педагоги,1011
носить,1011
посмертно,1011
дитячі,1011
їхню,1010
редактором,1010
склала,1010
армій,1010
поділяється,1009
берегів,1009
громадянин,1009
дорослих,1009
роблять,1009
ані,1008
двигуна,1008
найбільшу,1007
голоду,1007
користувачів,1007
продаж,1007
дозволило,1006
більшовиків,1006
рейтингу,1006
дом,1006
перекладачі,1006
всеукраїнського,1005
перебувала,1005
десятиліття,1005
конфлікту,1004
батальйону,1004
сполук,1003
повертається,1003
написана,1003
поклади,1003
вільне,1002
високою,1002
зброю,1002
ятний,1002
населений,1002
отець,1002
марки,1002
предмети,1001
порту,1001
товари,1001
морської,1001
послідовності,1001
продовжив,1000
культурної,1000
карпати,1000
ордену,1000
батьком,999
економіст,999
складався,999
виступ,998
почалися,998
наслідок,998
загиблих,998
фельдшерсько,998
дуб,997
припущення,996
станіслава,996
балету,996
аргентини,996
сер,996
ремонт,996
поміж,995
виконується,995
державну,995
кадрів,995
розпочато,995
захопив,995
ділянок,995
вищого,995
драматичного,995
краєзнавчий,995
оскар,994
одружений,994
секретарем,993
майбутнє,993
мешкає,993
знахідки,993
дитина,993
загону,993
передав,993
педагогічний,992
малої,992
просвіти,992
арк,992
основа,991
літаки,991
академічного,991
механіки,990
християнські,990
особистий,990
луї,989
організовано,989
хати,989
прийнятий,988
батьківщина,988
врешті,988
бюджету,988
літака,988
гілки,987
літо,987
відповідальність,987
вищі,987
православ,987
навчального,987
середньою,986
колективу,986
високим,985
рослина,985
журнали,984
десятків,984
под,984
конвенції,984
поширена,983
шер,983
переговори,983
татари,983
свободу,983
роботою,983
елементами,983
витрат,981
вікторович,981
смертю,981
королівського,981
казахстану,980
імперією,980
відзнаки,980
туризму,979
фізика,979
українець,979
зайняли,979
покриття,979
польоту,979
втратив,978
технічної,978
складом,978
срібла,978
львівському,977
літературознавець,977
миколаївна,977
потенціал,977
вирушив,977
спеціальний,976
займав,976
рівнів,976
литви,976
мен,976
білорусь,975
чорні,975
повне,975
обласна,975
правого,975
венеції,975
приз,974
норм,974
другою,974
дебютував,974
колекції,974
нації,974
показник,973
формули,973
проєктом,973
лідерів,973
хвиля,973
пристроїв,972
вступ,972
персонажів,972
удару,972
померло,971
антонович,971
залежність,971
кольори,971
ансамбль,971
інтереси,970
важливі,970
пристрій,970
займалися,970
різного,970
налічує,970
вежа,970
функціонує,970
цін,970
вищий,970
масової,970
органами,969
родів,969
видано,969
оформлення,969
провулок,969
визнав,969
сума,969
ясо,969
шотландії,969
послідовність,968
єрі,968
захистив,967
версій,967
картин,967
оповідань,967
відмінності,966
змісту,966
останнє,966
усіма,966
правових,966
футбол,966
ставши,966
відсутні,966
гирла,966
податків,965
лівого,965
скликань,965
регіонах,964
репресій,964
пішла,964
творах,964
офіційних,963
вважаються,963
полтава,963
говорити,962
хуторі,962
подорожі,962
літа,962
хв,962
полісся,961
аніме,961
акторки,961
символів,960
проживав,960
представниками,960
поезія,960
югославії,960
ночі,960
виконанні,960
командою,960
поєднання,959
встановив,959
найвідоміших,959
ріг,959
володів,959
любові,959
виставка,958
введено,958
напрямок,958
наші,958
хвиль,957
функціонування,957
інформаційно,957
вдруге,957
промислового,957
загальних,956
контексті,956
ві,956
підземних,956
розмірами,955
називати,955
необхідні,955
конкурс,955
японської,955
чернівецької,955
сполуки,955
військовим,954
греція,954
ікони,954
двері,954
шахти,954
язнення,953
зразок,953
очищення,953
корабля,953
дівчина,953
почуття,953
свердловини,952
відні,952
єврейського,952
співробітник,952
християнство,952
священика,952
біології,951
кандидата,951
сталі,951
священної,951
католицький,951
випадки,951
пара,950
місцями,950
росіян,950
людства,949
дизайн,949
газів,949
проведеного,949
картина,949
іва,949
онлайн,948
реформ,948
таблиця,948
спортивних,948
томах,947
прохання,947
пошук,947
вночі,947
наказав,947
педагогічних,946
знайшов,946
кризи,946
ядро,945
примірників,945
голодомор,945
довгі,945
могилі,945
орлеана,945
природі,944
суті,944
присвячена,944
луганська,944
живих,943
постачання,943
палати,943
діаметр,942
спілкування,942
вчителів,942
районом,942
томас,941
точок,941
морем,941
тричі,941
друзів,941
водню,941
активність,940
доктори,940
сто,940
основ,939
археології,939
реконструкції,939
колегії,939
надано,939
язково,938
ранніх,938
випробування,938
збільшується,938
фігури,937
запобігання,937
режимі,937
християнства,937
дало,937
використовував,937
ворога,937
звільнений,937
моделювання,936
тижні,936
фіналі,936
конгресу,936
календар,936
водосховища,936
коду,936
змушені,936
схилах,936
виноски,935
естонії,935
уга,935
вовк,935
єгипет,934
фронті,934
кв,934
сона,934
завоювання,933
найбільшою,933
королівської,933
краї,933
упоряд,933
селами,933
мій,933
фінансів,933
кордоні,933
валентин,932
забруднення,932
академічний,932
ліцей,932
повернутися,932
грецького,931
друку,931
ілля,931
сесії,931
франківська,931
задачі,930
допомагає,929
їзді,929
відтак,929
донецький,929
філія,928
магазини,928
необхідності,927
курсу,927
північну,927
ніби,927
переробки,927
літера,926
даного,926
внутрішньої,926
поділяються,926
усрр,926
театрального,926
сотень,925
найвища,925
високої,925
воїнам,925
вінниця,924
кореї,924
поверхня,924
літери,923
професором,923
мешкав,923
вірш,923
спортивний,923
кожний,923
легіонери,923
умовами,922
долю,922
іль,922
виявився,921
передано,921
майбутній,921
раннього,921
заняття,921
саду,921
хан,921
використанні,920
сліди,920
очі,920
донецького,920
бойко,920
мвс,920
мислення,919
тижня,919
показав,919
яного,919
девід,918
хімічна,918
аварії,918
радянсько,918
вбивства,918
кіровоградська,918
суміші,918
огляд,917
наступному,917
нагороду,917
способи,917
отримавши,917
критик,917
бригада,917
куп,917
спільноти,916
давно,916
термінів,916
рнк,916
мережу,915
літопис,915
зазнала,915
князем,915
зменшується,915
масиву,915
генрі,914
програмного,914
селянських,914
обласний,914
гвардії,914
провінцій,914
перевороту,913
фільмах,913
урахуванням,912
прихильників,912
національним,912
церковний,912
наслідків,912
офіцерів,912
будівельних,911
пана,911
дем,911
пюї,911
повітряних,910
видами,910
вкрай,910
миколаївська,910
міські,910
ворогів,909
зникли,909
виконують,909
загибелі,908
розміщені,907
теренах,907
імен,907
козацького,907
сіль,907
патріарх,906
подільської,906
речей,905
адміністрація,905
англія,905
традицій,904
вільгельм,904
вистави,904
буття,904
василівна,904
вести,904
співавторстві,904
приморська,904
костянтина,903
королева,903
мудрого,903
галузь,902
способу,902
ібн,902
головну,902
кольорів,902
вуглецю,902
сіті,902
вінницького,902
ер,902
вивчає,901
особливостей,901
призначені,901
регулярно,901
описав,901
атлантичні,901
твердження,901
північних,901
провели,901
ректор,901
фізичного,900
галичина,900
подібно,900
нараховувалося,900
стародавнього,900
політ,900
виборчий,900
досягла,899
океан,899
ефективність,899
єдиного,899
активності,899
певну,898
картка,898
звідти,898
юридичних,897
галицько,897
переміщення,897
згадує,897
колективи,897
австралія,897
серію,896
судна,896
уникнути,896
ба,896
можливих,895
майстри,895
природу,894
вбивство,894
місії,894
жаль,894
відтворення,893
еволюції,893
комах,893
всесвіт,893
причорномор,893
центральних,893
точці,893
звуку,893
множина,892
церковно,892
підрозділів,892
романа,892
біблії,892
прозаїк,891
кавалери,891
дол,891
лондон,890
діаметром,890
самих,890
органу,890
хід,890
анатолійович,890
завданням,889
постійного,889
рекорд,889
музикантів,889
союзників,889
диплом,889
дон,889
тій,889
туризм,888
цілий,888
читати,888
інфраструктура,888
вікторія,888
молдови,888
секретаря,888
підпорядковане,888
напрямки,887
відношенні,887
пішли,887
встановили,887
формат,887
дворі,887
захисник,887
володінь,887
залишаються,886
латвії,886
територіальній,886
глибині,885
зміцнення,885
посіб,885
голосування,885
оксана,885
враження,885
біографічні,885
тренери,885
гірнича,885
переліку,884
вру,884
білих,884
пеї,884
схожі,883
викладачі,883
розпочалася,883
квітки,883
десяти,883
ставки,883
левицький,882
молодого,882
скульптури,882
різновиди,881
здобули,881
из,881
фронтах,881
широкий,879
легенди,879
журналістів,879
полів,879
одержав,878
соціал,878
продукту,878
видавництва,877
колишньому,877
потрапили,877
британського,876
оголошено,876
катання,876
проходила,876
фабрики,876
енергію,876
включно,875
факультеті,875
посилення,875
кримського,875
січі,875
академію,875
стрічки,875
щоби,875
самий,874
вибрані,874
могло,874
софії,874
вартості,874
споруда,874
російське,873
козацтва,873
анни,873
зображенням,872
хорватії,872
наслідком,872
покинув,872
занадто,872
напряму,871
конференція,871
пояснення,871
устаткування,871
надають,871
руда,871
пожежі,871
завширшки,871
знаків,870
єдиною,870
кирило,870
заповідник,870
подібних,870
композиторів,870
класифікації,869
весілля,869
акушерський,869
загальне,868
присвячені,868
повноважень,868
дитинство,868
дозвіл,867
указ,867
князі,867
класі,867
суспільно,866
списки,866
організацією,866
контролем,866
кулі,865
молекул,865
музиці,865
приймає,865
хокеїст,865
подальшого,864
власним,864
мереж,864
пропозиції,863
відновити,863
повну,863
можливе,862
звернення,862
засобами,862
електричного,862
нагород,862
допомогти,861
організатор,861
руси,861
готель,861
капіталу,861
величиною,860
більшою,860
пропонує,860
набув,860
скільки,860
розвиваються,859
медицина,859
лекції,859
додаток,859
учасником,859
дрібні,859
впливає,859
реакція,859
університетів,858
клубів,858
особливістю,858
голод,858
використовуватися,858
сталіна,857
шлюбу,857
імовірно,857
поділяють,856
бактерій,856
інакше,856
буває,856
вченого,856
дала,856
відповідні,856
вживається,855
представляє,855
квт,855
черкаська,855
греків,855
зазначили,854
підтримував,854
депутатом,854
служить,854
житомирського,854
клубі,853
виконавців,853
мо,853
ділянках,853
концерти,853
індія,852
широкого,852
повідомив,852
патріарха,852
першості,852
легендою,852
австрія,851
дністра,851
активний,851
медіа,851
місцева,851
стане,851
янські,851
мі,851
зернових,851
каменю,851
каліфорнія,851
варшаві,851
повітрі,850
советская,850
залізничного,850
службі,850
важких,850
намір,850
висоту,850
храмі,850
тепла,850
їхнє,849
оточення,849
практика,849
сильний,849
біологічних,848
західні,848
берліні,848
актів,848
японський,848
викликало,848
особу,848
язують,848
призначив,848
нідерланди,847
символізує,847
звернувся,847
поставив,847
аеропорту,847
ос,846
довкілля,846
румунія,845
англійського,845
відкритим,845
особливий,845
хмельницька,845
конкурсі,844
перебувало,844
церковних,844
четвертий,844
янської,844
випустив,844
українськими,843
прийняли,843
укріплення,843
кампанія,843
східні,843
бібліотеку,843
колекція,843
виявив,843
злиття,843
можливостей,843
англійська,842
створювати,842
зусилля,842
учень,842
мінерал,842
кори,841
вр,841
досягти,841
залишилося,841
ячеслав,841
спеціального,841
гривень,841
колонія,841
боків,840
європа,840
написані,840
студенти,840
підрозділ,840
удмуртії,840
ізер,840
розроблений,839
ознак,839
сумська,839
свідчення,839
вадим,839
святкування,839
людського,838
широке,838
допомога,838
петербурга,838
майдан,838
ваги,837
зібрав,837
присутності,837
яйця,837
конституція,836
залишилася,836
ремонту,836
будівлю,836
слобода,836
червоні,836
важливою,835
робочих,835
будувати,835
ведуть,835
ноги,835
європейська,834
французькою,834
будова,834
зберегти,834
ракети,834
двигунів,834
масою,834
георгія,834
діви,834
суспільних,833
нобелівської,833
інформаційних,833
загальну,833
заповідника,833
богом,833
залишили,833
психології,832
ігоря,832
частинами,832
ведеться,832
перспективи,832
виявили,832
галицький,831
потребує,831
дійсно,831
збудували,831
двигуном,831
проектом,831
єму,830
секції,830
листа,830
вміли,830
крок,829
хана,829
деталі,828
думи,828
невід,828
державним,828
тривав,828
договором,828
туристів,828
новими,827
японська,827
комуністичної,827
античної,827
молекули,827
отримані,826
верховного,826
зали,826
командувач,826
ломбардія,826
значенні,825
угода,825
проходження,825
конструкція,825
мюнхен,825
важливе,824
новини,824
чемпіоном,824
генріха,824
хвороба,824
іваном,823
надати,823
вперед,823
сенсі,822
надії,822
фінансових,822
ужгород,822
переселення,822
стадіоні,822
єднано,822
прийняла,821
вибору,821
театральні,821
дівчат,821
академіка,820
зумів,820
співробітництва,820
знаходилася,820
зунр,820
катерини,820
стрільців,820
бувають,819
офіцер,819
рівне,819
принципів,818
вчителя,818
казки,818
країною,818
періоди,818
суден,818
зош,818
складних,817
дивись,817
романів,817
кількома,817
вирішено,817
транспортних,817
угідь,817
суміш,817
стандарт,816
тканин,816
концепція,816
повернулися,816
масові,816
ар,816
найдавніших,815
назвати,815
монет,815
дону,815
чисельності,815
схеми,815
храмів,815
батальйон,815
золотої,814
половину,814
поспіль,814
філії,814
ендр,814
потрапила,813
видатних,813
па,813
федора,813
річард,813
дивізіон,813
матчу,813
краєзнавець,813
жіночий,812
підтвердження,812
глини,812
учений,811
кільця,811
висновок,811
ядерної,811
греки,811
портрети,811
республік,810
регіони,810
розробку,810
нович,810
стародавніх,810
олексія,810
задач,810
йшли,810
лука,810
температурі,810
яни,809
леся,809
небо,809
районний,809
залишити,809
спостережень,808
приєднався,808
фірма,808
табору,808
сини,808
роботах,808
карті,808
альбомів,807
познайомився,807
унаслідок,807
столицю,807
малого,807
нащадки,807
частоти,807
воля,806
золотою,806
богослов,806
віддав,806
ураження,806
більшої,805
літературних,805
штати,805
записав,805
географічних,804
компоненти,804
напрям,804
словом,804
органом,804
найкраще,804
флора,804
дотепер,803
найкраща,803
змінити,803
нафта,803
річ,803
розпочалося,803
стверджував,803
ніна,803
якийсь,803
дорогу,803
сіверського,803
відкритого,802
річниці,802
продовжували,802
філологічних,802
єктами,801
задоволення,801
втручання,801
оркестр,801
хімік,801
реформа,801
виходять,801
слава,801
війною,801
сільські,801
джерелами,801
якова,801
показали,800
редакцією,800
страхування,800
прибуток,800
сприйняття,800
робили,800
перекладу,800
засновником,800
вікна,800
містами,800
уапц,800
позначається,799
коливання,799
вінниці,799
шахта,799
погляд,798
яч,798
позбавлення,798
чемпіонатів,798
прив,797
гриби,797
кваліфікації,797
позицій,797
кераміки,797
черкаси,797
комедії,797
стояла,797
шару,797
житло,796
складалася,796
сільськогосподарського,796
прізвисько,796
ріо,796
данила,796
пізнання,795
рельєфу,795
сторона,795
сферах,795
господар,795
мети,795
рангу,795
прийняти,795
закінчується,795
виконавчої,794
угорської,794
михаїла,794
актора,794
стандартів,793
депо,793
єднань,793
гетьманщини,793
існувати,793
книжок,793
галузей,792
головними,792
перейменовані,792
пропозицію,792
звичайних,792
хімічної,792
здійснювати,792
приготування,792
найважливіших,791
росту,791
товариств,791
йосипович,791
угорщині,791
обрали,791
зб,791
підписання,791
звичайна,791
орди,791
затверджений,791
продуктивність,790
зону,790
лисенка,790
культурні,790
глава,790
сі,790
заввишки,790
парафія,790
кого,789
диск,789
іншій,789
оголосила,789
престолу,789
журналісти,789
обчислення,789
риба,789
транспортування,789
волинський,788
руїни,788
набула,788
надто,788
яскраво,788
особливого,788
протоки,788
принципом,788
класичної,787
лежать,787
апарату,787
держ,787
прибули,787
зверху,787
всесвіту,786
дозволив,786
лідером,786
безробітних,786
діаспора,786
скла,786
поетеса,786
розпочали,785
підписали,785
донбасу,785
літературу,785
традиція,785
трапляються,785
береги,785
діва,785
федерація,784
британські,784
підсумками,784
німецькими,784
подільському,784
досвіду,783
знав,783
розташовується,783
міліції,783
знов,783
власників,783
залі,783
сонячної,782
всіма,782
керівника,782
братом,782
стародавні,782
побачив,782
зелена,782
передач,782
предмет,781
високо,781
освітлення,781
дочки,781
одні,781
звучання,781
склали,780
знаряддя,780
білої,780
сучасну,780
океані,780
індонезії,780
окуповане,780
тихого,780
бібліотек,780
індекс,780
правом,779
вказують,779
дійсний,779
стін,779
створюється,778
двору,778
можливі,778
термінологія,778
населеного,778
вдається,778
поетів,777
пристрої,777
розглядається,777
здійснено,777
обігу,777
жила,776
продукція,776
безробіття,776
олімпійський,776
зовнішні,776
прагнення,775
жанр,775
усім,775
німеччиною,775
проведені,775
грамота,775
поема,775
розслідування,775
окремими,775
нанта,775
електроенергії,774
зусиль,774
кухня,774
третьої,774
складали,774
сербії,774
тернопільська,774
пуатьє,774
проспект,774
шосе,774
піхоти,774
млини,774
празі,773
дипломат,773
засідання,773
явились,773
арср,773
золотих,773
викладання,772
останньої,772
вільних,772
територіальний,772
їжу,772
житлових,772
йдуть,772
молока,772
враховуючи,771
особливу,771
виданий,771
базу,771
шляхти,771
структурі,771
вітру,771
тебе,771
мілан,770
повіти,770
грецький,770
виступати,770
створюють,769
містяться,769
композиція,769
зразки,769
напад,769
ввійшли,769
дп,769
тренера,769
активне,769
отаман,769
пошуках,768
листі,768
владі,768
британська,768
республікою,768
найбільшого,768
тренером,768
зібрані,768
утворенням,768
квартира,768
важливий,767
походженням,767
буковини,767
недалеко,767
нападник,767
місцевим,767
обсерваторії,767
рухи,766
проводилися,766
властивостями,766
демократії,766
близький,766
алгоритм,766
городища,766
жертви,766
межа,766
електронів,765
джованні,765
забудови,765
твердих,765
потрапляє,765
гоголя,765
скелі,765
власника,765
єнна,765
хімічний,764
глибини,764
півострові,764
параметрів,764
єдине,764
подібний,764
душ,764
ни,764
вниз,764
залози,764
ціни,763
майкл,763
лісовий,763
річного,763
ко,763
райцентру,763
ситуацію,762
штатах,762
дитинства,762
мотивами,762
московська,762
донбас,762
невідома,762
відзначився,762
втратили,762
правах,762
грец,762
серіал,762
групами,761
платформа,761
станів,761
виграла,761
проживають,761
ферма,761
файлів,760
прес,760
луцького,760
дітьми,760
окупація,760
традиційних,760
вкп,760
панк,760
більший,760
янський,759
приводом,759
євгена,759
письма,759
пресі,759
територіях,759
со,759
вийшло,759
йонна,759
проводили,758
впливають,758
відчуття,758
пояснюється,758
йдеться,758
каплиця,758
дитячих,758
голоси,758
удар,758
луки,757
ольги,757
білки,757
персонаж,757
вдома,757
автошляхом,757
украины,757
розробці,756
висновку,756
математика,756
руської,756
мільйони,756
єпископи,756
майстра,756
австрійської,756
священник,756
визвольних,756
вигляду,756
зав,756
операцію,755
живопис,755
характерний,755
завершено,755
заслужені,755
концентрації,754
випущений,754
зіткнення,754
почало,754
вийти,754
православний,754
вітер,754
швеція,754
автобус,754
національній,754
традиційні,753
усієї,753
янська,753
жовтий,753
каналів,753
літературного,753
едуард,753
лондона,753
атаки,753
вільні,753
посол,753
західну,752
громадської,752
батьківщину,752
характерна,752
вибуху,751
посіла,751
ботанічний,751
чорноморського,751
збройні,751
верхньої,751
дружба,751
матчах,751
житла,751
конго,750
виділяється,750
виходив,750
басейні,750
коливань,750
хат,750
костелу,749
оцінками,749
десь,749
протистояння,749
кордонів,749
приходу,749
предків,749
грецьких,749
командира,749
запорізького,748
займатися,748
сейму,748
числом,748
єпархія,748
складні,747
побудував,747
сьогодення,747
рублів,747
капітана,747
хліба,747
переслідування,747
збігається,746
старших,746
обрання,746
максима,746
користувача,746
кільце,746
місцеве,746
фізична,745
особисті,745
температур,745
явилося,745
громадою,745
рідного,745
дзвіниця,745
виїхав,745
деталей,744
більшовики,744
збереглося,744
пцу,744
юрійович,744
оборону,744
рухів,743
схема,743
парламентських,743
гімн,743
графіки,743
трійці,743
опубліковано,743
кропивницького,743
закладах,742
двадцять,742
приєднано,742
призначена,742
сирії,742
марокко,742
карпенка,742
сигнал,742
золотого,741
експедиція,741
воєн,741
відсотків,741
театри,741
призвели,741
чернігів,741
пітер,741
цивілізації,741
адміністративним,741
літній,741
союзі,740
скоропадського,740
юрист,740
римська,740
вільна,740
мексики,740
бронзовий,740
гірничих,740
медицині,739
прості,739
додатково,739
ударні,739
особисте,739
проєкти,739
масу,739
розташованих,738
хоче,738
міністри,738
сектор,738
електронних,738
срібні,738
італійського,738
конфлікти,737
друг,737
учитель,737
відкритих,737
перетворюється,737
хутори,737
зброєю,736
керівники,736
політиці,736
душу,736
господнього,736
токіо,736
пономаренко,736
португалія,735
нагороджено,735
проєктів,735
ісламу,735
світлана,735
ой,735
водами,735
комі,734
галузях,734
третім,734
побудувати,734
пустелі,734
масового,734
мірі,734
британських,734
фауна,733
проголосив,733
студія,733
заміж,733
походять,733
перенесення,733
істотно,733
спортсмени,733
режисери,733
виходячи,732
видавець,732
дискографія,732
кисню,732
туру,732
районна,732
сторону,731
бактерії,731
учасниками,731
збірку,731
молодшого,731
латинської,730
катастрофи,730
протокол,730
яса,730
янця,730
походив,730
виступають,730
юпітера,730
іспанський,729
взяла,729
ростуть,729
фінансові,729
побуту,728
дитяча,728
мосту,728
пізнього,727
сприяло,727
ндр,727
правителі,727
колгоспи,727
координат,727
автошлях,727
червоне,726
сільськогосподарської,726
вісті,726
зеленого,726
голосу,726
фігурного,726
мирний,726
водних,726
грали,726
життям,725
утворюючи,725
ат,725
успіхи,725
епоха,725
хребта,725
збору,725
застосуванням,725
додаткових,725
розумінні,724
збирання,724
єва,724
снд,724
лікаря,724
втратила,724
училищі,724
говорять,724
захопити,724
ізраїль,723
передусім,723
цивільного,723
шкоди,723
єпископів,723
планет,723
начальником,723
успіхом,723
лісові,723
матриці,722
минуле,722
численними,722
дозволу,722
збудовані,722
богослужіння,722
хімічного,722
відзначається,722
вільної,721
ран,721
вина,721
варіантів,721
окремої,721
артисти,721
банків,721
набуває,720
щоправда,720
ютерних,720
мартін,720
селянин,720
стрілецької,720
чорних,720
видом,720
культ,720
філіп,720
щита,720
реєстрації,719
розглядати,719
проектів,719
поліпшення,719
більшовиками,719
випадково,719
ях,719
сміт,719
оп,719
визначні,718
цінність,718
конгрес,718
козацька,718
стався,718
багаті,718
англійські,718
камені,718
побудували,718
давнину,718
режисером,718
експорт,717
михайлівна,717
командував,717
заселення,717
романі,717
сприяв,717
адреса,717
унії,717
єдиної,716
складання,716
казка,716
тривало,716
лісова,716
увазі,716
королівський,716
кумарці,716
карого,716
власницькому,716
ознакою,715
відіграє,715
виступала,715
губернатора,715
органічних,715
заборону,715
сайту,715
приміщень,715
македонії,715
колеса,715
напруги,715
інформаційний,714
приймати,714
зовнішня,714
знищено,714
лав,714
папою,714
розроблена,713
артилерії,713
австрійський,713
синій,713
акад,713
визвольної,713
птах,713
пояс,713
стефана,713
ґрунтів,712
рослинність,712
частку,712
хрещення,712
пошани,712
автобуса,712
територіальна,711
етапи,711
професійний,711
кривий,711
астрономії,711
дружину,711
ївка,711
президенти,711
ятий,711
активних,711
розпорядженням,711
італійські,711
помічник,711
подвір,711
єдності,710
образи,710
переїхала,710
співачки,710
науці,710
облікова,710
єдину,710
козацьких,710
віру,710
жодних,710
одержання,710
характеристик,709
леон,709
нижньої,709
інтернету,709
річчю,709
знаходилися,709
компактна,709
оболонки,708
звинувачення,708
епізод,708
інформацією,708
акторів,708
навпроти,708
композицій,708
популяції,707
російським,707
кабінет,707
українка,707
терору,707
приватні,707
мирного,707
адам,707
зелені,707
церковні,707
займаються,706
харківському,706
орної,706
вважався,706
королеви,706
представлено,706
світлини,706
позиція,705
церемонії,705
проханням,705
поеми,705
називає,705
дніпровського,705
стародавній,705
якби,705
львівській,705
кажуть,705
підтримкою,704
одиницю,704
ефективності,704
радник,704
згадував,704
виявилося,704
шаповал,704
кордони,704
аес,704
поверх,704
зразка,704
включення,704
петрівна,704
колумбії,704
венеція,704
регіональних,703
останньому,703
коваленко,703
основне,702
вашингтон,702
параметри,702
франсуа,702
окрема,702
фази,702
домогосподарство,702
володіли,701
фізіології,701
подав,701
сказати,701
розпочала,701
стосуються,700
пп,700
джо,700
ємонт,700
єднана,700
члена,699
відбувалося,699
ділянку,699
виставці,699
промислової,699
ємом,699
александр,699
радянським,699
магазинів,699
архітектори,699
карт,698
наукове,698
праві,698
електронна,698
переважна,698
зробила,698
заст,697
аспекти,697
стільки,697
програмі,697
олега,697
провела,697
московському,697
фрн,697
піднесення,697
весни,697
троє,697
помилки,697
власністю,697
худобу,697
українознавства,697
ближче,697
словаччини,697
географічні,696
осередок,696
інфраструктури,696
званих,696
суспільного,696
польщею,696
адміністративного,696
земельних,696
технікум,696
танцю,696
сон,696
янці,696
солей,696
бронзові,696
установки,696
археологія,696
негайно,696
складовою,695
представляють,695
творчий,695
звуки,695
твердого,695
загальним,695
постанови,695
підпорядковані,695
карбованців,695
роберта,695
весна,695
цінних,695
лікарів,694
основну,694
бі,694
річна,694
білоруський,693
радянську,693
леоніда,693
співробітників,693
дна,693
реєстру,693
клермон,693
східно,693
солдати,693
терміном,692
помірно,692
прийшла,692
рухом,692
спр,692
наукову,691
танків,691
звана,691
викладачів,691
донині,691
наступу,691
струм,690
компанію,690
автономна,690
припинив,690
бачив,690
дорогою,690
скульптура,690
корони,690
предметом,689
дихання,689
простих,689
масових,689
турне,689
економіці,689
продовжується,689
друк,689
вважалося,689
жодної,689
іоанн,689
значне,689
символіка,689
обробка,688
французьких,688
руська,688
відповідальності,688
дочкою,688
коледжу,688
японського,688
давид,688
ряді,688
друзі,688
дніпропетровськ,688
мільйона,687
історією,687
співпрацю,687
рідкісних,687
зон,687
галереї,687
каліфорнії,687
марок,686
відомими,686
жіночого,686
попередні,686
дзвін,686
додавання,686
зазначити,686
синтезу,685
поясу,685
всесвітньої,685
са,685
повної,685
ризик,685
основної,684
схожий,684
вельми,684
робочої,684
канадський,684
сотник,684
ютерів,684
перейшло,684
розроблено,684
виведення,684
єпископом,684
фрагменти,684
атмосфери,684
півзахисник,684
вбито,684
налічується,684
міжнародне,683
спеціальністю,683
образу,683
підсумку,683
палаці,682
істориків,682
альфа,682
спеціалістів,682
нижнього,682
льоду,682
стояли,681
решт,681
мазепи,681
чисельністю,681
загонів,681
майстерня,681
дід,681
методами,680
внутрішня,680
китайської,680
покращення,680
експорту,680
піти,680
виступили,680
барселона,680
місцевими,679
третьому,679
молдова,679
розмірі,679
руського,679
ятні,679
освітній,679
стандарту,678
розділення,678
значенням,678
губернатор,678
зможе,678
парки,678
адміністративної,678
чайковського,678
тема,678
закриття,678
включено,678
вхід,678
хрестом,678
натрію,678
представником,677
зберігає,677
его,677
незалежних,677
початкову,677
досягли,677
доки,677
герцог,677
мур,677
діячка,677
передача,676
спробу,676
внесення,676
верхів,676
вас,676
вузол,676
хребет,676
називався,675
технологічного,675
визнаний,675
капітал,675
кит,675
поведінка,674
одеський,674
зроблені,674
цінності,674
призвела,674
іоанна,674
трагедії,674
єдність,674
заборонено,674
вирішує,674
листки,674
бразилія,674
фактори,673
часопис,673
прийнята,673
механізми,673
козацької,673
супроводжується,673
славу,673
кнр,673
швейцарія,672
мешкають,672
виконані,672
галицької,672
західно,672
програмою,672
герцога,672
передати,672
присвятив,672
жіноча,672
співавтор,672
електронний,671
ад,671
вступу,671
податки,671
художні,671
релігійний,671
дохід,671
важкі,670
переговорів,670
військом,670
космічних,670
генів,670
загибель,670
апостола,670
світовий,669
прискорення,669
суддя,669
окремого,669
спектр,669
виділити,669
юстиції,669
кримських,669
використані,669
підприємець,669
знає,669
хуан,669
пролягає,669
голи,669
рейтинг,668
філософських,668
погано,668
людських,668
рота,668
лат,667
появою,667
католики,667
перевірки,667
перебуваючи,667
легкої,667
марках,667
координати,667
землями,667
ходу,667
відображає,666
знаходить,666
страви,666
нащадків,666
бачити,666
рівнянь,666
рештки,666
перейти,665
гірський,665
чотирма,665
написаний,665
глибоко,665
діяло,665
гравцем,665
полях,665
носіїв,664
перемогла,664
постійні,664
кодекс,664
ліквідовано,664
урочисто,664
реабілітований,664
богині,664
болгарія,663
уклав,663
невелику,663
морів,663
проведена,663
турецької,663
коваль,663
континентальний,663
атлантичного,663
пропаганди,662
проводу,662
шукати,662
договори,662
популярним,662
білка,662
антоніо,662
збір,662
молодіжної,662
впс,662
феррана,662
археологічних,661
дипломатична,661
даної,661
книжка,661
вгору,661
місту,661
колони,661
ода,661
меч,661
цікаво,660
мінімум,660
борту,660
тимчасового,660
рівнини,660
космічного,660
преси,660
зат,660
супутник,660
драма,659
величезний,659
офіційного,659
проблему,659
католицького,659
типом,659
постійний,658
концертів,658
значного,658
східну,658
японських,658
військовик,658
людської,657
сприяли,657
відзначити,657
необхідних,657
світову,657
засіданні,657
значної,657
миколаїв,657
дитячої,657
магнітного,657
тейлор,657
теорема,656
елемента,656
знаком,656
звуків,656
псевдонім,656
відповіді,656
протесту,656
мінськ,656
зерно,656
лісами,656
фауни,655
кожне,655
місцевому,655
звичайні,655
криза,655
репресії,655
всеукраїнської,655
промисловий,655
ірану,655
сокіл,655
симфонія,655
варшава,654
гетьманом,654
журналістики,654
біль,654
племені,654
завершив,653
польським,653
супутників,653
принц,653
старшина,653
каміння,653
хата,653
пластів,653
франц,652
всесвітній,652
бондаренко,652
залежать,652
правий,652
автомобільний,652
модифікації,652
мг,652
визначаються,651
россии,651
кавказу,651
невідомі,651
білоруської,651
лівий,651
зведення,651
набули,650
здійснити,650
корпорації,650
останню,650
подія,650
нафтових,650
показників,649
адресою,649
продукцію,649
вокзал,649
способів,649
вмісту,649
запрошення,649
покрови,649
плоди,649
видає,648
затверджено,648
зображено,648
маршрути,648
окупували,648
стверджують,648
поміщика,648
топоніми,648
буквально,648
випущено,648
носили,648
сингли,647
висловив,647
активні,647
закарпатті,647
почесна,647
ютера,646
центральну,646
помітно,646
визначено,645
підтримувати,645
організаторів,645
авт,645
колі,645
торгівлю,645
збільшити,645
лицар,645
виконавчого,645
чоловіком,645
ключ,645
діяча,645
відп,645
засобом,645
трон,645
розуміли,645
фортецю,644
ил,644
переселенців,644
єв,644
рак,644
товарна,644
виконували,644
оподатковане,644
поведінку,643
несе,643
степу,643
прихильники,643
камери,643
конструкцій,643
староста,643
буріння,643
частки,642
зйомки,642
запорозького,642
козацький,642
етнічних,642
професійних,642
александра,642
умовно,642
планується,642
етапу,642
турина,642
переможцем,642
мак,642
метрополійного,642
явка,641
поезій,641
керує,641
німцями,641
розрізнення,641
метрополійне,641
сумського,641
полем,640
написано,640
грушевського,640
пруссії,640
старе,640
гімназія,640
морська,639
організм,639
хосе,639
цивілізація,639
радянському,639
запасами,639
категорій,639
меморіальний,639
намісництва,639
згадують,639
кріплення,639
полум,639
міжнародним,638
міру,638
козацькі,638
книгах,638
майданчик,638
характеризуються,638
восьми,638
відхилення,638
властивість,637
початкових,637
теперішній,637
вантажів,637
механізмів,637
нагорода,637
служіння,637
найкращу,637
військовому,637
воював,637
кодексу,637
записів,636
горького,636
видобування,636
зазначено,636
ссавці,636
харчова,636
адмірал,636
орбіти,636
повітряні,636
відповідного,635
виділяються,635
офіційні,635
зруйновано,635
підприємствах,635
художня,635
обіймав,635
лисенко,635
борисович,635
нівка,635
популярних,634
показують,634
перемог,634
гітарист,634
август,634
людовик,634
зіграла,634
соціальний,633
каже,633
цінностей,633
погодився,633
електричний,633
дозволили,633
квіти,633
грамоти,633
значними,633
зовні,633
газет,633
водосховище,633
обставин,632
розміщено,632
форум,632
справді,632
документальний,632
чемпіонка,632
орел,632
ліона,632
антоній,632
історичну,631
науковців,631
дзеркало,631
навчалося,631
добра,631
менша,630
офіційною,630
використовувалася,630
януковича,630
казахстан,630
київським,630
кропивницький,630
нагородження,630
зразків,630
заступника,630
поч,630
кальцію,630
грибів,629
заряду,629
інтернеті,629
мері,629
наявні,629
табл,629
костянтинович,629
сигналу,629
служити,629
америка,629
вдосконалення,628
убитий,628
стійкість,627
грамотою,627
кіт,627
послідовно,627
смертність,627
намагаючись,627
електронної,627
волость,627
ша,627
боги,627
труби,627
бек,627
пласта,627
причина,626
шириною,626
структурою,626
шведський,626
обсягу,626
миколай,626
суперечки,626
тролейбус,626
гірничо,626
відомостей,625
делі,625
сильні,625
сопрано,625
оцінку,625
фінал,625
алі,625
печі,625
стратегії,624
виробничих,624
мовознавець,624
виступу,624
додатковий,624
журналів,624
імперію,624
яєць,624
ознаками,624
смак,624
втік,624
частота,624
людині,623
янське,623
плюс,623
старшим,623
духовенства,623
січових,623
прилади,623
псевдо,623
комплекси,622
мешкала,622
синдром,622
заводів,622
сільськогосподарські,622
колії,622
підтримують,622
римських,622
христос,622
географічне,621
вектор,621
інженера,621
грушевський,621
султан,621
церковного,621
відбулась,621
топ,621
щойно,621
здатності,621
пошуки,620
речовина,620
екології,620
стилем,620
періодом,620
вела,620
автоматично,620
зміною,619
європейські,619
наявністю,619
близькі,619
хаус,619
міжнародній,618
значним,618
рано,618
дана,618
албанії,618
особливі,618
товару,618
карпатах,617
селянам,617
загрозою,617
районні,617
таборі,617
поверхнею,617
більші,617
богодухівського,617
зима,616
давнього,616
міні,616
емігранти,616
увага,616
повільно,616
хіт,616
отримували,616
попередній,616
олександрівна,616
відновив,616
закликав,616
приладів,616
взяло,616
організованого,615
розроблені,615
подружжя,615
фармацевтична,615
військовослужбовців,615
свят,615
швидкого,615
військовій,615
присутній,615
сухий,615
новоутвореного,615
рухається,615
простягається,615
номером,614
являють,614
незалежні,614
литовський,614
зеландії,614
бачить,614
завідувачем,614
олії,614
др,614
зникнення,614
народним,614
закінчили,614
збірок,614
правив,614
валь,614
земельні,614
альє,614
залучення,613
етнограф,613
застосовувати,613
мету,613
меті,613
колоній,613
формується,613
успіння,613
найменування,613
районами,613
визначені,612
увесь,612
елементом,612
письмо,612
цукру,612
виробників,612
повітів,612
витоків,612
поділлі,612
азоту,612
джеймса,612
залізо,612
берлін,611
викликала,611
давали,611
розуму,611
єлизавета,611
міфологія,611
африка,611
скло,611
організаціями,610
піаніст,610
суть,610
папська,610
трамвай,610
августа,610
плавання,610
поранений,610
уродженець,610
змогла,610
мч,610
решту,609
переклав,609
передані,609
йорка,609
вагомий,608
теодор,608
технологічних,608
функцією,608
тривалого,608
іспанської,608
воювали,608
складалися,608
німецьким,608
чемпіона,608
замки,608
трапляється,608
крб,608
одної,607
картину,607
механіка,607
будівельні,607
марина,607
науковим,607
ансамблю,607
уклад,607
листів,607
премій,607
професійної,607
вираз,607
сарта,607
чернівецького,606
математичного,606
залишалася,606
виявилися,606
оновлення,606
єдналися,606
чинності,605
фінансової,605
око,605
шахтар,605
залишалися,605
повернулася,605
житлові,605
оренду,605
бійців,605
жіночі,605
ґрунт,605
бойової,604
одно,604
погляду,604
викликати,604
вокзалу,604
створила,604
важливо,603
глибину,603
голові,603
футбольних,603
механізму,603
південні,603
означало,603
свідченням,603
херсонська,603
знищили,603
менші,603
самій,603
плей,603
старому,602
популярний,602
англо,602
відповідності,602
колективізації,602
чехословаччини,602
фондом,602
фрідріха,602
різної,602
оркестром,602
дійсності,601
космічний,601
ступенем,601
пік,601
підтримали,601
вал,601
зразком,601
підпілля,601
йосиф,601
написом,601
померлих,601
вуглеводнів,601
іраку,601
придбав,601
свиней,601
канали,601
порти,600
утворилися,600
званої,600
характером,600
вагою,600
даху,600
знищити,600
труднощі,599
тернополі,599
потенціалу,599
довести,599
четвертого,599
мінеральні,599
геннадій,599
заслання,599
мотиви,599
інфекції,599
злочини,599
журі,599
дітям,599
володимиром,598
кислот,598
грузія,598
особливе,598
євангеліє,598
високе,598
цвинтар,598
зафіксовано,598
сезони,598
потрібні,598
язує,598
хотіли,598
стрілець,598
каталанської,598
показано,598
видалення,598
знаходять,598
правилами,597
поглядів,597
технічна,597
руських,597
ютер,597
йосипа,597
власному,597
каналі,597
критиків,597
визнано,597
архіву,596
подарував,596
позначає,596
принципу,596
заповіт,596
однойменного,596
розкопки,596
володимирівна,596
виконано,596
опозиції,596
сотня,596
вирішила,595
компонент,595
випливає,595
підтримав,595
придушення,595
просування,595
здатний,595
перемир,595
здавна,595
придбання,595
пересихаючий,595
сх,595
виявилася,595
справжній,594
окремим,594
викладачем,594
повернувшись,594
бугу,594
інвестицій,594
хокею,594
коштом,594
винахідник,594
туреччина,594
сади,594
площині,594
допоміг,594
азербайджану,594
ставали,594
військовики,594
сірки,594
едвард,593
широкі,593
доступні,593
випустила,593
іслам,593
монархії,593
перейменована,593
республіку,593
спостерігаються,593
збудував,593
окупантів,593
вагонів,593
чернігівський,593
дар,593
грецькі,593
раку,593
титули,593
репресовані,593
недостатньо,592
початкової,592
континенту,592
юлії,592
дністер,592
малу,592
отримувати,592
підполковник,592
меморіал,592
ґрунті,592
негативно,592
духовного,592
користуються,592
срібло,592
однойменної,592
вино,592
польське,591
алюмінію,591
ряди,591
дошку,591
протяжність,591
газових,591
суто,591
душа,591
ен,591
кино,591
формулою,591
хімія,590
звичайного,590
форматі,590
кдб,590
маємо,590
відвідувачів,590
родиною,590
статут,590
інтерфейс,590
ранку,590
судді,590
дзвони,590
повинно,589
спрямовані,589
сільську,589
визнали,589
вебсайт,589
водопостачання,589
оф,589
хутора,589
викликали,589
штучного,588
колективів,588
альберт,588
коливається,588
стандарти,588
відзнакою,588
братства,588
відкрите,588
комплексів,587
національне,587
реакцій,587
агентство,587
льотчик,587
ходили,587
коріння,587
повним,587
хворобу,587
званого,587
дієго,587
вузлів,587
друковані,587
геології,586
величезні,586
реалізація,586
автономії,586
лідера,586
поліція,586
відносинах,586
демократична,586
знаходження,586
здається,586
видавництві,586
представлення,586
знали,586
вважаючи,586
гармати,585
більшістю,585
зсу,585
виконати,585
постійним,585
діаспори,585
духа,585
стародавньої,585
смуга,585
секунд,585
буенос,585
залізної,585
переможці,585
ду,585
окрему,584
ухвалив,584
практику,584
фондів,584
публікацій,584
ініціативою,584
дунаю,584
читачів,584
ціна,584
різний,584
японські,584
вершині,584
командиром,584
водах,584
історичному,583
складова,583
вероніки,583
зберігають,583
мазепа,583
загрозу,583
робочого,583
китайський,582
широкому,582
гіпотеза,582
їв,582
діях,582
зведено,582
повідомлень,582
включені,582
політехніка,582
правителя,582
інш,582
кузова,581
археолог,581
державною,581
червоних,581
навчається,581
сценаристи,581
танці,581
збільшенням,581
змінних,580
копій,580
глави,580
урочища,580
родичів,580
ардеш,580
діб,580
державними,579
випадає,579
івановича,579
виробники,579
утворили,579
жовтневої,579
знято,579
робив,579
лаври,579
гектарів,579
весною,579
мідь,579
працях,578
південну,578
функціонують,578
вбити,578
вмс,578
католицькі,578
спортивна,578
психологія,578
вищій,578
полтави,578
австрійського,578
точку,578
виглядає,578
угруповання,578
інженерно,578
дисципліни,577
оголосили,577
інтеграції,577
прага,577
оголошення,577
дотримання,577
комуністів,577
активного,577
спалили,577
хмари,577
статуї,577
клубом,577
лінією,577
видається,576
європу,576
громаду,576
знайдений,576
реконструкція,576
несподівано,576
дисертації,576
прикладами,576
піску,576
найближча,576
затока,576
ковельського,576
чортківського,576
власними,575
доп,575
світом,575
сіверський,575
микита,575
решти,575
доробок,575
згоди,575
опинився,575
абу,575
лісових,575
джек,575
всесоюзного,575
паулу,575
как,575
поль,574
розроблення,574
безпека,574
охорону,574
ями,574
дорошенко,574
пояснити,574
розрахунку,574
овець,574
екологія,573
успіхів,573
передачу,573
встановлюється,573
діапазоні,573
громадянська,573
словника,573
військовими,573
дійшли,573
приходить,573
вып,573
вільяма,573
виданнях,573
помилок,573
називалася,573
політичне,573
регіонального,573
нагадують,573
традицією,572
саму,572
хііі,572
козаками,572
арсенал,572
церковної,572
йти,572
відень,572
перейменували,572
вчився,572
музеїв,572
підземні,572
кімнати,572
подальші,571
здійснили,571
бета,571
особливість,571
споживачів,571
ніяких,571
російському,571
досліджував,571
кравченко,571
стінах,571
вилучення,571
декомунізації,571
озері,571
кафедру,571
тваринництво,571
особин,570
ресурс,570
олександром,570
сірий,570
митрополії,570
кубані,570
філармонії,570
йович,570
полтавський,570
використати,570
трагедія,570
євгенія,570
відходів,570
краснодарського,570
прибутку,570
марі,569
воєводство,569
прапори,569
вчителем,569
премією,569
приводить,569
входу,569
багатий,569
кунео,569
метрополітен,569
данилович,569
відвідував,569
вчителі,569
срібна,569
виготовляють,569
колібрі,569
медична,568
втілення,568
воєнних,568
дружби,568
постійних,568
чин,568
володіють,568
султана,568
суші,568
радянськими,568
мости,568
літом,568
ймовірність,568
схилі,568
асамблеї,568
заг,567
потребують,567
націоналістів,567
опубліковані,567
кримської,567
подібна,567
вечір,567
продуктивності,567
телескоп,567
використав,567
угорського,567
черв,567
монастирів,567
недоліки,566
постійне,566
створенням,566
трипільської,566
енергетики,566
персії,566
розділений,566
казимир,566
допомагав,566
харчової,566
усс,566
кракові,566
вуе,566
твердість,566
невідомий,566
ефекту,565
сербія,565
центральному,565
письменниці,565
ритм,565
доведення,565
шахт,565
випущена,564
конкретних,564
поїздів,564
спадщину,564
рідна,564
гімназію,564
курган,564
болота,564
підтвердив,564
танець,564
юридичний,563
іст,563
даному,563
шарів,563
кухні,563
губерський,563
гирлі,563
лариса,563
франциско,563
поглинання,563
кінорежисери,563
продовжують,562
ікона,562
зрозуміти,562
обговорення,562
всеволод,562
сестер,562
називав,562
народила,562
годину,562
царем,562
потреба,561
платон,561
економічно,561
максимально,561
інститутів,560
старіння,560
хі,560
сприяють,560
ранній,560
коротка,560
біографії,560
замінив,560
згадуються,560
щільність,560
довкола,560
нко,560
дах,560
герби,560
охолодження,560
будову,559
законодавство,559
херсон,559
яне,559
бюджет,559
кременецького,559
дисциплін,558
базою,558
артур,558
меншою,558
поранення,558
логіки,558
ятників,558
періодично,558
ввів,557
усунення,557
змінами,557
уряді,557
посідає,557
назавжди,557
покинути,557
рідному,557
мін,557
священиків,557
народній,557
вогнем,557
яру,557
коня,557
лубенського,557
напрямків,556
обмежена,556
файл,556
міграції,556
реєстр,556
взаємодія,556
вський,556
користувалися,556
угорський,556
пояснює,556
ве,556
форт,556
ролях,556
нуля,555
дедалі,555
спільних,555
напрямках,555
приніс,555
громадськості,555
франків,555
заміну,555
проявляється,555
старшини,555
щодня,555
селянами,555
порода,555
доходи,555
сортів,555
нервової,554
вимагають,554
вич,554
володи,554
ярмарки,554
праворуч,554
залізничні,554
римляни,554
гітлер,554
шевченку,554
кислота,554
полки,554
гуртів,554
радгоспу,554
загатою,554
півкулі,553
філософи,553
появу,553
інтелігенції,553
фахом,553
говорив,553
гірничої,553
вимова,553
альбомом,553
видатного,552
синтез,552
фактор,552
едо,552
нема,552
зосереджені,552
турі,552
пошкодження,552
садиби,552
відня,552
меншу,552
водяний,552
балів,552
електричних,552
сутність,551
атмосфері,551
історика,551
осені,551
сценарій,551
початкові,551
постановник,551
пива,551
тбілісі,551
готовий,551
авто,551
ударів,551
ландшафтний,550
досягнень,550
їхнім,550
заряд,550
електронні,550
присутність,550
акти,550
могилу,550
автобуси,550
найвищий,550
концентрація,550
гору,550
державній,550
запобігти,550
приїхав,550
шт,550
економічну,549
географічного,549
популярні,549
одними,549
флори,549
геополітична,549
золоту,549
вдвічі,549
програв,549
сталася,549
повідомляє,549
серп,549
силах,549
жіночих,549
королі,549
тренто,549
гуртом,549
виробок,549
виявити,548
падає,548
усьому,548
підготовці,548
маршал,548
набрав,548
зняв,548
використано,548
романом,548
побратими,548
північні,547
противагу,547
анрі,547
демографічна,547
ілліч,547
повстанці,547
тернополя,547
талант,547
крило,547
управлінням,547
коледжі,547
отримано,547
онтаріо,547
луаре,547
мая,547
отамана,547
афін,547
невелике,546
кліматом,546
ідеології,546
миха,546
колгоспів,546
константинополя,546
матеріалом,546
наше,546
знати,546
технологічний,546
справами,546
економічне,545
ґрунтується,545
біологія,545
керувати,545
чорне,545
усередині,545
вояки,545
виконуються,545
послання,545
зайняла,545
метали,545
тертя,545
підписано,544
устрою,544
директорії,544
скасовано,544
шепетівського,544
ковальчук,544
облогу,544
хвіст,544
кон,543
ніжинського,543
харчових,543
ющенка,543
суддів,543
припинила,543
архієпископа,543
полків,543
викликав,543
взуття,543
тролейбусів,543
дизайну,543
транспортні,542
імператорського,542
обіг,542
спеціальної,542
найбільшими,542
президентських,542
християни,542
кандидати,542
кафе,542
антонія,542
афінах,542
ля,542
колгоспі,542
сторінках,541
спільні,541
герман,541
ступені,541
опублікована,541
юридична,541
документа,541
литва,541
офіційним,541
адміністративні,541
національною,541
передається,541
архіпелагу,541
бергамо,541
амбулаторія,541
спортивного,541
печери,541
інститути,540
чверті,540
творами,540
філософські,540
підтримували,540
німецьку,540
врятувати,540
утворені,540
вбили,540
рабів,540
сценарію,540
залу,540
фоліо,540
васи,540
цегли,540
тролейбуса,540
організмі,540
борошна,540
складений,539
миль,539
температуру,539
особливої,539
руський,539
криниця,539
вермахту,539
тон,539
творчої,539
християнських,539
лісом,539
очима,539
язнів,539
сант,539
гармат,539
письмова,538
процедури,538
художниця,538
розділена,538
контакти,538
економіку,538
театрів,538
тимчасовий,538
проголошено,538
йшла,538
апостолів,538
художником,538
характеризує,538
сполучені,538
наталя,538
світлі,538
менший,538
ньєвр,538
молочно,538
шасі,538
дослідженнями,537
зменшити,537
інженерів,537
іноземні,537
народне,537
визнати,537
виробничі,537
польській,537
руку,537
завантаження,537
католицьких,537
романович,537
урану,537
житель,537
яно,537
молитви,537
геологічних,536
підходу,536
відношенню,536
маршрутів,536
округів,536
різним,536
запросив,536
видана,536
грецька,536
давня,536
вранці,536
досягають,535
оператора,535
пройти,535
мкм,535
коломиї,535
гурток,535
виконавець,535
ракет,535
приходом,535
матеріалами,535
поєднанні,535
тобі,535
помічником,535
реставрації,535
михайлівка,535
мечеть,535
коні,535
доповнення,534
здатна,534
правові,534
митця,534
положень,534
підніжжя,534
призери,534
баку,534
розміщена,534
сенату,534
джерсі,534
ядерних,533
змістом,533
відсутня,533
повному,533
проблемою,533
університети,533
кому,533
писемна,533
друком,533
плати,533
брама,533
перейменований,533
тропічних,533
супротивника,533
принца,533
продав,533
певною,532
хіі,532
особливих,532
буковина,532
прямого,532
валюти,532
королів,532
таборів,532
проектування,532
мтс,532
відгуки,532
татарами,532
професійно,532
стадіону,532
цукровий,532
облік,532
індійського,531
кажучи,531
азовського,531
нападів,531
закінчився,531
графіка,531
баз,531
місцевій,531
погоди,531
наближення,531
незалежна,530
поширюється,530
докладніше,530
можливим,530
митців,530
балки,530
намагаються,530
полонених,530
миколаївського,530
знизу,530
художньому,530
правитель,530
дату,530
національностей,530
знижується,530
ріст,530
зберігати,530
засновника,530
призначенням,530
колесо,530
територіального,529
прогрес,529
спеціальності,529
прямі,529
читав,529
байковому,529
розквіту,529
донбасі,529
світові,529
комуністичного,529
особі,529
анастасія,529
мирослав,529
відзнака,529
вулицею,529
новоград,529
римські,529
італійських,529
поселенні,529
свинцю,529
господаря,528
кафедрі,528
встановлених,528
перейменування,528
органах,528
яткою,528
високому,528
співаки,528
близьких,528
емілія,528
серіалі,528
писали,528
віл,528
здібності,527
зборах,527
рахунку,527
київські,527
водойми,527
обласних,527
кургани,527
остап,527
дитинстві,527
іконостас,527
сигналів,527
монографії,526
переважає,526
витягнута,526
знаходилося,526
називатися,526
пушкіна,526
серій,526
релігійного,526
класичного,526
єднують,526
припинити,526
аргентині,526
дитячого,526
дверей,526
агресії,525
запровадження,525
росію,525
вимагали,525
банки,525
святослав,525
залишивши,525
іванов,525
засадах,525
анатолія,525
викликають,524
зрідка,524
відповідальний,524
розселення,523
змінюються,523
спеціальна,523
олесь,523
типові,523
пшениці,523
господарством,523
вам,523
жанрі,523
мельничук,523
іспанська,523
сатурна,523
середнє,522
радіус,522
телеканалу,522
упорядник,522
мої,522
стрічка,522
руслан,522
німецькій,522
злочину,522
зрозуміло,522
поверсі,522
кодування,522
фольклору,522
показати,522
ставок,522
футбольної,522
рей,522
малюнок,522
препарати,521
відкрився,521
показником,521
спільний,521
надається,521
півтора,521
техніку,521
інформаційні,521
покладів,521
туреччині,521
служать,521
невеликими,521
вирок,521
соло,521
торф,521
давньої,520
спільне,520
перетворився,520
сцену,520
цивільних,520
класичний,520
афіни,520
потоки,520
олени,520
складові,520
кутом,520
початковий,520
перетину,519
свідомість,519
угод,519
відбувався,519
напрямі,519
біле,519
ак,519
греблі,519
відклади,519
зварювання,519
тенденції,518
фактів,518
винятково,518
прип,518
тіні,518
машину,518
рогатої,518
головній,518
чоловічого,518
крил,518
комбінату,518
грають,517
певним,517
спрямована,517
торгові,517
звільнили,517
залізничних,517
розвиватися,517
плем,517
характерною,517
розташовувався,517
оперний,517
роти,517
різному,517
колумбія,517
ляльок,517
передмістя,517
флоренції,517
кваліфікацію,517
породах,517
зупинки,517
сприяла,516
головному,516
кісток,516
стоять,516
реального,516
спогадів,516
квітка,516
блоків,516
планів,516
ролей,516
річному,516
спільної,516
хаті,516
неаполя,516
луїс,516
телеканал,516
каплиці,516
міфів,516
знятий,516
залишків,515
комунікації,515
занять,515
дрогобич,515
відкрити,515
фахівець,515
навчалися,515
винниченко,515
професори,515
мон,515
розміщений,515
австрійська,515
єса,515
кіностудія,515
водія,515
плити,515
матриця,514
ефективної,514
законами,514
кримінального,514
кримський,514
податок,514
публічно,514
пасажирський,514
почесного,514
органічної,514
мовний,514
регіональний,514
миколаївка,514
майбутніх,513
точкою,513
засади,513
телебаченні,513
макс,513
польському,513
очей,513
квантової,513
скоро,513
олеся,513
відомою,513
чарльз,513
веселка,513
електрон,513
жовтого,513
деревини,513
континентального,512
мішель,512
китайська,512
літер,512
палеоліту,512
конституційного,512
науковій,512
рідкісні,512
планом,512
ставка,512
музичне,512
складала,512
блиск,512
редактора,512
батьківщини,512
зйомок,512
іванівка,512
молоко,512
дно,511
міри,511
продовжити,511
попередження,511
фантастики,511
техніці,511
київське,511
чоловічий,511
таємниці,511
цілого,511
землеробства,511
робітники,511
зими,511
інтерпретації,511
дослідний,511
відділи,511
рівноваги,511
призвести,511
власники,511
фап,511
аудіо,510
язати,510
менеджменту,510
єднати,510
батьківщині,510
планувалося,510
балтійського,510
червоній,510
загарбників,510
персоналу,510
низький,510
обставини,510
кирила,510
брак,510
пунктом,510
червоним,510
динаміка,510
потрапити,510
днем,509
матерії,509
місія,509
максимович,509
націонал,509
міське,509
особою,509
формах,509
зіграли,509
курсів,509
розчин,509
означення,508
злотих,508
тлумачення,508
розі,508
київських,508
вершина,508
промислове,508
мусульман,508
доповіді,508
тими,508
кінофестивалю,508
зевса,508
удостоєний,508
запуску,508
малюнки,508
корів,508
отто,507
андре,507
відсутністю,507
звичаї,507
тривали,507
височини,507
польську,507
харьков,507
ме,507
суді,507
перенесено,507
освітніх,507
зведена,507
справочник,507
тепло,507
осінь,507
пат,507
миргородського,507
понять,506
величин,506
конфліктів,506
залізниць,506
водного,506
розстріляний,506
співпрацював,506
ліття,506
спробував,506
кути,506
організований,506
інтелектуальної,505
вимогам,505
будівництвом,505
боки,505
доказів,505
річками,505
кожні,505
добрий,505
зазначив,505
хтось,505
записаний,505
набору,505
металургії,505
кім,505
провінцією,505
челентано,505
римлян,505
геологічні,505
виданні,504
хорватія,504
походи,504
цифри,504
стиснення,504
такій,504
принесла,504
мультфільм,504
включений,504
центральним,504
берліна,504
самців,504
пиво,504
чорному,504
старости,504
розгляду,503
стефаника,503
лекцій,503
правової,503
постанову,503
ханство,503
маленький,503
меморіальну,503
генеральним,503
економії,503
інститутом,503
кожну,503
змінювати,503
червоному,503
варшави,503
внз,503
біт,503
заздалегідь,503
складових,502
метра,502
центральною,502
уроки,502
відмінність,502
широка,502
королівством,502
виконана,502
плата,502
дитиною,502
легіону,502
дирекції,502
найстаріших,502
здійснювали,502
джиммі,502
пакет,502
екіпажу,502
москву,502
чай,502
формуванні,501
передали,501
паливо,501
галактик,501
дніпрі,501
коаліції,501
зелених,501
рідної,501
незадовго,501
історичне,501
робочий,501
атмосферу,501
вистав,501
розум,501
підводних,501
модуль,501
мюнхені,501
відомої,501
перегляду,500
займали,500
комуністи,500
лейтенанта,500
ціле,500
салону,500
хворого,500
переходять,500
індіанців,500
житлового,500
випускників,500
чемпіонатах,500
джонс,500
посередині,499
антологія,499
зазначає,499
підписаний,499
золотим,499
експозиції,499
адвокат,499
гази,499
пані,499
математичні,498
спостерігати,498
агентства,498
гг,498
майора,498
торгових,498
масове,498
вступила,498
воріт,498
гостей,498
митці,498
зліва,498
мессі,498
юнайтед,498
поїхав,498
гнізда,498
вкриті,498
передає,497
подальший,497
ризику,497
поляками,497
виробляють,497
простий,497
гітлера,497
потрібна,497
ліжок,497
боснії,497
серйозно,497
номери,497
релігійної,497
виходити,497
представника,497
індустрії,497
пристрою,497
отвір,497
розчину,497
природним,496
мовознавства,496
апаратів,496
розділу,495
спадок,495
митрополитом,495
вимогу,495
живий,495
працюючи,495
вигнання,495
сучасними,495
леонардо,495
солом,495
дійшов,494
розглядає,494
змінює,494
євробачення,494
спеціаліст,494
співпраця,494
особливою,494
перепис,494
буг,494
запам,494
виділено,494
геометрії,494
станиці,494
вдалось,494
гербу,494
заєць,494
організувати,494
проспекту,494
щоденник,494
різниці,494
затоці,494
катеринославської,494
вирощують,494
дослідженнях,493
замінити,493
лікарі,493
дочку,493
передній,493
юридичної,493
найвідоміші,493
фонди,493
опинилися,493
дільниці,493
прози,493
нка,493
степ,493
управи,493
колорадо,493
студент,493
лаз,493
фігура,492
площини,492
процесами,492
архіві,492
заповідного,492
виходили,492
новоствореної,492
звільнено,492
есе,492
важкої,492
перейменоване,492
якістю,492
юхим,491
знаходилась,491
фінансово,491
реформування,491
полтаві,491
червоною,491
комунізму,491
мороз,491
визначив,491
числення,491
фігур,491
заслужена,491
лідія,491
виробляє,491
визнала,490
єврейський,490
традиційний,490
концепцію,490
фольклорист,490
прибуття,490
активним,490
отця,490
формують,490
од,490
досягається,490
дзеркала,490
воєвода,490
сосна,490
орла,490
цинку,490
складені,490
турнірах,490
похідні,489
вітри,489
заміни,489
секретаріату,489
страв,489
втрачає,489
йшов,489
готують,489
апостол,489
багата,489
монте,489
франческо,489
валерія,489
відкритому,489
оселився,489
печера,489
утворилася,488
поколінь,488
жак,488
парламентське,488
трудові,488
олімпіади,488
батькові,488
десятини,488
прилуцького,488
єврейської,488
прикраси,488
запропонували,488
графство,488
севр,488
створене,488
вернадського,487
процесах,487
коррез,487
образів,487
піснею,487
подальше,487
сьогоднішній,487
законодавством,487
культурна,487
розгляд,487
класицизму,487
трудящих,487
меж,487
потоків,487
адама,487
ростислав,487
виробництвом,487
втекти,487
захоплений,487
особлива,487
єврейських,487
ямато,487
жоден,486
італійська,486
народом,486
журналах,486
строк,486
ярмарок,486
складена,486
масиви,486
організована,486
прояви,486
прямий,486
маяк,486
рівненська,486
авторитет,486
гірська,486
чорної,486
партією,486
бен,486
кішки,486
дивізіону,486
жителями,486
бельгія,485
вивчати,485
розкопок,485
німеччину,485
християнської,485
вірність,485
архітектурні,485
тоні,485
способами,485
мурована,485
гомер,485
швидке,485
прийом,485
лісостепової,485
мовної,484
традиційного,484
накопичення,484
православного,484
регіональні,484
приймають,484
філології,484
дозволила,484
сцена,484
багатство,484
розташовуються,484
цілях,484
пагорбі,484
воскресіння,484
турки,484
цукрового,484
пенальті,484
симптоми,484
обґрунтування,483
попередньо,483
кінотеатр,483
шахів,483
воротар,483
підготував,483
відповів,483
життєвий,483
закінчилася,483
цінні,483
альянсу,483
війн,483
особами,483
поєднує,483
цех,483
очки,483
данія,482
генеральної,482
гамма,482
змінила,482
співробітництво,482
екс,482
перебудови,482
ерік,482
протоколу,482
резиденція,482
забудова,482
смирнов,482
причину,482
розглядають,481
провідний,481
людовика,481
підприємствами,481
проекти,481
діапазон,481
костенко,481
відбулось,481
покриттям,481
будували,481
німецьке,480
самці,480
подається,480
виборчого,480
всеукраїнський,480
препаратів,480
задача,480
описується,480
підстави,480
державності,480
злочинів,480
художньо,480
хроніка,480
рот,480
шведської,480
таксі,480
межею,480
джорджа,480
одних,480
водні,480
виконкому,480
ісус,480
менеджмент,479
походів,479
запропоновано,479
обслуговує,479
губерній,479
коментарі,479
левенець,479
севастополь,479
воїни,479
називалося,479
відзначення,479
паперу,479
десятиліть,479
сервер,479
іллі,479
бур,479
широку,479
аравії,479
таборах,479
білоруського,479
орда,479
ліквідований,479
пісок,479
інформаційного,478
теорією,478
електрона,478
множення,478
стіл,478
сковороди,478
помилково,478
шляхта,478
американським,478
куреня,478
ісландії,478
мису,478
метри,478
луганськ,478
провідні,477
антона,477
позначають,477
аналогічно,477
повернув,477
системами,477
вільгельма,477
інвестиції,477
опитування,477
господарських,477
афганістану,477
доньки,477
купив,477
профілю,477
технічне,477
посад,477
кольорових,477
знищені,477
пожежа,477
юрі,477
хлопці,477
янки,477
давньогрецькі,477
подачі,477
існуючих,476
відеоігри,476
реакцію,476
проголосували,476
пз,476
музикою,476
арешту,476
герцогство,476
файли,476
парі,476
приголосних,476
книгою,476
доступний,476
сибір,476
виробляється,476
сигізмунд,476
грала,476
відділів,476
виступила,475
багатих,475
нський,475
відповідний,475
назві,475
футбольна,475
хлопчик,475
дослідженні,475
політичному,475
тролейбуси,475
змінено,475
єднаної,475
університетах,474
малій,474
наполеона,474
отриманих,474
найважливіші,474
променів,474
тодішній,474
сухопутних,474
лиман,474
культурою,474
верховний,474
землеробство,474
денис,474
панщини,474
вказано,474
вибух,474
виконавці,474
загрози,474
розділи,473
парламентські,473
петербурзького,473
реклами,473
петербурзької,473
лабораторія,473
лідери,473
релігійна,473
співака,473
провідник,473
підручників,473
втрата,473
породами,473
приєдналися,473
аудиторії,473
освячення,473
популярністю,472
прямим,472
сенс,472
дошки,472
загинула,472
новин,472
рейху,472
герцогства,472
торговий,472
клієнтів,472
коди,472
ветеранів,472
духу,472
префектурі,472
запалення,472
носять,471
удосконалення,471
затвердив,471
альманах,471
ретельно,471
різдво,471
сталін,471
давній,471
доводиться,471
можемо,471
поставити,471
розповідають,471
прилеглих,471
монголії,471
сильним,470
домі,470
теоретичні,470
княгині,470
утворене,470
сталь,470
настоятель,470
білому,470
окупанти,470
поставили,470
зображений,470
музичну,470
фантастичні,470
міському,470
зруйнований,470
водоспад,470
липа,470
землетрус,470
планета,470
заяву,470
федерального,470
напади,470
командувача,470
раннє,470
арабських,469
голосних,469
конструктор,469
продажі,469
кобзар,469
займала,469
почати,469
володарем,469
припускають,469
йосифа,469
творі,469
гілка,469
мартин,469
глибиною,469
сезонів,469
особливостями,469
взяття,469
ареал,469
французи,468
пару,468
вищою,468
київську,468
служили,468
довів,468
спів,468
номіналом,468
відновлений,468
театральних,468
закладено,468
кур,468
лана,468
повітряно,468
лондонського,468
вступили,468
кристали,468
артіль,468
адміністративна,468
взаємозв,467
дієслова,467
пропозицією,467
діагностики,467
учителем,467
політехнічного,467
союзом,467
парламенті,467
пласт,467
спроб,467
пророка,467
відсутній,467
знявся,467
адресу,467
цеху,467
економічному,467
шаром,467
вживають,466
процесом,466
заперечення,466
фахівці,466
тяжіння,466
подолання,466
зовнішнім,466
міфи,466
зруйнована,466
образотворчого,466
руками,466
язування,466
лад,466
тією,466
математичний,466
миколаївський,466
ранньої,466
скрипки,466
комісар,466
золоте,466
радгосп,466
кладовище,466
податку,466
посту,466
миколою,465
реальності,465
почесним,465
віднести,465
відповідність,465
завдали,465
тріо,465
користувався,465
військам,465
човнів,465
певна,465
здобути,465
кавказ,465
давати,465
вугільних,465
вимагав,464
томів,464
судових,464
зупинити,464
селищ,464
латинського,464
цілих,464
нещодавно,464
гілок,464
зроблений,464
закритий,464
освітньо,464
преса,464
виробничого,464
таємно,464
італійської,463
стосунків,463
їхніми,463
певному,463
прагнув,463
ста,463
листування,463
спектакль,463
останніми,463
третини,463
мвт,463
ситуацій,463
південніше,463
готелі,463
міжнародну,463
професійні,463
наступна,463
рівність,463
фаза,463
торфу,463
маршруту,463
певній,462
створюються,462
укладення,462
реконструкцію,462
ющенко,462
офіційне,462
справжнім,462
відіграв,462
політичним,462
літні,462
жорстоко,462
поховано,462
більшого,462
поселенців,462
адольф,462
обмежений,462
закриті,462
розміщується,462
припинено,462
фасаді,462
могилів,462
сторіччі,461
періодичні,461
точніше,461
природоохоронні,461
афганістані,461
висновки,461
артілі,461
лісового,461
семена,461
пошта,461
пошти,461
мінська,461
розряд,461
мед,461
обмежень,461
виробник,461
футбольного,461
діалект,461
транспортного,461
кардинал,461
детально,460
формами,460
пацієнтів,460
склади,460
жінкою,460
бордо,460
гіпотези,460
повертає,460
продовжувала,460
ефекти,460
організували,460
давав,460
зимовий,460
бессарабії,460
григорівна,460
відповідної,460
поховань,460
бойового,460
відправив,460
принесли,460
ока,459
соціалістична,459
довгих,459
короною,459
корпорація,459
моє,459
олімпіаді,459
володаря,459
білим,459
картоплі,459
альбомі,459
івану,459
топонім,459
школою,459
шкільна,458
практичної,458
прямує,458
наскільки,458
вважалися,458
нормативно,458
європейському,458
напрями,458
відійшли,458
юність,458
пунктах,458
он,458
альфред,458
включена,458
близького,458
черкаський,458
посуд,458
бурі,458
комахи,458
скарб,458
мінор,458
складність,457
розділені,457
кравчук,457
традиційне,457
легка,457
соціалістичного,457
постанова,457
якось,457
енциклопедичного,457
дума,457
контакт,457
вартістю,457
декількома,457
енергією,457
королівстві,457
додають,457
далекого,456
кіноактор,456
спеціалізується,456
королю,456
курінь,456
турин,456
напр,456
ніл,456
випробувань,456
подано,456
каталонія,456
міцність,456
обряд,456
клавішні,456
черняхівської,456
відіграють,455
чиї,455
абетки,455
назвами,455
дванадцять,455
нагороджена,455
старим,455
теоретичної,455
відсоток,455
кримські,455
маленькі,455
хай,455
фінансовий,455
язань,455
персонажа,455
акредитації,455
погруддя,455
транспортний,455
імператорів,455
приватного,455
шари,455
подає,455
завоював,455
богиня,455
космос,454
зведений,454
внесено,454
комісію,454
перетворень,454
датуються,454
краків,454
періодів,454
записати,454
бажанням,454
супутника,454
острозького,454
виконаний,454
трави,454
сусіднього,454
культу,453
комедія,453
фундамент,453
течія,453
експертів,453
схемою,453
логіка,453
вступає,453
реальних,453
смузі,453
братська,453
виготовлені,453
спортсмен,453
сільською,453
подання,453
артем,453
автобусів,453
білок,453
здійснював,453
закінченні,453
відмову,453
перегони,452
водний,452
розпад,452
нараховується,452
підприємництва,452
проведенні,452
єтро,452
забезпечується,452
фінляндія,452
чернігові,452
одною,452
зусиллями,452
краси,452
вулицями,452
формату,452
змінили,452
описано,452
дніпропетровського,452
сірі,452
зруйнували,452
гірського,452
наведено,452
співробітники,452
азія,452
схили,452
піски,452
захистити,452
відкладів,452
єврейська,451
могилянська,451
загальнодержавного,451
спільну,451
сорока,451
сходження,451
розповів,451
іспанські,451
смуг,451
записано,451
хвилини,451
тома,451
прогноз,451
посада,451
барі,451
величезну,451
казахстані,451
стани,451
територіальні,450
картах,450
вершин,450
міцності,450
братство,450
жанри,450
неоліту,450
мистецтвознавець,450
захищає,450
співу,450
сільськогосподарський,450
хлопець,450
активної,450
особистих,450
єднаний,450
обеліск,450
музичному,450
прикарпаття,450
формуються,450
ілюстрації,450
територіально,449
класична,449
ядер,449
етапів,449
відкривається,449
стійкості,449
українцями,449
археологи,449
підлягають,449
гніздо,449
комерційних,449
ново,449
цукор,449
побут,449
підняття,449
задній,449
політехніки,449
перетинає,449
пилу,449
ячів,449
прим,449
працею,448
михайлом,448
обробці,448
політехнічний,448
обсягом,448
приналежність,448
онук,448
надали,448
єврейські,448
сучасним,448
користуватися,448
питанням,448
галицька,448
духовних,448
звучить,448
ділиться,448
тимофійович,448
бові,448
нхл,448
визначена,448
ордени,448
мільйон,447
іменами,447
їхньому,447
запуск,447
матеріальних,447
господарські,447
центрами,447
витоки,447
козака,447
найпопулярніших,447
розвинені,447
пори,447
зернові,447
жертвам,447
інженером,447
волокна,447
власниками,447
атоми,446
лікарем,446
банкноти,446
черговий,446
визнає,446
автомобільних,446
переворот,446
управлінні,446
омелян,446
туристичні,446
проза,446
міф,446
сестрою,446
хорунжий,446
станиця,446
вілла,446
слобідка,446
величину,445
міра,445
орест,445
чорним,445
бомби,445
издательство,445
розповіді,445
дослідного,445
тім,445
насадження,445
побував,445
арешт,445
верхньому,445
приватний,445
контактів,445
холодний,445
вбив,445
диску,445
ал,445
збірній,445
олова,445
вітчизняній,445
мінеральної,445
передумови,444
передавання,444
важлива,444
прагне,444
францією,444
вирішити,444
ато,444
відмовилися,444
рпц,444
поширене,444
отримував,444
колос,444
судно,444
мільярдів,444
почесне,444
точністю,444
виверження,444
сторінці,444
варіанті,444
облоги,444
близькому,444
небезпеки,444
спеціальність,444
покладено,443
язком,443
промінь,443
надавати,443
громадянство,443
мексиці,443
занепаду,443
тт,443
переведений,443
родовід,443
тілом,443
кристалів,443
скоріше,443
єю,443
житлово,443
комплексних,442
проникнення,442
абетка,442
медичні,442
куліша,442
аніж,442
руські,442
донець,442
всупереч,442
архітекторів,442
полягала,442
переконання,442
розповідь,442
редактори,442
норвегія,442
завершився,442
чехія,442
господарювання,441
дискусії,441
вищим,441
будується,441
сцен,441
біографічний,441
псевдонімом,441
буковині,441
розпорядженні,441
нижньому,441
правителем,441
кішок,441
неділю,441
лікарських,441
труб,441
канталь,441
екологічних,440
необхідний,440
повною,440
органічні,440
домашніх,440
делегації,440
вебер,440
відбору,440
угорська,440
стіні,440
автономного,440
франківського,440
дозвілля,440
флоті,440
введена,440
аргентина,440
рукою,440
кінг,439
попередньої,439
сидить,439
особистість,439
статуту,439
чернівцях,439
приріст,439
впав,439
перевезень,439
поліщук,439
оздоблення,439
відновили,439
іспанського,439
перебіг,439
московським,439
священиком,439
американці,439
передана,439
забрали,439
рідина,439
односельцям,439
запитання,438
магістра,438
заміна,438
початкового,438
газету,438
сільським,438
поміщик,438
рядів,438
багатства,438
надходить,438
продовжувати,438
маєнн,438
овочі,438
швидкий,437
можливістю,437
нідерландах,437
московське,437
рідний,437
македонія,437
підтримці,437
квітів,437
таврійської,437
множин,437
священника,437
творча,437
квартири,437
моделлю,437
страти,437
тамара,437
скотт,437
почесною,437
платформі,437
останньою,437
меншин,436
четверте,436
юридичного,436
драгоманова,436
вжитку,436
миколу,436
нафту,436
жінку,436
ята,436
чеський,436
перекладів,436
ремесла,436
хрести,436
низьких,436
вандея,436
страх,436
йозеф,436
гербі,436
народному,436
корені,436
танки,436
свіфт,436
ченці,436
представив,436
документальних,435
ція,435
сприяти,435
георгійович,435
виконала,435
ключових,435
ніс,435
алгебра,435
навчальному,435
файлу,435
домени,435
класичних,435
ткаченко,435
поразка,435
дівчата,435
сніг,435
американському,435
охороною,435
крез,435
пересування,435
нагір,435
центральні,434
трикутник,434
одиницею,434
четверта,434
ятого,434
представництва,434
кінематографії,434
ніяк,434
шекспіра,434
перенесли,434
мистецтвознавства,434
нспу,434
ру,434
агломерації,434
сум,434
правителів,434
біженців,434
народі,434
дивізій,434
природою,433
зміні,433
еволюція,433
знайшла,433
язів,433
дитину,433
квартал,433
жертву,433
музиканта,433
вікіпедії,433
тілі,433
сировина,433
аналог,433
попит,433
візантійський,433
ханства,433
революційного,432
жодна,432
ніг,432
режимів,432
занесені,432
утворився,432
вдало,432
потужний,432
установа,432
тривалості,432
ставить,432
єлизавети,432
спричинило,432
учнем,432
майстерність,432
загиблим,432
леонідович,432
івлін,432
окиснення,432
високими,432
згадку,432
відновлена,432
сімферополь,432
прямих,431
революційних,431
ухвалила,431
організми,431
життєдіяльності,431
створюючи,431
далекому,431
збільшує,431
густини,431
привели,431
опублікований,431
новоствореного,431
снігу,431
ленін,431
людські,431
корінь,431
теперішнього,431
кіл,431
шевченківської,431
називалися,431
хронологія,431
містив,431
старші,431
лівій,431
комерційний,431
бурого,431
кременчуцького,431
рівнях,430
вивченням,430
чинників,430
небезпеку,430
справедливості,430
депутата,430
конституцією,430
судом,430
закрито,430
густота,430
можливий,430
збільшилася,430
ведмідь,430
винограду,430
методики,430
максимум,430
яними,430
розподілилися,430
посуду,430
верхні,430
маєтки,430
юр,430
тексті,429
вулицях,429
стівен,429
докторську,429
невдоволення,429
бомбардування,429
заарештовано,429
небагатьох,429
комо,429
карло,429
чистий,429
студійний,429
буд,429
божого,429
екіпаж,429
періодичних,428
заявила,428
штучно,428
поховали,428
копії,428
річках,428
відповідав,428
знаменитий,428
синоду,428
повітряного,428
декан,428
комуни,428
холодного,428
рибу,428
поміщиків,428
кольором,428
випускає,428
стоку,428
розуміють,427
істот,427
перекладається,427
спеціальну,427
присвячених,427
зруйновані,427
відмовитися,427
мапі,427
козацьке,427
харківській,427
збирати,427
видавнича,427
новітня,427
сорти,427
фунтів,427
суспільної,426
іде,426
ширини,426
давньогрецьких,426
грою,426
либідь,426
дін,426
правовий,426
братами,426
корінних,426
бронзової,426
визнана,426
друкарні,426
вигадані,426
обчислень,426
відпочинок,426
матеріально,426
архітектурі,426
результату,426
симфонічного,426
птаха,426
плями,426
кк,426
годинник,425
творець,425
дозволено,425
сучасності,425
кроком,425
мис,425
зонах,425
супутники,425
дніпровський,425
соліст,425
заарештували,425
механічних,425
теореми,425
андріївка,425
виходила,425
майстерності,425
постійної,425
спокою,425
сонячне,425
ферми,425
замінено,425
товщина,425
мажор,425
учених,424
атома,424
узагальнення,424
залишились,424
кеннеді,424
історіографії,424
правобережної,424
скоропадський,424
ірані,424
севастополя,424
праву,424
початково,424
інформаційної,424
корона,424
ліцензії,424
підприємців,424
каменів,424
інків,424
кампанію,424
арена,424
менеджер,424
друкарства,424
значить,423
збудження,423
траси,423
правди,423
філолог,423
нараховує,423
обрав,423
подальших,423
йоганн,423
прийняті,423
османів,423
китайських,423
ліворуч,423
обмежені,423
занепад,423
закріплено,423
кандидатом,423
тенденція,423
притулок,423
явно,423
читальні,423
шлюбі,423
віддати,423
гребля,423
виготовляли,423
емігрував,423
узяв,423
невдачі,423
любить,423
кожним,423
човен,423
римським,423
симетрії,422
фізиці,422
розділів,422
надпопулярні,422
подальша,422
допомагали,422
донецьку,422
георг,422
конституцію,422
польщу,422
світовому,422
дроблення,422
родину,422
типовий,422
нквд,422
робочі,422
садово,422
потому,422
самиці,422
статуя,422
легень,422
рослинності,422
стінки,422
необхідна,422
порожнини,421
теоретик,421
залізних,421
народжуваність,421
споруджений,421
рій,421
шкільного,421
лавах,421
нинішнього,421
сейм,421
говірка,421
французьким,421
продано,421
турнірів,421
передбачалося,421
грошових,420
прямої,420
штучних,420
ку,420
судової,420
середньорічна,420
привід,420
найвищих,420
повернули,420
лип,420
ютерні,420
оптимізації,420
довідка,420
неволі,420
шляхами,420
салерно,420
сектора,420
атлас,420
угорські,420
бойовий,420
направлений,420
домішок,420
батареї,420
вечора,419
литві,419
продовженням,419
міністерством,419
повторно,419
вірменія,419
перетворена,419
палата,419
переробка,419
записані,419
привів,419
наступне,419
аптека,419
фе,419
модернізації,419
станцією,419
коліс,419
ключа,419
ціною,419
чаю,419
авангард,419
здійснюються,418
унікальний,418
поїзд,418
займалася,418
зібрати,418
кол,418
особливим,418
королівству,418
демократичних,418
найдавніші,418
твором,418
дер,418
дипломатичні,418
юнаків,418
воєводи,418
колишнім,418
осип,418
царів,418
рів,418
споруджена,418
часті,418
надходження,418
танкової,418
вест,418
млинів,418
морфологія,417
пор,417
зворотному,417
описі,417
платона,417
верств,417
низька,417
ефективно,417
відвагу,417
телесеріали,417
номерів,417
мер,417
президентові,417
рсча,417
імператриці,417
поділом,417
надавав,416
важливими,416
творчі,416
лікарські,416
диски,416
дисків,416
рядок,416
сюжету,416
носив,416
кочові,416
кроки,416
розстріляли,416
математичної,416
англомовні,416
лікарню,416
відправили,416
партійний,416
більшій,416
схожа,416
замінили,416
астрономи,416
посли,416
інтенсивність,416
синього,416
чес,416
дсту,415
професійного,415
реабілітації,415
етнографії,415
угодою,415
заборони,415
чернігова,415
писемності,415
хуторів,415
міщан,415
монографій,415
вказало,415
розкриття,415
незалежною,415
англійці,415
авторка,415
генуя,415
цегельний,415
свідченнями,415
казимира,415
політичними,414
процесорів,414
скорочено,414
природної,414
датою,414
нестора,414
зростанням,414
сучасників,414
вільним,414
матвій,414
доходу,414
абрамович,414
явилась,414
аполлон,414
середземномор,414
змушена,414
призначили,414
часопису,413
явищем,413
найвищою,413
передбачено,413
промислова,413
табори,413
жовтневого,413
чорно,413
областю,413
вільямс,413
дехто,413
феномен,413
виконавчий,413
половиною,413
частотою,413
салон,413
зроблена,413
електричні,413
вінницький,413
етнічні,412
