word,count
va,461389
bo,277240
ko,155829
bilan,149592
yil,130186
qo,113212
yilda,107470
uchun,97891
to,85501
manbalar,79439
joylashgan,72997
lgan,69619
ta,65900
bir,64223
bu,60714
km,58178
aholi,53106
nafar,49178
ham,48834
lib,48486
so,46804
birinchi,46590
qiladi,45967
uning,45508
yo,43234
ma,42138
edi,41919
eng,41512
tomonidan,39994
kiradi,39332
tarkibiga,38253
yoki,37311
ngc,37167
yangi,36997
maydoni,36838
tug,36691
sifatida,35833
aholisi,33683
havolalar,33342
har,33274
shaharlari,31681
istiqomat,31626
kishi,29555
ushbu,29506
deb,29185
yilgi,28682
yicha,28400
boshqa,28376
ng,27381
esa,27361
umumiy,27339
geografiyasi,26462
ic,25901
ldi,25579
shuningdek,25027
qarshi,24917
ga,24863
tashkil,24449
milliy,23984
mumkin,23564
olib,23370
tumani,23326
davlat,23234
ega,23104
zbekiston,22968
dengiz,22867
oyida,22827
da,22389
ishlab,21879
qildi,21383
yilning,21323
keyin,21117
mavjud,21060
katta,20923
ra,20882
kommunadir,20662
ikki,20354
ular,20296
ikkinchi,19676
yildan,19346
bog,19096
ilgan,19048
asosiy,18929
omborida,18854
rtacha,18808
yaxshi,18614
terma,18594
asl,18504
shu,18387
balandlikda,18310
bor,18200
qilish,18115
mintaqasida,18011
sathidan,17977
xalqaro,17893
qilgan,17863
haqida,17804
jahon,17720
etgan,17570
ayollar,17012
kvadrat,16819
bosh,16804
etilgan,16637
zichligi,16623
rasmiy,16575
nashrida,16552
katalog,16466
jamoasi,16375
zining,16077
ro,16029
qayta,15896
kuni,15850
etdi,15820
the,15708
kilometrga,15575
suv,15188
hududi,15074
yinda,15024
yillarda,14984
ladi,14767
yana,14743
dan,14727
kabi,14711
futbol,14657
lga,14617
ning,14486
qishloq,14363
ni,14332
biri,14154
yuqori,14148
liq,13888
li,13832
shahar,13820
ammo,13632
de,13423
ilganlar,13401
san,13316
zi,13277
uni,13250
ba,13224
rta,12962
marta,12907
toshkent,12805
barcha,12740
faoliyati,12607
viloyati,12569
okrugi,12511
oldi,12409
ularning,12362
turli,12350
orqali,12349
qilingan,12331
aqsh,12198
mag,12103
olish,12041
olingan,11835
sayti,11829
madaniy,11806
fransiyaning,11760
respublikasi,11697
rtasidagi,11528
hisoblanadi,11434
departamenti,11338
shundan,11254
davomida,11182
shahrida,11068
olgan,11034
iborat,11015
hamda,11007
germaniya,10617
vafot,10597
rossiya,10495
alaba,10495
nomi,10472
tgan,10456
ishtirok,10309
keyinchalik,10241
og,10118
paydo,10117
lon,10075
qabul,10044
sha,10017
hisobida,10003
aqshning,9998
shahardir,9952
tog,9905
xo,9823
lim,9791
kelib,9771
ri,9692
amalga,9682
qismi,9653
obyekt,9572
obyektlari,9500
yerda,9469
chiqdi,9377
juda,9341
kiritdi,9265
jumladan,9255
cho,9201
yillik,9173
birga,9172
asosan,9158
lishi,9143
tarixi,9130
rinni,9125
lsa,9111
janubiy,9072
shtatida,9068
shimoliy,9047
asr,9016
yili,8968
ynagan,8937
amerikalik,8931
ikkita,8909
ilmiy,8904
asosida,8893
insonlar,8889
shartnoma,8875
keng,8861
yulduz,8835
yevropa,8833
gol,8830
tufayli,8781
yaqin,8767
yarim,8762
amerika,8747
kichik,8741
yashayotgan,8735
lub,8731
keyingi,8725
yirik,8712
faqat,8644
mashhur,8539
tashqari,8532
xizmat,8510
of,8502
plab,8467
biroq,8463
yin,8458
lumot,8416
etib,8386
at,8356
unga,8353
davom,8351
osiyo,8180
qilib,8171
xalq,8159
quruqlik,8149
yilgacha,8141
tdi,8102
lum,8087
lekin,8064
harbiy,8014
berdi,7968
kerak,7958
do,7919
mo,7916
chempionatida,7866
ming,7831
kubogi,7782
uch,7773
buyuk,7763
klubi,7725
etadi,7720
oladi,7717
xil,7689
markaziy,7657
yordam,7649
emas,7648
professional,7645
italiya,7617
qolgan,7589
oltin,7587
me,7528
muhim,7452
jamoa,7452
hozirgi,7436
boshladi,7315
chempionati,7252
demografiyasi,7250
ravishda,7242
yerida,7235
germaniyaning,7209
orasida,7152
oldin,7146
hosil,7117
sobiq,7107
arbiy,7098
ortiq,7086
beradi,7065
ish,7061
provinsiyasi,7053
ilk,7038
holda,7038
yillar,7030
an,7008
necha,6993
may,6985
qilindi,6979
ijtimoiy,6970
la,6966
nasa,6945
kiritilgan,6919
sharqiy,6908
adabiyotlar,6824
kelgan,6816
million,6800
ichiga,6791
al,6790
mahalliy,6769
uchinchi,6672
ombori,6666
qarang,6651
maydonga,6646
keldi,6607
butun,6587
mavsum,6579
maydonidir,6569
davrida,6567
markazi,6553
in,6543
chunki,6537
yog,6531
qanday,6517
turkumidagi,6504
shma,6490
qirg,6473
sport,6453
oliy,6432
boshqalar,6430
beri,6394
tez,6393
database,6380
uchta,6356
tekshirilgan,6350
soni,6337
ayol,6317
tipli,6307
vizier,6283
extragalactic,6282
simbad,6273
zosi,6221
shaxsiy,6215
yer,6161
odatda,6161
rtasida,6151
zbek,6128
shunday,6125
vaqt,6125
iyun,6111
sovet,6103
align,6094
ynadi,6081
rus,6077
zbekistondagi,6048
davri,6037
xitoy,6024
keladi,6017
mart,6011
ingliz,6006
kmdir,5969
chiqarish,5965
maxsus,5933
siyosiy,5918
ida,5908
ishlagan,5893
himoya,5889
faoliyat,5888
egalladi,5881
qozog,5867
ylab,5852
klub,5845
ichki,5843
aylandi,5834
qadar,5784
ochiq,5766
chmas,5756
ostida,5724
taxminan,5706
viloyatining,5701
oq,5695
yosh,5692
kommuna,5644
ispaniya,5643
tashqi,5614
nggi,5611
tkazdi,5593
ijro,5592
faoliyatini,5588
yig,5586
ya,5570
jamoasiga,5569
sir,5529
masalan,5506
boshlab,5468
iston,5466
nisbatan,5459
go,5456
universiteti,5446
liga,5443
avgust,5414
jamoasida,5408
natijasida,5403
mavsumda,5377
bundan,5348
dastlabki,5340
on,5331
arxeologiya,5323
haqidagi,5319
meros,5313
qizil,5268
iyul,5264
hech,5264
nashr,5256
pincha,5254
debyut,5238
taklif,5224
uzoq,5214
filmlari,5214
rt,5207
left,5204
temir,5185
etish,5176
iqtisodiy,5164
chiqqan,5148
boshlagan,5129
gacha,5112
film,5107
proq,5105
yanvar,5103
ziga,5084
yaponiya,5059
tuman,5023
qurilgan,5003
qishlog,5001
zamonaviy,4983
harakat,4983
savdo,4977
sotib,4962
galaktikadir,4948
britaniya,4922
ligasi,4917
tumanidagi,4879
mukofoti,4876
sababli,4875
unda,4870
ichida,4870
futbolchi,4869
style,4848
qora,4842
shahri,4835
safida,4835
bolalar,4825
qal,4819
taqdim,4810
berilgan,4806
yoshida,4800
italiyaning,4800
sazovor,4799
llab,4785
etganlar,4768
paytida,4763
yinida,4760
jild,4756
rol,4752
chiqarilgan,4749
kuchli,4746
lmagan,4743
nechta,4739
guruh,4738
ozarbayjon,4736
qadimgi,4719
oktabrda,4700
tarixiy,4696
text,4689
xos,4687
kashf,4680
bitta,4680
filmida,4680
oxirida,4672
chib,4666
fransiya,4659
york,4652
yoshgacha,4638
bag,4633
rin,4629
zini,4623
otasi,4623
dastlab,4613
boshqaruv,4609
berish,4604
and,4591
limi,4589
undan,4578
urushi,4574
tegishli,4573
imzoladi,4573
county,4567
iste,4556
ii,4546
aprel,4535
buxoro,4529
noyabr,4508
ustidan,4507
havo,4497
onasi,4494
prezidenti,4475
nyu,4460
sanoq,4456
lar,4446
sh,4435
ularni,4432
bunday,4426
sistemasida,4415
hayoti,4401
agar,4399
mayda,4394
suratga,4393
fevral,4375
dekabr,4373
kam,4367
bergan,4364
yanvarda,4351
yagona,4342
tarqalgan,4326
yoshlar,4317
uy,4315
musiqa,4314
qon,4310
ir,4303
qayd,4301
shimcha,4300
rniga,4298
qismida,4253
etildi,4249
jaligi,4224
joy,4200
alohida,4197
she,4188
qisqa,4186
afg,4185
zo,4185
qator,4154
elektr,4139
ona,4126
qilinadi,4120
tarkibida,4108
fifa,4108
moddiy,4080
zme,4076
rolini,4068
erkak,4062
shug,4059
yxatiga,4042
new,4027
shildi,4003
mas,3999
foydalanish,3990
avgustda,3982
kommunalari,3958
huquq,3954
quyi,3954
angliya,3950
tilida,3947
qarashli,3940
chempioni,3940
uefa,3939
mulk,3922
tumanida,3913
turi,3906
mamlakat,3903
zaro,3899
tanilgan,3896
kun,3894
zg,3889
shahridagi,3889
ukraina,3887
turkiya,3883
futbolchilari,3879
huquqi,3874
besh,3860
vazirlar,3857
iyulda,3841
tark,3827
tushdi,3823
boshqarmasi,3792
ayniqsa,3787
olimpiya,3784
nemis,3783
kumush,3743
asos,3737
urdi,3735
arab,3724
qarori,3719
asrning,3714
yinlari,3713
muhammad,3699
sodir,3699
tili,3698
samarqand,3696
turadi,3694
qoldi,3688
asrda,3682
qaror,3677
maktab,3662
axborot,3658
yodgorliklari,3654
oy,3645
paytda,3634
kiritgan,3622
degan,3618
hozirda,3615
ibn,3613
birgalikda,3611
dekabrda,3609
badiiy,3608
tadqiqot,3598
avvalgi,3597
sog,3594
ishlangan,3593
shuning,3585
tabiiy,3577
inson,3575
hayot,3572
hindiston,3550
chiqish,3548
guruhi,3546
teng,3543
aprelda,3543
debyutini,3543
oid,3538
doimiy,3536
respublikasining,3525
ispaniyaning,3520
et,3514
zbekistonda,3510
instituti,3492
ommaviy,3484
mansub,3483
muriy,3480
tan,3475
qaramay,3475
deyarli,3472
tizimi,3471
asrlar,3470
avstriya,3468
nomli,3464
medali,3454
kompaniya,3451
mustaqil,3450
bronza,3446
fransuz,3436
tarix,3433
ovqat,3422
yordamida,3411
balki,3408
odam,3404
mm,3402
rtta,3400
ordeni,3399
talab,3397
yinlarida,3390
quv,3389
ishga,3388
tkazilgan,3388
qozondi,3386
uchraydi,3384
noyabrda,3382
tkazgan,3378
obyektni,3378
aniq,3367
ota,3366
sabab,3356
fevralda,3350
fan,3350
kengashi,3349
jo,3346
sanoat,3341
odamlar,3338
ishlari,3333
topgan,3298
ovoz,3298
yxatga,3295
fanlar,3293
nomlangan,3292
sssr,3291
erkaklar,3287
statistikasi,3285
darajada,3283
egallagan,3280
ochko,3275
maktabi,3274
futbolchisi,3268
risida,3266
men,3260
klubiga,3249
mulki,3245
avstraliya,3220
adabiyot,3218
mos,3215
with,3213
ini,3212
jamoasining,3212
yodgorligi,3208
mehnat,3208
boshida,3205
lumotlar,3204
sho,3204
dunyo,3203
oziq,3199
tibbiyot,3195
zan,3186
qizi,3183
qancha,3166
oddiy,3162
ishlatiladi,3157
faol,3149
hukumati,3146
asoslangan,3146
murabbiy,3146
yaratilgan,3141
oldingi,3141
shtatining,3138
xshash,3134
saqlash,3132
rsatgan,3119
anaviy,3119
kompaniyasi,3116
sm,3107
finalda,3102
xuddi,3086
past,3079
ich,3077
com,3077
kanada,3076
jihatdan,3075
qattiq,3075
ayrim,3072
urug,3072
martda,3069
yozilgan,3064
qiluvchi,3061
direktori,3061
islom,3056
ataladi,3055
yilga,3051
golini,3048
mahkamasining,3042
yozgi,3033
ati,3026
rtinchi,3010
yozgan,2989
mil,2988
kitob,2986
ilgari,2983
avtomobil,2980
uyg,2974
hind,2973
yxati,2973
ishlar,2966
erkin,2965
qismini,2960
turlari,2960
shiq,2959
manzili,2944
tushgan,2943
eron,2941
moskva,2936
urush,2930
tasvirlangan,2917
operativ,2913
obyekti,2908
xokkey,2904
qozongan,2894
qarab,2891
iy,2889
tumaniga,2882
ittifoqi,2875
kirish,2873
nazorat,2870
iyunda,2870
topilgan,2865
voqealar,2856
hududida,2841
sug,2832
rsatadi,2831
muhofazasiga,2817
ynaydi,2814
mol,2812
vaziri,2810
merosning,2799
sentyabr,2798
turmush,2796
farg,2783
davrda,2778
chiqishi,2777
risidagi,2774
jamoat,2767
oxirgi,2762
po,2761
gaz,2760
ulardan,2757
janubi,2750
tadi,2747
och,2744
jami,2744
yuz,2739
vaqtda,2723
oshirish,2723
aholini,2722
quyidagi,2720
rnatilgan,2719
hukumat,2719
madaniyat,2716
bosqichida,2715
muvaffaqiyatli,2714
natijada,2714
city,2713
rganish,2710
turk,2710
soat,2709
xabar,2709
oktabr,2702
filmi,2696
mulkka,2694
ob,2691
hamkorlik,2691
ekanligini,2684
diniy,2682
ketma,2679
zida,2675
juftlik,2674
holatiga,2673
teatr,2663
tushib,2656
lumotlariga,2652
raqamli,2649
murabbiyi,2645
birlashgan,2644
saralash,2643
rg,2638
vakili,2638
boshlandi,2638
mavsumida,2636
yashagan,2630
veb,2629
oktyabr,2629
boshlangan,2623
tib,2618
prezident,2617
ljallangan,2615
aks,2615
saqlab,2613
taniqli,2611
qurilish,2609
aktrisa,2608
or,2606
jon,2600
universitetida,2597
namoyish,2588
qonun,2587
bosib,2579
roli,2578
nomidagi,2569
rim,2565
kg,2563
olti,2563
miloddan,2558
yodgorlik,2558
yillarning,2558
rib,2558
transport,2552
yunon,2551
munisipalitetdir,2545
afrika,2542
ajralib,2539
lish,2532
oilasi,2524
tish,2519
akademiyasi,2517
jismoniy,2516
quyosh,2513
qilishga,2510
pages,2507
maqsadida,2506
tgach,2503
oz,2501
raisi,2501
orqa,2491
futbolchilar,2491
pul,2484
viloyat,2481
ishlash,2478
tuzilgan,2476
biriga,2475
chop,2469
son,2468
kimyoviy,2464
llaniladi,2445
hal,2443
majbur,2443
boy,2440
tilidagi,2438
kirdi,2437
shaxmat,2435
xususan,2434
milliard,2430
shig,2419
atrofida,2417
yashil,2414
tashrif,2410
yildagi,2410
ketdi,2405
kino,2405
qirollik,2400
boshlarida,2396
shimoli,2387
jan,2380
kunda,2378
boshlig,2376
koreya,2375
chempionlar,2375
boshlang,2374
hali,2373
baland,2371
federatsiyasi,2369
yakkalik,2366
farq,2364
tkazib,2364
sharq,2363
ridan,2363
chiqilgan,2362
darajali,2352
sulton,2349
qatnashgan,2347
urgan,2344
neft,2342
texnik,2342
aloqa,2333
etiladi,2332
lari,2331
rish,2331
yaratish,2331
himoyachi,2331
iz,2328
eski,2325
daryosi,2324
rahbari,2323
maktabida,2321
zolari,2321
qaytib,2319
saint,2318
asarlari,2312
ularga,2308
ketgan,2308
buning,2307
qish,2306
chap,2306
sentabr,2306
chempionatining,2305
boradi,2303
rivojlangan,2301
ul,2299
sun,2299
smirlar,2295
muntazam,2286
translations,2284
ruxsat,2284
respublika,2280
olinadi,2279
unreviewed,2275
filmlar,2271
ikkala,2271
iga,2263
kuchlari,2260
galaktika,2257
tojikiston,2254
john,2254
xususiy,2252
aleksandr,2250
bekor,2241
iii,2240
ancha,2239
olimpiada,2239
lik,2237
yon,2225
biznes,2224
elektron,2223
qoladi,2223
imperator,2222
berildi,2208
ligasida,2204
asrlarda,2202
mitasi,2201
ket,2199
kosmik,2198
tibbiy,2196
chorak,2193
aktyor,2187
sanoati,2185
chiqadi,2179
imkonini,2173
haqiqiy,2172
los,2168
yanada,2167
tarzda,2163
sonli,2159
bunda,2149
hatto,2147
garchi,2139
tarmog,2133
chiqib,2130
rinbosari,2130
robert,2127
ball,2124
ajoyib,2121
av,2118
william,2114
dollar,2114
sezilarli,2113
tadqiqotlar,2109
joriy,2101
rsatish,2095
london,2092
vaqti,2092
doirasida,2089
sentabrda,2085
isbn,2083
beshta,2078
muzeyi,2077
siri,2076
ining,2074
pgina,2073
yengil,2073
dagi,2069
jang,2066
hisobga,2066
muallifi,2065
chet,2063
kurash,2061
klubida,2058
saqlanib,2056
bug,2056
til,2052
mashg,2052
yinchisi,2050
poytaxti,2049
okrug,2047
medalni,2046
bugungi,2045
mfy,2041
boshqarish,2038
moddalar,2036
yaqinida,2034
qishloqlari,2034
hisoblangan,2030
imkon,2027
fanlari,2026
turnirida,2025
tomonlama,2024
pley,2023
el,2022
karyera,2020
xavfsizlik,2020
yuzaga,2018
aytdi,2017
vujudga,2014
del,2010
oktyabrda,2008
yashaydi,2005
nomini,2003
aniqlash,1997
shaklida,1995
kim,1995
ishlaydi,1994
tarjima,1993
simlik,1992
erda,1991
hayvonlar,1989
anglatadi,1988
yinchi,1987
ali,1985
kubogida,1985
turkiyaning,1982
uzunligi,1979
qiladigan,1976
finalida,1976
jinsiy,1974
rsatdi,1970
uz,1969
oralig,1969
polsha,1968
rad,1968
vaqtida,1968
turgan,1965
sentyabrda,1965
tayinlandi,1963
yilgan,1962
shunga,1959
tibor,1959
mudofaa,1958
darajasi,1956
qaraganda,1956
idan,1954
hujum,1951
chiqardi,1950
bahslarida,1949
ch,1946
iziston,1944
llari,1941
ijara,1940
harakati,1931
premer,1928
general,1926
qilishdi,1925
amir,1925
universitet,1925
borgan,1923
florida,1923
abu,1922
qashqadaryo,1920
sonlar,1919
final,1918
dunyodagi,1912
olmadi,1907
yorug,1907
ulug,1902
atalgan,1902
dunyoning,1898
ijaraga,1897
ishlatilgan,1896
mln,1896
fc,1896
tamomlagan,1893
rhône,1892
hollarda,1891
united,1891
topildi,1889
moliyaviy,1888
televideniye,1888
partiyasi,1888
baliq,1885
ozod,1882
qilishi,1881
basketbol,1881
oila,1880
buni,1878
balandligi,1876
evaziga,1876
finalga,1875
all,1872
professor,1871
langan,1868
bino,1866
sariq,1865
tashkiloti,1864
qilishni,1863
oniston,1862
musiqiy,1862
le,1860
herschel,1857
tosh,1856
pchilik,1856
jamoadagi,1856
kirgan,1855
beriladi,1855
javob,1853
linadi,1853
turmushga,1852
faxriy,1851
ot,1850
qaratilgan,1849
shaharning,1847
tanlangan,1846
olindi,1846
ssr,1844
bank,1843
qaytdi,1838
yillardagi,1836
rossiyaning,1835
aholining,1834
musulmon,1834
davolash,1833
shilgan,1833
qirol,1832
fors,1830
boshqargan,1829
ustida,1829
muvaffaq,1825
sankt,1823
demokratik,1821
metr,1819
jamiyati,1815
tayyorlash,1813
dafn,1808
energiya,1806
foydalangan,1804
simliklar,1801
na,1795
navoiy,1792
shakli,1792
tkazish,1792
munosabatlar,1792
bavariya,1789
ahamiyatga,1787
sovrindori,1787
kelishi,1787
jamg,1783
hamma,1783
sayohat,1782
rangli,1780
saytida,1779
xizmatlari,1779
bordi,1778
yurak,1775
tahsil,1772
davlati,1770
millatlar,1768
sud,1768
daryo,1766
murakkab,1766
muvofiq,1766
chempionligini,1766
orasidagi,1764
aylangan,1764
zlarining,1763
il,1761
yi,1760
ishi,1757
yetib,1755
ismli,1754
shinlari,1753
qachon,1752
yetakchi,1752
mukofotiga,1752
shartnomasi,1751
texas,1751
osti,1750
assotsiatsiyasi,1749
imperiyasi,1745
liqni,1745
amaliy,1744
biz,1744
en,1741
bola,1736
pastki,1735
foizi,1733
joyi,1731
ligasining,1728
shim,1727
yozuvchi,1726
old,1726
no,1724
yanvarida,1724
yakuniy,1720
zarur,1720
vazirligi,1719
qog,1718
ngra,1713
rinda,1713
egallab,1712
mavsumning,1711
qad,1710
www,1708
kasallik,1707
nomzod,1706
olibi,1706
kompyuter,1705
tinch,1704
davr,1703
er,1703
chuqur,1699
shtatlari,1698
halok,1697
adabiy,1696
teatri,1692
oldini,1688
yetti,1688
qat,1686
misr,1686
himoyachisi,1685
rivojlantirish,1684
radio,1684
yutqazdi,1684
erta,1684
belgilangan,1682
aktrisalar,1682
mir,1681
kimyo,1680
qisman,1679
oshirdi,1679
rtoqlik,1677
tarkibi,1676
global,1672
rivojlanish,1666
erishdi,1666
off,1666
plami,1662
shvetsiya,1659
beshinchi,1657
tennis,1657
real,1657
endi,1656
qoplangan,1655
noma,1652
darajasini,1651
mahsulotlari,1650
foydalaniladi,1649
xizmati,1648
yutuqlari,1648
usuli,1648
finaliga,1647
umuman,1646
boshchiligidagi,1644
oilasida,1642
federal,1641
sa,1641
animatsion,1640
world,1638
qigan,1637
punktlari,1636
tayinlangan,1634
namoyon,1632
miqdori,1628
vositalari,1626
zlariga,1625
qizlar,1623
atigi,1622
shaharcha,1621
tinchlik,1619
oqibat,1618
si,1617
andijon,1617
ochilgan,1616
markazida,1616
issiq,1615
darajadagi,1614
iv,1613
uzun,1612
lubiyatga,1610
davlatlar,1610
oxir,1610
turkiston,1609
yevro,1608
turdagi,1607
kiritildi,1607
laroq,1603
madaniyati,1601
minlash,1600
tur,1598
rolida,1593
sur,1592
mablag,1591
qurish,1586
targ,1585
musobaqasida,1583
qahramoni,1582
golli,1581
qadimiy,1580
shotlandiya,1577
muayyan,1576
butunlay,1574
hissa,1574
dasturi,1573
akademik,1571
kollej,1568
jalb,1568
shaharda,1564
sohasida,1563
qishloqlar,1562
texnika,1561
keskin,1561
samarali,1561
yuk,1559
yakunladi,1558
keladigan,1553
mamlakatning,1552
shaxs,1548
universitetining,1548
rasman,1547
kotibi,1545
xorijiy,1540
xorazm,1538
metall,1538
qur,1537
sharafiga,1537
daqiqa,1536
kamida,1534
braziliya,1534
sharqda,1532
video,1530
tomonida,1528
ralgan,1527
yini,1526
zidan,1525
drama,1518
yashash,1517
sakkiz,1516
farqli,1515
jamiyat,1515
uyi,1514
moriy,1513
narsa,1509
fuqarolik,1508
st,1503
keltirilgan,1503
kompaniyasining,1503
klubdagi,1503
rivojlanishi,1501
alpes,1501
avval,1498
komediya,1497
dam,1496
kirib,1494
tuzilishi,1494
mukofotlari,1494
yaqinidagi,1490
xx,1489
oltita,1489
sekin,1487
klassik,1486
televizion,1485
chiqaradi,1485
qurolli,1484
yasalgan,1483
asarlar,1482
kamroq,1482
rang,1480
ligada,1480
loire,1480
yahudiy,1479
qatorda,1477
asoschisi,1476
vakillari,1475
korxonalari,1475
ib,1472
daqiqada,1472
xususiyatlari,1471
hafta,1469
yinlar,1469
lida,1468
rossiyada,1468
kattalar,1467
it,1465
talabalar,1461
mavsumni,1461
nom,1460
olishga,1458
lishiga,1458
jamoaning,1458
iqtisodiyot,1457
medal,1457
yaratdi,1456
jamoalar,1456
tugatgan,1453
avstriyaning,1453
rnini,1452
diplomatik,1452
minnesota,1452
lganligi,1451
jiddiy,1449
qiz,1449
akasi,1449
sohibi,1448
turkiy,1442
shveysariya,1442
yoshligi,1442
di,1441
medalini,1440
rsatilgan,1439
pennsylvania,1438
oxiri,1437
ukasi,1436
aktyorlar,1435
belgisi,1432
kishini,1431
vo,1430
ketadi,1430
taqdirlangan,1430
open,1428
tayyorlangan,1427
shtatidagi,1427
hudud,1425
partiya,1424
nba,1424
tomondan,1423
yubordi,1420
iroq,1419
sut,1419
shuhrat,1418
sovuq,1416
durang,1415
kitobi,1414
qozoq,1413
aralash,1410
muqaddas,1409
lgani,1409
shoir,1409
rtalarida,1408
model,1408
arbobi,1406
jarayoni,1406
bunga,1406
shaxslar,1405
olimlar,1404
qila,1403
bayrog,1402
hikoya,1402
yillarida,1401
yapon,1401
singlisi,1401
xix,1400
mintaqaviy,1398
qahramon,1397
kuch,1395
shtat,1393
manchester,1393
saksoniya,1393
solingan,1392
turar,1391
qozonib,1391
shon,1390
qilishda,1390
asar,1389
radi,1388
voz,1388
bozor,1387
siyosati,1386
grand,1383
mazkur,1381
mamlakatlarda,1381
yerga,1377
zgarishlar,1376
biridir,1375
mukofot,1373
punkti,1370
washington,1370
miya,1370
moselle,1370
asi,1369
kuchi,1367
jamoalari,1366
don,1366
aqshda,1366
tomon,1365
filmidagi,1365
ayni,1364
keltirib,1364
beruvchi,1364
avgustida,1364
biroz,1363
lganida,1361
yong,1360
sirida,1358
olim,1356
oshiriladi,1356
onlayn,1352
aksariyati,1350
versiyasi,1350
shtati,1350
chempion,1350
rafiqasi,1348
tartibga,1347
ukrainaning,1347
ldirilgan,1346
aylanadi,1346
tanqid,1344
ismi,1344
ahmad,1343
lotin,1343
tom,1343
loyihasi,1342
viloyatidagi,1342
mukofotini,1340
llar,1338
lingan,1338
stlik,1336
muddatli,1336
chiqaruvchi,1333
sgan,1333
tijorat,1332
qurilishi,1332
jamoasini,1332
yinini,1332
vazn,1332
sotilgan,1329
joyda,1327
ydi,1326
unvoni,1326
internet,1326
arbda,1325
yolg,1324
haute,1324
zavodi,1323
rmon,1323
zlari,1323
mamlakatda,1322
shuni,1322
topdi,1321
yarmida,1318
adabiyoti,1318
munosabati,1317
imzolagan,1317
ettirdi,1317
nazariyasi,1316
individual,1316
kon,1315
hibsga,1315
tv,1314
chiqariladi,1313
chang,1313
shgan,1312
noto,1312
ros,1308
press,1307
yaratgan,1305
ijobiy,1305
ye,1305
ruhiy,1303
jurnali,1301
masjid,1301
singari,1300
park,1300
maydon,1299
van,1299
bosqichi,1299
tishi,1297
keyinroq,1296
paxta,1295
bevosita,1294
tub,1292
jarohat,1292
qanot,1292
pol,1291
tarixidagi,1291
statistika,1291
hamkorlikda,1290
ishladi,1290
huquqlari,1289
turnirda,1288
yadro,1288
oxirigacha,1288
etishga,1286
karra,1285
diqqatga,1284
fuqarolar,1284
tayyorlanadi,1283
jamoaga,1283
vayron,1282
qishki,1282
doim,1281
karolina,1281
dedi,1281
pokiston,1280
mukofotlar,1280
yomon,1277
maqolalar,1277
ehtimol,1277
cheklangan,1277
his,1276
tkir,1274
markaziga,1272
jarayonida,1270
shtatlar,1270
institutida,1269
rassom,1268
siyosat,1267
jangovar,1266
tahlil,1263
yakunlandi,1263
shahridan,1260
etnik,1259
international,1259
saroy,1258
sig,1258
reklama,1257
lot,1256
ag,1256
holat,1256
american,1256
shahriga,1254
ekanligi,1254
zarar,1254
hajmi,1254
uyushmasi,1254
tmay,1254
kitoblar,1253
sts,1251
mamlakatlar,1250
hisob,1250
mavsumi,1250
maktabda,1249
hozir,1249
boshlanadi,1248
shartnomasini,1248
media,1248
sent,1248
yordamchi,1247
shib,1245
muzey,1245
qatnashdi,1245
iyulida,1245
yutuqlar,1244
tiliga,1243
nafaqat,1243
meksika,1243
armiyasi,1240
super,1240
joylarda,1236
lganlar,1235
center,1235
kolleji,1234
foydali,1234
orada,1234
toifasida,1234
unvonini,1233
chasi,1233
llanma,1233
hujumchi,1232
qoraqalpog,1231
dubulg,1231
tkazildi,1230
tuproq,1228
shiqchi,1228
yoshli,1227
boshlaydi,1226
harakatlar,1226
un,1225
ozarbayjonning,1225
lotaringiya,1225
daromad,1224
rejissyor,1224
borib,1223
spiral,1222
aholisining,1220
daniya,1220
bwf,1220
huquqiy,1219
murabbiylik,1219
yiliga,1217
tashkilot,1217
qismidagi,1216
funt,1216
taxmin,1215
qiroli,1214
hisobidagi,1214
avlod,1213
martin,1213
saône,1213
oylik,1209
xayriya,1208
misol,1207
shaharlar,1206
oilasiga,1205
joylar,1204
dunyoda,1204
ishlatiladigan,1204
iqlimi,1203
nuqtai,1203
geografik,1202
doktori,1201
vazifasini,1201
kasalliklar,1200
lishdi,1197
ijodiy,1195
nafas,1194
yozida,1193
ispan,1192
shoh,1191
ynash,1191
zgarishi,1190
akvitaniya,1190
quvvatlash,1189
rozi,1188
etuvchi,1187
farzandi,1186
kundan,1186
kaliforniya,1186
lda,1185
yashovchi,1185
iqlim,1182
aynan,1181
turnir,1181
magnit,1181
vazir,1180
modda,1180
oldidan,1180
ladigan,1179
shahzoda,1176
chiqarildi,1174
cha,1173
nafaqaga,1173
orollari,1172
raundda,1171
tarilgan,1171
moliya,1170
osiyoda,1169
ja,1169
yetkazib,1168
oyi,1168
stadion,1167
mineral,1167
murojaat,1167
jamoada,1167
hukmronligi,1166
hokimiyat,1166
toshkentda,1166
usmonli,1166
xitoyning,1166
tarildi,1165
vengriya,1165
qituvchisi,1165
duch,1165
yovvoyi,1164
vladimir,1164
red,1164
kuzatiladi,1160
gi,1159
atrof,1159
etishi,1159
krak,1158
barpo,1157
harorat,1156
haykali,1156
covid,1155
manba,1155
chiqadigan,1152
viloyatida,1151
asari,1151
noni,1145
tasi,1145
saylangan,1145
tilga,1144
qishga,1144
qilinishi,1144
parij,1144
mark,1143
tillari,1142
tizim,1142
ajratib,1141
chog,1139
qituvchi,1139
ru,1139
pladi,1139
roman,1139
aloqalar,1138
munosabatlari,1138
pikardiya,1138
pog,1137
mahsulot,1136
etilishi,1133
oldida,1133
kungacha,1132
qiyin,1132
arxitektura,1131
kishilar,1130
plagan,1130
yu,1129
shni,1129
beradigan,1128
lumotlarni,1127
shahrining,1125
filmlarida,1125
uzoqlikda,1125
vatan,1124
madrid,1124
pfalz,1123
olishi,1122
kidlashicha,1119
mis,1117
uchragan,1117
loyiha,1117
asta,1115
tadigan,1115
oyining,1114
amal,1113
deyiladi,1113
norvegiya,1112
yinni,1111
for,1111
gazeta,1110
saudiya,1110
saylov,1109
xon,1108
qazib,1108
uchish,1108
organik,1108
der,1108
dunyoga,1107
parlament,1107
as,1106
jamoalardagi,1106
vaqtning,1105
tkaziladi,1105
binoan,1104
yozib,1104
erishgan,1102
vafotidan,1102
aktrisalari,1102
tizimini,1099
usullari,1099
teri,1098
buyon,1097
dollarga,1097
tashqarida,1097
rgan,1095
mashina,1094
muddati,1094
atrofidagi,1094
kunlari,1093
idagi,1093
namangan,1093
uslubi,1093
xatti,1093
boshi,1093
muhit,1093
iowa,1093
rheinland,1087
ullangan,1086
ochildi,1086
lug,1086
ushlab,1086
direktor,1085
liganing,1083
martaba,1083
qolish,1081
raqs,1081
indiana,1081
jorj,1080
mavsumdagi,1080
rinishi,1078
quruq,1077
shiqlari,1077
oltinchi,1076
zbekistonning,1076
yinning,1076
yillari,1075
huquqini,1075
salbiy,1074
biologik,1074
dizayn,1074
ulkan,1072
mavsumdan,1072
boshqariladigan,1072
kompaniyaning,1070
sti,1068
dastur,1068
surxondaryo,1068
us,1066
uyida,1066
texnologiya,1066
aktyorlik,1066
xom,1065
buzilishi,1065
tarixida,1064
gran,1064
vitse,1063
burgundiya,1063
qamrab,1062
darhol,1062
armiya,1061
yinlarda,1061
hisoblash,1060
natija,1059
anna,1059
ikkinchisi,1059
turkum,1057
albomi,1056
natijalari,1054
dinamo,1054
sadi,1054
chi,1054
huquqiga,1053
bilim,1052
foydalanadi,1052
yun,1052
siz,1052
nomidan,1051
egallaydi,1051
david,1050
kutubxona,1049
hujjatli,1048
nalishi,1046
rnatish,1046
holatda,1046
qismiga,1045
james,1045
ravonlik,1044
holati,1044
qarama,1044
times,1044
guruhining,1043
web,1043
isroil,1042
hukmronlik,1041
bostirib,1040
mustaqillik,1040
sayt,1040
bepul,1038
qurol,1037
muhofaza,1037
fakulteti,1037
parvoz,1036
qishloqda,1036
standart,1036
qochib,1035
orol,1034
bosqichda,1034
nima,1034
sotsialistik,1033
dog,1033
biror,1033
binolar,1032
oshiradi,1032
chiqishga,1032
filmografiyasi,1032
yulduzlar,1032
ularda,1031
zarba,1031
qit,1031
solgan,1030
sht,1029
zgartirildi,1029
qismlari,1029
group,1029
dengizi,1028
ostidagi,1026
lishini,1025
yoshdan,1025
qism,1024
ribaund,1024
egalik,1023
daryosining,1022
konlari,1022
pro,1022
ayollarning,1022
mobil,1021
tirik,1020
fon,1019
arb,1018
iqtisodiyoti,1018
sardori,1017
aniqlangan,1017
fizik,1017
markazigacha,1017
foydalanilgan,1016
kubogini,1016
zga,1013
kema,1013
yorqin,1012
sohalarda,1012
kasb,1011
kiyim,1011
tuxum,1010
yevropada,1010
fevralida,1010
nalish,1008
dona,1007
tor,1006
temperaturasi,1006
belgiya,1006
richard,1006
atom,1006
fizika,1006
rahbarlik,1005
tezligi,1005
lmaydi,1005
mexanik,1004
sib,1004
amaldagi,1003
rejalashtirilgan,1003
qishni,1003
kundalik,1001
windows,1001
filmlarda,1000
kiritish,999
miqdorda,998
tarkibidagi,997
jeyms,997
irlandiya,997
tayyor,995
barqaror,995
ikkilik,995
birida,993
lat,993
maqsadi,993
ixcham,993
unvoniga,993
belgilar,992
minlaydi,991
berib,991
yoshlik,991
sohasidagi,991
centre,991
tumanlari,990
argentina,990
karyerasi,990
ishlaydigan,990
saroyi,989
kutubxonasi,988
xotira,988
tillarida,988
aloqalari,987
kishidan,987
xodimlari,986
nikolay,984
lov,984
peterburg,983
uchradi,983
maqola,983
apple,983
turniri,982
ishchi,981
britaniyaning,981
sovg,980
belgilari,980
fa,980
normandiya,980
arxeologik,979
viii,979
shtab,979
pasport,979
belarus,978
paytdagi,977
mudiri,977
rossiyalik,976
xotini,976
korxona,975
aslida,974
ozodlik,974
urg,974
ovul,973
talaffuzi,973
lganda,972
sulolasi,969
tasviriy,969
aksariyat,969
issiqlik,969
co,969
kasalligi,969
klinik,968
tashkilotlar,968
qatoriga,967
yaponiyaning,967
vi,966
pochta,964
sababi,964
nihoyat,964
ringa,964
tirof,963
mirzo,963
aytib,963
gruziya,963
ana,962
bayroq,962
egasi,962
dehqonchilik,961
zgartirish,961
efirga,961
allaqachon,961
ikkalasi,961
yib,960
navbatda,958
yallig,958
dori,957
bas,955
yish,954
qqiz,953
devid,953
tana,950
asrdan,949
seriyasida,949
harakatlari,948
tushadi,947
rab,947
tajriba,946
oilaviy,946
jizzax,946
yilida,945
temur,944
bildiradi,944
eri,944
ekan,943
lumotlarga,942
sohiblari,942
nerv,942
faoliyatidagi,941
jamoaviy,941
zaxira,940
binosi,937
qor,936
yuborilgan,936
maqsad,935
jihozlangan,935
amerikaning,935
dvigatel,935
muhokama,935
albom,935
hukm,934
qarshilik,934
ilon,933
tezda,933
hindistonning,933
xodimi,932
tizimining,931
hududiy,930
oshirildi,930
faoliyatining,930
oyidan,929
maqomi,929
mavjudligi,929
filmda,929
kunlik,929
klubning,929
karl,928
foizini,928
dollarni,928
nokia,928
yxatdan,926
xshaydi,926
kulrang,926
moda,926
armaniston,925
saylandi,925
bosqich,925
urib,925
tavsiya,925
birligi,924
boston,924
yonida,923
muharriri,923
am,922
matbuot,922
tarmoq,922
jinoyat,922
portugaliya,922
lg,922
madrasa,921
yozish,921
mening,920
olmaydi,920
dars,919
institut,918
din,917
rejissor,917
tomoni,917
rag,916
vaqtinchalik,916
banki,915
paxtakor,914
klublari,914
rekord,913
nomlari,912
korxonasi,911
ittifoq,911
fikr,910
seriyasi,910
zali,909
maksimal,909
jurnalist,908
kanali,908
lanish,908
tanlovi,908
suvda,908
nobel,908
kolumbiya,907
muhandislik,906
maydonda,906
oldindan,905
avtomatik,905
star,905
bezatilgan,904
tizimlari,904
uchrashuvida,904
darajasiga,903
ustasi,903
xotin,903
safar,903
bad,903
yaponiyalik,903
telefon,901
tekshirish,901
yuridik,900
voqea,900
olishda,899
aka,899
noyabrida,899
zal,898
aktyorlari,898
gollandiya,898
suriya,897
barchasi,897
town,897
yerdan,896
yopiq,896
dasturiy,896
foydalanishga,895
materiallar,895
tanlov,895
reytingida,893
bosqichiga,893
samolyot,893
omon,892
rolni,892
by,892
agentligi,891
chexiya,891
zbekistonlik,891
rhin,891
yuksak,890
qimachilik,890
payg,890
tour,890
uilyam,890
lozim,889
yilligi,889
noyob,888
naviy,888
mariya,888
oltilik,888
qulay,887
cholg,887
buyurdi,887
saqlangan,886
kengash,885
qib,884
yxatida,884
org,884
franche,883
oladigan,882
tiklash,882
modeli,882
davridagi,881
tortib,881
kislota,881
jangi,881
joylari,880
gazetasi,880
wta,880
meri,880
avliyo,880
comté,880
ishlarini,879
mahsulotlar,879
michael,879
boshqaruvi,878
ijrochi,877
kidladi,876
muddat,875
tayyorgarlik,875
foga,875
sonining,875
majburiy,874
musobaqalarda,874
chempionatiga,874
musiqasi,873
mondoni,873
lavozimida,873
qahramonlari,873
nafari,872
katolik,871
rdi,870
rgangan,870
kesib,870
yozuv,870
akademiyasining,869
hayvon,869
xalqlari,869
alifbo,869
guruhiga,869
yakka,868
opera,868
transfer,868
nazorati,868
kommunistik,866
yozuvchilar,865
oshirilgan,865
serialida,865
luvchilar,865
shiladi,864
ataladigan,864
west,864
ochilish,864
vaqtga,864
yoqilg,863
ustiga,863
teatrida,863
chizig,863
matematika,862
jalik,862
kuchlar,862
atamasi,862
hukmdori,861
guruhlar,861
oylarida,860
bular,860
xalqlar,860
musulmonlar,860
qiymati,860
miqyosda,860
kavkaz,859
masjidi,859
arman,859
maykl,859
yurish,858
ixtisoslashgan,858
tarkib,856
materiallari,856
yordamchisi,856
dollarlik,856
futboli,855
yozuvi,854
irligi,854
jurnalistika,853
musobaqada,852
fikricha,851
qligi,851
im,851
rangi,851
cherkovi,850
muammolar,850
jonli,850
qilishgan,849
yoshi,849
santa,849
aviatsiya,848
lini,848
lganidan,848
llash,847
boshlanishi,846
kengashining,846
natijalar,846
sakkizta,845
qolib,844
rnatildi,844
buyumlar,844
belgilanadi,844
tarjimai,844
eksport,843
nam,843
borish,843
bbc,843
zaxiradan,843
munosabatda,842
masalalari,841
ijod,841
xitoyda,841
berlin,840
lavozimiga,840
doktor,840
tarqalishi,840
optik,840
zlar,840
hududda,839
sirini,838
muvaffaqiyat,838
tomas,838
iphone,838
yumshoq,837
tasviri,836
jarayon,836
sis,836
qrim,836
yoshga,836
love,835
kafedrasi,835
almashtirildi,835
ynab,835
odamlarning,834
pop,834
bosim,834
britaniyada,834
hokimiyati,832
ligadagi,832
guruhning,832
inc,831
ichidagi,831
superkubogi,831
aisne,831
xii,830
qonuniy,830
tuyg,830
asarida,829
kanal,829
kattaroq,829
gretsiya,828
tezkor,828
qolishi,828
ishdan,827
tropik,827
kansas,827
chorvachilik,826
ivan,826
lqin,826
elchisi,826
oqimi,825
shaklidagi,825
ullanadi,825
kanadalik,824
qavatli,823
dasturlari,823
sinf,823
missouri,823
topish,822
yozuvchisi,822
hurmat,822
safiga,822
virtual,821
xviii,820
politsiya,820
ncaa,820
port,819
markazidan,819
sportchi,818
fondagi,818
shveysariyaning,817
turizm,817
organlari,816
darajasida,816
arsenal,816
saqlanadi,816
xossalari,816
nufuzli,815
moskvada,815
sahna,815
asarlarida,814
tasdiqlangan,814
qorabog,814
siti,814
berishga,813
matematik,813
lining,812
chegara,812
finlandiya,812
romani,812
ustun,812
qobiliyati,812
somme,812
vii,811
cherkov,811
dollari,811
tipidagi,811
min,811
ijodi,810
yida,810
professori,810
xalqi,809
jangda,809
ynay,809
navbatdagi,809
uzatma,809
qaytarib,808
kelmoqda,808
xvi,808
tashkilotlari,808
martida,808
shiqlar,808
birini,808
tarkibiy,807
chiqarib,807
armasi,807
soliq,806
majmuasi,806
uchuvchi,806
ygan,806
chiqarishni,805
tashlash,805
charlz,805
zaki,804
oilasining,803
davlatlari,802
pedagogika,802
energiyasi,802
man,802
ajratilgan,802
qilishadi,802
barselona,802
munitsipalitet,802
metro,801
imom,801
urushdan,801
news,801
tilidan,800
lombardia,800
yashirin,799
diametri,798
istonning,798
http,798
otasining,798
lovchi,797
muriyati,797
yetarli,797
ochdi,796
rlar,796
larda,796
hujayra,796
oqib,795
non,795
xiva,794
kasalliklari,794
uchrashuvda,794
galereya,794
germaniyada,794
tarbiya,793
navbatida,793
rasm,793
ichak,793
rekordini,793
is,792
qonuni,792
tekis,792
yinchilar,792
yozma,791
maktabni,791
nazariy,791
music,790
ishora,789
mamlakatlari,789
avtomobillar,789
tabiat,787
shin,787
manbai,787
ulushi,786
maktabini,786
yomg,786
uzatmani,786
talaba,785
zilari,785
tovush,785
foydalanuvchi,785
stadionida,784
fransiyada,784
pri,784
klublar,784
qilinadigan,784
ur,783
kompaniyasiga,783
xavfli,783
tadqiqotlari,783
uzatish,783
olishni,782
mor,781
urta,781
qildilar,781
bmt,781
xavf,781
italyan,781
sof,781
oklahoma,781
daha,780
favqulodda,780
yindan,780
albert,780
top,779
kilometr,779
vashington,779
dizayni,779
wnba,778
buyrug,777
chiziq,777
angliyaning,776
baden,776
atrofdagi,775
qiziqish,775
xizmatlar,775
you,775
ix,774
tilini,774
hokimi,774
jigarrang,774
zilgan,773
mini,773
ovozi,773
tennischi,773
shisha,772
lajak,772
tariqa,770
elchixonasi,770
biografiya,770
futbolchilik,770
davriga,769
za,769
aktrisasi,769
devor,768
tavsifi,768
olmagan,768
muharrir,768
sergey,767
zlarini,767
minot,767
oxiriga,766
boshladilar,766
sports,766
ishtirokchisi,765
istanbul,765
from,765
nashri,765
yoshda,765
fuqarolari,763
geografiya,763
stansiyasi,763
muqobil,763
nomzodi,763
purari,763
shaklda,762
aprelida,762
birlik,761
air,761
olganda,761
xi,760
sinov,760
shart,760
sishi,759
viktoriya,759
one,758
turkmaniston,757
vazifasi,757
taraqqiyot,757
setda,757
tashlab,757
michigan,757
buyumlari,756
oshdi,755
qaysi,755
qariyb,754
tozalash,754
tumanining,754
kuzatish,753
ay,753
tkaziladigan,753
chegaradosh,752
amalda,752
university,752
halqa,751
sharqida,751
shiqchilar,751
lavozimini,750
biografiyasi,750
ligaga,750
qushlar,749
shakllari,749
nazarda,748
qurgan,748
hududlarda,748
oyoq,748
alabama,747
côte,747
tushirilgan,746
bek,746
jinoiy,746
surunkali,746
aylanib,745
nashriyoti,745
maydonida,745
imzolangan,745
thomas,745
imperiyasining,745
lab,745
profili,745
tashkilotining,744
tugatgandan,744
muz,743
ostiga,743
tik,743
inglizcha,743
usul,743
rivojlanishiga,742
oshirgan,742
disney,742
rangda,742
jamoasidagi,742
yadi,741
tillar,741
maktablar,740
qatag,740
qilishdan,740
kichikroq,740
komissiyasi,739
hajmli,739
yangiliklar,739
bartaraf,739
qatl,739
qoldiqlari,738
sish,738
borilgan,738
ynashni,738
marosimi,738
vodiysi,737
tasdiqladi,737
ziyod,736
mamlakatlarida,736
kuchga,736
yunayted,736
ipak,735
koni,735
ijroiya,735
malika,734
kamdan,734
shaharga,733
respublikasida,733
vositasi,732
xodim,732
davrining,731
llaniladigan,731
ilg,730
ishlov,730
metallurgiya,730
musobaqalarida,730
lash,730
jamoani,730
rnida,729
muddatga,729
viktor,729
jarohati,729
lenin,728
sin,728
sc,728
sotish,727
daniel,726
milan,726
janubida,725
rnatdi,725
voyaga,725
nutq,725
sharaf,725
shayx,724
stadioni,724
atletika,724
erishish,724
jurnal,723
falsafa,723
hindistonlik,723
mahmud,722
ishtirokida,722
limidan,722
jamoatchilik,721
ishonchli,721
olmaganda,720
daryolar,719
xususiyati,719
xilma,718
riy,718
guruhlari,718
qimmatli,718
institutini,718
kengligi,717
mi,717
riq,717
auto,717
britaniyalik,716
nur,715
urushidan,715
george,715
yaqinda,715
natural,715
qoldirdi,714
plangan,714
turish,714
alisher,712
kredit,712
gollar,712
turkumi,711
jihatidan,711
kishilik,711
du,711
microsoft,711
youtube,711
klubining,711
janubda,710
uyda,710
mashinasozlik,709
toronto,709
meva,708
mingdan,708
qilgani,708
yulduzi,708
mumkinligini,707
afzal,707
deputati,707
tadqiq,706
shirin,706
maktablari,706
yaxshilash,706
gul,706
muassasalari,705
kollejida,705
litva,705
kontinental,704
mirlash,704
safidagi,704
ip,703
tadbirlar,703
alabasi,703
juft,703
chiqargan,703
suyak,702
ka,702
tolibon,702
juftliklar,702
foyda,701
okeani,701
yuborildi,701
hissasi,701
qirolicha,701
sb,701
nhl,701
limiga,700
merosi,700
sevgi,699
sistemasi,699
shoiri,699
gubernatori,699
imkoniyatini,698
calvados,698
loir,698
milliondan,697
kompaniyalar,697
rio,697
noda,697
olimi,697
avstraliyalik,696
genetik,696
piter,696
muammolari,695
seriya,695
des,695
baholash,695
xudo,695
blue,695
mustahkam,694
fe,694
psixologiya,694
binafsha,694
fanda,693
chempionlikni,693
mahrum,693
jamoalarida,693
raqam,693
markazlari,692
bizning,692
etishdi,692
nazaridan,692
león,692
serbiya,691
nikoh,691
imkoniyati,691
aniqlanadi,691
turnirlari,691
información,691
yigirma,690
osiyoning,689
millat,689
llanilgan,689
shlig,689
indisi,688
indoneziya,688
auvergne,688
yashab,687
oyning,687
nazar,687
chikago,687
ortda,687
bob,687
massasi,687
daromadi,687
bemor,687
ar,686
boshidan,686
foydalanib,686
musobaqa,686
egalari,686
malayziya,686
rinadi,685
hisobiga,685
hammasi,685
boshqaradi,685
limida,685
rollari,685
oqibatida,684
pchiligi,684
qaytish,684
sevimli,684
castilla,684
ayuntamiento,684
abdulla,683
rni,683
kompaniyalari,683
shamol,683
holi,683
barglari,683
harorati,682
yutqazib,682
band,682
aylantirdi,682
xorvatiya,682
normal,682
google,682
tamil,682
ayiq,681
minora,681
tortdi,681
manbalarda,680
sqinlik,680
tomosha,680
buyrak,680
xitoylik,680
lmasa,680
ahamiyati,679
kamaytirish,679
rsatadigan,679
baravar,678
quyida,678
manche,678
ketishi,677
rok,677
axloqiy,677
boku,677
elliptik,677
jersey,677
avtonom,676
asbob,676
guruhga,676
kurs,676
schleswig,676
xonligi,675
yevropaning,675
dekabrida,675
qahramonlar,675
bunyod,674
qodir,674
yuqorida,674
yashaydigan,674
quyidagicha,674
universitetini,673
omillar,673
natijasi,673
anjeles,673
nta,673
safarda,673
tuzildi,672
institutining,672
company,672
nomlanuvchi,672
avstraliyaning,672
bretan,672
muvaffaqiyatga,671
bayon,671
tarixchi,670
xvii,670
mahalla,670
ol,670
artisti,670
oise,670
narxi,669
qalin,668
yakunlangan,668
boshdan,668
zgartirdi,668
rtog,668
osmon,668
matematikada,668
strategik,667
yarmi,667
yoz,667
rollarni,667
pictures,667
eronning,666
sifatidagi,666
iyunida,666
shundaki,666
raketa,666
qurbonlari,665
xoch,665
mezbonlik,665
qarorgohi,664
https,664
mahsulotlarini,663
biridan,663
shimolda,663
shish,663
tabiati,662
organi,662
xulq,662
borayotgan,661
lishga,661
kirishi,661
psixologik,661
turadigan,660
shaharni,660
mazmuni,660
quyidagilar,660
rollarda,660
transporti,659
hikoyalar,658
bormoqda,658
keltirdi,658
maslahat,658
bajarish,658
usta,657
pishloq,657
statistik,657
nomlanadi,657
butunjahon,657
bobosi,656
dramatik,656
edilar,655
tashabbusi,655
kmni,655
yettinchi,655
yillardan,655
haykal,654
mamlakatdagi,654
tuzdi,654
shaharchalar,654
belgilab,654
darvozasiga,654
birlamchi,654
agent,654
qatnashib,653
foiz,653
yerning,652
tizimida,652
atp,652
tovar,651
tashish,651
chiqaradigan,651
chidamli,651
kanadaning,651
markaz,650
olinishi,650
laureati,650
mehmon,650
vena,649
gender,649
ayollarga,649
hasan,648
operatsion,648
king,648
national,648
billboard,648
yaratildi,647
ayblangan,647
haykaltarosh,647
kitobida,646
hududlar,646
premyerasi,646
les,646
amerikada,646
savoie,646
savdosi,645
obro,645
kunida,645
serial,645
chili,645
tok,645
davlatning,644
ekologik,644
yetdi,644
bakalavr,644
dasturini,643
fantastik,643
aeroporti,642
shandan,642
mashq,642
sony,642
suvi,641
tilgan,641
mutlaq,641
marosimida,641
shakllangan,640
chegarasi,640
ism,640
zgarib,640
odatiy,640
daraxt,640
matn,640
uels,640
razvedka,640
jarrohlik,640
asosi,639
noqonuniy,639
zarafshon,639
limga,639
prezidentlik,639
ketish,639
darvozabon,639
tarmoqlari,638
yiladi,638
cher,638
urushida,638
hodisa,638
turnirning,638
unchalik,638
bayram,638
haddan,638
oiladan,638
berishni,637
oldinga,637
qimmatbaho,636
raqami,636
doy,636
river,636
londonda,636
shaharchadir,636
bolalarga,635
floti,634
tizimiga,634
jurnalistlar,634
imperatori,634
asli,633
yozda,633
taqdirlandi,633
qurildi,632
pandemiyasi,632
sabablarga,632
devis,632
jigar,632
aniqlanmagan,632
zelandiya,631
divizioni,631
arslon,630
temperatura,630
ifodalaydi,630
darvozaboni,630
superligasi,630
insonning,629
kiruvchi,629
jurnalining,629
ziq,629
vizantiya,628
shartnomani,628
ekiladi,628
vaqtdan,628
league,628
mixail,627
tavsif,627
holstein,627
xv,626
olon,626
ilm,626
chiziqli,626
chaqirilgan,626
sharoitida,626
formula,626
atlantika,625
filiali,625
rinishida,625
yozdi,625
ed,625
cd,625
nozik,624
hududlarida,624
kartoshka,624
uglerod,624
chala,624
falsafiy,624
texnologik,624
tarjimasi,624
xiii,623
sirdaryo,623
ramzi,623
life,623
qurilma,623
tanqidiy,622
foydalanishni,622
ixtiyoriy,622
bet,622
sonini,622
prefekturasi,622
prezidentining,621
shdi,621
bastakor,621
jarayonlar,621
tanlash,621
kantonida,621
unvon,620
ruminiya,620
hindistonda,620
yaratishga,620
luis,620
oson,620
hozirgacha,619
uchraydigan,619
yoshligida,619
sinovdan,619
chempionat,619
lom,618
rioya,618
odamlarni,618
eslatmalar,618
sub,617
xalqining,617
faoliyatida,617
kompaniyasini,617
onish,616
siyosatchi,616
nominatsiyasida,616
kengaytirish,615
federatsiyasining,615
bolgariya,615
paul,615
goli,615
shti,615
dushman,615
braziliyalik,615
hot,615
poyga,614
klublarida,614
boshchiligida,613
husayn,613
korxonalar,613
kodi,613
badminton,613
mintaqa,612
yaponiyada,612
sanaladi,612
dahadan,612
belgi,612
meurthe,612
toj,611
yetadi,611
rassomlar,611
sudi,611
rangga,611
uchlik,611
yakkaxon,610
shtatlarda,610
milodiy,609
lsada,609
sibir,609
larning,609
ajratish,609
tanasi,609
universal,609
pastga,609
quvvat,609
sakkizinchi,608
bahor,608
ibrohim,608
raqib,608
muallif,608
hududining,607
xavfsizligi,607
suyuq,607
uchrashuv,607
xonim,606
asboblar,606
olinadigan,606
xori,605
cup,605
ipad,605
qishda,604
taom,604
loyihasida,604
sindromi,604
muxtor,602
naltirilgan,602
shifokor,602
yaxshiroq,602
black,602
qurib,601
solish,601
guruhida,601
singapur,601
yinlarining,601
assotsiatsiyasining,601
mustaqillikka,600
bazasi,600
uzluksiz,600
sonlari,600
doubs,600
kitoblari,599
daryolari,599
ettiradi,599
teskari,599
zaif,599
binolari,598
asboblari,598
rsatib,598
chempionlik,598
hisobda,598
lchash,598
yuborgan,598
ochib,597
farmoni,597
sharafini,597
ixtiro,597
burchak,597
koreys,596
menejeri,596
keltirgan,595
zgaruvchan,595
ijrosi,595
kubogining,595
dordogne,595
hamza,594
romantik,594
usmonlilar,594
vodorod,593
bolalari,593
ishlatilishi,593
orden,593
tkazadi,593
kasallikning,593
asrga,592
shimolida,592
turlicha,592
qatnashish,592
nomdagi,592
tarqaldi,592
onasining,592
tartib,592
yinchilari,592
mumtoz,591
yuborish,591
aksincha,591
young,591
hududiga,590
hayotini,590
bajaradi,590
qisqacha,590
württemberg,590
frank,590
talqin,589
aylanish,589
rahbarligida,589
lumotlari,588
rivojlandi,588
munosabatlarni,588
qiladilar,588
siydik,588
maishiy,587
jalolobod,587
estoniya,587
lishni,587
sen,587
javoban,587
qimmat,587
madrasasi,586
yalpi,586
boriladi,586
tarqatish,586
sterling,586
shanda,586
ford,586
gimnastika,586
gay,585
sunbula,585
piemont,585
yuzasi,584
ne,584
qidiruv,584
zgartirilgan,583
yildi,583
bilish,583
rasmlar,583
tartibi,583
sakrash,583
xavfsiz,583
shri,583
mashinalari,582
piyoda,582
be,582
tasvir,581
bosma,581
bezak,581
qirolligi,581
turlar,581
yadroviy,581
filmining,581
inshootlar,580
yodgorliklar,580
batafsil,580
okean,580
boshiga,580
chora,580
tonna,580
teleko,580
olishdi,580
birining,580
shilishi,580
rassomi,580
etadigan,580
ishini,580
tahdid,580
tuzish,580
brendi,580
tilining,579
my,579
georgia,579
ibodatxonasi,578
soyuz,578
zimmasiga,577
ruscha,577
topshirildi,577
holatlari,577
oroli,577
italiyalik,577
elektromagnit,577
larida,576
kelishuv,576
ettirish,576
almashtirish,576
big,576
niderlandiya,575
tutadi,575
vosges,575
ariza,574
oldilar,574
prik,573
nuqta,573
muvaffaqiyatsiz,573
yulduzdir,573
tokio,572
kishiga,572
kelishuvga,572
tailand,572
ofk,572
xristian,571
kechgan,571
eksperimental,571
yuqumli,571
foizga,571
aytadi,571
liniyasi,571
qirrali,571
arabistoni,571
hunarmandchilik,570
ortib,570
ullar,570
hokimiyatni,570
tuz,570
ishchilar,569
marotaba,569
sochlari,569
munosabat,568
berishi,568
muzokaralar,568
hodisalar,568
antonio,568
pyrénées,568
ovqatlanish,567
balet,567
qituvchilar,567
post,567
iqtisod,567
kvant,567
página,567
metrga,566
chaqirildi,566
qoidalari,566
odamlarga,566
qonunchilik,566
qul,565
bozori,565
oloni,565
asarlarini,565
arboblari,565
yetgan,565
umid,565
uchrashdi,565
qqizta,565
oyog,565
hayvonot,564
tatar,564
yuriy,563
chirildi,563
hududidagi,563
suzish,563
shaharlarida,563
rahbarlari,563
palatasi,563
xiv,562
yilni,562
class,562
peter,562
atlantiques,562
homiylik,561
hamdo,561
rtlik,561
yettita,561
klubda,561
pekin,560
andrey,560
sportchilar,560
tojik,560
jangida,560
murabbiylar,560
nomiga,559
vokal,559
suyuqlik,559
gironde,559
afsonaviy,558
ikkilamchi,558
chirish,558
masofa,558
taxtga,558
hujjatlar,557
zavodlari,557
ulot,557
sifatli,557
marvel,557
jura,557
norozilik,556
jayev,556
tashlangan,556
ltd,556
elementlar,556
atama,556
oshxonasi,556
lenta,556
turibdi,555
ruslar,555
oshib,555
narsalar,555
taqiqlangan,555
ellik,555
telugu,555
limni,554
sabzavot,554
kaliforniyaning,554
bitiruvchilari,554
sohasi,553
mitasining,553
ilib,553
mukammal,553
qaytgan,553
joylashtirilgan,552
joyga,552
akademiya,552
energetika,552
rinish,552
okrugidagi,551
ldirish,551
suvga,551
linishi,550
chiqa,550
tilda,550
shunchaki,550
entertainment,550
universitetiga,550
virginia,550
buyurgan,549
masofada,549
eni,549
xususiyatlarini,549
kuniga,549
vazni,549
norasmiy,549
onistonning,549
rganadi,549
talabasi,549
club,549
minglab,548
jazo,548
itlar,548
shartli,548
tepasida,548
tomir,548
jurnalida,547
oraliq,547
aktyori,547
meuse,547
oshirishga,546
tobora,546
toza,546
kambag,546
dahshatli,546
abdul,546
qatorida,545
konferensiya,545
kasaba,545
otish,545
ishni,545
charles,545
lganini,544
olimlari,544
xavfi,544
evropa,544
tumanda,543
shaharlarda,543
bolalarni,543
fk,543
america,543
oregon,543
kataloniya,543
aylanishi,542
ishg,542
tomonda,542
alar,541
rossiyaga,541
yoshdagi,541
shoirlar,541
ortidan,541
bitim,541
korporativ,541
afsonalari,541
lokomotiv,541
mutaxassislar,540
maqbarasi,540
turib,540
viloyatlari,540
uka,540
qalinligi,540
nepal,540
xudosi,540
mish,540
ad,539
tanlovida,539
qum,539
tushunchasi,539
puy,539
yerdagi,538
shakl,538
muammolarni,538
kuchlarining,538
ortiqcha,538
tadan,538
figurali,538
lewis,538
aholiga,537
geologik,537
qidi,537
quvvati,537
masalalar,537
dala,537
atlanta,537
maslahatchisi,537
limlari,536
rlik,536
maxfiy,536
sahifasi,536
nisbati,536
shou,536
islomiy,535
ishlay,535
yuritadi,534
yahudiylar,534
oqim,534
uzum,534
afc,534
tarkibda,534
akademiyasida,533
qilmoqda,533
chiqarishga,533
jun,533
darajaga,533
eta,533
prussiya,533
fox,533
tushirish,532
alyuminiy,532
opa,532
boshqariladi,532
jamiyatining,531
joylarida,531
xtatdi,531
usullarini,531
kerakli,531
joylashuvi,531
mecklenburg,531
vazirligining,530
liberal,530
rivojlanayotgan,530
atadi,530
davridan,529
mualliflik,529
kubok,529
finali,529
scott,529
tanladi,529
kelayotgan,529
kutib,529
ketganidan,529
texnologiyasi,529
murabbiylari,529
nwsl,529
isère,529
nuqtasi,528
inqilobiy,528
parallel,528
narsani,528
joseph,528
vaqtincha,528
yorkdagi,528
poytaxt,527
fakultetini,527
binoning,527
llanadi,527
zbeklar,526
avlodi,526
aniqlandi,526
zavod,526
aloqasi,526
tushirdi,526
saroyida,525
uslubida,525
namunalari,525
shakar,525
tiborini,525
quyidagilardir,525
arbida,524
chqa,524
lo,524
mutaxassis,524
tayyorlashda,524
football,524
penaltilar,524
qabila,523
ov,523
kenja,523
konlar,523
nusxasi,523
kengaytirilgan,523
turiga,523
yozuvlar,522
galereyasi,522
yevropadagi,522
tugatdi,522
usti,522
vertikal,522
marketing,522
arkansas,522
ekran,522
odamning,521
marmar,521
filipp,521
jozef,521
gollari,521
kosta,521
tiklandi,520
ittifoqining,520
tomoniga,520
yan,520
majlisi,520
metrajli,520
sana,520
sopol,519
simliklari,519
gitara,519
havaskor,519
birikmalar,519
jung,519
vaziyat,519
birinchisi,519
aqshga,519
las,519
time,519
atrofi,518
oydan,518
raqibi,518
ishtiroki,518
klubni,518
davriy,518
ettirgan,518
tarafdorlari,518
qolmoqda,518
yinlariga,518
tomonga,517
grigoriy,517
istonda,517
boshqacha,517
borishi,517
texnologiyalari,517
shini,516
bosqichga,516
hikoyasi,516
kislorod,516
debyuti,516
angliyada,516
kapitan,516
tiborga,515
mayida,515
hay,515
massachusets,515
ustunlik,514
sovrindorlari,514
state,514
awards,514
modellar,514
usmon,513
hujjat,513
ekinlari,513
boks,513
haftalik,513
atagan,512
zabt,512
shilish,512
yunoncha,512
dasturlar,512
qorin,512
devorlari,511
rivojlantirishga,511
lig,511
borligini,511
deya,511
kanadada,511
etishda,510
rsatkich,510
anqara,510
mobaynida,510
inqilobi,510
kiritib,510
chiqqanidan,510
erondagi,510
pushti,510
angliyalik,510
span,510
volkswagen,510
devori,509
nalishda,509
tushirildi,509
tanqidchilar,509
art,509
colorado,509
keltiradi,508
zargarlik,508
osiyodagi,508
aylantirildi,508
von,508
sari,508
lee,508
qobiliyatini,508
tantanali,508
miss,508
ingichka,508
singli,508
tomoshabinlar,507
kompleks,507
yusuf,507
huquqlarini,507
usulda,507
dir,507
yaratadi,507
tishga,507
profil,507
limda,507
maktabining,506
aksiyadorlik,506
nishoni,506
dunyosi,506
armiyasining,506
nlab,506
buyurtma,506
jarima,506
qilishlari,506
ontario,506
turingiya,506
anhalt,506
daraja,505
tamaki,505
kuba,505
guruch,505
house,505
operatsiya,505
jamoadoshi,505
sonning,505
taxallusi,504
daraxtlar,504
voqealari,504
ertasi,504
valyuta,504
qnash,504
mg,504
yuritgan,503
sanoatida,503
klubga,503
festivali,503
original,503
orqaga,503
artur,503
sbc,503
mintaqasi,502
hududlari,502
voleybol,502
holatlar,502
grafik,502
etishni,502
oyasi,502
dasturlash,502
records,502
veronika,502
yerlar,501
doimo,501
musobaqalari,501
rmonlar,501
rda,501
qonunlar,501
qarasli,501
pka,501
chempionatda,501
zamon,500
biologiya,500
everton,500
per,500
said,499
aytiladi,499
topshirdi,499
shved,499
dorilar,499
musiqali,498
dehqon,498
jim,498
choy,498
muhabbat,498
hol,498
joylashtirish,498
harakatlarini,498
kentucky,498
ochish,497
karimov,497
qilmaydi,497
porti,497
plash,497
masters,497
adıyaman,497
kiritadi,496
hamkorlikni,496
madhiyasi,496
rilgan,496
dollardan,496
rsatdiki,496
joyida,496
konstitutsiyaviy,496
aloqada,496
orne,496
indre,496
korporatsiyasi,495
yinga,495
okrugiga,495
hisobi,495
sodiq,495
zich,495
chirilgan,494
vorisi,494
texnikasi,494
minorasi,494
uyiga,494
filippin,494
avtomobillari,494
yugurish,494
asoslanib,493
sek,493
golni,493
umr,493
beshlik,493
adana,493
monumental,492
yuboradi,492
turkiyada,492
imzolandi,492
investitsiya,492
albatta,492
shaxsning,492
davlatining,491
shartnomalar,491
sharoitda,491
qismidan,491
ser,491
kechasi,491
pni,491
aeroport,490
tadbirkor,490
lubiyat,490
metallar,490
imkoniyatiga,490
lishgan,490
ishtirokidagi,490
dvigateli,489
sirli,489
fide,489
nusxa,488
fondi,488
tarzida,488
tergov,488
siyosatini,488
kasal,488
inter,488
saytidagi,488
qismidir,488
ramziy,488
bolaning,488
chig,487
dini,487
allen,487
rivojlanadi,487
universitetlar,487
kuchiga,487
hududidan,486
etmoqda,486
mumkinligi,486
green,486
mevasi,486
yozadi,485
import,485
atmosfera,485
smith,485
kerakligini,485
lchami,485
assistentlik,485
fi,484
rganishga,484
dalillar,484
ishlarni,484
tarafdori,484
hujayralar,484
elementlari,484
kreis,484
antik,483
nabirasi,483
birlashtirilgan,483
sharqidagi,483
xtatildi,483
hukumatining,483
morgan,483
vaqtini,483
askarlari,483
orish,482
toshkentning,482
askar,482
simliklarning,482
haykaltaroshlik,482
fikriga,482
pravoslav,482
londondagi,482
tanli,482
hunar,481
rinli,481
bosimi,481
kechki,481
bahsda,481
lotincha,481
mavsumini,481
tengdir,481
shtatlardagi,481
koreyaning,480
chiqarishda,480
daqiqasida,480
soxta,480
ain,480
quvchi,479
kit,479
lavozimlarida,479
xona,479
hasharotlar,479
qabilalari,478
qitish,478
tashlandi,478
rlari,478
janubidagi,478
urish,478
qqizinchi,477
ustidagi,477
maktabiga,477
gullari,477
kiygan,476
qozon,476
ldosh,476
jamiyatning,476
boris,476
bangladesh,476
oni,476
tiqod,476
aytgan,476
ayollari,476
tavalludlar,476
kuchini,475
zilzila,475
olmos,475
hukmron,475
pyotr,475
adolat,475
uchib,475
bolaligida,475
bundesliga,475
arablar,474
leningrad,474
sohilida,474
hayvonlarning,474
albomini,474
sanasi,474
tavallud,474
urugvay,474
paralimpiya,474
boshlanib,473
yurti,473
italiyada,473
history,473
xodimlar,473
ildiz,473
pkurash,473
borligi,472
zgaradi,472
qatar,472
telekanalining,472
etganidan,472
zolar,472
hayotiy,472
dôme,472
avj,471
imzo,471
yurgan,471
aniqladi,471
dakota,471
arizona,471
sharqqa,470
tadqiqotchilar,470
iso,470
bobur,470
mustahkamlash,470
tarzi,470
sakkizlik,470
garvard,470
williams,470
xat,469
vositalar,469
land,469
bayrami,469
qoida,469
tartibida,469
koreyalik,469
ilish,469
basketbolchi,469
tanlandi,469
arxivnaya,469
xalifa,468
arbdan,468
tutilgan,468
itf,468
laydi,468
mashinasi,468
muvaffaqiyati,468
aning,468
tezlik,468
afina,468
kelingan,468
ogayo,468
konkida,468
kopiya,468
kidlaydi,467
qadimdan,467
turnirining,467
kipr,467
uylangan,467
miqdordagi,467
yuqoriga,467
yinlarini,467
bildirgan,466
xoni,466
mingga,466
tumanning,466
inqilob,466
qilishning,466
asosini,466
illinoys,466
aylana,466
yupqa,466
intellektual,466
bill,466
boshlovchisi,466
divizion,466
qamal,465
kurashda,465
keksa,465
telekanalida,465
llanilishi,465
dumaloq,465
oqsil,465
team,465
elzas,465
beruniy,464
muloqot,464
mamlakatni,464
kengroq,464
boradigan,464
yozishicha,463
vodiysida,463
qiziqarli,463
makkajo,463
mavzu,463
th,463
sohalarida,462
kunga,462
stiven,462
ochilishi,462
qilinganidan,462
farqlanadi,462
belgilaydi,462
plam,462
lui,462
ben,462
chakana,462
mamlakati,461
ovozli,461
kvartirasi,461
rtalari,461
jarayonini,461
jean,461
minimal,461
nosi,461
zaharli,461
magistral,460
ekin,459
oxiridan,459
qismlarida,459
darvoza,459
mari,459
holatini,459
qamoqqa,459
die,459
tanlab,459
virjiniya,459
haykallar,458
limining,458
pi,458
asoschilaridan,458
yordami,458
bildirdi,458
taslim,458
jadvali,458
reytingi,458
long,458
nosini,457
lning,457
hayotining,457
belgilash,457
qoraqalpoq,457
janob,457
konsert,457
beriladigan,456
sifati,456
seriyasining,456
yirtqich,456
nashrlar,456
express,456
bal,455
xotirasiga,455
aytilgan,455
gvineya,455
foydalanuvchilar,455
saraton,455
loyihasini,455
filmning,455
sherigi,455
catalunya,455
shakllanishi,454
isht,454
tiklangan,454
dramasi,454
pasayishi,454
qurilmalar,454
diego,454
bin,454
asrlarga,453
kelajakda,453
genri,453
muhandis,453
tarkibga,453
kechdi,453
talabalari,453
dallas,453
topadi,452
nomlandi,452
yassi,452
maqbara,452
fond,452
ron,452
german,452
illari,452
rejasi,452
jr,452
olma,451
sarmoya,451
abc,451
afrikaning,451
germaniyaga,451
davlatga,450
sulaymon,450
adi,450
quyiladi,450
miqdorida,450
sabablari,450
kristall,450
gorizontal,450
vorpommern,450
shilib,449
nish,449
oluvchi,449
idorasi,449
doktorlik,449
xet,449
arabcha,448
ovlash,448
majmui,448
toshlar,448
toshkentdagi,448
soha,448
asoslanadi,448
tariladi,448
vaqtlar,448
livan,448
jaligida,447
rasmlari,447
uslub,447
turklar,447
ifodalovchi,447
vikipediya,447
songa,447
zaliga,447
kiyev,446
olga,446
nurlanish,446
oshadi,446
rsatkichi,446
tuzgan,446
sidney,446
villa,446
marg,445
qurollar,445
oliblari,445
bolalarning,445
tashkiliy,445
parijda,445
sky,445
alloh,445
maqomini,444
limini,444
gullar,444
tungi,444
tajribasi,444
stlari,444
frans,444
rejalashtirish,444
mustasno,444
bashorat,444
hakamlar,444
maryland,444
doira,443
umar,443
tarqatilgan,443
vosita,443
profile,443
vizual,443
alan,443
modellari,443
aytishicha,443
satdan,443
kolorado,443
moskvadagi,442
ishonch,442
xshab,442
tayanch,442
gumbaz,442
tasvirlar,442
hayratda,441
sporti,441
ynashga,441
sodda,441
tarixini,441
johnson,441
shohi,440
motor,440
rentgen,440
falastin,440
zarb,439
tizmasi,439
rnatgan,439
fil,439
finalchisi,439
bey,439
moddalarni,439
qilishini,439
numberempire,439
lak,439
teleseriallari,439
north,439
rayoni,438
noaniq,438
bojxona,438
best,438
xxi,438
videoo,438
fuqarosi,438
oshkor,438
rock,438
kemasi,438
temuriylar,437
natijalariga,437
piyoz,437
tarqatib,437
tushunish,437
usullar,437
journal,437
alfa,437
california,437
adams,437
tangalar,436
ti,436
qorong,436
miller,436
oshishi,436
olimpiadasida,436
shimolidagi,436
musobaqasi,436
tennessee,436
chicago,436
qismining,435
gerbi,435
xonanda,435
shunda,435
tartibda,435
qilayotgan,435
quvvatlaydi,435
llarini,435
kelishib,435
qizg,435
oltmishlik,435
premier,435
mavsumiy,434
ichimliklar,434
xizmatlarini,434
sarg,434
hududni,434
edvard,434
irmog,434
orolida,434
atining,433
surgan,433
quvvatladi,433
gubernator,433
xususiyatlar,433
yigirmalik,433
davrlarda,432
soldi,432
beton,432
birlashtirildi,432
bunyodkor,432
audi,432
armor,432
shakliga,431
asosidagi,431
marosim,431
yetakchisi,431
unvonlari,431
seriyaning,431
sayyora,431
muammo,431
darvozasi,431
adam,431
amerikaliklar,431
qonunlari,430
tekislik,430
manbalari,430
ashyo,430
gumanitar,430
burun,430
rinadigan,430
rsatadiki,430
avlodlari,430
chiqildi,429
harakatining,429
namunasi,429
su,429
larni,429
harakatini,429
molekulyar,429
chiqaruvchisi,429
naqsh,428
asoslari,428
rossiyadagi,428
ani,428
navbahor,428
huzuridagi,428
berishdi,428
kevin,428
idrok,428
taomlar,428
fort,428
basketbolchilar,428
shaharchasi,427
granit,427
tadil,427
chiqarilishi,427
uchdan,427
mavsumining,427
golga,427
tutgan,426
yerlarda,426
kuzida,426
mavzusi,426
malikasi,426
afrikada,426
quloq,426
navlari,426
utah,426
olov,425
muzeylar,425
mita,425
kamera,425
inglizlar,425
pkurashda,425
askarlar,424
tashladi,424
otib,424
mlrd,424
qismlar,424
akademiyasiga,424
jones,424
hamkasbi,424
up,424
rgazma,423
lavozimidan,423
maydonni,423
suvlari,423
aleksey,423
davrning,423
chiziqlar,423
qoidalariga,423
tasvirlash,423
aql,423
bois,422
konstantin,422
yuzlab,422
qush,422
stansiya,422
turkiyaga,422
ifodalanadi,422
ildizdan,422
bay,422
nomlar,421
mahsuloti,421
ahvoli,421
bayramlar,421
solib,421
emasligini,421
ajratiladi,421
laydigan,420
mavjudligini,420
ifoda,420
ho,420
ukrain,420
zararli,420
qotdi,420
hujumchisi,420
ki,420
sirt,420
barg,420
vakillar,420
kirishdi,419
audio,419
aylantirish,419
malakali,419
harry,419
hissiy,419
etgani,419
ferrari,419
yonne,419
amudaryo,418
oshiq,418
payishi,418
ttiz,418
yangilangan,418
efl,418
maqsadli,418
award,418
sentabrida,418
muzeyida,418
uchburchak,418
serialidagi,418
sharqdan,417
qoshidagi,417
ijodida,417
kasbiy,417
riflagan,417
fut,417
zamburug,417
aksilinqilobiy,417
ketishdi,417
yulduzli,417
android,417
tarixiga,416
latviya,416
chempionatlarida,416
yakuniga,416
kuzatilgan,416
qoldirgan,416
seriyali,416
ios,416
avstraliyada,415
xtatish,415
lchov,415
posho,415
nigeriya,415
qilinib,414
qozonilgan,414
tim,414
net,414
kuzatib,414
sentyabrida,414
ibodat,414
tugaydi,414
stars,414
liverpul,414
ommaga,414
ahamiyat,413
jinslar,413
bahs,413
shartnomaga,413
duchor,413
yugoslaviya,413
fiziologik,413
hashamatli,413
lgach,413
ishlatish,413
ishtirokchi,413
singl,413
sara,412
qasd,412
hujumi,412
xayoliy,412
dinamik,412
shilliq,412
shahzodasi,412
east,412
china,412
ayrioddiy,411
dr,411
boshqalarning,411
street,411
hill,411
arafasida,411
shunchalik,411
tavsiflanadi,411
white,411
suvli,410
bar,410
qatori,410
nab,410
bera,410
tagacha,410
pensilvaniya,410
nishonlash,410
harakatlarni,410
bosniya,410
material,410
futbolchining,410
lidan,409
suyagi,409
fermer,409
potentsial,409
almashinuvi,409
sonlardir,409
henry,409
brown,409
ballar,409
rose,409
qilganidan,408
dod,408
larining,408
joniga,408
uzatilgan,408
lamli,408
giyohvand,408
darajasidagi,408
hayotning,408
bell,408
kognitiv,408
klasterdir,408
côtes,408
maqomiga,407
urushda,407
memorial,407
ilohiy,407
day,407
kelishdi,407
kongress,407
buzib,407
ulam,407
peru,407
abadiy,407
mary,407
kaspiy,406
rtburchak,406
tashlanadi,406
mahkamasi,406
tasdiqlandi,406
nalishlari,406
faqatgina,406
smirlik,406
guruhini,406
qamoq,406
hisoblaydi,405
naqshlar,405
kapital,405
hududini,405
lanishi,405
qonunga,405
kotib,404
qand,404
kadrlar,404
yaqqol,404
hoji,404
haftada,404
dasturida,404
dasturining,404
premyer,404
foydasiga,404
spiraliga,404
parlamenti,404
prodyuser,404
dmitriy,403
jag,403
ldan,403
biron,403
cheksiz,403
narsalarni,403
vetnam,403
airlines,403
ibodatxona,402
avvalroq,402
minlangan,402
vositalarini,402
oldiga,402
qobiliyatiga,402
mevalar,402
davomi,402
bosqichining,402
albaniya,402
bristol,402
innovatsion,402
test,402
vatani,401
inshootlari,401
uyushmalari,401
qoidalar,401
munosib,401
bi,401
ekinlar,401
yxatini,401
boshqalarga,401
hazm,401
reyn,401
doir,400
qadam,400
chiroyli,400
versiya,400
astronomiya,400
artilleriya,400
ichi,400
xit,400
hujumkor,400
qanchalik,399
qarag,399
nodir,399
deydi,399
yarmidan,399
filmografiya,399
begona,399
suvning,399
kurashish,399
doirasidagi,399
biladi,399
zarralar,399
xitoyga,399
iordaniya,399
sotdi,399
website,399
hayotiga,398
zda,398
arbga,398
yonilg,398
echki,398
turda,398
qatlami,398
fransiyaga,398
solinadi,398
arbidagi,398
hujjatlari,398
qurdi,398
facebook,398
mehmonxona,397
rahbar,397
partiyasining,397
afro,397
qotish,397
etayotgan,397
analari,397
andalusiya,397
saylovda,397
lardan,397
merosxo,397
anderson,397
mashinalar,397
rovers,397
sarfi,397
drôme,397
yillarga,396
turkumiga,396
nato,396
high,396
qima,396
maydondagi,396
bilib,396
abdulloh,396
gonkong,396
shartnomalari,396
havzasi,395
ifodalangan,395
xoja,395
qaroriga,395
oshin,395
dehqonlar,395
ulushini,395
yaponiyaga,395
havoda,395
ayollarni,395
alec,395
lkasi,394
qilganlar,394
vakillik,394
lagan,394
ishlashga,394
ismini,394
raqobat,394
mifologiyasida,394
farqi,394
ssenariy,394
muxbir,394
louis,394
alla,393
loyihalash,393
haqiqat,393
qolishga,393
arxitekturasi,393
rejimi,393
ishlarida,393
saralashida,393
qituvchilari,393
viza,393
qabilalar,392
chmanchi,392
mulla,392
turg,392
onalar,392
kattaligi,392
qligini,392
oilaning,392
school,392
oziqlanadi,392
urf,391
filmini,391
illinois,391
gazetasida,391
umrining,391
xalqlarda,391
yakunlagan,391
britaniyadagi,391
angeles,391
aragón,391
uylar,390
vino,390
amakivachchasi,390
mexanizmi,390
jinslari,390
baholangan,390
muxbiri,390
elizabeth,390
hayotida,389
ekipaj,389
qqisi,389
chaqirdi,389
vositalarida,389
sayyohlik,389
mintaqada,389
tarilishi,389
boshlash,389
uylandi,389
konstitutsiya,389
qilganini,389
rekordi,389
brend,389
eshitish,389
uskunalar,388
lmish,388
mustaqilligini,388
tadbirlari,388
munitsipaliteti,388
tayinladi,388
amaliyot,388
plamini,388
nil,388
jin,388
mualliflari,387
boshqalarni,387
ural,387
quvchilar,387
salomatlik,387
omma,387
chiqishini,387
polshaning,387
mondonlik,386
birlashtirish,386
kampaniyasi,386
sohada,386
boshlanishidan,386
tarilish,386
mayor,386
masofaga,386
unvonlar,386
loyihasining,386
farmatsevtika,385
poyabzal,385
oshirib,385
napoleon,385
muassasalar,385
turishi,385
lidagi,385
intervyusida,385
hisoblagan,385
uslubidagi,385
yodgorlikning,385
tizimli,385
laboratoriya,384
tashkent,384
dasht,384
batlantirish,384
ertak,384
azot,384
negizida,384
mustamlaka,384
irlik,384
rsatuvchi,384
ross,384
musiqachi,384
purar,384
studiyaviy,384
shaxsan,383
tashqariga,383
alp,383
tugadi,383
yurtlari,383
qobig,383
organ,383
ertalab,383
zbekcha,383
lumotnomalar,383
nasaf,383
okrugida,383
kichkina,383
homiysi,383
menejer,383
bemorlar,383
bush,383
haut,383
oxirlarida,382
asarini,382
xabarlar,382
jasorat,382
tezlikda,382
oshqozon,382
ekspeditsiya,382
chaqiruv,382
hujayralari,382
limuzen,382
bayramlari,381
spirtli,381
muvaffaqiyatsizlikka,381
masofadan,381
massa,381
reaksiya,381
soniya,381
istalgan,381
morris,381
chuy,381
topib,380
shahardagi,380
bahorda,380
nemislar,380
zolarining,380
farzand,380
grossmeyster,380
adliya,380
qabri,380
sifat,380
usulida,380
bengal,380
tasavvur,380
gb,380
leytenant,380
hall,380
puerto,380
bemorning,380
eure,380
birlashmasi,379
jarayonlari,379
havola,379
tizimlar,379
teleserialida,379
munitsipalitetlar,379
paytirish,378
den,378
onistondagi,378
missiyasi,378
ilhom,378
meni,378
taklifini,378
shvetsiyaning,378
milya,378
konservativ,377
toifadagi,377
ozuqa,377
pivo,377
oyda,377
varianti,377
union,377
maslahatchi,377
kamayib,377
imkoniyatlarini,377
ichimlik,377
sudga,377
bolalarda,377
colspan,377
idishlar,376
yidagi,376
iliq,376
tasodifiy,376
ismoil,376
qatnashadi,376
jism,376
tugaganidan,376
ustki,376
islandiya,376
harakatni,376
uk,376
taraqqiyoti,375
yetishtiriladi,375
igor,375
shubha,375
sil,375
smit,375
shakllantirish,375
amxo,375
odamlarda,375
mato,375
aylanma,375
ilishi,375
gt,375
yuzasidan,374
nomzodlar,374
estetik,374
stalin,374
qoldirib,374
tlar,374
qurg,374
hisobni,374
angliyaga,374
ozarbayjonda,374
gvardiya,373
xuan,373
medallar,373
chiqarishi,373
eriydi,373
rganib,373
haq,373
ishlashi,373
inkor,373
muhandisi,373
estadística,373
tarib,372
aloqalarni,372
atida,372
simfonik,372
yuboriladi,372
larga,372
silliq,372
panama,372
ml,372
shaklini,371
muso,371
keltirish,371
lirik,371
neftni,371
navro,371
bahsida,371
simon,371
politexnika,371
irqiy,371
kiritishga,371
omil,371
lu,371
tibet,371
rig,371
donald,371
ille,371
dalolat,370
jiyani,370
kasalxona,370
tortish,370
vositalarining,370
operatsiyasi,370
versiyasini,370
bajargan,370
aqlli,370
shahrini,370
vilaine,370
zgarish,369
madhiya,369
live,369
yuqoridagi,369
namuna,369
yindagi,369
subtropik,369
id,369
quyish,369
buvisi,369
lake,369
qatlam,368
institutlari,368
byurosi,368
kuchayishi,368
lmaydigan,368
masalasi,368
produser,368
dasturiga,368
festivalida,368
funksiyasi,368
konstitutsiyasi,367
hujumga,367
kabilar,367
hisor,367
bolalik,367
kamaydi,367
radioaktiv,367
vazirining,367
mijozlar,367
beta,367
france,367
divizionida,367
islohotlar,366
sovrinini,366
turdi,366
polkovnik,366
tezroq,366
bilgan,366
uchrashuvini,366
oksford,366
mash,366
aqshdagi,366
ittifoqiga,366
ring,366
epizodida,366
hukmdor,365
orzu,365
pavel,365
parda,365
dc,365
if,365
maktablarda,365
organizmlar,365
yorlig,365
mezbon,365
loy,364
qozoqlar,364
hayvonlarni,364
chiqishiga,364
yetishtirish,364
ettirilgan,364
eslatib,364
tushuncha,364
rux,364
aliyev,364
direktorlar,364
masala,364
arzon,364
farzandlari,364
taqsimlash,364
plastik,364
pon,364
jersi,364
women,364
rojdestvo,364
allier,364
yotadi,363
rostov,363
ozlar,363
linish,363
okrugining,363
shifokorlar,363
joyiga,363
jamoalariga,363
gana,363
imi,363
homilador,363
nbc,363
jarohatlar,363
little,363
ukrainaga,362
nafis,362
rganilgan,362
turnirlarda,362
yerni,362
termiz,362
quvvatlagan,362
ambar,362
rejissyori,362
kasalxonasi,361
ildi,361
vasiliy,361
qi,361
uskunalari,361
sssrda,361
sintez,361
moddalarning,361
oyga,361
swift,361
homiladorlik,361
qishi,360
arxiv,360
insoniyat,360
hududga,360
muhitni,360
rassomlik,360
kelajakdagi,360
texnologiyalar,360
forbes,360
millatiga,360
tovarlar,360
adabiyotida,359
qozonish,359
miqdorini,359
choralari,359
hisobot,359
ikkitasi,359
shikoyat,359
topshirilgan,359
braziliyaning,359
bmw,359
undagi,358
dunyoviy,358
rifiy,358
yovuz,358
organizm,358
nuri,358
argentinalik,358
rinishidagi,358
dubl,358
xtatib,358
zning,358
chelsea,358
jinsli,358
tirgan,357
rais,357
yetakchilik,357
oyalari,357
kislotalar,357
mat,357
futbolchiga,357
se,357
lagi,357
fransisko,357
muhojir,357
sharob,357
matbuoti,356
ishlariga,356
zavodida,356
elena,356
ispaniyalik,356
tasvirlaydi,356
surgun,356
reja,355
rinlarni,355
modernizatsiya,355
holida,355
studiya,355
mondonligi,355
lishidan,355
davlatlarning,355
bugun,355
oldidagi,355
sv,355
burchakli,355
klubini,355
ion,355
sotuvga,355
qurollari,354
irchoq,354
sintetik,354
qoramol,354
davrdagi,354
gil,354
generali,354
qilganda,354
daily,354
az,354
tektonik,353
turkman,353
tariqasida,353
tahrir,353
intervyu,353
disk,353
jins,353
oilada,353
braun,353
etilmagan,353
filmdagi,353
lchamlari,353
spartak,353
rfazi,353
ulom,352
vafoti,352
elektrotexnika,352
aylantiradi,352
qayg,352
universitetda,352
yaratishda,352
taqdirda,352
minladi,352
dasturlarini,352
gm,352
finallari,352
filmfare,352
lord,352
oltoy,351
rida,351
qochish,351
barmoq,351
kech,351
aytilishicha,351
tanasining,351
erkinligi,351
amerikadagi,351
matni,351
lmasligi,351
chiqishlari,351
uzaytirdi,351
globus,351
montana,351
smart,351
sulolasining,350
chirchiq,350
ingarchilik,350
prigi,350
alabaga,350
kongressi,350
rsatishi,350
olinib,350
reyting,350
kvt,350
obrazi,350
tennischilar,350
buzilgan,350
oscar,350
tasnifi,350
kamayishi,350
onning,350
vol,350
tashrifi,350
xaritasi,350
ochkoni,350
etiladigan,349
tuzatish,349
hisoblanib,349
ligasidagi,349
etilganidan,349
qaytarish,349
faoliyatiga,349
nashriyot,349
patologik,349
buxoroda,349
mustafo,349
xulosaga,349
panjara,349
olimpia,349
ligasiga,349
english,349
muassasasi,348
rekonstruksiya,348
ensiklopediya,348
uyga,348
boshpana,348
cbs,348
birlashtirgan,348
bora,348
buyruq,348
turuvchi,348
shtatlarida,348
mls,348
shakldagi,347
ibtidoiy,347
gazetasining,347
ettiruvchi,347
botanika,347
xillari,347
qamrovli,347
rahbariyati,347
neftchi,347
tillarini,347
moliyalashtirish,347
ehtimoli,347
junior,347
atashadi,347
stantsiyasi,347
chelsi,347
kindi,346
chambarchas,346
baliqlar,346
lmadi,346
gordon,346
sardor,346
tuguni,346
qavat,346
ukrainalik,346
olishlari,346
sarguzasht,346
max,346
loiret,346
yuritiladi,345
ozi,345
barham,345
nikel,345
ashula,345
uylari,345
notijorat,345
kemalar,345
karta,345
oradan,345
maktabga,345
parijdagi,345
portugal,345
kembrij,345
zid,345
shiqchisi,345
miyaning,345
corporation,345
talaffuz,344
olmaota,344
yopildi,344
ngilochar,344
raisining,344
xususiyatlarga,344
erisha,344
grant,344
kuzatuv,344
oyoqlari,344
grammy,344
shveytsariya,344
koreyada,344
dramasida,344
filmni,344
konkakaf,344
rigan,344
aloqador,343
gullab,343
mexanika,343
yoq,343
qirq,343
golden,343
qismga,343
oshgan,343
jarayonlarni,343
ndalang,343
zallik,343
qabilasi,343
houston,343
und,343
rsatkichlari,343
ekspeditsiyasi,342
tasvirlari,342
tkazishga,342
fizikasi,342
menga,342
artist,342
berilishi,342
atvor,342
shiqni,342
lqinlar,342
mehmed,342
tarixchilar,342
pasporti,342
raqamlar,342
xalqning,341
riga,341
muvaqqat,341
yakunida,341
tashkilotiga,341
amakisi,341
hindistonga,341
golf,341
otliq,341
sitsiliya,341
emmy,341
ardèche,341
hukmdorlari,340
ringan,340
kitobiga,340
operatsiyalari,340
fakultetida,340
turardi,340
holatlarda,340
haqda,340
rollar,340
ilovalar,340
avtomobili,340
series,340
jonson,340
bemorlarda,340
shular,339
oh,339
ivanovich,339
plamlari,339
xor,339
rganishda,339
element,339
nurlari,339
hududning,339
liverpool,339
yetarlicha,339
sayyohlar,339
kurd,339
aqliy,339
zgarishlarga,338
sharqshunoslik,338
shanxay,338
musobaqalar,338
chiqishni,338
missiya,338
fani,338
ukrainada,338
davolashda,338
qovurilgan,338
challenge,338
jack,338
vyetnam,338
muassasa,337
zonasi,337
borasida,337
lishadi,337
kengashiga,337
first,337
vazifalarni,337
sinab,337
lanadi,337
yalgan,337
efir,337
lvov,337
asab,336
avtobus,336
vazifalari,336
minoti,336
front,336
jaliklari,336
tizmasining,336
ochi,336
tushishi,336
tarixda,336
xususiyatlariga,336
sehrli,336
holatga,336
ishlashni,336
natriy,336
qutisi,336
pp,336
connecticut,336
landes,336
rtalaridan,335
orasidan,335
abdullayev,335
limning,335
kabel,335
moviy,335
hukumatning,335
suvni,335
jamoatiga,335
taraqqiy,334
oqadi,334
volga,334
garri,334
taklifi,334
alifbosi,334
maqsadga,334
nazariya,334
fashistlar,334
guliston,333
kecha,333
taqlid,333
haqiqatan,333
munosabatlarini,333
orollar,333
qismlarini,333
foydalanadigan,333
apollon,333
ishlatildi,333
basketboli,333
karerasini,333
erik,333
chalari,332
zr,332
zgartirishlar,332
sanoatining,332
xarid,332
chekkasida,332
rnatiladi,332
yakunda,332
minerallar,332
tepalik,332
soatlik,332
trophy,332
mac,332
slovakiya,332
ohio,332
mustaqilligi,331
sim,331
sharoit,331
karib,331
hamkori,331
marie,331
takomillashtirish,331
yuzi,331
operatsiyalar,331
ayolga,331
haqi,331
mississippi,331
mer,331
uchi,331
klublardagi,331
garonne,331
kitobini,330
deputatlari,330
graf,330
fridrix,330
lganligini,330
muhitda,330
taga,330
muncha,330
kuchlarini,330
hisobidan,330
moldova,330
mars,330
imperiya,330
xokkeychilar,330
philadelphia,330
hokazo,329
sino,329
sigir,329
imkoniyatni,329
samolyotlar,329
moyil,329
hayvonlari,329
davomiyligi,329
muxlislar,329
seriali,329
mtv,329
pedagogik,329
shaxmatchi,329
yuklab,329
mayami,329
trans,329
istisno,329
tugatilgan,328
shinlarining,328
tarixga,328
mualliflar,328
oqimida,328
ibot,328
xushbo,328
qabristoniga,328
baho,328
ekish,328
qashshoqlik,328
yaxlit,328
trek,328
sharif,328
harflar,328
wisconsin,328
xuroson,327
demak,327
urushlar,327
mirza,327
evakuatsiya,327
orqasida,327
frankfurt,327
komissiya,327
rimda,327
maqsadlarda,327
yutib,327
ildirakli,327
qaytishi,327
shousida,327
urganch,326
xabardor,326
yerlari,326
turlarini,326
boshqaruvchi,326
markazining,326
himoyalangan,326
qaytadi,326
gollandiyalik,326
kechak,326
etishgan,326
gap,326
dotsent,326
orlando,326
kidlagan,325
ldirildi,325
studiyasi,325
qorako,325
xan,325
davrga,325
end,325
oltingugurt,325
llagan,325
sifatini,325
nisbiy,325
re,325
kamayadi,325
islohoti,325
juftligi,325
qilmagan,325
jadvalda,325
geometrik,324
sultoni,324
markazidagi,324
slavyan,324
zgarishlarni,324
sanoatda,324
taqaladi,324
davra,324
burg,324
chegaralangan,324
ji,324
sotildi,324
tabiatda,324
gastrol,324
lchamdagi,324
ifodalash,324
turlarga,324
tadqiqotchi,324
valensiya,324
talablari,323
aziz,323
uran,323
tmishda,323
linmalari,323
almashtirdi,323
alabasini,323
taxtdan,323
televidenie,323
mushuk,323
capital,323
benz,323
roq,322
nukus,322
belgilandi,322
larini,322
ruda,322
sholi,322
bel,322
dorchilik,322
imkoniyat,322
yopilgan,322
moskvaning,322
odamni,322
psixiatriya,322
raqsga,322
ca,322
jackson,322
atletiko,322
night,322
fikrlar,321
morchiligi,321
xotirasi,321
boshqalari,321
ommabop,321
yanvardan,321
bosqichidan,321
saylovlarda,321
tarjimon,321
saylovlarida,321
wayback,321
maktabning,321
londonning,321
rqinchli,321
bt,321
mustahkamlangan,320
soveti,320
boqiladi,320
adabiyotining,320
shaklga,320
tarish,320
daraxti,320
taylor,320
tar,320
chizilgan,320
etishdan,320
diplom,320
mukofotlangan,320
tulki,319
romanlari,319
tasvirlagan,319
lyozma,319
kinofestivalida,319
amaliyoti,319
moslashtirilgan,319
rivojlanishini,319
tomonidagi,319
maydoniga,319
bularning,319
kishining,319
mori,319
barbara,319
xokkeychi,319
asarning,318
lni,318
rsatiladi,318
chetga,318
masalalarni,318
paytlarda,318
om,318
lyuis,318
ing,318
iladi,318
sayyoralar,318
ekanligiga,318
oficial,318
mercedes,318
kamaytiradi,318
navarra,318
yuventus,318
muvozanat,318
bahorida,317
ninchi,317
miqyosida,317
qizilqum,317
viloyatning,317
dollarini,317
shahrisabz,317
oyiga,317
smir,317
qaragan,317
avvaliga,317
aleksandra,317
fazoviy,317
siriga,317
sharoitlarda,317
toni,317
chempionatidagi,317
tananing,317
indeksi,317
terapiya,317
nihoyatda,316
vaqf,316
moy,316
davrada,316
baxtsiz,316
telekanali,316
versiyalari,316
hakam,316
italiyaga,316
tarilib,316
samarqandda,316
tovon,316
nashriyotida,316
rindig,316
yumaloq,316
hollywood,316
malik,315
murod,315
elchi,315
gektar,315
jamiyatda,315
ansambli,315
etdilar,315
yozuvlari,315
nazariyasini,315
diqqat,315
harris,315
solishtirganda,315
signal,315
soccer,315
guli,314
zlashuvchi,314
ispaniyada,314
hududlarni,314
chekdi,314
roma,314
apparat,314
nièvre,314
amin,313
sdi,313
yli,313
fuqaro,313
yurishi,313
hovli,313
mu,313
orkestr,313
kirishga,313
podshoh,313
java,313
uliston,313
muhtoj,313
kartochka,313
qanotlari,313
qilich,313
aziyat,313
yuritish,313
athletic,313
frensis,313
shtiriya,313
tishni,313
veterinariya,313
immun,313
usullaridan,312
laklari,312
istoriya,312
mahorat,312
chor,312
serb,312
qurishdi,312
xonadon,312
tasida,312
shafqatsiz,312
tolali,312
yoritish,312
chiqishda,312
etishini,312
mifologik,312
hindistondagi,312
ranglar,312
ab,312
quvib,312
machine,312
tutashgan,311
tepa,311
rik,311
yuzasida,311
muammolarini,311
oshirilishi,311
ishtirokchilari,311
tahlili,311
bolg,311
kelajak,311
qabr,311
player,311
mashhurlikka,311
sultonning,311
haydovchi,311
universitetning,311
samsung,311
orbital,311
germaniyalik,311
feniks,311
tumanlik,311
sortbottom,311
suzib,310
loyihalar,310
pasayib,310
idish,310
iloji,310
tuxumi,310
nomsiztepa,310
haydar,310
egizak,310
xudoning,310
axloq,310
soccerway,310
stligi,309
quyon,309
amiri,309
eshik,309
kemalari,309
olgani,309
demokratiya,309
yoxud,309
byudjet,309
foydalanishi,309
holatida,309
tuzilishini,309
oyalar,309
rinib,309
takroriy,309
bitiruvchisi,309
atga,309
nasl,309
panjob,309
dyuymli,309
jordan,309
taqvimlar,309
bozorida,308
kelishgan,308
onaning,308
kasalliklarni,308
kongo,308
kepler,308
tomonlari,308
natijalarini,308
koronavirus,308
bolqon,308
ketilgan,308
qidirish,308
engil,308
portlash,308
samuel,308
naxichevan,308
ustuni,308
manbalarga,307
mebel,307
quvchilari,307
ajralmas,307
taxminiy,307
ulg,307
saylovlar,307
rivojiga,307
nasroniy,307
emasligi,307
berishda,307
tu,307
payadi,307
qalamiga,307
venetsiya,307
ltig,307
veneto,307
galaxy,307
hayotga,306
gold,306
ortig,306
qilinmagan,306
shaxslarga,306
yetakchilari,306
karrali,306
kalta,306
organizmning,306
xose,306
edward,306
franklin,306
boeing,306
daryoning,305
slam,305
mang,305
ruhi,305
qismdan,305
erkinlik,305
kursi,305
mamlakatga,305
alexander,305
india,305
ajdaho,305
ram,305
yaman,305
fiba,305
joe,305
naqd,305
parvarish,305
ketrin,305
yerlarni,304
lumotlarini,304
pushkin,304
rivojlanib,304
radiosi,304
alfred,304
anaga,304
sher,304
dolzarb,304
official,304
kuchayib,304
jadal,304
pokistonning,304
abbos,304
kaliy,304
royal,304
samolyoti,304
sulola,303
respublikada,303
ketishga,303
juma,303
filologiya,303
haykallari,303
tishdan,303
egri,303
mr,303
guruhda,303
almashish,303
irlandiyalik,303
himoyachilari,303
kanallar,302
asarda,302
burgut,302
doston,302
gan,302
hayvonlarda,302
ulangan,302
lmaganda,302
ilova,302
muhandisligi,302
kod,302
zlashadi,302
bahsli,302
monreal,302
jazoir,302
zarbasi,302
metropolitan,302
rinbosar,302
yuliy,302
dfb,302
vogue,302
muborak,301
mahsulotlarni,301
zonasida,301
tadbir,301
nurlar,301
century,301
motors,301
kriket,301
dumi,301
ahmadiya,301
ada,300
uchrashuvi,300
vrach,300
sobori,300
yaponiyadagi,300
partiyaning,300
dvigatellari,300
tarkibini,300
olinmagan,300
platformasi,300
janglarda,300
ustunlar,300
elita,300
margaret,300
tibbiyotda,300
markazlaridan,299
yozi,299
tugatildi,299
kurashi,299
balandlikdagi,299
resurslari,299
tuproqlar,299
riqxonasi,299
qaytishga,299
laura,299
mayer,299
fuqaroligini,299
online,299
muxlislari,299
xususiyatiga,299
shtatlarining,299
irsiy,299
kislotasi,299
fuqaroligi,299
beach,299
vermont,299
vulqon,299
uslubiy,299
andrew,299
diskvalifikatsiya,299
tillarda,298
tong,298
rustam,298
aytish,298
maydonining,298
yetuk,298
makedoniya,298
janglar,298
tanlagan,298
rangdagi,298
shiori,298
kuz,298
halokatli,298
boshchilik,298
limfa,298
vazifalarini,298
mobile,298
oshxona,298
litrli,298
qulashi,298
geologiya,298
story,298
kuchaytirish,297
sement,297
qonda,297
loyihalari,297
vilgelm,297
qilgandan,297
yevropaga,297
daqiqadan,297
misollar,297
tank,297
avstraliyaga,297
arxivlangan,297
campania,297
kombinati,296
bargli,296
armanlar,296
blok,296
organlar,296
ge,296
mamlakatlarning,296
asrab,296
nusxada,296
tay,296
yiniga,296
ispaniyaga,296
kompaniyasida,296
crystal,296
tasdiqlovchi,296
meksikaning,296
manuel,296
mana,295
aylantirilgan,295
ahamiyatini,295
rsfsr,295
sportchisi,295
oya,295
kirishni,295
south,295
ayritabiiy,295
orolning,295
etarli,295
qurilmalari,295
talon,295
turnirlarida,295
mug,294
chekka,294
kobul,294
dehli,294
tashkilotning,294
tadbirkorlik,294
egallashga,294
radikal,294
siyosatchilar,294
amerikasi,294
gibrid,294
kollejdagi,294
qadimda,293
tarixchisi,293
respublikaning,293
shi,293
xitoycha,293
chuchuk,293
oriladigan,293
yigit,293
qilinganda,293
nashrlari,293
linib,293
qarz,293
reaksiyasi,293
kesish,293
metal,293
archived,293
turida,293
mintaqadagi,293
archive,293
rafael,293
budasi,293
polshalik,293
rangers,293
qudratli,292
havzasining,292
urushining,292
moyi,292
rtalariga,292
karbonat,292
kelganida,292
mansur,292
tunda,292
mukofotining,292
afrikadagi,292
maydondan,292
rgandi,292
farqlar,292
viloyatlarida,292
sloveniya,292
tovuq,292
maqom,292
korpus,292
sotiladi,292
qurishni,292
izlar,291
kurashgan,291
jaligining,291
qaratdi,291
khan,291
ke,291
yaratilishi,291
tasdiqlash,291
otlar,291
nalishini,291
jinsi,291
etti,291
show,291
urinish,291
rinishga,291
trik,291
patent,291
walt,291
qishloqning,291
chalar,290
loyiq,290
kuzda,290
raydi,290
borishga,290
tizimidagi,290
kechadi,290
nazardan,290
fisher,290
fin,290
tayyorlanadigan,290
agenti,290
onali,290
eslatma,290
amirligi,289
tutib,289
federatsiya,289
rgazmasi,289
chorva,289
qarashlari,289
netflix,289
olishgan,289
qandaydir,289
differensial,289
jek,289
shinlarini,289
warner,289
mehmonda,289
terisi,289
barcelona,289
peterburgda,288
chegarasida,288
xalqlarining,288
toifasidagi,288
sohilidagi,288
sotsial,288
qizlari,288
boyligi,288
geografiyasiga,288
turlaridan,288
shinlar,288
ochgan,288
endryu,288
gamma,288
server,288
olganlar,288
linux,288
jurnalisti,288
potter,288
malayalam,288
yusupov,287
madaniyatining,287
sohalari,287
etgach,287
uyali,287
tishlari,287
musbat,287
osongina,287
hayotda,287
moddasi,287
salom,287
buloq,287
qahva,287
superligasining,287
kesilgan,287
majmua,287
joylashadi,287
kulolchilik,286
asrgacha,286
tepasiga,286
mamlakatlarga,286
savdogar,286
majlis,286
dorivor,286
uzoqda,286
zlashtirish,286
dizayneri,286
buxoriy,286
funksional,286
lishlari,286
anne,286
olishadi,286
harf,286
biriktirilgan,286
mk,286
xonasi,286
urushga,286
aston,286
filadelfiya,286
copa,286
elizabet,286
orange,286
dissertatsiyasini,286
investitsiyalar,285
konferensiyasi,285
elektronika,285
saylanadi,285
ovlanadi,285
chaqiriq,285
foydalaniladigan,285
qasos,285
nebraska,285
ulash,285
riladi,285
harakatga,285
braziliyada,285
tortiladi,285
shaxslarning,285
institutda,285
jamoasidan,285
rov,285
ilhomlangan,285
urushlari,285
ruhoniy,285
oleg,285
atashgan,284
birmuncha,284
kuchaydi,284
ldilar,284
vaziyatni,284
riyat,284
estrada,284
turga,284
stanay,284
aralashmasi,284
dunyoni,284
ullanadigan,284
yuzasiga,284
siq,284
sulh,284
uzatmalar,284
etganida,284
pastroq,284
fakultet,284
we,284
finistère,284
fabrikasi,283
isloh,283
idoralari,283
norin,283
tkazilishi,283
olishini,283
uimbldon,283
oyna,283
dnk,283
muammosi,283
studios,283
chiqiladi,283
bakteriyalar,283
natijalarga,283
chirib,283
elda,283
ochkolar,283
days,283
mishel,283
forest,283
janubga,282
llarining,282
kamol,282
shimchalar,282
buzish,282
nazoratni,282
vaqtni,282
mantiqiy,282
imkoniyatlar,282
bizga,282
line,282
juan,282
marshall,282
depressiya,282
ofis,282
ash,281
sofiya,281
qurbon,281
rivojlanishida,281
bosqichlarida,281
soya,281
iyuldan,281
imkoniyatlari,281
paris,281
tugatish,281
foydalanadilar,281
lchamli,281
opasi,281
network,281
miniatyura,281
jangari,281
yozishni,281
donetsk,281
odamlari,281
nagano,281
vienne,281
inqiroz,280
tardi,280
manbalarida,280
maydonlari,280
mdh,280
gumbazli,280
kengayishi,280
resurslar,280
borildi,280
mutlaqo,280
yinlaridagi,280
albion,280
masofani,280
harakatlanuvchi,280
lazer,280
cincinnati,280
cantal,280
bolsheviklar,279
uslubda,279
tennischisi,279
maktablarida,279
vahdat,279
manfaatlarini,279
burilish,279
imtiyozli,279
papa,279
orasiga,279
power,279
davo,279
jons,279
nelson,279
yarmini,279
yulduzlari,278
savol,278
tutash,278
tizimidan,278
ohaktosh,278
shakllar,278
pir,278
qishloqlardan,278
qoidalarini,278
istanbulda,278
tarqalib,278
osiyolik,278
rishga,278
oddiygina,278
boshlanganidan,278
qazilma,278
yang,278
ayolning,278
triller,278
pishirilgan,278
girl,278
medallari,278
british,278
shaffof,278
tashxis,278
ishtirokchilar,278
corrèze,278
uncha,277
aniqlashga,277
egallash,277
nodavlat,277
sssrning,277
kirill,277
xtab,277
kerakligi,277
rejissori,277
central,277
muhitga,277
falsafasi,277
stiv,277
rgazmasida,277
spektakl,277
astronomik,277
achchiq,277
ustozi,277
magistratura,277
laqabini,277
shogirdi,277
alto,277
kasallangan,277
targan,276
shoshilinch,276
partiyalar,276
tarmoqlar,276
lanka,276
tasvirlab,276
ekranlarga,276
festival,276
rejasini,276
ref,276
rejissyorlik,276
minlaydigan,276
venesuela,276
ekvador,276
xizmatlarni,276
os,276
jazz,276
xulosa,276
karlos,276
morlik,275
rinishini,275
road,275
nalishida,275
yeri,275
viloyatlar,275
qutb,275
komil,275
soy,275
onistonda,275
kurdlar,275
maqolalari,275
mitti,275
oqsillar,275
reaksiyalar,275
zaytun,275
klaster,275
energiyasini,275
toifasi,275
llanmani,275
rejalashtirgan,275
tarixan,274
lovchilar,274
onaga,274
yelena,274
mudofaasi,274
odat,274
dostoni,274
iqtidorli,274
qonunni,274
baham,274
avgustdan,274
xonalari,274
navi,274
hikoyalari,274
sharti,274
siyosatshunoslik,274
kafedra,274
universitetlari,274
yorkning,274
christian,274
channel,274
funksiya,274
radioeshittirish,273
sharqdagi,273
irina,273
kiritiladi,273
epik,273
kompaniyani,273
vera,273
safari,273
assambleyasi,273
qaytadan,273
sirlar,273
shotlandiyaning,273
usa,273
yoshidan,273
cambridge,273
tanga,272
zgardi,272
chegaralari,272
podsho,272
linma,272
hamid,272
karim,272
turin,272
fransiyadagi,272
lumotni,272
politsiyasi,272
tabiatni,272
roy,272
tasodifan,272
alati,272
myunxen,272
rindagi,272
lishdan,272
bargi,272
plus,272
hayotni,272
tarixdagi,272
santos,272
samaradorligi,272
ulotlar,272
ericsson,272
kv,271
ishtdan,271
olam,271
shaxsga,271
notekis,271
millati,271
folklor,271
gazetalar,271
yoziladi,271
rudalari,271
tizimning,271
iyulgacha,271
shtatlarga,271
segunda,271
bokschi,271
alex,271
qadim,270
tikuvchilik,270
fuqarolarning,270
rsatmoqda,270
baa,270
jurnallar,270
maksim,270
haydab,270
palma,270
qoplash,270
advokat,270
ixtisoslashtirilgan,270
tiborni,270
missuri,270
classic,270
yetishmasligi,270
tanaffus,270
qotillik,270
buxoroga,270
komandiri,270
evro,270
pomidor,270
debyutida,270
asbobi,270
kelganidan,270
isitish,270
lamborghini,270
kanallari,269
asrdagi,269
tohir,269
turon,269
devon,269
indian,269
kelin,269
izlari,269
limdan,269
misrda,269
oliver,269
sistema,269
tarqalish,269
deputat,269
zgarmas,269
sharhlar,269
kanadaga,269
tumanidan,269
soatdan,269
ustunda,269
parker,269
laridan,268
aloqalarini,268
rivojlana,268
knyaz,268
ehtiyoj,268
portret,268
erishilgan,268
ekologiya,268
raqobatbardosh,268
mario,268
tushish,268
chasida,268
turtki,268
yorkda,268
joylarga,268
jorjiya,268
kiyimlari,268
harakatning,268
eronda,268
sharoitlar,268
home,268
oilalar,268
bosqichidagi,268
somon,268
arena,268
zirhli,268
oliblar,268
belgiyaning,268
creuse,268
boshlari,267
boshlariga,267
pichoq,267
uchrab,267
millionga,267
seattle,267
qotgan,267
kelish,267
zgargan,267
olgandan,267
ochdan,267
usulini,267
jeneva,267
maqsadlarida,267
leon,267
tushuntirish,267
rojer,267
gazlar,267
tishli,267
brandenburg,267
start,267
provinsiya,267
reaktiv,267
kasalliklarning,267
siyosatchisi,267
mayk,267
ochkolik,267
hd,267
kot,266
jez,266
kanalida,266
chiqarishning,266
firmasi,266
fernando,266
uchuvchisi,266
tarbiyalangan,266
xafa,266
qotib,266
kosovo,266
kampaniya,266
oxford,266
sardiniya,266
parsons,266
qaram,265
jaliklarining,265
qoshida,265
qissa,265
sanab,265
mavzular,265
taqqoslash,265
qizilo,265
type,265
gen,265
nizom,265
xudolar,265
joyni,265
mahorati,265
raqqosa,265
rejalari,265
arxitektor,265
futbolida,265
play,265
gertsogi,265
quvvatlovchi,265
mvp,265
afsonasi,265
posyolkasi,265
dasturda,265
buda,264
toshkentga,264
bulardan,264
wimbledon,264
puli,264
mintaqaning,264
korpusi,264
neytral,264
ishlatgan,264
malaka,264
topshirish,264
chris,264
gotika,264
haftaning,264
tizzasidan,264
morbihan,264
gilam,263
boruvchi,263
kidlab,263
maktabgacha,263
qilishiga,263
muammolarga,263
kato,263
germaniyadagi,263
wells,263
maosh,263
adabiyotda,263
harfi,263
masalalarini,263
elektronlar,263
ibm,263
oqlari,263
payish,263
banklar,263
chiqgan,263
pradesh,263
cnn,263
andrea,263
marth,263
jaloliddin,262
jihozlari,262
jome,262
konchilik,262
moskvaga,262
ishqiy,262
arpa,262
nogironlar,262
yasash,262
tilning,262
haydash,262
kub,262
telekommunikatsiya,262
istiqbolli,262
tortilgan,262
books,262
stlog,262
iqtibos,262
sotiladigan,262
jazosiga,262
turini,262
yelizaveta,262
qipchoq,261
joydan,261
tumanlar,261
mevali,261
qurishga,261
bilvosita,261
respublikasidagi,261
portlovchi,261
telegraf,261
uzunlikdagi,261
ngil,261
poyasi,261
virus,261
nomzodlik,261
arabiston,261
realiti,261
sinfi,261
yetkazish,261
chan,261
limon,261
reaksiyaga,261
birorta,261
oskar,261
rika,261
nyukasl,261
tumanlaridan,261
atda,260
suvlar,260
kuy,260
minsk,260
mavqeini,260
tizimlarini,260
teylor,260
yoritilgan,260
noqulay,260
edition,260
xtatilgan,260
prodyuseri,260
yuvish,260
zilar,260
raundida,260
tayvan,260
variant,260
regbi,260
erining,260
nasr,259
kengaytirildi,259
afsona,259
qochishga,259
yunoniston,259
esdalik,259
ynashi,259
maqtovga,259
science,259
avv,259
jismlar,259
shogirdlari,259
olishdan,259
nominatsiyalar,259
gruzin,259
urishga,259
tugashi,259
hukumatiga,259
mondon,259
odamga,259
yamayka,259
buta,259
wilson,259
mavsumga,259
natalya,258
olganidan,258
qay,258
viloyatiga,258
faolligi,258
ensiklopediyasi,258
dengizga,258
soniga,258
ldiradi,258
efiopiya,258
balx,258
albomlar,258
chiqaruvchilar,258
maria,258
arthur,258
genrix,258
association,258
tajribalar,258
paragvay,258
inshoot,257
spb,257
manfiy,257
soch,257
ilonlar,257
agrar,257
zona,257
ehtiyot,257
yotgan,257
limited,257
niyatida,257
australian,257
xarajatlari,257
kuchliroq,257
bahslar,257
tezligini,257
yura,257
harakatlanish,257
steve,257
sharsimon,257
doirasi,256
gorkiy,256
dizel,256
ruh,256
alari,256
olimpiadada,256
tatbiq,256
ldirdi,256
kings,256
kirishadi,256
ferdinand,256
nalishlar,256
mashqlar,256
markazda,256
frederik,256
afrikalik,256
your,256
singx,256
kechirgan,255
tiklanish,255
tugagach,255
gulli,255
xato,255
yevgeniy,255
hududdagi,255
ketishiga,255
shirkat,255
bermadi,255
koinot,255
provinsiyasining,255
boshqalarda,255
ekanini,255
quyidagilardan,255
variantlari,255
fonida,255
fuqarolariga,255
office,255
shikastlanishi,255
hujjatlarni,255
spirit,255
lyon,255
shikastlangan,255
futbolining,255
lka,254
yillikning,254
dengizining,254
rsatishga,254
gazlama,254
birikmalari,254
oyib,254
xavfsizligini,254
tamoyillari,254
manzarali,254
tiklashga,254
rganishni,254
butunittifoq,254
main,254
bajaruvchi,254
munitsipal,254
chiqqandan,254
mushak,254
ha,254
chen,254
marokash,254
space,254
bundesliganing,254
maydonlar,253
qatnaydi,253
urushidagi,253
insoniy,253
maydonning,253
shvetsiyada,253
musobaqaning,253
mukofotni,253
aytganda,253
ynaydigan,253
lmas,253
rejalarini,253
qatnashchisi,253
dvigatellar,253
funksiyalar,253
qfy,253
jefferson,253
pasportlar,253
vodiy,252
tubdan,252
ahamiyatiga,252
vaqtlarda,252
kunlar,252
irlarida,252
chempionatlari,252
mutaxassislari,252
mp,252
avstriyalik,252
jamoadoshlari,252
maydalangan,252
beva,252
etilgandan,252
davrlarning,252
hamkasblari,252
afsonaga,252
merilend,252
qochqinlar,252
ummon,252
yahudiylarning,252
sem,252
qisqartirilgan,252
xonalar,252
kabisa,252
safdan,252
nomining,251
etilib,251
aksini,251
jaligini,251
pishirish,251
akbar,251
osilgan,251
yilligiga,251
tkazishni,251
qaraladi,251
rey,251
shiddatli,251
tushuniladi,251
bolani,251
ibodatxonalar,251
olganini,251
ochiladi,251
idir,251
roberts,251
yalang,251
filmga,251
oiv,251
people,251
reynjers,251
nishon,250
tayinlanadi,250
badavlat,250
shimoldan,250
sanitariya,250
charm,250
tola,250
qolganlari,250
shakllandi,250
ekvatorial,250
tadbirlarni,250
yinlaridan,250
rgatish,250
oldinda,250
atoy,250
takliflar,250
quvayt,250
ratifikatsiya,250
oyidagi,250
taktik,250
pedagog,250
kunlarida,250
kpss,250
diyona,250
qilsa,250
odatdagi,250
ud,250
detroit,250
silindrli,250
lion,250
kanzas,250
qovurg,250
mutaxassisi,250
vezirköprü,250
tbilisi,250
bei,250
talablariga,249
samara,249
yunonlar,249
anton,249
asarlaridan,249
timsoli,249
turlarining,249
foundation,249
betlar,249
vositasida,249
teatrining,249
aholisini,249
balandlik,249
yakshanba,249
oav,249
yoqib,249
vestfaliya,249
avtosalonida,249
yarimo,249
yetishmovchiligi,249
fotosuratlar,249
fikrlash,249
hamilton,249
japan,249
autizm,249
ifodasini,248
shimol,248
nosir,248
tashuvchi,248
atini,248
list,248
senat,248
au,248
rifladi,248
samaradorligini,248
balog,248
riflangan,248
malay,248
siga,248
columbia,248
shia,248
avtomobilning,248
natijani,248
mavsumoldi,248
britaniyaga,248
immunitet,248
galatasaroy,248
daqiqalik,248
terapiyasi,248
bakalavriat,248
generalitat,248
yanvarning,247
orolda,247
dare,247
mohir,247
kuchlariga,247
amazon,247
boylik,247
fikrni,247
sterlingga,247
prisi,247
tarqaladi,247
tugatgach,247
sporting,247
markazini,247
oyasini,247
kristian,247
kitobning,246
birlashtiradi,246
diagnostika,246
davlatlarda,246
chernogoriya,246
fransuzcha,246
xususiyat,246
parchalanishi,246
nurota,246
kuchsiz,246
baholandi,246
ullana,246
jerry,246
fred,246
kasalliklarga,246
tijoriy,246
skott,246
urinishlar,246
tun,246
kutilgan,246
qulab,246
hududlarga,246
klip,246
raqamlari,246
ziravorlar,246
wsl,246
business,246
tranzit,246
respublikachilar,246
hokimiyatga,246
bomba,246
rollarini,246
metrni,246
palatasining,246
fm,246
kalit,246
espn,246
tirol,246
pishiq,245
vatanparvarlik,245
kimyosi,245
rudasi,245
kattasi,245
janr,245
biznesini,245
dag,245
rnatilishi,245
hanna,245
qaramasdan,245
ziyorat,245
tanishgan,245
irlab,245
ishiga,245
huquqlar,245
choralar,245
familiyasi,245
qanoti,245
tasdiqlaydi,245
dream,245
boburiylar,245
harvard,245
sunniy,245
lgunga,245
singh,245
tajribali,245
ayblanib,245
robinson,245
tanish,245
chegarasidan,245
rindiqlar,245
mishlar,245
denver,245
yangiladi,245
yamagata,245
sudya,245
malakasini,244
ullanuvchi,244
rgazmalar,244
usi,244
sulfat,244
prezidentning,244
zlarni,244
umumjahon,244
song,244
ahli,244
yilligini,244
sistemasining,244
kelishini,244
dalil,244
imkoni,244
ynaganidan,244
ajralish,244
venger,244
toroj,244
zma,244
challenger,244
entoni,244
birlashdi,243
inqirozi,243
denis,243
qumli,243
hodisasi,243
svetlana,243
harakatiga,243
rsata,243
zgartirib,243
about,243
qondirish,243
tortgan,243
gollandiyaning,243
tennessi,243
zgarishiga,243
system,243
loyihani,243
bobil,243
fantastika,243
odessa,243
ipoteka,243
chempionligi,243
fir,243
konfederatsiyasi,242
taxtiga,242
madaniyatini,242
kechirdi,242
irlari,242
apreldan,242
jur,242
ikkiga,242
shoirning,242
tojiklar,242
faoliyatidan,242
kompartiyasi,242
musulmonlari,242
qurilmasi,242
jasorati,242
tgandan,242
shotlandiyalik,242
seriyada,242
zot,241
bakr,241
solih,241
olmoniya,241
masjidlar,241
iqlimga,241
simliklarni,241
molik,241
infeksiya,241
kiev,241
qilingandan,241
kollejda,241
html,241
bernard,241
rif,241
tomonlar,241
maqsadlar,241
sinfiga,241
jarayonlarini,241
lumki,241
ortishi,241
qilganida,241
narsaga,241
qatnasha,241
nf,241
linkoln,241
shadi,241
war,241
francis,241
yy,241
lazio,241
uzviy,240
chingizxon,240
lavozimda,240
voqealarni,240
georgiy,240
ges,240
ve,240
digital,240
erishadi,240
guruhlarga,240
asarni,240
dramaturg,240
urushning,240
qilar,240
nafarni,240
jozibali,240
qismli,240
rangsiz,240
muddatini,240
oilasidan,240
slovar,240
golland,240
formulasi,240
background,240
spektaklida,240
juftliklari,240
patrick,240
nishonga,239
bahodir,239
traktor,239
stona,239
limlar,239
chiqdilar,239
mijozlarga,239
kela,239
sevib,239
fronti,239
obrazini,239
fitna,239
qolmagan,239
ray,239
rva,239
aviakompaniya,239
hujumlar,239
albomlari,239
stadionda,239
imzolaganini,239
romeo,239
eridan,239
ohangaron,238
yonidagi,238
nosida,238
relyefi,238
platina,238
koalitsiya,238
qazish,238
jihozlar,238
lashga,238
saqlaydi,238
avvalo,238
maqsadlari,238
adolatli,238
yubiley,238
unitedga,238
topishga,238
etmagan,238
aybdor,238
yashadi,238
soluvchi,238
rsatmalar,238
ai,238
orolining,238
suvdan,238
brayan,238
ideal,238
futbolchilarning,238
ildirak,238
turniriga,238
goldman,238
tarixining,237
davlatiga,237
hokimiyatini,237
salomatligi,237
boshliq,237
orenburg,237
simob,237
joylashdi,237
keltiriladi,237
kasbi,237
sezgir,237
goldwyn,237
shifokori,237
sirga,237
diana,237
materik,237
kris,237
ong,237
urdu,237
ey,237
mchj,237
istonlik,237
twitter,237
jamoadan,237
guardian,237
tashxisi,237
château,237
taxt,236
joyidan,236
movarounnahr,236
shulardan,236
kelgach,236
hamkorligi,236
kemasozlik,236
anvar,236
das,236
bio,236
rizo,236
qisqichbaqa,236
bibliografiya,236
asosda,236
iltimosiga,236
myanma,236
muvofiqlashtirish,236
yaqindan,236
akademiyasini,236
sevgilisi,236
tartibsiz,236
quyuq,236
cheklash,236
polyak,236
hajmdagi,236
dzyudo,236
shilishdan,236
karam,236
yozuvchilari,236
misrning,236
mehnati,236
lady,236
talabalarga,236
jeff,236
taqdirlash,236
suzuvchi,236
monte,236
tusha,236
yuan,236
adolf,236
nm,236
buyuruvchilar,236
yuta,236
jennifer,236
buenos,236
umurtqa,236
buxgalteriya,236
zamin,235
jihatlari,235
mintaqalarida,235
uzoqroq,235
ijodiga,235
tuziladi,235
yevroga,235
morfologik,235
qatlamlari,235
birliklar,235
zbekistonga,235
rinishda,235
zolariga,235
qiyinchiliklar,235
siqlar,235
stefan,235
kutilmagan,235
tortishish,235
chaqirib,235
modern,235
guruhni,235
asal,235
baxtli,235
almashtirilgan,235
hip,235
diskografiyasi,235
yurakning,235
rivoj,234
iskandar,234
ettirib,234
tobe,234
eksporti,234
aholisiga,234
firma,234
parchalanib,234
fosh,234
qahramonlik,234
suveren,234
aylantirgan,234
kuzgi,234
noyabrdan,234
qiyosiy,234
ismlari,234
boshli,234
nikolas,234
xorijda,234
bokuda,234
koreyaga,234
hirot,234
nishonlanadi,234
zgartirishga,234
kitoblarni,234
yashaydilar,234
tugagandan,234
kib,234
institutiga,234
talas,234
rquv,234
roberto,234
qishloqdir,234
idaho,234
mun,233
foto,233
sirk,233
xalqlarning,233
ochsozlik,233
nav,233
kompaniyaga,233
suhbat,233
comics,233
bezi,233
stipendiya,233
xtash,233
aleksandrovich,233
aniqlashda,233
xitoydagi,233
quyidagilarni,233
yinining,233
ldiriladi,233
kitobining,233
paydi,233
hessen,233
muhojirlar,233
mantiq,233
prezidentlikka,233
anjelesda,233
marhum,233
ken,233
kunduzgi,233
ola,232
atamalar,232
topa,232
shahardan,232
samolyotlari,232
afsonalar,232
madaniyatiga,232
boshqalardan,232
asirga,232
asrlardagi,232
kutubxonalar,232
munosabatlarning,232
oshirishda,232
kishilarning,232
yaqinroq,232
maqsadda,232
vositalaridan,232
avtomat,232
pedro,232
hajmini,232
pablo,232
uchuvchilar,232
musobaqasining,232
pan,232
kamerun,232
shousi,232
effekti,232
beysbol,232
divizionda,232
trump,232
jekson,232
statsionar,232
luiza,232
hofiz,231
muzeylari,231
jarayonda,231
jaligiga,231
yaqini,231
partiyasidan,231
girls,231
yuza,231
serialining,231
savdogarlar,231
seriyadagi,231
spin,231
boshqarib,231
tuzilishiga,231
omillari,231
elementar,231
hisoblashadi,231
sini,231
out,231
ijrochisi,231
sahifasida,231
jangchi,231
management,231
kofe,231
zaryad,231
emilia,231
kolleksiyasi,231
racing,231
gabriel,231
stone,231
ladies,231
bayern,231
will,231
yaylov,230
xarobalari,230
hududlarini,230
tayyorlagan,230
yasaladi,230
zenit,230
rassomlari,230
muhitning,230
prezidiumining,230
sirlangan,230
yaratishni,230
rivojlanishining,230
rivoyat,230
poydevor,230
imzolash,230
duglas,230
muhammadning,230
saqlashga,230
preparatlar,230
brighton,230
munosabatlarga,230
yinlarni,230
tanaffusdan,230
hukumatga,230
benjamin,230
yinidan,230
tunis,230
aleks,230
rektori,230
ajdodlari,229
farhod,229
sag,229
metallsozlik,229
qamish,229
foizdan,229
qolganda,229
book,229
lumotnoma,229
kitobda,229
turkiyalik,229
andre,229
zlarning,229
ortida,229
olishning,229
makka,229
pligi,229
teatrda,229
bezlari,229
iqtisodchi,229
qozonishdi,229
shiqning,229
cherkovining,229
loyihaning,229
meksikalik,229
pianino,229
born,229
qavs,229
sharoiti,228
gips,228
qiymat,228
admiral,228
joylarini,228
majburiyatini,228
mohiyati,228
analitik,228
materiallarni,228
nomzodini,228
anatoliy,228
apparati,228
finlandiyaning,228
soladi,228
ian,228
xavfini,228
prefekturasining,228
springs,228
valley,228
foizida,228
sizning,228
kengayib,227
davlatini,227
tuvchi,227
vazirlik,227
oqibatlari,227
bobo,227
etadilar,227
hayvonlardan,227
raund,227
ofitser,227
sam,227
shox,227
informatika,227
titan,227
qanotli,227
keluvchi,227
rganuvchi,227
bmtning,227
berishdan,227
tartibini,227
xizmatini,227
muomalaga,227
yaqinlashib,227
maqolada,227
uyushtirilgan,227
huquqshunos,227
hujumchilari,227
psixologiyasi,227
intel,227
verlag,227
kitoblarga,227
zudlik,227
laos,227
azob,227
irlash,227
eritmasi,227
dizayner,227
mollari,226
maydan,226
yaratdilar,226
televideniyesi,226
torli,226
angliyadagi,226
olimlarning,226
sal,226
ukrainadagi,226
darajalari,226
ragan,226
jinslarining,226
kalsiy,226
xotinning,226
mansabdor,226
chevrolet,226
romanlar,226
paytdan,226
ishlayotgan,226
mehnatga,226
qirolichasi,226
pdf,226
liqlik,226
gavayi,226
reper,226
sayte,226
andromeda,226
calabria,226
wyoming,226
kul,225
tashqarisida,225
tuzumi,225
llarda,225
ustalari,225
kidlash,225
artistlari,225
faktlar,225
oladilar,225
lin,225
bahrayn,225
yarog,225
liviya,225
himoyasi,225
qardosh,225
platforma,225
izoh,225
uyning,225
risola,225
record,225
egasining,225
russell,225
sars,225
bemorlarning,225
zdan,224
yillikda,224
etimologiyasi,224
bizgacha,224
yoniga,224
morlar,224
arma,224
minlashga,224
ilya,224
yod,224
juftlikda,224
tuzishga,224
chexoslovakiya,224
muammoni,224
sarguzashtlari,224
qarash,224
kompyuterlar,224
tilshunoslik,224
ehtiyojlarini,224
gigant,224
ozgina,224
qonli,224
budda,224
yangilik,224
ataydi,224
vizasiz,224
xarajatlar,224
dyuym,224
ahl,224
hop,224
gitler,224
xyuston,224
career,224
modellik,224
canes,224
oyalarini,223
industrial,223
dnepr,223
janri,223
farmon,223
istondagi,223
bittadan,223
moddaning,223
yevropalik,223
ayollarda,223
ldirgan,223
cheklovlar,223
yoshlari,223
kiyib,223
norvegiyaning,223
norman,223
restoran,223
maks,223
chartida,223
tumshug,223
dvd,223
ryan,223
diapazoni,223
pegas,223
venatici,223
devorlar,222
tillariga,222
rahimov,222
uchrashuvlar,222
orollarida,222
davlatni,222
oyat,222
orkestri,222
sec,222
qozonishga,222
rsatkichlar,222
zaryadlangan,222
zolarini,222
kuzatildi,222
periferik,222
pastda,222
maydonini,222
berilmagan,222
birlashish,222
lardi,222
ms,222
guruhidan,222
sabzavotlar,222
jane,222
oqimini,222
mijoz,222
dj,222
turning,222
cooper,222
quriladi,221
shartnomasiga,221
ataluvchi,221
paxtachilik,221
surdi,221
rashid,221
lkashunoslik,221
bazasida,221
wild,221
uilyams,221
tokioda,221
biografik,221
javobgar,221
muzlik,221
organizmda,221
funktsional,221
kengashida,221
xarakterli,221
qisqarishi,221
binoda,221
sayohati,221
that,221
kombinatsiyasi,221
research,221
amaliyotini,221
magida,221
seriyasini,221
qolishdi,221
payib,221
lids,221
umrbod,221
tuzilmalar,221
chikagodagi,221
urilgan,221
ajrashishdi,221
maorif,220
toshdan,220
morligi,220
leonid,220
sohil,220
stlar,220
forscha,220
qiruvchi,220
davrini,220
qoraxoniylar,220
urinib,220
joyini,220
kompozitsiya,220
xosdir,220
qoldig,220
bombardimon,220
diskografiya,220
taqvimida,220
fransuzlar,220
keniya,220
muallifning,220
janridagi,220
qqi,220
tasini,220
malta,220
hisobladi,220
turkiyadagi,220
komediyasida,220
evans,220
birlashib,219
asarlarining,219
chiqariladigan,219
hazil,219
kengaytirdi,219
dekabrdan,219
par,219
spirt,219
bekasi,219
balandlikka,219
liqligi,219
asia,219
tasniflash,219
praga,219
kelishuvi,219
qarorlar,219
masalalariga,219
taassurot,219
bermaydi,219
qqisiga,219
monarxiya,219
tenglik,219
maqolasida,219
joylarni,219
barang,219
olimpiadasi,219
kutubxonasida,219
aaron,219
foydalanuvchilarga,219
boshlovchi,219
ziyoratgohi,219
yuradi,219
canada,219
assist,219
kanadadagi,219
lopez,219
ravshan,218
shavkat,218
mulkiga,218
butalar,218
sariyog,218
qalam,218
marosimlar,218
seysmik,218
chuqurligi,218
saralangan,218
tizimga,218
grammatik,218
xalos,218
odami,218
undadi,218
ishda,218
europe,218
dubay,218
surati,218
portlend,218
texasning,218
gimnastikachi,218
pac,218
metropoliten,217
paleolit,217
kiritdilar,217
qayerda,217
kelishadi,217
tushunchalar,217
ortadi,217
nd,217
eskirgan,217
baholanadi,217
diniga,217
lpon,217
chuqurlikda,217
infraqizil,217
martabasi,217
rimliklar,217
rejissorlik,217
jadval,217
neytron,217
poygada,217
vektor,217
family,217
hna,216
ovchilik,216
topishi,216
musodara,216
taqdiri,216
manfaatdor,216
stol,216
polshada,216
rini,216
yoshligidan,216
chin,216
hisoblab,216
review,216
kremniy,216
nusxalari,216
qahramonning,216
kerala,216
etakchi,216
jasadi,216
toyota,216
suyuqlanish,216
anti,216
clark,216
mehmonlar,216
botken,216
kasalxonasida,216
takrorladi,216
berishicha,215
istorii,215
portal,215
paytlar,215
mamlakatdan,215
robin,215
oilalari,215
guruhdagi,215
yaralangan,215
iqtisodiyotning,215
turlariga,215
menejment,215
tiklanishi,215
uslubini,215
vatanga,215
kanton,215
birlashishi,215
surasi,215
rasmiylari,215
zalida,215
syujet,215
lumotga,215
kechqurun,215
shvetsiyaga,215
aerokosmik,215
raqsi,215
sous,215
carl,215
shaloq,215
shimolga,214
utc,214
novgorod,214
buyuradi,214
somoniylar,214
televizor,214
kelmaydi,214
standartlari,214
boshqaradigan,214
faylasuf,214
daniyalik,214
jinoyatlar,214
lavozimni,214
yandex,214
tatyana,214
kuchlanish,214
instagram,214
qisqartirish,214
portugaliyaning,214
parki,214
qirolning,214
baron,214
eduard,214
mb,214
heinrich,214
alberto,214
ishoniladi,214
portland,214
concacaf,214
mahallasi,213
qqa,213
maydonchasi,213
vositalariga,213
marosimlari,213
lavozimga,213
xususiyatlarni,213
yutug,213
varshava,213
epizod,213
kattaqo,213
genetika,213
huquqni,213
organlarining,213
mutaxassisligi,213
ketayotgan,213
kasalxonaga,213
azii,213
qabilasining,213
jasur,213
ak,213
zni,213
ymaslik,213
shaxsni,213
simsiz,213
chetda,213
burchagi,213
quritilgan,213
toki,213
izohlar,213
jurnalistik,213
kannada,213
sainte,213
nashrga,212
diplomatiya,212
federativ,212
qarindoshlari,212
morchilik,212
toshko,212
konferensiyasida,212
vazirlari,212
kapitali,212
ajraladi,212
karyerasini,212
ldirilishi,212
sadigan,212
jose,212
eva,212
melburn,212
konfederatsiyalar,212
kerr,212
taxminlarga,211
sulolasidan,211
kirita,211
siqib,211
rnatishga,211
sudralib,211
stiriladi,211
qalay,211
versiyasida,211
yinchiga,211
mukofotlarga,211
islomni,211
izchil,211
bosish,211
oqilona,211
qurollangan,211
yondashuv,211
montgomery,211
oqimining,211
manzil,211
xizmatga,211
financial,211
aybladi,211
natijaga,211
badmintonchi,211
berishgan,211
ilovasi,211
madaniyatda,211
nhldagi,211
qisqartirildi,211
hit,211
french,211
lchovli,211
jahonning,210
aga,210
yem,210
kommunal,210
dengizda,210
atning,210
age,210
ulanish,210
hukumatni,210
arnold,210
hadis,210
ustuvor,210
buddist,210
ispancha,210
vest,210
sizga,210
bros,210
magistr,210
kompleksi,210
stenli,210
pride,210
kasallikni,210
good,210
shubhasiz,209
devoriy,209
bitilgan,209
yuklangan,209
tagan,209
vali,209
istirohat,209
jamiyatlari,209
quyoshdan,209
sr,209
eman,209
idora,209
kelganda,209
chetdan,209
analarini,209
shoirlari,209
plamlar,209
rifat,209
bezaklar,209
mamlakatlardan,209
jamiyatdagi,209
javobgarlikka,209
chempionatidan,209
radiusi,209
country,209
point,209
minlanadi,209
ronald,209
fundamental,209
musiqachilar,209
shekspir,209
inqilobidan,209
chada,209
uchrashgan,209
sohasiga,209
gumon,209
yuritmoqda,209
fanga,209
pasportlari,209
shatildi,209
sharoitlari,209
vashingtondagi,209
western,209
masjidning,209
gilbert,209
mn,209
lchanadi,209
walker,209
tuzilma,208
qiyofasini,208
amsterdam,208
ligi,208
romanida,208
minoralar,208
vegetatsiya,208
sotgan,208
vafotigacha,208
deyilgan,208
muassasalarida,208
yaratuvchisi,208
information,208
hukumatini,208
vazifa,208
nominal,208
aniqlaydi,208
bayonot,208
hijriy,208
talablar,208
harakatlanadi,208
fotografiya,208
mehr,208
sharh,208
qozonganidan,208
qalampir,208
xudolari,208
provinsiyasida,208
onasiga,208
taqsimoti,208
kennedi,208
ep,208
valeriy,208
dsc,208
stephan,208
saljuqiylar,207
turkcha,207
tumanga,207
quruqlikdagi,207
tuprog,207
shakllarini,207
lev,207
llarida,207
gruziyaning,207
chempionlari,207
feodal,207
ped,207
berganlar,207
sinishi,207
bosqichma,207
tizimni,207
rganiladi,207
jarayonining,207
immigratsiya,207
shliq,207
sxemasi,207
parkda,207
ektlar,207
entsiklopediyasi,207
xususiyatga,207
kuylagan,207
yodgorlikni,207
pishiriladi,207
arxivi,207
delta,207
nomga,207
turnirdagi,207
xarkov,207
qilmadi,207
medalning,207
jonathan,207
ss,207
xlorid,207
masofaviy,207
penaltini,207
lumotlarning,206
shakllanishiga,206
qorasuv,206
maktabdan,206
chinni,206
iyundan,206
ishlanadi,206
rubl,206
asoslarini,206
choragida,206
tal,206
atlas,206
anjelesdagi,206
asini,206
jildli,206
rganadigan,206
deganda,206
rishi,206
siridan,206
temurning,206
rishni,206
yurt,206
qismlarga,206
mavzusida,206
tavalludining,206
lp,206
nayza,206
fodagi,206
narx,206
uzaytirildi,206
patrik,206
dasturlarni,206
poygasida,206
uzatiladi,206
martabali,206
vaqtlardagi,206
tishdi,206
yonbag,205
hazrati,205
qohira,205
rudolf,205
hakim,205
anastasiya,205
insonparvarlik,205
layotgan,205
ayoli,205
two,205
vasiylik,205
fanining,205
yuziga,205
can,205
elementi,205
tishini,205
major,205
bostirish,205
usb,205
ettirishga,205
ijarada,205
tilla,205
tushganidan,205
kumar,205
campeonato,205
migratsiya,205
chrysler,205
borishdi,205
dodli,204
guvoh,204
tavsiflangan,204
mulkni,204
yangilash,204
zaxiralari,204
rqib,204
sahnaga,204
italiyadagi,204
barbera,204
bittasi,204
quroli,204
te,204
tashlaydi,204
elementlarning,204
zlaridan,204
shar,204
relyef,204
ildizi,204
leeds,204
cs,204
iihf,204
marko,204
honda,204
chase,204
rolls,204
ocl,204
stansiyalari,203
plastmassa,203
barobar,203
gerb,203
rmonlari,203
onalari,203
dollariga,203
quruqlikda,203
baliqchilik,203
medallarni,203
virusli,203
yulduzning,203
who,203
oval,203
realistik,203
komissari,203
mavhum,203
internetga,203
qilmaslik,203
havoning,203
oksidlanish,203
magazine,203
sahnada,203
great,203
reabilitatsiya,203
amerikaga,203
videolar,203
harflari,203
tirdi,203
yotqizilgan,203
zoti,203
olmaliq,203
finalchi,203
konlarida,203
operatori,203
xamir,203
muqovasida,203
studio,203
arterial,203
davis,203
uchratib,202
aniqlik,202
kiyimlar,202
onlar,202
siyosatiga,202
viloyatda,202
tolalar,202
boshini,202
rgimchak,202
hills,202
qilinmoqda,202
xizmatchi,202
javobgarlik,202
pini,202
yevroni,202
rifi,202
xorijdagi,202
plazma,202
boshlanuvchi,202
pa,202
taqiqlash,202
displey,202
munich,202
kiyish,202
uchida,202
zodagonlar,202
begim,202
alabada,202
asir,202
assotsiatsiya,202
uyqu,202
banu,202
piyodalari,202
mifologiyasi,202
sbbc,202
ylak,201
yaxshilashga,201
seul,201
nijniy,201
ust,201
ulari,201
yadrosi,201
plamiga,201
chek,201
chma,201
versiyaga,201
fransiyalik,201
nominatsiyasi,201
taklifiga,201
fevraldan,201
shiqlarini,201
ritsar,201
qotadi,201
komponentlar,201
cisco,201
shartlari,201
this,201
sudan,201
sietl,201
askari,201
superseriyasi,201
are,201
yuborishga,201
riqchisi,201
ayvon,201
tasniflangan,201
kosmonavt,201
uya,201
prince,201
aa,201
binti,201
lightning,201
biometrik,201
sobre,201
municipios,201
ajralgan,200
aniqroq,200
afur,200
poliz,200
sma,200
bayer,200
prof,200
nobud,200
klark,200
kira,200
fosfor,200
zodan,200
liberty,200
taalluqli,200
mojaro,200
hbo,200
mehribon,200
eshigi,200
plar,200
hissi,200
amirliklari,200
nazariyasiga,200
joan,200
anthony,200
viskonsin,200
kasalliklarini,200
nikohi,200
injil,200
kechish,200
boys,200
emma,200
chempionatini,200
miami,200
edouard,200
lanib,199
talabi,199
shag,199
xizmatni,199
yengib,199
tekisligi,199
zak,199
yxat,199
urgut,199
baxt,199
nog,199
rash,199
yoqimli,199
bajarishga,199
muhimi,199
limoti,199
topiladi,199
fanni,199
izolyatsiya,199
linmasi,199
sotsiologiya,199
polk,199
tanlovda,199
salim,199
qiziqishi,199
litr,199
shtabi,199
dash,199
toskana,199
alomatlar,199
konlarini,199
dekabrdagi,199
porsche,199
eagle,199
ann,199
kristallar,199
foydalanuvchilari,199
farzandning,199
bachadon,199
rinishlari,198
qiyofasi,198
issiklik,198
neolit,198
solig,198
yozuvlarida,198
adadi,198
miqdor,198
muslim,198
qirolligining,198
hamjamiyat,198
kunning,198
qizning,198
spektakli,198
tel,198
hans,198
konida,198
bezaklari,198
energiyani,198
tushadigan,197
köppen,197
yunus,197
boyitish,197
nasriy,197
tipik,197
mulkini,197
operasi,197
berishadi,197
otryadi,197
otto,197
qaytarildi,197
ostona,197
kelgusi,197
aloqani,197
funksiyalari,197
istagini,197
umri,197
avtomobilsozlik,197
tomoshabin,197
ilishida,197
zgartiradi,197
millionlab,197
chess,197
litsenziya,197
onda,197
fakultetiga,197
chaqaloq,197
duke,197
acc,197
uchrashi,196
lbars,196
siyrak,196
mustamlakachilik,196
hokimiyatining,196
erishildi,196
ohak,196
beda,196
birliklari,196
etkazib,196
davrlar,196
hissasini,196
mak,196
biol,196
buxorodagi,196
qatlamli,196
imtiyozlar,196
karmana,196
ranglari,196
filmiga,196
etmadi,196
dafna,196
birma,196
joylashtiriladi,196
senator,196
klivlend,196
konnektikut,196
tajovuzkor,196
mashinada,196
qalqonsimon,196
miokard,196
parranda,195
endemik,195
assr,195
iyulniki,195
heart,195
enn,195
istonga,195
game,195
obama,195
qonuniga,195
ernest,195
chastotasi,195
qalqon,195
darslik,195
berlinda,195
istagi,195
mozori,195
ruzalar,195
farovonlik,195
foydalanganlar,195
sharhi,195
valter,195
pierre,195
protestant,195
tkazgich,195
norozi,195
pig,195
ernst,195
hyundai,195
like,195
granada,195
qaynash,195
stenford,195
madison,195
leonard,195
ahmadiy,195
gidra,195
tuya,194
sanoatning,194
tuzdilar,194
flotining,194
huzurida,194
sahnasida,194
gov,194
turnirlar,194
taklifni,194
qiya,194
fasl,194
navigatsiya,194
sohalar,194
orqada,194
yuzida,194
mail,194
piramida,194
miqdoriy,194
surxon,194
belgilarini,194
martdan,194
qoldirilgan,194
bull,194
federatsiyasida,194
yozuvchining,194
butan,194
palermo,194
bibi,194
kartalari,194
page,194
feministik,194
alaska,194
personaj,194
qaytganidan,194
taqvimi,194
otishma,194
playstation,194
rolda,194
lawrence,194
sbb,194
janub,193
havzasida,193
qasr,193
eshon,193
tatarlar,193
yekaterina,193
mazmun,193
barokko,193
shokolad,193
uchtasi,193
onistonga,193
qnashuvlar,193
last,193
olishiga,193
sozanda,193
bilimlar,193
asosli,193
izd,193
izlanishlar,193
ifodasi,193
ssrda,193
parvozi,193
ayniy,193
tashqaridagi,193
missisipi,193
tikilgan,193
turbo,193
natsistlar,193
komiteti,193
tikladi,193
bosqichli,193
yutqazgan,193
dekorativ,193
domen,193
yakkabog,193
plaza,193
mashhurligi,192
joylashishi,192
atlar,192
jamiyatida,192
tuzi,192
muhiti,192
intensiv,192
vikipediyaning,192
analar,192
quvchisi,192
magniy,192
fotima,192
xarita,192
tilni,192
assambleya,192
kuchlarni,192
ishida,192
miqyosdagi,192
dell,192
mukofotlarida,192
kuchlarning,192
bozorda,192
iqtisodiyotining,192
belgisini,192
rod,192
alban,192
kentukki,192
bosqichini,192
ettinchi,192
futboldagi,192
mcdonald,192
works,192
rhein,192
partiyalari,191
kauchuk,191
ymakorligi,191
asoschilari,191
fortepiano,191
ora,191
hamroh,191
atirgul,191
namoz,191
qilinishini,191
bozoriga,191
adrian,191
ektlari,191
zolaridan,191
kerakki,191
boshqarishga,191
fiziologiya,191
sodiqov,191
mkm,191
materiallardan,191
tuzilishga,191
potensial,191
bergani,191
sharhlovchisi,191
namunalar,191
peoples,191
kiritilmagan,191
modelini,191
hovuz,191
mike,191
project,191
talqini,191
chegarasini,191
minnatdorchilik,191
baholadi,191
bulls,191
charlotte,191
albomning,191
kelly,191
golidan,191
albomiga,191
pokal,191
lès,191
yaxshilangan,190
davlatlarining,190
kinematografiya,190
mamlakatlariga,190
shifobaxsh,190
xarajatlarni,190
vazifani,190
komik,190
muddatidan,190
games,190
grande,190
borishni,190
hajmining,190
limot,190
xodimlarining,190
chiqishdi,190
tishlar,190
christopher,190
nikohdan,190
ajratdi,190
merosini,190
zanjir,190
sirchan,190
qilmaydigan,190
marosimda,190
kelishilgan,190
alararo,190
savollar,190
uchratish,190
martalik,190
lubiyatdan,190
borganlikda,190
sharhlovchi,190
cherkovida,190
ayaks,190
airways,190
shakllarda,189
xam,189
bularga,189
rossiyadan,189
mavqei,189
islohot,189
faoliyatni,189
respublikasiga,189
kelishiga,189
kompaniyasidan,189
qiziq,189
aniqlagan,189
qoldiradi,189
elementlarini,189
hindu,189
funksiyasini,189
qurboni,189
munozaralar,189
bahorgi,189
okeanining,189
jeyn,189
podsholigi,189
quvvatlangan,189
chiqaruvchilari,189
kutilmoqda,189
hamkor,189
plandagi,189
island,189
klubidan,189
sab,189
turistik,189
libertadores,189
mukofotga,189
kampusi,189
derbi,189
romagna,189
basketbolchisi,189
juventus,189
muskul,189
ajax,189
gapiradi,188
rayhon,188
boshqardi,188
tani,188
oziqovqat,188
jahongir,188
bosilgan,188
yunesko,188
bozorga,188
konserva,188
qissasi,188
zomin,188
isi,188
mayin,188
tanildi,188
shtatlarning,188
venera,188
diviziyasi,188
ili,188
sahifa,188
ruza,188
mexanizm,188
jch,188
hid,188
ngilli,188
olomon,188
yiladigan,188
sherobod,188
namoyishi,188
bajarishda,188
nem,188
sosoniylar,188
saroyning,188
bitirgan,188
qasoskorlar,188
sant,188
qilinishiga,188
obyektiv,188
nik,188
sparta,188
magistrlik,188
bez,188
bryussel,188
futzal,188
tuxumsimon,187
imperiyasiga,187
val,187
tizmalari,187
topilmalar,187
madrasasida,187
dil,187
devoni,187
mijozlari,187
nancy,187
pozitsiyasi,187
ravon,187
strategiyasi,187
uchlari,187
sintezi,187
harakatlarning,187
tarbiyalash,187
birinchidan,187
davomidagi,187
kampaniyasida,187
systems,187
bb,187
qaynatilgan,187
daryosiga,187
quddus,187
podshosi,187
eksklyuziv,187
ravonlikka,187
yutuq,187
xohlagan,187
nova,187
kristina,187
berdix,187
knight,187
klein,187
uzaytirish,187
saroyiga,186
qismda,186
shayboniylar,186
shaharlaridan,186
inshooti,186
gavjum,186
polki,186
olonchilar,186
boltiq,186
qushlarning,186
salqin,186
xochi,186
lgandan,186
dinini,186
imtihon,186
radiatsiya,186
bastakorlar,186
rf,186
natijalarni,186
kasallikka,186
yoshlarni,186
bloki,186
more,186
ac,186
lavozimlarda,186
kampus,186
daniyaning,186
robot,186
dvigatelli,186
marjon,186
poydevori,186
maskani,186
panamerika,186
xaritalar,186
cameron,186
drakula,186
olya,186
tarbiyalanuvchisi,186
fargo,186
troq,185
yozuvida,185
savodxonlik,185
shinini,185
usmonov,185
talabalarni,185
naviyat,185
vulkan,185
kobalt,185
tarqoq,185
yerlarini,185
portlari,185
hajviy,185
molchilar,185
palatali,185
sirlari,185
nega,185
simlikning,185
yaltiroq,185
testi,185
pitsburg,185
kodeksi,185
ila,185
anatomiya,185
vakil,185
talablarini,185
uyushgan,185
tomirlari,185
llanila,185
arqon,185
okeaniya,185
hoz,185
archa,185
lyuksemburg,185
kollejini,185
yulduzlarning,185
ozchilik,185
xillarga,185
terminal,185
mavsumidan,185
fizigi,185
qonning,185
marsel,185
gullaydi,185
tenglama,185
abel,185
stress,185
stephen,185
angl,185
royce,185
mx,185
rsatuvida,185
kapoor,185
makon,184
jar,184
chimkent,184
krasnodar,184
tugagan,184
havzalari,184
shaxsi,184
rsatuvlar,184
xosligi,184
haftasiga,184
shtatlaridagi,184
tekshiruv,184
belgiyalik,184
quyilish,184
velosiped,184
skandinaviya,184
bolaligi,184
maqolasi,184
saratoni,184
marganets,184
abay,184
dasturni,184
simliklarda,184
namlik,184
parchalanish,184
nina,184
kitobni,184
moslashgan,184
muddatda,184
lester,184
yakunlash,184
braziliyaga,184
tayoq,184
kulgili,184
nay,184
rekordlar,184
nadi,184
hisoboti,184
qurishda,184
konsullik,184
pokistonda,184
styuart,184
qutqarish,184
soatiga,184
tanlilar,184
allergik,184
irot,183
kidlangan,183
tus,183
bering,183
yuzini,183
ijrochilar,183
ijodining,183
tashviqot,183
fonetik,183
soniyada,183
xizmatiga,183
medallarini,183
internetda,183
otdi,183
belorussiya,183
taomlari,183
hurmatga,183
yashashga,183
yashirincha,183
aj,183
boliviya,183
portreti,183
boqish,183
carlos,183
ft,183
tuproqning,183
qarshisida,183
edo,183
competition,183
chastotali,183
shov,183
ektiv,183
wps,183
cf,183
primera,183
paramount,183
fiat,183
kroger,183
hududlariga,182
sirti,182
mehmonxonasi,182
perm,182
liniyalari,182
hong,182
pekinda,182
ketishini,182
taxta,182
kent,182
sishiga,182
bradley,182
tillaridan,182
barqarorlik,182
tashvish,182
xarajatlarini,182
ochlik,182
alfavit,182
kirishiga,182
qonga,182
toshi,182
havaskorlar,182
qasamyod,182
yxatidan,182
maldiv,182
flash,182
reytingiga,182
superseriya,182
shaxslardan,182
nominatsiyasiga,182
rmonlarda,182
society,182
qiyinchilik,182
kamaygan,182
bemorlarga,182
leonardo,182
futbolchisiga,182
organizmga,182
butler,182
yaponcha,182
galicia,182
jumlasidandir,181
anglatuvchi,181
istilosi,181
lovlar,181
zig,181
umurtqali,181
peterburgdagi,181
daryosida,181
kubokni,181
zararlangan,181
etagida,181
kambodja,181
asida,181
mintaqasidagi,181
qimalarning,181
qilinishicha,181
proton,181
vataniga,181
stadionlari,181
kurt,181
ittifoqida,181
musobaqadan,181
mehmoni,181
rinishiga,181
gamburg,181
vegas,181
blog,181
dance,181
yonib,181
jak,181
wang,181
naslchilik,181
instituto,181
deportivo,181
yarmiga,180
xorazmiy,180
hayotidagi,180
madrasalarida,180
omborlari,180
joylashganligi,180
riyati,180
suratlar,180
vakillaridan,180
rsatishni,180
norvegiyalik,180
let,180
kiritilishi,180
phillips,180
yaratilish,180
bilimlarni,180
tanazzulga,180
dijon,180
faollik,180
lqinli,180
linmalar,180
irmoqlari,180
osma,180
analog,180
joshua,180
fortune,180
meyer,180
metrli,180
urushiga,180
superliga,180
penaltidan,180
bayburt,180
suti,180
bruklin,180
poygasi,180
tony,180
gustav,180
pau,180
xonali,179
istiqlol,179
kirov,179
volfram,179
pasayadi,179
nordon,179
hukmronligini,179
sektori,179
teatrlari,179
viloyatidan,179
botqoq,179
pax,179
qozona,179
izlash,179
shanba,179
ansambl,179
sayyid,179
boshqarilgan,179
hodisalarni,179
modellashtirish,179
muxolifat,179
xizmatchilar,179
etilishini,179
fikrini,179
ark,179
tuzib,179
klaviatura,179
hukmdorlar,179
lubiyati,179
victoria,179
kitobga,179
tebranish,179
mali,179
kurashdi,179
birmingem,179
vitamin,179
mix,179
teshik,179
akustik,179
queen,179
zhang,179
borussiya,179
hull,179
inlar,178
tashki,178
buyum,178
rahmonov,178
mur,178
dunay,178
mahsulotni,178
tashkilotchisi,178
uyushma,178
uyushmasining,178
qurdirgan,178
xrom,178
liqligini,178
kommunikatsiya,178
harakatlariga,178
kechib,178
mohiyatini,178
pfa,178
linda,178
set,178
atiga,178
uslubiga,178
fayl,178
bd,178
trust,178
sanoatiga,178
analariga,178
tajribasini,178
adige,178
jarayonni,178
quvur,178
chempionatning,178
konsulligi,178
ispaniyadagi,178
buffalo,178
llanmasi,178
prefekturasidagi,178
grey,178
yinchilaridan,178
mumbay,178
sinfda,178
draftida,178
rivoji,177
muhandislari,177
llangan,177
yaxshilandi,177
tayyorlaydi,177
rsatuvi,177
davlatlarga,177
qonunda,177
eshkak,177
ontepa,177
tarmoqli,177
toifali,177
ynashdan,177
rosa,177
kollejining,177
sanskrit,177
tuzlari,177
maktub,177
vat,177
institutlar,177
atomlar,177
tafakkur,177
puxta,177
sarimsoq,177
quyoshning,177
metallurg,177
respublikachi,177
latdan,177
bazasiga,177
tormoz,177
haftadan,177
xtatishga,177
talabalarning,177
lloyd,177
etimologiya,177
qoidasi,177
kamar,177
prefekturasida,177
paradida,177
salzburg,177
kartasi,177
fiorentina,177
vegetativ,177
obod,176
sayoz,176
metropoliteni,176
joylashtirildi,176
ukrainlar,176
hokimiyatiga,176
yurituvchi,176
ulotlari,176
adib,176
oksidi,176
services,176
marion,176
bayroqning,176
hujjatlarida,176
munozarali,176
landshaft,176
qaytgach,176
qarashlar,176
laqabli,176
stining,176
kubogiga,176
olmaydigan,176
vs,176
qalqoni,176
buziladi,176
tarmoqlarda,176
axborotni,176
rejimida,176
saqlanadigan,176
isroilning,176
riflaydi,176
qiyotganda,176
qimalar,176
gidravlik,176
himoyada,176
tartibli,176
deportatsiya,176
ayova,176
barmog,176
alyaska,176
burton,176
urishi,176
ibaraki,176
kollejiga,176
bezovta,176
television,176
zevs,176
imperatorning,176
lons,176
zim,175
uzbekistan,175
sonida,175
tuzilmalari,175
yor,175
elga,175
namunalarini,175
garovga,175
irrigatsiya,175
yangiliklari,175
surilgan,175
sida,175
ishongan,175
kalendar,175
bundesligada,175
muomala,175
karen,175
qiyinchiliklarga,175
kunlarda,175
ylar,175
yinchoqlar,175
apelsin,175
sabzi,175
tayyorlanishi,175
barchasida,175
nevarasi,175
albaniyaning,175
chizgan,175
oygacha,175
mushuklar,175
rolga,175
paytgacha,175
franchayzing,175
kechishi,175
metrdan,175
sayr,175
klubidagi,175
nojo,175
tkazgandan,175
saunier,175
vodiysining,174
xorazmda,174
eronga,174
diplomat,174
jangdan,174
oqibatda,174
yurishlari,174
millatli,174
binolarni,174
chag,174
fed,174
niyat,174
ketib,174
qizini,174
shahariga,174
shartlar,174
arts,174
hurmatli,174
jamiyatiga,174
sahnalashtirilgan,174
jazosi,174
yashashi,174
ordenning,174
shariat,174
innovatsiyalar,174
mifologiyasidagi,174
alabadan,174
afroamerikalik,174
tirana,174
tuzilmasi,174
eronlik,174
apertura,174
navlar,174
stanley,174
ozodlikdan,174
tarzini,173
moli,173
nizomiy,173
ishchilari,173
bosqichlari,173
boshidagi,173
yopish,173
boshqird,173
jahonda,173
maydonidagi,173
jamiyatga,173
quradi,173
oshirishni,173
chex,173
harakatlantiruvchi,173
janjal,173
zaragoza,173
haj,173
xarakteri,173
ekt,173
hujayrali,173
hayvonlarga,173
unli,173
suyaklar,173
piyodalar,173
topshirgan,173
pensiya,173
ekipaji,173
qiling,173
tara,173
marina,173
florensiya,173
ku,173
tomi,173
lugansk,173
firibgarlik,173
singan,173
tma,173
yinchisiga,173
peugeot,173
zimbabve,173
plastinka,173
tuzalib,173
es,173
batareya,173
grace,173
burchagida,173
kasalligidan,173
albertsons,173
nizolar,172
yillaridan,172
baxtiyor,172
salmoqli,172
gazetalari,172
kuchaytirdi,172
monastir,172
suyaklari,172
far,172
yordamga,172
qurilishida,172
key,172
boshlaganidan,172
parchalanganidan,172
not,172
gazi,172
turkmanistonning,172
nalishiga,172
palov,172
chetlab,172
foydalanishning,172
farqlash,172
berishini,172
rayev,172
qisqartmasi,172
shoxlari,172
tiroz,172
rindan,172
nuqtalari,172
isyon,172
partizan,172
avtomagistrali,172
tayangan,172
xizmatida,172
nafaqadagi,172
leo,172
para,172
goliga,172
petrovich,172
ter,172
joylariga,172
bentley,172
sabablar,172
zvezda,172
botir,172
irland,172
dortmund,172
polda,172
qorincha,172
janubdan,171
liqdir,171
orlar,171
kurashni,171
oxiridagi,171
zlik,171
ayirboshlash,171
qisqardi,171
tarkibidan,171
sanasida,171
yetkazilgan,171
xonning,171
vodiysidagi,171
dinga,171
kengayish,171
tasavvuf,171
academy,171
chiquvchi,171
qatnashchilari,171
yash,171
superligasida,171
tortadi,171
dushmani,171
nishonladi,171
aylanadigan,171
oqimlari,171
what,171
qochgan,171
jihati,171
kutilmaganda,171
dasturxonga,171
yingan,171
shuncha,171
qolganida,171
qullar,171
dirijyor,171
fr,171
ishsizlik,171
xilligi,171
fransua,171
newcastle,171
pat,171
qiymatini,171
detroyt,171
translyatsiya,171
sakrab,171
fotosuratlari,171
cc,171
südtirol,171
megapikselli,171
usl,171
alabani,170
litsey,170
bon,170
madrasada,170
iqtisodiyotiga,170
rtko,170
tadbirkorlar,170
bemorlarni,170
sirtqi,170
oshirishi,170
order,170
tomirlar,170
anasi,170
qurbonlar,170
chad,170
sektor,170
llanmasini,170
bandi,170
sovuqqa,170
kutish,170
qozonadi,170
uchrashadi,170
serialning,170
asarining,170
omili,170
majlisining,170
eritish,170
beyker,170
ldirishga,170
gretsiyaning,170
using,170
russia,170
konini,170
sotsializm,170
sotishni,170
dushmanning,170
yni,170
identifikatsiya,170
futbolchidan,170
molchi,170
astronavt,170
cross,170
brendlar,170
uyining,170
magistri,170
biznesi,170
wayne,170
taqvimni,170
wings,170
trentino,170
evra,170
daryosidan,169
prezidiumi,169
lavlagi,169
asarlarni,169
bemorni,169
turnirni,169
musobaqani,169
qarindosh,169
oilasini,169
partiyasiga,169
qodirov,169
ultrabinafsha,169
harbiylar,169
sp,169
gp,169
tashkilotga,169
zgartirgan,169
prokurori,169
xavfsizlikni,169
agentlik,169
