word,count
om,40646
da,14339
vl,13851
mödhe,12012
oli,11020
km,10804
lidnan,9600
lidn,8162
oma,8161
kirjamišton,6564
vn,6442
se,6276
venäman,5953
lidnad,5585
homaičendad,5299
kaikiš,5120
agjan,4770
eläjad,4702
sen,4526
vai,4433
ristitud,4142
vspäi,4007
sijadase,3733
irdkosketused,3714
lidnas,3429
eläjiden,3390
sait,3365
mugažo,3357
lugu,3211
rajonan,3124
kaik,3109
suremb,3096
oficialine,3037
ristitišt,3013
üks,2929
istorii,2867
eländpunktad,2740
kaks,2675
andmused,2667
geografijan,2557
valdkundan,2397
ru,2346
päiväl,2344
orhal,2337
aigan,2326
ei,2309
vll,2259
toižed,2249
läz,2248
jäl,2209
voz,2193
enamba,2160
keskuz,2135
rahvahad,2097
sai,2003
kel,1972
mm,1965
jogen,1931
rahvahanlugemižen,1924
täht,1912
man,1889
pandud,1881
matkad,1873
olmas,1851
avtotedme,1839
korktusel,1780
aluz,1717
tal,1702
fil,1691
mail,1686
sidä,1660
keskmäižel,1645
radab,1643
lidnümbrikon,1641
kelel,1626
pol,1576
al,1571
kuti,1568
administrativine,1550
nügüd,1537
žilo,1535
lidnankundan,1533
šingotase,1508
tuhad,1489
randal,1489
koume,1485
tazovaldkundan,1483
vodes,1445
eländpunktan,1413
voib,1321
sügüz,1301
tobmuden,1288
vozil,1274
statusad,1271
pämez,1271
kus,1268
eländpunkt,1259
galerei,1256
pind,1253
oliba,1251
ičeze,1247
saudud,1242
mad,1239
no,1238
aüv,1227
ghe,1220
edel,1165
vepsän,1145
opendusen,1145
hristanuskondan,1142
paneb,1139
rist,1128
mülüb,1099
ku,1077
lämuz,1064
voden,1054
suves,1044
pohjoižes,1043
keled,1036
kül,1034
nell,1005
ortodoksižen,1001
sünd,1000
klimat,997
sur,995
vaiše,990
ven,982
mln,982
tuh,980
jäine,977
professionaližen,974
keskmäine,960
pitte,954
kesken,952
sündnuded,946
suvhe,938
päiväspäi,934
niiden,932
saital,923
keväz,915
ezmäižen,912
eläjid,910
ezmäine,905
hän,900
päivlaskmas,899
hänen,896
päivlaskmha,889
žilod,881
keskes,876
vot,875
pälidn,870
ne,868
valdmeren,867
kerdan,864
ole,861
personalijad,844
rajon,842
ližaks,836
ohjastusen,836
the,829
pala,821
sadegid,820
žo,816
pohjoižhe,816
nimituz,816
lugun,808
ned,808
toine,800
ki,793
agj,785
päivnouzmas,784
venälaižed,778
ristituid,777
keskuseks,774
vs,770
sil,769
päivnouzmha,763
tagut,757
mi,754
lähembaine,754
aluzkundoiden,754
anglijan,741
külä,740
oiden,738
tobjimalaz,721
nimitihe,720
suvipäivlaskmha,720
lodeheze,719
viž,713
avaitud,713
jagase,713
moskvan,710
kacu,703
kul,700
nimi,692
akt,680
uz,675
sündnu,667
mainitase,664
transport,664
elädas,662
com,662
de,661
mülüdas,660
lidnankund,659
administracijan,658
raudtestancii,658
raudtedme,651
gov,648
ratas,644
sid,640
tv,640
leningradan,639
kahtenz,637
randan,635
tehtas,633
randoil,633
mas,632
radoi,630
kut,629
jumalanpertid,624
ühthine,614
lähembaižed,613
pen,612
kuz,608
kaiken,603
jogi,601
suvipäivnouzmha,601
lendimport,600
valdkund,598
kun,598
meren,595
vodeks,592
pajod,590
tegim,589
pohjoižpäivnouzmha,589
sadan,588
sodan,585
päl,583
jumalanpert,583
pühäpertid,582
miše,580
suvipäivlaskmas,580
vodel,580
küläd,578
rahvaz,575
tazovaldkund,574
kelen,572
sadal,571
joged,571
ottas,571
kilometras,569
tegimel,565
edeline,563
aluzkundad,563
ukrainalaižed,561
täuz,560
suren,560
erikod,557
an,557
nstü,554
lujas,553
ph,548
äi,547
kazmused,541
lodehes,539
ümbrikirjutand,538
siš,538
ka,537
rahvahidenkeskeine,534
bomad,531
nügüdläine,528
pindan,527
kändihe,524
tobmuz,522
sömtegimištol,519
bassein,518
lidnha,515
lidnümbrik,515
kud,513
lidnaspäi,513
parlamentan,510
avtobusad,499
kolledž,499
sätud,497
piduz,496
mez,495
piterin,494
rajonas,493
karjalan,489
ristitišton,484
biografii,483
evropan,480
elihe,480
nece,478
sm,477
vhesai,477
jagand,476
prezident,473
surtte,472
of,470
valičeb,469
administrativiž,468
francijan,468
mel,457
il,457
suomenman,453
levitadud,451
kundaližeks,448
pästtud,448
kudamb,446
ižandusen,445
kol,445
pohjoižpäivnouzmas,444
transportaks,441
sihe,439
reduku,438
agjas,436
niid,434
ližajogi,432
tehnikum,432
päjumalanpert,430
lidnümbrikod,428
koumanz,427
rajonanke,425
ümbrikon,425
hural,425
filial,422
seičeme,421
vologdan,421
sijas,420
latinan,419
suvipäivnouzmas,418
territorijal,417
ende,416
elokun,415
oiktal,413
pajatajad,413
kogoneb,410
territorialine,410
indijan,409
videks,407
toižen,406
suomen,405
keskusespäi,401
aleksandr,401
in,401
nimed,400
metrad,400
totarlaižed,400
tuli,399
vkun,396
eläb,393
kävutand,393
heinkun,389
järed,388
parlament,388
keskuzpalan,386
korktemb,385
sauvondmaterialiden,384
valitud,384
civiline,381
nimitadud,381
tegihe,380
raudtel,379
raudte,375
kävutadas,372
jumalanmaman,372
londuseližed,371
kaikes,371
kümne,370
čokkoim,370
kaičenus,370
kal,369
aluzkundaks,369
you,369
prezidentan,368
reisid,367
saren,366
sijadasoiš,365
kätihe,364
saksanman,364
mku,363
ühtes,362
erik,361
rahvahan,361
uhokun,361
nimenke,361
žilon,358
valdkundas,358
edheotandoil,358
videndest,356
portal,355
keskuzpalas,355
olda,354
universitet,354
nügüdläižen,353
administrativižeks,350
palaks,349
ani,349
muzikgruppad,348
polhe,347
kezakun,346
vahvištadud,345
pit,345
mec,340
avtotel,340
orad,340
nevondkundan,339
el,338
kilometrad,338
ozutandata,337
pajatai,337
vähemba,336
moskv,336
keskuses,334
erased,334
pästandal,334
singlad,334
živatad,331
otab,331
pälidnaks,330
san,330
štatan,330
lidnuz,329
tetab,329
vilukun,329
sidodud,327
ristitun,327
rahvahuden,325
londuseline,321
vku,321
sar,321
kirjutuz,320
kitain,320
ižanduz,319
mecan,317
vas,315
severz,315
väges,314
kirj,314
tehmine,312
päpaloin,311
makundan,311
seižub,310
varad,310
keskushesai,310
valičendad,309
pindal,308
völ,307
sadas,307
la,306
läbi,305
sulaku,304
ekstremumad,303
nz,303
meri,303
gruppan,302
federacijan,301
elokus,298
rajonha,298
saudihe,297
kezakus,297
heinku,297
sikš,297
konz,296
kivivoin,296
leviganduz,295
korktusil,295
avtol,293
viluku,292
olend,292
pajo,292
sadaspäi,290
vodele,289
venämas,288
kontinentaline,287
valdkundaline,287
konstitucii,287
form,287
pühäpert,286
pohjoižen,286
imperijan,286
passažiroid,285
ma,285
element,285
heinkus,285
ühtnijad,284
nzil,283
pästand,283
ak,283
or,283
islaman,281
himižiden,281
sišpäi,280
territorii,280
sel,280
org,280
palad,279
kolnuded,279
venälaižen,279
semendku,278
elementoiden,278
nellänz,277
kuiv,277
kaiked,276
kelil,276
järved,276
händast,276
universitetan,275
ohjandusen,275
venäma,275
duman,275
järedad,274
sured,274
kahtenden,274
pämehen,273
kezaku,273
röunoiš,272
kävutamižhe,271
eloku,271
südäimes,270
randad,270
lidnaks,270
agjanke,269
sk,269
ičendad,268
nügüdläiženke,268
eme,267
aigal,267
sarel,267
angl,267
ukrainan,267
my,267
vaste,266
kahesa,265
heid,265
pälidnad,265
britanijan,265
heimon,264
ühtenzoitab,264
rolid,264
kundan,262
tat,262
uden,262
järv,261
röunhasai,261
päsarakod,260
venäkel,260
uhoku,260
lidnankundha,260
lankteb,259
skan,258
znamoita,258
znamasine,257
ühtenzoittas,257
sild,257
hura,255
tehmižel,255
kompanijan,254
läbitab,253
sija,253
kivivoi,253
kodine,253
mülü,253
love,253
elon,252
piter,252
venän,252
sömtegimišt,251
meiden,251
himine,250
kävutase,250
territorijan,250
volgan,250
kahtes,249
ühtenzoittud,249
oleleb,249
järgenduseližed,248
gmäine,247
armenijalaižed,247
kirjad,247
časounäd,247
turizmal,246
tähäsai,246
oleskeleb,245
kortte,245
ezimez,245
päiči,244
poig,244
oiged,244
časoun,243
ühtnijoiden,243
järven,242
tegimišton,242
suiman,242
italijan,242
pälidnan,241
mülütab,241
uskojad,241
lahten,241
kazmuz,241
ühesa,240
avtote,240
nüg,240
tedomehed,239
pohjoine,239
himižed,238
valdkundaližen,237
südäimištlehtpolid,237
vezi,236
jo,236
japonijan,236
sistem,235
alajagasoiš,235
udesnimitihe,234
ratud,234
naine,234
veden,233
eli,232
žilos,232
taksid,231
vozid,231
hel,231
ümbriradmine,230
hö,230
lopus,230
minun,230
sada,229
nened,229
kazvab,229
sared,229
üläopendusen,228
znamoičeb,228
gaz,227
pert,227
edheotand,227
lidnümbrikho,227
maiš,226
mägi,225
statusanke,225
port,225
vladimir,224
pajon,224
raudted,223
edheotandad,223
päivän,223
uhokus,223
semendkus,223
estinman,223
pälidnhasai,222
kudambad,221
sädi,220
ezilidnoidenke,220
röunal,220
ümbrištos,220
openui,220
lugetas,219
lidnoihe,219
riman,218
suim,217
voi,216
maihe,215
muga,215
tobmudele,215
lehtpoled,215
heiden,214
strokun,214
küläkundan,214
muite,214
politikanmehed,214
to,214
vauged,213
nügüdläižikš,213
kirjutajad,213
agjaha,213
diskografii,213
nimitase,212
toižiden,212
ezitajiden,212
eile,211
kala,211
ühtennimižen,210
voziden,210
ispanijan,210
sulakus,210
sal,210
imperii,210
hil,209
kuld,208
kirjutadud,208
niišpäi,207
azijan,206
znamasižed,206
kar,206
mäneb,205
kund,205
turan,205
millionad,205
afrikan,205
valdkundad,205
hänele,205
mülüi,205
ühten,204
elementad,204
valdkundoiden,204
nden,204
ristit,204
kanz,204
aktris,204
vel,203
ümbärtud,203
hristanuskojad,203
nju,203
šingotihe,203
röunatab,203
vaugedvenälaižed,203
aktrisad,203
nevondkundaline,202
politine,202
kazdas,201
grekan,200
baltijan,200
mografii,200
lidnankundas,199
sergei,198
modern,198
institut,197
tegi,197
stancijad,197
keskmeren,197
tütär,197
ii,197
meriport,197
bom,197
paksus,196
kaikutte,196
agjad,196
sanaspäi,196
redukus,196
heim,195
mülütadas,194
evropas,194
soda,194
nevondkundaližen,194
tegii,194
ühtni,193
talking,193
nellikkilometrad,192
oz,192
röunan,192
radnikžilo,192
päministran,191
katolikad,191
rajonaks,191
vanh,191
tošt,190
surembaspäi,190
oti,189
indii,189
toižendad,189
kanzha,189
ročin,189
rand,189
augotižlibundanke,188
us,188
päliči,187
penembha,187
hurapol,187
don,187
uskondan,186
pühän,186
koumandest,186
gubernatoran,186
armastuz,186
külän,185
redukun,185
venämalaine,185
enzne,185
lehtesed,185
päiväd,183
informacine,183
toižid,183
keskustal,183
nimitusenke,183
täuzin,182
ezitajad,182
mam,182
tetas,181
metrhasai,181
oficialižel,181
panihe,180
municipalitetan,180
redukud,180
kitai,180
atlantižen,180
raudten,180
arhangel,180
singl,180
pani,179
lidnanvuittušt,179
päiv,178
arvoimižiš,178
tagaz,178
nevondkund,178
kirjutai,178
žiloks,178
territorijad,177
kazmusiden,177
mujun,177
aig,177
tehtud,176
tegeb,176
serialad,176
videnz,175
sulakud,175
serial,175
muštatišed,174
vajehtusidenke,174
versii,174
sverdlovskan,174
radnikžiloks,174
rusked,173
erasti,173
ozutadud,173
ühtennimine,173
alištudas,173
kelespäi,172
izotopad,172
hot,171
nelläks,171
eksport,171
he,171
must,171
rajonad,171
taga,171
vkus,170
päeksport,170
lidnoiden,170
sauvondan,170
lidnümbrikos,170
lidnanvuitte,170
pidab,170
libub,169
islamanuskojad,169
municipaližen,169
sauvomha,169
edheotandal,169
sijaduz,168
valitihe,168
kahten,167
amuižen,167
kolledžan,167
rahvahaline,166
mal,166
pajoiden,166
sures,165
zavodihe,165
oiš,165
ivan,165
vägestust,165
bel,164
saksan,164
venälaine,164
semendkud,164
zavodi,164
kaht,163
nikolai,163
ripmatomudes,163
oleldas,163
todesine,163
norvegijan,163
komin,163
mkus,162
vkud,162
amerikan,162
basseinha,162
nimikirjutez,162
pagižijoiden,161
randpolel,161
puine,161
gubernator,161
järgeline,160
tur,160
muzikgruppan,160
ühtnijanke,159
samha,159
aks,159
avtonomižen,158
ümbriradmižel,158
sana,158
koumes,157
unitarine,157
dialektad,157
pidust,157
abul,157
möhemba,157
letud,157
vanhan,157
kerdad,156
jokseb,156
alust,156
tetabad,156
madme,156
raudtesol,156
me,156
sigä,156
keles,156
prodüser,156
necen,155
fabrik,155
nenid,155
ohjastuz,155
penemb,155
ümbri,155
anttihe,154
aluzkund,154
prezidentad,154
äjad,154
vil,154
virkand,154
vilukus,153
kändase,153
ja,153
ozutesikš,153
aluzkundoikš,153
catch,153
ottud,152
ezilidn,152
kirjam,152
sibirin,151
okkupiruidud,151
paloin,151
mägiden,151
tobj,151
šanman,151
jogiden,150
ühtnijoid,150
ühtištuihe,150
ümbrikho,150
elo,150
han,150
hibjan,150
kezal,149
oiktastuseks,149
kudenz,149
stancii,149
londuses,149
it,149
tazovaldkundas,148
sa,148
molembil,148
for,148
röunoiden,147
samine,147
toižiš,147
sebruzlidnad,147
fi,147
kartte,146
ezimehen,146
nfst,146
joga,146
sildad,146
muju,146
čihodamižen,146
regionan,146
ühtnikan,146
jaranman,146
kirjuti,146
andrei,146
jumalaižen,146
ges,146
üläopenikoid,146
tegese,145
mkud,145
nimen,145
sadad,145
partijan,145
li,145
medicinine,145
permin,145
aigaspäi,144
religijatomad,144
gazan,144
kivihil,144
fizižed,144
ristituiden,144
nacionaline,144
sugukundha,144
raudtestancijad,143
reljef,143
randanpird,143
turizm,143
kezakud,143
tonnoid,143
sädab,143
sariden,143
ühtnik,143
žanras,143
järedamb,142
vilukud,142
tramvaid,142
päivlaskmaine,142
pertid,142
politehnine,142
krasnojarskan,141
avaiži,141
lainištab,141
pävarad,141
kaikiden,141
ezimeletaden,141
päivlaskmaižen,141
ninevuz,141
lidnaglomeracijas,141
mul,141
lugul,140
rahvahudenke,140
kelišpäi,140
heišpäi,140
semendkun,140
käskusenandai,140
pedagogine,140
pagištas,139
röunanno,139
hibj,139
üro,139
mihail,139
zell,139
studijanal,139
subtropine,138
heinkud,138
nomer,138
armijan,138
grupp,138
kaikil,138
mikulai,137
mägisel,137
kümnendest,137
neciš,137
läksi,137
päivnouzmaine,137
koli,137
čudonsädajan,136
grekanman,136
kanadan,136
kos,136
sulakun,136
tuleb,136
internet,136
aleksei,136
avstralijan,136
ezmäižed,135
tedištoiti,135
ümbrikoks,135
toižend,135
istorine,135
abhu,135
räk,135
vladimiran,135
trass,135
ümbärdab,134
pautkil,134
penen,134
avstrijan,134
nelländest,134
sirdi,134
ročinman,134
francii,134
valdkundmehed,134
andab,133
sab,133
kodi,133
eläjidenke,133
äjiden,133
tabludes,133
erad,133
administracii,133
ul,133
enččen,133
pohjal,133
muretud,133
maidtegim,133
stroican,133
tahond,133
sezon,133
ust,132
kunigaz,132
raudkivend,132
pämehed,132
tekst,132
amerikaine,132
krasnodaran,132
ühteks,131
normaližiš,131
religijan,131
strok,131
sauvondmaterialad,131
re,131
sokaz,131
pu,130
jonod,130
letked,130
lidnoiš,130
erikoiden,130
levette,130
edestab,130
änikod,129
alusel,129
sauptud,129
käskön,129
metro,128
lidnalaižiden,128
britanii,128
periodižes,128
pened,128
turizman,128
tropine,128
röunoid,128
lapsiden,128
neps,128
feat,128
uhokud,127
del,127
samižen,127
tegimil,127
palas,127
hüvin,127
sijaližen,127
eü,126
der,126
on,126
geten,126
kahtendes,126
sent,126
löuta,126
muzikankirjutai,126
araban,126
sömtegimišton,126
kompanii,126
last,126
kirjkel,126
živatoiden,126
kävutihe,126
pil,126
and,126
brazilijan,126
maižandusen,125
käskusenandajan,125
kaikid,125
runokirjutajad,125
atommass,125
kanzannimen,125
ol,125
pajatajan,125
heart,125
palan,124
tünen,124
enččed,124
päine,124
kanalan,124
sijaline,124
ümbriradmižen,124
tipine,124
jäižeks,124
režissör,124
voidas,123
sobad,123
sündui,123
mkun,123
miden,123
ala,122
ed,122
augotišes,122
radsijha,122
saksanma,122
teravas,122
ühtištusen,122
vajehtase,122
kucund,122
sijad,122
mülütihe,122
oigedpol,122
tehnologine,122
korktuz,121
šingotadud,121
kirjištos,121
reskvezi,121
elokud,121
kriman,121
hüvä,120
ni,120
dai,120
škol,120
mecad,120
laps,120
sündun,120
oikti,120
sarakod,119
mererandatoi,119
ken,119
mülükund,119
tazovaldkundanke,119
ühesandest,119
litvanman,119
singh,119
saksalaižed,118
nelläs,118
märhapanendata,118
webelements,118
kirjamišt,118
jan,118
kg,118
filialad,118
jumalankodi,118
atommassanke,117
päiväižen,117
edeližed,117
oiktusid,117
kirovan,117
gavedid,116
venäkelel,116
süvüz,116
ümbrik,116
kazanin,116
vezivaradim,116
volostin,116
čeläbinskan,116
eskai,115
necil,115
torguindan,115
päivlaskmaižes,115
libui,115
zavodiše,115
sol,115
ezmäižes,115
sarakol,115
stiliš,115
universitetas,115
mändes,115
dmitrii,115
mäni,114
is,114
än,114
erazvuiččed,114
mantazole,114
sarak,114
rahvahaližen,114
vezivaradimen,114
heinäsižed,114
kahtel,113
metallad,113
azerbaidžanlaižed,113
rahvahiden,113
ümbrikod,113
samižel,113
vajehti,113
flag,113
rostovan,113
mäged,112
valitas,112
žed,112
kazahstanan,112
ut,112
saved,112
tegimišt,112
keskusen,112
lidnanke,112
alištunu,112
sinun,112
tverin,112
lacuna,112
coil,112
bomas,112
moskvhasai,111
kolledžad,111
pord,111
suladandlämuz,111
radaškanzi,111
ad,111
levigandeb,111
laht,111
tošti,111
azerbaidžanan,111
eländpunktaks,111
piteriš,111
letihe,111
jaguz,111
alalidnan,111
kuctas,110
sauvomas,110
suvine,110
kanal,110
seičemenz,110
amuižgrekan,110
sädused,110
erikoid,109
päministr,109
andoi,109
britanine,109
eliba,109
kaliningradan,109
trolleibusad,108
pordos,108
mavaldkundröunoiš,108
populärižes,108
vepsläižed,108
küläkund,108
erazvuiččiden,108
le,108
augotižlibundan,108
adm,107
džon,107
anna,107
amuine,107
jumalankodikundan,107
vedase,107
aigkirjas,107
lindud,107
keskust,107
jüguiden,107
donan,107
šingotesen,106
sinä,106
kehundlämuz,106
vozne,106
keliden,106
leibtegim,106
evrejan,106
irdad,106
erigoittud,105
turas,105
röunaks,105
mlrd,105
linneb,105
ühtnii,105
kariban,105
konstitucine,105
agjaks,105
je,105
basseinan,105
irkutskan,105
jäi,105
hänel,105
meblin,105
alusenpanendanke,105
südäimištlehtpol,105
rahvahanikoiden,104
santimetrhasai,104
vides,104
mouckivi,104
gidroenergii,104
sadoil,104
virktas,104
skii,104
opendust,104
tedon,104
alangištos,104
ezmäižel,104
jurii,104
mansin,104
volgogradan,104
saiba,103
sugukundan,103
avaros,103
turkanman,103
änižröunan,103
tedomez,103
tedoidab,103
turad,103
radonoigendai,103
stavropolin,103
ezimeheks,103
saratovan,103
gan,103
toštkümne,103
vozišpäi,102
parlamentine,102
protestantad,102
londuseližen,102
tabluden,102
metall,102
ezilidnelektrojonused,102
geografii,102
tehmižen,102
erineb,102
viktor,102
nor,102
segoitadud,102
tatarstanan,102
randoid,102
koumandez,101
nimitadas,101
suviafrikan,101
sase,101
informacii,101
alištusenke,101
gruppas,101
vol,101
sijan,101
röun,101
romanijan,101
kompanijad,101
en,101
kemerovon,101
varaiduz,101
instagram,101
kundad,100
sugukundaspäi,100
mehele,100
kuspäi,100
mitte,100
päfater,100
maršruttaksid,100
täs,100
žen,100
mašinansauvomižen,100
azijas,100
municipaline,100
kazvatadas,100
kunigahan,100
hindi,100
znamoičend,99
afrikas,99
konstitucijan,99
jerad,99
štat,99
ekonomine,99
meksikan,99
rusttan,99
enambuses,99
germanijan,99
enambuz,99
tegint,99
sauvond,99
tfil,99
taht,98
amuran,98
kaičemha,98
penid,98
venänikad,98
olendas,98
tekstil,98
sauvuz,98
maiden,98
vikipedii,98
iana,98
raudan,97
valdkundkel,97
päivnouzmaižen,97
kaikenaigaine,97
kall,97
neniden,97
korejan,97
sirtihe,97
olendan,97
naižiš,97
organizacijad,97
strukturad,97
pirdajad,97
mugoine,97
duetal,97
üht,96
turbaz,96
avtod,96
erineden,96
märičeb,96
go,96
tehta,95
necidä,95
portugalijan,95
grammad,95
tegimištol,95
zavetan,95
danijan,95
löutud,95
uralan,95
baškiralaižed,95
pal,95
vikipedijan,95
pöudon,95
nimikirjutesed,95
nainu,95
nziš,94
vaugedvenäman,94
jumal,94
äjihe,94
sarakon,94
sätas,94
späi,94
los,94
luja,94
koumen,94
car,94
filosofad,94
läbiti,94
kombinat,94
lind,94
oled,93
alamaiden,93
panda,93
maižanduz,93
pehmed,93
jork,93
lugumär,93
änid,93
armenijan,93
radnikusile,93
plodud,93
kuivma,93
altajan,93
radod,93
city,93
alauz,93
te,92
mužik,92
ripmatomut,92
valdkundoiš,92
runokirjutai,92
periodas,92
mašinansauvomižel,92
etimologii,92
oficiališt,92
amuižes,92
päministrad,92
suomalaiž,92
indijas,92
tarbhaine,92
mödvedhe,92
štatas,92
ezmäšt,92
näht,92
amerikalaine,92
min,92
isp,92
seištas,91
kirjan,91
plod,91
municipalitet,91
surembad,91
bolgarijan,91
aigad,91
vedai,91
deputatoiden,91
laivoiden,91
subjektoiden,91
tulan,91
hätken,90
lähižen,90
pä,90
sindai,90
poleni,90
himik,90
ičtaze,90
mebel,90
izomärad,90
neniš,90
päraudtestancii,90
ühtnijan,90
lophu,90
taho,90
küläkundha,90
okan,90
your,90
flagan,90
tel,89
alusenpanend,89
kaikuččel,89
himižel,89
marija,89
alištub,89
muzikankirjutajad,89
avtoiden,89
kahteks,89
igähižed,89
praznikad,89
hantin,89
armastusen,89
miš,89
kudamban,88
valdmeri,88
harvoin,88
erazvuiččiš,88
jono,88
strokud,88
nelländez,88
vauktan,88
lidnusen,88
kaspijan,88
pästi,88
portalal,88
muzik,88
suomenma,88
fabrikal,88
avtonomine,88
sijazihe,88
lihakombinat,88
roman,88
oficialižikš,88
ee,88
tuleban,88
minä,88
savič,88
vell,88
kirjant,88
nacistoil,88
ühtel,87
saihe,87
italii,87
väghe,87
mašiništ,87
kirjamed,87
sadud,87
saksalaine,87
ga,87
tan,87
luguspäi,87
olen,87
indijalaine,87
kapur,87
tegimed,86
terav,86
kafedraline,86
istorijan,86
tedo,86
oficialižiš,86
šingotez,86
lämudel,86
hobed,86
kaikuččes,86
kan,86
meriportal,86
carin,86
federaline,86
ripmatoman,86
pagin,86
kacmata,86
märitud,86
kalugan,86
poigad,86
jagadas,85
nimitust,85
ruhtinazkundan,85
kundaline,85
projektan,85
ristitištos,85
rezul,85
redukuspäi,85
gubernijan,85
japonii,85
kostroman,85
sahalinan,85
moskvha,84
saril,84
tuliba,84
nikol,84
domen,84
net,84
federaližhe,84
anttud,84
organizacii,84
möst,84
kävutada,84
kuban,84
emäganpäivän,84
populärine,84
prodüserad,84
kalad,83
istorijas,83
alakodi,83
klassifikacijan,83
keza,83
alusenpanendan,83
kosmine,83
sijaližel,83
toižil,83
vet,83
argentinan,83
ühtenzoiti,83
muzei,83
jer,83
radoiba,83
voronežan,83
ližadui,82
vähän,82
alaerikod,82
kunigahuz,82
elos,82
cink,82
van,82
nimel,82
kuidme,82
čiganalaižed,82
enamb,82
si,82
valdatusiden,82
murmanskan,82
navedib,82
ndes,82
alištui,82
diter,82
aigaižen,81
lanktendan,81
järedoihe,81
igor,81
tuha,81
pohjoižel,81
tatan,81
sisteman,81
as,81
pid,81
udes,81
dekorativižed,81
sugukund,81
novosibirskan,81
jaroslavlin,81
slabad,81
bränskan,81
ivanovon,81
vastrandal,80
toižetamižen,80
tehnine,80
indine,80
albanijan,80
koumeks,80
kenaluižen,80
andmusiden,80
pämest,80
torguindal,80
sanoišpäi,80
men,80
heimos,80
neižne,80
original,80
räzanin,80
teil,80
spasan,79
aluseks,79
erazvuitte,79
üläkodi,79
himižen,79
aigaine,79
ekonomikan,79
vodespäi,79
babajevon,79
erazvuiččid,79
surman,79
elementan,79
kahtendel,79
čuvašalaižed,79
jonol,79
kalan,78
katoline,78
ühthižed,78
kompanijoiden,78
erasiden,78
znam,78
pirdai,78
jur,78
oy,78
iče,77
alemba,77
päivnouzmaižes,77
youtube,77
tullei,77
rados,77
voimuz,77
iii,77
harv,77
imperatoran,77
metallan,77
lehtpol,77
mustmeren,77
subjekt,77
ezitajil,77
teorii,77
kommun,77
suvipalas,77
die,77
tahondas,77
vilu,77
jenaral,77
pskovan,77
piguz,77
leibänkombinat,77
lugusanad,76
protestantizman,76
fakul,76
vodhesai,76
vanhtunuden,76
avstralii,76
karl,76
tulendan,76
openduz,76
estin,76
baškortostanan,76
muzikad,76
universitetad,76
ümbrišton,76
politikanmez,76
pandas,76
fr,76
kivihilen,76
di,76
tärtused,76
petroskoi,76
du,76
naižjumalankodi,76
mussonine,76
mägil,75
södas,75
molembad,75
kores,75
rippub,75
äiprofil,75
znamasižemb,75
minutad,75
mujud,75
teatran,75
provincijan,75
pästtihe,75
smolenskan,75
školas,75
päkäskuz,75
lidnanvuiččen,75
viipurin,75
kim,75
kurskan,75
alakodin,74
radioaktivišt,74
ripmatomuden,74
mamankelen,74
tulend,74
kavkazan,74
tazopindan,74
lähižes,74
kavag,74
premijan,74
kompanijal,74
model,74
vauktad,74
val,74
nst,74
änikoičeb,74
pämeheks,74
erine,74
kazmusen,74
objektad,74
kongon,74
tehnikuman,74
soul,74
can,74
domenan,74
seikh,74
oleskeldas,73
ližajoged,73
poles,73
jekaterina,73
substancijad,73
medicinižen,73
pud,73
akan,73
eläban,73
sündundan,73
gvinejan,73
tümenin,73
toižin,72
lähteb,72
nimeta,72
ozutez,72
eziauguine,72
maižanduzkul,72
päivnouzmaižel,72
lidnanno,72
organizacijan,72
palakundad,72
jam,72
känduz,72
tegesed,72
sahar,72
suomalaižed,72
veduz,72
kunigaznaine,72
volg,72
čomamahtoiden,72
lidnalaine,72
gubernatorad,72
polenpidajad,72
lidnanvuiččeks,72
vasilii,72
senno,72
pästandan,72
džeims,72
tedoiden,72
lähembaižiš,72
satü,72
vsevoložskan,72
toponim,72
bolen,72
tazostadud,71
su,71
faktad,71
kuvad,71
kattud,71
at,71
rein,71
radnikusele,71
toi,71
raud,71
purtkiš,71
penil,71
persijan,71
küläs,71
sügüzel,71
isbn,71
petr,71
časud,71
obin,71
šan,71
lidnhasai,71
kalifornii,71
ümbrikirjuti,70
jumalan,70
eksportan,70
videndez,70
puiden,70
koumanden,70
kanad,70
prezidentine,70
jogel,70
säta,70
pohjoižpalas,70
šingotaškanzihe,70
hu,70
velgusidme,70
ohjastusele,70
mečet,70
tetabut,70
eziauguižešti,70
kulu,70
pajoid,70
avtotesild,70
joudai,70
tehtihe,70
penzan,70
sodad,69
nikel,69
kebn,69
izotopaspäi,69
pohjoižamerikan,69
kudeks,69
lunt,69
merhe,69
arabijan,69
egiptan,69
lui,69
taguiči,69
religii,69
kirjutajan,69
co,69
vajehtihe,69
järedal,69
minimum,69
omblendfabrik,69
anglijankel,69
ukrain,69
edesti,69
sauvoškanzihe,69
registracii,69
vedajad,69
söb,68
raudtestancijanno,68
ezmäižeks,68
pun,68
nimitused,68
procentad,68
nziden,68
polespäi,68
tazo,68
st,68
kuldan,68
lidnoidenke,68
subekvatorialine,68
tural,68
nügüdläižiš,68
komitetad,68
valdkundaližed,68
kezaaigan,68
saks,68
putub,68
otnus,68
istorižed,68
lähtnu,68
pohjoižamerikas,68
otta,68
avstralijas,68
mülünd,68
likundan,68
anttas,68
nevan,68
samaran,68
katken,68
mehiden,68
ližajogen,68
suom,68
režissörad,68
heinäsine,68
midä,67
äiluguižidenke,67
änestab,67
suviamerikan,67
saum,67
uran,67
kümnes,67
torguind,67
lopi,67
muzikan,67
privatine,67
ülezjogen,67
röunatud,67
estilaižed,67
est,67
ezini,67
sinki,67
amussai,67
mindai,67
paginad,67
kinon,67
stanic,67
mahtuz,67
orenburgan,67
absolütine,67
lühüd,66
britanižen,66
järgvaličendad,66
industrialine,66
tün,66
päfaterad,66
sodaväged,66
municipaližhe,66
francine,66
kirjamil,66
lidnust,66
phh,66
kukhikaz,66
poleneb,66
arvod,66
irlandijan,66
jäb,66
naimiželos,66
raudbetontegesed,66
agrarine,66
pästtas,66
živat,66
gitar,66
rajonkeskushesai,66
artist,66
erasiš,66
kivine,66
čogas,66
muzikgrupp,66
epizodad,66
kompiläcijanal,66
dramfil,66
eläda,65
koumekümne,65
lendimportad,65
partii,65
manrehkaidused,65
nobelän,65
udessündutadud,65
čomamahton,65
ha,65
do,65
valerii,65
ezmäi,65
lämuden,65
muštoks,65
info,65
tataks,65
rahvahidenkeskeižen,65
vei,65
semnid,65
gres,65
ted,65
japonine,65
leibän,65
institutan,65
nimid,64
biblijan,64
mahuz,64
ühtenz,64
čarterreisid,64
klimatan,64
vezid,64
hahktin,64
partijoiden,64
sistemanke,64
maižanduzrajonan,64
lujad,64
dagestanan,64
šveicarijan,64
lider,64
klassifikacii,64
moskvas,64
tambovan,64
žan,64
gubernatoraks,64
äiluguižed,64
huralpäi,64
version,64
viden,63
pühä,63
südäin,63
ezilidnas,63
evrazijan,63
kor,63
boksitad,63
tonnas,63
donal,63
otiba,63
reskveden,63
ottihe,63
pohjoižespäi,63
rimalaižen,63
alusenpanii,63
ližajogidenke,63
ühtnikha,63
edeližen,63
energijan,63
sädihe,63
arni,63
anglijalaine,63
tutab,63
radon,63
olgoi,63
britanijaspäi,63
socialine,63
venesuelan,63
jekaterinburg,63
marjad,63
vlpäi,63
holitamha,63
met,63
jelena,63
tütärt,63
heil,63
ühthe,62
äjiš,62
ministrid,62
senat,62
televizijan,62
söm,62
tazomäras,62
vkuspäi,62
heimod,62
vähemb,62
ühtištusel,62
anglii,62
sodavägiden,62
sizar,62
röunad,62
žiš,62
tegijad,62
kevädel,62
ohjandai,62
karan,62
kirjamespäi,62
london,62
raudtekeskust,62
jüguid,62
et,62
world,62
spb,62
ik,62
night,62
suvikorejan,62
sijal,61
vin,61
vedes,61
elänzoittud,61
niil,61
nene,61
metropoliten,61
kolumbijan,61
vanhemb,61
meks,61
niiš,61
pojav,61
žes,61
be,61
ičendoid,61
joges,61
kodima,61
planetan,61
metallurgijan,61
gruzijan,61
ližatas,61
boris,61
suvipäivlaskmaine,61
severziš,61
futor,61
mass,61
japonan,61
eziauguižen,61
kamčatkan,61
duetan,61
ozoitesed,60
edahaižen,60
kerdalaz,60
ks,60
federaližen,60
pakuine,60
päivlaskmaižel,60
madalamb,60
ühtištuz,60
ged,60
tuldas,60
školan,60
region,60
semned,60
aigas,60
lehtesid,60
jumalankodin,60
lekar,60
šingotai,60
kahesanz,60
tehmaha,60
hätkte,60
ühtenzoitase,60
palakund,60
vedutte,60
pul,60
korged,60
saha,60
üläjoksmusen,60
mordvinalaižed,60
konditerine,60
uf,60
saldat,60
nenil,59
avto,59
nimiti,59
vihand,59
ali,59
lanktas,59
kova,59
literaturan,59
azj,59
imperator,59
levitase,59
makund,59
päivil,59
oleg,59
process,59
kivivoid,59
londusen,59
kaičendan,59
indižen,59
jamalan,59
lujemb,59
hüväd,59
minei,59
oran,59
ristutud,59
registriruidud,58
toižidenke,58
alajagase,58
seičemeks,58
venos,58
kunigahusen,58
norvegii,58
lopuspäi,58
mineraližed,58
voded,58
filosof,58
formad,58
paniba,58
tž,58
turkanma,58
tihvinan,58
raudtestancijan,58
dunain,58
sättub,58
das,58
gorod,58
saudan,58
francijas,58
suruz,58
zonas,58
mägen,58
jumalanpertin,58
lugemata,58
čilin,58
mainitaškanzihe,58
nenciden,58
pästab,58
rindataden,58
kävutandan,58
kävutab,58
armii,58
hätkeližuz,58
natal,58
va,58
vauktusen,58
hetartujad,58
kläz,58
like,58
päiväine,57
lapsed,57
kahthe,57
päivnouzmman,57
tazopind,57
ülembaine,57
lugese,57
cement,57
erištadas,57
vašington,57
koumed,57
mamankel,57
jogiport,57
bur,57
kaznu,57
ühtnikad,57
sinine,57
sanad,57
čukotkan,57
löudmižsijad,57
mö,57
blue,57
kengiden,56
evropalaižed,56
keitandsol,56
gijan,56
lehtezmehed,56
na,56
federacii,56
kofe,56
videspäi,56
baziruiše,56
paginoiš,56
mkuspäi,56
vändod,56
arhitektor,56
kadoti,56
regionas,56
kirov,56
mikoi,56
jändused,56
ispanii,56
päle,56
substancijoiden,56
gob,56
cin,56
jävaldmeren,56
toižihe,56
puišt,56
var,56
indejalaižed,56
ruhtinasen,56
doktor,56
čuvašijan,56
agjhasai,56
habarovskan,56
boman,56
mzihe,56
rahvahaližil,55
ristitkundan,55
picea,55
keleks,55
löudmižsijid,55
maid,55
järviden,55
ristitištota,55
ar,55
uil,55
duma,55
iranan,55
ümbrikos,55
serbijan,55
palab,55
tegiba,55
federacijanman,55
unesco,55
jumalankodikund,55
robert,55
oiktusen,55
izrailin,55
paksumba,55
big,55
lehtesen,55
vändon,55
lev,55
kommunan,55
raštvoiden,55
kirjutusiden,55
toiženke,55
mumbai,55
rengazavtotehesai,55
tomskan,55
vänd,55
tazopindal,55
ekvatorialine,55
kitaiš,54
katl,54
gad,54
sädandan,54
lähižidenke,54
az,54
statistikan,54
ühtnijaks,54
lidnalaižed,54
kaikenaigaižeta,54
äikel,54
linduiden,54
rimalaine,54
torhudel,54
gruppad,54
randanke,54
augotižlibund,54
surmhasai,54
priha,54
äjan,54
ülüden,54
organad,54
linni,54
maria,54
ižand,54
mo,54
vedadas,54
oihe,54
vologd,54
planet,54
life,54
kaman,54
nigerijan,54
edemba,53
znamoičendanke,53
elektrusen,53
mark,53
mehed,53
mered,53
žiloid,53
segluz,53
möhembaižidenke,53
jomad,53
kacten,53
raudtesarak,53
tonnad,53
bor,53
teatr,53
randas,53
vasil,53
sädai,53
praznik,53
sädase,53
jogehe,53
mezikazmused,53
mugoi,53
ndel,53
matk,53
keskuzline,53
politikan,53
zavottihe,53
dum,53
südäimehe,53
sinkihesai,53
new,53
evrovizii,53
torafil,53
son,52
abu,52
vastsi,52
päivlaskmaižed,52
amuižemb,52
maplodud,52
tot,52
ortodoksižed,52
stabiližes,52
aigemba,52
lidnut,52
openzihe,52
filosofijan,52
kazahlaižed,52
regionha,52
edheotandoid,52
vedab,52
are,52
regionaline,52
arvostadud,52
varapämest,52
valičendoiden,52
so,52
nägu,52
sidotud,52
ohjandused,52
smolensk,52
sanoiden,52
noremb,52
ca,52
keskopendusen,52
lapsen,52
oficialižeks,52
asfal,52
sätihe,52
tehnologijoiden,52
kirjišt,52
alle,52
mehen,52
jin,52
orelan,52
tokion,52
kurort,52
emänd,52
lady,52
samoan,52
harlok,52
kivi,51
nai,51
nil,51
kristalline,51
kaikedme,51
ühtnend,51
transporttesol,51
santa,51
diamantad,51
oigetas,51
tarbhaižed,51
kundha,51
nina,51
ezimägištol,51
keskmäras,51
nepsuz,51
latvijan,51
oiktad,51
saksanmas,51
karelia,51
vahvišti,51
pälidnas,51
maha,51
löutihe,51
udmurtijan,51
vähä,51
irdpol,51
skul,51
erikon,51
abuti,51
lophusai,51
leib,51
allekirjutadud,51
enciklopedii,51
departamentan,51
oiktan,51
tom,51
pagišta,51
best,51
südäikera,51
simvolišpäi,51
rujoheinäd,51
tahondoiš,50
alaman,50
pako,50
käskusid,50
indejalaižiden,50
päivhäsai,50
sart,50
eläi,50
fizikantedomehed,50
hahk,50
mašiništon,50
ministrused,50
karjalaižed,50
muzejad,50
zelläks,50
eläbad,50
kodiš,50
imetaiživatad,50
ukrainas,50
pin,50
lpp,50
imperijha,50
hilen,50
venon,50
mest,50
gol,50
ekonomižen,50
varhapanend,50
petroskoin,50
purde,50
jevgenii,50
jana,50
devid,50
kazan,50
koumespäi,50
kombinatal,50
passažiroiden,50
parižan,50
čehanman,50
parahim,50
eläbzdusen,50
transportan,50
tervhuden,50
endustajan,50
belgorodan,50
varu,50
äivozne,50
fizikas,49
lugud,49
sömän,49
vjetnaman,49
gravii,49
sferas,49
vedi,49
jogensun,49
kolonijan,49
tu,49
radmaspäi,49
gvinei,49
ezitai,49
berlin,49
sodavägil,49
jagab,49
sauvoi,49
kudes,49
zamk,49
tedod,49
randištol,49
šanma,49
piterihe,49
ozoitez,49
igäs,49
pumaterialad,49
sor,49
vedihe,49
jogid,49
järgenduz,49
konstantin,49
kad,49
lek,49
tegimen,49
tehnikumad,49
kesklämuz,49
verhiš,49
pajati,49
jen,49
tärtuz,49
udhe,49
kuva,49
tin,49
äikerdoičese,49
romanad,49
kezakuspäi,49
satuz,49
likvidiruidud,49
jumalad,49
merenrandaližen,49
melen,49
futbolkluban,49
aktrisan,49
ekranoile,49
nellän,48
zon,48
seičemendest,48
järedambad,48
konstitucijad,48
kaikuččen,48
zelläd,48
tervhen,48
osmanan,48
radnikoiden,48
regionaks,48
tahondad,48
paksud,48
les,48
keskmäižen,48
küläkundad,48
leveduz,48
rad,48
nimikirjuteshe,48
vanhuskolaižiden,48
kerdoid,48
sugukundas,48
heimho,48
hätkemb,48
sijha,48
pindanke,48
samar,48
kanalad,48
rok,48
nacionaližen,48
islandijan,48
narv,48
kävuti,48
pariž,48
kucub,48
arhangelan,48
sauvused,48
kanadas,48
eriline,48
olud,48
es,48
verhiže,48
pertin,48
putui,48
by,48
uded,48
petran,48
professionaline,48
lidnanvuiččed,48
šotlandijan,48
literatur,48
enččel,48
let,48
fantastikan,48
heinäsižiden,48
äivoččiden,48
lihan,47
pohjoižed,47
pall,47
monarhii,47
kaikel,47
alangišt,47
maspäi,47
am,47
astrahanin,47
holitišil,47
kesked,47
tekstilin,47
söte,47
oiktalpäi,47
ezitajanke,47
peniden,47
erasid,47
lehm,47
ližadub,47
tazangištol,47
fizikan,47
koumandel,47
keskneze,47
mustma,47
ozutab,47
und,47
kuivatud,47
arhitekturan,47
süvütte,47
sortuid,47
ühtenzoittihe,47
turkan,47
pavel,47
toižes,47
kaičeb,47
čeläbinsk,47
nencan,47
vikipedijad,47
lipeckan,47
lasktud,47
afrikalaižed,47
bangladešan,47
not,47
originaline,47
scenaristad,47
jagusespäi,47
singlan,47
serialas,47
simvol,46
revolücijan,46
hristanuskond,46
lidnaglomeracijan,46
seižui,46
alamad,46
kogotas,46
turkad,46
tulendad,46
päkäsknik,46
sijaližed,46
kanzan,46
kerdha,46
administracijale,46
mašinansauvomine,46
vajehtab,46
ba,46
seičemenden,46
profopendusen,46
kuldaine,46
prezidentaks,46
departamentad,46
vägimez,46
opendajan,46
jurišt,46
muštatiž,46
änižen,46
lühüdad,46
koir,46
födor,46
čoma,46
vägi,46
rostov,46
sä,46
rio,46
mordovijan,46
uzbekistanan,46
naižiden,46
zelandijan,46
one,46
vändi,46
surhe,46
dance,46
kirjutust,46
dvinan,46
keskaigan,46
demokratižen,46
live,46
good,46
personažad,46
kinos,46
tedoližen,46
miččen,45
avaitihe,45
rel,45
naižen,45
subsp,45
väghine,45
holitišiden,45
ekonomik,45
koumandes,45
ühtnendad,45
päižed,45
antonio,45
laivansauvomižen,45
aigaks,45
sauvomine,45
erazvuiččil,45
cel,45
fol,45
jaugnikoiden,45
imperijas,45
gubernijha,45
lähižiden,45
ta,45
ural,45
fruktad,45
surid,45
pl,45
mašiništonsauvomižen,45
raudtekeskustal,45
pämečet,45
kirjoiden,45
ištutadas,45
abutab,45
pakuižen,45
korpus,45
rim,45
ühthižen,45
mehanine,45
kaikenaigašti,45
irina,45
transsiban,45
mid,45
anatolii,45
britanijas,45
keskuzrajon,45
veded,45
amerikaižen,45
aigaižes,45
igäks,45
uzid,45
buenos,45
sezonine,45
kanzannimi,45
kirjamištos,45
pakistanan,45
admiralteiskii,45
puzuänikoižed,45
madal,44
venälaižes,44
gavedil,44
sanoin,44
rahvahanlugemine,44
har,44
igäspäi,44
lidnoid,44
lebutahoiže,44
mägenpä,44
korktoiden,44
suomenmas,44
verk,44
lu,44
jättud,44
pojavad,44
tomas,44
meles,44
nimitusen,44
kazvatajad,44
suvirandal,44
joginišk,44
specialižen,44
kompleks,44
läm,44
sanan,44
kahtišti,44
all,44
terminad,44
tuvan,44
krasnodar,44
pälehtpol,44
žilho,44
baptizman,44
randaspäi,44
avtomatine,44
dinastijan,44
janovskan,44
deli,44
merirazbainik,44
pajatab,43
sünduiba,43
jenisein,43
mülüti,43
suvižes,43
evropine,43
edesine,43
sagud,43
indonezijan,43
frazad,43
eläd,43
ranu,43
päalagruppas,43
suvespäi,43
demokratine,43
sandan,43
pidemb,43
järvid,43
katoližen,43
gusen,43
kogoduz,43
udenke,43
marganc,43
toran,43
martin,43
oficialižed,43
sistemad,43
sijid,43
uzištused,43
metalloiden,43
päjumalanpertid,43
versijad,43
jä,43
semnil,43
subarktine,43
mil,43
stokhol,43
lehtez,43
pertiden,43
kazvatuz,43
uranan,43
kurganan,43
tämbäi,43
alžiran,43
villän,43
pertišt,43
sän,43
tora,43
sildan,43
fizine,43
album,43
angolan,43
time,43
cadillac,43
heaven,43
tokio,43
radž,43
lugetihe,42
lähižihe,42
nahkan,42
importan,42
piden,42
surt,42
deputatad,42
buddistad,42
ateistad,42
brazilii,42
lendimed,42
lumi,42
lähttas,42
avaižiba,42
äjid,42
matematikantedomehed,42
päivnouzmaspäi,42
aigalpäi,42
igä,42
söndtavaroiden,42
suruden,42
londonan,42
sein,42
semendkuspäi,42
regionad,42
jüged,42
kirjas,42
čečenijan,42
mirus,42
elod,42
bumagan,42
maidkombinat,42
riven,42
gmäižen,42
nügüdläšt,42
rahvahidenkeskeižed,42
ved,42
erašti,42
projekt,42
bolivijan,42
paragvain,42
pertišton,42
maidon,42
tedoidusen,42
vaumitud,42
vihm,42
pästnikan,42
sun,42
koumel,42
paginoiden,42
žilospäi,42
mustad,42
korktal,42
kabardinijan,42
balkarijan,42
jaran,42
omskan,42
muugotil,42
tegimištoliž,42
änetadud,42
sijadusen,42
türmatud,42
loičendpert,42
sezonad,42
sauda,42
bomaspäi,42
fotomodelid,42
premijad,42
serialoid,42
kudendest,41
mahttas,41
gaved,41
metallurgii,41
voččes,41
francižen,41
ministrišton,41
runod,41
alüminijan,41
panaman,41
suriden,41
laivad,41
puištod,41
ehtatimed,41
andorran,41
teraz,41
massan,41
jäižen,41
fizik,41
kümned,41
päivlaskmaspäi,41
gil,41
sauvusiden,41
paloi,41
mg,41
nimespäi,41
vajehtadas,41
kirjoid,41
nähta,41
augotihe,41
fosforitad,41
kebnas,41
oluden,41
dekorativižeks,41
kazmuseks,41
radioaktivine,41
horvatijan,41
sauvondgips,41
areal,41
sädand,41
maman,41
kätas,41
status,41
mahusen,41
jonuz,41
kovan,41
futbolklub,41
muzikaline,41
kudambid,41
kukkaz,41
aglomeracijan,41
gruppaspäi,41
solomonan,41
fidžin,41
kaitas,41
tähtaz,41
igähine,41
substancijoid,41
pühäpertin,41
facebook,41
radnikžilod,41
evrovizijan,41
flagad,41
valdkundznam,41
krim,41
win,41
hai,41
anda,40
japonijas,40
sädamižen,40
tud,40
klassižen,40
vulkan,40
mapoliškon,40
pindad,40
oficialižen,40
rahvahidenkeskeižiden,40
nik,40
sarid,40
mägikaz,40
sarakoiden,40
matematikan,40
himijan,40
röunaspäi,40
päministraks,40
ümbärtas,40
moldovan,40
mujul,40
ortodoksine,40
alangišton,40
kudmaižen,40
makundha,40
kävutadud,40
avtoted,40
vätkan,40
torgovanoiden,40
melel,40
polišpäi,40
sädamha,40
mongolijan,40
vastata,40
kümnespäi,40
eloho,40
den,40
gor,40
keitand,40
variant,40
kodikelen,40
arvoimižed,40
dizel,40
azjoiden,40
elektronikan,40
jätksi,40
avtoteidme,40
muzejan,40
lähine,40
merikaran,40
tatarstan,40
romanan,40
oigendase,40
marko,40
tetabamb,40
konkursal,40
sobiden,40
kompozicijan,40
luis,40
mix,40
naindaspäi,40
serialan,40
nepalan,40
forsaž,40
maharaštr,40
znamoičendad,39
buddizman,39
kontinentan,39
saharan,39
lopiše,39
kontinentaližen,39
sankte,39
oigetud,39
käskuzkund,39
induistad,39
nägemižhesai,39
hrom,39
jokstas,39
alüminii,39
tehmižes,39
meksik,39
skandinavijan,39
randhasai,39
ju,39
house,39
sunnitad,39
seičemes,39
änižrandan,39
anasti,39
alusen,39
letetazangišton,39
opendai,39
virun,39
filipp,39
kundas,39
istorižen,39
päivlaskmpol,39
turine,39
järedaks,39
pordonke,39
kobal,39
jev,39
inspekcijad,39
pertiš,39
teorijan,39
medicinan,39
mahapandud,39
uk,39
tallidn,39
ühesanz,39
omblendfabrikal,39
fon,39
armastust,39
varaezimest,39
volgaveren,39
marilaižed,39
tegesiden,39
marii,39
elan,39
kahesas,39
litvalaižed,39
nimetoi,39
kazmusid,39
nägul,39
uziden,39
basgitar,39
varagubernatorad,39
vepsläižiden,39
sauvomižen,39
lehtezmez,39
ten,39
voinan,39
küläkundas,39
suvikorei,39
formal,39
andiden,39
mante,39
afganistanan,39
tehnižed,39
brother,39
sintipop,39
meletoi,39
toižespäi,38
lidnrajonaks,38
päivnouzmaižed,38
niger,38
lugemine,38
alusenpanijoišpäi,38
hobedaižvauged,38
mapoliškos,38
leviganzi,38
järedan,38
vaugedvenäma,38
jän,38
mererandal,38
kur,38
tariči,38
vahvištab,38
olele,38
saksalaižen,38
buran,38
händ,38
siloi,38
pakuitesen,38
videndes,38
italijalaine,38
školad,38
londonas,38
suvipäivnouzmaižes,38
arvonke,38
dnepran,38
pop,38
mari,38
pidi,38
rol,38
parižas,38
ülembaižen,38
himii,38
substancijan,38
näl,38
ok,38
erazvuiččen,38
mamankeleks,38
urugvain,38
come,38
penzhad,38
noril,38
jevič,38
endemik,38
leonid,38
lt,38
kirilline,38
imperatornaižen,38
ird,38
las,38
veks,38
jogensu,38
marjoid,38
huan,38
lahthe,38
manrehkaiduz,38
mureni,38
puvill,38
diametral,38
sädusiden,38
doneckan,38
kulund,38
group,38
voronež,38
stadion,38
kanghiden,38
kazvoi,38
jekaterinburghasai,38
kanzas,38
jurgii,38
krasnii,38
radnikžilon,38
küläks,38
kostrom,38
kuvadase,38
dragon,38
cheri,38
girl,38
tamilan,38
änikuz,38
šrilankan,38
rai,37
vändoid,37
municipalitetaks,37
kuivman,37
atlantine,37
pän,37
penemba,37
agjoiden,37
provincijaks,37
šanmalaižed,37
kitän,37
kümnenz,37
kogosüdäiprodukt,37
muigotandmärad,37
nenidenke,37
gmäižed,37
päivnouzmpoles,37
elektrotehnižel,37
seul,37
posad,37
sädiba,37
tobmut,37
nelländes,37
puhtaz,37
burätijan,37
estinma,37
gavediden,37
kävutasoiš,37
enččes,37
rajoniden,37
varapämez,37
bert,37
penes,37
jaralaižed,37
kived,37
parlamentha,37
liha,37
komedijan,37
laivišton,37
üksin,37
elektronine,37
turistine,37
antta,37
ülähän,37
ag,37
institutas,37
vera,37
pohjoižosetijan,37
ministrusen,37
ploduid,37
mecoid,37
suvipäivlaskmaižel,37
alused,37
tedoidusiden,37
verkon,37
sömäks,37
adigejan,37
erikospäi,37
tob,37
columba,37
sulakuspäi,37
sauvondad,37
lähižid,37
kändod,37
klassan,37
džordž,37
kiruhavtobusad,37
čas,37
francijaspäi,37
radnikoid,37
marokon,37
jogedme,37
komsomol,37
lähižiš,37
festival,37
paloiden,37
tervhudenkaičendan,37
vändai,37
if,37
we,37
edu,37
franc,37
tonight,37
hits,37
kameo,37
jp,37
kumar,37
tedomehiden,36
znamasižeks,36
šel,36
evrop,36
kahtenke,36
elektruz,36
oigenduz,36
aglomeracijas,36
päraudtestancijad,36
ületi,36
nägub,36
lühenduz,36
halad,36
francijalaine,36
mectusen,36
kirilližen,36
tobmad,36
jügureisid,36
heitihe,36
keskespäi,36
ottomanan,36
pätandan,36
sädusid,36
biznesan,36
dokumentoiš,36
ročinma,36
grenlandan,36
neiččel,36
akademii,36
uit,36
laureat,36
sihesai,36
väčeslav,36
palaspäi,36
hine,36
säduz,36
jagadud,36
muštnik,36
äilugu,36
heinäd,36
pohjoižemb,36
administrativižhe,36
peitol,36
pirg,36
titan,36
penzaz,36
tahoiš,36
bagaman,36
sebranik,36
tobol,36
huran,36
transsib,36
sijališt,36
sistemas,36
sündutihe,36
mugomad,36
velled,36
futbolklubad,36
hose,36
sad,36
voznesenjan,36
udmurtan,36
totaran,36
raudkivendon,36
endišt,36
svetlana,36
topol,36
heinkuspäi,36
suruded,36
likutim,36
alžir,36
bangsoitod,36
blagoveššenjan,36
tehnižen,36
vägestusenkandajan,36
alaän,36
kluban,36
saguden,36
baikalantagaižen,36
eländpunktoiden,36
up,36
domenad,36
tropižen,36
savannan,36
nikonz,36
surm,36
ready,36
alone,36
kargaidai,36
studine,36
mind,36
sarakoičese,36
hakasijan,35
entomolog,35
judaizman,35
tekstiline,35
grekalaižed,35
vedenke,35
tuhazesai,35
suvižen,35
tulleid,35
avstrii,35
rata,35
sekundad,35
čerepovecan,35
vitegran,35
järvespäi,35
pird,35
tän,35
maišpäi,35
vodelpäi,35
bolgarii,35
erasihe,35
kolledžas,35
tedoakademijan,35
severt,35
mülütadud,35
politižed,35
rusttad,35
vinan,35
ladimed,35
konservtegim,35
ezineb,35
evropadme,35
puspäi,35
hein,35
sibir,35
erasil,35
suugiden,35
maihutuzkeskust,35
grigorii,35
maikl,35
relätivine,35
eländpunktoid,35
fram,35
argentin,35
keskškol,35
kändi,35
lapsessai,35
mülünu,35
medicinas,35
pirdajan,35
tahondan,35
kuvid,35
külähä,35
valdkundaližes,35
änik,35
petrogradan,35
industrialiž,35
oktäbr,35
plat,35
kaičese,35
agjoiš,35
jogespäi,35
lämoi,35
karačajan,35
tadžikistanan,35
kotlas,35
teiden,35
oja,35
ibn,35
bahreinan,35
bet,35
windir,35
need,35
ezilidnad,34
kacta,34
egipt,34
äjil,34
elektrotehnine,34
alusid,34
kugalaine,34
referenduman,34
izotopan,34
lähižed,34
harvad,34
ristitištonke,34
lodehline,34
radonoigendajan,34
des,34
turistoid,34
vepsläine,34
znamoitas,34
izotop,34
avtor,34
pördui,34
marok,34
pagižijad,34
dinastii,34
jaranma,34
eriži,34
kaznuded,34
ižačud,34
produktad,34
rs,34
mäniba,34
oper,34
paloid,34
šingotaškanzi,34
suvipäivnouzmaine,34
jouk,34
toižhe,34
harakteristik,34
avaidusen,34
nelländen,34
kilometrhasai,34
jogavozne,34
savičun,34
šingotest,34
evropižen,34
süžet,34
kr,34
järedoid,34
vill,34
ümbrišt,34
ingušetijan,34
grammatik,34
iran,34
statjas,34
toštkümnenz,34
vi,34
fabrikad,34
pöl,34
lp,34
marina,34
kozakoiden,34
agjoidenke,34
kuldad,34
rahvahanižanduz,34
irdpolel,34
tol,34
nevondkundaližes,34
kubanin,34
au,34
randpol,34
levigandusen,34
mecoiš,34
kurortaks,34
brazilijas,34
ujuden,34
piterihesai,34
ispanine,34
ezilidnoiš,34
objekt,34
penz,34
saamen,34
elegiš,34
baz,34
reinan,34
verhiden,34
med,34
viktorii,34
jom,34
stancijan,34
kanalal,34
märičese,34
bränsk,34
scenarist,34
what,34
induizman,34
proporcii,34
tedoliž,34
america,34
louie,34
star,34
paha,33
ojatin,33
pap,33
mecas,33
istorijad,33
tanzanijan,33
evropalaižiden,33
hen,33
mahusid,33
sijiš,33
agrariž,33
pälidnoihe,33
federativine,33
baskan,33
referendumal,33
zonha,33
grekanmas,33
parliament,33
opetas,33
kazahstan,33
ob,33
babajevo,33
lidnuseks,33
baškiran,33
todas,33
sauvondal,33
sport,33
raudteiden,33
laudkund,33
radho,33
nikan,33
pi,33
gradushasai,33
väged,33
tedomehen,33
kendäk,33
valdkundmez,33
publikoitud,33
lühüdas,33
ugrilaižed,33
vanhad,33
änine,33
nedalin,33
eu,33
siti,33
italine,33
sodaveikundan,33
kudambas,33
ozutadas,33
portan,33
pordon,33
toižel,33
ajadas,33
hobedan,33
sijaližes,33
suviamerikas,33
administrativišt,33
kolumbii,33
perun,33
kaita,33
adivpertid,33
agjal,33
pohjoižpäivnouzmaine,33
informacijan,33
scenoid,33
metalližed,33
bank,33
sijaližiden,33
heimoiden,33
ozutihe,33
papua,33
metod,33
galina,33
änikoiden,33
un,33
pöud,33
jätktase,33
aviacijan,33
oskar,33
kundaližen,33
tailandan,33
sultan,33
kazvatand,33
pärolid,33
olendad,33
ministran,33
serafim,33
sarovalaižen,33
modan,33
rajonidenke,33
čerkesijan,33
oleskeli,33
randha,33
valentina,33
populus,33
victory,33
senegalan,33
inspektor,33
ühtele,32
sarakoil,32
äikerdoitas,32
igähižen,32
amsterdam,32
faktižikš,32
reagiruib,32
rik,32
ližadab,32
mer,32
ho,32
varuitomuden,32
vägiden,32
märitas,32
senatan,32
kitajan,32
kahesaks,32
ruhtinazkund,32
territorijas,32
pakistan,32
mert,32
atmosferan,32
mar,32
politik,32
iv,32
puhtast,32
tazovaldkundaks,32
bosnijan,32
baikal,32
vologda,32
vit,32
päivest,32
sättui,32
lopuks,32
teatras,32
br,32
torg,32
kuivahk,32
amuižiš,32
rodun,32
znamasižembad,32
portad,32
ezmäižid,32
suomalaine,32
sinkin,32
tedotöd,32
kalevala,32
radmine,32
ua,32
klassine,32
löuzi,32
metalline,32
ühtneb,32
korktan,32
poltusen,32
mramor,32
arhitektorad,32
ročilaine,32
emäč,32
kaugedraudan,32
kävutamha,32
vönen,32
radmižen,32
šanmas,32
ekvadoran,32
with,32
augotase,32
pohjoižröunaks,32
punkt,32
materialad,32
ris,32
prospekt,32
biologii,32
kirjamištol,32
kaičend,32
ülemb,32
alahan,32
dat,32
röunantagaižiden,32
istorikad,32
laskeb,32
lendimiden,32
sanutesed,32
novosibirsk,32
lähtendan,32
šoid,32
pilindmaterialad,32
kompanijoil,32
mir,32
kurortan,32
likund,32
kalifornijan,32
uskojiden,32
fk,32
komi,32
pauloin,32
järvhe,32
sauvoiba,32
astronomižed,32
harakteristikad,32
vokalid,32
nimitaškanzihe,32
ihastuz,32
starinoičeb,32
kofen,32
konstrukcijad,32
väz,32
henegiden,32
čomamaht,32
kartohkan,32
toižendoid,32
znamoičemha,32
henod,32
nic,32
hotel,32
dal,32
sömkazmused,32
bad,32
genduz,31
teorijad,31
päd,31
laudan,31
kaikile,31
mirun,31
islam,31
gr,31
termin,31
kuzen,31
laivansauvomine,31
lugi,31
štatad,31
oiktuz,31
lidnaglomeracijha,31
andorr,31
tegimid,31
kilometrid,31
pad,31
prezidental,31
lühüdamb,31
uzbekad,31
jonused,31
futorad,31
guz,31
venub,31
upotadud,31
operan,31
emäčud,31
sauvusid,31
rahvahal,31
kalliž,31
vestfalii,31
nomeruidud,31
tanah,31
oktäbrin,31
udessündutihe,31
polel,31
ro,31
laptalagruppas,31
nevondan,31
nd,31
gubernii,31
od,31
päivnouzmaižeks,31
amuižed,31
kolan,31
ladog,31
pagižeb,31
nevalaižen,31
hengeline,31
tundmatoi,31
päiveses,31
leningrad,31
lahted,31
romanii,31
rozanvuiččed,31
marin,31
sauvondkivi,31
maksim,31
bankan,31
lämoipalo,31
kontinentil,31
lehtesiden,31
korejalaižed,31
italižen,31
lopind,31
ühtnendan,31
princ,31
leninsk,31
jegor,31
ozuti,31
gubernatoral,31
kohenduz,31
id,31
šveicarii,31
energetine,31
uel,31
tigr,31
stilin,31
tegend,31
verez,31
objektoiden,31
padosein,31
pedagogižen,31
laiv,31
laivan,31
vajehtadud,31
otmaha,31
vändab,31
valdmerhe,31
erištamha,31
žilonke,31
park,31
mehanižel,31
mouckiven,31
likundad,31
skoje,31
südäikeran,31
maploduiden,31
spassk,31
back,31
livanan,31
veroline,31
orehovo,31
dj,31
bobanvuiččed,31
massižid,31
ardžun,31
voigoi,30
mugošt,30
federacijas,30
cementan,30
tagapäi,30
kirgizstanan,30
rengazavtote,30
piidab,30
amerikas,30
kogonaz,30
randištod,30
štatoiden,30
partijad,30
ksp,30
voin,30
mušt,30
tedoinstitut,30
fizikantedomez,30
töid,30
tedoid,30
nimidä,30
taričendan,30
gercogkund,30
germanine,30
painuz,30
bumag,30
statistik,30
ohjandust,30
järgeližen,30
mererandaline,30
zaiceva,30
seinäd,30
pävaličendad,30
maidproduktad,30
kirjeižes,30
kalmikijan,30
čečenalaižed,30
čarl,30
hristan,30
volgograd,30
rajoniš,30
kezan,30
aigaline,30
varaprezident,30
agjoišpäi,30
mifologijas,30
aes,30
vidhe,30
produkcijan,30
sirtud,30
molembiden,30
dram,30
südäimen,30
sugud,30
litrad,30
heitta,30
kudendes,30
hasai,30
alanijan,30
tühjitadud,30
socialižen,30
ra,30
murmansk,30
kid,30
ühtendes,30
platin,30
kitainke,30
tobjan,30
egiptas,30
akaks,30
tervhuz,30
mašiništonsauvomižel,30
administrativižen,30
organizman,30
kalendarin,30
dar,30
sciurus,30
päivnouzmpol,30
sezonas,30
lodehližel,30
raudtetransportan,30
libudas,30
cz,30
volhovan,30
kazda,30
puvillan,30
kümnendez,30
luganskan,30
vilukuspäi,30
mod,30
aluzkundoil,30
personaline,30
sosnovk,30
vemha,30
varagubernator,30
sod,30
läbitadas,30
londonha,30
pordod,30
parižha,30
erižeks,30
mirnii,30
kompozicii,30
girls,30
want,30
pirkanma,30
efiopijan,30
heng,30
polo,30
änetoitandan,30
luguiden,29
kilogrammhasai,29
vajehtusen,29
anastiba,29
kuivad,29
platform,29
sijidme,29
käskusen,29
kirjankel,29
käskuz,29
parlamental,29
grekanma,29
tavaroiden,29
lopstancijaks,29
kucui,29
fosfatad,29
ühthejoksmusen,29
sebranikad,29
kudambal,29
jenisei,29
lidnrajonha,29
belozerskan,29
oblast,29
gal,29
estradan,29
gruppha,29
ližaduz,29
kantonan,29
hengen,29
edheotandoiden,29
nižu,29
käskuzkundan,29
rezidencii,29
danii,29
kon,29
basseinas,29
päižeks,29
suvipäivnouzmaižel,29
ülüdel,29
genduses,29
formiruihe,29
kalanpüdand,29
maks,29
päti,29
maršrutad,29
tatanmaine,29
jagasoiš,29
tö,29
sibiriš,29
jändusid,29
päiväs,29
ižačun,29
izoliruidud,29
ohjanduz,29
ke,29
kana,29
raudbeton,29
jon,29
lähtleb,29
pidajan,29
vokal,29
änikoid,29
suriš,29
sille,29
oleli,29
ruhtinaz,29
mustan,29
metallurgijal,29
manrehkaidusid,29
kuni,29
jätksihe,29
suks,29
lähtta,29
päpala,29
lämuzizoläcii,29
saratov,29
ladimiden,29
sadoiden,29
tampereh,29
tallidnan,29
pohjoižpäivnouzmaižel,29
vagonoiden,29
tegesid,29
nelläspäi,29
forman,29
radnikad,29
kulun,29
kristina,29
öd,29
tahod,29
light,29
vätk,29
socialiž,29
räzan,29
hanti,29
aznoičend,29
kahtespäi,29
botsvanan,29
debütine,29
usol,29
mišel,29
fantastižed,29
imdb,29
give,29
nägused,29
fun,29
boys,29
heartbreak,29
šarma,29
bollivudan,29
mehra,29
palakaz,28
sömäd,28
institutad,28
znamasižid,28
afrik,28
suvemb,28
lujan,28
meres,28
kodikel,28
pagižijoid,28
sadahasai,28
professor,28
kubine,28
ühtnendoid,28
andželes,28
sanha,28
hüvästadud,28
tr,28
petroskoiš,28
inžener,28
ühthesuladused,28
paginan,28
znamasišt,28
radnikoičendan,28
baku,28
amur,28
ülüz,28
santimetrad,28
millimetrhasai,28
pästta,28
ühthišt,28
germanii,28
bol,28
arhitektoran,28
sauvusen,28
udel,28
substancii,28
slovakijan,28
neche,28
planan,28
toižendoiden,28
kaznuden,28
mustmägin,28
radnikoičendad,28
pühätadud,28
sädamine,28
runokirjutajan,28
ristituile,28
sädegoičendan,28
keliš,28
struktur,28
revolücii,28
pästnus,28
südäiolend,28
jädas,28
vitalii,28
sadegiden,28
vinmarj,28
ajeltas,28
hebo,28
pidadas,28
kodikoittud,28
gazad,28
sirdiba,28
kehker,28
year,28
energii,28
lüteranine,28
pedro,28
milan,28
kitajine,28
mahusil,28
barencan,28
cd,28
anton,28
lihad,28
ozutase,28
jäti,28
säs,28
kirjamen,28
igän,28
vedamha,28
suvipäivnouzmaižen,28
möi,28
engel,28
otand,28
mägid,28
tedoiduz,28
ühesaks,28
period,28
augotiž,28
augotišespäi,28
gradusad,28
sömhä,28
tegesoiš,28
senke,28
pavlovsk,28
sättutoitud,28
seičemendes,28
oficialižešti,28
matkan,28
servisan,28
territorialižed,28
vozihesai,28
stambul,28
vagonad,28
sanoid,28
saitad,28
kaikeks,28
znamad,28
shallow,28
dark,28
pään,28
usadib,28
profškol,28
sistemiden,28
kaitud,28
kingiseppan,28
kuibiševan,28
jevsk,28
studižed,28
lujid,28
tehnikan,28
metalližkonstrukcijad,28
finikijan,28
jured,28
about,28
kot,28
void,28
kotel,28
personad,28
seikhed,28
jagused,28
tosnon,28
änetoitand,28
but,28
solistan,28
jonusen,28
kei,28
malhotra,28
sünduti,27
kenijan,27
üläh,27
kovad,27
latinine,27
edahaižes,27
sahalin,27
ohotskan,27
tüvi,27
fakto,27
kodin,27
sodalendimport,27
paksumb,27
diego,27
finansine,27
vajehtusita,27
täuttud,27
tekstad,27
lauk,27
alusenpanendaspäi,27
dunai,27
organ,27
mecoiden,27
prussijan,27
čereduišoiš,27
geografižed,27
jurid,27
lugumäran,27
mahtusel,27
tundmust,27
ac,27
raudtesild,27
gumanitarine,27
runoid,27
vezivaradint,27
alajoksmuses,27
rahoid,27
specialine,27
päivnouzm,27
milliardad,27
islandii,27
filippinoiden,27
avton,27
eläbiden,27
abutuz,27
teid,27
maižanduses,27
tegimištoline,27
tagaze,27
fridrih,27
tegimištos,27
tarbiž,27
äjüz,27
munad,27
päličmänendmetall,27
surenke,27
keskmäižes,27
ir,27
izrail,27
pötr,27
tullein,27
naižed,27
mägenoc,27
väta,27
kirjutihe,27
ehtatim,27
otandan,27
kolnu,27
päivälpäi,27
öl,27
territorialižikš,27
veb,27
pirdoidenke,27
plenha,27
suugad,27
sidon,27
sodahoštusen,27
nzihe,27
prihaine,27
pälidnaspäi,27
reformad,27
variantad,27
kirjkelen,27
mdud,27
kunigaznaižen,27
etnižed,27
tunis,27
pedroin,27
santjago,27
aleksandrovsk,27
šebin,27
čadan,27
vilun,27
erinedas,27
seinän,27
pajonke,27
džonni,27
päsarak,27
tallidnhasai,27
kosketusiden,27
kilometrižen,27
endustai,27
tul,27
banknotad,27
erižikš,27
eländpunktoikš,27
nadežda,27
years,27
znamaks,27
käzi,27
azur,27
džaz,27
populärižust,27
kapitan,27
angel,27
išttas,27
prem,27
lesoton,27
pohjoižpohjanma,27
pradeš,27
beninan,27
adam,26
starin,26
tazangišt,26
lidnelektrojonused,26
ülemba,26
saridenke,26
lüksemburg,26
ministrad,26
likkuimed,26
produkcii,26
municipalitetad,26
armastuses,26
keskuzazijan,26
uses,26
stöklan,26
azii,26
lopihe,26
voziš,26
serii,26
likutimed,26
purtked,26
mašiništonsauvomine,26
minsk,26
leninan,26
berlinan,26
president,26
magnii,26
zal,26
gercegovinan,26
lugedas,26
irtiš,26
randišton,26
evrejalaižed,26
vodin,26
lidnale,26
kulundan,26
sirdihe,26
kivendod,26
hal,26
avar,26
vodhe,26
tedoiži,26
sebran,26
grafkundan,26
seinid,26
avtotesildad,26
täut,26
satuseks,26
vajehnik,26
hurad,26
za,26
lekarin,26
sergii,26
suvi,26
material,26
radnikust,26
radnikoiči,26
pölištui,26
latinižen,26
märas,26
processad,26
ti,26
vöiš,26
pumaterialan,26
živatoid,26
okaidud,26
söda,26
piterinke,26
vönes,26
objektaks,26
tagokaz,26
naimiželospäi,26
vägestai,26
mär,26
varapalad,26
jeran,26
läžundoid,26
david,26
sötlese,26
hilläšti,26
püštoiged,26
sebr,26
olnu,26
periodika,26
ližadusenke,26
lodehližes,26
abutadas,26
jumalankodid,26
turistoiden,26
valdkundaližil,26
matkadajad,26
lapsid,26
zelandii,26
cellülozbumagaine,26
stepin,26
sö,26
julija,26
agjaspäi,26
rig,26
maksimum,26
hoik,26
oza,26
alla,26
džai,26
stil,26
ai,26
avtoteiden,26
par,26
sezonan,26
georgii,26
nii,26
kil,26
alasaksonii,26
ana,26
stancijaspäi,26
kaimdailidn,26
jevna,26
lumen,26
vihandan,26
elokuspäi,26
uhokuspäi,26
ukr,26
regioniden,26
konorüt,26
statistikad,26
sokol,26
kulud,26
kudendez,26
rahaazjoiden,26
ühtmuz,26
socialižed,26
indonezii,26
kävutandas,26
tailand,26
voitegim,26
tehas,26
politehnižen,26
jauh,26
evropha,26
alajoksmusen,26
lomonosovan,26
from,26
fire,26
gur,26
sat,26
populärižeks,26
hibjoiden,26
ramuziš,26
cn,26
main,26
will,26
uht,26
vedimdepo,26
läžundad,26
armastan,26
sötkeks,26
režissöran,26
nituil,26
disko,26
metal,26
epizod,26
pereheze,26
just,26
indejižed,26
serijad,26
karlos,26
gitaristad,26
ganan,26
minial,26
say,26
dil,26
küläeländpunktaks,26
ühtnendas,26
matematikas,25
pök,25
planetad,25
eriližešti,25
kongo,25
lindäs,25
lihansöjad,25
vitkos,25
nored,25
nt,25
judaistad,25
balkanan,25
ghine,25
surel,25
kazahstanas,25
jäižes,25
maksoi,25
kaiči,25
artut,25
molibden,25
kongress,25
velosipedad,25
jüguavtod,25
oiktusidenke,25
pekin,25
suvižed,25
atmosferas,25
mülün,25
himijas,25
mašinad,25
videnden,25
ližamujunke,25
boksitogorskan,25
varhapanendal,25
imetaiživatoiden,25
horvatii,25
turkmenistanan,25
ümbrištonke,25
sötlesoiš,25
parlamentad,25
päkeskuz,25
paloikš,25
valatoiti,25
oh,25
ühtnendoiden,25
aktivine,25
kondi,25
lihansöi,25
vasttase,25
terekan,25
lidnoišpäi,25
služi,25
armijas,25
goll,25
fondan,25
edes,25
tedoti,25
nügüdläižed,25
koumhe,25
prezidentiž,25
tehnik,25
procenthasai,25
laivansauvomižel,25
vanhas,25
keratas,25
runoiden,25
islamine,25
mahtusid,25
kolonii,25
gel,25
udenma,25
ota,25
territorijha,25
municipaližeks,25
mectuz,25
emäčun,25
municipalitetas,25
korktad,25
hobedakaz,25
udmurtalaižed,25
sortud,25
ühtennimižes,25
jekaterinburgan,25
höunhišt,25
norid,25
arktine,25
geografine,25
larus,25
ugrilaine,25
avol,25
provincijas,25
venämadme,25
ühtennimižel,25
vägestusen,25
igähižiden,25
kirjutadas,25
sanu,25
satust,25
kuhusai,25
puškin,25
jüguavtoiden,25
süiden,25
čomamahtoine,25
muzikant,25
deutsche,25
klass,25
klassas,25
lomonosov,25
rivi,25
kalližarvoižed,25
mändas,25
rikoi,25
territorialižeks,25
paremba,25
turku,25
likutimen,25
kov,25
kakao,25
jorkan,25
siled,25
kozakad,25
valdmad,25
čuraduz,25
päivlaskmaižeks,25
kudmaine,25
simfonii,25
sanutez,25
koskimsoitod,25
black,25
mugoižed,25
žilonno,25
suviröunaks,25
prefekturan,25
kollektivan,25
ves,25
pölvhan,25
kombinatad,25
kebnan,25
ühthižes,25
norišton,25
orel,25
kijan,25
viipur,25
savičtegim,25
kozakišton,25
tärtusid,25
vajehtuz,25
avaruden,25
romance,25
mavritanijan,25
sirijan,25
burkina,25
burundin,25
rahvahandeputatoiden,25
barbadosan,25
debütižed,25
änikon,25
čomakulu,25
talk,25
take,25
režissöraks,25
mugoman,25
miss,25
princess,25
fields,25
nilan,25
kit,25
varzil,25
bombei,25
kaupunki,25
korejankel,25
čopra,25
smap,25
katav,25
azjad,24
avtonomijan,24
kadoi,24
metallurgine,24
turoiden,24
sodoiden,24
nimitusespäi,24
jakutijan,24
navedi,24
maižandushe,24
surinaman,24
ostmižmahtusen,24
kengäd,24
pohjoižamerik,24
aigaižed,24
avaiduz,24
ühtniba,24
territorijoid,24
aluzkundoid,24
sündub,24
analizan,24
filosofii,24
sul,24
hätkemban,24
kaikenaigaižiden,24
järedoidenke,24
valičendoil,24
lühüdaks,24
strokuiden,24
religijad,24
sudan,24
soiden,24
surembiš,24
žanroiš,24
valdkundkeled,24
ižoran,24
saudas,24
äikerdoičendan,24
todesižed,24
londuselišt,24
vedhuz,24
kundaks,24
dolomit,24
jäiba,24
himikad,24
serbii,24
raudkivendod,24
častomaraižen,24
järgenduseližen,24
petrovsk,24
avarod,24
ogajo,24
melestegii,24
kalevalan,24
radonežalaižen,24
turha,24
matematik,24
taivan,24
ühtnikoikš,24
rahvahaližed,24
millionerad,24
bananad,24
ford,24
nügüdläižes,24
frankfurt,24
dvd,24
pohjoižröunanno,24
tuhan,24
heretused,24
vezad,24
portugalii,24
taivaz,24
gustav,24
sömižen,24
sanged,24
kändasoiš,24
kaži,24
suril,24
edahan,24
joudjas,24
händikaz,24
baltijanmeren,24
satusenke,24
omanan,24
oficialiženke,24
satusiden,24
kostarikan,24
kebnavtod,24
kamanjogen,24
kenen,24
severziden,24
päivnouzmaižil,24
küpsnedas,24
järedoiden,24
elizavet,24
kazahan,24
zavodindas,24
kem,24
rahvahaližhe,24
litvanma,24
riktud,24
ab,24
kümneks,24
vinad,24
leibäd,24
tahtoi,24
čuradusen,24
väll,24
tetabiden,24
ladim,24
radio,24
paginal,24
kanghad,24
voimust,24
korktusen,24
oslo,24
tomsk,24
läžundoiden,24
pidusen,24
kalininan,24
venan,24
elämhä,24
kotk,24
toižeks,24
teta,24
vauktuz,24
rimas,24
ümbrikirjutab,24
armavir,24
zelandijas,24
arv,24
mahust,24
erigoittas,24
diametr,24
sauvomižes,24
letas,24
modelid,24
raudbetontegesiden,24
šeksnan,24
kuivan,24
johann,24
funkcii,24
poigan,24
pirdoid,24
irkutskhasai,24
oludtegim,24
odessan,24
mainitasoiš,24
lugan,24
bugul,24
rafael,24
kävutandanke,24
mužikan,24
tambov,24
pühämehiden,24
kartal,24
name,24
konkursan,24
krasnodarhasai,24
kändai,24
suvipalan,24
znamoičese,24
woman,24
tärtust,24
indan,24
sudanan,24
kabo,24
sokolan,24
reglamentiruidud,24
beliz,24
kožundan,24
vastal,24
sara,24
ram,24
eyes,24
remiks,24
gatčinan,24
ozaitelemižed,24
serialoiš,24
popgruppad,24
psevdonimanke,24
personaž,24
pak,24
piguden,24
cola,24
žomid,24
ko,24
lidnanpämehen,24
roliden,24
adonis,24
shinee,24
nietzsche,24
sovetsk,24
čeläbinskhasai,24
laud,23
lämoin,23
harakterizuiše,23
zonad,23
bankoiden,23
todesižikš,23
tazopindad,23
vägel,23
tarbhaižiden,23
harvemba,23
šingotadas,23
sijil,23
kožui,23
ispanijaspäi,23
okkupacijan,23
gii,23
kundoiden,23
meriden,23
tiran,23
kz,23
mž,23
veren,23
istorižikš,23
alusenpanijan,23
suhišton,23
päivnouzman,23
serbalaižed,23
romanijalaižed,23
ezitajid,23
süvä,23
openduzkeskuz,23
jäižed,23
pezoid,23
pohjoižpolehe,23
purtkeks,23
amuižembad,23
valatoitab,23
ristitištod,23
terasen,23
budapešt,23
paks,23
ioniden,23
toksine,23
metallurgijas,23
artöm,23
pohjoižpoles,23
radnikoičend,23
italijas,23
von,23
kijevan,23
napri,23
märičendühtnik,23
rigan,23
formas,23
nimitasoiš,23
päivnouzmpolehe,23
uskondad,23
painuden,23
köl,23
baden,23
perm,23
vizantijan,23
tabak,23
jomiden,23
komedii,23
vihandad,23
kaičii,23
varoid,23
ühtenden,23
kuivmadme,23
regioniš,23
ispanijas,23
minimaline,23
toihe,23
valičemižümbrikoks,23
käskuzkundaline,23
mifologii,23
kartohk,23
verod,23
alaerik,23
petroskoihe,23
kozakoil,23
tehnologijan,23
nenihe,23
saitan,23
neva,23
tosno,23
toižendan,23
polina,23
maršalan,23
tropižed,23
lete,23
bd,23
vö,23
orenburg,23
lo,23
vitegr,23
vändoiden,23
ön,23
ploduiden,23
küliden,23
ban,23
galaktikan,23
tähthad,23
komitet,23
ohjandab,23
lidnanlaptaks,23
ümbrikonke,23
sizran,23
francisko,23
fransua,23
röunanke,23
komilaižed,23
taivhan,23
vezišt,23
tine,23
krimantatarlaižed,23
suviuralan,23
lop,23
ozutajad,23
sezonreisid,23
čerepovec,23
varuline,23
sin,23
karmacode,23
raudtestancijanke,23
kirovsk,23
vägimehen,23
vsodan,23
sanuda,23
nol,23
baby,23
sijaspäi,23
atoman,23
varmitadud,23
lanktendanno,23
medicin,23
panese,23
lendimportan,23
severskii,23
posadan,23
moskvaspäi,23
tümen,23
records,23
kuna,23
nar,23
šoud,23
murino,23
valu,23
out,23
valdkundznamad,23
aüe,23
tön,23
never,23
hüvän,23
mozambikan,23
gangan,23
indijalaižed,23
nowhere,23
universe,23
remix,23
collection,23
desireless,23
rock,23
dreams,23
mugoižid,23
lose,23
videoklip,23
summer,23
little,23
nothing,23
džek,23
morandi,23
mostotrestan,23
mostotrest,23
problem,23
fort,23
hurricane,23
menan,23
sötmižkazmused,23
nad,23
pölvaz,23
kuvatud,22
afinad,22
meriportaks,22
rodul,22
livijan,22
lähtend,22
kron,22
indoevropine,22
adriatižen,22
hengele,22
hapandusen,22
reakcijoid,22
pidembad,22
mississipi,22
politižen,22
puerto,22
ezinenas,22
verkos,22
valdkundha,22
kilometrine,22
tavaroid,22
kožundaktan,22
kontinental,22
leved,22
antarktidas,22
ühthemänho,22
hapanikan,22
arsen,22
puhthas,22
mečetid,22
istorižiden,22
keskuzpalad,22
ühtetas,22
gang,22
toksižed,22
magnitudanke,22
keskuzamerikan,22
produktoiden,22
paloišpäi,22
tedoline,22
surihe,22
paindud,22
valdkundadme,22
elektromašiništ,22
tazangišton,22
suremban,22
elektrojonused,22
avtonomižeks,22
andase,22
ordenan,22
bajarišton,22
vaugedvenämas,22
maja,22
tedoidused,22
stavropol,22
stabiline,22
voččen,22
ida,22
üläkodin,22
pereh,22
modelin,22
laski,22
kremlin,22
nozol,22
veimiden,22
suvižel,22
vezinikan,22
mainal,22
ližatud,22
lugeda,22
vajehtused,22
tulda,22
pähkmed,22
veik,22
kividen,22
ballad,22
äiluguižid,22
kudenden,22
sijatud,22
pigut,22
koirad,22
londoid,22
ionad,22
hibjad,22
ližatihe,22
päivkodi,22
arabialaižed,22
onlain,22
torgusen,22
järgeližed,22
lodehližen,22
bin,22
penzhiden,22
jel,22
rajonal,22
peniš,22
voččiden,22
koverikaz,22
leta,22
kukoi,22
vajehtada,22
šoll,22
kipran,22
jätktab,22
kazahstananke,22
kirjamištod,22
gruppiden,22
moldovalaižed,22
rahvahidenkeskešt,22
vepsläšt,22
funkcijad,22
bankad,22
im,22
projektad,22
bal,22
neiččed,22
puškinan,22
nomerad,22
futbolist,22
semendkul,22
leon,22
čehan,22
graf,22
sädegoičend,22
sömine,22
sugun,22
kuviden,22
čihodamiženke,22
nacistižen,22
industrijan,22
fiksiruidud,22
janovsk,22
järgeližes,22
ročinmas,22
holitusen,22
enambust,22
šotlandii,22
ladogan,22
privatižed,22
mugomid,22
znamasižikš,22
hanna,22
päivlaskmpolehe,22
džordžtaun,22
pigai,22
starinad,22
kirillovan,22
terek,22
prozan,22
nded,22
päkäskust,22
rahvahatomad,22
ecmäs,22
meriveden,22
male,22
jätkustui,22
ezmäižiden,22
paulu,22
petroskoihesai,22
admin,22
adrenaline,22
hijaman,22
pätinan,22
jumalanpertinke,22
pühästadud,22
vulkanan,22
vihmsezon,22
day,22
korporacijan,22
more,22
arvlahjad,22
pirdad,22
pskov,22
meriportad,22
päč,22
kodihe,22
jäihe,22
amuižembiš,22
sü,22
tor,22
randanno,22
magadanan,22
ioann,22
ristan,22
noskov,22
železnogorsk,22
sodamehed,22
sämižkanzha,22
pe,22
emiratoiden,22
irakan,22
jumalnaine,22
žoze,22
tome,22
avtotekeskust,22
suhonan,22
mülükundas,22
venecijan,22
navettäs,22
vitaminad,22
romantic,22
earth,22
away,22
rikta,22
tahtoin,22
gimalajiden,22
oliži,22
music,22
arhitektur,22
čžen,22
seikhen,22
zm,22
psihologii,22
young,22
bangalor,22
mašinoiden,22
kanghan,22
panam,22
hindikel,22
kadotab,21
päiväižes,21
mainitadas,21
vös,21
ujudas,21
pimed,21
naprindad,21
ekvivalentas,21
sportan,21
ristituil,21
kahtendeks,21
turkeskuz,21
koumenke,21
anatolijan,21
saksanmaha,21
oigetihe,21
anastadud,21
andmusid,21
pjer,21
valiči,21
lidnankundaks,21
kuldaižen,21
udessaudihe,21
platformad,21
bavarijan,21
alištusen,21
grafit,21
azerbaidžan,21
bard,21
angar,21
daniel,21
žiloiden,21
metron,21
lidnkundha,21
sofii,21
nedališ,21
mujutadud,21
germanijalaine,21
cirkonii,21
konstitucižen,21
ded,21
borisoglebsk,21
tuhal,21
kijev,21
radmaha,21
kaksitadud,21
edheotajad,21
kelentedomehed,21
aigoiden,21
kenaluine,21
čihozi,21
tartu,21
ližata,21
amuižiden,21
suvipäivlaskmaižed,21
municipaližikš,21
avtoid,21
kaluiden,21
elizabet,21
eziauguižin,21
ton,21
stambulha,21
andad,21
helsinki,21
ühtnedas,21
ristitule,21
aigoišpäi,21
ozutada,21
heimolaižed,21
kacub,21
federacijanmas,21
varaprezidentad,21
provincijad,21
nikaraguan,21
slovenijan,21
ümbriradamha,21
kundaližtransportaks,21
aluzkundan,21
lopuline,21
torhudeks,21
nan,21
avtonomižes,21
uzbekalaižed,21
pučihe,21
maižanduztehnikum,21
georg,21
päividen,21
rezidencijaks,21
maša,21
nikolajevsk,21
lähemba,21
sinei,21
vedel,21
sodakukerduz,21
pakaine,21
moskvanke,21
laudkundad,21
futbolistad,21
internetan,21
nal,21
keitandsolan,21
norvegine,21
aglomeracijha,21
omsk,21
levineb,21
orav,21
žid,21
kazvatada,21
filosofan,21
olmatomuz,21
introduciruidud,21
uhokul,21
nahk,21
mastar,21
lihtenšteinan,21
tedoinstitutad,21
nke,21
pordaigaline,21
vcik,21
kivid,21
külänno,21
oulu,21
this,21
ohjasti,21
mongolii,21
kirjaine,21
kaid,21
pohjoižrandal,21
znamoičendan,21
rahvahaližes,21
muzikankirjutajan,21
roi,21
kaikenaigaižen,21
pordol,21
specialižed,21
ribinskan,21
funkcijoiden,21
löuzihe,21
ozutesed,21
čajun,21
comalies,21
kirovskan,21
polärine,21
sauvojiden,21
järvil,21
bb,21
pedai,21
päivnouzmašt,21
velikije,21
bologoje,21
poleti,21
avtopaloiden,21
dubn,21
vintegim,21
keskustaspäi,21
penel,21
reisiden,21
xt,21
šoidud,21
ivanovo,21
mehil,21
japonižen,21
kalanpüdandan,21
kommertižed,21
verkod,21
kirill,21
zanevkan,21
babuškinan,21
enččiden,21
kazanihesai,21
two,21
rahaühtnikad,21
kirjamid,21
karusel,21
irdal,21
petrovskii,21
aš,21
arab,21
registracijan,21
dollar,21
štatha,21
nataša,21
monakon,21
serijan,21
tähkheiniden,21
mestizo,21
galaktik,21
edelespäi,21
middle,21
calling,21
peace,21
sarnad,21
mdand,21
tariž,21
änetoiti,21
sportnikad,21
kabjživatišton,21
pöudoil,21
kožundkirjutez,21
zambijan,21
bolan,21
podol,21
tokios,21
hear,21
poppajatajad,21
bang,21
vanuatun,21
vesnuhheinižed,21
mifologižed,21
änetoitab,21
džango,21
neičeine,21
keskafrikan,21
tongan,21
dünu,21
paremb,20
ližad,20
toda,20
kontinent,20
evrazii,20
keskmeri,20
jogiš,20
värtmenvuitte,20
rougun,20
änikoičendan,20
lopindan,20
biblii,20
socialistine,20
radnikusel,20
ret,20
valdkundoišpäi,20
anst,20
azot,20
hapanduz,20
džo,20
jehovan,20
kukuruz,20
veziden,20
haloid,20
ispanijalaižed,20
francijalaižed,20
lähiženke,20
ezmäižhe,20
süvär,20
segežan,20
matematikantedomez,20
keskusišpäi,20
ližajogenke,20
kuden,20
ičendoiden,20
alangoikaz,20
miččed,20
italijalaižed,20
metropolitenan,20
varmed,20
istorižes,20
töd,20
tekstan,20
varn,20
bg,20
torhuz,20
paloil,20
azegišton,20
legend,20
seglusenke,20
mahačkal,20
šoidkivi,20
lämän,20
dk,20
kirjankelen,20
dvin,20
tetabambad,20
kalendariš,20
praznikan,20
reguliruindorganzacii,20
pärnu,20
tundištadud,20
veroližed,20
valdkundaspäi,20
poleks,20
ohjastust,20
professoran,20
emil,20
kilogrammas,20
tarkoiged,20
raštvad,20
kumikad,20
valdkundališt,20
divan,20
mezjäižed,20
agent,20
živatan,20
hir,20
er,20
lihaproduktad,20
levigandmižavaruz,20
pölištuiba,20
aglomeracii,20
joudjaline,20
pa,20
gvatemalan,20
enambusen,20
keramikan,20
kahtent,20
pohjanno,20
joškar,20
kujod,20
openzi,20
šui,20
marksan,20
vezištod,20
znamasižešti,20
minutas,20
nägui,20
abramov,20
materialoid,20
kaimdajad,20
erasen,20
tirpi,20
keskškolad,20
samišt,20
afganistan,20
ve,20
sättujad,20
lidnanznam,20
fa,20
beton,20
energijad,20
tarbhaižid,20
tähkheinäd,20
policijan,20
per,20
bazine,20
jaroslavl,20
mülündan,20
zelenogorsk,20
fizižen,20
puižed,20
valatoitandanke,20
astronomine,20
kitajalaižed,20
lujetud,20
lüksemburgan,20
vladikavkaz,20
rengaz,20
direktor,20
nitmarin,20
nektarad,20
jäda,20
arvnimenke,20
rajonaspäi,20
plastikan,20
sädud,20
lendint,20
turkanmas,20
nozoltadud,20
udesnimitadud,20
vinmarjan,20
oficialižes,20
kudambiden,20
oi,20
maged,20
näguz,20
kirjutusid,20
anastasija,20
sirdandan,20
läksiba,20
adventistoiden,20
gosuslugi,20
bukpu,20
revolücijad,20
ühtejitte,20
zavodindan,20
disk,20
millioner,20
tetabaks,20
levitadas,20
čai,20
sijaližid,20
kuba,20
venämalaižen,20
ron,20
merenproduktad,20
tedoidamha,20
leibkombinat,20
luguid,20
ce,20
kombisötken,20
tera,20
everybody,20
satusekaz,20
alajaguz,20
üläškol,20
kam,20
vladivostok,20
habarovsk,20
evrejalaižiden,20
ližajogiden,20
mecoil,20
soid,20
venesuel,20
kovo,20
transsibal,20
sem,20
jagusen,20
rahuded,20
eläbalaz,20
nencalaižed,20
vajeh,20
harakterizuib,20
ugandan,20
tokioho,20
kazvatandan,20
vaumiž,20
ajoi,20
kitan,20
gvatemal,20
puhub,20
bangladeš,20
domennimiden,20
versijan,20
rattemata,20
din,20
domennimed,20
irdan,20
stancijanno,20
rajonkeskuz,20
kamensk,20
frenk,20
heine,20
žanna,20
ühtejiččed,20
medenkandai,20
garden,20
ep,20
bugrin,20
braziline,20
sakhalin,20
ezikät,20
space,20
rodriges,20
kinoakt,20
aigtegod,20
morris,20
socialižiden,20
logan,20
cerambycidae,20
mustafa,20
pendžab,20
vesprem,20
oliveira,20
roberto,20
eritrejan,20
japonankel,20
bratskan,20
sergijev,20
baahubali,20
kalughasai,20
kogonaine,19
objektan,19
linne,19
tege,19
akad,19
vastkarin,19
neitraline,19
transportine,19
vižkümnenden,19
katab,19
oigenzi,19
mehid,19
randišt,19
sauvondas,19
mägisuksiden,19
subtitrad,19
volhov,19
vägestuz,19
valdmeriden,19
vöd,19
tundištajad,19
surembaks,19
viluhk,19
eländpunktoidenke,19
časus,19
farmaceftine,19
oigeta,19
atomine,19
tobjad,19
mehanikan,19
vahvištihe,19
kohendusen,19
edelstrokuižed,19
alkogoližed,19
astrahan,19
palaha,19
burn,19
ekonomižhe,19
komitetan,19
kelid,19
sädajad,19
geologii,19
estinmas,19
suomalaižiden,19
eričud,19
czin,19
reakcijad,19
tuhk,19
ühthesuladusiden,19
transportsol,19
kompleksan,19
modifikacijad,19
oigendab,19
ühesas,19
solad,19
äjidenke,19
vägev,19
vezinik,19
ola,19
pohjoižkavkazan,19
statusan,19
akademijan,19
muzejas,19
laureatad,19
ajeli,19
gazprom,19
vingl,19
suomenmanke,19
veron,19
avaruz,19
statistižhe,19
sädas,19
klassad,19
lendai,19
piterišpäi,19
gamburg,19
käta,19
ičeohjandusen,19
baziruišoiš,19
voimusine,19
tehnologii,19
nahkoiden,19
džozef,19
atomoiden,19
kovas,19
löutas,19
tazovaldkundal,19
only,19
keramine,19
grande,19
aluzkundoiš,19
matknikoiden,19
ben,19
küpsad,19
radioaktivižed,19
devi,19
kätud,19
jaižed,19
astronomii,19
bazal,19
titanan,19
kanadine,19
segež,19
ozan,19
kelihe,19
kaunas,19
tundused,19
sekundas,19
purtkiden,19
pida,19
bazaks,19
mända,19
tropižes,19
našt,19
kalanpüdajiden,19
fotomodel,19
pakuižed,19
rahoiden,19
grus,19
tibetan,19
musca,19
oigendamha,19
varaezimez,19
süd,19
rimalaižed,19
kadoiba,19
niihe,19
vaigan,19
notked,19
muštho,19
tähthiden,19
himižid,19
andoiba,19
udessaudud,19
čuhunduz,19
ümbrikirjutadud,19
pohjošt,19
dtaho,19
professionališt,19
rahvahanikust,19
kuvan,19
municipališt,19
subjektan,19
kart,19
präžan,19
reboi,19
kogonaižen,19
leten,19
seičemendez,19
mto,19
käskusišt,19
ispanijalaižil,19
mikrorajonaks,19
gumanitariž,19
olii,19
ühtenke,19
nevis,19
polenke,19
pragan,19
jorkas,19
abutiba,19
kirišin,19
saduiš,19
gused,19
industrialižen,19
ufan,19
zonan,19
ulan,19
irdmärad,19
vinsent,19
literaturas,19
konsonantad,19
olem,19
vajehnikad,19
stilid,19
karg,19
suhon,19
anglijas,19
londuseližes,19
ujuda,19
anke,19
keskaigaine,19
elokaz,19
krizisan,19
sjerra,19
medvežjegorskan,19
sizart,19
vjetnam,19
šrilank,19
osak,19
valdkundröunanno,19
krasnojarskhasai,19
akul,19
kaivuz,19
todud,19
kaidad,19
ll,19
oo,19
kontrol,19
lonely,19
party,19
down,19
mecpilindan,19
jumaloiden,19
stiven,19
londan,19
lopstancii,19
päjumalanpertinke,19
barnaul,19
prefektur,19
ussuri,19
pohjoižsaamen,19
päivoikaz,19
mahtused,19
dan,19
ghetulii,19
okanjogen,19
desnan,19
londuseližel,19
bombardiruindale,19
pördumine,19
päčid,19
elevator,19
cellülozbumagaižel,19
pas,19
priozerskan,19
prospektan,19
hüväšti,19
permihesai,19
läžundan,19
teorijas,19
lainhiden,19
kris,19
kara,19
valütkod,19
domennimen,19
valütan,19
mägišton,19
tai,19
avtonomiženke,19
lehtkuz,19
amural,19
harovskan,19
kommertižetomad,19
seikhid,19
mjanmaran,19
warriors,19
geronimo,19
jet,19
airliner,19
sexy,19
holl,19
tähthasižed,19
feel,19
super,19
greatest,19
nigeran,19
čomuden,19
mdihe,19
gabriel,19
enough,19
oraks,19
togon,19
funkcijoid,19
eriližused,19
fj,19
semetas,19
coca,19
sadakund,19
welcome,19
kamerunan,19
päčin,19
suksid,19
japonijalaine,19
jarašaks,19
kišteršegad,19
megye,19
vastamižpaineg,19
kolkat,19
čon,19
vihmmecoiden,19
arzamas,19
elefantad,19
vidžai,19
seičemen,18
nedalid,18
abakan,18
tetad,18
bumbakod,18
äilugus,18
šingotasoiš,18
subtropižes,18
päivlaskmašt,18
processan,18
lähišt,18
käbud,18
nevondkundha,18
kodid,18
alamaiš,18
nl,18
paginoid,18
albanii,18
kandidatoid,18
paritetan,18
passažirreisid,18
olijoiden,18
päižen,18
sünduihe,18
nelläd,18
štatoiš,18
instrumentad,18
pine,18
söndtavarad,18
funkcijoil,18
kommunistižen,18
kezakul,18
hä,18
vedusen,18
sarištod,18
vilumb,18
kahesanden,18
ičeksaz,18
armenii,18
stökol,18
fal,18
imperijad,18
čehanma,18
antimonii,18
elektrotehnižen,18
janczi,18
sanktuz,18
erazvuiččend,18
muretihe,18
hanan,18
transkripcii,18
bolgarijalaižed,18
sodas,18
mererandan,18
lüteranižen,18
avtotesol,18
päivnouzmaiženno,18
karv,18
mecha,18
bumbak,18
kävutandad,18
cinkan,18
fareran,18
kaičendministrusen,18
kembridžan,18
online,18
heittihe,18
heittud,18
verajad,18
pühämehen,18
edheotandan,18
osti,18
vürtemberg,18
elias,18
käski,18
päivlaskm,18
rahvast,18
viru,18
jandi,18
rives,18
kudespäi,18
nellänke,18
pidai,18
po,18
cl,18
marsel,18
kebnemb,18
kabel,18
comune,18
sodaha,18
vägen,18
gessen,18
tazovaldkundad,18
territorijoil,18
mahtusen,18
zu,18
puttas,18
eländpunktoiš,18
kaliningrad,18
magu,18
vedhe,18
aläsk,18
kagl,18
villäd,18
lindun,18
ühtnikaks,18
skandinavijas,18
vastha,18
pautkel,18
statjoiš,18
ohjandajan,18
lugustusen,18
raudteid,18
villänkul,18
ispanijankel,18
gondurasan,18
sarišton,18
laivoid,18
nikolajev,18
tadžikalaižed,18
naprind,18
kezaline,18
vezoid,18
ivanov,18
vero,18
ojat,18
linkol,18
poltuseks,18
tegijan,18
kagr,18
heižtahod,18
program,18
sättudas,18
astjad,18
tekstiližel,18
käsköl,18
timošino,18
tobmin,18
ičheze,18
möhäine,18
gibridad,18
ristitul,18
tegendan,18
sadoiš,18
ladv,18
slovakii,18
rahvahanikad,18
kiriši,18
bis,18
kommunaks,18
troick,18
omblendedheotandoil,18
runokogoduz,18
ozrikkivi,18
keskuzrajonas,18
nägud,18
novo,18
toni,18
torved,18
induizm,18
koliba,18
erasišti,18
dizainer,18
langetas,18
sankt,18
krasnosel,18
florid,18
mägiš,18
suviröunal,18
alusenpandud,18
veline,18
raudad,18
ühtištadud,18
polehe,18
statusata,18
balakovo,18
matknikoid,18
sanui,18
uskojid,18
mihailovsk,18
kaikenaigaižid,18
valdmerine,18
paragvai,18
lämudenke,18
rostovhasai,18
suvipäivlaskmaižes,18
jädub,18
jändusiden,18
nominalanke,18
mahtoi,18
openumha,18
velgusentäutai,18
andoihe,18
long,18
sarespäi,18
büdžetan,18
erindha,18
sodapämehed,18
jogivaldmad,18
kategorii,18
parahimad,18
vedada,18
kirjutada,18
fel,18
äiluguižiden,18
lidneihut,18
mvt,18
sildal,18
pästandad,18
südäitukun,18
šingoteses,18
bo,18
fernando,18
kattas,18
poltuz,18
läheli,18
mars,18
tad,18
malik,18
pälidnanke,18
sjudad,18
oman,18
madagaskar,18
hul,18
läžundkodi,18
rk,18
kukhikahas,18
ženke,18
jas,18
kilometr,18
sojärv,18
sortaval,18
pämehištole,18
suvipalad,18
puižen,18
šoun,18
lugeb,18
tverihesai,18
päivnouzmpolen,18
kazvatandal,18
anders,18
tarkust,18
vaihid,18
tarkoikti,18
päivesen,18
nikaragua,18
elena,18
kuidud,18
lipeck,18
suven,18
lidnrajonad,18
soban,18
sened,18
janino,18
kujo,18
nur,18
tetaban,18
pečor,18
parm,18
end,18
sauptihe,18
agrarižen,18
vago,18
lebuturizmal,18
risan,18
muzikantad,18
kino,18
lugumärad,18
af,18
simvolad,18
regulätor,18
venc,18
jemenan,18
jamaikan,18
svobodnii,18
teidme,18
vladimirhasai,18
murom,18
mihailovk,18
tuvalun,18
molembiš,18
getas,18
galaktikad,18
päjärgvaličendad,18
torguz,18
sämžan,18
ontario,18
lover,18
kändiba,18
peituz,18
nikita,18
koncertižed,18
primorsk,18
armastushe,18
wild,18
christmas,18
čartoiš,18
indejižiš,18
mona,18
analiz,18
gost,18
studio,18
džessika,18
muil,18
pagiže,18
faktor,18
azijalaižed,18
rujoheinäks,18
makeba,18
prihad,18
survivor,18
ramon,18
sarakos,18
seinjogi,18
metodoid,18
sbt,18
garblon,18
madagaskaran,18
mangan,18
šahruh,18
midural,18
tarnogan,18
sonija,18
puri,18
äikerdoičend,17
jagoihe,17
znamoiči,17
jaine,17
ajab,17
novokuzneck,17
eva,17
hokkaido,17
kuzed,17
tihedašti,17
valdkundaks,17
ofisan,17
pohjoižmakedonijan,17
lämbitusen,17
ts,17
oiktusiden,17
elänu,17
kolorado,17
čikago,17
sarakoiš,17
francijanke,17
kommertine,17
moldov,17
poigale,17
tedotöiden,17
logik,17
evrazijas,17
lämoid,17
merel,17
avarad,17
keraduz,17
venämanke,17
saksonii,17
livin,17
muigotub,17
korktused,17
bahn,17
stancijanke,17
ch,17
uskon,17
torgul,17
ireg,17
horvatijalaižed,17
himižešti,17
vajehtub,17
tobjas,17
municipalitetha,17
tehnologijad,17
ie,17
darginalaižed,17
evolücijan,17
kerazi,17
kirjeižed,17
sauvoihe,17
oloncan,17
minnesot,17
nensi,17
severzid,17
tuhas,17
šveicarijas,17
eduard,17
krater,17
mha,17
omblendan,17
programan,17
saksalaižiden,17
arabii,17
hristanuskondas,17
iisusan,17
augud,17
oiktust,17
iso,17
deputatanke,17
inženeran,17
miččel,17
akademijas,17
jarmank,17
ühtenaigašti,17
harvas,17
mendelejevan,17
šingoteshe,17
vepsäks,17
civilizacijan,17
znamasižidenke,17
prezidentale,17
hebod,17
hapanik,17
manke,17
igähäsai,17
ižač,17
razvad,17
segoituz,17
tule,17
ripmatoi,17
munid,17
hol,17
nemel,17
kümnehe,17
microsoft,17
znamoitud,17
jäžomad,17
ülitab,17
madrid,17
barselon,17
valensii,17
mametall,17
materialiden,17
padoseinäd,17
čeboksarad,17
pindanno,17
ujui,17
keratud,17
ein,17
gid,17
löuziba,17
volost,17
karjala,17
elä,17
direktoran,17
sauvuses,17
joukud,17
üläopenikoiden,17
organizmiden,17
ezitadud,17
arvokaz,17
keväden,17
tulnu,17
kirgizlaižed,17
jar,17
merad,17
gibridoid,17
puid,17
ehtal,17
maižanduztehnikan,17
abutuseks,17
kurgan,17
latin,17
varažomad,17
lug,17
ptor,17
ci,17
čili,17
mujumetalloiden,17
ghetulijaks,17
elektroniden,17
tütren,17
grigorianižen,17
ministr,17
opera,17
pt,17
frans,17
šarl,17
draman,17
lebun,17
adivpert,17
kävutiba,17
kazvatamha,17
kädes,17
ližadusen,17
kendan,17
sädandanke,17
andželesan,17
marino,17
portlend,17
levedad,17
punose,17
kopijoid,17
redukul,17
formiruib,17
päivlaskman,17
venämaha,17
her,17
marks,17
madalad,17
mokšan,17
ked,17
joksmusen,17
azovmeren,17
čehov,17
voččed,17
lopun,17
lugend,17
federacijanma,17
evropižes,17
zinaida,17
verbad,17
rahad,17
genitiv,17
em,17
klub,17
džimmi,17
külid,17
aigkirjoiš,17
evakuiruidud,17
veziten,17
sofija,17
vižtoštkümne,17
medkolledžan,17
nimiden,17
kirjutesed,17
kesketi,17
vägevuz,17
hebonväged,17
päzutamha,17
tolstoi,17
melestehtud,17
vezile,17
kaimdai,17
radius,17
haz,17
saharad,17
korktoid,17
million,17
tehnologižen,17
znamasižes,17
omad,17
ghižed,17
kaumžomal,17
konditerižed,17
čeboksaran,17
veroiden,17
ufahasai,17
ühtnendanke,17
sortavalan,17
šebnän,17
metrostancijad,17
veraz,17
nevel,17
avtoten,17
jov,17
valdai,17
ribinsk,17
keskustan,17
skai,17
jogensud,17
ladimensauvomižen,17
alatagil,17
krdt,17
gai,17
civiližen,17
peneks,17
koi,17
illä,17
gul,17
londuseližiden,17
aktinoidoiden,17
ezmäižikš,17
roliš,17
kalaidajiden,17
gräzi,17
jelec,17
gennadii,17
päivlaskmaiženno,17
udenno,17
diamantoiden,17
belomorskan,17
kemin,17
toiv,17
teran,17
singapur,17
vaihišt,17
libuiba,17
mahtab,17
got,17
debütižes,17
nedal,17
kuivatas,17
pühämehed,17
indoevropižiš,17
tagamal,17
zenit,17
ümbriratud,17
džibuti,17
komoran,17
jordanijan,17
znaman,17
käden,17
vador,17
domennimid,17
stavropolihesai,17
red,17
šen,17
oskol,17
gavrilov,17
belizan,17
dabi,17
ae,17
eraz,17
territorijoiden,17
dream,17
bengalijan,17
get,17
semniden,17
džein,17
atlantis,17
atmosferižed,17
tears,17
kinopoisk,17
story,17
miriam,17
there,17
roll,17
telekanalal,17
džei,17
edit,17
versijas,17
polen,17
okkervil,17
prodüseran,17
iks,17
tem,17
bob,17
zimbabven,17
namibijan,17
armaz,17
bruno,17
helühein,17
ujelii,17
asunsjon,17
ekspress,17
solišt,17
brajan,17
kolonijaks,17
keskuzümbrikho,17
laosan,17
tamil,17
ya,17
bremenan,17
džekson,17
beirut,17
rana,17
roslavl,17
mira,17
verma,17
vir,17
kaili,17
krasnoznamensk,17
küz,17
kožundkirjutesen,16
kädel,16
muna,16
taivhas,16
tedos,16
jenaralan,16
mugomiden,16
olimpižid,16
kogosüdäiproduktan,16
funikulörad,16
pumaterial,16
heinkul,16
millimetrad,16
torhuden,16
sureks,16
ričard,16
torgovanan,16
koumetoštkümne,16
židen,16
trln,16
ližazi,16
parlamentas,16
monarhad,16
general,16
tulendaks,16
mägitazangištol,16
dušanbe,16
malaizii,16
arktikan,16
antarktidan,16
aktivižed,16
gazoiden,16
čihodamižes,16
astronom,16
aigaižiden,16
sodamez,16
toiba,16
filosofijas,16
antuan,16
metalloid,16
grazii,16
kavkaz,16
timoran,16
berg,16
röunatusita,16
lezgilaižed,16
valdmerimaiš,16
mustmeri,16
ind,16
kaivatusiden,16
dissertacijad,16
pautkidenno,16
läipcig,16
baikalan,16
livvin,16
monarh,16
elektronik,16
jorkha,16
populärižed,16
kezaližed,16
person,16
datiruišoiš,16
puišton,16
lujanke,16
molekul,16
genrih,16
step,16
venke,16
ezmäižiš,16
biologijan,16
randoidme,16
gushe,16
raudtejono,16
judaizm,16
gubernijas,16
oidenke,16
vezivaradimed,16
ühthiženke,16
džasper,16
registriruihe,16
äniden,16
company,16
relätivižusen,16
kaikjal,16
agglütinativine,16
augus,16
harju,16
tartun,16
ühthižid,16
lugeta,16
avstrijalaine,16
mičigan,16
biologine,16
eriliženke,16
redukuhusai,16
joukun,16
openduzkeskuseks,16
napoleon,16
keskitadud,16
ge,16
kuid,16
missii,16
tis,16
johan,16
tozi,16
hebon,16
azjaline,16
muiktuzgaz,16
oleskele,16
pindaspäi,16
vastust,16
venehed,16
kebnad,16
lumikate,16
däd,16
voimujupirdandan,16
edition,16
eläjanke,16
holituz,16
valdkundal,16
zelliden,16
rippui,16
territorijaspäi,16
ühesad,16
turbhan,16
nepsudenke,16
finansoiden,16
dramaturg,16
veroližen,16
pahut,16
sibirine,16
lämut,16
järgkerdan,16
lud,16
ujub,16
kropotkin,16
doktoran,16
raid,16
marjoiden,16
mustikaine,16
artur,16
nüs,16
olijad,16
pindale,16
tül,16
likutimiden,16
krasnoje,16
vik,16
kaivuztegimišton,16
spektran,16
tas,16
tiraž,16
varaida,16
nepsoiš,16
trinidad,16
pirdi,16
sarnoiden,16
amazonasan,16
gavedin,16
ozutamha,16
gazal,16
sinivauvaz,16
edahaine,16
ičeiž,16
tedoidai,16
leo,16
küläkundaks,16
strukturan,16
lebutaho,16
osetinalaižed,16
londoišpäi,16
tedoitud,16
käskust,16
vanadii,16
demokratijan,16
vanoikaz,16
oksana,16
žanr,16
ou,16
th,16
john,16
haju,16
ühtenzoitusel,16
rahvahaližiden,16
vasileostrovskii,16
dr,16
lüdmila,16
vadim,16
merikar,16
tulii,16
ri,16
tobman,16
magnitine,16
mägel,16
avaidase,16
kair,16
soči,16
kodijumalanpert,16
lapak,16
surudel,16
žel,16
džonson,16
marta,16
joukuil,16
jogensus,16
jogensuspäi,16
meriportan,16
pagast,16
vegetativižikš,16
taivhaline,16
mehanik,16
käzil,16
tegimiden,16
denis,16
plan,16
seičemespäi,16
kezroiden,16
kunigahiden,16
deviz,16
tatanman,16
painend,16
volostihe,16
manah,16
formul,16
atomad,16
jauhod,16
etilspirtan,16
gen,16
ümbrištod,16
pohjoižpäivnouzmaižes,16
juridine,16
sirdab,16
elektrust,16
torviden,16
valdoiči,16
kondopogan,16
külänvuittušt,16
miass,16
eran,16
vaihed,16
kolombo,16
pusan,16
keskuzazijas,16
rajan,16
sijadust,16
muštpacaz,16
gorähižiden,16
aires,16
sauvust,16
safonovo,16
ceh,16
aul,16
salavat,16
mujezerskijan,16
kalankazvatuz,16
vitebskan,16
metrostancii,16
časuiden,16
ksenija,16
how,16
reg,16
vaumičendan,16
argvoin,16
brazilia,16
jumalannägundan,16
spas,16
municipaližed,16
keskuzpala,16
maižanduzrajonal,16
nelläl,16
gd,16
satusen,16
aiglehtesen,16
organižen,16
endustuz,16
kävutaškanzihe,16
institutaspäi,16
liza,16
analog,16
uni,16
keskuzamerikas,16
wa,16
kaivuzmašiništon,16
zarečnii,16
timur,16
elänzoitmaha,16
erinend,16
keradab,16
rammstein,16
made,16
čukačun,16
mein,16
vaumičemha,16
sportnik,16
löudmižsijiden,16
jevskan,16
čuhundused,16
vologdhasai,16
til,16
hello,16
obinjogen,16
kompartijan,16
tomad,16
ezmässai,16
ühtnijoil,16
beta,16
heneg,16
äjüziden,16
elektrine,16
südäikerad,16
kazvatajidenke,16
sing,16
pan,16
puštu,16
menzoittud,16
valdkundznaman,16
praktine,16
welt,16
tunisan,16
timor,16
sajan,16
fokino,16
ao,16
mezen,16
liski,16
aleksandrov,16
larisa,16
saratovhasai,16
povorino,16
antigua,16
barbudan,16
krasnoarmeisk,16
eriližed,16
dominik,16
fernandes,16
song,16
kahesandez,16
laske,16
mujand,16
solo,16
frensis,16
vkul,16
bugri,16
kinoscenaristad,16
professionaližed,16
tegendad,16
aleks,16
neviim,16
karakas,16
klara,16
too,16
diamonds,16
hell,16
mihe,16
jav,16
mvoi,16
seišelan,16
lühüdpiduzline,16
mali,16
butleg,16
evrodisko,16
manrehkaidusen,16
bln,16
botnižen,16
reverse,16
čarli,16
keskustaine,16
toppaz,16
šihuandi,16
valita,16
gmaine,16
vezišton,16
invazivine,16
tedoitas,16
situacii,16
materialan,16
mustikaižen,16
edelpäi,16
mäine,16
festivalid,16
nigerii,16
veri,16
butanan,16
secret,16
pori,16
tehasan,16
gajanan,16
äniklehtest,16
gollivudan,16
slancin,16
kobe,16
ion,16
pohjoižsavo,16
madras,16
jonusiden,16
sima,16
senegal,16
patel,16
guru,16
elektromagnitine,16
zevsan,16
coi,16
rahul,16
mafijan,16
baččan,16
prijanka,16
udit,16
mansiiskhasai,16
hedera,16
tulhasai,16
infraheimkund,16
marmota,16
päivlaskmman,15
mašinoidensauvomine,15
organizmad,15
rippujad,15
tahtoib,15
pohjoižmeren,15
udištamine,15
parlamentanke,15
reguliruindorganizacii,15
rahvahidenkeskeižes,15
gidroenergetik,15
ezimägišton,15
suviamerik,15
lüh,15
mametallad,15
filadel,15
ühesaspäi,15
metalltegesiden,15
bosnii,15
muštpachad,15
päivlaskmaižhe,15
inertine,15
aristotel,15
kandidatan,15
evangelistad,15
morijad,15
nimitada,15
palandan,15
funikulör,15
suvipoles,15
kundaližed,15
alasugukund,15
kundaspäi,15
geksagonaline,15
korktanke,15
ühtištuses,15
dirižor,15
horan,15
jesad,15
runokirjutajiden,15
zavet,15
kitaihe,15
geline,15
boran,15
mägišt,15
ripmata,15
hajunke,15
muigotandmär,15
kukhal,15
kiruhtramvaid,15
anri,15
kilogrammad,15
čempion,15
biologišt,15
hoštai,15
kirjutusen,15
agentused,15
sarišt,15
matkadai,15
armenižen,15
valdkundmehen,15
läžui,15
kilt,15
maakond,15
zavodind,15
agjoid,15
paris,15
elementaks,15
gagarin,15
vedenalaine,15
bavarii,15
kaivandusiden,15
maksutoi,15
sauvondmaterialoiden,15
sunž,15
punümbriradai,15
täudeks,15
gruzijalaižed,15
haug,15
korktas,15
poigaižid,15
gektarad,15
puhthan,15
eričuid,15
lenduz,15
pezoitelese,15
linduid,15
hahktinan,15
peru,15
zagreb,15
aigoiš,15
tundran,15
kadonu,15
ecib,15
voimujupirdai,15
jaranmas,15
elonmahtuz,15
os,15
university,15
tehran,15
päiväks,15
hätkemba,15
konsul,15
röunadusid,15
valdkundoidenke,15
lideran,15
sevil,15
meksikas,15
italijha,15
vatikanan,15
jablokpu,15
erikoišpäi,15
jogitransport,15
sumeg,15
valdkundaližiden,15
höunhišton,15
kargnik,15
päižiš,15
avarudes,15
tedoidusid,15
šušt,15
kelentedomez,15
keittud,15
štatanke,15
korporacii,15
ahmed,15
šokšun,15
nikelin,15
sinnä,15
kostamukš,15
erižed,15
burad,15
händan,15
vepsänkel,15
generaline,15
heile,15
kdt,15
kandab,15
radmata,15
nana,15
ivanovič,15
kristian,15
dekorativine,15
kožub,15
novorossiisk,15
räzin,15
plastik,15
sortiruindstancii,15
kulpäi,15
elektronikas,15
kadonuded,15
jak,15
irtišan,15
tobolan,15
sodaveikund,15
simvolizuruib,15
ika,15
vegas,15
raudtestancijaks,15
enambusel,15
universitetoiden,15
telekommunikacijoiden,15
gatčin,15
panthera,15
keskustad,15
basseinoiden,15
kreml,15
elänuded,15
čerkesalaižed,15
belgorod,15
jod,15
lantanoidoiden,15
pordhišton,15
žanrad,15
valdmerimaiden,15
havajan,15
žanran,15
tehnus,15
parad,15
venälaižiden,15
randird,15
meklenburg,15
päiväižespäi,15
vajehtui,15
frunzen,15
solakaz,15
toižele,15
varšavan,15
pohjoižamerikha,15
kadob,15
fe,15
mülütada,15
seižujad,15
sugu,15
jädumatoi,15
levigatas,15
palanke,15
jügedan,15
vatikan,15
roz,15
vajehtusid,15
mineralad,15
mineraloiden,15
varmdad,15
oidme,15
loičendpertid,15
kamišin,15
tomen,15
vilud,15
kandidat,15
taimiran,15
sovet,15
tarbhaičeb,15
nepsut,15
päjumalanpertin,15
dataspäi,15
udeks,15
gi,15
taškent,15
küläspäi,15
abunke,15
lendim,15
doneck,15
krivii,15
ulanbatar,15
kesksidod,15
apostoloiden,15
möihe,15
maksline,15
white,15
organižed,15
kolonijoiden,15
šoutjärven,15
süvüdel,15
toras,15
vägesti,15
kin,15
rolin,15
čomamahtoižen,15
muzikškol,15
pästandkodi,15
kükstud,15
kezalind,15
hahkad,15
specializacijanke,15
tarbhaižuz,15
diana,15
manmehiden,15
vägid,15
pohjoižpäivnouzmaižen,15
sündund,15
urdu,15
atlantižhe,15
čuvašan,15
cap,15
pakuitez,15
šanhai,15
laureatan,15
universitetoiš,15
käskused,15
right,15
memories,15
periodižen,15
čan,15
joksmuz,15
šingotamha,15
fizkul,15
sodabaz,15
maidtegimel,15
džordžii,15
pp,15
sojärven,15
mülüjad,15
avtosauvomižel,15
märiči,15
tour,15
hit,15
into,15
midnight,15
luki,15
niki,15
seiniden,15
apakut,15
mägištol,15
jumalankodinno,15
kümnen,15
mikulain,15
oigedsaumaine,15
džazan,15
britanijha,15
laivjogeks,15
sobid,15
ekonomist,15
tantal,15
telustab,15
kogotud,15
transaktinoidine,15
erazvuiččikš,15
avaidust,15
kelenke,15
vaumiči,15
lisa,15
kazvatihe,15
vedespäi,15
himiž,15
kinešm,15
kursk,15
licei,15
ustügan,15
čaptud,15
räkištadud,15
neue,15
ist,15
kuivsezon,15
ehtatimel,15
pajatadas,15
agrotegimištoline,15
alpäi,15
varmitez,15
udessündutase,15
uzištusiden,15
len,15
faner,15
jakutskhasai,15
änikoičend,15
ruandan,15
kudrovo,15
kaidraižuine,15
modon,15
kangaz,15
matematine,15
soluna,15
čokkoint,15
eduardo,15
sos,15
čomad,15
södabad,15
valdkundvalüt,15
pörundas,15
lidnanznamad,15
pätrener,15
bahrein,15
massačusets,15
luand,15
zujevo,15
gus,15
volgogradhasai,15
kalač,15
ustüg,15
kits,15
halifa,15
mek,15
čep,15
salman,15
bengalan,15
kelenkandajad,15
angelad,15
generation,15
venus,15
efiopii,15
voyage,15
fobii,15
wanna,15
edhuz,15
oigendusen,15
kogodusespäi,15
emi,15
rain,15
serialoiden,15
tango,15
äneti,15
britanijalaine,15
metodad,15
our,15
muzikantan,15
uitod,15
falling,15
aigtego,15
demoal,15
kaikenaigaižed,15
head,15
mao,15
gimalajad,15
formiruind,15
unikuva,15
maorin,15
viola,15
siledad,15
nägusen,15
processas,15
turkun,15
rhinanthus,15
gmäižiden,15
predmet,15
poa,15
kembridž,15
neiččiden,15
speed,15
galičun,15
eriližmagutesed,15
voibištelend,15
vakuumas,15
ek,15
dakar,15
täutkenke,15
kesksuomenma,15
häme,15
suvipohjanma,15
paulo,15
kampos,15
rikardo,15
čžao,15
eländkodi,15
karvakahad,15
palakahad,15
mumbaihe,15
suvikorejine,15
obninsk,15
polon,15
nüksenican,15
kičmengan,15
gorky,15
baikerad,15
gita,15
algebr,15
narajanke,15
ainan,15
kemerovohosai,15
laserpitium,15
uzlovai,15
zujevon,15
grab,15
fagus,15
lugusana,14
pezas,14
käded,14
jaugad,14
jagamatoi,14
äjüden,14
jüžmak,14
metrid,14
kezaližid,14
jumalnaižen,14
antikaigan,14
satused,14
tramvai,14
nem,14
geologijan,14
järviš,14
heredas,14
varhapanendan,14
alahaks,14
erigoittihe,14
vihmub,14
gijas,14
afrikaans,14
kukhad,14
olmatomuden,14
madalan,14
hans,14
astjoid,14
amerik,14
havajad,14
käskuzkundaližen,14
štataks,14
fondbirž,14
mägenpäd,14
eparhijan,14
gercegovin,14
opeta,14
logikan,14
rajonikš,14
turkanmaha,14
brisben,14
mägipautkil,14
kazvandan,14
atmosfer,14
monorel,14
kiruhjonused,14
kuznecov,14
voind,14
francijankel,14
kodihimijan,14
kebnal,14
keskuzbank,14
jonon,14
izomärid,14
lüdvig,14
operad,14
lugendan,14
energetik,14
ril,14
problemad,14
serban,14
elementoidenke,14
nenikš,14
suvipala,14
ministrišt,14
ezimest,14
kodiden,14
bratislav,14
pordaigaližeks,14
statj,14
henghe,14
kukhil,14
tedotadud,14
karvan,14
sinižen,14
madod,14
plastine,14
kopenhagen,14
penenke,14
školoiš,14
groznii,14
sand,14
dnepr,14
dun,14
edheotai,14
gold,14
german,14
üläškolas,14
grigorianižes,14
rahvahankul,14
pärnun,14
jandin,14
evangelii,14
iisus,14
hristos,14
optikas,14
filippinad,14
genri,14
fosfor,14
travijad,14
muiktused,14
departamentaks,14
nationale,14
ajaden,14
surmad,14
jumalankodikundad,14
poukahtusen,14
šol,14
oil,14
optik,14
iževsk,14
administrativižed,14
polimerad,14
vahvištamha,14
vahvištada,14
noren,14
runoišt,14
vilus,14
ümbriratas,14
počtan,14
koren,14
vauktušed,14
maidod,14
mecživatad,14
heimkundaspäi,14
hr,14
elonlad,14
pühäpertihe,14
point,14
madžlis,14
irlandii,14
fjordan,14
ðe,14
argentinas,14
elektromehanine,14
čaikovskii,14
lenan,14
millionerlidn,14
berözovskii,14
professionaliž,14
sirta,14
jäniš,14
sündudas,14
vinglan,14
niken,14
kajag,14
kucta,14
sizared,14
päivlaskmaižemb,14
sulakul,14
keskmäižed,14
meriröunoid,14
territorijanke,14
toronto,14
karjal,14
reboid,14
kai,14
fc,14
mülügoi,14
norm,14
islamanuskojiden,14
tundišti,14
lähtli,14
opendajiden,14
ruhtinazkundha,14
merimatkadai,14
zavodiba,14
erilišt,14
college,14
sobat,14
privatišt,14
kandajad,14
istorik,14
sijaks,14
levedali,14
fonetik,14
teoretine,14
mihailovič,14
ser,14
stajas,14
lühüdan,14
sirtas,14
ukrainanke,14
norvegijas,14
suvipäivnouzmpoles,14
käskusiden,14
produkt,14
čik,14
ekologijan,14
natrijan,14
ližamujud,14
ohjastab,14
joann,14
sädasoiš,14
pohj,14
muzikaližen,14
hor,14
kundelta,14
pohjoiž,14
kaidas,14
tegimištoližen,14
elementarižiden,14
puhtastamha,14
pöudod,14
vauvaz,14
dol,14
sugukundad,14
ühtennimiženke,14
ezine,14
surgut,14
narod,14
žorž,14
lankten,14
kolpinon,14
petrodvorecan,14
kronštadt,14
gitarist,14
fizižiden,14
kanadha,14
lissabon,14
arealan,14
vladimirovič,14
kazvatusen,14
openikad,14
kir,14
äimetalližed,14
programad,14
mödud,14
kuibišev,14
rimalaižes,14
monte,14
saransk,14
avtopalad,14
mecanümbriradmižen,14
järgendusen,14
nepsoid,14
pordaigaližešti,14
sofijan,14
paginas,14
religijoiden,14
mariinskii,14
istorijanedeline,14
erzän,14
jüväskülä,14
news,14
romanov,14
paran,14
urugvai,14
pidase,14
rohked,14
süvärin,14
sevastopolin,14
tond,14
istorižid,14
dokumentoiden,14
ciklonad,14
international,14
lidnadme,14
pensil,14
kevo,14
punondan,14
slavine,14
kändab,14
lühüdoid,14
lapsile,14
jogahižel,14
homoi,14
torgovan,14
margarita,14
löudab,14
kaikuččele,14
sanutesid,14
frontan,14
kargopolin,14
miškol,14
kukkazsel,14
vähäižin,14
nitud,14
kalanikoiden,14
kaliningradhasai,14
ezikuctud,14
toštkümnespäi,14
turjäl,14
kožund,14
lipkaižed,14
estuarijan,14
bolivii,14
viktorija,14
farmaceftižel,14
jor,14
arabine,14
lidnümbrikonke,14
mavritanii,14
rahvahatoi,14
mehiko,14
kaikenaigaiženke,14
abunik,14
joman,14
aleksandra,14
dubai,14
ekvador,14
mozambik,14
vanuatu,14
rosario,14
sün,14
gendust,14
andrea,14
reverie,14
unleashed,14
urengoi,14
bam,14
tondan,14
sauvomišt,14
löudmižsijanno,14
nevondkundaližel,14
trassadme,14
südäitukuine,14
jogo,14
inkiden,14
lim,14
molembid,14
organoiden,14
lahdenpohjan,14
uskond,14
band,14
line,14
astjoiden,14
spravitajan,14
simvolaks,14
torgovanad,14
kamčatkal,14
itel,14
mecal,14
sodapost,14
suviröunanno,14
lk,14
kito,14
vagon,14
regulärine,14
šlissel,14
torii,14
pehmdad,14
pojavid,14
formiruindan,14
üliviesk,14
subjektoišpäi,14
langenijad,14
marsan,14
augusto,14
tühjitihe,14
čudokaz,14
ühthejoksmusel,14
mansilaižed,14
vajil,14
winter,14
üläopendust,14
magnitogorsk,14
heretusiden,14
dima,14
belomorsk,14
petrov,14
kamenk,14
sportkompleksad,14
serov,14
krasnoslobodsk,14
pokrovsk,14
jarmankad,14
vetme,14
bratsk,14
televizii,14
martan,14
sömkombinat,14
rugiž,14
folk,14
turpert,14
šou,14
singapuran,14
mainitadud,14
efirha,14
migel,14
labinsk,14
raudbetonan,14
finalas,14
kanzanke,14
kulundoid,14
pozitivine,14
odissei,14
psihologijan,14
rosa,14
londuz,14
dari,14
delihe,14
ruskedpakuine,14
ans,14
tulgat,14
orl,14
vejan,14
kolonialižen,14
džibutin,14
somalin,14
kirjutez,14
arhitekturine,14
tatad,14
noid,14
town,14
dizainan,14
ciolkovskii,14
onegan,14
verden,14
balašov,14
sahartegim,14
dät,14
socializman,14
antiguan,14
küliš,14
salam,14
larix,14
ülähäks,14
todeks,14
lidnuden,14
mugoižen,14
ostin,14
reis,14
mdase,14
globus,14
valfar,14
rita,14
mdandan,14
vuoks,14
detektiv,14
poem,14
boss,14
märhapanendad,14
venäs,14
unikuvad,14
forever,14
sisu,14
neičukaine,14
mik,14
psevdonim,14
discogs,14
pajole,14
džakart,14
koltušin,14
here,14
lai,14
save,14
video,14
sanskritan,14
plodun,14
torguindmarkad,14
kaugedraudaspäi,14
kuidun,14
satusid,14
honkong,14
kitoiden,14
tipad,14
lidnalaižišpäi,14
kanabränvuiččed,14
esvatinin,14
mamaks,14
protektoratan,14
indižes,14
materijan,14
karolina,14
backseat,14
heartache,14
pustolänil,14
järgeližikš,14
derejižed,14
bolgarijalaine,14
faradei,14
prionego,14
malaizijan,14
fukuok,14
bihar,14
serpuhov,14
telugun,14
adriano,14
delin,14
skott,14
elektromagnitižen,14
cinin,14
medin,14
brunei,14
tazostusiden,14
palaun,14
bobbi,14
šoidkiven,14
ferganan,14
nižnevartovsk,14
novomoskovsk,14
tularegion,14
zevs,14
geran,14
verhovažjen,14
smolenskhasai,14
radža,14
adžai,14
dev,14
akira,14
animen,14
rani,14
anime,14
emeral,14
džeipop,14
anser,14
armstrong,14
salix,14
neoheresy,14
üläsugukund,14
pyrus,14
kahtele,13
seičemed,13
krasnojarsk,13
jef,13
tazangištod,13
pidada,13
medvedev,13
nzid,13
omblendtegimišt,13
rahvahidenkeskeižeta,13
tundištuseta,13
portugalijalaižed,13
suecan,13
kontinentiden,13
utc,13
ištub,13
monarhan,13
pätandoid,13
radajiden,13
antverpen,13
lainištadas,13
šoutjärv,13
astan,13
galogenidenke,13
mavaldkundröunoid,13
missuri,13
kongressan,13
riko,13
roza,13
tadžikistan,13
kišinöv,13
suomalaižen,13
tähthan,13
lidnanvuiččes,13
sicilii,13
arvoiden,13
standartine,13
jun,13
räbed,13
hankundan,13
sarita,13
tasmanii,13
monarhijan,13
avstrijanke,13
imperatorad,13
metras,13
ze,13
strokuks,13
partijanke,13
šijitad,13
pohjoižpalad,13
soitoiden,13
süvemb,13
järves,13
giden,13
heimkundan,13
brüssel,13
sofi,13
pälidnaine,13
maižanduzmašinoiden,13
traktorad,13
ižanduses,13
jalos,13
rn,13
maidme,13
videl,13
täuden,13
mödas,13
pikalövo,13
alangištod,13
žak,13
harakterine,13
detalid,13
sanub,13
pešt,13
lidnümbrikoks,13
sarihe,13
imetaiživat,13
mägidenkeskeižes,13
nevondkundaližeks,13
penzhišt,13
radnikuz,13
grenland,13
sarišpäi,13
kommunad,13
okai,13
matkazi,13
zamkad,13
lv,13
bab,13
harakterizuidas,13
vajehtust,13
varoiden,13
ümbrikoiden,13
satusekahan,13
lugiba,13
kirjutamha,13
tähthištos,13
lönnrot,13
det,13
stepiš,13
nimitusid,13
mülüiba,13
emigracijan,13
sündnus,13
palestinan,13
geometrijan,13
todištadud,13
astronomijas,13
kuiviš,13
standartan,13
pühäpäivän,13
ng,13
todesti,13
nominaline,13
universitetha,13
konurbacijas,13
arheologijan,13
münhen,13
ümbriradai,13
tehmišt,13
verd,13
gomeran,13
avtorad,13
populärižemb,13
reklaman,13
järgendust,13
ripmatomad,13
alkogoližiden,13
kalližarvoižiden,13
muštnikad,13
kirjutamine,13
mahtod,13
hab,13
lämäd,13
paramagnetik,13
ozr,13
kactas,13
sus,13
atmosferine,13
händikahan,13
živatoil,13
alasugukundad,13
pähä,13
hobedad,13
nügüdläižhe,13
iranas,13
evrazijadme,13
oiteleb,13
erazvuiččenke,13
zamkan,13
keskškolas,13
mahtusiden,13
king,13
hasan,13
sodavägid,13
oigenduzkundad,13
kosketusiš,13
dos,13
ekvatorialižen,13
marinon,13
südäimine,13
südäiazjoiden,13
malus,13
tonnhasai,13
vahv,13
kundaliž,13
anatol,13
nägemine,13
mužiksugun,13
naižsugun,13
suguid,13
kartoil,13
merespäi,13
komponentad,13
soged,13
territorijaks,13
nu,13
stanicad,13
reforman,13
litvan,13
puil,13
vaugedvenän,13
uzbekistan,13
abramovan,13
vkontakte,13
vladislav,13
ičeohjastusen,13
elonform,13
jatti,13
tetabambiš,13
jogapäiväline,13
alangištoiš,13
nahkad,13
muzikprodüser,13
latinižes,13
novokuzneckan,13
kärbhaižed,13
tanzanii,13
padoseinän,13
sosnovii,13
kingisepp,13
ezilidnoiden,13
leonardo,13
kaluid,13
voimujupirdajad,13
mol,13
vilugoitimed,13
moskvanjogen,13
keskjoksmusen,13
erind,13
istoriž,13
corporation,13
pumaterialaks,13
vaumičend,13
venämalaižiden,13
žiloidenke,13
isaak,13
njuton,13
web,13
starinoičese,13
aigtegoiden,13
nel,13
lidnusenke,13
sintetine,13
have,13
lis,13
buddizm,13
olimpižiden,13
organizacijoiden,13
šujan,13
mu,13
sortuiden,13
planetoiden,13
atlas,13
randpolen,13
krasnogvardeiskii,13
merenrandaine,13
selo,13
olijoid,13
lavrentijan,13
vändajad,13
portret,13
presidencia,13
por,13
ladun,13
nädanvuiččed,13
putin,13
üläpala,13
rei,13
kazvoiba,13
šingoti,13
mina,13
veližid,13
elektrotehnikan,13
pordhad,13
selen,13
litii,13
pečoran,13
keskusel,13
vedand,13
bronzaigan,13
arheologižed,13
kategorijad,13
kuopio,13
enso,13
jelizaveta,13
sär,13
koričma,13
gidroelektrostancijad,13
kirjutused,13
mererandpolel,13
oigenduzkund,13
parametrad,13
internetas,13
press,13
kiss,13
vaugedjogen,13
enn,13
odess,13
kampus,13
vestr,13
kaivuztegimišt,13
azijaspäi,13
vaz,13
lihtenštein,13
adams,13
ülähäs,13
gomel,13
vitebsk,13
district,13
sodha,13
usadiban,13
rimalaižiden,13
pöudol,13
ülähäine,13
jagada,13
nimittušt,13
verb,13
etnografine,13
veroid,13
jumalanpertiš,13
joksten,13
kodiarenaks,13
elämižen,13
nimikirjuteses,13
kloran,13
likvidiruihe,13
šeksn,13
aiglehteses,13
publicist,13
avtobus,13
avtobusoiden,13
heimkund,13
tedotihe,13
lämoipalon,13
faktorad,13
žhe,13
vinistad,13
evrod,13
barrio,13
ristikoičeb,13
suvipolehe,13
livii,13
kasablank,13
fes,13
erigoitab,13
evropaspäi,13
produktan,13
suviuel,13
fortepjanon,13
planiruiše,13
sädandad,13
illinois,13
jokoham,13
mr,13
metalližkonstrukcijoiden,13
murmanskhasai,13
vedenalaižiden,13
kaičesoiš,13
sim,13
bashkortostan,13
pohjoižkarjal,13
kontraktan,13
verazmalaižiden,13
raudteplatform,13
tedolidnad,13
mittušt,13
bi,13
system,13
soil,13
mjärven,13
pskovhasai,13
peipusjärven,13
ahthas,13
satatadud,13
varmitamha,13
pertištod,13
revolücioneran,13
elektromehanižel,13
leibäntegim,13
toržok,13
omblendfabrikad,13
jätktas,13
evenkalaižed,13
koräkan,13
orsk,13
kaivuziden,13
passažirraudtestancii,13
kabjživatišt,13
todesižen,13
dy,13
randoidenno,13
tl,13
elementoid,13
eka,13
napriba,13
azjaha,13
hetartuz,13
laskend,13
jarčalli,13
üläpalas,13
majamihe,13
šapš,13
suzdalin,13
kovrov,13
radužnii,13
kalug,13
kemerovo,13
tet,13
vanii,13
tataran,13
kotovsk,13
wikipedia,13
varadusen,13
härte,13
feisbuk,13
energetižen,13
mikrorajon,13
plastiktegesiden,13
burätan,13
rahvahidenkeskeižel,13
lähembaižhe,13
borcuindan,13
zdviženjan,13
kodirandantedištandmuzejan,13
sirdnikoil,13
karj,13
int,13
vorkut,13
aigaližen,13
kombisömän,13
provaiderad,13
grand,13
kalategim,13
abun,13
uksiden,13
stancijal,13
guančžou,13
analitine,13
oomph,13
over,13
norudes,13
severzihe,13
mifi,13
stanican,13
lidnanlaptha,13
konkurs,13
vokalist,13
galle,13
tähtast,13
augotižlibuihe,13
processiden,13
funkcijan,13
tatanke,13
kirjutab,13
variš,13
peza,13
aiglehtez,13
dialekt,13
püštoiktad,13
linnen,13
šoidul,13
uhokuhusai,13
kuveit,13
čad,13
endrü,13
miller,13
trillerad,13
ivuaran,13
oficer,13
torgun,13
kitajižen,13
vedimiden,13
religiozine,13
torguindas,13
santo,13
uglegorsk,13
belogorsk,13
kaspii,13
prinsipin,13
kodirandantedištandmuzei,13
cimlänskan,13
šahtil,13
kitsan,13
nevisan,13
emir,13
indijha,13
röunadusita,13
ezimeletab,13
vaihišton,13
now,13
arvoimižid,13
kanadalaine,13
sanutesiden,13
monako,13
koleb,13
art,13
algat,13
juristad,13
sadeged,13
subkul,13
populärižiš,13
megamix,13
debütirui,13
nacijoiden,13
wars,13
spravitandan,13
varun,13
rikond,13
alves,13
riot,13
kurilan,13
olemine,13
besedoiči,13
laukan,13
keep,13
ristitkundas,13
modelikš,13
sweet,13
ičtaiž,13
nit,13
amour,13
himo,13
laos,13
nepal,13
ruskedvauvaz,13
slokosttäs,13
cover,13
wide,13
awake,13
pajatajaks,13
valg,13
päivez,13
afrika,13
amar,13
karina,13
astii,13
če,13
volosovon,13
bogorodsk,13
lainhed,13
telekanalan,13
šah,13
lights,13
vanhembad,13
linii,13
tn,13
sesoto,13
kosketusid,13
jal,13
bakterijad,13
falco,13
teveril,13
märhapandud,13
meladze,13
leitnant,13
čomač,13
norembad,13
žukov,13
luiza,13
tulijoid,13
komponentoiden,13
änikos,13
pölükäd,13
kašmir,13
departamentas,13
krišna,13
lg,13
budapešthasai,13
pohjanma,13
haidarabad,13
lao,13
žoao,13
almeida,13
karla,13
poiganpoig,13
čennain,13
aman,13
lagos,13
dzin,13
sian,13
finansižel,13
tobagon,13
nuakšot,13
pölvast,13
suguižed,13
malin,13
gambijan,13
azjaližes,13
kubenansun,13
novoural,13
nso,13
krasnogorsk,13
jonoštamha,13
mathur,13
šankar,13
pratap,13
krriš,13
oberoi,13
džeki,13
hema,13
malini,13
šreja,13
ozörsk,13
kamenskan,13
prunella,13
jurüzan,13
suviural,13
kozel,13
voronežhasai,13
naro,13
fräzino,13
ščolkovo,13
kalin,13
kaikusen,13
palatoi,12
vaza,12
olden,12
azotan,12
oludentegim,12
kundoid,12
lehtesensöjad,12
parallelid,12
kosketused,12
bahai,12
afiniden,12
portanke,12
kontinentad,12
fan,12
metran,12
villem,12
alam,12
ühtnijaspäi,12
ičeohjastusenke,12
imperijaspäi,12
kerthel,12
aläskan,12
oikahad,12
päivlaskmal,12
azekhiden,12
kaikuttušt,12
hjuston,12
transportteiden,12
medicinižed,12
kahesandest,12
pirenejan,12
pälidnha,12
ankar,12
kuala,12
sarajevo,12
tbilis,12
karjalaine,12
karjalaiž,12
sadoid,12
argon,12
tedotöid,12
filosofijad,12
gruzijanke,12
lidnankundad,12
sidnei,12
randištonno,12
tuhaspäi,12
gändž,12
jävaldmeri,12
pautked,12
ekologine,12
pidusel,12
belgrad,12
tömašinoiden,12
mujuiden,12
berillii,12
sananke,12
morim,12
sektorad,12
berlinas,12
bonn,12
stefan,12
koumekerdaine,12
kändused,12
lühetud,12
karjalaižiden,12
bolgarijas,12
sfer,12
government,12
čihodamine,12
dom,12
rahvahišpäi,12
merivedes,12
nozoluz,12
buharest,12
kadonut,12
penidenke,12
mäne,12
painudel,12
stabiližed,12
mašiništod,12
socialistižeks,12
derbent,12
odense,12
sekretarin,12
grazijan,12
toižile,12
nellikkilometrid,12
ližazihe,12
suvipäivlaskmaiženno,12
kommertižikš,12
ozutelend,12
julianižes,12
tamby,12
tulijan,12
pazjar,12
fotokuvad,12
vokaliden,12
latvii,12
tahondoid,12
jigevan,12
lääne,12
rakvere,12
ortodoksižes,12
ünäine,12
oišpäi,12
ühthekeradamižen,12
morii,12
ližadusidenke,12
kalii,12
nicc,12
gelii,12
mvägiden,12
provincijha,12
ümbärdajan,12
maižandusel,12
meriportanke,12
vislan,12
ter,12
eriližuz,12
varatoitab,12
federativižen,12
optine,12
südäitukuižen,12
olendsija,12
ezipartijan,12
formaližikš,12
mujuid,12
leben,12
vähäižel,12
oiktas,12
kirjav,12
varz,12
heinän,12
lämhemb,12
santimetraspäi,12
alah,12
kaikidenke,12
hüväsuguine,12
karjalas,12
putta,12
school,12
krit,12
čehanmas,12
windows,12
ohjandajad,12
argvoi,12
lehmänliha,12
magistran,12
reikjavik,12
koumant,12
üläopenduz,12
mägitazangišt,12
koveritomad,12
bolivijas,12
gvinejas,12
perus,12
dominikanižen,12
vadoran,12
kaliisol,12
sanoiš,12
aviv,12
andaks,12
magedad,12
orientalis,12
elektromašiništon,12
massine,12
dramaturgad,12
elektronižen,12
igähižvihand,12
oksad,12
kivendon,12
päs,12
süžetan,12
kahesad,12
vankuver,12
korporacijad,12
romantizman,12
valatoitiba,12
pohjoižiš,12
suomenkel,12
vie,12
via,12
ruinad,12
koiran,12
nozoluden,12
paksuz,12
kipr,12
sodakukerdusen,12
sauvondtehnikum,12
samižes,12
genujan,12
aluzkundas,12
kk,12
vauktust,12
lahjoiči,12
boom,12
kühkjaižed,12
rahvahaliženke,12
aigtegon,12
territorijadme,12
vsevoložsk,12
leopol,12
gmäižes,12
levan,12
minskan,12
vezivaradimhe,12
polihe,12
tahoid,12
alahaižemb,12
troickan,12
nüša,12
joudjan,12
kabardalaižed,12
päeksportör,12
kirjišton,12
tedoho,12
vii,12
fidži,12
vulkaniženke,12
pavlan,12
venecii,12
opéra,12
history,12
rajonid,12
kirjutase,12
kohendusel,12
somali,12
katalizator,12
änen,12
sötken,12
palakundas,12
evolücii,12
alaklass,12
uksed,12
küläkundanke,12
edheotaikundan,12
pomeranii,12
tiviruidas,12
päivlaskmpoles,12
makarov,12
zara,12
assembly,12
gimnazijas,12
mall,12
jogenke,12
meksikha,12
tazangištoil,12
prag,12
venäkelen,12
sališt,12
vauktuzvozid,12
aigale,12
lendimportanke,12
mujandad,12
öline,12
puhtastandan,12
energetikan,12
šingotajan,12
sulakuhusai,12
municipaližeta,12
lapakoiktas,12
siktivkaran,12
ühesatoštkümne,12
täudub,12
seminarii,12
neolitan,12
amazonas,12
porto,12
kaivandusil,12
atomreaktoriš,12
hered,12
tigris,12
suleiman,12
višn,12
likutimenke,12
korkte,12
küzundad,12
ude,12
irkutsk,12
eg,12
massinformacijan,12
manuel,12
amerikalaižed,12
kš,12
mannägend,12
toižikš,12
kesk,12
hänenke,12
männu,12
fond,12
pudožan,12
elektroladimiden,12
vdub,12
vag,12
tahos,12
votkinskan,12
grafan,12
francijha,12
kaičemhas,12
sättu,12
gibrid,12
millimetraspäi,12
germanižed,12
lähtendad,12
anastihe,12
sferan,12
aigaližes,12
poud,12
lüteranižusen,12
indeks,12
beslan,12
portugaline,12
ark,12
prime,12
minister,12
ühtneda,12
kunigahal,12
nimeks,12
jure,12
sido,12
mx,12
mjanmar,12
raudtetransport,12
zen,12
mužikad,12
erinendoid,12
emiratad,12
kvebek,12
jozef,12
johtutesed,12
broken,12
jätkustub,12
vezišpäi,12
žaneiro,12
alištuiba,12
ukrainalaine,12
apatitad,12
koncernan,12
kaivut,12
torhut,12
skhasai,12
avanport,12
proftehnologijoiden,12
nn,12
päraudtestancijhasai,12
raudteplatformad,12
sb,12
amu,12
tervehtamha,12
tärtusen,12
organizmas,12
parahimas,12
paul,12
anglijaks,12
libund,12
mc,12
andželesha,12
atak,12
kat,12
trakt,12
moknikoiden,12
panteleimon,12
ühtennimišt,12
ühtenzoitusen,12
ivangorod,12
vihmoiden,12
atlant,12
külänke,12
višnii,12
endevanh,12
kovon,12
rušihe,12
radnikžilonke,12
keskustoil,12
sildoiden,12
abhazijan,12
kinel,12
simferopolihesai,12
koditehnikan,12
kommercijan,12
gercogkundan,12
nägus,12
aktivižuz,12
aša,12
suomenmaha,12
madalanke,12
sinkihe,12
kaclend,12
vetlug,12
massad,12
jupiteran,12
metan,12
formid,12
severodvinsk,12
gusev,12
suran,12
aksai,12
bataisk,12
kogodused,12
kompiläcijad,12
bašk,12
polttud,12
kilometrižel,12
nevondkundale,12
žilole,12
pölištunuziden,12
lebutahoks,12
aldan,12
restoranad,12
kuman,12
gazanveimiden,12
saraktehnologijoiden,12
tazovaldkundha,12
dzeržinskii,12
urus,12
suksiden,12
civil,12
konor,12
kezaküläpertiden,12
mägisuks,12
koncertine,12
tanzwut,12
varatoitamha,12
šilk,12
živatvodind,12
dolganan,12
vajehtiba,12
berezniki,12
avtoteil,12
redaktor,12
siemens,12
eta,12
naceinuden,12
orlov,12
vezištoiden,12
bes,12
aiglehtesed,12
procent,12
maksmine,12
simvoloišpäi,12
effektad,12
suimil,12
katar,12
irak,12
mikronezijan,12
joudjuden,12
fason,12
torgud,12
edesižes,12
distancii,12
lidnfartaliden,12
pavlovo,12
nin,12
sauvondmujud,12
bränskhasai,12
gomelin,12
aleksandrovan,12
noginsk,12
trassan,12
ansambl,12
sportivine,12
simon,12
barbud,12
saharrogon,12
barbados,12
tuvalu,12
kazmust,12
aluses,12
čomuz,12
kelentedon,12
airesan,12
verkoiden,12
gmäižel,12
spasib,12
free,12
vitis,12
gelan,12
majami,12
kändoid,12
bridžtaun,12
avstraline,12
did,12
tulleil,12
alba,12
jalaim,12
varded,12
südäivezi,12
race,12
lapsetoman,12
ozad,12
lukas,12
episode,12
radion,12
amor,12
panemha,12
operacii,12
fobijoiden,12
kontaktoiden,12
vajehtusiden,12
vändajan,12
neiččen,12
jätktuz,12
sarenke,12
bremen,12
sinuta,12
lucky,12
turaks,12
kazmusel,12
andželesas,12
radnik,12
lehmän,12
arkadii,12
auto,12
jüguavto,12
armastada,12
won,12
geri,12
scenarijan,12
hero,12
kacleb,12
torad,12
ühtmuden,12
polenpidajan,12
mahtust,12
kombiniruidud,12
manalaižed,12
mezi,12
without,12
alive,12
apel,12
blöd,12
originaližen,12
doctor,12
side,12
silence,12
edvard,12
estonia,12
kambodžan,12
studižes,12
saldatad,12
nägujan,12
kinotarin,12
spravitamha,12
protect,12
klassificiruidas,12
mario,12
ruskedvauvhad,12
dženni,12
vajeht,12
näradoičii,12
pästandkodil,12
marijan,12
reigud,12
harag,12
gomes,12
fiziž,12
hämähoukud,12
repan,12
hahm,12
stop,12
entertainment,12
fjord,12
pastor,12
veresid,12
kupe,12
kebnavto,12
seikhel,12
rujohein,12
ye,12
nahkaspäi,12
plazm,12
marj,12
džovanni,12
vestern,12
demidov,12
kinorežissör,12
kisses,12
kečuan,12
penzhaižed,12
kristobal,12
guaranin,12
bankok,12
veiba,12
manga,12
ekologii,12
läžund,12
vihmsezonan,12
heimospäi,12
radha,12
gelaižed,12
čudod,12
akanke,12
eskimosalaižed,12
pordoks,12
sendai,12
nok,12
bač,12
šomod,12
dokumentas,12
täude,12
biohimii,12
deniel,12
kirkorov,12
frida,12
balaših,12
džaipur,12
karnatak,12
jermi,12
tereza,12
markes,12
nadu,12
mumbaiš,12
pazjaren,12
gub,12
uy,12
hartum,12
sukre,12
mavrikii,12
gambii,12
grinvičan,12
prefekturha,12
liberii,12
portsmut,12
tripoli,12
päiväline,12
koror,12
konkursha,12
donskoi,12
korolöv,12
lüberci,12
mitišči,12
globalsportsarchive,12
sovetskii,12
rokpajatajad,12
pavlovon,12
mukherdži,12
himokaclijan,12
juki,12
sanni,12
muzikfil,12
puran,12
meitel,12
pudža,12
šroff,12
oficaline,12
kukmor,12
maloarhangel,12
galič,12
änikused,12
kasli,12
turdus,12
filipendula,12
gladiolus,12
zverevo,12
zolotuhhein,12
suhiniči,12
tammut,12
räzanihesai,12
likino,12
izan,12
ukan,12
vastamižpainegen,12
vellest,11
süväs,11
jänišad,11
hetartuižed,11
korejas,11
moisejan,11
gendusen,11
libutimed,11
velgusine,11
klimatas,11
vilukul,11
ministriden,11
rotterdam,11
industrijas,11
ohjandimid,11
serbijanke,11
oigenzihe,11
finansižeks,11
sirdandad,11
politikas,11
valičijoiden,11
ristitištospäi,11
kandidatad,11
varaprezidentan,11
hüvästusen,11
mormonad,11
soi,11
amsterdaman,11
antoni,11
konservad,11
augotišel,11
valdkundmaksoiden,11
elektro,11
valdkundoid,11
lord,11
ühthekeitandan,11
literaturad,11
openik,11
latinankel,11
biologad,11
jerevan,11
irananke,11
heitmaha,11
nogailaižed,11
lezginalaižed,11
ühthižel,11
gercog,11
vilusodan,11
jaranmanke,11
palahiženke,11
beringan,11
kadujan,11
čagodoščan,11
alemb,11
vulgaris,11
lodehližed,11
pohjoižmeri,11
regionaspäi,11
nikola,11
korktemba,11
jaltan,11
žeks,11
kundališt,11
olimpižed,11
biznes,11
bern,11
vul,11
pohjoižröunal,11
mihailov,11
soit,11
teatrad,11
valdmeres,11
mujutoi,11
hajukaz,11
seičemel,11
pageni,11
mainiti,11
pölü,11
kubiženke,11
lakalaižed,11
dag,11
danijas,11
sintez,11
darvin,11
valičendan,11
ernst,11
nikolajevič,11
antkoi,11
vasthalibundan,11
mustmerhe,11
mogilöv,11
dublin,11
vajehtamata,11
samuel,11
ezitatad,11
tedotön,11
statistine,11
gravitacijan,11
elist,11
ninga,11
sanutesen,11
džidd,11
vest,11
tedai,11
ženevan,11
ühtnijoikš,11
stajiden,11
brazilijanke,11
avtosauvomine,11
neon,11
pomorjen,11
augotižlibundal,11
ktas,11
prussii,11
land,11
polendusen,11
poemad,11
barnaulhasai,11
teravad,11
ripmatomuz,11
dubindsubstancijaks,11
projektirui,11
erižpertid,11
püduzkalad,11
datiruiše,11
job,11
gmäšt,11
päivnouzmmas,11
edahaks,11
radol,11
vellen,11
vantaa,11
kaikihe,11
organizm,11
nena,11
nahkoid,11
nühtajad,11
nagr,11
hlor,11
platinan,11
cr,11
loičend,11
venäks,11
sergejevič,11
nevondkundal,11
bez,11
keskuzližen,11
komedas,11
ruslan,11
paloiš,11
vodenkeskeine,11
šinad,11
kolumbijas,11
meksiko,11
sakha,11
iset,11
sredneural,11
kiruhtramvai,11
alamalaine,11
kaznuziden,11
volgha,11
kolnuziden,11
valdmert,11
mineraližid,11
sinonim,11
cii,11
pirgad,11
kalajogi,11
kali,11
mairiž,11
soliden,11
kebnavtoiden,11
lodehližhe,11
pahoin,11
ottav,11
datad,11
monreal,11
pompad,11
koiv,11
ugrilaižiden,11
ühtištushe,11
nämunasan,11
kalaidai,11
ginnessan,11
mujutimed,11
vismut,11
kovid,11
avoin,11
vk,11
ecind,11
vauktaks,11
koivun,11
toh,11
merimatkadajad,11
runoišton,11
lars,11
had,11
kuivamb,11
turoid,11
peittud,11
keskustoid,11
lämuzizoläcijan,11
hemb,11
veimed,11
purpurine,11
kühkjäiženhein,11
sügüzen,11
znamasižembiš,11
logistikan,11
lendand,11
rahvahatoman,11
lauri,11
robot,11
amerikaižed,11
märita,11
vägilidn,11
ühtnikoiden,11
torgusel,11
vahvuz,11
natrii,11
moris,11
rusttal,11
šingotesele,11
kümnendes,11
kirjutajiden,11
niobii,11
manpidajan,11
njutonan,11
kommune,11
tronheim,11
berdsk,11
musica,11
korvad,11
erištada,11
karval,11
izotopoid,11
löudmižsija,11
pd,11
mifologijan,11
šuštan,11
tetabid,11
erigoitihe,11
iknad,11
kiven,11
keskopenduz,11
dulut,11
tahoil,11
pihllind,11
juan,11
sädusiš,11
neptun,11
skijan,11
kronštadtan,11
petergof,11
politikad,11
eläbid,11
fobijad,11
modernizman,11
ezilidnaks,11
ekvatoralpäi,11
vespäi,11
top,11
lebupäiv,11
marokos,11
ičtazvedand,11
andan,11
valentin,11
vulkanoiden,11
franciskon,11
ispanijha,11
ruskedpakuižen,11
kontrolin,11
statjoid,11
radoid,11
vezoil,11
siktivkar,11
peter,11
kavkazal,11
mägimarin,11
ühtnijoišpäi,11
edinburg,11
mančester,11
pedran,11
petrovna,11
kahk,11
südäivet,11
modifikacii,11
joginiškan,11
süvären,11
aas,11
türkan,11
zonoiš,11
lühüdanke,11
lopmätoi,11
uzbekan,11
sintezan,11
oiteldas,11
sevastopol,11
taibei,11
york,11
finansižed,11
problemoid,11
merikaranno,11
cu,11
mahtoid,11
suvorovan,11
küps,11
alakodihe,11
znamoičendal,11
nimil,11
venä,11
pohjoižkorei,11
baškortostan,11
volostiš,11
ozutai,11
kalu,11
personaližed,11
kirjutandan,11
märg,11
universaline,11
kogoni,11
tarkoiktemb,11
sijaližeks,11
mineralveden,11
kadnikov,11
kodijumalanpertid,11
kändajad,11
rachal,11
voččehe,11
terasespäi,11
likui,11
mägelpäi,11
sildaks,11
dod,11
tropikoiš,11
plazman,11
luz,11
tetihe,11
sferal,11
merkurii,11
subtropižen,11
industrii,11
immigrantad,11
adol,11
meckombinat,11
avtobusstancii,11
ühtenzoitasoiš,11
mn,11
sultanan,11
mohammed,11
informacižed,11
instrument,11
openoffice,11
julii,11
rugižkivi,11
šokš,11
professijan,11
ročine,11
laukad,11
zlatoust,11
kahesaspäi,11
ostta,11
kelastuz,11
projektiruidud,11
sajanan,11
hanoi,11
orlean,11
ondrii,11
zaozörnii,11
polärnije,11
laivankohendusen,11
aa,11
krandan,11
vezilanktend,11
mineraline,11
kivišt,11
tedolidnan,11
valdkundröun,11
surut,11
soitod,11
maik,11
rokgruppad,11
that,11
ližaduihe,11
petseri,11
jaroslav,11
vedajan,11
aiganke,11
alastui,11
tver,11
holm,11
pilindmaterialoihe,11
mehaniž,11
ugličun,11
taldom,11
gazanveim,11
plastikpakuitesen,11
jumalankodiš,11
hantilaižed,11
klimatad,11
skha,11
kitaišpäi,11
tegimenno,11
orenburghasai,11
tennessi,11
päkäskusen,11
šingotesenke,11
jumalanbembel,11
normad,11
hama,11
tedomehil,11
ümbrikirjutiba,11
mureta,11
kosmosan,11
fermi,11
kristofer,11
juristan,11
muiktuz,11
dedan,11
vediba,11
orbitan,11
čokkoimen,11
hamad,11
teravan,11
distrito,11
blagoveščensk,11
zejan,11
kukhan,11
olimpižen,11
nnov,11
čudovo,11
lermontov,11
sodamehiden,11
ühthižtöiš,11
jagust,11
informacijad,11
amerikaižes,11
jah,11
unheilig,11
special,11
bui,11
kaivuded,11
gudermes,11
infrastrukturan,11
bilan,11
moknikan,11
lanktushe,11
tedoiduses,11
savičud,11
sarov,11
sebranikoidenke,11
vigoid,11
eriližen,11
meden,11
kuzneckan,11
argun,11
keskjoksmuses,11
bazižen,11
dž,11
demo,11
bu,11
motors,11
solist,11
federaliženke,11
slavgorod,11
hilok,11
päraudtestancijaspäi,11
tuapse,11
maršal,11
hijam,11
dostojevskii,11
üläopenik,11
čulim,11
nazarovo,11
čusovoi,11
loptüd,11
vägestajad,11
koefficient,11
azeg,11
sile,11
romanid,11
artistan,11
soline,11
again,11
nora,11
way,11
lumedme,11
duglas,11
kroikoinvuiččed,11
corvus,11
kabul,11
zenitan,11
saharanke,11
livan,11
kataran,11
tha,11
ümbrikirjutandan,11
centad,11
pästnik,11
saša,11
statjaks,11
rod,11
fantastine,11
policijalaine,11
vedatamha,11
angol,11
gun,11
hrustal,11
vagonoid,11
džons,11
surovikino,11
laptas,11
lübov,11
grenad,11
planiruidud,11
rindatuz,11
šeih,11
ain,11
norvegižen,11
kordov,11
arestan,11
küd,11
venudas,11
jomid,11
irdpolespäi,11
everything,11
mujuhu,11
smit,11
muhafaz,11
franko,11
kulundoiden,11
odincovon,11
edestai,11
varuližed,11
sintipopgruppad,11
ohjastuses,11
keittas,11
päižes,11
china,11
juliet,11
bell,11
blekmetal,11
touch,11
dancing,11
hill,11
believe,11
nagriž,11
elonmaht,11
