word,count
imithombo,8332
se,7269
futhi,7223
kanye,4925
noma,4654
afrika,4202
ngo,3905
zase,3770
ukuthi,3468
ase,3249
amadolobha,3242
kwesifundazwe,3210
izifunda,3157
yidolobha,2982
yisifunda,2935
aljeriya,2828
esingaphansi,2480
elikwisifundazwe,2161
lapho,2053
kakhulu,2050
itiyopiya,2010
ama,1995
abantu,1969
we,1736
eningizimu,1686
yi,1602
ne,1592
ku,1590
woreda,1547
of,1466
phakathi,1381
ka,1359
nge,1333
ngokuthi,1267
le,1210
ye,1193
base,1187
the,1119
omasipala,1104
kodwa,1082
khona,1075
ngemuva,1027
el,1010
ngumasipala,1000
ukuba,900
kapa,898
thuniziya,897
ukuze,893
kwe,845
lokhu,842
ngonyaka,820
kanti,819
kusukela,818
yakhe,815
wakhe,803
engaphansi,799
ngesikhathi,795
njengoba,794
no,771
uma,768
kinshasa,738
waseningizimu,727
eziningi,697
ngenxa,678
igama,678
angola,652
kuya,642
izifundazwe,640
khongo,637
owazalwa,627
ngaphandle,613
and,611
abazalwa,606
wonke,597
isikhathi,597
kube,585
ze,583
zonke,581
umsebenzi,568
sase,566
amazwe,559
ngoba,557
ethuniziya,554
african,552
kuphela,537
ezinye,530
south,525
leli,520
khenya,507
ngaphansi,490
indawo,484
waba,483
ngomhlaka,483
umuntu,482
emhlabeni,482
wase,476
ngaphambi,475
amaningi,469
yisifundazwe,460
lesi,457
anc,455
kwakhe,453
kepha,449
ke,440
elithi,432
kusuka,428
sudan,423
in,415
umlando,413
ngenkathi,407
ekhenya,397
yokuqala,395
ikakhulukazi,393
baseningizimu,393
njenge,382
esikwisifundazwe,377
united,373
oromia,371
ekhongo,370
ngu,369
iqembu,367
africa,367
yisigodi,365
kuka,364
sesifundazwe,362
baphilayo,362
lwe,361
university,354
yonke,354
endaweni,354
lakhe,348
wokuqala,347
elincane,347
cishe,347
abanye,342
izinto,339
with,337
ngokuvamile,336
ezifana,333
kwaba,329
omkhulu,328
natal,326
uhlelo,325
engu,322
lase,321
iminyaka,320
ukusetshenziswa,319
yize,318
kamuva,316
kahle,315
ekuqaleni,315
enamibhiya,315
kwi,314
namibhiya,313
enkulu,311
thanzaniya,311
ngaphakathi,310
izinhlobo,309
tv,308
isiqongo,307
natali,306
umasipala,305
lezi,304
izindawo,304
ezimbili,299
nezinye,297
impilo,297
central,295
amabili,294
sakhe,292
iningi,291
national,289
ulimi,288
kufaka,288
manje,287
abaningi,287
school,287
kwazulu,286
nje,286
yuganda,284
isiteshi,281
ethi,280
for,280
brazzaville,280
be,279
imali,278
yase,276
municipality,275
indlela,272
west,271
ezimbabwe,270
abe,269
kuze,268
umandela,268
aïn,268
lo,267
libhiya,266
izigodi,265
eyuganda,263
phansi,262
kwabantu,261
sikhathi,261
angama,261
nokuthi,254
uhlobo,253
kabusha,252
izilimi,251
gibhithe,251
dolobha,250
yabo,249
mpumalanga,247
somaliya,247
elikhulu,246
zakhe,246
ukudla,246
izinkomba,246
ntshonalanga,245
kuma,245
albhamu,243
phambili,242
eminingi,241
kufanele,240
waqala,240
bese,239
kukhona,239
umculo,238
jikelele,237
yaseningizimu,236
zabo,236
wezi,236
north,235
eliyisiqongo,235
ngakho,234
imisebenzi,233
local,233
kwalokho,232
izithombe,229
bonke,228
east,228
isimo,227
ukwenza,227
wabe,225
inani,223
pages,223
eminyakeni,222
al,222
lokuqala,220
de,220
to,219
zambiya,219
naye,216
uhulumeni,215
ezingama,215
unreviewed,215
translations,215
sidi,215
umdlali,214
kweminyaka,214
esikhundleni,214
amanye,213
izikhathi,213
ethanzaniya,213
eritrea,212
izwe,211
bakhe,211
emadagasika,211
kuye,209
webhola,208
okthoba,208
amagama,207
kwezinye,206
nama,205
ngaphezu,205
intshonalanga,204
states,204
ngendlela,203
ezintathu,202
umthetho,202
on,202
eyodwa,201
kuzo,200
incwadi,200
emva,198
uhlu,196
congress,196
iqhaza,196
ezambiya,196
world,194
amandla,194
ephreli,194
njalo,193
umbuso,193
labo,193
egibhithe,193
asenamibhiya,193
yidolobhakazi,192
esincane,190
ezindaweni,189
amaqembu,189
league,188
inkampani,188
western,188
agasti,187
kokuba,186
zocansi,186
empumalanga,185
mandela,185
nakuba,185
yena,185
izinhlelo,185
salesifunda,185
bhurundi,185
ningizimu,184
ezweni,184
into,184
eastern,184
ngomhla,184
party,183
mayelana,183
yabantu,182
idolobha,182
ngokushesha,182
inyakatho,182
ezahlukahlukene,181
okwisifundazwe,181
indlwabu,181
zimbabwe,180
ezinkulu,180
nase,180
eyaziwa,179
efana,179
omunye,178
amhara,178
zasezimbabwe,177
kwesinye,177
ngayo,177
lolu,176
wathola,176
imfundo,175
ibe,175
yama,175
abaculi,174
emuva,174
eneminyaka,174
enyakatho,173
izindlela,173
imvamisa,173
isikhundla,173
kubantu,172
kwathi,172
esomaliya,172
phezulu,171
abesifazane,171
sangasese,171
abafundi,169
ukusebenza,169
ocansini,169
iningizimu,168
isibonelo,168
angu,168
owaziwa,168
eriphabliki,167
ingxenye,167
kungenzeka,167
iziqu,167
egoli,166
esikhathini,166
kulo,166
kwayo,166
wikipedia,165
eside,165
emozambiki,165
abadlali,165
imidlalo,165
abesilisa,165
emazweni,164
nabanye,163
ngisho,163
kuwo,163
ngemva,162
kungaba,162
inqubo,162
ezingu,161
ucwaningo,161
kuyo,161
wasemelika,161
iziteshi,161
nangokuthi,160
engama,160
northern,160
sokuqala,160
award,160
emphakathini,159
new,159
omhlaba,158
umhlaba,158
abadala,158
enye,158
snnpr,158
lds,158
abafa,157
wazalelwa,157
eqenjini,157
lokho,155
us,155
wenza,155
eziyi,155
konke,155
best,155
zobulili,155
ezithile,154
ngawo,154
izincwadi,154
kwabo,154
ukubhoboza,154
ebizwa,153
labantu,153
isonto,153
kuyinto,153
amakhulu,152
yokuthi,152
amathathu,152
izindaba,152
kwama,152
inkosi,151
izilwane,151
high,151
izingane,151
la,151
nawo,150
okusho,150
wathi,149
kazwelonke,149
wasebenza,149
music,148
uchungechunge,147
york,147
asezimbabwe,147
unkulunkulu,146
yayo,146
ucansi,146
liyisiqongo,145
okuhlobene,145
amalungu,145
ezingcolile,145
zasemadagasika,145
laseningizimu,144
wazalwa,144
ngaleso,143
lama,143
gini,143
wabo,142
esikoleni,142
ouled,142
isingisi,141
umongameli,141
imithetho,141
namuhla,141
nayo,141
aseningizimu,141
waqokwa,141
bobabili,141
okokuqala,140
international,140
nabantu,139
amakhasi,139
amafilimu,139
lonke,139
ngama,138
kancane,138
kwesikhathi,138
awards,138
mhla,137
elilodwa,137
ebhurundi,137
ngokusebenzisa,136
nenani,136
esikhulu,135
kuyilapho,135
akhe,135
abo,135
com,135
ukuthola,135
umndeni,135
ubuye,134
ngokocansi,134
sesifunda,134
zabantu,133
umdlalo,133
dlamini,133
amalungelo,132
impumalanga,132
cape,132
gabhoni,132
hhayi,131
yesibili,131
ifilimu,131
esudan,131
ezine,130
southern,130
kokuthi,130
ekugcineni,130
isikole,130
izifundo,130
yomhlaba,129
amasiko,129
zemozambiki,129
uphinde,128
njengamanje,128
icala,127
eminye,127
okukhulu,127
zombili,126
kumele,126
emelika,126
yaba,126
umphakathi,126
lobuchwe,126
somali,126
ukushaya,126
anime,126
babo,125
ube,125
ngamunye,125
movie,125
ukuya,124
kanjani,124
cup,124
ngokusho,124
isigaba,124
nazo,123
kwenziwa,123
amanzi,123
city,122
amalokishi,122
emibili,122
evela,122
nabo,121
is,121
college,120
day,120
ulwazi,120
izici,120
esifundazweni,119
ngokusemthethweni,119
kwaze,119
ubulili,119
njengo,119
umbono,119
wakhethwa,119
elisentshonalanga,119
inhlangano,118
ngabantu,118
ayi,118
elibhiya,118
english,117
encane,117
ngojanuwari,117
ngokuphelele,116
uthi,115
imibono,115
uthe,115
abamnyama,114
eliphezulu,114
kusetshenziswa,114
amadoda,114
inthanethi,114
yevanga,114
ubaba,114
ngomeyi,114
oued,114
enophawu,113
sika,113
julayi,113
gama,113
entsha,113
meyi,113
ejele,112
ukungena,112
izimo,112
esithi,112
nakho,112
umzimba,112
uthole,112
glans,112
okungenani,111
wajoyina,111
ngokwesibonelo,111
siqu,111
imiklomelo,111
ingoma,110
okunye,110
eduze,110
ngojuni,110
umculi,109
ephakeme,109
zokuqala,109
izimpawu,109
basemelika,109
isenzo,109
penile,109
inkolo,108
aphezulu,108
elisenyakatho,108
ngasekupheleni,108
izinga,108
ijwabu,108
eyurophu,107
zaseningizimu,106
ifuleyisitata,106
yomuntu,106
usuku,106
asia,106
ndawonye,106
esifundeni,106
state,106
kokubili,106
ejwayelekile,106
indima,106
kunazo,105
isi,105
isiko,105
abangu,105
izingxenye,105
waphinde,105
wesifunda,105
zangasese,105
smith,105
ngeminyaka,104
uk,104
ngaphezulu,104
nendawo,104
kubo,104
abalingisi,104
efanayo,104
somhlaba,104
kabanzi,103
wobandlululo,103
church,103
weqembu,102
wabantu,102
eyi,102
union,102
kuvame,102
by,102
american,102
njengengxenye,102
nkabazwe,102
imiphumela,102
asemadagasika,102
tizi,102
ubuciko,101
million,101
elisha,101
yango,101
enyuvesi,101
ben,101
amancane,100
isifo,100
indodana,100
umbhali,100
ngofebhuwari,100
kule,100
ezinhlanu,100
film,100
timberlake,100
umlingani,100
kwa,99
yezocansi,99
sowesifazane,99
afana,98
yasungulwa,98
kabili,98
waya,98
omusha,98
laba,98
sezulu,98
zihlanganisa,98
ekapa,97
kwekhulu,97
ngqo,97
yini,97
ndlela,97
obufanayo,97
zifaka,97
covid,97
zingama,96
ngodisemba,96
ngojulayi,96
kuthiwa,95
namanye,95
kwamanye,95
zivame,95
ngekhulu,95
nokho,95
ubufakazi,95
phambilini,95
yomphakathi,95
ngokuhamba,95
egabhoni,95
eafrika,94
ezivela,94
kwawo,94
kwenzeka,94
ethile,94
aphansi,94
sayo,94
owesifazane,94
ungumdlali,94
championship,94
circus,94
wayo,93
sakwazulu,93
wama,93
town,93
unyaka,93
kahulumeni,93
komuntu,93
ngezansi,93
ouzou,93
black,92
kusho,92
arabhu,92
esebenza,92
kwabesifazane,92
siteshi,92
mashonaland,92
umthondo,92
bheka,91
wasungula,91
ngokuya,91
egauteng,91
sabc,91
ezincane,91
ezintsha,91
waziwa,91
izinkinga,91
edolobheni,91
ngonovemba,91
uqobo,91
ubudala,91
nabesifazane,91
wwe,91
kanjalo,90
eziyisithupha,90
lezinyawo,90
sokuba,90
bay,90
yindawo,89
yeningi,89
da,89
emthethweni,89
umqondo,89
ngabe,89
kunjalo,89
ngesingisi,89
komphakathi,89
umshado,89
amazulu,88
lapha,88
ngolimi,88
izenzo,88
zibe,88
womuntu,88
lowo,88
babe,88
isinqumo,88
yezwe,88
izazi,88
emdlalweni,88
isihloko,88
sendawo,88
batna,88
muffin,88
qembu,87
ngosuku,87
ibhayibheli,87
australia,87
net,87
okubalwa,87
umlingisi,87
wuhlobo,87
namasiko,87
kubandakanya,87
ababhali,87
umklomelo,87
wafunda,87
ipipi,87
zulu,86
emalawi,86
kalula,86
ubuchwepheshe,86
neqembu,86
okwenza,86
ngumongameli,86
incazelo,86
association,86
novemba,86
izifo,86
izitho,86
elisempumalanga,86
entshonalanga,85
amane,85
bathi,85
umama,85
ngokwesiko,85
juni,85
ezimbalwa,85
zayo,85
ahlukahlukene,85
district,85
yamasiko,85
imibhalo,84
zuma,84
fm,84
maphakathi,84
ekutheni,84
enkantolo,84
omncane,84
phezu,84
ngosepthemba,84
justin,84
izibalo,84
eziningana,84
urban,84
imininingo,84
ukwaziswa,83
group,83
disemba,83
kulesi,83
zazo,83
uphawu,83
indoda,83
asebutswana,83
enew,83
ubudlelwano,82
kwazo,82
kuqala,82
zomhlaba,82
impi,82
ukudlala,82
ebhayibhelini,82
ii,82
ukufunda,82
zomphakathi,82
hiv,82
sokuthi,81
ekhaya,81
komhlaba,81
amacala,81
ukwelashwa,81
ngezindlela,80
oyedwa,80
yawo,80
samabanga,80
internet,80
bayo,80
okuqukethwe,80
besilisa,80
ukwenziwa,80
wabhala,80
mashi,80
ababili,80
ebutswana,80
somaliland,80
izibonelo,79
lesizwe,79
lomculo,79
iqukethe,79
kokuqala,79
ukufa,79
ukufaka,79
elif,79
ukwakha,78
inyama,78
njengomuntu,78
ezingeni,78
ngokuba,78
septhemba,78
abasebenzisi,78
elingama,78
limpopo,78
saseningizimu,77
isizwe,77
mbeki,77
ngegama,77
sonke,77
enza,77
imvama,77
ngomashi,77
ephalamende,77
abangama,77
amazinga,77
uzuma,77
rural,77
tlemcen,77
izinhlangano,76
ngalesi,76
esisodwa,76
emndenini,76
israyeli,76
amaphoyisa,76
ekupheleni,76
google,76
wadlala,76
esiphezulu,76
database,76
uqale,76
januwari,76
education,76
ezahlukene,75
ngenhloso,75
nyaka,75
umoya,75
kabi,75
ezihlukene,75
izikole,75
inkantolo,75
lokuthi,75
imfundiso,75
izinyanga,75
sokuphila,75
zezindawo,75
sibande,75
umbukiso,75
zangaphandle,75
lwesikhathi,75
utc,75
abasebenzi,74
owodwa,74
amakhosi,74
obizwa,74
at,74
ahlukene,74
ephezulu,74
elikwazulu,74
izihloko,74
izixhumanisi,74
yesithathu,74
besifazane,74
emithathu,74
kumabonakude,74
kunoma,74
isizini,74
elisefuleyisitata,74
emlandweni,73
ukhuluma,73
co,73
ukusebenzisa,73
www,73
isikhumba,73
isivumelwano,73
park,73
lika,73
umnyango,73
ali,73
young,73
isazi,73
lwakhe,73
club,73
eshiya,72
ngalo,72
akukho,72
european,72
yenkolo,72
uthando,72
iyindawo,72
isiqalo,72
art,72
bejaia,72
john,71
indaba,71
okuningi,71
bc,71
ephakathi,71
ithi,71
wokuthi,71
yilungu,71
umkhuba,71
ngezinye,70
ethekwini,70
yaqala,70
ibhola,70
kuba,70
zikahulumeni,70
womphakathi,70
omdala,70
ukusuka,70
izingoma,70
omnyama,70
house,70
bobulili,70
ogooué,70
oum,70
orgasm,70
isizulu,69
albert,69
eyishumi,69
ukukhula,69
isicelo,69
nezingane,69
encwadini,69
iyiphi,69
billion,69
ezimweni,69
okwamanje,68
ngokomlando,68
ngowe,68
ngeke,68
nomthelela,68
ziyi,68
yazo,68
okuyinto,68
act,68
isikhungo,68
iselesele,68
iphinde,68
ngezikhathi,68
umehluko,68
emkhakheni,68
asekapa,68
abaholi,68
esoweto,68
nemfundo,68
bebhola,67
layo,67
njengendlela,67
komzimba,67
year,67
esikwisifunda,67
liphansi,67
nambili,66
kunawo,66
nokuba,66
amangaphandle,66
people,66
yokugcina,66
ilungu,66
izinkomo,66
from,66
akhawunti,66
izimiso,66
yiselesele,66
isidi,66
infantry,66
wezwe,65
ukuxhumana,65
wakwazulu,65
impahla,65
ndawo,65
njll,65
ngokusobala,65
one,65
izehlakalo,65
kwalo,65
ivame,65
ifaka,65
isayensi,65
women,65
italy,65
umbiko,65
lephalamende,65
ruwanda,65
eziyishumi,64
ujesu,64
yingxenye,64
ibizwa,64
izakhiwo,64
ukukhiqizwa,64
bakwazulu,64
indlu,64
youtube,64
athi,64
kuhlanganise,64
ngokumelene,64
esiteshini,64
yomthethosisekelo,64
ukubizwa,64
bona,64
kuqhathaniswa,64
njengelungu,64
yomculo,64
time,64
democratic,64
ujoseph,64
beni,64
regiment,64
abahlala,63
konyaka,63
egameni,63
sa,63
kaningi,63
ihlanganisa,63
kulandela,63
kingdom,63
news,63
ukwakheka,63
press,63
wesibili,63
imikhiqizo,63
republic,63
imininingwane,63
emihlanu,63
okufanele,63
top,63
ungqongqoshe,63
adult,63
pop,63
river,63
inkanuko,63
ujohn,62
ngasikhathi,62
ibizo,62
amathuba,62
empeleni,62
izwi,62
academy,62
izinsuku,62
omculo,62
red,62
izinguxa,62
it,62
ngokulandelana,62
articles,62
yemvelo,62
kwezepolitiki,62
esibhedlela,62
maqondana,62
as,62
ingane,62
haut,62
ushaka,61
umnotho,61
elidala,61
sithi,61
endlini,61
avela,61
references,61
ebalulekile,61
ehlukile,61
nomsebenzi,61
ngokubambisana,61
ukhetho,61
esemthethweni,61
uhlangothi,61
th,61
zomzimba,61
sea,61
iyidolobha,61
inkulumo,61
ubukhulu,61
nezinto,61
imithi,61
eliphakeme,61
umhlalaphansi,61
lokuhlala,61
esemaphethelweni,61
nokunye,60
inja,60
leyo,60
suku,60
intsha,60
ngokweqile,60
eceleni,60
ikakhulu,60
ezifanayo,60
ngokomthetho,60
emzimbeni,60
sikhundla,60
indondo,60
wezempilo,60
odlala,60
usmith,60
esomaliland,60
bouïra,60
tiaret,60
abafana,59
igoli,59
endiya,59
yalo,59
sinye,59
ngokuyinhloko,59
inkinga,59
aids,59
ungumlingisi,59
ungumculi,59
kuhlanganisa,59
baba,59
abasha,59
emsebenzini,59
ukuqala,59
ukwakhiwa,59
ayizigidi,59
womculo,59
ukubonakala,59
album,59
kwesifunda,59
wathuthela,59
adam,59
imizwa,59
owesilisa,59
ohlelweni,59
lwango,59
okuhlanganisa,59
tigray,59
amamormon,59
umthethosisekelo,58
akwazulu,58
iyizwe,58
india,58
iqiniso,58
network,58
ngubani,58
engamashumi,58
acid,58
elisho,58
kuleli,58
wakhipha,58
ehlukene,58
nobandlululo,58
amasha,58
imiphakathi,58
ukuqonda,58
izinwele,58
star,58
ukuvela,58
wasezimbabwe,58
dstv,58
etestamente,58
emidlalweni,58
ukukhiqiza,58
kocansi,58
kamormoni,58
freedom,57
emikhulu,57
van,57
leqembu,57
kubizwa,57
inhloso,57
kubalwa,57
yamazwe,57
minyaka,57
abavela,57
kulezi,57
back,57
elondon,57
usopolitiki,57
izinkanyezi,57
isb,57
ezinsukwini,57
ngowezi,57
imishini,57
isakhiwo,57
ngamahora,57
nowesifazane,57
movies,57
mgm,57
all,56
ukugcina,56
lomhlaba,56
engaphezu,56
empilweni,56
komthetho,56
ezihlanganisa,56
izithelo,56
kwegama,56
wamemezela,56
or,56
elinye,56
middle,56
uhlala,56
inguqulo,56
okuhle,56
izikhundla,56
kwemali,56
life,56
usebenzisa,56
matabeleland,56
latter,56
poker,56
lula,55
esinye,55
ngomlomo,55
ngumuntu,55
ngaphambili,55
ngondasa,55
izikhungo,55
ezi,55
womhlaba,55
first,55
yasemelika,55
benza,55
ukuhlangana,55
foundation,55
emine,55
neminye,55
wemelika,55
usa,55
nations,55
yezezibhangqiwe,55
kunalokho,55
ohlwini,55
ezinyangeni,55
izandla,55
likazwelonke,55
waqhubeka,55
okubandakanya,55
nile,55
sousse,55
kukhulunywe,55
institute,54
yona,54
nyakatho,54
nomunye,54
sezwe,54
nango,54
isithombe,54
okhethweni,54
media,54
phambi,54
namandla,54
enze,54
okuthile,54
development,54
deepin,54
lokusebenza,54
youth,54
umphumela,54
eziphilayo,54
isouth,54
wakhulela,54
ongena,54
wezepolitiki,53
yilapho,53
amaphesenti,53
ngaso,53
iziqhingi,53
abangaphezu,53
zemfundo,53
ezingaphezu,53
salesifundazwe,53
emiphakathini,53
isifunda,53
yanamuhla,53
esifanayo,53
izinkampani,53
king,53
umbhalo,53
emasikweni,53
yokuhlala,53
umholi,53
ngokugcwele,53
isisindo,53
jazz,53
council,53
yathola,53
football,53
ukufakwa,53
ngaleyo,53
iqoqo,53
esigabeni,53
itholakala,53
yinto,53
ezinganeni,53
umahlangu,53
zokusebenza,53
wanikezwa,53
umoses,53
division,53
kwezocansi,53
inzululwazi,53
kwabesilisa,53
ngobukhulu,52
ohlangeneyo,52
rock,52
ngesimo,52
izakhi,52
okwenziwa,52
http,52
esontweni,52
ngazo,52
ad,52
nokwenza,52
empini,52
ukusukela,52
ehlukahlukene,52
waboshwa,52
udlame,52
amakhono,52
zama,52
ngayinye,52
ezombusazwe,52
nokusebenza,52
nabesilisa,52
ithuba,52
udlale,52
isithembu,52
bou,52
chlef,52
isidoda,52
ibanga,51
angaphezu,51
edlule,51
amahlanu,51
ngokwemvelo,51
ekhulwini,51
nokusetshenziswa,51
ngomandulo,51
okuqala,51
bavame,51
nalo,51
waze,51
inyanga,51
ngolwezi,51
iye,51
kwezigidi,51
ukufinyelela,51
izigaba,51
ezivamile,51
ukuthuthukiswa,51
wenze,51
ubude,51
vegas,51
science,51
magic,51
zevangeli,51
organisation,51
ndlovu,51
unelson,50
bantu,50
lwabo,50
luka,50
soccer,50
bathola,50
ezihlukahlukene,50
sabo,50
kanzima,50
esimweni,50
video,50
white,50
epitoli,50
ezihlobene,50
womabili,50
ziye,50
bank,50
igazi,50
iyi,50
an,50
im,50
esebenzisa,50
washona,50
umphathi,50
ezikoleni,50
wamazwe,50
usebenze,50
izicubu,50
ngesizini,50
jibhuthi,50
monastir,50
kwejwabu,50
uyinhlwa,50
udlamini,50
ukuhlela,49
izinhlanga,49
bokuqala,49
melika,49
uyise,49
kwenza,49
zokugcina,49
wahlangana,49
imvelo,49
etholakala,49
washiya,49
inkululeko,49
kuhulumeni,49
akazange,49
umkhankaso,49
primary,49
ngempumelelo,49
arab,49
yalokho,49
uye,49
baye,49
amahora,49
eminyaka,49
sifo,49
ohlangothini,49
lomuntu,49
yamemezela,49
tunis,49
ukukhanya,49
asemalawi,49
afar,49
umngcikisho,49
bordj,49
biskra,49
iscamtho,49
lona,48
izinhlamvu,48
umcimbi,48
sibe,48
lisho,48
njengomunye,48
emanzini,48
kankulunkulu,48
kombuso,48
zanamuhla,48
ezihlukile,48
naku,48
ochungechungeni,48
abalandeli,48
wesifundazwe,48
imizamo,48
lesibili,48
izindebe,48
hlobo,48
oluthile,48
ezincelisayo,48
okuthiwa,48
abathathu,48
ireland,48
zi,48
april,48
asetshenziswa,48
afaka,48
kokudla,48
hlelo,48
amaphethini,48
iculo,48
kunabo,48
basejaphani,48
premier,48
kwesikhumba,48
ezibandakanya,48
ngomunye,48
bouaghi,48
isebenza,47
abamhlophe,47
ukuchaza,47
elizabeth,47
kundasa,47
ngokungafani,47
nohulumeni,47
sesibili,47
klerk,47
ehlanganisa,47
yasendulo,47
ukubhala,47
ukuziphatha,47
yobudala,47
isilinganiso,47
isibalo,47
arts,47
isetshenziswa,47
wabulawa,47
embonini,47
esibizwa,47
kulokhu,47
ngokomzimba,47
ukubaluleka,47
mhlawumbe,47
society,47
wabamba,47
kweminye,47
ngocansi,47
kwamasiko,47
latin,46
luthuli,46
yaziwa,46
yizwe,46
olunye,46
europe,46
angaba,46
online,46
wesizwe,46
eziyinhloko,46
indebe,46
eningi,46
basezimbabwe,46
ezitholakala,46
abazali,46
eyinhloko,46
mdlalo,46
kwabanye,46
amaphuzu,46
zemvelo,46
lezo,46
zomthetho,46
islam,46
ezincwadini,46
isisekelo,46
nzima,46
zomculo,46
ukuhlolwa,46
amasu,46
imikhuba,46
yangasese,46
angeles,46
iii,46
orlando,46
nobulili,46
komshado,46
kulabo,46
kwezingane,46
ukuthuthukisa,46
ubugebengu,46
izitolo,46
andile,46
ukulimala,46
eruwanda,46
dube,45
isifundazwe,45
okuncane,45
june,45
baqala,45
bendawo,45
ngalinye,45
nezindawo,45
ukuvikela,45
aba,45
okufana,45
yesine,45
zawo,45
ngontulikazi,45
kristu,45
isifulentshi,45
ngozibandlela,45
esithile,45
intanethi,45
sama,45
nezindaba,45
isimiso,45
ngale,45
izinguquko,45
kwakukhona,45
ezibalulekile,45
wangena,45
love,45
health,45
service,45
who,45
esetshenziswa,45
ugwayi,45
elandelayo,45
yezindaba,45
nesikhathi,45
grand,45
impumelelo,45
alliance,45
ithole,45
izinhlanzi,45
nabeul,45
waseturkey,45
amasoseji,45
ezemidlalo,44
libe,44
ehamba,44
zokuxhumana,44
olulodwa,44
amanani,44
elifanayo,44
abafileyo,44
na,44
yenza,44
okwenzeka,44
st,44
london,44
walo,44
old,44
ambalwa,44
yimuphi,44
evamile,44
ezinhlelweni,44
ubunikazi,44
okungukuthi,44
ukuhlukaniswa,44
ngokuhlanganyela,44
olimpiki,44
isitayela,44
ushone,44
ukukhishwa,44
kwezemfundo,44
aphakeme,44
wawina,44
yasekapa,44
ebusuku,44
esivela,44
ngokukhethekile,44
bouzid,44
tebessa,44
uphiko,43
sabantu,43
nanye,43
eswatini,43
technology,43
nelson,43
china,43
esiningi,43
lawo,43
ukulawula,43
island,43
wathatha,43
ngamazwe,43
izitshalo,43
ngokujwayelekile,43
yokuba,43
abakhulu,43
wabuye,43
ezikhathini,43
kangcono,43
lesifunda,43
ubuntu,43
izingxoxo,43
neminyaka,43
eyenziwe,43
die,43
america,43
ushukela,43
kwenye,43
ephethwe,43
ophethe,43
street,43
amaningana,43
imboni,43
james,43
isandla,43
ovela,43
izinyathelo,43
wesifazane,43
centre,43
force,43
inombolo,43
ukusiza,43
law,43
festival,43
iyincwadi,43
uyilungu,43
yeqembu,43
ezocansi,43
ngokwengeziwe,43
lomlomo,43
phimosis,43
kolimi,42
indian,42
izinkolo,42
endala,42
ubizwa,42
livela,42
indodakazi,42
owabe,42
am,42
zenkolo,42
ukudala,42
ukwanda,42
athola,42
center,42
isebenzisa,42
kubhekwa,42
olusha,42
has,42
athole,42
yiqembu,42
amasosha,42
esiphakeme,42
okuvela,42
utah,42
general,42
imbewu,42
umdlavuza,42
corporation,42
emcimbini,42
kokushona,42
olandelayo,42
enigeria,42
lower,42
njengongqongqoshe,42
ubungqingili,42
boushaki,42
abizwa,41
umsindo,41
bce,41
atholakala,41
aye,41
mlando,41
izinsiza,41
elula,41
bathole,41
nezinhlelo,41
bahlala,41
kude,41
amaqhawe,41
selokhu,41
ekhuluma,41
nkampani,41
lutho,41
okuqhubekayo,41
ubezalwa,41
umkhiqizo,41
ukuphela,41
leminyaka,41
yesicikizi,41
evame,41
ngomqondo,41
inzalo,41
unkosikazi,41
amarekhodi,41
yenziwa,41
degree,41
studio,41
washada,41
kuyindlela,41
efanele,41
izidakamizwa,41
lwethelevishini,41
wahlala,41
movement,41
wokugcina,41
saint,41
kwemvelo,41
lentuthuko,41
uke,41
inkontileka,41
wesonto,41
azerbaijan,41
saints,41
azerbaijani,41
izithununu,41
sisulu,40
elaziwa,40
nakwezinye,40
nemibono,40
yombuso,40
okungenzeka,40
kwabe,40
akuyona,40
ushintsho,40
khumalo,40
website,40
ukulwa,40
ukuhamba,40
inc,40
es,40
kwezinto,40
kwaholela,40
ilanga,40
ukugwema,40
ukuma,40
sempi,40
nomphakathi,40
imibuzo,40
ngokwengxenye,40
esihloko,40
economic,40
leshumi,40
yokusebenza,40
retrieved,40
order,40
california,40
las,40
kwenziwe,40
imikhakha,40
ngokobulili,40
ukutheleleka,40
isici,40
show,40
othile,40
uthabo,40
ngenqubo,40
army,40
isele,40
atsimo,40
norte,40
equatoria,40
adrar,40
kwesitho,40
isitho,40
eva,40
ezisemthethweni,39
lwesizulu,39
bhekafuthi,39
imoto,39
yokuphila,39
ukunyakaza,39
abayi,39
izincazelo,39
asebenza,39
kwamandla,39
ngomfumfu,39
engxenyeni,39
kohlelo,39
lendawo,39
imvelaphi,39
njengomongameli,39
zika,39
ngokufanayo,39
kunhlangulana,39
ukunqoba,39
lisuselwa,39
somuntu,39
abahleli,39
times,39
kunokuba,39
man,39
nelithi,39
ezinjalo,39
wokulwa,39
umlomo,39
lwezandla,39
limited,39
umbala,39
nitrogen,39
komnotho,39
ungomunye,39
abu,39
onke,39
ezaziwa,39
zokuthi,39
izindondo,39
okuphezulu,39
yabesifazane,39
imibukiso,39
uvame,39
amelio,39
darfur,39
sfax,39
blida,39
ahlala,38
lesifundazwe,38
esigodini,38
imelika,38
gauteng,38
ezibizwa,38
olukhulu,38
nguye,38
elibizwa,38
umkhandlu,38
sengathi,38
ofanayo,38
amasonto,38
kwamanzi,38
abayizi,38
ngobuningi,38
yezizwe,38
abazalwayo,38
ngombasa,38
othi,38
izinganekwane,38
umsuka,38
izinkondlo,38
lasendulo,38
theatre,38
umthombo,38
aziwa,38
izithako,38
ukukhuluma,38
wezindaba,38
eliphansi,38
esisha,38
umhleli,38
ukuvimbela,38
ngenyanga,38
entertainment,38
emisebenzini,38
unina,38
lwama,38
ngakolunye,38
ukukhombisa,38
okujwayelekile,38
baphinde,38
records,38
ngesonto,38
yokuziphatha,38
edlala,38
ezifundweni,38
akholelwa,38
zokuziphatha,38
lesigodi,38
undlovu,38
laghouat,38
penis,38
udonaldson,38
pokerstars,38
abakhuluma,37
zikhona,37
limi,37
ukubulala,37
esenyakatho,37
lomphakathi,37
cell,37
ukuthatha,37
ngamandla,37
zokuhlala,37
aqukethe,37
ngonhlolanja,37
izizwe,37
nguhulumeni,37
inyuvesi,37
ubuhlobo,37
omphakathi,37
ufunde,37
ukuhlukunyezwa,37
social,37
ubuhlungu,37
inkunzi,37
free,37
unomphela,37
kwempi,37
french,37
zomlando,37
ukubamba,37
kukhulunywa,37
yonyaka,37
udumo,37
project,37
inzuzo,37
up,37
wakwa,37
kwesimo,37
akufanele,37
izikhulu,37
ngokwanele,37
ukungabi,37
october,37
dj,37
ithelevishini,37
ecalifornia,37
ezehlukene,37
zaba,37
ezindabeni,37
nohlelo,37
wezemfundo,37
amagciwane,37
ayo,37
osebenza,37
wendawo,37
simo,37
ngemali,37
ingozi,37
esijwayelekile,37
isitolo,37
ohangwena,37
enkabazwe,37
kwesizini,37
bir,37
izimfundiso,37
clitoris,37
bezocansi,37
ukusoka,37
kuthi,36
kwakungu,36
imicimbi,36
ramaphosa,36
angaphandle,36
hani,36
wa,36
iyurophu,36
kwaqala,36
zonyaka,36
nezwe,36
imifino,36
izintambo,36
ukubona,36
ezijwayelekile,36
ezingaba,36
enhle,36
ngempela,36
ukuhlala,36
lawa,36
radio,36
isizinda,36
yezepolitiki,36
izinqumo,36
izimpahla,36
indlovukazi,36
ubuhlakani,36
ithe,36
zealand,36
ngonhlaba,36
iwebhusayithi,36
museum,36
kobandlululo,36
kwamalungelo,36
lwayo,36
imindeni,36
aphinde,36
umuzi,36
kunhlolanja,36
kungani,36
upper,36
kubikwa,36
ncwadi,36
ngasinye,36
ibhizinisi,36
nsuku,36
esemncane,36
afro,36
elokishini,36
nomculo,36
imbongi,36
hall,36
angcolile,36
turkish,36
zethelevishini,36
nezinkinga,36
ezingaphansi,36
hop,36
nezimpawu,36
wavela,36
sonyaka,36
wabuyela,36
un,36
yangempela,36
eluhlaza,36
erussia,36
kavango,36
esingaphambili,36
shabelle,36
absa,36
ukubheja,36
usizo,35
ngokwe,35
ubuso,35
kungenziwa,35
ukuphila,35
kunkulunkulu,35
inkundla,35
great,35
kulokho,35
zomuntu,35
yesizwe,35
official,35
okuvame,35
yigama,35
inkathi,35
km,35
nomthetho,35
emadolobheni,35
september,35
may,35
iphephandaba,35
ngalokho,35
izimoto,35
ividiyo,35
ngaphambilini,35
ezilandelayo,35
band,35
nesimo,35
yendawo,35
ekusetshenzisweni,35
inikeza,35
umqondisi,35
community,35
zamasiko,35
irekhodi,35
oxford,35
ibuye,35
asemelika,35
wezezimali,35
uhambo,35
okungu,35
filimu,35
ma,35
series,35
esonto,35
der,35
alibhamu,35
abane,35
ikhono,35
ukunciphisa,35
lukazwelonke,35
ehlala,35
udaba,35
ukukhulisa,35
singaphansi,35
hi,35
yabe,35
bukhoma,35
gospel,35
wayeyilungu,35
okulandelayo,35
bedlala,35
sasegert,35
obuhlukile,35
lgbt,35
asemozambiki,35
climate,35
socansi,35
amasulumane,35
hcards,35
july,34
ayisithupha,34
kwagauteng,34
ovelele,34
elingcwele,34
laseyurophu,34
johannesburg,34
hare,34
yesifundazwe,34
kwezombusazwe,34
imigomo,34
unandi,34
amabutho,34
august,34
ingaba,34
benze,34
umfundi,34
abaphilayo,34
okuthi,34
kwezwe,34
aqala,34
march,34
ngesandla,34
big,34
isicikizi,34
ukubuka,34
ngezinga,34
committee,34
non,34
master,34
en,34
kwase,34
biography,34
ukwehla,34
butswana,34
kuzibandlela,34
nkosi,34
umqambi,34
kuso,34
ibhodi,34
abalingani,34
komunye,34
ezikhona,34
akekho,34
ukusakaza,34
waqeda,34
christian,34
febhuwari,34
nenqubo,34
eyisithupha,34
abambalwa,34
ngomsebenzi,34
esingu,34
kwavela,34
njengomdlali,34
ojwayelekile,34
karas,34
yisiqhingi,34
kordofan,34
souk,34
abbès,34
owuchungechunge,34
amakhasino,34
ukukhuthaza,33
lwabantu,33
abayizigidi,33
inhloko,33
thomas,33
zolimi,33
ongcwele,33
emoyeni,33
kwengu,33
zasemelika,33
ndaba,33
yomlando,33
history,33
singulimi,33
yisiphi,33
yinkosi,33
embusweni,33
ngoncwaba,33
eya,33
uthathe,33
kumuntu,33
okubizwa,33
mhlaka,33
ezingaphandle,33
ilungelo,33
yinkampani,33
ngonhlangulana,33
ngenye,33
kudala,33
ngokobuhlanga,33
ukuthandwa,33
olimini,33
amazwi,33
ezimele,33
osombusazwe,33
abasebenza,33
algeria,33
ikhasi,33
kwamazwe,33
yezimboni,33
ukukhathazeka,33
ukucabanga,33
nokuziphatha,33
wabekwa,33
oyinhloko,33
isib,33
umgomo,33
kubonakala,33
ezilwaneni,33
izivivinyo,33
bendabuko,33
channel,33
imidwebo,33
francisco,33
ababukeli,33
actress,33
stars,33
kokhetho,33
kulolu,33
esaziwa,33
uthomas,33
ungumbhali,33
december,33
amakhadi,33
odumile,33
ujoyine,33
wabonakala,33
junior,33
yokudla,33
ukuqeda,33
ngungqongqoshe,33
yesi,33
ezinhle,33
wonyaka,33
eqondile,33
equkethe,33
esouth,33
isifiso,33
ekwakhiweni,33
galaxy,33
zasemalawi,33
ungusopolitiki,33
chungechunge,33
raw,33
isidlakathi,33
bizerte,33
nxt,33
munteanu,33
isibhunu,32
baya,32
yakwazulu,32
lesotho,32
yezemidlalo,32
lomasipala,32
ngesizulu,32
laqala,32
yethu,32
lokugcina,32
isigwebo,32
ezisetshenziswa,32
ngokwenza,32
lwase,32
land,32
ezindala,32
org,32
ukuhumusha,32
nomuntu,32
amachwe,32
zitholakala,32
kagesi,32
company,32
intatheli,32
ithimba,32
ngezizathu,32
bakwa,32
nalokho,32
web,32
wezingoma,32
ejalimane,32
olubizwa,32
engilandi,32
emisha,32
secondary,32
wasebrithani,32
human,32
usebenza,32
izivakashi,32
impikiswano,32
umsunguli,32
ngcono,32
nemiphumela,32
universal,32
nethi,32
ngokuphambene,32
ethatha,32
avame,32
air,32
book,32
amathoyizi,32
anyanisi,32
ngalolu,32
engenayo,32
umshini,32
hip,32
izimbangela,32
gciwane,32
ukuhlola,32
wadl,32
kwesizwe,32
hebrew,32
oda,32
zalo,32
isicoco,32
yezingane,32
lesigungu,32
nezifundo,32
valley,32
abaprofethi,32
lake,32
ujona,32
ngokusetshenziswa,32
uhlamvu,32
ubumsulwa,32
yesifunda,32
wezithombe,32
okwesibhakabhaka,32
emibhalweni,32
play,32
ehlobene,32
olwenziwe,32
umgqagqa,32
omusati,32
madagasika,32
cuanza,32
kivu,32
kasaï,32
ophakathi,32
ejibhuthi,32
izithenjwa,32
kef,32
mahdia,32
urethra,32
fc,32
hydroquinone,32
isixhosa,31
zisebenzisa,31
bomdabu,31
osopolitiki,31
tambo,31
ochwepheshe,31
ubudlelwane,31
yikuphi,31
namaqembu,31
yokuxhumana,31
kuxhakaxholo,31
nemithetho,31
bazo,31
awo,31
njengama,31
ngezinto,31
zendabuko,31
ubandlululo,31
inkanyezi,31
police,31
izindlu,31
umfowabo,31
ibutho,31
iqala,31
yezindlela,31
ubuhle,31
kokunye,31
kubalulekile,31
ubani,31
cha,31
ekhona,31
izinhlwa,31
soweto,31
war,31
efrance,31
salokho,31
eturkey,31
isbn,31
onyakeni,31
nezithombe,31
kulula,31
obala,31
abaphathi,31
kwalesi,31
athile,31
yemfundo,31
kungaholela,31
kwezomnotho,31
isikhulu,31
zomsebenzi,31
saba,31
ekubeni,31
wokuba,31
igciwane,31
communist,31
amafutha,31
kamandela,31
imbangela,31
ukufundisa,31
esihle,31
yokwenza,31
umfana,31
inethiwekhi,31
ongaphansi,31
lwaseningizimu,31
wezempi,31
eba,31
ihhovisi,31
ukubulawa,31
wezokuvikela,31
eminingana,31
iklabhu,31
wafundisa,31
ntem,31
bari,31
debub,31
gash,31
wrestling,31
umqhudelwano,31
arous,31
umbhishobhi,31
christ,31
owamukelayo,31
nezwi,31
wobumsulwa,31
frenulum,31
isoseji,31
afanayo,30
kwalezi,30
olukhulunywa,30
uthathwa,30
eseningizimu,30
wenziwa,30
izinyawo,30
ethandwa,30
region,30
lisetshenziswa,30
ngesinye,30
abahlali,30
kumdlalo,30
abangaphansi,30
yasekhaya,30
station,30
umzabalazo,30
emnyangweni,30
ngamaqembu,30
nodadewabo,30
njengomholi,30
umkabayi,30
yesimanje,30
bbc,30
michael,30
likamongameli,30
undunankulu,30
ukuveza,30
ukugxila,30
zingaba,30
are,30
ngasese,30
nakwamanye,30
ukuphathwa,30
ubisi,30
iyona,30
somphakathi,30
kokuqukethwe,30
isuka,30
kwendawo,30
okuqondile,30
esentshonalanga,30
izicikizi,30
igunya,30
elithile,30
ngokuqondile,30
izindleko,30
version,30
you,30
wajaphani,30
isizathu,30
kong,30
izinhlaka,30
kwale,30
nempilo,30
kwalokhu,30
abenza,30
umhlangano,30
paul,30
izimpilo,30
disney,30
tour,30
negama,30
zakamuva,30
zibandakanya,30
ingabe,30
kuvela,30
abathandana,30
eziyisikhombisa,30
njengenye,30
isidingo,30
yisimo,30
izithunywa,30
zokudla,30
umuthi,30
ezenziwe,30
yami,30
umkhiqizi,30
ukunikeza,30
eziphezulu,30
zendawo,30
othisha,30
wagcina,30
nomndeni,30
sokugcina,30
ukubuyiselwa,30
broadcasting,30
studies,30
kwentsha,30
ezungeze,30
bomuntu,30
lebhola,30
okusha,30
kuholele,30
yiluphi,30
bclr,30
yesonto,30
ibeni,30
cuvette,30
gumuz,30
hammam,30
okuphelele,30
zamarandi,30
sethelevishini,30
wasezulwini,30
mbono,30
jesus,30
kwepipi,30
ivelvet,30
arzu,30
naso,29
ahlanganisa,29
sacp,29
ujacob,29
ukutholakala,29
livame,29
ukuzwa,29
sobandlululo,29
ifomu,29
kwezimo,29
kunhlaba,29
road,29
nezinhlangano,29
lolimi,29
omuhle,29
kusebenza,29
yedwa,29
uhlaka,29
samanje,29
witwatersrand,29
wethula,29
kuphinde,29
olwandle,29
amavidiyo,29
yakho,29
wesithathu,29
alo,29
rights,29
umthelela,29
naseningizimu,29
kwenzeke,29
ekwenzeni,29
zamazuba,29
zezezibhangqiwe,29
german,29
ukuhlanganisa,29
research,29
yethulwa,29
single,29
apple,29
nomculi,29
et,29
nemisebenzi,29
children,29
okuhlukile,29
akuvamile,29
bamafilimu,29
engekho,29
ukuhlinzeka,29
super,29
kungekho,29
eziphathelene,29
eyisishiyagalombili,29
ezizimele,29
emzini,29
okwaziwa,29
sempilo,29
eyasungulwa,29
ukuvuvukala,29
system,29
ezingezona,29
nombhali,29
isithunzi,29
ehambisana,29
eqala,29
udokotela,29
ukuhlonipha,29
usibusiso,29
izingubo,29
shooter,29
lasezimbabwe,29
ayishumi,29
ezikhethekile,29
wazo,29
cc,29
kokuzalwa,29
isinana,29
masvingo,29
hpv,29
oshikoto,29
atsinanana,29
sheikh,29
benishangul,29
pirates,29
wekhilikithi,29
kairouan,29
kasserine,29
wamazuba,29
béni,29
zengqondo,29
njengolimi,28
izimbabwe,28
amashumi,28
insimbi,28
ayisikhombisa,28
ikhanda,28
si,28
asebenzisa,28
zaseyurophu,28
ungumuntu,28
port,28
yilokishi,28
ingqungquthela,28
zezempilo,28
ezingekho,28
waye,28
umntwana,28
isu,28
idatha,28
william,28
dar,28
ngumculi,28
lombhoxo,28
omhlophe,28
nezilwane,28
endabeni,28
kwezitho,28
basebenzisa,28
izibongo,28
ukwazi,28
ifa,28
wenhlangano,28
amathuluzi,28
ukubheka,28
ya,28
zevanga,28
david,28
global,28
nekhulu,28
unity,28
kwaxhosa,28
inguxa,28
endleleni,28
amanothi,28
anti,28
nendlela,28
hlela,28
ilayisense,28
mkhuba,28
nalabo,28
egxile,28
okuholela,28
bamazwe,28
elivela,28
action,28
zabesifazane,28
ukuhweba,28
wasendiya,28
yisifo,28
wangaphambili,28
ibandla,28
cd,28
ed,28
yedolobha,28
blue,28
imishado,28
korea,28
ekuthuthukiseni,28
okwenziwe,28
izinhloso,28
mk,28
emakethe,28
kucatshangwa,28
esivamile,28
nolwazi,28
inkolelo,28
animation,28
ukuphuma,28
wango,28
okubi,28
ezepolitiki,28
seminyaka,28
nabasebenzi,28
kwifilimu,28
ngokufa,28
umgwaqo,28
imvume,28
muva,28
kwaziwa,28
ukukhipha,28
under,28
ukuqokwa,28
sobulili,28
ubucwebe,28
liphakathi,28
barka,28
unongo,28
wobulili,28
wezocansi,28
ejaculation,28
openview,28
ohlone,28
ezilimini,27
robert,27
executive,27
amaxhosa,27
mahlangu,27
wamanzi,27
isambulo,27
midlands,27
fort,27
obalulekile,27
umzila,27
zokuphila,27
namanzi,27
isetshenziselwa,27
alfred,27
ukususwa,27
nanhlanu,27
bokuthi,27
kokufa,27
asentshonalanga,27
kutholakala,27
facebook,27
ukutholwa,27
ukubusa,27
ukuphepha,27
eziyizinkulungwane,27
ezihlala,27
yakhiwa,27
utho,27
canada,27
nomongameli,27
eyabe,27
standard,27
ukwamukelwa,27
lokuzalwa,27
ebanzi,27
uxhakaxholo,27
ukubala,27
nentuthuko,27
embalwa,27
iqale,27
naphezu,27
izinombolo,27
izizathu,27
ethola,27
ukubukwa,27
emculweni,27
umfundisi,27
kumasingana,27
wombuso,27
yisikhathi,27
ukuvezwa,27
muntu,27
zesilisa,27
ukuvumela,27
wesikhathi,27
ngumholi,27
elisemthethweni,27
night,27
ngaye,27
ngokwezinga,27
velvet,27
real,27
iyinhlangano,27
umncintiswano,27
engqungqutheleni,27
ubuzwe,27
eyisisekelo,27
emshadweni,27
enkathini,27
kwegazi,27
amakhathuni,27
ekhethekile,27
ukugxekwa,27
digital,27
esivame,27
womkhandlu,27
mission,27
yokulwa,27
isiqu,27
yomthetho,27
wamalungelo,27
sinqumo,27
adamu,27
zenziwa,27
ngezi,27
kwabafundi,27
shuter,27
lomndeni,27
nozakwabo,27
abasebasha,27
ukuvuselelwa,27
ajwayelekile,27
emibi,27
ejapan,27
oshana,27
omaheke,27
uélé,27
siliana,27
izinhlayiyana,27
hassi,27
iyisiteshi,27
umuzwa,27
wezezibhangqiwe,27
ngezilimi,26
wethu,26
yokufunda,26
namazwe,26
okuyi,26
nonyaka,26
thabo,26
azo,26
ngamagama,26
zihlala,26
enamandla,26
esezingeni,26
wasekhaya,26
lezwe,26
ububanzi,26
ikhona,26
ahlangana,26
izinsimbi,26
laziwa,26
yobandlululo,26
kwakhiwa,26
izidingo,26
sobukhosi,26
amanga,26
wasayina,26
bomlomo,26
ezilula,26
ikhaya,26
ecaleni,26
izinkunzi,26
nombuso,26
kudingeka,26
ezihlangene,26
indonesia,26
ubheka,26
iphalamende,26
yebhola,26
uganda,26
isomaliya,26
computer,26
athikili,26
enesihloko,26
kwempahla,26
ikhodi,26
kumfumfu,26
kwezobuchwepheshe,26
zakha,26
ukulungiswa,26
january,26
eziyisisekelo,26
ceo,26
inew,26
johnson,26
sul,26
udavid,26
ukuqhubeka,26
idlala,26
ahmed,26
discography,26
kanje,26
waxoshwa,26
iran,26
ecanada,26
congo,26
mm,26
lokubulala,26
live,26
gallery,26
ekukhiqizeni,26
ngosizo,26
esifushane,26
ukudlula,26
ezenziwa,26
umnikazi,26
uketshezi,26
wesilisa,26
polandball,26
wafaka,26
alpha,26
ukubhekisa,26
ude,26
intombi,26
esedlule,26
kusetshenziswe,26
ukushada,26
umbuzo,26
my,26
ubhale,26
ngokuphathelene,26
umkhakha,26
yindlela,26
kukahulumeni,26
wayehlala,26
nomoya,26
ukugqugquzela,26
afrikaner,26
ngusihlalo,26
umyeni,26
obukhulu,26
federation,26
hospital,26
nokuxhumana,26
ngalokhu,26
okuholele,26
kungenxa,26
ukufeza,26
ezisebenza,26
ihhotela,26
ukuguqulwa,26
yeminyaka,26
kujulayi,26
ubhala,26
wezokuxhumana,26
ukusakazwa,26
wasegert,26
njengephini,26
isetshenziswe,26
ucameron,26
kobulili,26
eziqinile,26
odokotela,26
imiyonzi,26
nemizuzu,26
amangqamuzana,26
und,26
esithweni,26
lwendunu,26
iyinhlwa,26
ocansi,26
besonto,26
ulele,26
ekhanda,26
aït,26
kwezezibhangqiwe,26
yokungcebeleka,26
okushiwo,25
owaba,25
kunayo,25
umbutho,25
oliver,25
eff,25
eshayina,25
afrikaans,25
yenkosi,25
imisindo,25
nanoma,25
ubukhosi,25
ngenani,25
ngamanzi,25
yingakho,25
sidinga,25
ephansi,25
umose,25
umfula,25
lokushisa,25
sawo,25
ngokuqhubekayo,25
eziphakeme,25
ezintweni,25
impendulo,25
emakhaya,25
amehlo,25
kowe,25
wabona,25
ilembe,25
undaba,25
njengondunankulu,25
zibizwa,25
amaholide,25
obanzi,25
ngamanye,25
swazini,25
amatshe,25
nga,25
small,25
izinqubo,25
ezinzima,25
uduma,25
nendodana,25
israel,25
ukuxazulula,25
izingcezu,25
ehhovisi,25
esingisini,25
amaphutha,25
ovamile,25
izigidi,25
ngamabomu,25
kungase,25
kudinga,25
ukusabalala,25
encyclopedia,25
ophakeme,25
nobuchwepheshe,25
ogama,25
izilinganiso,25
ichaza,25
est,25
yisiqongo,25
yezenhlalo,25
kutholakale,25
esintu,25
istanbul,25
ukubhekana,25
uphakamisa,25
inhliziyo,25
post,25
article,25
wezincwadi,25
los,25
campbell,25
yomzimba,25
zokwakha,25
ahlanganiswe,25
okwengeziwe,25
wahamba,25
osemthethweni,25
ngalowo,25
yegazi,25
esigcwele,25
ukuhlanganiswa,25
billboard,25
ukukhulelwa,25
kumasipala,25
daba,25
yesikole,25
uzalo,25
enkampanini,25
commission,25
administration,25
yemidlalo,25
nenkolo,25
umngani,25
agency,25
front,25
isitatimende,25
node,25
ngabanye,25
asebenze,25
ngemisebenzi,25
ayikho,25
ngezinhlobo,25
yakha,25
anglican,25
isitifiketi,25
mec,25
yethule,25
okubanzi,25
ukungezwani,25
isitshalo,25
yesayensi,25
ezingxenyeni,25
eliselimpopo,25
aseswazini,25
omzimba,25
kuzona,25
erongo,25
bel,25
lunda,25
ibuyiselwe,25
mudug,25
umpetha,25
gafsa,25
dildo,25
lwesitho,25
ujoshua,25
uzakwethu,25
zokukhiqiza,25
usophia,25
artillery,25
eharare,25
wasesiswini,25
resorts,25
rtl,25
balanitis,25
zesicikizi,25
kongo,24
kunezinhlobo,24
yilona,24
yashicilelwa,24
jacob,24
phecelezi,24
phela,24
umkhosi,24
ukulandela,24
enkolweni,24
akwazi,24
kulinganiselwa,24
engaba,24
kasenzangakhona,24
omude,24
kuzwelonke,24
ukuqinisekisa,24
esizweni,24
izimpi,24
emincane,24
esiyinhloko,24
yobuciko,24
izulu,24
zinto,24
ahlobene,24
abampofu,24
nenhlangano,24
isiputukezi,24
ng,24
ngomasingana,24
fifa,24
kathathu,24
njengabantu,24
kufakwe,24
esisebenza,24
kokusebenza,24
nezimo,24
namalungelo,24
ukusabela,24
ottoman,24
etymology,24
sports,24
public,24
isho,24
nokubhala,24
amahlaya,24
samsung,24
ukwethula,24
hlangothi,24
open,24
abacwaningi,24
labesifazane,24
chinese,24
eyisikhombisa,24
ukuhlaziywa,24
out,24
that,24
do,24
ngohlelo,24
kwaso,24
uyi,24
eliphakathi,24
komlando,24
abancane,24
kg,24
afghanistan,24
ngumdlali,24
bawo,24
change,24
kokukhishwa,24
ithola,24
brand,24
emicimbini,24
isishoshovu,24
ltd,24
imodeli,24
ukufundwa,24
county,24
kwamenyezelwa,24
yamahlaya,24
eyengeziwe,24
ezinhlotsheni,24
ekudleni,24
ezalwa,24
emnyama,24
ebusweni,24
izicelo,24
nombono,24
gay,24
lolo,24
ukunikezwa,24
faculty,24
usisulu,24
ubuholi,24
nomfowabo,24
uwinnie,24
cala,24
semali,24
eqinile,24
yabasebenzi,24
ngokushaya,24
economics,24
ukubhema,24
yiliphi,24
somthethosisekelo,24
ekuseni,24
njengomculi,24
independent,24
ukuphatha,24
provincial,24
kwezimali,24
ndebele,24
izinsolo,24
uzalelwe,24
njengosihlalo,24
wezokuthuthukiswa,24
design,24
zobuciko,24
waqokelwa,24
somshado,24
premium,24
izisulu,24
ohamba,24
luapula,24
hardap,24
khan,24
juba,24
gambela,24
hollywoodbets,24
sundowns,24
kafr,24
ain,24
gabès,24
ngohlobo,24
sétif,24
erectile,24
izinjongo,24
okukodwa,24
amayunithi,24
television,24
sassa,24
silicone,24
ukuhlinzwa,24
ukhumalo,24
isibindi,24
lokuhlakanipha,24
eliyi,24
zintathu,24
umkitizo,24
izinsizakalo,23
sasenyakatho,23
lesizulu,23
samazulu,23
kufike,23
lelo,23
intando,23
igolide,23
ngokuvumelana,23
kwenkosi,23
libizwa,23
kungahle,23
emaphakathi,23
isilwane,23
kandaba,23
ngqa,23
uxhoxho,23
italiya,23
wawo,23
ukweqa,23
iziphili,23
iziphuzo,23
yezinto,23
kufakwa,23
balo,23
masingana,23
zasendulo,23
abadumile,23
family,23
ikhilikithi,23
enkundleni,23
girls,23
yolwazi,23
kukho,23
ukuboshwa,23
elwa,23
udingiswayo,23
wakha,23
okungaba,23
eyakhiwe,23
ukushisa,23
elise,23
lobandlululo,23
kwecala,23
wagwetshwa,23
njengonobhala,23
kwezindaba,23
inhlwa,23
umcalahle,23
yakudala,23
inezifundazwe,23
dc,23
enkabeni,23
isekela,23
umbusi,23
pro,23
kwaleli,23
cabo,23
lelidolobha,23
inguquko,23
yiziphi,23
yale,23
okunjalo,23
control,23
esizayo,23
zisetshenziswa,23
wanikeza,23
wendabuko,23
umagazini,23
abalingiswa,23
business,23
esebenzayo,23
yaso,23
february,23
madrid,23
nqubo,23
iyisifunda,23
wabeka,23
ubungozi,23
ethiopia,23
yalokhu,23
izihlahla,23
ngokwayo,23
management,23
delgado,23
umlobi,23
wobuciko,23
sithole,23
lemmy,23
tag,23
inkonzo,23
uvele,23
anal,23
wamafilimu,23
kulowo,23
enikeza,23
oneminyaka,23
umnu,23
isimemezelo,23
engozini,23
esuka,23
alexander,23
wanamuhla,23
lenkomo,23
kuvamise,23
ababa,23
kwasungulwa,23
yesikhathi,23
iziqephu,23
ba,23
nemidlalo,23
salo,23
eyunivesithi,23
ejohannesburg,23
nonkosikazi,23
trust,23
kunene,23
ukuhlasela,23
owaziwayo,23
amaphephandaba,23
kweqembu,23
kumbasa,23
ivela,23
wakho,23
waphothula,23
senhliziyo,23
ukwelapha,23
eport,23
komsebenzi,23
inikeze,23
bakholelwa,23
kunye,23
inational,23
uwine,23
okufanayo,23
emkhandlwini,23
ngokuqinile,23
ukwamukela,23
ebonakalayo,23
kwezokwelapha,23
usayizi,23
yohlelo,23
esisentshonalanga,23
ixoxo,23
ezinkundleni,23
molecule,23
otjozondjupa,23
jabal,23
jendouba,23
tataouine,23
yenzubawonga,23
nemikhiqizo,23
médéa,23
yocansi,23
sodium,23
ukujula,23
dildos,23
ungcobo,23
kwezidakamizwa,23
zomthondo,23
strawberry,23
amaza,23
ikhasino,23
nezindlela,22
itheku,22
shaka,22
cyril,22
nesishiyagalombili,22
weningizimu,22
zona,22
yibo,22
inqwaba,22
lwesingisi,22
umsakazo,22
kade,22
kwelinye,22
yangaphandle,22
za,22
abayishumi,22
zokupheka,22
ucingo,22
aqhubeke,22
nane,22
ukwesekwa,22
uhlanganisa,22
ngezandla,22
elijwayelekile,22
ngokudla,22
ezifundeni,22
stadium,22
ezisezingeni,22
nokwakha,22
was,22
lena,22
isispeyini,22
jackson,22
unguhlabeleli,22
uqala,22
wezingane,22
ezivame,22
injabulo,22
ngokulandela,22
athathe,22
zindawo,22
cia,22
zisebenza,22
kunzima,22
zakhiwa,22
nemikhuba,22
bahlangana,22
eyaqala,22
lezinhlwa,22
incasiselo,22
mongameli,22
https,22
itshe,22
esifana,22
ephelele,22
mi,22
endawo,22
ezinamandla,22
lesingisi,22
um,22
abakhiqizi,22
algiers,22
phil,22
esenzweni,22
nzuzo,22
abezindaba,22
ngokusekelwe,22
yendabuko,22
kwabikwa,22
enjalo,22
isifundo,22
iphrojekthi,22
uthemba,22
wadlula,22
november,22
okwesikhashana,22
ukucula,22
ebhekene,22
esibalulekile,22
semfundo,22
eyalandela,22
iziphathimandla,22
yomndeni,22
wayefuna,22
kune,22
kokuphela,22
bama,22
ngesi,22
ngomasingane,22
ep,22
ezimbi,22
mali,22
professional,22
womzimba,22
magazine,22
wesintu,22
iphepha,22
enca,22
yinoma,22
imicabango,22
ezempilo,22
owazalelwa,22
yezithombe,22
electronic,22
yethelevishini,22
abuye,22
hong,22
yolimi,22
ezibonakalayo,22
olwaziwa,22
izakhamizi,22
esisemthethweni,22
imiyalo,22
ngenhla,22
amagatsha,22
ngokuhambisana,22
inoveli,22
amakhophi,22
ukufana,22
taylor,22
osebenzayo,22
eyaziwayo,22
ngunobhala,22
wasiza,22
court,22
wasebenzisa,22
efunda,22
wahlela,22
sokudla,22
ezemfundo,22
yathi,22
ekwazulu,22
amahlandla,22
igxile,22
izinkulumo,22
utshwala,22
lingaphansi,22
kokuphothula,22
ukuhlukanisa,22
nomlingisi,22
owenziwa,22
wasenigeria,22
ezihamba,22
isiza,22
wethelevishini,22
wayengumpristi,22
ukunwetshwa,22
iziguli,22
umakhura,22
nomyeni,22
ezimfishane,22
esanda,22
wezobulungiswa,22
ngowesifazane,22
ezomnotho,22
ukukhuthazwa,22
imibiko,22
owake,22
nganoma,22
potter,22
septum,22
nampula,22
copperbelt,22
inezifunda,22
uíge,22
isamba,22
pool,22
kiambu,22
manouba,22
medenine,22
ukulingisa,22
kowesilisa,22
katolika,22
abaneminyaka,22
scoan,22
ukhiye,22
ubusathane,22
sport,22
clitoral,22
izaqathe,22
takealot,22
zokwenza,21
babizwa,21
ukufika,21
vilakazi,21
language,21
board,21
peace,21
chris,21
zaqala,21
nolimi,21
negalelo,21
inkomo,21
akhona,21
ntuli,21
okwesibili,21
wena,21
ende,21
ilatin,21
njengendawo,21
san,21
yonkana,21
njengento,21
ukuphakama,21
intaba,21
azungeze,21
ingenye,21
okusanhlamvu,21
izinkundla,21
uthola,21
izakhamuzi,21
eliseduze,21
emhlanganweni,21
bethi,21
neze,21
lomthetho,21
uzwide,21
yilezi,21
wayengumculi,21
capital,21
uba,21
ezingafani,21
ephathelene,21
inganekwane,21
okwaholela,21
esidlangalaleni,21
royal,21
umnyondo,21
imibuso,21
ibhendi,21
wales,21
hotel,21
ephuma,21
udkt,21
ukuthula,21
lwesi,21
lesithathu,21
iyingxenye,21
em,21
endulo,21
books,21
zingase,21
ayizange,21
ngokufanele,21
kwezenhlalo,21
kwadingeka,21
ukusatshalaliswa,21
olufanayo,21
ezobuchwepheshe,21
yilokho,21
don,21
ukugula,21
ngelokuthi,21
libhekisela,21
bush,21
ukhiphe,21
mtv,21
go,21
queen,21
cm,21
zezingane,21
soul,21
kwaito,21
wake,21
uveza,21
imisipha,21
izitayela,21
yokudlala,21
imiyalezo,21
emkhathini,21
yokuthola,21
wesouth,21
umengameli,21
nomlando,21
isikhala,21
asetshenziselwa,21
echaza,21
ubambe,21
yesihlanu,21
yezomnotho,21
ingqalasizinda,21
izimbali,21
ngezigaba,21
nodlame,21
ephethe,21
zesikhathi,21
somsakazo,21
komoya,21
ophansi,21
ubunzima,21
inhlanzi,21
ebuntwaneni,21
iso,21
izinhlobonhlobo,21
esitolo,21
ehlobo,21
isiqephu,21
wayengomunye,21
ezifakwe,21
operation,21
tutu,21
yoma,21
naleyo,21
yinhlangano,21
sikazwelonke,21
ingcindezi,21
uruth,21
kwabezindaba,21
addis,21
nosopolitiki,21
zobudokotela,21
aphesheya,21
wahola,21
miliyoni,21
military,21
kwamaqembu,21
zangempela,21
ukugqoka,21
nini,21
umatikuletsheni,21
hood,21
uzola,21
ukulingana,21
naphakathi,21
lwamazwe,21
ukuqeqeshwa,21
lesishayamthetho,21
olwenziwa,21
ukuthengiswa,21
services,21
nokuthuthukiswa,21
ekusebenzeni,21
uqhubeke,21
kwendoda,21
unikeza,21
ngokungafanele,21
zenhlalo,21
eziqondile,21
emadodeni,21
zokwelapha,21
food,21
ocwaningweni,21
iziqoshwa,21
izinzwa,21
lymph,21
hyperolius,21
manicaland,21
zambezia,21
kwezifundazwe,21
zambezi,21
ukuvulwa,21
iwest,21
huíla,21
utaylor,21
lomami,21
niari,21
esingemuva,21
nairobi,21
sool,21
isabc,21
ras,21
ubuningi,21
ariana,21
béja,21
uhowo,21
menzel,21
imenzel,21
orthodox,21
sila,21
mascara,21
sowesilisa,21
kwezithombe,21
nitrate,21
etv,21
ngomhlane,21
ngokwezwi,21
izinqe,21
wadlalela,21
waseswazini,21
smackdown,21
moshe,21
uneave,21
priapism,21
swiggy,21
ubiti,21
wesicikizi,21
udinga,20
inqubomgomo,20
udube,20
ezwenikazi,20
prize,20
ifp,20
owayengumongameli,20
durban,20
yo,20
government,20
liphinde,20
nomhlaba,20
mina,20
abambe,20
nengxenye,20
umkhonto,20
page,20
likanobhutshuzwayo,20
emi,20
izinkonzo,20
kolunye,20
nokudla,20
kunezindlela,20
yaqanjwa,20
izintaba,20
abrahama,20
okuvamile,20
ezakha,20
lwezinto,20
yethusi,20
eqembu,20
nenkosi,20
sombuso,20
british,20
waduma,20
lakhiwa,20
kwezindawo,20
labe,20
iziphakamiso,20
isisu,20
izikhali,20
senzo,20
desktop,20
earth,20
france,20
ph,20
mohamed,20
emazingeni,20
mdlali,20
lamazwe,20
bezwe,20
sizwe,20
ezengeziwe,20
zokuzijabulisa,20
yentsha,20
nokubuyisana,20
abongameli,20
yezokuxhumana,20
nezinsizakalo,20
kubuye,20
ihwanzi,20
esiphakathi,20
igatsha,20
ontuhlambili,20
elimhlophe,20
fuleyisitata,20
hill,20
izindiza,20
kumchazandalo,20
ithathwa,20
angaphansi,20
engeyona,20
wabiza,20
ngokufana,20
yekhulu,20
yizinto,20
amahlelo,20
zohlelo,20
iba,20
angase,20
yakamuva,20
ukuhlelwa,20
wadala,20
ukubeka,20
ukwethulwa,20
android,20
izingqinamba,20
ukulandisa,20
yomsebenzi,20
ikhombisa,20
zobuchwepheshe,20
dutch,20
ngempilo,20
ebhalwe,20
lalo,20
amaculo,20
ap,20
amnyama,20
babantu,20
nezomnotho,20
emfushane,20
trade,20
ngumengameli,20
kokuthola,20
emzansi,20
actor,20
dvd,20
short,20
khoza,20
wami,20
ekhiqiza,20
zomdabu,20
isibaya,20
udlala,20
kusuke,20
nemali,20
mason,20
victoria,20
oh,20
esekelwe,20
fashion,20
roman,20
ezihambisana,20
kuthathwa,20
inhlanganisela,20
izinkolelo,20
osezingeni,20
yabafundi,20
ivamise,20
ayisishiyagalombili,20
zakho,20
weza,20
wabizwa,20
ebangeni,20
student,20
kuleyo,20
hollywood,20
okuyisisekelo,20
ifilosofi,20
ugqozi,20
zidinga,20
engcono,20
lwentsha,20
slovo,20
yenkululeko,20
ezambia,20
nokushaya,20
wesikhashana,20
kwezomthetho,20
umary,20
kokwaziswa,20
kokugcina,20
emncintiswaneni,20
owenziwe,20
senhlalo,20
alandelayo,20
ukuphendula,20
reserve,20
obomvu,20
likangqongqoshe,20
imakethe,20
uqokwe,20
sanlam,20
okushisa,20
ongasekho,20
wokuqamba,20
ukunambitheka,20
uphenyo,20
nyanga,20
wohlelo,20
yavela,20
izidalwa,20
yokwelapha,20
abagxeki,20
irs,20
ezitshalweni,20
ngendima,20
lokudla,20
amapuleti,20
ingemuva,20
ubhubhane,20
olujwayelekile,20
liqukethe,20
uvete,20
okuyingxenye,20
sibizwa,20
khomas,20
arusha,20
sise,20
zangaphambili,20
banaadir,20
ncube,20
izinzuba,20
sezezibhangqiwe,20
waserussia,20
ibir,20
mhlophe,20
gcina,20
defla,20
ngomzimba,20
kwesidoda,20
lactose,20
lactase,20
isibhakela,20
scrotum,20
mormon,20
siyinhlwa,20
asehlobo,20
wabesifazane,20
zamaphoyisa,20
umadikizela,20
basketball,20
emedia,20
yfm,20
eskom,20
roulette,20
bokwaziswa,20
phesheya,19
ulwandle,19
amandebele,19
lwesibili,19
nabaculi,19
zesonto,19
kwamacala,19
bakhuluma,19
england,19
izinsalela,19
eyahlukene,19
exchange,19
bafunda,19
imizuzu,19
yokusebenzisa,19
steve,19
olulandelayo,19
neningizimu,19
ft,19
ezaziwayo,19
amachembe,19
mercury,19
kasathane,19
lasungulwa,19
bakwazi,19
ilokishi,19
yefifa,19
ababalelwa,19
basemjondolo,19
ngamaphoyisa,19
ngenkani,19
senkantolo,19
kwethu,19
linux,19
kuphi,19
abathengi,19
joseph,19
uvela,19
victor,19
du,19
nedolobha,19
ingahle,19
izakhamzimba,19
ezitolo,19
zamazwe,19
yenze,19
lasemelika,19
akumele,19
yokuzalwa,19
ngamanani,19
amahle,19
dark,19
isikhashana,19
louis,19
wedolobha,19
yurophu,19
lazo,19
ososayensi,19
aphakathi,19
amaqanda,19
isimangalo,19
lamasulumane,19
kufana,19
amagoli,19
ukuthenga,19
idinga,19
sihloko,19
original,19
kungakapheli,19
elisetshenziswa,19
ikhishwe,19
low,19
wolwazi,19
ukwandisa,19
xaxa,19
umlingiswa,19
barker,19
mthetho,19
eqinisweni,19
iyisifundazwe,19
nobaba,19
izindinganiso,19
sokubusa,19
zofuzo,19
ukuqhuma,19
urobert,19
emhlophe,19
esitholakala,19
womndeni,19
leonardo,19
vinci,19
uyaziwa,19
née,19
ch,19
special,19
osuka,19
emele,19
leso,19
amantombazane,19
ezinze,19
imifanekiso,19
okubalulekile,19
emma,19
ukuxilongwa,19
ikhambi,19
ummeli,19
yenkomo,19
themba,19
not,19
province,19
emlonyeni,19
indle,19
ukushona,19
yezempilo,19
software,19
umfanekiso,19
amadivayisi,19
umthwalo,19
eqhubekayo,19
nokufunda,19
abagibeli,19
pan,19
uchaza,19
owenza,19
nabafundi,19
ashiye,19
amalunga,19
kwenyanga,19
epulazini,19
lukhombisa,19
nomlingani,19
nabobulili,19
defence,19
sango,19
zezindaba,19
ngehora,19
weningi,19
sokuzalwa,19
esetshenziselwa,19
umprofethi,19
ukuhlonishwa,19
lee,19
ngabesifazane,19
inselelo,19
uveze,19
workers,19
imfashini,19
yokwelashwa,19
eyilungu,19
njengomqondisi,19
ibhange,19
wezomthetho,19
mbiko,19
ukuvalwa,19
ubuyele,19
ushade,19
kwezemidlalo,19
usihlalo,19
wesikole,19
lwemvelo,19
ukuvinjelwa,19
investments,19
waveza,19
kwezentengiselwano,19
zemali,19
engxoxweni,19
yobulili,19
ekhombisa,19
zezinto,19
basebenzise,19
nobungqingili,19
ziqukethe,19
okuqinile,19
imishanguzo,19
yenzululwazi,19
wasejalimane,19
syndrome,19
yezenkolo,19
plus,19
inhambane,19
malanje,19
bouenza,19
ngounié,19
lwesimo,19
tanga,19
bujumbura,19
nakuru,19
hiran,19
jeex,19
awdal,19
bunny,19
asyut,19
wokwaziswa,19
ksar,19
ibéni,19
anderson,19
bechar,19
greek,19
ukuqabula,19
ukuhwebelana,19
orgasms,19
endunu,19
vibrator,19
ubukristu,19
yamamormon,19
washaya,19
weklabhu,19
iyinkampani,19
abazibulalayo,19
rostov,19
amakhasimende,19
emovies,19
yoruba,19
hd,19
izibani,19
waseromania,19
isondo,19
uyoung,19
usilinga,19
liyinhlwa,19
isisuthu,18
ukuhambisana,18
isindebele,18
lenhlangano,18
mozambiki,18
umgungundlovu,18
waphinda,18
abansundu,18
ayizi,18
duma,18
gold,18
umkhawulo,18
nalowo,18
bukankulunkulu,18
amakati,18
impela,18
esidala,18
amadala,18
bafana,18
emqhudelwaneni,18
lasekapa,18
umyalezo,18
ngokulinganayo,18
izimali,18
masekela,18
ezenzeka,18
engcwele,18
ungene,18
isohwe,18
bomhlaba,18
esiqinile,18
nokufakwa,18
okwathi,18
ngomculo,18
henry,18
osesifundazweni,18
befuna,18
nkulumo,18
intuthuko,18
lethu,18
enziwe,18
kukhombisa,18
wamukelwa,18
emfuleni,18
des,18
yasekuqaleni,18
zokufunda,18
nesishoshovu,18
lokuba,18
wezasekhaya,18
uhlale,18
imvula,18
zesimanje,18
ngomlando,18
abahlukahlukene,18
wayengumuntu,18
this,18
esisetshenziswa,18
ekolishi,18
kwakhiwe,18
yincwadi,18
kuchazwa,18
yelanga,18
lezindaba,18
imixube,18
kwesibili,18
lami,18
babamba,18
nesishiyagalolunye,18
revolution,18
nempi,18
ezempi,18
security,18
efuna,18
olusemthethweni,18
azimele,18
zesayensi,18
ufunda,18
justice,18
alexandra,18
izikweletu,18
kunezinye,18
izinqubomgomo,18
main,18
kuncike,18
like,18
ukubambisana,18
ukuvumelana,18
amakhambi,18
kulindeleke,18
msebenzi,18
evulekile,18
abathile,18
odabuka,18
ukumelana,18
journal,18
ukuwa,18
yangaphakathi,18
view,18
blues,18
umasekela,18
peter,18
ekwakheni,18
amaciko,18
kubafundi,18
ngokombono,18
power,18
ukuhlukahluka,18
abakwazi,18
george,18
eduzane,18
haute,18
metro,18
contemporary,18
fire,18
twitter,18
netherlands,18
literature,18
artist,18
akhiphe,18
umgijimi,18
kwezilwane,18
umlilo,18
opera,18
hot,18
emalokishini,18
ethize,18
umunwe,18
emaqenjini,18
ebiza,18
nokwaziswa,18
sun,18
sex,18
training,18
echina,18
ukubekwa,18
ukuthengisa,18
umyalo,18
zamanje,18
izimpendulo,18
yemoto,18
ukuncintisana,18
catholic,18
yalolu,18
assembly,18
lwazo,18
lomshado,18
carbon,18
kwesokudla,18
esilandelayo,18
besikhathi,18
zefilosofi,18
induna,18
ezineminyaka,18
zinhlobo,18
zasemakhaya,18
kwezinyanga,18
umkhuhlane,18
kuyadingeka,18
ingasetshenziswa,18
ukutshala,18
ubelokhu,18
lisuka,18
siqukethe,18
light,18
ngokwakhe,18
kwathiwa,18
esifanele,18
ngeso,18
basungula,18
eseneminyaka,18
students,18
wabafundi,18
unkosi,18
esikhungweni,18
ukulungiselela,18
maqembu,18
ngokusebenza,18
yezempi,18
februwari,18
emikhakheni,18
wempilo,18
yenhlangano,18
kuzoba,18
which,18
waphoqeleka,18
programme,18
ozimele,18
inkohlakalo,18
sikole,18
ezidumile,18
nezinkonzo,18
ukuchazwa,18
ikuphi,18
ngokulingana,18
yezemfundo,18
izibopho,18
yokuqopha,18
yimpumelelo,18
basekhaya,18
uyincwadi,18
classification,18
nomnyango,18
bafaka,18
nokufa,18
ababulali,18
hockey,18
kokungena,18
suburb,18
falls,18
kudistrict,18
beach,18
abaphambili,18
imibhangqwana,18
sokuya,18
umongo,18
ejensi,18
ngezinsizakalo,18
amabhizinisi,18
ukuqashelwa,18
somculo,18
ipulatifomu,18
esan,18
insiza,18
iyindlela,18
zokudlela,18
potassium,18
ushivaji,18
egumbini,18
ezibanzi,18
ababambiqhaza,18
kwezinhlobo,18
breviceps,18
ptychadena,18
yokugoma,18
niassa,18
muchinga,18
kungadala,18
andrefana,18
izindima,18
mai,18
plateaux,18
woleu,18
sur,18
zanzibar,18
kitui,18
turkana,18
maroodi,18
ebholeni,18
ghazal,18
esikhethekile,18
amapiano,18
zaghouan,18
komkhiqizo,18
kobungqingili,18
icasa,18
yasefrance,18
imilenze,18
kwengqondo,18
umoroni,18
ukuphinga,18
otholayo,18
oluncane,18
amasistimu,18
kwamadoda,18
kowamanqamu,18
esiphethwe,18
illuminati,18
kwepenisi,18
turing,18
uhlakahlisombulu,18
umitsotakis,18
amaphrojekthi,17
atlantic,17
lezombusazwe,17
sobukwe,17
moses,17
zombuso,17
kungakhathalekile,17
libuye,17
sasempumalanga,17
lube,17
izikhulumi,17
wolimi,17
isidlo,17
amabizo,17
itestamente,17
amaqabunga,17
ostreliya,17
sangaphandle,17
sitholakala,17
wezilimi,17
eziyisishiyagalolunye,17
uhla,17
iyikhaya,17
ngunkulunkulu,17
azikho,17
run,17
abalulekile,17
edume,17
edumile,17
kowezi,17
kukholakala,17
ezolimo,17
imingcele,17
lekhilikithi,17
cricket,17
zamabanga,17
ihlala,17
nokwakhiwa,17
mpikiswano,17
nezifo,17
nezikhungo,17
ngokungemthetho,17
isihlalo,17
umkhulu,17
ntombela,17
dog,17
lwaba,17
umbasa,17
bafunde,17
ukuhleleka,17
kwamagama,17
nalezi,17
ziba,17
okudala,17
usho,17
eseduze,17
ngowokuqala,17
yiphini,17
ekulweni,17
ufuna,17
nezici,17
instagram,17
bafuna,17
experience,17
ahlukile,17
yomibili,17
ukumela,17
bahlanganisa,17
womshado,17
zakudala,17
zalezi,17
private,17
botha,17
izimpikiswano,17
nenkululeko,17
line,17
amazuba,17
ukudlulisa,17
ezinhlobonhlobo,17
cairo,17
nezilimi,17
amajuda,17
nesikhombisa,17
ihlukaniswe,17
lamaqembu,17
zokulawula,17
izilekeleli,17
zokubhala,17
dee,17
yesingisi,17
izinguqulo,17
ukubuyekezwa,17
ehlelekile,17
ukulungisa,17
ngendaba,17
nokukhula,17
iminikelo,17
eyahlukahlukene,17
village,17
ukuxoxa,17
esihlokweni,17
injongo,17
brown,17
aqhubeka,17
nomqondisi,17
ukulahlekelwa,17
izimangalo,17
wavuma,17
esibucayi,17
site,17
imibhikisho,17
saso,17
owezalwa,17
kuntulikazi,17
kangako,17
emsakazweni,17
elivamile,17
asenyakatho,17
yathatha,17
nenzalo,17
lakes,17
ngokwalo,17
ngomsombuluko,17
wenkululeko,17
utholakala,17
ikwazi,17
bomculo,17
egama,17
ifakwe,17
emasontweni,17
ophambili,17
me,17
esizimele,17
wemfundo,17
player,17
rugby,17
guardian,17
zone,17
documentary,17
kumandulo,17
animal,17
wayephinde,17
sezindiza,17
sigaba,17
eyakhiwa,17
yemali,17
elos,17
ntulikazi,17
amazon,17
studios,17
wenkampani,17
abaphezulu,17
ebantwini,17
ungumlobi,17
champions,17
uefa,17
honours,17
square,17
kuvumela,17
ngamehlo,17
japan,17
oluningi,17
amareferensi,17
kwezinga,17
esinamandla,17
alexandria,17
ukushoda,17
environment,17
umenzi,17
ukuthambekela,17
uthisha,17
uchris,17
debut,17
ihlelwe,17
izitsha,17
eka,17
afunda,17
abathola,17
ezithi,17
labesilisa,17
yempilo,17
epreli,17
soviet,17
ebudlelwaneni,17
umkakhe,17
ezishisayo,17
kufika,17
ubuthelezi,17
luye,17
maharaj,17
umbeki,17
kwezezimali,17
isigungu,17
ene,17
zegolide,17
nokusebenzisa,17
isembozo,17
imuphi,17
kwezingu,17
ngalunye,17
dolobhakazi,17
wazuza,17
uxhaso,17
wamaphoyisa,17
evelele,17
eyaba,17
wekomidi,17
angene,17
usayine,17
ngozi,17
isipho,17
publishers,17
edward,17
nosihlalo,17
njengenhloko,17
nencwadi,17
izimpande,17
zomsakazo,17
kwafakwa,17
izono,17
ukuqoqwa,17
ngokomoya,17
ushiye,17
nguyena,17
ezibucayi,17
okukhona,17
cannabis,17
evumela,17
elibalulekile,17
telecel,17
kwenyama,17
she,17
yeshashalazi,17
amafomu,17
abazimele,17
kwezinhlelo,17
zingasetshenziswa,17
kwezicubu,17
ukuqina,17
coronavirus,17
imidlwane,17
germany,17
yethulwe,17
ekenya,17
ekilasini,17
gaza,17
inorth,17
sasinabantu,17
cubango,17
huambo,17
gitega,17
kajiado,17
kakamega,17
kisumu,17
wadi,17
gedo,17
galguduud,17
anseba,17
zuria,17
bahr,17
khartoum,17
minya,17
bab,17
tripoli,17
kebili,17
ngamazuba,17
ihammam,17
skikda,17
mila,17
relizane,17
kowesifazane,17
yesiteshi,17
maltose,17
elagos,17
nesiteshi,17
pm,17
psychology,17
bathatha,17
ukukhethwa,17
umphostoli,17
ubrigham,17
usathane,17
ohambweni,17
osemusha,17
ismackdown,17
khayamiya,17
kagwayi,17
tsotsitaal,17
olokun,17
naspers,17
xew,17
lock,17
izingudla,17
kwemininingo,17
uturing,17
bar,16
list,16
lwaqala,16
besizulu,16
sinamaphethelo,16
sasungulwa,16
saziwa,16
inkatha,16
yizigidi,16
zepolitiki,16
ekudingisweni,16
komthethosisekelo,16
egcwele,16
omningi,16
ecishe,16
nesandla,16
likajesu,16
ubukhona,16
isibopho,16
izikronike,16
wabulala,16
igalari,16
mqhudelwano,16
esetshenziswayo,16
ukuzalwa,16
isithelo,16
amamitha,16
ngosayizi,16
ukwenzeka,16
ingxube,16
nasekuqaleni,16
uthatha,16
bomphakathi,16
lokishi,16
sesithathu,16
zemidlalo,16
thina,16
esihlala,16
bethu,16
ubulungiswa,16
nguyise,16
wayeyindodana,16
akhiwa,16
inhlokodolobha,16
unhlangulana,16
uncwaba,16
etanzania,16
salaam,16
umdwebi,16
esihlalweni,16
badlala,16
yanqoba,16
yenzeka,16
eziyinkimbinkimbi,16
eziqukethe,16
ivumela,16
esingaphezu,16
abafuna,16
zikhathi,16
iziqa,16
nemvelo,16
langa,16
jones,16
pay,16
eyokuqala,16
ikusasa,16
okungama,16
ukuvota,16
eye,16
imorocco,16
ithatha,16
edingekayo,16
kangakanani,16
ikhadi,16
nigeria,16
yamazuba,16
idumela,16
okusheshayo,16
yethula,16
yokwaziswa,16
ukususa,16
izingxabano,16
ingxoxo,16
imiklamo,16
class,16
ngamalungu,16
phd,16
ngokuqondene,16
yocwaningo,16
ohlukile,16
yangaphambili,16
ukuvuselela,16
he,16
umkhathi,16
wachaza,16
wayaziwa,16
ukungqubuzana,16
isoweto,16
yokuthuthukisa,16
ukuqamba,16
nantathu,16
akhiqizwa,16
inkomba,16
saharan,16
sezomnotho,16
ugeorge,16
ngokwebala,16
yakhipha,16
ce,16
abahlukene,16
abangaba,16
liye,16
washington,16
space,16
enetherlands,16
muhammad,16
wezolo,16
wenkaba,16
uhhafu,16
ngumfundisi,16
imihlangano,16
lwentando,16
wentsha,16
industry,16
mbumbulu,16
also,16
amsterdam,16
pictures,16
kwencwadi,16
basebhrazili,16
lewis,16
laso,16
ingqikithi,16
que,16
ebola,16
izidumbu,16
alikho,16
ukuqubuka,16
nomholi,16
unit,16
emgwaqweni,16
waleli,16
ukwehluleka,16
imizi,16
umxhwele,16
kwemizwa,16
kokufunda,16
sefilosofi,16
nesayensi,16
unesco,16
izikhombo,16
kuyingxenye,16
bha,16
emgodini,16
kwezifo,16
okutholakala,16
ezithinta,16
ebandakanya,16
ziphinde,16
ukuzala,16
wona,16
imamelodi,16
washicilela,16
odume,16
windows,16
drive,16
kwethulwa,16
ayisishiyagalolunye,16
kokuqeda,16
engomeni,16
ukukhuphuka,16
ubhiya,16
francis,16
ex,16
davis,16
sazo,16
zenza,16
edlula,16
sangempela,16
labour,16
yakwa,16
upeter,16
watholakala,16
necala,16
ijaji,16
nation,16
zezepolitiki,16
wavakashela,16
bezindaba,16
nokuthola,16
nezenzo,16
sofuba,16
nezivumelwano,16
amaqiniso,16
nokukhuthaza,16
ukulahleka,16
owathola,16
inhlonipho,16
cross,16
eyashicilelwa,16
walingisa,16
ngabo,16
ngamasiko,16
solwazi,16
ulwebu,16
kuncwaba,16
amaxhoxho,16
zokwaziswa,16
kamongameli,16
ebrithani,16
ukuzijabulisa,16
nelungu,16
yegolide,16
eziteshini,16
yakhululwa,16
nenkampani,16
ingu,16
ohulumeni,16
ebaluleke,16
zenziwe,16
nezinqubo,16
wezokwelapha,16
lekomidi,16
elihlanganisa,16
nandi,16
kungekudala,16
njengowesifazane,16
njengomsebenzi,16
ezedlule,16
indandatho,16
zempilo,16
lomkhandlu,16
unyawo,16
emfundweni,16
wayengumholi,16
abanikazi,16
ta,16
ukuhlaselwa,16
ngwenya,16
njengomphathi,16
oqinile,16
nezincwadi,16
yesithembu,16
zesiko,16
kokuziphatha,16
nezinhlobo,16
amarandi,16
lokuhweba,16
kuvamile,16
ikhomishini,16
imithambo,16
osemncane,16
ifomethi,16
emithonjeni,16
ukubhobozwa,16
impumulo,16
kubhoboza,16
ezithambile,16
ayikwazi,16
obhejane,16
yenziwe,16
sofala,16
umlelesa,16
lwalezozifundazwe,16
lwalezozifunda,16
cuando,16
undp,16
tiktok,16
kwilu,16
ivindo,16
köppen,16
iringa,16
morogoro,16
izahluko,16
kilifi,16
kunikeza,16
umabuza,16
salah,16
sanaag,16
shewa,16
ubunye,16
beheira,16
damietta,16
sohag,16
gharbi,16
bi,16
tozeur,16
isiphoqi,16
izinelesi,16
eziyisiseko,16
ahras,16
djelfa,16
yomshado,16
nokungena,16
yisiteshi,16
kobukristu,16
abangcwele,16
samasosha,16
perineum,16
abefundisi,16
okuphansi,16
iminwe,16
ubheke,16
onan,16
elenziwe,16
kwesonto,16
kwesihloko,16
evusa,16
umbhoshongo,16
yisouth,16
motorized,16
iminyango,16
umashego,16
intombazane,16
ukhaya,16
umajola,16
kwabangu,16
ukufakelwa,16
emiroğlu,16
unecdet,16
moonchild,16
zezinwele,16
dem,16
vulvar,16
ankara,16
kungakhathaliseki,16
klub,16
quran,16
dorsal,16
prepuce,16
nezimiso,16
extraliga,16
isithununu,16
izincasiselo,16
isiyabizo,16
inkece,16
sikahulumeni,15
sikhulunywa,15
lubizwa,15
nasemhlabeni,15
seme,15
amaphethelo,15
eyenzeka,15
ukucindezela,15
yizo,15
wentando,15
nelungelo,15
ngumbuso,15
amavoti,15
lwezifundazwe,15
amabhunu,15
ekusungulweni,15
siphinde,15
nesi,15
augustine,15
ophethwe,15
sokufa,15
ezayo,15
ezulwini,15
njengomthombo,15
waso,15
abaziwayo,15
ezra,15
ophezulu,15
wild,15
kudlula,15
britain,15
abomdabu,15
udadewabo,15
kajama,15
ukudliwa,15
eyenziwa,15
isihlahla,15
uyakwazi,15
ezisetshenziselwa,15
eyenza,15
ukubuyela,15
kungu,15
abakholelwa,15
yilowo,15
golden,15
elangeni,15
zezwe,15
ezigidini,15
baqhubeka,15
indlala,15
abakwa,15
usenzangakhona,15
wakhonza,15
izinja,15
kuthe,15
oqondile,15
cat,15
undasa,15
unhlaba,15
ukukhonza,15
umugqa,15
izindatshana,15
ukuthinta,15
kusihlwa,15
imimoya,15
nokuqukethwe,15
kumasiko,15
okunempilo,15
loluhlobo,15
zwe,15
wobumbano,15
sisebenza,15
umnikelo,15
kolwazi,15
kuhlala,15
afakwe,15
kulezo,15
width,15
imiqondo,15
ukuzimela,15
somndeni,15
inihwe,15
ngcobo,15
orchestra,15
irish,15
wangaphambilini,15
estate,15
lizwe,15
lithi,15
mexico,15
ikhulu,15
emehlweni,15
zesifazane,15
nomthethosisekelo,15
lombuso,15
ngamazinga,15
kwezempi,15
spanish,15
ifana,15
dna,15
ngokuzimela,15
esiswini,15
ace,15
williams,15
affairs,15
ecacile,15
uzoba,15
ukuqopha,15
wiki,15
ukunakwa,15
bangase,15
zikwazi,15
ngesihloko,15
ingase,15
ikomidi,15
aaron,15
owayekade,15
japanese,15
edition,15
nalapho,15
ezifundazweni,15
asebenzayo,15
senziwa,15
last,15
men,15
kamasipala,15
yesimo,15
makeba,15
efakwe,15
sokwenza,15
lisetshenziselwa,15
njengophawu,15
kuthinta,15
wasegibhithe,15
ahmad,15
ezimnyama,15
arabia,15
nani,15
bangu,15
besimanje,15
njengeqembu,15
ubeka,15
nevada,15
conference,15
galileo,15
ese,15
kamaskandi,15
chicago,15
uitenhage,15
hamba,15
photo,15
umdwebo,15
alphabet,15
story,15
productions,15
boy,15
voice,15
simon,15
kimi,15
oscar,15
elibusayo,15
nobuciko,15
casino,15
yimali,15
saqala,15
kwaphela,15
mara,15
nokunyakaza,15
ray,15
avn,15
foreign,15
lomsebenzi,15
enziwa,15
chile,15
iv,15
rose,15
kwemisebenzi,15
sub,15
kwakho,15
poland,15
ejulile,15
sethu,15
nezinguquko,15
ukuphikisana,15
iziboshwa,15
kwemithetho,15
kukhishwe,15
kuqhubeka,15
mpilo,15
ngokulingisa,15
ukuhlakanipha,15
izifundiswa,15
wabasunguli,15
umalaleveva,15
yamandla,15
ingqondo,15
ezisebenzayo,15
egazini,15
ebucayi,15
nokwelashwa,15
kwezempilo,15
amabele,15
wayekade,15
category,15
wayesebenza,15
usuke,15
sentambo,15
amabanga,15
week,15
ecula,15
esenziwe,15
wanquma,15
yamuva,15
ukusekela,15
ukuletha,15
usomabhizinisi,15
nabalingani,15
rapper,15
nenye,15
usebenzise,15
kwezinsuku,15
rap,15
mzansi,15
kamabonakude,15
kwesikole,15
umumo,15
lwezingane,15
yenqubo,15
anthropology,15
wabhalisa,15
kukamongameli,15
ohlanganisa,15
wangaleso,15
namacala,15
ukusebenzisana,15
wezikhali,15
yicala,15
wazama,15
nongqongqoshe,15
waqoka,15
wayeka,15
wayekholelwa,15
madoda,15
yokwakha,15
fund,15
njengokuthi,15
ukukhetha,15
ujoe,15
ushwele,15
ukusungulwa,15
yinkantolo,15
wezimali,15
wangempela,15
omndeni,15
modern,15
nendondo,15
komasipala,15
wasungulwa,15
yamanzi,15
ebhala,15
zenzululwazi,15
zabasebenzi,15
oluvela,15
kobuchwepheshe,15
abafazi,15
emayelana,15
zabafundi,15
izibhamu,15
mbukiso,15
kulwezi,15
kubheka,15
authority,15
njengenkosi,15
ngujoseph,15
ophumelele,15
ukubukeka,15
lokuthola,15
khuzani,15
obuye,15
ebotswana,15
abahamba,15
cultural,15
nalezo,15
nhlangano,15
ngengqondo,15
uharry,15
yesiliva,15
drama,15
enhlanganweni,15
wakhululwa,15
wamela,15
amaqoqo,15
isibani,15
yokufa,15
iphini,15
ahambe,15
nangaphandle,15
orange,15
carolina,15
lwangempela,15
izibonelelo,15
eliphikisayo,15
kumafilimu,15
somthetho,15
ac,15
isimilo,15
zezimali,15
aphikisayo,15
zobungqingili,15
ngobulili,15
okungekho,15
wabadlali,15
ushaye,15
ithoni,15
yamafilimu,15
lezinto,15
umandisa,15
kwekhanda,15
lwezinzwa,15
ngezinhlelo,15
ukuboniswa,15
yansuku,15
yesiko,15
emashumini,15
ngokuhlanganiswa,15
ezigabeni,15
wasenyakatho,15
esiphansi,15
ezimeni,15
ukent,15
elikwisifunda,15
njengohlobo,15
ijwayele,15
tete,15
ichwe,15
lusaka,15
zivela,15
analamanga,15
vakinankaratra,15
sofia,15
satellite,15
benguela,15
moxico,15
ukhan,15
ndombe,15
isifinyezo,15
lindi,15
meru,15
kayanza,15
busia,15
comedy,15
bungoma,15
homa,15
togdheer,15
maekel,15
rasu,15
umkhathilibe,15
kukajesu,15
osethathe,15
yakhishwa,15
esisho,15
marsa,15
yechwe,15
izimbongi,15
oran,15
arréridj,15
jijel,15
kwepenile,15
omile,15
pelvic,15
nabangane,15
kwanoma,15
kusolwa,15
ngokususelwa,15
kwesiteshi,15
ezithathelwana,15
kungenjalo,15
njengesono,15
kukasmith,15
ekusebenziseni,15
polyandry,15
ithoyizi,15
umchamo,15
umamukeli,15
okwanele,15
iblack,15
micropenis,15
footballer,15
intersex,15
ekwindla,15
ovame,15
uchaze,15
njengesiteshi,15
uknigge,15
yinhlokodolobha,15
powder,15
isibhalwa,15
santam,15
umann,15
umelo,15
shark,15
imikholezima,15
lobuchwepheshe,14
lwezilimi,14
kwezilimi,14
yobuchwepheshe,14
yamazulu,14
kosuku,14
malawi,14
botswana,14
izishoshovu,14
andrew,14
oqukethe,14
ngokukhululeka,14
ngoma,14
elihle,14
kwezinhlanga,14
ziyisi,14
bayakwazi,14
radebe,14
abapendi,14
namhlanje,14
ukholo,14
yobukristu,14
anatomy,14
loku,14
angakwazi,14
zasekhaya,14
yokudluliswa,14
yakhiwe,14
bakha,14
inigeria,14
okwabe,14
cetshwayo,14
angena,14
isibhamu,14
field,14
igibhithe,14
sisetshenziswa,14
neziphuzo,14
ukunquma,14
ngezimo,14
amafu,14
zamanzi,14
native,14
ane,14
mandulo,14
yamanje,14
siwulimi,14
abalinganiselwa,14
ukhozi,14
ohlala,14
kungabi,14
namalungu,14
emkhankasweni,14
wafika,14
iqhawe,14
izinhlokodolobha,14
links,14
ngujohn,14
uzibandlela,14
nhlangulana,14
wayengusopolitiki,14
udaniel,14
umshayeli,14
malinga,14
amathambo,14
abahumushi,14
namanje,14
abake,14
amapayipi,14
omele,14
ihlinzeka,14
babheka,14
valign,14
ine,14
kwezincwadi,14
iranian,14
weminyaka,14
uqukethe,14
ukunikela,14
nezakhi,14
kunanoma,14
emvelweni,14
brothers,14
hills,14
ubungako,14
yamandiya,14
bahlale,14
sivame,14
federal,14
bebonke,14
ishayina,14
wakhetha,14
ukunika,14
isono,14
wokudla,14
kwakuyi,14
second,14
third,14
kwamanje,14
waseroma,14
lihlala,14
green,14
game,14
anikezwe,14
nyathi,14
obock,14
ezidingekayo,14
ukusetshenziselwa,14
esho,14
zezibalo,14
yamahhala,14
yabhalwa,14
ukushintsha,14
elifanele,14
eziphansi,14
wakhuthaza,14
ukuhlonza,14
okudingekayo,14
eric,14
ukutadisha,14
waphawula,14
italian,14
alexa,14
ukusabalalisa,14
amasheya,14
besebenzisa,14
zavela,14
chief,14
umemezele,14
okugcina,14
amabhendi,14
yezi,14
mozambique,14
nohlobo,14
bayibhendi,14
yasentshonalanga,14
iyifilimu,14
lonyaka,14
esimnyama,14
abantwana,14
abahlaziyi,14
ezimakethe,14
siko,14
wasentshonalanga,14
aseyurophu,14
ukwengeza,14
turkey,14
kenya,14
nezibalo,14
zobuso,14
del,14
uphethe,14
wayengumongameli,14
sesonto,14
song,14
charles,14
martin,14
wenkosi,14
esisenyakatho,14
kulendawo,14
statistics,14
educational,14
about,14
aka,14
dance,14
lady,14
filmography,14
ayehlala,14
program,14
okhethiwe,14
ukunakekelwa,14
eqanjiwe,14
iyatholakala,14
kuzalwa,14
mp,14
yokusakaza,14
serie,14
kubhalwe,14
slang,14
embonweni,14
zebhayibheli,14
eqeda,14
umele,14
four,14
eyayaziwa,14
ibekwe,14
ibhekene,14
good,14
hope,14
ophelele,14
lwebele,14
ahlanzekile,14
dioxide,14
kwenhlangano,14
isethi,14
age,14
yamasulumane,14
ngokwehlukana,14
kuthathwe,14
kunconywa,14
kungabandakanya,14
nokuphathwa,14
abaphakathi,14
bodwa,14
ekucabangeni,14
nomdlavuza,14
eshicilelwe,14
microsoft,14
arch,14
kwakha,14
ukuqoqa,14
early,14
embukisweni,14
isinyathelo,14
eyabhalwa,14
anthony,14
ila,14
emaphethelweni,14
ingono,14
ayaziwa,14
nalolu,14
nezidingo,14
nezinga,14
sezingane,14
zomndeni,14
indiza,14
ngomthetho,14
kumazwe,14
kanelson,14
elide,14
umdanso,14
ekhululekile,14
abona,14
ngummeli,14
nemibhalo,14
wakhuluma,14
ukuthumela,14
nabaholi,14
wencwadi,14
wadlulela,14
emali,14
llb,14
ngamacala,14
elingu,14
zentsha,14
udf,14
bezepolitiki,14
esibi,14
nabezindaba,14
likahulumeni,14
pretoria,14
wagxekwa,14
yiminyaka,14
lukahulumeni,14
kuthelevishini,14
ukuwina,14
elinganiselwa,14
long,14
ikhomishana,14
kunikezwe,14
esenza,14
ukucaphuna,14
bagcina,14
litholakala,14
ezinhlakeni,14
wahlabana,14
neziqu,14
emathuneni,14
emaphoyiseni,14
relations,14
ntambama,14
amahlamvu,14
wegazi,14
isigingci,14
adlale,14
ehlangene,14
mbulu,14
andy,14
yezobuchwepheshe,14
efaka,14
nothisha,14
nomsunguli,14
nomark,14
ulayini,14
kwalowo,14
ukhuzani,14
ngendawo,14
sibanda,14
area,14
information,14
ngezindaba,14
nomphathi,14
sanamuhla,14
ukuguqula,14
unhlanhla,14
kokuqokwa,14
ncwaba,14
esidimeni,14
uphakamise,14
umqeqeshi,14
games,14
abeka,14
ezimfushane,14
wezinhlelo,14
imikhosi,14
nhlolanja,14
yezinkinga,14
yavulwa,14
zithole,14
yezilwane,14
ephephandabeni,14
eziphuthumayo,14
ezinjenge,14
likamengameli,14
osanda,14
ohio,14
wayeyisishoshovu,14
ngeqhaza,14
nowe,14
wezobuciko,14
av,14
eziyisishiyagalombili,14
ukushicilela,14
lobuciko,14
enkulumweni,14
abaningana,14
yesikhashana,14
nesigaba,14
okujulile,14
wamajuda,14
champion,14
njengegama,14
nobudlelwano,14
kuhlelo,14
abenzi,14
asuselwa,14
yokugembula,14
lebhizinisi,14
hvut,14
ekuthuthukisweni,14
sciences,14
elekthronikhi,14
yezokwelapha,14
bezinsuku,14
shivaji,14
zifakwe,14
iphethini,14
esiseduze,14
nokubhoboza,14
asebekhulile,14
ekulimaleni,14
ct,14
ezinganekwaneni,14
uzuze,14
nokuqonda,14
lwesayensi,14
ibike,14
ezimbonini,14
kukhiqizwa,14
bié,14
emexico,14
ucharli,14
kubhekiswa,14
yothando,14
oriental,14
ubangi,14
katanga,14
likouala,14
ouest,14
locansi,14
estuaire,14
eku,14
singida,14
mbeya,14
kigoma,14
mtwara,14
makamba,14
ajwayele,14
izimboni,14
ukuheha,14
machakos,14
sahil,14
ubeyilungu,14
kohlobo,14
said,14
qalyubiyya,14
qena,14
aswan,14
ovumayo,14
bayadh,14
témouchent,14
guelma,14
mostaganem,14
naâma,14
tipaza,14
anjalo,14
shaft,14
ukukhonjiswa,14
glucose,14
uwoyela,14
zisetshenziselwa,14
yedijithali,14
zomshado,14
nempahla,14
nochungechunge,14
labia,14
mcimbi,14
kunaleyo,14
frottage,14
ukukhuthazeka,14
lifundisa,14
lesiheberu,14
ukudlwengulwa,14
kwezobuciko,14
zwide,14
umaria,14
yisonto,14
owemukelayo,14
sobuciko,14
abangashadile,14
akuzange,14
battalion,14
ngolwesihlanu,14
cps,14
testosterone,14
imiqhudelwano,14
ungwenya,14
wesizini,14
komdlalo,14
efilimini,14
ingcebo,14
ulungisa,14
ungusomabhizinisi,14
elase,14
ngobusuku,14
ukungasebenzi,14
untombela,14
copenhagen,14
sezindaba,14
yaseturkey,14
umelek,14
slot,14
lenani,14
ukushintshana,14
mormonism,14
iomega,14
oloibiri,14
ozow,14
umtawarira,14
umchazandalo,14
pe,14
bizo,14
esisulu,14
umhlakahlo,14
thiên,14
mirage,14
angomakhelwane,13
nguni,13
langalibalele,13
zesizulu,13
yavalwa,13
ikwazulu,13
ilunga,13
ocean,13
ingelinye,13
pac,13
democracy,13
enoch,13
lisetshenziswe,13
ukwedlula,13
semthethweni,13
elimpopo,13
yikho,13
esimeni,13
nothando,13
siba,13
kithi,13
sikankulunkulu,13
uchazwa,13
kubhekiselwa,13
enzelwe,13
kuqale,13
lendlu,13
nesingisi,13
amangisi,13
likhulu,13
ufaka,13
abelungu,13
ezikhulunywa,13
ijaphani,13
nonkulunkulu,13
onqenqemeni,13
sevanga,13
ethambile,13
esakhiwe,13
ezakhiwe,13
isinkwa,13
agcina,13
lwezi,13
izihlanganisi,13
emnothweni,13
coast,13
ekwazi,13
team,13
igolden,13
bahamba,13
sakwa,13
imihlaba,13
ephephile,13
kennedy,13
kumalungu,13
efika,13
kokubulawa,13
izihlobo,13
bibi,13
ayanda,13
marie,13
elisetshenziselwa,13
ikhiqiza,13
igauteng,13
ngokudlala,13
olimi,13
ubumnandi,13
yokudlela,13
igumbi,13
wohlobo,13
olusetshenziswa,13
okhokho,13
senza,13
zasemozambiki,13
yemisebenzi,13
lamakhomanisi,13
ikhula,13
izwekazi,13
ukusho,13
holide,13
izindlovu,13
esiza,13
asho,13
eswazini,13
ghana,13
lakho,13
sizathu,13
wegama,13
kwenani,13
ukuhlobana,13
beatles,13
enkandla,13
money,13
bill,13
nomnotho,13
ocebile,13
insimu,13
work,13
abraham,13
inyoni,13
zeminyaka,13
aphelele,13
nalesi,13
ogwini,13
wenkantolo,13
eliphelele,13
ukushicilelwa,13
mazwe,13
yalezi,13
ngaphesheya,13
faso,13
ukudweba,13
ngandlela,13
yemithetho,13
okude,13
isuselwa,13
kuleso,13
ziyakwazi,13
nokwakheka,13
yezombusazwe,13
forum,13
zesingisi,13
eliyinhloko,13
okulula,13
kodwana,13
inikezwe,13
kuhilela,13
ikhwalithi,13
nokugcina,13
siye,13
alula,13
search,13
ukwesaba,13
interview,13
ist,13
abafunda,13
alumni,13
yeshumi,13
yinyanga,13
isibalizinsuku,13
elesotho,13
trans,13
wekhulu,13
zenze,13
wethule,13
namagama,13
kokufika,13
akhuluma,13
izisebenzi,13
umkhumbi,13
nomama,13
isitimela,13
columbia,13
okwaba,13
upaul,13
athengiswa,13
jr,13
alex,13
ujulius,13
will,13
ngumbhali,13
esifunda,13
map,13
kususelwa,13
more,13
gert,13
daniel,13
joe,13
mambazo,13
faith,13
truth,13
ethe,13
male,13
artists,13
leopards,13
fast,13
mikkey,13
ngumphakathi,13
wangenela,13
ezizungeze,13
winner,13
amanda,13
inkambo,13
wafuna,13
production,13
image,13
universe,13
eve,13
platinum,13
career,13
nezocansi,13
ezentengiselwano,13
umthengisi,13
ifenisha,13
ngegciwane,13
ngokunjalo,13
kwesifo,13
ibandakanya,13
enecala,13
ekufeni,13
sokulwa,13
engineering,13
polish,13
ebomvu,13
ebhodini,13
intela,13
abayizithulu,13
ibheka,13
nenkulumo,13
ifuna,13
zithi,13
nto,13
ubuntombi,13
kwenhliziyo,13
nesifo,13
ukuphuza,13
amakhemikhali,13
ngolwazi,13
namakhono,13
nokuhlanganiswa,13
ngamamitha,13
kudale,13
ekukhuleni,13
okudla,13
eziseduze,13
singaba,13
ezisebenzisa,13
omubi,13
olude,13
engajwayelekile,13
abangane,13
ekubhaleni,13
engena,13
mhlongo,13
okokugcina,13
html,13
ungqimba,13
ezokuxhumana,13
ezizayo,13
ekhoneni,13
ungongqongqoshe,13
vs,13
wadedelwa,13
films,13
wayeneminyaka,13
spears,13
nomngani,13
walowo,13
igalofu,13
kilimanjaro,13
ngokoqobo,13
kuvezwa,13
nangemva,13
inhlanzeko,13
machine,13
iport,13
lokufunda,13
okukhulunywa,13
learning,13
nekhono,13
yesandla,13
nemicimbi,13
evelyn,13
babehlala,13
utambo,13
engakwazi,13
kwenqubo,13
wafakwa,13
zempi,13
iyunivesithi,13
ecansini,13
nezepolitiki,13
ukuzama,13
nomkakhe,13
itiye,13
wachitha,13
yilabo,13
aqale,13
semvelo,13
owayengungqongqoshe,13
final,13
zangaphakathi,13
nobugebengu,13
yangaphambilini,13
wakhishwa,13
socialist,13
yamalungelo,13
nezingxoxo,13
wamahlaya,13
ezingane,13
usolwazi,13
uzama,13
luanda,13
kukayise,13
dr,13
izigcoyi,13
kubhekwe,13
ezikhundleni,13
icongress,13
yagcina,13
teachers,13
zezombusazwe,13
were,13
yesithupha,13
sasemelika,13
udj,13
umdidiyeli,13
beqembu,13
fassie,13
ukuklama,13
igalelo,13
yamabanga,13
linye,13
kwamalungu,13
lille,13
ngesitayela,13
eqinisekisiwe,13
wamasiko,13
wetheku,13
ukukhubazeka,13
ubrenda,13
oluhlaza,13
lalinabantu,13
amanoveli,13
ibhalwe,13
had,13
zemibhalo,13
yezezimali,13
ngamaphesenti,13
umasinga,13
zodwa,13
hlaka,13
tb,13
olympic,13
ewashington,13
chiefs,13
kobuholi,13
wezokuthutha,13
workshop,13
zincwadi,13
ezifanele,13
ephambili,13
kubukeka,13
kufebhuwari,13
zezezimali,13
ungusihlalo,13
lebhodi,13
wamanje,13
umfutho,13
umikami,13
ekhiqizwe,13
kawoyela,13
wezokuphepha,13
mbhalo,13
kwemisipha,13
insangu,13
yobungqingili,13
kwesigaba,13
ngokwethula,13
iphethe,13
kwayi,13
fructose,13
lesiteji,13
wemidlalo,13
wokukhanya,13
dba,13
izivumelwano,13
afake,13
yebhizinisi,13
abahlinzeki,13
vin,13
ukuphazamiseka,13
hormone,13
insipho,13
ngesilinganiso,13
nesisindo,13
zamasosha,13
ngokufaka,13
kokusetshenziswa,13
kwempilo,13
okhalweni,13
nezitho,13
lamadoda,13
echibini,13
esikhunjeni,13
esekwe,13
bezithombe,13
leligama,13
izethameli,13
command,13
ezisuselwa,13
kwangempela,13
thizeni,13
okumele,13
ubuthi,13
maputo,13
manica,13
kweneng,13
analanjirofo,13
fitovinany,13
androy,13
mwanza,13
ukungafani,13
wokulingisa,13
équateur,13
bas,13
yizi,13
ekhokhelwayo,13
bioko,13
njombe,13
shinyanga,13
dodoma,13
tabora,13
kirundo,13
muyinga,13
umabonakude,13
ukukhanyisa,13
wajir,13
mandera,13
makueni,13
gishu,13
narok,13
kisii,13
kwedolobhakazi,13
abaya,13
nezinkanyezi,13
chow,13
ziyingxenye,13
iziphilincinci,13
imigcanso,13
nezintunge,13
okunamandla,13
isiphi,13
iziyabizo,13
isouk,13
inyoka,13
ibordj,13
taref,13
lifaka,13
abdelkader,13
constantine,13
boumerdès,13
yesilisa,13
emngceleni,13
komchamo,13
ebukhoneni,13
insizakalo,13
jub,13
ifake,13
ukutshalwa,13
ukukhuluphala,13
ukuvusa,13
ogxile,13
ngasekuqaleni,13
wesibeletho,13
ngomgqibelo,13
yasakazwa,13
frot,13
kuholela,13
lwezincwadi,13
ekuziphatheni,13
wabesilisa,13
ukukhokha,13
kasmith,13
esihlukile,13
bendunu,13
walsh,13
kokukhipha,13
ukuhlukumezeka,13
armored,13
efree,13
kwangaphakathi,13
odlalela,13
eberlin,13
esisetshenziselwa,13
nencazelo,13
musical,13
umuhammad,13
izinongo,13
sodomy,13
nhlanhla,13
ngesiheberu,13
kwenduku,13
umklamo,13
thabong,13
yokuvuma,13
isistimu,13
armenia,13
arise,13
ireferensi,13
ngokuhlinzwa,13
paraphimosis,13
shareit,13
ischemic,13
ars,13
prague,13
eziluntinti,13
nenzululwazi,13
wenzubawonga,13
kweziqoshwa,13
elumbanisiwe,13
lwawo,12
zilimi,12
yesizulu,12
udingane,12
benedict,12
abanjengo,12
lezepolitiki,12
buthelezi,12
lezilimi,12
amanyuvesi,12
kweningizimu,12
isitswana,12
luvame,12
zesinguni,12
kuhlobo,12
nasempumalanga,12
senkosi,12
nenyama,12
ahlale,12
waphakade,12
wafa,12
yilo,12
okuhambisana,12
egypt,12
sasentshonalanga,12
kulawa,12
sokuxhumana,12
nemiphakathi,12
kwakamuva,12
ukulima,12
isixhumanisi,12
ibutswana,12
ngalezi,12
zingu,12
yizona,12
ukutolika,12
ispeyini,12
commons,12
izinkathi,12
ngeminwe,12
ziningi,12
athatha,12
uchunge,12
kwamazinga,12
ahamba,12
eyakha,12
rand,12
ngicabanga,12
uyindodana,12
sipho,12
yekhilikithi,12
babuye,12
okanye,12
bavela,12
nezinsiza,12
umusho,12
ngelinye,12
esizwe,12
akhombisa,12
bafika,12
wacela,12
izinduna,12
lobu,12
tiger,12
ingulube,12
yezilimi,12
ulwezi,12
untulikazi,12
umandulo,12
malema,12
iphupho,12
jam,12
womnyango,12
lomdlalo,12
ngezinyawo,12
kuveza,12
langaphambili,12
imizimba,12
abaphila,12
wazibandakanya,12
ukuqulwa,12
ungena,12
isibhedlela,12
bavamise,12
isikhulumi,12
yizilwane,12
isichazamazwi,12
kulapho,12
lwelanga,12
imizulane,12
banamuhla,12
lezinelesi,12
kwangama,12
ungumongameli,12
sokusakaza,12
pacific,12
minister,12
isithako,12
izinkulungwane,12
yesahara,12
kwezintathu,12
embhalweni,12
kwenkathi,12
wasendulo,12
umngcele,12
ngumdlalo,12
lathola,12
mobile,12
ukucikiza,12
isilekeleli,12
zobumba,12
imfuyo,12
yokubhala,12
mahhala,12
wikimedia,12
okuyinhlangano,12
esungulwe,12
ngezinsuku,12
ukuphinda,12
umsebenzisi,12
ip,12
yenani,12
akhethekile,12
ibona,12
alto,12
zamandla,12
russian,12
isijalimane,12
ezingavamile,12
nupedia,12
mit,12
babona,12
can,12
arabic,12
home,12
umalume,12
sasegauteng,12
kwabangela,12
traditional,12
luqukethe,12
elabe,12
inkondlo,12
umhlahlandlela,12
bezinhlanga,12
ewestern,12
zaziwa,12
zabamnyama,12
izinzuzo,12
ezinkulungwane,12
baqhubeke,12
kakhudlwana,12
ubulala,12
texas,12
lanka,12
yempi,12
inxusa,12
ubamba,12
kwemidlalo,12
sunday,12
sendak,12
library,12
little,12
machel,12
ngelika,12
owakhiwa,12
eddie,12
izimvu,12
wezemidlalo,12
wengoma,12
isiginci,12
fame,12
abahlanu,12
amahhovisi,12
ezinkampanini,12
ukubalwa,12
made,12
izikhothane,12
izicathulo,12
ezibizayo,12
ezama,12
njengenhlangano,12
ubukhazikhazi,12
porn,12
ukukhululwa,12
abhalwe,12
ha,12
te,12
ayeke,12
lakubo,12
izigcawu,12
virus,12
madikizela,12
tournament,12
water,12
reconciliation,12
ukucwaswa,12
zomnotho,12
ngemibono,12
isiqubulo,12
physics,12
njengesibonelo,12
thile,12
mpo,12
ifonetiki,12
elisuselwa,12
ngokucophelela,12
okusetshenziswa,12
ubuhlanga,12
kuphele,12
eyedlule,12
asathuthuka,12
xa,12
yisikole,12
nokwanda,12
obuhle,12
hepatitis,12
nhlobo,12
kwamasonto,12
shellfish,12
kunesidingo,12
kwesikhashana,12
kubangelwa,12
wadla,12
ubusika,12
esikhaleni,12
beqala,12
kanandi,12
wakhuliswa,12
store,12
ukuxhasa,12
lomkhiqizo,12
mac,12
ephumelelayo,12
classic,12
daimyo,12
her,12
futuresex,12
three,12
ti,12
drug,12
ukuzibandakanya,12
uwilliam,12
ra,12
ezikhungweni,12
ichazwa,12
ngokwabo,12
uqeqesho,12
zokufundisa,12
zikhundla,12
nentsha,12
izigebengu,12
campaign,12
kwinqubo,12
wafundela,12
liberal,12
wayohlala,12
ngokubona,12
nomandela,12
laya,12
ngoseptemba,12
unions,12
isiteleka,12
bakhetha,12
nonkosi,12
wenqaba,12
ngezihloko,12
ngethemba,12
uthembi,12
ukunaka,12
nengcindezi,12
nokusiza,12
kwalabo,12
anikeze,12
unqobe,12
nokubulawa,12
ofanele,12
market,12
zokuthola,12
lobugebengu,12
been,12
nangesikhathi,12
webandla,12
ngendondo,12
amagremu,12
ziyatholakala,12
useke,12
abadla,12
qur,12
dictionary,12
lwabesifazane,12
isendlalelo,12
level,12
isiphuzo,12
nezakhiwo,12
prix,12
nomdidiyeli,12
arthur,12
ekhipha,12
endimeni,12
ugumede,12
usipho,12
iphuzu,12
esishayamthetho,12
laseswazini,12
yentando,12
ihholo,12
emelene,12
ngogesi,12
mama,12
ngomshado,12
eshowe,12
ibarraba,12
regional,12
amaqhinga,12
yaphinde,12
sibusiso,12
amade,12
kwabasebenzi,12
policy,12
elite,12
ukuhlinzekwa,12
finance,12
walandelwa,12
amadodakazi,12
esiphethe,12
legislature,12
amalayisense,12
evakashele,12
consulting,12
mculi,12
elingaphansi,12
wamadoda,12
ngabesilisa,12
luhlanganisa,12
kwezinso,12
eseyi,12
nakuma,12
kwela,12
asebenzise,12
njengezinye,12
komndeni,12
liberation,12
ezenzweni,12
ezinhlanganweni,12
zokuphepha,12
eyisishiyagalolunye,12
oyilungu,12
umfundaze,12
umcabango,12
usosayensi,12
kuyona,12
nesazi,12
ubesebenza,12
nentshisekelo,12
wangcwatshwa,12
engezansi,12
kumhla,12
okusobala,12
idemocratic,12
okungafanele,12
ancwl,12
usizwe,12
yokhetho,12
ai,12
ngokuhlangana,12
zazivame,12
kumashadi,12
engaphandle,12
yokukhiqiza,12
engemihle,12
langempela,12
kwesitshalo,12
nobuhlungu,12
salem,12
ukuvakasha,12
ehlanganiswe,12
kwemikhiqizo,12
izindlelasu,12
basendulo,12
ukucondoza,12
kwezenkolo,12
ekhethiwe,12
ukubonwa,12
yokuzala,12
ezihambisanayo,12
yokugqoka,12
izindandatho,12
obuncane,12
nojohn,12
hydrogen,12
zokubhoboza,12
ethempelini,12
obusha,12
izingozi,12
sars,12
cov,12
ziyahlukahluka,12
wasefrance,12
kwangaphandle,12
ezithombeni,12
icentral,12
ukunemba,12
sclerophrys,12
okugoma,12
somzimba,12
ukubhebhetheka,12
boeny,12
alaotra,12
mangoro,12
matsiatra,12
vatovavy,12
cunene,12
teen,12
yezinkanyezi,12
kwalandelwa,12
maritime,12
nethe,12
kagera,12
racing,12
rutana,12
ruyigi,12
karuzi,12
bururi,12
bubanza,12
uasin,12
baringo,12
siaya,12
migori,12
ujames,12
amaseli,12
iras,12
uthweswe,12
wwf,12
wayengumdlali,12
jonglei,12
okuhlukahlukene,12
izindela,12
sinai,12
ismailia,12
umdiki,12
ophikayo,12
wemvelo,12
izinkambiso,12
medina,12
iksar,12
ibou,12
imikhumbi,12
annaba,12
ouargla,12
tamanrasset,12
brahim,12
tissemsilt,12
khenchela,12
ezithweni,12
zine,12
corpora,12
ebukhoma,12
olula,12
persian,12
kochungechunge,12
lokuzala,12
wesidoda,12
chemistry,12
ukuqabulana,12
ukwehluka,12
ukulandelana,12
urethral,12
yindoda,12
block,12
sokushaya,12
okukhombisa,12
ephathekayo,12
yamajuda,12
abashadile,12
ukukhuliswa,12
wesithembu,12
neziphakamiso,12
elihlobene,12
ukudonsa,12
fallatio,12
wasemuva,12
zangaphansi,12
ethandwayo,12
yezingoma,12
ilayisensi,12
owine,12
ngezinkinga,12
ukwelula,12
okwamanye,12
swazi,12
isidumbu,12
maphorisa,12
ushongwe,12
wicket,12
umgadli,12
kubalandeli,12
etoonz,12
ibhande,12
xhamster,12
tcm,12
obaigbena,12
isiguli,12
baseball,12
heavyweight,12
nitrite,12
ubunyoninco,12
ingqoqelolwazi,12
senzuko,12
imishumanqa,12
isitshopolonco,12
roosevelt,12
bilzerian,12
isivenda,11
bakuleli,11
wakuleli,11
nesizwe,11
kulesifundazwe,11
khaya,11
pixley,11
owasungula,11
lihlanganisa,11
wakamuva,11
amakhaladi,11
govan,11
ukuvula,11
ukungenela,11
yokuhlangana,11
languages,11
kwamashumi,11
lwesithathu,11
zahara,11
elasungulwa,11
lenkosi,11
munye,11
nokuphila,11
lukankulunkulu,11
umdali,11
eliqukethe,11
eyedwa,11
nami,11
uyingxenye,11
genesise,11
samuweli,11
jeremiya,11
korinte,11
isibili,11
ayilendi,11
yasebrithani,11
ezisekelwe,11
amadodana,11
wanqoba,11
tswana,11
stock,11
nobuntu,11
lwenziwa,11
sakho,11
zasentshonalanga,11
umakhalekhukhwini,11
ikhala,11
transvaal,11
yadalwa,11
womoya,11
ngombala,11
akha,11
athomu,11
lisebenza,11
nanamuhla,11
kunyaka,11
ithemba,11
yasungula,11
lasebrithani,11
kings,11
boys,11
isiphandla,11
basebenza,11
masipala,11
amaphepha,11
zethu,11
nokuhlala,11
kwemvume,11
elawula,11
ezokuthutha,11
sabe,11
babambe,11
ejalimani,11
mthethwa,11
webutho,11
ebukhosini,11
bangena,11
obambe,11
born,11
kokusebenzisa,11
ini,11
sohlobo,11
unhlolanja,11
ubefa,11
nesithupha,11
yiyona,11
umbhoxo,11
yomdlalo,11
try,11
ezinde,11
oxygen,11
zabe,11
izimpondo,11
elihlukile,11
some,11
ummbila,11
emihle,11
wasebukhosini,11
njengommeli,11
ngecala,11
asikho,11
njengezinto,11
yilezo,11
yintsha,11
omuntu,11
ukubiza,11
wesine,11
esimisweni,11
umzulane,11
unotshezi,11
ongoti,11
kumkhathilibe,11
isicabango,11
incaziso,11
elilandelayo,11
ngubane,11
otis,11
population,11
omongameli,11
lord,11
ilandela,11
zakwa,11
civil,11
archive,11
umchazazibalo,11
yinhlwa,11
isaac,11
izinyoni,11
amaprotheni,11
wezolimo,11
sq,11
wesihlanu,11
sahara,11
yegama,11
god,11
wasempumalanga,11
iphakathi,11
fish,11
code,11
lwendabuko,11
zezimboni,11
ukuhlaziya,11
sezibalo,11
lokubala,11
ukukhokhela,11
di,11
engenzi,11
ibonakala,11
wazakhela,11
wesayensi,11
kuyinqubo,11
ibamba,11
jimmy,11
echazwe,11
zaholela,11
mithetho,11
okuphawulekayo,11
wahlonishwa,11
zokuphatha,11
its,11
neqhaza,11
lwathola,11
degrees,11
esidlule,11
mathematics,11
ukulinganisa,11
lomzimba,11
kwesokunxele,11
yenkampani,11
kokusungulwa,11
carlos,11
number,11
einstein,11
iyibhendi,11
nemelika,11
township,11
ngomnyaka,11
bachelor,11
nomasipala,11
isizukulwane,11
kubonakale,11
emasimini,11
ubusi,11
shintsho,11
nesikhumba,11
imibandela,11
oqoshiwe,11
lokufa,11
emindenini,11
iraq,11
lamalungu,11
bathuthela,11
zisuka,11
ukucwasa,11
epakistan,11
amadlozi,11
deep,11
ishaya,11
wempi,11
babulala,11
izinkantolo,11
massachusetts,11
smartphones,11
fighters,11
country,11
remix,11
eyisishoshovu,11
iyilokishi,11
kohulumeni,11
bureau,11
fall,11
key,11
office,11
ermelo,11
zamagama,11
nomlobi,11
pierre,11
there,11
over,11
spike,11
animated,11
bad,11
gandhi,11
underground,11
stone,11
entweni,11
ehlelwe,11
sona,11
efanelekile,11
part,11
journalism,11
anna,11
photography,11
amafayela,11
performance,11
ice,11
kuyi,11
yevidiyo,11
tiffany,11
ukubuyisa,11
umngcwabo,11
obufana,11
wephalamende,11
russia,11
abizwe,11
uphawula,11
lasendiya,11
banikezwa,11
nokubusa,11
afuna,11
kababa,11
sohudo,11
ingekho,11
ngemoto,11
wezifundo,11
esidumile,11
kuhlanganiswe,11
osaziwayo,11
magazini,11
ekhishwe,11
amaphupho,11
kwelanga,11
ukubhekwa,11
antibiotic,11
kwengane,11
ezingaphezulu,11
sikhona,11
okhona,11
sekube,11
ufaku,11
beya,11
esizulwini,11
kumagazini,11
wasuka,11
emoscow,11
cancer,11
ukraine,11
ie,11
umi,11
kwemithi,11
ngokubheja,11
britney,11
esheshayo,11
nempumelelo,11
itunes,11
bowl,11
banks,11
afinyelelwe,11
mqondo,11
iphutha,11
wabanjwa,11
esise,11
ngokulandelayo,11
bangathola,11
ukufundela,11
ngezimali,11
ekufundeni,11
ezidinga,11
agcwele,11
trial,11
ngokusebenzisana,11
emzabalazweni,11
nabazali,11
methodist,11
eliqinile,11
esekela,11
ancyl,11
wasekela,11
nowinnie,11
africanist,11
abukho,11
wezimoto,11
maduzane,11
ngolunye,11
intelligence,11
ubotha,11
ukuhlukana,11
uthandana,11
njengothisha,11
edurban,11
ukugcotshwa,11
np,11
isigodi,11
nokulimala,11
kwezolimo,11
wamasosha,11
kwakufanele,11
yomgomo,11
abhekane,11
kunamanye,11
nomphumela,11
ikomkhulu,11
nokuqeda,11
embi,11
nesithunzi,11
ebonakala,11
allah,11
uvilakazi,11
isiphakamiso,11
izinsizwa,11
ukukhumbula,11
ngabasebenzi,11
kwakumele,11
bazama,11
zango,11
yileso,11
sezombusazwe,11
wekwaito,11
lwasemelika,11
ziqala,11
komgwaqo,11
kwezibalo,11
cemetery,11
future,11
alan,11
unobhala,11
kom,11
sikhungo,11
eholwa,11
samabhasi,11
sasebrithani,11
mkhondo,11
ubudoda,11
aqinile,11
eliphambili,11
ukwabiwa,11
nobuhle,11
nangaphansi,11
yomnyango,11
elandela,11
intuthu,11
kweziguli,11
kwenkampani,11
ukonga,11
ngujack,11
kafushane,11
umichael,11
womlando,11
yasegoli,11
kwindebe,11
zasemandulo,11
ezibhalwe,11
ublum,11
officer,11
kumeyi,11
kyknet,11
den,11
waklonyeliswa,11
uhani,11
yobusha,11
ukuvala,11
molefe,11
ngeziqu,11
wezabasebenzi,11
ngencazelo,11
austria,11
nendima,11
oluvamile,11
isigodlo,11
wezenkolo,11
nenkohlakalo,11
kukazuma,11
ngokwazo,11
ukwazile,11
sisho,11
ukusekelwa,11
ukulondoloza,11
enikezwe,11
ungumsunguli,11
isibonelelo,11
lenational,11
ejenti,11
wefilimu,11
nale,11
emisebenzi,11
ukuthwebula,11
ubushoshovu,11
likanobhala,11
izincomo,11
ezenzelwe,11
ukuguquka,11
lokuziphatha,11
holy,11
bomshado,11
okugcwele,11
ngesizathu,11
kuvunyelwe,11
kungenye,11
ukuqinisekiswa,11
islovo,11
ukucindezelwa,11
njengomlingisi,11
okumnandi,11
sucrose,11
ithonya,11
kaningana,11
yombukiso,11
onjalo,11
nohlu,11
gaming,11
ebeka,11
engcupheni,11
zezinkanyezi,11
ayinayo,11
sezempilo,11
zinikeze,11
ngokuhlukile,11
umchazatho,11
ngezinjongo,11
amamodeli,11
nezinhlamvu,11
serial,11
ukukhomba,11
ngazinye,11
ihlanganiswe,11
okubili,11
intambo,11
elithambile,11
ukuhluka,11
wokubhoboza,11
ahambisana,11
esiyisisekelo,11
nasal,11
esiphuthumayo,11
okutholakele,11
ukuthintana,11
ibhekisa,11
udoti,11
wezifundazwe,11
yokwakheka,11
amakilasi,11
njengekhansela,11
zaselesotho,11
aselesotho,11
namazinga,11
namagciwane,11
energy,11
imizwayi,11
esaziwayo,11
luthole,11
odala,11
menabe,11
sud,11
bengo,11
zaire,11
ezigxile,11
express,11
ituri,11
kwango,11
tshopo,11
sangha,11
yaya,11
litoral,11
unguja,11
cankuzo,11
rumonge,11
cibitoke,11
muramvya,11
mwaro,11
moyo,11
mombasa,11
taveta,11
garissa,11
isiolo,11
nyeri,11
pokot,11
marakwet,11
laikipia,11
kericho,11
vihiga,11
izishayamthetho,11
ngundunankulu,11
agriculture,11
nugal,11
bakool,11
welega,11
angenalutho,11
nangaphezulu,11
wasecanada,11
ngumpetha,11
ungumpetha,11
aweil,11
curry,11
zezilwane,11
engokwemvelo,11
ukudludlunga,11
giza,11
suef,11
wahat,11
ubuncane,11
ongcono,11
omana,11
sesayensi,11
lozalo,11
unyanda,11
ungumphathi,11
ikilabhu,11
nobunzima,11
slimane,11
emir,11
ghardaïa,11
zezinhlobo,11
yesitho,11
yomthondo,11
ukugqwayiza,11
zabesilisa,11
iphethwe,11
isincishuko,11
sikashukela,11
ukusikwa,11
bangaba,11
amakristu,11
izimfanelo,11
ubujuda,11
okusemthethweni,11
imigwaqo,11
medicine,11
yokuguqula,11
okunzima,11
ion,11
amaprothestani,11
yenyama,11
achaza,11
kunombolo,11
emihlanganweni,11
nesithembu,11
polygyny,11
ezimisweni,11
iquran,11
sisebenzisa,11
usanta,11
njongo,11
erogenous,11
yokulimala,11
sakamuva,11
kwebhayibheli,11
izingono,11
ngabafundi,11
uchithe,11
yamasosha,11
kwezilwandle,11
waqamba,11
indlunkulu,11
sentsha,11
paper,11
izinkokhelo,11
sasl,11
izinso,11
njengobufakazi,11
izilonda,11
izoba,11
aces,11
onkamisa,11
uchatara,11
umswati,11
usabelo,11
inikela,11
eextra,11
ubach,11
telenovelas,11
wynn,11
lwemali,11
dubé,11
imizila,11
nokukhanya,11
oluphelele,11
carcinoma,11
ugabriel,11
doctrine,11
lesidoda,11
ushokoledi,11
msm,11
zokuhlinza,11
ukuphuka,11
umnyombo,11
kaziqu,11
kwasolwandle,11
uwebb,11
usankara,11
dhl,11
aphekiwe,11
amaphatho,11
ezezithununu,11
bezezibhangqiwe,11
izithuthi,11
zemininingo,11
uqhiwu,11
insebenzo,11
isobho,11
bellagio,11
isiswahili,10
nesizulu,10
koloni,10
ohlange,10
isaka,10
zululand,10
emgungundlovu,10
ucezu,10
ezingamashumi,10
apartheid,10
ngasenyakatho,10
jan,10
wesizulu,10
ongqongqoshe,10
cele,10
sangweni,10
singabala,10
lwesinguni,10
isikhumbuzo,10
lesikhumbuzo,10
wamazulu,10
uthixo,10
ngokwawo,10
izaga,10
ingelosi,10
lincane,10
isilo,10
irashiya,10
isirashiya,10
isijalimani,10
ingilandi,10
australian,10
ezizungezile,10
ezizweni,10
esizulu,10
uzulu,10
aqhamuka,10
ngamafuphi,10
sandton,10
wenkolo,10
thatha,10
izingcingo,10
okuyiwona,10
amabhaca,10
zindlela,10
ezisetshenziswayo,10
nezigaba,10
amakoloni,10
zivumela,10
isivuno,10
ibaluleke,10
emandulo,10
abekwe,10
ezintabeni,10
nasenyakatho,10
lingaba,10
samahhala,10
esingaba,10
zikhiqiza,10
yensimbi,10
idume,10
wayeyinkosi,10
lokuvukela,10
ibrazili,10
rhodes,10
nokulwa,10
mugabe,10
amandiya,10
okuyigama,10
ukuvakashela,10
arrows,10
zungu,10
yamaphoyisa,10
nakweminye,10
uyaqhubeka,10
emithethweni,10
baboshwa,10
abathintekayo,10
uzalwa,10
nina,10
behlala,10
ekubulaweni,10
mthembu,10
nabangani,10
abasebenzisa,10
berlin,10
paris,10
external,10
mary,10
samalungelo,10
ungumshayeli,10
kudlala,10
yangena,10
wakwazi,10
burger,10
iron,10
ukuthathwa,10
ugogo,10
emini,10
inganeko,10
yafika,10
amakhaya,10
njengezindawo,10
zakhona,10
ezibaluleke,10
nemindeni,10
akhethwe,10
prison,10
okwedlule,10
ihlandla,10
yisikhulu,10
kwesigidi,10
yaqhubeka,10
zinkinga,10
iyaqhubeka,10
uya,10
ngokushintshana,10
avele,10
amabhasi,10
esihamba,10
kuboniswe,10
kungasetshenziswa,10
nawe,10
ngokuzithandela,10
isipheresiya,10
urdu,10
lemihlaba,10
nelanga,10
iwuhlobo,10
eyizi,10
amhlophe,10
zoma,10
ngebhendi,10
senior,10
esingisi,10
diamond,10
richard,10
enabantu,10
asemthethweni,10
washo,10
zenzeka,10
inkimbi,10
engavamile,10
iqanda,10
text,10
izinketho,10
nentshonalanga,10
yasespain,10
nezazi,10
zasegibhithe,10
wamisa,10
nekhanda,10
aphethe,10
elibomvu,10
usteve,10
umark,10
president,10
transkei,10
eyinkimbinkimbi,10
njengalapho,10
asiza,10
his,10
kwasekuqaleni,10
yoku,10
britannica,10
omagazini,10
amawebhusayithi,10
izama,10
okungajwayelekile,10
nomhleli,10
virginia,10
kakade,10
yalowo,10
nabaphathi,10
ngokukhululekile,10
kwamahora,10
wangaphakathi,10
eziqhubekayo,10
female,10
nokuma,10
yezinye,10
isabelo,10
ukuphawula,10
wokwenza,10
nxazonke,10
okwandayo,10
spain,10
walahlekelwa,10
lesithupha,10
wendlu,10
yasetshenziswa,10
idala,10
ukuhlukumeza,10
ujean,10
izinyuvesi,10
unisa,10
wits,10
asungula,10
leo,10
sekuyisikhathi,10
ufebhuwari,10
ngaleli,10
iyahlukahluka,10
bami,10
kumongo,10
baziwa,10
nasemazweni,10
izihlalo,10
beta,10
nasezindaweni,10
eziphakathi,10
ephilippines,10
malaysia,10
salvador,10
clinton,10
inkosana,10
jersey,10
organization,10
sihlahla,10
mania,10
baserashiya,10
jack,10
culo,10
kwalandela,10
kwamasosha,10
kamasikandi,10
izabelo,10
zamafilimu,10
duo,10
baby,10
frank,10
works,10
five,10
bezindawo,10
maps,10
culture,10
izingulube,10
where,10
must,10
matthew,10
umfazi,10
ithenisi,10
ladysmith,10
une,10
ehlathini,10
farm,10
philty,10
njengokudla,10
pf,10
kwabaningi,10
ezezimali,10
isikhumulo,10
olunzulu,10
see,10
elalisetshenziswa,10
isithunywa,10
lasetshenziswa,10
ngumlingisi,10
oholayo,10
wabaculi,10
zaso,10
sikhombisa,10
ngokungena,10
rd,10
kanyekanye,10
izingalo,10
nobuso,10
amabhayisikobho,10
georgia,10
vision,10
woman,10
milf,10
supporting,10
esiteji,10
sony,10
ekhiqizwa,10
imeyili,10
inama,10
miss,10
nomdlali,10
nokukhishwa,10
okusebenza,10
ngokuthinta,10
kokutheleleka,10
egazi,10
zokuvikela,10
kwezi,10
izisekelo,10
okhokhelwayo,10
kwesiko,10
ezithombe,10
meme,10
ngendwangu,10
giant,10
upapa,10
ezingxoxweni,10
embikweni,10
ngokwezimali,10
ukumelwa,10
umeluleki,10
lungaba,10
njengomfundi,10
zathola,10
lamakhatholika,10
ibhekwa,10
wokufunda,10
kwemfundo,10
sisakaza,10
academic,10
esemqoka,10
nezingxenye,10
ukuntuleka,10
ukubandakanya,10
kushiwo,10
kwezimpawu,10
nemithi,10
ezisuka,10
chain,10
emampondweni,10
isadl,10
yadl,10
ezansi,10
ozalwa,10
esadl,10
kwabulawayo,10
ize,10
umandla,10
emahlombe,10
ujama,10
nonina,10
ngumama,10
aqede,10
amakhanda,10
nezobuchwepheshe,10
yanikezwa,10
ugumpende,10
esandleni,10
okungena,10
okhethekile,10
okuhlangenwe,10
khonamanjalo,10
side,10
imfihlo,10
summer,10
kwami,10
zibonisa,10
wamiswa,10
lesine,10
ezokuzijabulisa,10
ezinyaweni,10
ar,10
ifinyelele,10
yabadala,10
nokufundisa,10
pc,10
yedimokhrasi,10
zimiso,10
zifunda,10
yezindiza,10
treason,10
ukuqhuba,10
robben,10
abasekeli,10
bombuso,10
medal,10
wakhula,10
ukholelwa,10
ngamadoda,10
ajoyine,10
kunokuthi,10
ukufikela,10
ngofebruwari,10
nelinye,10
convention,10
yomzabalazo,10
yokungena,10
enkulukazi,10
namasosha,10
ngomshoshaphansi,10
waphuma,10
tanganyika,10
ishicilelwe,10
wavumela,10
garden,10
wathembisa,10
esafunda,10
zale,10
ebambe,10
aphili,10
ungumholi,10
bakahulumeni,10
nesifiso,10
vietnam,10
wohulumeni,10
wayevame,10
omar,10
owathi,10
ugesi,10
ongu,10
nobhubhane,10
wenqubo,10
israeli,10
asempumalanga,10
prostate,10
ukusungula,10
mpi,10
bomndeni,10
ipolitiki,10
liba,10
legal,10
othanda,10
lesikhathi,10
nophawu,10
eyingxenye,10
esenziwa,10
ingaphansi,10
kolwandle,10
izicoco,10
isintu,10
abdullah,10
inyunyana,10
espoo,10
waqanjwa,10
sokuphatha,10
izicabango,10
senkolo,10
lemfundo,10
womsakazo,10
asuke,10
izeluleko,10
umyalelo,10
nhlaba,10
ukugcizelela,10
ezimayini,10
volcano,10
kumnyango,10
nalokhu,10
labafundi,10
babephethe,10
bass,10
wayengundunankulu,10
ukuqoshwa,10
risa,10
wayengumbhali,10
led,10
sezinkanyezi,10
wezemisebenzi,10
kwedolobha,10
okuyindawo,10
imephu,10
isisulu,10
ezenkolo,10
uhugh,10
aluhlaza,10
elizimele,10
otholakala,10
greater,10
missionary,10
nesonto,10
lasempumalanga,10
idolobhana,10
asbestos,10
yebhayibheli,10
ewits,10
lenkampani,10
imisebe,10
umgungungundlovu,10
aso,10
ukuzivikela,10
seqembu,10
gender,10
wadutshulwa,10
okubangelwa,10
unene,10
ebhange,10
yasenyakatho,10
commerce,10
ohloniphekile,10
yezinkomo,10
erobben,10
scandal,10
ngumec,10
idiploma,10
yanquma,10
idliwe,10
ukuqaphela,10
engafanele,10
bebhekene,10
onamandla,10
abheke,10
blum,10
bakwamanye,10
yinhloko,10
abhale,10
kungashiwo,10
uvan,10
ud,10
abone,10
samaphoyisa,10
chess,10
uradebe,10
njengomkhiqizo,10
yimeya,10
utshele,10
writers,10
owokuqala,10
nezimboni,10
kokubuyela,10
ukadalie,10
lwesigodi,10
semfundiso,10
esifundweni,10
nephini,10
bible,10
sc,10
kuhlelwe,10
uzandile,10
ensimini,10
ngumhla,10
uchwepheshe,10
based,10
okukhethekile,10
wenational,10
kwedijithali,10
ukugcinwa,10
biennale,10
ujudith,10
umason,10
wayazi,10
zasempumalanga,10
emhlane,10
egrisi,10
zezithombe,10
wezinyunyana,10
njengomphumela,10
isahlulelo,10
umvikeli,10
ukuxoshwa,10
umzamo,10
okungeyona,10
wokwakha,10
zizoba,10
anamandla,10
prince,10
wamasulumane,10
okucacile,10
lesbian,10
metropolitan,10
njengejaji,10
sobuso,10
bench,10
okungaphezulu,10
ezisencane,10
samazwe,10
nobubanzi,10
emandleni,10
udonga,10
nemvelaphi,10
bull,10
akakaze,10
izingqikithi,10
kwezikhathi,10
yifilimu,10
hanks,10
yefilimu,10
ngephutha,10
ibinzana,10
okungaphezu,10
ekudlaleni,10
uqhubekile,10
elidumile,10
nocwaningo,10
ebufakazini,10
lwenzululwazi,10
idizayini,10
yokuhlola,10
kuchazwe,10
isoftware,10
ovulekile,10
wasenew,10
lithole,10
fda,10
glass,10
kokubhoboza,10
zokuzala,10
ukugqokwa,10
kubangele,10
ukuphefumula,10
engenhla,10
kubikwe,10
ukudluliswa,10
kweziyishumi,10
eparis,10
wemali,10
intshisekelo,10
esisempumalanga,10
okuhlelekile,10
ngokunikeza,10
zaseswazini,10
magama,10
okotshani,10
harare,10
electron,10
indeni,10
lwezifunda,10
pemba,10
ukungcola,10
umonakalo,10
nord,10
ukuqashwa,10
milan,10
forbes,10
ibilokhu,10
nabalandeli,10
isikweletu,10
emikhiqizweni,10
sankuru,10
lualaba,10
inhlayiyana,10
lékoumou,10
ngezinsolo,10
yilolu,10
olubonakala,10
manyara,10
ruvuma,10
pwani,10
geita,10
embu,10
samburu,10
abaseshi,10
muranga,10
embakasi,10
sabieh,10
omo,10
zebachelor,10
warrap,10
kassala,10
gezira,10
nh,10
ngokunembile,10
kwezinzwa,10
obuningi,10
izinungwana,10
dakahlia,10
monufia,10
marj,10
ukuzivocavoca,10
isousse,10
iben,10
senzubawonga,10
samazuba,10
isiqa,10
hamma,10
umnqobi,10
owayeyilungu,10
itizi,10
djellal,10
ubumba,10
hadjar,10
khaled,10
saïda,10
ibn,10
timimoun,10
esibelethweni,10
ukusondelana,10
bomzimba,10
esukela,10
corpus,10
reality,10
wamandla,10
okusebenzayo,10
yowesifazane,10
ezingokoqobo,10
kusenesikhathi,10
etestamenteni,10
kwengama,10
kwemibono,10
nezokuxhumana,10
buddhism,10
atm,10
amabhange,10
wezangaphandle,10
ezisenyakatho,10
bezokwelapha,10
bond,10
kungumphumela,10
odongeni,10
chromosome,10
ulwelwesi,10
yaminyaka,10
kumavidiyo,10
ngokunqoba,10
ukufuduka,10
kumoyambulunga,10
kwatholakala,10
uhenry,10
yokushaya,10
obujwayelekile,10
ukungashadi,10
nenkosikazi,10
webhayibheli,10
bangaphambi,10
kocwaningo,10
sencwadi,10
obhalwe,10
description,10
lwasekhaya,10
ngesikhumba,10
isakazwa,10
nomshado,10
zemfundiso,10
genesis,10
sevangeli,10
nezemidlalo,10
imbongolo,10
yezincwadi,10
uqonde,10
emibonweni,10
ukuvelela,10
nkinga,10
nezidakamizwa,10
bobungqingili,10
yangemva,10
abasolwa,10
hansen,10
brigade,10
siyikhaya,10
lions,10
ekunqobeni,10
umkhondo,10
lwangaphakathi,10
uqede,10
ngumnyango,10
kwezibonelelo,10
lwamanani,10
amafushane,10
lobudoda,10
kusabc,10
idrama,10
sobala,10
zithathwa,10
für,10
abaqambi,10
ukuqasha,10
ajax,10
umpofu,10
edene,10
ukuvuswa,10
kokugeleza,10
zundert,10
wancintisana,10
ubarros,10
sitcom,10
eu,10
abahlinzayo,10
acuña,10
amadrama,10
uschumacher,10
nsa,10
decoder,10
jazmee,10
umahir,10
omsakazo,10
volleyball,10
baseturkey,10
tnt,10
komdlavuza,10
uweishaupt,10
yozungu,10
liyinhlokodolobha,10
umqulu,10
ujarlath,10
kwezinkomo,10
sitrobheli,10
ounces,10
wethelestiyali,10
nesara,10
uhlsport,10
uhunsinger,10
fernandez,10
aisha,10
liner,10
kibbe,10
incwazuba,10
letter,10
sicaphuno,10
kwenguxa,10
ucandululo,10
wenguxa,10
isihlawumbiselo,10
umshumanqa,10
ulwangu,10
namaza,10
amabane,10
isifakazelo,10
morrissey,10
canfield,10
nopatty,10
aubery,10
umorrissy,10
millions,10
strip,10
kokubheja,10
nokuhlela,9
nokulawula,9
ngokuhlela,9
nezikhathi,9
ake,9
uyena,9
nezifundazwe,9
gwala,9
ithusi,9
wehluleka,9
kwangena,9
kuhlangana,9
bloemfontein,9
nesixhosa,9
lilandela,9
owabulawa,9
ngumphathi,9
sithola,9
lomoya,9
bekufanele,9
ukuhlanzwa,9
ubukhrestu,9
nosuku,9
ivangeli,9
amahubo,9
johane,9
lasekhaya,9
izinyoka,9
wasekapa,9
ehlezi,9
baningi,9
ijalimani,9
kokubusa,9
gumede,9
yibona,9
iriphabliki,9
izithakazelo,9
ebese,9
ingakho,9
ukulalela,9
isitsonga,9
nezimbabwe,9
wezizwe,9
notes,9
esidliwayo,9
amajikijolo,9
izitha,9
escotland,9
okuyilapho,9
impekumpeku,9
ngokwevanga,9
samanzi,9
ephuzi,9
egolide,9
test,9
yalandelwa,9
lusetshenziswa,9
ngezifundo,9
baze,9
wasengilandi,9
iyisiqongo,9
ngithi,9
ngezwi,9
elimele,9
tu,9
yisona,9
nolwandle,9
abacebile,9
eshaya,9
ngesihluku,9
olubhekiswe,9
kwemijondolo,9
iveze,9
sisekelo,9
sifunda,9
ngentando,9
ngemithetho,9
kwezindlu,9
ethu,9
yetheku,9
nokuhlonishwa,9
baphila,9
ezindlini,9
ikhompyutha,9
imahikeng,9
nxumalo,9
afike,9
lathi,9
umageba,9
igrisi,9
ayiyona,9
umfumfu,9
tanzania,9
elishumi,9
ujay,9
nomdlalo,9
kudlalwa,9
ufake,9
ihamba,9
amavesi,9
bangaphambili,9
yamukelwa,9
ichaze,9
kwezizwe,9
neminyango,9
zidliwe,9
ngemvelaphi,9
sibona,9
basebenze,9
yamaqiniso,9
lesandulela,9
content,9
abangani,9
ofuna,9
nokukhathazeka,9
izimakethe,9
yabamba,9
kwedatha,9
lugujwa,9
amawashi,9
wasendlini,9
amazinyo,9
wazi,9
itshile,9
sikwazi,9
mkhulu,9
egqamile,9
izindikimba,9
senyakatho,9
ukuhlanganyela,9
celtic,9
anglo,9
nokuhlangana,9
okuvumela,9
inuzi,9
eyanele,9
eziphindwe,9
ml,9
amampondo,9
trevor,9
motlanthe,9
blood,9
yatholakala,9
ayatholakala,9
geography,9
zasendle,9
enwetshiwe,9
electronics,9
ilapho,9
ukufuna,9
ofana,9
eziyizigidi,9
abamele,9
esele,9
yabuye,9
ombuso,9
lengxenye,9
nemikhawulo,9
align,9
avamile,9
lokwenza,9
esiphelele,9
nezilekeleli,9
analog,9
zibonakala,9
okwazi,9
name,9
ngokuqhathanisa,9
amabi,9
koyedwa,9
adale,9
ingxabano,9
etholakalayo,9
elifana,9
osekhulile,9
ongaziwa,9
waphendula,9
nezindinganiso,9
bathathe,9
izinhlangothi,9
umusa,9
bakho,9
wonkana,9
kubasebenzisi,9
wabika,9
isayithi,9
ngesisekelo,9
engaziwa,9
sakhiwe,9
iphesenti,9
ala,9
ezisele,9
kusekelwe,9
sibuye,9
lokusebenzisa,9
ezake,9
wafinyelela,9
sathi,9
networks,9
zibandlela,9
your,9
ncazelo,9
galilei,9
ubhalwe,9
nokudlala,9
yile,9
elenza,9
iyinyuvesi,9
yokufundisa,9
mandla,9
sasekapa,9
ngokushintsha,9
kamama,9
ungungqongqoshe,9
guide,9
abangewona,9
abomvu,9
kwezinwele,9
ezincike,9
bavunyelwe,9
imibala,9
lale,9
nabamnyama,9
ebujudeni,9
adlule,9
laseturkey,9
eghana,9
zezomnotho,9
nezenhlalo,9
ukuvikelwa,9
ishumi,9
isreyili,9
mount,9
ibhomu,9
cbs,9
ngolwesithathu,9
iworld,9
ngxenye,9
laphinde,9
engumongameli,9
nonelson,9
ucyril,9
loliwe,9
sky,9
things,9
have,9
basejalimani,9
ikhofi,9
memorial,9
palace,9
podcast,9
santa,9
maurice,9
ngencwadi,9
director,9
protection,9
eveza,9
elibi,9
esophiatown,9
bieber,9
wasebenzela,9
aziwe,9
kwakudingeka,9
mo,9
ipa,9
bezama,9
ukuduma,9
awukho,9
namashumi,9
zezilimi,9
mbhangqwana,9
scene,9
speech,9
namafilimu,9
nathi,9
pornhub,9
wocansi,9
commercial,9
kwezemvelo,9
kuqinisekiswe,9
ukupheka,9
nezicubu,9
guinea,9
leone,9
branch,9
data,9
bangladesh,9
enorth,9
inter,9
winners,9
upelepele,9
nobudlelwane,9
theory,9
reference,9
amabhola,9
ball,9
izenzakalo,9
islands,9
engqondweni,9
uhlanga,9
hub,9
ukungalingani,9
yenkulumo,9
ongwaqa,9
bell,9
ikhiqizwa,9
nokuphikisana,9
umkhwenyana,9
yesikhumba,9
enikezwa,9
emagcekeni,9
uhudo,9
ukunwebeka,9
kwamabili,9
kwendle,9
noshukela,9
ukungondleki,9
lesilatini,9
kwamakhono,9
nomakhelwane,9
zezincwadi,9
kunciphisa,9
yesifo,9
iphansi,9
eli,9
nobungozi,9
sokukhulelwa,9
sokushona,9
umjovo,9
esisebenzayo,9
ukugeza,9
kuncane,9
utshani,9
ngobuhle,9
kunina,9
thando,9
ehlulwa,9
alfabhethi,9
uprising,9
noveli,9
ngumlobi,9
senze,9
amantongomane,9
inkumbulo,9
ezenzakalelayo,9
kwesistimu,9
haiku,9
oku,9
wajapani,9
lawrence,9
oluqinile,9
metal,9
justified,9
unqobile,9
upawulu,9
bakhipha,9
nezinsuku,9
body,9
yokuthengisa,9
nasecanada,9
namasu,9
nethonya,9
abasebancane,9
okubonakala,9
ubarbara,9
esifubeni,9
wagxeka,9
spot,9
izingelosi,9
esivumelwaneni,9
braai,9
ezisukela,9
okulapho,9
komfundi,9
ezibonisa,9
abuyele,9
lokukhiqiza,9
mkhakha,9
canadian,9
kubaluleke,9
ukuzethemba,9
ekude,9
nokunciphisa,9
wesula,9
labadlali,9
airways,9
egatsheni,9
nokutholakala,9
ukuphenya,9
kwiprovinsi,9
amakhosikazi,9
nendodakazi,9
okuba,9
nokubaluleka,9
politics,9
wayebona,9
ebuyela,9
buka,9
ngokuthatha,9
wasuswa,9
komlomo,9
kwikhonferense,9
wamukela,9
ngemiphumela,9
wesimo,9
von,9
abamba,9
kulawo,9
kwalapho,9
isixazululo,9
namaphoyisa,9
zimo,9
nokwethembeka,9
yezenzo,9
nenhloso,9
nosomabhizinisi,9
zodlame,9
abandakanya,9
womsebenzi,9
aqeda,9
abonisa,9
yangaleso,9
yomnotho,9
ezibhedlela,9
nokwenziwa,9
azame,9
kangangokuthi,9
obusondelene,9
nezikhulu,9
yephalamende,9
kangangokuba,9
zokuthuthukisa,9
aqinisekise,9
ebheke,9
yezinhlelo,9
abeke,9
yosuku,9
than,9
ellis,9
kobunikazi,9
wayebuye,9
savulwa,9
abadidiyeli,9
ebusika,9
iwayini,9
kuhlangene,9
philippines,9
nasa,9
esibhakabhakeni,9
ayizilwane,9
athe,9
izinambuzane,9
kokukhululwa,9
abdul,9
common,9
ezabe,9
isibongo,9
eqhubeka,9
lomgwaqo,9
isiqakaqo,9
izinsizakusebenza,9
zocwaningo,9
emabangeni,9
unkk,9
ihlangana,9
lwanamuhla,9
eziphathekayo,9
lemali,9
ab,9
muslim,9
lwamalungelo,9
uqhubeka,9
aboshwe,9
ayekade,9
equity,9
zithola,9
isaacson,9
ezise,9
anne,9
sokudlala,9
mother,9
wayedlala,9
lwamahlaya,9
ikolishi,9
segolide,9
wokuqopha,9
wayengumqondisi,9
wayengungqongqoshe,9
ebhaliwe,9
uvusi,9
nesifunda,9
umiriam,9
espain,9
lemvelo,9
lakwazulu,9
type,9
efinland,9
ihora,9
nesikole,9
yidolobhana,9
ngumhleli,9
njengomsizi,9
njengendoda,9
esigungwini,9
yebandla,9
sisetshenziselwa,9
citation,9
kwangu,9
yezomthetho,9
ngekhanda,9
kumaphesenti,9
inkokhelo,9
wamenywa,9
agcine,9
yokuphatha,9
child,9
most,9
holdings,9
eliphethe,9
lenziwa,9
njengomxhumanisi,9
ngokushona,9
indikimba,9
yesouth,9
abakhona,9
akakwazi,9
omasikandi,9
imbuzi,9
emsamo,9
bin,9
ngombono,9
nokuhlelwa,9
zothando,9
zingahlukaniswa,9
mbasa,9
ndima,9
embuthweni,9
zasetshenziswa,9
ubonakala,9
obhekene,9
nokubulala,9
zili,9
sihlanganisa,9
isikhwama,9
ukubopha,9
ekuqhubekeni,9
logic,9
systems,9
singh,9
uneziqu,9
rising,9
six,9
colony,9
kajohn,9
yabizwa,9
babike,9
asezingeni,9
enatal,9
waphumelela,9
ukuqondisa,9
likandunankulu,9
ngochungechunge,9
ungumfowabo,9
excellence,9
ebrazil,9
wayeshade,9
ongungqongqoshe,9
umhwebi,9
ukwehliswa,9
ibambe,9
kubuciko,9
somsebenzi,9
buvame,9
ingubo,9
nomcimbi,9
yafaka,9
zisetshenziswe,9
ubephethe,9
angahle,9
zeqembu,9
umanzini,9
wobungqingili,9
curiae,9
okulinganayo,9
unikeze,9
umfelandawonye,9
fraser,9
ngomuntu,9
nokuvikela,9
ezishicilelwe,9
imile,9
ngabaningi,9
egqumeni,9
yaqinisekiswa,9
ithalente,9
emjahweni,9
injini,9
uroblox,9
waminyaka,9
yesikhulumi,9
kwemingcele,9
etexas,9
zesikole,9
kwezokuxhumana,9
ubusuku,9
adlala,9
icishe,9
kuyasetshenziswa,9
ukubhekisela,9
wokusebenza,9
ein,9
ushicilele,9
kwendabuko,9
uprofesa,9
bezenhlalo,9
angela,9
palmer,9
kwamaphoyisa,9
kuhlobene,9
kubangela,9
kwamakhemikhali,9
omega,9
ukukhanda,9
enzyme,9
ubunjiniyela,9
stem,9
nokukhethwa,9
kwinzululwazi,9
lusilili,9
kohlaka,9
nesakhiwo,9
wasespain,9
ukungenelela,9
zokuhamba,9
yaseshashalazini,9
mkhiqizo,9
owinile,9
oludumile,9
cartilage,9
oluvame,9
ukumboza,9
idar,9
babika,9
kungasho,9
ubuhlalu,9
bube,9
endodeni,9
womlomo,9
enzima,9
ezigcwele,9
sezithombe,9
esingapore,9
esempumalanga,9
ukuguquguquka,9
wokuxhumana,9
oluqondile,9
esigxile,9
olubanzi,9
ubona,9
akhomba,9
afrixalus,9
eliluhlaza,9
spp,9
lokugoma,9
zomkhathi,9
ibangacuphi,9
technologies,9
polymer,9
ekwelapheni,9
babone,9
sangaphambilini,9
diana,9
sava,9
melaky,9
amoron,9
ngamakhilomitha,9
cabinda,9
ehlose,9
bungamakhilomitha,9
bollywood,9
maniema,9
ezizinzile,9
noshintsho,9
kouilou,9
nzas,9
uray,9
oshisayo,9
csa,9
nemizwa,9
ezingajwayelekile,9
bagcine,9
ngumndeni,9
taita,9
nzoia,9
bomet,9
arta,9
dikhil,9
tadjourah,9
adi,9
guduru,9
iwadi,9
uhabib,9
encazelweni,9
zincane,9
izimfundindalo,9
abyei,9
itholakale,9
kumakhasimende,9
owayengumdlali,9
kumchazampilo,9
eyizigidi,9
isikhunta,9
akhdar,9
zawiya,9
khams,9
isimongotho,9
kuyimanje,9
zechwe,9
amagu,9
zotho,9
ukuqagela,9
engemuva,9
kwesiyabizo,9
kungathathwa,9
nomngcikisho,9
makhlouf,9
ujantshi,9
emissouri,9
edinburgh,9
kids,9
mokhtar,9
umtapo,9
lesigreki,9
khemis,9
rached,9
hamed,9
youcef,9
amar,9
asendulo,9
flaccid,9
bulb,9
ilele,9
okuyinkampani,9
uyajola,9
osebenzisa,9
lentsha,9
kudlule,9
yenhliziyo,9
sezokwelapha,9
esigrekini,9
isiyonke,9
isakramente,9
ubuhindu,9
ububuddha,9
kugenesise,9
sokuziphatha,9
lavela,9
yesitayela,9
amathoni,9
zokudlala,9
ezingcwele,9
kwembulunga,9
onkulunkulu,9
kwezitolo,9
uphethiloli,9
banikeze,9
nezitolo,9
ngesisindo,9
ukungabekezelelani,9
mdala,9
ngokomzwelo,9
zezokwelapha,9
ngobude,9
emiklomelweni,9
njengonkulunkulu,9
ngujoshua,9
masonto,9
yokulethwa,9
wasekenya,9
biology,9
esiqondile,9
ezivusa,9
okubonakalayo,9
oluphakeme,9
kubazali,9
kungabonakala,9
zencwadi,9
okulungile,9
ngohlangothi,9
sesizini,9
aya,9
namakhosikazi,9
ugcine,9
platform,9
isidlidlizi,9
embhedeni,9
etafuleni,9
kwamabele,9
isisebenzi,9
zamamormon,9
wengeza,9
abathengisi,9
ifundisa,9
abathwebuli,9
satanism,9
likasathane,9
ekuvuseleleni,9
somtholampilo,9
yasemhlabeni,9
byu,9
okuwukuphela,9
esengeziwe,9
ubhadane,9
nokulawulwa,9
zokudlwengulwa,9
woodruff,9
yobuningi,9
nobunikazi,9
yabesilisa,9
wezifo,9
angel,9
yakuqala,9
mounted,9
esisakaza,9
off,9
esanele,9
yezinsizakalo,9
kunational,9
nokuqina,9
ubemele,9
uwc,9
netflix,9
ubeyingxenye,9
championships,9
ukusika,9
flow,9
jali,9
yaleli,9
partners,9
nokukhiqizwa,9
ukudlwengula,9
kukakristu,9
uxolani,9
wayengumphathi,9
mosque,9
yamacala,9
emigwaqweni,9
sesitimela,9
nomkhulu,9
uthabang,9
beminyaka,9
yezwi,9
uhamilton,9
resort,9
ngezitayela,9
acoustic,9
isevisi,9
extra,9
dtt,9
isakaza,9
hausa,9
epic,9
manga,9
kwemiphumela,9
iðunn,9
okuqukethe,9
zesmackdown,9
mann,9
usawoti,9
eriphabhulikhi,9
esalt,9
ehlanganisiwe,9
zici,9
umthambo,9
kosizo,9
vv,9
czech,9
iwuchungechunge,9
fiat,9
kokuhlinzwa,9
ikharikhulamu,9
liyi,9
mega,9
foreskin,9
yenigeria,9
izinhlayiya,9
isihausa,9
kajona,9
udavis,9
unemade,9
kiwifruit,9
ugoodwin,9
ezakhelwe,9
protein,9
umahlatsi,9
bamasheya,9
ackermans,9
gtunnel,9
tendai,9
umzungu,9
pawston,9
beagador,9
biscuit,9
cheddar,9
vivekananda,9
nezinongo,9
cfd,9
hotels,9
sechwe,9
umfefenyeko,9
izibhalwa,9
esicikizini,9
impaphamo,9
izintuthukiso,9
izinkentezi,9
ubuchule,9
imfezokade,9
umqangqo,9
isiqoshwa,9
ukudludlungwa,9
yendwalazo,9
poe,9
egreece,9
zomchazamibhalo,9
levinson,9
arbutin,9
umhela,9
yekhasino,9
nekhasino,9
fertitta,9
sarno,9
onezitezi,9
kerkorian,9
ngokubhala,8
meta,8
wulimi,8
ca,8
ukubhalwa,8
zesi,8
wavula,8
kashaka,8
wallet,8
harry,8
lomzabalazo,8
mangosuthu,8
kwisifundazwe,8
umjaho,8
amakhilomitha,8
lolwandle,8
inamibhiya,8
walter,8
mlangeni,8
kwafika,8
nobulungiswa,8
ibala,8
lwezimpawu,8
kufakazelwa,8
ifane,8
yothisha,8
kuchaza,8
abasakazi,8
sibiya,8
ekhangayo,8
amukela,8
enhliziyweni,8
obuthile,8
abaziwa,8
abahluleli,8
esteri,8
amaroma,8
nemisindo,8
kunabantu,8
abazingeli,8
njengezilwane,8
zasendlini,8
eliningi,8
adume,8
iduna,8
wezinkomo,8
ikapa,8
osheaniya,8
isudan,8
dingane,8
kazulu,8
kagumede,8
kabhekuzulu,8
emozambique,8
akhula,8
ezimpini,8
basegibhithe,8
section,8
intukuthelo,8
imele,8
omkhulukazi,8
kwakheke,8
empuma,8
tower,8
wesimanje,8
ukuxhuma,8
smartphone,8
biko,8
ibloemfontein,8
sk,8
ikhiqize,8
kuqubuka,8
emathunjini,8
ngokwenkolo,8
eyayibizwa,8
yamakhemikhali,8
asidi,8
lenze,8
kwenkulungwane,8
webhizinisi,8
walwa,8
indlalifa,8
zwelithini,8
krestu,8
badinga,8
wanikela,8
siya,8
emakhulwini,8
wezimbabwe,8
lidlala,8
ebhola,8
kwipremier,8
abawu,8
nezindlu,8
ezibomvu,8
wale,8
ngamalungelo,8
ngolwesibili,8
elingcono,8
izizukulwane,8
ukuvikeleka,8
kalanga,8
enkosini,8
esasilwa,8
ikhipha,8
ibulala,8
wazala,8
ezikude,8
isiswidi,8
smuts,8
rogers,8
nosawoti,8
nezehlakalo,8
ngesivinini,8
ethinta,8
senzeka,8
eyenzelwe,8
ethuthukisiwe,8
bakhona,8
engadini,8
yombango,8
ukubuyisana,8
kukamandela,8
ngculaza,8
harvard,8
ngokuziphatha,8
ukuqinisa,8
ibhekane,8
ngezici,8
yokudlulisa,8
abazalwane,8
izitimela,8
lesayensi,8
umhlambi,8
yamagama,8
unomakhekheba,8
ozungezohlelweni,8
uqanjwe,8
kunomkhubulwane,8
zokuba,8
umkhulukhulwana,8
venus,8
saxon,8
bamukela,8
vi,8
izibhonqi,8
icansi,8
engase,8
boom,8
prime,8
thokozani,8
ukugxeka,8
ukushiya,8
sand,8
obe,8
morgan,8
skin,8
lucas,8
lelizwe,8
enyangeni,8
nobe,8
amasimu,8
kubeka,8
nompetha,8
sustainable,8
ngumthetho,8
ezingaphakathi,8
dynasty,8
ukuhoxa,8
zingaphansi,8
ezilawulwa,8
nomlomo,8
elikhethiwe,8
lisebenzisa,8
lesikhombisa,8
berber,8
eyomile,8
elibanzi,8
nobude,8
ukuvimba,8
umsizi,8
ame,8
masinga,8
graham,8
wesingisi,8
progress,8
mabuza,8
size,8
ezinyakazayo,8
kudingeke,8
odlule,8
athandwa,8
lwezihloko,8
wesihloko,8
ukudalwa,8
musa,8
zihloko,8
nesihloko,8
lesihloko,8
lisuke,8
okungezona,8
yempumelelo,8
ukuxazululwa,8
asuswe,8
kangaka,8
nokuvinjelwa,8
ongeyena,8
luphinde,8
ukuthanda,8
njenganoma,8
yaphawula,8
ukusayina,8
amakhodi,8
basuke,8
imilando,8
lombhalo,8
cwaningo,8
ezikhula,8
pennsylvania,8
bambalwa,8
washintsha,8
atholakalayo,8
ukuphumelela,8
larry,8
yazuza,8
zakuqala,8
sokukhula,8
wedwa,8
umcwaningi,8
rey,8
nenkathi,8
review,8
ekutholeni,8
abahola,8
per,8
bacabanga,8
knowledge,8
matter,8
fellow,8
igundane,8
ubenjamin,8
clegg,8
ngokujulile,8
edwin,8
cameron,8
plain,8
enganeni,8
irandi,8
elimnyama,8
yanoma,8
yomdabu,8
libhalwe,8
wesikhumba,8
yangaphambi,8
beza,8
nezinhlanga,8
esikhanyayo,8
ezixubile,8
ngokuka,8
okhuluma,8
africans,8
yesigaba,8
sefilimu,8
zezenhlalo,8
ezingcono,8
abahwebi,8
ababehlala,8
lanamuhla,8
amatilosi,8
zebantu,8
zasendiya,8
zakhiwe,8
bosnia,8
ngonhlangula,8
isiphepho,8
elas,8
tigers,8
boston,8
uxolo,8
iphone,8
kwezigidigidi,8
isithomiyana,8
sannc,8
xuma,8
moroka,8
girl,8
engineer,8
stephen,8
luther,8
study,8
years,8
provinces,8
lucky,8
reggae,8
musician,8
ferguson,8
journalist,8
nkambule,8
brother,8
supper,8
annie,8
elvis,8
ulanga,8
another,8
namafutha,8
kwavumela,8
yokutheleleka,8
idaho,8
esibayeni,8
nojames,8
allen,8
ngokusungula,8
eqhutshwa,8
monica,8
mncintiswano,8
somcimbi,8
zibuye,8
odlula,8
antonio,8
ukungakwazi,8
cinema,8
basenigeria,8
khoriya,8
yasezimbabwe,8
way,8
ikhuluma,8
kumdlali,8
ron,8
yodwa,8
ryan,8
use,8
kwesibindi,8
yokusiza,8
alabo,8
yilesi,8
fever,8
ophikisana,8
mxenge,8
orkney,8
intercontinental,8
point,8
akusho,8
ubhontshisi,8
janeiro,8
enatali,8
ukuthandana,8
nokuhlukunyezwa,8
ezinjengo,8
eyindilinga,8
countryballs,8
umemezela,8
ngamazwi,8
empire,8
akunakwenzeka,8
tank,8
kuyiqiniso,8
emahoreni,8
mass,8
umchaza,8
yokuhamba,8
iphimbo,8
kuhambisana,8
shepstone,8
mase,8
ikhishwa,8
umakoti,8
inikezwa,8
adle,8
umlotha,8
izikolo,8
ngokomqondo,8
enegama,8
igcizelela,8
isipiliyoni,8
akhiqiza,8
kwesayensi,8
kukhula,8
islamic,8
yamagrikhi,8
yabona,8
komqondo,8
ukoma,8
imbobo,8
kwesakhiwo,8
nokuvuvukala,8
nokungabi,8
nemizamo,8
ukulawulwa,8
yezinga,8
kuthuthukiswe,8
ezibonakala,8
zikhule,8
yokuvikela,8
kwezindlela,8
uhamba,8
wabuya,8
lwagasel,8
elidume,8
emapheleni,8
kwehla,8
kazwide,8
kayise,8
mbatha,8
ekubunjweni,8
esigodlweni,8
isingeniso,8
eliqondile,8
azange,8
umaddox,8
wakhushulelwa,8
watson,8
kanambambili,8
producer,8
hard,8
disk,8
besijaphani,8
ejaphani,8
hybrid,8
mickey,8
lovesounds,8
grammy,8
womkhiqizo,8
zokugqoka,8
lezingane,8
kwamiswa,8
hit,8
nkathi,8
ezikhishwe,8
ilebula,8
ethula,8
izinkambo,8
pre,8
ngumqondisi,8
wabhalwa,8
personal,8
ukuqondiswa,8
kusigcinamlando,8
ikhefu,8
princess,8
heritage,8
kim,8
zikhungo,8
ezenza,8
kuqhubeke,8
yehlukile,8
izinselele,8
senqubo,8
ukuxhaswa,8
ukuthuthuka,8
ahlinzeka,8
zezinkinga,8
zokungena,8
wosuku,8
sokufunda,8
bazi,8
geographic,8
ujakobe,8
walt,8
kwezwi,8
udade,8
ekuqedeni,8
zabamhlophe,8
wayezimisele,8
sokuhlala,8
lwezempilo,8
ngasohlangothini,8
ubukrestu,8
nendlu,8
lokulwa,8
ngokuqhubeka,8
bakwenza,8
waphikisana,8
kwakusho,8
ekuphenduleni,8
zenzo,8
lomholi,8
nengane,8
charter,8
idiyoloji,8
uhlangane,8
okwabangela,8
nokufaka,8
ngokubeka,8
ukumisa,8
ipulazi,8
uslovo,8
yilunga,8
wakhona,8
abiza,8
imiqulu,8
ngokutholakala,8
nokuzama,8
ngokwengqondo,8
iqhubeke,8
political,8
what,8
only,8
bephikisana,8
ukusebenzela,8
somzabalazo,8
watshela,8
kumthethosisekelo,8
yawina,8
nemininingwane,8
nababhali,8
yemibhalo,8
kwikhabhinethi,8
sicelo,8
bangaphandle,8
waqinisekisa,8
wokuthuthukiswa,8
lwezocansi,8
nokunikeza,8
our,8
yakhona,8
lwesizwe,8
scholarship,8
esola,8
ukugubha,8
umzukulu,8
